read_id	ssu_model	ssu_strand	ssu_start	ssu_end	ssu_score	ssu_evalue	s58s_model	s58s_strand	s58s_start	s58s_end	s58s_score	s58s_evalue	s58e_model	s58e_strand	s58e_start	s58e_end	s58e_score	s58e_evalue	lsu_model	lsu_strand	lsu_start	lsu_end	lsu_score	lsu_evalue	full_start	full_end	its1_start	its1_end	its2_start	its2_end	selected_region	selected_start	selected_end	confidence	ambiguous_reason
PX214719.1	1_SSU_Fungi_Ge_1_SSU_end_onea_long	+	1428	1472	62.9	0.000000000000000046	2_5.8_Fungi_Ge_58S_start_onee_long	+	1582	1626	59.5	0.00000000000000059	3_End_Fungi_Ge_58S_end_eightyeight_long	+	1695	1739	54.1	0.000000000000029	4_LSU_Fungi_Ge_4_LSU_start_fortyfive_long	+	1939	1982	57	0.000000000000003	1473	1938	1473	1581	1740	1938	all			confident	
PX214896.1	1_SSU_Fungi_Ge_1_SSU_end_onea_long	+	1427	1471	62.9	0.000000000000000046	2_5.8_Fungi_Ge_58S_start_onee_long	+	1578	1622	59.5	0.00000000000000061	3_End_Fungi_Ge_58S_end_twentyfive_long	+	1685	1728	56.5	0.0000000000000042	4_LSU_Fungi_Ge_4_LSU_start_elevenc_long	+	1925	1969	57.9	0.0000000000000015	1472	1924	1472	1577	1729	1924	all			confident	
PX214956.1	1_SSU_Fungi_Ge_1_SSU_end_onea_long	+	1430	1474	62.9	0.000000000000000046	2_5.8_Fungi_Ge_58S_start_onee_long	+	1575	1619	61.8	0.00000000000000011	3_End_Diversispora_58S_end_long_four	+	1688	1732	60.7	0.00000000000000028	4_LSU_Fungi_Ge_4_LSU_start_elevenc_long	+	1928	1976	42.1	0.00000000014	1475	1927	1475	1574	1733	1927	all			confident	
PX214542.1	1_SSU_Fungi_Ge_1_SSU_end_onea_long	+	1430	1474	62.9	0.000000000000000046	2_5.8_Fungi_Ge_58S_start_onee_long	+	1587	1631	59.5	0.00000000000000061	3_End_Fungi_Ge_58S_end_ninetyone_long	+	1700	1743	52.5	0.00000000000011	4_LSU_Fungi_Ge_4_LSU_start_elevenc_long	+	1956	2000	61	0.00000000000000017	1475	1955	1475	1586	1744	1955	all			confident	
PX214885.1	1_SSU_Fungi_Ge_1_SSU_end_onea_long	+	1427	1471	62.9	0.000000000000000046	2_5.8_Fungi_Ge_58S_start_onee_long	+	1578	1622	59.5	0.00000000000000061	3_End_Fungi_Ge_58S_end_twentyfive_long	+	1685	1728	56.5	0.0000000000000042	4_LSU_Fungi_Ge_4_LSU_start_elevenc_long	+	1929	1972	57.5	0.0000000000000021	1472	1928	1472	1577	1729	1928	all			confident	
PX214448.1	1_SSU_Fungi_Ge_1_SSU_end_onea_long	+	1430	1474	62.9	0.000000000000000046	2_5.8_Fungi_Ge_58S_start_onee_long	+	1577	1634	60	0.00000000000000041	3_End_Fungi_Ge_58S_end_ninetyone_long	+	1702	1745	52.5	0.00000000000011	4_LSU_Fungi_Ge_4_LSU_start_elevenc_long	+	1984	2028	61	0.00000000000000017	1475	1983	1475	1576	1746	1983	all			confident	
PX207206.1	1_SSU_Fungi_Ge_1_SSU_end_onea_long	+	1429	1473	62.9	0.000000000000000046	2_5.8_Fungi_Ge_58S_start_onee_long	+	1586	1630	59.5	0.00000000000000061	3_End_Fungi_Ge_58S_end_eightyfive_long	+	1699	1743	47.1	0.0000000000051	4_LSU_Fungi_Ge_4_LSU_start_elevenc_long	+	1947	1991	60.2	0.00000000000000031	1474	1946	1474	1585	1744	1946	all			confident	
PX215162.1	1_SSU_Fungi_Ge_1_SSU_end_onea_long	+	1428	1472	62.9	0.000000000000000046	2_5.8_Fungi_Ge_58S_start_onee_long	+	1598	1642	61.8	0.00000000000000011	3_End_Fungi_Ge_58S_end_onehundred_long	+	1705	1749	63.2	0.00000000000000004	4_LSU_Fungi_Ge_4_LSU_start_twentythreea_long	+	1995	2037	45.9	0.0000000000098	1473	1994	1473	1597	1750	1994	all			confident	
PX215126.1	1_SSU_Fungi_Ge_1_SSU_end_onea_long	+	1432	1476	62.9	0.000000000000000046	2_5.8_Fungi_Ge_58S_start_threed_long	+	1622	1666	57.9	0.0000000000000016	3_End_Fungi_Ge_58S_end_eightyeight_long	+	1735	1779	54.5	0.000000000000023	4_LSU_Fungi_Ge_4_LSU_start_fortyfive_long	+	1990	2032	53.3	0.000000000000044	1477	1989	1477	1621	1780	1989	all			confident	
PX214547.1	1_SSU_Fungi_Ge_1_SSU_end_onea_long	+	1430	1474	62.9	0.000000000000000046	2_5.8_Fungi_Ge_58S_start_onee_long	+	1584	1628	59.5	0.00000000000000061	3_End_Fungi_Ge_58S_end_ninetyone_long	+	1697	1740	52.5	0.00000000000011	4_LSU_Fungi_Ge_4_LSU_start_elevenc_long	+	1965	2009	61	0.00000000000000017	1475	1964	1475	1583	1741	1964	all			confident	
PX214879.1	1_SSU_Fungi_Ge_1_SSU_end_onea_long	+	1429	1473	62.9	0.000000000000000046	2_5.8_Fungi_Ge_58S_start_onee_long	+	1590	1634	59.5	0.00000000000000061	3_End_Fungi_Ge_58S_end_eightysix_long	+	1703	1746	46.5	0.0000000000076	4_LSU_Fungi_Ge_4_LSU_start_elevena_long	+	1967	2011	60.8	0.00000000000000019	1474	1966	1474	1589	1747	1966	all			confident	
PX207126.1	1_SSU_Fungi_Ge_1_SSU_end_onea_long	+	1423	1467	62.9	0.000000000000000046	2_5.8_Fungi_Ge_58S_start_onee_long	+	1549	1593	58.9	0.00000000000000089	3_End_Fungi_Ge_58S_end_ninetyeight_long	+	1662	1706	60.7	0.00000000000000025	4_LSU_Fungi_Ge_4_LSU_start_thirtyfive_long	+	1887	1931	54.7	0.000000000000018	1468	1886	1468	1548	1707	1886	all			confident	
PX214464.1	1_SSU_Fungi_Ge_1_SSU_end_onea_long	+	1430	1474	62.9	0.000000000000000046	2_5.8_Fungi_Ge_58S_start_onee_long	+	1579	1623	59.5	0.00000000000000061	3_End_Fungi_Ge_58S_end_ninetyone_long	+	1692	1735	55.5	0.000000000000012	4_LSU_Fungi_Ge_4_LSU_start_elevenc_long	+	1965	2009	59.6	0.00000000000000047	1475	1964	1475	1578	1736	1964	all			confident	
PX214544.1	1_SSU_Fungi_Ge_1_SSU_end_onea_long	+	1430	1474	62.9	0.000000000000000046	2_5.8_Fungi_Ge_58S_start_onee_long	+	1581	1627	59.5	0.00000000000000059	3_End_Fungi_Ge_58S_end_ninetyone_long	+	1696	1739	52.5	0.00000000000011	4_LSU_Fungi_Ge_4_LSU_start_elevenc_long	+	1962	2006	61	0.00000000000000017	1475	1961	1475	1580	1740	1961	all			confident	
PX214756.1	1_SSU_Fungi_Ge_1_SSU_end_onea_long	+	1429	1473	62.9	0.000000000000000046	2_5.8_Fungi_Ge_58S_start_onee_long	+	1579	1623	59.5	0.00000000000000061	3_End_Fungi_Ge_58S_end_eightyeight_long	+	1692	1736	58.2	0.0000000000000016	4_LSU_Fungi_Ge_4_LSU_start_elevenc_long	+	1928	1970	52.6	0.00000000000007	1474	1927	1474	1578	1737	1927	all			confident	
PX214570.1	1_SSU_Fungi_Ge_1_SSU_end_onea_long	+	1430	1474	62.9	0.000000000000000046	2_5.8_Fungi_Ge_58S_start_onee_long	+	1585	1629	59.5	0.00000000000000061	3_End_Fungi_Ge_58S_end_ninetyone_long	+	1698	1741	52.5	0.00000000000011	4_LSU_Fungi_Ge_4_LSU_start_elevenc_long	+	1964	2008	61	0.00000000000000017	1475	1963	1475	1584	1742	1963	all			confident	
PX214820.1	1_SSU_Fungi_Ge_1_SSU_end_onea_long	+	1429	1473	62.9	0.000000000000000046	2_5.8_Fungi_Ge_58S_start_onee_long	+	1581	1625	59.5	0.00000000000000061	3_End_Fungi_Ge_58S_end_eightysix_long	+	1694	1737	46.5	0.0000000000076	4_LSU_Fungi_Ge_4_LSU_start_elevena_long	+	1940	1984	60.8	0.00000000000000019	1474	1939	1474	1580	1738	1939	all			confident	
PX214788.1	1_SSU_Fungi_Ge_1_SSU_end_onea_long	+	1429	1473	62.9	0.000000000000000046	2_5.8_Fungi_Ge_58S_start_onee_long	+	1583	1627	59.5	0.00000000000000061	3_End_Fungi_Ge_58S_end_ninetyone_long	+	1696	1738	47.6	0.0000000000037	4_LSU_Fungi_Ge_4_LSU_start_elevena_long	+	1939	1983	60.8	0.00000000000000019	1474	1938	1474	1582	1739	1938	all			confident	
PX207216.1	1_SSU_Fungi_Ge_1_SSU_end_onea_long	+	1428	1472	62.9	0.000000000000000046	2_5.8_Fungi_Ge_58S_start_onee_long	+	1577	1621	59.5	0.00000000000000061	3_End_Fungi_Ge_58S_end_eightyeight_long	+	1690	1734	53.2	0.000000000000055	4_LSU_Fungi_Ge_4_LSU_start_eight_long	+	1926	1969	57.5	0.0000000000000022	1473	1925	1473	1576	1735	1925	all			confident	
PX214902.1	1_SSU_Fungi_Ge_1_SSU_end_onea_long	+	1427	1471	62.9	0.000000000000000046	2_5.8_Fungi_Ge_58S_start_onee_long	+	1577	1621	59.5	0.00000000000000061	3_End_Fungi_Ge_58S_end_ninety_long	+	1684	1728	52.1	0.000000000000087	4_LSU_Fungi_Ge_4_LSU_start_elevenc_long	+	1916	1961	57.5	0.0000000000000021	1472	1915	1472	1576	1729	1915	all			confident	
PX214835.1	1_SSU_Fungi_Ge_1_SSU_end_onea_long	+	1429	1473	62.9	0.000000000000000046	2_5.8_Fungi_Ge_58S_start_onee_long	+	1582	1626	59.5	0.00000000000000061	3_End_Fungi_Ge_58S_end_eightysix_long	+	1695	1738	46.5	0.0000000000076	4_LSU_Fungi_Ge_4_LSU_start_elevena_long	+	1941	1985	60.8	0.00000000000000019	1474	1940	1474	1581	1739	1940	all			confident	
PX207144.1	1_SSU_Fungi_Tu_1_SSU_end_five_long	+	1429	1473	62.9	0.000000000000000047	2_5.8_Fungi_Ge_58S_start_onee_long	+	1582	1626	59.5	0.00000000000000061	3_End_Fungi_Ge_58S_end_eightyfive_long	+	1695	1739	60.4	0.00000000000000036	4_LSU_Fungi_Ge_4_LSU_start_fortyfive_long	+	1943	1987	59.2	0.00000000000000062	1474	1942	1474	1581	1740	1942	all			confident	
PX214469.1	1_SSU_Fungi_Ge_1_SSU_end_onea_long	+	1430	1474	62.9	0.000000000000000046	2_5.8_Fungi_Ge_58S_start_onee_long	+	1578	1622	59.5	0.00000000000000061	3_End_Fungi_Ge_58S_end_ninetyone_long	+	1691	1734	55.5	0.000000000000012	4_LSU_Fungi_Ge_4_LSU_start_elevenc_long	+	1964	2008	61	0.00000000000000017	1475	1963	1475	1577	1735	1963	all			confident	
PX214486.1	1_SSU_Fungi_Ge_1_SSU_end_onea_long	+	1430	1474	62.9	0.000000000000000046	2_5.8_Fungi_Ge_58S_start_onee_long	+	1584	1628	59.5	0.00000000000000061	3_End_Fungi_Ge_58S_end_ninetyone_long	+	1697	1740	52.5	0.00000000000011	4_LSU_Fungi_Ge_4_LSU_start_elevenc_long	+	1963	2007	61	0.00000000000000017	1475	1962	1475	1583	1741	1962	all			confident	
PX215122.1	1_SSU_Fungi_Ge_1_SSU_end_onea_long	+	1432	1476	62.9	0.000000000000000046	2_5.8_Fungi_Ge_58S_start_threed_long	+	1621	1665	57.9	0.0000000000000016	3_End_Fungi_Ge_58S_end_eightyeight_long	+	1734	1778	54.5	0.000000000000023	4_LSU_Fungi_Ge_4_LSU_start_elevenc_long	+	1987	2031	49	0.00000000000096	1477	1986	1477	1620	1779	1986	all			confident	
PX215149.1	1_SSU_Fungi_Ge_1_SSU_end_onea_long	+	1430	1474	62.9	0.000000000000000046	2_5.8_Fungi_Ge_58S_start_onee_long	+	1588	1632	61.8	0.00000000000000011	3_End_Fungi_Ge_58S_end_onehundred_long	+	1695	1739	63.2	0.00000000000000004	4_LSU_Fungi_Ge_4_LSU_start_twentythreea_long	+	1959	2005	46.2	0.0000000000081	1475	1958	1475	1587	1740	1958	all			confident	
PX214635.1	1_SSU_Fungi_Ge_1_SSU_end_onea_long	+	1429	1473	62.9	0.000000000000000046	2_5.8_Fungi_Ge_58S_start_onee_long	+	1581	1625	59.5	0.00000000000000061	3_End_Fungi_Ge_58S_end_eightyeight_long	+	1694	1737	57.2	0.0000000000000032	4_LSU_Fungi_Ge_4_LSU_start_eight_long	+	1944	1986	57.5	0.0000000000000022	1474	1943	1474	1580	1738	1943	all			confident	
PX214552.1	1_SSU_Fungi_Ge_1_SSU_end_onea_long	+	1430	1474	62.9	0.000000000000000046	2_5.8_Fungi_Ge_58S_start_onee_long	+	1583	1627	59.5	0.00000000000000061	3_End_Fungi_Ge_58S_end_ninetyone_long	+	1696	1739	52.5	0.00000000000011	4_LSU_Fungi_Ge_4_LSU_start_elevenc_long	+	1962	2006	61	0.00000000000000017	1475	1961	1475	1582	1740	1961	all			confident	
PX215055.1	1_SSU_Fungi_Ge_1_SSU_end_onea_long	+	1423	1467	62.9	0.000000000000000046	2_5.8_Fungi_Ge_58S_start_onee_long	+	1549	1593	58.9	0.00000000000000089	3_End_Fungi_Ge_58S_end_ninetyeight_long	+	1662	1706	60.7	0.00000000000000025	4_LSU_Fungi_Ge_4_LSU_start_thirtyfive_long	+	1888	1932	54.7	0.000000000000018	1468	1887	1468	1548	1707	1887	all			confident	
PX214561.1	1_SSU_Fungi_Ge_1_SSU_end_onea_long	+	1430	1474	62.9	0.000000000000000046	2_5.8_Fungi_Ge_58S_start_onee_long	+	1586	1630	59.5	0.00000000000000061	3_End_Fungi_Ge_58S_end_ninetyone_long	+	1699	1742	52.5	0.00000000000011	4_LSU_Fungi_Ge_4_LSU_start_elevenc_long	+	1966	2010	61	0.00000000000000017	1475	1965	1475	1585	1743	1965	all			confident	
PX215152.1	1_SSU_Fungi_Ge_1_SSU_end_onea_long	+	1430	1474	62.9	0.000000000000000046	2_5.8_Fungi_Ge_58S_start_onee_long	+	1585	1629	61.8	0.00000000000000011	3_End_Fungi_Ge_58S_end_onehundred_long	+	1692	1736	61	0.0000000000000002	4_LSU_Fungi_Ge_4_LSU_start_twentythreea_long	+	1948	1994	46.2	0.0000000000081	1475	1947	1475	1584	1737	1947	all			confident	
PX207129.1	1_SSU_Fungi_Ge_1_SSU_end_onea_long	+	1426	1470	62.9	0.000000000000000046	2_5.8_Fungi_Ge_58S_start_onee_long	+	1543	1587	58.9	0.00000000000000089	3_End_Fungi_Ge_58S_end_ninetyeight_long	+	1656	1700	41.9	0.00000000019	4_LSU_Fungi_Ge_4_LSU_start_thirtyfive_long	+	1874	1918	54.7	0.000000000000018	1471	1873	1471	1542	1701	1873	all			confident	
PX214501.1	1_SSU_Fungi_Ge_1_SSU_end_onea_long	+	1430	1474	62.9	0.000000000000000046	2_5.8_Fungi_Ge_58S_start_onee_long	+	1586	1630	59.5	0.00000000000000061	3_End_Fungi_Ge_58S_end_ninetyone_long	+	1699	1742	52.5	0.00000000000011	4_LSU_Fungi_Ge_4_LSU_start_elevenc_long	+	1965	2009	61	0.00000000000000017	1475	1964	1475	1585	1743	1964	all			confident	
PX214642.1	1_SSU_Fungi_Ge_1_SSU_end_onea_long	+	1429	1473	62.9	0.000000000000000046	2_5.8_Fungi_Ge_58S_start_onee_long	+	1575	1619	59.5	0.00000000000000061	3_End_Fungi_Ge_58S_end_eightyeight_long	+	1688	1734	57.8	0.000000000000002	4_LSU_Fungi_Ge_4_LSU_start_eight_long	+	1939	1981	57.5	0.0000000000000022	1474	1938	1474	1574	1735	1938	all			confident	
PX214444.1	1_SSU_Fungi_Ge_1_SSU_end_onea_long	+	1430	1474	62.9	0.000000000000000046	2_5.8_Fungi_Ge_58S_start_onee_long	+	1589	1633	59.5	0.00000000000000061	3_End_Fungi_Ge_58S_end_ninetyone_long	+	1701	1744	55.5	0.000000000000012	4_LSU_Fungi_Ge_4_LSU_start_elevenc_long	+	1986	2030	61	0.00000000000000017	1475	1985	1475	1588	1745	1985	all			confident	
PX214890.1	1_SSU_Fungi_Ge_1_SSU_end_onea_long	+	1427	1471	62.9	0.000000000000000046	2_5.8_Fungi_Ge_58S_start_onee_long	+	1579	1623	59.5	0.00000000000000061	3_End_Fungi_Ge_58S_end_ninety_long	+	1686	1730	52.1	0.000000000000087	4_LSU_Fungi_Ge_4_LSU_start_elevenc_long	+	1926	1969	57.5	0.0000000000000021	1472	1925	1472	1578	1731	1925	all			confident	
PX214729.1	1_SSU_Fungi_Ge_1_SSU_end_onea_long	+	1429	1473	62.9	0.000000000000000046	2_5.8_Fungi_Ge_58S_start_onee_long	+	1566	1610	59.5	0.00000000000000059	3_End_Fungi_Ge_58S_end_eightyeight_long	+	1679	1725	57.8	0.000000000000002	4_LSU_Fungi_Ge_4_LSU_start_fortyfive_long	+	1922	1965	57	0.000000000000003	1474	1921	1474	1565	1726	1921	all			confident	
PX214619.1	1_SSU_Fungi_Ge_1_SSU_end_onea_long	+	1428	1472	62.9	0.000000000000000046	2_5.8_Fungi_Ge_58S_start_onee_long	+	1577	1621	59.5	0.00000000000000061	3_End_Fungi_Ge_58S_end_eightyeight_long	+	1690	1734	53.2	0.000000000000055	4_LSU_Fungi_Ge_4_LSU_start_eight_long	+	1926	1969	57.5	0.0000000000000022	1473	1925	1473	1576	1735	1925	all			confident	
PX215155.1	1_SSU_Fungi_Ge_1_SSU_end_onea_long	+	1430	1474	62.9	0.000000000000000046	2_5.8_Fungi_Ge_58S_start_onee_long	+	1585	1629	61.8	0.00000000000000011	3_End_Fungi_Ge_58S_end_onehundred_long	+	1692	1736	61	0.0000000000000002	4_LSU_Fungi_Ge_4_LSU_start_twentythreea_long	+	1956	2002	46.2	0.0000000000081	1475	1955	1475	1584	1737	1955	all			confident	
PX214970.1	1_SSU_Fungi_Ge_1_SSU_end_onea_long	+	1430	1474	62.9	0.000000000000000046	2_5.8_Fungi_Ge_58S_start_onee_long	+	1584	1628	61.8	0.00000000000000011	3_End_Diversispora_58S_end_long_four	+	1697	1741	60.7	0.00000000000000028	4_LSU_Fungi_Ge_4_LSU_start_elevenc_long	+	1941	1985	45.2	0.000000000015	1475	1940	1475	1583	1742	1940	all			confident	
PX207161.1	1_SSU_Fungi_Tu_1_SSU_end_five_long	+	1429	1473	62.9	0.000000000000000047	2_5.8_Fungi_Ge_58S_start_onee_long	+	1582	1626	59.5	0.00000000000000061	3_End_Fungi_Ge_58S_end_eightyfive_long	+	1695	1739	60.4	0.00000000000000036	4_LSU_Fungi_Ge_4_LSU_start_fortyfive_long	+	1943	1987	59.2	0.00000000000000062	1474	1942	1474	1581	1740	1942	all			confident	
PX214592.1	1_SSU_Fungi_Ge_1_SSU_end_onea_long	+	1430	1474	62.9	0.000000000000000046	2_5.8_Fungi_Ge_58S_start_onee_long	+	1597	1641	59.5	0.00000000000000061	3_End_Fungi_Ge_58S_end_ninetyone_long	+	1711	1754	57.2	0.0000000000000038	4_LSU_Fungi_Ge_4_LSU_start_elevenc_long	+	1991	2035	61	0.00000000000000017	1475	1990	1475	1596	1755	1990	all			confident	
PX214937.1	1_SSU_Fungi_Ge_1_SSU_end_onea_long	+	1431	1475	62.9	0.000000000000000046	2_5.8_Fungi_Ge_58S_start_onee_long	+	1579	1623	61.8	0.00000000000000011	3_End_Diversispora_58S_end_long_nine	+	1691	1735	60.4	0.00000000000000034	4_LSU_Fungi_Ge_4_LSU_start_elevenc_long	+	1936	1984	42.1	0.00000000014	1476	1935	1476	1578	1736	1935	all			confident	
PX215093.1	1_SSU_Fungi_Ge_1_SSU_end_onea_long	+	1426	1470	62.9	0.000000000000000046	2_5.8_Fungi_Ge_58S_start_onee_long	+	1545	1589	59.1	0.00000000000000079	3_End_Fungi_Ge_58S_end_ninetyeight_long	+	1658	1702	50.5	0.00000000000041	4_LSU_Fungi_Ge_4_LSU_start_thirtyfive_long	+	1875	1919	51.6	0.00000000000018	1471	1874	1471	1544	1703	1874	all			confident	
PX214468.1	1_SSU_Fungi_Ge_1_SSU_end_onea_long	+	1430	1474	62.9	0.000000000000000046	2_5.8_Fungi_Ge_58S_start_onee_long	+	1579	1623	59.5	0.00000000000000061	3_End_Fungi_Ge_58S_end_ninetyone_long	+	1692	1735	55.5	0.000000000000012	4_LSU_Fungi_Ge_4_LSU_start_elevenc_long	+	1964	2008	59.6	0.00000000000000047	1475	1963	1475	1578	1736	1963	all			confident	
PX214465.1	1_SSU_Fungi_Ge_1_SSU_end_onea_long	+	1430	1474	62.9	0.000000000000000046	2_5.8_Fungi_Ge_58S_start_onee_long	+	1579	1623	59.5	0.00000000000000061	3_End_Fungi_Ge_58S_end_ninetyone_long	+	1692	1735	55.5	0.000000000000012	4_LSU_Fungi_Ge_4_LSU_start_elevenc_long	+	1964	2008	59.6	0.00000000000000047	1475	1963	1475	1578	1736	1963	all			confident	
PX214821.1	1_SSU_Fungi_Ge_1_SSU_end_onea_long	+	1429	1473	62.9	0.000000000000000046	2_5.8_Fungi_Ge_58S_start_onee_long	+	1586	1630	59.5	0.00000000000000061	3_End_Fungi_Ge_58S_end_eightysix_long	+	1699	1742	46.5	0.0000000000076	4_LSU_Fungi_Ge_4_LSU_start_elevena_long	+	1950	1994	60.8	0.00000000000000019	1474	1949	1474	1585	1743	1949	all			confident	
PX214576.1	1_SSU_Fungi_Ge_1_SSU_end_onea_long	+	1429	1473	62.9	0.000000000000000046	2_5.8_Fungi_Ge_58S_start_onee_long	+	1596	1640	59.5	0.00000000000000061	3_End_Fungi_Ge_58S_end_ninetyone_long	+	1710	1753	57.2	0.0000000000000038	4_LSU_Fungi_Ge_4_LSU_start_elevena_long	+	1980	2024	58.7	0.00000000000000084	1474	1979	1474	1595	1754	1979	all			confident	
PX214694.1	1_SSU_Fungi_Ge_1_SSU_end_onea_long	+	1429	1473	62.9	0.000000000000000046	2_5.8_Fungi_Ge_58S_start_onee_long	+	1566	1610	59.5	0.00000000000000059	3_End_Fungi_Ge_58S_end_eightyeight_long	+	1679	1725	57.8	0.000000000000002	4_LSU_Fungi_Ge_4_LSU_start_fortyfive_long	+	1920	1963	57	0.000000000000003	1474	1919	1474	1565	1726	1919	all			confident	
PX214750.1	1_SSU_Fungi_Ge_1_SSU_end_onea_long	+	1427	1471	62.9	0.000000000000000046	2_5.8_Fungi_Ge_58S_start_onee_long	+	1561	1605	59.5	0.00000000000000061	3_End_Fungi_Ge_58S_end_eightyeight_long	+	1674	1718	53.6	0.000000000000042	4_LSU_Fungi_Ge_4_LSU_start_fortythree_long	+	1906	1950	55	0.000000000000013	1472	1905	1472	1560	1719	1905	all			confident	
PX207164.1	1_SSU_Fungi_Ge_1_SSU_end_onea_long	+	1429	1473	62.9	0.000000000000000046	2_5.8_Fungi_Ge_58S_start_onee_long	+	1580	1624	59.5	0.00000000000000061	3_End_Fungi_Ge_58S_end_twentyfive_long	+	1687	1731	59.6	0.00000000000000044	4_LSU_Fungi_Ge_4_LSU_start_elevena_long	+	1944	1988	60.8	0.00000000000000019	1474	1943	1474	1579	1732	1943	all			confident	
PX214515.1	1_SSU_Fungi_Ge_1_SSU_end_onea_long	+	1430	1474	62.9	0.000000000000000046	2_5.8_Fungi_Ge_58S_start_onee_long	+	1585	1629	59.5	0.00000000000000061	3_End_Fungi_Ge_58S_end_ninetyone_long	+	1698	1741	52.5	0.00000000000011	4_LSU_Fungi_Ge_4_LSU_start_elevenc_long	+	1967	2011	61	0.00000000000000017	1475	1966	1475	1584	1742	1966	all			confident	
PX214546.1	1_SSU_Fungi_Ge_1_SSU_end_onea_long	+	1430	1474	62.9	0.000000000000000046	2_5.8_Fungi_Ge_58S_start_onee_long	+	1580	1626	59.5	0.00000000000000059	3_End_Fungi_Ge_58S_end_ninetyone_long	+	1695	1738	52.5	0.00000000000011	4_LSU_Fungi_Ge_4_LSU_start_elevenc_long	+	1962	2006	61	0.00000000000000017	1475	1961	1475	1579	1739	1961	all			confident	
PX215153.1	1_SSU_Fungi_Ge_1_SSU_end_onea_long	+	1430	1474	62.9	0.000000000000000046	2_5.8_Fungi_Ge_58S_start_onee_long	+	1586	1630	61.8	0.00000000000000011	3_End_Fungi_Ge_58S_end_onehundred_long	+	1693	1737	61	0.0000000000000002	4_LSU_Fungi_Ge_4_LSU_start_twentythreea_long	+	1949	1995	46.2	0.0000000000081	1475	1948	1475	1585	1738	1948	all			confident	
PX214700.1	1_SSU_Fungi_Ge_1_SSU_end_onea_long	+	1428	1472	62.9	0.000000000000000046	2_5.8_Fungi_Ge_58S_start_onee_long	+	1565	1609	59.5	0.00000000000000059	3_End_Fungi_Ge_58S_end_eightyeight_long	+	1678	1724	57.8	0.000000000000002	4_LSU_Fungi_Ge_4_LSU_start_fortyfive_long	+	1920	1963	57	0.000000000000003	1473	1919	1473	1564	1725	1919	all			confident	
PX214573.1	1_SSU_Fungi_Ge_1_SSU_end_onea_long	+	1429	1473	62.9	0.000000000000000046	2_5.8_Fungi_Ge_58S_start_onee_long	+	1590	1634	59.5	0.00000000000000061	3_End_Fungi_Ge_58S_end_ninetyone_long	+	1704	1747	57.2	0.0000000000000038	4_LSU_Fungi_Ge_4_LSU_start_elevena_long	+	1975	2019	58.7	0.00000000000000084	1474	1974	1474	1589	1748	1974	all			confident	
PX214824.1	1_SSU_Fungi_Ge_1_SSU_end_onea_long	+	1429	1473	62.9	0.000000000000000046	2_5.8_Fungi_Ge_58S_start_onee_long	+	1580	1624	59.5	0.00000000000000061	3_End_Fungi_Ge_58S_end_eightysix_long	+	1693	1736	46.5	0.0000000000076	4_LSU_Fungi_Ge_4_LSU_start_elevena_long	+	1946	1990	60.8	0.00000000000000019	1474	1945	1474	1579	1737	1945	all			confident	
PX214560.1	1_SSU_Fungi_Ge_1_SSU_end_onea_long	+	1430	1474	62.9	0.000000000000000046	2_5.8_Fungi_Ge_58S_start_onee_long	+	1586	1630	59.5	0.00000000000000061	3_End_Fungi_Ge_58S_end_ninetyone_long	+	1699	1742	52.5	0.00000000000011	4_LSU_Fungi_Ge_4_LSU_start_elevenc_long	+	1966	2010	61	0.00000000000000017	1475	1965	1475	1585	1743	1965	all			confident	
PX215073.1	1_SSU_Fungi_Ge_1_SSU_end_onea_long	+	1424	1468	62.9	0.000000000000000046	2_5.8_Fungi_Ge_58S_start_onee_long	+	1542	1586	59.1	0.00000000000000079	3_End_Fungi_Ge_58S_end_ninetyeight_long	+	1655	1699	54.2	0.000000000000027	4_LSU_Fungi_Ge_4_LSU_start_thirtyfive_long	+	1878	1922	55.6	0.0000000000000093	1469	1877	1469	1541	1700	1877	all			confident	
PX214753.1	1_SSU_Fungi_Ge_1_SSU_end_onea_long	+	1426	1470	62.9	0.000000000000000046	2_5.8_Fungi_Ge_58S_start_onee_long	+	1645	1689	59.5	0.00000000000000061	3_End_Fungi_Ge_58S_end_eightyeight_long	+	1758	1802	58.2	0.0000000000000016	4_LSU_Fungi_Ge_4_LSU_start_elevenc_long	+	1990	2034	57.9	0.0000000000000015	1471	1989	1471	1644	1803	1989	all			confident	
PX214605.1	1_SSU_Fungi_Ge_1_SSU_end_onea_long	+	1428	1472	62.9	0.000000000000000046	2_5.8_Fungi_Ge_58S_start_onee_long	+	1572	1616	59.5	0.00000000000000059	3_End_Fungi_Ge_58S_end_ninetyone_long	+	1685	1729	48.8	0.0000000000016	4_LSU_Fungi_Ge_4_LSU_start_elevena_long	+	1960	2007	54.8	0.000000000000014	1473	1959	1473	1571	1730	1959	all			confident	
PX214582.1	1_SSU_Fungi_Ge_1_SSU_end_onea_long	+	1432	1476	62.9	0.000000000000000046	2_5.8_Fungi_Ge_58S_start_onee_long	+	1599	1643	59.5	0.00000000000000061	3_End_Fungi_Ge_58S_end_ninetyone_long	+	1713	1756	57.2	0.0000000000000038	4_LSU_Fungi_Ge_4_LSU_start_elevena_long	+	1975	2019	58.7	0.00000000000000084	1477	1974	1477	1598	1757	1974	all			confident	
PX214528.1	1_SSU_Fungi_Ge_1_SSU_end_onea_long	+	1430	1474	62.9	0.000000000000000046	2_5.8_Fungi_Ge_58S_start_onee_long	+	1581	1627	59.5	0.00000000000000059	3_End_Fungi_Ge_58S_end_ninetyone_long	+	1696	1739	52.5	0.00000000000011	4_LSU_Fungi_Ge_4_LSU_start_elevenc_long	+	1964	2008	61	0.00000000000000017	1475	1963	1475	1580	1740	1963	all			confident	
PX214580.1	1_SSU_Fungi_Ge_1_SSU_end_onea_long	+	1429	1473	62.9	0.000000000000000046	2_5.8_Fungi_Ge_58S_start_onee_long	+	1596	1640	59.5	0.00000000000000061	3_End_Fungi_Ge_58S_end_ninetyone_long	+	1710	1753	57.2	0.0000000000000038	4_LSU_Fungi_Ge_4_LSU_start_elevena_long	+	1972	2016	58.7	0.00000000000000084	1474	1971	1474	1595	1754	1971	all			confident	
PX215018.1	1_SSU_Fungi_Ge_1_SSU_end_onea_long	+	1430	1474	62.9	0.000000000000000046	2_5.8_Fungi_Ge_58S_start_onee_long	+	1549	1593	60.4	0.00000000000000031	3_End_Fungi_Ge_58S_end_ninetysix_long	+	1662	1704	55.5	0.00000000000001	4_LSU_Fungi_Ge_4_LSU_start_zerod_long	+	1918	1966	41	0.00000000033	1475	1917	1475	1548	1705	1917	all			confident	
PX214706.1	1_SSU_Fungi_Ge_1_SSU_end_onea_long	+	1429	1473	62.9	0.000000000000000046	2_5.8_Fungi_Ge_58S_start_onee_long	+	1566	1610	59.5	0.00000000000000059	3_End_Fungi_Ge_58S_end_eightyeight_long	+	1679	1725	57.8	0.000000000000002	4_LSU_Fungi_Ge_4_LSU_start_fortyfive_long	+	1922	1965	57	0.000000000000003	1474	1921	1474	1565	1726	1921	all			confident	
PX207221.1	1_SSU_Fungi_Ge_1_SSU_end_onea_long	+	1430	1474	62.9	0.000000000000000046	2_5.8_Fungi_Ge_58S_start_onee_long	+	1581	1627	59.5	0.00000000000000059	3_End_Fungi_Ge_58S_end_ninetyone_long	+	1696	1739	52.5	0.00000000000011	4_LSU_Fungi_Ge_4_LSU_start_elevenc_long	+	1963	2007	61	0.00000000000000017	1475	1962	1475	1580	1740	1962	all			confident	
PX207239.1	1_SSU_Fungi_Ge_1_SSU_end_onea_long	+	1430	1474	62.9	0.000000000000000046	2_5.8_Fungi_Ge_58S_start_onee_long	+	1582	1626	59.5	0.00000000000000061	3_End_Fungi_Ge_58S_end_ninetyone_long	+	1695	1738	52.5	0.00000000000011	4_LSU_Fungi_Ge_4_LSU_start_elevenc_long	+	1960	2004	61	0.00000000000000017	1475	1959	1475	1581	1739	1959	all			confident	
PX215117.1	1_SSU_Fungi_Tu_1_SSU_end_five_long	+	1376	1420	54.6	0.000000000000018	2_5.8_Fungi_Ge_58S_start_onee_long	+	1496	1540	59.1	0.00000000000000079	3_End_Fungi_Ge_58S_end_ninetyeight_long	+	1609	1653	55	0.000000000000015	4_LSU_Fungi_Ge_4_LSU_start_thirtyfive_long	+	1824	1868	47.5	0.0000000000033	1421	1823	1421	1495	1654	1823	all			confident	
PX214641.1	1_SSU_Fungi_Ge_1_SSU_end_onea_long	+	1429	1473	62.9	0.000000000000000046	2_5.8_Fungi_Ge_58S_start_onee_long	+	1575	1619	59.5	0.00000000000000061	3_End_Fungi_Ge_58S_end_eightyeight_long	+	1688	1734	57.8	0.000000000000002	4_LSU_Fungi_Ge_4_LSU_start_eight_long	+	1939	1981	57.5	0.0000000000000022	1474	1938	1474	1574	1735	1938	all			confident	
PX207267.1	1_SSU_Fungi_Ge_1_SSU_end_onea_long	+	1428	1472	62.9	0.000000000000000046	2_5.8_Fungi_Ge_58S_start_onee_long	+	1592	1636	59.5	0.00000000000000061	3_End_Fungi_Ge_58S_end_ninetyone_long	+	1706	1749	57.2	0.0000000000000038	4_LSU_Fungi_Ge_4_LSU_start_elevena_long	+	1976	2020	58.7	0.00000000000000084	1473	1975	1473	1591	1750	1975	all			confident	
PX215084.1	1_SSU_Fungi_Ge_1_SSU_end_onea_long	+	1426	1470	62.9	0.000000000000000046	2_5.8_Fungi_Ge_58S_start_onee_long	+	1543	1587	59.1	0.00000000000000079	3_End_Fungi_Ge_58S_end_ninetyeight_long	+	1656	1700	58.8	0.000000000000001	4_LSU_Fungi_Ge_4_LSU_start_thirtyfive_long	+	1871	1915	54.7	0.000000000000018	1471	1870	1471	1542	1701	1870	all			confident	
PX207174.1	1_SSU_Fungi_Ge_1_SSU_end_onea_long	+	1429	1473	62.9	0.000000000000000046	2_5.8_Fungi_Ge_58S_start_onee_long	+	1583	1627	59.5	0.00000000000000061	3_End_Fungi_Ge_58S_end_ninetyone_long	+	1696	1738	47.6	0.0000000000037	4_LSU_Fungi_Ge_4_LSU_start_elevena_long	+	1939	1983	60.8	0.00000000000000019	1474	1938	1474	1582	1739	1938	all			confident	
PX207252.1	1_SSU_Fungi_Ge_1_SSU_end_onea_long	+	1430	1474	62.9	0.000000000000000046	2_5.8_Fungi_Ge_58S_start_onee_long	+	1582	1628	59.5	0.00000000000000059	3_End_Fungi_Ge_58S_end_ninetyone_long	+	1697	1740	52.5	0.00000000000011	4_LSU_Fungi_Ge_4_LSU_start_elevenc_long	+	1962	2006	61	0.00000000000000017	1475	1961	1475	1581	1741	1961	all			confident	
PX214713.1	1_SSU_Fungi_Ge_1_SSU_end_onea_long	+	1428	1472	62.9	0.000000000000000046	2_5.8_Fungi_Ge_58S_start_onee_long	+	1563	1607	59.5	0.00000000000000059	3_End_Fungi_Ge_58S_end_eightyeight_long	+	1676	1720	57.6	0.0000000000000024	4_LSU_Fungi_Ge_4_LSU_start_fortyfive_long	+	1919	1962	57	0.000000000000003	1473	1918	1473	1562	1721	1918	all			confident	
PX214787.1	1_SSU_Fungi_Ge_1_SSU_end_onea_long	+	1429	1473	62.9	0.000000000000000046	2_5.8_Fungi_Ge_58S_start_onee_long	+	1583	1627	59.5	0.00000000000000061	3_End_Fungi_Ge_58S_end_ninetyone_long	+	1696	1738	47.6	0.0000000000037	4_LSU_Fungi_Ge_4_LSU_start_elevena_long	+	1939	1983	60.8	0.00000000000000019	1474	1938	1474	1582	1739	1938	all			confident	
PX207222.1	1_SSU_Fungi_Ge_1_SSU_end_onea_long	+	1430	1474	62.9	0.000000000000000046	2_5.8_Fungi_Ge_58S_start_onee_long	+	1581	1627	59.5	0.00000000000000059	3_End_Fungi_Ge_58S_end_ninetyone_long	+	1696	1739	52.5	0.00000000000011	4_LSU_Fungi_Ge_4_LSU_start_elevenc_long	+	1963	2007	61	0.00000000000000017	1475	1962	1475	1580	1740	1962	all			confident	
PX214779.1	1_SSU_Fungi_Ge_1_SSU_end_onea_long	+	1429	1473	62.9	0.000000000000000046	2_5.8_Fungi_Ge_58S_start_onee_long	+	1580	1624	59.5	0.00000000000000061	3_End_Fungi_Ge_58S_end_twentyfive_long	+	1687	1731	59.6	0.00000000000000044	4_LSU_Fungi_Ge_4_LSU_start_elevena_long	+	1944	1988	60.8	0.00000000000000019	1474	1943	1474	1579	1732	1943	all			confident	
PX207249.1	1_SSU_Fungi_Ge_1_SSU_end_onea_long	+	1430	1474	62.9	0.000000000000000046	2_5.8_Fungi_Ge_58S_start_onee_long	+	1584	1628	59.5	0.00000000000000061	3_End_Fungi_Ge_58S_end_ninetyone_long	+	1697	1740	52.5	0.00000000000011	4_LSU_Fungi_Ge_4_LSU_start_elevenc_long	+	1962	2006	61	0.00000000000000017	1475	1961	1475	1583	1741	1961	all			confident	
PX214858.1	1_SSU_Fungi_Ge_1_SSU_end_onea_long	+	1429	1473	62.9	0.000000000000000046	2_5.8_Fungi_Ge_58S_start_onee_long	+	1582	1626	59.5	0.00000000000000061	3_End_Fungi_Ge_58S_end_eightyfive_long	+	1695	1739	51.6	0.0000000000002	4_LSU_Fungi_Ge_4_LSU_start_fortyfive_long	+	1942	1986	61.2	0.00000000000000015	1474	1941	1474	1581	1740	1941	all			confident	
PX207241.1	1_SSU_Fungi_Ge_1_SSU_end_onea_long	+	1430	1474	62.9	0.000000000000000046	2_5.8_Fungi_Ge_58S_start_onee_long	+	1583	1629	59.5	0.00000000000000059	3_End_Fungi_Ge_58S_end_ninetyone_long	+	1698	1741	52.5	0.00000000000011	4_LSU_Fungi_Ge_4_LSU_start_elevenc_long	+	1965	2009	61	0.00000000000000017	1475	1964	1475	1582	1742	1964	all			confident	
PX214519.1	1_SSU_Fungi_Ge_1_SSU_end_onea_long	+	1430	1474	62.9	0.000000000000000046	2_5.8_Fungi_Ge_58S_start_onee_long	+	1584	1628	59.5	0.00000000000000061	3_End_Fungi_Ge_58S_end_ninetyone_long	+	1697	1740	52.5	0.00000000000011	4_LSU_Fungi_Ge_4_LSU_start_elevenc_long	+	1962	2006	61	0.00000000000000017	1475	1961	1475	1583	1741	1961	all			confident	
PX214689.1	1_SSU_Fungi_Ge_1_SSU_end_onea_long	+	1429	1473	62.9	0.000000000000000046	2_5.8_Fungi_Ge_58S_start_onee_long	+	1566	1610	59.5	0.00000000000000059	3_End_Fungi_Ge_58S_end_eightyeight_long	+	1679	1725	57.8	0.000000000000002	4_LSU_Fungi_Ge_4_LSU_start_fortyfive_long	+	1921	1964	57	0.000000000000003	1474	1920	1474	1565	1726	1920	all			confident	
PX214461.1	1_SSU_Fungi_Ge_1_SSU_end_onea_long	+	1430	1474	62.9	0.000000000000000046	2_5.8_Fungi_Ge_58S_start_onee_long	+	1577	1621	59.5	0.00000000000000061	3_End_Fungi_Ge_58S_end_ninetyone_long	+	1690	1733	55.5	0.000000000000012	4_LSU_Fungi_Ge_4_LSU_start_elevenc_long	+	1961	2005	61	0.00000000000000017	1475	1960	1475	1576	1734	1960	all			confident	
PX214613.1	1_SSU_Fungi_Ge_1_SSU_end_onea_long	+	1428	1472	62.9	0.000000000000000046	2_5.8_Fungi_Ge_58S_start_onee_long	+	1585	1629	59.5	0.00000000000000061	3_End_Fungi_Ge_58S_end_ninetyone_long	+	1698	1742	59.7	0.00000000000000059	4_LSU_Fungi_Ge_4_LSU_start_elevena_long	+	1986	2031	58.7	0.00000000000000087	1473	1985	1473	1584	1743	1985	all			confident	
PX214882.1	1_SSU_Fungi_Ge_1_SSU_end_onea_long	+	1427	1471	62.9	0.000000000000000046	2_5.8_Fungi_Ge_58S_start_onee_long	+	1578	1622	59.5	0.00000000000000061	3_End_Fungi_Ge_58S_end_twentyfive_long	+	1685	1728	56.5	0.0000000000000042	4_LSU_Fungi_Ge_4_LSU_start_elevenc_long	+	1929	1972	57.5	0.0000000000000021	1472	1928	1472	1577	1729	1928	all			confident	
PX215146.1	1_SSU_Fungi_Ge_1_SSU_end_onea_long	+	1430	1474	62.9	0.000000000000000046	2_5.8_Fungi_Ge_58S_start_onee_long	+	1587	1631	61.8	0.00000000000000011	3_End_Fungi_Ge_58S_end_onehundred_long	+	1694	1738	63.2	0.00000000000000004	4_LSU_Fungi_Ge_4_LSU_start_twentythreea_long	+	1959	2002	45.9	0.0000000000098	1475	1958	1475	1586	1739	1958	all			confident	
PX214559.1	1_SSU_Fungi_Ge_1_SSU_end_onea_long	+	1430	1474	62.9	0.000000000000000046	2_5.8_Fungi_Ge_58S_start_onee_long	+	1586	1630	59.5	0.00000000000000061	3_End_Fungi_Ge_58S_end_ninetyone_long	+	1699	1742	52.4	0.00000000000012	4_LSU_Fungi_Ge_4_LSU_start_elevenc_long	+	1965	2009	61	0.00000000000000017	1475	1964	1475	1585	1743	1964	all			confident	
PX207138.1	1_SSU_Fungi_Ge_1_SSU_end_onea_long	+	1426	1470	62.9	0.000000000000000046	2_5.8_Fungi_Ge_58S_start_onee_long	+	1546	1590	59.1	0.00000000000000079	3_End_Fungi_Ge_58S_end_ninetyeight_long	+	1659	1703	50.9	0.00000000000031	4_LSU_Fungi_Ge_4_LSU_start_thirtyfive_long	+	1881	1925	50.7	0.00000000000033	1471	1880	1471	1545	1704	1880	all			confident	
PX214799.1	1_SSU_Fungi_Ge_1_SSU_end_onea_long	+	1429	1473	62.9	0.000000000000000046	2_5.8_Fungi_Ge_58S_start_onee_long	+	1582	1626	59.5	0.00000000000000061	3_End_Fungi_Ge_58S_end_eightysix_long	+	1695	1738	46.5	0.0000000000076	4_LSU_Fungi_Ge_4_LSU_start_elevena_long	+	1947	1991	60.8	0.00000000000000019	1474	1946	1474	1581	1739	1946	all			confident	
PX214659.1	1_SSU_Fungi_Ge_1_SSU_end_onea_long	+	1429	1473	62.9	0.000000000000000046	2_5.8_Fungi_Ge_58S_start_onee_long	+	1580	1624	59.5	0.00000000000000061	3_End_Fungi_Ge_58S_end_eightyeight_long	+	1693	1739	57.8	0.000000000000002	4_LSU_Fungi_Ge_4_LSU_start_eight_long	+	1943	1985	48.3	0.0000000000017	1474	1942	1474	1579	1740	1942	all			confident	
PX214832.1	1_SSU_Fungi_Ge_1_SSU_end_onea_long	+	1429	1473	62.9	0.000000000000000046	2_5.8_Fungi_Ge_58S_start_onee_long	+	1574	1618	59.5	0.00000000000000061	3_End_Fungi_Ge_58S_end_eightysix_long	+	1687	1730	46.5	0.0000000000076	4_LSU_Fungi_Ge_4_LSU_start_elevena_long	+	1937	1981	60.8	0.00000000000000019	1474	1936	1474	1573	1731	1936	all			confident	
PX214612.1	1_SSU_Fungi_Ge_1_SSU_end_onea_long	+	1428	1472	62.9	0.000000000000000046	2_5.8_Fungi_Ge_58S_start_onee_long	+	1583	1627	59.5	0.00000000000000061	3_End_Fungi_Ge_58S_end_ninetyone_long	+	1696	1740	59.7	0.00000000000000059	4_LSU_Fungi_Ge_4_LSU_start_elevena_long	+	1984	2029	58.7	0.00000000000000087	1473	1983	1473	1582	1741	1983	all			confident	
PX214585.1	1_SSU_Fungi_Ge_1_SSU_end_onea_long	+	1430	1474	62.9	0.000000000000000046	2_5.8_Fungi_Ge_58S_start_onee_long	+	1587	1631	59.5	0.00000000000000061	3_End_Fungi_Ge_58S_end_eightyfive_long	+	1702	1743	52.1	0.00000000000013	4_LSU_Fungi_Ge_4_LSU_start_elevenc_long	+	1974	2018	61	0.00000000000000017	1475	1973	1475	1586	1744	1973	all			confident	
PX214859.1	1_SSU_Fungi_Ge_1_SSU_end_onea_long	+	1429	1473	62.9	0.000000000000000046	2_5.8_Fungi_Ge_58S_start_onee_long	+	1582	1626	59.5	0.00000000000000061	3_End_Fungi_Ge_58S_end_eightyfive_long	+	1695	1739	51.6	0.0000000000002	4_LSU_Fungi_Ge_4_LSU_start_fortyfive_long	+	1942	1986	61.2	0.00000000000000015	1474	1941	1474	1581	1740	1941	all			confident	
PX214459.1	1_SSU_Fungi_Ge_1_SSU_end_onea_long	+	1430	1474	62.9	0.000000000000000046	2_5.8_Fungi_Ge_58S_start_onee_long	+	1577	1621	59.5	0.00000000000000061	3_End_Fungi_Ge_58S_end_ninetyone_long	+	1690	1733	55.5	0.000000000000012	4_LSU_Fungi_Ge_4_LSU_start_elevenc_long	+	1961	2005	61	0.00000000000000017	1475	1960	1475	1576	1734	1960	all			confident	
PX207248.1	1_SSU_Fungi_Ge_1_SSU_end_onea_long	+	1430	1474	62.9	0.000000000000000046	2_5.8_Fungi_Ge_58S_start_onee_long	+	1581	1627	59.5	0.00000000000000059	3_End_Fungi_Ge_58S_end_ninetyone_long	+	1696	1739	52.5	0.00000000000011	4_LSU_Fungi_Ge_4_LSU_start_elevenc_long	+	1963	2007	61	0.00000000000000017	1475	1962	1475	1580	1740	1962	all			confident	
PX214768.1	1_SSU_Fungi_Ge_1_SSU_end_onea_long	+	1428	1472	62.9	0.000000000000000046	2_5.8_Fungi_Ge_58S_start_onee_long	+	1575	1619	59.5	0.00000000000000061	3_End_Fungi_Ge_58S_end_eightyeight_long	+	1688	1732	53.2	0.000000000000055	4_LSU_Fungi_Ge_4_LSU_start_elevenc_long	+	1915	1960	55.7	0.0000000000000079	1473	1914	1473	1574	1733	1914	all			confident	
PX215094.1	1_SSU_Fungi_Ge_1_SSU_end_onea_long	+	1426	1470	62.9	0.000000000000000046	2_5.8_Fungi_Ge_58S_start_onee_long	+	1545	1589	59.1	0.00000000000000079	3_End_Fungi_Ge_58S_end_ninetyeight_long	+	1658	1702	50.5	0.00000000000041	4_LSU_Fungi_Ge_4_LSU_start_thirtyfive_long	+	1875	1919	51.6	0.00000000000018	1471	1874	1471	1544	1703	1874	all			confident	
PX214869.1	1_SSU_Fungi_Ge_1_SSU_end_onea_long	+	1429	1473	62.9	0.000000000000000046	2_5.8_Fungi_Ge_58S_start_onee_long	+	1581	1625	59.5	0.00000000000000061	3_End_Fungi_Ge_58S_end_eightysix_long	+	1694	1737	53.6	0.000000000000048	4_LSU_Fungi_Ge_4_LSU_start_fortyfive_long	+	1942	1986	61.2	0.00000000000000015	1474	1941	1474	1580	1738	1941	all			confident	
PX214703.1	1_SSU_Fungi_Ge_1_SSU_end_onea_long	+	1429	1473	62.9	0.000000000000000046	2_5.8_Fungi_Ge_58S_start_onee_long	+	1566	1610	59.5	0.00000000000000059	3_End_Fungi_Ge_58S_end_eightyeight_long	+	1679	1725	57.8	0.000000000000002	4_LSU_Fungi_Ge_4_LSU_start_fortyfive_long	+	1922	1965	57	0.000000000000003	1474	1921	1474	1565	1726	1921	all			confident	
PX215023.1	1_SSU_Fungi_Ge_1_SSU_end_onea_long	+	1423	1467	62.9	0.000000000000000046	2_5.8_Fungi_Ge_58S_start_onee_long	+	1550	1594	58.9	0.00000000000000089	3_End_Fungi_Ge_58S_end_ninetyeight_long	+	1663	1707	63.1	0.000000000000000047	4_LSU_Fungi_Ge_4_LSU_start_thirtyfive_long	+	1881	1925	54.7	0.000000000000018	1468	1880	1468	1549	1708	1880	all			confident	
PX214598.1	1_SSU_Fungi_Ge_1_SSU_end_onea_long	+	1428	1472	62.9	0.000000000000000046	2_5.8_Fungi_Ge_58S_start_onee_long	+	1569	1613	59.5	0.00000000000000059	3_End_Fungi_Ge_58S_end_ninetyone_long	+	1682	1726	49.6	0.00000000000091	4_LSU_Fungi_Ge_4_LSU_start_elevena_long	+	1943	1990	58.6	0.00000000000000092	1473	1942	1473	1568	1727	1942	all			confident	
PX214467.1	1_SSU_Fungi_Ge_1_SSU_end_onea_long	+	1430	1474	62.9	0.000000000000000046	2_5.8_Fungi_Ge_58S_start_onee_long	+	1579	1623	59.5	0.00000000000000061	3_End_Fungi_Ge_58S_end_ninetyone_long	+	1692	1735	55.5	0.000000000000012	4_LSU_Fungi_Ge_4_LSU_start_elevenc_long	+	1965	2009	59.6	0.00000000000000047	1475	1964	1475	1578	1736	1964	all			confident	
PX207244.1	1_SSU_Fungi_Ge_1_SSU_end_onea_long	+	1430	1474	62.9	0.000000000000000046	2_5.8_Fungi_Ge_58S_start_onee_long	+	1581	1627	59.5	0.00000000000000059	3_End_Fungi_Ge_58S_end_ninetyone_long	+	1696	1739	52.5	0.00000000000011	4_LSU_Fungi_Ge_4_LSU_start_elevenc_long	+	1963	2007	61	0.00000000000000017	1475	1962	1475	1580	1740	1962	all			confident	
PX214809.1	1_SSU_Fungi_Ge_1_SSU_end_onea_long	+	1429	1473	62.9	0.000000000000000046	2_5.8_Fungi_Ge_58S_start_onee_long	+	1583	1627	59.5	0.00000000000000061	3_End_Fungi_Ge_58S_end_ninetyone_long	+	1696	1738	47.6	0.0000000000037	4_LSU_Fungi_Ge_4_LSU_start_elevena_long	+	1941	1985	60.8	0.00000000000000019	1474	1940	1474	1582	1739	1940	all			confident	
PX214466.1	1_SSU_Fungi_Ge_1_SSU_end_onea_long	+	1430	1474	62.9	0.000000000000000046	2_5.8_Fungi_Ge_58S_start_onee_long	+	1579	1623	59.5	0.00000000000000061	3_End_Fungi_Ge_58S_end_ninetyone_long	+	1692	1735	55.5	0.000000000000012	4_LSU_Fungi_Ge_4_LSU_start_elevenc_long	+	1964	2008	59.6	0.00000000000000047	1475	1963	1475	1578	1736	1963	all			confident	
PX214827.1	1_SSU_Fungi_Ge_1_SSU_end_onea_long	+	1429	1473	62.9	0.000000000000000046	2_5.8_Fungi_Ge_58S_start_onee_long	+	1585	1629	59.5	0.00000000000000061	3_End_Fungi_Ge_58S_end_eightysix_long	+	1698	1741	46.5	0.0000000000076	4_LSU_Fungi_Ge_4_LSU_start_elevena_long	+	1945	1989	59.6	0.00000000000000046	1474	1944	1474	1584	1742	1944	all			confident	
PX214645.1	1_SSU_Fungi_Ge_1_SSU_end_onea_long	+	1429	1473	62.9	0.000000000000000046	2_5.8_Fungi_Ge_58S_start_onee_long	+	1560	1604	59.5	0.00000000000000061	3_End_Fungi_Ge_58S_end_eightyeight_long	+	1673	1716	57.2	0.0000000000000032	4_LSU_Fungi_Ge_4_LSU_start_eight_long	+	1917	1959	57.5	0.0000000000000022	1474	1916	1474	1559	1717	1916	all			confident	
PX207155.1	1_SSU_Fungi_Tu_1_SSU_end_five_long	+	1429	1473	62.9	0.000000000000000047	2_5.8_Fungi_Ge_58S_start_onee_long	+	1582	1626	59.5	0.00000000000000061	3_End_Fungi_Ge_58S_end_eightyfive_long	+	1695	1739	60.4	0.00000000000000036	4_LSU_Fungi_Ge_4_LSU_start_fortyfive_long	+	1943	1987	59.2	0.00000000000000062	1474	1942	1474	1581	1740	1942	all			confident	
PX214922.1	1_SSU_Fungi_Ge_1_SSU_end_onea_long	+	1431	1475	62.9	0.000000000000000046	2_5.8_Fungi_Ge_58S_start_onee_long	+	1574	1618	61.8	0.00000000000000011	3_End_Diversispora_58S_end_long_nine	+	1687	1731	60.4	0.00000000000000034	4_LSU_Fungi_Ge_4_LSU_start_elevenc_long	+	1929	1977	42.1	0.00000000014	1476	1928	1476	1573	1732	1928	all			confident	
PX214488.1	1_SSU_Fungi_Ge_1_SSU_end_onea_long	+	1430	1474	62.9	0.000000000000000046	2_5.8_Fungi_Ge_58S_start_onee_long	+	1584	1628	59.5	0.00000000000000061	3_End_Fungi_Ge_58S_end_ninetyone_long	+	1697	1740	52.5	0.00000000000011	4_LSU_Fungi_Ge_4_LSU_start_elevenc_long	+	1963	2007	61	0.00000000000000017	1475	1962	1475	1583	1741	1962	all			confident	
PX214825.1	1_SSU_Fungi_Ge_1_SSU_end_onea_long	+	1429	1473	62.9	0.000000000000000046	2_5.8_Fungi_Ge_58S_start_onee_long	+	1576	1620	59.5	0.00000000000000061	3_End_Fungi_Ge_58S_end_eightysix_long	+	1689	1732	46.5	0.0000000000076	4_LSU_Fungi_Ge_4_LSU_start_elevena_long	+	1933	1977	60.8	0.00000000000000019	1474	1932	1474	1575	1733	1932	all			confident	
PX215132.1	1_SSU_Fungi_Ge_1_SSU_end_onea_long	+	1431	1475	62.9	0.000000000000000046	2_5.8_Fungi_Ge_58S_start_threed_long	+	1615	1659	57.9	0.0000000000000016	3_End_Fungi_Ge_58S_end_eightyeight_long	+	1728	1772	54.5	0.000000000000023	4_LSU_Fungi_Ge_4_LSU_start_fortyfive_long	+	1976	2019	53.4	0.000000000000041	1476	1975	1476	1614	1773	1975	all			confident	
PX207226.1	1_SSU_Fungi_Ge_1_SSU_end_onea_long	+	1430	1474	62.9	0.000000000000000046	2_5.8_Fungi_Ge_58S_start_onee_long	+	1584	1628	59.5	0.00000000000000061	3_End_Fungi_Ge_58S_end_ninetyone_long	+	1697	1740	52.5	0.00000000000011	4_LSU_Fungi_Ge_4_LSU_start_elevenc_long	+	1962	2006	61	0.00000000000000017	1475	1961	1475	1583	1741	1961	all			confident	
PX214654.1	1_SSU_Fungi_Ge_1_SSU_end_onea_long	+	1431	1475	62.9	0.000000000000000046	2_5.8_Fungi_Ge_58S_start_onee_long	+	1584	1628	59.5	0.00000000000000061	3_End_Fungi_Ge_58S_end_eightyeight_long	+	1697	1743	57.8	0.000000000000002	4_LSU_Fungi_Ge_4_LSU_start_eight_long	+	1939	1981	57.5	0.0000000000000022	1476	1938	1476	1583	1744	1938	all			confident	
PX214749.1	1_SSU_Fungi_Ge_1_SSU_end_onea_long	+	1429	1473	62.9	0.000000000000000046	2_5.8_Fungi_Ge_58S_start_onee_long	+	1577	1621	59.5	0.00000000000000061	3_End_Fungi_Ge_58S_end_eightyeight_long	+	1690	1734	58.2	0.0000000000000016	4_LSU_Fungi_Ge_4_LSU_start_elevenc_long	+	1931	1975	55	0.000000000000013	1474	1930	1474	1576	1735	1930	all			confident	
PX214693.1	1_SSU_Fungi_Ge_1_SSU_end_onea_long	+	1429	1473	62.9	0.000000000000000046	2_5.8_Fungi_Ge_58S_start_onee_long	+	1566	1610	59.5	0.00000000000000059	3_End_Fungi_Ge_58S_end_eightyeight_long	+	1679	1725	57.8	0.000000000000002	4_LSU_Fungi_Ge_4_LSU_start_fortyfive_long	+	1922	1965	57	0.000000000000003	1474	1921	1474	1565	1726	1921	all			confident	
PX214726.1	1_SSU_Fungi_Ge_1_SSU_end_onea_long	+	1428	1472	62.9	0.000000000000000046	2_5.8_Fungi_Ge_58S_start_onee_long	+	1583	1627	59.5	0.00000000000000061	3_End_Fungi_Ge_58S_end_eightyeight_long	+	1696	1740	57.6	0.0000000000000024	4_LSU_Fungi_Ge_4_LSU_start_fortyfive_long	+	1940	1983	57	0.000000000000003	1473	1939	1473	1582	1741	1939	all			confident	
PX214730.1	1_SSU_Fungi_Ge_1_SSU_end_onea_long	+	1428	1472	62.9	0.000000000000000046	2_5.8_Fungi_Ge_58S_start_onee_long	+	1564	1608	59.5	0.00000000000000059	3_End_Fungi_Ge_58S_end_eightyeight_long	+	1677	1721	57.6	0.0000000000000024	4_LSU_Fungi_Ge_4_LSU_start_fortyfive_long	+	1918	1961	57	0.000000000000003	1473	1917	1473	1563	1722	1917	all			confident	
PX214737.1	1_SSU_Fungi_Ge_1_SSU_end_onea_long	+	1428	1472	62.9	0.000000000000000046	2_5.8_Fungi_Ge_58S_start_onee_long	+	1583	1627	59.5	0.00000000000000059	3_End_Fungi_Ge_58S_end_eightyeight_long	+	1696	1740	57.6	0.0000000000000024	4_LSU_Fungi_Ge_4_LSU_start_fortyfive_long	+	1945	1987	55.1	0.000000000000012	1473	1944	1473	1582	1741	1944	all			confident	
PX214555.1	1_SSU_Fungi_Ge_1_SSU_end_onea_long	+	1429	1473	62.9	0.000000000000000046	2_5.8_Fungi_Ge_58S_start_onee_long	+	1584	1628	59.5	0.00000000000000061	3_End_Fungi_Ge_58S_end_ninetyone_long	+	1697	1740	52.5	0.00000000000011	4_LSU_Fungi_Ge_4_LSU_start_elevenc_long	+	1965	2009	61	0.00000000000000017	1474	1964	1474	1583	1741	1964	all			confident	
PX215127.1	1_SSU_Fungi_Ge_1_SSU_end_onea_long	+	1432	1476	62.9	0.000000000000000046	2_5.8_Fungi_Ge_58S_start_threed_long	+	1621	1665	57.9	0.0000000000000016	3_End_Fungi_Ge_58S_end_eightyeight_long	+	1734	1778	54.5	0.000000000000023	4_LSU_Fungi_Ge_4_LSU_start_fortyfive_long	+	1989	2031	53.3	0.000000000000044	1477	1988	1477	1620	1779	1988	all			confident	
PX215007.1	1_SSU_Fungi_Ge_1_SSU_end_onea_long	+	1431	1475	62.9	0.000000000000000046	2_5.8_Fungi_Ge_58S_start_onee_long	+	1581	1625	61.8	0.00000000000000011	3_End_Diversispora_58S_end_long_three	+	1694	1738	56.8	0.0000000000000044	4_LSU_Fungi_Ge_4_LSU_start_thirtytwo_long	+	1933	1974	39.6	0.00000000092	1476	1932	1476	1580	1739	1932	all			confident	
PX215057.1	1_SSU_Fungi_Ge_1_SSU_end_onea_long	+	1423	1467	62.9	0.000000000000000046	2_5.8_Fungi_Ge_58S_start_onee_long	+	1549	1593	58.9	0.00000000000000089	3_End_Fungi_Ge_58S_end_ninetyeight_long	+	1662	1706	60.7	0.00000000000000025	4_LSU_Fungi_Ge_4_LSU_start_thirtyfive_long	+	1887	1931	54.7	0.000000000000018	1468	1886	1468	1548	1707	1886	all			confident	
PX214508.1	1_SSU_Fungi_Ge_1_SSU_end_onea_long	+	1430	1474	62.9	0.000000000000000046	2_5.8_Fungi_Ge_58S_start_onee_long	+	1581	1627	59.5	0.00000000000000059	3_End_Fungi_Ge_58S_end_ninetyone_long	+	1696	1739	52.5	0.00000000000011	4_LSU_Fungi_Ge_4_LSU_start_elevenc_long	+	1963	2007	61	0.00000000000000017	1475	1962	1475	1580	1740	1962	all			confident	
PX215111.1	1_SSU_Fungi_Ge_1_SSU_end_onea_long	+	1426	1470	62.9	0.000000000000000046	2_5.8_Fungi_Ge_58S_start_onee_long	+	1539	1583	59.1	0.00000000000000079	3_End_Fungi_Ge_58S_end_ninetyeight_long	+	1652	1696	55	0.000000000000015	4_LSU_Fungi_Ge_4_LSU_start_thirtyfive_long	+	1866	1910	51.4	0.00000000000019	1471	1865	1471	1538	1697	1865	all			confident	
PX214785.1	1_SSU_Fungi_Ge_1_SSU_end_onea_long	+	1429	1473	62.9	0.000000000000000046	2_5.8_Fungi_Ge_58S_start_onee_long	+	1582	1626	59.5	0.00000000000000061	3_End_Fungi_Ge_58S_end_ninetyone_long	+	1695	1737	47.6	0.0000000000037	4_LSU_Fungi_Ge_4_LSU_start_elevena_long	+	1938	1982	60.8	0.00000000000000019	1474	1937	1474	1581	1738	1937	all			confident	
PX215053.1	1_SSU_Fungi_Ge_1_SSU_end_onea_long	+	1423	1467	62.9	0.000000000000000046	2_5.8_Fungi_Ge_58S_start_onee_long	+	1549	1593	58.9	0.00000000000000089	3_End_Fungi_Ge_58S_end_ninetyeight_long	+	1662	1706	63.1	0.000000000000000047	4_LSU_Fungi_Ge_4_LSU_start_thirtyfive_long	+	1884	1928	54.7	0.000000000000018	1468	1883	1468	1548	1707	1883	all			confident	
PX215116.1	1_SSU_Fungi_Ge_1_SSU_end_onea_long	+	1426	1470	62.9	0.000000000000000046	2_5.8_Fungi_Ge_58S_start_onee_long	+	1545	1589	58.9	0.00000000000000089	3_End_Fungi_Ge_58S_end_ninetyeight_long	+	1658	1702	41.9	0.00000000019	4_LSU_Fungi_Ge_4_LSU_start_thirtyfive_long	+	1876	1920	54.7	0.000000000000018	1471	1875	1471	1544	1703	1875	all			confident	
PX215016.1	1_SSU_Fungi_Ge_1_SSU_end_onea_long	+	1430	1474	62.9	0.000000000000000046	2_5.8_Fungi_Ge_58S_start_onee_long	+	1549	1593	60.4	0.00000000000000031	3_End_Fungi_Ge_58S_end_ninetysix_long	+	1662	1704	55.5	0.00000000000001	4_LSU_Fungi_Ge_4_LSU_start_zerod_long	+	1922	1971	41.2	0.00000000029	1475	1921	1475	1548	1705	1921	all			confident	
PX207245.1	1_SSU_Fungi_Ge_1_SSU_end_onea_long	+	1430	1474	62.9	0.000000000000000046	2_5.8_Fungi_Ge_58S_start_onee_long	+	1581	1627	59.5	0.00000000000000059	3_End_Fungi_Ge_58S_end_ninetyone_long	+	1696	1739	52.5	0.00000000000011	4_LSU_Fungi_Ge_4_LSU_start_elevenc_long	+	1963	2007	61	0.00000000000000017	1475	1962	1475	1580	1740	1962	all			confident	
PX214964.1	1_SSU_Fungi_Ge_1_SSU_end_onea_long	+	1430	1474	62.9	0.000000000000000046	2_5.8_Fungi_Ge_58S_start_onee_long	+	1584	1628	61.8	0.00000000000000011	3_End_Diversispora_58S_end_long_four	+	1697	1741	60.7	0.00000000000000028	4_LSU_Fungi_Ge_4_LSU_start_elevenc_long	+	1941	1985	45.2	0.000000000015	1475	1940	1475	1583	1742	1940	all			confident	
PX215010.1	1_SSU_Fungi_Ge_1_SSU_end_onea_long	+	1431	1475	62.9	0.000000000000000046	2_5.8_Fungi_Ge_58S_start_onee_long	+	1584	1628	61.8	0.00000000000000011	3_End_Diversispora_58S_end_long_three	+	1697	1741	61.5	0.00000000000000014	4_LSU_Fungi_Ge_4_LSU_start_elevenc_long	+	1933	1977	42.1	0.00000000014	1476	1932	1476	1583	1742	1932	all			confident	
PX214500.1	1_SSU_Fungi_Ge_1_SSU_end_onea_long	+	1430	1474	62.9	0.000000000000000046	2_5.8_Fungi_Ge_58S_start_onee_long	+	1587	1631	59.5	0.00000000000000061	3_End_Fungi_Ge_58S_end_ninetyone_long	+	1700	1743	52.5	0.00000000000011	4_LSU_Fungi_Ge_4_LSU_start_elevenc_long	+	1966	2010	61	0.00000000000000017	1475	1965	1475	1586	1744	1965	all			confident	
PX214798.1	1_SSU_Fungi_Ge_1_SSU_end_onea_long	+	1429	1473	62.9	0.000000000000000046	2_5.8_Fungi_Ge_58S_start_onee_long	+	1581	1625	59.5	0.00000000000000061	3_End_Fungi_Ge_58S_end_ninetyone_long	+	1694	1736	47.6	0.0000000000037	4_LSU_Fungi_Ge_4_LSU_start_elevena_long	+	1935	1979	60.8	0.00000000000000019	1474	1934	1474	1580	1737	1934	all			confident	
PX214584.1	1_SSU_Fungi_Ge_1_SSU_end_onea_long	+	1430	1474	62.9	0.000000000000000046	2_5.8_Fungi_Ge_58S_start_onee_long	+	1587	1631	59.5	0.00000000000000061	3_End_Fungi_Ge_58S_end_eightyfive_long	+	1702	1743	52.1	0.00000000000013	4_LSU_Fungi_Ge_4_LSU_start_elevenc_long	+	1973	2017	61	0.00000000000000017	1475	1972	1475	1586	1744	1972	all			confident	
PX214920.1	1_SSU_Fungi_Ge_1_SSU_end_onea_long	+	1431	1475	62.9	0.000000000000000046	2_5.8_Fungi_Ge_58S_start_onee_long	+	1574	1618	61.8	0.00000000000000011	3_End_Diversispora_58S_end_long_nine	+	1687	1731	51.6	0.00000000000019	4_LSU_Fungi_Ge_4_LSU_start_elevenc_long	+	1926	1974	42.1	0.00000000014	1476	1925	1476	1573	1732	1925	all			confident	
PX207151.1	1_SSU_Fungi_Tu_1_SSU_end_five_long	+	1429	1473	62.9	0.000000000000000047	2_5.8_Fungi_Ge_58S_start_onee_long	+	1582	1626	59.5	0.00000000000000061	3_End_Fungi_Ge_58S_end_eightyfive_long	+	1695	1739	60.4	0.00000000000000036	4_LSU_Fungi_Ge_4_LSU_start_fortyfive_long	+	1942	1986	59.2	0.00000000000000062	1474	1941	1474	1581	1740	1941	all			confident	
PX215085.1	1_SSU_Fungi_Ge_1_SSU_end_onea_long	+	1426	1470	62.9	0.000000000000000046	2_5.8_Fungi_Ge_58S_start_onee_long	+	1543	1587	59.1	0.00000000000000079	3_End_Fungi_Ge_58S_end_ninetyeight_long	+	1656	1700	58.8	0.000000000000001	4_LSU_Fungi_Ge_4_LSU_start_thirtyfive_long	+	1871	1915	54.7	0.000000000000018	1471	1870	1471	1542	1701	1870	all			confident	
PX214762.1	1_SSU_Fungi_Ge_1_SSU_end_onea_long	+	1428	1472	62.9	0.000000000000000047	2_5.8_Fungi_Ge_58S_start_onee_long	+	1581	1625	59.5	0.00000000000000059	3_End_Fungi_Ge_58S_end_eightyeight_long	+	1694	1738	57.8	0.0000000000000021	4_LSU_Fungi_Ge_4_LSU_start_elevenc_long	+	1919	1964	55.7	0.0000000000000079	1473	1918	1473	1580	1739	1918	all			confident	
PX207233.1	1_SSU_Fungi_Ge_1_SSU_end_onea_long	+	1430	1474	62.9	0.000000000000000046	2_5.8_Fungi_Ge_58S_start_onee_long	+	1581	1627	59.5	0.00000000000000059	3_End_Fungi_Ge_58S_end_ninetyone_long	+	1696	1739	52.5	0.00000000000011	4_LSU_Fungi_Ge_4_LSU_start_elevenc_long	+	1963	2007	61	0.00000000000000017	1475	1962	1475	1580	1740	1962	all			confident	
PX215163.1	1_SSU_Fungi_Ge_1_SSU_end_onea_long	+	1428	1472	62.9	0.000000000000000046	2_5.8_Fungi_Ge_58S_start_onee_long	+	1597	1641	61.8	0.00000000000000011	3_End_Fungi_Ge_58S_end_onehundred_long	+	1704	1748	63.2	0.00000000000000004	4_LSU_Fungi_Ge_4_LSU_start_twentythreea_long	+	1995	2037	45.9	0.0000000000098	1473	1994	1473	1596	1749	1994	all			confident	
PX215071.1	1_SSU_Fungi_Ge_1_SSU_end_onea_long	+	1423	1467	62.9	0.000000000000000046	2_5.8_Fungi_Ge_58S_start_onee_long	+	1550	1594	58.9	0.00000000000000089	3_End_Fungi_Ge_58S_end_ninetyeight_long	+	1663	1707	63.1	0.000000000000000047	4_LSU_Fungi_Ge_4_LSU_start_thirtyfive_long	+	1878	1932	54.9	0.000000000000015	1468	1877	1468	1549	1708	1877	all			confident	
PX207113.1	1_SSU_Fungi_Ge_1_SSU_end_onea_long	+	1431	1475	62.9	0.000000000000000046	2_5.8_Fungi_Ge_58S_start_onee_long	+	1584	1628	61.8	0.00000000000000011	3_End_Diversispora_58S_end_long_three	+	1697	1741	61.4	0.00000000000000016	4_LSU_Fungi_Ge_4_LSU_start_elevenc_long	+	1936	1980	42.1	0.00000000014	1476	1935	1476	1583	1742	1935	all			confident	
PX214965.1	1_SSU_Fungi_Ge_1_SSU_end_onea_long	+	1430	1474	62.9	0.000000000000000046	2_5.8_Fungi_Ge_58S_start_onee_long	+	1584	1628	61.8	0.00000000000000011	3_End_Diversispora_58S_end_long_four	+	1697	1741	60.7	0.00000000000000028	4_LSU_Fungi_Ge_4_LSU_start_elevenc_long	+	1941	1985	45.2	0.000000000015	1475	1940	1475	1583	1742	1940	all			confident	
PX214496.1	1_SSU_Fungi_Ge_1_SSU_end_onea_long	+	1430	1474	62.9	0.000000000000000046	2_5.8_Fungi_Ge_58S_start_onee_long	+	1581	1627	59.5	0.00000000000000059	3_End_Fungi_Ge_58S_end_ninetyone_long	+	1696	1739	52.5	0.00000000000011	4_LSU_Fungi_Ge_4_LSU_start_elevenc_long	+	1962	2006	61	0.00000000000000017	1475	1961	1475	1580	1740	1961	all			confident	
PX207237.1	1_SSU_Fungi_Ge_1_SSU_end_onea_long	+	1430	1474	62.9	0.000000000000000046	2_5.8_Fungi_Ge_58S_start_onee_long	+	1581	1627	59.5	0.00000000000000059	3_End_Fungi_Ge_58S_end_ninetyone_long	+	1696	1739	52.5	0.00000000000011	4_LSU_Fungi_Ge_4_LSU_start_elevenc_long	+	1963	2007	61	0.00000000000000017	1475	1962	1475	1580	1740	1962	all			confident	
PX215100.1	1_SSU_Fungi_Ge_1_SSU_end_onea_long	+	1426	1470	62.9	0.000000000000000046	2_5.8_Fungi_Ge_58S_start_onee_long	+	1544	1588	58.9	0.00000000000000089	3_End_Fungi_Ge_58S_end_ninetyeight_long	+	1657	1701	50.5	0.00000000000041	4_LSU_Fungi_Ge_4_LSU_start_thirtyfive_long	+	1877	1921	54.7	0.000000000000018	1471	1876	1471	1543	1702	1876	all			confident	
PX207250.1	1_SSU_Fungi_Ge_1_SSU_end_onea_long	+	1430	1474	62.9	0.000000000000000046	2_5.8_Fungi_Ge_58S_start_onee_long	+	1584	1628	59.5	0.00000000000000061	3_End_Fungi_Ge_58S_end_ninetyone_long	+	1697	1740	52.5	0.00000000000011	4_LSU_Fungi_Ge_4_LSU_start_elevenc_long	+	1962	2006	61	0.00000000000000017	1475	1961	1475	1583	1741	1961	all			confident	
PX215029.1	1_SSU_Fungi_Ge_1_SSU_end_onea_long	+	1423	1467	62.9	0.000000000000000046	2_5.8_Fungi_Ge_58S_start_onee_long	+	1550	1594	58.9	0.00000000000000089	3_End_Fungi_Ge_58S_end_ninetyeight_long	+	1663	1707	63.1	0.000000000000000047	4_LSU_Fungi_Ge_4_LSU_start_thirtyfive_long	+	1887	1931	54.7	0.000000000000018	1468	1886	1468	1549	1708	1886	all			confident	
PX214610.1	1_SSU_Fungi_Ge_1_SSU_end_onea_long	+	1428	1472	62.9	0.000000000000000046	2_5.8_Fungi_Ge_58S_start_onee_long	+	1585	1629	59.5	0.00000000000000061	3_End_Fungi_Ge_58S_end_ninetyone_long	+	1698	1742	59.7	0.00000000000000059	4_LSU_Fungi_Ge_4_LSU_start_elevena_long	+	1987	2032	58.7	0.00000000000000087	1473	1986	1473	1584	1743	1986	all			confident	
PX214676.1	1_SSU_Fungi_Ge_1_SSU_end_onea_long	+	1428	1472	62.9	0.000000000000000046	2_5.8_Fungi_Ge_58S_start_onee_long	+	1582	1626	59.5	0.00000000000000059	3_End_Fungi_Ge_58S_end_eightyeight_long	+	1695	1739	57.6	0.0000000000000024	4_LSU_Fungi_Ge_4_LSU_start_fortyfive_long	+	1938	1980	55.1	0.000000000000012	1473	1937	1473	1581	1740	1937	all			confident	
PX214487.1	1_SSU_Fungi_Ge_1_SSU_end_onea_long	+	1430	1474	62.9	0.000000000000000046	2_5.8_Fungi_Ge_58S_start_onee_long	+	1584	1628	59.5	0.00000000000000061	3_End_Fungi_Ge_58S_end_ninetyone_long	+	1697	1740	52.5	0.00000000000011	4_LSU_Fungi_Ge_4_LSU_start_elevenc_long	+	1963	2007	61	0.00000000000000017	1475	1962	1475	1583	1741	1962	all			confident	
PX214563.1	1_SSU_Fungi_Ge_1_SSU_end_onea_long	+	1430	1474	62.9	0.000000000000000046	2_5.8_Fungi_Ge_58S_start_onee_long	+	1583	1629	59.5	0.00000000000000059	3_End_Fungi_Ge_58S_end_ninetyone_long	+	1698	1741	52.5	0.00000000000011	4_LSU_Fungi_Ge_4_LSU_start_elevenc_long	+	1966	2010	61	0.00000000000000017	1475	1965	1475	1582	1742	1965	all			confident	
PX215095.1	1_SSU_Fungi_Ge_1_SSU_end_onea_long	+	1426	1470	62.9	0.000000000000000046	2_5.8_Fungi_Ge_58S_start_onee_long	+	1545	1589	59.1	0.00000000000000079	3_End_Fungi_Ge_58S_end_ninetyeight_long	+	1658	1702	50.5	0.00000000000041	4_LSU_Fungi_Ge_4_LSU_start_thirtyfive_long	+	1875	1919	54.7	0.000000000000018	1471	1874	1471	1544	1703	1874	all			confident	
PX214503.1	1_SSU_Fungi_Ge_1_SSU_end_onea_long	+	1430	1474	62.9	0.000000000000000046	2_5.8_Fungi_Ge_58S_start_onee_long	+	1583	1629	59.5	0.00000000000000059	3_End_Fungi_Ge_58S_end_ninetyone_long	+	1698	1741	52.5	0.00000000000011	4_LSU_Fungi_Ge_4_LSU_start_elevenc_long	+	1964	2008	61	0.00000000000000017	1475	1963	1475	1582	1742	1963	all			confident	
PX214876.1	1_SSU_Fungi_Ge_1_SSU_end_onea_long	+	1429	1473	62.9	0.000000000000000046	2_5.8_Fungi_Ge_58S_start_onee_long	+	1591	1635	59.5	0.00000000000000061	3_End_Fungi_Ge_58S_end_eightysix_long	+	1704	1747	46.5	0.0000000000076	4_LSU_Fungi_Ge_4_LSU_start_elevena_long	+	1958	2002	60.8	0.00000000000000019	1474	1957	1474	1590	1748	1957	all			confident	
PX215049.1	1_SSU_Fungi_Ge_1_SSU_end_onea_long	+	1423	1467	62.9	0.000000000000000046	2_5.8_Fungi_Ge_58S_start_onee_long	+	1556	1600	58.9	0.00000000000000089	3_End_Fungi_Ge_58S_end_ninetyeight_long	+	1669	1713	63.1	0.000000000000000047	4_LSU_Fungi_Ge_4_LSU_start_thirtyfive_long	+	1892	1936	54.7	0.000000000000018	1468	1891	1468	1555	1714	1891	all			confident	
PX214537.1	1_SSU_Fungi_Ge_1_SSU_end_onea_long	+	1430	1474	62.9	0.000000000000000046	2_5.8_Fungi_Ge_58S_start_onee_long	+	1581	1627	59.5	0.00000000000000059	3_End_Fungi_Ge_58S_end_ninetyone_long	+	1696	1739	52.5	0.00000000000011	4_LSU_Fungi_Ge_4_LSU_start_elevenc_long	+	1962	2006	61	0.00000000000000017	1475	1961	1475	1580	1740	1961	all			confident	
PX214887.1	1_SSU_Fungi_Ge_1_SSU_end_onea_long	+	1427	1471	62.9	0.000000000000000046	2_5.8_Fungi_Ge_58S_start_onee_long	+	1579	1623	59.5	0.00000000000000061	3_End_Fungi_Ge_58S_end_ninety_long	+	1686	1730	52.1	0.000000000000087	4_LSU_Fungi_Ge_4_LSU_start_elevenc_long	+	1930	1973	57.5	0.0000000000000021	1472	1929	1472	1578	1731	1929	all			confident	
PX215064.1	1_SSU_Fungi_Ge_1_SSU_end_onea_long	+	1423	1467	62.9	0.000000000000000046	2_5.8_Fungi_Ge_58S_start_onee_long	+	1550	1594	58.9	0.00000000000000089	3_End_Fungi_Ge_58S_end_ninetyeight_long	+	1663	1707	63.1	0.000000000000000047	4_LSU_Fungi_Ge_4_LSU_start_thirtyfive_long	+	1882	1926	54.7	0.000000000000018	1468	1881	1468	1549	1708	1881	all			confident	
PX214900.1	1_SSU_Fungi_Ge_1_SSU_end_onea_long	+	1427	1471	62.9	0.000000000000000046	2_5.8_Fungi_Ge_58S_start_onee_long	+	1577	1621	59.5	0.00000000000000061	3_End_Fungi_Ge_58S_end_twentyfive_long	+	1684	1727	56.5	0.0000000000000042	4_LSU_Fungi_Ge_4_LSU_start_elevenc_long	+	1918	1963	57.5	0.0000000000000021	1472	1917	1472	1576	1728	1917	all			confident	
PX215088.1	1_SSU_Fungi_Ge_1_SSU_end_onea_long	+	1427	1471	62.9	0.000000000000000046	2_5.8_Fungi_Ge_58S_start_onee_long	+	1544	1588	59.1	0.00000000000000079	3_End_Fungi_Ge_58S_end_ninetyeight_long	+	1657	1701	58.8	0.000000000000001	4_LSU_Fungi_Ge_4_LSU_start_thirtyfive_long	+	1872	1916	54.7	0.000000000000018	1472	1871	1472	1543	1702	1871	all			confident	
PX214646.1	1_SSU_Fungi_Ge_1_SSU_end_onea_long	+	1429	1473	62.9	0.000000000000000046	2_5.8_Fungi_Ge_58S_start_onee_long	+	1560	1604	59.5	0.00000000000000061	3_End_Fungi_Ge_58S_end_eightyeight_long	+	1673	1716	57.2	0.0000000000000032	4_LSU_Fungi_Ge_4_LSU_start_eight_long	+	1917	1959	57.5	0.0000000000000022	1474	1916	1474	1559	1717	1916	all			confident	
PX207256.1	1_SSU_Fungi_Ge_1_SSU_end_onea_long	+	1430	1474	62.9	0.000000000000000046	2_5.8_Fungi_Ge_58S_start_onee_long	+	1581	1627	59.5	0.00000000000000059	3_End_Fungi_Ge_58S_end_ninetyone_long	+	1696	1739	52.5	0.00000000000011	4_LSU_Fungi_Ge_4_LSU_start_elevenc_long	+	1961	2005	61	0.00000000000000017	1475	1960	1475	1580	1740	1960	all			confident	
PX207188.1	1_SSU_Fungi_Ge_1_SSU_end_onea_long	+	1429	1473	62.9	0.000000000000000046	2_5.8_Fungi_Ge_58S_start_onee_long	+	1583	1627	59.5	0.00000000000000061	3_End_Fungi_Ge_58S_end_ninetyone_long	+	1696	1738	47.6	0.0000000000037	4_LSU_Fungi_Ge_4_LSU_start_elevena_long	+	1939	1983	60.8	0.00000000000000019	1474	1938	1474	1582	1739	1938	all			confident	
PX207218.1	1_SSU_Fungi_Ge_1_SSU_end_onea_long	+	1428	1472	62.9	0.000000000000000046	2_5.8_Fungi_Ge_58S_start_onee_long	+	1578	1622	59.5	0.00000000000000061	3_End_Fungi_Ge_58S_end_eightyeight_long	+	1691	1735	53.2	0.000000000000055	4_LSU_Fungi_Ge_4_LSU_start_eight_long	+	1927	1971	57.6	0.0000000000000021	1473	1926	1473	1577	1736	1926	all			confident	
PX214830.1	1_SSU_Fungi_Ge_1_SSU_end_onea_long	+	1429	1473	62.9	0.000000000000000046	2_5.8_Fungi_Ge_58S_start_onee_long	+	1586	1630	59.5	0.00000000000000061	3_End_Fungi_Ge_58S_end_eightysix_long	+	1699	1742	46.5	0.0000000000076	4_LSU_Fungi_Ge_4_LSU_start_elevena_long	+	1947	1991	59.6	0.00000000000000046	1474	1946	1474	1585	1743	1946	all			confident	
PX214838.1	1_SSU_Fungi_Ge_1_SSU_end_onea_long	+	1428	1472	62.9	0.000000000000000046	2_5.8_Fungi_Ge_58S_start_onee_long	+	1585	1629	59.5	0.00000000000000061	3_End_Fungi_Ge_58S_end_eightysix_long	+	1698	1741	46.5	0.0000000000076	4_LSU_Fungi_Ge_4_LSU_start_elevena_long	+	1938	1982	60.8	0.00000000000000019	1473	1937	1473	1584	1742	1937	all			confident	
PX214775.1	1_SSU_Fungi_Ge_1_SSU_end_onea_long	+	1426	1470	62.9	0.000000000000000046	2_5.8_Fungi_Ge_58S_start_onee_long	+	1575	1619	59.5	0.00000000000000059	3_End_Fungi_Ge_58S_end_twentyfive_long	+	1682	1725	58.3	0.0000000000000011	4_LSU_Fungi_Ge_4_LSU_start_elevena_long	+	1927	1972	42.1	0.00000000013	1471	1926	1471	1574	1726	1926	all			confident	
PX214754.1	1_SSU_Fungi_Ge_1_SSU_end_onea_long	+	1426	1470	62.9	0.000000000000000046	2_5.8_Fungi_Ge_58S_start_onee_long	+	1645	1689	59.5	0.00000000000000061	3_End_Fungi_Ge_58S_end_eightyeight_long	+	1758	1802	58.2	0.0000000000000016	4_LSU_Fungi_Ge_4_LSU_start_elevenc_long	+	1990	2034	57.9	0.0000000000000015	1471	1989	1471	1644	1803	1989	all			confident	
PX207273.1	1_SSU_Fungi_Ge_1_SSU_end_onea_long	+	1429	1473	62.9	0.000000000000000046	2_5.8_Fungi_Ge_58S_start_onee_long	+	1597	1641	59.5	0.00000000000000061	3_End_Fungi_Ge_58S_end_ninetyone_long	+	1711	1754	57.2	0.0000000000000038	4_LSU_Fungi_Ge_4_LSU_start_elevena_long	+	1983	2027	58.7	0.00000000000000084	1474	1982	1474	1596	1755	1982	all			confident	
PX214518.1	1_SSU_Fungi_Ge_1_SSU_end_onea_long	+	1430	1474	62.9	0.000000000000000046	2_5.8_Fungi_Ge_58S_start_onee_long	+	1584	1628	59.5	0.00000000000000061	3_End_Fungi_Ge_58S_end_ninetyone_long	+	1697	1740	52.5	0.00000000000011	4_LSU_Fungi_Ge_4_LSU_start_elevenc_long	+	1965	2009	61	0.00000000000000017	1475	1964	1475	1583	1741	1964	all			confident	
PX214446.1	1_SSU_Fungi_Ge_1_SSU_end_onea_long	+	1431	1475	62.9	0.000000000000000046	2_5.8_Fungi_Ge_58S_start_onee_long	+	1590	1634	59.5	0.00000000000000061	3_End_Fungi_Ge_58S_end_ninetyone_long	+	1702	1745	55.5	0.000000000000012	4_LSU_Fungi_Ge_4_LSU_start_elevenc_long	+	1987	2031	61	0.00000000000000017	1476	1986	1476	1589	1746	1986	all			confident	
PX214974.1	1_SSU_Fungi_Ge_1_SSU_end_onea_long	+	1430	1474	62.9	0.000000000000000046	2_5.8_Fungi_Ge_58S_start_onee_long	+	1580	1624	61.8	0.00000000000000011	3_End_Diversispora_58S_end_long_four	+	1693	1737	60.7	0.00000000000000028	4_LSU_Fungi_Ge_4_LSU_start_elevenc_long	+	1937	1981	45.2	0.000000000015	1475	1936	1475	1579	1738	1936	all			confident	
PX214723.1	1_SSU_Fungi_Ge_1_SSU_end_onea_long	+	1428	1472	62.9	0.000000000000000046	2_5.8_Fungi_Ge_58S_start_onee_long	+	1583	1627	59.5	0.00000000000000061	3_End_Fungi_Ge_58S_end_eightyeight_long	+	1696	1740	57.6	0.0000000000000024	4_LSU_Fungi_Ge_4_LSU_start_fortyfive_long	+	1940	1983	57	0.000000000000003	1473	1939	1473	1582	1741	1939	all			confident	
PX215026.1	1_SSU_Fungi_Ge_1_SSU_end_onea_long	+	1423	1467	62.9	0.000000000000000046	2_5.8_Fungi_Ge_58S_start_onee_long	+	1550	1594	58.9	0.00000000000000089	3_End_Fungi_Ge_58S_end_ninetyeight_long	+	1663	1707	63.1	0.000000000000000047	4_LSU_Fungi_Ge_4_LSU_start_thirtyfive_long	+	1887	1931	54.7	0.000000000000018	1468	1886	1468	1549	1708	1886	all			confident	
PX214816.1	1_SSU_Fungi_Ge_1_SSU_end_onea_long	+	1429	1473	62.9	0.000000000000000046	2_5.8_Fungi_Ge_58S_start_onee_long	+	1581	1625	59.5	0.00000000000000061	3_End_Fungi_Ge_58S_end_twentyfive_long	+	1688	1732	61.2	0.00000000000000014	4_LSU_Fungi_Ge_4_LSU_start_elevena_long	+	1937	1981	59.9	0.00000000000000035	1474	1936	1474	1580	1733	1936	all			confident	
PX214755.1	1_SSU_Fungi_Ge_1_SSU_end_onea_long	+	1429	1473	62.9	0.000000000000000046	2_5.8_Fungi_Ge_58S_start_onee_long	+	1579	1623	59.5	0.00000000000000061	3_End_Fungi_Ge_58S_end_eightyeight_long	+	1692	1736	58.2	0.0000000000000016	4_LSU_Fungi_Ge_4_LSU_start_elevenc_long	+	1928	1970	52.6	0.00000000000007	1474	1927	1474	1578	1737	1927	all			confident	
PX207103.1	1_SSU_Fungi_Ge_1_SSU_end_onea_long	+	1431	1475	62.9	0.000000000000000046	2_5.8_Fungi_Ge_58S_start_threed_long	+	1616	1660	57.9	0.0000000000000016	3_End_Fungi_Ge_58S_end_eightyeight_long	+	1729	1773	57.9	0.0000000000000019	4_LSU_Fungi_Ge_4_LSU_start_fortyfive_long	+	1979	2022	53.4	0.000000000000041	1476	1978	1476	1615	1774	1978	all			confident	
PX214978.1	1_SSU_Fungi_Ge_1_SSU_end_onea_long	+	1431	1475	62.9	0.000000000000000046	2_5.8_Fungi_Ge_58S_start_onee_long	+	1585	1629	61.8	0.00000000000000011	3_End_Diversispora_58S_end_long_four	+	1698	1742	60.7	0.00000000000000028	4_LSU_Fungi_Ge_4_LSU_start_elevenc_long	+	1941	1985	45.2	0.000000000015	1476	1940	1476	1584	1743	1940	all			confident	
PX214697.1	1_SSU_Fungi_Ge_1_SSU_end_onea_long	+	1429	1473	62.9	0.000000000000000046	2_5.8_Fungi_Ge_58S_start_onee_long	+	1566	1610	59.5	0.00000000000000059	3_End_Fungi_Ge_58S_end_eightyeight_long	+	1679	1725	57.8	0.000000000000002	4_LSU_Fungi_Ge_4_LSU_start_fortyfive_long	+	1921	1964	57	0.000000000000003	1474	1920	1474	1565	1726	1920	all			confident	
PX207145.1	1_SSU_Fungi_Tu_1_SSU_end_five_long	+	1429	1473	62.9	0.000000000000000047	2_5.8_Fungi_Ge_58S_start_onee_long	+	1582	1626	59.5	0.00000000000000061	3_End_Fungi_Ge_58S_end_eightyfive_long	+	1695	1739	60.4	0.00000000000000036	4_LSU_Fungi_Ge_4_LSU_start_fortyfive_long	+	1943	1987	59.2	0.00000000000000062	1474	1942	1474	1581	1740	1942	all			confident	
PX215020.1	1_SSU_Fungi_Ge_1_SSU_end_onea_long	+	1430	1474	62.9	0.000000000000000046	2_5.8_Fungi_Ge_58S_start_onee_long	+	1547	1591	60.4	0.00000000000000031	3_End_Fungi_Ge_58S_end_ninetysix_long	+	1660	1702	53.3	0.000000000000052	4_LSU_Fungi_Ge_4_LSU_start_zerod_long	+	1917	1966	41.2	0.00000000029	1475	1916	1475	1546	1703	1916	all			confident	
PX207194.1	1_SSU_Fungi_Ge_1_SSU_end_onea_long	+	1429	1473	62.9	0.000000000000000046	2_5.8_Fungi_Ge_58S_start_onee_long	+	1580	1624	53.3	0.00000000000005	3_End_Fungi_Ge_58S_end_twentyc_long	+	1693	1737	42.6	0.000000000097	4_LSU_Fungi_Ge_4_LSU_start_elevenc_long	+	1927	1971	54.2	0.000000000000022	1474	1926	1474	1579	1738	1926	all			confident	
PX207176.1	1_SSU_Fungi_Ge_1_SSU_end_onea_long	+	1429	1473	62.9	0.000000000000000046	2_5.8_Fungi_Ge_58S_start_onee_long	+	1583	1627	59.5	0.00000000000000061	3_End_Fungi_Ge_58S_end_ninetyone_long	+	1696	1738	47.6	0.0000000000037	4_LSU_Fungi_Ge_4_LSU_start_elevena_long	+	1939	1983	60.8	0.00000000000000019	1474	1938	1474	1582	1739	1938	all			confident	
PX215110.1	1_SSU_Fungi_Ge_1_SSU_end_onea_long	+	1426	1470	62.9	0.000000000000000046	2_5.8_Fungi_Ge_58S_start_onee_long	+	1539	1583	59.1	0.00000000000000079	3_End_Fungi_Ge_58S_end_ninetyeight_long	+	1652	1696	55	0.000000000000015	4_LSU_Fungi_Ge_4_LSU_start_thirtyfive_long	+	1866	1910	51.4	0.00000000000019	1471	1865	1471	1538	1697	1865	all			confident	
PX214651.1	1_SSU_Fungi_Ge_1_SSU_end_onea_long	+	1429	1473	62.9	0.000000000000000046	2_5.8_Fungi_Ge_58S_start_onee_long	+	1563	1607	59.5	0.00000000000000061	3_End_Fungi_Ge_58S_end_eightyeight_long	+	1676	1722	57.8	0.000000000000002	4_LSU_Fungi_Ge_4_LSU_start_eight_long	+	1926	1968	57.5	0.0000000000000022	1474	1925	1474	1562	1723	1925	all			confident	
PX215145.1	1_SSU_Fungi_Ge_1_SSU_end_onea_long	+	1430	1474	62.9	0.000000000000000046	2_5.8_Fungi_Ge_58S_start_onee_long	+	1587	1631	61.8	0.00000000000000011	3_End_Fungi_Ge_58S_end_onehundred_long	+	1694	1738	63.2	0.00000000000000004	4_LSU_Fungi_Ge_4_LSU_start_twentythreea_long	+	1961	2004	45.9	0.0000000000098	1475	1960	1475	1586	1739	1960	all			confident	
PX207190.1	1_SSU_Fungi_Ge_1_SSU_end_onea_long	+	1429	1473	62.9	0.000000000000000046	2_5.8_Fungi_Ge_58S_start_onee_long	+	1585	1629	59.5	0.00000000000000061	3_End_Fungi_Ge_58S_end_twentyfive_long	+	1692	1736	61.2	0.00000000000000014	4_LSU_Fungi_Ge_4_LSU_start_fortyfive_long	+	1934	1978	61.2	0.00000000000000015	1474	1933	1474	1584	1737	1933	all			confident	
PX214722.1	1_SSU_Fungi_Ge_1_SSU_end_onea_long	+	1428	1472	62.9	0.000000000000000046	2_5.8_Fungi_Ge_58S_start_onee_long	+	1583	1627	59.5	0.00000000000000061	3_End_Fungi_Ge_58S_end_eightyeight_long	+	1696	1740	57.6	0.0000000000000024	4_LSU_Fungi_Ge_4_LSU_start_fortyfive_long	+	1940	1983	57	0.000000000000003	1473	1939	1473	1582	1741	1939	all			confident	
PX214954.1	1_SSU_Fungi_Ge_1_SSU_end_onea_long	+	1431	1475	62.9	0.000000000000000046	2_5.8_Fungi_Ge_58S_start_onee_long	+	1577	1621	61.8	0.00000000000000011	3_End_Glomusversiforme_58S_end_long_three	+	1690	1734	60.3	0.00000000000000039	4_LSU_Fungi_Ge_4_LSU_start_elevenc_long	+	1928	1976	37.3	0.0000000044	1476	1927	1476	1576	1735	1927	all			confident	
PX215091.1	1_SSU_Fungi_Ge_1_SSU_end_onea_long	+	1426	1470	62.9	0.000000000000000046	2_5.8_Fungi_Ge_58S_start_onee_long	+	1545	1589	59.1	0.00000000000000079	3_End_Fungi_Ge_58S_end_ninetyeight_long	+	1658	1702	50.5	0.00000000000041	4_LSU_Fungi_Ge_4_LSU_start_thirtyfive_long	+	1875	1919	51.6	0.00000000000018	1471	1874	1471	1544	1703	1874	all			confident	
PX214670.1	1_SSU_Fungi_Ge_1_SSU_end_onea_long	+	1428	1472	62.9	0.000000000000000046	2_5.8_Fungi_Ge_58S_start_onee_long	+	1563	1607	59.5	0.00000000000000059	3_End_Fungi_Ge_58S_end_eightyeight_long	+	1676	1720	57.6	0.0000000000000024	4_LSU_Fungi_Ge_4_LSU_start_fortyfive_long	+	1919	1961	55.1	0.000000000000012	1473	1918	1473	1562	1721	1918	all			confident	
PX207158.1	1_SSU_Fungi_Tu_1_SSU_end_five_long	+	1429	1473	62.9	0.000000000000000047	2_5.8_Fungi_Ge_58S_start_onee_long	+	1581	1625	59.5	0.00000000000000061	3_End_Fungi_Ge_58S_end_eightyfive_long	+	1694	1738	60.4	0.00000000000000036	4_LSU_Fungi_Ge_4_LSU_start_fortyfive_long	+	1942	1986	59.2	0.00000000000000062	1474	1941	1474	1580	1739	1941	all			confident	
PX215096.1	1_SSU_Fungi_Ge_1_SSU_end_onea_long	+	1426	1470	62.9	0.000000000000000046	2_5.8_Fungi_Ge_58S_start_onee_long	+	1543	1587	59.1	0.00000000000000079	3_End_Fungi_Ge_58S_end_ninetyeight_long	+	1656	1700	50.5	0.00000000000041	4_LSU_Fungi_Ge_4_LSU_start_thirtyfive_long	+	1874	1918	54.7	0.000000000000018	1471	1873	1471	1542	1701	1873	all			confident	
PX214451.1	1_SSU_Fungi_Ge_1_SSU_end_onea_long	+	1430	1474	62.9	0.000000000000000046	2_5.8_Fungi_Ge_58S_start_onee_long	+	1579	1623	59.5	0.00000000000000061	3_End_Fungi_Ge_58S_end_ninetyone_long	+	1691	1734	55.5	0.000000000000012	4_LSU_Fungi_Ge_4_LSU_start_elevenc_long	+	1982	2026	61	0.00000000000000017	1475	1981	1475	1578	1735	1981	all			confident	
PX214673.1	1_SSU_Fungi_Ge_1_SSU_end_onea_long	+	1428	1472	62.9	0.000000000000000046	2_5.8_Fungi_Ge_58S_start_onee_long	+	1561	1605	59.5	0.00000000000000059	3_End_Fungi_Ge_58S_end_eightyeight_long	+	1673	1719	57.8	0.000000000000002	4_LSU_Fungi_Ge_4_LSU_start_fortyfive_long	+	1914	1957	55.1	0.000000000000013	1473	1913	1473	1560	1720	1913	all			confident	
PX215133.1	1_SSU_Fungi_Ge_1_SSU_end_onea_long	+	1431	1475	62.9	0.000000000000000046	2_5.8_Fungi_Ge_58S_start_threed_long	+	1614	1658	57.9	0.0000000000000016	3_End_Fungi_Ge_58S_end_eightyeight_long	+	1727	1771	54.5	0.000000000000023	4_LSU_Fungi_Ge_4_LSU_start_fortyfive_long	+	1975	2018	53.4	0.000000000000041	1476	1974	1476	1613	1772	1974	all			confident	
PX214715.1	1_SSU_Fungi_Ge_1_SSU_end_onea_long	+	1428	1472	62.9	0.000000000000000046	2_5.8_Fungi_Ge_58S_start_onee_long	+	1565	1609	59.5	0.00000000000000059	3_End_Fungi_Ge_58S_end_eightyeight_long	+	1678	1722	57.6	0.0000000000000024	4_LSU_Fungi_Ge_4_LSU_start_fortyfive_long	+	1921	1964	57	0.000000000000003	1473	1920	1473	1564	1723	1920	all			confident	
PX214625.1	1_SSU_Fungi_Ge_1_SSU_end_onea_long	+	1427	1471	62.9	0.000000000000000046	2_5.8_Fungi_Ge_58S_start_onee_long	+	1577	1621	59.5	0.00000000000000061	3_End_Fungi_Ge_58S_end_eightyeight_long	+	1690	1734	53.2	0.000000000000055	4_LSU_Fungi_Ge_4_LSU_start_eight_long	+	1925	1968	57.5	0.0000000000000022	1472	1924	1472	1576	1735	1924	all			confident	
PX214482.1	1_SSU_Fungi_Ge_1_SSU_end_onea_long	+	1430	1474	62.9	0.000000000000000046	2_5.8_Fungi_Ge_58S_start_onee_long	+	1582	1627	59.4	0.00000000000000062	3_End_Fungi_Ge_58S_end_ninetyone_long	+	1696	1739	52.5	0.00000000000011	4_LSU_Fungi_Ge_4_LSU_start_elevenc_long	+	1963	2007	61	0.00000000000000017	1475	1962	1475	1581	1740	1962	all			confident	
PX207179.1	1_SSU_Fungi_Ge_1_SSU_end_onea_long	+	1429	1473	62.9	0.000000000000000046	2_5.8_Fungi_Ge_58S_start_onee_long	+	1583	1627	59.5	0.00000000000000061	3_End_Fungi_Ge_58S_end_ninetyone_long	+	1696	1738	47.6	0.0000000000037	4_LSU_Fungi_Ge_4_LSU_start_elevena_long	+	1939	1983	60.8	0.00000000000000019	1474	1938	1474	1582	1739	1938	all			confident	
PX207160.1	1_SSU_Fungi_Tu_1_SSU_end_five_long	+	1429	1473	62.9	0.000000000000000047	2_5.8_Fungi_Ge_58S_start_onee_long	+	1582	1626	59.5	0.00000000000000061	3_End_Fungi_Ge_58S_end_eightyfive_long	+	1695	1739	60.4	0.00000000000000036	4_LSU_Fungi_Ge_4_LSU_start_fortyfive_long	+	1943	1987	59.2	0.00000000000000062	1474	1942	1474	1581	1740	1942	all			confident	
PX214960.1	1_SSU_Fungi_Ge_1_SSU_end_onea_long	+	1430	1474	62.9	0.000000000000000046	2_5.8_Fungi_Ge_58S_start_onee_long	+	1577	1621	61.8	0.00000000000000011	3_End_Diversispora_58S_end_long_four	+	1690	1734	60.7	0.00000000000000028	4_LSU_Fungi_Ge_4_LSU_start_elevenc_long	+	1934	1982	36.9	0.0000000059	1475	1933	1475	1576	1735	1933	all			confident	
PX214736.1	1_SSU_Fungi_Ge_1_SSU_end_onea_long	+	1428	1472	62.9	0.000000000000000046	2_5.8_Fungi_Ge_58S_start_onee_long	+	1583	1627	59.5	0.00000000000000059	3_End_Fungi_Ge_58S_end_eightyeight_long	+	1696	1740	57.6	0.0000000000000024	4_LSU_Fungi_Ge_4_LSU_start_fortyfive_long	+	1945	1987	55.1	0.000000000000012	1473	1944	1473	1582	1741	1944	all			confident	
PX207131.1	1_SSU_Fungi_Ge_1_SSU_end_onea_long	+	1426	1470	62.9	0.000000000000000046	2_5.8_Fungi_Ge_58S_start_onee_long	+	1543	1587	58.9	0.00000000000000089	3_End_Fungi_Ge_58S_end_ninetyeight_long	+	1656	1700	41.9	0.00000000019	4_LSU_Fungi_Ge_4_LSU_start_thirtyfive_long	+	1874	1918	54.7	0.000000000000018	1471	1873	1471	1542	1701	1873	all			confident	
PX214917.1	1_SSU_Fungi_Ge_1_SSU_end_onea_long	+	1431	1475	62.9	0.000000000000000046	2_5.8_Fungi_Ge_58S_start_onee_long	+	1574	1618	61.8	0.00000000000000011	3_End_Diversispora_58S_end_long_four	+	1687	1731	60.7	0.00000000000000028	4_LSU_Fungi_Ge_4_LSU_start_elevenc_long	+	1926	1974	42.1	0.00000000014	1476	1925	1476	1573	1732	1925	all			confident	
PX215130.1	1_SSU_Fungi_Ge_1_SSU_end_onea_long	+	1432	1476	62.9	0.000000000000000046	2_5.8_Fungi_Ge_58S_start_threed_long	+	1616	1660	57.9	0.0000000000000016	3_End_Fungi_Ge_58S_end_eightyeight_long	+	1729	1773	54.5	0.000000000000023	4_LSU_Fungi_Ge_4_LSU_start_fortyfive_long	+	1982	2024	53.3	0.000000000000044	1477	1981	1477	1615	1774	1981	all			confident	
PX214532.1	1_SSU_Fungi_Ge_1_SSU_end_onea_long	+	1430	1474	62.9	0.000000000000000046	2_5.8_Fungi_Ge_58S_start_onee_long	+	1584	1628	59.5	0.00000000000000061	3_End_Fungi_Ge_58S_end_ninetyone_long	+	1697	1740	52.5	0.00000000000011	4_LSU_Fungi_Ge_4_LSU_start_elevenc_long	+	1962	2006	61	0.00000000000000017	1475	1961	1475	1583	1741	1961	all			confident	
PX214554.1	1_SSU_Fungi_Ge_1_SSU_end_onea_long	+	1431	1475	62.9	0.000000000000000046	2_5.8_Fungi_Ge_58S_start_onee_long	+	1584	1628	59.5	0.00000000000000061	3_End_Fungi_Ge_58S_end_ninetyone_long	+	1697	1740	52.5	0.00000000000011	4_LSU_Fungi_Ge_4_LSU_start_elevenc_long	+	1964	2008	61	0.00000000000000017	1476	1963	1476	1583	1741	1963	all			confident	
PX207171.1	1_SSU_Fungi_Ge_1_SSU_end_onea_long	+	1429	1473	62.9	0.000000000000000046	2_5.8_Fungi_Ge_58S_start_onee_long	+	1583	1627	59.5	0.00000000000000061	3_End_Fungi_Ge_58S_end_eightysix_long	+	1696	1739	46.5	0.0000000000076	4_LSU_Fungi_Ge_4_LSU_start_elevena_long	+	1950	1994	60.8	0.00000000000000019	1474	1949	1474	1582	1740	1949	all			confident	
PX215160.1	1_SSU_Fungi_Ge_1_SSU_end_onea_long	+	1430	1474	62.9	0.000000000000000046	2_5.8_Fungi_Ge_58S_start_onee_long	+	1585	1629	61.8	0.00000000000000011	3_End_Fungi_Ge_58S_end_onehundred_long	+	1692	1736	61	0.0000000000000002	4_LSU_Fungi_Ge_4_LSU_start_twentythreea_long	+	1962	2008	46.2	0.0000000000081	1475	1961	1475	1584	1737	1961	all			confident	
PX207118.1	1_SSU_Fungi_Ge_1_SSU_end_onea_long	+	1423	1467	62.9	0.000000000000000046	2_5.8_Fungi_Ge_58S_start_onee_long	+	1549	1593	58.9	0.00000000000000089	3_End_Fungi_Ge_58S_end_ninetyeight_long	+	1662	1706	63.1	0.000000000000000047	4_LSU_Fungi_Ge_4_LSU_start_thirtyfive_long	+	1884	1928	54.7	0.000000000000018	1468	1883	1468	1548	1707	1883	all			confident	
PX214632.1	1_SSU_Fungi_Ge_1_SSU_end_onea_long	+	1429	1473	62.9	0.000000000000000046	2_5.8_Fungi_Ge_58S_start_onee_long	+	1581	1625	59.5	0.00000000000000061	3_End_Fungi_Ge_58S_end_eightyeight_long	+	1694	1737	57.2	0.0000000000000032	4_LSU_Fungi_Ge_4_LSU_start_eight_long	+	1944	1986	57.5	0.0000000000000022	1474	1943	1474	1580	1738	1943	all			confident	
PX214981.1	1_SSU_Fungi_Ge_1_SSU_end_onea_long	+	1430	1474	62.9	0.000000000000000046	2_5.8_Fungi_Ge_58S_start_onee_long	+	1576	1620	61.8	0.00000000000000011	3_End_Diversispora_58S_end_long_four	+	1689	1733	60.7	0.00000000000000028	4_LSU_Fungi_Ge_4_LSU_start_elevenc_long	+	1933	1977	45.2	0.000000000015	1475	1932	1475	1575	1734	1932	all			confident	
PX214801.1	1_SSU_Fungi_Ge_1_SSU_end_onea_long	+	1429	1473	62.9	0.000000000000000046	2_5.8_Fungi_Ge_58S_start_onee_long	+	1583	1627	59.5	0.00000000000000061	3_End_Fungi_Ge_58S_end_twentyfive_long	+	1690	1740	48.2	0.0000000000016	4_LSU_Fungi_Ge_4_LSU_start_elevena_long	+	1948	1992	60.8	0.00000000000000019	1474	1947	1474	1582	1741	1947	all			confident	
PX214955.1	1_SSU_Fungi_Ge_1_SSU_end_onea_long	+	1430	1474	62.9	0.000000000000000046	2_5.8_Fungi_Ge_58S_start_onee_long	+	1575	1619	61.8	0.00000000000000011	3_End_Diversispora_58S_end_long_four	+	1688	1732	60.7	0.00000000000000028	4_LSU_Fungi_Ge_4_LSU_start_elevenc_long	+	1928	1976	42.1	0.00000000014	1475	1927	1475	1574	1733	1927	all			confident	
PX214792.1	1_SSU_Fungi_Ge_1_SSU_end_onea_long	+	1429	1473	62.9	0.000000000000000046	2_5.8_Fungi_Ge_58S_start_zero_long	+	1583	1627	55.5	0.000000000000011	3_End_Fungi_Ge_58S_end_ninetyone_long	+	1696	1738	47.6	0.0000000000037	4_LSU_Fungi_Ge_4_LSU_start_elevena_long	+	1939	1983	60.8	0.00000000000000019	1474	1938	1474	1582	1739	1938	all			confident	
PX215068.1	1_SSU_Fungi_Ge_1_SSU_end_onea_long	+	1423	1467	62.9	0.000000000000000046	2_5.8_Fungi_Ge_58S_start_onee_long	+	1548	1592	58.9	0.00000000000000089	3_End_Fungi_Ge_58S_end_ninetyeight_long	+	1661	1705	63.1	0.000000000000000047	4_LSU_Fungi_Ge_4_LSU_start_thirtyfive_long	+	1885	1929	54.7	0.000000000000018	1468	1884	1468	1547	1706	1884	all			confident	
PX207255.1	1_SSU_Fungi_Ge_1_SSU_end_onea_long	+	1430	1474	62.9	0.000000000000000046	2_5.8_Fungi_Ge_58S_start_onee_long	+	1581	1627	59.5	0.00000000000000059	3_End_Fungi_Ge_58S_end_ninetyone_long	+	1696	1739	52.5	0.00000000000011	4_LSU_Fungi_Ge_4_LSU_start_elevenc_long	+	1961	2005	61	0.00000000000000017	1475	1960	1475	1580	1740	1960	all			confident	
PX214562.1	1_SSU_Fungi_Ge_1_SSU_end_onea_long	+	1430	1474	62.9	0.000000000000000046	2_5.8_Fungi_Ge_58S_start_onee_long	+	1583	1629	59.5	0.00000000000000059	3_End_Fungi_Ge_58S_end_ninetyone_long	+	1698	1741	52.5	0.00000000000011	4_LSU_Fungi_Ge_4_LSU_start_elevenc_long	+	1966	2010	61	0.00000000000000017	1475	1965	1475	1582	1742	1965	all			confident	
PX207205.1	1_SSU_Fungi_Ge_1_SSU_end_onea_long	+	1429	1473	62.9	0.000000000000000046	2_5.8_Fungi_Ge_58S_start_onee_long	+	1581	1625	59.5	0.00000000000000061	3_End_Fungi_Ge_58S_end_eightysix_long	+	1694	1737	53.6	0.000000000000048	4_LSU_Fungi_Ge_4_LSU_start_fortyfive_long	+	1942	1986	61.2	0.00000000000000015	1474	1941	1474	1580	1738	1941	all			confident	
PX214915.1	1_SSU_Fungi_Ge_1_SSU_end_onea_long	+	1431	1475	62.9	0.000000000000000046	2_5.8_Fungi_Ge_58S_start_onee_long	+	1573	1617	61.8	0.00000000000000011	3_End_Diversispora_58S_end_long_four	+	1686	1730	60.7	0.00000000000000028	4_LSU_Fungi_Ge_4_LSU_start_elevenc_long	+	1925	1973	42.1	0.00000000014	1476	1924	1476	1572	1731	1924	all			confident	
PX214989.1	1_SSU_Fungi_Ge_1_SSU_end_onea_long	+	1430	1474	62.9	0.000000000000000046	2_5.8_Fungi_Ge_58S_start_onee_long	+	1577	1621	61.8	0.00000000000000011	3_End_Diversispora_58S_end_long_four	+	1690	1734	60.9	0.00000000000000024	4_LSU_Fungi_Ge_4_LSU_start_elevenc_long	+	1931	1979	42.1	0.00000000014	1475	1930	1475	1576	1735	1930	all			confident	
PX207162.1	1_SSU_Fungi_Ge_1_SSU_end_onea_long	+	1429	1473	62.9	0.000000000000000046	2_5.8_Fungi_Ge_58S_start_onee_long	+	1580	1624	59.5	0.00000000000000061	3_End_Fungi_Ge_58S_end_twentyfive_long	+	1687	1731	59.6	0.00000000000000044	4_LSU_Fungi_Ge_4_LSU_start_elevena_long	+	1944	1988	60.8	0.00000000000000019	1474	1943	1474	1579	1732	1943	all			confident	
PX215105.1	1_SSU_Fungi_Ge_1_SSU_end_onea_long	+	1426	1470	62.9	0.000000000000000046	2_5.8_Fungi_Ge_58S_start_onee_long	+	1546	1590	58.9	0.00000000000000089	3_End_Fungi_Ge_58S_end_ninetyeight_long	+	1659	1703	51	0.00000000000027	4_LSU_Fungi_Ge_4_LSU_start_thirtyfive_long	+	1882	1926	54.7	0.000000000000018	1471	1881	1471	1545	1704	1881	all			confident	
PX214880.1	1_SSU_Fungi_Ge_1_SSU_end_onea_long	+	1427	1471	62.9	0.000000000000000046	2_5.8_Fungi_Ge_58S_start_onee_long	+	1579	1623	59.5	0.00000000000000061	3_End_Fungi_Ge_58S_end_twentyfive_long	+	1686	1729	56.5	0.0000000000000042	4_LSU_Fungi_Ge_4_LSU_start_elevenc_long	+	1930	1973	57.5	0.0000000000000021	1472	1929	1472	1578	1730	1929	all			confident	
PX215139.1	1_SSU_Fungi_Ge_1_SSU_end_onea_long	+	1431	1475	62.9	0.000000000000000046	2_5.8_Fungi_Ge_58S_start_threed_long	+	1615	1659	57.9	0.0000000000000016	3_End_Fungi_Ge_58S_end_eightyeight_long	+	1728	1772	57.9	0.0000000000000019	4_LSU_Fungi_Ge_4_LSU_start_fortyfive_long	+	1978	2021	53.4	0.000000000000041	1476	1977	1476	1614	1773	1977	all			confident	
PX214567.1	1_SSU_Fungi_Ge_1_SSU_end_onea_long	+	1430	1474	62.9	0.000000000000000046	2_5.8_Fungi_Ge_58S_start_onee_long	+	1587	1631	59.5	0.00000000000000061	3_End_Fungi_Ge_58S_end_ninetyone_long	+	1700	1743	52.5	0.00000000000011	4_LSU_Fungi_Ge_4_LSU_start_elevenc_long	+	1968	2012	61	0.00000000000000017	1475	1967	1475	1586	1744	1967	all			confident	
PX207195.1	1_SSU_Fungi_Ge_1_SSU_end_onea_long	+	1429	1473	62.9	0.000000000000000046	2_5.8_Fungi_Ge_58S_start_onee_long	+	1575	1619	59.5	0.00000000000000061	3_End_Fungi_Ge_58S_end_twentyfive_long	+	1682	1726	56.7	0.0000000000000037	4_LSU_Fungi_Ge_4_LSU_start_fortyfive_long	+	1932	1976	61.2	0.00000000000000015	1474	1931	1474	1574	1727	1931	all			confident	
PX214980.1	1_SSU_Fungi_Ge_1_SSU_end_onea_long	+	1431	1475	62.9	0.000000000000000046	2_5.8_Fungi_Ge_58S_start_onee_long	+	1585	1629	61.8	0.00000000000000011	3_End_Diversispora_58S_end_long_four	+	1698	1742	60.7	0.00000000000000028	4_LSU_Fungi_Ge_4_LSU_start_elevenc_long	+	1941	1985	45.2	0.000000000015	1476	1940	1476	1584	1743	1940	all			confident	
PX214783.1	1_SSU_Fungi_Ge_1_SSU_end_onea_long	+	1429	1473	62.9	0.000000000000000046	2_5.8_Fungi_Ge_58S_start_onee_long	+	1580	1624	59.5	0.00000000000000061	3_End_Fungi_Ge_58S_end_twentyfive_long	+	1687	1731	61.2	0.00000000000000014	4_LSU_Fungi_Ge_4_LSU_start_elevena_long	+	1947	1991	59.9	0.00000000000000035	1474	1946	1474	1579	1732	1946	all			confident	
PX214493.1	1_SSU_Fungi_Ge_1_SSU_end_onea_long	+	1430	1474	62.9	0.000000000000000046	2_5.8_Fungi_Ge_58S_start_onee_long	+	1581	1627	59.5	0.00000000000000059	3_End_Fungi_Ge_58S_end_ninetyone_long	+	1696	1739	52.5	0.00000000000011	4_LSU_Fungi_Ge_4_LSU_start_elevenc_long	+	1963	2007	61	0.00000000000000017	1475	1962	1475	1580	1740	1962	all			confident	
PX214916.1	1_SSU_Fungi_Ge_1_SSU_end_onea_long	+	1431	1475	62.9	0.000000000000000046	2_5.8_Fungi_Ge_58S_start_onee_long	+	1574	1618	61.8	0.00000000000000011	3_End_Diversispora_58S_end_long_four	+	1687	1731	60.7	0.00000000000000028	4_LSU_Fungi_Ge_4_LSU_start_elevenc_long	+	1926	1974	42.1	0.00000000014	1476	1925	1476	1573	1732	1925	all			confident	
PX214701.1	1_SSU_Fungi_Ge_1_SSU_end_onea_long	+	1429	1473	62.9	0.000000000000000046	2_5.8_Fungi_Ge_58S_start_onee_long	+	1566	1610	59.5	0.00000000000000059	3_End_Fungi_Ge_58S_end_eightyeight_long	+	1679	1725	57.8	0.000000000000002	4_LSU_Fungi_Ge_4_LSU_start_fortyfive_long	+	1922	1965	57	0.000000000000003	1474	1921	1474	1565	1726	1921	all			confident	
PX214480.1	1_SSU_Fungi_Ge_1_SSU_end_onea_long	+	1430	1474	62.9	0.000000000000000046	2_5.8_Fungi_Ge_58S_start_onee_long	+	1597	1641	59.5	0.00000000000000061	3_End_Fungi_Ge_58S_end_ninetyone_long	+	1710	1753	52.6	0.000000000000098	4_LSU_Fungi_Ge_4_LSU_start_elevenc_long	+	1985	2029	61	0.00000000000000017	1475	1984	1475	1596	1754	1984	all			confident	
PX214812.1	1_SSU_Fungi_Ge_1_SSU_end_onea_long	+	1429	1473	62.9	0.000000000000000046	2_5.8_Fungi_Ge_58S_start_onee_long	+	1583	1627	59.5	0.00000000000000061	3_End_Fungi_Ge_58S_end_ninetyone_long	+	1696	1738	47.6	0.0000000000037	4_LSU_Fungi_Ge_4_LSU_start_elevena_long	+	1941	1985	60.8	0.00000000000000019	1474	1940	1474	1582	1739	1940	all			confident	
PX215003.1	1_SSU_Fungi_Ge_1_SSU_end_onea_long	+	1431	1475	62.9	0.000000000000000046	2_5.8_Fungi_Ge_58S_start_onee_long	+	1576	1620	61.8	0.00000000000000011	3_End_Diversispora_58S_end_long_four	+	1689	1733	60.7	0.00000000000000028	4_LSU_Fungi_Ge_4_LSU_start_elevenc_long	+	1930	1974	45.2	0.000000000015	1476	1929	1476	1575	1734	1929	all			confident	
PX214770.1	1_SSU_Fungi_Ge_1_SSU_end_onea_long	+	1428	1472	62.9	0.000000000000000046	2_5.8_Fungi_Ge_58S_start_onee_long	+	1579	1623	59.5	0.00000000000000061	3_End_Fungi_Ge_58S_end_eightyeight_long	+	1692	1736	57.8	0.0000000000000021	4_LSU_Fungi_Ge_4_LSU_start_elevenc_long	+	1918	1963	55.7	0.0000000000000079	1473	1917	1473	1578	1737	1917	all			confident	
PX215104.1	1_SSU_Fungi_Ge_1_SSU_end_onea_long	+	1426	1470	62.9	0.000000000000000046	2_5.8_Fungi_Ge_58S_start_onee_long	+	1551	1595	58.9	0.00000000000000089	3_End_Fungi_Ge_58S_end_ninetyeight_long	+	1664	1708	55	0.000000000000015	4_LSU_Fungi_Ge_4_LSU_start_thirtyfive_long	+	1884	1928	54.7	0.000000000000018	1471	1883	1471	1550	1709	1883	all			confident	
PX214850.1	1_SSU_Fungi_Tu_1_SSU_end_five_long	+	1428	1472	62.9	0.000000000000000047	2_5.8_Fungi_Ge_58S_start_onee_long	+	1574	1618	59.5	0.00000000000000061	3_End_Fungi_Ge_58S_end_twentyfive_long	+	1680	1724	61.2	0.00000000000000014	4_LSU_Fungi_Ge_4_LSU_start_elevena_long	+	1937	1981	60.8	0.00000000000000019	1473	1936	1473	1573	1725	1936	all			confident	
PX214952.1	1_SSU_Fungi_Ge_1_SSU_end_onea_long	+	1431	1475	62.9	0.000000000000000046	2_5.8_Fungi_Ge_58S_start_onee_long	+	1579	1623	61.8	0.00000000000000011	3_End_Glomusversiforme_58S_end_long_five	+	1692	1736	59.7	0.00000000000000056	4_LSU_Fungi_Ge_4_LSU_start_elevenc_long	+	1932	1980	37.3	0.0000000044	1476	1931	1476	1578	1737	1931	all			confident	
PX214712.1	1_SSU_Fungi_Ge_1_SSU_end_onea_long	+	1428	1472	62.9	0.000000000000000046	2_5.8_Fungi_Ge_58S_start_onee_long	+	1567	1611	59.5	0.00000000000000059	3_End_Fungi_Ge_58S_end_eightyeight_long	+	1680	1726	57.8	0.000000000000002	4_LSU_Fungi_Ge_4_LSU_start_fortyfive_long	+	1923	1966	57	0.000000000000003	1473	1922	1473	1566	1727	1922	all			confident	
PX214478.1	1_SSU_Fungi_Ge_1_SSU_end_onea_long	+	1430	1474	62.9	0.000000000000000046	2_5.8_Fungi_Ge_58S_start_onee_long	+	1592	1636	59.5	0.00000000000000061	3_End_Fungi_Ge_58S_end_ninetyone_long	+	1705	1748	55.5	0.000000000000012	4_LSU_Fungi_Ge_4_LSU_start_elevenc_long	+	1979	2023	61	0.00000000000000017	1475	1978	1475	1591	1749	1978	all			confident	
PX214823.1	1_SSU_Fungi_Ge_1_SSU_end_onea_long	+	1429	1473	62.9	0.000000000000000046	2_5.8_Fungi_Ge_58S_start_onee_long	+	1586	1630	59.5	0.00000000000000061	3_End_Fungi_Ge_58S_end_eightysix_long	+	1699	1742	46.5	0.0000000000076	4_LSU_Fungi_Ge_4_LSU_start_elevena_long	+	1950	1994	60.8	0.00000000000000019	1474	1949	1474	1585	1743	1949	all			confident	
PX215108.1	1_SSU_Fungi_Ge_1_SSU_end_onea_long	+	1426	1470	62.9	0.000000000000000046	2_5.8_Fungi_Ge_58S_start_onee_long	+	1542	1586	59.1	0.00000000000000079	3_End_Fungi_Ge_58S_end_ninetyeight_long	+	1655	1699	55	0.000000000000015	4_LSU_Fungi_Ge_4_LSU_start_thirtyfive_long	+	1873	1917	54.7	0.000000000000018	1471	1872	1471	1541	1700	1872	all			confident	
PX214721.1	1_SSU_Fungi_Ge_1_SSU_end_onea_long	+	1428	1472	62.9	0.000000000000000046	2_5.8_Fungi_Ge_58S_start_onee_long	+	1582	1626	59.5	0.00000000000000059	3_End_Fungi_Ge_58S_end_eightyeight_long	+	1695	1739	54.1	0.000000000000029	4_LSU_Fungi_Ge_4_LSU_start_fortyfive_long	+	1939	1982	57	0.000000000000003	1473	1938	1473	1581	1740	1938	all			confident	
PX214470.1	1_SSU_Fungi_Ge_1_SSU_end_onea_long	+	1430	1474	62.9	0.000000000000000046	2_5.8_Fungi_Ge_58S_start_onee_long	+	1578	1622	59.5	0.00000000000000061	3_End_Fungi_Ge_58S_end_ninetyone_long	+	1691	1734	55.5	0.000000000000012	4_LSU_Fungi_Ge_4_LSU_start_elevenc_long	+	1964	2008	61	0.00000000000000017	1475	1963	1475	1577	1735	1963	all			confident	
PX214521.1	1_SSU_Fungi_Ge_1_SSU_end_onea_long	+	1430	1474	62.9	0.000000000000000046	2_5.8_Fungi_Ge_58S_start_onee_long	+	1584	1628	59.5	0.00000000000000061	3_End_Fungi_Ge_58S_end_ninetyone_long	+	1697	1740	52.5	0.00000000000011	4_LSU_Fungi_Ge_4_LSU_start_elevenc_long	+	1963	2007	61	0.00000000000000017	1475	1962	1475	1583	1741	1962	all			confident	
PX207169.1	1_SSU_Fungi_Ge_1_SSU_end_onea_long	+	1429	1473	62.9	0.000000000000000046	2_5.8_Fungi_Ge_58S_start_onee_long	+	1583	1627	59.5	0.00000000000000061	3_End_Fungi_Ge_58S_end_ninetyone_long	+	1696	1738	47.6	0.0000000000037	4_LSU_Fungi_Ge_4_LSU_start_elevena_long	+	1941	1985	60.8	0.00000000000000019	1474	1940	1474	1582	1739	1940	all			confident	
PX214966.1	1_SSU_Fungi_Ge_1_SSU_end_onea_long	+	1430	1474	62.9	0.000000000000000046	2_5.8_Fungi_Ge_58S_start_onee_long	+	1584	1628	61.8	0.00000000000000011	3_End_Diversispora_58S_end_long_four	+	1697	1741	60.7	0.00000000000000028	4_LSU_Fungi_Ge_4_LSU_start_elevenc_long	+	1941	1985	45.2	0.000000000015	1475	1940	1475	1583	1742	1940	all			confident	
PX214574.1	1_SSU_Fungi_Ge_1_SSU_end_onea_long	+	1429	1473	62.9	0.000000000000000046	2_5.8_Fungi_Ge_58S_start_onee_long	+	1590	1634	59.5	0.00000000000000061	3_End_Fungi_Ge_58S_end_ninetyone_long	+	1704	1747	57.2	0.0000000000000038	4_LSU_Fungi_Ge_4_LSU_start_elevena_long	+	1975	2019	58.7	0.00000000000000084	1474	1974	1474	1589	1748	1974	all			confident	
PX214934.1	1_SSU_Fungi_Ge_1_SSU_end_onea_long	+	1431	1475	62.9	0.000000000000000046	2_5.8_Fungi_Ge_58S_start_onee_long	+	1579	1623	61.8	0.00000000000000011	3_End_Diversispora_58S_end_long_nine	+	1691	1735	60.2	0.00000000000000039	4_LSU_Fungi_Ge_4_LSU_start_elevenc_long	+	1929	1977	42.1	0.00000000014	1476	1928	1476	1578	1736	1928	all			confident	
PX214979.1	1_SSU_Fungi_Ge_1_SSU_end_onea_long	+	1431	1475	62.9	0.000000000000000046	2_5.8_Fungi_Ge_58S_start_onee_long	+	1585	1629	61.8	0.00000000000000011	3_End_Diversispora_58S_end_long_four	+	1698	1742	60.7	0.00000000000000028	4_LSU_Fungi_Ge_4_LSU_start_elevenc_long	+	1941	1985	45.2	0.000000000015	1476	1940	1476	1584	1743	1940	all			confident	
PX214477.1	1_SSU_Fungi_Ge_1_SSU_end_onea_long	+	1430	1474	62.9	0.000000000000000046	2_5.8_Fungi_Ge_58S_start_onee_long	+	1594	1638	59.5	0.00000000000000061	3_End_Fungi_Ge_58S_end_ninetyone_long	+	1707	1750	55.5	0.000000000000012	4_LSU_Fungi_Ge_4_LSU_start_elevenc_long	+	1981	2025	61	0.00000000000000017	1475	1980	1475	1593	1751	1980	all			confident	
PX207140.1	1_SSU_Fungi_Ge_1_SSU_end_onea_long	+	1426	1470	62.9	0.000000000000000046	2_5.8_Fungi_Ge_58S_start_onee_long	+	1545	1589	59.1	0.00000000000000079	3_End_Fungi_Ge_58S_end_ninetyeight_long	+	1658	1702	51	0.00000000000027	4_LSU_Fungi_Ge_4_LSU_start_thirtyfive_long	+	1877	1921	54.7	0.000000000000018	1471	1876	1471	1544	1703	1876	all			confident	
PX214631.1	1_SSU_Fungi_Ge_1_SSU_end_onea_long	+	1429	1473	62.9	0.000000000000000046	2_5.8_Fungi_Ge_58S_start_onee_long	+	1581	1625	59.5	0.00000000000000061	3_End_Fungi_Ge_58S_end_eightyeight_long	+	1694	1737	57.2	0.0000000000000032	4_LSU_Fungi_Ge_4_LSU_start_eight_long	+	1944	1986	57.5	0.0000000000000022	1474	1943	1474	1580	1738	1943	all			confident	
PX214618.1	1_SSU_Fungi_Ge_1_SSU_end_onea_long	+	1428	1472	62.9	0.000000000000000046	2_5.8_Fungi_Ge_58S_start_onee_long	+	1577	1621	59.5	0.00000000000000061	3_End_Fungi_Ge_58S_end_eightyeight_long	+	1690	1734	53.2	0.000000000000055	4_LSU_Fungi_Ge_4_LSU_start_eight_long	+	1926	1969	57.5	0.0000000000000022	1473	1925	1473	1576	1735	1925	all			confident	
PX214994.1	1_SSU_Fungi_Ge_1_SSU_end_onea_long	+	1430	1474	62.9	0.000000000000000046	2_5.8_Fungi_Ge_58S_start_onee_long	+	1577	1621	61.8	0.00000000000000011	3_End_Diversispora_58S_end_long_four	+	1690	1734	60.9	0.00000000000000024	4_LSU_Fungi_Ge_4_LSU_start_elevenc_long	+	1930	1978	42.1	0.00000000014	1475	1929	1475	1576	1735	1929	all			confident	
PX214636.1	1_SSU_Fungi_Ge_1_SSU_end_onea_long	+	1429	1473	62.9	0.000000000000000046	2_5.8_Fungi_Ge_58S_start_onee_long	+	1575	1619	59.5	0.00000000000000061	3_End_Fungi_Ge_58S_end_eightyeight_long	+	1688	1731	57.2	0.0000000000000032	4_LSU_Fungi_Ge_4_LSU_start_eight_long	+	1939	1981	57.5	0.0000000000000022	1474	1938	1474	1574	1732	1938	all			confident	
PX214653.1	1_SSU_Fungi_Ge_1_SSU_end_onea_long	+	1429	1473	62.9	0.000000000000000046	2_5.8_Fungi_Ge_58S_start_onee_long	+	1582	1626	59.5	0.00000000000000061	3_End_Fungi_Ge_58S_end_eightyeight_long	+	1695	1741	57.8	0.000000000000002	4_LSU_Fungi_Ge_4_LSU_start_eight_long	+	1937	1979	57.5	0.0000000000000022	1474	1936	1474	1581	1742	1936	all			confident	
PX207217.1	1_SSU_Fungi_Ge_1_SSU_end_onea_long	+	1428	1472	62.9	0.000000000000000046	2_5.8_Fungi_Ge_58S_start_onee_long	+	1577	1621	59.5	0.00000000000000061	3_End_Fungi_Ge_58S_end_eightyeight_long	+	1690	1734	53.2	0.000000000000055	4_LSU_Fungi_Ge_4_LSU_start_eight_long	+	1926	1969	57.5	0.0000000000000022	1473	1925	1473	1576	1735	1925	all			confident	
PX215047.1	1_SSU_Fungi_Ge_1_SSU_end_onea_long	+	1423	1467	62.9	0.000000000000000046	2_5.8_Fungi_Ge_58S_start_onee_long	+	1551	1595	58.9	0.00000000000000089	3_End_Fungi_Ge_58S_end_ninetyeight_long	+	1664	1708	63.1	0.000000000000000047	4_LSU_Fungi_Ge_4_LSU_start_thirtyfive_long	+	1901	1945	54.7	0.000000000000018	1468	1900	1468	1550	1709	1900	all			confident	
PX214921.1	1_SSU_Fungi_Ge_1_SSU_end_onea_long	+	1431	1475	62.9	0.000000000000000046	2_5.8_Fungi_Ge_58S_start_onee_long	+	1574	1618	61.8	0.00000000000000011	3_End_Diversispora_58S_end_long_nine	+	1687	1731	51.6	0.00000000000019	4_LSU_Fungi_Ge_4_LSU_start_elevenc_long	+	1926	1974	42.1	0.00000000014	1476	1925	1476	1573	1732	1925	all			confident	
PX215044.1	1_SSU_Fungi_Ge_1_SSU_end_onea_long	+	1423	1467	62.9	0.000000000000000046	2_5.8_Fungi_Ge_58S_start_onee_long	+	1551	1595	58.9	0.00000000000000089	3_End_Fungi_Ge_58S_end_ninetyeight_long	+	1664	1708	63.1	0.000000000000000047	4_LSU_Fungi_Ge_4_LSU_start_thirtyfive_long	+	1898	1942	54.7	0.000000000000018	1468	1897	1468	1550	1709	1897	all			confident	
PX214950.1	1_SSU_Fungi_Ge_1_SSU_end_onea_long	+	1430	1474	62.9	0.000000000000000046	2_5.8_Fungi_Ge_58S_start_onee_long	+	1575	1619	61.8	0.00000000000000011	3_End_Glomusversiforme_58S_end_long_five	+	1688	1732	59.7	0.00000000000000056	4_LSU_Fungi_Ge_4_LSU_start_elevenc_long	+	1928	1976	37.3	0.0000000044	1475	1927	1475	1574	1733	1927	all			confident	
PX214650.1	1_SSU_Fungi_Ge_1_SSU_end_onea_long	+	1429	1473	62.9	0.000000000000000046	2_5.8_Fungi_Ge_58S_start_onee_long	+	1563	1607	59.5	0.00000000000000061	3_End_Fungi_Ge_58S_end_eightyeight_long	+	1676	1722	57.8	0.000000000000002	4_LSU_Fungi_Ge_4_LSU_start_eight_long	+	1924	1966	57.5	0.0000000000000022	1474	1923	1474	1562	1723	1923	all			confident	
PX214833.1	1_SSU_Fungi_Ge_1_SSU_end_onea_long	+	1429	1473	62.9	0.000000000000000046	2_5.8_Fungi_Ge_58S_start_onee_long	+	1584	1628	59.5	0.00000000000000061	3_End_Fungi_Ge_58S_end_eightysix_long	+	1697	1740	46.5	0.0000000000076	4_LSU_Fungi_Ge_4_LSU_start_elevena_long	+	1943	1987	57.5	0.000000000000002	1474	1942	1474	1583	1741	1942	all			confident	
PX214963.1	1_SSU_Fungi_Ge_1_SSU_end_onea_long	+	1430	1474	62.9	0.000000000000000046	2_5.8_Fungi_Ge_58S_start_onee_long	+	1584	1628	61.8	0.00000000000000011	3_End_Diversispora_58S_end_long_four	+	1697	1741	60.7	0.00000000000000028	4_LSU_Fungi_Ge_4_LSU_start_elevenc_long	+	1941	1985	45.2	0.000000000015	1475	1940	1475	1583	1742	1940	all			confident	
PX214472.1	1_SSU_Fungi_Ge_1_SSU_end_onea_long	+	1430	1474	62.9	0.000000000000000046	2_5.8_Fungi_Ge_58S_start_onee_long	+	1578	1622	59.5	0.00000000000000061	3_End_Fungi_Ge_58S_end_ninetyone_long	+	1691	1734	55.5	0.000000000000012	4_LSU_Fungi_Ge_4_LSU_start_elevenc_long	+	1964	2008	61	0.00000000000000017	1475	1963	1475	1577	1735	1963	all			confident	
PX214494.1	1_SSU_Fungi_Ge_1_SSU_end_onea_long	+	1430	1474	62.9	0.000000000000000046	2_5.8_Fungi_Ge_58S_start_onee_long	+	1581	1627	59.5	0.00000000000000059	3_End_Fungi_Ge_58S_end_ninetyone_long	+	1696	1739	52.5	0.00000000000011	4_LSU_Fungi_Ge_4_LSU_start_elevenc_long	+	1963	2007	61	0.00000000000000017	1475	1962	1475	1580	1740	1962	all			confident	
PX214499.1	1_SSU_Fungi_Ge_1_SSU_end_onea_long	+	1430	1474	62.9	0.000000000000000046	2_5.8_Fungi_Ge_58S_start_onee_long	+	1587	1631	59.5	0.00000000000000061	3_End_Fungi_Ge_58S_end_ninetyone_long	+	1700	1743	52.5	0.00000000000011	4_LSU_Fungi_Ge_4_LSU_start_elevenc_long	+	1967	2011	61	0.00000000000000017	1475	1966	1475	1586	1744	1966	all			confident	
PX214718.1	1_SSU_Fungi_Ge_1_SSU_end_onea_long	+	1428	1472	62.9	0.000000000000000046	2_5.8_Fungi_Ge_58S_start_onee_long	+	1582	1626	59.5	0.00000000000000059	3_End_Fungi_Ge_58S_end_eightyeight_long	+	1695	1739	54.1	0.000000000000029	4_LSU_Fungi_Ge_4_LSU_start_fortyfive_long	+	1939	1982	57	0.000000000000003	1473	1938	1473	1581	1740	1938	all			confident	
PX214623.1	1_SSU_Fungi_Ge_1_SSU_end_onea_long	+	1427	1471	62.9	0.000000000000000046	2_5.8_Fungi_Ge_58S_start_onee_long	+	1575	1619	59.5	0.00000000000000061	3_End_Fungi_Ge_58S_end_eightyeight_long	+	1688	1732	53.2	0.000000000000055	4_LSU_Fungi_Ge_4_LSU_start_eight_long	+	1922	1965	57.5	0.0000000000000022	1472	1921	1472	1574	1733	1921	all			confident	
PX214884.1	1_SSU_Fungi_Ge_1_SSU_end_onea_long	+	1427	1471	62.9	0.000000000000000046	2_5.8_Fungi_Ge_58S_start_onee_long	+	1578	1622	59.5	0.00000000000000061	3_End_Fungi_Ge_58S_end_twentyfive_long	+	1685	1728	52.1	0.0000000000001	4_LSU_Fungi_Ge_4_LSU_start_elevenc_long	+	1929	1972	57.5	0.0000000000000021	1472	1928	1472	1577	1729	1928	all			confident	
PX214932.1	1_SSU_Fungi_Ge_1_SSU_end_onea_long	+	1431	1475	62.9	0.000000000000000046	2_5.8_Fungi_Ge_58S_start_onee_long	+	1575	1619	61.8	0.00000000000000011	3_End_Diversispora_58S_end_long_nine	+	1688	1732	57.7	0.0000000000000023	4_LSU_Fungi_Ge_4_LSU_start_elevenc_long	+	1918	1966	42.1	0.00000000014	1476	1917	1476	1574	1733	1917	all			confident	
PX214846.1	1_SSU_Fungi_Ge_1_SSU_end_onea_long	+	1429	1473	62.9	0.000000000000000046	2_5.8_Fungi_Ge_58S_start_onee_long	+	1576	1620	59.5	0.00000000000000061	3_End_Fungi_Ge_58S_end_twentyfive_long	+	1683	1727	61.2	0.00000000000000014	4_LSU_Fungi_Ge_4_LSU_start_elevena_long	+	1941	1985	60.8	0.00000000000000019	1474	1940	1474	1575	1728	1940	all			confident	
PX214690.1	1_SSU_Fungi_Ge_1_SSU_end_onea_long	+	1429	1473	62.9	0.000000000000000046	2_5.8_Fungi_Ge_58S_start_onee_long	+	1566	1610	59.5	0.00000000000000059	3_End_Fungi_Ge_58S_end_eightyeight_long	+	1679	1725	57.8	0.000000000000002	4_LSU_Fungi_Ge_4_LSU_start_fortyfive_long	+	1921	1964	57	0.000000000000003	1474	1920	1474	1565	1726	1920	all			confident	
PX215045.1	1_SSU_Fungi_Ge_1_SSU_end_onea_long	+	1423	1467	62.9	0.000000000000000046	2_5.8_Fungi_Ge_58S_start_onee_long	+	1551	1595	58.9	0.00000000000000089	3_End_Fungi_Ge_58S_end_ninetyeight_long	+	1664	1708	63.1	0.000000000000000047	4_LSU_Fungi_Ge_4_LSU_start_thirtyfive_long	+	1901	1945	54.7	0.000000000000018	1468	1900	1468	1550	1709	1900	all			confident	
PX215080.1	1_SSU_Fungi_Ge_1_SSU_end_onea_long	+	1426	1470	62.9	0.000000000000000046	2_5.8_Fungi_Ge_58S_start_onee_long	+	1543	1587	59.1	0.00000000000000079	3_End_Fungi_Ge_58S_end_ninetyeight_long	+	1656	1700	58.8	0.000000000000001	4_LSU_Fungi_Ge_4_LSU_start_thirtyfive_long	+	1871	1915	54.7	0.000000000000018	1471	1870	1471	1542	1701	1870	all			confident	
PX214898.1	1_SSU_Fungi_Ge_1_SSU_end_onea_long	+	1427	1471	62.9	0.000000000000000046	2_5.8_Fungi_Ge_58S_start_onee_long	+	1577	1621	59.5	0.00000000000000061	3_End_Fungi_Ge_58S_end_ninety_long	+	1684	1728	52.1	0.000000000000087	4_LSU_Fungi_Ge_4_LSU_start_elevenc_long	+	1926	1969	57.5	0.0000000000000021	1472	1925	1472	1576	1729	1925	all			confident	
PX215037.1	1_SSU_Fungi_Ge_1_SSU_end_onea_long	+	1423	1467	62.9	0.000000000000000046	2_5.8_Fungi_Ge_58S_start_onee_long	+	1550	1594	58.9	0.00000000000000089	3_End_Fungi_Ge_58S_end_ninetyeight_long	+	1663	1707	63.1	0.000000000000000047	4_LSU_Fungi_Ge_4_LSU_start_thirtyfive_long	+	1887	1931	54.7	0.000000000000018	1468	1886	1468	1549	1708	1886	all			confident	
PX214630.1	1_SSU_Fungi_Ge_1_SSU_end_onea_long	+	1429	1473	62.9	0.000000000000000046	2_5.8_Fungi_Ge_58S_start_onee_long	+	1581	1625	59.5	0.00000000000000061	3_End_Fungi_Ge_58S_end_eightyeight_long	+	1694	1737	57.2	0.0000000000000032	4_LSU_Fungi_Ge_4_LSU_start_eight_long	+	1944	1986	57.5	0.0000000000000022	1474	1943	1474	1580	1738	1943	all			confident	
PX214644.1	1_SSU_Fungi_Ge_1_SSU_end_onea_long	+	1429	1473	62.9	0.000000000000000046	2_5.8_Fungi_Ge_58S_start_onee_long	+	1574	1618	59.5	0.00000000000000061	3_End_Fungi_Ge_58S_end_eightyeight_long	+	1687	1730	57.2	0.0000000000000032	4_LSU_Fungi_Ge_4_LSU_start_eight_long	+	1937	1979	57.5	0.0000000000000022	1474	1936	1474	1573	1731	1936	all			confident	
PX214746.1	1_SSU_Fungi_Ge_1_SSU_end_onea_long	+	1427	1471	62.9	0.000000000000000046	2_5.8_Fungi_Ge_58S_start_onee_long	+	1575	1619	59.5	0.00000000000000061	3_End_Fungi_Ge_58S_end_eightyeight_long	+	1688	1732	58.2	0.0000000000000016	4_LSU_Fungi_Ge_4_LSU_start_elevenc_long	+	1929	1973	55	0.000000000000013	1472	1928	1472	1574	1733	1928	all			confident	
PX207259.1	1_SSU_Fungi_Ge_1_SSU_end_onea_long	+	1428	1472	62.9	0.000000000000000046	2_5.8_Fungi_Ge_58S_start_onee_long	+	1582	1626	59.5	0.00000000000000061	3_End_Fungi_Ge_58S_end_ninetyone_long	+	1696	1740	59.7	0.00000000000000059	4_LSU_Fungi_Ge_4_LSU_start_elevena_long	+	1969	2013	58.7	0.00000000000000084	1473	1968	1473	1581	1741	1968	all			confident	
PX215144.1	1_SSU_Fungi_Ge_1_SSU_end_onea_long	+	1430	1474	62.9	0.000000000000000046	2_5.8_Fungi_Ge_58S_start_onee_long	+	1587	1631	61.8	0.00000000000000011	3_End_Fungi_Ge_58S_end_onehundred_long	+	1694	1738	63.2	0.00000000000000004	4_LSU_Fungi_Ge_4_LSU_start_twentythreea_long	+	1961	2004	45.9	0.0000000000098	1475	1960	1475	1586	1739	1960	all			confident	
PX214640.1	1_SSU_Fungi_Ge_1_SSU_end_onea_long	+	1429	1473	62.9	0.000000000000000046	2_5.8_Fungi_Ge_58S_start_onee_long	+	1575	1619	59.5	0.00000000000000061	3_End_Fungi_Ge_58S_end_eightyeight_long	+	1688	1734	57.8	0.000000000000002	4_LSU_Fungi_Ge_4_LSU_start_eight_long	+	1939	1981	57.5	0.0000000000000022	1474	1938	1474	1574	1735	1938	all			confident	
PX214997.1	1_SSU_Fungi_Ge_1_SSU_end_onea_long	+	1430	1474	62.9	0.000000000000000046	2_5.8_Fungi_Ge_58S_start_onee_long	+	1578	1622	61.8	0.00000000000000011	3_End_Diversispora_58S_end_long_four	+	1691	1735	60.7	0.00000000000000028	4_LSU_Fungi_Ge_4_LSU_start_elevenc_long	+	1928	1976	42.1	0.00000000014	1475	1927	1475	1577	1736	1927	all			confident	
PX214910.1	1_SSU_Fungi_Ge_1_SSU_end_onea_long	+	1431	1475	62.9	0.000000000000000046	2_5.8_Fungi_Ge_58S_start_onee_long	+	1574	1618	61.8	0.00000000000000011	3_End_Diversispora_58S_end_long_nine	+	1687	1731	54.7	0.000000000000021	4_LSU_Fungi_Ge_4_LSU_start_elevenc_long	+	1928	1976	42.1	0.00000000014	1476	1927	1476	1573	1732	1927	all			confident	
PX214794.1	1_SSU_Fungi_Ge_1_SSU_end_onea_long	+	1429	1473	62.9	0.000000000000000046	2_5.8_Fungi_Ge_58S_start_onee_long	+	1583	1627	59.5	0.00000000000000061	3_End_Fungi_Ge_58S_end_ninetyone_long	+	1696	1738	47.6	0.0000000000037	4_LSU_Fungi_Ge_4_LSU_start_elevena_long	+	1939	1983	60.8	0.00000000000000019	1474	1938	1474	1582	1739	1938	all			confident	
PX214558.1	1_SSU_Fungi_Ge_1_SSU_end_onea_long	+	1430	1474	62.9	0.000000000000000046	2_5.8_Fungi_Ge_58S_start_onee_long	+	1582	1628	59.5	0.00000000000000059	3_End_Fungi_Ge_58S_end_ninetyone_long	+	1697	1740	52.5	0.00000000000011	4_LSU_Fungi_Ge_4_LSU_start_elevenc_long	+	1965	2009	61	0.00000000000000017	1475	1964	1475	1581	1741	1964	all			confident	
PX214803.1	1_SSU_Fungi_Ge_1_SSU_end_onea_long	+	1429	1473	62.9	0.000000000000000046	2_5.8_Fungi_Ge_58S_start_onee_long	+	1580	1624	59.5	0.00000000000000061	3_End_Fungi_Ge_58S_end_ninetyone_long	+	1693	1736	47.6	0.0000000000036	4_LSU_Fungi_Ge_4_LSU_start_elevena_long	+	1938	1982	60.8	0.00000000000000019	1474	1937	1474	1579	1737	1937	all			confident	
PX214831.1	1_SSU_Fungi_Ge_1_SSU_end_onea_long	+	1429	1473	62.9	0.000000000000000046	2_5.8_Fungi_Ge_58S_start_onee_long	+	1584	1628	59.5	0.00000000000000061	3_End_Fungi_Ge_58S_end_eightysix_long	+	1697	1740	46.5	0.0000000000076	4_LSU_Fungi_Ge_4_LSU_start_elevena_long	+	1943	1987	60.8	0.00000000000000019	1474	1942	1474	1583	1741	1942	all			confident	
PX207100.1	1_SSU_Fungi_Ge_1_SSU_end_onea_long	+	1428	1472	62.9	0.000000000000000046	2_5.8_Fungi_Ge_58S_start_onee_long	+	1593	1637	61.8	0.00000000000000011	3_End_Fungi_Ge_58S_end_onehundred_long	+	1700	1744	63.2	0.00000000000000004	4_LSU_Fungi_Ge_4_LSU_start_twentythreea_long	+	1985	2027	45.9	0.0000000000098	1473	1984	1473	1592	1745	1984	all			confident	
PX207246.1	1_SSU_Fungi_Ge_1_SSU_end_onea_long	+	1430	1474	62.9	0.000000000000000046	2_5.8_Fungi_Ge_58S_start_onee_long	+	1581	1627	59.5	0.00000000000000059	3_End_Fungi_Ge_58S_end_ninetyone_long	+	1696	1739	52.5	0.00000000000011	4_LSU_Fungi_Ge_4_LSU_start_elevenc_long	+	1963	2007	61	0.00000000000000017	1475	1962	1475	1580	1740	1962	all			confident	
PX215042.1	1_SSU_Fungi_Ge_1_SSU_end_onea_long	+	1423	1467	62.9	0.000000000000000046	2_5.8_Fungi_Ge_58S_start_onee_long	+	1551	1595	58.9	0.00000000000000089	3_End_Fungi_Ge_58S_end_ninetyeight_long	+	1664	1708	63.1	0.000000000000000047	4_LSU_Fungi_Ge_4_LSU_start_thirtyfive_long	+	1898	1942	54.7	0.000000000000018	1468	1897	1468	1550	1709	1897	all			confident	
PX214529.1	1_SSU_Fungi_Ge_1_SSU_end_onea_long	+	1430	1474	62.9	0.000000000000000046	2_5.8_Fungi_Ge_58S_start_onee_long	+	1581	1627	59.5	0.00000000000000059	3_End_Fungi_Ge_58S_end_ninetyone_long	+	1696	1739	52.5	0.00000000000011	4_LSU_Fungi_Ge_4_LSU_start_elevenc_long	+	1964	2008	61	0.00000000000000017	1475	1963	1475	1580	1740	1963	all			confident	
PX214655.1	1_SSU_Fungi_Ge_1_SSU_end_onea_long	+	1429	1473	62.9	0.000000000000000046	2_5.8_Fungi_Ge_58S_start_onee_long	+	1582	1626	59.5	0.00000000000000061	3_End_Fungi_Ge_58S_end_eightyeight_long	+	1695	1741	57.8	0.000000000000002	4_LSU_Fungi_Ge_4_LSU_start_eight_long	+	1937	1979	57.5	0.0000000000000022	1474	1936	1474	1581	1742	1936	all			confident	
PX207260.1	1_SSU_Fungi_Ge_1_SSU_end_onea_long	+	1428	1472	62.9	0.000000000000000046	2_5.8_Fungi_Ge_58S_start_onee_long	+	1582	1626	59.5	0.00000000000000061	3_End_Fungi_Ge_58S_end_ninetyone_long	+	1696	1740	59.7	0.00000000000000059	4_LSU_Fungi_Ge_4_LSU_start_elevena_long	+	1970	2014	58.7	0.00000000000000084	1473	1969	1473	1581	1741	1969	all			confident	
PX207265.1	1_SSU_Fungi_Ge_1_SSU_end_onea_long	+	1429	1473	62.9	0.000000000000000046	2_5.8_Fungi_Ge_58S_start_onee_long	+	1593	1637	59.5	0.00000000000000061	3_End_Fungi_Ge_58S_end_ninetyone_long	+	1707	1750	57.2	0.0000000000000038	4_LSU_Fungi_Ge_4_LSU_start_elevena_long	+	1977	2021	58.7	0.00000000000000084	1474	1976	1474	1592	1751	1976	all			confident	
PX214796.1	1_SSU_Fungi_Ge_1_SSU_end_onea_long	+	1429	1473	62.9	0.000000000000000046	2_5.8_Fungi_Ge_58S_start_onee_long	+	1580	1624	59.5	0.00000000000000061	3_End_Fungi_Ge_58S_end_ninetyone_long	+	1693	1735	47.6	0.0000000000037	4_LSU_Fungi_Ge_4_LSU_start_elevena_long	+	1936	1980	60.8	0.00000000000000019	1474	1935	1474	1579	1736	1935	all			confident	
PX214523.1	1_SSU_Fungi_Ge_1_SSU_end_onea_long	+	1430	1474	62.9	0.000000000000000046	2_5.8_Fungi_Ge_58S_start_onee_long	+	1584	1628	59.5	0.00000000000000061	3_End_Fungi_Ge_58S_end_ninetyone_long	+	1697	1740	52.5	0.00000000000011	4_LSU_Fungi_Ge_4_LSU_start_elevenc_long	+	1965	2009	61	0.00000000000000017	1475	1964	1475	1583	1741	1964	all			confident	
PX214674.1	1_SSU_Fungi_Ge_1_SSU_end_onea_long	+	1428	1472	62.9	0.000000000000000046	2_5.8_Fungi_Ge_58S_start_onee_long	+	1561	1605	59.5	0.00000000000000059	3_End_Fungi_Ge_58S_end_eightyeight_long	+	1673	1719	57.8	0.000000000000002	4_LSU_Fungi_Ge_4_LSU_start_fortyfive_long	+	1914	1957	55.1	0.000000000000013	1473	1913	1473	1560	1720	1913	all			confident	
PX207141.1	1_SSU_Fungi_Ge_1_SSU_end_onea_long	+	1426	1470	62.9	0.000000000000000046	2_5.8_Fungi_Ge_58S_start_onee_long	+	1545	1589	58.9	0.00000000000000089	3_End_Fungi_Ge_58S_end_ninetyeight_long	+	1658	1702	63.1	0.000000000000000047	4_LSU_Fungi_Ge_4_LSU_start_thirtyfive_long	+	1879	1923	54.7	0.000000000000018	1471	1878	1471	1544	1703	1878	all			confident	
PX214862.1	1_SSU_Fungi_Ge_1_SSU_end_onea_long	+	1429	1473	62.9	0.000000000000000046	2_5.8_Fungi_Ge_58S_start_onee_long	+	1579	1623	59.5	0.00000000000000061	3_End_Fungi_Ge_58S_end_eightyfive_long	+	1692	1736	51.6	0.0000000000002	4_LSU_Fungi_Ge_4_LSU_start_fortyfive_long	+	1944	1988	61.2	0.00000000000000015	1474	1943	1474	1578	1737	1943	all			confident	
PX214479.1	1_SSU_Fungi_Ge_1_SSU_end_onea_long	+	1430	1474	62.9	0.000000000000000046	2_5.8_Fungi_Ge_58S_start_onee_long	+	1595	1639	59.5	0.00000000000000061	3_End_Fungi_Ge_58S_end_ninetyone_long	+	1708	1751	55.5	0.000000000000012	4_LSU_Fungi_Ge_4_LSU_start_elevenc_long	+	1982	2026	61	0.00000000000000017	1475	1981	1475	1594	1752	1981	all			confident	
PX214440.1	1_SSU_Fungi_Ge_1_SSU_end_onea_long	+	1430	1474	62.9	0.000000000000000046	2_5.8_Fungi_Ge_58S_start_onee_long	+	1589	1633	59.5	0.00000000000000061	3_End_Fungi_Ge_58S_end_ninetyone_long	+	1701	1744	55.5	0.000000000000012	4_LSU_Fungi_Ge_4_LSU_start_elevenc_long	+	1983	2027	61	0.00000000000000017	1475	1982	1475	1588	1745	1982	all			confident	
PX214734.1	1_SSU_Fungi_Ge_1_SSU_end_onea_long	+	1428	1472	62.9	0.000000000000000046	2_5.8_Fungi_Ge_58S_start_onee_long	+	1583	1626	51.7	0.00000000000016	3_End_Fungi_Ge_58S_end_eightyeight_long	+	1695	1739	54.1	0.000000000000029	4_LSU_Fungi_Ge_4_LSU_start_fortyfive_long	+	1940	1983	57	0.000000000000003	1473	1939	1473	1582	1740	1939	all			confident	
PX215147.1	1_SSU_Fungi_Ge_1_SSU_end_onea_long	+	1430	1474	62.9	0.000000000000000046	2_5.8_Fungi_Ge_58S_start_onee_long	+	1587	1631	61.8	0.00000000000000011	3_End_Fungi_Ge_58S_end_onehundred_long	+	1694	1738	63.2	0.00000000000000004	4_LSU_Fungi_Ge_4_LSU_start_twentythreea_long	+	1959	2002	45.9	0.0000000000098	1475	1958	1475	1586	1739	1958	all			confident	
PX214731.1	1_SSU_Fungi_Ge_1_SSU_end_onea_long	+	1428	1472	62.9	0.000000000000000046	2_5.8_Fungi_Ge_58S_start_onee_long	+	1581	1625	59.5	0.00000000000000059	3_End_Fungi_Ge_58S_end_eightyeight_long	+	1694	1738	57.6	0.0000000000000024	4_LSU_Fungi_Ge_4_LSU_start_fortyfive_long	+	1938	1980	55.1	0.000000000000012	1473	1937	1473	1580	1739	1937	all			confident	
PX214602.1	1_SSU_Fungi_Ge_1_SSU_end_onea_long	+	1428	1472	62.9	0.000000000000000046	2_5.8_Fungi_Ge_58S_start_onee_long	+	1585	1629	59.5	0.00000000000000061	3_End_Fungi_Ge_58S_end_ninetyone_long	+	1698	1742	59.7	0.00000000000000059	4_LSU_Fungi_Ge_4_LSU_start_elevena_long	+	1973	2020	58.6	0.00000000000000092	1473	1972	1473	1584	1743	1972	all			confident	
PX214624.1	1_SSU_Fungi_Ge_1_SSU_end_onea_long	+	1427	1471	62.9	0.000000000000000046	2_5.8_Fungi_Ge_58S_start_onee_long	+	1575	1619	59.5	0.00000000000000061	3_End_Fungi_Ge_58S_end_eightyeight_long	+	1688	1732	53.2	0.000000000000055	4_LSU_Fungi_Ge_4_LSU_start_eight_long	+	1922	1965	57.5	0.0000000000000022	1472	1921	1472	1574	1733	1921	all			confident	
PX215005.1	1_SSU_Fungi_Ge_1_SSU_end_onea_long	+	1430	1474	62.9	0.000000000000000046	2_5.8_Fungi_Ge_58S_start_onee_long	+	1575	1619	61.8	0.00000000000000011	3_End_Diversispora_58S_end_long_four	+	1688	1732	60.7	0.00000000000000028	4_LSU_Fungi_Ge_4_LSU_start_elevenc_long	+	1932	1976	45.2	0.000000000015	1475	1931	1475	1574	1733	1931	all			confident	
PX214866.1	1_SSU_Fungi_Ge_1_SSU_end_onea_long	+	1429	1473	62.9	0.000000000000000046	2_5.8_Fungi_Ge_58S_start_onee_long	+	1581	1625	59.5	0.00000000000000061	3_End_Fungi_Ge_58S_end_eightysix_long	+	1694	1737	53.6	0.000000000000048	4_LSU_Fungi_Ge_4_LSU_start_fortyfive_long	+	1938	1982	61.2	0.00000000000000015	1474	1937	1474	1580	1738	1937	all			confident	
PX214871.1	1_SSU_Fungi_Ge_1_SSU_end_onea_long	+	1429	1473	62.9	0.000000000000000046	2_5.8_Fungi_Ge_58S_start_onee_long	+	1590	1634	59.5	0.00000000000000061	3_End_Fungi_Ge_58S_end_eightysix_long	+	1703	1746	46.5	0.0000000000076	4_LSU_Fungi_Ge_4_LSU_start_elevena_long	+	1957	2001	60.8	0.00000000000000019	1474	1956	1474	1589	1747	1956	all			confident	
PX207147.1	1_SSU_Fungi_Tu_1_SSU_end_five_long	+	1429	1473	62.9	0.000000000000000047	2_5.8_Fungi_Ge_58S_start_onee_long	+	1582	1626	59.5	0.00000000000000061	3_End_Fungi_Ge_58S_end_eightyfive_long	+	1695	1739	60.4	0.00000000000000036	4_LSU_Fungi_Ge_4_LSU_start_fortyfive_long	+	1943	1987	59.2	0.00000000000000062	1474	1942	1474	1581	1740	1942	all			confident	
PX214725.1	1_SSU_Fungi_Ge_1_SSU_end_onea_long	+	1428	1472	62.9	0.000000000000000046	2_5.8_Fungi_Ge_58S_start_onee_long	+	1583	1627	59.5	0.00000000000000061	3_End_Fungi_Ge_58S_end_eightyeight_long	+	1696	1740	57.6	0.0000000000000024	4_LSU_Fungi_Ge_4_LSU_start_fortyfive_long	+	1940	1983	57	0.000000000000003	1473	1939	1473	1582	1741	1939	all			confident	
PX214452.1	1_SSU_Fungi_Ge_1_SSU_end_onea_long	+	1430	1474	62.9	0.000000000000000046	2_5.8_Fungi_Ge_58S_start_onee_long	+	1579	1623	59.5	0.00000000000000061	3_End_Fungi_Ge_58S_end_ninetyone_long	+	1691	1734	55.5	0.000000000000012	4_LSU_Fungi_Ge_4_LSU_start_elevenc_long	+	1983	2027	61	0.00000000000000017	1475	1982	1475	1578	1735	1982	all			confident	
PX207240.1	1_SSU_Fungi_Ge_1_SSU_end_onea_long	+	1430	1474	62.9	0.000000000000000046	2_5.8_Fungi_Ge_58S_start_onee_long	+	1583	1629	59.5	0.00000000000000059	3_End_Fungi_Ge_58S_end_ninetyone_long	+	1698	1741	52.5	0.00000000000011	4_LSU_Fungi_Ge_4_LSU_start_elevenc_long	+	1965	2009	61	0.00000000000000017	1475	1964	1475	1582	1742	1964	all			confident	
PX214498.1	1_SSU_Fungi_Ge_1_SSU_end_onea_long	+	1430	1474	62.9	0.000000000000000046	2_5.8_Fungi_Ge_58S_start_onee_long	+	1582	1628	59.5	0.00000000000000059	3_End_Fungi_Ge_58S_end_ninetyone_long	+	1697	1740	52.5	0.00000000000011	4_LSU_Fungi_Ge_4_LSU_start_elevenc_long	+	1964	2008	61	0.00000000000000017	1475	1963	1475	1581	1741	1963	all			confident	
PX214926.1	1_SSU_Fungi_Ge_1_SSU_end_onea_long	+	1431	1475	62.9	0.000000000000000046	2_5.8_Fungi_Ge_58S_start_onee_long	+	1574	1618	61.8	0.00000000000000011	3_End_Diversispora_58S_end_long_nine	+	1687	1731	60.2	0.00000000000000039	4_LSU_Fungi_Ge_4_LSU_start_elevenc_long	+	1927	1974	41.8	0.00000000016	1476	1926	1476	1573	1732	1926	all			confident	
PX214708.1	1_SSU_Fungi_Ge_1_SSU_end_onea_long	+	1429	1473	62.9	0.000000000000000046	2_5.8_Fungi_Ge_58S_start_onee_long	+	1566	1610	59.5	0.00000000000000059	3_End_Fungi_Ge_58S_end_eightyeight_long	+	1679	1725	57.8	0.000000000000002	4_LSU_Fungi_Ge_4_LSU_start_fortyfive_long	+	1922	1965	57	0.000000000000003	1474	1921	1474	1565	1726	1921	all			confident	
PX214586.1	1_SSU_Fungi_Ge_1_SSU_end_onea_long	+	1430	1474	62.9	0.000000000000000046	2_5.8_Fungi_Ge_58S_start_onee_long	+	1596	1640	59.5	0.00000000000000061	3_End_Fungi_Ge_58S_end_eightyfive_long	+	1710	1751	52.1	0.00000000000013	4_LSU_Fungi_Ge_4_LSU_start_elevenc_long	+	1979	2023	61	0.00000000000000017	1475	1978	1475	1595	1752	1978	all			confident	
PX215033.1	1_SSU_Fungi_Ge_1_SSU_end_onea_long	+	1423	1467	62.9	0.000000000000000046	2_5.8_Fungi_Ge_58S_start_onee_long	+	1550	1594	58.9	0.00000000000000089	3_End_Fungi_Ge_58S_end_ninetyeight_long	+	1663	1707	63.1	0.000000000000000047	4_LSU_Fungi_Ge_4_LSU_start_thirtyfive_long	+	1887	1931	52	0.00000000000013	1468	1886	1468	1549	1708	1886	all			confident	
PX214991.1	1_SSU_Fungi_Ge_1_SSU_end_onea_long	+	1430	1474	62.9	0.000000000000000046	2_5.8_Fungi_Ge_58S_start_onee_long	+	1576	1620	61.8	0.00000000000000011	3_End_Diversispora_58S_end_long_four	+	1689	1733	60.7	0.00000000000000028	4_LSU_Fungi_Ge_4_LSU_start_elevenc_long	+	1929	1977	42.1	0.00000000014	1475	1928	1475	1575	1734	1928	all			confident	
PX214998.1	1_SSU_Fungi_Ge_1_SSU_end_onea_long	+	1430	1474	62.9	0.000000000000000046	2_5.8_Fungi_Ge_58S_start_onee_long	+	1576	1620	61.8	0.00000000000000011	3_End_Diversispora_58S_end_long_four	+	1689	1733	60.7	0.00000000000000028	4_LSU_Fungi_Ge_4_LSU_start_elevenc_long	+	1928	1977	41.3	0.00000000025	1475	1927	1475	1575	1734	1927	all			confident	
PX214596.1	1_SSU_Fungi_Ge_1_SSU_end_onea_long	+	1428	1472	62.9	0.000000000000000046	2_5.8_Fungi_Ge_58S_start_onee_long	+	1569	1613	59.5	0.00000000000000059	3_End_Fungi_Ge_58S_end_ninetyone_long	+	1682	1726	49.6	0.00000000000091	4_LSU_Fungi_Ge_4_LSU_start_elevena_long	+	1943	1990	58.6	0.00000000000000092	1473	1942	1473	1568	1727	1942	all			confident	
PX214506.1	1_SSU_Fungi_Ge_1_SSU_end_onea_long	+	1430	1474	62.9	0.000000000000000046	2_5.8_Fungi_Ge_58S_start_onee_long	+	1585	1629	59.5	0.00000000000000061	3_End_Fungi_Ge_58S_end_ninetyone_long	+	1698	1741	52.5	0.00000000000011	4_LSU_Fungi_Ge_4_LSU_start_elevenc_long	+	1965	2009	61	0.00000000000000017	1475	1964	1475	1584	1742	1964	all			confident	
PX207166.1	1_SSU_Fungi_Ge_1_SSU_end_onea_long	+	1429	1473	62.9	0.000000000000000046	2_5.8_Fungi_Ge_58S_start_onee_long	+	1583	1627	59.5	0.00000000000000061	3_End_Fungi_Ge_58S_end_ninetyone_long	+	1696	1738	47.6	0.0000000000037	4_LSU_Fungi_Ge_4_LSU_start_elevena_long	+	1941	1985	60.8	0.00000000000000019	1474	1940	1474	1582	1739	1940	all			confident	
PX214752.1	1_SSU_Fungi_Ge_1_SSU_end_onea_long	+	1426	1470	62.9	0.000000000000000046	2_5.8_Fungi_Ge_58S_start_onee_long	+	1645	1689	59.5	0.00000000000000061	3_End_Fungi_Ge_58S_end_eightyeight_long	+	1758	1802	58.2	0.0000000000000016	4_LSU_Fungi_Ge_4_LSU_start_elevenc_long	+	1990	2034	57.9	0.0000000000000015	1471	1989	1471	1644	1803	1989	all			confident	
PX214564.1	1_SSU_Fungi_Ge_1_SSU_end_onea_long	+	1430	1474	62.9	0.000000000000000046	2_5.8_Fungi_Ge_58S_start_onee_long	+	1583	1629	59.5	0.00000000000000059	3_End_Fungi_Ge_58S_end_ninetyone_long	+	1698	1741	52.5	0.00000000000011	4_LSU_Fungi_Ge_4_LSU_start_elevenc_long	+	1966	2010	61	0.00000000000000017	1475	1965	1475	1582	1742	1965	all			confident	
PX214692.1	1_SSU_Fungi_Ge_1_SSU_end_onea_long	+	1429	1473	62.9	0.000000000000000046	2_5.8_Fungi_Ge_58S_start_onee_long	+	1566	1610	59.5	0.00000000000000059	3_End_Fungi_Ge_58S_end_eightyeight_long	+	1679	1725	57.8	0.000000000000002	4_LSU_Fungi_Ge_4_LSU_start_fortyfive_long	+	1921	1964	57	0.000000000000003	1474	1920	1474	1565	1726	1920	all			confident	
PX215061.1	1_SSU_Fungi_Ge_1_SSU_end_onea_long	+	1423	1467	62.9	0.000000000000000046	2_5.8_Fungi_Ge_58S_start_onee_long	+	1551	1595	58.9	0.00000000000000089	3_End_Fungi_Ge_58S_end_ninetyeight_long	+	1664	1708	63.1	0.000000000000000047	4_LSU_Fungi_Ge_4_LSU_start_thirtyfive_long	+	1883	1927	54.7	0.000000000000018	1468	1882	1468	1550	1709	1882	all			confident	
PX214476.1	1_SSU_Fungi_Ge_1_SSU_end_onea_long	+	1430	1474	62.9	0.000000000000000046	2_5.8_Fungi_Ge_58S_start_onee_long	+	1580	1637	59.9	0.00000000000000044	3_End_Fungi_Ge_58S_end_ninetyone_long	+	1706	1749	55.5	0.000000000000012	4_LSU_Fungi_Ge_4_LSU_start_elevenc_long	+	1980	2024	61	0.00000000000000017	1475	1979	1475	1579	1750	1979	all			confident	
PX214661.1	1_SSU_Fungi_Ge_1_SSU_end_onea_long	+	1429	1473	62.9	0.000000000000000046	2_5.8_Fungi_Ge_58S_start_onee_long	+	1623	1667	59.5	0.00000000000000061	3_End_Fungi_Ge_58S_end_eightyeight_long	+	1736	1782	57.8	0.000000000000002	4_LSU_Fungi_Ge_4_LSU_start_eight_long	+	1985	2027	57.5	0.0000000000000022	1474	1984	1474	1622	1783	1984	all			confident	
PX214536.1	1_SSU_Fungi_Ge_1_SSU_end_onea_long	+	1430	1474	62.9	0.000000000000000046	2_5.8_Fungi_Ge_58S_start_onee_long	+	1584	1628	59.5	0.00000000000000061	3_End_Fungi_Ge_58S_end_ninetyone_long	+	1697	1740	52.5	0.00000000000011	4_LSU_Fungi_Ge_4_LSU_start_elevenc_long	+	1963	2007	61	0.00000000000000017	1475	1962	1475	1583	1741	1962	all			confident	
PX214698.1	1_SSU_Fungi_Ge_1_SSU_end_onea_long	+	1430	1474	62.9	0.000000000000000046	2_5.8_Fungi_Ge_58S_start_onee_long	+	1567	1611	59.5	0.00000000000000059	3_End_Fungi_Ge_58S_end_eightyeight_long	+	1680	1726	57.8	0.000000000000002	4_LSU_Fungi_Ge_4_LSU_start_fortyfive_long	+	1922	1965	57	0.000000000000003	1475	1921	1475	1566	1727	1921	all			confident	
PX207159.1	1_SSU_Fungi_Tu_1_SSU_end_five_long	+	1429	1473	62.9	0.000000000000000047	2_5.8_Fungi_Ge_58S_start_onee_long	+	1581	1625	59.5	0.00000000000000061	3_End_Fungi_Ge_58S_end_eightyfive_long	+	1694	1738	60.4	0.00000000000000036	4_LSU_Fungi_Ge_4_LSU_start_fortyfive_long	+	1942	1986	59.2	0.00000000000000062	1474	1941	1474	1580	1739	1941	all			confident	
PX207123.1	1_SSU_Fungi_Ge_1_SSU_end_onea_long	+	1423	1467	62.9	0.000000000000000046	2_5.8_Fungi_Ge_58S_start_onee_long	+	1549	1593	58.9	0.00000000000000089	3_End_Fungi_Ge_58S_end_ninetyeight_long	+	1662	1706	60.7	0.00000000000000025	4_LSU_Fungi_Ge_4_LSU_start_thirtyfive_long	+	1887	1931	54.7	0.000000000000018	1468	1886	1468	1548	1707	1886	all			confident	
PX214987.1	1_SSU_Fungi_Ge_1_SSU_end_onea_long	+	1430	1474	62.9	0.000000000000000046	2_5.8_Fungi_Ge_58S_start_onee_long	+	1577	1621	61.8	0.00000000000000011	3_End_Diversispora_58S_end_long_four	+	1690	1734	60.9	0.00000000000000024	4_LSU_Fungi_Ge_4_LSU_start_elevenc_long	+	1931	1979	42.1	0.00000000014	1475	1930	1475	1576	1735	1930	all			confident	
PX214551.1	1_SSU_Fungi_Ge_1_SSU_end_onea_long	+	1430	1474	62.9	0.000000000000000046	2_5.8_Fungi_Ge_58S_start_onee_long	+	1584	1628	59.5	0.00000000000000061	3_End_Fungi_Ge_58S_end_ninetyone_long	+	1697	1740	52.5	0.00000000000011	4_LSU_Fungi_Ge_4_LSU_start_elevenc_long	+	1963	2007	61	0.00000000000000017	1475	1962	1475	1583	1741	1962	all			confident	
PX215070.1	1_SSU_Fungi_Ge_1_SSU_end_onea_long	+	1423	1467	62.9	0.000000000000000046	2_5.8_Fungi_Ge_58S_start_onee_long	+	1550	1594	58.9	0.00000000000000089	3_End_Fungi_Ge_58S_end_ninetyeight_long	+	1663	1707	63.1	0.000000000000000047	4_LSU_Fungi_Ge_4_LSU_start_thirtyfive_long	+	1878	1932	54.9	0.000000000000015	1468	1877	1468	1549	1708	1877	all			confident	
PX214606.1	1_SSU_Fungi_Ge_1_SSU_end_onea_long	+	1428	1472	62.9	0.000000000000000046	2_5.8_Fungi_Ge_58S_start_onee_long	+	1572	1616	59.5	0.00000000000000059	3_End_Fungi_Ge_58S_end_ninetyone_long	+	1685	1729	48.8	0.0000000000016	4_LSU_Fungi_Ge_4_LSU_start_elevena_long	+	1960	2007	54.8	0.000000000000014	1473	1959	1473	1571	1730	1959	all			confident	
PX214454.1	1_SSU_Fungi_Ge_1_SSU_end_onea_long	+	1430	1474	62.9	0.000000000000000046	2_5.8_Fungi_Ge_58S_start_onee_long	+	1582	1626	59.5	0.00000000000000061	3_End_Fungi_Ge_58S_end_ninetyone_long	+	1694	1737	55.5	0.000000000000012	4_LSU_Fungi_Ge_4_LSU_start_elevenc_long	+	1981	2025	61	0.00000000000000017	1475	1980	1475	1581	1738	1980	all			confident	
PX215157.1	1_SSU_Fungi_Ge_1_SSU_end_onea_long	+	1430	1474	62.9	0.000000000000000046	2_5.8_Fungi_Ge_58S_start_onee_long	+	1586	1630	61.8	0.00000000000000011	3_End_Fungi_Ge_58S_end_onehundred_long	+	1693	1737	61	0.0000000000000002	4_LSU_Fungi_Ge_4_LSU_start_twentythreea_long	+	1963	2009	46.2	0.0000000000081	1475	1962	1475	1585	1738	1962	all			confident	
PX214710.1	1_SSU_Fungi_Ge_1_SSU_end_onea_long	+	1428	1472	62.9	0.000000000000000046	2_5.8_Fungi_Ge_58S_start_onee_long	+	1567	1611	59.5	0.00000000000000059	3_End_Fungi_Ge_58S_end_eightyeight_long	+	1680	1726	57.8	0.000000000000002	4_LSU_Fungi_Ge_4_LSU_start_fortyfive_long	+	1923	1965	55.1	0.000000000000012	1473	1922	1473	1566	1727	1922	all			confident	
PX207142.1	1_SSU_Fungi_Ge_1_SSU_end_onea_long	+	1426	1470	62.9	0.000000000000000046	2_5.8_Fungi_Ge_58S_start_onee_long	+	1543	1587	59.1	0.00000000000000079	3_End_Fungi_Ge_58S_end_ninetyeight_long	+	1656	1700	58.8	0.000000000000001	4_LSU_Fungi_Ge_4_LSU_start_thirtyfive_long	+	1870	1914	55.6	0.0000000000000093	1471	1869	1471	1542	1701	1869	all			confident	
PX215034.1	1_SSU_Fungi_Ge_1_SSU_end_onea_long	+	1423	1467	62.9	0.000000000000000046	2_5.8_Fungi_Ge_58S_start_onee_long	+	1550	1594	58.9	0.00000000000000089	3_End_Fungi_Ge_58S_end_ninetyeight_long	+	1663	1707	63.1	0.000000000000000047	4_LSU_Fungi_Ge_4_LSU_start_thirtyfive_long	+	1887	1931	54.7	0.000000000000018	1468	1886	1468	1549	1708	1886	all			confident	
PX214745.1	1_SSU_Fungi_Ge_1_SSU_end_onea_long	+	1428	1472	62.9	0.000000000000000046	2_5.8_Fungi_Ge_58S_start_onee_long	+	1618	1662	59.5	0.00000000000000061	3_End_Fungi_Ge_58S_end_eightyeight_long	+	1731	1775	57.6	0.0000000000000024	4_LSU_Fungi_Ge_4_LSU_start_fortyfive_long	+	1974	2017	57	0.000000000000003	1473	1973	1473	1617	1776	1973	all			confident	
PX214766.1	1_SSU_Fungi_Ge_1_SSU_end_onea_long	+	1428	1472	62.9	0.000000000000000046	2_5.8_Fungi_Ge_58S_start_onee_long	+	1575	1619	59.5	0.00000000000000061	3_End_Fungi_Ge_58S_end_eightyeight_long	+	1688	1732	57.8	0.0000000000000021	4_LSU_Fungi_Ge_4_LSU_start_elevenc_long	+	1913	1958	51.6	0.00000000000015	1473	1912	1473	1574	1733	1912	all			confident	
PX214732.1	1_SSU_Fungi_Ge_1_SSU_end_onea_long	+	1428	1472	62.9	0.000000000000000046	2_5.8_Fungi_Ge_58S_start_onee_long	+	1581	1625	59.5	0.00000000000000059	3_End_Fungi_Ge_58S_end_eightyeight_long	+	1694	1738	57.6	0.0000000000000024	4_LSU_Fungi_Ge_4_LSU_start_fortyfive_long	+	1938	1980	55.1	0.000000000000012	1473	1937	1473	1580	1739	1937	all			confident	
PX215101.1	1_SSU_Fungi_Ge_1_SSU_end_onea_long	+	1426	1470	62.9	0.000000000000000046	2_5.8_Fungi_Ge_58S_start_onee_long	+	1545	1589	59.1	0.00000000000000079	3_End_Fungi_Ge_58S_end_ninetyeight_long	+	1658	1702	51	0.00000000000027	4_LSU_Fungi_Ge_4_LSU_start_thirtyfive_long	+	1877	1921	54.7	0.000000000000018	1471	1876	1471	1544	1703	1876	all			confident	
PX214936.1	1_SSU_Fungi_Ge_1_SSU_end_onea_long	+	1431	1475	62.9	0.000000000000000046	2_5.8_Fungi_Ge_58S_start_onee_long	+	1579	1623	61.8	0.00000000000000011	3_End_Diversispora_58S_end_long_nine	+	1691	1735	60.2	0.00000000000000039	4_LSU_Fungi_Ge_4_LSU_start_elevenc_long	+	1929	1977	42.1	0.00000000014	1476	1928	1476	1578	1736	1928	all			confident	
PX214474.1	1_SSU_Fungi_Ge_1_SSU_end_onea_long	+	1430	1474	62.9	0.000000000000000046	2_5.8_Fungi_Ge_58S_start_onee_long	+	1595	1639	59.5	0.00000000000000061	3_End_Fungi_Ge_58S_end_ninetyone_long	+	1708	1751	55.5	0.000000000000012	4_LSU_Fungi_Ge_4_LSU_start_elevenc_long	+	1982	2026	61	0.00000000000000017	1475	1981	1475	1594	1752	1981	all			confident	
PX215030.1	1_SSU_Fungi_Ge_1_SSU_end_onea_long	+	1423	1467	62.9	0.000000000000000046	2_5.8_Fungi_Ge_58S_start_onee_long	+	1550	1594	58.9	0.00000000000000089	3_End_Fungi_Ge_58S_end_ninetyeight_long	+	1663	1707	63.1	0.000000000000000047	4_LSU_Fungi_Ge_4_LSU_start_thirtyfive_long	+	1887	1931	54.7	0.000000000000018	1468	1886	1468	1549	1708	1886	all			confident	
PX214883.1	1_SSU_Fungi_Ge_1_SSU_end_onea_long	+	1427	1471	62.9	0.000000000000000046	2_5.8_Fungi_Ge_58S_start_onee_long	+	1578	1622	59.5	0.00000000000000061	3_End_Fungi_Ge_58S_end_twentyfive_long	+	1685	1728	56.5	0.0000000000000042	4_LSU_Fungi_Ge_4_LSU_start_elevenc_long	+	1929	1972	57.5	0.0000000000000021	1472	1928	1472	1577	1729	1928	all			confident	
PX214840.1	1_SSU_Fungi_Ge_1_SSU_end_onea_long	+	1429	1473	62.9	0.000000000000000046	2_5.8_Fungi_Ge_58S_start_onee_long	+	1581	1625	59.5	0.00000000000000061	3_End_Fungi_Ge_58S_end_eightysix_long	+	1694	1737	46.5	0.0000000000076	4_LSU_Fungi_Ge_4_LSU_start_elevena_long	+	1939	1983	60.8	0.00000000000000019	1474	1938	1474	1580	1738	1938	all			confident	
PX207253.1	1_SSU_Fungi_Ge_1_SSU_end_onea_long	+	1430	1474	62.9	0.000000000000000046	2_5.8_Fungi_Ge_58S_start_onee_long	+	1581	1627	59.5	0.00000000000000059	3_End_Fungi_Ge_58S_end_ninetyone_long	+	1696	1739	52.5	0.00000000000011	4_LSU_Fungi_Ge_4_LSU_start_elevenc_long	+	1961	2005	61	0.00000000000000017	1475	1960	1475	1580	1740	1960	all			confident	
PX214791.1	1_SSU_Fungi_Ge_1_SSU_end_onea_long	+	1429	1473	62.9	0.000000000000000046	2_5.8_Fungi_Ge_58S_start_onee_long	+	1583	1627	59.5	0.00000000000000061	3_End_Fungi_Ge_58S_end_ninetyone_long	+	1696	1738	47.6	0.0000000000037	4_LSU_Fungi_Ge_4_LSU_start_elevena_long	+	1939	1983	60.8	0.00000000000000019	1474	1938	1474	1582	1739	1938	all			confident	
PX214743.1	1_SSU_Fungi_Ge_1_SSU_end_onea_long	+	1428	1472	62.9	0.000000000000000046	2_5.8_Fungi_Ge_58S_start_onee_long	+	1618	1662	59.5	0.00000000000000061	3_End_Fungi_Ge_58S_end_eightyeight_long	+	1731	1775	57.6	0.0000000000000024	4_LSU_Fungi_Ge_4_LSU_start_fortyfive_long	+	1982	2024	55.1	0.000000000000012	1473	1981	1473	1617	1776	1981	all			confident	
PX214550.1	1_SSU_Fungi_Ge_1_SSU_end_onea_long	+	1430	1474	62.9	0.000000000000000046	2_5.8_Fungi_Ge_58S_start_onee_long	+	1581	1625	59.5	0.00000000000000061	3_End_Fungi_Ge_58S_end_ninetyone_long	+	1694	1737	52.5	0.00000000000011	4_LSU_Fungi_Ge_4_LSU_start_elevenc_long	+	1959	2003	61	0.00000000000000017	1475	1958	1475	1580	1738	1958	all			confident	
PX214591.1	1_SSU_Fungi_Ge_1_SSU_end_onea_long	+	1430	1474	62.9	0.000000000000000046	2_5.8_Fungi_Ge_58S_start_onee_long	+	1587	1637	59.7	0.00000000000000051	3_End_Fungi_Ge_58S_end_eightyfive_long	+	1707	1748	52.1	0.00000000000013	4_LSU_Fungi_Ge_4_LSU_start_elevenc_long	+	1976	2020	61	0.00000000000000017	1475	1975	1475	1586	1749	1975	all			confident	
PX214685.1	1_SSU_Fungi_Ge_1_SSU_end_onea_long	+	1429	1473	62.9	0.000000000000000046	2_5.8_Fungi_Ge_58S_start_onee_long	+	1566	1610	59.5	0.00000000000000059	3_End_Fungi_Ge_58S_end_eightyeight_long	+	1679	1725	57.8	0.000000000000002	4_LSU_Fungi_Ge_4_LSU_start_fortyfive_long	+	1921	1964	57	0.000000000000003	1474	1920	1474	1565	1726	1920	all			confident	
PX207258.1	1_SSU_Fungi_Ge_1_SSU_end_onea_long	+	1428	1472	62.9	0.000000000000000046	2_5.8_Fungi_Ge_58S_start_onee_long	+	1577	1621	59.5	0.00000000000000059	3_End_Fungi_Ge_58S_end_ninetyone_long	+	1690	1734	56.1	0.0000000000000081	4_LSU_Fungi_Ge_4_LSU_start_elevena_long	+	1958	2002	59.9	0.00000000000000035	1473	1957	1473	1576	1735	1957	all			confident	
PX207251.1	1_SSU_Fungi_Ge_1_SSU_end_onea_long	+	1430	1474	62.9	0.000000000000000046	2_5.8_Fungi_Ge_58S_start_onee_long	+	1582	1628	59.5	0.00000000000000059	3_End_Fungi_Ge_58S_end_ninetyone_long	+	1697	1740	52.5	0.00000000000011	4_LSU_Fungi_Ge_4_LSU_start_elevenc_long	+	1962	2006	61	0.00000000000000017	1475	1961	1475	1581	1741	1961	all			confident	
PX214919.1	1_SSU_Fungi_Ge_1_SSU_end_onea_long	+	1431	1475	62.9	0.000000000000000046	2_5.8_Fungi_Ge_58S_start_onee_long	+	1573	1617	61.8	0.00000000000000011	3_End_Diversispora_58S_end_long_four	+	1686	1730	60.7	0.00000000000000028	4_LSU_Fungi_Ge_4_LSU_start_elevenc_long	+	1927	1975	42.1	0.00000000014	1476	1926	1476	1572	1731	1926	all			confident	
PX207130.1	1_SSU_Fungi_Ge_1_SSU_end_onea_long	+	1426	1470	62.9	0.000000000000000046	2_5.8_Fungi_Ge_58S_start_onee_long	+	1543	1587	58.9	0.00000000000000089	3_End_Fungi_Ge_58S_end_ninetyeight_long	+	1656	1700	41.9	0.00000000019	4_LSU_Fungi_Ge_4_LSU_start_thirtyfive_long	+	1874	1918	54.7	0.000000000000018	1471	1873	1471	1542	1701	1873	all			confident	
PX214702.1	1_SSU_Fungi_Ge_1_SSU_end_onea_long	+	1429	1473	62.9	0.000000000000000046	2_5.8_Fungi_Ge_58S_start_onee_long	+	1566	1610	59.5	0.00000000000000059	3_End_Fungi_Ge_58S_end_eightyeight_long	+	1679	1725	57.8	0.000000000000002	4_LSU_Fungi_Ge_4_LSU_start_fortyfive_long	+	1921	1964	57	0.000000000000003	1474	1920	1474	1565	1726	1920	all			confident	
PX214687.1	1_SSU_Fungi_Ge_1_SSU_end_onea_long	+	1429	1473	62.9	0.000000000000000046	2_5.8_Fungi_Ge_58S_start_onee_long	+	1566	1610	59.5	0.00000000000000059	3_End_Fungi_Ge_58S_end_eightyeight_long	+	1679	1725	57.8	0.000000000000002	4_LSU_Fungi_Ge_4_LSU_start_fortyfive_long	+	1921	1964	57	0.000000000000003	1474	1920	1474	1565	1726	1920	all			confident	
PX214627.1	1_SSU_Fungi_Ge_1_SSU_end_onea_long	+	1427	1471	62.9	0.000000000000000046	2_5.8_Fungi_Ge_58S_start_onee_long	+	1606	1650	59.5	0.00000000000000059	3_End_Fungi_Ge_58S_end_eightyeight_long	+	1719	1763	53.2	0.000000000000055	4_LSU_Fungi_Ge_4_LSU_start_eight_long	+	1956	1998	57.5	0.0000000000000022	1472	1955	1472	1605	1764	1955	all			confident	
PX214447.1	1_SSU_Fungi_Ge_1_SSU_end_onea_long	+	1430	1474	62.9	0.000000000000000046	2_5.8_Fungi_Ge_58S_start_onee_long	+	1594	1638	59.5	0.00000000000000061	3_End_Fungi_Ge_58S_end_ninetyone_long	+	1706	1749	55.5	0.000000000000012	4_LSU_Fungi_Ge_4_LSU_start_elevenc_long	+	1989	2033	61	0.00000000000000017	1475	1988	1475	1593	1750	1988	all			confident	
PX215076.1	1_SSU_Fungi_Ge_1_SSU_end_onea_long	+	1424	1468	62.9	0.000000000000000046	2_5.8_Fungi_Ge_58S_start_onee_long	+	1541	1585	59.1	0.00000000000000079	3_End_Fungi_Ge_58S_end_ninetyeight_long	+	1654	1698	55	0.000000000000015	4_LSU_Fungi_Ge_4_LSU_start_thirtyfive_long	+	1879	1923	55.6	0.0000000000000093	1469	1878	1469	1540	1699	1878	all			confident	
PX214535.1	1_SSU_Fungi_Ge_1_SSU_end_onea_long	+	1430	1474	62.9	0.000000000000000046	2_5.8_Fungi_Ge_58S_start_onee_long	+	1584	1628	59.5	0.00000000000000061	3_End_Fungi_Ge_58S_end_ninetyone_long	+	1697	1740	52.5	0.00000000000011	4_LSU_Fungi_Ge_4_LSU_start_elevenc_long	+	1962	2006	61	0.00000000000000017	1475	1961	1475	1583	1741	1961	all			confident	
PX214800.1	1_SSU_Fungi_Ge_1_SSU_end_onea_long	+	1429	1473	62.9	0.000000000000000046	2_5.8_Fungi_Ge_58S_start_onee_long	+	1582	1626	59.5	0.00000000000000061	3_End_Fungi_Ge_58S_end_eightysix_long	+	1695	1738	46.5	0.0000000000076	4_LSU_Fungi_Ge_4_LSU_start_elevena_long	+	1947	1991	60.8	0.00000000000000019	1474	1946	1474	1581	1739	1946	all			confident	
PX214724.1	1_SSU_Fungi_Ge_1_SSU_end_onea_long	+	1428	1472	62.9	0.000000000000000046	2_5.8_Fungi_Ge_58S_start_onee_long	+	1583	1627	59.5	0.00000000000000061	3_End_Fungi_Ge_58S_end_eightyeight_long	+	1696	1740	57.6	0.0000000000000024	4_LSU_Fungi_Ge_4_LSU_start_fortyfive_long	+	1940	1983	57	0.000000000000003	1473	1939	1473	1582	1741	1939	all			confident	
PX214738.1	1_SSU_Fungi_Ge_1_SSU_end_onea_long	+	1428	1472	62.9	0.000000000000000046	2_5.8_Fungi_Ge_58S_start_onee_long	+	1583	1627	59.5	0.00000000000000059	3_End_Fungi_Ge_58S_end_eightyeight_long	+	1696	1740	57.6	0.0000000000000024	4_LSU_Fungi_Ge_4_LSU_start_fortyfive_long	+	1945	1987	55.1	0.000000000000012	1473	1944	1473	1582	1741	1944	all			confident	
PX214686.1	1_SSU_Fungi_Ge_1_SSU_end_onea_long	+	1429	1473	62.9	0.000000000000000046	2_5.8_Fungi_Ge_58S_start_onee_long	+	1566	1610	59.5	0.00000000000000059	3_End_Fungi_Ge_58S_end_eightyeight_long	+	1679	1725	57.8	0.000000000000002	4_LSU_Fungi_Ge_4_LSU_start_fortyfive_long	+	1921	1964	57	0.000000000000003	1474	1920	1474	1565	1726	1920	all			confident	
PX214716.1	1_SSU_Fungi_Ge_1_SSU_end_onea_long	+	1428	1472	62.9	0.000000000000000046	2_5.8_Fungi_Ge_58S_start_onee_long	+	1565	1609	59.5	0.00000000000000059	3_End_Fungi_Ge_58S_end_eightyeight_long	+	1678	1722	57.6	0.0000000000000024	4_LSU_Fungi_Ge_4_LSU_start_fortyfive_long	+	1921	1964	57	0.000000000000003	1473	1920	1473	1564	1723	1920	all			confident	
PX207193.1	1_SSU_Fungi_Ge_1_SSU_end_onea_long	+	1429	1473	62.9	0.000000000000000046	2_5.8_Fungi_Ge_58S_start_onee_long	+	1585	1629	59.5	0.00000000000000061	3_End_Fungi_Ge_58S_end_twentyfive_long	+	1692	1736	61.2	0.00000000000000014	4_LSU_Fungi_Ge_4_LSU_start_fortyfive_long	+	1934	1978	61.2	0.00000000000000015	1474	1933	1474	1584	1737	1933	all			confident	
PX215000.1	1_SSU_Fungi_Ge_1_SSU_end_onea_long	+	1430	1474	62.9	0.000000000000000046	2_5.8_Fungi_Ge_58S_start_onee_long	+	1576	1620	61.8	0.00000000000000011	3_End_Diversispora_58S_end_long_four	+	1689	1733	60.7	0.00000000000000028	4_LSU_Fungi_Ge_4_LSU_start_elevenc_long	+	1928	1976	42.1	0.00000000014	1475	1927	1475	1575	1734	1927	all			confident	
PX215051.1	1_SSU_Fungi_Ge_1_SSU_end_onea_long	+	1423	1467	62.9	0.000000000000000046	2_5.8_Fungi_Ge_58S_start_onee_long	+	1549	1593	58.9	0.00000000000000089	3_End_Fungi_Ge_58S_end_ninetyeight_long	+	1662	1706	63.1	0.000000000000000047	4_LSU_Fungi_Ge_4_LSU_start_thirtyfive_long	+	1885	1929	54.7	0.000000000000018	1468	1884	1468	1548	1707	1884	all			confident	
PX214914.1	1_SSU_Fungi_Ge_1_SSU_end_onea_long	+	1431	1475	62.9	0.000000000000000046	2_5.8_Fungi_Ge_58S_start_onee_long	+	1574	1618	61.8	0.00000000000000011	3_End_Diversispora_58S_end_long_nine	+	1687	1731	55.9	0.0000000000000083	4_LSU_Fungi_Ge_4_LSU_start_elevenc_long	+	1926	1974	42.1	0.00000000014	1476	1925	1476	1573	1732	1925	all			confident	
PX214892.1	1_SSU_Fungi_Ge_1_SSU_end_onea_long	+	1427	1471	62.9	0.000000000000000046	2_5.8_Fungi_Ge_58S_start_onee_long	+	1577	1621	59.5	0.00000000000000061	3_End_Fungi_Ge_58S_end_twentyfive_long	+	1684	1727	56.5	0.0000000000000042	4_LSU_Fungi_Ge_4_LSU_start_elevenc_long	+	1928	1971	57.5	0.0000000000000021	1472	1927	1472	1576	1728	1927	all			confident	
PX215140.1	1_SSU_Fungi_Ge_1_SSU_end_onea_long	+	1431	1475	62.9	0.000000000000000046	2_5.8_Fungi_Ge_58S_start_threed_long	+	1616	1660	57.9	0.0000000000000016	3_End_Fungi_Ge_58S_end_eightyeight_long	+	1729	1773	57.9	0.0000000000000019	4_LSU_Fungi_Ge_4_LSU_start_fortyfive_long	+	1979	2022	53.4	0.000000000000041	1476	1978	1476	1615	1774	1978	all			confident	
PX207097.1	1_SSU_Fungi_Ge_1_SSU_end_onea_long	+	1428	1472	62.9	0.000000000000000046	2_5.8_Fungi_Ge_58S_start_onee_long	+	1594	1638	61.8	0.00000000000000011	3_End_Fungi_Ge_58S_end_onehundred_long	+	1701	1745	63.2	0.00000000000000004	4_LSU_Fungi_Ge_4_LSU_start_twentythreea_long	+	1987	2029	45.9	0.0000000000098	1473	1986	1473	1593	1746	1986	all			confident	
PX207168.1	1_SSU_Fungi_Ge_1_SSU_end_onea_long	+	1429	1473	62.9	0.000000000000000046	2_5.8_Fungi_Ge_58S_start_onee_long	+	1583	1627	59.5	0.00000000000000061	3_End_Fungi_Ge_58S_end_ninetyone_long	+	1696	1738	47.6	0.0000000000037	4_LSU_Fungi_Ge_4_LSU_start_elevena_long	+	1941	1985	60.8	0.00000000000000019	1474	1940	1474	1582	1739	1940	all			confident	
PX214540.1	1_SSU_Fungi_Ge_1_SSU_end_onea_long	+	1430	1474	62.9	0.000000000000000046	2_5.8_Fungi_Ge_58S_start_onee_long	+	1580	1626	59.5	0.00000000000000059	3_End_Fungi_Ge_58S_end_ninetyone_long	+	1695	1738	52.5	0.00000000000011	4_LSU_Fungi_Ge_4_LSU_start_elevenc_long	+	1962	2006	61	0.00000000000000017	1475	1961	1475	1579	1739	1961	all			confident	
PX215074.1	1_SSU_Fungi_Ge_1_SSU_end_onea_long	+	1424	1468	62.9	0.000000000000000046	2_5.8_Fungi_Ge_58S_start_onee_long	+	1544	1588	59.1	0.00000000000000079	3_End_Fungi_Ge_58S_end_ninetyeight_long	+	1657	1701	58.8	0.000000000000001	4_LSU_Fungi_Ge_4_LSU_start_thirtyfive_long	+	1881	1925	55.6	0.0000000000000093	1469	1880	1469	1543	1702	1880	all			confident	
PX215154.1	1_SSU_Fungi_Ge_1_SSU_end_onea_long	+	1430	1474	62.9	0.000000000000000046	2_5.8_Fungi_Ge_58S_start_onee_long	+	1587	1631	61.8	0.00000000000000011	3_End_Fungi_Ge_58S_end_onehundred_long	+	1694	1738	61	0.0000000000000002	4_LSU_Fungi_Ge_4_LSU_start_twentythreea_long	+	1950	1996	46.2	0.0000000000081	1475	1949	1475	1586	1739	1949	all			confident	
PX214948.1	1_SSU_Fungi_Ge_1_SSU_end_onea_long	+	1431	1475	62.9	0.000000000000000046	2_5.8_Fungi_Ge_58S_start_onee_long	+	1577	1621	61.8	0.00000000000000011	3_End_Glomusversiforme_58S_end_long_five	+	1690	1734	59.7	0.00000000000000056	4_LSU_Fungi_Ge_4_LSU_start_elevenc_long	+	1930	1978	37.3	0.0000000044	1476	1929	1476	1576	1735	1929	all			confident	
PX214669.1	1_SSU_Fungi_Ge_1_SSU_end_onea_long	+	1428	1472	62.9	0.000000000000000046	2_5.8_Fungi_Ge_58S_start_onee_long	+	1564	1608	59.5	0.00000000000000059	3_End_Fungi_Ge_58S_end_eightyeight_long	+	1677	1721	57.6	0.0000000000000024	4_LSU_Fungi_Ge_4_LSU_start_elevenc_long	+	1918	1960	55.5	0.0000000000000086	1473	1917	1473	1563	1722	1917	all			confident	
PX207101.1	1_SSU_Fungi_Ge_1_SSU_end_onea_long	+	1431	1475	62.9	0.000000000000000046	2_5.8_Fungi_Ge_58S_start_threed_long	+	1615	1659	57.9	0.0000000000000016	3_End_Fungi_Ge_58S_end_eightyeight_long	+	1728	1772	57.9	0.0000000000000019	4_LSU_Fungi_Ge_4_LSU_start_fortyfive_long	+	1978	2021	53.4	0.000000000000041	1476	1977	1476	1614	1773	1977	all			confident	
PX214903.1	1_SSU_Fungi_Ge_1_SSU_end_onea_long	+	1427	1471	62.9	0.000000000000000046	2_5.8_Fungi_Ge_58S_start_onee_long	+	1578	1622	59.5	0.00000000000000061	3_End_Fungi_Ge_58S_end_twentyfive_long	+	1685	1728	51.4	0.00000000000016	4_LSU_Fungi_Ge_4_LSU_start_elevenc_long	+	1927	1970	57.5	0.0000000000000021	1472	1926	1472	1577	1729	1926	all			confident	
PX207199.1	1_SSU_Fungi_Ge_1_SSU_end_onea_long	+	1429	1473	62.9	0.000000000000000046	2_5.8_Fungi_Ge_58S_start_onee_long	+	1581	1625	59.5	0.00000000000000061	3_End_Fungi_Ge_58S_end_eightysix_long	+	1694	1737	53.6	0.000000000000048	4_LSU_Fungi_Ge_4_LSU_start_fortyfive_long	+	1938	1982	61.2	0.00000000000000015	1474	1937	1474	1580	1738	1937	all			confident	
PX214804.1	1_SSU_Fungi_Ge_1_SSU_end_onea_long	+	1429	1473	62.9	0.000000000000000046	2_5.8_Fungi_Ge_58S_start_onee_long	+	1580	1624	59.5	0.00000000000000061	3_End_Fungi_Ge_58S_end_eightysix_long	+	1693	1736	46.5	0.0000000000076	4_LSU_Fungi_Ge_4_LSU_start_elevena_long	+	1946	1990	60.8	0.00000000000000019	1474	1945	1474	1579	1737	1945	all			confident	
PX214802.1	1_SSU_Fungi_Ge_1_SSU_end_onea_long	+	1429	1473	62.9	0.000000000000000046	2_5.8_Fungi_Ge_58S_start_onee_long	+	1583	1627	59.5	0.00000000000000061	3_End_Fungi_Ge_58S_end_twentyfive_long	+	1690	1740	48.2	0.0000000000016	4_LSU_Fungi_Ge_4_LSU_start_elevena_long	+	1948	1992	60.8	0.00000000000000019	1474	1947	1474	1582	1741	1947	all			confident	
PX214990.1	1_SSU_Fungi_Ge_1_SSU_end_onea_long	+	1430	1474	62.9	0.000000000000000046	2_5.8_Fungi_Ge_58S_start_onee_long	+	1576	1620	61.8	0.00000000000000011	3_End_Diversispora_58S_end_long_four	+	1689	1733	60.9	0.00000000000000024	4_LSU_Fungi_Ge_4_LSU_start_elevenc_long	+	1930	1978	42.1	0.00000000014	1475	1929	1475	1575	1734	1929	all			confident	
PX215028.1	1_SSU_Fungi_Ge_1_SSU_end_onea_long	+	1423	1467	62.9	0.000000000000000046	2_5.8_Fungi_Ge_58S_start_onee_long	+	1550	1594	58.9	0.00000000000000089	3_End_Fungi_Ge_58S_end_ninetyeight_long	+	1663	1707	63.1	0.000000000000000047	4_LSU_Fungi_Ge_4_LSU_start_thirtyfive_long	+	1887	1931	54.7	0.000000000000018	1468	1886	1468	1549	1708	1886	all			confident	
PX207165.1	1_SSU_Fungi_Ge_1_SSU_end_onea_long	+	1429	1473	62.9	0.000000000000000046	2_5.8_Fungi_Ge_58S_start_onee_long	+	1580	1624	59.5	0.00000000000000061	3_End_Fungi_Ge_58S_end_twentyfive_long	+	1687	1731	59.6	0.00000000000000044	4_LSU_Fungi_Ge_4_LSU_start_elevena_long	+	1944	1988	60.8	0.00000000000000019	1474	1943	1474	1579	1732	1943	all			confident	
PX207109.1	1_SSU_Fungi_Ge_1_SSU_end_onea_long	+	1431	1475	62.9	0.000000000000000046	2_5.8_Fungi_Ge_58S_start_onee_long	+	1582	1626	61.8	0.00000000000000011	3_End_Diversispora_58S_end_long_eight	+	1695	1739	60.9	0.00000000000000024	4_LSU_Fungi_Ge_4_LSU_start_elevenc_long	+	1931	1975	42.1	0.00000000014	1476	1930	1476	1581	1740	1930	all			confident	
PX214848.1	1_SSU_Fungi_Ge_1_SSU_end_onea_long	+	1429	1473	62.9	0.000000000000000046	2_5.8_Fungi_Ge_58S_start_onee_long	+	1577	1621	59.5	0.00000000000000061	3_End_Fungi_Ge_58S_end_twentyfive_long	+	1683	1727	61.2	0.00000000000000014	4_LSU_Fungi_Ge_4_LSU_start_elevena_long	+	1940	1984	60.8	0.00000000000000019	1474	1939	1474	1576	1728	1939	all			confident	
PX215115.1	1_SSU_Fungi_Ge_1_SSU_end_onea_long	+	1426	1470	62.9	0.000000000000000046	2_5.8_Fungi_Ge_58S_start_onee_long	+	1545	1589	58.9	0.00000000000000089	3_End_Fungi_Ge_58S_end_ninetyeight_long	+	1658	1702	41.9	0.00000000019	4_LSU_Fungi_Ge_4_LSU_start_thirtyfive_long	+	1876	1920	54.7	0.000000000000018	1471	1875	1471	1544	1703	1875	all			confident	
PX215120.1	1_SSU_Fungi_Ge_1_SSU_end_onea_long	+	1432	1476	62.9	0.000000000000000046	2_5.8_Fungi_Ge_58S_start_threed_long	+	1621	1665	57.9	0.0000000000000016	3_End_Fungi_Ge_58S_end_eightyeight_long	+	1734	1778	54.5	0.000000000000023	4_LSU_Fungi_Ge_4_LSU_start_fortyfive_long	+	1989	2031	53.3	0.000000000000044	1477	1988	1477	1620	1779	1988	all			confident	
PX214569.1	1_SSU_Fungi_Ge_1_SSU_end_onea_long	+	1430	1474	62.9	0.000000000000000046	2_5.8_Fungi_Ge_58S_start_onee_long	+	1582	1628	59.5	0.00000000000000059	3_End_Fungi_Ge_58S_end_ninetyone_long	+	1697	1740	52.5	0.00000000000011	4_LSU_Fungi_Ge_4_LSU_start_elevenc_long	+	1964	2008	61	0.00000000000000017	1475	1963	1475	1581	1741	1963	all			confident	
PX215119.1	1_SSU_Fungi_Ge_1_SSU_end_onea_long	+	1432	1476	62.9	0.000000000000000046	2_5.8_Fungi_Ge_58S_start_threed_long	+	1621	1665	57.9	0.0000000000000016	3_End_Fungi_Ge_58S_end_eightyeight_long	+	1734	1778	54.5	0.000000000000023	4_LSU_Fungi_Ge_4_LSU_start_fortyfive_long	+	1989	2031	53.3	0.000000000000044	1477	1988	1477	1620	1779	1988	all			confident	
PX215089.1	1_SSU_Fungi_Ge_1_SSU_end_onea_long	+	1426	1470	62.9	0.000000000000000046	2_5.8_Fungi_Ge_58S_start_onee_long	+	1543	1587	59.1	0.00000000000000079	3_End_Fungi_Ge_58S_end_ninetyeight_long	+	1656	1700	58.8	0.000000000000001	4_LSU_Fungi_Ge_4_LSU_start_thirtyfive_long	+	1870	1914	55.6	0.0000000000000093	1471	1869	1471	1542	1701	1869	all			confident	
PX207125.1	1_SSU_Fungi_Ge_1_SSU_end_onea_long	+	1423	1467	62.9	0.000000000000000046	2_5.8_Fungi_Ge_58S_start_onee_long	+	1549	1593	58.9	0.00000000000000089	3_End_Fungi_Ge_58S_end_ninetyeight_long	+	1662	1706	60.7	0.00000000000000025	4_LSU_Fungi_Ge_4_LSU_start_thirtyfive_long	+	1887	1931	54.7	0.000000000000018	1468	1886	1468	1548	1707	1886	all			confident	
PX207208.1	1_SSU_Fungi_Ge_1_SSU_end_onea_long	+	1429	1473	62.9	0.000000000000000046	2_5.8_Fungi_Ge_58S_start_onee_long	+	1586	1630	59.5	0.00000000000000061	3_End_Fungi_Ge_58S_end_eightyfive_long	+	1699	1743	47.1	0.0000000000051	4_LSU_Fungi_Ge_4_LSU_start_elevenc_long	+	1947	1991	60.2	0.00000000000000031	1474	1946	1474	1585	1744	1946	all			confident	
PX207230.1	1_SSU_Fungi_Ge_1_SSU_end_onea_long	+	1430	1474	62.9	0.000000000000000046	2_5.8_Fungi_Ge_58S_start_onee_long	+	1581	1625	59.5	0.00000000000000061	3_End_Fungi_Ge_58S_end_ninetyone_long	+	1694	1737	52.5	0.00000000000011	4_LSU_Fungi_Ge_4_LSU_start_elevenc_long	+	1961	2005	61	0.00000000000000017	1475	1960	1475	1580	1738	1960	all			confident	
PX214489.1	1_SSU_Fungi_Ge_1_SSU_end_onea_long	+	1430	1474	62.9	0.000000000000000046	2_5.8_Fungi_Ge_58S_start_onee_long	+	1584	1628	59.5	0.00000000000000061	3_End_Fungi_Ge_58S_end_ninetyone_long	+	1697	1740	52.5	0.00000000000011	4_LSU_Fungi_Ge_4_LSU_start_elevenc_long	+	1963	2007	61	0.00000000000000017	1475	1962	1475	1583	1741	1962	all			confident	
PX214786.1	1_SSU_Fungi_Ge_1_SSU_end_onea_long	+	1429	1473	62.9	0.000000000000000046	2_5.8_Fungi_Ge_58S_start_onee_long	+	1583	1627	59.5	0.00000000000000061	3_End_Fungi_Ge_58S_end_ninetyone_long	+	1696	1738	47.6	0.0000000000037	4_LSU_Fungi_Ge_4_LSU_start_elevena_long	+	1939	1983	60.8	0.00000000000000019	1474	1938	1474	1582	1739	1938	all			confident	
PX214656.1	1_SSU_Fungi_Ge_1_SSU_end_onea_long	+	1429	1473	62.9	0.000000000000000046	2_5.8_Fungi_Ge_58S_start_onee_long	+	1582	1626	59.5	0.00000000000000061	3_End_Fungi_Ge_58S_end_eightyeight_long	+	1695	1741	57.8	0.000000000000002	4_LSU_Fungi_Ge_4_LSU_start_eight_long	+	1941	1983	57.5	0.0000000000000022	1474	1940	1474	1581	1742	1940	all			confident	
PX214811.1	1_SSU_Fungi_Ge_1_SSU_end_onea_long	+	1429	1473	62.9	0.000000000000000046	2_5.8_Fungi_Ge_58S_start_onee_long	+	1583	1627	59.5	0.00000000000000061	3_End_Fungi_Ge_58S_end_ninetyone_long	+	1696	1738	47.6	0.0000000000037	4_LSU_Fungi_Ge_4_LSU_start_elevena_long	+	1941	1985	60.8	0.00000000000000019	1474	1940	1474	1582	1739	1940	all			confident	
PX207269.1	1_SSU_Fungi_Ge_1_SSU_end_onea_long	+	1429	1473	62.9	0.000000000000000046	2_5.8_Fungi_Ge_58S_start_onee_long	+	1597	1641	59.5	0.00000000000000061	3_End_Fungi_Ge_58S_end_ninetyone_long	+	1711	1754	57.2	0.0000000000000038	4_LSU_Fungi_Ge_4_LSU_start_elevena_long	+	1983	2027	58.7	0.00000000000000084	1474	1982	1474	1596	1755	1982	all			confident	
PX214578.1	1_SSU_Fungi_Ge_1_SSU_end_onea_long	+	1429	1473	62.9	0.000000000000000046	2_5.8_Fungi_Ge_58S_start_onee_long	+	1593	1637	59.5	0.00000000000000061	3_End_Fungi_Ge_58S_end_ninetyone_long	+	1707	1750	57.2	0.0000000000000038	4_LSU_Fungi_Ge_4_LSU_start_elevena_long	+	1977	2021	58.7	0.00000000000000084	1474	1976	1474	1592	1751	1976	all			confident	
PX207127.1	1_SSU_Fungi_Ge_1_SSU_end_onea_long	+	1423	1467	62.9	0.000000000000000046	2_5.8_Fungi_Ge_58S_start_onee_long	+	1549	1593	58.9	0.00000000000000089	3_End_Fungi_Ge_58S_end_ninetyeight_long	+	1662	1706	60.7	0.00000000000000025	4_LSU_Fungi_Ge_4_LSU_start_thirtyfive_long	+	1887	1931	54.7	0.000000000000018	1468	1886	1468	1548	1707	1886	all			confident	
PX214924.1	1_SSU_Fungi_Ge_1_SSU_end_onea_long	+	1431	1475	62.9	0.000000000000000046	2_5.8_Fungi_Ge_58S_start_onee_long	+	1573	1617	61.8	0.00000000000000011	3_End_Diversispora_58S_end_long_nine	+	1686	1730	57.7	0.0000000000000023	4_LSU_Fungi_Ge_4_LSU_start_elevenc_long	+	1921	1969	42.1	0.00000000014	1476	1920	1476	1572	1731	1920	all			confident	
PX214969.1	1_SSU_Fungi_Ge_1_SSU_end_onea_long	+	1430	1474	62.9	0.000000000000000046	2_5.8_Fungi_Ge_58S_start_onee_long	+	1584	1628	61.8	0.00000000000000011	3_End_Diversispora_58S_end_long_four	+	1697	1741	60.7	0.00000000000000028	4_LSU_Fungi_Ge_4_LSU_start_elevenc_long	+	1941	1985	45.2	0.000000000015	1475	1940	1475	1583	1742	1940	all			confident	
PX207198.1	1_SSU_Fungi_Ge_1_SSU_end_onea_long	+	1429	1473	62.9	0.000000000000000046	2_5.8_Fungi_Ge_58S_start_onee_long	+	1581	1625	59.5	0.00000000000000061	3_End_Fungi_Ge_58S_end_eightysix_long	+	1694	1737	53.6	0.000000000000048	4_LSU_Fungi_Ge_4_LSU_start_fortyfive_long	+	1938	1982	61.2	0.00000000000000015	1474	1937	1474	1580	1738	1937	all			confident	
PX215065.1	1_SSU_Fungi_Ge_1_SSU_end_onea_long	+	1423	1467	62.9	0.000000000000000046	2_5.8_Fungi_Ge_58S_start_onee_long	+	1548	1592	58.9	0.00000000000000089	3_End_Fungi_Ge_58S_end_ninetyeight_long	+	1661	1705	63.1	0.000000000000000047	4_LSU_Fungi_Ge_4_LSU_start_thirtyfive_long	+	1897	1941	54.7	0.000000000000018	1468	1896	1468	1547	1706	1896	all			confident	
PX214822.1	1_SSU_Fungi_Ge_1_SSU_end_onea_long	+	1429	1473	62.9	0.000000000000000046	2_5.8_Fungi_Ge_58S_start_onee_long	+	1586	1630	59.5	0.00000000000000061	3_End_Fungi_Ge_58S_end_eightysix_long	+	1699	1742	46.5	0.0000000000076	4_LSU_Fungi_Ge_4_LSU_start_elevena_long	+	1951	1995	60.8	0.00000000000000019	1474	1950	1474	1585	1743	1950	all			confident	
PX214877.1	1_SSU_Fungi_Ge_1_SSU_end_onea_long	+	1429	1473	62.9	0.000000000000000046	2_5.8_Fungi_Ge_58S_start_onee_long	+	1590	1634	59.5	0.00000000000000061	3_End_Fungi_Ge_58S_end_eightysix_long	+	1703	1746	43.4	0.000000000073	4_LSU_Fungi_Ge_4_LSU_start_elevena_long	+	1967	2011	60.8	0.00000000000000019	1474	1966	1474	1589	1747	1966	all			confident	
PX214510.1	1_SSU_Fungi_Ge_1_SSU_end_onea_long	+	1430	1474	62.9	0.000000000000000046	2_5.8_Fungi_Ge_58S_start_onee_long	+	1585	1629	59.5	0.00000000000000061	3_End_Fungi_Ge_58S_end_ninetyone_long	+	1698	1741	52.5	0.00000000000011	4_LSU_Fungi_Ge_4_LSU_start_elevenc_long	+	1964	2008	61	0.00000000000000017	1475	1963	1475	1584	1742	1963	all			confident	
PX214442.1	1_SSU_Fungi_Ge_1_SSU_end_onea_long	+	1430	1474	62.9	0.000000000000000046	2_5.8_Fungi_Ge_58S_start_onee_long	+	1589	1633	59.5	0.00000000000000061	3_End_Fungi_Ge_58S_end_ninetyone_long	+	1701	1744	52.6	0.000000000000098	4_LSU_Fungi_Ge_4_LSU_start_elevenc_long	+	1987	2031	61	0.00000000000000017	1475	1986	1475	1588	1745	1986	all			confident	
PX214748.1	1_SSU_Fungi_Ge_1_SSU_end_onea_long	+	1427	1471	62.9	0.000000000000000046	2_5.8_Fungi_Ge_58S_start_onee_long	+	1575	1619	59.5	0.00000000000000061	3_End_Fungi_Ge_58S_end_eightyeight_long	+	1688	1732	58.2	0.0000000000000016	4_LSU_Fungi_Ge_4_LSU_start_elevenc_long	+	1929	1973	55	0.000000000000013	1472	1928	1472	1574	1733	1928	all			confident	
PX207270.1	1_SSU_Fungi_Ge_1_SSU_end_onea_long	+	1429	1473	62.9	0.000000000000000046	2_5.8_Fungi_Ge_58S_start_onee_long	+	1597	1641	59.5	0.00000000000000061	3_End_Fungi_Ge_58S_end_ninetyone_long	+	1711	1754	57.2	0.0000000000000038	4_LSU_Fungi_Ge_4_LSU_start_elevena_long	+	1983	2027	58.7	0.00000000000000084	1474	1982	1474	1596	1755	1982	all			confident	
PX215067.1	1_SSU_Fungi_Ge_1_SSU_end_onea_long	+	1423	1467	62.9	0.000000000000000046	2_5.8_Fungi_Ge_58S_start_onee_long	+	1548	1592	58.9	0.00000000000000089	3_End_Fungi_Ge_58S_end_ninetyeight_long	+	1661	1705	63.1	0.000000000000000047	4_LSU_Fungi_Ge_4_LSU_start_thirtyfive_long	+	1897	1941	54.7	0.000000000000018	1468	1896	1468	1547	1706	1896	all			confident	
PX214589.1	1_SSU_Fungi_Ge_1_SSU_end_onea_long	+	1429	1473	62.9	0.000000000000000046	2_5.8_Fungi_Ge_58S_start_onee_long	+	1595	1639	59.5	0.00000000000000061	3_End_Fungi_Ge_58S_end_eightyfive_long	+	1709	1750	52.1	0.00000000000013	4_LSU_Fungi_Ge_4_LSU_start_elevenc_long	+	1978	2022	61	0.00000000000000017	1474	1977	1474	1594	1751	1977	all			confident	
PX214807.1	1_SSU_Fungi_Ge_1_SSU_end_onea_long	+	1429	1473	62.9	0.000000000000000046	2_5.8_Fungi_Ge_58S_start_onee_long	+	1583	1627	59.5	0.00000000000000061	3_End_Fungi_Ge_58S_end_ninetyone_long	+	1696	1738	47.6	0.0000000000037	4_LSU_Fungi_Ge_4_LSU_start_elevena_long	+	1941	1985	60.8	0.00000000000000019	1474	1940	1474	1582	1739	1940	all			confident	
PX207227.1	1_SSU_Fungi_Ge_1_SSU_end_onea_long	+	1430	1474	62.9	0.000000000000000046	2_5.8_Fungi_Ge_58S_start_onee_long	+	1584	1628	59.5	0.00000000000000061	3_End_Fungi_Ge_58S_end_ninetyone_long	+	1697	1740	52.5	0.00000000000011	4_LSU_Fungi_Ge_4_LSU_start_elevenc_long	+	1962	2006	61	0.00000000000000017	1475	1961	1475	1583	1741	1961	all			confident	
PX215066.1	1_SSU_Fungi_Ge_1_SSU_end_onea_long	+	1423	1467	62.9	0.000000000000000046	2_5.8_Fungi_Ge_58S_start_onee_long	+	1548	1592	58.9	0.00000000000000089	3_End_Fungi_Ge_58S_end_ninetyeight_long	+	1661	1705	63.1	0.000000000000000047	4_LSU_Fungi_Ge_4_LSU_start_thirtyfive_long	+	1897	1941	54.7	0.000000000000018	1468	1896	1468	1547	1706	1896	all			confident	
PX214908.1	1_SSU_Fungi_Ge_1_SSU_end_onea_long	+	1427	1471	62.9	0.000000000000000046	2_5.8_Fungi_Ge_58S_start_onee_long	+	1578	1622	59.5	0.00000000000000061	3_End_Fungi_Ge_58S_end_twentyfive_long	+	1685	1728	56.5	0.0000000000000042	4_LSU_Fungi_Ge_4_LSU_start_elevenc_long	+	1924	1967	57.5	0.0000000000000021	1472	1923	1472	1577	1729	1923	all			confident	
PX214677.1	1_SSU_Fungi_Ge_1_SSU_end_onea_long	+	1428	1472	62.9	0.000000000000000046	2_5.8_Fungi_Ge_58S_start_onee_long	+	1582	1626	59.5	0.00000000000000059	3_End_Fungi_Ge_58S_end_eightyeight_long	+	1695	1739	57.6	0.0000000000000024	4_LSU_Fungi_Ge_4_LSU_start_fortyfive_long	+	1938	1980	55.1	0.000000000000012	1473	1937	1473	1581	1740	1937	all			confident	
PX214530.1	1_SSU_Fungi_Ge_1_SSU_end_onea_long	+	1430	1474	62.9	0.000000000000000046	2_5.8_Fungi_Ge_58S_start_onee_long	+	1581	1627	59.5	0.00000000000000059	3_End_Fungi_Ge_58S_end_ninetyone_long	+	1696	1739	52.5	0.00000000000011	4_LSU_Fungi_Ge_4_LSU_start_elevenc_long	+	1962	2006	61	0.00000000000000017	1475	1961	1475	1580	1740	1961	all			confident	
PX207243.1	1_SSU_Fungi_Ge_1_SSU_end_onea_long	+	1430	1474	62.9	0.000000000000000046	2_5.8_Fungi_Ge_58S_start_onee_long	+	1586	1630	59.5	0.00000000000000061	3_End_Fungi_Ge_58S_end_ninetyone_long	+	1699	1742	52.5	0.00000000000011	4_LSU_Fungi_Ge_4_LSU_start_elevenc_long	+	1966	2010	61	0.00000000000000017	1475	1965	1475	1585	1743	1965	all			confident	
PX214699.1	1_SSU_Fungi_Ge_1_SSU_end_onea_long	+	1428	1472	62.9	0.000000000000000046	2_5.8_Fungi_Ge_58S_start_onee_long	+	1565	1609	59.5	0.00000000000000059	3_End_Fungi_Ge_58S_end_eightyeight_long	+	1678	1724	57.8	0.000000000000002	4_LSU_Fungi_Ge_4_LSU_start_fortyfive_long	+	1920	1963	57	0.000000000000003	1473	1919	1473	1564	1725	1919	all			confident	
PX214579.1	1_SSU_Fungi_Ge_1_SSU_end_onea_long	+	1429	1473	62.9	0.000000000000000046	2_5.8_Fungi_Ge_58S_start_onee_long	+	1597	1641	59.5	0.00000000000000061	3_End_Fungi_Ge_58S_end_ninetyone_long	+	1711	1754	57.2	0.0000000000000038	4_LSU_Fungi_Ge_4_LSU_start_elevena_long	+	1977	2021	58.7	0.00000000000000084	1474	1976	1474	1596	1755	1976	all			confident	
PX215040.1	1_SSU_Fungi_Ge_1_SSU_end_onea_long	+	1423	1467	62.9	0.000000000000000046	2_5.8_Fungi_Ge_58S_start_onee_long	+	1551	1595	58.9	0.00000000000000089	3_End_Fungi_Ge_58S_end_ninetyeight_long	+	1664	1708	63.1	0.000000000000000047	4_LSU_Fungi_Ge_4_LSU_start_thirtyfive_long	+	1898	1942	54.7	0.000000000000018	1468	1897	1468	1550	1709	1897	all			confident	
PX214894.1	1_SSU_Fungi_Ge_1_SSU_end_onea_long	+	1427	1471	62.9	0.000000000000000046	2_5.8_Fungi_Ge_58S_start_onee_long	+	1579	1623	59.5	0.00000000000000061	3_End_Fungi_Ge_58S_end_twentyfive_long	+	1686	1729	56.5	0.0000000000000042	4_LSU_Fungi_Ge_4_LSU_start_elevenc_long	+	1927	1970	57.5	0.0000000000000021	1472	1926	1472	1578	1730	1926	all			confident	
PX207134.1	1_SSU_Fungi_Ge_1_SSU_end_onea_long	+	1427	1471	62.9	0.000000000000000046	2_5.8_Fungi_Ge_58S_start_onee_long	+	1544	1588	58.9	0.00000000000000089	3_End_Fungi_Ge_58S_end_ninetyeight_long	+	1657	1701	41.9	0.00000000019	4_LSU_Fungi_Ge_4_LSU_start_thirtyfive_long	+	1875	1919	54.7	0.000000000000018	1472	1874	1472	1543	1702	1874	all			confident	
PX214742.1	1_SSU_Fungi_Ge_1_SSU_end_onea_long	+	1428	1472	62.9	0.000000000000000046	2_5.8_Fungi_Ge_58S_start_onee_long	+	1583	1627	59.5	0.00000000000000059	3_End_Fungi_Ge_58S_end_eightyeight_long	+	1696	1740	57.6	0.0000000000000024	4_LSU_Fungi_Ge_4_LSU_start_fortyfive_long	+	1945	1987	55.1	0.000000000000012	1473	1944	1473	1582	1741	1944	all			confident	
PX214455.1	1_SSU_Fungi_Ge_1_SSU_end_onea_long	+	1430	1474	62.9	0.000000000000000046	2_5.8_Fungi_Ge_58S_start_onee_long	+	1586	1630	59.5	0.00000000000000061	3_End_Fungi_Ge_58S_end_ninetyone_long	+	1698	1741	55.5	0.000000000000012	4_LSU_Fungi_Ge_4_LSU_start_elevenc_long	+	1989	2033	61	0.00000000000000017	1475	1988	1475	1585	1742	1988	all			confident	
PX207238.1	1_SSU_Fungi_Ge_1_SSU_end_onea_long	+	1430	1474	62.9	0.000000000000000046	2_5.8_Fungi_Ge_58S_start_onee_long	+	1582	1626	59.5	0.00000000000000061	3_End_Fungi_Ge_58S_end_ninetyone_long	+	1695	1738	52.5	0.00000000000011	4_LSU_Fungi_Ge_4_LSU_start_elevenc_long	+	1960	2004	61	0.00000000000000017	1475	1959	1475	1581	1739	1959	all			confident	
PX214851.1	1_SSU_Fungi_Tu_1_SSU_end_five_long	+	1428	1472	62.9	0.000000000000000047	2_5.8_Fungi_Ge_58S_start_onee_long	+	1574	1618	59.5	0.00000000000000061	3_End_Fungi_Ge_58S_end_twentyfive_long	+	1680	1724	61.2	0.00000000000000014	4_LSU_Fungi_Ge_4_LSU_start_elevena_long	+	1937	1981	60.8	0.00000000000000019	1473	1936	1473	1573	1725	1936	all			confident	
PX215107.1	1_SSU_Fungi_Ge_1_SSU_end_onea_long	+	1426	1470	62.9	0.000000000000000046	2_5.8_Fungi_Ge_58S_start_zero_long	+	1541	1585	55.3	0.000000000000013	3_End_Fungi_Ge_58S_end_ninetyeight_long	+	1654	1698	47	0.0000000000051	4_LSU_Fungi_Ge_4_LSU_start_thirtyfive_long	+	1870	1914	54.7	0.000000000000018	1471	1869	1471	1540	1699	1869	all			confident	
PX214776.1	1_SSU_Fungi_Ge_1_SSU_end_onea_long	+	1429	1473	62.9	0.000000000000000046	2_5.8_Fungi_Ge_58S_start_onee_long	+	1580	1624	59.5	0.00000000000000061	3_End_Fungi_Ge_58S_end_twentyfive_long	+	1687	1731	59.6	0.00000000000000044	4_LSU_Fungi_Ge_4_LSU_start_elevena_long	+	1944	1988	60.8	0.00000000000000019	1474	1943	1474	1579	1732	1943	all			confident	
PX214751.1	1_SSU_Fungi_Ge_1_SSU_end_onea_long	+	1428	1472	62.9	0.000000000000000046	2_5.8_Fungi_Ge_58S_start_onee_long	+	1576	1620	59.5	0.00000000000000061	3_End_Fungi_Ge_58S_end_eightyeight_long	+	1689	1733	58.2	0.0000000000000016	4_LSU_Fungi_Ge_4_LSU_start_elevenc_long	+	1921	1965	55	0.000000000000013	1473	1920	1473	1575	1734	1920	all			confident	
PX214568.1	1_SSU_Fungi_Ge_1_SSU_end_onea_long	+	1430	1474	62.9	0.000000000000000046	2_5.8_Fungi_Ge_58S_start_onee_long	+	1582	1628	59.5	0.00000000000000059	3_End_Fungi_Ge_58S_end_ninetyone_long	+	1697	1740	52.5	0.00000000000011	4_LSU_Fungi_Ge_4_LSU_start_elevenc_long	+	1965	2009	61	0.00000000000000017	1475	1964	1475	1581	1741	1964	all			confident	
PX207207.1	1_SSU_Fungi_Ge_1_SSU_end_onea_long	+	1429	1473	62.9	0.000000000000000046	2_5.8_Fungi_Ge_58S_start_onee_long	+	1586	1630	59.5	0.00000000000000061	3_End_Fungi_Ge_58S_end_eightyfive_long	+	1699	1743	47.1	0.0000000000051	4_LSU_Fungi_Ge_4_LSU_start_elevenc_long	+	1947	1991	60.2	0.00000000000000031	1474	1946	1474	1585	1744	1946	all			confident	
PX214484.1	1_SSU_Fungi_Ge_1_SSU_end_onea_long	+	1430	1474	62.9	0.000000000000000046	2_5.8_Fungi_Ge_58S_start_onee_long	+	1581	1627	59.5	0.00000000000000059	3_End_Fungi_Ge_58S_end_ninetyone_long	+	1696	1739	52.5	0.00000000000011	4_LSU_Fungi_Ge_4_LSU_start_elevenc_long	+	1956	2000	61	0.00000000000000017	1475	1955	1475	1580	1740	1955	all			confident	
PX215063.1	1_SSU_Fungi_Ge_1_SSU_end_onea_long	+	1423	1467	62.9	0.000000000000000046	2_5.8_Fungi_Ge_58S_start_onee_long	+	1551	1595	58.9	0.00000000000000089	3_End_Fungi_Ge_58S_end_ninetyeight_long	+	1664	1708	63.1	0.000000000000000047	4_LSU_Fungi_Ge_4_LSU_start_thirtyfive_long	+	1883	1927	54.7	0.000000000000018	1468	1882	1468	1550	1709	1882	all			confident	
PX214771.1	1_SSU_Fungi_Ge_1_SSU_end_onea_long	+	1428	1472	62.9	0.000000000000000046	2_5.8_Fungi_Ge_58S_start_onee_long	+	1573	1617	59.5	0.00000000000000061	3_End_Fungi_Ge_58S_end_eightyeight_long	+	1686	1730	57.8	0.0000000000000021	4_LSU_Fungi_Ge_4_LSU_start_elevenc_long	+	1911	1957	55.8	0.000000000000007	1473	1910	1473	1572	1731	1910	all			confident	
PX214491.1	1_SSU_Fungi_Ge_1_SSU_end_onea_long	+	1430	1474	62.9	0.000000000000000046	2_5.8_Fungi_Ge_58S_start_onee_long	+	1581	1627	59.5	0.00000000000000059	3_End_Fungi_Ge_58S_end_ninetyone_long	+	1696	1739	52.5	0.00000000000011	4_LSU_Fungi_Ge_4_LSU_start_elevenc_long	+	1962	2006	61	0.00000000000000017	1475	1961	1475	1580	1740	1961	all			confident	
PX207203.1	1_SSU_Fungi_Ge_1_SSU_end_onea_long	+	1429	1473	62.9	0.000000000000000046	2_5.8_Fungi_Ge_58S_start_onee_long	+	1581	1625	59.5	0.00000000000000061	3_End_Fungi_Ge_58S_end_eightysix_long	+	1694	1737	53.6	0.000000000000048	4_LSU_Fungi_Ge_4_LSU_start_fortyfive_long	+	1940	1984	61.2	0.00000000000000015	1474	1939	1474	1580	1738	1939	all			confident	
PX214813.1	1_SSU_Fungi_Ge_1_SSU_end_onea_long	+	1429	1473	62.9	0.000000000000000046	2_5.8_Fungi_Ge_58S_start_onee_long	+	1586	1630	59.5	0.00000000000000061	3_End_Fungi_Ge_58S_end_eightysix_long	+	1699	1742	46.5	0.0000000000076	4_LSU_Fungi_Ge_4_LSU_start_elevena_long	+	1956	2000	60.8	0.00000000000000019	1474	1955	1474	1585	1743	1955	all			confident	
PX207098.1	1_SSU_Fungi_Ge_1_SSU_end_onea_long	+	1428	1472	62.9	0.000000000000000046	2_5.8_Fungi_Ge_58S_start_onee_long	+	1595	1639	61.8	0.00000000000000011	3_End_Fungi_Ge_58S_end_onehundred_long	+	1702	1746	63.2	0.00000000000000004	4_LSU_Fungi_Ge_4_LSU_start_twentythreea_long	+	1988	2030	45.9	0.0000000000098	1473	1987	1473	1594	1747	1987	all			confident	
PX214977.1	1_SSU_Fungi_Ge_1_SSU_end_onea_long	+	1430	1474	62.9	0.000000000000000046	2_5.8_Fungi_Ge_58S_start_onee_long	+	1581	1625	61.8	0.00000000000000011	3_End_Diversispora_58S_end_long_four	+	1694	1738	60.7	0.00000000000000028	4_LSU_Fungi_Ge_4_LSU_start_elevenc_long	+	1938	1982	45.2	0.000000000015	1475	1937	1475	1580	1739	1937	all			confident	
PX207119.1	1_SSU_Fungi_Ge_1_SSU_end_onea_long	+	1423	1467	62.9	0.000000000000000046	2_5.8_Fungi_Ge_58S_start_onee_long	+	1549	1593	58.9	0.00000000000000089	3_End_Fungi_Ge_58S_end_ninetyeight_long	+	1662	1706	63.1	0.000000000000000047	4_LSU_Fungi_Ge_4_LSU_start_thirtyfive_long	+	1884	1928	54.7	0.000000000000018	1468	1883	1468	1548	1707	1883	all			confident	
PX214587.1	1_SSU_Fungi_Ge_1_SSU_end_onea_long	+	1430	1474	62.9	0.000000000000000046	2_5.8_Fungi_Ge_58S_start_onee_long	+	1596	1640	59.5	0.00000000000000061	3_End_Fungi_Ge_58S_end_eightyfive_long	+	1710	1751	52.1	0.00000000000013	4_LSU_Fungi_Ge_4_LSU_start_elevenc_long	+	1979	2023	61	0.00000000000000017	1475	1978	1475	1595	1752	1978	all			confident	
PX214999.1	1_SSU_Fungi_Ge_1_SSU_end_onea_long	+	1430	1474	62.9	0.000000000000000046	2_5.8_Fungi_Ge_58S_start_onee_long	+	1576	1620	61.8	0.00000000000000011	3_End_Diversispora_58S_end_long_four	+	1689	1733	60.7	0.00000000000000028	4_LSU_Fungi_Ge_4_LSU_start_elevenc_long	+	1928	1976	42.1	0.00000000014	1475	1927	1475	1575	1734	1927	all			confident	
PX214678.1	1_SSU_Fungi_Ge_1_SSU_end_onea_long	+	1428	1472	62.9	0.000000000000000046	2_5.8_Fungi_Ge_58S_start_onee_long	+	1564	1608	59.5	0.00000000000000059	3_End_Fungi_Ge_58S_end_eightyeight_long	+	1677	1721	57.6	0.0000000000000024	4_LSU_Fungi_Ge_4_LSU_start_fortyfive_long	+	1919	1961	55.1	0.000000000000012	1473	1918	1473	1563	1722	1918	all			confident	
PX215021.1	1_SSU_Fungi_Ge_1_SSU_end_onea_long	+	1430	1474	62.9	0.000000000000000046	2_5.8_Fungi_Ge_58S_start_onee_long	+	1546	1590	60.4	0.00000000000000031	3_End_Fungi_Ge_58S_end_ninetysix_long	+	1659	1701	55.5	0.00000000000001	4_LSU_Fungi_Ge_4_LSU_start_zerod_long	+	1915	1963	41	0.00000000033	1475	1914	1475	1545	1702	1914	all			confident	
PX214509.1	1_SSU_Fungi_Ge_1_SSU_end_onea_long	+	1430	1474	62.9	0.000000000000000046	2_5.8_Fungi_Ge_58S_start_onee_long	+	1586	1630	59.5	0.00000000000000061	3_End_Fungi_Ge_58S_end_ninetyone_long	+	1699	1742	52.5	0.00000000000011	4_LSU_Fungi_Ge_4_LSU_start_elevenc_long	+	1965	2009	61	0.00000000000000017	1475	1964	1475	1585	1743	1964	all			confident	
PX214512.1	1_SSU_Fungi_Ge_1_SSU_end_onea_long	+	1430	1474	62.9	0.000000000000000046	2_5.8_Fungi_Ge_58S_start_onee_long	+	1586	1630	59.5	0.00000000000000061	3_End_Fungi_Ge_58S_end_ninetyone_long	+	1699	1742	52.5	0.00000000000011	4_LSU_Fungi_Ge_4_LSU_start_elevenc_long	+	1967	2011	61	0.00000000000000017	1475	1966	1475	1585	1743	1966	all			confident	
PX214666.1	1_SSU_Fungi_Ge_1_SSU_end_onea_long	+	1428	1472	62.9	0.000000000000000046	2_5.8_Fungi_Ge_58S_start_onee_long	+	1562	1606	59.5	0.00000000000000059	3_End_Fungi_Ge_58S_end_eightyeight_long	+	1675	1719	57.6	0.0000000000000024	4_LSU_Fungi_Ge_4_LSU_start_elevenc_long	+	1908	1959	55.9	0.0000000000000065	1473	1907	1473	1561	1720	1907	all			confident	
PX215041.1	1_SSU_Fungi_Ge_1_SSU_end_onea_long	+	1423	1467	62.9	0.000000000000000046	2_5.8_Fungi_Ge_58S_start_onee_long	+	1551	1595	58.9	0.00000000000000089	3_End_Fungi_Ge_58S_end_ninetyeight_long	+	1664	1708	63.1	0.000000000000000047	4_LSU_Fungi_Ge_4_LSU_start_thirtyfive_long	+	1898	1942	54.7	0.000000000000018	1468	1897	1468	1550	1709	1897	all			confident	
PX214793.1	1_SSU_Fungi_Ge_1_SSU_end_onea_long	+	1429	1473	62.9	0.000000000000000046	2_5.8_Fungi_Ge_58S_start_zero_long	+	1583	1627	55.5	0.000000000000011	3_End_Fungi_Ge_58S_end_ninetyone_long	+	1696	1738	47.6	0.0000000000037	4_LSU_Fungi_Ge_4_LSU_start_elevena_long	+	1939	1983	60.8	0.00000000000000019	1474	1938	1474	1582	1739	1938	all			confident	
PX214643.1	1_SSU_Fungi_Ge_1_SSU_end_onea_long	+	1429	1473	62.9	0.000000000000000046	2_5.8_Fungi_Ge_58S_start_onee_long	+	1574	1618	59.5	0.00000000000000061	3_End_Fungi_Ge_58S_end_eightyeight_long	+	1687	1730	57.2	0.0000000000000032	4_LSU_Fungi_Ge_4_LSU_start_eight_long	+	1937	1979	57.5	0.0000000000000022	1474	1936	1474	1573	1731	1936	all			confident	
PX214945.1	1_SSU_Fungi_Ge_1_SSU_end_onea_long	+	1431	1475	62.9	0.000000000000000046	2_5.8_Fungi_Ge_58S_start_onee_long	+	1578	1622	61.8	0.00000000000000011	3_End_Glomusversiforme_58S_end_long_five	+	1691	1735	59.7	0.00000000000000056	4_LSU_Fungi_Ge_4_LSU_start_elevenc_long	+	1932	1980	37.3	0.0000000044	1476	1931	1476	1577	1736	1931	all			confident	
PX214761.1	1_SSU_Fungi_Ge_1_SSU_end_onea_long	+	1428	1472	62.9	0.000000000000000046	2_5.8_Fungi_Ge_58S_start_onee_long	+	1579	1623	59.5	0.00000000000000059	3_End_Fungi_Ge_58S_end_eightyeight_long	+	1692	1736	57.8	0.0000000000000021	4_LSU_Fungi_Ge_4_LSU_start_elevenc_long	+	1920	1965	55.7	0.0000000000000079	1473	1919	1473	1578	1737	1919	all			confident	
PX215025.1	1_SSU_Fungi_Ge_1_SSU_end_onea_long	+	1423	1467	62.9	0.000000000000000046	2_5.8_Fungi_Ge_58S_start_onee_long	+	1550	1594	58.9	0.00000000000000089	3_End_Fungi_Ge_58S_end_ninetyeight_long	+	1663	1707	63.1	0.000000000000000047	4_LSU_Fungi_Ge_4_LSU_start_thirtyfive_long	+	1887	1931	54.7	0.000000000000018	1468	1886	1468	1549	1708	1886	all			confident	
PX214490.1	1_SSU_Fungi_Ge_1_SSU_end_onea_long	+	1430	1474	62.9	0.000000000000000046	2_5.8_Fungi_Ge_58S_start_onee_long	+	1584	1628	59.5	0.00000000000000061	3_End_Fungi_Ge_58S_end_ninetyone_long	+	1697	1740	52.5	0.00000000000011	4_LSU_Fungi_Ge_4_LSU_start_elevenc_long	+	1963	2007	61	0.00000000000000017	1475	1962	1475	1583	1741	1962	all			confident	
PX207224.1	1_SSU_Fungi_Ge_1_SSU_end_onea_long	+	1430	1474	62.9	0.000000000000000046	2_5.8_Fungi_Ge_58S_start_onee_long	+	1581	1627	59.5	0.00000000000000059	3_End_Fungi_Ge_58S_end_ninetyone_long	+	1696	1739	52.5	0.00000000000011	4_LSU_Fungi_Ge_4_LSU_start_elevenc_long	+	1962	2006	61	0.00000000000000017	1475	1961	1475	1580	1740	1961	all			confident	
PX214556.1	1_SSU_Fungi_Ge_1_SSU_end_onea_long	+	1430	1474	62.9	0.000000000000000046	2_5.8_Fungi_Ge_58S_start_onee_long	+	1582	1626	59.5	0.00000000000000061	3_End_Fungi_Ge_58S_end_ninetyone_long	+	1695	1738	52.5	0.00000000000011	4_LSU_Fungi_Ge_4_LSU_start_elevenc_long	+	1963	2007	61	0.00000000000000017	1475	1962	1475	1581	1739	1962	all			confident	
PX207200.1	1_SSU_Fungi_Ge_1_SSU_end_onea_long	+	1430	1474	62.9	0.000000000000000046	2_5.8_Fungi_Ge_58S_start_onee_long	+	1582	1626	59.5	0.00000000000000061	3_End_Fungi_Ge_58S_end_eightysix_long	+	1695	1738	53.6	0.000000000000048	4_LSU_Fungi_Ge_4_LSU_start_fortyfive_long	+	1939	1983	61.2	0.00000000000000015	1475	1938	1475	1581	1739	1938	all			confident	
PX214829.1	1_SSU_Fungi_Ge_1_SSU_end_onea_long	+	1429	1473	62.9	0.000000000000000046	2_5.8_Fungi_Ge_58S_start_onee_long	+	1585	1629	59.5	0.00000000000000061	3_End_Fungi_Ge_58S_end_eightysix_long	+	1698	1741	46.5	0.0000000000076	4_LSU_Fungi_Ge_4_LSU_start_elevena_long	+	1947	1991	60.8	0.00000000000000019	1474	1946	1474	1584	1742	1946	all			confident	
PX207186.1	1_SSU_Fungi_Ge_1_SSU_end_onea_long	+	1429	1473	62.9	0.000000000000000046	2_5.8_Fungi_Ge_58S_start_onee_long	+	1583	1627	59.5	0.00000000000000061	3_End_Fungi_Ge_58S_end_ninetyone_long	+	1696	1738	47.6	0.0000000000037	4_LSU_Fungi_Ge_4_LSU_start_elevena_long	+	1939	1983	60.8	0.00000000000000019	1474	1938	1474	1582	1739	1938	all			confident	
PX214688.1	1_SSU_Fungi_Ge_1_SSU_end_onea_long	+	1429	1473	62.9	0.000000000000000046	2_5.8_Fungi_Ge_58S_start_onee_long	+	1566	1610	59.5	0.00000000000000059	3_End_Fungi_Ge_58S_end_eightyeight_long	+	1679	1725	57.8	0.000000000000002	4_LSU_Fungi_Ge_4_LSU_start_fortyfive_long	+	1921	1964	57	0.000000000000003	1474	1920	1474	1565	1726	1920	all			confident	
PX214841.1	1_SSU_Fungi_Tu_1_SSU_end_five_long	+	1429	1473	62.9	0.000000000000000047	2_5.8_Fungi_Ge_58S_start_onee_long	+	1577	1621	59.5	0.00000000000000061	3_End_Fungi_Ge_58S_end_twentyfive_long	+	1683	1727	53.5	0.000000000000036	4_LSU_Fungi_Ge_4_LSU_start_elevena_long	+	1927	1971	60.8	0.00000000000000019	1474	1926	1474	1576	1728	1926	all			confident	
PX214594.1	1_SSU_Fungi_Ge_1_SSU_end_onea_long	+	1430	1474	62.9	0.000000000000000046	2_5.8_Fungi_Ge_58S_start_onee_long	+	1597	1641	59.5	0.00000000000000061	3_End_Fungi_Ge_58S_end_ninetyone_long	+	1711	1754	57.2	0.0000000000000038	4_LSU_Fungi_Ge_4_LSU_start_elevenc_long	+	1991	2035	61	0.00000000000000017	1475	1990	1475	1596	1755	1990	all			confident	
PX207274.1	1_SSU_Fungi_Ge_1_SSU_end_onea_long	+	1429	1473	62.9	0.000000000000000046	2_5.8_Fungi_Ge_58S_start_onee_long	+	1597	1641	59.5	0.00000000000000061	3_End_Fungi_Ge_58S_end_ninetyone_long	+	1711	1754	57.2	0.0000000000000038	4_LSU_Fungi_Ge_4_LSU_start_elevena_long	+	1981	2025	58.7	0.00000000000000084	1474	1980	1474	1596	1755	1980	all			confident	
PX214443.1	1_SSU_Fungi_Ge_1_SSU_end_onea_long	+	1430	1474	62.9	0.000000000000000046	2_5.8_Fungi_Ge_58S_start_onee_long	+	1590	1634	59.5	0.00000000000000061	3_End_Fungi_Ge_58S_end_ninetyone_long	+	1702	1745	55.5	0.000000000000012	4_LSU_Fungi_Ge_4_LSU_start_elevenc_long	+	1987	2031	61	0.00000000000000017	1475	1986	1475	1589	1746	1986	all			confident	
PX214683.1	1_SSU_Fungi_Ge_1_SSU_end_onea_long	+	1428	1472	62.9	0.000000000000000046	2_5.8_Fungi_Ge_58S_start_onee_long	+	1563	1607	59.5	0.00000000000000059	3_End_Fungi_Ge_58S_end_eightyeight_long	+	1676	1720	57.6	0.0000000000000024	4_LSU_Fungi_Ge_4_LSU_start_fortyfive_long	+	1929	1971	55.1	0.000000000000012	1473	1928	1473	1562	1721	1928	all			confident	
PX207124.1	1_SSU_Fungi_Ge_1_SSU_end_onea_long	+	1423	1467	62.9	0.000000000000000046	2_5.8_Fungi_Ge_58S_start_onee_long	+	1549	1593	58.9	0.00000000000000089	3_End_Fungi_Ge_58S_end_ninetyeight_long	+	1662	1705	55.5	0.000000000000011	4_LSU_Fungi_Ge_4_LSU_start_thirtyfive_long	+	1886	1930	54.7	0.000000000000018	1468	1885	1468	1548	1706	1885	all			confident	
PX215137.1	1_SSU_Fungi_Ge_1_SSU_end_onea_long	+	1431	1475	62.9	0.000000000000000046	2_5.8_Fungi_Ge_58S_start_threed_long	+	1623	1667	57.9	0.0000000000000016	3_End_Fungi_Ge_58S_end_eightyeight_long	+	1736	1781	40.5	0.00000000051	4_LSU_Fungi_Ge_4_LSU_start_fortyfive_long	+	1985	2028	48.5	0.0000000000014	1476	1984	1476	1622	1782	1984	all			confident	
PX214566.1	1_SSU_Fungi_Ge_1_SSU_end_onea_long	+	1430	1474	62.9	0.000000000000000046	2_5.8_Fungi_Ge_58S_start_onee_long	+	1584	1628	59.5	0.00000000000000061	3_End_Fungi_Ge_58S_end_ninetyone_long	+	1697	1740	52.5	0.00000000000011	4_LSU_Fungi_Ge_4_LSU_start_elevenc_long	+	1965	2009	61	0.00000000000000017	1475	1964	1475	1583	1741	1964	all			confident	
PX214658.1	1_SSU_Fungi_Ge_1_SSU_end_onea_long	+	1429	1473	62.9	0.000000000000000046	2_5.8_Fungi_Ge_58S_start_onee_long	+	1582	1626	59.5	0.00000000000000061	3_End_Fungi_Ge_58S_end_eightyeight_long	+	1695	1739	57.6	0.0000000000000024	4_LSU_Fungi_Ge_4_LSU_start_eight_long	+	1942	1984	57.5	0.0000000000000022	1474	1941	1474	1581	1740	1941	all			confident	
PX214967.1	1_SSU_Fungi_Ge_1_SSU_end_onea_long	+	1430	1474	62.9	0.000000000000000046	2_5.8_Fungi_Ge_58S_start_onee_long	+	1584	1628	61.8	0.00000000000000011	3_End_Diversispora_58S_end_long_four	+	1697	1741	60.7	0.00000000000000028	4_LSU_Fungi_Ge_4_LSU_start_elevenc_long	+	1941	1985	45.2	0.000000000015	1475	1940	1475	1583	1742	1940	all			confident	
PX214660.1	1_SSU_Fungi_Ge_1_SSU_end_onea_long	+	1429	1473	62.9	0.000000000000000046	2_5.8_Fungi_Ge_58S_start_onee_long	+	1624	1668	59.5	0.00000000000000061	3_End_Fungi_Ge_58S_end_eightyeight_long	+	1737	1783	57.8	0.000000000000002	4_LSU_Fungi_Ge_4_LSU_start_eight_long	+	1983	2025	57.5	0.0000000000000022	1474	1982	1474	1623	1784	1982	all			confident	
PX214668.1	1_SSU_Fungi_Ge_1_SSU_end_onea_long	+	1429	1473	62.9	0.000000000000000046	2_5.8_Fungi_Ge_58S_start_onee_long	+	1565	1609	59.5	0.00000000000000059	3_End_Fungi_Ge_58S_end_eightyeight_long	+	1678	1722	57.6	0.0000000000000024	4_LSU_Fungi_Ge_4_LSU_start_elevenc_long	+	1913	1964	55.9	0.0000000000000065	1474	1912	1474	1564	1723	1912	all			confident	
PX214608.1	1_SSU_Fungi_Ge_1_SSU_end_onea_long	+	1428	1472	62.9	0.000000000000000046	2_5.8_Fungi_Ge_58S_start_onee_long	+	1572	1616	59.5	0.00000000000000059	3_End_Fungi_Ge_58S_end_ninetyone_long	+	1685	1729	48.8	0.0000000000016	4_LSU_Fungi_Ge_4_LSU_start_elevena_long	+	1961	2008	54.8	0.000000000000014	1473	1960	1473	1571	1730	1960	all			confident	
PX207120.1	1_SSU_Fungi_Ge_1_SSU_end_onea_long	+	1422	1466	62.9	0.000000000000000046	2_5.8_Fungi_Ge_58S_start_onee_long	+	1549	1593	58.9	0.00000000000000089	3_End_Fungi_Ge_58S_end_ninetyeight_long	+	1662	1706	63.1	0.000000000000000047	4_LSU_Fungi_Ge_4_LSU_start_thirtyfive_long	+	1884	1928	54.7	0.000000000000018	1467	1883	1467	1548	1707	1883	all			confident	
PX207192.1	1_SSU_Fungi_Ge_1_SSU_end_onea_long	+	1429	1473	62.9	0.000000000000000046	2_5.8_Fungi_Ge_58S_start_onee_long	+	1585	1629	59.5	0.00000000000000061	3_End_Fungi_Ge_58S_end_twentyfive_long	+	1692	1736	61.2	0.00000000000000014	4_LSU_Fungi_Ge_4_LSU_start_fortyfive_long	+	1934	1978	61.2	0.00000000000000015	1474	1933	1474	1584	1737	1933	all			confident	
PX214516.1	1_SSU_Fungi_Ge_1_SSU_end_onea_long	+	1430	1474	62.9	0.000000000000000046	2_5.8_Fungi_Ge_58S_start_onee_long	+	1586	1630	59.5	0.00000000000000061	3_End_Fungi_Ge_58S_end_ninetyone_long	+	1699	1742	52.5	0.00000000000011	4_LSU_Fungi_Ge_4_LSU_start_elevenc_long	+	1965	2009	61	0.00000000000000017	1475	1964	1475	1585	1743	1964	all			confident	
PX214905.1	1_SSU_Fungi_Ge_1_SSU_end_onea_long	+	1427	1471	62.9	0.000000000000000046	2_5.8_Fungi_Ge_58S_start_onee_long	+	1580	1624	59.5	0.00000000000000061	3_End_Fungi_Ge_58S_end_twentyfive_long	+	1687	1730	56.5	0.0000000000000042	4_LSU_Fungi_Ge_4_LSU_start_elevenc_long	+	1920	1970	57.6	0.000000000000002	1472	1919	1472	1579	1731	1919	all			confident	
PX214878.1	1_SSU_Fungi_Ge_1_SSU_end_onea_long	+	1429	1473	62.9	0.000000000000000046	2_5.8_Fungi_Ge_58S_start_onee_long	+	1590	1634	59.5	0.00000000000000061	3_End_Fungi_Ge_58S_end_eightysix_long	+	1703	1746	43.4	0.000000000073	4_LSU_Fungi_Ge_4_LSU_start_elevena_long	+	1967	2011	60.8	0.00000000000000019	1474	1966	1474	1589	1747	1966	all			confident	
PX207136.1	1_SSU_Fungi_Ge_1_SSU_end_onea_long	+	1426	1470	62.9	0.000000000000000046	2_5.8_Fungi_Ge_58S_start_onee_long	+	1546	1590	58.9	0.00000000000000089	3_End_Fungi_Ge_58S_end_ninetyeight_long	+	1659	1703	51	0.00000000000027	4_LSU_Fungi_Ge_4_LSU_start_thirtyfive_long	+	1882	1926	54.7	0.000000000000018	1471	1881	1471	1545	1704	1881	all			confident	
PX215109.1	1_SSU_Fungi_Ge_1_SSU_end_onea_long	+	1426	1470	62.9	0.000000000000000046	2_5.8_Fungi_Ge_58S_start_onee_long	+	1539	1583	59.1	0.00000000000000079	3_End_Fungi_Ge_58S_end_ninetyeight_long	+	1652	1696	55	0.000000000000015	4_LSU_Fungi_Ge_4_LSU_start_thirtyfive_long	+	1866	1910	51.4	0.00000000000019	1471	1865	1471	1538	1697	1865	all			confident	
PX215048.1	1_SSU_Fungi_Ge_1_SSU_end_onea_long	+	1423	1467	62.9	0.000000000000000046	2_5.8_Fungi_Ge_58S_start_onee_long	+	1551	1595	58.9	0.00000000000000089	3_End_Fungi_Ge_58S_end_ninetyeight_long	+	1664	1708	63.1	0.000000000000000047	4_LSU_Fungi_Ge_4_LSU_start_thirtyfive_long	+	1901	1945	54.7	0.000000000000018	1468	1900	1468	1550	1709	1900	all			confident	
PX215161.1	1_SSU_Fungi_Ge_1_SSU_end_onea_long	+	1430	1474	62.9	0.000000000000000046	2_5.8_Fungi_Ge_58S_start_onee_long	+	1584	1628	61.8	0.00000000000000011	3_End_Fungi_Ge_58S_end_onehundred_long	+	1691	1735	61	0.0000000000000002	4_LSU_Fungi_Ge_4_LSU_start_twentythreea_long	+	1952	1998	46.2	0.0000000000081	1475	1951	1475	1583	1736	1951	all			confident	
PX214784.1	1_SSU_Fungi_Ge_1_SSU_end_onea_long	+	1429	1473	62.9	0.000000000000000046	2_5.8_Fungi_Ge_58S_start_onee_long	+	1581	1625	59.5	0.00000000000000061	3_End_Fungi_Ge_58S_end_twentyfive_long	+	1688	1732	54.2	0.000000000000022	4_LSU_Fungi_Ge_4_LSU_start_elevena_long	+	1946	1990	59.9	0.00000000000000035	1474	1945	1474	1580	1733	1945	all			confident	
PX215142.1	1_SSU_Fungi_Ge_1_SSU_end_onea_long	+	1430	1474	62.9	0.000000000000000046	2_5.8_Fungi_Ge_58S_start_onee_long	+	1587	1631	61.8	0.00000000000000011	3_End_Fungi_Ge_58S_end_onehundred_long	+	1694	1738	63.2	0.00000000000000004	4_LSU_Fungi_Ge_4_LSU_start_twentythreea_long	+	1961	2004	45.9	0.0000000000098	1475	1960	1475	1586	1739	1960	all			confident	
PX214577.1	1_SSU_Fungi_Ge_1_SSU_end_onea_long	+	1429	1473	62.9	0.000000000000000046	2_5.8_Fungi_Ge_58S_start_onee_long	+	1594	1638	59.5	0.00000000000000061	3_End_Fungi_Ge_58S_end_ninetyone_long	+	1708	1751	57.2	0.0000000000000038	4_LSU_Fungi_Ge_4_LSU_start_elevena_long	+	1979	2023	58.7	0.00000000000000084	1474	1978	1474	1593	1752	1978	all			confident	
PX214872.1	1_SSU_Fungi_Ge_1_SSU_end_onea_long	+	1429	1473	62.9	0.000000000000000046	2_5.8_Fungi_Ge_58S_start_onee_long	+	1590	1634	59.5	0.00000000000000061	3_End_Fungi_Ge_58S_end_eightysix_long	+	1703	1746	46.5	0.0000000000076	4_LSU_Fungi_Ge_4_LSU_start_elevena_long	+	1957	2001	60.8	0.00000000000000019	1474	1956	1474	1589	1747	1956	all			confident	
PX214525.1	1_SSU_Fungi_Ge_1_SSU_end_onea_long	+	1430	1474	62.9	0.000000000000000046	2_5.8_Fungi_Ge_58S_start_onee_long	+	1585	1629	59.5	0.00000000000000061	3_End_Fungi_Ge_58S_end_ninetyone_long	+	1698	1741	52.5	0.00000000000011	4_LSU_Fungi_Ge_4_LSU_start_elevenc_long	+	1966	2010	61	0.00000000000000017	1475	1965	1475	1584	1742	1965	all			confident	
PX214473.1	1_SSU_Fungi_Ge_1_SSU_end_onea_long	+	1430	1474	62.9	0.000000000000000046	2_5.8_Fungi_Ge_58S_start_onee_long	+	1595	1639	59.5	0.00000000000000061	3_End_Fungi_Ge_58S_end_ninetyone_long	+	1708	1751	55.5	0.000000000000012	4_LSU_Fungi_Ge_4_LSU_start_elevenc_long	+	1982	2026	61	0.00000000000000017	1475	1981	1475	1594	1752	1981	all			confident	
PX214557.1	1_SSU_Fungi_Ge_1_SSU_end_onea_long	+	1430	1474	62.9	0.000000000000000046	2_5.8_Fungi_Ge_58S_start_onee_long	+	1585	1629	59.5	0.00000000000000061	3_End_Fungi_Ge_58S_end_ninetyone_long	+	1698	1741	52.5	0.00000000000011	4_LSU_Fungi_Ge_4_LSU_start_elevenc_long	+	1966	2010	61	0.00000000000000017	1475	1965	1475	1584	1742	1965	all			confident	
PX207121.1	1_SSU_Fungi_Ge_1_SSU_end_onea_long	+	1422	1466	62.9	0.000000000000000046	2_5.8_Fungi_Ge_58S_start_onee_long	+	1549	1593	58.9	0.00000000000000089	3_End_Fungi_Ge_58S_end_ninetyeight_long	+	1662	1706	63.1	0.000000000000000047	4_LSU_Fungi_Ge_4_LSU_start_thirtyfive_long	+	1884	1928	54.7	0.000000000000018	1467	1883	1467	1548	1707	1883	all			confident	
PX207242.1	1_SSU_Fungi_Ge_1_SSU_end_onea_long	+	1430	1474	62.9	0.000000000000000046	2_5.8_Fungi_Ge_58S_start_onee_long	+	1583	1629	59.5	0.00000000000000059	3_End_Fungi_Ge_58S_end_ninetyone_long	+	1698	1741	52.5	0.00000000000011	4_LSU_Fungi_Ge_4_LSU_start_elevenc_long	+	1965	2009	61	0.00000000000000017	1475	1964	1475	1582	1742	1964	all			confident	
PX214539.1	1_SSU_Fungi_Ge_1_SSU_end_onea_long	+	1430	1474	62.9	0.000000000000000046	2_5.8_Fungi_Ge_58S_start_onee_long	+	1581	1627	59.5	0.00000000000000059	3_End_Fungi_Ge_58S_end_ninetyone_long	+	1696	1739	52.5	0.00000000000011	4_LSU_Fungi_Ge_4_LSU_start_elevenc_long	+	1963	2007	61	0.00000000000000017	1475	1962	1475	1580	1740	1962	all			confident	
PX214928.1	1_SSU_Fungi_Ge_1_SSU_end_onea_long	+	1431	1475	62.9	0.000000000000000046	2_5.8_Fungi_Ge_58S_start_onee_long	+	1576	1620	61.8	0.00000000000000011	3_End_Diversispora_58S_end_long_nine	+	1689	1733	60.2	0.00000000000000039	4_LSU_Fungi_Ge_4_LSU_start_elevenc_long	+	1927	1975	42.1	0.00000000014	1476	1926	1476	1575	1734	1926	all			confident	
PX215125.1	1_SSU_Fungi_Ge_1_SSU_end_onea_long	+	1432	1476	62.9	0.000000000000000046	2_5.8_Fungi_Ge_58S_start_threed_long	+	1621	1665	57.9	0.0000000000000016	3_End_Fungi_Ge_58S_end_eightyeight_long	+	1734	1778	54.5	0.000000000000023	4_LSU_Fungi_Ge_4_LSU_start_fortyfive_long	+	1987	2029	53.3	0.000000000000044	1477	1986	1477	1620	1779	1986	all			confident	
PX215038.1	1_SSU_Fungi_Ge_1_SSU_end_onea_long	+	1423	1467	62.9	0.000000000000000046	2_5.8_Fungi_Ge_58S_start_onee_long	+	1550	1594	58.9	0.00000000000000089	3_End_Fungi_Ge_58S_end_ninetyeight_long	+	1663	1707	63.1	0.000000000000000047	4_LSU_Fungi_Ge_4_LSU_start_thirtyfive_long	+	1887	1931	54.7	0.000000000000018	1468	1886	1468	1549	1708	1886	all			confident	
PX215129.1	1_SSU_Fungi_Ge_1_SSU_end_onea_long	+	1432	1476	62.9	0.000000000000000046	2_5.8_Fungi_Ge_58S_start_threed_long	+	1622	1666	57.9	0.0000000000000016	3_End_Fungi_Ge_58S_end_eightyeight_long	+	1735	1779	54.5	0.000000000000023	4_LSU_Fungi_Ge_4_LSU_start_fortyfive_long	+	1988	2030	53.3	0.000000000000044	1477	1987	1477	1621	1780	1987	all			confident	
PX214867.1	1_SSU_Fungi_Ge_1_SSU_end_onea_long	+	1429	1473	62.9	0.000000000000000046	2_5.8_Fungi_Ge_58S_start_onee_long	+	1581	1625	59.5	0.00000000000000061	3_End_Fungi_Ge_58S_end_eightysix_long	+	1694	1737	53.6	0.000000000000048	4_LSU_Fungi_Ge_4_LSU_start_fortyfive_long	+	1938	1982	61.2	0.00000000000000015	1474	1937	1474	1580	1738	1937	all			confident	
PX215098.1	1_SSU_Fungi_Ge_1_SSU_end_onea_long	+	1426	1470	62.9	0.000000000000000046	2_5.8_Fungi_Ge_58S_start_onee_long	+	1545	1589	58.9	0.00000000000000089	3_End_Fungi_Ge_58S_end_ninetyeight_long	+	1658	1702	50.5	0.00000000000041	4_LSU_Fungi_Ge_4_LSU_start_thirtyfive_long	+	1879	1923	54.7	0.000000000000018	1471	1878	1471	1544	1703	1878	all			confident	
PX214615.1	1_SSU_Fungi_Ge_1_SSU_end_onea_long	+	1428	1472	62.9	0.000000000000000046	2_5.8_Fungi_Ge_58S_start_onee_long	+	1575	1619	59.5	0.00000000000000061	3_End_Fungi_Ge_58S_end_eightyeight_long	+	1688	1732	53.2	0.000000000000055	4_LSU_Fungi_Ge_4_LSU_start_eight_long	+	1922	1965	57.5	0.0000000000000022	1473	1921	1473	1574	1733	1921	all			confident	
PX214781.1	1_SSU_Fungi_Ge_1_SSU_end_onea_long	+	1429	1473	62.9	0.000000000000000046	2_5.8_Fungi_Ge_58S_start_onee_long	+	1580	1624	59.5	0.00000000000000061	3_End_Fungi_Ge_58S_end_twentyfive_long	+	1687	1731	59.6	0.00000000000000044	4_LSU_Fungi_Ge_4_LSU_start_elevena_long	+	1944	1988	60.8	0.00000000000000019	1474	1943	1474	1579	1732	1943	all			confident	
PX214450.1	1_SSU_Fungi_Ge_1_SSU_end_onea_long	+	1430	1474	62.9	0.000000000000000046	2_5.8_Fungi_Ge_58S_start_onee_long	+	1579	1623	59.5	0.00000000000000061	3_End_Fungi_Ge_58S_end_ninetyone_long	+	1691	1734	55.5	0.000000000000012	4_LSU_Fungi_Ge_4_LSU_start_elevenc_long	+	1982	2026	61	0.00000000000000017	1475	1981	1475	1578	1735	1981	all			confident	
PX214626.1	1_SSU_Fungi_Ge_1_SSU_end_onea_long	+	1428	1472	62.9	0.000000000000000046	2_5.8_Fungi_Ge_58S_start_onee_long	+	1607	1651	59.5	0.00000000000000059	3_End_Fungi_Ge_58S_end_eightyeight_long	+	1720	1764	53.2	0.000000000000055	4_LSU_Fungi_Ge_4_LSU_start_eight_long	+	1957	1999	57.5	0.0000000000000022	1473	1956	1473	1606	1765	1956	all			confident	
PX214611.1	1_SSU_Fungi_Ge_1_SSU_end_onea_long	+	1428	1472	62.9	0.000000000000000046	2_5.8_Fungi_Ge_58S_start_onee_long	+	1583	1627	59.5	0.00000000000000061	3_End_Fungi_Ge_58S_end_ninetyone_long	+	1696	1740	59.7	0.00000000000000059	4_LSU_Fungi_Ge_4_LSU_start_elevena_long	+	1984	2029	58.7	0.00000000000000087	1473	1983	1473	1582	1741	1983	all			confident	
PX214904.1	1_SSU_Fungi_Ge_1_SSU_end_onea_long	+	1427	1471	62.9	0.000000000000000046	2_5.8_Fungi_Ge_58S_start_onee_long	+	1579	1623	59.5	0.00000000000000061	3_End_Fungi_Ge_58S_end_ninety_long	+	1686	1730	52.1	0.000000000000087	4_LSU_Fungi_Ge_4_LSU_start_elevenc_long	+	1927	1970	57.5	0.0000000000000021	1472	1926	1472	1578	1731	1926	all			confident	
PX214972.1	1_SSU_Fungi_Ge_1_SSU_end_onea_long	+	1430	1474	62.9	0.000000000000000046	2_5.8_Fungi_Ge_58S_start_onee_long	+	1584	1628	61.8	0.00000000000000011	3_End_Diversispora_58S_end_long_four	+	1697	1741	60.7	0.00000000000000028	4_LSU_Fungi_Ge_4_LSU_start_elevenc_long	+	1941	1985	45.2	0.000000000015	1475	1940	1475	1583	1742	1940	all			confident	
PX214773.1	1_SSU_Fungi_Ge_1_SSU_end_onea_long	+	1428	1472	62.9	0.000000000000000046	2_5.8_Fungi_Ge_58S_start_onee_long	+	1575	1619	59.5	0.00000000000000059	3_End_Fungi_Ge_58S_end_eightynine_long	+	1689	1733	61.4	0.00000000000000016	4_LSU_Fungi_Ge_4_LSU_start_fortyfive_long	+	1940	1985	41.6	0.0000000002	1473	1939	1473	1574	1734	1939	all			confident	
PX214923.1	1_SSU_Fungi_Ge_1_SSU_end_onea_long	+	1431	1475	62.9	0.000000000000000046	2_5.8_Fungi_Ge_58S_start_onee_long	+	1574	1618	61.8	0.00000000000000011	3_End_Diversispora_58S_end_long_nine	+	1687	1731	60.4	0.00000000000000034	4_LSU_Fungi_Ge_4_LSU_start_elevenc_long	+	1929	1977	42.1	0.00000000014	1476	1928	1476	1573	1732	1928	all			confident	
PX207128.1	1_SSU_Fungi_Ge_1_SSU_end_onea_long	+	1426	1470	62.9	0.000000000000000046	2_5.8_Fungi_Ge_58S_start_onee_long	+	1543	1587	58.9	0.00000000000000089	3_End_Fungi_Ge_58S_end_ninetyeight_long	+	1656	1700	41.9	0.00000000019	4_LSU_Fungi_Ge_4_LSU_start_thirtyfive_long	+	1874	1918	54.7	0.000000000000018	1471	1873	1471	1542	1701	1873	all			confident	
PX214695.1	1_SSU_Fungi_Ge_1_SSU_end_onea_long	+	1429	1473	62.9	0.000000000000000046	2_5.8_Fungi_Ge_58S_start_onee_long	+	1566	1610	59.5	0.00000000000000059	3_End_Fungi_Ge_58S_end_eightyeight_long	+	1679	1725	57.8	0.000000000000002	4_LSU_Fungi_Ge_4_LSU_start_fortyfive_long	+	1920	1963	57	0.000000000000003	1474	1919	1474	1565	1726	1919	all			confident	
PX207225.1	1_SSU_Fungi_Ge_1_SSU_end_onea_long	+	1430	1474	62.9	0.000000000000000046	2_5.8_Fungi_Ge_58S_start_onee_long	+	1581	1627	59.5	0.00000000000000059	3_End_Fungi_Ge_58S_end_ninetyone_long	+	1696	1739	52.5	0.00000000000011	4_LSU_Fungi_Ge_4_LSU_start_elevenc_long	+	1962	2006	61	0.00000000000000017	1475	1961	1475	1580	1740	1961	all			confident	
PX215024.1	1_SSU_Fungi_Ge_1_SSU_end_onea_long	+	1423	1467	62.9	0.000000000000000046	2_5.8_Fungi_Ge_58S_start_onee_long	+	1550	1594	58.9	0.00000000000000089	3_End_Fungi_Ge_58S_end_ninetyeight_long	+	1663	1707	63.1	0.000000000000000047	4_LSU_Fungi_Ge_4_LSU_start_thirtyfive_long	+	1886	1930	54.7	0.000000000000018	1468	1885	1468	1549	1708	1885	all			confident	
PX215046.1	1_SSU_Fungi_Ge_1_SSU_end_onea_long	+	1423	1467	62.9	0.000000000000000046	2_5.8_Fungi_Ge_58S_start_onee_long	+	1551	1595	58.9	0.00000000000000089	3_End_Fungi_Ge_58S_end_ninetyeight_long	+	1664	1708	63.1	0.000000000000000047	4_LSU_Fungi_Ge_4_LSU_start_thirtyfive_long	+	1901	1945	54.7	0.000000000000018	1468	1900	1468	1550	1709	1900	all			confident	
PX214622.1	1_SSU_Fungi_Ge_1_SSU_end_onea_long	+	1427	1471	62.9	0.000000000000000046	2_5.8_Fungi_Ge_58S_start_onee_long	+	1574	1618	59.5	0.00000000000000061	3_End_Fungi_Ge_58S_end_eightyeight_long	+	1687	1731	53.2	0.000000000000055	4_LSU_Fungi_Ge_4_LSU_start_eight_long	+	1921	1964	57.5	0.0000000000000022	1472	1920	1472	1573	1732	1920	all			confident	
PX214741.1	1_SSU_Fungi_Ge_1_SSU_end_onea_long	+	1428	1472	62.9	0.000000000000000046	2_5.8_Fungi_Ge_58S_start_onee_long	+	1583	1627	59.5	0.00000000000000059	3_End_Fungi_Ge_58S_end_eightyeight_long	+	1696	1740	57.6	0.0000000000000024	4_LSU_Fungi_Ge_4_LSU_start_fortyfive_long	+	1945	1987	55.1	0.000000000000012	1473	1944	1473	1582	1741	1944	all			confident	
PX214588.1	1_SSU_Fungi_Ge_1_SSU_end_onea_long	+	1430	1474	62.9	0.000000000000000046	2_5.8_Fungi_Ge_58S_start_onee_long	+	1596	1640	59.5	0.00000000000000061	3_End_Fungi_Ge_58S_end_eightyfive_long	+	1710	1751	52.1	0.00000000000013	4_LSU_Fungi_Ge_4_LSU_start_elevenc_long	+	1979	2023	61	0.00000000000000017	1475	1978	1475	1595	1752	1978	all			confident	
PX214481.1	1_SSU_Fungi_Ge_1_SSU_end_onea_long	+	1430	1474	62.9	0.000000000000000046	2_5.8_Fungi_Ge_58S_start_onee_long	+	1586	1630	59.5	0.00000000000000061	3_End_Fungi_Ge_58S_end_ninetyone_long	+	1699	1742	52.5	0.00000000000011	4_LSU_Fungi_Ge_4_LSU_start_elevenc_long	+	1966	2010	61	0.00000000000000017	1475	1965	1475	1585	1743	1965	all			confident	
PX207112.1	1_SSU_Fungi_Ge_1_SSU_end_onea_long	+	1431	1475	62.9	0.000000000000000046	2_5.8_Fungi_Ge_58S_start_onee_long	+	1580	1624	61.8	0.00000000000000011	3_End_Diversispora_58S_end_long_eight	+	1693	1737	60.9	0.00000000000000024	4_LSU_Fungi_Ge_4_LSU_start_elevenc_long	+	1929	1973	42.1	0.00000000014	1476	1928	1476	1579	1738	1928	all			confident	
PX207104.1	1_SSU_Fungi_Ge_1_SSU_end_onea_long	+	1431	1475	62.9	0.000000000000000046	2_5.8_Fungi_Ge_58S_start_threed_long	+	1612	1656	57.9	0.0000000000000016	3_End_Fungi_Ge_58S_end_eightyeight_long	+	1725	1769	57.9	0.0000000000000019	4_LSU_Fungi_Ge_4_LSU_start_fortyfive_long	+	1975	2018	53.4	0.000000000000041	1476	1974	1476	1611	1770	1974	all			confident	
PX214772.1	1_SSU_Fungi_Ge_1_SSU_end_onea_long	+	1425	1469	62.9	0.000000000000000046	2_5.8_Fungi_Ge_58S_start_onee_long	+	1679	1723	59.5	0.00000000000000061	3_End_Fungi_Ge_58S_end_eightyeight_long	+	1792	1836	54.7	0.000000000000019	4_LSU_Fungi_Ge_4_LSU_start_elevenc_long	+	2029	2074	55.7	0.0000000000000079	1470	2028	1470	1678	1837	2028	all			confident	
PX207191.1	1_SSU_Fungi_Ge_1_SSU_end_onea_long	+	1429	1473	62.9	0.000000000000000046	2_5.8_Fungi_Ge_58S_start_onee_long	+	1585	1629	59.5	0.00000000000000061	3_End_Fungi_Ge_58S_end_twentyfive_long	+	1692	1736	61.2	0.00000000000000014	4_LSU_Fungi_Ge_4_LSU_start_fortyfive_long	+	1934	1978	61.2	0.00000000000000015	1474	1933	1474	1584	1737	1933	all			confident	
PX214797.1	1_SSU_Fungi_Ge_1_SSU_end_onea_long	+	1429	1473	62.9	0.000000000000000046	2_5.8_Fungi_Ge_58S_start_onee_long	+	1579	1623	59.5	0.00000000000000061	3_End_Fungi_Ge_58S_end_ninetyone_long	+	1692	1734	47.6	0.0000000000037	4_LSU_Fungi_Ge_4_LSU_start_elevena_long	+	1936	1980	60.8	0.00000000000000019	1474	1935	1474	1578	1735	1935	all			confident	
PX207115.1	1_SSU_Fungi_Ge_1_SSU_end_onea_long	+	1431	1475	62.9	0.000000000000000046	2_5.8_Fungi_Ge_58S_start_onee_long	+	1584	1628	61.8	0.00000000000000011	3_End_Diversispora_58S_end_long_three	+	1697	1741	61.5	0.00000000000000014	4_LSU_Fungi_Ge_4_LSU_start_elevenc_long	+	1933	1977	42.1	0.00000000014	1476	1932	1476	1583	1742	1932	all			confident	
PX207110.1	1_SSU_Fungi_Ge_1_SSU_end_onea_long	+	1431	1475	62.9	0.000000000000000046	2_5.8_Fungi_Ge_58S_start_onee_long	+	1580	1624	61.8	0.00000000000000011	3_End_Diversispora_58S_end_long_eight	+	1693	1737	60.9	0.00000000000000024	4_LSU_Fungi_Ge_4_LSU_start_elevenc_long	+	1929	1973	42.1	0.00000000014	1476	1928	1476	1579	1738	1928	all			confident	
PX215006.1	1_SSU_Fungi_Ge_1_SSU_end_onea_long	+	1431	1475	62.9	0.000000000000000046	2_5.8_Fungi_Ge_58S_start_onee_long	+	1581	1625	61.8	0.00000000000000011	3_End_Diversispora_58S_end_long_three	+	1694	1738	56.6	0.000000000000005	4_LSU_Fungi_Ge_4_LSU_start_thirtytwo_long	+	1933	1974	39.6	0.00000000092	1476	1932	1476	1580	1739	1932	all			confident	
PX207210.1	1_SSU_Fungi_Ge_1_SSU_end_onea_long	+	1429	1473	62.9	0.000000000000000046	2_5.8_Fungi_Ge_58S_start_onee_long	+	1588	1632	59.5	0.00000000000000061	3_End_Fungi_Ge_58S_end_eightysix_long	+	1701	1744	49.9	0.00000000000067	4_LSU_Fungi_Ge_4_LSU_start_fortyfive_long	+	1946	1990	61.2	0.00000000000000015	1474	1945	1474	1587	1745	1945	all			confident	
PX214581.1	1_SSU_Fungi_Ge_1_SSU_end_onea_long	+	1429	1473	62.9	0.000000000000000046	2_5.8_Fungi_Ge_58S_start_onee_long	+	1596	1640	59.5	0.00000000000000061	3_End_Fungi_Ge_58S_end_ninetyone_long	+	1710	1753	57.2	0.0000000000000038	4_LSU_Fungi_Ge_4_LSU_start_elevena_long	+	1972	2016	58.7	0.00000000000000084	1474	1971	1474	1595	1754	1971	all			confident	
PX214982.1	1_SSU_Fungi_Ge_1_SSU_end_onea_long	+	1430	1474	62.9	0.000000000000000046	2_5.8_Fungi_Ge_58S_start_onee_long	+	1576	1620	61.8	0.00000000000000011	3_End_Diversispora_58S_end_long_four	+	1689	1733	60.7	0.00000000000000028	4_LSU_Fungi_Ge_4_LSU_start_elevenc_long	+	1929	1977	42.1	0.00000000014	1475	1928	1475	1575	1734	1928	all			confident	
PX214599.1	1_SSU_Fungi_Ge_1_SSU_end_onea_long	+	1428	1472	62.9	0.000000000000000046	2_5.8_Fungi_Ge_58S_start_onee_long	+	1585	1629	59.5	0.00000000000000061	3_End_Fungi_Ge_58S_end_ninetyone_long	+	1698	1742	59.7	0.00000000000000059	4_LSU_Fungi_Ge_4_LSU_start_elevena_long	+	1973	2022	56.7	0.0000000000000036	1473	1972	1473	1584	1743	1972	all			confident	
PX207228.1	1_SSU_Fungi_Ge_1_SSU_end_onea_long	+	1430	1474	62.9	0.000000000000000046	2_5.8_Fungi_Ge_58S_start_onee_long	+	1581	1627	59.5	0.00000000000000059	3_End_Fungi_Ge_58S_end_ninetyone_long	+	1696	1739	52.5	0.00000000000011	4_LSU_Fungi_Ge_4_LSU_start_elevenc_long	+	1962	2006	59.6	0.00000000000000047	1475	1961	1475	1580	1740	1961	all			confident	
PX215043.1	1_SSU_Fungi_Ge_1_SSU_end_onea_long	+	1423	1467	62.9	0.000000000000000046	2_5.8_Fungi_Ge_58S_start_onee_long	+	1551	1595	58.9	0.00000000000000089	3_End_Fungi_Ge_58S_end_ninetyeight_long	+	1664	1708	63.1	0.000000000000000047	4_LSU_Fungi_Ge_4_LSU_start_thirtyfive_long	+	1898	1942	54.7	0.000000000000018	1468	1897	1468	1550	1709	1897	all			confident	
PX215069.1	1_SSU_Fungi_Ge_1_SSU_end_onea_long	+	1423	1467	62.9	0.000000000000000046	2_5.8_Fungi_Ge_58S_start_onee_long	+	1550	1594	58.9	0.00000000000000089	3_End_Fungi_Ge_58S_end_ninetyeight_long	+	1663	1707	63.1	0.000000000000000047	4_LSU_Fungi_Ge_4_LSU_start_thirtyfive_long	+	1878	1932	54.9	0.000000000000015	1468	1877	1468	1549	1708	1877	all			confident	
PX207177.1	1_SSU_Fungi_Ge_1_SSU_end_onea_long	+	1429	1473	62.9	0.000000000000000046	2_5.8_Fungi_Ge_58S_start_onee_long	+	1583	1627	59.5	0.00000000000000061	3_End_Fungi_Ge_58S_end_ninetyone_long	+	1696	1738	47.6	0.0000000000037	4_LSU_Fungi_Ge_4_LSU_start_elevena_long	+	1939	1983	60.8	0.00000000000000019	1474	1938	1474	1582	1739	1938	all			confident	
PX214985.1	1_SSU_Fungi_Ge_1_SSU_end_onea_long	+	1430	1474	62.9	0.000000000000000046	2_5.8_Fungi_Ge_58S_start_onee_long	+	1575	1619	61.8	0.00000000000000011	3_End_Diversispora_58S_end_long_four	+	1688	1732	60.7	0.00000000000000028	4_LSU_Fungi_Ge_4_LSU_start_elevenc_long	+	1930	1978	36.8	0.0000000059	1475	1929	1475	1574	1733	1929	all			confident	
PX215077.1	1_SSU_Fungi_Ge_1_SSU_end_onea_long	+	1424	1468	62.9	0.000000000000000046	2_5.8_Fungi_Ge_58S_start_onee_long	+	1542	1586	59.1	0.00000000000000079	3_End_Fungi_Ge_58S_end_ninetyeight_long	+	1655	1699	50.5	0.00000000000041	4_LSU_Fungi_Ge_4_LSU_start_thirtyfive_long	+	1876	1920	55.6	0.0000000000000093	1469	1875	1469	1541	1700	1875	all			confident	
PX215121.1	1_SSU_Fungi_Ge_1_SSU_end_onea_long	+	1432	1476	62.9	0.000000000000000046	2_5.8_Fungi_Ge_58S_start_threed_long	+	1621	1665	57.9	0.0000000000000016	3_End_Fungi_Ge_58S_end_eightyeight_long	+	1734	1778	54.5	0.000000000000023	4_LSU_Fungi_Ge_4_LSU_start_fortyfive_long	+	1989	2031	53.3	0.000000000000044	1477	1988	1477	1620	1779	1988	all			confident	
PX215035.1	1_SSU_Fungi_Ge_1_SSU_end_onea_long	+	1423	1467	62.9	0.000000000000000046	2_5.8_Fungi_Ge_58S_start_onee_long	+	1550	1594	58.9	0.00000000000000089	3_End_Fungi_Ge_58S_end_ninetyeight_long	+	1663	1707	63.1	0.000000000000000047	4_LSU_Fungi_Ge_4_LSU_start_thirtyfive_long	+	1887	1931	54.7	0.000000000000018	1468	1886	1468	1549	1708	1886	all			confident	
PX214782.1	1_SSU_Fungi_Ge_1_SSU_end_onea_long	+	1429	1473	62.9	0.000000000000000046	2_5.8_Fungi_Ge_58S_start_onee_long	+	1580	1624	59.5	0.00000000000000061	3_End_Fungi_Ge_58S_end_twentyfive_long	+	1687	1731	59.6	0.00000000000000044	4_LSU_Fungi_Ge_4_LSU_start_elevena_long	+	1944	1988	60.8	0.00000000000000019	1474	1943	1474	1579	1732	1943	all			confident	
PX214881.1	1_SSU_Fungi_Ge_1_SSU_end_onea_long	+	1427	1471	62.9	0.000000000000000046	2_5.8_Fungi_Ge_58S_start_onee_long	+	1579	1623	59.5	0.00000000000000061	3_End_Fungi_Ge_58S_end_twentyfive_long	+	1686	1729	56.5	0.0000000000000042	4_LSU_Fungi_Ge_4_LSU_start_elevenc_long	+	1930	1973	57.5	0.0000000000000021	1472	1929	1472	1578	1730	1929	all			confident	
PX214856.1	1_SSU_Fungi_Ge_1_SSU_end_onea_long	+	1429	1473	62.9	0.000000000000000046	2_5.8_Fungi_Ge_58S_start_onee_long	+	1579	1623	59.5	0.00000000000000061	3_End_Fungi_Ge_58S_end_eightyfive_long	+	1692	1736	51.6	0.0000000000002	4_LSU_Fungi_Ge_4_LSU_start_fortyfive_long	+	1942	1986	61.2	0.00000000000000015	1474	1941	1474	1578	1737	1941	all			confident	
PX215112.1	1_SSU_Fungi_Ge_1_SSU_end_onea_long	+	1426	1470	62.9	0.000000000000000046	2_5.8_Fungi_Ge_58S_start_onee_long	+	1539	1583	59.1	0.00000000000000079	3_End_Fungi_Ge_58S_end_ninetyeight_long	+	1652	1696	55	0.000000000000015	4_LSU_Fungi_Ge_4_LSU_start_thirtyfive_long	+	1866	1910	51.4	0.00000000000019	1471	1865	1471	1538	1697	1865	all			confident	
PX215148.1	1_SSU_Fungi_Ge_1_SSU_end_onea_long	+	1430	1474	62.9	0.000000000000000046	2_5.8_Fungi_Ge_58S_start_onee_long	+	1587	1631	61.8	0.00000000000000011	3_End_Fungi_Ge_58S_end_onehundred_long	+	1694	1738	63.2	0.00000000000000004	4_LSU_Fungi_Ge_4_LSU_start_twentythreea_long	+	1960	2003	45.9	0.0000000000098	1475	1959	1475	1586	1739	1959	all			confident	
PX214453.1	1_SSU_Fungi_Ge_1_SSU_end_onea_long	+	1430	1474	62.9	0.000000000000000046	2_5.8_Fungi_Ge_58S_start_onee_long	+	1580	1624	59.5	0.00000000000000061	3_End_Fungi_Ge_58S_end_ninetyone_long	+	1692	1735	55.5	0.000000000000012	4_LSU_Fungi_Ge_4_LSU_start_elevenc_long	+	1981	2025	61	0.00000000000000017	1475	1980	1475	1579	1736	1980	all			confident	
PX207196.1	1_SSU_Fungi_Ge_1_SSU_end_onea_long	+	1429	1473	62.9	0.000000000000000046	2_5.8_Fungi_Ge_58S_start_onee_long	+	1575	1619	59.5	0.00000000000000061	3_End_Fungi_Ge_58S_end_twentyfive_long	+	1682	1726	56.7	0.0000000000000037	4_LSU_Fungi_Ge_4_LSU_start_fortyfive_long	+	1932	1976	61.2	0.00000000000000015	1474	1931	1474	1574	1727	1931	all			confident	
PX214639.1	1_SSU_Fungi_Ge_1_SSU_end_onea_long	+	1429	1473	62.9	0.000000000000000046	2_5.8_Fungi_Ge_58S_start_onee_long	+	1575	1619	59.5	0.00000000000000061	3_End_Fungi_Ge_58S_end_eightyeight_long	+	1688	1734	57.8	0.000000000000002	4_LSU_Fungi_Ge_4_LSU_start_eight_long	+	1939	1981	57.5	0.0000000000000022	1474	1938	1474	1574	1735	1938	all			confident	
PX214875.1	1_SSU_Fungi_Ge_1_SSU_end_onea_long	+	1429	1473	62.9	0.000000000000000046	2_5.8_Fungi_Ge_58S_start_onee_long	+	1589	1633	59.5	0.00000000000000061	3_End_Fungi_Ge_58S_end_eightysix_long	+	1702	1745	46.5	0.0000000000076	4_LSU_Fungi_Ge_4_LSU_start_elevena_long	+	1956	2000	60.8	0.00000000000000019	1474	1955	1474	1588	1746	1955	all			confident	
PX214449.1	1_SSU_Fungi_Ge_1_SSU_end_onea_long	+	1430	1474	62.9	0.000000000000000046	2_5.8_Fungi_Ge_58S_start_onee_long	+	1581	1625	59.5	0.00000000000000061	3_End_Fungi_Ge_58S_end_ninetyone_long	+	1693	1736	55.5	0.000000000000012	4_LSU_Fungi_Ge_4_LSU_start_elevenc_long	+	1982	2026	61	0.00000000000000017	1475	1981	1475	1580	1737	1981	all			confident	
PX215079.1	1_SSU_Fungi_Ge_1_SSU_end_onea_long	+	1426	1470	62.9	0.000000000000000046	2_5.8_Fungi_Ge_58S_start_onee_long	+	1543	1587	59.1	0.00000000000000079	3_End_Fungi_Ge_58S_end_ninetyeight_long	+	1656	1700	58.8	0.000000000000001	4_LSU_Fungi_Ge_4_LSU_start_thirtyfive_long	+	1871	1915	54.7	0.000000000000018	1471	1870	1471	1542	1701	1870	all			confident	
PX214526.1	1_SSU_Fungi_Ge_1_SSU_end_onea_long	+	1430	1474	62.9	0.000000000000000046	2_5.8_Fungi_Ge_58S_start_onee_long	+	1581	1627	59.5	0.00000000000000059	3_End_Fungi_Ge_58S_end_ninetyone_long	+	1696	1739	52.5	0.00000000000011	4_LSU_Fungi_Ge_4_LSU_start_elevenc_long	+	1964	2008	61	0.00000000000000017	1475	1963	1475	1580	1740	1963	all			confident	
PX214545.1	1_SSU_Fungi_Ge_1_SSU_end_onea_long	+	1430	1474	62.9	0.000000000000000046	2_5.8_Fungi_Ge_58S_start_onee_long	+	1580	1626	59.5	0.00000000000000059	3_End_Fungi_Ge_58S_end_ninetyone_long	+	1695	1738	52.5	0.00000000000011	4_LSU_Fungi_Ge_4_LSU_start_elevenc_long	+	1961	2005	61	0.00000000000000017	1475	1960	1475	1579	1739	1960	all			confident	
PX214728.1	1_SSU_Fungi_Ge_1_SSU_end_onea_long	+	1428	1472	62.9	0.000000000000000046	2_5.8_Fungi_Ge_58S_start_onee_long	+	1583	1627	59.5	0.00000000000000059	3_End_Fungi_Ge_58S_end_eightyeight_long	+	1696	1740	57.6	0.0000000000000024	4_LSU_Fungi_Ge_4_LSU_start_fortyfive_long	+	1939	1982	57	0.000000000000003	1473	1938	1473	1582	1741	1938	all			confident	
PX214492.1	1_SSU_Fungi_Ge_1_SSU_end_onea_long	+	1430	1474	62.9	0.000000000000000046	2_5.8_Fungi_Ge_58S_start_onee_long	+	1581	1627	59.5	0.00000000000000059	3_End_Fungi_Ge_58S_end_ninetyone_long	+	1696	1739	52.5	0.00000000000011	4_LSU_Fungi_Ge_4_LSU_start_elevenc_long	+	1962	2006	61	0.00000000000000017	1475	1961	1475	1580	1740	1961	all			confident	
PX214927.1	1_SSU_Fungi_Ge_1_SSU_end_onea_long	+	1432	1476	62.9	0.000000000000000046	2_5.8_Fungi_Ge_58S_start_onee_long	+	1575	1619	61.8	0.00000000000000011	3_End_Diversispora_58S_end_long_nine	+	1688	1732	60.4	0.00000000000000034	4_LSU_Fungi_Ge_4_LSU_start_elevenc_long	+	1926	1974	42.1	0.00000000014	1477	1925	1477	1574	1733	1925	all			confident	
PX214973.1	1_SSU_Fungi_Ge_1_SSU_end_onea_long	+	1429	1473	62.9	0.000000000000000046	2_5.8_Fungi_Ge_58S_start_onee_long	+	1580	1624	61.8	0.00000000000000011	3_End_Diversispora_58S_end_long_four	+	1693	1737	60.7	0.00000000000000028	4_LSU_Fungi_Ge_4_LSU_start_elevenc_long	+	1937	1981	45.2	0.000000000015	1474	1936	1474	1579	1738	1936	all			confident	
PX214505.1	1_SSU_Fungi_Ge_1_SSU_end_onea_long	+	1430	1474	62.9	0.000000000000000046	2_5.8_Fungi_Ge_58S_start_onee_long	+	1583	1629	59.5	0.00000000000000059	3_End_Fungi_Ge_58S_end_ninetyone_long	+	1698	1741	52.5	0.00000000000011	4_LSU_Fungi_Ge_4_LSU_start_elevenc_long	+	1964	2008	61	0.00000000000000017	1475	1963	1475	1582	1742	1963	all			confident	
PX215097.1	1_SSU_Fungi_Ge_1_SSU_end_onea_long	+	1427	1471	62.9	0.000000000000000046	2_5.8_Fungi_Ge_58S_start_onee_long	+	1544	1588	59.1	0.00000000000000079	3_End_Fungi_Ge_58S_end_ninetyeight_long	+	1657	1701	50.5	0.00000000000041	4_LSU_Fungi_Ge_4_LSU_start_thirtyfive_long	+	1875	1919	54.7	0.000000000000018	1472	1874	1472	1543	1702	1874	all			confident	
PX214735.1	1_SSU_Fungi_Ge_1_SSU_end_onea_long	+	1428	1472	62.9	0.000000000000000046	2_5.8_Fungi_Ge_58S_start_onee_long	+	1583	1627	59.5	0.00000000000000059	3_End_Fungi_Ge_58S_end_eightyeight_long	+	1696	1740	57.6	0.0000000000000024	4_LSU_Fungi_Ge_4_LSU_start_fortyfive_long	+	1945	1987	55.1	0.000000000000012	1473	1944	1473	1582	1741	1944	all			confident	
PX214607.1	1_SSU_Fungi_Ge_1_SSU_end_onea_long	+	1428	1472	62.9	0.000000000000000046	2_5.8_Fungi_Ge_58S_start_onee_long	+	1572	1616	59.5	0.00000000000000059	3_End_Fungi_Ge_58S_end_ninetyone_long	+	1685	1729	48.8	0.0000000000016	4_LSU_Fungi_Ge_4_LSU_start_elevena_long	+	1960	2007	54.8	0.000000000000014	1473	1959	1473	1571	1730	1959	all			confident	
PX214571.1	1_SSU_Fungi_Ge_1_SSU_end_onea_long	+	1429	1473	62.9	0.000000000000000046	2_5.8_Fungi_Ge_58S_start_onee_long	+	1581	1625	59.5	0.00000000000000061	3_End_Fungi_Ge_58S_end_ninetyone_long	+	1694	1737	52.5	0.00000000000011	4_LSU_Fungi_Ge_4_LSU_start_elevenc_long	+	1959	2003	61	0.00000000000000017	1474	1958	1474	1580	1738	1958	all			confident	
PX214747.1	1_SSU_Fungi_Ge_1_SSU_end_onea_long	+	1427	1471	62.9	0.000000000000000046	2_5.8_Fungi_Ge_58S_start_onee_long	+	1575	1619	59.5	0.00000000000000061	3_End_Fungi_Ge_58S_end_eightyeight_long	+	1688	1732	58.2	0.0000000000000016	4_LSU_Fungi_Ge_4_LSU_start_elevenc_long	+	1929	1973	55	0.000000000000013	1472	1928	1472	1574	1733	1928	all			confident	
PX214817.1	1_SSU_Fungi_Ge_1_SSU_end_onea_long	+	1429	1473	62.9	0.000000000000000046	2_5.8_Fungi_Ge_58S_start_onee_long	+	1581	1625	59.5	0.00000000000000061	3_End_Fungi_Ge_58S_end_twentyfive_long	+	1688	1732	61.2	0.00000000000000014	4_LSU_Fungi_Ge_4_LSU_start_elevena_long	+	1937	1981	59.9	0.00000000000000035	1474	1936	1474	1580	1733	1936	all			confident	
PX214941.1	1_SSU_Fungi_Ge_1_SSU_end_onea_long	+	1431	1475	62.9	0.000000000000000046	2_5.8_Fungi_Ge_58S_start_onee_long	+	1579	1623	61.8	0.00000000000000011	3_End_Diversispora_58S_end_long_three	+	1692	1736	61.1	0.00000000000000019	4_LSU_Fungi_Ge_4_LSU_start_elevenc_long	+	1942	1986	45.2	0.000000000015	1476	1941	1476	1578	1737	1941	all			confident	
PX214886.1	1_SSU_Fungi_Ge_1_SSU_end_onea_long	+	1427	1471	62.9	0.000000000000000046	2_5.8_Fungi_Ge_58S_start_onee_long	+	1579	1623	59.5	0.00000000000000059	3_End_Fungi_Ge_58S_end_twentyfive_long	+	1686	1729	56.5	0.0000000000000042	4_LSU_Fungi_Ge_4_LSU_start_elevenc_long	+	1927	1972	57.5	0.0000000000000021	1472	1926	1472	1578	1730	1926	all			confident	
PX214942.1	1_SSU_Fungi_Ge_1_SSU_end_onea_long	+	1431	1475	62.9	0.000000000000000046	2_5.8_Fungi_Ge_58S_start_onee_long	+	1579	1623	61.8	0.00000000000000011	3_End_Glomusversiforme_58S_end_long_five	+	1691	1735	59.7	0.00000000000000056	4_LSU_Fungi_Ge_4_LSU_start_elevenc_long	+	1926	1974	42.1	0.00000000014	1476	1925	1476	1578	1736	1925	all			confident	
PX214957.1	1_SSU_Fungi_Ge_1_SSU_end_onea_long	+	1430	1474	62.9	0.000000000000000046	2_5.8_Fungi_Ge_58S_start_onee_long	+	1576	1620	61.8	0.00000000000000011	3_End_Diversispora_58S_end_long_four	+	1689	1733	60.7	0.00000000000000028	4_LSU_Fungi_Ge_4_LSU_start_elevenc_long	+	1929	1977	42.1	0.00000000014	1475	1928	1475	1575	1734	1928	all			confident	
PX207184.1	1_SSU_Fungi_Ge_1_SSU_end_onea_long	+	1429	1473	62.9	0.000000000000000046	2_5.8_Fungi_Ge_58S_start_onee_long	+	1583	1627	59.5	0.00000000000000061	3_End_Fungi_Ge_58S_end_ninetyone_long	+	1696	1738	47.6	0.0000000000037	4_LSU_Fungi_Ge_4_LSU_start_elevena_long	+	1939	1983	60.8	0.00000000000000019	1474	1938	1474	1582	1739	1938	all			confident	
PX215138.1	1_SSU_Fungi_Ge_1_SSU_end_onea_long	+	1431	1475	62.9	0.000000000000000046	2_5.8_Fungi_Ge_58S_start_threed_long	+	1615	1659	57.9	0.0000000000000016	3_End_Fungi_Ge_58S_end_eightyeight_long	+	1728	1772	57.9	0.0000000000000019	4_LSU_Fungi_Ge_4_LSU_start_fortyfive_long	+	1977	2020	53.4	0.000000000000041	1476	1976	1476	1614	1773	1976	all			confident	
PX214976.1	1_SSU_Fungi_Ge_1_SSU_end_onea_long	+	1430	1474	62.9	0.000000000000000046	2_5.8_Fungi_Ge_58S_start_onee_long	+	1582	1626	61.8	0.00000000000000011	3_End_Diversispora_58S_end_long_four	+	1695	1739	60.7	0.00000000000000028	4_LSU_Fungi_Ge_4_LSU_start_elevenc_long	+	1939	1983	45.2	0.000000000015	1475	1938	1475	1581	1740	1938	all			confident	
PX214806.1	1_SSU_Fungi_Ge_1_SSU_end_onea_long	+	1429	1473	62.9	0.000000000000000046	2_5.8_Fungi_Ge_58S_start_onee_long	+	1581	1625	59.5	0.00000000000000061	3_End_Fungi_Ge_58S_end_eightyeight_long	+	1694	1738	50.9	0.00000000000029	4_LSU_Fungi_Ge_4_LSU_start_elevena_long	+	1945	1989	60.8	0.00000000000000019	1474	1944	1474	1580	1739	1944	all			confident	
PX215022.1	1_SSU_Fungi_Ge_1_SSU_end_onea_long	+	1430	1474	62.9	0.000000000000000046	2_5.8_Fungi_Ge_58S_start_onee_long	+	1548	1592	60.4	0.00000000000000031	3_End_Fungi_Ge_58S_end_ninetysix_long	+	1661	1703	55.5	0.00000000000001	4_LSU_Fungi_Ge_4_LSU_start_zerod_long	+	1919	1967	41	0.00000000033	1475	1918	1475	1547	1704	1918	all			confident	
PX214758.1	1_SSU_Fungi_Ge_1_SSU_end_onea_long	+	1429	1473	62.9	0.000000000000000046	2_5.8_Fungi_Ge_58S_start_onee_long	+	1578	1622	59.5	0.00000000000000061	3_End_Fungi_Ge_58S_end_eightyeight_long	+	1691	1735	58.2	0.0000000000000016	4_LSU_Fungi_Ge_4_LSU_start_elevenc_long	+	1923	1965	52.6	0.00000000000007	1474	1922	1474	1577	1736	1922	all			confident	
PX215002.1	1_SSU_Fungi_Ge_1_SSU_end_onea_long	+	1430	1474	62.9	0.000000000000000046	2_5.8_Fungi_Ge_58S_start_onee_long	+	1577	1621	61.8	0.00000000000000011	3_End_Diversispora_58S_end_long_four	+	1690	1734	60.7	0.00000000000000028	4_LSU_Fungi_Ge_4_LSU_start_elevenc_long	+	1928	1976	42.1	0.00000000014	1475	1927	1475	1576	1735	1927	all			confident	
PX215056.1	1_SSU_Fungi_Ge_1_SSU_end_onea_long	+	1423	1467	62.9	0.000000000000000046	2_5.8_Fungi_Ge_58S_start_onee_long	+	1549	1593	58.9	0.00000000000000089	3_End_Fungi_Ge_58S_end_ninetyeight_long	+	1662	1706	60.7	0.00000000000000025	4_LSU_Fungi_Ge_4_LSU_start_thirtyfive_long	+	1887	1931	54.7	0.000000000000018	1468	1886	1468	1548	1707	1886	all			confident	
PX214527.1	1_SSU_Fungi_Ge_1_SSU_end_onea_long	+	1430	1474	62.9	0.000000000000000046	2_5.8_Fungi_Ge_58S_start_onee_long	+	1581	1627	59.5	0.00000000000000059	3_End_Fungi_Ge_58S_end_ninetyone_long	+	1696	1739	52.5	0.00000000000011	4_LSU_Fungi_Ge_4_LSU_start_elevenc_long	+	1964	2008	61	0.00000000000000017	1475	1963	1475	1580	1740	1963	all			confident	
PX214818.1	1_SSU_Fungi_Ge_1_SSU_end_onea_long	+	1429	1473	62.9	0.000000000000000046	2_5.8_Fungi_Ge_58S_start_onee_long	+	1584	1628	59.5	0.00000000000000061	3_End_Fungi_Ge_58S_end_eightysix_long	+	1697	1740	46.5	0.0000000000076	4_LSU_Fungi_Ge_4_LSU_start_elevena_long	+	1942	1986	60.8	0.00000000000000019	1474	1941	1474	1583	1741	1941	all			confident	
PX207214.1	1_SSU_Fungi_Ge_1_SSU_end_onea_long	+	1428	1472	62.9	0.000000000000000046	2_5.8_Fungi_Ge_58S_start_onee_long	+	1607	1651	59.5	0.00000000000000059	3_End_Fungi_Ge_58S_end_eightyeight_long	+	1720	1764	53.2	0.000000000000055	4_LSU_Fungi_Ge_4_LSU_start_eight_long	+	1957	1999	57.5	0.0000000000000022	1473	1956	1473	1606	1765	1956	all			confident	
PX215103.1	1_SSU_Fungi_Ge_1_SSU_end_onea_long	+	1426	1470	62.9	0.000000000000000046	2_5.8_Fungi_Ge_58S_start_onee_long	+	1551	1595	59.1	0.00000000000000079	3_End_Fungi_Ge_58S_end_ninetyeight_long	+	1664	1708	55	0.000000000000015	4_LSU_Fungi_Ge_4_LSU_start_thirtyfive_long	+	1883	1927	54.7	0.000000000000018	1471	1882	1471	1550	1709	1882	all			confident	
PX207175.1	1_SSU_Fungi_Ge_1_SSU_end_onea_long	+	1429	1473	62.9	0.000000000000000046	2_5.8_Fungi_Ge_58S_start_onee_long	+	1583	1627	59.5	0.00000000000000061	3_End_Fungi_Ge_58S_end_ninetyone_long	+	1696	1738	47.6	0.0000000000037	4_LSU_Fungi_Ge_4_LSU_start_elevena_long	+	1939	1983	60.8	0.00000000000000019	1474	1938	1474	1582	1739	1938	all			confident	
PX214930.1	1_SSU_Fungi_Ge_1_SSU_end_onea_long	+	1430	1474	62.9	0.000000000000000046	2_5.8_Fungi_Ge_58S_start_onee_long	+	1576	1620	61.8	0.00000000000000011	3_End_Diversispora_58S_end_long_nine	+	1689	1733	57.7	0.0000000000000023	4_LSU_Fungi_Ge_4_LSU_start_elevenc_long	+	1930	1977	41.8	0.00000000016	1475	1929	1475	1575	1734	1929	all			confident	
PX214961.1	1_SSU_Fungi_Ge_1_SSU_end_onea_long	+	1430	1474	62.9	0.000000000000000046	2_5.8_Fungi_Ge_58S_start_onee_long	+	1577	1621	61.8	0.00000000000000011	3_End_Diversispora_58S_end_long_four	+	1690	1734	60.7	0.00000000000000028	4_LSU_Fungi_Ge_4_LSU_start_elevenc_long	+	1934	1982	42.1	0.00000000014	1475	1933	1475	1576	1735	1933	all			confident	
PX207201.1	1_SSU_Fungi_Ge_1_SSU_end_onea_long	+	1429	1473	62.9	0.000000000000000046	2_5.8_Fungi_Ge_58S_start_onee_long	+	1581	1625	59.5	0.00000000000000061	3_End_Fungi_Ge_58S_end_eightysix_long	+	1694	1737	53.6	0.000000000000048	4_LSU_Fungi_Ge_4_LSU_start_fortyfive_long	+	1938	1982	61.2	0.00000000000000015	1474	1937	1474	1580	1738	1937	all			confident	
PX207223.1	1_SSU_Fungi_Ge_1_SSU_end_onea_long	+	1430	1474	62.9	0.000000000000000046	2_5.8_Fungi_Ge_58S_start_onee_long	+	1581	1627	59.5	0.00000000000000059	3_End_Fungi_Ge_58S_end_ninetyone_long	+	1696	1739	52.5	0.00000000000011	4_LSU_Fungi_Ge_4_LSU_start_elevenc_long	+	1963	2007	61	0.00000000000000017	1475	1962	1475	1580	1740	1962	all			confident	
PX214962.1	1_SSU_Fungi_Ge_1_SSU_end_onea_long	+	1430	1474	62.9	0.000000000000000046	2_5.8_Fungi_Ge_58S_start_onee_long	+	1575	1619	61.8	0.00000000000000011	3_End_Diversispora_58S_end_long_four	+	1688	1732	60.7	0.00000000000000028	4_LSU_Fungi_Ge_4_LSU_start_elevenc_long	+	1929	1977	42.1	0.00000000014	1475	1928	1475	1574	1733	1928	all			confident	
PX214682.1	1_SSU_Fungi_Ge_1_SSU_end_onea_long	+	1428	1472	62.9	0.000000000000000046	2_5.8_Fungi_Ge_58S_start_onee_long	+	1563	1607	59.5	0.00000000000000059	3_End_Fungi_Ge_58S_end_eightyeight_long	+	1676	1720	57.6	0.0000000000000024	4_LSU_Fungi_Ge_4_LSU_start_fortyfive_long	+	1923	1965	55.1	0.000000000000012	1473	1922	1473	1562	1721	1922	all			confident	
PX214815.1	1_SSU_Fungi_Ge_1_SSU_end_onea_long	+	1429	1473	62.9	0.000000000000000046	2_5.8_Fungi_Ge_58S_start_onee_long	+	1582	1626	59.5	0.00000000000000061	3_End_Fungi_Ge_58S_end_eightysix_long	+	1695	1738	46.5	0.0000000000076	4_LSU_Fungi_Ge_4_LSU_start_elevena_long	+	1952	1996	60.8	0.00000000000000019	1474	1951	1474	1581	1739	1951	all			confident	
PX214844.1	1_SSU_Fungi_Ge_1_SSU_end_onea_long	+	1429	1473	62.9	0.000000000000000046	2_5.8_Fungi_Ge_58S_start_onee_long	+	1580	1624	59.5	0.00000000000000061	3_End_Fungi_Ge_58S_end_twentyfive_long	+	1687	1731	58.3	0.0000000000000011	4_LSU_Fungi_Ge_4_LSU_start_elevena_long	+	1945	1989	60.8	0.00000000000000019	1474	1944	1474	1579	1732	1944	all			confident	
PX214543.1	1_SSU_Fungi_Ge_1_SSU_end_onea_long	+	1430	1474	62.9	0.000000000000000046	2_5.8_Fungi_Ge_58S_start_onee_long	+	1587	1631	59.5	0.00000000000000061	3_End_Fungi_Ge_58S_end_ninetyone_long	+	1700	1743	52.5	0.00000000000011	4_LSU_Fungi_Ge_4_LSU_start_elevenc_long	+	1960	2004	61	0.00000000000000017	1475	1959	1475	1586	1744	1959	all			confident	
PX214549.1	1_SSU_Fungi_Ge_1_SSU_end_onea_long	+	1430	1474	62.9	0.000000000000000046	2_5.8_Fungi_Ge_58S_start_onee_long	+	1581	1625	59.5	0.00000000000000061	3_End_Fungi_Ge_58S_end_ninetyone_long	+	1694	1737	52.5	0.00000000000011	4_LSU_Fungi_Ge_4_LSU_start_elevenc_long	+	1960	2004	61	0.00000000000000017	1475	1959	1475	1580	1738	1959	all			confident	
PX215062.1	1_SSU_Fungi_Ge_1_SSU_end_onea_long	+	1423	1467	62.9	0.000000000000000046	2_5.8_Fungi_Ge_58S_start_onee_long	+	1551	1595	58.9	0.00000000000000089	3_End_Fungi_Ge_58S_end_ninetyeight_long	+	1664	1708	63.1	0.000000000000000047	4_LSU_Fungi_Ge_4_LSU_start_thirtyfive_long	+	1883	1927	54.7	0.000000000000018	1468	1882	1468	1550	1709	1882	all			confident	
PX214672.1	1_SSU_Fungi_Ge_1_SSU_end_onea_long	+	1428	1472	62.9	0.000000000000000046	2_5.8_Fungi_Ge_58S_start_onee_long	+	1562	1606	59.5	0.00000000000000059	3_End_Fungi_Ge_58S_end_eightyeight_long	+	1674	1720	57.8	0.000000000000002	4_LSU_Fungi_Ge_4_LSU_start_fortyfive_long	+	1914	1957	55.1	0.000000000000013	1473	1913	1473	1561	1721	1913	all			confident	
PX214891.1	1_SSU_Fungi_Ge_1_SSU_end_onea_long	+	1427	1471	62.9	0.000000000000000046	2_5.8_Fungi_Ge_58S_start_onee_long	+	1577	1621	59.5	0.00000000000000061	3_End_Fungi_Ge_58S_end_twentyfive_long	+	1684	1727	56.5	0.0000000000000042	4_LSU_Fungi_Ge_4_LSU_start_elevenc_long	+	1928	1971	57.5	0.0000000000000021	1472	1927	1472	1576	1728	1927	all			confident	
PX214707.1	1_SSU_Fungi_Ge_1_SSU_end_onea_long	+	1429	1473	62.9	0.000000000000000046	2_5.8_Fungi_Ge_58S_start_onee_long	+	1566	1610	59.5	0.00000000000000059	3_End_Fungi_Ge_58S_end_eightyeight_long	+	1679	1725	57.8	0.000000000000002	4_LSU_Fungi_Ge_4_LSU_start_fortyfive_long	+	1920	1963	57	0.000000000000003	1474	1919	1474	1565	1726	1919	all			confident	
PX214445.1	1_SSU_Fungi_Ge_1_SSU_end_onea_long	+	1430	1474	62.9	0.000000000000000046	2_5.8_Fungi_Ge_58S_start_onee_long	+	1589	1633	59.5	0.00000000000000061	3_End_Fungi_Ge_58S_end_ninetyone_long	+	1701	1744	55.5	0.000000000000012	4_LSU_Fungi_Ge_4_LSU_start_elevenc_long	+	1987	2031	61	0.00000000000000017	1475	1986	1475	1588	1745	1986	all			confident	
PX215031.1	1_SSU_Fungi_Ge_1_SSU_end_onea_long	+	1423	1467	62.9	0.000000000000000046	2_5.8_Fungi_Ge_58S_start_onee_long	+	1550	1594	58.9	0.00000000000000089	3_End_Fungi_Ge_58S_end_ninetyeight_long	+	1663	1707	63.1	0.000000000000000047	4_LSU_Fungi_Ge_4_LSU_start_thirtyfive_long	+	1887	1931	52	0.00000000000013	1468	1886	1468	1549	1708	1886	all			confident	
PX215131.1	1_SSU_Fungi_Ge_1_SSU_end_onea_long	+	1432	1476	62.9	0.000000000000000046	2_5.8_Fungi_Ge_58S_start_threed_long	+	1616	1660	57.9	0.0000000000000016	3_End_Fungi_Ge_58S_end_eightyeight_long	+	1729	1773	54.5	0.000000000000023	4_LSU_Fungi_Ge_4_LSU_start_fortyfive_long	+	1982	2024	53.3	0.000000000000044	1477	1981	1477	1615	1774	1981	all			confident	
PX207114.1	1_SSU_Fungi_Ge_1_SSU_end_onea_long	+	1431	1475	62.9	0.000000000000000046	2_5.8_Fungi_Ge_58S_start_onee_long	+	1584	1628	61.8	0.00000000000000011	3_End_Diversispora_58S_end_long_three	+	1697	1741	61.5	0.00000000000000014	4_LSU_Fungi_Ge_4_LSU_start_elevenc_long	+	1933	1977	42.1	0.00000000014	1476	1932	1476	1583	1742	1932	all			confident	
PX214696.1	1_SSU_Fungi_Ge_1_SSU_end_onea_long	+	1429	1473	62.9	0.000000000000000046	2_5.8_Fungi_Ge_58S_start_onee_long	+	1566	1610	59.5	0.00000000000000059	3_End_Fungi_Ge_58S_end_eightyeight_long	+	1679	1725	57.8	0.000000000000002	4_LSU_Fungi_Ge_4_LSU_start_fortyfive_long	+	1921	1964	57	0.000000000000003	1474	1920	1474	1565	1726	1920	all			confident	
PX214704.1	1_SSU_Fungi_Ge_1_SSU_end_onea_long	+	1429	1473	62.9	0.000000000000000046	2_5.8_Fungi_Ge_58S_start_onee_long	+	1566	1610	59.5	0.00000000000000059	3_End_Fungi_Ge_58S_end_eightyeight_long	+	1679	1725	57.8	0.000000000000002	4_LSU_Fungi_Ge_4_LSU_start_fortyfive_long	+	1922	1965	57	0.000000000000003	1474	1921	1474	1565	1726	1921	all			confident	
PX214767.1	1_SSU_Fungi_Ge_1_SSU_end_onea_long	+	1428	1472	62.9	0.000000000000000046	2_5.8_Fungi_Ge_58S_start_onee_long	+	1578	1622	59.5	0.00000000000000061	3_End_Fungi_Ge_58S_end_eightyeight_long	+	1691	1735	57.8	0.0000000000000021	4_LSU_Fungi_Ge_4_LSU_start_elevenc_long	+	1916	1961	51.6	0.00000000000015	1473	1915	1473	1577	1736	1915	all			confident	
PX214944.1	1_SSU_Fungi_Ge_1_SSU_end_onea_long	+	1431	1475	62.9	0.000000000000000046	2_5.8_Fungi_Ge_58S_start_onee_long	+	1577	1621	61.8	0.00000000000000011	3_End_Glomusversiforme_58S_end_long_five	+	1690	1734	59.7	0.00000000000000056	4_LSU_Fungi_Ge_4_LSU_start_elevenc_long	+	1931	1979	37.3	0.0000000044	1476	1930	1476	1576	1735	1930	all			confident	
PX207133.1	1_SSU_Fungi_Ge_1_SSU_end_onea_long	+	1428	1472	62.9	0.000000000000000046	2_5.8_Fungi_Ge_58S_start_onee_long	+	1545	1589	58.9	0.00000000000000089	3_End_Fungi_Ge_58S_end_ninetyeight_long	+	1658	1702	41.9	0.00000000019	4_LSU_Fungi_Ge_4_LSU_start_thirtyfive_long	+	1876	1920	54.7	0.000000000000018	1473	1875	1473	1544	1703	1875	all			confident	
PX214460.1	1_SSU_Fungi_Ge_1_SSU_end_onea_long	+	1430	1474	62.9	0.000000000000000046	2_5.8_Fungi_Ge_58S_start_onee_long	+	1578	1622	59.5	0.00000000000000061	3_End_Fungi_Ge_58S_end_ninetyone_long	+	1691	1734	55.5	0.000000000000012	4_LSU_Fungi_Ge_4_LSU_start_elevenc_long	+	1962	2006	61	0.00000000000000017	1475	1961	1475	1577	1735	1961	all			confident	
PX214637.1	1_SSU_Fungi_Ge_1_SSU_end_onea_long	+	1429	1473	62.9	0.000000000000000046	2_5.8_Fungi_Ge_58S_start_onee_long	+	1575	1619	59.5	0.00000000000000061	3_End_Fungi_Ge_58S_end_eightyeight_long	+	1688	1731	57.2	0.0000000000000032	4_LSU_Fungi_Ge_4_LSU_start_eight_long	+	1939	1981	57.5	0.0000000000000022	1474	1938	1474	1574	1732	1938	all			confident	
PX214889.1	1_SSU_Fungi_Ge_1_SSU_end_onea_long	+	1427	1471	62.9	0.000000000000000046	2_5.8_Fungi_Ge_58S_start_onee_long	+	1579	1623	59.5	0.00000000000000061	3_End_Fungi_Ge_58S_end_ninety_long	+	1686	1730	52.1	0.000000000000087	4_LSU_Fungi_Ge_4_LSU_start_elevenc_long	+	1926	1969	57.5	0.0000000000000021	1472	1925	1472	1578	1731	1925	all			confident	
PX214826.1	1_SSU_Fungi_Ge_1_SSU_end_onea_long	+	1429	1473	62.9	0.000000000000000046	2_5.8_Fungi_Ge_58S_start_onee_long	+	1578	1622	59.5	0.00000000000000061	3_End_Fungi_Ge_58S_end_eightysix_long	+	1691	1734	46.5	0.0000000000076	4_LSU_Fungi_Ge_4_LSU_start_elevena_long	+	1940	1984	59.6	0.00000000000000046	1474	1939	1474	1577	1735	1939	all			confident	
PX214603.1	1_SSU_Fungi_Ge_1_SSU_end_onea_long	+	1428	1472	62.9	0.000000000000000046	2_5.8_Fungi_Ge_58S_start_onee_long	+	1572	1616	59.5	0.00000000000000059	3_End_Fungi_Ge_58S_end_ninetyone_long	+	1685	1729	48.8	0.0000000000016	4_LSU_Fungi_Ge_4_LSU_start_elevena_long	+	1960	2007	54.8	0.000000000000014	1473	1959	1473	1571	1730	1959	all			confident	
PX207261.1	1_SSU_Fungi_Ge_1_SSU_end_onea_long	+	1428	1472	62.9	0.000000000000000046	2_5.8_Fungi_Ge_58S_start_onee_long	+	1582	1626	59.5	0.00000000000000061	3_End_Fungi_Ge_58S_end_ninetyone_long	+	1696	1740	59.7	0.00000000000000059	4_LSU_Fungi_Ge_4_LSU_start_elevena_long	+	1970	2014	58.7	0.00000000000000084	1473	1969	1473	1581	1741	1969	all			confident	
PX207247.1	1_SSU_Fungi_Ge_1_SSU_end_onea_long	+	1430	1474	62.9	0.000000000000000046	2_5.8_Fungi_Ge_58S_start_onee_long	+	1581	1627	59.5	0.00000000000000059	3_End_Fungi_Ge_58S_end_ninetyone_long	+	1696	1739	52.5	0.00000000000011	4_LSU_Fungi_Ge_4_LSU_start_elevenc_long	+	1963	2007	61	0.00000000000000017	1475	1962	1475	1580	1740	1962	all			confident	
PX214485.1	1_SSU_Fungi_Ge_1_SSU_end_onea_long	+	1430	1474	62.9	0.000000000000000046	2_5.8_Fungi_Ge_58S_start_onee_long	+	1581	1627	59.5	0.00000000000000059	3_End_Fungi_Ge_58S_end_ninetyone_long	+	1696	1739	52.5	0.00000000000011	4_LSU_Fungi_Ge_4_LSU_start_elevenc_long	+	1964	2008	61	0.00000000000000017	1475	1963	1475	1580	1740	1963	all			confident	
PX207135.1	1_SSU_Fungi_Ge_1_SSU_end_onea_long	+	1426	1470	62.9	0.000000000000000046	2_5.8_Fungi_Ge_58S_start_onee_long	+	1551	1595	59.1	0.00000000000000079	3_End_Fungi_Ge_58S_end_ninetyeight_long	+	1664	1708	55	0.000000000000015	4_LSU_Fungi_Ge_4_LSU_start_thirtyfive_long	+	1883	1927	54.7	0.000000000000018	1471	1882	1471	1550	1709	1882	all			confident	
PX214633.1	1_SSU_Fungi_Ge_1_SSU_end_onea_long	+	1429	1473	62.9	0.000000000000000046	2_5.8_Fungi_Ge_58S_start_onee_long	+	1581	1625	59.5	0.00000000000000061	3_End_Fungi_Ge_58S_end_eightyeight_long	+	1694	1737	57.2	0.0000000000000032	4_LSU_Fungi_Ge_4_LSU_start_eight_long	+	1944	1986	57.5	0.0000000000000022	1474	1943	1474	1580	1738	1943	all			confident	
PX207152.1	1_SSU_Fungi_Tu_1_SSU_end_five_long	+	1429	1473	62.9	0.000000000000000047	2_5.8_Fungi_Ge_58S_start_onee_long	+	1582	1626	59.5	0.00000000000000061	3_End_Fungi_Ge_58S_end_eightyfive_long	+	1695	1739	60.4	0.00000000000000036	4_LSU_Fungi_Ge_4_LSU_start_fortyfive_long	+	1943	1987	59.2	0.00000000000000062	1474	1942	1474	1581	1740	1942	all			confident	
PX215082.1	1_SSU_Fungi_Ge_1_SSU_end_onea_long	+	1426	1470	62.9	0.000000000000000046	2_5.8_Fungi_Ge_58S_start_onee_long	+	1543	1587	59.1	0.00000000000000079	3_End_Fungi_Ge_58S_end_ninetyeight_long	+	1656	1700	58.8	0.000000000000001	4_LSU_Fungi_Ge_4_LSU_start_thirtyfive_long	+	1871	1915	54.7	0.000000000000018	1471	1870	1471	1542	1701	1870	all			confident	
PX214837.1	1_SSU_Fungi_Ge_1_SSU_end_onea_long	+	1428	1472	62.9	0.000000000000000046	2_5.8_Fungi_Ge_58S_start_onee_long	+	1583	1627	59.5	0.00000000000000061	3_End_Fungi_Ge_58S_end_eightysix_long	+	1696	1739	46.5	0.0000000000076	4_LSU_Fungi_Ge_4_LSU_start_elevena_long	+	1938	1982	60.8	0.00000000000000019	1473	1937	1473	1582	1740	1937	all			confident	
PX207183.1	1_SSU_Fungi_Ge_1_SSU_end_onea_long	+	1429	1473	62.9	0.000000000000000046	2_5.8_Fungi_Ge_58S_start_zero_long	+	1583	1627	55.5	0.000000000000011	3_End_Fungi_Ge_58S_end_ninetyone_long	+	1696	1738	47.6	0.0000000000037	4_LSU_Fungi_Ge_4_LSU_start_elevena_long	+	1939	1983	60.8	0.00000000000000019	1474	1938	1474	1582	1739	1938	all			confident	
PX214590.1	1_SSU_Fungi_Ge_1_SSU_end_onea_long	+	1432	1476	62.9	0.000000000000000046	2_5.8_Fungi_Ge_58S_start_onee_long	+	1598	1642	59.5	0.00000000000000061	3_End_Fungi_Ge_58S_end_eightyfive_long	+	1712	1753	52.1	0.00000000000013	4_LSU_Fungi_Ge_4_LSU_start_elevenc_long	+	1981	2025	61	0.00000000000000017	1477	1980	1477	1597	1754	1980	all			confident	
PX214520.1	1_SSU_Fungi_Ge_1_SSU_end_onea_long	+	1430	1474	62.9	0.000000000000000046	2_5.8_Fungi_Ge_58S_start_onee_long	+	1584	1628	59.5	0.00000000000000061	3_End_Fungi_Ge_58S_end_ninetyone_long	+	1697	1740	52.5	0.00000000000011	4_LSU_Fungi_Ge_4_LSU_start_elevenc_long	+	1961	2005	61	0.00000000000000017	1475	1960	1475	1583	1741	1960	all			confident	
PX215059.1	1_SSU_Fungi_Ge_1_SSU_end_onea_long	+	1423	1467	62.9	0.000000000000000046	2_5.8_Fungi_Ge_58S_start_onee_long	+	1551	1595	58.9	0.00000000000000089	3_End_Fungi_Ge_58S_end_ninetyeight_long	+	1664	1708	63.1	0.000000000000000047	4_LSU_Fungi_Ge_4_LSU_start_thirtyfive_long	+	1883	1927	54.7	0.000000000000018	1468	1882	1468	1550	1709	1882	all			confident	
PX214906.1	1_SSU_Fungi_Ge_1_SSU_end_onea_long	+	1427	1471	62.9	0.000000000000000046	2_5.8_Fungi_Ge_58S_start_onee_long	+	1579	1623	59.5	0.00000000000000061	3_End_Fungi_Ge_58S_end_twentyfive_long	+	1686	1729	56.5	0.0000000000000042	4_LSU_Fungi_Ge_4_LSU_start_elevenc_long	+	1923	1966	57.5	0.0000000000000021	1472	1922	1472	1578	1730	1922	all			confident	
PX214604.1	1_SSU_Fungi_Ge_1_SSU_end_onea_long	+	1428	1472	62.9	0.000000000000000046	2_5.8_Fungi_Ge_58S_start_onee_long	+	1572	1616	59.5	0.00000000000000059	3_End_Fungi_Ge_58S_end_ninetyone_long	+	1685	1729	48.8	0.0000000000016	4_LSU_Fungi_Ge_4_LSU_start_elevena_long	+	1960	2007	54.8	0.000000000000014	1473	1959	1473	1571	1730	1959	all			confident	
PX215011.1	1_SSU_Fungi_Ge_1_SSU_end_onea_long	+	1431	1475	62.9	0.000000000000000046	2_5.8_Fungi_Ge_58S_start_onee_long	+	1584	1628	61.8	0.00000000000000011	3_End_Diversispora_58S_end_long_three	+	1697	1741	61.5	0.00000000000000014	4_LSU_Fungi_Ge_4_LSU_start_elevenc_long	+	1933	1977	42.1	0.00000000014	1476	1932	1476	1583	1742	1932	all			confident	
PX214679.1	1_SSU_Fungi_Ge_1_SSU_end_onea_long	+	1428	1472	62.9	0.000000000000000046	2_5.8_Fungi_Ge_58S_start_onee_long	+	1564	1608	59.5	0.00000000000000059	3_End_Fungi_Ge_58S_end_eightyeight_long	+	1677	1721	57.6	0.0000000000000024	4_LSU_Fungi_Ge_4_LSU_start_fortyfive_long	+	1919	1961	55.1	0.000000000000012	1473	1918	1473	1563	1722	1918	all			confident	
PX214795.1	1_SSU_Fungi_Ge_1_SSU_end_onea_long	+	1429	1473	62.9	0.000000000000000046	2_5.8_Fungi_Ge_58S_start_onee_long	+	1583	1627	59.5	0.00000000000000061	3_End_Fungi_Ge_58S_end_ninetyone_long	+	1696	1738	47.6	0.0000000000037	4_LSU_Fungi_Ge_4_LSU_start_elevena_long	+	1939	1983	60.8	0.00000000000000019	1474	1938	1474	1582	1739	1938	all			confident	
PX214511.1	1_SSU_Fungi_Ge_1_SSU_end_onea_long	+	1430	1474	62.9	0.000000000000000046	2_5.8_Fungi_Ge_58S_start_onee_long	+	1586	1630	59.5	0.00000000000000061	3_End_Fungi_Ge_58S_end_ninetyone_long	+	1699	1742	52.5	0.00000000000011	4_LSU_Fungi_Ge_4_LSU_start_elevenc_long	+	1967	2011	61	0.00000000000000017	1475	1966	1475	1585	1743	1966	all			confident	
PX207150.1	1_SSU_Fungi_Tu_1_SSU_end_five_long	+	1429	1473	62.9	0.000000000000000047	2_5.8_Fungi_Ge_58S_start_onee_long	+	1582	1626	59.5	0.00000000000000061	3_End_Fungi_Ge_58S_end_eightyfive_long	+	1695	1739	60.4	0.00000000000000036	4_LSU_Fungi_Ge_4_LSU_start_fortyfive_long	+	1943	1987	59.2	0.00000000000000062	1474	1942	1474	1581	1740	1942	all			confident	
PX214943.1	1_SSU_Fungi_Ge_1_SSU_end_onea_long	+	1431	1475	62.9	0.000000000000000046	2_5.8_Fungi_Ge_58S_start_onee_long	+	1578	1622	61.8	0.00000000000000011	3_End_Glomusversiforme_58S_end_long_five	+	1691	1735	59.7	0.00000000000000056	4_LSU_Fungi_Ge_4_LSU_start_elevenc_long	+	1931	1978	37	0.0000000055	1476	1930	1476	1577	1736	1930	all			confident	
PX214709.1	1_SSU_Fungi_Ge_1_SSU_end_onea_long	+	1429	1473	62.9	0.000000000000000046	2_5.8_Fungi_Ge_58S_start_onee_long	+	1566	1610	59.5	0.00000000000000059	3_End_Fungi_Ge_58S_end_eightyeight_long	+	1679	1723	57.2	0.0000000000000031	4_LSU_Fungi_Ge_4_LSU_start_fortyfive_long	+	1923	1966	57	0.000000000000003	1474	1922	1474	1565	1724	1922	all			confident	
PX214774.1	1_SSU_Fungi_Ge_1_SSU_end_onea_long	+	1428	1472	62.9	0.000000000000000046	2_5.8_Fungi_Ge_58S_start_onee_long	+	1576	1620	59.5	0.00000000000000059	3_End_Fungi_Ge_58S_end_eightynine_long	+	1690	1734	61.4	0.00000000000000016	4_LSU_Fungi_Ge_4_LSU_start_fortyfive_long	+	1941	1986	41.6	0.0000000002	1473	1940	1473	1575	1735	1940	all			confident	
PX214895.1	1_SSU_Fungi_Ge_1_SSU_end_onea_long	+	1427	1471	62.9	0.000000000000000046	2_5.8_Fungi_Ge_58S_start_onee_long	+	1579	1623	59.5	0.00000000000000061	3_End_Fungi_Ge_58S_end_twentyfive_long	+	1686	1729	56.5	0.0000000000000042	4_LSU_Fungi_Ge_4_LSU_start_elevenc_long	+	1927	1970	57.5	0.0000000000000021	1472	1926	1472	1578	1730	1926	all			confident	
PX215032.1	1_SSU_Fungi_Ge_1_SSU_end_onea_long	+	1423	1467	62.9	0.000000000000000046	2_5.8_Fungi_Ge_58S_start_onee_long	+	1550	1594	58.9	0.00000000000000089	3_End_Fungi_Ge_58S_end_ninetyeight_long	+	1663	1707	63.1	0.000000000000000047	4_LSU_Fungi_Ge_4_LSU_start_thirtyfive_long	+	1887	1931	52	0.00000000000013	1468	1886	1468	1549	1708	1886	all			confident	
PX207146.1	1_SSU_Fungi_Tu_1_SSU_end_five_long	+	1429	1473	62.9	0.000000000000000047	2_5.8_Fungi_Ge_58S_start_onee_long	+	1582	1626	59.5	0.00000000000000061	3_End_Fungi_Ge_58S_end_eightyfive_long	+	1695	1739	60.4	0.00000000000000036	4_LSU_Fungi_Ge_4_LSU_start_fortyfive_long	+	1943	1987	59.2	0.00000000000000062	1474	1942	1474	1581	1740	1942	all			confident	
PX215013.1	1_SSU_Fungi_Ge_1_SSU_end_onea_long	+	1430	1474	62.9	0.000000000000000046	2_5.8_Fungi_Ge_58S_start_onee_long	+	1548	1592	60.4	0.00000000000000031	3_End_Fungi_Ge_58S_end_ninetysix_long	+	1661	1703	55.5	0.00000000000001	4_LSU_Fungi_Ge_4_LSU_start_zerod_long	+	1911	1959	41	0.00000000033	1475	1910	1475	1547	1704	1910	all			confident	
PX215004.1	1_SSU_Fungi_Ge_1_SSU_end_onea_long	+	1430	1474	62.9	0.000000000000000046	2_5.8_Fungi_Ge_58S_start_onee_long	+	1575	1619	61.8	0.00000000000000011	3_End_Diversispora_58S_end_long_four	+	1688	1732	60.7	0.00000000000000028	4_LSU_Fungi_Ge_4_LSU_start_elevenc_long	+	1929	1973	45.2	0.000000000015	1475	1928	1475	1574	1733	1928	all			confident	
PX214609.1	1_SSU_Fungi_Ge_1_SSU_end_onea_long	+	1428	1472	62.9	0.000000000000000046	2_5.8_Fungi_Ge_58S_start_onee_long	+	1583	1627	59.5	0.00000000000000061	3_End_Fungi_Ge_58S_end_ninetyone_long	+	1696	1740	59.7	0.00000000000000059	4_LSU_Fungi_Ge_4_LSU_start_elevena_long	+	1983	2028	58.7	0.00000000000000087	1473	1982	1473	1582	1741	1982	all			confident	
PX214601.1	1_SSU_Fungi_Ge_1_SSU_end_onea_long	+	1428	1472	62.9	0.000000000000000046	2_5.8_Fungi_Ge_58S_start_onee_long	+	1582	1626	59.5	0.00000000000000061	3_End_Fungi_Ge_58S_end_ninetyone_long	+	1695	1739	59.7	0.00000000000000059	4_LSU_Fungi_Ge_4_LSU_start_elevena_long	+	1970	2017	58.6	0.00000000000000092	1473	1969	1473	1581	1740	1969	all			confident	
PX215123.1	1_SSU_Fungi_Ge_1_SSU_end_onea_long	+	1432	1476	62.9	0.000000000000000046	2_5.8_Fungi_Ge_58S_start_threed_long	+	1621	1665	57.9	0.0000000000000016	3_End_Fungi_Ge_58S_end_eightyeight_long	+	1734	1778	54.5	0.000000000000023	4_LSU_Fungi_Ge_4_LSU_start_elevenc_long	+	1987	2031	49	0.00000000000096	1477	1986	1477	1620	1779	1986	all			confident	
PX214572.1	1_SSU_Fungi_Ge_1_SSU_end_onea_long	+	1429	1473	62.9	0.000000000000000046	2_5.8_Fungi_Ge_58S_start_onee_long	+	1597	1641	59.5	0.00000000000000061	3_End_Fungi_Ge_58S_end_ninetyone_long	+	1711	1754	57.2	0.0000000000000038	4_LSU_Fungi_Ge_4_LSU_start_elevena_long	+	1983	2027	58.7	0.00000000000000084	1474	1982	1474	1596	1755	1982	all			confident	
PX214938.1	1_SSU_Fungi_Ge_1_SSU_end_onea_long	+	1431	1475	62.9	0.000000000000000046	2_5.8_Fungi_Ge_58S_start_onee_long	+	1578	1622	61.8	0.00000000000000011	3_End_Diversispora_58S_end_long_two	+	1691	1735	59	0.00000000000000094	4_LSU_Fungi_Ge_4_LSU_start_elevenc_long	+	1940	1984	45.2	0.000000000015	1476	1939	1476	1577	1736	1939	all			confident	
PX214947.1	1_SSU_Fungi_Ge_1_SSU_end_onea_long	+	1431	1475	62.9	0.000000000000000046	2_5.8_Fungi_Ge_58S_start_onee_long	+	1578	1622	61.8	0.00000000000000011	3_End_Glomusversiforme_58S_end_long_three	+	1691	1735	58.6	0.0000000000000013	4_LSU_Fungi_Ge_4_LSU_start_elevenc_long	+	1934	1982	37.3	0.0000000044	1476	1933	1476	1577	1736	1933	all			confident	
PX214667.1	1_SSU_Fungi_Ge_1_SSU_end_onea_long	+	1429	1473	62.9	0.000000000000000046	2_5.8_Fungi_Ge_58S_start_onee_long	+	1565	1609	59.5	0.00000000000000059	3_End_Fungi_Ge_58S_end_eightyeight_long	+	1678	1722	57.6	0.0000000000000024	4_LSU_Fungi_Ge_4_LSU_start_elevenc_long	+	1913	1964	55.9	0.0000000000000065	1474	1912	1474	1564	1723	1912	all			confident	
PX214805.1	1_SSU_Fungi_Ge_1_SSU_end_onea_long	+	1429	1473	62.9	0.000000000000000046	2_5.8_Fungi_Ge_58S_start_onee_long	+	1582	1626	59.5	0.00000000000000061	3_End_Fungi_Ge_58S_end_eightysix_long	+	1695	1738	46.5	0.0000000000076	4_LSU_Fungi_Ge_4_LSU_start_elevena_long	+	1947	1991	60.8	0.00000000000000019	1474	1946	1474	1581	1739	1946	all			confident	
PX207185.1	1_SSU_Fungi_Ge_1_SSU_end_onea_long	+	1429	1473	62.9	0.000000000000000046	2_5.8_Fungi_Ge_58S_start_onee_long	+	1583	1627	59.5	0.00000000000000061	3_End_Fungi_Ge_58S_end_ninetyone_long	+	1696	1738	47.6	0.0000000000037	4_LSU_Fungi_Ge_4_LSU_start_elevena_long	+	1939	1983	60.8	0.00000000000000019	1474	1938	1474	1582	1739	1938	all			confident	
PX215159.1	1_SSU_Fungi_Ge_1_SSU_end_onea_long	+	1430	1474	62.9	0.000000000000000046	2_5.8_Fungi_Ge_58S_start_onee_long	+	1586	1630	61.8	0.00000000000000011	3_End_Fungi_Ge_58S_end_onehundred_long	+	1693	1737	61	0.0000000000000002	4_LSU_Fungi_Ge_4_LSU_start_twentythreea_long	+	1963	2009	46.2	0.0000000000081	1475	1962	1475	1585	1738	1962	all			confident	
PX207149.1	1_SSU_Fungi_Tu_1_SSU_end_five_long	+	1429	1473	62.9	0.000000000000000047	2_5.8_Fungi_Ge_58S_start_onee_long	+	1582	1626	59.5	0.00000000000000061	3_End_Fungi_Ge_58S_end_eightyfive_long	+	1695	1739	60.4	0.00000000000000036	4_LSU_Fungi_Ge_4_LSU_start_fortyfive_long	+	1943	1987	59.2	0.00000000000000062	1474	1942	1474	1581	1740	1942	all			confident	
PX214988.1	1_SSU_Fungi_Ge_1_SSU_end_onea_long	+	1430	1474	62.9	0.000000000000000046	2_5.8_Fungi_Ge_58S_start_onee_long	+	1577	1621	61.8	0.00000000000000011	3_End_Diversispora_58S_end_long_four	+	1690	1734	60.9	0.00000000000000024	4_LSU_Fungi_Ge_4_LSU_start_elevenc_long	+	1929	1977	42.1	0.00000000014	1475	1928	1475	1576	1735	1928	all			confident	
PX214441.1	1_SSU_Fungi_Ge_1_SSU_end_onea_long	+	1430	1474	62.9	0.000000000000000046	2_5.8_Fungi_Ge_58S_start_onee_long	+	1592	1636	59.5	0.00000000000000061	3_End_Fungi_Ge_58S_end_ninetyone_long	+	1704	1747	55.5	0.000000000000012	4_LSU_Fungi_Ge_4_LSU_start_elevenc_long	+	1986	2030	61	0.00000000000000017	1475	1985	1475	1591	1748	1985	all			confident	
PX215143.1	1_SSU_Fungi_Ge_1_SSU_end_onea_long	+	1430	1474	62.9	0.000000000000000046	2_5.8_Fungi_Ge_58S_start_onee_long	+	1587	1631	61.8	0.00000000000000011	3_End_Fungi_Ge_58S_end_onehundred_long	+	1694	1738	63.2	0.00000000000000004	4_LSU_Fungi_Ge_4_LSU_start_twentythreea_long	+	1961	2004	45.9	0.0000000000098	1475	1960	1475	1586	1739	1960	all			confident	
PX214901.1	1_SSU_Fungi_Ge_1_SSU_end_onea_long	+	1427	1471	62.9	0.000000000000000046	2_5.8_Fungi_Ge_58S_start_onee_long	+	1577	1621	59.5	0.00000000000000061	3_End_Fungi_Ge_58S_end_ninety_long	+	1684	1728	52.1	0.000000000000087	4_LSU_Fungi_Ge_4_LSU_start_elevenc_long	+	1915	1960	57.5	0.0000000000000021	1472	1914	1472	1576	1729	1914	all			confident	
PX207154.1	1_SSU_Fungi_Tu_1_SSU_end_five_long	+	1429	1473	62.9	0.000000000000000047	2_5.8_Fungi_Ge_58S_start_onee_long	+	1582	1626	59.5	0.00000000000000061	3_End_Fungi_Ge_58S_end_eightyfive_long	+	1695	1739	60.4	0.00000000000000036	4_LSU_Fungi_Ge_4_LSU_start_fortyfive_long	+	1943	1987	59.2	0.00000000000000062	1474	1942	1474	1581	1740	1942	all			confident	
PX215012.1	1_SSU_Fungi_Ge_1_SSU_end_onea_long	+	1431	1475	62.9	0.000000000000000046	2_5.8_Fungi_Ge_58S_start_onee_long	+	1580	1624	61.8	0.00000000000000011	3_End_Diversispora_58S_end_long_eight	+	1693	1737	60.9	0.00000000000000024	4_LSU_Fungi_Ge_4_LSU_start_elevenc_long	+	1929	1973	42.1	0.00000000014	1476	1928	1476	1579	1738	1928	all			confident	
PX207102.1	1_SSU_Fungi_Ge_1_SSU_end_onea_long	+	1431	1475	62.9	0.000000000000000046	2_5.8_Fungi_Ge_58S_start_threed_long	+	1614	1658	57.9	0.0000000000000016	3_End_Fungi_Ge_58S_end_eightyeight_long	+	1727	1771	57.9	0.0000000000000019	4_LSU_Fungi_Ge_4_LSU_start_fortyfive_long	+	1983	2026	53.4	0.000000000000041	1476	1982	1476	1613	1772	1982	all			confident	
PX207197.1	1_SSU_Fungi_Ge_1_SSU_end_onea_long	+	1429	1473	62.9	0.000000000000000046	2_5.8_Fungi_Ge_58S_start_onee_long	+	1575	1619	59.5	0.00000000000000061	3_End_Fungi_Ge_58S_end_twentyfive_long	+	1682	1726	56.7	0.0000000000000037	4_LSU_Fungi_Ge_4_LSU_start_fortyfive_long	+	1932	1976	61.2	0.00000000000000015	1474	1931	1474	1574	1727	1931	all			confident	
PX215036.1	1_SSU_Fungi_Ge_1_SSU_end_onea_long	+	1423	1467	62.9	0.000000000000000046	2_5.8_Fungi_Ge_58S_start_onee_long	+	1550	1594	58.9	0.00000000000000089	3_End_Fungi_Ge_58S_end_ninetyeight_long	+	1663	1707	63.1	0.000000000000000047	4_LSU_Fungi_Ge_4_LSU_start_thirtyfive_long	+	1887	1931	54.7	0.000000000000018	1468	1886	1468	1549	1708	1886	all			confident	
PX214909.1	1_SSU_Fungi_Ge_1_SSU_end_onea_long	+	1431	1475	62.9	0.000000000000000046	2_5.8_Fungi_Ge_58S_start_onee_long	+	1574	1618	61.8	0.00000000000000011	3_End_Diversispora_58S_end_long_nine	+	1687	1731	54.9	0.000000000000017	4_LSU_Fungi_Ge_4_LSU_start_elevenc_long	+	1928	1976	42.1	0.00000000014	1476	1927	1476	1573	1732	1927	all			confident	
PX214662.1	1_SSU_Fungi_Ge_1_SSU_end_onea_long	+	1429	1473	62.9	0.000000000000000046	2_5.8_Fungi_Ge_58S_start_onee_long	+	1621	1665	59.5	0.00000000000000061	3_End_Fungi_Ge_58S_end_eightyeight_long	+	1734	1780	57.8	0.000000000000002	4_LSU_Fungi_Ge_4_LSU_start_eight_long	+	1985	2027	57.5	0.0000000000000022	1474	1984	1474	1620	1781	1984	all			confident	
PX207254.1	1_SSU_Fungi_Ge_1_SSU_end_onea_long	+	1430	1474	62.9	0.000000000000000046	2_5.8_Fungi_Ge_58S_start_onee_long	+	1581	1627	59.5	0.00000000000000059	3_End_Fungi_Ge_58S_end_ninetyone_long	+	1696	1739	52.5	0.00000000000011	4_LSU_Fungi_Ge_4_LSU_start_elevenc_long	+	1961	2005	61	0.00000000000000017	1475	1960	1475	1580	1740	1960	all			confident	
PX207263.1	1_SSU_Fungi_Ge_1_SSU_end_onea_long	+	1429	1473	62.9	0.000000000000000046	2_5.8_Fungi_Ge_58S_start_onee_long	+	1596	1640	59.5	0.00000000000000061	3_End_Fungi_Ge_58S_end_ninetyone_long	+	1707	1750	49.9	0.00000000000071	4_LSU_Fungi_Ge_4_LSU_start_elevena_long	+	1975	2019	58.7	0.00000000000000084	1474	1974	1474	1595	1751	1974	all			confident	
PX214664.1	1_SSU_Fungi_Ge_1_SSU_end_onea_long	+	1428	1472	62.9	0.000000000000000046	2_5.8_Fungi_Ge_58S_start_onee_long	+	1562	1606	59.5	0.00000000000000059	3_End_Fungi_Ge_58S_end_eightyeight_long	+	1675	1719	57.6	0.0000000000000024	4_LSU_Fungi_Ge_4_LSU_start_elevenc_long	+	1909	1960	55.9	0.0000000000000065	1473	1908	1473	1561	1720	1908	all			confident	
PX207272.1	1_SSU_Fungi_Ge_1_SSU_end_onea_long	+	1429	1473	62.9	0.000000000000000046	2_5.8_Fungi_Ge_58S_start_onee_long	+	1597	1641	59.5	0.00000000000000061	3_End_Fungi_Ge_58S_end_ninetyone_long	+	1711	1754	57.2	0.0000000000000038	4_LSU_Fungi_Ge_4_LSU_start_elevena_long	+	1983	2027	58.7	0.00000000000000084	1474	1982	1474	1596	1755	1982	all			confident	
PX214946.1	1_SSU_Fungi_Ge_1_SSU_end_onea_long	+	1431	1475	62.9	0.000000000000000046	2_5.8_Fungi_Ge_58S_start_onee_long	+	1577	1621	61.8	0.00000000000000011	3_End_Glomusversiforme_58S_end_long_three	+	1690	1734	58.6	0.0000000000000013	4_LSU_Fungi_Ge_4_LSU_start_elevenc_long	+	1932	1980	37.3	0.0000000044	1476	1931	1476	1576	1735	1931	all			confident	
PX215058.1	1_SSU_Fungi_Ge_1_SSU_end_onea_long	+	1424	1468	62.9	0.000000000000000046	2_5.8_Fungi_Ge_58S_start_onee_long	+	1550	1594	58.9	0.00000000000000089	3_End_Fungi_Ge_58S_end_ninetyeight_long	+	1663	1707	60.7	0.00000000000000025	4_LSU_Fungi_Ge_4_LSU_start_thirtyfive_long	+	1888	1932	54.7	0.000000000000018	1469	1887	1469	1549	1708	1887	all			confident	
PX207167.1	1_SSU_Fungi_Ge_1_SSU_end_onea_long	+	1429	1473	62.9	0.000000000000000046	2_5.8_Fungi_Ge_58S_start_onee_long	+	1583	1627	59.5	0.00000000000000061	3_End_Fungi_Ge_58S_end_ninetyone_long	+	1696	1738	47.6	0.0000000000037	4_LSU_Fungi_Ge_4_LSU_start_elevena_long	+	1941	1985	60.8	0.00000000000000019	1474	1940	1474	1582	1739	1940	all			confident	
PX214757.1	1_SSU_Fungi_Ge_1_SSU_end_onea_long	+	1429	1473	62.9	0.000000000000000046	2_5.8_Fungi_Ge_58S_start_onee_long	+	1579	1623	59.5	0.00000000000000061	3_End_Fungi_Ge_58S_end_eightyeight_long	+	1692	1736	58.2	0.0000000000000016	4_LSU_Fungi_Ge_4_LSU_start_elevenc_long	+	1926	1968	52.6	0.00000000000007	1474	1925	1474	1578	1737	1925	all			confident	
PX214845.1	1_SSU_Fungi_Ge_1_SSU_end_onea_long	+	1429	1473	62.9	0.000000000000000046	2_5.8_Fungi_Ge_58S_start_onee_long	+	1576	1620	59.5	0.00000000000000061	3_End_Fungi_Ge_58S_end_twentyfive_long	+	1683	1727	57.4	0.0000000000000022	4_LSU_Fungi_Ge_4_LSU_start_elevena_long	+	1941	1985	60.8	0.00000000000000019	1474	1940	1474	1575	1728	1940	all			confident	
PX207181.1	1_SSU_Fungi_Ge_1_SSU_end_onea_long	+	1429	1473	62.9	0.000000000000000046	2_5.8_Fungi_Ge_58S_start_onee_long	+	1583	1627	59.5	0.00000000000000061	3_End_Fungi_Ge_58S_end_ninetyone_long	+	1696	1738	47.6	0.0000000000037	4_LSU_Fungi_Ge_4_LSU_start_elevena_long	+	1939	1983	60.8	0.00000000000000019	1474	1938	1474	1582	1739	1938	all			confident	
PX214680.1	1_SSU_Fungi_Ge_1_SSU_end_onea_long	+	1428	1472	62.9	0.000000000000000046	2_5.8_Fungi_Ge_58S_start_onee_long	+	1564	1608	59.5	0.00000000000000059	3_End_Fungi_Ge_58S_end_eightyeight_long	+	1677	1721	57.6	0.0000000000000024	4_LSU_Fungi_Ge_4_LSU_start_fortyfive_long	+	1919	1961	55.1	0.000000000000012	1473	1918	1473	1563	1722	1918	all			confident	
PX207117.1	1_SSU_Fungi_Ge_1_SSU_end_onea_long	+	1431	1475	62.9	0.000000000000000046	2_5.8_Fungi_Ge_58S_start_onee_long	+	1582	1626	61.8	0.00000000000000011	3_End_Diversispora_58S_end_long_three	+	1695	1739	61.5	0.00000000000000014	4_LSU_Fungi_Ge_4_LSU_start_elevenc_long	+	1931	1975	42.1	0.00000000014	1476	1930	1476	1581	1740	1930	all			confident	
PX214765.1	1_SSU_Fungi_Ge_1_SSU_end_onea_long	+	1428	1472	62.9	0.000000000000000046	2_5.8_Fungi_Ge_58S_start_onee_long	+	1578	1622	59.5	0.00000000000000061	3_End_Fungi_Ge_58S_end_eightyeight_long	+	1691	1735	57.8	0.0000000000000021	4_LSU_Fungi_Ge_4_LSU_start_elevenc_long	+	1916	1961	55.7	0.0000000000000079	1473	1915	1473	1577	1736	1915	all			confident	
PX207213.1	1_SSU_Fungi_Ge_1_SSU_end_onea_long	+	1427	1471	62.9	0.000000000000000046	2_5.8_Fungi_Ge_58S_start_onee_long	+	1575	1619	59.5	0.00000000000000061	3_End_Fungi_Ge_58S_end_eightyeight_long	+	1688	1732	53.2	0.000000000000055	4_LSU_Fungi_Ge_4_LSU_start_eight_long	+	1924	1967	57.5	0.0000000000000022	1472	1923	1472	1574	1733	1923	all			confident	
PX214717.1	1_SSU_Fungi_Ge_1_SSU_end_onea_long	+	1428	1472	62.9	0.000000000000000046	2_5.8_Fungi_Ge_58S_start_onee_long	+	1565	1609	59.5	0.00000000000000059	3_End_Fungi_Ge_58S_end_eightyeight_long	+	1678	1722	57.6	0.0000000000000024	4_LSU_Fungi_Ge_4_LSU_start_fortyfive_long	+	1921	1964	57	0.000000000000003	1473	1920	1473	1564	1723	1920	all			confident	
PX207202.1	1_SSU_Fungi_Ge_1_SSU_end_onea_long	+	1429	1473	62.9	0.000000000000000046	2_5.8_Fungi_Ge_58S_start_onee_long	+	1581	1625	59.5	0.00000000000000061	3_End_Fungi_Ge_58S_end_eightysix_long	+	1694	1737	53.6	0.000000000000048	4_LSU_Fungi_Ge_4_LSU_start_fortyfive_long	+	1938	1982	61.2	0.00000000000000015	1474	1937	1474	1580	1738	1937	all			confident	
PX207106.1	1_SSU_Fungi_Ge_1_SSU_end_onea_long	+	1431	1475	62.9	0.000000000000000046	2_5.8_Fungi_Ge_58S_start_threed_long	+	1612	1656	57.9	0.0000000000000016	3_End_Fungi_Ge_58S_end_eightyeight_long	+	1725	1769	57.9	0.0000000000000019	4_LSU_Fungi_Ge_4_LSU_start_fortyfive_long	+	1975	2018	53.4	0.000000000000041	1476	1974	1476	1611	1770	1974	all			confident	
PX207156.1	1_SSU_Fungi_Tu_1_SSU_end_five_long	+	1429	1473	62.9	0.000000000000000047	2_5.8_Fungi_Ge_58S_start_onee_long	+	1582	1626	59.5	0.00000000000000061	3_End_Fungi_Ge_58S_end_eightyfive_long	+	1695	1739	60.4	0.00000000000000036	4_LSU_Fungi_Ge_4_LSU_start_fortyfive_long	+	1943	1987	59.2	0.00000000000000062	1474	1942	1474	1581	1740	1942	all			confident	
PX214665.1	1_SSU_Fungi_Ge_1_SSU_end_onea_long	+	1428	1472	62.9	0.000000000000000046	2_5.8_Fungi_Ge_58S_start_onee_long	+	1562	1606	59.5	0.00000000000000059	3_End_Fungi_Ge_58S_end_eightyeight_long	+	1675	1719	57.6	0.0000000000000024	4_LSU_Fungi_Ge_4_LSU_start_fortyfive_long	+	1920	1962	55.1	0.000000000000012	1473	1919	1473	1561	1720	1919	all			confident	
PX214595.1	1_SSU_Fungi_Ge_1_SSU_end_onea_long	+	1428	1472	62.9	0.000000000000000046	2_5.8_Fungi_Ge_58S_start_onee_long	+	1573	1617	59.5	0.00000000000000059	3_End_Fungi_Ge_58S_end_ninetyone_long	+	1686	1730	45.2	0.00000000002	4_LSU_Fungi_Ge_4_LSU_start_elevena_long	+	1939	1987	58.5	0.00000000000000095	1473	1938	1473	1572	1731	1938	all			confident	
PX214711.1	1_SSU_Fungi_Ge_1_SSU_end_onea_long	+	1428	1472	62.9	0.000000000000000046	2_5.8_Fungi_Ge_58S_start_onee_long	+	1567	1611	59.5	0.00000000000000059	3_End_Fungi_Ge_58S_end_eightyeight_long	+	1680	1726	57.8	0.000000000000002	4_LSU_Fungi_Ge_4_LSU_start_fortyfive_long	+	1923	1965	55.1	0.000000000000012	1473	1922	1473	1566	1727	1922	all			confident	
PX215128.1	1_SSU_Fungi_Ge_1_SSU_end_onea_long	+	1432	1476	62.9	0.000000000000000046	2_5.8_Fungi_Ge_58S_start_threed_long	+	1621	1665	57.9	0.0000000000000016	3_End_Fungi_Ge_58S_end_eightyeight_long	+	1734	1778	54.5	0.000000000000023	4_LSU_Fungi_Ge_4_LSU_start_fortyfive_long	+	1989	2031	53.3	0.000000000000044	1477	1988	1477	1620	1779	1988	all			confident	
PX214918.1	1_SSU_Fungi_Ge_1_SSU_end_onea_long	+	1431	1475	62.9	0.000000000000000046	2_5.8_Fungi_Ge_58S_start_onee_long	+	1573	1617	61.8	0.00000000000000011	3_End_Diversispora_58S_end_long_four	+	1686	1730	60.7	0.00000000000000028	4_LSU_Fungi_Ge_4_LSU_start_elevenc_long	+	1927	1975	42.1	0.00000000014	1476	1926	1476	1572	1731	1926	all			confident	
PX214958.1	1_SSU_Fungi_Ge_1_SSU_end_onea_long	+	1430	1474	62.9	0.000000000000000046	2_5.8_Fungi_Ge_58S_start_onee_long	+	1577	1621	61.8	0.00000000000000011	3_End_Diversispora_58S_end_long_four	+	1690	1734	60.7	0.00000000000000028	4_LSU_Fungi_Ge_4_LSU_start_elevenc_long	+	1933	1981	42.1	0.00000000014	1475	1932	1475	1576	1735	1932	all			confident	
PX207153.1	1_SSU_Fungi_Tu_1_SSU_end_five_long	+	1429	1473	62.9	0.000000000000000047	2_5.8_Fungi_Ge_58S_start_onee_long	+	1582	1626	59.5	0.00000000000000061	3_End_Fungi_Ge_58S_end_eightyfive_long	+	1695	1739	60.4	0.00000000000000036	4_LSU_Fungi_Ge_4_LSU_start_fortyfive_long	+	1943	1987	59.2	0.00000000000000062	1474	1942	1474	1581	1740	1942	all			confident	
PX215134.1	1_SSU_Fungi_Ge_1_SSU_end_onea_long	+	1431	1475	62.9	0.000000000000000046	2_5.8_Fungi_Ge_58S_start_threed_long	+	1618	1662	57.9	0.0000000000000016	3_End_Fungi_Ge_58S_end_eightyeight_long	+	1731	1775	54.5	0.000000000000023	4_LSU_Fungi_Ge_4_LSU_start_fortyfive_long	+	1977	2020	53.4	0.000000000000041	1476	1976	1476	1617	1776	1976	all			confident	
PX214870.1	1_SSU_Fungi_Ge_1_SSU_end_onea_long	+	1429	1473	62.9	0.000000000000000046	2_5.8_Fungi_Ge_58S_start_onee_long	+	1575	1619	59.5	0.00000000000000061	3_End_Fungi_Ge_58S_end_twentyfive_long	+	1682	1726	56.7	0.0000000000000037	4_LSU_Fungi_Ge_4_LSU_start_fortyfive_long	+	1932	1976	61.2	0.00000000000000015	1474	1931	1474	1574	1727	1931	all			confident	
PX207132.1	1_SSU_Fungi_Ge_1_SSU_end_onea_long	+	1428	1472	62.9	0.000000000000000046	2_5.8_Fungi_Ge_58S_start_onee_long	+	1545	1589	58.9	0.00000000000000089	3_End_Fungi_Ge_58S_end_ninetyeight_long	+	1658	1702	41.9	0.00000000019	4_LSU_Fungi_Ge_4_LSU_start_thirtyfive_long	+	1876	1920	54.7	0.000000000000018	1473	1875	1473	1544	1703	1875	all			confident	
PX207215.1	1_SSU_Fungi_Ge_1_SSU_end_onea_long	+	1429	1473	62.9	0.000000000000000046	2_5.8_Fungi_Ge_58S_start_onee_long	+	1578	1622	59.5	0.00000000000000061	3_End_Fungi_Ge_58S_end_eightyeight_long	+	1691	1735	53.2	0.000000000000055	4_LSU_Fungi_Ge_4_LSU_start_eight_long	+	1927	1970	57.5	0.0000000000000022	1474	1926	1474	1577	1736	1926	all			confident	
PX214789.1	1_SSU_Fungi_Ge_1_SSU_end_onea_long	+	1429	1473	62.9	0.000000000000000046	2_5.8_Fungi_Ge_58S_start_onee_long	+	1583	1627	59.5	0.00000000000000061	3_End_Fungi_Ge_58S_end_ninetyone_long	+	1696	1738	47.6	0.0000000000037	4_LSU_Fungi_Ge_4_LSU_start_elevena_long	+	1939	1983	60.8	0.00000000000000019	1474	1938	1474	1582	1739	1938	all			confident	
PX214828.1	1_SSU_Fungi_Ge_1_SSU_end_onea_long	+	1429	1473	62.9	0.000000000000000046	2_5.8_Fungi_Ge_58S_start_onee_long	+	1585	1629	59.5	0.00000000000000061	3_End_Fungi_Ge_58S_end_eightysix_long	+	1698	1741	46.5	0.0000000000076	4_LSU_Fungi_Ge_4_LSU_start_elevena_long	+	1946	1990	60.8	0.00000000000000019	1474	1945	1474	1584	1742	1945	all			confident	
PX214893.1	1_SSU_Fungi_Ge_1_SSU_end_onea_long	+	1427	1471	62.9	0.000000000000000046	2_5.8_Fungi_Ge_58S_start_onee_long	+	1578	1622	59.5	0.00000000000000061	3_End_Fungi_Ge_58S_end_ninety_long	+	1685	1729	52.1	0.000000000000087	4_LSU_Fungi_Ge_4_LSU_start_elevenc_long	+	1919	1964	57.5	0.0000000000000021	1472	1918	1472	1577	1730	1918	all			confident	
PX207211.1	1_SSU_Fungi_Ge_1_SSU_end_onea_long	+	1429	1473	62.9	0.000000000000000046	2_5.8_Fungi_Ge_58S_start_onee_long	+	1583	1627	59.5	0.00000000000000061	3_End_Fungi_Ge_58S_end_eightysix_long	+	1696	1739	49.9	0.00000000000067	4_LSU_Fungi_Ge_4_LSU_start_fortyfive_long	+	1938	1982	61.2	0.00000000000000015	1474	1937	1474	1582	1740	1937	all			confident	
PX214834.1	1_SSU_Fungi_Ge_1_SSU_end_onea_long	+	1429	1473	62.9	0.000000000000000046	2_5.8_Fungi_Ge_58S_start_onee_long	+	1584	1628	59.5	0.00000000000000061	3_End_Fungi_Ge_58S_end_eightysix_long	+	1697	1740	46.5	0.0000000000076	4_LSU_Fungi_Ge_4_LSU_start_elevena_long	+	1944	1988	57.5	0.000000000000002	1474	1943	1474	1583	1741	1943	all			confident	
PX214471.1	1_SSU_Fungi_Ge_1_SSU_end_onea_long	+	1430	1474	62.9	0.000000000000000046	2_5.8_Fungi_Ge_58S_start_onee_long	+	1578	1622	59.5	0.00000000000000061	3_End_Fungi_Ge_58S_end_ninetyone_long	+	1691	1734	55.5	0.000000000000012	4_LSU_Fungi_Ge_4_LSU_start_elevenc_long	+	1964	2008	61	0.00000000000000017	1475	1963	1475	1577	1735	1963	all			confident	
PX214565.1	1_SSU_Fungi_Ge_1_SSU_end_onea_long	+	1430	1474	62.9	0.000000000000000046	2_5.8_Fungi_Ge_58S_start_onee_long	+	1583	1629	59.5	0.00000000000000059	3_End_Fungi_Ge_58S_end_ninetyone_long	+	1698	1741	52.5	0.00000000000011	4_LSU_Fungi_Ge_4_LSU_start_elevenc_long	+	1966	2010	61	0.00000000000000017	1475	1965	1475	1582	1742	1965	all			confident	
PX214861.1	1_SSU_Fungi_Ge_1_SSU_end_onea_long	+	1429	1473	62.9	0.000000000000000046	2_5.8_Fungi_Ge_58S_start_onee_long	+	1582	1626	59.5	0.00000000000000061	3_End_Fungi_Ge_58S_end_eightyfive_long	+	1695	1739	51.6	0.0000000000002	4_LSU_Fungi_Ge_4_LSU_start_fortyfive_long	+	1946	1990	61.2	0.00000000000000015	1474	1945	1474	1581	1740	1945	all			confident	
PX214634.1	1_SSU_Fungi_Ge_1_SSU_end_onea_long	+	1429	1473	62.9	0.000000000000000046	2_5.8_Fungi_Ge_58S_start_onee_long	+	1581	1625	59.5	0.00000000000000061	3_End_Fungi_Ge_58S_end_eightyeight_long	+	1694	1737	57.2	0.0000000000000032	4_LSU_Fungi_Ge_4_LSU_start_eight_long	+	1944	1986	57.5	0.0000000000000022	1474	1943	1474	1580	1738	1943	all			confident	
PX207266.1	1_SSU_Fungi_Ge_1_SSU_end_onea_long	+	1429	1473	62.9	0.000000000000000046	2_5.8_Fungi_Ge_58S_start_onee_long	+	1593	1637	59.5	0.00000000000000061	3_End_Fungi_Ge_58S_end_ninetyone_long	+	1707	1750	57.2	0.0000000000000038	4_LSU_Fungi_Ge_4_LSU_start_elevena_long	+	1977	2021	58.7	0.00000000000000084	1474	1976	1474	1592	1751	1976	all			confident	
PX215158.1	1_SSU_Fungi_Ge_1_SSU_end_onea_long	+	1430	1474	62.9	0.000000000000000046	2_5.8_Fungi_Ge_58S_start_onee_long	+	1586	1630	61.8	0.00000000000000011	3_End_Fungi_Ge_58S_end_onehundred_long	+	1693	1737	61	0.0000000000000002	4_LSU_Fungi_Ge_4_LSU_start_twentythreea_long	+	1963	2009	46.2	0.0000000000081	1475	1962	1475	1585	1738	1962	all			confident	
PX207173.1	1_SSU_Fungi_Ge_1_SSU_end_onea_long	+	1429	1473	62.9	0.000000000000000046	2_5.8_Fungi_Ge_58S_start_onee_long	+	1580	1624	59.5	0.00000000000000061	3_End_Fungi_Ge_58S_end_ninetyone_long	+	1693	1736	47.6	0.0000000000036	4_LSU_Fungi_Ge_4_LSU_start_elevena_long	+	1938	1982	60.8	0.00000000000000019	1474	1937	1474	1579	1737	1937	all			confident	
PX215027.1	1_SSU_Fungi_Ge_1_SSU_end_onea_long	+	1423	1467	62.9	0.000000000000000046	2_5.8_Fungi_Ge_58S_start_onee_long	+	1550	1594	58.9	0.00000000000000089	3_End_Fungi_Ge_58S_end_ninetyeight_long	+	1663	1707	63.1	0.000000000000000047	4_LSU_Fungi_Ge_4_LSU_start_thirtyfive_long	+	1887	1931	54.7	0.000000000000018	1468	1886	1468	1549	1708	1886	all			confident	
PX214705.1	1_SSU_Fungi_Ge_1_SSU_end_onea_long	+	1429	1473	62.9	0.000000000000000046	2_5.8_Fungi_Ge_58S_start_onee_long	+	1566	1610	59.5	0.00000000000000059	3_End_Fungi_Ge_58S_end_eightyeight_long	+	1679	1725	57.8	0.000000000000002	4_LSU_Fungi_Ge_4_LSU_start_fortyfive_long	+	1922	1965	57	0.000000000000003	1474	1921	1474	1565	1726	1921	all			confident	
PX214649.1	1_SSU_Fungi_Ge_1_SSU_end_onea_long	+	1429	1473	62.9	0.000000000000000046	2_5.8_Fungi_Ge_58S_start_onee_long	+	1563	1607	59.5	0.00000000000000061	3_End_Fungi_Ge_58S_end_eightyeight_long	+	1676	1722	57.8	0.000000000000002	4_LSU_Fungi_Ge_4_LSU_start_eight_long	+	1924	1966	57.5	0.0000000000000022	1474	1923	1474	1562	1723	1923	all			confident	
PX215118.1	1_SSU_Fungi_Ge_1_SSU_end_onea_long	+	1432	1476	62.9	0.000000000000000046	2_5.8_Fungi_Ge_58S_start_threed_long	+	1621	1665	57.9	0.0000000000000016	3_End_Fungi_Ge_58S_end_eightyeight_long	+	1734	1778	54.5	0.000000000000023	4_LSU_Fungi_Ge_4_LSU_start_fortyfive_long	+	1989	2031	53.3	0.000000000000044	1477	1988	1477	1620	1779	1988	all			confident	
PX207187.1	1_SSU_Fungi_Ge_1_SSU_end_onea_long	+	1429	1473	62.9	0.000000000000000046	2_5.8_Fungi_Ge_58S_start_onee_long	+	1583	1627	59.5	0.00000000000000061	3_End_Fungi_Ge_58S_end_ninetyone_long	+	1696	1738	47.6	0.0000000000037	4_LSU_Fungi_Ge_4_LSU_start_elevena_long	+	1939	1983	60.8	0.00000000000000019	1474	1938	1474	1582	1739	1938	all			confident	
PX207148.1	1_SSU_Fungi_Tu_1_SSU_end_five_long	+	1429	1473	62.9	0.000000000000000047	2_5.8_Fungi_Ge_58S_start_onee_long	+	1582	1626	59.5	0.00000000000000061	3_End_Fungi_Ge_58S_end_eightyfive_long	+	1695	1739	60.4	0.00000000000000036	4_LSU_Fungi_Ge_4_LSU_start_fortyfive_long	+	1943	1987	59.2	0.00000000000000062	1474	1942	1474	1581	1740	1942	all			confident	
PX207143.1	1_SSU_Fungi_Ge_1_SSU_end_onea_long	+	1426	1470	62.9	0.000000000000000046	2_5.8_Fungi_Ge_58S_start_onee_long	+	1545	1589	59.1	0.00000000000000079	3_End_Fungi_Ge_58S_end_ninetyeight_long	+	1658	1702	55	0.000000000000015	4_LSU_Fungi_Ge_4_LSU_start_thirtyfive_long	+	1872	1916	55.6	0.0000000000000093	1471	1871	1471	1544	1703	1871	all			confident	
PX215081.1	1_SSU_Fungi_Ge_1_SSU_end_onea_long	+	1426	1470	62.9	0.000000000000000046	2_5.8_Fungi_Ge_58S_start_onee_long	+	1543	1587	59.1	0.00000000000000079	3_End_Fungi_Ge_58S_end_ninetyeight_long	+	1656	1700	58.8	0.000000000000001	4_LSU_Fungi_Ge_4_LSU_start_thirtyfive_long	+	1871	1915	54.7	0.000000000000018	1471	1870	1471	1542	1701	1870	all			confident	
PX207204.1	1_SSU_Fungi_Ge_1_SSU_end_onea_long	+	1429	1473	62.9	0.000000000000000046	2_5.8_Fungi_Ge_58S_start_onee_long	+	1581	1625	59.5	0.00000000000000061	3_End_Fungi_Ge_58S_end_eightysix_long	+	1694	1737	53.6	0.000000000000048	4_LSU_Fungi_Ge_4_LSU_start_fortyfive_long	+	1942	1986	61.2	0.00000000000000015	1474	1941	1474	1580	1738	1941	all			confident	
PX214462.1	1_SSU_Fungi_Ge_1_SSU_end_onea_long	+	1430	1474	62.9	0.000000000000000046	2_5.8_Fungi_Ge_58S_start_onee_long	+	1579	1623	59.5	0.00000000000000061	3_End_Fungi_Ge_58S_end_ninetyone_long	+	1692	1735	55.5	0.000000000000012	4_LSU_Fungi_Ge_4_LSU_start_elevenc_long	+	1964	2008	59.6	0.00000000000000047	1475	1963	1475	1578	1736	1963	all			confident	
PX214616.1	1_SSU_Fungi_Ge_1_SSU_end_onea_long	+	1428	1472	62.9	0.000000000000000046	2_5.8_Fungi_Ge_58S_start_onee_long	+	1576	1620	59.5	0.00000000000000061	3_End_Fungi_Ge_58S_end_eightyeight_long	+	1689	1733	53.2	0.000000000000055	4_LSU_Fungi_Ge_4_LSU_start_eight_long	+	1924	1967	57.5	0.0000000000000022	1473	1923	1473	1575	1734	1923	all			confident	
PX214533.1	1_SSU_Fungi_Ge_1_SSU_end_onea_long	+	1430	1474	62.9	0.000000000000000046	2_5.8_Fungi_Ge_58S_start_onee_long	+	1584	1628	59.5	0.00000000000000061	3_End_Fungi_Ge_58S_end_ninetyone_long	+	1697	1740	52.5	0.00000000000011	4_LSU_Fungi_Ge_4_LSU_start_elevenc_long	+	1962	2006	61	0.00000000000000017	1475	1961	1475	1583	1741	1961	all			confident	
PX207189.1	1_SSU_Fungi_Ge_1_SSU_end_onea_long	+	1429	1473	62.9	0.000000000000000046	2_5.8_Fungi_Ge_58S_start_onee_long	+	1583	1627	59.5	0.00000000000000061	3_End_Fungi_Ge_58S_end_ninetyone_long	+	1696	1738	47.6	0.0000000000037	4_LSU_Fungi_Ge_4_LSU_start_elevena_long	+	1939	1983	60.8	0.00000000000000019	1474	1938	1474	1582	1739	1938	all			confident	
PX214995.1	1_SSU_Fungi_Ge_1_SSU_end_onea_long	+	1430	1474	62.9	0.000000000000000046	2_5.8_Fungi_Ge_58S_start_onee_long	+	1577	1621	61.8	0.00000000000000011	3_End_Diversispora_58S_end_long_four	+	1690	1734	60.9	0.00000000000000024	4_LSU_Fungi_Ge_4_LSU_start_elevenc_long	+	1931	1979	42.1	0.00000000014	1475	1930	1475	1576	1735	1930	all			confident	
PX214968.1	1_SSU_Fungi_Ge_1_SSU_end_onea_long	+	1430	1474	62.9	0.000000000000000046	2_5.8_Fungi_Ge_58S_start_onee_long	+	1584	1628	61.8	0.00000000000000011	3_End_Diversispora_58S_end_long_four	+	1697	1741	60.7	0.00000000000000028	4_LSU_Fungi_Ge_4_LSU_start_elevenc_long	+	1941	1985	45.2	0.000000000015	1475	1940	1475	1583	1742	1940	all			confident	
PX207108.1	1_SSU_Fungi_Ge_1_SSU_end_onea_long	+	1431	1475	62.9	0.000000000000000046	2_5.8_Fungi_Ge_58S_start_onee_long	+	1580	1624	61.8	0.00000000000000011	3_End_Diversispora_58S_end_long_eight	+	1693	1737	60.9	0.00000000000000024	4_LSU_Fungi_Ge_4_LSU_start_elevenc_long	+	1929	1973	42.1	0.00000000014	1476	1928	1476	1579	1738	1928	all			confident	
PX207235.1	1_SSU_Fungi_Ge_1_SSU_end_onea_long	+	1430	1474	62.9	0.000000000000000046	2_5.8_Fungi_Ge_58S_start_onee_long	+	1583	1629	59.5	0.00000000000000059	3_End_Fungi_Ge_58S_end_ninetyone_long	+	1698	1741	52.5	0.00000000000011	4_LSU_Fungi_Ge_4_LSU_start_elevenc_long	+	1964	2008	61	0.00000000000000017	1475	1963	1475	1582	1742	1963	all			confident	
PX214629.1	1_SSU_Fungi_Ge_1_SSU_end_onea_long	+	1429	1473	62.9	0.000000000000000046	2_5.8_Fungi_Ge_58S_start_onee_long	+	1581	1625	59.5	0.00000000000000061	3_End_Fungi_Ge_58S_end_eightyeight_long	+	1694	1737	57.2	0.0000000000000032	4_LSU_Fungi_Ge_4_LSU_start_eight_long	+	1944	1986	57.5	0.0000000000000022	1474	1943	1474	1580	1738	1943	all			confident	
PX207209.1	1_SSU_Fungi_Ge_1_SSU_end_onea_long	+	1429	1473	62.9	0.000000000000000046	2_5.8_Fungi_Ge_58S_start_onee_long	+	1579	1623	59.5	0.00000000000000061	3_End_Fungi_Ge_58S_end_eightyfive_long	+	1692	1736	47.3	0.0000000000044	4_LSU_Fungi_Ge_4_LSU_start_fortyfive_long	+	1937	1981	61.2	0.00000000000000015	1474	1936	1474	1578	1737	1936	all			confident	
PX214457.1	1_SSU_Fungi_Ge_1_SSU_end_onea_long	+	1430	1474	62.9	0.000000000000000046	2_5.8_Fungi_Ge_58S_start_onee_long	+	1577	1621	59.5	0.00000000000000061	3_End_Fungi_Ge_58S_end_ninetyone_long	+	1690	1733	55.5	0.000000000000012	4_LSU_Fungi_Ge_4_LSU_start_elevenc_long	+	1961	2005	61	0.00000000000000017	1475	1960	1475	1576	1734	1960	all			confident	
PX214593.1	1_SSU_Fungi_Ge_1_SSU_end_onea_long	+	1430	1474	62.9	0.000000000000000046	2_5.8_Fungi_Ge_58S_start_onee_long	+	1597	1641	59.5	0.00000000000000061	3_End_Fungi_Ge_58S_end_ninetyone_long	+	1711	1754	57.2	0.0000000000000038	4_LSU_Fungi_Ge_4_LSU_start_elevenc_long	+	1991	2035	61	0.00000000000000017	1475	1990	1475	1596	1755	1990	all			confident	
PX207212.1	1_SSU_Fungi_Ge_1_SSU_end_onea_long	+	1427	1471	62.9	0.000000000000000046	2_5.8_Fungi_Ge_58S_start_onee_long	+	1574	1618	59.5	0.00000000000000061	3_End_Fungi_Ge_58S_end_eightyeight_long	+	1687	1731	53.2	0.000000000000055	4_LSU_Fungi_Ge_4_LSU_start_eight_long	+	1921	1964	57.5	0.0000000000000022	1472	1920	1472	1573	1732	1920	all			confident	
PX214691.1	1_SSU_Fungi_Ge_1_SSU_end_onea_long	+	1429	1473	62.9	0.000000000000000046	2_5.8_Fungi_Ge_58S_start_onee_long	+	1566	1610	59.5	0.00000000000000059	3_End_Fungi_Ge_58S_end_eightyeight_long	+	1679	1725	57.8	0.000000000000002	4_LSU_Fungi_Ge_4_LSU_start_fortyfive_long	+	1921	1964	57	0.000000000000003	1474	1920	1474	1565	1726	1920	all			confident	
PX214842.1	1_SSU_Fungi_Ge_1_SSU_end_onea_long	+	1429	1473	62.9	0.000000000000000046	2_5.8_Fungi_Ge_58S_start_onee_long	+	1579	1623	59.5	0.00000000000000061	3_End_Fungi_Ge_58S_end_twentyfive_long	+	1686	1730	61.2	0.00000000000000014	4_LSU_Fungi_Ge_4_LSU_start_elevena_long	+	1941	1985	60.8	0.00000000000000019	1474	1940	1474	1578	1731	1940	all			confident	
PX214684.1	1_SSU_Fungi_Ge_1_SSU_end_onea_long	+	1429	1473	62.9	0.000000000000000046	2_5.8_Fungi_Ge_58S_start_onee_long	+	1566	1610	59.5	0.00000000000000059	3_End_Fungi_Ge_58S_end_eightyeight_long	+	1679	1725	57.8	0.000000000000002	4_LSU_Fungi_Ge_4_LSU_start_fortyfive_long	+	1921	1964	57	0.000000000000003	1474	1920	1474	1565	1726	1920	all			confident	
PX214847.1	1_SSU_Fungi_Ge_1_SSU_end_onea_long	+	1428	1472	62.9	0.000000000000000046	2_5.8_Fungi_Ge_58S_start_onee_long	+	1577	1621	59.5	0.00000000000000061	3_End_Fungi_Ge_58S_end_twentyfive_long	+	1683	1727	61.2	0.00000000000000014	4_LSU_Fungi_Ge_4_LSU_start_elevena_long	+	1940	1984	60.8	0.00000000000000019	1473	1939	1473	1576	1728	1939	all			confident	
PX214553.1	1_SSU_Fungi_Ge_1_SSU_end_onea_long	+	1430	1474	62.9	0.000000000000000046	2_5.8_Fungi_Ge_58S_start_onee_long	+	1582	1628	59.5	0.00000000000000059	3_End_Fungi_Ge_58S_end_ninetyone_long	+	1697	1740	52.5	0.00000000000011	4_LSU_Fungi_Ge_4_LSU_start_elevenc_long	+	1964	2008	61	0.00000000000000017	1475	1963	1475	1581	1741	1963	all			confident	
PX215114.1	1_SSU_Fungi_Ge_1_SSU_end_onea_long	+	1426	1470	62.9	0.000000000000000046	2_5.8_Fungi_Ge_58S_start_onee_long	+	1539	1583	59.1	0.00000000000000079	3_End_Fungi_Ge_58S_end_ninetyeight_long	+	1652	1696	55	0.000000000000015	4_LSU_Fungi_Ge_4_LSU_start_thirtyfive_long	+	1866	1910	51.4	0.00000000000019	1471	1865	1471	1538	1697	1865	all			confident	
PX214839.1	1_SSU_Fungi_Ge_1_SSU_end_onea_long	+	1428	1472	62.9	0.000000000000000046	2_5.8_Fungi_Ge_58S_start_onee_long	+	1585	1629	59.5	0.00000000000000061	3_End_Fungi_Ge_58S_end_eightysix_long	+	1698	1741	46.5	0.0000000000076	4_LSU_Fungi_Ge_4_LSU_start_elevena_long	+	1941	1985	60.8	0.00000000000000019	1473	1940	1473	1584	1742	1940	all			confident	
PX214600.1	1_SSU_Fungi_Ge_1_SSU_end_onea_long	+	1428	1472	62.9	0.000000000000000046	2_5.8_Fungi_Ge_58S_start_onee_long	+	1585	1629	59.5	0.00000000000000061	3_End_Fungi_Ge_58S_end_ninetyone_long	+	1698	1742	59.7	0.00000000000000059	4_LSU_Fungi_Ge_4_LSU_start_elevena_long	+	1975	2022	58.6	0.00000000000000092	1473	1974	1473	1584	1743	1974	all			confident	
PX207178.1	1_SSU_Fungi_Ge_1_SSU_end_onea_long	+	1429	1473	62.9	0.000000000000000046	2_5.8_Fungi_Ge_58S_start_onee_long	+	1583	1627	59.5	0.00000000000000061	3_End_Fungi_Ge_58S_end_ninetyone_long	+	1696	1738	47.6	0.0000000000037	4_LSU_Fungi_Ge_4_LSU_start_elevena_long	+	1939	1983	60.8	0.00000000000000019	1474	1938	1474	1582	1739	1938	all			confident	
PX214912.1	1_SSU_Fungi_Ge_1_SSU_end_onea_long	+	1431	1475	62.9	0.000000000000000046	2_5.8_Fungi_Ge_58S_start_onee_long	+	1571	1615	61.8	0.00000000000000011	3_End_Diversispora_58S_end_long_nine	+	1684	1728	60.2	0.00000000000000039	4_LSU_Fungi_Ge_4_LSU_start_elevenc_long	+	1925	1973	42.1	0.00000000014	1476	1924	1476	1570	1729	1924	all			confident	
PX214777.1	1_SSU_Fungi_Ge_1_SSU_end_onea_long	+	1429	1473	62.9	0.000000000000000046	2_5.8_Fungi_Ge_58S_start_onee_long	+	1580	1624	59.5	0.00000000000000061	3_End_Fungi_Ge_58S_end_twentyfive_long	+	1687	1731	59.6	0.00000000000000044	4_LSU_Fungi_Ge_4_LSU_start_elevena_long	+	1944	1988	60.8	0.00000000000000019	1474	1943	1474	1579	1732	1943	all			confident	
PX214780.1	1_SSU_Fungi_Ge_1_SSU_end_onea_long	+	1429	1473	62.9	0.000000000000000046	2_5.8_Fungi_Ge_58S_start_onee_long	+	1580	1624	59.5	0.00000000000000061	3_End_Fungi_Ge_58S_end_twentyfive_long	+	1687	1731	59.6	0.00000000000000044	4_LSU_Fungi_Ge_4_LSU_start_elevena_long	+	1944	1988	60.8	0.00000000000000019	1474	1943	1474	1579	1732	1943	all			confident	
PX215083.1	1_SSU_Fungi_Ge_1_SSU_end_onea_long	+	1427	1471	62.9	0.000000000000000046	2_5.8_Fungi_Ge_58S_start_onee_long	+	1544	1588	59.1	0.00000000000000079	3_End_Fungi_Ge_58S_end_ninetyeight_long	+	1657	1701	58.8	0.000000000000001	4_LSU_Fungi_Ge_4_LSU_start_thirtyfive_long	+	1872	1916	54.7	0.000000000000018	1472	1871	1472	1543	1702	1871	all			confident	
PX214514.1	1_SSU_Fungi_Ge_1_SSU_end_onea_long	+	1430	1474	62.9	0.000000000000000046	2_5.8_Fungi_Ge_58S_start_onee_long	+	1585	1629	59.5	0.00000000000000061	3_End_Fungi_Ge_58S_end_ninetyone_long	+	1698	1741	52.5	0.00000000000011	4_LSU_Fungi_Ge_4_LSU_start_elevenc_long	+	1966	2010	61	0.00000000000000017	1475	1965	1475	1584	1742	1965	all			confident	
PX207236.1	1_SSU_Fungi_Ge_1_SSU_end_onea_long	+	1430	1474	62.9	0.000000000000000046	2_5.8_Fungi_Ge_58S_start_onee_long	+	1581	1627	59.5	0.00000000000000059	3_End_Fungi_Ge_58S_end_ninetyone_long	+	1696	1739	52.5	0.00000000000011	4_LSU_Fungi_Ge_4_LSU_start_elevenc_long	+	1963	2007	61	0.00000000000000017	1475	1962	1475	1580	1740	1962	all			confident	
PX215017.1	1_SSU_Fungi_Ge_1_SSU_end_onea_long	+	1430	1474	62.9	0.000000000000000046	2_5.8_Fungi_Ge_58S_start_onee_long	+	1548	1592	60.4	0.00000000000000031	3_End_Fungi_Ge_58S_end_ninetysix_long	+	1661	1703	55.5	0.00000000000001	4_LSU_Fungi_Ge_4_LSU_start_zerod_long	+	1920	1969	41.2	0.00000000029	1475	1919	1475	1547	1704	1919	all			confident	
PX214502.1	1_SSU_Fungi_Ge_1_SSU_end_onea_long	+	1430	1474	62.9	0.000000000000000046	2_5.8_Fungi_Ge_58S_start_onee_long	+	1586	1630	59.5	0.00000000000000061	3_End_Fungi_Ge_58S_end_ninetyone_long	+	1699	1742	52.5	0.00000000000011	4_LSU_Fungi_Ge_4_LSU_start_elevenc_long	+	1965	2009	61	0.00000000000000017	1475	1964	1475	1585	1743	1964	all			confident	
PX215060.1	1_SSU_Fungi_Ge_1_SSU_end_onea_long	+	1423	1467	62.9	0.000000000000000046	2_5.8_Fungi_Ge_58S_start_onee_long	+	1551	1595	58.9	0.00000000000000089	3_End_Fungi_Ge_58S_end_ninetyeight_long	+	1664	1708	63.1	0.000000000000000047	4_LSU_Fungi_Ge_4_LSU_start_thirtyfive_long	+	1883	1927	54.7	0.000000000000018	1468	1882	1468	1550	1709	1882	all			confident	
PX207163.1	1_SSU_Fungi_Ge_1_SSU_end_onea_long	+	1429	1473	62.9	0.000000000000000046	2_5.8_Fungi_Ge_58S_start_onee_long	+	1580	1624	59.5	0.00000000000000061	3_End_Fungi_Ge_58S_end_twentyfive_long	+	1687	1731	59.6	0.00000000000000044	4_LSU_Fungi_Ge_4_LSU_start_elevena_long	+	1944	1988	60.8	0.00000000000000019	1474	1943	1474	1579	1732	1943	all			confident	
PX214513.1	1_SSU_Fungi_Ge_1_SSU_end_onea_long	+	1430	1474	62.9	0.000000000000000046	2_5.8_Fungi_Ge_58S_start_onee_long	+	1586	1630	59.5	0.00000000000000061	3_End_Fungi_Ge_58S_end_ninetyone_long	+	1699	1742	52.5	0.00000000000011	4_LSU_Fungi_Ge_4_LSU_start_elevenc_long	+	1967	2011	61	0.00000000000000017	1475	1966	1475	1585	1743	1966	all			confident	
PX214538.1	1_SSU_Fungi_Ge_1_SSU_end_onea_long	+	1430	1474	62.9	0.000000000000000046	2_5.8_Fungi_Ge_58S_start_onee_long	+	1584	1628	59.5	0.00000000000000061	3_End_Fungi_Ge_58S_end_ninetyone_long	+	1697	1740	52.5	0.00000000000011	4_LSU_Fungi_Ge_4_LSU_start_elevenc_long	+	1963	2007	61	0.00000000000000017	1475	1962	1475	1583	1741	1962	all			confident	
PX214836.1	1_SSU_Fungi_Ge_1_SSU_end_onea_long	+	1429	1473	62.9	0.000000000000000046	2_5.8_Fungi_Ge_58S_start_onee_long	+	1579	1623	59.5	0.00000000000000061	3_End_Fungi_Ge_58S_end_ninetyone_long	+	1692	1734	47.6	0.0000000000037	4_LSU_Fungi_Ge_4_LSU_start_elevena_long	+	1933	1977	60.8	0.00000000000000019	1474	1932	1474	1578	1735	1932	all			confident	
PX214808.1	1_SSU_Fungi_Ge_1_SSU_end_onea_long	+	1429	1473	62.9	0.000000000000000046	2_5.8_Fungi_Ge_58S_start_onee_long	+	1583	1627	59.5	0.00000000000000061	3_End_Fungi_Ge_58S_end_ninetyone_long	+	1696	1738	47.6	0.0000000000037	4_LSU_Fungi_Ge_4_LSU_start_elevena_long	+	1941	1985	60.8	0.00000000000000019	1474	1940	1474	1582	1739	1940	all			confident	
PX214996.1	1_SSU_Fungi_Ge_1_SSU_end_onea_long	+	1430	1474	62.9	0.000000000000000046	2_5.8_Fungi_Ge_58S_start_onee_long	+	1577	1621	61.8	0.00000000000000011	3_End_Diversispora_58S_end_long_four	+	1690	1734	60.9	0.00000000000000024	4_LSU_Fungi_Ge_4_LSU_start_elevenc_long	+	1931	1979	42.1	0.00000000014	1475	1930	1475	1576	1735	1930	all			confident	
PX214458.1	1_SSU_Fungi_Ge_1_SSU_end_onea_long	+	1430	1474	62.9	0.000000000000000046	2_5.8_Fungi_Ge_58S_start_onee_long	+	1577	1621	59.5	0.00000000000000061	3_End_Fungi_Ge_58S_end_ninetyone_long	+	1690	1733	55.5	0.000000000000012	4_LSU_Fungi_Ge_4_LSU_start_elevenc_long	+	1961	2005	61	0.00000000000000017	1475	1960	1475	1576	1734	1960	all			confident	
PX214769.1	1_SSU_Fungi_Ge_1_SSU_end_onea_long	+	1428	1472	62.9	0.000000000000000046	2_5.8_Fungi_Ge_58S_start_onee_long	+	1575	1619	59.5	0.00000000000000059	3_End_Fungi_Ge_58S_end_eightyeight_long	+	1688	1732	57.8	0.0000000000000021	4_LSU_Fungi_Ge_4_LSU_start_elevenc_long	+	1913	1958	55.7	0.0000000000000079	1473	1912	1473	1574	1733	1912	all			confident	
PX214583.1	1_SSU_Fungi_Tu_1_SSU_end_five_long	+	1428	1472	58.6	0.0000000000000011	2_5.8_Fungi_Ge_58S_start_onee_long	+	1591	1635	54.3	0.000000000000025	3_End_Fungi_Ge_58S_end_eightyfive_long	+	1702	1743	48.7	0.0000000000016	4_LSU_Fungi_Ge_4_LSU_start_elevena_long	+	1974	2018	53.4	0.000000000000038	1473	1973	1473	1590	1744	1973	all			confident	
PX214675.1	1_SSU_Fungi_Ge_1_SSU_end_onea_long	+	1428	1472	62.9	0.000000000000000046	2_5.8_Fungi_Ge_58S_start_onee_long	+	1582	1626	59.5	0.00000000000000059	3_End_Fungi_Ge_58S_end_eightyeight_long	+	1695	1739	57.6	0.0000000000000024	4_LSU_Fungi_Ge_4_LSU_start_fortyfive_long	+	1938	1980	55.1	0.000000000000012	1473	1937	1473	1581	1740	1937	all			confident	
PX207231.1	1_SSU_Fungi_Ge_1_SSU_end_onea_long	+	1430	1474	62.9	0.000000000000000046	2_5.8_Fungi_Ge_58S_start_onee_long	+	1581	1625	59.5	0.00000000000000061	3_End_Fungi_Ge_58S_end_ninetyone_long	+	1694	1737	52.5	0.00000000000011	4_LSU_Fungi_Ge_4_LSU_start_elevenc_long	+	1961	2005	61	0.00000000000000017	1475	1960	1475	1580	1738	1960	all			confident	
PX214790.1	1_SSU_Fungi_Ge_1_SSU_end_onea_long	+	1429	1473	62.9	0.000000000000000046	2_5.8_Fungi_Ge_58S_start_onee_long	+	1583	1627	59.5	0.00000000000000061	3_End_Fungi_Ge_58S_end_ninetyone_long	+	1696	1738	47.6	0.0000000000037	4_LSU_Fungi_Ge_4_LSU_start_elevena_long	+	1939	1983	60.8	0.00000000000000019	1474	1938	1474	1582	1739	1938	all			confident	
PX215052.1	1_SSU_Fungi_Ge_1_SSU_end_onea_long	+	1423	1467	62.9	0.000000000000000046	2_5.8_Fungi_Ge_58S_start_onee_long	+	1547	1591	58.9	0.00000000000000089	3_End_Fungi_Ge_58S_end_ninetyeight_long	+	1660	1704	63.1	0.000000000000000047	4_LSU_Fungi_Ge_4_LSU_start_thirtyfive_long	+	1883	1927	54.7	0.000000000000018	1468	1882	1468	1546	1705	1882	all			confident	
PX207264.1	1_SSU_Fungi_Ge_1_SSU_end_onea_long	+	1429	1473	62.9	0.000000000000000046	2_5.8_Fungi_Ge_58S_start_onee_long	+	1596	1640	59.5	0.00000000000000061	3_End_Fungi_Ge_58S_end_ninetyone_long	+	1707	1750	49.9	0.00000000000071	4_LSU_Fungi_Ge_4_LSU_start_elevena_long	+	1975	2019	58.7	0.00000000000000084	1474	1974	1474	1595	1751	1974	all			confident	
PX215141.1	1_SSU_Fungi_Ge_1_SSU_end_onea_long	+	1431	1475	62.9	0.000000000000000046	2_5.8_Fungi_Ge_58S_start_threed_long	+	1615	1659	57.9	0.0000000000000016	3_End_Fungi_Ge_58S_end_eightyeight_long	+	1728	1772	57.9	0.0000000000000019	4_LSU_Fungi_Ge_4_LSU_start_fortyfive_long	+	1972	2015	53.4	0.000000000000041	1476	1971	1476	1614	1773	1971	all			confident	
PX214663.1	1_SSU_Fungi_Ge_1_SSU_end_onea_long	+	1428	1472	62.9	0.000000000000000046	2_5.8_Fungi_Ge_58S_start_onee_long	+	1618	1662	59.5	0.00000000000000061	3_End_Fungi_Ge_58S_end_eightyeight_long	+	1731	1777	57.8	0.000000000000002	4_LSU_Fungi_Ge_4_LSU_start_eight_long	+	1979	2021	57.5	0.0000000000000022	1473	1978	1473	1617	1778	1978	all			confident	
PX214992.1	1_SSU_Fungi_Ge_1_SSU_end_onea_long	+	1431	1475	62.9	0.000000000000000046	2_5.8_Fungi_Ge_58S_start_onee_long	+	1578	1622	61.8	0.00000000000000011	3_End_Diversispora_58S_end_long_four	+	1691	1735	60.7	0.00000000000000028	4_LSU_Fungi_Ge_4_LSU_start_elevenc_long	+	1931	1979	42.1	0.00000000014	1476	1930	1476	1577	1736	1930	all			confident	
PX214939.1	1_SSU_Fungi_Ge_1_SSU_end_onea_long	+	1432	1476	62.9	0.000000000000000046	2_5.8_Fungi_Ge_58S_start_onee_long	+	1579	1623	61.8	0.00000000000000011	3_End_Diversispora_58S_end_long_two	+	1692	1736	59	0.00000000000000094	4_LSU_Fungi_Ge_4_LSU_start_elevenc_long	+	1941	1985	45.2	0.000000000015	1477	1940	1477	1578	1737	1940	all			confident	
PX215164.1	1_SSU_Fungi_Ge_1_SSU_end_onea_long	+	1428	1472	62.9	0.000000000000000046	2_5.8_Fungi_Ge_58S_start_onee_long	+	1591	1635	61.8	0.00000000000000011	3_End_Fungi_Ge_58S_end_onehundred_long	+	1698	1742	63.2	0.00000000000000004	4_LSU_Fungi_Ge_4_LSU_start_twentythreea_long	+	1974	2016	45.9	0.0000000000098	1473	1973	1473	1590	1743	1973	all			confident	
PX207116.1	1_SSU_Fungi_Ge_1_SSU_end_onea_long	+	1431	1475	62.9	0.000000000000000046	2_5.8_Fungi_Ge_58S_start_onee_long	+	1584	1628	61.8	0.00000000000000011	3_End_Diversispora_58S_end_long_three	+	1697	1741	61.5	0.00000000000000014	4_LSU_Fungi_Ge_4_LSU_start_elevenc_long	+	1933	1977	42.1	0.00000000014	1476	1932	1476	1583	1742	1932	all			confident	
PX214874.1	1_SSU_Fungi_Ge_1_SSU_end_onea_long	+	1429	1473	62.9	0.000000000000000046	2_5.8_Fungi_Ge_58S_start_onee_long	+	1589	1633	59.5	0.00000000000000061	3_End_Fungi_Ge_58S_end_eightysix_long	+	1702	1745	46.5	0.0000000000076	4_LSU_Fungi_Ge_4_LSU_start_elevena_long	+	1956	2000	60.8	0.00000000000000019	1474	1955	1474	1588	1746	1955	all			confident	
PX214810.1	1_SSU_Fungi_Ge_1_SSU_end_onea_long	+	1429	1473	62.9	0.000000000000000046	2_5.8_Fungi_Ge_58S_start_onee_long	+	1583	1627	59.5	0.00000000000000061	3_End_Fungi_Ge_58S_end_ninetyone_long	+	1696	1738	47.6	0.0000000000037	4_LSU_Fungi_Ge_4_LSU_start_elevena_long	+	1941	1985	60.8	0.00000000000000019	1474	1940	1474	1582	1739	1940	all			confident	
PX215106.1	1_SSU_Fungi_Ge_1_SSU_end_onea_long	+	1426	1470	62.9	0.000000000000000046	2_5.8_Fungi_Ge_58S_start_zero_long	+	1541	1585	55.3	0.000000000000013	3_End_Fungi_Ge_58S_end_ninetyeight_long	+	1654	1698	47	0.0000000000051	4_LSU_Fungi_Ge_4_LSU_start_thirtyfive_long	+	1870	1914	54.7	0.000000000000018	1471	1869	1471	1540	1699	1869	all			confident	
PX214727.1	1_SSU_Fungi_Ge_1_SSU_end_onea_long	+	1428	1472	62.9	0.000000000000000046	2_5.8_Fungi_Ge_58S_start_onee_long	+	1583	1627	59.5	0.00000000000000059	3_End_Fungi_Ge_58S_end_eightyeight_long	+	1696	1740	57.6	0.0000000000000024	4_LSU_Fungi_Ge_4_LSU_start_fortyfive_long	+	1939	1982	57	0.000000000000003	1473	1938	1473	1582	1741	1938	all			confident	
PX214911.1	1_SSU_Fungi_Ge_1_SSU_end_onea_long	+	1431	1475	62.9	0.000000000000000046	2_5.8_Fungi_Ge_58S_start_onee_long	+	1571	1615	61.8	0.00000000000000011	3_End_Diversispora_58S_end_long_nine	+	1684	1728	60.2	0.00000000000000039	4_LSU_Fungi_Ge_4_LSU_start_elevenc_long	+	1925	1973	42.1	0.00000000014	1476	1924	1476	1570	1729	1924	all			confident	
PX215151.1	1_SSU_Fungi_Ge_1_SSU_end_onea_long	+	1430	1474	62.9	0.000000000000000046	2_5.8_Fungi_Ge_58S_start_onee_long	+	1585	1629	61.8	0.00000000000000011	3_End_Fungi_Ge_58S_end_onehundred_long	+	1692	1736	61	0.0000000000000002	4_LSU_Fungi_Ge_4_LSU_start_twentythreea_long	+	1948	1994	46.2	0.0000000000081	1475	1947	1475	1584	1737	1947	all			confident	
PX214940.1	1_SSU_Fungi_Ge_1_SSU_end_onea_long	+	1431	1475	62.9	0.000000000000000046	2_5.8_Fungi_Ge_58S_start_onee_long	+	1579	1623	61.8	0.00000000000000011	3_End_Diversispora_58S_end_long_three	+	1692	1736	61.1	0.00000000000000019	4_LSU_Fungi_Ge_4_LSU_start_elevenc_long	+	1942	1986	45.2	0.000000000015	1476	1941	1476	1578	1737	1941	all			confident	
PX214740.1	1_SSU_Fungi_Ge_1_SSU_end_onea_long	+	1428	1472	62.9	0.000000000000000046	2_5.8_Fungi_Ge_58S_start_onee_long	+	1583	1627	59.5	0.00000000000000059	3_End_Fungi_Ge_58S_end_eightyeight_long	+	1696	1740	57.6	0.0000000000000024	4_LSU_Fungi_Ge_4_LSU_start_fortyfive_long	+	1945	1987	55.1	0.000000000000012	1473	1944	1473	1582	1741	1944	all			confident	
PX214953.1	1_SSU_Fungi_Ge_1_SSU_end_onea_long	+	1431	1475	62.9	0.000000000000000046	2_5.8_Fungi_Ge_58S_start_onee_long	+	1577	1621	61.8	0.00000000000000011	3_End_Glomusversiforme_58S_end_long_three	+	1690	1734	60.3	0.00000000000000039	4_LSU_Fungi_Ge_4_LSU_start_elevenc_long	+	1929	1977	37.3	0.0000000044	1476	1928	1476	1576	1735	1928	all			confident	
PX214517.1	1_SSU_Fungi_Ge_1_SSU_end_onea_long	+	1430	1474	62.9	0.000000000000000046	2_5.8_Fungi_Ge_58S_start_onee_long	+	1586	1630	59.5	0.00000000000000061	3_End_Fungi_Ge_58S_end_ninetyone_long	+	1699	1742	52.5	0.00000000000011	4_LSU_Fungi_Ge_4_LSU_start_elevenc_long	+	1965	2009	61	0.00000000000000017	1475	1964	1475	1585	1743	1964	all			confident	
PX207182.1	1_SSU_Fungi_Ge_1_SSU_end_onea_long	+	1429	1473	62.9	0.000000000000000046	2_5.8_Fungi_Ge_58S_start_zero_long	+	1583	1627	55.5	0.000000000000011	3_End_Fungi_Ge_58S_end_ninetyone_long	+	1696	1738	47.6	0.0000000000037	4_LSU_Fungi_Ge_4_LSU_start_elevena_long	+	1939	1983	60.8	0.00000000000000019	1474	1938	1474	1582	1739	1938	all			confident	
PX214868.1	1_SSU_Fungi_Ge_1_SSU_end_onea_long	+	1429	1473	62.9	0.000000000000000046	2_5.8_Fungi_Ge_58S_start_onee_long	+	1581	1625	59.5	0.00000000000000061	3_End_Fungi_Ge_58S_end_eightysix_long	+	1694	1737	53.6	0.000000000000048	4_LSU_Fungi_Ge_4_LSU_start_fortyfive_long	+	1940	1984	61.2	0.00000000000000015	1474	1939	1474	1580	1738	1939	all			confident	
PX214733.1	1_SSU_Fungi_Ge_1_SSU_end_onea_long	+	1428	1472	62.9	0.000000000000000046	2_5.8_Fungi_Ge_58S_start_onee_long	+	1583	1627	59.5	0.00000000000000059	3_End_Fungi_Ge_58S_end_eightyeight_long	+	1696	1742	57.8	0.000000000000002	4_LSU_Fungi_Ge_4_LSU_start_fortyfive_long	+	1948	1991	57	0.000000000000003	1473	1947	1473	1582	1743	1947	all			confident	
PX214860.1	1_SSU_Fungi_Ge_1_SSU_end_onea_long	+	1429	1473	62.9	0.000000000000000046	2_5.8_Fungi_Ge_58S_start_onee_long	+	1582	1626	59.5	0.00000000000000061	3_End_Fungi_Ge_58S_end_eightyfive_long	+	1695	1739	51.6	0.0000000000002	4_LSU_Fungi_Ge_4_LSU_start_fortyfive_long	+	1946	1990	61.2	0.00000000000000015	1474	1945	1474	1581	1740	1945	all			confident	
PX215050.1	1_SSU_Fungi_Ge_1_SSU_end_onea_long	+	1423	1467	62.9	0.000000000000000046	2_5.8_Fungi_Ge_58S_start_onee_long	+	1549	1593	58.9	0.00000000000000089	3_End_Fungi_Ge_58S_end_ninetyeight_long	+	1662	1706	63.1	0.000000000000000047	4_LSU_Fungi_Ge_4_LSU_start_thirtyfive_long	+	1887	1931	54.7	0.000000000000018	1468	1886	1468	1548	1707	1886	all			confident	
PX214983.1	1_SSU_Fungi_Ge_1_SSU_end_onea_long	+	1430	1474	62.9	0.000000000000000046	2_5.8_Fungi_Ge_58S_start_onee_long	+	1576	1620	61.8	0.00000000000000011	3_End_Diversispora_58S_end_long_four	+	1689	1733	60.7	0.00000000000000028	4_LSU_Fungi_Ge_4_LSU_start_elevenc_long	+	1929	1977	42.1	0.00000000014	1475	1928	1475	1575	1734	1928	all			confident	
PX214931.1	1_SSU_Fungi_Ge_1_SSU_end_onea_long	+	1431	1475	62.9	0.000000000000000046	2_5.8_Fungi_Ge_58S_start_onee_long	+	1575	1619	61.8	0.00000000000000011	3_End_Diversispora_58S_end_long_nine	+	1688	1732	57.7	0.0000000000000023	4_LSU_Fungi_Ge_4_LSU_start_elevenc_long	+	1929	1976	41.8	0.00000000016	1476	1928	1476	1574	1733	1928	all			confident	
PX214971.1	1_SSU_Fungi_Ge_1_SSU_end_onea_long	+	1430	1474	62.9	0.000000000000000046	2_5.8_Fungi_Ge_58S_start_onee_long	+	1584	1628	61.8	0.00000000000000011	3_End_Diversispora_58S_end_long_four	+	1697	1741	60.7	0.00000000000000028	4_LSU_Fungi_Ge_4_LSU_start_elevenc_long	+	1941	1985	45.2	0.000000000015	1475	1940	1475	1583	1742	1940	all			confident	
PX207157.1	1_SSU_Fungi_Tu_1_SSU_end_five_long	+	1429	1473	62.9	0.000000000000000047	2_5.8_Fungi_Ge_58S_start_onee_long	+	1582	1626	59.5	0.00000000000000061	3_End_Fungi_Ge_58S_end_eightyfive_long	+	1695	1739	60.4	0.00000000000000036	4_LSU_Fungi_Ge_4_LSU_start_fortyfive_long	+	1943	1987	59.2	0.00000000000000062	1474	1942	1474	1581	1740	1942	all			confident	
PX207137.1	1_SSU_Fungi_Ge_1_SSU_end_onea_long	+	1426	1470	62.9	0.000000000000000046	2_5.8_Fungi_Ge_58S_start_onee_long	+	1546	1590	58.9	0.00000000000000089	3_End_Fungi_Ge_58S_end_ninetyeight_long	+	1659	1703	51	0.00000000000027	4_LSU_Fungi_Ge_4_LSU_start_thirtyfive_long	+	1882	1926	54.7	0.000000000000018	1471	1881	1471	1545	1704	1881	all			confident	
PX214913.1	1_SSU_Fungi_Ge_1_SSU_end_onea_long	+	1431	1475	62.9	0.000000000000000046	2_5.8_Fungi_Ge_58S_start_onee_long	+	1575	1619	61.8	0.00000000000000011	3_End_Diversispora_58S_end_long_nine	+	1688	1732	54.9	0.000000000000018	4_LSU_Fungi_Ge_4_LSU_start_elevenc_long	+	1928	1976	42.1	0.00000000014	1476	1927	1476	1574	1733	1927	all			confident	
PX214949.1	1_SSU_Fungi_Ge_1_SSU_end_onea_long	+	1431	1475	62.9	0.000000000000000046	2_5.8_Fungi_Ge_58S_start_onee_long	+	1577	1621	61.8	0.00000000000000011	3_End_Glomusversiforme_58S_end_long_five	+	1690	1734	59.7	0.00000000000000056	4_LSU_Fungi_Ge_4_LSU_start_elevenc_long	+	1930	1978	37.3	0.0000000044	1476	1929	1476	1576	1735	1929	all			confident	
PX214763.1	1_SSU_Fungi_Ge_1_SSU_end_onea_long	+	1428	1472	62.9	0.000000000000000046	2_5.8_Fungi_Ge_58S_start_onee_long	+	1575	1619	59.5	0.00000000000000061	3_End_Fungi_Ge_58S_end_eightyeight_long	+	1688	1732	57.8	0.0000000000000021	4_LSU_Fungi_Ge_4_LSU_start_elevenc_long	+	1913	1958	51.6	0.00000000000015	1473	1912	1473	1574	1733	1912	all			confident	
PX214720.1	1_SSU_Fungi_Ge_1_SSU_end_onea_long	+	1428	1472	62.9	0.000000000000000046	2_5.8_Fungi_Ge_58S_start_onee_long	+	1582	1626	59.5	0.00000000000000059	3_End_Fungi_Ge_58S_end_eightyeight_long	+	1695	1739	54.1	0.000000000000029	4_LSU_Fungi_Ge_4_LSU_start_fortyfive_long	+	1939	1982	57	0.000000000000003	1473	1938	1473	1581	1740	1938	all			confident	
PX207262.1	1_SSU_Fungi_Ge_1_SSU_end_onea_long	+	1428	1472	62.9	0.000000000000000046	2_5.8_Fungi_Ge_58S_start_onee_long	+	1582	1626	59.5	0.00000000000000061	3_End_Fungi_Ge_58S_end_ninetyone_long	+	1696	1740	59.7	0.00000000000000059	4_LSU_Fungi_Ge_4_LSU_start_elevena_long	+	1969	2013	58.7	0.00000000000000084	1473	1968	1473	1581	1741	1968	all			confident	
PX215102.1	1_SSU_Fungi_Ge_1_SSU_end_onea_long	+	1426	1470	62.9	0.000000000000000046	2_5.8_Fungi_Ge_58S_start_onee_long	+	1545	1589	59.1	0.00000000000000079	3_End_Fungi_Ge_58S_end_ninetyeight_long	+	1658	1702	50.9	0.00000000000031	4_LSU_Fungi_Ge_4_LSU_start_thirtyfive_long	+	1880	1924	50.7	0.00000000000033	1471	1879	1471	1544	1703	1879	all			confident	
PX214504.1	1_SSU_Fungi_Ge_1_SSU_end_onea_long	+	1430	1474	62.9	0.000000000000000046	2_5.8_Fungi_Ge_58S_start_onee_long	+	1583	1629	59.5	0.00000000000000059	3_End_Fungi_Ge_58S_end_ninetyone_long	+	1698	1741	52.5	0.00000000000011	4_LSU_Fungi_Ge_4_LSU_start_elevenc_long	+	1964	2008	61	0.00000000000000017	1475	1963	1475	1582	1742	1963	all			confident	
PX214548.1	1_SSU_Fungi_Ge_1_SSU_end_onea_long	+	1430	1474	62.9	0.000000000000000046	2_5.8_Fungi_Ge_58S_start_onee_long	+	1585	1629	59.5	0.00000000000000061	3_End_Fungi_Ge_58S_end_ninetyone_long	+	1698	1741	52.5	0.00000000000011	4_LSU_Fungi_Ge_4_LSU_start_elevenc_long	+	1964	2008	61	0.00000000000000017	1475	1963	1475	1584	1742	1963	all			confident	
PX214907.1	1_SSU_Fungi_Ge_1_SSU_end_onea_long	+	1427	1471	62.9	0.000000000000000046	2_5.8_Fungi_Ge_58S_start_onee_long	+	1577	1621	59.5	0.00000000000000061	3_End_Fungi_Ge_58S_end_ninety_long	+	1684	1728	52.1	0.000000000000087	4_LSU_Fungi_Ge_4_LSU_start_elevenc_long	+	1921	1964	57.5	0.0000000000000021	1472	1920	1472	1576	1729	1920	all			confident	
PX207122.1	1_SSU_Fungi_Ge_1_SSU_end_onea_long	+	1424	1468	62.9	0.000000000000000046	2_5.8_Fungi_Ge_58S_start_onee_long	+	1549	1593	58.9	0.00000000000000089	3_End_Fungi_Ge_58S_end_ninetyeight_long	+	1662	1705	55.5	0.000000000000011	4_LSU_Fungi_Ge_4_LSU_start_thirtyfive_long	+	1885	1929	54.7	0.000000000000018	1469	1884	1469	1548	1706	1884	all			confident	
PX215075.1	1_SSU_Fungi_Ge_1_SSU_end_onea_long	+	1424	1468	62.9	0.000000000000000046	2_5.8_Fungi_Ge_58S_start_onee_long	+	1544	1588	59.1	0.00000000000000079	3_End_Fungi_Ge_58S_end_ninetyeight_long	+	1657	1701	58.8	0.000000000000001	4_LSU_Fungi_Ge_4_LSU_start_thirtyfive_long	+	1881	1925	55.6	0.0000000000000093	1469	1880	1469	1543	1702	1880	all			confident	
PX214495.1	1_SSU_Fungi_Ge_1_SSU_end_onea_long	+	1430	1474	62.9	0.000000000000000046	2_5.8_Fungi_Ge_58S_start_onee_long	+	1582	1628	59.5	0.00000000000000059	3_End_Fungi_Ge_58S_end_ninetyone_long	+	1697	1740	52.5	0.00000000000011	4_LSU_Fungi_Ge_4_LSU_start_elevenc_long	+	1963	2007	61	0.00000000000000017	1475	1962	1475	1581	1741	1962	all			confident	
PX214647.1	1_SSU_Fungi_Ge_1_SSU_end_onea_long	+	1429	1473	62.9	0.000000000000000046	2_5.8_Fungi_Ge_58S_start_onee_long	+	1560	1604	59.5	0.00000000000000061	3_End_Fungi_Ge_58S_end_eightyeight_long	+	1673	1716	57.2	0.0000000000000032	4_LSU_Fungi_Ge_4_LSU_start_eight_long	+	1917	1959	57.5	0.0000000000000022	1474	1916	1474	1559	1717	1916	all			confident	
PX214628.1	1_SSU_Fungi_Ge_1_SSU_end_onea_long	+	1428	1472	62.9	0.000000000000000046	2_5.8_Fungi_Ge_58S_start_onee_long	+	1607	1651	59.5	0.00000000000000059	3_End_Fungi_Ge_58S_end_eightyeight_long	+	1720	1764	53.2	0.000000000000055	4_LSU_Fungi_Ge_4_LSU_start_eight_long	+	1957	1999	57.5	0.0000000000000022	1473	1956	1473	1606	1765	1956	all			confident	
PX214541.1	1_SSU_Fungi_Ge_1_SSU_end_onea_long	+	1430	1474	62.9	0.000000000000000046	2_5.8_Fungi_Ge_58S_start_onee_long	+	1581	1627	59.5	0.00000000000000059	3_End_Fungi_Ge_58S_end_ninetyone_long	+	1696	1739	52.5	0.00000000000011	4_LSU_Fungi_Ge_4_LSU_start_elevenc_long	+	1964	2008	61	0.00000000000000017	1475	1963	1475	1580	1740	1963	all			confident	
PX215054.1	1_SSU_Fungi_Ge_1_SSU_end_onea_long	+	1423	1467	62.9	0.000000000000000046	2_5.8_Fungi_Ge_58S_start_onee_long	+	1549	1593	58.9	0.00000000000000089	3_End_Fungi_Ge_58S_end_ninetyeight_long	+	1662	1706	63.1	0.000000000000000047	4_LSU_Fungi_Ge_4_LSU_start_thirtyfive_long	+	1884	1928	54.7	0.000000000000018	1468	1883	1468	1548	1707	1883	all			confident	
PX214853.1	1_SSU_Fungi_Tu_1_SSU_end_five_long	+	1427	1471	62.9	0.000000000000000047	2_5.8_Fungi_Ge_58S_start_onee_long	+	1573	1617	59.5	0.00000000000000061	3_End_Fungi_Ge_58S_end_twentyfive_long	+	1679	1723	61.2	0.00000000000000014	4_LSU_Fungi_Ge_4_LSU_start_elevena_long	+	1936	1980	60.8	0.00000000000000019	1472	1935	1472	1572	1724	1935	all			confident	
PX207111.1	1_SSU_Fungi_Ge_1_SSU_end_onea_long	+	1431	1475	62.9	0.000000000000000046	2_5.8_Fungi_Ge_58S_start_onee_long	+	1584	1628	61.8	0.00000000000000011	3_End_Diversispora_58S_end_long_eight	+	1697	1741	60.9	0.00000000000000024	4_LSU_Fungi_Ge_4_LSU_start_elevenc_long	+	1933	1977	42.1	0.00000000014	1476	1932	1476	1583	1742	1932	all			confident	
PX214854.1	1_SSU_Fungi_Ge_1_SSU_end_onea_long	+	1428	1472	62.9	0.000000000000000046	2_5.8_Fungi_Ge_58S_start_onee_long	+	1579	1623	59.5	0.00000000000000061	3_End_Fungi_Ge_58S_end_twentyfive_long	+	1685	1729	61.2	0.00000000000000014	4_LSU_Fungi_Ge_4_LSU_start_elevena_long	+	1942	1986	60.8	0.00000000000000019	1473	1941	1473	1578	1730	1941	all			confident	
PX214621.1	1_SSU_Fungi_Ge_1_SSU_end_onea_long	+	1428	1472	62.9	0.000000000000000046	2_5.8_Fungi_Ge_58S_start_onee_long	+	1576	1620	59.5	0.00000000000000061	3_End_Fungi_Ge_58S_end_eightyeight_long	+	1689	1733	53.2	0.000000000000055	4_LSU_Fungi_Ge_4_LSU_start_eight_long	+	1922	1965	57.5	0.0000000000000022	1473	1921	1473	1575	1734	1921	all			confident	
PX214778.1	1_SSU_Fungi_Ge_1_SSU_end_onea_long	+	1429	1473	62.9	0.000000000000000046	2_5.8_Fungi_Ge_58S_start_onee_long	+	1580	1624	59.5	0.00000000000000061	3_End_Fungi_Ge_58S_end_twentyfive_long	+	1687	1731	59.6	0.00000000000000044	4_LSU_Fungi_Ge_4_LSU_start_elevena_long	+	1944	1988	60.8	0.00000000000000019	1474	1943	1474	1579	1732	1943	all			confident	
PX214929.1	1_SSU_Fungi_Ge_1_SSU_end_onea_long	+	1431	1475	62.9	0.000000000000000046	2_5.8_Fungi_Ge_58S_start_onee_long	+	1574	1618	61.8	0.00000000000000011	3_End_Diversispora_58S_end_long_nine	+	1687	1731	53.6	0.000000000000046	4_LSU_Fungi_Ge_4_LSU_start_elevenc_long	+	1929	1977	42.1	0.00000000014	1476	1928	1476	1573	1732	1928	all			confident	
PX214657.1	1_SSU_Fungi_Ge_1_SSU_end_onea_long	+	1429	1473	62.9	0.000000000000000046	2_5.8_Fungi_Ge_58S_start_onee_long	+	1582	1626	59.5	0.00000000000000061	3_End_Fungi_Ge_58S_end_eightyeight_long	+	1695	1741	57.8	0.000000000000002	4_LSU_Fungi_Ge_4_LSU_start_eight_long	+	1942	1984	57.5	0.0000000000000022	1474	1941	1474	1581	1742	1941	all			confident	
PX214597.1	1_SSU_Fungi_Ge_1_SSU_end_onea_long	+	1428	1472	62.9	0.000000000000000046	2_5.8_Fungi_Ge_58S_start_onee_long	+	1569	1613	59.5	0.00000000000000059	3_End_Fungi_Ge_58S_end_ninetyone_long	+	1682	1726	49.6	0.00000000000091	4_LSU_Fungi_Ge_4_LSU_start_elevena_long	+	1943	1990	58.6	0.00000000000000092	1473	1942	1473	1568	1727	1942	all			confident	
PX214456.1	1_SSU_Fungi_Ge_1_SSU_end_onea_long	+	1430	1474	62.9	0.000000000000000046	2_5.8_Fungi_Ge_58S_start_onee_long	+	1585	1629	59.5	0.00000000000000061	3_End_Fungi_Ge_58S_end_ninetyone_long	+	1697	1740	55.5	0.000000000000012	4_LSU_Fungi_Ge_4_LSU_start_elevenc_long	+	1988	2032	61	0.00000000000000017	1475	1987	1475	1584	1741	1987	all			confident	
PX214681.1	1_SSU_Fungi_Ge_1_SSU_end_onea_long	+	1428	1472	62.9	0.000000000000000046	2_5.8_Fungi_Ge_58S_start_onee_long	+	1563	1607	59.5	0.00000000000000059	3_End_Fungi_Ge_58S_end_eightyeight_long	+	1676	1720	57.6	0.0000000000000024	4_LSU_Fungi_Ge_4_LSU_start_fortyfive_long	+	1921	1963	55.1	0.000000000000012	1473	1920	1473	1562	1721	1920	all			confident	
PX215124.1	1_SSU_Fungi_Ge_1_SSU_end_onea_long	+	1432	1476	62.9	0.000000000000000046	2_5.8_Fungi_Ge_58S_start_threed_long	+	1621	1665	57.9	0.0000000000000016	3_End_Fungi_Ge_58S_end_eightyeight_long	+	1734	1778	54.5	0.000000000000023	4_LSU_Fungi_Ge_4_LSU_start_elevenc_long	+	1987	2031	49	0.00000000000096	1477	1986	1477	1620	1779	1986	all			confident	
PX214617.1	1_SSU_Fungi_Ge_1_SSU_end_onea_long	+	1428	1472	62.9	0.000000000000000046	2_5.8_Fungi_Ge_58S_start_onee_long	+	1577	1621	59.5	0.00000000000000061	3_End_Fungi_Ge_58S_end_eightyeight_long	+	1690	1734	53.2	0.000000000000055	4_LSU_Fungi_Ge_4_LSU_start_eight_long	+	1926	1969	57.5	0.0000000000000022	1473	1925	1473	1576	1735	1925	all			confident	
PX207219.1	1_SSU_Fungi_Ge_1_SSU_end_onea_long	+	1430	1474	62.9	0.000000000000000046	2_5.8_Fungi_Ge_58S_start_onee_long	+	1581	1627	59.5	0.00000000000000059	3_End_Fungi_Ge_58S_end_ninetyone_long	+	1696	1739	52.5	0.00000000000011	4_LSU_Fungi_Ge_4_LSU_start_elevenc_long	+	1963	2007	61	0.00000000000000017	1475	1962	1475	1580	1740	1962	all			confident	
PX214843.1	1_SSU_Fungi_Ge_1_SSU_end_onea_long	+	1429	1473	62.9	0.000000000000000046	2_5.8_Fungi_Ge_58S_start_onee_long	+	1581	1625	59.5	0.00000000000000061	3_End_Fungi_Ge_58S_end_twentyfive_long	+	1688	1732	61.2	0.00000000000000014	4_LSU_Fungi_Ge_4_LSU_start_elevena_long	+	1948	1992	60.8	0.00000000000000019	1474	1947	1474	1580	1733	1947	all			confident	
PX215009.1	1_SSU_Fungi_Ge_1_SSU_end_onea_long	+	1431	1475	62.9	0.000000000000000046	2_5.8_Fungi_Ge_58S_start_onee_long	+	1584	1628	61.8	0.00000000000000011	3_End_Diversispora_58S_end_long_three	+	1697	1741	61.4	0.00000000000000016	4_LSU_Fungi_Ge_4_LSU_start_elevenc_long	+	1935	1979	42.1	0.00000000014	1476	1934	1476	1583	1742	1934	all			confident	
PX207271.1	1_SSU_Fungi_Ge_1_SSU_end_onea_long	+	1429	1473	62.9	0.000000000000000046	2_5.8_Fungi_Ge_58S_start_onee_long	+	1597	1641	59.5	0.00000000000000061	3_End_Fungi_Ge_58S_end_ninetyone_long	+	1711	1754	57.2	0.0000000000000038	4_LSU_Fungi_Ge_4_LSU_start_elevena_long	+	1983	2027	58.7	0.00000000000000084	1474	1982	1474	1596	1755	1982	all			confident	
PX207105.1	1_SSU_Fungi_Ge_1_SSU_end_onea_long	+	1431	1475	62.9	0.000000000000000046	2_5.8_Fungi_Ge_58S_start_threed_long	+	1612	1656	57.9	0.0000000000000016	3_End_Fungi_Ge_58S_end_eightyeight_long	+	1725	1769	57.9	0.0000000000000019	4_LSU_Fungi_Ge_4_LSU_start_fortyfive_long	+	1975	2018	53.4	0.000000000000041	1476	1974	1476	1611	1770	1974	all			confident	
PX214888.1	1_SSU_Fungi_Ge_1_SSU_end_onea_long	+	1427	1471	62.9	0.000000000000000046	2_5.8_Fungi_Ge_58S_start_onee_long	+	1579	1623	59.5	0.00000000000000061	3_End_Fungi_Ge_58S_end_twentyfive_long	+	1686	1729	56.5	0.0000000000000042	4_LSU_Fungi_Ge_4_LSU_start_elevenc_long	+	1930	1973	57.5	0.0000000000000021	1472	1929	1472	1578	1730	1929	all			confident	
PX214849.1	1_SSU_Fungi_Tu_1_SSU_end_five_long	+	1428	1472	62.9	0.000000000000000047	2_5.8_Fungi_Ge_58S_start_onee_long	+	1574	1618	59.5	0.00000000000000061	3_End_Fungi_Ge_58S_end_twentyfive_long	+	1680	1724	61.2	0.00000000000000014	4_LSU_Fungi_Ge_4_LSU_start_elevena_long	+	1937	1981	60.8	0.00000000000000019	1473	1936	1473	1573	1725	1936	all			confident	
PX214744.1	1_SSU_Fungi_Ge_1_SSU_end_onea_long	+	1428	1472	62.9	0.000000000000000046	2_5.8_Fungi_Ge_58S_start_onee_long	+	1618	1662	59.5	0.00000000000000061	3_End_Fungi_Ge_58S_end_eightyeight_long	+	1731	1775	57.6	0.0000000000000024	4_LSU_Fungi_Ge_4_LSU_start_fortyfive_long	+	1982	2024	55.1	0.000000000000012	1473	1981	1473	1617	1776	1981	all			confident	
PX214814.1	1_SSU_Fungi_Ge_1_SSU_end_onea_long	+	1429	1473	62.9	0.000000000000000046	2_5.8_Fungi_Ge_58S_start_onee_long	+	1582	1626	59.5	0.00000000000000061	3_End_Fungi_Ge_58S_end_eightysix_long	+	1695	1738	46.5	0.0000000000076	4_LSU_Fungi_Ge_4_LSU_start_elevena_long	+	1952	1996	60.8	0.00000000000000019	1474	1951	1474	1581	1739	1951	all			confident	
PX214933.1	1_SSU_Fungi_Ge_1_SSU_end_onea_long	+	1430	1474	62.9	0.000000000000000046	2_5.8_Fungi_Ge_58S_start_onee_long	+	1576	1620	61.8	0.00000000000000011	3_End_Diversispora_58S_end_long_nine	+	1689	1733	57.7	0.0000000000000023	4_LSU_Fungi_Ge_4_LSU_start_elevenc_long	+	1919	1967	42.1	0.00000000014	1475	1918	1475	1575	1734	1918	all			confident	
PX214951.1	1_SSU_Fungi_Ge_1_SSU_end_onea_long	+	1431	1475	62.9	0.000000000000000046	2_5.8_Fungi_Ge_58S_start_onee_long	+	1576	1620	61.8	0.00000000000000011	3_End_Glomusversiforme_58S_end_long_five	+	1689	1733	59.7	0.00000000000000056	4_LSU_Fungi_Ge_4_LSU_start_elevenc_long	+	1929	1977	37.3	0.0000000044	1476	1928	1476	1575	1734	1928	all			confident	
PX207220.1	1_SSU_Fungi_Ge_1_SSU_end_onea_long	+	1430	1474	62.9	0.000000000000000046	2_5.8_Fungi_Ge_58S_start_onee_long	+	1581	1627	59.5	0.00000000000000059	3_End_Fungi_Ge_58S_end_ninetyone_long	+	1696	1739	52.5	0.00000000000011	4_LSU_Fungi_Ge_4_LSU_start_elevenc_long	+	1963	2007	61	0.00000000000000017	1475	1962	1475	1580	1740	1962	all			confident	
PX215092.1	1_SSU_Fungi_Ge_1_SSU_end_onea_long	+	1426	1470	62.9	0.000000000000000046	2_5.8_Fungi_Ge_58S_start_onee_long	+	1545	1589	59.1	0.00000000000000079	3_End_Fungi_Ge_58S_end_ninetyeight_long	+	1658	1702	50.5	0.00000000000041	4_LSU_Fungi_Ge_4_LSU_start_thirtyfive_long	+	1875	1919	51.6	0.00000000000018	1471	1874	1471	1544	1703	1874	all			confident	
PX207170.1	1_SSU_Fungi_Ge_1_SSU_end_onea_long	+	1429	1473	62.9	0.000000000000000046	2_5.8_Fungi_Ge_58S_start_onee_long	+	1583	1627	59.5	0.00000000000000061	3_End_Fungi_Ge_58S_end_ninetyone_long	+	1696	1738	47.6	0.0000000000037	4_LSU_Fungi_Ge_4_LSU_start_elevena_long	+	1941	1985	60.8	0.00000000000000019	1474	1940	1474	1582	1739	1940	all			confident	
PX214483.1	1_SSU_Fungi_Ge_1_SSU_end_onea_long	+	1430	1474	62.9	0.000000000000000046	2_5.8_Fungi_Ge_58S_start_onee_long	+	1587	1631	59.5	0.00000000000000061	3_End_Fungi_Ge_58S_end_ninetyone_long	+	1700	1743	52.5	0.00000000000011	4_LSU_Fungi_Ge_4_LSU_start_elevenc_long	+	1960	2004	61	0.00000000000000017	1475	1959	1475	1586	1744	1959	all			confident	
PX214925.1	1_SSU_Fungi_Ge_1_SSU_end_onea_long	+	1431	1475	62.9	0.000000000000000046	2_5.8_Fungi_Ge_58S_start_onee_long	+	1576	1620	61.8	0.00000000000000011	3_End_Diversispora_58S_end_long_nine	+	1689	1733	57.7	0.0000000000000023	4_LSU_Fungi_Ge_4_LSU_start_elevenc_long	+	1927	1974	41.8	0.00000000016	1476	1926	1476	1575	1734	1926	all			confident	
PX207268.1	1_SSU_Fungi_Ge_1_SSU_end_onea_long	+	1429	1473	62.9	0.000000000000000046	2_5.8_Fungi_Ge_58S_start_onee_long	+	1597	1641	59.5	0.00000000000000061	3_End_Fungi_Ge_58S_end_ninetyone_long	+	1711	1754	57.2	0.0000000000000038	4_LSU_Fungi_Ge_4_LSU_start_elevena_long	+	1983	2027	58.7	0.00000000000000084	1474	1982	1474	1596	1755	1982	all			confident	
PX215090.1	1_SSU_Fungi_Ge_1_SSU_end_onea_long	+	1426	1470	62.9	0.000000000000000046	2_5.8_Fungi_Ge_58S_start_onee_long	+	1545	1589	59.1	0.00000000000000079	3_End_Fungi_Ge_58S_end_ninetyeight_long	+	1658	1702	50.5	0.00000000000041	4_LSU_Fungi_Ge_4_LSU_start_thirtyfive_long	+	1875	1919	51.6	0.00000000000018	1471	1874	1471	1544	1703	1874	all			confident	
PX207107.1	1_SSU_Fungi_Ge_1_SSU_end_onea_long	+	1431	1475	62.9	0.000000000000000046	2_5.8_Fungi_Ge_58S_start_onee_long	+	1580	1624	61.8	0.00000000000000011	3_End_Diversispora_58S_end_long_eight	+	1693	1737	60.9	0.00000000000000024	4_LSU_Fungi_Ge_4_LSU_start_elevenc_long	+	1929	1973	42.1	0.00000000014	1476	1928	1476	1579	1738	1928	all			confident	
PX214507.1	1_SSU_Fungi_Ge_1_SSU_end_onea_long	+	1430	1474	62.9	0.000000000000000046	2_5.8_Fungi_Ge_58S_start_onee_long	+	1585	1629	59.5	0.00000000000000061	3_End_Fungi_Ge_58S_end_ninetyone_long	+	1698	1741	52.5	0.00000000000011	4_LSU_Fungi_Ge_4_LSU_start_elevenc_long	+	1965	2009	61	0.00000000000000017	1475	1964	1475	1584	1742	1964	all			confident	
PX214899.1	1_SSU_Fungi_Ge_1_SSU_end_onea_long	+	1427	1471	62.9	0.000000000000000046	2_5.8_Fungi_Ge_58S_start_onee_long	+	1577	1621	59.5	0.00000000000000061	3_End_Fungi_Ge_58S_end_ninety_long	+	1684	1728	52.1	0.000000000000087	4_LSU_Fungi_Ge_4_LSU_start_elevenc_long	+	1922	1965	57.5	0.0000000000000021	1472	1921	1472	1576	1729	1921	all			confident	
PX214739.1	1_SSU_Fungi_Ge_1_SSU_end_onea_long	+	1428	1472	62.9	0.000000000000000046	2_5.8_Fungi_Ge_58S_start_onee_long	+	1583	1627	59.5	0.00000000000000059	3_End_Fungi_Ge_58S_end_eightyeight_long	+	1696	1740	57.6	0.0000000000000024	4_LSU_Fungi_Ge_4_LSU_start_fortyfive_long	+	1945	1987	55.1	0.000000000000012	1473	1944	1473	1582	1741	1944	all			confident	
PX207234.1	1_SSU_Fungi_Ge_1_SSU_end_onea_long	+	1430	1474	62.9	0.000000000000000046	2_5.8_Fungi_Ge_58S_start_onee_long	+	1583	1629	59.5	0.00000000000000059	3_End_Fungi_Ge_58S_end_ninetyone_long	+	1698	1741	52.5	0.00000000000011	4_LSU_Fungi_Ge_4_LSU_start_elevenc_long	+	1964	2008	61	0.00000000000000017	1475	1963	1475	1582	1742	1963	all			confident	
PX215078.1	1_SSU_Fungi_Ge_1_SSU_end_onea_long	+	1424	1468	62.9	0.000000000000000046	2_5.8_Fungi_Ge_58S_start_onee_long	+	1539	1583	59.1	0.00000000000000079	3_End_Fungi_Ge_58S_end_ninetyeight_long	+	1652	1696	50.5	0.00000000000041	4_LSU_Fungi_Ge_4_LSU_start_thirtyfive_long	+	1874	1918	55.6	0.0000000000000093	1469	1873	1469	1538	1697	1873	all			confident	
PX214897.1	1_SSU_Fungi_Ge_1_SSU_end_onea_long	+	1427	1471	62.9	0.000000000000000046	2_5.8_Fungi_Ge_58S_start_onee_long	+	1577	1621	59.5	0.00000000000000061	3_End_Fungi_Ge_58S_end_twentyfive_long	+	1684	1727	56.5	0.0000000000000042	4_LSU_Fungi_Ge_4_LSU_start_elevenc_long	+	1925	1968	57.5	0.0000000000000021	1472	1924	1472	1576	1728	1924	all			confident	
PX214671.1	1_SSU_Fungi_Ge_1_SSU_end_onea_long	+	1428	1472	62.9	0.000000000000000046	2_5.8_Fungi_Ge_58S_start_onee_long	+	1562	1606	59.5	0.00000000000000059	3_End_Fungi_Ge_58S_end_eightyeight_long	+	1674	1720	57.8	0.000000000000002	4_LSU_Fungi_Ge_4_LSU_start_fortyfive_long	+	1914	1957	55.1	0.000000000000013	1473	1913	1473	1561	1721	1913	all			confident	
PX214638.1	1_SSU_Fungi_Ge_1_SSU_end_onea_long	+	1429	1473	62.9	0.000000000000000046	2_5.8_Fungi_Ge_58S_start_onee_long	+	1575	1619	59.5	0.00000000000000061	3_End_Fungi_Ge_58S_end_eightyeight_long	+	1688	1731	57.2	0.0000000000000032	4_LSU_Fungi_Ge_4_LSU_start_eight_long	+	1938	1980	57.5	0.0000000000000022	1474	1937	1474	1574	1732	1937	all			confident	
PX214714.1	1_SSU_Fungi_Ge_1_SSU_end_onea_long	+	1428	1472	62.9	0.000000000000000046	2_5.8_Fungi_Ge_58S_start_onee_long	+	1563	1607	59.5	0.00000000000000059	3_End_Fungi_Ge_58S_end_eightyeight_long	+	1676	1720	57.6	0.0000000000000024	4_LSU_Fungi_Ge_4_LSU_start_fortyfive_long	+	1919	1962	57	0.000000000000003	1473	1918	1473	1562	1721	1918	all			confident	
PX214764.1	1_SSU_Fungi_Ge_1_SSU_end_onea_long	+	1428	1472	62.9	0.000000000000000046	2_5.8_Fungi_Ge_58S_start_onee_long	+	1575	1619	59.5	0.00000000000000061	3_End_Fungi_Ge_58S_end_eightyeight_long	+	1688	1732	57.8	0.0000000000000021	4_LSU_Fungi_Ge_4_LSU_start_elevenc_long	+	1913	1958	51.6	0.00000000000015	1473	1912	1473	1574	1733	1912	all			confident	
PX214864.1	1_SSU_Fungi_Ge_1_SSU_end_onea_long	+	1429	1473	62.9	0.000000000000000046	2_5.8_Fungi_Ge_58S_start_onee_long	+	1583	1627	59.5	0.00000000000000061	3_End_Fungi_Ge_58S_end_twentyfive_long	+	1690	1734	61.2	0.00000000000000014	4_LSU_Fungi_Ge_4_LSU_start_fortyfive_long	+	1942	1986	61.2	0.00000000000000015	1474	1941	1474	1582	1735	1941	all			confident	
PX214975.1	1_SSU_Fungi_Ge_1_SSU_end_onea_long	+	1430	1474	62.9	0.000000000000000046	2_5.8_Fungi_Ge_58S_start_onee_long	+	1581	1625	61.8	0.00000000000000011	3_End_Diversispora_58S_end_long_four	+	1694	1738	60.7	0.00000000000000028	4_LSU_Fungi_Ge_4_LSU_start_elevenc_long	+	1938	1982	45.2	0.000000000015	1475	1937	1475	1580	1739	1937	all			confident	
PX207180.1	1_SSU_Fungi_Ge_1_SSU_end_onea_long	+	1429	1473	62.9	0.000000000000000046	2_5.8_Fungi_Ge_58S_start_onee_long	+	1583	1627	59.5	0.00000000000000061	3_End_Fungi_Ge_58S_end_ninetyone_long	+	1696	1738	47.6	0.0000000000037	4_LSU_Fungi_Ge_4_LSU_start_elevena_long	+	1939	1983	60.8	0.00000000000000019	1474	1938	1474	1582	1739	1938	all			confident	
PX215136.1	1_SSU_Fungi_Ge_1_SSU_end_onea_long	+	1432	1476	62.9	0.000000000000000046	2_5.8_Fungi_Ge_58S_start_threed_long	+	1624	1668	57.9	0.0000000000000016	3_End_Fungi_Ge_58S_end_eightyeight_long	+	1737	1782	44.2	0.000000000036	4_LSU_Fungi_Ge_4_LSU_start_fortyfive_long	+	1984	2027	53.4	0.000000000000041	1477	1983	1477	1623	1783	1983	all			confident	
PX214984.1	1_SSU_Fungi_Ge_1_SSU_end_onea_long	+	1430	1474	62.9	0.000000000000000046	2_5.8_Fungi_Ge_58S_start_onee_long	+	1575	1619	61.8	0.00000000000000011	3_End_Diversispora_58S_end_long_four	+	1688	1732	60.7	0.00000000000000028	4_LSU_Fungi_Ge_4_LSU_start_elevenc_long	+	1930	1978	42.1	0.00000000014	1475	1929	1475	1574	1733	1929	all			confident	
PX207172.1	1_SSU_Fungi_Ge_1_SSU_end_onea_long	+	1429	1473	62.9	0.000000000000000046	2_5.8_Fungi_Ge_58S_start_onee_long	+	1583	1627	59.5	0.00000000000000061	3_End_Fungi_Ge_58S_end_eightysix_long	+	1696	1739	46.5	0.0000000000076	4_LSU_Fungi_Ge_4_LSU_start_elevena_long	+	1950	1994	60.8	0.00000000000000019	1474	1949	1474	1582	1740	1949	all			confident	
PX214497.1	1_SSU_Fungi_Ge_1_SSU_end_onea_long	+	1430	1474	62.9	0.000000000000000046	2_5.8_Fungi_Ge_58S_start_onee_long	+	1582	1628	59.5	0.00000000000000059	3_End_Fungi_Ge_58S_end_ninetyone_long	+	1697	1740	52.5	0.00000000000011	4_LSU_Fungi_Ge_4_LSU_start_elevenc_long	+	1962	2006	61	0.00000000000000017	1475	1961	1475	1581	1741	1961	all			confident	
PX214857.1	1_SSU_Fungi_Ge_1_SSU_end_onea_long	+	1429	1473	62.9	0.000000000000000046	2_5.8_Fungi_Ge_58S_start_onee_long	+	1579	1623	59.5	0.00000000000000061	3_End_Fungi_Ge_58S_end_eightyfive_long	+	1692	1736	51.6	0.0000000000002	4_LSU_Fungi_Ge_4_LSU_start_fortyfive_long	+	1942	1986	61.2	0.00000000000000015	1474	1941	1474	1578	1737	1941	all			confident	
PX214475.1	1_SSU_Fungi_Ge_1_SSU_end_onea_long	+	1430	1474	62.9	0.000000000000000046	2_5.8_Fungi_Ge_58S_start_onee_long	+	1595	1639	59.5	0.00000000000000061	3_End_Fungi_Ge_58S_end_ninetyone_long	+	1708	1751	55.5	0.000000000000012	4_LSU_Fungi_Ge_4_LSU_start_elevenc_long	+	1982	2026	61	0.00000000000000017	1475	1981	1475	1594	1752	1981	all			confident	
PX214873.1	1_SSU_Fungi_Ge_1_SSU_end_onea_long	+	1429	1473	62.9	0.000000000000000046	2_5.8_Fungi_Ge_58S_start_onee_long	+	1587	1631	59.5	0.00000000000000061	3_End_Fungi_Ge_58S_end_eightysix_long	+	1700	1743	46.5	0.0000000000076	4_LSU_Fungi_Ge_4_LSU_start_elevena_long	+	1954	1998	60.8	0.00000000000000019	1474	1953	1474	1586	1744	1953	all			confident	
PX214575.1	1_SSU_Fungi_Ge_1_SSU_end_onea_long	+	1429	1473	62.9	0.000000000000000046	2_5.8_Fungi_Ge_58S_start_onee_long	+	1597	1641	59.5	0.00000000000000061	3_End_Fungi_Ge_58S_end_ninetyone_long	+	1711	1754	57.2	0.0000000000000038	4_LSU_Fungi_Ge_4_LSU_start_elevena_long	+	1982	2026	58.7	0.00000000000000084	1474	1981	1474	1596	1755	1981	all			confident	
PX214524.1	1_SSU_Fungi_Ge_1_SSU_end_onea_long	+	1430	1474	62.9	0.000000000000000046	2_5.8_Fungi_Ge_58S_start_onee_long	+	1584	1628	59.5	0.00000000000000061	3_End_Fungi_Ge_58S_end_ninetyone_long	+	1697	1740	52.5	0.00000000000011	4_LSU_Fungi_Ge_4_LSU_start_elevenc_long	+	1965	2009	61	0.00000000000000017	1475	1964	1475	1583	1741	1964	all			confident	
PX215150.1	1_SSU_Fungi_Ge_1_SSU_end_onea_long	+	1430	1474	62.9	0.000000000000000046	2_5.8_Fungi_Ge_58S_start_onee_long	+	1585	1629	61.8	0.00000000000000011	3_End_Fungi_Ge_58S_end_onehundred_long	+	1692	1736	61	0.0000000000000002	4_LSU_Fungi_Ge_4_LSU_start_twentythreea_long	+	1948	1994	46.2	0.0000000000081	1475	1947	1475	1584	1737	1947	all			confident	
PX215087.1	1_SSU_Fungi_Ge_1_SSU_end_onea_long	+	1426	1470	62.9	0.000000000000000046	2_5.8_Fungi_Ge_58S_start_onee_long	+	1543	1587	59.1	0.00000000000000079	3_End_Fungi_Ge_58S_end_ninetyeight_long	+	1656	1700	58.8	0.000000000000001	4_LSU_Fungi_Ge_4_LSU_start_thirtyfive_long	+	1871	1915	54.7	0.000000000000018	1471	1870	1471	1542	1701	1870	all			confident	
PX214855.1	1_SSU_Fungi_Ge_1_SSU_end_onea_long	+	1428	1472	62.9	0.000000000000000046	2_5.8_Fungi_Ge_58S_start_onee_long	+	1585	1629	59.5	0.00000000000000061	3_End_Fungi_Ge_58S_end_twentyfive_long	+	1691	1735	61.2	0.00000000000000014	4_LSU_Fungi_Ge_4_LSU_start_elevena_long	+	1949	1993	57.7	0.0000000000000017	1473	1948	1473	1584	1736	1948	all			confident	
PX215086.1	1_SSU_Fungi_Ge_1_SSU_end_onea_long	+	1426	1470	62.9	0.000000000000000046	2_5.8_Fungi_Ge_58S_start_onee_long	+	1543	1587	59.1	0.00000000000000079	3_End_Fungi_Ge_58S_end_ninetyeight_long	+	1656	1700	58.8	0.000000000000001	4_LSU_Fungi_Ge_4_LSU_start_thirtyfive_long	+	1871	1915	54.7	0.000000000000018	1471	1870	1471	1542	1701	1870	all			confident	
PX214959.1	1_SSU_Fungi_Ge_1_SSU_end_onea_long	+	1430	1474	62.9	0.000000000000000046	2_5.8_Fungi_Ge_58S_start_onee_long	+	1577	1621	61.8	0.00000000000000011	3_End_Diversispora_58S_end_long_four	+	1690	1734	60.7	0.00000000000000028	4_LSU_Fungi_Ge_4_LSU_start_elevenc_long	+	1933	1981	42.1	0.00000000014	1475	1932	1475	1576	1735	1932	all			confident	
PX215001.1	1_SSU_Fungi_Ge_1_SSU_end_onea_long	+	1430	1474	62.9	0.000000000000000046	2_5.8_Fungi_Ge_58S_start_onee_long	+	1577	1621	61.8	0.00000000000000011	3_End_Diversispora_58S_end_long_four	+	1690	1734	60.7	0.00000000000000028	4_LSU_Fungi_Ge_4_LSU_start_elevenc_long	+	1928	1976	42.1	0.00000000014	1475	1927	1475	1576	1735	1927	all			confident	
PX214463.1	1_SSU_Fungi_Ge_1_SSU_end_onea_long	+	1430	1474	62.9	0.000000000000000046	2_5.8_Fungi_Ge_58S_start_onee_long	+	1579	1623	59.5	0.00000000000000061	3_End_Fungi_Ge_58S_end_ninetyone_long	+	1692	1735	55.5	0.000000000000012	4_LSU_Fungi_Ge_4_LSU_start_elevenc_long	+	1964	2008	59.6	0.00000000000000047	1475	1963	1475	1578	1736	1963	all			confident	
PX214614.1	1_SSU_Fungi_Ge_1_SSU_end_onea_long	+	1428	1472	62.9	0.000000000000000046	2_5.8_Fungi_Ge_58S_start_onee_long	+	1585	1629	59.5	0.00000000000000061	3_End_Fungi_Ge_58S_end_ninetyone_long	+	1698	1742	59.7	0.00000000000000059	4_LSU_Fungi_Ge_4_LSU_start_elevena_long	+	1987	2032	58.7	0.00000000000000087	1473	1986	1473	1584	1743	1986	all			confident	
PX215039.1	1_SSU_Fungi_Ge_1_SSU_end_onea_long	+	1423	1467	62.9	0.000000000000000046	2_5.8_Fungi_Ge_58S_start_onee_long	+	1550	1594	58.9	0.00000000000000089	3_End_Fungi_Ge_58S_end_ninetyeight_long	+	1663	1707	63.1	0.000000000000000047	4_LSU_Fungi_Ge_4_LSU_start_thirtyfive_long	+	1887	1931	54.7	0.000000000000018	1468	1886	1468	1549	1708	1886	all			confident	
PX215135.1	1_SSU_Fungi_Ge_1_SSU_end_onea_long	+	1432	1476	62.9	0.000000000000000046	2_5.8_Fungi_Ge_58S_start_threed_long	+	1623	1667	53.7	0.000000000000034	3_End_Fungi_Ge_58S_end_eightyeight_long	+	1736	1780	54.5	0.000000000000023	4_LSU_Fungi_Ge_4_LSU_start_fortyfive_long	+	1982	2025	53.4	0.000000000000041	1477	1981	1477	1622	1781	1981	all			confident	
PX214759.1	1_SSU_Fungi_Ge_1_SSU_end_onea_long	+	1429	1473	62.9	0.000000000000000046	2_5.8_Fungi_Ge_58S_start_onee_long	+	1580	1624	59.5	0.00000000000000061	3_End_Fungi_Ge_58S_end_eightyeight_long	+	1693	1737	58.2	0.0000000000000016	4_LSU_Fungi_Ge_4_LSU_start_elevenc_long	+	1926	1968	52.6	0.00000000000007	1474	1925	1474	1579	1738	1925	all			confident	
PX214648.1	1_SSU_Fungi_Ge_1_SSU_end_onea_long	+	1429	1473	62.9	0.000000000000000046	2_5.8_Fungi_Ge_58S_start_onee_long	+	1563	1607	59.5	0.00000000000000061	3_End_Fungi_Ge_58S_end_eightyeight_long	+	1676	1722	57.8	0.000000000000002	4_LSU_Fungi_Ge_4_LSU_start_eight_long	+	1924	1966	57.5	0.0000000000000022	1474	1923	1474	1562	1723	1923	all			confident	
PX215019.1	1_SSU_Fungi_Ge_1_SSU_end_onea_long	+	1430	1474	62.9	0.000000000000000046	2_5.8_Fungi_Ge_58S_start_onee_long	+	1550	1594	60.4	0.00000000000000031	3_End_Fungi_Ge_58S_end_ninetysix_long	+	1663	1705	55.5	0.00000000000001	4_LSU_Fungi_Ge_4_LSU_start_zerod_long	+	1919	1968	41.2	0.00000000029	1475	1918	1475	1549	1706	1918	all			confident	
PX214760.1	1_SSU_Fungi_Ge_1_SSU_end_onea_long	+	1429	1473	62.9	0.000000000000000046	2_5.8_Fungi_Ge_58S_start_onee_long	+	1578	1622	59.5	0.00000000000000061	3_End_Fungi_Ge_58S_end_eightyeight_long	+	1691	1735	58.2	0.0000000000000016	4_LSU_Fungi_Ge_4_LSU_start_elevenc_long	+	1918	1964	52.6	0.00000000000007	1474	1917	1474	1577	1736	1917	all			confident	
PX214986.1	1_SSU_Fungi_Ge_1_SSU_end_onea_long	+	1430	1474	62.9	0.000000000000000046	2_5.8_Fungi_Ge_58S_start_onee_long	+	1577	1621	61.8	0.00000000000000011	3_End_Diversispora_58S_end_long_four	+	1690	1734	60.9	0.00000000000000024	4_LSU_Fungi_Ge_4_LSU_start_elevenc_long	+	1931	1979	42.1	0.00000000014	1475	1930	1475	1576	1735	1930	all			confident	
PX214819.1	1_SSU_Fungi_Ge_1_SSU_end_onea_long	+	1429	1473	62.9	0.000000000000000046	2_5.8_Fungi_Ge_58S_start_onee_long	+	1581	1625	59.5	0.00000000000000061	3_End_Fungi_Ge_58S_end_eightysix_long	+	1694	1737	46.5	0.0000000000076	4_LSU_Fungi_Ge_4_LSU_start_elevena_long	+	1940	1984	60.8	0.00000000000000019	1474	1939	1474	1580	1738	1939	all			confident	
PX207139.1	1_SSU_Fungi_Ge_1_SSU_end_onea_long	+	1426	1470	62.9	0.000000000000000046	2_5.8_Fungi_Ge_58S_start_onee_long	+	1545	1589	59.1	0.00000000000000079	3_End_Fungi_Ge_58S_end_ninetyeight_long	+	1658	1702	51	0.00000000000027	4_LSU_Fungi_Ge_4_LSU_start_thirtyfive_long	+	1877	1921	54.7	0.000000000000018	1471	1876	1471	1544	1703	1876	all			confident	
PX207232.1	1_SSU_Fungi_Ge_1_SSU_end_onea_long	+	1430	1474	62.9	0.000000000000000046	2_5.8_Fungi_Ge_58S_start_onee_long	+	1581	1627	59.5	0.00000000000000059	3_End_Fungi_Ge_58S_end_ninetyone_long	+	1696	1739	52.5	0.00000000000011	4_LSU_Fungi_Ge_4_LSU_start_elevenc_long	+	1963	2007	61	0.00000000000000017	1475	1962	1475	1580	1740	1962	all			confident	
PX214620.1	1_SSU_Fungi_Ge_1_SSU_end_onea_long	+	1428	1472	62.9	0.000000000000000046	2_5.8_Fungi_Ge_58S_start_onee_long	+	1576	1620	59.5	0.00000000000000061	3_End_Fungi_Ge_58S_end_eightyeight_long	+	1689	1733	53.2	0.000000000000055	4_LSU_Fungi_Ge_4_LSU_start_eight_long	+	1925	1968	52.7	0.000000000000071	1473	1924	1473	1575	1734	1924	all			confident	
PX214522.1	1_SSU_Fungi_Ge_1_SSU_end_onea_long	+	1430	1474	62.9	0.000000000000000046	2_5.8_Fungi_Ge_58S_start_onee_long	+	1584	1628	59.5	0.00000000000000061	3_End_Fungi_Ge_58S_end_ninetyone_long	+	1697	1740	52.5	0.00000000000011	4_LSU_Fungi_Ge_4_LSU_start_elevenc_long	+	1965	2009	61	0.00000000000000017	1475	1964	1475	1583	1741	1964	all			confident	
PX207099.1	1_SSU_Fungi_Ge_1_SSU_end_onea_long	+	1428	1472	62.9	0.000000000000000046	2_5.8_Fungi_Ge_58S_start_onee_long	+	1594	1638	61.8	0.00000000000000011	3_End_Fungi_Ge_58S_end_onehundred_long	+	1701	1745	63.2	0.00000000000000004	4_LSU_Fungi_Ge_4_LSU_start_twentythreea_long	+	1986	2028	45.9	0.0000000000098	1473	1985	1473	1593	1746	1985	all			confident	
PX215099.1	1_SSU_Fungi_Ge_1_SSU_end_onea_long	+	1425	1469	62.9	0.000000000000000046	2_5.8_Fungi_Ge_58S_start_onee_long	+	1544	1588	58.9	0.00000000000000089	3_End_Fungi_Ge_58S_end_ninetyeight_long	+	1657	1701	50.5	0.00000000000041	4_LSU_Fungi_Ge_4_LSU_start_thirtyfive_long	+	1878	1922	54.7	0.000000000000018	1470	1877	1470	1543	1702	1877	all			confident	
PX214652.1	1_SSU_Fungi_Ge_1_SSU_end_onea_long	+	1429	1473	62.9	0.000000000000000046	2_5.8_Fungi_Ge_58S_start_onee_long	+	1580	1624	59.5	0.00000000000000061	3_End_Fungi_Ge_58S_end_eightyeight_long	+	1693	1739	57.8	0.000000000000002	4_LSU_Fungi_Ge_4_LSU_start_eight_long	+	1941	1983	57.5	0.0000000000000022	1474	1940	1474	1579	1740	1940	all			confident	
PX207096.1	1_SSU_Fungi_Ge_1_SSU_end_onea_long	+	1428	1472	62.9	0.000000000000000046	2_5.8_Fungi_Ge_58S_start_onee_long	+	1596	1640	61.8	0.00000000000000011	3_End_Fungi_Ge_58S_end_onehundred_long	+	1703	1747	63.2	0.00000000000000004	4_LSU_Fungi_Ge_4_LSU_start_twentythreea_long	+	1990	2032	45.9	0.0000000000098	1473	1989	1473	1595	1748	1989	all			confident	
PX215113.1	1_SSU_Fungi_Ge_1_SSU_end_onea_long	+	1426	1470	62.9	0.000000000000000046	2_5.8_Fungi_Ge_58S_start_onee_long	+	1539	1583	59.1	0.00000000000000079	3_End_Fungi_Ge_58S_end_ninetyeight_long	+	1652	1696	55	0.000000000000015	4_LSU_Fungi_Ge_4_LSU_start_thirtyfive_long	+	1866	1910	51.4	0.00000000000019	1471	1865	1471	1538	1697	1865	all			confident	
PX207257.1	1_SSU_Fungi_Ge_1_SSU_end_onea_long	+	1430	1474	62.9	0.000000000000000046	2_5.8_Fungi_Ge_58S_start_onee_long	+	1581	1627	59.5	0.00000000000000059	3_End_Fungi_Ge_58S_end_ninetyone_long	+	1696	1739	52.5	0.00000000000011	4_LSU_Fungi_Ge_4_LSU_start_elevenc_long	+	1961	2005	61	0.00000000000000017	1475	1960	1475	1580	1740	1960	all			confident	
PX215156.1	1_SSU_Fungi_Ge_1_SSU_end_onea_long	+	1430	1474	62.9	0.000000000000000046	2_5.8_Fungi_Ge_58S_start_onee_long	+	1585	1629	61.8	0.00000000000000011	3_End_Fungi_Ge_58S_end_onehundred_long	+	1692	1736	61	0.0000000000000002	4_LSU_Fungi_Ge_4_LSU_start_twentythreea_long	+	1946	1992	46.2	0.0000000000081	1475	1945	1475	1584	1737	1945	all			confident	
PX215072.1	1_SSU_Fungi_Ge_1_SSU_end_onea_long	+	1423	1467	62.9	0.000000000000000046	2_5.8_Fungi_Ge_58S_start_onee_long	+	1550	1594	58.9	0.00000000000000089	3_End_Fungi_Ge_58S_end_ninetyeight_long	+	1663	1707	63.1	0.000000000000000047	4_LSU_Fungi_Ge_4_LSU_start_thirtyfive_long	+	1878	1932	54.9	0.000000000000015	1468	1877	1468	1549	1708	1877	all			confident	
PX215015.1	1_SSU_Fungi_Ge_1_SSU_end_onea_long	+	1430	1474	62.9	0.000000000000000046	2_5.8_Fungi_Ge_58S_start_onee_long	+	1549	1593	60.4	0.00000000000000031	3_End_Fungi_Ge_58S_end_ninetysix_long	+	1662	1704	55.5	0.00000000000001	4_LSU_Fungi_Ge_4_LSU_start_zerod_long	+	1917	1966	41.2	0.00000000029	1475	1916	1475	1548	1705	1916	all			confident	
PX214531.1	1_SSU_Fungi_Ge_1_SSU_end_onea_long	+	1430	1474	62.9	0.000000000000000046	2_5.8_Fungi_Ge_58S_start_onee_long	+	1585	1629	59.5	0.00000000000000061	3_End_Fungi_Ge_58S_end_ninetyone_long	+	1698	1741	52.5	0.00000000000011	4_LSU_Fungi_Ge_4_LSU_start_elevenc_long	+	1965	2009	61	0.00000000000000017	1475	1964	1475	1584	1742	1964	all			confident	
PX215008.1	1_SSU_Fungi_Ge_1_SSU_end_onea_long	+	1432	1476	62.9	0.000000000000000046	2_5.8_Fungi_Ge_58S_start_onee_long	+	1582	1626	61.8	0.00000000000000011	3_End_Diversispora_58S_end_long_three	+	1695	1739	56.8	0.0000000000000044	4_LSU_Fungi_Ge_4_LSU_start_thirtytwo_long	+	1935	1976	39.6	0.00000000092	1477	1934	1477	1581	1740	1934	all			confident	
PX214935.1	1_SSU_Fungi_Ge_1_SSU_end_onea_long	+	1431	1475	62.9	0.000000000000000046	2_5.8_Fungi_Ge_58S_start_onee_long	+	1579	1623	61.8	0.00000000000000011	3_End_Diversispora_58S_end_long_nine	+	1691	1735	60.2	0.00000000000000039	4_LSU_Fungi_Ge_4_LSU_start_elevenc_long	+	1929	1977	42.1	0.00000000014	1476	1928	1476	1578	1736	1928	all			confident	
PX215014.1	1_SSU_Fungi_Ge_1_SSU_end_onea_long	+	1430	1474	62.9	0.000000000000000046	2_5.8_Fungi_Ge_58S_start_onee_long	+	1548	1592	60.4	0.00000000000000031	3_End_Fungi_Ge_58S_end_ninetysix_long	+	1661	1703	55.5	0.00000000000001	4_LSU_Fungi_Ge_4_LSU_start_zerod_long	+	1913	1962	41.2	0.00000000029	1475	1912	1475	1547	1704	1912	all			confident	
PX214852.1	1_SSU_Fungi_Tu_1_SSU_end_five_long	+	1429	1473	62.9	0.000000000000000047	2_5.8_Fungi_Ge_58S_start_onee_long	+	1575	1619	59.5	0.00000000000000061	3_End_Fungi_Ge_58S_end_twentyfive_long	+	1681	1725	61.2	0.00000000000000014	4_LSU_Fungi_Ge_4_LSU_start_elevena_long	+	1938	1982	60.8	0.00000000000000019	1474	1937	1474	1574	1726	1937	all			confident	
PX207229.1	1_SSU_Fungi_Ge_1_SSU_end_onea_long	+	1430	1474	62.9	0.000000000000000046	2_5.8_Fungi_Ge_58S_start_onee_long	+	1581	1627	59.5	0.00000000000000059	3_End_Fungi_Ge_58S_end_ninetyone_long	+	1696	1739	52.5	0.00000000000011	4_LSU_Fungi_Ge_4_LSU_start_elevenc_long	+	1962	2006	59.6	0.00000000000000047	1475	1961	1475	1580	1740	1961	all			confident	
PX214993.1	1_SSU_Fungi_Ge_1_SSU_end_onea_long	+	1430	1474	62.9	0.000000000000000046	2_5.8_Fungi_Ge_58S_start_onee_long	+	1576	1620	61.8	0.00000000000000011	3_End_Diversispora_58S_end_long_four	+	1689	1733	60.9	0.00000000000000024	4_LSU_Fungi_Ge_4_LSU_start_elevenc_long	+	1930	1978	42.1	0.00000000014	1475	1929	1475	1575	1734	1929	all			confident	
PX214863.1	1_SSU_Fungi_Ge_1_SSU_end_onea_long	+	1429	1473	62.9	0.000000000000000046	2_5.8_Fungi_Ge_58S_start_onee_long	+	1583	1627	59.5	0.00000000000000061	3_End_Fungi_Ge_58S_end_twentyfive_long	+	1690	1734	61.2	0.00000000000000014	4_LSU_Fungi_Ge_4_LSU_start_fortyfive_long	+	1942	1986	61.2	0.00000000000000015	1474	1941	1474	1582	1735	1941	all			confident	
PX214865.1	1_SSU_Fungi_Ge_1_SSU_end_onea_long	+	1429	1473	62.9	0.000000000000000046	2_5.8_Fungi_Ge_58S_start_onee_long	+	1584	1628	59.5	0.00000000000000061	3_End_Fungi_Ge_58S_end_twentyfive_long	+	1691	1735	61.2	0.00000000000000014	4_LSU_Fungi_Ge_4_LSU_start_fortyfive_long	+	1949	1993	61.2	0.00000000000000015	1474	1948	1474	1583	1736	1948	all			confident	
PX214534.1	1_SSU_Fungi_Ge_1_SSU_end_onea_long	+	1430	1474	62.9	0.000000000000000046	2_5.8_Fungi_Ge_58S_start_onee_long	+	1584	1628	59.5	0.00000000000000061	3_End_Fungi_Ge_58S_end_ninetyone_long	+	1697	1740	52.5	0.00000000000011	4_LSU_Fungi_Ge_4_LSU_start_elevenc_long	+	1962	2006	61	0.00000000000000017	1475	1961	1475	1583	1741	1961	all			confident	
