path	bytes	sha256
.gitignore	638	714ca9c0d8bbed8b8aa5da0e3f1f44b0b1b72ab98841f78ca6609e92c7fd69c0
DATA_LICENSE.md	673	ddccccdc72056e76fe149a92bec859352022b799c96892d9dfbb1aea47ce6048
LICENSE	1070	8377b5da82e7c46498eaffc5707476d42a8669d2804c998e66e065eaac9ed1d2
README.md	4353	68e32e9ebe61b360270d235a87faab80884763abceadf008b0845ea0e98de46d
benchmarks/longglodb/PROTOCOL_LGDB.md	4126	bf16ed1d3e5f3b967c7bdc1a56a39e492026c178705dd75df57f16807b347061
benchmarks/longglodb/PROTOCOL_LGDB_amendment1.md	2368	f2672f7d591a2379ac451ec70ee9cf7626a8fdce04e2658e1b04b9ea21994b49
benchmarks/longglodb/PROTOCOL_LGDB_amendment2.md	2904	9c17ac8dbd01e5e03e53b858b5ea9cc834ff86ad89f495e17fe7652145d60c92
benchmarks/longglodb/overlap.asvs.tsv	221959	e39919cc5118abd0a24ed738028b8032fdc4aba497be78bdc6deb2ebe8096501
benchmarks/longglodb/overlap.cultures.tsv	125584	77a9d842df24f47d3b435924e0e842e2ab74d57f8d6e2117afb394bc7941382f
benchmarks/longglodb/overlap.log	3893	c749ed729988d68cf70a21a0790633b7d3035335f8f492607ea8146bd1f1d0d1
benchmarks/longglodb/predictions.cultures.tsv	3506	0cf2cb4f087ab1f14bd27626f3908149ec5abeae4faeb5a5669fa93e58dae0a8
benchmarks/longglodb/predictions.lock	1064	c1aaed69ec3ef6e2d3813710fed2bfa79145e1a7888fe73ae8ea2373fc13d445
benchmarks/longglodb/predictions.log	2284	7dadbbe1844c29f8d81e202ea6907ca4c29c2358d5b9a08f98bf78edcbdbaebe
benchmarks/longglodb/predictions.predictions.tsv	66250	d8f1e7d564b0df2ecd5bb641ebd2d155b43164633208ccf7a2da4ae0e8266d24
benchmarks/longglodb/protocol_hashes.txt	354	21d4295742102af7178c491bad0e09feffb7b4bff6cade0b049307f9374fb8ab
benchmarks/longglodb/stage1/itsx/lgdb_test.anchors.tsv	109326	69982dc8ef3f9cd40d01742c913d1db2906d26fa5f31de145b64ae01ad2d7a6f
benchmarks/longglodb/stage1/itsx/lgdb_test.qc.json	690	35c1c888d5fa27976609139918f48e2f9045b49559b5abd23c65b7fc9d4aa31b
benchmarks/longglodb/stage1/itsx/lgdb_test.tblout	13460658	6b7ddd06799e0f0ebdf7b2eaeec6e7f5df6fd40e96a44bbbfcba9e8e203c9830
benchmarks/longglodb/stage1/windows/lgdb_test.records.tsv	85963	6ce6be15078f61e1485699880a95c94962e85ef0c5a3f9d6d97487e4def6340d
benchmarks/longglodb/stage1/windows/lgdb_test.summary.json	4227	6034bd32f6852ae50a27c81d4de75a0bb9fcd5ca7fe8b61d76f09d67a468e8a5
benchmarks/m4_external_holdout/CHECKSUMS.json	16430	db8b52dbe4e6546d1f20fe1c50af2791d0f0c5f91340b984d05755bbf5873c30
benchmarks/m4_external_holdout/CODE_FREEZE.json	933	d1d0e2ca6b193d0ef6d185ca7bf490ad48c9b9604a71621a3286a46d398d0425
benchmarks/m4_external_holdout/FROZEN_M2B.json	7653	e728daf65efa5893eb2edf59c8dc4a2c2a4ae4ea6e3413c1121f2fac3669d1d9
benchmarks/m4_external_holdout/PROTOCOL.md	3816	37e9b239af20c7508ff3cf8d81c3684ae4e29ab64dff4b2e1200bf2f4987ee91
benchmarks/m4_external_holdout/PROTOCOL_v2.md	2805	e318bffe58cb5b4081a2bf6eb43c0b7c281ffa9ae51c650bbed6604ec1750c47
benchmarks/m4_external_holdout/README.md	3034	9dfc0fe7799599a3b5ae894e6ac1c77741efd9e16b5ce835a8c0e3d5579ecebd
benchmarks/m4_external_holdout/README_LGDB.md	2600	43e01efc1a0f56a01f273ee85abfc5b544668e9e52052f623c906a07ac23d30f
benchmarks/m4_external_holdout/SOURCES.md	2014	b5d438b62368ec909800b87a16c71c5d21deaed74686639c15c6defc39d13914
benchmarks/m4_external_holdout/TEST_RESULTS.txt	984	4b20ea97af4095214d26dfcc7bcdff77bee4f91be3b3ac896a05aeb5afbbd715
benchmarks/m4_external_holdout/V2_MANIFEST.json	521	216be9d9e9f0ccc31c0174bd2e8aad47bf2f22921b8d6009328e6dbd6adf9635
benchmarks/m4_external_holdout/environment.yml	217	0e08dedd431f77ca16dfc8d20281eadda8249badcfc15d58e034038df12f9199
benchmarks/m4_external_holdout/external_holdout.py	20782	90cf3f36240155fef633b324bca5da4b719988166cbde55428f85ddb61f518b2
benchmarks/m4_external_holdout/external_holdout_v2.py	13150	93abe10f856b10054e6ffd3961b558b5df71f077fedea3636d50c52a3f46d2db
benchmarks/m4_external_holdout/frozen_m2b/AMF_M2b_Report.md	11263	4999eb32920383f06385f5ab14ea92f69d700c93fd9ccdf709045b6dcc77b3b2
benchmarks/m4_external_holdout/frozen_m2b/PROTOCOL.md	2774	2d9e13bbeab96d95b8ab194a397b296b3925808323c07d4d2cd15dcc244a0836
benchmarks/m4_external_holdout/frozen_m2b/code/baseline/arm_sets.py	20672	34c08ef96b6f6cfe4cce10454d88a3616c6e8f00f6d328ba656ae21cd081d5e7
benchmarks/m4_external_holdout/frozen_m2b/code/baseline/arms.py	12692	1f57380a5feb59827adf6422f15116449d59947fdb8d0912f0703d8e9cbd3599
benchmarks/m4_external_holdout/frozen_m2b/code/baseline/bridge.py	14233	8b70146fd34e20b505169b806b1c2c2b1737f3cb2b8bd88fcac05dd65dfdf83e
benchmarks/m4_external_holdout/frozen_m2b/code/baseline/decision_tree.py	8835	e3ef28bcaec9e85780a2955cc544f31d380921b9b524be0d211052442052b414
benchmarks/m4_external_holdout/frozen_m2b/code/baseline/novelty_baseline_consistent.py	24020	519001bac3aa8a051fa48ec746fa72be9ea34dbe56a238287bb08a7eace64e1b
benchmarks/m4_external_holdout/frozen_m2b/code/baseline/reconcile.py	15828	559bb75508c1fa90bb2fe2e026ad4d8bddba39f5c516634ead932874464acc6f
benchmarks/m4_external_holdout/frozen_m2b/compare_holdouts.py	7721	3cfe57673ba359d0f1d5d315290e846369a2b28e9efa0e59a714718366686760
benchmarks/m4_external_holdout/frozen_m2b/comparison/baseline_physical_culture.copies.tsv	1654156	6cc5412acf147ba7644d767851872517f78551b372e614c3f07297227d539f34
benchmarks/m4_external_holdout/frozen_m2b/comparison/baseline_physical_species.copies.tsv	1233941	906420d70e9d8d24ab5b115ecd63e72451c396b4f1e7c60cfccf7b8d6a8a0800
benchmarks/m4_external_holdout/frozen_m2b/comparison/epa_species_clades_physical_culture.copies.tsv	1637455	a357b563a5def31932085dabe4697f3b49e0f586d56a6c91acefe8bb1cb7cfd4
benchmarks/m4_external_holdout/frozen_m2b/comparison/epa_species_clades_physical_species.copies.tsv	1217592	9b0d4ba422214a763cbf0c5949f8f7b2b163fdfcd8e2fd5ebf81a55db521a53a
benchmarks/m4_external_holdout/frozen_m2b/inputs/benchmark/baseline/baseline_consistent_culture.copies.tsv	375488	47c815d18be6a6545398a4a1fcaeb93e1e28eb87c8fcfaf22e3a5bba72f2aa01
benchmarks/m4_external_holdout/frozen_m2b/inputs/benchmark/baseline/baseline_consistent_species.copies.tsv	365522	66171457de52936c1a3fb03ae151fb67bca08a811e1cc1c447585004c86f7871
benchmarks/m4_external_holdout/frozen_m2b/inputs/benchmark/baseline/crosswalk_v4.run.json	1905	538ac476ee5b5a0ce7d374b374638633139e0f8b564739f41b8b16b188eb40d5
benchmarks/m4_external_holdout/frozen_m2b/inputs/benchmark/baseline/reconcile_culture.copies.tsv	261653	37776ec91527b5bf44f11f5f4a316490f021bf87ccf140b27a250e78775b5e50
benchmarks/m4_external_holdout/frozen_m2b/inputs/benchmark/baseline/reconcile_species.copies.tsv	218821	0f6d5475e5f665fc00dbc623458e96b46ceace341fc06d3076c94c03654ec3bb
benchmarks/m4_external_holdout/frozen_m2b/inputs/benchmark/baseline/sets_LSU_v4.calibration.tsv	1520	04f7e0f1ac02a5eb639584f08a69789a51592d11e70b0a518c7661c4ddd0a829
benchmarks/m4_external_holdout/frozen_m2b/inputs/benchmark/baseline/sets_LSU_v4.copies.tsv	270772	94b300b42aba7a2a14002832fa88cb0212d84d6987358155a033098b4cb1b517
benchmarks/m4_external_holdout/frozen_m2b/inputs/benchmark/baseline/sets_LSU_v4.cultures.tsv	19623	b0df71394a2332bfdf14a18ad920c037678f4cdaceb7d62bdad5e96196f8d022
benchmarks/m4_external_holdout/frozen_m2b/inputs/benchmark/baseline/sets_LSU_v4.log	3603	65d6158d40f8be2db0077090fd91c47bf59ae1a69277c625c8ccb1165740466b
benchmarks/m4_external_holdout/frozen_m2b/inputs/benchmark/baseline/sets_SH_v4.calibration.tsv	1622	aa802e9979573bc36bab816cdc9d77d11bd71b808f360b77162ecc881c90850b
benchmarks/m4_external_holdout/frozen_m2b/inputs/benchmark/baseline/sets_SH_v4.copies.tsv	309905	9320f140fc45fb85911a75da2b2b5bd1c9beb46991fc55aebd4bcd75bedef657
benchmarks/m4_external_holdout/frozen_m2b/inputs/benchmark/baseline/sets_SH_v4.cultures.tsv	29130	c229e2ee4f770a74a9f21fcac97cf65858fec043e04b50e48b8cad6bf73ed8dd
benchmarks/m4_external_holdout/frozen_m2b/inputs/benchmark/baseline/sets_SH_v4.log	8638	5c32d89034569b1c210f0d8560a7d6bef4db153d51dc3ccdb0575dd9e1acdafe
benchmarks/m4_external_holdout/frozen_m2b/inputs/benchmark/baseline/vt_sets_v4.calibration.tsv	1508	e771a31de3a3c63cf214190445c6d2bcbd93f571188448071e175bb2554f0dc9
benchmarks/m4_external_holdout/frozen_m2b/inputs/benchmark/baseline/vt_sets_v4.copies.tsv	181792	3cb6e82e100e19f9312ad748bdc6543cecd51c46e3f80c62d615c59262cc1d7a
benchmarks/m4_external_holdout/frozen_m2b/inputs/benchmark/baseline/vt_sets_v4.cultures.tsv	15196	db80fefc308c421f96e18a8950bea09c458d27d9fdc6396e6d57e3385d232dbb
benchmarks/m4_external_holdout/frozen_m2b/inputs/benchmark/baseline/vt_sets_v4.log	3952	e6d4e0b5576b8dcc48d90560b6606e58a5cc1049466a542acd9c1286d8dd3457
benchmarks/m4_external_holdout/frozen_m2b/inputs/benchmark/evidence/MANIFEST.json	582	969fa89314d4099cc8739be71a985bdc64fc7a174364e70b3231090e8fceab09
benchmarks/m4_external_holdout/frozen_m2b/inputs/benchmark/ref/MANIFEST.json	12399	0c87060958bd1f1af58fc5c769b8b0ca2de861751660fb5ba32c8000d27d632a
benchmarks/m4_external_holdout/frozen_m2b/inputs/benchmark/ref/copies.tsv	305514	181938d695f3df406c9da0af5e95f51b726b6931b71fd7217c430a085df65e94
benchmarks/m4_external_holdout/frozen_m2b/inputs/benchmark/ref/cultures.tsv	31307	77a23fb8ddc821f01b13d0196319ebdc113d9a8a888a1c813856acbb9e719a16
benchmarks/m4_external_holdout/frozen_m2b/inputs/benchmark/ref/groups.tsv	134936	24d6f667217f3400c2fc06f2c921ab388a3116f976f1b1ba23b9ce7a3a2b5556
benchmarks/m4_external_holdout/frozen_m2b/lsu_placement.py	14330	359f297a4c7038327fc94edea19ec4b8dab9f91a723b64b7c5a09ca4810610cc
benchmarks/m4_external_holdout/frozen_m2b/placement/summary/edge_annotations.json	455045	d54eca9e489977de8c6dead886c48cf83028a4e61cdb67a766e7a7b67bd25dd6
benchmarks/m4_external_holdout/frozen_m2b/placement/summary/lsu_placements.copies.tsv	352147	1de103b6ae45f0372dda9ab0799230c4d1243cb98add943e5bab67785e5e910d
benchmarks/m4_external_holdout/frozen_m2b/reference/backbone.topology.newick	21761	a6ae1cb91d1ca04021028d066a4b30f2a77c1235d13cfcfdafa9598eb5f0fa66
benchmarks/m4_external_holdout/frozen_m2b/reference/fit.raxml.bestModel	130	2e7a4dd93fd75c60586bad52a2fd4e4c5a73043289e89ad87f686df21e2a6194
benchmarks/m4_external_holdout/frozen_m2b/reference/fit.raxml.bestTree	12840	d3da113b83e3d185ebfe10fd1958aa121e401c0dd035c74350ef607a74abf11b
benchmarks/m4_external_holdout/frozen_m2b/reference/reference_metadata.tsv	71094	5c38fd7fddd3896492644503359917d5fbd1ac3d4c818c0b4c7fc8a49ff5591d
benchmarks/m4_external_holdout/frozen_m2b/reference/reference_validation.json	601	7fff8495b23bba10a93b65aba84e168589423d7115958ee38d8956b60a986cb4
benchmarks/m4_external_holdout/frozen_m2b/requirements.txt	35	4ea86052d82cf8d79dbcb3954c94f6ba4efcf2b3adb88a3f6f91304b09a24f68
benchmarks/m4_external_holdout/frozen_m2b/software_provenance.json	1808	6809319d1c97ab6e03501e10fc17db00335d3f0bef3a0e428aef4b95e5d58e80
benchmarks/m4_external_holdout/holdout_plan.json	85633	69528b1a3f0a65521ba2cb07c0e93d481ee02483cf84c1ed206d96779c92db21
benchmarks/m4_external_holdout/its_rule.py	4921	de0feb459499755ea955452fa25d46830ec5c3098e72c03f7462c8823ef8dddf
benchmarks/m4_external_holdout/lgdb_report.py	13960	69cc065454d445858158b592e00c3ac7522a56354dec46112cf2d71edc677a5c
benchmarks/m4_external_holdout/lgdb_test.py	40401	50d2e59bc095b03519137639f06962c3f0a9a5b12253ec7f8a0cd1a38e16d22b
benchmarks/m4_external_holdout/pilot_run.log	435	85dff22af5013655bca0a7c032f04a68035cdcbf67079d78f81581e35226a1f8
benchmarks/m4_external_holdout/requirements.txt	35	4ea86052d82cf8d79dbcb3954c94f6ba4efcf2b3adb88a3f6f91304b09a24f68
benchmarks/m4_external_holdout/run_pilot.py	2763	2e1b9f0ce5030937b20e643c1217413c4b642a4622c0d3ca39583c14e8c9ea51
benchmarks/m4_external_holdout/run_pilot.sh	162	6572b27c97c49e9859d9021ec9548caaed0bcfa4abe26a01315a8febfe196e07
benchmarks/m4_external_holdout/runs_lgdb.log	3571	379959f54720a0efbf8465108d787dc3d77d3922f18e7e20f880b0d40bc7cecb
benchmarks/m4_external_holdout/runs_lgdb/01_evidence/evidence_report.json	620	88d43a078723f29a854ec94fc713ade9506cebc6d90895566c72f716466b68d2
benchmarks/m4_external_holdout/runs_lgdb/01_evidence/stage.json	515	675ee8068d8ed9a0aa068b19311341587f4c6fb009751777f5748b7f03fe29b7
benchmarks/m4_external_holdout/runs_lgdb/06_scores/A_primary_v1.copies.tsv	918200	32e8c0dc5bd88fe89f31e4fb39bcaae4f71c5cc55a6585a29b219953a231c047
benchmarks/m4_external_holdout/runs_lgdb/06_scores/A_primary_v2.copies.tsv	926336	f9fab9e8ec2a64042b96db3e6a387946a0b6d6b04abdde6892d3b3676149b4a0
benchmarks/m4_external_holdout/runs_lgdb/06_scores/A_secondary_vt_v1.copies.tsv	992322	83732ef1f5126714e446a041a7487a9b8c8c1ed2d95773be91eab344df76c4c0
benchmarks/m4_external_holdout/runs_lgdb/06_scores/A_secondary_vt_v2.copies.tsv	1000458	2010f464b93cd8a67ef783e6ea3d136f40288a3cf43e67a6036d598512cac26e
benchmarks/m4_external_holdout/runs_lgdb/06_scores/B_primary_v1.copies.tsv	280094	c44d6bebcb19b4a3942f424d960a856af433905f9e3373328dfa2b9d88b8d3fa
benchmarks/m4_external_holdout/runs_lgdb/06_scores/B_primary_v2.copies.tsv	282486	b6b1dec756b3d6c99b89c77bab8ce60c8ffe1f728bddc02f9269d1408ae3225c
benchmarks/m4_external_holdout/runs_lgdb/06_scores/B_secondary_vt_v1.copies.tsv	297470	b84248ca32c8564248597b5e57311a4cc1dfeec0237058e1883792de491297cb
benchmarks/m4_external_holdout/runs_lgdb/06_scores/B_secondary_vt_v2.copies.tsv	299862	ced1c3cf61ace3c3fb3f685a86b483d848d400e427e318b9614452f5d08a936b
benchmarks/m4_external_holdout/runs_lgdb/06_scores/scores.json	1086	2c01de5bf90da50414bbe3403746bb6ee160d735d71d1194e9120cccf702b01c
benchmarks/m4_external_holdout/runs_lgdb/06_scores/stage.json	1037	d1f2e2df6031284343807284fe83451107d28b6dafb77065637d02e1acafb83e
benchmarks/m4_external_holdout/runs_lgdb/A/03_queries/commands.json	338	b35c6c7d109588bf3c39dc224f46a45ffa9e002ea05b672153587a8ae75b950d
benchmarks/m4_external_holdout/runs_lgdb/A/03_queries/mafft.log	33621	ae3c4d3f8ac67b13dccc5693bc1289e438420d4ab07be960c3b4f610c919f2ca
benchmarks/m4_external_holdout/runs_lgdb/A/03_queries/queries.fasta.map	10448040	9c2ae2e2d30521c8917a3edaad1a090e8fde6e4e97546d6c0b433da9a59f18c3
benchmarks/m4_external_holdout/runs_lgdb/A/03_queries/stage.json	600	69a77497855b4dd1665678dc52bfbc2ba517a9f168dc4ce1116a39edce08bcc4
benchmarks/m4_external_holdout/runs_lgdb/A/04_epa/commands.json	732	579eceeec6b5a40cc59ba8f53afb3041c1559033797065fc9bfb346b3fe82bb7
benchmarks/m4_external_holdout/runs_lgdb/A/04_epa/epa.log	1742	16978c71c7fbdaeeb0a0bba0d1cd2afee14a7c61b2e30404d4dc51679ef2d178
benchmarks/m4_external_holdout/runs_lgdb/A/04_epa/epa_info.log	1742	16978c71c7fbdaeeb0a0bba0d1cd2afee14a7c61b2e30404d4dc51679ef2d178
benchmarks/m4_external_holdout/runs_lgdb/A/04_epa/stage.json	488	8c96f17d03300f95d07057f1c61b20d90688671dc6739c548dd2aa4857628ee6
benchmarks/m4_external_holdout/runs_lgdb/A/05_summary/edge_annotations.json	455045	d54eca9e489977de8c6dead886c48cf83028a4e61cdb67a766e7a7b67bd25dd6
benchmarks/m4_external_holdout/runs_lgdb/A/05_summary/lsu_placements.copies.tsv	471685	6eae1912f400af0954c09beb421ebdc561157fef657d02511c61e90d7e889805
benchmarks/m4_external_holdout/runs_lgdb/A/05_summary/placement_summary.json	590	f3c2cc199b15497b34791b491ba088b2c115efd36d4fb7e9bdc46b4711f9c868
benchmarks/m4_external_holdout/runs_lgdb/A/05_summary/stage.json	435	38d65d6ba5e2a858cb71e29c8bc55d2f4788fe792c338dc8fd2ee9f2bf89f396
benchmarks/m4_external_holdout/runs_lgdb/A/parity.json	277	c6e71765a8e041d0987e63331030d87e6906d19d0677fd0a32572d9d6cd3fde9
benchmarks/m4_external_holdout/runs_lgdb/B/lgdb_acaulospora_kentinensis/01_reference/commands.json	277	ebf096c2218fb8805c7da82626ce30f1128e0ac64a299229ee78ec47d6aed757
benchmarks/m4_external_holdout/runs_lgdb/B/lgdb_acaulospora_kentinensis/01_reference/mafft.log	202754	a1402e35d3186ba34bd21d4e5abf8b7fbb0ecc53b5fa674afdb3e121da0678d2
benchmarks/m4_external_holdout/runs_lgdb/B/lgdb_acaulospora_kentinensis/01_reference/metadata.tsv	70792	bd440d6f8dc19e00eceba6e66b8596d29626eb51306529079e72d0be5b9c6f32
benchmarks/m4_external_holdout/runs_lgdb/B/lgdb_acaulospora_kentinensis/01_reference/stage.json	668	378ae85c49df94cf15b12b039f30e482fd06421556e70f228ceb8cf9d19bf675
benchmarks/m4_external_holdout/runs_lgdb/B/lgdb_acaulospora_kentinensis/01_reference/topology.newick	21673	8b2342c615a91df8dbe77965a2c851f2572a525e1eb93587cbee5c03a2ff4514
benchmarks/m4_external_holdout/runs_lgdb/B/lgdb_acaulospora_kentinensis/02_model/commands.json	584	0a7b2463d4910e5b955af0ebdaee3ba9709795e15395d593c248fe7447a1574c
benchmarks/m4_external_holdout/runs_lgdb/B/lgdb_acaulospora_kentinensis/02_model/fit.raxml.bestModel	130	b75fc0f37b3bcb94f590796dbdf7056465adf29ff9108d730d929e47fc0c6c78
benchmarks/m4_external_holdout/runs_lgdb/B/lgdb_acaulospora_kentinensis/02_model/fit.raxml.bestTree	12788	e060fa95a45e4bcbb11a96ccbd864487a23e7e001034eeee563856987c508e2e
benchmarks/m4_external_holdout/runs_lgdb/B/lgdb_acaulospora_kentinensis/02_model/fit.raxml.bestTreeCollapsed	12711	36d6722be4bbb36a72fafbc7240915fd3eb76172afbd1e8c2d98e8338b16713c
benchmarks/m4_external_holdout/runs_lgdb/B/lgdb_acaulospora_kentinensis/02_model/fit.raxml.log	5101	443620ebba073d4050008741b5f62b755651b689cec592030cfba2c9e845c6ea
benchmarks/m4_external_holdout/runs_lgdb/B/lgdb_acaulospora_kentinensis/02_model/fit.raxml.startTree	12788	4c9b755385b0e30eeaa6c056d8370b981b13059f4695a7f1088c66b7b6b15096
benchmarks/m4_external_holdout/runs_lgdb/B/lgdb_acaulospora_kentinensis/02_model/raxml.log	5101	443620ebba073d4050008741b5f62b755651b689cec592030cfba2c9e845c6ea
benchmarks/m4_external_holdout/runs_lgdb/B/lgdb_acaulospora_kentinensis/02_model/stage.json	974	d6a590c3172f9a68378b05a061f61d18637e861125dff84a49d4c1d78cda4953
benchmarks/m4_external_holdout/runs_lgdb/B/lgdb_acaulospora_kentinensis/03_queries/commands.json	390	cf7721e269bdb8c5c0cfc316e51101a7925aa0ff7ae5ad4893389958dc461fa8
benchmarks/m4_external_holdout/runs_lgdb/B/lgdb_acaulospora_kentinensis/03_queries/mafft.log	33621	214322b1ac3331db6a1e05442d00cef3ecf3b08343bf8fdb9afef8b74aef1905
benchmarks/m4_external_holdout/runs_lgdb/B/lgdb_acaulospora_kentinensis/03_queries/queries.fasta.map	10448889	6aeca3e494a6ade48765dceb8668a181e7cd961e3fc23e314d818377302f8ae6
benchmarks/m4_external_holdout/runs_lgdb/B/lgdb_acaulospora_kentinensis/03_queries/stage.json	601	aae6e064e438ef4f39ccee38b8201eaf939b6cdea64aefba6c8dc4e13ee323e9
benchmarks/m4_external_holdout/runs_lgdb/B/lgdb_acaulospora_kentinensis/04_epa/commands.json	871	eaab2844d858ad32d68ab79f70ca6ad695a689d6ed7fb5994e92de770500a45c
benchmarks/m4_external_holdout/runs_lgdb/B/lgdb_acaulospora_kentinensis/04_epa/epa.log	1910	c5c73922bddf070b59425727085cc7d4431e21ddad32f7afcead8de389df8501
benchmarks/m4_external_holdout/runs_lgdb/B/lgdb_acaulospora_kentinensis/04_epa/epa_info.log	1910	c5c73922bddf070b59425727085cc7d4431e21ddad32f7afcead8de389df8501
benchmarks/m4_external_holdout/runs_lgdb/B/lgdb_acaulospora_kentinensis/04_epa/stage.json	488	2c2ef09074fab3620a5e953458076d2cd629258340abe440544d6517d4a4fb0f
benchmarks/m4_external_holdout/runs_lgdb/B/lgdb_acaulospora_kentinensis/05_summary/edge_annotations.json	453052	a7f7a0671ca2ececa45397c4e5d4806e33261f1233b2a23aedeb32ac3fb99b98
benchmarks/m4_external_holdout/runs_lgdb/B/lgdb_acaulospora_kentinensis/05_summary/lsu_placements.copies.tsv	470688	5181ffee9ec239e5052abd75e4b64688562ad9dcbefdeb299cb702d5b1bbf3b6
benchmarks/m4_external_holdout/runs_lgdb/B/lgdb_acaulospora_kentinensis/05_summary/placement_summary.json	590	a25ebf1c3a2181112ef340da1fe18cf754ca4bf3993d12d5952c572e685cb38f
benchmarks/m4_external_holdout/runs_lgdb/B/lgdb_acaulospora_kentinensis/05_summary/stage.json	436	d8643a4f980d6c315cb11c1d2eee9979ff47baf6bb9ce983a03d0e6a8ec0454b
benchmarks/m4_external_holdout/runs_lgdb/B/lgdb_acaulospora_kentinensis/DONE.json	619	d9d9bbe4253b0b41f371cb3059d0a113eeb3263426f9639ab62a402eed27137f
benchmarks/m4_external_holdout/runs_lgdb/B/lgdb_acaulospora_koskei/01_reference/commands.json	272	d1e372ebfa83a38992b03528db63459c22406cebe514ef9b790c8e52da5ba8e3
benchmarks/m4_external_holdout/runs_lgdb/B/lgdb_acaulospora_koskei/01_reference/mafft.log	136558	756b94a09ba3ca3af9fe5777b41a5f08da3fc6786c20489fcd99c0d0ef041434
benchmarks/m4_external_holdout/runs_lgdb/B/lgdb_acaulospora_koskei/01_reference/metadata.tsv	70822	29bacc1bb1983e9902a8e15ffecd48b7a68e7f0d53039d2d63026d4b24f26d44
benchmarks/m4_external_holdout/runs_lgdb/B/lgdb_acaulospora_koskei/01_reference/stage.json	668	d8179443796c7b2a72e906eab2273b97707c0456eeb717a7674505260f9720ab
benchmarks/m4_external_holdout/runs_lgdb/B/lgdb_acaulospora_koskei/01_reference/topology.newick	21673	22d9c5910f2f3101de0b5c16367c92a4bc39b97d2b8c11ceab76bea22aaa5ac1
benchmarks/m4_external_holdout/runs_lgdb/B/lgdb_acaulospora_koskei/02_model/commands.json	569	51184104675ef210f768720162e70306f05de34336405a2a4a6eb5034e7d73db
benchmarks/m4_external_holdout/runs_lgdb/B/lgdb_acaulospora_koskei/02_model/fit.raxml.bestModel	130	48dd064bb0dc2c46acf2bbe76532c15c4165ab85abddf91112f1023cfd589cd2
benchmarks/m4_external_holdout/runs_lgdb/B/lgdb_acaulospora_koskei/02_model/fit.raxml.bestTree	12788	f42cee9c4948e9018a16e5e3b79124c9be464e4d989fa1b34abb087238423c1a
benchmarks/m4_external_holdout/runs_lgdb/B/lgdb_acaulospora_koskei/02_model/fit.raxml.bestTreeCollapsed	12711	5aadb9e3a6cd69d4573f65072882cc1f5de51bc77330f8e2a3128b04a6234079
benchmarks/m4_external_holdout/runs_lgdb/B/lgdb_acaulospora_koskei/02_model/fit.raxml.log	5045	fb07f2f2e825fcfdf76611ed68e7fcaf5f76efb72e19cb6b66fc9c69a5b55313
benchmarks/m4_external_holdout/runs_lgdb/B/lgdb_acaulospora_koskei/02_model/fit.raxml.startTree	12788	bb168270e314afebc563666d4ff2c79f3a95663e7b2631950e33ad46f42ed38e
benchmarks/m4_external_holdout/runs_lgdb/B/lgdb_acaulospora_koskei/02_model/raxml.log	5045	fb07f2f2e825fcfdf76611ed68e7fcaf5f76efb72e19cb6b66fc9c69a5b55313
benchmarks/m4_external_holdout/runs_lgdb/B/lgdb_acaulospora_koskei/02_model/stage.json	974	094bb2cfc4e50f15e2e6613dac0f11d1a61813803137fcf7952b9af4a56edb8e
benchmarks/m4_external_holdout/runs_lgdb/B/lgdb_acaulospora_koskei/03_queries/commands.json	380	9344d082ad961452e45e01a9e6148ea5874bdf9d740a42c3d98c43b154035699
benchmarks/m4_external_holdout/runs_lgdb/B/lgdb_acaulospora_koskei/03_queries/mafft.log	33621	84033451ca1204accac7a69f69df799382714c0b0cf7e67f113d790a7e7e0899
benchmarks/m4_external_holdout/runs_lgdb/B/lgdb_acaulospora_koskei/03_queries/queries.fasta.map	10450734	fd85a4f8dfcd1ac5daa7d56739f114c95b794787aa717f3f0cc14f9bc610b2ad
benchmarks/m4_external_holdout/runs_lgdb/B/lgdb_acaulospora_koskei/03_queries/stage.json	600	3213462fe563cd3a45684b9759623dcee8e4a9e4678437cd949116122ca7e2cd
benchmarks/m4_external_holdout/runs_lgdb/B/lgdb_acaulospora_koskei/04_epa/commands.json	846	54a1c17a722ff3a403aa42731db0ce41811aae8bfce75d20734387ac080b013f
benchmarks/m4_external_holdout/runs_lgdb/B/lgdb_acaulospora_koskei/04_epa/epa.log	1878	1ef2ce528c7ad9c166ae1ccf3b84898bcf27f2411476eeb86e17c5419dd090ef
benchmarks/m4_external_holdout/runs_lgdb/B/lgdb_acaulospora_koskei/04_epa/epa_info.log	1878	1ef2ce528c7ad9c166ae1ccf3b84898bcf27f2411476eeb86e17c5419dd090ef
benchmarks/m4_external_holdout/runs_lgdb/B/lgdb_acaulospora_koskei/04_epa/stage.json	488	9a605d7c0fda452bea3461b5a48553e264834826dd75db4d2f4a5cd1c5ebb053
benchmarks/m4_external_holdout/runs_lgdb/B/lgdb_acaulospora_koskei/05_summary/edge_annotations.json	453235	7bdfe1bf7d20509430df554df8b5ae6588d7a8d47e6f66d7d74d8f499d4f4b56
benchmarks/m4_external_holdout/runs_lgdb/B/lgdb_acaulospora_koskei/05_summary/lsu_placements.copies.tsv	469517	01501f2a9ff8b1bc7f8f4040c16c16e6b23d8d1c029a006ec97695377c29fd05
benchmarks/m4_external_holdout/runs_lgdb/B/lgdb_acaulospora_koskei/05_summary/placement_summary.json	590	54be84b6a61fc6d9f82c7938db877305dbd58430301be31de75c09ad37e8280a
benchmarks/m4_external_holdout/runs_lgdb/B/lgdb_acaulospora_koskei/05_summary/stage.json	436	7b10c47db75d85701b560f9c895b65fed8ef36168389b045e2c2b5ea51b6cbe0
benchmarks/m4_external_holdout/runs_lgdb/B/lgdb_acaulospora_koskei/DONE.json	588	7b76eed7279855264c81f0d0a54a133e9c8fe1f7a73e6104266dab2761a382f2
benchmarks/m4_external_holdout/runs_lgdb/B/lgdb_acaulospora_laevis/01_reference/commands.json	272	3ada86ed1e6e69e37959a1a375091d3785c89f9dd1a57d6848e4ccb00d0fe12e
benchmarks/m4_external_holdout/runs_lgdb/B/lgdb_acaulospora_laevis/01_reference/mafft.log	148802	58a67eacf0cbb8f2d76cef3adcde8c303542cc8df5b489c3f75cac1c570e55ba
benchmarks/m4_external_holdout/runs_lgdb/B/lgdb_acaulospora_laevis/01_reference/metadata.tsv	70822	32cc634589fad9bb66bd6118d0f18d1fc18d1d535f473d4d1631efa20fb18534
benchmarks/m4_external_holdout/runs_lgdb/B/lgdb_acaulospora_laevis/01_reference/stage.json	668	b24a3b02cef46290a0e0c4c6b8d21d478f59227785d8ba776263659008749f7b
benchmarks/m4_external_holdout/runs_lgdb/B/lgdb_acaulospora_laevis/01_reference/topology.newick	21673	15e85e8accea8924a324bcf2e332318461823e9509867c50e5339e8b9aacd965
benchmarks/m4_external_holdout/runs_lgdb/B/lgdb_acaulospora_laevis/02_model/commands.json	569	cd2138a0d66236ca938d95ee462cab2876150763ddda9761cbbb01b303055d37
benchmarks/m4_external_holdout/runs_lgdb/B/lgdb_acaulospora_laevis/02_model/fit.raxml.bestModel	130	a9671b14af530d63eddc899989ecc03ba80d4e21d2258af787c59c9481b2b89b
benchmarks/m4_external_holdout/runs_lgdb/B/lgdb_acaulospora_laevis/02_model/fit.raxml.bestTree	12788	6d093d9e0c6ace7efdcaa6a42dd94c0abdaad01bc75667b69d3ade193697e347
benchmarks/m4_external_holdout/runs_lgdb/B/lgdb_acaulospora_laevis/02_model/fit.raxml.bestTreeCollapsed	12711	bd56f8a03cd6aacaa896a7fbe10a73f4133019c37c8c9dbfbe2ea3a2a9a1c000
benchmarks/m4_external_holdout/runs_lgdb/B/lgdb_acaulospora_laevis/02_model/fit.raxml.log	5046	d8f2e9ed22267c3be33a40ab288baa3f5d448922ba15b8c1f71137a176f53388
benchmarks/m4_external_holdout/runs_lgdb/B/lgdb_acaulospora_laevis/02_model/fit.raxml.reduced.phy	853239	4e725b6bb81c8cb55fe5614771cf9cef6e63ee9abeba8e85415414fb41d66f6f
benchmarks/m4_external_holdout/runs_lgdb/B/lgdb_acaulospora_laevis/02_model/fit.raxml.startTree	12788	4b28c19944ca74ebe973b0abb531ceae3ab92a336808d62290313da67f87d752
benchmarks/m4_external_holdout/runs_lgdb/B/lgdb_acaulospora_laevis/02_model/raxml.log	5046	d8f2e9ed22267c3be33a40ab288baa3f5d448922ba15b8c1f71137a176f53388
benchmarks/m4_external_holdout/runs_lgdb/B/lgdb_acaulospora_laevis/02_model/stage.json	974	9e19b607c74e424a8bc9e9c7618bdc41353c11bcc9d1958e1d22a61c123b35e2
benchmarks/m4_external_holdout/runs_lgdb/B/lgdb_acaulospora_laevis/03_queries/commands.json	380	0d637dd60fce5c34166437bd687002ba33385003c286f1d7d90e293aa534d287
benchmarks/m4_external_holdout/runs_lgdb/B/lgdb_acaulospora_laevis/03_queries/mafft.log	33621	d8b9a54442bbfa2aff597a9fd7bcd0fe682733c7335a0865732190c9d45a7ccd
benchmarks/m4_external_holdout/runs_lgdb/B/lgdb_acaulospora_laevis/03_queries/queries.fasta.map	10448967	3d85f2158372f03b06049cc58356e0d42ecfa1e41f55862988231ced69e5327d
benchmarks/m4_external_holdout/runs_lgdb/B/lgdb_acaulospora_laevis/03_queries/stage.json	600	e5910fbc390207f29b3c7c628cbcf2813bf30c57fa46695bb60afc5de3362c89
benchmarks/m4_external_holdout/runs_lgdb/B/lgdb_acaulospora_laevis/04_epa/commands.json	846	5a4de3748dff826bd6f674005da4a67386fd38649798acd195d867988174eba7
benchmarks/m4_external_holdout/runs_lgdb/B/lgdb_acaulospora_laevis/04_epa/epa.log	1880	d6f1d1262352121f16e422a2370674142101ec4e9a5dfa593fcf5d026edab68d
benchmarks/m4_external_holdout/runs_lgdb/B/lgdb_acaulospora_laevis/04_epa/epa_info.log	1880	d6f1d1262352121f16e422a2370674142101ec4e9a5dfa593fcf5d026edab68d
benchmarks/m4_external_holdout/runs_lgdb/B/lgdb_acaulospora_laevis/04_epa/stage.json	489	826980625a0c9395a692037821a0c626c58946424af5ce677d43ac107fc0483e
benchmarks/m4_external_holdout/runs_lgdb/B/lgdb_acaulospora_laevis/05_summary/edge_annotations.json	453096	3fbb97be96edbb7552be6fb4fdf02508c161e52e032a2ac82486646086ee8159
benchmarks/m4_external_holdout/runs_lgdb/B/lgdb_acaulospora_laevis/05_summary/lsu_placements.copies.tsv	469101	bba7e0f104a9687b4e8d47e41cf901d33eca3e20a4ac5aae32ecaf8cfd21c10f
benchmarks/m4_external_holdout/runs_lgdb/B/lgdb_acaulospora_laevis/05_summary/placement_summary.json	590	de4ead0ed884100e0b5e48406dbd8391269ad6f5317f54be5efe33ffb5bb77f9
benchmarks/m4_external_holdout/runs_lgdb/B/lgdb_acaulospora_laevis/05_summary/stage.json	436	50aa0efec74e377f0e48b6aa9a5e79a77f6e0b7372a2ca5e3a2398d4436f9bd9
benchmarks/m4_external_holdout/runs_lgdb/B/lgdb_acaulospora_laevis/DONE.json	928	f1a24abe7141d2b37daf18e30125583c4058d7e4e699193cb6c3ecb09ec11cac
benchmarks/m4_external_holdout/runs_lgdb/B/lgdb_ambispora_fennica/01_reference/commands.json	271	d83880fd9ae07fc3d9f08e73164e9cec416c1d1ebddf12be3bc79973c355c31f
benchmarks/m4_external_holdout/runs_lgdb/B/lgdb_ambispora_fennica/01_reference/mafft.log	203798	dd6e9feb900b614116e27f1549b544540e8b55d10594482de27b6435210340e2
benchmarks/m4_external_holdout/runs_lgdb/B/lgdb_ambispora_fennica/01_reference/metadata.tsv	70840	74ea1d3bd7cb45c4e3e2ba2c1d9855f234cfad8df188388856338d2cab1b3d6f
benchmarks/m4_external_holdout/runs_lgdb/B/lgdb_ambispora_fennica/01_reference/stage.json	669	042f6a22713f2b8154333e7106f926200501ba91a1a177529f8a6d7b38791a74
benchmarks/m4_external_holdout/runs_lgdb/B/lgdb_ambispora_fennica/01_reference/topology.newick	21673	821a7b183c677a14fa80cecdc70a3de36182f729a1f813e00f627b681fb4325b
benchmarks/m4_external_holdout/runs_lgdb/B/lgdb_ambispora_fennica/02_model/commands.json	566	85f0dc04e5c895fbae59abbf8fbed0700d5b79827c8068969861a9db78e4c3ec
benchmarks/m4_external_holdout/runs_lgdb/B/lgdb_ambispora_fennica/02_model/fit.raxml.bestModel	130	c912bdca8944078662eb55f09588088c314e34cc8bdad67f0210a6e34ab176e3
benchmarks/m4_external_holdout/runs_lgdb/B/lgdb_ambispora_fennica/02_model/fit.raxml.bestTree	12788	e7d6869763ae26046f9fb82ee3a7252ca5e76960755cbe0333d38515f4ce80aa
benchmarks/m4_external_holdout/runs_lgdb/B/lgdb_ambispora_fennica/02_model/fit.raxml.bestTreeCollapsed	12689	dd51fec6ec970b0e87277e67fbae673b193875b69a7c537f0fe872a23d2d33e3
benchmarks/m4_external_holdout/runs_lgdb/B/lgdb_ambispora_fennica/02_model/fit.raxml.log	5035	f31dadcc8ad700f51edb3e8769061ec403c0186c4efa9ff06a8e9a5c55c1114f
benchmarks/m4_external_holdout/runs_lgdb/B/lgdb_ambispora_fennica/02_model/fit.raxml.startTree	12788	47abd93585626088e2f9785820027ffc21f441f3c755746cf9c1a99d3bc95645
benchmarks/m4_external_holdout/runs_lgdb/B/lgdb_ambispora_fennica/02_model/raxml.log	5035	f31dadcc8ad700f51edb3e8769061ec403c0186c4efa9ff06a8e9a5c55c1114f
benchmarks/m4_external_holdout/runs_lgdb/B/lgdb_ambispora_fennica/02_model/stage.json	974	b15d522e98a3e80464a4719cee6aef56ad0f5966999980dcc74293ec4281fc3f
benchmarks/m4_external_holdout/runs_lgdb/B/lgdb_ambispora_fennica/03_queries/commands.json	378	d8383b9bea777068ac4234a55c30b7665a9aa714e540e7f6c9e4399e62132790
benchmarks/m4_external_holdout/runs_lgdb/B/lgdb_ambispora_fennica/03_queries/mafft.log	33621	7e462549173919ca5eae4c40c0ff26c4d8caa3892ff8bc5e7ec74af2d89e761e
benchmarks/m4_external_holdout/runs_lgdb/B/lgdb_ambispora_fennica/03_queries/queries.fasta.map	10448979	b4aa0e30f16ff7cc95c54123b012369a40f2694090e0850c127a28a04a131e46
benchmarks/m4_external_holdout/runs_lgdb/B/lgdb_ambispora_fennica/03_queries/stage.json	601	38cc637d247d07c9ca721291a5d179a7d1f44faa1ebd328b3ea4bf90d30a8391
benchmarks/m4_external_holdout/runs_lgdb/B/lgdb_ambispora_fennica/04_epa/commands.json	841	e528c1184958368b5727c388e627206e5cb2718befd56890ebbd75b680b8cf89
benchmarks/m4_external_holdout/runs_lgdb/B/lgdb_ambispora_fennica/04_epa/epa.log	1873	e1da1cfc17a0a96af6277ba5774172bd9bde52f092820d63052488b848218bf4
benchmarks/m4_external_holdout/runs_lgdb/B/lgdb_ambispora_fennica/04_epa/epa_info.log	1873	e1da1cfc17a0a96af6277ba5774172bd9bde52f092820d63052488b848218bf4
benchmarks/m4_external_holdout/runs_lgdb/B/lgdb_ambispora_fennica/04_epa/stage.json	489	f39c117b8e24a8115cb129d2e1835b463843a76a2e5e4d2a142d4d1703b44392
benchmarks/m4_external_holdout/runs_lgdb/B/lgdb_ambispora_fennica/05_summary/edge_annotations.json	453575	f8efd280c2c7926f04541a0d94df4927c45a6a2930e038de322867a399de0e7c
benchmarks/m4_external_holdout/runs_lgdb/B/lgdb_ambispora_fennica/05_summary/lsu_placements.copies.tsv	470849	389e6e424016e3fa2f65969d999042e8110a014afcc4680580ce67be75148cc9
benchmarks/m4_external_holdout/runs_lgdb/B/lgdb_ambispora_fennica/05_summary/placement_summary.json	590	ec7028f7f6f47b3de3febaf4c03231e3542c8ae94a59a56ffaa40932dbea7054
benchmarks/m4_external_holdout/runs_lgdb/B/lgdb_ambispora_fennica/05_summary/stage.json	435	5587151e836d67cf83c6047b59edf658707af99124a3c1218d28ae3c6932bf4e
benchmarks/m4_external_holdout/runs_lgdb/B/lgdb_ambispora_fennica/DONE.json	806	0ef70044fc853552af5947ea05776ff13899baae179e7aca24769420f98686e5
benchmarks/m4_external_holdout/runs_lgdb/B/lgdb_archaeospora_schenckii/01_reference/commands.json	276	ac26c52ed38f2515e78246a99604de8c7b7ec6753acbe8a1e50b7a266b1c127b
benchmarks/m4_external_holdout/runs_lgdb/B/lgdb_archaeospora_schenckii/01_reference/mafft.log	198572	39d88aca27c366c3c8c31c10d1974cfb67f47857cb0ace57c9adfd5c66281d5f
benchmarks/m4_external_holdout/runs_lgdb/B/lgdb_archaeospora_schenckii/01_reference/metadata.tsv	70792	7e80cf408bd605257599ee9ca9cc7baac5f95e476a0dade01e3525fc9ed7ae2b
benchmarks/m4_external_holdout/runs_lgdb/B/lgdb_archaeospora_schenckii/01_reference/stage.json	668	a00b75d1912e1824c1bc54e3f952c819b926b2fcf99877f89dbd540310ec58f5
benchmarks/m4_external_holdout/runs_lgdb/B/lgdb_archaeospora_schenckii/01_reference/topology.newick	21673	086e95ad91f6d34851ddca7a76dd793bd339894a823fb57bc6afb9e5040feba4
benchmarks/m4_external_holdout/runs_lgdb/B/lgdb_archaeospora_schenckii/02_model/commands.json	581	0146586cdf15fc41f94c61d04de7476eafccf3ab4ef558e5c22d51a72dadbe6a
benchmarks/m4_external_holdout/runs_lgdb/B/lgdb_archaeospora_schenckii/02_model/fit.raxml.bestModel	130	a16f9c4b5896ceb21425c58d992aadca3f8b7f9c65fa29e6bbaeeed51af79ee1
benchmarks/m4_external_holdout/runs_lgdb/B/lgdb_archaeospora_schenckii/02_model/fit.raxml.bestTree	12788	a2cf2d1ba83f2e9e0a107241a8a3e0885e098494b76580eb8afb974f48f06410
benchmarks/m4_external_holdout/runs_lgdb/B/lgdb_archaeospora_schenckii/02_model/fit.raxml.bestTreeCollapsed	12722	120d5459014b22ecd9a25544e796fe7528a0bdefa986beec54b4723a6961fd7a
benchmarks/m4_external_holdout/runs_lgdb/B/lgdb_archaeospora_schenckii/02_model/fit.raxml.log	5090	2239be8fc51f066ec763fffaa5aa9730bf0346d5e0ccaef1dd1e8b88b5ff6b12
benchmarks/m4_external_holdout/runs_lgdb/B/lgdb_archaeospora_schenckii/02_model/fit.raxml.startTree	12788	b6521e0687478425f24df5b2e9e354e145c5ed201c2ba684469392278788d7ba
benchmarks/m4_external_holdout/runs_lgdb/B/lgdb_archaeospora_schenckii/02_model/raxml.log	5090	2239be8fc51f066ec763fffaa5aa9730bf0346d5e0ccaef1dd1e8b88b5ff6b12
benchmarks/m4_external_holdout/runs_lgdb/B/lgdb_archaeospora_schenckii/02_model/stage.json	974	b68c144def3ded326ac1f303fef8bd608240a7004ba6e8259357a83b98ffdca8
benchmarks/m4_external_holdout/runs_lgdb/B/lgdb_archaeospora_schenckii/03_queries/commands.json	388	062425c2b7e79194aaba77b4e65f815e0ea61d68b23ffa2288532581fee8b59c
benchmarks/m4_external_holdout/runs_lgdb/B/lgdb_archaeospora_schenckii/03_queries/mafft.log	33621	0fedab06255e3211096d98ad1c45139af33256fa0542df7cc7a2161e9866285c
benchmarks/m4_external_holdout/runs_lgdb/B/lgdb_archaeospora_schenckii/03_queries/queries.fasta.map	10448961	0d7c01922feb83373122832b1d4aea9e6b853387808bbb720b671ebb83f177bc
benchmarks/m4_external_holdout/runs_lgdb/B/lgdb_archaeospora_schenckii/03_queries/stage.json	601	79ba0a3b3d27c00166d615631614515c0e101fc466acc82b6bf3d51af83de759
benchmarks/m4_external_holdout/runs_lgdb/B/lgdb_archaeospora_schenckii/04_epa/commands.json	866	0240c31d10e502decb5dd8da14de5c53564b521772c45155e8dfd62820061e5c
benchmarks/m4_external_holdout/runs_lgdb/B/lgdb_archaeospora_schenckii/04_epa/epa.log	1904	37aefbbcc99dd3095b97522378cb6f186d8c822edb1522551d08a71138428a87
benchmarks/m4_external_holdout/runs_lgdb/B/lgdb_archaeospora_schenckii/04_epa/epa_info.log	1904	37aefbbcc99dd3095b97522378cb6f186d8c822edb1522551d08a71138428a87
benchmarks/m4_external_holdout/runs_lgdb/B/lgdb_archaeospora_schenckii/04_epa/stage.json	489	00bbc8bd48165960b8989f7d9ae4296a40ecc979ffa80b18b654271f8e1b75d0
benchmarks/m4_external_holdout/runs_lgdb/B/lgdb_archaeospora_schenckii/05_summary/edge_annotations.json	453492	184cde390740959c46dfe72f12b98f9a0c7f909d703af302bc8a6fa61bcca487
benchmarks/m4_external_holdout/runs_lgdb/B/lgdb_archaeospora_schenckii/05_summary/lsu_placements.copies.tsv	468664	323209027a4143d2f8b5960b593c5879b18de667700d9947c27d30b435483369
benchmarks/m4_external_holdout/runs_lgdb/B/lgdb_archaeospora_schenckii/05_summary/placement_summary.json	590	a56eeb838e7a8e3310c1efaa4d66d2f5048a1d99a4f01822e1f2e3f615c3cd90
benchmarks/m4_external_holdout/runs_lgdb/B/lgdb_archaeospora_schenckii/05_summary/stage.json	436	bd9b1e2684871284950f7f3a7b8c798eee404e66be8a6b73ddc35334bbb7b414
benchmarks/m4_external_holdout/runs_lgdb/B/lgdb_archaeospora_schenckii/DONE.json	667	ce501265123582d6bee79b10a0b3d797c9afaf65216c2e4868467acaf19f1e2a
benchmarks/m4_external_holdout/runs_lgdb/B/lgdb_archaeospora_trappei/01_reference/commands.json	274	5fb9bad45e32e750e8a705a8e9cc8ad8d6c21ba46f0c703d7ef26961127dddf4
benchmarks/m4_external_holdout/runs_lgdb/B/lgdb_archaeospora_trappei/01_reference/mafft.log	205122	f582610e001a4944b33f43131a07e4c497c9582f7c2c96ed8a4b8610879d6016
benchmarks/m4_external_holdout/runs_lgdb/B/lgdb_archaeospora_trappei/01_reference/metadata.tsv	70804	7dda9ca63da2cdd37fffccc0714b74997bd032882c096a04463cfedc22290396
benchmarks/m4_external_holdout/runs_lgdb/B/lgdb_archaeospora_trappei/01_reference/stage.json	668	2cee8259c139487f9f8f5516950402bc3a1545c31588eba17867cbd331f37c93
benchmarks/m4_external_holdout/runs_lgdb/B/lgdb_archaeospora_trappei/01_reference/topology.newick	21673	f818bbc1d4923f34667cd3bfc118524878e136c3d1eca6a76b8fb8b3e1643456
benchmarks/m4_external_holdout/runs_lgdb/B/lgdb_archaeospora_trappei/02_model/commands.json	575	9f8ff922cd9f03d1de1b0893dc5d92bf10cd22a898ebc520a12d22c78e8bb1f6
benchmarks/m4_external_holdout/runs_lgdb/B/lgdb_archaeospora_trappei/02_model/fit.raxml.bestModel	130	8dd4e21b55f9303240403b228cff10c9c11e2a3b02efe18e9effeff5c378e9b6
benchmarks/m4_external_holdout/runs_lgdb/B/lgdb_archaeospora_trappei/02_model/fit.raxml.bestTree	12788	8ac7d609ac8c0bdaf5a6987681c6ed824cde489a253e681ee27e6cede24ea137
benchmarks/m4_external_holdout/runs_lgdb/B/lgdb_archaeospora_trappei/02_model/fit.raxml.bestTreeCollapsed	12700	d35e9776c89b5992a038e9f9fb71ebcc43375db428ef9bc5c9bb582c9f1a3141
benchmarks/m4_external_holdout/runs_lgdb/B/lgdb_archaeospora_trappei/02_model/fit.raxml.log	5067	6a426ed1b705c44986299b8db7268988f432055e07b89861369d82d15ad58208
benchmarks/m4_external_holdout/runs_lgdb/B/lgdb_archaeospora_trappei/02_model/fit.raxml.startTree	12788	5fb4e4844ff4dc3ffe4cb0acbbf2cb2bb7cd9369602f7d89b3137246e8ee46cd
benchmarks/m4_external_holdout/runs_lgdb/B/lgdb_archaeospora_trappei/02_model/raxml.log	5067	6a426ed1b705c44986299b8db7268988f432055e07b89861369d82d15ad58208
benchmarks/m4_external_holdout/runs_lgdb/B/lgdb_archaeospora_trappei/02_model/stage.json	974	559ec5569dc79fdcda35dae4b97d886c0e0cbbe3dec1af4869dc5b1e1ad6fff8
benchmarks/m4_external_holdout/runs_lgdb/B/lgdb_archaeospora_trappei/03_queries/commands.json	384	a1f25a7f25d2a9a5586f4b058e17255db838d41f82333caf54413046a859d444
benchmarks/m4_external_holdout/runs_lgdb/B/lgdb_archaeospora_trappei/03_queries/mafft.log	33621	47a3ac705990b61225ff8791b289457fc86a73bd6a6faceec806ba1135ba911b
benchmarks/m4_external_holdout/runs_lgdb/B/lgdb_archaeospora_trappei/03_queries/queries.fasta.map	10450685	bfeb07ec096c8df165447a2c85a3552d243fa49509243c6f6a10c9ab598c3578
benchmarks/m4_external_holdout/runs_lgdb/B/lgdb_archaeospora_trappei/03_queries/stage.json	601	447c5a901f057ebcd660f85b256d078d21211ee776f4c7c16071a44094fb4c1f
benchmarks/m4_external_holdout/runs_lgdb/B/lgdb_archaeospora_trappei/04_epa/commands.json	856	96635bd4fcce215f62b9b276368eb8de981513e9cb5364854ef2bfb22f6fd2a5
benchmarks/m4_external_holdout/runs_lgdb/B/lgdb_archaeospora_trappei/04_epa/epa.log	1892	30573c26064b9adea18b6813cc79a2776493ed0ab55627934f6eda945f6799d5
benchmarks/m4_external_holdout/runs_lgdb/B/lgdb_archaeospora_trappei/04_epa/epa_info.log	1892	30573c26064b9adea18b6813cc79a2776493ed0ab55627934f6eda945f6799d5
benchmarks/m4_external_holdout/runs_lgdb/B/lgdb_archaeospora_trappei/04_epa/stage.json	488	95d84d7c5ec57fa97152a7c23a756fdf9acb4224f5392ea09f037a98746a5333
benchmarks/m4_external_holdout/runs_lgdb/B/lgdb_archaeospora_trappei/05_summary/edge_annotations.json	453478	8bbfcd042d3fa44329d800134b88b1562453401f6985b9dadcecad19fdfdeb67
benchmarks/m4_external_holdout/runs_lgdb/B/lgdb_archaeospora_trappei/05_summary/lsu_placements.copies.tsv	473339	8dc99ca04a447f72e61498f24b4aa2550218d274016501ac8e62db445c6f001a
benchmarks/m4_external_holdout/runs_lgdb/B/lgdb_archaeospora_trappei/05_summary/placement_summary.json	590	4834432d266872aaf69c951c408ee1fb5bb6056c506a98a8e7fcb5f9317867fb
benchmarks/m4_external_holdout/runs_lgdb/B/lgdb_archaeospora_trappei/05_summary/stage.json	436	72342c96cacbdecb78facfba59e97b77c51662e70e03780ee840509a7697707e
benchmarks/m4_external_holdout/runs_lgdb/B/lgdb_archaeospora_trappei/DONE.json	776	7b071cdea82105818d5f77ec939a88a90dd3fb96f381fffc50acc0492b13c390
benchmarks/m4_external_holdout/runs_lgdb/B/lgdb_corymbiglomus_corymbiforme/01_reference/commands.json	280	5e49b83c552d2033855bc3172dc48cd192cfe282d66ce8de621da03c5b2fa021
benchmarks/m4_external_holdout/runs_lgdb/B/lgdb_corymbiglomus_corymbiforme/01_reference/mafft.log	197618	5f1f2ae7548cedcdd513ba307248560172c3ff956fac77018872e49635a00613
benchmarks/m4_external_holdout/runs_lgdb/B/lgdb_corymbiglomus_corymbiforme/01_reference/metadata.tsv	70766	392891cff05663b9a3e5dff5456721128107981661490a917f0221c1425006e4
benchmarks/m4_external_holdout/runs_lgdb/B/lgdb_corymbiglomus_corymbiforme/01_reference/stage.json	669	9c861e1de60b439822c64c2a1a65e58a0556349b68318d46d52dcceea93c250b
benchmarks/m4_external_holdout/runs_lgdb/B/lgdb_corymbiglomus_corymbiforme/01_reference/topology.newick	21673	ec8bd784da09df92729d64b346e2b25db8f1cde1989920b5f4afc46945f99bc1
benchmarks/m4_external_holdout/runs_lgdb/B/lgdb_corymbiglomus_corymbiforme/02_model/commands.json	593	76423613d02a77d9d2c9b03f56be1773058e25869fa07fe981e8bc3edb826624
benchmarks/m4_external_holdout/runs_lgdb/B/lgdb_corymbiglomus_corymbiforme/02_model/fit.raxml.bestModel	130	e2df59e0039ec6facb9606f79cba513fbd7fe918491927754c24fd0da37d872b
benchmarks/m4_external_holdout/runs_lgdb/B/lgdb_corymbiglomus_corymbiforme/02_model/fit.raxml.bestTree	12788	81bea5c2ef016b479bb6c891043d7421d793b2b3d0a02a7d2a0bad149653155f
benchmarks/m4_external_holdout/runs_lgdb/B/lgdb_corymbiglomus_corymbiforme/02_model/fit.raxml.bestTreeCollapsed	12711	aa311df8a529df3b033d10430680043974958f174488e89ea7a771f7c24905e4
benchmarks/m4_external_holdout/runs_lgdb/B/lgdb_corymbiglomus_corymbiforme/02_model/fit.raxml.log	5133	dde0d3a11dc7ba03ff26a5091b753e8e9062c8198579b8e1627c3120149d43eb
benchmarks/m4_external_holdout/runs_lgdb/B/lgdb_corymbiglomus_corymbiforme/02_model/fit.raxml.startTree	12788	139adc7fa707757b4a6629243ca9a873480ef4b244a54fa76365a86d76e2b056
benchmarks/m4_external_holdout/runs_lgdb/B/lgdb_corymbiglomus_corymbiforme/02_model/raxml.log	5133	dde0d3a11dc7ba03ff26a5091b753e8e9062c8198579b8e1627c3120149d43eb
benchmarks/m4_external_holdout/runs_lgdb/B/lgdb_corymbiglomus_corymbiforme/02_model/stage.json	974	c8155563ee7e85983b5cd8760e5f1eda796a01be30df0040336d377844adc208
benchmarks/m4_external_holdout/runs_lgdb/B/lgdb_corymbiglomus_corymbiforme/03_queries/commands.json	396	22a4eceacb8ee591ca1c38abd46bdaeaa10d755c74943d171b37b384d88f24ba
benchmarks/m4_external_holdout/runs_lgdb/B/lgdb_corymbiglomus_corymbiforme/03_queries/mafft.log	33621	76c6a14caa34b179d30c2cd8b704da87c22b1f443f7092ed4c89b6cb53d1b56c
benchmarks/m4_external_holdout/runs_lgdb/B/lgdb_corymbiglomus_corymbiforme/03_queries/queries.fasta.map	10448900	01b52eb338697577dd79376b7f2a841e3b6cb3688073f889f5e44e97bd7c0be2
benchmarks/m4_external_holdout/runs_lgdb/B/lgdb_corymbiglomus_corymbiforme/03_queries/stage.json	601	070d78eaf48c89e78b41211806233c08b50af86f5f122561c21430a9f07812c4
benchmarks/m4_external_holdout/runs_lgdb/B/lgdb_corymbiglomus_corymbiforme/04_epa/commands.json	886	e4379742b496906312bd3551849b3234f1dd3b754dac104d512ddcd5533f5f60
benchmarks/m4_external_holdout/runs_lgdb/B/lgdb_corymbiglomus_corymbiforme/04_epa/epa.log	1928	5919478db4a11c12a69f16065d7ca08a2b6c8e360b057822687396428ee1e061
benchmarks/m4_external_holdout/runs_lgdb/B/lgdb_corymbiglomus_corymbiforme/04_epa/epa_info.log	1928	5919478db4a11c12a69f16065d7ca08a2b6c8e360b057822687396428ee1e061
benchmarks/m4_external_holdout/runs_lgdb/B/lgdb_corymbiglomus_corymbiforme/04_epa/stage.json	488	8c3b8ce375f7b148cfeaa01c10aaa02449ba3f9100fc8cfc66741d2ba83cb3a8
benchmarks/m4_external_holdout/runs_lgdb/B/lgdb_corymbiglomus_corymbiforme/05_summary/edge_annotations.json	452812	d637829f5262084326611e6241404b9990ea783e1e2d0501678c1fff78fcf107
benchmarks/m4_external_holdout/runs_lgdb/B/lgdb_corymbiglomus_corymbiforme/05_summary/lsu_placements.copies.tsv	470254	ef0373984d5b3cb9410a6fab6d16277042f36e40e9a9ecf92ca6d19a6209d72e
benchmarks/m4_external_holdout/runs_lgdb/B/lgdb_corymbiglomus_corymbiforme/05_summary/placement_summary.json	590	405b8fc668c3775d9e994896277643487426afa84893d16b72b3de9975a05368
benchmarks/m4_external_holdout/runs_lgdb/B/lgdb_corymbiglomus_corymbiforme/05_summary/stage.json	435	90e32bfc5492f60cdfa76404c8f8179134bc3558d521afb52416403b26595757
benchmarks/m4_external_holdout/runs_lgdb/B/lgdb_corymbiglomus_corymbiforme/DONE.json	843	9e44f8ef8b6b61690f47accebd34248c1efa58678c4c5b72d6048ae929e5bbd6
benchmarks/m4_external_holdout/runs_lgdb/B/lgdb_dentiscutata_erythropa/01_reference/commands.json	276	55a1af4916cab0a15994510c5b5b5f1c87b80ce25a829a4de139bf1c1eca5dea
benchmarks/m4_external_holdout/runs_lgdb/B/lgdb_dentiscutata_erythropa/01_reference/mafft.log	251342	5a16f29f6e8d4207dc2ed79b151d6afc90de561e23140045998e27dadd41c324
benchmarks/m4_external_holdout/runs_lgdb/B/lgdb_dentiscutata_erythropa/01_reference/metadata.tsv	70798	62618f809575ca43bf5fde6fcbda24e40fd03a918c5eb7836df5ca64870412f8
benchmarks/m4_external_holdout/runs_lgdb/B/lgdb_dentiscutata_erythropa/01_reference/stage.json	669	e0846cc32c17be49e859c8d480da7dc05ad6c31e0170149b0d3baa9ba9fac90f
benchmarks/m4_external_holdout/runs_lgdb/B/lgdb_dentiscutata_erythropa/01_reference/topology.newick	21673	7507d199856583a69c283b796d673a42e6c214d7f9b1eb1e6e6bff9e5a288298
benchmarks/m4_external_holdout/runs_lgdb/B/lgdb_dentiscutata_erythropa/02_model/commands.json	581	1f29c67afd65afbfb5df506566e5b822b8c1af28e1b12c772478e5509d6e1ead
benchmarks/m4_external_holdout/runs_lgdb/B/lgdb_dentiscutata_erythropa/02_model/fit.raxml.bestModel	130	d0b8918a9522dc9001b9e30e5fac26bdd2472fd56aaa0a7507d22638f1b4076b
benchmarks/m4_external_holdout/runs_lgdb/B/lgdb_dentiscutata_erythropa/02_model/fit.raxml.bestTree	12788	ee6c313e5897590477832af6504d266c9eacff363556896c8b6d5aaf87cada74
benchmarks/m4_external_holdout/runs_lgdb/B/lgdb_dentiscutata_erythropa/02_model/fit.raxml.bestTreeCollapsed	12711	27492e20061aefb51278fdada843ce3dd94dda153bc784218f4b2a1df21db31e
benchmarks/m4_external_holdout/runs_lgdb/B/lgdb_dentiscutata_erythropa/02_model/fit.raxml.log	5090	998f0000cf688a420511930ccab25c1bce06044b3c2b5f9bb36596464e4bbd97
benchmarks/m4_external_holdout/runs_lgdb/B/lgdb_dentiscutata_erythropa/02_model/fit.raxml.startTree	12788	f9a64d7ae197c645cfec9a4ed83e3684bcdb824bd6e712efd7a10a8befef2360
benchmarks/m4_external_holdout/runs_lgdb/B/lgdb_dentiscutata_erythropa/02_model/raxml.log	5090	998f0000cf688a420511930ccab25c1bce06044b3c2b5f9bb36596464e4bbd97
benchmarks/m4_external_holdout/runs_lgdb/B/lgdb_dentiscutata_erythropa/02_model/stage.json	974	09767a1707cfae091a34e06f9e453de4e46cde6d957a36c4e996aba2f0efb849
benchmarks/m4_external_holdout/runs_lgdb/B/lgdb_dentiscutata_erythropa/03_queries/commands.json	388	49cc392aa36a57b20582f25ae15b576ae317f17f8904a7b7d9f331d3818150a1
benchmarks/m4_external_holdout/runs_lgdb/B/lgdb_dentiscutata_erythropa/03_queries/mafft.log	34431	8237b02bcbfeca68b88c530a0e75a34c7cd7b92b94f1d3c40c4c2c6c773a9445
benchmarks/m4_external_holdout/runs_lgdb/B/lgdb_dentiscutata_erythropa/03_queries/queries.fasta.map	10445137	5fad7f90b6ff9ba18e6216f883472df4fbafe483ef252f5bda97e6a1586d1077
benchmarks/m4_external_holdout/runs_lgdb/B/lgdb_dentiscutata_erythropa/03_queries/stage.json	601	6fc5f1a9cb79e1490308b89c883f3bd8c1a969c7bd36494d52cee99cd819db2e
benchmarks/m4_external_holdout/runs_lgdb/B/lgdb_dentiscutata_erythropa/04_epa/commands.json	866	f5f83dab259a3bb7a1fa5ebb6ff54b2b96234f694a83531d229ff1a9a4e6e40f
benchmarks/m4_external_holdout/runs_lgdb/B/lgdb_dentiscutata_erythropa/04_epa/epa.log	1904	17d16e915d5cfab5b256064d9ace999c192b5cd17b7d9a1b081c8ba0018c082e
benchmarks/m4_external_holdout/runs_lgdb/B/lgdb_dentiscutata_erythropa/04_epa/epa_info.log	1904	17d16e915d5cfab5b256064d9ace999c192b5cd17b7d9a1b081c8ba0018c082e
benchmarks/m4_external_holdout/runs_lgdb/B/lgdb_dentiscutata_erythropa/04_epa/stage.json	488	81c42507ea03a1c58dbab4fc234f28197878d7dfc1f917975afec7ca4384a60f
benchmarks/m4_external_holdout/runs_lgdb/B/lgdb_dentiscutata_erythropa/05_summary/edge_annotations.json	453007	45ce69d59e24372db45894c0eeb6d9b06533814015b5f2d5a39b519acddc9326
benchmarks/m4_external_holdout/runs_lgdb/B/lgdb_dentiscutata_erythropa/05_summary/lsu_placements.copies.tsv	474052	b8faeadf0237467c3967d13e04a6bcbc9c3a5c0b33af85b83ccfe4f1038eb5cf
benchmarks/m4_external_holdout/runs_lgdb/B/lgdb_dentiscutata_erythropa/05_summary/placement_summary.json	590	4ceb60ec3ffa5343e5c66407a5414f89496389618b9fa327378d44da5c43bbce
benchmarks/m4_external_holdout/runs_lgdb/B/lgdb_dentiscutata_erythropa/05_summary/stage.json	436	13abc5556f7d046d7d4e253acbacb4efa3f0168a4b4422064d05f83d5d066af2
benchmarks/m4_external_holdout/runs_lgdb/B/lgdb_dentiscutata_erythropa/DONE.json	1081	9c670ae1554a245be16f54a4d42818e8be36a830bda5d8f88eb306f8c6e076c6
benchmarks/m4_external_holdout/runs_lgdb/B/lgdb_entrophospora_lutea/01_reference/commands.json	273	8604ea1142d945a3a59fc77541d784f48ae2a9164e8df1f53e4df9736d11eebe
benchmarks/m4_external_holdout/runs_lgdb/B/lgdb_entrophospora_lutea/01_reference/mafft.log	205570	8210299edfd8a6b91bd264188adb1c95cd112b93827b3d78cf556e0783105e7a
benchmarks/m4_external_holdout/runs_lgdb/B/lgdb_entrophospora_lutea/01_reference/metadata.tsv	70804	8d591a20963d77fbf5a589c8ee8e39978bb3b22a60fddebf377d5bb35d090741
benchmarks/m4_external_holdout/runs_lgdb/B/lgdb_entrophospora_lutea/01_reference/stage.json	668	0d7600b127f6bbb3bfe1416a19860c478ff80ce4becdc78b5b2181c6e9216ee5
benchmarks/m4_external_holdout/runs_lgdb/B/lgdb_entrophospora_lutea/01_reference/topology.newick	21673	b9560e5874d8d48ed5502f88bb369dc8f7a4e8d84b07ba72622601ab53ac1391
benchmarks/m4_external_holdout/runs_lgdb/B/lgdb_entrophospora_lutea/02_model/commands.json	572	b55ca9220ee8e6e3ac65b54c972e6e38223b3be8ee0ccd9f66f021a4fc42d226
benchmarks/m4_external_holdout/runs_lgdb/B/lgdb_entrophospora_lutea/02_model/fit.raxml.bestModel	130	c597a1fa1d21c30449d38423aba2eb4b18265da6e280c831d7bbf16aacc922fc
benchmarks/m4_external_holdout/runs_lgdb/B/lgdb_entrophospora_lutea/02_model/fit.raxml.bestTree	12788	79810ad868d92cc10aa37d6e2f3c12d20245dc2de7f6a4566cd964d3f0d0a7b9
benchmarks/m4_external_holdout/runs_lgdb/B/lgdb_entrophospora_lutea/02_model/fit.raxml.bestTreeCollapsed	12722	6fca085d1d861e2f16543b737e1a03d06b1efb3010f2150a787bf4098aff895c
benchmarks/m4_external_holdout/runs_lgdb/B/lgdb_entrophospora_lutea/02_model/fit.raxml.log	5057	164618df309c230a645a4ece8fe2847a77f040975022a2b82791af3aa39a2f81
benchmarks/m4_external_holdout/runs_lgdb/B/lgdb_entrophospora_lutea/02_model/fit.raxml.startTree	12788	6dc941e2d3e38fac7bd2e52d5dc67d7cb85eb00ae555b1853605a2ce04ef51da
benchmarks/m4_external_holdout/runs_lgdb/B/lgdb_entrophospora_lutea/02_model/raxml.log	5057	164618df309c230a645a4ece8fe2847a77f040975022a2b82791af3aa39a2f81
benchmarks/m4_external_holdout/runs_lgdb/B/lgdb_entrophospora_lutea/02_model/stage.json	974	685baec1fd690bc729323a526ab9378aa38d67bb315b53c2f43e416801d7e515
benchmarks/m4_external_holdout/runs_lgdb/B/lgdb_entrophospora_lutea/03_queries/commands.json	382	30821016310a8838c17097a845b528ebdb8c985888724c34d0edb99e42e54f12
benchmarks/m4_external_holdout/runs_lgdb/B/lgdb_entrophospora_lutea/03_queries/mafft.log	33567	fa624ed99b5d9cf64da0f79023a9394e3d242f03879036730a5f6a64eb9f08c8
benchmarks/m4_external_holdout/runs_lgdb/B/lgdb_entrophospora_lutea/03_queries/queries.fasta.map	10442817	858465d733cc1d939d12af490bb67fb1ae5dbf2e812300e2134c0656a02eb712
benchmarks/m4_external_holdout/runs_lgdb/B/lgdb_entrophospora_lutea/03_queries/stage.json	600	9fe93757a3c8ce811a3b6af6a8a66cea09bb22ca8c9be257cd73c61c185effe0
benchmarks/m4_external_holdout/runs_lgdb/B/lgdb_entrophospora_lutea/04_epa/commands.json	851	989a97d8e619fb333cd8000400e78b65a47049f5802298ca5b491e32ea5ef00d
benchmarks/m4_external_holdout/runs_lgdb/B/lgdb_entrophospora_lutea/04_epa/epa.log	1886	75f25e13530a481c3fe5d1644c53ca8428fcf624afd377b567aa6cf0293926aa
benchmarks/m4_external_holdout/runs_lgdb/B/lgdb_entrophospora_lutea/04_epa/epa_info.log	1886	75f25e13530a481c3fe5d1644c53ca8428fcf624afd377b567aa6cf0293926aa
benchmarks/m4_external_holdout/runs_lgdb/B/lgdb_entrophospora_lutea/04_epa/stage.json	489	6c1dd56b8777613ae19ea5eb198b2f2289400fd62d3d38c842dd9a606062da60
benchmarks/m4_external_holdout/runs_lgdb/B/lgdb_entrophospora_lutea/05_summary/edge_annotations.json	453338	5e2fb39075255b6a51fe73e670334e78e2998ec8a6b9fb2e5c47c53836451ad8
benchmarks/m4_external_holdout/runs_lgdb/B/lgdb_entrophospora_lutea/05_summary/lsu_placements.copies.tsv	471072	956f22b366132626e251de526bf2de5af2b4e91e3b9c85e7de0c352af9925606
benchmarks/m4_external_holdout/runs_lgdb/B/lgdb_entrophospora_lutea/05_summary/placement_summary.json	590	578897404dd43165e4dae2499912b6b6092b7340dc6f0ce66c2bd0ef96127bb8
benchmarks/m4_external_holdout/runs_lgdb/B/lgdb_entrophospora_lutea/05_summary/stage.json	435	1738c3d9db6705aeff91d5d436d71552df3a2927e0e07fc95dd5550e4024d544
benchmarks/m4_external_holdout/runs_lgdb/B/lgdb_entrophospora_lutea/DONE.json	599	8f8a9643850cc5a43f692e319ed6a24012c63271b25a80da0f696ce82f97d376
benchmarks/m4_external_holdout/runs_lgdb/B/lgdb_gigaspora_decipiens/01_reference/commands.json	273	c3d5128ebf58f04aa79085964e3e0566ba33eacaae77ff3ac4d7a910a27b9445
benchmarks/m4_external_holdout/runs_lgdb/B/lgdb_gigaspora_decipiens/01_reference/mafft.log	207754	3e5da070b2bf4f78f98277093c7829f6a2e564df2ee8047ae679fa0611a6d858
benchmarks/m4_external_holdout/runs_lgdb/B/lgdb_gigaspora_decipiens/01_reference/metadata.tsv	70828	7d732f6c829297b34ad283a1b6fe6cca3d5c851778cb484cc2185df6b5dfb6e6
benchmarks/m4_external_holdout/runs_lgdb/B/lgdb_gigaspora_decipiens/01_reference/stage.json	669	9c441ea52742c03e00bb009b07c829d051837df3c7f8f1d098c77c6c734aba7e
benchmarks/m4_external_holdout/runs_lgdb/B/lgdb_gigaspora_decipiens/01_reference/topology.newick	21673	ac1dbac7244de7c0baf2e485269024becdbe638c3144d53f59216155d0309bd4
benchmarks/m4_external_holdout/runs_lgdb/B/lgdb_gigaspora_decipiens/02_model/commands.json	572	4850099cb02a41b19d103d87363faa9f3bc5b5cb1b37b473e707bc7fc3fb52e5
benchmarks/m4_external_holdout/runs_lgdb/B/lgdb_gigaspora_decipiens/02_model/fit.raxml.bestModel	130	2b3c9c416c42201e5403d8cc1912f7820f16f96d4dc989c078d839f30af69fe6
benchmarks/m4_external_holdout/runs_lgdb/B/lgdb_gigaspora_decipiens/02_model/fit.raxml.bestTree	12788	4d9db4210467b1d3237f1eca4871a5b17e3aae210bcd7f60a45c7864952f94ed
benchmarks/m4_external_holdout/runs_lgdb/B/lgdb_gigaspora_decipiens/02_model/fit.raxml.bestTreeCollapsed	12711	15ed932cceeb6b7aaf14901722fe7fad4050446ef1a72a79964ade804db887b0
benchmarks/m4_external_holdout/runs_lgdb/B/lgdb_gigaspora_decipiens/02_model/fit.raxml.log	5056	c3a47d2294f5f638e5c0989802deb893307111f7370ca82dfe6fa8cf6a0c814e
benchmarks/m4_external_holdout/runs_lgdb/B/lgdb_gigaspora_decipiens/02_model/fit.raxml.startTree	12788	d67818eb710f187807e490f0f2bf04ad1b0f18f10ab478edfd3254aee44b7c31
benchmarks/m4_external_holdout/runs_lgdb/B/lgdb_gigaspora_decipiens/02_model/raxml.log	5056	c3a47d2294f5f638e5c0989802deb893307111f7370ca82dfe6fa8cf6a0c814e
benchmarks/m4_external_holdout/runs_lgdb/B/lgdb_gigaspora_decipiens/02_model/stage.json	974	a4baf17ab2fb9c3207af66df93df8e048b6c3d94fd43b388b6ba8eb6d0448ee5
benchmarks/m4_external_holdout/runs_lgdb/B/lgdb_gigaspora_decipiens/03_queries/commands.json	382	01516d1ab57c11f95d19bf20d39b8c3436355e7d7edfb6579e246dcd47746441
benchmarks/m4_external_holdout/runs_lgdb/B/lgdb_gigaspora_decipiens/03_queries/mafft.log	33621	f598d4d4d2898c1e369ff54641e220a9b7a0f845a5697de9a92a3839b242ce7b
benchmarks/m4_external_holdout/runs_lgdb/B/lgdb_gigaspora_decipiens/03_queries/queries.fasta.map	10450731	62ca6716e923efd50b5c85afc20b015fdaff0dc8bb7b9b4248740ba872811e59
benchmarks/m4_external_holdout/runs_lgdb/B/lgdb_gigaspora_decipiens/03_queries/stage.json	600	9a0641c6b39634cb3565ff5aaee86304e2d7decb63c5da801d06bb6d938604de
benchmarks/m4_external_holdout/runs_lgdb/B/lgdb_gigaspora_decipiens/04_epa/commands.json	851	c5d669e4694021215eb4ce40f3cc5a9b9f276b0eab5b0464dc68c99c528fa5a6
benchmarks/m4_external_holdout/runs_lgdb/B/lgdb_gigaspora_decipiens/04_epa/epa.log	1884	39721d9be028214afd5c0e06b6c247a7889265e437f05528279d5f2079f11be7
benchmarks/m4_external_holdout/runs_lgdb/B/lgdb_gigaspora_decipiens/04_epa/epa_info.log	1884	39721d9be028214afd5c0e06b6c247a7889265e437f05528279d5f2079f11be7
benchmarks/m4_external_holdout/runs_lgdb/B/lgdb_gigaspora_decipiens/04_epa/stage.json	488	f05ed6b2af07c34f8f728d6b7d50018a097a98fdfc75ead233b7350d213c980a
benchmarks/m4_external_holdout/runs_lgdb/B/lgdb_gigaspora_decipiens/05_summary/edge_annotations.json	453067	d54f3b14341c4687f335a2b1310690d9af32e581eeb7153d599e0fd1e02770df
benchmarks/m4_external_holdout/runs_lgdb/B/lgdb_gigaspora_decipiens/05_summary/lsu_placements.copies.tsv	470348	c36161db703c0f8af272711c45e6c530287858b203a16907ae75ff362e1c8831
benchmarks/m4_external_holdout/runs_lgdb/B/lgdb_gigaspora_decipiens/05_summary/placement_summary.json	590	2e1c867a6e37a0672b8451639ece92b71fdbcb004055d89754dd6a91bbe80053
benchmarks/m4_external_holdout/runs_lgdb/B/lgdb_gigaspora_decipiens/05_summary/stage.json	435	7f8573c0d566da4c00d4d7354601d1dc921e720fbc935fc60fe354e6f271e860
benchmarks/m4_external_holdout/runs_lgdb/B/lgdb_gigaspora_decipiens/DONE.json	705	db2e05c264fbff2c29e99445daab57e5449ed53f1bfab1d2a3f6d2505d83e7c4
benchmarks/m4_external_holdout/runs_lgdb/B/lgdb_gigaspora_gigantea/01_reference/commands.json	272	405bdc8bac3499df168113a52030b33ca48be610e62c10c7b1cd73012933c03f
benchmarks/m4_external_holdout/runs_lgdb/B/lgdb_gigaspora_gigantea/01_reference/mafft.log	150870	46a580ac715e71f0a056714777d3b30d147547fbbbe83729a589c97a8b062b33
benchmarks/m4_external_holdout/runs_lgdb/B/lgdb_gigaspora_gigantea/01_reference/metadata.tsv	70834	d47155da74dca1702748c9d529b43634a3661f4525405f11a7853ba457eff5e3
benchmarks/m4_external_holdout/runs_lgdb/B/lgdb_gigaspora_gigantea/01_reference/stage.json	666	ec63a2b56eb7f215ef2e412f50c182d5182bc705bab136821648f08d206c79d5
benchmarks/m4_external_holdout/runs_lgdb/B/lgdb_gigaspora_gigantea/01_reference/topology.newick	21673	6d2a3947cb0fc439f209d266fd8079957a0de4220649b1a19f682b86485cb1bb
benchmarks/m4_external_holdout/runs_lgdb/B/lgdb_gigaspora_gigantea/02_model/commands.json	569	b0650483fd9c74b152452a26733e36fdc3366ba826e26dd08b759b69df2aeede
benchmarks/m4_external_holdout/runs_lgdb/B/lgdb_gigaspora_gigantea/02_model/fit.raxml.bestModel	130	a814fca72f116d999cbd90c7fdc09cff5070730bbfb6df374ee2a67f2785e75f
benchmarks/m4_external_holdout/runs_lgdb/B/lgdb_gigaspora_gigantea/02_model/fit.raxml.bestTree	12788	376faf89d1d1e409a48a5a11a6ea7d93570e5c6f5716c27d38b8c08e563e8b9f
benchmarks/m4_external_holdout/runs_lgdb/B/lgdb_gigaspora_gigantea/02_model/fit.raxml.bestTreeCollapsed	12722	431710d249adc815d673de052d351dc09f030bd1988fe4480f070f2fcceef942
benchmarks/m4_external_holdout/runs_lgdb/B/lgdb_gigaspora_gigantea/02_model/fit.raxml.log	5046	aba95137ad54deaab763e09de28f7f73d5a4a09f2280661dbb62dbdd74c17c09
benchmarks/m4_external_holdout/runs_lgdb/B/lgdb_gigaspora_gigantea/02_model/fit.raxml.startTree	12788	490507f86aa62959c809e5870760ecc8b35bb097c00f57ea9bc5ae209a4ad986
benchmarks/m4_external_holdout/runs_lgdb/B/lgdb_gigaspora_gigantea/02_model/raxml.log	5046	aba95137ad54deaab763e09de28f7f73d5a4a09f2280661dbb62dbdd74c17c09
benchmarks/m4_external_holdout/runs_lgdb/B/lgdb_gigaspora_gigantea/02_model/stage.json	974	ef81fcdf276584ea20b994fbd9b9a324c660c3946aebbaa53887c11a01629bcd
benchmarks/m4_external_holdout/runs_lgdb/B/lgdb_gigaspora_gigantea/03_queries/commands.json	380	ac0b3a8c065a976ac9673a166fb7bc83ce87b411d604e305292d0c942ca6d787
benchmarks/m4_external_holdout/runs_lgdb/B/lgdb_gigaspora_gigantea/03_queries/mafft.log	33621	af9032a55254f308f438addfff6833ec61f23be8032b5c39eb7fe8840c543ab3
benchmarks/m4_external_holdout/runs_lgdb/B/lgdb_gigaspora_gigantea/03_queries/queries.fasta.map	10448914	f3b0ab352230cf976296eb0bb56b8f57bda02193ada24e8646f32e4bd613c0cc
benchmarks/m4_external_holdout/runs_lgdb/B/lgdb_gigaspora_gigantea/03_queries/stage.json	599	9514755334311043c651b27751f752b54895b6db522e5261fec7b35085925dc8
benchmarks/m4_external_holdout/runs_lgdb/B/lgdb_gigaspora_gigantea/04_epa/commands.json	846	f590bb2e96874bbad3817feeb1dee8eb899868d10027d7ae13c3c1c2129c7e2b
benchmarks/m4_external_holdout/runs_lgdb/B/lgdb_gigaspora_gigantea/04_epa/epa.log	1881	d272d65c066868e448e9a3fdf701c40e8dd83d08c79bfd908e047524d07bba55
benchmarks/m4_external_holdout/runs_lgdb/B/lgdb_gigaspora_gigantea/04_epa/epa_info.log	1881	d272d65c066868e448e9a3fdf701c40e8dd83d08c79bfd908e047524d07bba55
benchmarks/m4_external_holdout/runs_lgdb/B/lgdb_gigaspora_gigantea/04_epa/stage.json	488	44408f99d020f6b713672ec8c16bc8f3d844aefa15e4e773739e71ab1dcc40e3
benchmarks/m4_external_holdout/runs_lgdb/B/lgdb_gigaspora_gigantea/05_summary/edge_annotations.json	453012	893acb242c6398b849d6e6852e5f3485121ed62ad88405ac909ec9fee1a21824
benchmarks/m4_external_holdout/runs_lgdb/B/lgdb_gigaspora_gigantea/05_summary/lsu_placements.copies.tsv	472478	56312927be523d36901e04d29adbf99755405d9425335be1ba50a8c89b818c1e
benchmarks/m4_external_holdout/runs_lgdb/B/lgdb_gigaspora_gigantea/05_summary/placement_summary.json	590	3ec6c76563215f983046b8dfdb2a54d562ac1381a1e12487ac19beb52debfc5a
benchmarks/m4_external_holdout/runs_lgdb/B/lgdb_gigaspora_gigantea/05_summary/stage.json	436	b147bdd93ce1fdee5f88b8f1745643a4c4e8330d181dbbe70dac04b32519a24c
benchmarks/m4_external_holdout/runs_lgdb/B/lgdb_gigaspora_gigantea/DONE.json	741	dc81335cad0dd2bc80ee149bfd5a423a5f1f6335d7930fcea378711c0f188fe9
benchmarks/m4_external_holdout/runs_lgdb/B/lgdb_gigaspora_margarita/01_reference/commands.json	273	fa512a81fa6c445be4ee6ebf5d13b6d59ca5ed91c10e97564236dc26a1b94bf6
benchmarks/m4_external_holdout/runs_lgdb/B/lgdb_gigaspora_margarita/01_reference/mafft.log	203354	c29cb1d72ca5c8c0ef861e2f682ffef5e55048677a8e564fb7d73826328bcd5a
benchmarks/m4_external_holdout/runs_lgdb/B/lgdb_gigaspora_margarita/01_reference/metadata.tsv	70828	c74e7dd39b68d82f172e1798a294b62584d77c8cae80f3b539ed04ae2ef1eddf
benchmarks/m4_external_holdout/runs_lgdb/B/lgdb_gigaspora_margarita/01_reference/stage.json	669	6fa15898e709cbba23b79c09acb53f06b36f1dd4f80c2456138b3b9a498d5f18
benchmarks/m4_external_holdout/runs_lgdb/B/lgdb_gigaspora_margarita/01_reference/topology.newick	21673	a3d70515fd3bdfd8246017ca0051c8ef17f9756f65bd85a4d26fb6400ff48295
benchmarks/m4_external_holdout/runs_lgdb/B/lgdb_gigaspora_margarita/02_model/commands.json	572	5229ade00fa11b54048383f95506c568e70eb5b13acd2048b3aad20ea0bc67e3
benchmarks/m4_external_holdout/runs_lgdb/B/lgdb_gigaspora_margarita/02_model/fit.raxml.bestModel	130	baf061ba76ab43efca00c9a384e2f831f1c80cd013a0d17636a68c2a13d8c2cc
benchmarks/m4_external_holdout/runs_lgdb/B/lgdb_gigaspora_margarita/02_model/fit.raxml.bestTree	12788	dde7797a3e3b21a69fe10f1d2bd4145cb663cd730179ce205eec8d61a34ad2e1
benchmarks/m4_external_holdout/runs_lgdb/B/lgdb_gigaspora_margarita/02_model/fit.raxml.bestTreeCollapsed	12711	012dae97e393b00df09d03498f8bb108967ca652da91e80a3e084f22ff07b515
benchmarks/m4_external_holdout/runs_lgdb/B/lgdb_gigaspora_margarita/02_model/fit.raxml.log	5056	b9c50ec29b699dca7f42fd7da971f7cb9f0251eeb417bdf4f9453aa7f1b145e9
benchmarks/m4_external_holdout/runs_lgdb/B/lgdb_gigaspora_margarita/02_model/fit.raxml.startTree	12788	24172fc197f7801634d733078d629bdc15ac3a062b029f001819dfe157ee230f
benchmarks/m4_external_holdout/runs_lgdb/B/lgdb_gigaspora_margarita/02_model/raxml.log	5056	b9c50ec29b699dca7f42fd7da971f7cb9f0251eeb417bdf4f9453aa7f1b145e9
benchmarks/m4_external_holdout/runs_lgdb/B/lgdb_gigaspora_margarita/02_model/stage.json	972	cd245a4b03728e4689490e5e7bb67ee7788e941694dd1cd7676934f284bb1fb7
benchmarks/m4_external_holdout/runs_lgdb/B/lgdb_gigaspora_margarita/03_queries/commands.json	382	f0681bdcb47400552d8d828493c1cf8924f4c814ad0b27cc174b55db53d4194a
benchmarks/m4_external_holdout/runs_lgdb/B/lgdb_gigaspora_margarita/03_queries/mafft.log	33621	01ac5a12e825cc8bacdf3207bc941710413cd0cd148ef78a8838e26e3caf1055
benchmarks/m4_external_holdout/runs_lgdb/B/lgdb_gigaspora_margarita/03_queries/queries.fasta.map	10450713	90d20e1e9514261ea0f51a53930059ee7bb0e5a8ec2d5e408ab3fb6dbf462b50
benchmarks/m4_external_holdout/runs_lgdb/B/lgdb_gigaspora_margarita/03_queries/stage.json	600	d58bec766a56abf87256ccfa5a6933b83329a04de5774ebfc439f90a3759a408
benchmarks/m4_external_holdout/runs_lgdb/B/lgdb_gigaspora_margarita/04_epa/commands.json	851	070da918e97690e56e3348bfd8d5c5464b2522a6d6d366c0fc8739c1f12102d1
benchmarks/m4_external_holdout/runs_lgdb/B/lgdb_gigaspora_margarita/04_epa/epa.log	1884	9cb2e9a72c819fc6e2615665a558b8658a122787833f187d240d42bc13532506
benchmarks/m4_external_holdout/runs_lgdb/B/lgdb_gigaspora_margarita/04_epa/epa_info.log	1884	9cb2e9a72c819fc6e2615665a558b8658a122787833f187d240d42bc13532506
benchmarks/m4_external_holdout/runs_lgdb/B/lgdb_gigaspora_margarita/04_epa/stage.json	488	d039c52551cc75c5370e07be7774f1a8ee1782b907e36a4530a7572814df2bf0
benchmarks/m4_external_holdout/runs_lgdb/B/lgdb_gigaspora_margarita/05_summary/edge_annotations.json	452986	a1ba1e842da2b255fef6f09a0c1687833953218582c0debc5ecd946d96e8c736
benchmarks/m4_external_holdout/runs_lgdb/B/lgdb_gigaspora_margarita/05_summary/lsu_placements.copies.tsv	470944	bbbcba27279be0870072f1892e5b31492e4d4c8079a063e99f34882a9a8fd441
benchmarks/m4_external_holdout/runs_lgdb/B/lgdb_gigaspora_margarita/05_summary/placement_summary.json	590	3f40190f4ed6139c029eba22660887e2e7f42f2bfbebcc72dedc337468ecb93e
benchmarks/m4_external_holdout/runs_lgdb/B/lgdb_gigaspora_margarita/05_summary/stage.json	436	98bf80c03ca484b2173a6c28114c921bdcaf2ffec02809d9479ca9221bf3197c
benchmarks/m4_external_holdout/runs_lgdb/B/lgdb_gigaspora_margarita/DONE.json	1030	f3f7c0fd1fbd4f0f63256a18cba6aaa4c4e4c0af733a145c8f25c178449ab88b
benchmarks/m4_external_holdout/runs_lgdb/B/lgdb_paraglomus_occultum/01_reference/commands.json	273	e931a08b8c8bf0a0ecaa74b80ae3eba5e209e0e474491cbc1735c835a607c8ad
benchmarks/m4_external_holdout/runs_lgdb/B/lgdb_paraglomus_occultum/01_reference/mafft.log	206470	7557eeb3adc559bb94ccb2cce693154ee9a0d3343f4007b5a69522dbc418b97f
benchmarks/m4_external_holdout/runs_lgdb/B/lgdb_paraglomus_occultum/01_reference/metadata.tsv	70818	ffa3835d117cd8ab599b792ffc6ebf7c0532aa340686d8b84828ce97fd0ccc3f
benchmarks/m4_external_holdout/runs_lgdb/B/lgdb_paraglomus_occultum/01_reference/stage.json	668	682fcc1bace6fd963f367387bfb50c26a237663e7f55c9f1fa46dd78bde8ddbf
benchmarks/m4_external_holdout/runs_lgdb/B/lgdb_paraglomus_occultum/01_reference/topology.newick	21673	52f3a8a1705251d26f7819797c03e33912570be53f810c6d1f200b45604d688c
benchmarks/m4_external_holdout/runs_lgdb/B/lgdb_paraglomus_occultum/02_model/commands.json	572	0edc63e8724880cd980a8eecd09d94b064be6ab955c1009923292bc2e8d46c25
benchmarks/m4_external_holdout/runs_lgdb/B/lgdb_paraglomus_occultum/02_model/fit.raxml.bestModel	130	bb849e7f46d693f362e7129fff296c8765d11e46e53c8bb2a6b48e09e60e6ef6
benchmarks/m4_external_holdout/runs_lgdb/B/lgdb_paraglomus_occultum/02_model/fit.raxml.bestTree	12788	d05f8d5a4c16badd0d35d9372d0dac326a1a82013fd95761706574402c5fbc87
benchmarks/m4_external_holdout/runs_lgdb/B/lgdb_paraglomus_occultum/02_model/fit.raxml.bestTreeCollapsed	12700	52922027f2c6b15eee41af1d8e790afa2ec6eda33023367bdf5ef493ff19c601
benchmarks/m4_external_holdout/runs_lgdb/B/lgdb_paraglomus_occultum/02_model/fit.raxml.log	5057	5b1d2fe66fdb824c2364409e227523616c1ba97eb5501d2d2e496e040638892f
benchmarks/m4_external_holdout/runs_lgdb/B/lgdb_paraglomus_occultum/02_model/fit.raxml.startTree	12788	affc19ab72445cb324b535b24a53e5b1dd1ea83ffff1f263a8fa496f9eef46c7
benchmarks/m4_external_holdout/runs_lgdb/B/lgdb_paraglomus_occultum/02_model/raxml.log	5057	5b1d2fe66fdb824c2364409e227523616c1ba97eb5501d2d2e496e040638892f
benchmarks/m4_external_holdout/runs_lgdb/B/lgdb_paraglomus_occultum/02_model/stage.json	974	9642e454bd9323071893d2ec288587181fb21b338a44f53c4d645e0a07df852c
benchmarks/m4_external_holdout/runs_lgdb/B/lgdb_paraglomus_occultum/03_queries/commands.json	382	e3fc7941da5ab92d4b6a5e08e2787203797323f982dcf90d26c71142abbcc021
benchmarks/m4_external_holdout/runs_lgdb/B/lgdb_paraglomus_occultum/03_queries/mafft.log	33621	4d26fd12e4ed2c99aecbe0abad40ec0a6be970fc68cba16e9ecafa1ab5b16801
benchmarks/m4_external_holdout/runs_lgdb/B/lgdb_paraglomus_occultum/03_queries/queries.fasta.map	10448891	6bcd8f0b6b84dc3c507f761d23f68bc98dafc13203cc868b070477d8b0c8a370
benchmarks/m4_external_holdout/runs_lgdb/B/lgdb_paraglomus_occultum/03_queries/stage.json	600	cb035270cb989510c0f3a752dd27b9ef14e00609bd4767e447a06864accdc7af
benchmarks/m4_external_holdout/runs_lgdb/B/lgdb_paraglomus_occultum/04_epa/commands.json	851	f5f229e710183aa54163c8826f24bed0671f4b2f8ffa139173d895d35de4a7ee
benchmarks/m4_external_holdout/runs_lgdb/B/lgdb_paraglomus_occultum/04_epa/epa.log	1886	57bf454f5071039c90c5d5f47cd6ea7921bd33ab0ef3507a696e7d18b8b38174
benchmarks/m4_external_holdout/runs_lgdb/B/lgdb_paraglomus_occultum/04_epa/epa_info.log	1886	57bf454f5071039c90c5d5f47cd6ea7921bd33ab0ef3507a696e7d18b8b38174
benchmarks/m4_external_holdout/runs_lgdb/B/lgdb_paraglomus_occultum/04_epa/stage.json	489	3fa3f98544ea66c9b1f6c168233585bc8f0749f145cbda9756f29d77ad33062f
benchmarks/m4_external_holdout/runs_lgdb/B/lgdb_paraglomus_occultum/05_summary/edge_annotations.json	453474	1df93b104a0c48bec1b915094cc4cff882e2b91edad0c44e0375adc0787b33a2
benchmarks/m4_external_holdout/runs_lgdb/B/lgdb_paraglomus_occultum/05_summary/lsu_placements.copies.tsv	469556	09b8968225001a4020c5759836e6fcdea6deb7f96bc02f1e16c3f2d3bbfe6fe5
benchmarks/m4_external_holdout/runs_lgdb/B/lgdb_paraglomus_occultum/05_summary/placement_summary.json	590	8b289cf5c004fd2fbefdd4f50d8030e48074eb03a9930e7c5cbda92184ef3db2
benchmarks/m4_external_holdout/runs_lgdb/B/lgdb_paraglomus_occultum/05_summary/stage.json	436	0e024216732a1715b790c2ff0384f9848a0e9c2602694965a68dda31197af411
benchmarks/m4_external_holdout/runs_lgdb/B/lgdb_paraglomus_occultum/DONE.json	649	ba061392f59923892dd36229508855f8815f52ebc6d515710a21a27ad2dba0f7
benchmarks/m4_external_holdout/runs_lgdb/B/lgdb_racocetra_gregaria/01_reference/commands.json	272	bcd81198e715cd356465464202075fa374a69d57b6fe987614cc282068ff75c0
benchmarks/m4_external_holdout/runs_lgdb/B/lgdb_racocetra_gregaria/01_reference/mafft.log	207766	0d81f7305e59ee38143a1b6cb2f27fbf2f9feee40ab97ca6b748b93d47c65437
benchmarks/m4_external_holdout/runs_lgdb/B/lgdb_racocetra_gregaria/01_reference/metadata.tsv	70834	cee1b381ac3a210d812b065607589d53e25003a44ee82ccd6062279cf6177019
benchmarks/m4_external_holdout/runs_lgdb/B/lgdb_racocetra_gregaria/01_reference/stage.json	668	5f54fc6df5406dd27d2c7dcd6719af228ddf8623994922a00e875f687724a5f6
benchmarks/m4_external_holdout/runs_lgdb/B/lgdb_racocetra_gregaria/01_reference/topology.newick	21673	07b7be724d43e5cc608c629a9cd14c2333a49df14efddb1859682a81778a8e2e
benchmarks/m4_external_holdout/runs_lgdb/B/lgdb_racocetra_gregaria/02_model/commands.json	569	a71e5a999a9a9bde13d12839a02e3ad8ea0e8eb98fc6204f37685496a07d71d2
benchmarks/m4_external_holdout/runs_lgdb/B/lgdb_racocetra_gregaria/02_model/fit.raxml.bestModel	130	82e2b2f210fd5282b611060576664fe63fd3eb4e36bdd4801a205e3f738dd778
benchmarks/m4_external_holdout/runs_lgdb/B/lgdb_racocetra_gregaria/02_model/fit.raxml.bestTree	12788	f6df7e67ba195910fc2d4ce725c43b4bad8eb549a92e456856c2e0565aeb58e3
benchmarks/m4_external_holdout/runs_lgdb/B/lgdb_racocetra_gregaria/02_model/fit.raxml.bestTreeCollapsed	12700	f71139cdeb35c88445ec41ac2957b0033a054556c7eb57938674dc9613771bf6
benchmarks/m4_external_holdout/runs_lgdb/B/lgdb_racocetra_gregaria/02_model/fit.raxml.log	5045	c123af15db28d18dc40bdd788d15689e706a432c8edc65e284b06b42a0e403df
benchmarks/m4_external_holdout/runs_lgdb/B/lgdb_racocetra_gregaria/02_model/fit.raxml.startTree	12788	774934534ecf94349619707fbb87d360c6f660d88485715fa765eff9038cbb26
benchmarks/m4_external_holdout/runs_lgdb/B/lgdb_racocetra_gregaria/02_model/raxml.log	5045	c123af15db28d18dc40bdd788d15689e706a432c8edc65e284b06b42a0e403df
benchmarks/m4_external_holdout/runs_lgdb/B/lgdb_racocetra_gregaria/02_model/stage.json	974	e6201afa9fa9eb5d96ea98049fd37c2b7d962307e6c2086aee30299df18f2f24
benchmarks/m4_external_holdout/runs_lgdb/B/lgdb_racocetra_gregaria/03_queries/commands.json	380	44e2285cce284f16bb67e4a221c0f130e6370e5c874f3c422fd9b18444654ad7
benchmarks/m4_external_holdout/runs_lgdb/B/lgdb_racocetra_gregaria/03_queries/mafft.log	33621	4136806af2d80f03b87215e8613d2d0fc32d36227eda1292a7a9df207031d5f9
benchmarks/m4_external_holdout/runs_lgdb/B/lgdb_racocetra_gregaria/03_queries/queries.fasta.map	10450731	fa638cb43e1c4c1b64543365040b054a2ddca0dfb7d63bc928712aa2363e96c0
benchmarks/m4_external_holdout/runs_lgdb/B/lgdb_racocetra_gregaria/03_queries/stage.json	600	fd3d02901d4b77f5821c8ae29339dc74cab5a8efc48a2d2750a01d0b02746d0c
benchmarks/m4_external_holdout/runs_lgdb/B/lgdb_racocetra_gregaria/04_epa/commands.json	846	f5d4d5601fd47b5398511bc5a47ef5e22294c8066bf459953af72a4feae169ec
benchmarks/m4_external_holdout/runs_lgdb/B/lgdb_racocetra_gregaria/04_epa/epa.log	1881	6516817b842c007d9b8898e9c99c24a4cdbef556b005aae92ac42e69b360fff0
benchmarks/m4_external_holdout/runs_lgdb/B/lgdb_racocetra_gregaria/04_epa/epa_info.log	1881	6516817b842c007d9b8898e9c99c24a4cdbef556b005aae92ac42e69b360fff0
benchmarks/m4_external_holdout/runs_lgdb/B/lgdb_racocetra_gregaria/04_epa/stage.json	488	3ab152e10a5f42e2c9cf5eae7f539bf7e92381b2b187bf1b71ce9ef7dcf07495
benchmarks/m4_external_holdout/runs_lgdb/B/lgdb_racocetra_gregaria/05_summary/edge_annotations.json	452750	ed8824a8fe6c4af65011e83132b0f37df2d80dfa5b7143d85724ac95a79b04a5
benchmarks/m4_external_holdout/runs_lgdb/B/lgdb_racocetra_gregaria/05_summary/lsu_placements.copies.tsv	471404	02b5de96d8afb5cbecba3fe3babd3d7910d847dad79a10b5517222d3cabda505
benchmarks/m4_external_holdout/runs_lgdb/B/lgdb_racocetra_gregaria/05_summary/placement_summary.json	590	4bfd66fe6e45918a340791f1b2aa969b91de430097c4c34dabf54c2a77fa1ba7
benchmarks/m4_external_holdout/runs_lgdb/B/lgdb_racocetra_gregaria/05_summary/stage.json	436	83103b9d1cb6d4f78ba5fae9c7d5be286e37f1e75c3cb3834ea184c4980916ac
benchmarks/m4_external_holdout/runs_lgdb/B/lgdb_racocetra_gregaria/DONE.json	1499	277ef36b95006365c7eda3a154b37c2cef398a23875efdc7d1c9c7c75683cfb1
benchmarks/m4_external_holdout/runs_lgdb/B/lgdb_rhizophagus_clarus/01_reference/commands.json	272	ee32c7e3028e7ab64d45762cba88409a794cafebdcf431b19b63b16174711d70
benchmarks/m4_external_holdout/runs_lgdb/B/lgdb_rhizophagus_clarus/01_reference/mafft.log	155430	76236f7a1b4e3680d529655aebf7fef228fa5e679331598f375e434febcff15f
benchmarks/m4_external_holdout/runs_lgdb/B/lgdb_rhizophagus_clarus/01_reference/metadata.tsv	70822	ecad1187af8f7458007d2667d5a88a06b355345a68efde736866a6d0f162de28
benchmarks/m4_external_holdout/runs_lgdb/B/lgdb_rhizophagus_clarus/01_reference/stage.json	668	072393b755fd70fddb6b054e02f8e5a8e8bd40433228bbb7c466c125dbb275eb
benchmarks/m4_external_holdout/runs_lgdb/B/lgdb_rhizophagus_clarus/01_reference/topology.newick	21673	85dd14ae89b7cf9e669c7ca2562e277d37876557808588d799b45f761726b492
benchmarks/m4_external_holdout/runs_lgdb/B/lgdb_rhizophagus_clarus/02_model/commands.json	569	cbc3033d7e0fd838508de7c6619a590047f857167c5df8f07f76c60a3c9a4626
benchmarks/m4_external_holdout/runs_lgdb/B/lgdb_rhizophagus_clarus/02_model/fit.raxml.bestModel	130	5e5d1d8988e37ff6a993654b55c68eb12d958435c6451e180953485ce8dfdc3b
benchmarks/m4_external_holdout/runs_lgdb/B/lgdb_rhizophagus_clarus/02_model/fit.raxml.bestTree	12788	c617749fbbccea133dcfe4fd80fa0c54a95104f8c1881b00dc00be1dd76bbd73
benchmarks/m4_external_holdout/runs_lgdb/B/lgdb_rhizophagus_clarus/02_model/fit.raxml.bestTreeCollapsed	12711	88a1fdff75f0e88af524f79246d224146cfb7e89dfb813acf8a180161c5a6b4d
benchmarks/m4_external_holdout/runs_lgdb/B/lgdb_rhizophagus_clarus/02_model/fit.raxml.log	5046	31b61040e3c875dbc056889f5a432fd877b5d44891b108ac0e26185d58069185
benchmarks/m4_external_holdout/runs_lgdb/B/lgdb_rhizophagus_clarus/02_model/fit.raxml.startTree	12788	070e769dd5cb129873034ec9f229bc17d852b7a5342e61cfd135007ea71c74b1
benchmarks/m4_external_holdout/runs_lgdb/B/lgdb_rhizophagus_clarus/02_model/raxml.log	5046	31b61040e3c875dbc056889f5a432fd877b5d44891b108ac0e26185d58069185
benchmarks/m4_external_holdout/runs_lgdb/B/lgdb_rhizophagus_clarus/02_model/stage.json	973	f3a7a6071e791514c97197a19963e7d54b4a60fe8e29792259400d6fe721ee05
benchmarks/m4_external_holdout/runs_lgdb/B/lgdb_rhizophagus_clarus/03_queries/commands.json	380	0a1398b2d684582ae5c077b69a5036b1d255e77d2264fe6744da8d9275bc527c
benchmarks/m4_external_holdout/runs_lgdb/B/lgdb_rhizophagus_clarus/03_queries/mafft.log	33621	ec914a158872b84e5afd3ee6dcc0be196b1849f5b1648097c931935e9a513f52
benchmarks/m4_external_holdout/runs_lgdb/B/lgdb_rhizophagus_clarus/03_queries/queries.fasta.map	10448095	400d5326e1195cf157045fbe93602ccf48aaf64d0e924defff0144a6bf7d1da8
benchmarks/m4_external_holdout/runs_lgdb/B/lgdb_rhizophagus_clarus/03_queries/stage.json	600	f6f3d5a3b8aa333886e570a25ebd6231e1a523cb2bc3dced18eb85209a9723b3
benchmarks/m4_external_holdout/runs_lgdb/B/lgdb_rhizophagus_clarus/04_epa/commands.json	846	65ab7cbe952fdad0368029121ffcdd3078a7dd3f9c1a6765c9433527b0afc625
benchmarks/m4_external_holdout/runs_lgdb/B/lgdb_rhizophagus_clarus/04_epa/epa.log	1878	b64bf216cc2355549ebfd560434f6bcacba0486970477445f6aa3e555bbaed34
benchmarks/m4_external_holdout/runs_lgdb/B/lgdb_rhizophagus_clarus/04_epa/epa_info.log	1878	b64bf216cc2355549ebfd560434f6bcacba0486970477445f6aa3e555bbaed34
benchmarks/m4_external_holdout/runs_lgdb/B/lgdb_rhizophagus_clarus/04_epa/stage.json	488	5b51067f6a4e22fe7fe5b3e124dd9bd2b19189ece7883a3b2a936a8bddd41f80
benchmarks/m4_external_holdout/runs_lgdb/B/lgdb_rhizophagus_clarus/05_summary/edge_annotations.json	452663	af25f6d73450c8237f70c5061b485866289fec1c999cb1d8ba352f5f509ede70
benchmarks/m4_external_holdout/runs_lgdb/B/lgdb_rhizophagus_clarus/05_summary/lsu_placements.copies.tsv	471560	fb67aded9a47a1964ef1c9167004159ab44b5c5e2d0fcc238804cd02fb83b5d2
benchmarks/m4_external_holdout/runs_lgdb/B/lgdb_rhizophagus_clarus/05_summary/placement_summary.json	590	df32a257948ff07e9cc4e7456d9e90b300362678d43bbfcf75533e74e68be73c
benchmarks/m4_external_holdout/runs_lgdb/B/lgdb_rhizophagus_clarus/05_summary/stage.json	436	0a4baaf01d5366e080e0451b845b181fba66ac03c80e39ca9f7c28460d31153b
benchmarks/m4_external_holdout/runs_lgdb/B/lgdb_rhizophagus_clarus/DONE.json	1152	6926038ea1c5ac3fac04e04fcaeabe9b4272bd423347bb5595d73e4146639a4c
benchmarks/m4_external_holdout/runs_lgdb/B/lgdb_rhizophagus_dimorphicus/01_reference/commands.json	277	f4282d52663cf11f9548e32f326e1f39994f9877587370530795185ccc51f277
benchmarks/m4_external_holdout/runs_lgdb/B/lgdb_rhizophagus_dimorphicus/01_reference/mafft.log	197276	1e2e65d98b62d2497fbe055a59c4bb624478e88e457a5c4ef9f75292527b65b6
benchmarks/m4_external_holdout/runs_lgdb/B/lgdb_rhizophagus_dimorphicus/01_reference/metadata.tsv	70792	c16241fcb47c66a39cb1ef2f59b434b358d5dbfa225009364c442caeae72a88e
benchmarks/m4_external_holdout/runs_lgdb/B/lgdb_rhizophagus_dimorphicus/01_reference/stage.json	668	56b0ff61296dc47348dd43dba3467fff3d909c155e7928df932d6381b4052a34
benchmarks/m4_external_holdout/runs_lgdb/B/lgdb_rhizophagus_dimorphicus/01_reference/topology.newick	21673	375715c3505dc497b91c805ff3bef823077949259b8008603da496f0638635ce
benchmarks/m4_external_holdout/runs_lgdb/B/lgdb_rhizophagus_dimorphicus/02_model/commands.json	584	7a74d9b8be57b846bc3791e7f5605cabaa44fc397f01a5b3072cc1a216609b65
benchmarks/m4_external_holdout/runs_lgdb/B/lgdb_rhizophagus_dimorphicus/02_model/fit.raxml.bestModel	130	8adee1edb08475754a5dc4309ff919cbca94ecfaa829359dcb1e62e45b16d0b7
benchmarks/m4_external_holdout/runs_lgdb/B/lgdb_rhizophagus_dimorphicus/02_model/fit.raxml.bestTree	12788	cad6c555fb17c4a06dbd8b8fb168ca2276b25f451a860f7ffaf2a7410e1605c4
benchmarks/m4_external_holdout/runs_lgdb/B/lgdb_rhizophagus_dimorphicus/02_model/fit.raxml.bestTreeCollapsed	12711	59ac5af440eac00cb63a05e27ccceeae8aecc75fada62a5ece399560ca073c60
benchmarks/m4_external_holdout/runs_lgdb/B/lgdb_rhizophagus_dimorphicus/02_model/fit.raxml.log	5100	0f07ff228e5f34e3191538ed83f807fd2b204d8285ac1ec5c9680bd5e0803e1c
benchmarks/m4_external_holdout/runs_lgdb/B/lgdb_rhizophagus_dimorphicus/02_model/fit.raxml.startTree	12788	908f619b7e4a4e55a8ab8da3f2649b6b9cad9a17c5d11e757d3e12e5c6776771
benchmarks/m4_external_holdout/runs_lgdb/B/lgdb_rhizophagus_dimorphicus/02_model/raxml.log	5100	0f07ff228e5f34e3191538ed83f807fd2b204d8285ac1ec5c9680bd5e0803e1c
benchmarks/m4_external_holdout/runs_lgdb/B/lgdb_rhizophagus_dimorphicus/02_model/stage.json	973	87f1c5684d0dc7e2bcc9b0ee7fe4ea4c47cdf365442bb5438e8ddcf84c858d11
benchmarks/m4_external_holdout/runs_lgdb/B/lgdb_rhizophagus_dimorphicus/03_queries/commands.json	390	c2888119c128a230709031ea727ba022968580f5c8c67f14c6db8a8bc55474a1
benchmarks/m4_external_holdout/runs_lgdb/B/lgdb_rhizophagus_dimorphicus/03_queries/mafft.log	33621	5aa364c4b5f300812f9ca105e3d145ec1ecabeca9a286bf037422c419eaf6d87
benchmarks/m4_external_holdout/runs_lgdb/B/lgdb_rhizophagus_dimorphicus/03_queries/queries.fasta.map	10449843	ca830139c24a4f7756fc02ab8940c4b64c1d3cea04486eba29c42d33d7e4fcce
benchmarks/m4_external_holdout/runs_lgdb/B/lgdb_rhizophagus_dimorphicus/03_queries/stage.json	600	97193bbddde59906c8716454c7b7696c864b4db56feebda114a5b418b3a030b4
benchmarks/m4_external_holdout/runs_lgdb/B/lgdb_rhizophagus_dimorphicus/04_epa/commands.json	871	f8b4d6b52e739541fead8f4470216b309fb749616d557fbd1e6bf2cacf797385
benchmarks/m4_external_holdout/runs_lgdb/B/lgdb_rhizophagus_dimorphicus/04_epa/epa.log	1908	13aad3bb520c706b0f4c87dbb9a0ea87c098380805e01c754bbdafdcc06048c9
benchmarks/m4_external_holdout/runs_lgdb/B/lgdb_rhizophagus_dimorphicus/04_epa/epa_info.log	1908	13aad3bb520c706b0f4c87dbb9a0ea87c098380805e01c754bbdafdcc06048c9
benchmarks/m4_external_holdout/runs_lgdb/B/lgdb_rhizophagus_dimorphicus/04_epa/stage.json	488	b879b9eb917ea1071f02e8efa5b5397b484b10b302c9612e1eddacd42df895a0
benchmarks/m4_external_holdout/runs_lgdb/B/lgdb_rhizophagus_dimorphicus/05_summary/edge_annotations.json	452553	b3b5e7dffc1a34228940b7f396f411c6a5af2790f8a3b4006d4188ea44a5404d
benchmarks/m4_external_holdout/runs_lgdb/B/lgdb_rhizophagus_dimorphicus/05_summary/lsu_placements.copies.tsv	468939	6901723c8bd928474936687eee846767ed1048bdef3a1eba3d545b1f1b2a0a9e
benchmarks/m4_external_holdout/runs_lgdb/B/lgdb_rhizophagus_dimorphicus/05_summary/placement_summary.json	590	206da2353f21a8038776f1e7b63800b7e2f8885159bdc371fb6e273a7bc1fcbb
benchmarks/m4_external_holdout/runs_lgdb/B/lgdb_rhizophagus_dimorphicus/05_summary/stage.json	436	7a0b8637ae87dd7a90cd4911b0d9ea15e418bfb6759e4d63e487c9b2cfeed39d
benchmarks/m4_external_holdout/runs_lgdb/B/lgdb_rhizophagus_dimorphicus/DONE.json	843	c01a6520f0d6d1c321bb9a3f961b4a01adcf2195e5a9384d1cec81c16d95e71a
benchmarks/m4_external_holdout/runs_lgdb/B/lgdb_scutellospora_calospora/01_reference/commands.json	277	dec93973f12cb1bbb7bae062e373ae4f48d43c806def3d3dae929a68bb77a5b3
benchmarks/m4_external_holdout/runs_lgdb/B/lgdb_scutellospora_calospora/01_reference/mafft.log	147882	22d848937f0529f0d9e2e96b47e137ca6b4fa8b640f044eed1e8e62ecb6552e2
benchmarks/m4_external_holdout/runs_lgdb/B/lgdb_scutellospora_calospora/01_reference/metadata.tsv	70796	e1ea937c6061b70a8fb3daa20399abb3f1e57add5c3aadf894884140c70e2f64
benchmarks/m4_external_holdout/runs_lgdb/B/lgdb_scutellospora_calospora/01_reference/stage.json	669	272d3d746b5928288a104122d92c97d768ed7d79a83044f0629df09de4516fe6
benchmarks/m4_external_holdout/runs_lgdb/B/lgdb_scutellospora_calospora/01_reference/topology.newick	21673	654d7d04b8a1f3c37d0a75434c1de0ca91df052ea782609d0fdb2499ac305e61
benchmarks/m4_external_holdout/runs_lgdb/B/lgdb_scutellospora_calospora/02_model/commands.json	584	e4ca12407fe3fbd6abc152163b760e8abb5ab598a5cce87592988af9b1a4f6f6
benchmarks/m4_external_holdout/runs_lgdb/B/lgdb_scutellospora_calospora/02_model/fit.raxml.bestModel	130	f9f99a7f8c22ee43151d5a5070c38f25cdd77104eebf15cb3422b6ca6d524365
benchmarks/m4_external_holdout/runs_lgdb/B/lgdb_scutellospora_calospora/02_model/fit.raxml.bestTree	12788	1d7e2e9730231252800e5d666e1abc9dfb66b32818e0d293bf2b35906875dede
benchmarks/m4_external_holdout/runs_lgdb/B/lgdb_scutellospora_calospora/02_model/fit.raxml.bestTreeCollapsed	12733	af4f2247caedd77bdf57e46828a3d4a04da461cbb63d8da4ca28c97d3192212a
benchmarks/m4_external_holdout/runs_lgdb/B/lgdb_scutellospora_calospora/02_model/fit.raxml.log	5100	b90db1b62a1f05950bded71f2ffb4711c1c1db6a6ac71055658d3d5ba3ec4b06
benchmarks/m4_external_holdout/runs_lgdb/B/lgdb_scutellospora_calospora/02_model/fit.raxml.startTree	12788	5647580d9c61735b1d1b5fb069be77e28a8fb8bffa7ec894799193f7de35e51d
benchmarks/m4_external_holdout/runs_lgdb/B/lgdb_scutellospora_calospora/02_model/raxml.log	5100	b90db1b62a1f05950bded71f2ffb4711c1c1db6a6ac71055658d3d5ba3ec4b06
benchmarks/m4_external_holdout/runs_lgdb/B/lgdb_scutellospora_calospora/02_model/stage.json	974	dcf65f4c2b3e683ca0ec489ac5f36d7818de8ce4e74a6e841c21ead38e83d88b
benchmarks/m4_external_holdout/runs_lgdb/B/lgdb_scutellospora_calospora/03_queries/commands.json	390	267ca6e697e9009cc722274ed2510a807e45184e2887cbc68da31ab4c6c57268
benchmarks/m4_external_holdout/runs_lgdb/B/lgdb_scutellospora_calospora/03_queries/mafft.log	33621	62ede138a5c90ad51c48c6299385065eca686ab194e7f228dfed38c389babfe8
benchmarks/m4_external_holdout/runs_lgdb/B/lgdb_scutellospora_calospora/03_queries/queries.fasta.map	10448967	1fbcfe3523b89a6bf6159a188b2fb05b4f61f15950305be5c7233674b6df75ed
benchmarks/m4_external_holdout/runs_lgdb/B/lgdb_scutellospora_calospora/03_queries/stage.json	600	adcaa6585c13a9f9cb5a41ef63874dedf9a0b03c157f385b660182f9acdb1112
benchmarks/m4_external_holdout/runs_lgdb/B/lgdb_scutellospora_calospora/04_epa/commands.json	871	2ebe2d255f307efece57297816603ad7c82b3b85cc413eea374ca0b775c8dd96
benchmarks/m4_external_holdout/runs_lgdb/B/lgdb_scutellospora_calospora/04_epa/epa.log	1908	c9ad53f2dd8ec311a6eb0cfc11d7c1b5f17c1027c6846610f94c1aeaebaabbf9
benchmarks/m4_external_holdout/runs_lgdb/B/lgdb_scutellospora_calospora/04_epa/epa_info.log	1908	c9ad53f2dd8ec311a6eb0cfc11d7c1b5f17c1027c6846610f94c1aeaebaabbf9
benchmarks/m4_external_holdout/runs_lgdb/B/lgdb_scutellospora_calospora/04_epa/stage.json	489	14526d6aa633d1bfc07327a4873f7c4ce5f5c9be6a6e10b60fdb3fab15836943
benchmarks/m4_external_holdout/runs_lgdb/B/lgdb_scutellospora_calospora/05_summary/edge_annotations.json	453019	f0c6b5ec59398d0335d0528d2f316cd1898d79aab1d92afadb0cdb722806aae5
benchmarks/m4_external_holdout/runs_lgdb/B/lgdb_scutellospora_calospora/05_summary/lsu_placements.copies.tsv	471283	c11fbaca6f7c0bb41ae55450df9e0936ff0103ee7aff67493bb9d83c37c49e33
benchmarks/m4_external_holdout/runs_lgdb/B/lgdb_scutellospora_calospora/05_summary/placement_summary.json	590	0f9d726852d3419c0d22e6874a63dfad34d32a08ae9446c246ae3bf25f543e59
benchmarks/m4_external_holdout/runs_lgdb/B/lgdb_scutellospora_calospora/05_summary/stage.json	436	04e8f5aabf84cb4f8dd091f126370cd417579702f0e8a74f648acb1268e8d731
benchmarks/m4_external_holdout/runs_lgdb/B/lgdb_scutellospora_calospora/DONE.json	1449	6db052983f638bcd0a16f045d923d946c5c74f173ed3496cbbe9b6b41a5cc5a1
benchmarks/m4_external_holdout/runs_lgdb/B/lgdb_septoglomus_constrictum/01_reference/commands.json	277	5c8210465d4ec77f27b03155b8cfb40963fd564787fed6c9c97ec34ab341b150
benchmarks/m4_external_holdout/runs_lgdb/B/lgdb_septoglomus_constrictum/01_reference/mafft.log	155590	607f0b70d4ac900fc357ec20fa55c22a842d5965aa8f58f6ccb8a382797e0f21
benchmarks/m4_external_holdout/runs_lgdb/B/lgdb_septoglomus_constrictum/01_reference/metadata.tsv	70788	42a5d9a81a177f85701ceb2d537e0a2c8323950c5e7c02ad61e0cff55de7bfcf
benchmarks/m4_external_holdout/runs_lgdb/B/lgdb_septoglomus_constrictum/01_reference/stage.json	669	8bd09530be99f89faed85b68af194db37d77016b7e7ef5406c2c79f96b93997a
benchmarks/m4_external_holdout/runs_lgdb/B/lgdb_septoglomus_constrictum/01_reference/topology.newick	21673	a7ad33323d7aac66e618e2a1f846cd36ba291cb3c953f832b336578a81a9b486
benchmarks/m4_external_holdout/runs_lgdb/B/lgdb_septoglomus_constrictum/02_model/commands.json	584	701c82c2989291f28376e57ff64377b35ae1badd911f204db779a1ed651b8411
benchmarks/m4_external_holdout/runs_lgdb/B/lgdb_septoglomus_constrictum/02_model/fit.raxml.bestModel	130	c965572b071956a7270a30868b4bf7fec7ad6c6501ef5178daf4844217d4e6b8
benchmarks/m4_external_holdout/runs_lgdb/B/lgdb_septoglomus_constrictum/02_model/fit.raxml.bestTree	12788	13ab30695ee0c1d0e49dcae8ae9ab014a11fc0805a9165b24c5cb721ea0bc08b
benchmarks/m4_external_holdout/runs_lgdb/B/lgdb_septoglomus_constrictum/02_model/fit.raxml.bestTreeCollapsed	12711	fa6dfda04b3b51db5dc188a4dee8237a0f4f2a41ad073405adf2f049b0da9422
benchmarks/m4_external_holdout/runs_lgdb/B/lgdb_septoglomus_constrictum/02_model/fit.raxml.log	5100	48759a6805d20c692bdfe56ef5f8dbf8abf19f281a5c13b08ffe95caa2d12ea0
benchmarks/m4_external_holdout/runs_lgdb/B/lgdb_septoglomus_constrictum/02_model/fit.raxml.startTree	12788	a78de5f6fd3fd74c1b809d9816fbe019899e2935de26a304bbc11d7c57d4fb16
benchmarks/m4_external_holdout/runs_lgdb/B/lgdb_septoglomus_constrictum/02_model/raxml.log	5100	48759a6805d20c692bdfe56ef5f8dbf8abf19f281a5c13b08ffe95caa2d12ea0
benchmarks/m4_external_holdout/runs_lgdb/B/lgdb_septoglomus_constrictum/02_model/stage.json	974	01d3eb5005a31c4ecfcc7c8376a6f95cf5a66673e9d42cf4a5114e802a41316e
benchmarks/m4_external_holdout/runs_lgdb/B/lgdb_septoglomus_constrictum/03_queries/commands.json	390	97b8cf3267312cb9513f566ab8600607254ce9b8d4aeecfe3bcb726c8122f4dd
benchmarks/m4_external_holdout/runs_lgdb/B/lgdb_septoglomus_constrictum/03_queries/mafft.log	33621	93457cf27ddaec9d2a2d1a62f5804c05a213aa8e0444f736785ae01844da33df
benchmarks/m4_external_holdout/runs_lgdb/B/lgdb_septoglomus_constrictum/03_queries/queries.fasta.map	10448917	4af5a50d71ed55ceddd4340950e1cdd5bafe7acfd0ea1f3c47eb8f05bd23d94a
benchmarks/m4_external_holdout/runs_lgdb/B/lgdb_septoglomus_constrictum/03_queries/stage.json	600	84100216d6f98ea7569794f6f85b5dd10a7c5b26f23a2034bdf51acc3aa0c193
benchmarks/m4_external_holdout/runs_lgdb/B/lgdb_septoglomus_constrictum/04_epa/commands.json	871	8add07454639598d1185c65b9414043abb20c8a3efb9c3c78cf0fef3e119ce39
benchmarks/m4_external_holdout/runs_lgdb/B/lgdb_septoglomus_constrictum/04_epa/epa.log	1910	02b470eba739be925e8c6d3028f937813e7b02d2a9fe5a002923c39885d6058e
benchmarks/m4_external_holdout/runs_lgdb/B/lgdb_septoglomus_constrictum/04_epa/epa_info.log	1910	02b470eba739be925e8c6d3028f937813e7b02d2a9fe5a002923c39885d6058e
benchmarks/m4_external_holdout/runs_lgdb/B/lgdb_septoglomus_constrictum/04_epa/stage.json	488	ca828ee9ed77842445062c3e4052fb3140889410ad3f2e9d4be1db13563beb0b
benchmarks/m4_external_holdout/runs_lgdb/B/lgdb_septoglomus_constrictum/05_summary/edge_annotations.json	452972	f57764e5aec7345d71f017336f2615831cc0ba9d415c971653196541916469b0
benchmarks/m4_external_holdout/runs_lgdb/B/lgdb_septoglomus_constrictum/05_summary/lsu_placements.copies.tsv	469918	c43925671364ab62cd68f1a623f0802f668700123cedcf3a91e602ea96e7942c
benchmarks/m4_external_holdout/runs_lgdb/B/lgdb_septoglomus_constrictum/05_summary/placement_summary.json	590	c3c151e0823341e45269d7612c5984dbc4f57aab4b00ddfd5f2dfc9e378fc0c4
benchmarks/m4_external_holdout/runs_lgdb/B/lgdb_septoglomus_constrictum/05_summary/stage.json	435	76dc24f9be0a14b2c999e39bce927b9f0f17ae000d62ce1bd768de1dbb7f9216
benchmarks/m4_external_holdout/runs_lgdb/B/lgdb_septoglomus_constrictum/DONE.json	613	8d30fb18c1f4213fc0605b4420889c3c51347d12ce3e4d7bd300fb0c328c2ee6
benchmarks/m4_external_holdout/runs_lgdb/B/lgdb_septoglomus_deserticola/01_reference/commands.json	277	f2c352c363df4d75f3671f244055f823f1ef7ca370cf36145093ed3917dfcffc
benchmarks/m4_external_holdout/runs_lgdb/B/lgdb_septoglomus_deserticola/01_reference/mafft.log	151974	0a14158a5cd7558b131093585c15d00b6810225ae558ee65006a139e92fd80cd
benchmarks/m4_external_holdout/runs_lgdb/B/lgdb_septoglomus_deserticola/01_reference/metadata.tsv	70788	05f70d1d849fc7d7f92b516c0d67f0e025fe4fa12167dc6e6dbc8878fde5c50e
benchmarks/m4_external_holdout/runs_lgdb/B/lgdb_septoglomus_deserticola/01_reference/stage.json	668	eb09cf7d1654ee6032ba92597f547ec201c849aaba1a2bc0fd2b82ebe133e2c6
benchmarks/m4_external_holdout/runs_lgdb/B/lgdb_septoglomus_deserticola/01_reference/topology.newick	21673	04dcfc0286988a98c09752aadb7eaa7cb7481f49c99b8497949b25e3c144ab25
benchmarks/m4_external_holdout/runs_lgdb/B/lgdb_septoglomus_deserticola/02_model/commands.json	584	b831f14f479cc61e23ccb4f3971085c5864110457646e5fc392a1895d0d047b4
benchmarks/m4_external_holdout/runs_lgdb/B/lgdb_septoglomus_deserticola/02_model/fit.raxml.bestModel	130	11c1607ff65e2e30f78d22324ff21407e9301a9e92bf6dc83198d10bde53bfe6
benchmarks/m4_external_holdout/runs_lgdb/B/lgdb_septoglomus_deserticola/02_model/fit.raxml.bestTree	12788	58d537c240724d95b70d7715b92e6cf9a9e10b01b434504da2e970cff7e926a7
benchmarks/m4_external_holdout/runs_lgdb/B/lgdb_septoglomus_deserticola/02_model/fit.raxml.bestTreeCollapsed	12711	177ad7b8e514266b2449185f0ee7679113abfc062caaa461b12975cde9581853
benchmarks/m4_external_holdout/runs_lgdb/B/lgdb_septoglomus_deserticola/02_model/fit.raxml.log	5100	3c23ab140d76496973007843535e236e1eaa723500127389bb6eb7003165c588
benchmarks/m4_external_holdout/runs_lgdb/B/lgdb_septoglomus_deserticola/02_model/fit.raxml.startTree	12788	d918cde50345eae92477a81545da46601c4251e8be1dfcf5a77a831675170cd5
benchmarks/m4_external_holdout/runs_lgdb/B/lgdb_septoglomus_deserticola/02_model/raxml.log	5100	3c23ab140d76496973007843535e236e1eaa723500127389bb6eb7003165c588
benchmarks/m4_external_holdout/runs_lgdb/B/lgdb_septoglomus_deserticola/02_model/stage.json	973	44cdb570d8ac6264dfa84aeeb51799a9df4a8f69575fa8aeaccdcaac5171181d
benchmarks/m4_external_holdout/runs_lgdb/B/lgdb_septoglomus_deserticola/03_queries/commands.json	390	2e6ab2981bbad9b8fa803a7d5bf77d5db0a5e6a373fc0c9217165cec94647ffb
benchmarks/m4_external_holdout/runs_lgdb/B/lgdb_septoglomus_deserticola/03_queries/mafft.log	33621	04a3842a1c05af549d32745b7beed691c56eb213a4f12d57c2568ed1e9ba1d20
benchmarks/m4_external_holdout/runs_lgdb/B/lgdb_septoglomus_deserticola/03_queries/queries.fasta.map	10448935	8d27dbb0e890d41904ee50a5781c2ea5b642ec95452c5165e169c6db31976a82
benchmarks/m4_external_holdout/runs_lgdb/B/lgdb_septoglomus_deserticola/03_queries/stage.json	600	21ec1cf58f8c038bf826da98ebe700a903c6e7a1369b54000a59d0fe402b7352
benchmarks/m4_external_holdout/runs_lgdb/B/lgdb_septoglomus_deserticola/04_epa/commands.json	871	71856a3194d57f21c48f84150a9a0ab8ee9941ac280254a8133921b0b7d307e5
benchmarks/m4_external_holdout/runs_lgdb/B/lgdb_septoglomus_deserticola/04_epa/epa.log	1909	e582c7811ae0f9d4caa8474ac14d080f60205e9351b9cce05dab1cdbd2e10e76
benchmarks/m4_external_holdout/runs_lgdb/B/lgdb_septoglomus_deserticola/04_epa/epa_info.log	1909	e582c7811ae0f9d4caa8474ac14d080f60205e9351b9cce05dab1cdbd2e10e76
benchmarks/m4_external_holdout/runs_lgdb/B/lgdb_septoglomus_deserticola/04_epa/stage.json	489	38b238d8f9b5bbc5674e52eb6806f5a5a85e2e12c0f96ddd408f823345ce6c8a
benchmarks/m4_external_holdout/runs_lgdb/B/lgdb_septoglomus_deserticola/05_summary/edge_annotations.json	452684	e0845ed4d2a092352bf41b5f9cb7b98a2cd1ddafb2a922bf5df493799b35ef20
benchmarks/m4_external_holdout/runs_lgdb/B/lgdb_septoglomus_deserticola/05_summary/lsu_placements.copies.tsv	471359	7d9f459f167e8ef4c50fdb4ae55a92a2676c69091e9cbef7392a2e75ce3df8b8
benchmarks/m4_external_holdout/runs_lgdb/B/lgdb_septoglomus_deserticola/05_summary/placement_summary.json	590	58d4c59446c8d140e98262ad2cb5336f7793fda8fea564679b3ecfae4744e3c7
benchmarks/m4_external_holdout/runs_lgdb/B/lgdb_septoglomus_deserticola/05_summary/stage.json	435	0e5e451454e510dbae1b6aed5d5aa039209269b9f47857aa1ef8faaa0303eb9d
benchmarks/m4_external_holdout/runs_lgdb/B/lgdb_septoglomus_deserticola/DONE.json	735	a03d59cc9d7ed0305d49db9c0275c810f574daf40e26caa4fc305eb6b1d894be
benchmarks/m4_external_holdout/runs_lgdb/invocation.json	3559	c60b40b7b638312366e59a0a4f29023cd4e389762c31168158ecac05e2a3d211
benchmarks/m4_external_holdout/runs_lgdb/plan.json	13795	821b38074cf045bb9eb099b33a48215c16cc98c482d396febc1d372bf42e44cb
benchmarks/m4_external_holdout/runs_lgdb/v18_mapping.tsv	1491	55086ff90e8b98841f99886ca64da708c65b7eac75b08be068252e01d8b66269
benchmarks/m4_external_holdout/runs_lgdb_preflight/mock_test_placements.tsv	22709	585f9fb76484b654a45a13bda124a4471fa217231c6d44e62e24a2a664cbb607
benchmarks/m4_external_holdout/runs_v2_genus.log	3169	bfaad39bdaaf202d7d0f34547418be554345741be866764df339b4e96cbdf751
benchmarks/m4_external_holdout/runs_v2_species.log	8444	462f7613abd513e844b92eb978c066e973a8ae98a398245b8acc194b9444aa78
benchmarks/m4_external_holdout/species_exclusions.tsv	4146	a871ce253b0e65348d7bedc9818a60d4290696f4aeb21dc75902054154bd550a
benchmarks/m4_external_holdout/tests/preflight_parity.py	2353	3c88ab51533b88599fd7ab35a9fc03cb7462c5ce8e054be6ada8e1682b94a13f
benchmarks/m4_external_holdout/tests/test_holdout.py	3348	4ee2e91c8aa5b2bc553d20341544324ca4afc2c04b7fe6e3c82ddfa3dc6d18e2
benchmarks/m4_external_holdout/verify_code.py	828	5c0eda9bd6f743ab17eb340269082096b53fbf5836c2b5ea25c052ec752ef966
benchmarks/stefani/RF00002.cm	103277	bc55434ebc3ef8c3be77f8faec6e058310b35e67f1599e2c833ca2e6eea1a917
benchmarks/stefani/crosslineage.culture.cultures.tsv	25643	ce7ac9ea690124430e799d0da12331a243285e9cb5bdc7ef939452cf592dfde4
benchmarks/stefani/crosslineage.culture.infix.cultures.tsv	28269	3e71d261fbd770306122ed7cda233fe36040dbfb6013211b0cf70b90cf794cc5
benchmarks/stefani/crosslineage.culture.nw.cultures.tsv	28316	be672de0bbfc5fba2860cba6c1c5255f151f1b590ac43b5be7140e43111de1e7
benchmarks/stefani/crosslineage.cultures.tsv	32136	695e91237cd37bed17aa91861a95dc4173414e3f30ea0f1e5defc809888b0501
benchmarks/stefani/crosslineage.library.cultures.tsv	28647	d4266809851a92e3b446d04f476001407b7b44f564b3f19bdfb2863d90578b79
benchmarks/stefani/crosswalk_v1.copies.tsv	274691	176b4e5ae7d91acf42092693e50568037e3332d682b1fbb29058b009143aa106
benchmarks/stefani/crosswalk_v1.cultures.tsv	28605	d5f8ff6761ef0b7cda075f703b093f1e14ae77a6f78718c529bafec658993524
benchmarks/stefani/crosswalk_v1.log	5411	493b8fa1e576fabf5c6de6423aaa29b7efed14399691d0f825c1dec3c25fd72c
benchmarks/stefani/crosswalk_v1.run.json	1539	1dcbd1038446e04a460d6b81549f4625bfa3a8e170d5b07fa1a0257c1e02078a
benchmarks/stefani/crosswalk_v1.species.tsv	3805	509a3606bd79bb57fef0530cad5b0669d6ef6d9f6e957be8a7220893c72d1d2c
benchmarks/stefani/crosswalk_v1.units.tsv	8828	cbac52b93e512345a3f44a467c7d815b387927ef49819d88ac9a94d28373dfde
benchmarks/stefani/crosswalk_v2.copies.tsv	274865	86498478b13aee493a5f635d6fdd13d6a981aa1fde210fa77e9f3ff04999ae44
benchmarks/stefani/crosswalk_v2.cultures.tsv	28611	057461a307065ab5353f1da7006922c4a052e5df9b4c699ee7f38f203e6780f5
benchmarks/stefani/crosswalk_v2.log	5467	1bc37df2f52425524a609407dfca68cab4a810377d0061e84f02cc50aea306bb
benchmarks/stefani/crosswalk_v2.run.json	1539	6f09dad1c4af1650bd4016c4725f5692bab3631e4783283f3278664292c8a76a
benchmarks/stefani/crosswalk_v2.species.tsv	3837	824ed3f2e44435579455a4150a432d2cd8f3be710d90272de833b6542d492980
benchmarks/stefani/crosswalk_v2.units.tsv	9014	a2ba2ba905ba482cee98a3223a51724f07f8d82263194add1390264143e329e9
benchmarks/stefani/crosswalk_v3.copies.tsv	364742	cf88c039a4f397aa257322f1336a05339dc6febd8227cc54845d38ab0cd9d98a
benchmarks/stefani/crosswalk_v3.cultures.tsv	37303	43101b9ce559b4504477d545f0d375b4f516a8e888d5131cea09f72e65558507
benchmarks/stefani/crosswalk_v3.log	10122	ba90f4078274afdc74b25d5bbbd8f04b9a067ec1341bea6552bf9e15f2d491ae
benchmarks/stefani/crosswalk_v3.run.json	1925	62fe9881141688d691e706edf4ae7effc31ad9c9e41a7d0bd37d13364a8fc6a0
benchmarks/stefani/crosswalk_v3.species.tsv	7142	a85594e3556cd8768385777cacaa5ea565cf5fe0ac80943f08c7d21ce59d0485
benchmarks/stefani/crosswalk_v3.units.tsv	23210	3cdf360d27ac99c0c1ce5d9483086d7b8039330ccfe11b83b59b0f9e798727f2
benchmarks/stefani/crosswalk_v3_full.copies.tsv	367767	54a7a5f69ed1ead87fc4ec9dfae0ebbd9917aa931485dee07b5b1f63e784db7b
benchmarks/stefani/crosswalk_v3_full.cultures.tsv	38252	191acfe6c6d858d110a76be458cd167737c6f9ab847f2b5d2e1698b23c46e3f7
benchmarks/stefani/crosswalk_v3_full.log	10090	bb1ec8b15ad731142f0f8af3895541ec0023fa7bb53c8297f30184bd106860f5
benchmarks/stefani/crosswalk_v3_full.run.json	1910	dcd72d11205dd6b820f5fcb2d3bb005544efddda6b6d3694be32a9ce167b3569
benchmarks/stefani/crosswalk_v3_full.species.tsv	7184	3e60be4962f626a4a95301193ce3dfc872ee04d22ddb6bb5476aa7f398c2746f
benchmarks/stefani/crosswalk_v3_full.units.tsv	24637	fb56eca9d526a34fc74c41d96ebebbabbb42dce5581a821fb0d0c7f3c388b623
benchmarks/stefani/crosswalk_v4.copies.tsv	363965	cbc36aa301a74a2329999fe4fedb765649faf84a4f9553e3e5153d0add525463
benchmarks/stefani/crosswalk_v4.cultures.tsv	38252	191acfe6c6d858d110a76be458cd167737c6f9ab847f2b5d2e1698b23c46e3f7
benchmarks/stefani/crosswalk_v4.log	9938	ebeaf34f9652bccdc32c01a9a678a9e4fa480067f59bb795004694644c4ce918
benchmarks/stefani/crosswalk_v4.run.json	1905	538ac476ee5b5a0ce7d374b374638633139e0f8b564739f41b8b16b188eb40d5
benchmarks/stefani/crosswalk_v4.species.tsv	7184	3e60be4962f626a4a95301193ce3dfc872ee04d22ddb6bb5476aa7f398c2746f
benchmarks/stefani/crosswalk_v4.units.tsv	24637	fb56eca9d526a34fc74c41d96ebebbabbb42dce5581a821fb0d0c7f3c388b623
benchmarks/stefani/novelty_v4.copies.tsv	195915	7e9651a00130dd2127a57cb6de5cc6f6d5f5a14c2d5a82ef2d91815fbf6a30aa
benchmarks/stefani/novelty_v4.log	3001	477174b0feea3e43b213165450318952838a94fe5ef31802ab90ede881f1bb07
benchmarks/stefani/novelty_v4_species.copies.tsv	214392	2997e924d265ab235fc8583e4177111f934167de82bff26e6f9ae136a481aa42
benchmarks/stefani/novelty_v4_species.log	2871	741e78e796143b10166fc339d6345f57a939509b2b63301accf0e19f610d5f8f
benchmarks/stefani/out/itsx/stefani.anchors.tsv	319083	49b571242c7ed4d9076fb8a6bb82368c0aaf6d966ea8dbe24bef4a235800ff0c
benchmarks/stefani/out/itsx/stefani.qc.json	693	6b8d0b690c28d3195acfeb6d148e2f49dc96f29e39df41ae23ee5ce3e67bd253
benchmarks/stefani/out/windows/stefani.LSU_LROR-FLR2.amf.vs_delavaux.hits.tsv	887017	444b383a33d1f1d4d045ec65fae87561b80f7707f23ee4eb864d51690ad2af28
benchmarks/stefani/out/windows/stefani.LSU_LROR-FLR2.amf.vs_delavaux.summary.json	464	0a1360db1542ebcc5577c17366694f9e04b3bb63fad531802d574f28629755c0
benchmarks/stefani/out/windows/stefani.LSU_LROR-FLR2.vs_delavaux.hits.tsv	887017	e57f8860e5c96bab8be579665d647f4496cbfd1b6efbf31ee2be70d3b08dc8dd
benchmarks/stefani/out/windows/stefani.LSU_LROR-FLR2.vs_delavaux.summary.json	464	0a1360db1542ebcc5577c17366694f9e04b3bb63fad531802d574f28629755c0
benchmarks/stefani/out/windows/stefani.amf.ids	9944	5dc9db774ca71ac1c0a363205bc1afed71e9a366015ec6d5cff7dc4d24c48d11
benchmarks/stefani/out/windows/stefani.records.tsv	228516	402ab8d5dc06d809caae817aa9434fa34acaf32d1792af1afe696dac970fee46
benchmarks/stefani/out/windows/stefani.summary.json	3853	65d69daff736a42e3749bb70d5524407e4569449505a4f45a2a90dd3bf327079
benchmarks/stefani/out/windows/stefani.triage.summary.json	821	8835ab2d0406602e6b06202ca1006e9e3e73598c325b8d2be27b8df22e9dd0fb
benchmarks/stefani/out/windows/stefani.triage.tsv	45195	6985f36b75888514ec6fc272696c957fcfa36736324edc11e15974a9b0c106dc
benchmarks/stefani/reconcile_v4.copies.tsv	261653	37776ec91527b5bf44f11f5f4a316490f021bf87ccf140b27a250e78775b5e50
benchmarks/stefani/reconcile_v4.log	3770	c9c74784dcb7388c7d5632c152f2a69cb607f674759964b714007646c3e6d95e
benchmarks/stefani/reconcile_v4_species.copies.tsv	218821	0f6d5475e5f665fc00dbc623458e96b46ceace341fc06d3076c94c03654ec3bb
benchmarks/stefani/reconcile_v4_species.log	4802	f9641cc10dedf89a21bd4b8bef0920d4864086820c91b3aaf04a2156c6a7a377
benchmarks/stefani/s58.cmsearch.tbl	183396	ae1b60ca0cee46264c600a62af2d4216eea0e3489eb479612c5cc176b11df787
benchmarks/stefani/sets_LSU_v4.calibration.tsv	1520	04f7e0f1ac02a5eb639584f08a69789a51592d11e70b0a518c7661c4ddd0a829
benchmarks/stefani/sets_LSU_v4.copies.tsv	270772	94b300b42aba7a2a14002832fa88cb0212d84d6987358155a033098b4cb1b517
benchmarks/stefani/sets_LSU_v4.cultures.tsv	19623	b0df71394a2332bfdf14a18ad920c037678f4cdaceb7d62bdad5e96196f8d022
benchmarks/stefani/sets_LSU_v4.log	3603	65d6158d40f8be2db0077090fd91c47bf59ae1a69277c625c8ccb1165740466b
benchmarks/stefani/sets_SH_v4.calibration.tsv	1622	aa802e9979573bc36bab816cdc9d77d11bd71b808f360b77162ecc881c90850b
benchmarks/stefani/sets_SH_v4.copies.tsv	309905	9320f140fc45fb85911a75da2b2b5bd1c9beb46991fc55aebd4bcd75bedef657
benchmarks/stefani/sets_SH_v4.cultures.tsv	29130	c229e2ee4f770a74a9f21fcac97cf65858fec043e04b50e48b8cad6bf73ed8dd
benchmarks/stefani/sets_SH_v4.log	8638	5c32d89034569b1c210f0d8560a7d6bef4db153d51dc3ccdb0575dd9e1acdafe
benchmarks/stefani/stefani_groups.tsv	134943	2e9c42017a83c2b06928aa9657562014c0a3a6d6739887b495a76ca877f5c9f2
benchmarks/stefani/stefani_qc.flags.tsv	3556	5509544debb9064c96ad3f98d61962fda578e9bd8c639989c7bb43975fb92cec
benchmarks/stefani/stefani_rdna.gb	5683322	e99ae057104385f44c87a77a2fdd4c71097a8c46de4e49712221d657f98a8a5b
benchmarks/stefani/types_VTX00039.pairs.tsv	168616	8b25b774885099545ec65f4cea6190f7b27f9a6fcc9df7b808bfb9ff30dc336d
benchmarks/stefani/types_VTX00039.types.tsv	5092	9b43edad7d8e228c8eddad5069f7163989b1180bcc31e767aae84609365e7164
benchmarks/stefani/types_VTX00064.pairs.tsv	36280	4f1753727a5f853adce0f5c6517dbe1acd690b5f968a6bf98e3922d73c9477ea
benchmarks/stefani/types_VTX00064.types.tsv	2679	f35f950762af33d7639d6a62e8068693d1d06394d96445c4a5f177c85a7e5d73
benchmarks/stefani/vt_check.copies.tsv	137574	b0f741feea60e1646365491de298477ed4b3e1c1a6d376c9326542e1ea678188
benchmarks/stefani/vt_sets_v4.calibration.tsv	1508	e771a31de3a3c63cf214190445c6d2bcbd93f571188448071e175bb2554f0dc9
benchmarks/stefani/vt_sets_v4.copies.tsv	181792	3cb6e82e100e19f9312ad748bdc6543cecd51c46e3f80c62d615c59262cc1d7a
benchmarks/stefani/vt_sets_v4.cultures.tsv	15196	db80fefc308c421f96e18a8950bea09c458d27d9fdc6396e6d57e3385d232dbb
benchmarks/stefani/vt_sets_v4.log	3952	e6d4e0b5576b8dcc48d90560b6606e58a5cc1049466a542acd9c1286d8dd3457
external_refs/CHECKSUMS.sha256	1341	dfd93b3758db572216cb082f28d2885db000bcebf8652c589dcd767f9a72281c
paper/analysis/complex_pcgenes.py	18847	643058749d83cd1231d43680c138701cbde2e1beda44bc7f3c5aba85d59187a6
paper/analysis/copy_em.py	17438	674f144d776f2bfb443504e6f60073dd2db6629d2631d1b55851819555b549f5
paper/analysis/crosswalk_replay.py	8621	c4c29681cad80e39db48ea51e92770a862861649d9d03eb1c6005475b55da2f0
paper/analysis/lgdb_numbers.py	20356	9872b4659eda4584a3d3e1371aad917bf86f4b6da54fb6187c334ce812c29b1a
paper/analysis/make_figures.py	1558	345b9e5099b1e670d91ff9f8b02b47ecb16a78c878da10ac49fb4525b988abd5
paper/analysis/make_numbers.py	44965	080cecf3e2bfedfc2b394b21979221c772dd45236870b04cdf2bb7e66e9f9983
paper/analysis/pct/n6_percentile.json	2065	7293e739d30d8b208994a52dc0b2f3e134831ad2614e81086f561d64e44ab73f
paper/analysis/pct/v4_p95.complexes.tsv	185	6d7782962dd6c59ccf5da8c8c7654b245822d3a34d5695857e0c7e0e26c60caf
paper/analysis/pct/v4_p95.limits.tsv	65	11206a0597b75b3e1991915ae9649fab6d6a3f13a5d3bae70f3a40173006374d
paper/analysis/pct/v4_p95.log	330	710d7063de4e2d5eb3b100b992269361075e9900c18b11b603caa2ade02dd70a
paper/analysis/pct/v4_p95.pairs.tsv	41002	c25b5c7d0c129db69491ecc1752dfe37d20ff4321fd22b4150e282a1909ffc29
paper/analysis/pct/v4_p97.5.complexes.tsv	201	6b5034449747af89ff114376a37cbb5079c03282e9b8f680817a778f8b793211
paper/analysis/pct/v4_p97.5.limits.tsv	65	ad465c0dabc60bde628f44dbd561bcf8888a157e40488a89b7e68391c1a24724
paper/analysis/pct/v4_p97.5.log	347	706bdc384eaa11f91ce5560dfe9806307fba88a67f9b486f6da3831bd0d71a53
paper/analysis/pct/v4_p97.5.pairs.tsv	41002	58fc26def0ac7c3f504aff2cab399fc2c51ce77ef5f1379d500209f2fc8acfb8
paper/analysis/pct/v4_p99.5.complexes.tsv	315	3265ccbf6e0ff28a28177b8c3fb27432ca4be5758a4117a9d9110df4ab56c7c0
paper/analysis/pct/v4_p99.5.limits.tsv	66	3bb26c2256ffb5d771cea0dbac894588c9336779a5d71026ca72dfc861010640
paper/analysis/pct/v4_p99.5.log	490	f963eecea3028e6630eb66937ff4a29dc303260f838a22376c0d8a1f8d1308f8
paper/analysis/pct/v4_p99.5.pairs.tsv	41002	166911ce53601e0efa141a30dd3b582342f47498e0ed744c48b691b6ff349757
paper/analysis/percentile_sensitivity.py	6876	75d2ef7acfac87029ef0bf1d449955316da578670c2b7720774f4f3dc7e2c0c8
paper/analysis/primer_check.tsv	2372	05389ef1b05325f2dd45e5bf85937795dc7110ec3f1736e5e30cf16367352728
paper/analysis/species_groups.py	5646	e03ab50d73ded0c4a311a3ccf8635c002aa2475662bac257abea6c4a0359fcf6
paper/analysis/v4.complexes.tsv	261	5c82cace7f379cb76b1e6be2af7b4223fa6f37f160a5767b69e7e1ab1d7683fd
paper/analysis/v4.limits.tsv	64	acfbe69d284c50be4dd0939993ac761f25cb4f04bf3cf24b8a3ca3c76d76b605
paper/analysis/v4.log	421	54404445c88c3a06dae49493cbf88885eb750373c76a3e95b78b6361d16644aa
paper/analysis/v4.pairs.tsv	41002	a5d9df9805e7b01e256c9b0226f0077748250017778595d644e78b0f85228bf1
paper/analysis/xw/crosswalk_v4final.copies.tsv	364027	88f1ba1fe6a60e7d8b15509a98da2facfef34b11fe9a1058def9bee94d80008f
paper/analysis/xw/crosswalk_v4final.cultures.tsv	38530	114070879c7395271090a632315547cd1b7d3beaba0a3f63bef55a4541813092
paper/analysis/xw/crosswalk_v4final.log	10368	c96d277bf14c3ccd9470a5dceaf198d534a23c2abfa5e5533690075d9ee44c08
paper/analysis/xw/crosswalk_v4final.replay.json	2924	2b772206a8ab375631871810bc3c4384de54a12592b9d2407686a5e9299cd398
paper/analysis/xw/crosswalk_v4final.species.tsv	7305	75799b7413ce53138ec3c03664eccdec2961af5679242409693abc6f54268555
paper/analysis/xw/crosswalk_v4final.units.tsv	22571	5b43172e5863d6b8730f4dc16bb17d4830766e6d4df2f7e21d2b4984b2a36483
paper/figures/fig1_falseknown.pdf	18727	98969df99adc4e426a4fbfab3db25dfe1d2021755a21345db580b7ac6eef771e
paper/main.pdf	360525	2111c73524a74acf7cfd03c06b6d253e49b83992d7bea5a7714d72d3fa32ef68
paper/main.tex	65076	c476bf18aa18e3ff47d7efeeac14321f2f8809207fea4cf3448d3c5b161fd69d
paper/numbers_generated.tex	8937	91ec954f80492149dea5528042925f0f157e135dcbfac65b9476148eab59e8b0
paper/numbers_lgdb.tex	3987	4c2d7c4a9995ecc88b7ecf02199c34c1dd9966549f45f5a3187765181f0a9925
paper/numbers_pcgenes.tex	1194	7f6412d1fe7b6e89ccd500afa4866b2c9335754cc0599c8968879f1a32f7e955
paper/numbers_static.tex	1666	d0b641cc3458dc7bf2d4a35ff1cd7a0f799e343a484d6171ea01d2c72b42867f
paper/tables/table1_arms.tex	1022	d239f80de52c0ce5df58df53820d4ef9e65ce12204873850e5b5e3fc62c1d1fe
paper/tables/table2_divergent.tex	1043	f9fb412d531c3c5be00e01cf5359975ebe4971d62c500ecfe6ef55bf621e99e2
paper/tables/table2_edits.tex	1073	485612cc5ef8dee7a4cba9ef1aefff2ac68596f5a5b07a9b6cfc6c651eacb326
paper/tables/table3_sets.tex	912	f48ce44c75fc8a097e2ff8fde528bf7f86f26bfc1dc4fbe9e4e523dd7410a138
paper/tables/table4_benchmark.tex	1038	45910177ea617a54e26421496ca89a8c462f3192913df837ff89ff1570225a72
paper/tables/table5_external.tex	1206	c5dbfabbe6c30896eefa4a645be3113172dff24ef181d33221ee2089049d54f3
paper/tables/tableS1_m4_folds.tex	2594	ab28f9263f64c585012a8f9aa61ad5007230f6d1a12c21d1f12688a578c48f11
paper/tables/tableS2_pcgenes.tex	1308	78d7173c37f0145ce8fab8d8e675eb1c3dc8e69d406765d37eb902e367bd1f16
paper/tables/table_complexes.tex	1160	12dc22975435efc8c9f9da531a7b1b9b01ac32a1a0bb50697319d5aa2194b296
paper/tables/table_lgdb.tex	1507	a2aac3ba3a0eb9f7f8e606fd1c38a355387294eb8e7e53381d60a5d9bcab60d2
paper/tables/table_paralog.tex	1667	960dbd6fa60c41e8e44edc7f6e6d4f3b3fd16a4713db2bc960577288e2492f6c
paper/tables/table_percentile.tex	1279	bc13c0bb3c237bcf255ed528bfa0782d0c735a099d5cc08e53556e55af07ae12
paper/tables/table_stage1.tex	1557	7e42b88f61f131980eec37009eabd2a61d4efa505d567473c07acc6798af6bd6
reference/culture_ref_v4/MANIFEST.json	12399	0c87060958bd1f1af58fc5c769b8b0ca2de861751660fb5ba32c8000d27d632a
reference/culture_ref_v4/copies.tsv	305514	181938d695f3df406c9da0af5e95f51b726b6931b71fd7217c430a085df65e94
reference/culture_ref_v4/cultures.tsv	31307	77a23fb8ddc821f01b13d0196319ebdc113d9a8a888a1c813856acbb9e719a16
reference/culture_ref_v4/fasta/LSU_D2_FLR3-FLR4.fasta	290793	1b860c9b99a1b82f47b7c27034868ae2bdbb3549314956b467d10e59efd74d61
reference/culture_ref_v4/fasta/LSU_LROR-FLR2.fasta	667386	18679043a974d1bff4fdf798c0f74655d7444e1b0916a5c0c8356c796a9cca2f
reference/culture_ref_v4/fasta/SSU_NS31-AML2.fasta	482753	9680e85507a18272994093402b01254988d7a5fef46d87c784a8e8fdcfd50427
reference/culture_ref_v4/fasta/SSU_V4_AMV4.5NF-AMDGR.fasta	206824	44bb797b3e85a6e540ff6a98d65efe4f899a24194102ab64ec2d3d0da9a9edb3
reference/culture_ref_v4/fasta/SSU_V4_WANDA-AML2.fasta	462886	5a06d09520e6b8acb9885f3b4920262f13dd6d5e5e32339d7db9ff39969f8efc
reference/culture_ref_v4/fasta/SSU_VT_NS31-AM1.fasta	455588	f322678742ad1cfb782cded31c3b1a3855f0d5bbad4fefdce09b264e4967a5b5
reference/culture_ref_v4/fasta/full.fasta	2496900	db4e8c2f890daab6e4efc29aa006c39ce354e2b434823c85190303fea87ad044
reference/culture_ref_v4/fasta/full_its.fasta	431759	97354e34a22f1ceb27f54b63bd60b3ee342c74c4e27983fdc4499bcc6891916a
reference/culture_ref_v4/fasta/its1.fasta	105551	b1abd6a89515f275d25414763704a1201e83a8e663d304402ff3078d89050003
reference/culture_ref_v4/fasta/its2.fasta	196022	7d199b4218c3998b93dde91eb6e5af9dc6b02b93c36afaf854138310ce32bb63
reference/culture_ref_v4/fasta/lsu_flank.fasta	747052	873b01463e7036ad6549ae0f9404152785e040cff5a7b3a4763d6d8fa5a93af6
reference/culture_ref_v4/fasta/s58.fasta	153664	0b6bb14ff614ff4c68e7d2db686023164676c86d04f1346ef89b4c2dfbdb991d
reference/culture_ref_v4/fasta/ssu_flank.fasta	1341567	9f98d74e0364de14d07ecffbacb310c5fa3143e6b16bf055c061d4db70cee70a
reference/culture_ref_v4/groups.tsv	134936	24d6f667217f3400c2fc06f2c921ab388a3116f976f1b1ba23b9ce7a3a2b5556
stage1/amfsplit_v0.3.1/STAGE1.md	14829	ad0a322c329fa4a23df4e4e628da174cfe67b252cd265d60cbe597158be2e1d0
stage1/amfsplit_v0.3.1/amfsplit.py	29282	a7d79a637095894aea6c8c68b13944a0204d187889185590ad3df44ca0aa4a05
stage1/amfsplit_v0.3.1/amfsplit_v02_orig.py	15335	d1d35486914aa54fbebd1a2d6e3441a38637e2e2d7da9aee10a953c79c0172ce
stage1/amfsplit_v0.3.1/check_concat_lengths.py	3571	d7581dce0e42d145efbdc5ef961cd38091683c7e572088e6102766a3532e4348
stage1/amfsplit_v0.3.1/compare_records.py	3264	491ad5144fb26182ae05b591fe55accb1551c358400c810c65a5b24842b21f75
stage1/amfsplit_v0.3.1/run_stage1.sh	4234	b7a2fa386afbb428202ce66416f9e826957299f5fe1bb136e63f110c50e1ec93
stage1/amfsplit_v0.3.1/tests/concat_sensitivity.py	1819	e8a05dbaf57f9f94cda28192653a6c1443afacddb8756336ddf1d9d7eb7a55f6
stage1/amfsplit_v0.3.1/tests/test_v03.py	12675	c58fada66b278d0655eb3af8f2f126ff6c312d694e9f6b22a3a1878300ee88ce
stage1/amfsplit_v0.3.1/triage.py	5917	8a233d8eeba8d1dbe445f0294fa41c15358266d28ff89a1761ea1c769faa6b83
stage1/amfsplit_v0.3.1/validate_windows.py	2718	ced7f223eb0a33263e4ebcb0e6ba050a9c73a1628dafb22c99cc6b8eba171448
stage1/prototypes/STAGE1.md	9274	c8d57a13503a66c03c15db4651a9d7e31965d25dfe306c3903ae36d4666978b6
stage1/prototypes/amfsplit.py	15335	d1d35486914aa54fbebd1a2d6e3441a38637e2e2d7da9aee10a953c79c0172ce
stage1/prototypes/crosslineage.py	12022	34054458284dbc61b2db4b65c088a58cd0b2a987b52fd3835713e78c326b8abf
stage1/prototypes/gb_groups.py	5578	bb59c6c6e14b0499c6adcfb8e893380c626b6fed145dcf047a183eb703a05bb0
stage1/prototypes/panels/amf_legacy_windows.tsv	1633	52efeb25eedb9408acb9f04d42b4753068418ac4833ecf705e558ad1142bb2ea
stage1/prototypes/run_stage1.sh	4059	27e9cc457c2b2a31011c0e77b3cdaeac206087114db2524a296a9ecfded76c9f
stage1/prototypes/stefani_qc.py	8163	4fc3c62dfe6e256281544f24b97a2176fecf9a947b3aaad731ea92ecc3c21033
stage1/prototypes/triage.py	5917	8a233d8eeba8d1dbe445f0294fa41c15358266d28ff89a1761ea1c769faa6b83
stage1/prototypes/validate_windows.py	2718	ced7f223eb0a33263e4ebcb0e6ba050a9c73a1628dafb22c99cc6b8eba171448
stage1/prototypes/vt_check.py	14166	7e0c085d45139855cfcd9f71e604b20388f7444a9d7248b7b19bd6eb8ff3d16d
stage1/prototypes/vt_followup.py	3148	0f34342227c8fe8dac756b159590ad178cb76b45b3719664cf9448bf927a5794
stage3/arm_sets.py	20672	34c08ef96b6f6cfe4cce10454d88a3616c6e8f00f6d328ba656ae21cd081d5e7
stage3/arms.py	12692	1f57380a5feb59827adf6422f15116449d59947fdb8d0912f0703d8e9cbd3599
stage3/copy_types.py	10042	4b89101e432ac495355cbc202048217d3e900c5e37621e87fcb1b86eb1ff5523
stage3/crosswalk.py	22659	f993307aab75fb98451aa696d29f4cf0e0571c5ffb9aca23a13d893bf141238f
stage3/find_unite.py	6834	de7f21d0d7804ab3a71892a64b2a157ac4b1ceb8d0295dc2551fb1439092f4a4
stage3/freeze_ref.py	28104	33624cfd4ebd7758ef06e14506fc2db30c4020d17992c8b99875a0cc50e3d5fd
stage3/longglodb_overlap.py	15653	c8366863b8afb5b8456debe0f58cb1794d4053592807c291a5b8ef5dbaeb538a
stage3/novelty.py	16167	1ed983ebd4a0244a923932a9538889154942c136e849d040282a03ffd92e8d64
stage3/predict_longglodb.py	15031	992205ee22d21b730820538a5695fe24c48fee94bfb70deefe958fc993fb6a7e
stage3/reconcile.py	15828	559bb75508c1fa90bb2fe2e026ad4d8bddba39f5c516634ead932874464acc6f
stage3/ref_edits_v1.tsv	1794	a15415300eac115a832b69e51fdb10026dee6809fd6c1c3e9011339131f856fd
stage3/ref_edits_v2.tsv	2770	f1cf3685a96ceb039a9e5ca05c2a6d86ca2ec2df95f4afa5a083648f5bed63fe
stage3/ref_edits_v3.tsv	3479	efcca9c108578ecf3ba9201fe4e75c170adae74644cb8bbb3bf288f807c24125
stage3/ref_edits_v4.tsv	5920	ef159f07be8974b3f75e2a0b512c54613fd2813e868c789550c21cd32b1301df
stage3/vt_sets.py	17386	2fbfcd45de2eb886258a00dfc8c6e4c2755449cee7b1f9bb5a2c85440e3962f6
stage_repo.sh	5819	e6b27234888a395a9ec566df55eda05ce65227cb8b6b8f929702e701fed86d13
