read_id	read_len	orient	orient_source	itsx_confidence	ssu_flank_coords	its1_coords	s58_coords	its2_coords	full_its_coords	lsu_flank_coords	AMPLICON_AML1-LSUmBr_status	AMPLICON_AML1-LSUmBr_start	AMPLICON_AML1-LSUmBr_end	AMPLICON_AML1-LSUmBr_len	AMPLICON_AML1-LSUmBr_fwd_ed	AMPLICON_AML1-LSUmBr_rev_ed	AMPLICON_AML1-LSUmBr_multi	SSU_VT_NS31-AM1_status	SSU_VT_NS31-AM1_start	SSU_VT_NS31-AM1_end	SSU_VT_NS31-AM1_len	SSU_VT_NS31-AM1_fwd_ed	SSU_VT_NS31-AM1_rev_ed	SSU_VT_NS31-AM1_multi	SSU_NS31-AML2_status	SSU_NS31-AML2_start	SSU_NS31-AML2_end	SSU_NS31-AML2_len	SSU_NS31-AML2_fwd_ed	SSU_NS31-AML2_rev_ed	SSU_NS31-AML2_multi	SSU_V4_WANDA-AML2_status	SSU_V4_WANDA-AML2_start	SSU_V4_WANDA-AML2_end	SSU_V4_WANDA-AML2_len	SSU_V4_WANDA-AML2_fwd_ed	SSU_V4_WANDA-AML2_rev_ed	SSU_V4_WANDA-AML2_multi	SSU_V4_AMV4.5NF-AMDGR_status	SSU_V4_AMV4.5NF-AMDGR_start	SSU_V4_AMV4.5NF-AMDGR_end	SSU_V4_AMV4.5NF-AMDGR_len	SSU_V4_AMV4.5NF-AMDGR_fwd_ed	SSU_V4_AMV4.5NF-AMDGR_rev_ed	SSU_V4_AMV4.5NF-AMDGR_multi	LSU_LROR-FLR2_status	LSU_LROR-FLR2_start	LSU_LROR-FLR2_end	LSU_LROR-FLR2_len	LSU_LROR-FLR2_fwd_ed	LSU_LROR-FLR2_rev_ed	LSU_LROR-FLR2_multi	LSU_D2_FLR3-FLR4_status	LSU_D2_FLR3-FLR4_start	LSU_D2_FLR3-FLR4_end	LSU_D2_FLR3-FLR4_len	LSU_D2_FLR3-FLR4_fwd_ed	LSU_D2_FLR3-FLR4_rev_ed	LSU_D2_FLR3-FLR4_multi	windows_ok	flank_consistent
PX207096.1	2760	+	itsxrust	confident	1-1472	1473-1595	1596-1747	1748-1989	1473-1989	1990-2760	both_missing						0	too_long	232	2760	2529	0		0	ok	232	750	519	0	0	0	ok	254	750	497	0	0	0	ok	306	522	217	1	0	1	ok	2030	2714	685	0	0	0	ok	2424	2699	276	0	3	0	5	yes
PX207097.1	2757	+	itsxrust	confident	1-1472	1473-1593	1594-1745	1746-1986	1473-1986	1987-2757	both_missing						0	too_long	232	2757	2526	0		0	ok	232	750	519	0	0	0	ok	254	750	497	0	0	0	ok	306	522	217	1	0	1	ok	2027	2711	685	0	0	0	ok	2421	2696	276	0	3	0	5	yes
PX207098.1	2759	+	itsxrust	confident	1-1472	1473-1594	1595-1746	1747-1987	1473-1987	1988-2759	both_missing						0	too_long	232	2759	2528	0		0	ok	232	750	519	0	0	0	ok	254	750	497	0	0	0	ok	306	522	217	1	0	1	ok	2028	2713	686	0	0	0	ok	2423	2698	276	0	3	0	5	yes
PX207099.1	2756	+	itsxrust	confident	1-1472	1473-1593	1594-1745	1746-1985	1473-1985	1986-2756	both_missing						0	too_long	232	2756	2525	0		0	ok	232	750	519	0	0	0	ok	254	750	497	0	0	0	ok	306	522	217	1	0	1	ok	2026	2710	685	0	0	0	ok	2420	2695	276	0	3	0	5	yes
PX207100.1	2755	+	itsxrust	confident	1-1472	1473-1592	1593-1744	1745-1984	1473-1984	1985-2755	both_missing						0	too_long	232	2755	2524	0		0	ok	232	750	519	0	0	0	ok	254	750	497	0	0	0	ok	306	522	217	1	0	1	ok	2025	2709	685	0	0	0	ok	2419	2694	276	0	3	0	5	yes
PX207101.1	2745	+	itsxrust	confident	1-1475	1476-1614	1615-1772	1773-1977	1476-1977	1978-2745	both_missing						0	ok	232	738	507	0	3	0	ok	232	752	521	0	1	0	ok	254	752	499	0	1	0	ok	307	524	218	1	0	0	ok	2019	2699	681	0	0	0	ok	2412	2684	273	1	3	1	6	yes
PX207102.1	2750	+	itsxrust	confident	1-1475	1476-1613	1614-1771	1772-1982	1476-1982	1983-2750	both_missing						0	ok	232	738	507	0	3	0	ok	232	752	521	0	1	0	ok	254	752	499	0	1	0	ok	307	524	218	1	0	0	ok	2024	2704	681	0	0	0	ok	2417	2689	273	1	3	1	6	yes
PX207103.1	2746	+	itsxrust	confident	1-1475	1476-1615	1616-1773	1774-1978	1476-1978	1979-2746	both_missing						0	ok	232	738	507	0	3	0	ok	232	752	521	0	1	0	ok	254	752	499	0	1	0	ok	307	524	218	1	0	0	ok	2020	2700	681	0	0	0	ok	2413	2685	273	1	3	1	6	yes
PX207104.1	2742	+	itsxrust	confident	1-1475	1476-1611	1612-1769	1770-1974	1476-1974	1975-2742	both_missing						0	ok	232	738	507	0	3	0	ok	232	752	521	0	1	0	ok	254	752	499	0	1	0	ok	307	524	218	1	0	0	ok	2016	2696	681	0	0	0	ok	2409	2681	273	1	3	1	6	yes
PX207105.1	2742	+	itsxrust	confident	1-1475	1476-1611	1612-1769	1770-1974	1476-1974	1975-2742	both_missing						0	ok	232	738	507	0	3	0	ok	232	752	521	0	1	0	ok	254	752	499	0	1	0	ok	307	524	218	1	0	0	ok	2016	2696	681	0	0	0	ok	2409	2681	273	1	3	1	6	yes
PX207106.1	2742	+	itsxrust	confident	1-1475	1476-1611	1612-1769	1770-1974	1476-1974	1975-2742	both_missing						0	ok	232	738	507	0	3	0	ok	232	752	521	0	1	0	ok	254	752	499	0	1	0	ok	307	524	218	1	0	0	ok	2016	2696	681	0	0	0	ok	2409	2681	273	1	3	1	6	yes
PX207107.1	2754	+	itsxrust	confident	1-1475	1476-1579	1580-1737	1738-1928	1476-1928	1929-2754	both_missing						0	ok	232	741	510	0	1	0	ok	232	755	524	0	0	0	ok	254	755	502	0	0	0	ok	307	524	218	1	0	0	ok	1971	2708	738	0	0	0	ok	2363	2693	331	0	3	0	6	yes
PX207108.1	2754	+	itsxrust	confident	1-1475	1476-1579	1580-1737	1738-1928	1476-1928	1929-2754	both_missing						0	ok	232	741	510	0	1	0	ok	232	755	524	0	0	0	ok	254	755	502	0	0	0	ok	307	524	218	1	0	0	ok	1971	2708	738	0	0	0	ok	2363	2693	331	0	3	0	6	yes
PX207109.1	2756	+	itsxrust	confident	1-1475	1476-1581	1582-1739	1740-1930	1476-1930	1931-2756	both_missing						0	ok	232	741	510	0	1	0	ok	232	755	524	0	0	0	ok	254	755	502	0	0	0	ok	307	524	218	1	0	0	ok	1973	2710	738	0	0	0	ok	2365	2695	331	0	3	0	6	yes
PX207110.1	2754	+	itsxrust	confident	1-1475	1476-1579	1580-1737	1738-1928	1476-1928	1929-2754	both_missing						0	ok	232	741	510	0	1	0	ok	232	755	524	0	0	0	ok	254	755	502	0	0	0	ok	307	524	218	1	0	0	ok	1971	2708	738	0	0	0	ok	2363	2693	331	0	3	0	6	yes
PX207111.1	2758	+	itsxrust	confident	1-1475	1476-1583	1584-1741	1742-1932	1476-1932	1933-2758	both_missing						0	ok	232	741	510	0	1	0	ok	232	755	524	0	0	0	ok	254	755	502	0	0	0	ok	307	524	218	1	0	0	ok	1975	2712	738	0	0	0	ok	2367	2697	331	0	3	0	6	yes
PX207112.1	2752	+	itsxrust	confident	1-1475	1476-1579	1580-1737	1738-1928	1476-1928	1929-2752	both_missing						0	ok	232	741	510	0	1	0	ok	232	755	524	0	0	0	ok	254	755	502	0	0	0	ok	307	524	218	1	0	0	ok	1971	2706	736	0	0	0	ok	2363	2691	329	0	3	0	6	yes
PX207113.1	2762	+	itsxrust	confident	1-1475	1476-1583	1584-1741	1742-1935	1476-1935	1936-2762	both_missing						0	ok	232	741	510	0	1	0	ok	232	755	524	0	0	0	ok	254	755	502	0	0	0	ok	307	524	218	1	0	0	ok	1978	2716	739	0	0	0	ok	2373	2701	329	0	3	0	6	yes
PX207114.1	2756	+	itsxrust	confident	1-1475	1476-1583	1584-1741	1742-1932	1476-1932	1933-2756	both_missing						0	ok	232	741	510	0	1	0	ok	232	755	524	0	0	0	ok	254	755	502	0	0	0	ok	307	524	218	1	0	0	ok	1975	2710	736	0	0	0	ok	2367	2695	329	0	3	0	6	yes
PX207115.1	2757	+	itsxrust	confident	1-1475	1476-1583	1584-1741	1742-1932	1476-1932	1933-2757	both_missing						0	ok	232	741	510	0	1	0	ok	232	755	524	0	0	0	ok	254	755	502	0	0	0	ok	307	524	218	1	0	0	ok	1975	2711	737	0	0	0	ok	2367	2696	330	0	3	0	6	yes
PX207116.1	2757	+	itsxrust	confident	1-1475	1476-1583	1584-1741	1742-1932	1476-1932	1933-2757	both_missing						0	ok	232	741	510	0	1	0	ok	232	755	524	0	0	0	ok	254	755	502	0	0	0	ok	307	524	218	1	0	0	ok	1975	2711	737	0	0	0	ok	2367	2696	330	0	3	0	6	yes
PX207117.1	2755	+	itsxrust	confident	1-1475	1476-1581	1582-1739	1740-1930	1476-1930	1931-2755	both_missing						0	ok	232	741	510	0	1	0	ok	232	755	524	0	0	0	ok	254	755	502	0	0	0	ok	307	524	218	1	0	0	ok	1973	2709	737	0	0	0	ok	2365	2694	330	0	3	0	6	yes
PX207118.1	2648	+	itsxrust	confident	1-1467	1468-1548	1549-1706	1707-1883	1468-1883	1884-2648	both_missing						0	ok	232	734	503	0	0	0	ok	232	748	517	0	0	0	ok	254	748	495	0	0	0	ok	307	518	212	0	0	0	ok	1926	2602	677	0	0	0	ok	2320	2587	268	1	2	0	6	yes
PX207119.1	2648	+	itsxrust	confident	1-1467	1468-1548	1549-1706	1707-1883	1468-1883	1884-2648	both_missing						0	ok	232	734	503	0	0	0	ok	232	748	517	0	0	0	ok	254	748	495	0	0	0	ok	307	518	212	0	0	0	ok	1926	2602	677	0	0	0	ok	2320	2587	268	1	2	0	6	yes
PX207120.1	2648	+	itsxrust	confident	1-1466	1467-1548	1549-1706	1707-1883	1467-1883	1884-2648	both_missing						0	ok	232	733	502	0	0	0	ok	232	747	516	0	0	0	ok	254	747	494	0	0	0	ok	307	518	212	0	0	0	ok	1926	2602	677	0	0	0	ok	2320	2587	268	1	2	0	6	yes
PX207121.1	2650	+	itsxrust	confident	1-1466	1467-1548	1549-1706	1707-1883	1467-1883	1884-2650	both_missing						0	ok	232	733	502	0	0	0	ok	232	747	516	0	0	0	ok	254	747	494	0	0	0	ok	307	518	212	0	0	0	ok	1926	2604	679	0	0	0	ok	2320	2589	270	1	2	0	6	yes
PX207122.1	2651	+	itsxrust	confident	1-1468	1469-1548	1549-1705	1706-1884	1469-1884	1885-2651	both_missing						0	ok	232	735	504	0	0	0	ok	232	749	518	0	0	0	ok	254	749	496	0	0	0	ok	307	518	212	0	0	0	ok	1927	2605	679	0	0	0	ok	2322	2590	269	1	2	0	6	yes
PX207123.1	2652	+	itsxrust	confident	1-1467	1468-1548	1549-1706	1707-1886	1468-1886	1887-2652	both_missing						0	ok	232	734	503	0	0	0	ok	232	748	517	0	0	0	ok	254	748	495	0	0	0	ok	307	518	212	0	0	0	ok	1929	2606	678	0	0	0	ok	2324	2591	268	1	2	0	6	yes
PX207124.1	2651	+	itsxrust	confident	1-1467	1468-1548	1549-1705	1706-1885	1468-1885	1886-2651	both_missing						0	ok	232	734	503	0	0	0	ok	232	748	517	0	0	0	ok	254	748	495	0	0	0	ok	307	518	212	0	0	0	ok	1928	2605	678	0	0	0	ok	2323	2590	268	1	2	0	6	yes
PX207125.1	2652	+	itsxrust	confident	1-1467	1468-1548	1549-1706	1707-1886	1468-1886	1887-2652	both_missing						0	ok	232	734	503	0	0	0	ok	232	748	517	0	0	0	ok	254	748	495	0	0	0	ok	307	518	212	0	0	0	ok	1929	2606	678	0	0	0	ok	2324	2591	268	1	2	0	6	yes
PX207126.1	2652	+	itsxrust	confident	1-1467	1468-1548	1549-1706	1707-1886	1468-1886	1887-2652	both_missing						0	ok	232	734	503	0	0	0	ok	232	748	517	0	0	0	ok	254	748	495	0	0	0	ok	307	518	212	0	0	0	ok	1929	2606	678	0	0	0	ok	2324	2591	268	1	2	0	6	yes
PX207127.1	2651	+	itsxrust	confident	1-1467	1468-1548	1549-1706	1707-1886	1468-1886	1887-2651	both_missing						0	ok	232	734	503	0	0	0	ok	232	748	517	0	0	0	ok	254	748	495	0	0	0	ok	307	518	212	0	0	0	ok	1929	2605	677	0	0	0	ok	2323	2590	268	1	2	0	6	yes
PX207128.1	2639	+	itsxrust	confident	1-1470	1471-1542	1543-1700	1701-1873	1471-1873	1874-2639	both_missing						0	ok	232	735	504	0	0	0	ok	232	749	518	0	0	0	ok	254	749	496	0	0	0	ok	307	519	213	0	0	0	ok	1916	2593	678	0	0	0	ok	2310	2578	269	1	3	0	6	yes
PX207129.1	2639	+	itsxrust	confident	1-1470	1471-1542	1543-1700	1701-1873	1471-1873	1874-2639	both_missing						0	ok	232	735	504	0	0	0	ok	232	749	518	0	0	0	ok	254	749	496	0	0	0	ok	307	519	213	0	0	0	ok	1916	2593	678	0	0	0	ok	2310	2578	269	1	3	0	6	yes
PX207130.1	2639	+	itsxrust	confident	1-1470	1471-1542	1543-1700	1701-1873	1471-1873	1874-2639	both_missing						0	ok	232	735	504	0	0	0	ok	232	749	518	0	0	0	ok	254	749	496	0	0	0	ok	307	519	213	0	0	0	ok	1916	2593	678	0	0	0	ok	2310	2578	269	1	3	0	6	yes
PX207131.1	2639	+	itsxrust	confident	1-1470	1471-1542	1543-1700	1701-1873	1471-1873	1874-2639	both_missing						0	ok	232	735	504	0	0	0	ok	232	749	518	0	0	0	ok	254	749	496	0	0	0	ok	307	519	213	0	0	0	ok	1916	2593	678	0	0	0	ok	2310	2578	269	1	3	0	6	yes
PX207132.1	2641	+	itsxrust	confident	1-1472	1473-1544	1545-1702	1703-1875	1473-1875	1876-2641	both_missing						0	ok	232	737	506	0	0	0	ok	232	751	520	0	0	0	ok	254	751	498	0	0	0	ok	307	521	215	0	0	0	ok	1918	2595	678	0	0	0	ok	2312	2580	269	1	3	0	6	yes
PX207133.1	2641	+	itsxrust	confident	1-1472	1473-1544	1545-1702	1703-1875	1473-1875	1876-2641	both_missing						0	ok	232	737	506	0	0	0	ok	232	751	520	0	0	0	ok	254	751	498	0	0	0	ok	307	521	215	0	0	0	ok	1918	2595	678	0	0	0	ok	2312	2580	269	1	3	0	6	yes
PX207134.1	2640	+	itsxrust	confident	1-1471	1472-1543	1544-1701	1702-1874	1472-1874	1875-2640	both_missing						0	ok	232	736	505	0	0	0	ok	232	750	519	0	0	0	ok	254	750	497	0	0	0	ok	307	520	214	0	0	0	ok	1917	2594	678	0	0	0	ok	2311	2579	269	1	3	0	6	yes
PX207135.1	2648	+	itsxrust	confident	1-1470	1471-1550	1551-1708	1709-1882	1471-1882	1883-2648	both_missing						0	ok	232	735	504	0	0	0	ok	232	749	518	0	0	0	ok	254	749	496	0	0	0	ok	307	519	213	0	0	0	ok	1925	2602	678	0	0	0	ok	2318	2587	270	0	1	0	6	yes
PX207136.1	2646	+	itsxrust	confident	1-1470	1471-1545	1546-1703	1704-1881	1471-1881	1882-2646	both_missing						0	ok	232	735	504	0	0	0	ok	232	749	518	0	0	0	ok	254	749	496	0	0	0	ok	307	519	213	0	0	0	ok	1924	2600	677	0	0	0	ok	2317	2585	269	0	1	0	6	yes
PX207137.1	2646	+	itsxrust	confident	1-1470	1471-1545	1546-1703	1704-1881	1471-1881	1882-2646	both_missing						0	ok	232	735	504	0	0	0	ok	232	749	518	0	0	0	ok	254	749	496	0	0	0	ok	307	519	213	0	0	0	ok	1924	2600	677	0	0	0	ok	2317	2585	269	0	1	0	6	yes
PX207138.1	2645	+	itsxrust	confident	1-1470	1471-1545	1546-1703	1704-1880	1471-1880	1881-2645	both_missing						0	ok	232	735	504	0	0	0	ok	232	749	518	0	0	0	ok	254	749	496	0	0	0	ok	307	519	213	0	0	0	ok	1923	2599	677	0	0	0	ok	2316	2584	269	0	2	0	6	yes
PX207139.1	2641	+	itsxrust	confident	1-1470	1471-1544	1545-1702	1703-1876	1471-1876	1877-2641	both_missing						0	ok	232	735	504	0	0	0	ok	232	749	518	0	0	0	ok	254	749	496	0	0	0	ok	307	519	213	0	0	0	ok	1919	2595	677	0	1	0	ok	2312	2580	269	0	3	0	6	yes
PX207140.1	2641	+	itsxrust	confident	1-1470	1471-1544	1545-1702	1703-1876	1471-1876	1877-2641	both_missing						0	ok	232	735	504	0	0	0	ok	232	749	518	0	0	0	ok	254	749	496	0	0	0	ok	307	519	213	0	0	0	ok	1919	2595	677	0	1	0	ok	2312	2580	269	0	3	0	6	yes
PX207141.1	2643	+	itsxrust	confident	1-1470	1471-1544	1545-1702	1703-1878	1471-1878	1879-2643	both_missing						0	ok	232	735	504	0	0	0	ok	232	749	518	0	0	0	ok	254	749	496	0	0	0	ok	307	519	213	0	0	0	ok	1921	2597	677	0	0	0	ok	2314	2582	269	1	2	0	6	yes
PX207142.1	2636	+	itsxrust	confident	1-1470	1471-1542	1543-1700	1701-1869	1471-1869	1870-2636	both_missing						0	ok	232	735	504	0	0	0	ok	232	749	518	0	0	0	ok	254	749	496	0	0	0	ok	307	519	213	0	0	0	ok	1912	2590	679	0	0	0	ok	2306	2575	270	1	3	0	6	yes
PX207143.1	2636	+	itsxrust	confident	1-1470	1471-1544	1545-1702	1703-1871	1471-1871	1872-2636	both_missing						0	ok	232	735	504	0	0	0	ok	232	749	518	0	0	0	ok	254	749	496	0	0	0	ok	307	519	213	0	0	0	ok	1914	2590	677	0	1	0	ok	2307	2575	269	0	2	0	6	yes
PX207144.1	2771	+	itsxrust	confident	1-1473	1474-1581	1582-1739	1740-1942	1474-1942	1943-2771	both_missing						0	ok	232	739	508	0	0	0	ok	232	753	522	0	0	0	ok	254	753	500	0	0	0	ok	307	522	216	0	0	0	ok	1985	2725	741	0	1	0	ok	2378	2710	333	1	0	1	6	yes
PX207145.1	2771	+	itsxrust	confident	1-1473	1474-1581	1582-1739	1740-1942	1474-1942	1943-2771	both_missing						0	ok	232	739	508	0	0	0	ok	232	753	522	0	0	0	ok	254	753	500	0	0	0	ok	307	522	216	0	0	0	ok	1985	2725	741	0	1	0	ok	2378	2710	333	1	0	1	6	yes
PX207146.1	2771	+	itsxrust	confident	1-1473	1474-1581	1582-1739	1740-1942	1474-1942	1943-2771	both_missing						0	ok	232	739	508	0	0	0	ok	232	753	522	0	0	0	ok	254	753	500	0	0	0	ok	307	522	216	0	0	0	ok	1985	2725	741	0	1	0	ok	2378	2710	333	1	0	1	6	yes
PX207147.1	2771	+	itsxrust	confident	1-1473	1474-1581	1582-1739	1740-1942	1474-1942	1943-2771	both_missing						0	ok	232	739	508	0	0	0	ok	232	753	522	0	0	0	ok	254	753	500	0	0	0	ok	307	522	216	0	0	0	ok	1985	2724	740	0	1	0	ok	2378	2709	332	1	0	1	6	yes
PX207148.1	2771	+	itsxrust	confident	1-1473	1474-1581	1582-1739	1740-1942	1474-1942	1943-2771	both_missing						0	ok	232	739	508	0	0	0	ok	232	753	522	0	0	0	ok	254	753	500	0	0	0	ok	307	522	216	0	0	0	ok	1985	2724	740	0	1	0	ok	2378	2709	332	1	0	1	6	yes
PX207149.1	2771	+	itsxrust	confident	1-1473	1474-1581	1582-1739	1740-1942	1474-1942	1943-2771	both_missing						0	ok	232	739	508	0	0	0	ok	232	753	522	0	0	0	ok	254	753	500	0	0	0	ok	307	522	216	0	0	0	ok	1985	2724	740	0	1	0	ok	2378	2709	332	1	0	1	6	yes
PX207150.1	2771	+	itsxrust	confident	1-1473	1474-1581	1582-1739	1740-1942	1474-1942	1943-2771	both_missing						0	ok	232	739	508	0	0	0	ok	232	753	522	0	0	0	ok	254	753	500	0	0	0	ok	307	522	216	0	0	0	ok	1985	2725	741	0	0	0	ok	2378	2710	333	1	0	1	6	yes
PX207151.1	2770	+	itsxrust	confident	1-1473	1474-1581	1582-1739	1740-1941	1474-1941	1942-2770	both_missing						0	ok	232	739	508	0	0	0	ok	232	753	522	0	0	0	ok	254	753	500	0	0	0	ok	307	522	216	0	0	0	ok	1984	2724	741	0	0	0	ok	2377	2709	333	1	0	1	6	yes
PX207152.1	2771	+	itsxrust	confident	1-1473	1474-1581	1582-1739	1740-1942	1474-1942	1943-2771	both_missing						0	ok	232	739	508	0	0	0	ok	232	753	522	0	0	0	ok	254	753	500	0	0	0	ok	307	522	216	0	0	0	ok	1985	2725	741	0	0	0	ok	2378	2710	333	1	0	1	6	yes
PX207153.1	2771	+	itsxrust	confident	1-1473	1474-1581	1582-1739	1740-1942	1474-1942	1943-2771	both_missing						0	ok	232	739	508	0	0	0	ok	232	753	522	0	0	0	ok	254	753	500	0	0	0	ok	307	522	216	0	0	0	ok	1985	2725	741	0	0	0	ok	2378	2710	333	1	0	1	6	yes
PX207154.1	2771	+	itsxrust	confident	1-1473	1474-1581	1582-1739	1740-1942	1474-1942	1943-2771	both_missing						0	ok	232	739	508	0	0	0	ok	232	753	522	0	0	0	ok	254	753	500	0	0	0	ok	307	522	216	0	0	0	ok	1985	2725	741	0	0	0	ok	2378	2710	333	1	0	1	6	yes
PX207155.1	2772	+	itsxrust	confident	1-1473	1474-1581	1582-1739	1740-1942	1474-1942	1943-2772	both_missing						0	ok	232	739	508	0	0	0	ok	232	753	522	0	0	0	ok	254	753	500	0	0	0	ok	307	522	216	0	0	0	ok	1985	2726	742	0	1	0	ok	2378	2711	334	1	0	1	6	yes
PX207156.1	2771	+	itsxrust	confident	1-1473	1474-1581	1582-1739	1740-1942	1474-1942	1943-2771	both_missing						0	ok	232	739	508	0	0	0	ok	232	753	522	0	0	0	ok	254	753	500	0	0	0	ok	307	522	216	0	0	0	ok	1985	2725	741	0	0	0	ok	2378	2710	333	1	0	1	6	yes
PX207157.1	2771	+	itsxrust	confident	1-1473	1474-1581	1582-1739	1740-1942	1474-1942	1943-2771	both_missing						0	ok	232	739	508	0	0	0	ok	232	753	522	0	0	0	ok	254	753	500	0	0	0	ok	307	522	216	0	0	0	ok	1985	2725	741	0	0	0	ok	2378	2710	333	1	0	1	6	yes
PX207158.1	2770	+	itsxrust	confident	1-1473	1474-1580	1581-1738	1739-1941	1474-1941	1942-2770	both_missing						0	ok	232	739	508	0	0	0	ok	232	753	522	0	0	0	ok	254	753	500	0	0	0	ok	307	522	216	0	0	0	ok	1984	2724	741	0	0	0	ok	2377	2709	333	1	0	1	6	yes
PX207159.1	2770	+	itsxrust	confident	1-1473	1474-1580	1581-1738	1739-1941	1474-1941	1942-2770	both_missing						0	ok	232	739	508	0	0	0	ok	232	753	522	0	0	0	ok	254	753	500	0	0	0	ok	307	522	216	0	0	0	ok	1984	2724	741	0	0	0	ok	2377	2709	333	1	0	1	6	yes
PX207160.1	2771	+	itsxrust	confident	1-1473	1474-1581	1582-1739	1740-1942	1474-1942	1943-2771	both_missing						0	ok	232	739	508	0	0	0	ok	232	753	522	0	0	0	ok	254	753	500	0	0	0	ok	307	522	216	0	0	0	ok	1985	2725	741	0	0	0	ok	2378	2710	333	1	0	1	6	yes
PX207161.1	2771	+	itsxrust	confident	1-1473	1474-1581	1582-1739	1740-1942	1474-1942	1943-2771	both_missing						0	ok	232	739	508	0	0	0	ok	232	753	522	0	0	0	ok	254	753	500	0	0	0	ok	307	522	216	0	0	0	ok	1985	2725	741	0	0	0	ok	2378	2710	333	1	0	1	6	yes
PX207162.1	2770	+	itsxrust	confident	1-1473	1474-1579	1580-1731	1732-1943	1474-1943	1944-2770	both_missing						0	ok	232	739	508	0	0	0	ok	232	753	522	0	0	0	ok	254	753	500	0	0	0	ok	307	522	216	0	0	0	ok	1986	2724	739	0	0	0	ok	2378	2709	332	1	0	1	6	yes
PX207163.1	2770	+	itsxrust	confident	1-1473	1474-1579	1580-1731	1732-1943	1474-1943	1944-2770	both_missing						0	ok	232	739	508	0	0	0	ok	232	753	522	0	0	0	ok	254	753	500	0	0	0	ok	307	522	216	0	0	0	ok	1986	2724	739	0	0	0	ok	2378	2709	332	1	0	1	6	yes
PX207164.1	2770	+	itsxrust	confident	1-1473	1474-1579	1580-1731	1732-1943	1474-1943	1944-2770	both_missing						0	ok	232	739	508	0	0	0	ok	232	753	522	0	0	0	ok	254	753	500	0	0	0	ok	307	522	216	0	0	0	ok	1986	2724	739	0	0	0	ok	2378	2709	332	1	0	1	6	yes
PX207165.1	2770	+	itsxrust	confident	1-1473	1474-1579	1580-1731	1732-1943	1474-1943	1944-2770	both_missing						0	ok	232	739	508	0	0	0	ok	232	753	522	0	0	0	ok	254	753	500	0	0	0	ok	307	522	216	0	0	0	ok	1986	2724	739	0	0	0	ok	2378	2709	332	1	0	1	6	yes
PX207166.1	2767	+	itsxrust	confident	1-1473	1474-1582	1583-1738	1739-1940	1474-1940	1941-2767	both_missing						0	ok	232	739	508	0	0	0	ok	232	753	522	0	0	0	ok	254	753	500	0	0	0	ok	307	522	216	0	0	0	ok	1983	2721	739	0	0	0	ok	2376	2706	331	1	0	1	6	yes
PX207167.1	2767	+	itsxrust	confident	1-1473	1474-1582	1583-1738	1739-1940	1474-1940	1941-2767	both_missing						0	ok	232	739	508	0	0	0	ok	232	753	522	0	0	0	ok	254	753	500	0	0	0	ok	307	522	216	0	0	0	ok	1983	2721	739	0	0	0	ok	2376	2706	331	1	0	1	6	yes
PX207168.1	2767	+	itsxrust	confident	1-1473	1474-1582	1583-1738	1739-1940	1474-1940	1941-2767	both_missing						0	ok	232	739	508	0	0	0	ok	232	753	522	0	0	0	ok	254	753	500	0	0	0	ok	307	522	216	0	0	0	ok	1983	2721	739	0	0	0	ok	2376	2706	331	1	0	1	6	yes
PX207169.1	2767	+	itsxrust	confident	1-1473	1474-1582	1583-1738	1739-1940	1474-1940	1941-2767	both_missing						0	ok	232	739	508	0	0	0	ok	232	753	522	0	0	0	ok	254	753	500	0	0	0	ok	307	522	216	0	0	0	ok	1983	2721	739	0	0	0	ok	2376	2706	331	1	0	1	6	yes
PX207170.1	2767	+	itsxrust	confident	1-1473	1474-1582	1583-1738	1739-1940	1474-1940	1941-2767	both_missing						0	ok	232	739	508	0	0	0	ok	232	753	522	0	0	0	ok	254	753	500	0	0	0	ok	307	522	216	0	0	0	ok	1983	2721	739	0	0	0	ok	2376	2706	331	1	0	1	6	yes
PX207171.1	2778	+	itsxrust	confident	1-1473	1474-1582	1583-1739	1740-1949	1474-1949	1950-2778	both_missing						0	ok	232	739	508	0	0	0	ok	232	753	522	0	0	0	ok	254	753	500	0	0	0	ok	307	522	216	0	0	0	ok	1992	2732	741	0	0	0	ok	2386	2717	332	1	0	1	6	yes
PX207172.1	2778	+	itsxrust	confident	1-1473	1474-1582	1583-1739	1740-1949	1474-1949	1950-2778	both_missing						0	ok	232	739	508	0	0	0	ok	232	753	522	0	0	0	ok	254	753	500	0	0	0	ok	307	522	216	0	0	0	ok	1992	2732	741	0	0	0	ok	2386	2717	332	1	0	1	6	yes
PX207173.1	2764	+	itsxrust	confident	1-1473	1474-1579	1580-1736	1737-1937	1474-1937	1938-2764	both_missing						0	ok	232	739	508	0	1	0	ok	232	753	522	0	0	0	ok	254	753	500	0	0	0	ok	307	522	216	0	0	0	ok	1980	2718	739	0	0	0	ok	2372	2703	332	1	0	1	6	yes
PX207174.1	2765	+	itsxrust	confident	1-1473	1474-1582	1583-1738	1739-1938	1474-1938	1939-2765	both_missing						0	ok	232	739	508	0	0	0	ok	232	753	522	0	0	0	ok	254	753	500	0	0	0	ok	307	522	216	0	0	0	ok	1981	2719	739	0	1	0	ok	2373	2704	332	1	0	1	6	yes
PX207175.1	2765	+	itsxrust	confident	1-1473	1474-1582	1583-1738	1739-1938	1474-1938	1939-2765	both_missing						0	ok	232	739	508	0	0	0	ok	232	753	522	0	0	0	ok	254	753	500	0	0	0	ok	307	522	216	0	0	0	ok	1981	2719	739	0	1	0	ok	2373	2704	332	1	0	1	6	yes
PX207176.1	2765	+	itsxrust	confident	1-1473	1474-1582	1583-1738	1739-1938	1474-1938	1939-2765	both_missing						0	ok	232	739	508	0	0	0	ok	232	753	522	0	0	0	ok	254	753	500	0	0	0	ok	307	522	216	0	0	0	ok	1981	2719	739	0	1	0	ok	2373	2704	332	1	0	1	6	yes
PX207177.1	2765	+	itsxrust	confident	1-1473	1474-1582	1583-1738	1739-1938	1474-1938	1939-2765	both_missing						0	ok	232	739	508	0	0	0	ok	232	753	522	0	0	0	ok	254	753	500	0	0	0	ok	307	522	216	0	0	0	ok	1981	2719	739	0	1	0	ok	2373	2704	332	1	0	1	6	yes
PX207178.1	2765	+	itsxrust	confident	1-1473	1474-1582	1583-1738	1739-1938	1474-1938	1939-2765	both_missing						0	ok	232	739	508	0	0	0	ok	232	753	522	0	0	0	ok	254	753	500	0	0	0	ok	307	522	216	0	0	0	ok	1981	2719	739	0	1	0	ok	2373	2704	332	1	0	1	6	yes
PX207179.1	2765	+	itsxrust	confident	1-1473	1474-1582	1583-1738	1739-1938	1474-1938	1939-2765	both_missing						0	ok	232	739	508	0	0	0	ok	232	753	522	0	0	0	ok	254	753	500	0	0	0	ok	307	522	216	0	0	0	ok	1981	2719	739	0	1	0	ok	2373	2704	332	1	0	1	6	yes
PX207180.1	2765	+	itsxrust	confident	1-1473	1474-1582	1583-1738	1739-1938	1474-1938	1939-2765	both_missing						0	ok	232	739	508	0	0	0	ok	232	753	522	0	0	0	ok	254	753	500	0	0	0	ok	307	522	216	0	0	0	ok	1981	2719	739	0	1	0	ok	2373	2704	332	1	0	1	6	yes
PX207181.1	2765	+	itsxrust	confident	1-1473	1474-1582	1583-1738	1739-1938	1474-1938	1939-2765	both_missing						0	ok	232	739	508	0	0	0	ok	232	753	522	0	0	0	ok	254	753	500	0	0	0	ok	307	522	216	0	0	0	ok	1981	2719	739	0	1	0	ok	2373	2704	332	1	0	1	6	yes
PX207182.1	2765	+	itsxrust	confident	1-1473	1474-1582	1583-1738	1739-1938	1474-1938	1939-2765	both_missing						0	ok	232	739	508	0	0	0	ok	232	753	522	0	0	0	ok	254	753	500	0	0	0	ok	307	522	216	0	0	0	ok	1981	2719	739	0	0	0	ok	2373	2704	332	1	0	1	6	yes
PX207183.1	2765	+	itsxrust	confident	1-1473	1474-1582	1583-1738	1739-1938	1474-1938	1939-2765	both_missing						0	ok	232	739	508	0	0	0	ok	232	753	522	0	0	0	ok	254	753	500	0	0	0	ok	307	522	216	0	0	0	ok	1981	2719	739	0	0	0	ok	2373	2704	332	1	0	1	6	yes
PX207184.1	2765	+	itsxrust	confident	1-1473	1474-1582	1583-1738	1739-1938	1474-1938	1939-2765	both_missing						0	ok	232	739	508	0	0	0	ok	232	753	522	0	0	0	ok	254	753	500	0	0	0	ok	307	522	216	0	0	0	ok	1981	2719	739	0	0	0	ok	2373	2704	332	1	0	1	6	yes
PX207185.1	2765	+	itsxrust	confident	1-1473	1474-1582	1583-1738	1739-1938	1474-1938	1939-2765	both_missing						0	ok	232	739	508	0	0	0	ok	232	753	522	0	0	0	ok	254	753	500	0	0	0	ok	307	522	216	0	0	0	ok	1981	2719	739	0	0	0	ok	2373	2704	332	1	0	1	6	yes
PX207186.1	2765	+	itsxrust	confident	1-1473	1474-1582	1583-1738	1739-1938	1474-1938	1939-2765	both_missing						0	ok	232	739	508	0	0	0	ok	232	753	522	0	0	0	ok	254	753	500	0	0	0	ok	307	522	216	0	0	0	ok	1981	2719	739	0	0	0	ok	2373	2704	332	1	0	1	6	yes
PX207187.1	2765	+	itsxrust	confident	1-1473	1474-1582	1583-1738	1739-1938	1474-1938	1939-2765	both_missing						0	ok	232	739	508	0	0	0	ok	232	753	522	0	0	0	ok	254	753	500	0	0	0	ok	307	522	216	0	0	0	ok	1981	2719	739	0	0	0	ok	2373	2704	332	1	0	1	6	yes
PX207188.1	2765	+	itsxrust	confident	1-1473	1474-1582	1583-1738	1739-1938	1474-1938	1939-2765	both_missing						0	ok	232	739	508	0	0	0	ok	232	753	522	0	0	0	ok	254	753	500	0	0	0	ok	307	522	216	0	0	0	ok	1981	2719	739	0	0	0	ok	2373	2704	332	1	0	1	6	yes
PX207189.1	2765	+	itsxrust	confident	1-1473	1474-1582	1583-1738	1739-1938	1474-1938	1939-2765	both_missing						0	ok	232	739	508	0	0	0	ok	232	753	522	0	0	0	ok	254	753	500	0	0	0	ok	307	522	216	0	0	0	ok	1981	2719	739	0	0	0	ok	2373	2704	332	1	0	1	6	yes
PX207190.1	2757	+	itsxrust	confident	1-1473	1474-1584	1585-1736	1737-1933	1474-1933	1934-2757	both_missing						0	ok	232	739	508	0	0	0	ok	232	753	522	0	0	0	ok	254	753	500	0	0	0	ok	307	522	216	0	0	0	ok	1976	2711	736	0	1	0	ok	2367	2696	330	1	0	1	6	yes
PX207191.1	2757	+	itsxrust	confident	1-1473	1474-1584	1585-1736	1737-1933	1474-1933	1934-2757	both_missing						0	ok	232	739	508	0	0	0	ok	232	753	522	0	0	0	ok	254	753	500	0	0	0	ok	307	522	216	0	0	0	ok	1976	2711	736	0	1	0	ok	2367	2696	330	1	0	1	6	yes
PX207192.1	2757	+	itsxrust	confident	1-1473	1474-1584	1585-1736	1737-1933	1474-1933	1934-2757	both_missing						0	ok	232	739	508	0	0	0	ok	232	753	522	0	0	0	ok	254	753	500	0	0	0	ok	307	522	216	0	0	0	ok	1976	2711	736	0	0	0	ok	2367	2696	330	1	0	1	6	yes
PX207193.1	2757	+	itsxrust	confident	1-1473	1474-1584	1585-1736	1737-1933	1474-1933	1934-2757	both_missing						0	ok	232	739	508	0	0	0	ok	232	753	522	0	0	0	ok	254	753	500	0	0	0	ok	307	522	216	0	0	0	ok	1976	2711	736	0	0	0	ok	2367	2696	330	1	0	1	6	yes
PX207194.1	2753	+	itsxrust	confident	1-1473	1474-1579	1580-1737	1738-1926	1474-1926	1927-2753	both_missing						0	ok	232	739	508	0	1	0	ok	232	753	522	0	0	0	ok	254	753	500	0	0	0	ok	307	522	216	0	0	0	ok	1969	2707	739	0	0	0	ok	2361	2692	332	0	0	0	6	yes
PX207195.1	2754	+	itsxrust	confident	1-1473	1474-1574	1575-1726	1727-1931	1474-1931	1932-2754	both_missing						0	ok	232	739	508	0	0	0	ok	232	753	522	0	0	0	ok	254	753	500	0	0	0	ok	307	522	216	0	0	0	ok	1974	2708	735	0	0	0	ok	2365	2693	329	1	0	1	6	yes
PX207196.1	2754	+	itsxrust	confident	1-1473	1474-1574	1575-1726	1727-1931	1474-1931	1932-2754	both_missing						0	ok	232	739	508	0	0	0	ok	232	753	522	0	0	0	ok	254	753	500	0	0	0	ok	307	522	216	0	0	0	ok	1974	2708	735	0	0	0	ok	2365	2693	329	1	0	1	6	yes
PX207197.1	2754	+	itsxrust	confident	1-1473	1474-1574	1575-1726	1727-1931	1474-1931	1932-2754	both_missing						0	ok	232	739	508	0	0	0	ok	232	753	522	0	0	0	ok	254	753	500	0	0	0	ok	307	522	216	0	0	0	ok	1974	2708	735	0	0	0	ok	2365	2693	329	1	0	1	6	yes
PX207198.1	2761	+	itsxrust	confident	1-1473	1474-1580	1581-1737	1738-1937	1474-1937	1938-2761	both_missing						0	ok	232	739	508	0	0	0	ok	232	753	522	0	0	0	ok	254	753	500	0	0	0	ok	307	522	216	0	0	0	ok	1980	2715	736	0	0	0	ok	2371	2700	330	1	0	1	6	yes
PX207199.1	2761	+	itsxrust	confident	1-1473	1474-1580	1581-1737	1738-1937	1474-1937	1938-2761	both_missing						0	ok	232	739	508	0	0	0	ok	232	753	522	0	0	0	ok	254	753	500	0	0	0	ok	307	522	216	0	0	0	ok	1980	2715	736	0	0	0	ok	2371	2700	330	1	0	1	6	yes
PX207200.1	2762	+	itsxrust	confident	1-1474	1475-1581	1582-1738	1739-1938	1475-1938	1939-2762	both_missing						0	ok	232	740	509	0	0	0	ok	232	754	523	0	0	0	ok	254	754	501	0	0	0	ok	307	523	217	0	0	0	ok	1981	2716	736	0	0	0	ok	2372	2701	330	1	0	1	6	yes
PX207201.1	2761	+	itsxrust	confident	1-1473	1474-1580	1581-1737	1738-1937	1474-1937	1938-2761	both_missing						0	ok	232	739	508	0	0	0	ok	232	753	522	0	0	0	ok	254	753	500	0	0	0	ok	307	522	216	0	0	0	ok	1980	2715	736	0	0	0	ok	2371	2700	330	1	0	1	6	yes
PX207202.1	2761	+	itsxrust	confident	1-1473	1474-1580	1581-1737	1738-1937	1474-1937	1938-2761	both_missing						0	ok	232	739	508	0	0	0	ok	232	753	522	0	0	0	ok	254	753	500	0	0	0	ok	307	522	216	0	0	0	ok	1980	2715	736	0	0	0	ok	2371	2700	330	1	0	1	6	yes
PX207203.1	2763	+	itsxrust	confident	1-1473	1474-1580	1581-1737	1738-1939	1474-1939	1940-2763	both_missing						0	ok	232	739	508	0	0	0	ok	232	753	522	0	0	0	ok	254	753	500	0	0	0	ok	307	522	216	0	0	0	ok	1982	2717	736	0	0	0	ok	2373	2702	330	1	0	1	6	yes
PX207204.1	2765	+	itsxrust	confident	1-1473	1474-1580	1581-1737	1738-1941	1474-1941	1942-2765	both_missing						0	ok	232	739	508	0	0	0	ok	232	753	522	0	0	0	ok	254	753	500	0	0	0	ok	307	522	216	0	0	0	ok	1984	2719	736	0	0	0	ok	2375	2704	330	1	0	1	6	yes
PX207205.1	2765	+	itsxrust	confident	1-1473	1474-1580	1581-1737	1738-1941	1474-1941	1942-2765	both_missing						0	ok	232	739	508	0	0	0	ok	232	753	522	0	0	0	ok	254	753	500	0	0	0	ok	307	522	216	0	0	0	ok	1984	2719	736	0	0	0	ok	2375	2704	330	1	0	1	6	yes
PX207206.1	2771	+	itsxrust	confident	1-1473	1474-1585	1586-1743	1744-1946	1474-1946	1947-2771	both_missing						0	ok	232	739	508	0	0	0	ok	232	753	522	0	0	0	ok	254	753	500	0	0	0	ok	307	522	216	0	0	0	ok	1989	2725	737	0	0	0	ok	2380	2710	331	1	0	1	6	yes
PX207207.1	2771	+	itsxrust	confident	1-1473	1474-1585	1586-1743	1744-1946	1474-1946	1947-2771	both_missing						0	ok	232	739	508	0	0	0	ok	232	753	522	0	0	0	ok	254	753	500	0	0	0	ok	307	522	216	0	0	0	ok	1989	2725	737	0	0	0	ok	2380	2710	331	1	0	1	6	yes
PX207208.1	2771	+	itsxrust	confident	1-1473	1474-1585	1586-1743	1744-1946	1474-1946	1947-2771	both_missing						0	ok	232	739	508	0	0	0	ok	232	753	522	0	0	0	ok	254	753	500	0	0	0	ok	307	522	216	0	0	0	ok	1989	2725	737	0	0	0	ok	2380	2710	331	1	0	1	6	yes
PX207209.1	2761	+	itsxrust	confident	1-1473	1474-1578	1579-1736	1737-1936	1474-1936	1937-2761	both_missing						0	ok	232	739	508	0	0	0	ok	232	753	522	0	0	0	ok	254	753	500	0	0	0	ok	307	522	216	0	0	0	ok	1979	2715	737	0	0	0	ok	2370	2700	331	1	0	1	6	yes
PX207210.1	2770	+	itsxrust	confident	1-1473	1474-1587	1588-1744	1745-1945	1474-1945	1946-2770	both_missing						0	ok	232	739	508	0	0	0	ok	232	753	522	0	0	0	ok	254	753	500	0	0	0	ok	307	522	216	0	0	0	ok	1988	2724	737	0	0	0	ok	2379	2709	331	1	0	1	6	yes
PX207211.1	2762	+	itsxrust	confident	1-1473	1474-1582	1583-1739	1740-1937	1474-1937	1938-2762	both_missing						0	ok	232	739	508	0	0	0	ok	232	753	522	0	0	0	ok	254	753	500	0	0	0	ok	307	522	216	0	0	0	ok	1980	2716	737	0	0	0	ok	2371	2701	331	1	0	1	6	yes
PX207212.1	2740	+	itsxrust	confident	1-1471	1472-1573	1574-1731	1732-1920	1472-1920	1921-2740	both_missing						0	ok	232	738	507	0	0	0	ok	232	752	521	0	0	0	ok	254	752	499	0	0	0	ok	307	521	215	0	0	0	ok	1962	2694	733	0	0	0	ok	2355	2679	325	0	1	0	6	yes
PX207213.1	2743	+	itsxrust	confident	1-1471	1472-1574	1575-1732	1733-1923	1472-1923	1924-2743	both_missing						0	ok	232	738	507	0	0	0	ok	232	752	521	0	0	0	ok	254	752	499	0	0	0	ok	307	521	215	0	0	0	ok	1965	2697	733	0	0	0	ok	2358	2682	325	0	1	0	6	yes
PX207214.1	2775	+	itsxrust	confident	1-1472	1473-1606	1607-1764	1765-1956	1473-1956	1957-2775	both_missing						0	ok	232	739	508	0	0	0	ok	232	753	522	0	0	0	ok	254	753	500	0	0	0	ok	307	522	216	0	0	0	ok	1997	2729	733	0	0	0	ok	2390	2714	325	0	1	0	6	yes
PX207215.1	2745	+	itsxrust	confident	1-1473	1474-1577	1578-1735	1736-1926	1474-1926	1927-2745	both_missing						0	ok	232	740	509	0	0	0	ok	232	754	523	0	0	0	ok	254	754	501	0	0	0	ok	307	523	217	0	0	0	ok	1968	2699	732	0	0	0	ok	2361	2684	324	0	1	0	6	yes
PX207216.1	2745	+	itsxrust	confident	1-1472	1473-1576	1577-1734	1735-1925	1473-1925	1926-2745	both_missing						0	ok	232	739	508	0	0	0	ok	232	753	522	0	0	0	ok	254	753	500	0	0	0	ok	307	522	216	0	0	0	ok	1967	2699	733	0	0	0	ok	2360	2684	325	0	1	0	6	yes
PX207217.1	2745	+	itsxrust	confident	1-1472	1473-1576	1577-1734	1735-1925	1473-1925	1926-2745	both_missing						0	ok	232	739	508	0	0	0	ok	232	753	522	0	0	0	ok	254	753	500	0	0	0	ok	307	522	216	0	0	0	ok	1967	2699	733	0	0	0	ok	2360	2684	325	0	1	0	6	yes
PX207218.1	2747	+	itsxrust	confident	1-1472	1473-1577	1578-1735	1736-1926	1473-1926	1927-2747	both_missing						0	ok	232	739	508	0	0	0	ok	232	753	522	0	0	0	ok	254	753	500	0	0	0	ok	307	522	216	0	0	0	ok	1969	2701	733	0	0	0	ok	2362	2686	325	0	1	0	6	yes
PX207219.1	2794	+	itsxrust	confident	1-1474	1475-1580	1581-1739	1740-1962	1475-1962	1963-2794	both_missing						0	ok	232	740	509	0	0	0	ok	232	754	523	0	0	0	ok	254	754	501	0	0	0	ok	307	523	217	0	0	0	ok	2005	2748	744	0	1	0	ok	2402	2733	332	0	0	0	6	yes
PX207220.1	2794	+	itsxrust	confident	1-1474	1475-1580	1581-1739	1740-1962	1475-1962	1963-2794	both_missing						0	ok	232	740	509	0	0	0	ok	232	754	523	0	0	0	ok	254	754	501	0	0	0	ok	307	523	217	0	0	0	ok	2005	2748	744	0	1	0	ok	2402	2733	332	0	0	0	6	yes
PX207221.1	2795	+	itsxrust	confident	1-1474	1475-1580	1581-1739	1740-1962	1475-1962	1963-2795	both_missing						0	ok	232	740	509	0	0	0	ok	232	754	523	0	0	0	ok	254	754	501	0	0	0	ok	307	523	217	0	0	0	ok	2005	2749	745	0	1	0	ok	2403	2734	332	0	0	0	6	yes
PX207222.1	2795	+	itsxrust	confident	1-1474	1475-1580	1581-1739	1740-1962	1475-1962	1963-2795	both_missing						0	ok	232	740	509	0	0	0	ok	232	754	523	0	0	0	ok	254	754	501	0	0	0	ok	307	523	217	0	0	0	ok	2005	2749	745	0	2	0	ok	2403	2734	332	0	0	0	6	yes
PX207223.1	2795	+	itsxrust	confident	1-1474	1475-1580	1581-1739	1740-1962	1475-1962	1963-2795	both_missing						0	ok	232	740	509	0	0	0	ok	232	754	523	0	0	0	ok	254	754	501	0	0	0	ok	307	523	217	0	0	0	ok	2005	2749	745	0	2	0	ok	2403	2734	332	0	0	0	6	yes
PX207224.1	2794	+	itsxrust	confident	1-1474	1475-1580	1581-1739	1740-1961	1475-1961	1962-2794	both_missing						0	ok	232	740	509	0	0	0	ok	232	754	523	0	0	0	ok	254	754	501	0	0	0	ok	307	523	217	0	0	0	ok	2004	2748	745	0	1	0	ok	2401	2733	333	0	0	0	6	yes
PX207225.1	2794	+	itsxrust	confident	1-1474	1475-1580	1581-1739	1740-1961	1475-1961	1962-2794	both_missing						0	ok	232	740	509	0	0	0	ok	232	754	523	0	0	0	ok	254	754	501	0	0	0	ok	307	523	217	0	0	0	ok	2004	2748	745	0	1	0	ok	2401	2733	333	0	0	0	6	yes
PX207226.1	2793	+	itsxrust	confident	1-1474	1475-1583	1584-1740	1741-1961	1475-1961	1962-2793	both_missing						0	ok	232	740	509	0	0	0	ok	232	754	523	0	0	0	ok	254	754	501	0	0	0	ok	307	523	217	0	0	0	ok	2004	2747	744	0	1	0	ok	2401	2732	332	0	0	0	6	yes
PX207227.1	2793	+	itsxrust	confident	1-1474	1475-1583	1584-1740	1741-1961	1475-1961	1962-2793	both_missing						0	ok	232	740	509	0	0	0	ok	232	754	523	0	0	0	ok	254	754	501	0	0	0	ok	307	523	217	0	0	0	ok	2004	2747	744	0	1	0	ok	2401	2732	332	0	0	0	6	yes
PX207228.1	2793	+	itsxrust	confident	1-1474	1475-1580	1581-1739	1740-1961	1475-1961	1962-2793	both_missing						0	ok	232	740	509	0	0	0	ok	232	754	523	0	0	0	ok	254	754	501	0	0	0	ok	307	523	217	0	0	0	ok	2004	2747	744	0	1	0	ok	2401	2732	332	0	0	0	6	yes
PX207229.1	2793	+	itsxrust	confident	1-1474	1475-1580	1581-1739	1740-1961	1475-1961	1962-2793	both_missing						0	ok	232	740	509	0	0	0	ok	232	754	523	0	0	0	ok	254	754	501	0	0	0	ok	307	523	217	0	0	0	ok	2004	2747	744	0	1	0	ok	2401	2732	332	0	0	0	6	yes
PX207230.1	2792	+	itsxrust	confident	1-1474	1475-1580	1581-1737	1738-1960	1475-1960	1961-2792	both_missing						0	ok	232	740	509	0	0	0	ok	232	754	523	0	0	0	ok	254	754	501	0	0	0	ok	307	523	217	0	0	0	ok	2003	2746	744	0	1	0	ok	2400	2731	332	0	0	0	6	yes
PX207231.1	2792	+	itsxrust	confident	1-1474	1475-1580	1581-1737	1738-1960	1475-1960	1961-2792	both_missing						0	ok	232	740	509	0	0	0	ok	232	754	523	0	0	0	ok	254	754	501	0	0	0	ok	307	523	217	0	0	0	ok	2003	2746	744	0	1	0	ok	2400	2731	332	0	0	0	6	yes
PX207232.1	2794	+	itsxrust	confident	1-1474	1475-1580	1581-1739	1740-1962	1475-1962	1963-2794	both_missing						0	ok	232	740	509	0	0	0	ok	232	754	523	0	0	0	ok	254	754	501	0	0	0	ok	307	523	217	0	0	0	ok	2005	2748	744	0	1	0	ok	2402	2733	332	0	0	0	6	yes
PX207233.1	2794	+	itsxrust	confident	1-1474	1475-1580	1581-1739	1740-1962	1475-1962	1963-2794	both_missing						0	ok	232	740	509	0	0	0	ok	232	754	523	0	0	0	ok	254	754	501	0	0	0	ok	307	523	217	0	0	0	ok	2005	2748	744	0	1	0	ok	2402	2733	332	0	0	0	6	yes
PX207234.1	2795	+	itsxrust	confident	1-1474	1475-1582	1583-1741	1742-1963	1475-1963	1964-2795	both_missing						0	ok	232	740	509	0	0	0	ok	232	754	523	0	0	0	ok	254	754	501	0	0	0	ok	307	523	217	0	0	0	ok	2006	2749	744	0	1	0	ok	2403	2734	332	0	0	0	6	yes
PX207235.1	2795	+	itsxrust	confident	1-1474	1475-1582	1583-1741	1742-1963	1475-1963	1964-2795	both_missing						0	ok	232	740	509	0	0	0	ok	232	754	523	0	0	0	ok	254	754	501	0	0	0	ok	307	523	217	0	0	0	ok	2006	2749	744	0	1	0	ok	2403	2734	332	0	0	0	6	yes
PX207236.1	2794	+	itsxrust	confident	1-1474	1475-1580	1581-1739	1740-1962	1475-1962	1963-2794	both_missing						0	ok	232	740	509	0	0	0	ok	232	754	523	0	0	0	ok	254	754	501	0	0	0	ok	307	523	217	0	0	0	ok	2005	2748	744	0	1	0	ok	2402	2733	332	0	0	0	6	yes
PX207237.1	2794	+	itsxrust	confident	1-1474	1475-1580	1581-1739	1740-1962	1475-1962	1963-2794	both_missing						0	ok	232	740	509	0	0	0	ok	232	754	523	0	0	0	ok	254	754	501	0	0	0	ok	307	523	217	0	0	0	ok	2005	2748	744	0	1	0	ok	2402	2733	332	0	0	0	6	yes
PX207238.1	2791	+	itsxrust	confident	1-1474	1475-1581	1582-1738	1739-1959	1475-1959	1960-2791	both_missing						0	ok	232	740	509	0	0	0	ok	232	754	523	0	0	0	ok	254	754	501	0	0	0	ok	307	523	217	0	0	0	ok	2002	2745	744	0	1	0	ok	2399	2730	332	0	0	0	6	yes
PX207239.1	2791	+	itsxrust	confident	1-1474	1475-1581	1582-1738	1739-1959	1475-1959	1960-2791	both_missing						0	ok	232	740	509	0	0	0	ok	232	754	523	0	0	0	ok	254	754	501	0	0	0	ok	307	523	217	0	0	0	ok	2002	2745	744	0	1	0	ok	2399	2730	332	0	0	0	6	yes
PX207240.1	2796	+	itsxrust	confident	1-1474	1475-1582	1583-1741	1742-1964	1475-1964	1965-2796	both_missing						0	ok	232	740	509	0	0	0	ok	232	754	523	0	0	0	ok	254	754	501	0	0	0	ok	307	523	217	0	0	0	ok	2007	2750	744	0	1	0	ok	2404	2735	332	0	0	0	6	yes
PX207241.1	2796	+	itsxrust	confident	1-1474	1475-1582	1583-1741	1742-1964	1475-1964	1965-2796	both_missing						0	ok	232	740	509	0	0	0	ok	232	754	523	0	0	0	ok	254	754	501	0	0	0	ok	307	523	217	0	0	0	ok	2007	2750	744	0	1	0	ok	2404	2735	332	0	0	0	6	yes
PX207242.1	2796	+	itsxrust	confident	1-1474	1475-1582	1583-1741	1742-1964	1475-1964	1965-2796	both_missing						0	ok	232	740	509	0	0	0	ok	232	754	523	0	0	0	ok	254	754	501	0	0	0	ok	307	523	217	0	0	0	ok	2007	2750	744	0	1	0	ok	2404	2735	332	0	0	0	6	yes
PX207243.1	2797	+	itsxrust	confident	1-1474	1475-1585	1586-1742	1743-1965	1475-1965	1966-2797	both_missing						0	ok	232	740	509	0	0	0	ok	232	754	523	0	0	0	ok	254	754	501	0	0	0	ok	307	523	217	0	0	0	ok	2008	2751	744	0	1	0	ok	2405	2736	332	0	0	0	6	yes
PX207244.1	2794	+	itsxrust	confident	1-1474	1475-1580	1581-1739	1740-1962	1475-1962	1963-2794	both_missing						0	ok	232	740	509	0	0	0	ok	232	754	523	0	0	0	ok	254	754	501	0	0	0	ok	307	523	217	0	0	0	ok	2005	2748	744	0	1	0	ok	2402	2733	332	0	0	0	6	yes
PX207245.1	2794	+	itsxrust	confident	1-1474	1475-1580	1581-1739	1740-1962	1475-1962	1963-2794	both_missing						0	ok	232	740	509	0	0	0	ok	232	754	523	0	0	0	ok	254	754	501	0	0	0	ok	307	523	217	0	0	0	ok	2005	2748	744	0	1	0	ok	2402	2733	332	0	0	0	6	yes
PX207246.1	2794	+	itsxrust	confident	1-1474	1475-1580	1581-1739	1740-1962	1475-1962	1963-2794	both_missing						0	ok	232	740	509	0	0	0	ok	232	754	523	0	0	0	ok	254	754	501	0	0	0	ok	307	523	217	0	0	0	ok	2005	2748	744	0	1	0	ok	2402	2733	332	0	0	0	6	yes
PX207247.1	2794	+	itsxrust	confident	1-1474	1475-1580	1581-1739	1740-1962	1475-1962	1963-2794	both_missing						0	ok	232	740	509	0	0	0	ok	232	754	523	0	0	0	ok	254	754	501	0	0	0	ok	307	523	217	0	0	0	ok	2005	2748	744	0	1	0	ok	2402	2733	332	0	0	0	6	yes
PX207248.1	2794	+	itsxrust	confident	1-1474	1475-1580	1581-1739	1740-1962	1475-1962	1963-2794	both_missing						0	ok	232	740	509	0	0	0	ok	232	754	523	0	0	0	ok	254	754	501	0	0	0	ok	307	523	217	0	0	0	ok	2005	2748	744	0	1	0	ok	2402	2733	332	0	0	0	6	yes
PX207249.1	2793	+	itsxrust	confident	1-1474	1475-1583	1584-1740	1741-1961	1475-1961	1962-2793	both_missing						0	ok	232	740	509	0	0	0	ok	232	754	523	0	0	0	ok	254	754	501	0	0	0	ok	307	523	217	0	0	0	ok	2004	2747	744	0	1	0	ok	2401	2732	332	0	0	0	6	yes
PX207250.1	2793	+	itsxrust	confident	1-1474	1475-1583	1584-1740	1741-1961	1475-1961	1962-2793	both_missing						0	ok	232	740	509	0	0	0	ok	232	754	523	0	0	0	ok	254	754	501	0	0	0	ok	307	523	217	0	0	0	ok	2004	2747	744	0	1	0	ok	2401	2732	332	0	0	0	6	yes
PX207251.1	2793	+	itsxrust	confident	1-1474	1475-1581	1582-1740	1741-1961	1475-1961	1962-2793	both_missing						0	ok	232	740	509	0	0	0	ok	232	754	523	0	0	0	ok	254	754	501	0	0	0	ok	307	523	217	0	0	0	ok	2004	2747	744	0	1	0	ok	2401	2732	332	0	0	0	6	yes
PX207252.1	2793	+	itsxrust	confident	1-1474	1475-1581	1582-1740	1741-1961	1475-1961	1962-2793	both_missing						0	ok	232	740	509	0	0	0	ok	232	754	523	0	0	0	ok	254	754	501	0	0	0	ok	307	523	217	0	0	0	ok	2004	2747	744	0	1	0	ok	2401	2732	332	0	0	0	6	yes
PX207253.1	2792	+	itsxrust	confident	1-1474	1475-1580	1581-1739	1740-1960	1475-1960	1961-2792	both_missing						0	ok	232	740	509	0	0	0	ok	232	754	523	0	0	0	ok	254	754	501	0	0	0	ok	307	523	217	0	0	0	ok	2003	2746	744	0	1	0	ok	2400	2731	332	0	0	0	6	yes
PX207254.1	2792	+	itsxrust	confident	1-1474	1475-1580	1581-1739	1740-1960	1475-1960	1961-2792	both_missing						0	ok	232	740	509	0	0	0	ok	232	754	523	0	0	0	ok	254	754	501	0	0	0	ok	307	523	217	0	0	0	ok	2003	2746	744	0	1	0	ok	2400	2731	332	0	0	0	6	yes
PX207255.1	2792	+	itsxrust	confident	1-1474	1475-1580	1581-1739	1740-1960	1475-1960	1961-2792	both_missing						0	ok	232	740	509	0	0	0	ok	232	754	523	0	0	0	ok	254	754	501	0	0	0	ok	307	523	217	0	0	0	ok	2003	2746	744	0	1	0	ok	2400	2731	332	0	0	0	6	yes
PX207256.1	2792	+	itsxrust	confident	1-1474	1475-1580	1581-1739	1740-1960	1475-1960	1961-2792	both_missing						0	ok	232	740	509	0	0	0	ok	232	754	523	0	0	0	ok	254	754	501	0	0	0	ok	307	523	217	0	0	0	ok	2003	2746	744	0	1	0	ok	2400	2731	332	0	0	0	6	yes
PX207257.1	2792	+	itsxrust	confident	1-1474	1475-1580	1581-1739	1740-1960	1475-1960	1961-2792	both_missing						0	ok	232	740	509	0	0	0	ok	232	754	523	0	0	0	ok	254	754	501	0	0	0	ok	307	523	217	0	0	0	ok	2003	2746	744	0	1	0	ok	2400	2731	332	0	0	0	6	yes
PX207258.1	2788	+	itsxrust	confident	1-1472	1473-1576	1577-1734	1735-1957	1473-1957	1958-2788	both_missing						0	ok	232	738	507	0	1	0	ok	232	752	521	0	0	0	ok	254	752	499	0	0	0	ok	307	521	215	0	0	0	ok	2000	2742	743	0	1	0	ok	2395	2727	333	0	0	0	6	yes
PX207259.1	2798	+	itsxrust	confident	1-1472	1473-1581	1582-1740	1741-1968	1473-1968	1969-2798	both_missing						0	ok	232	738	507	0	1	0	ok	232	752	521	0	0	0	ok	254	752	499	0	0	0	ok	307	521	215	0	0	0	ok	2011	2752	742	0	1	0	ok	2405	2737	333	0	0	0	6	yes
PX207260.1	2801	+	itsxrust	confident	1-1472	1473-1581	1582-1740	1741-1969	1473-1969	1970-2801	both_missing						0	ok	232	738	507	0	1	0	ok	232	752	521	0	0	0	ok	254	752	499	0	0	0	ok	307	521	215	0	0	0	ok	2012	2755	744	0	1	0	ok	2408	2740	333	0	0	0	6	yes
PX207261.1	2802	+	itsxrust	confident	1-1472	1473-1581	1582-1740	1741-1969	1473-1969	1970-2802	both_missing						0	ok	232	738	507	0	1	0	ok	232	752	521	0	0	0	ok	254	752	499	0	0	0	ok	307	521	215	0	0	0	ok	2012	2756	745	0	1	0	ok	2408	2741	334	0	0	0	6	yes
PX207262.1	2801	+	itsxrust	confident	1-1472	1473-1581	1582-1740	1741-1968	1473-1968	1969-2801	both_missing						0	ok	232	738	507	0	1	0	ok	232	752	521	0	0	0	ok	254	752	499	0	0	0	ok	307	521	215	0	0	0	ok	2011	2755	745	0	1	0	ok	2407	2740	334	0	0	0	6	yes
PX207263.1	2804	+	itsxrust	confident	1-1473	1474-1595	1596-1750	1751-1974	1474-1974	1975-2804	both_missing						0	ok	232	739	508	0	1	0	ok	232	753	522	0	0	0	ok	254	753	500	0	0	0	ok	307	522	216	0	0	0	ok	2017	2758	742	0	0	0	ok	2413	2743	331	0	0	0	6	yes
PX207264.1	2804	+	itsxrust	confident	1-1473	1474-1595	1596-1750	1751-1974	1474-1974	1975-2804	both_missing						0	ok	232	739	508	0	1	0	ok	232	753	522	0	0	0	ok	254	753	500	0	0	0	ok	307	522	216	0	0	0	ok	2017	2758	742	0	0	0	ok	2413	2743	331	0	0	0	6	yes
PX207265.1	2807	+	itsxrust	confident	1-1473	1474-1592	1593-1750	1751-1976	1474-1976	1977-2807	both_missing						0	ok	232	739	508	0	1	0	ok	232	753	522	0	0	0	ok	254	753	500	0	0	0	ok	307	522	216	2	0	0	ok	2019	2761	743	0	0	0	ok	2416	2746	331	0	0	0	6	yes
PX207266.1	2807	+	itsxrust	confident	1-1473	1474-1592	1593-1750	1751-1976	1474-1976	1977-2807	both_missing						0	ok	232	739	508	0	1	0	ok	232	753	522	0	0	0	ok	254	753	500	0	0	0	ok	307	522	216	2	0	0	ok	2019	2761	743	0	0	0	ok	2416	2746	331	0	0	0	6	yes
PX207267.1	2806	+	itsxrust	confident	1-1472	1473-1591	1592-1749	1750-1975	1473-1975	1976-2806	both_missing						0	ok	232	738	507	0	1	0	ok	232	752	521	0	0	0	ok	254	752	499	0	0	0	ok	306	521	216	2	0	0	ok	2018	2760	743	0	0	0	ok	2415	2745	331	0	0	0	6	yes
PX207268.1	2812	+	itsxrust	confident	1-1473	1474-1596	1597-1754	1755-1982	1474-1982	1983-2812	both_missing						0	ok	232	739	508	0	1	0	ok	232	753	522	0	0	0	ok	254	753	500	0	0	0	ok	307	522	216	1	0	0	ok	2025	2766	742	0	0	0	ok	2421	2751	331	0	0	0	6	yes
PX207269.1	2812	+	itsxrust	confident	1-1473	1474-1596	1597-1754	1755-1982	1474-1982	1983-2812	both_missing						0	ok	232	739	508	0	1	0	ok	232	753	522	0	0	0	ok	254	753	500	0	0	0	ok	307	522	216	1	0	0	ok	2025	2766	742	0	0	0	ok	2421	2751	331	0	0	0	6	yes
PX207270.1	2812	+	itsxrust	confident	1-1473	1474-1596	1597-1754	1755-1982	1474-1982	1983-2812	both_missing						0	ok	232	739	508	0	1	0	ok	232	753	522	0	0	0	ok	254	753	500	0	0	0	ok	307	522	216	1	0	0	ok	2025	2766	742	0	0	0	ok	2421	2751	331	0	0	0	6	yes
PX207271.1	2812	+	itsxrust	confident	1-1473	1474-1596	1597-1754	1755-1982	1474-1982	1983-2812	both_missing						0	ok	232	739	508	0	1	0	ok	232	753	522	0	0	0	ok	254	753	500	0	0	0	ok	307	522	216	1	0	0	ok	2025	2766	742	0	0	0	ok	2421	2751	331	0	0	0	6	yes
PX207272.1	2812	+	itsxrust	confident	1-1473	1474-1596	1597-1754	1755-1982	1474-1982	1983-2812	both_missing						0	ok	232	739	508	0	1	0	ok	232	753	522	0	0	0	ok	254	753	500	0	0	0	ok	307	522	216	1	0	0	ok	2025	2766	742	0	0	0	ok	2421	2751	331	0	0	0	6	yes
PX207273.1	2812	+	itsxrust	confident	1-1473	1474-1596	1597-1754	1755-1982	1474-1982	1983-2812	both_missing						0	ok	232	739	508	0	1	0	ok	232	753	522	0	0	0	ok	254	753	500	0	0	0	ok	307	522	216	1	0	0	ok	2025	2766	742	0	0	0	ok	2421	2751	331	0	0	0	6	yes
PX207274.1	2810	+	itsxrust	confident	1-1473	1474-1596	1597-1754	1755-1980	1474-1980	1981-2810	both_missing						0	ok	232	739	508	0	1	0	ok	232	753	522	0	0	0	ok	254	753	500	0	0	0	ok	307	522	216	1	0	0	ok	2023	2764	742	0	0	0	ok	2419	2749	331	0	0	0	6	yes
PX214440.1	2814	+	itsxrust	confident	1-1474	1475-1588	1589-1744	1745-1982	1475-1982	1983-2814	both_missing						0	ok	232	740	509	0	0	0	ok	232	754	523	0	0	0	ok	254	754	501	0	0	0	ok	307	523	217	0	0	0	ok	2025	2768	744	0	1	0	ok	2422	2753	332	0	0	0	6	yes
PX214441.1	2819	+	itsxrust	confident	1-1474	1475-1591	1592-1747	1748-1985	1475-1985	1986-2819	both_missing						0	ok	232	740	509	0	0	0	ok	232	754	523	0	0	0	ok	254	754	501	0	0	0	ok	307	523	217	0	0	0	ok	2028	2773	746	0	1	0	ok	2425	2758	334	0	0	0	6	yes
PX214442.1	2820	+	itsxrust	confident	1-1474	1475-1588	1589-1744	1745-1986	1475-1986	1987-2820	both_missing						0	ok	232	740	509	0	0	0	ok	232	754	523	0	0	0	ok	254	754	501	0	0	0	ok	307	523	217	0	0	0	ok	2029	2774	746	0	1	0	ok	2426	2759	334	0	0	0	6	yes
PX214443.1	2818	+	itsxrust	confident	1-1474	1475-1589	1590-1745	1746-1986	1475-1986	1987-2818	both_missing						0	ok	232	740	509	0	0	0	ok	232	754	523	0	0	0	ok	254	754	501	0	0	0	ok	307	523	217	0	0	0	ok	2029	2772	744	0	1	0	ok	2426	2757	332	0	0	0	6	yes
PX214444.1	2817	+	itsxrust	confident	1-1474	1475-1588	1589-1744	1745-1985	1475-1985	1986-2817	both_missing						0	ok	232	740	509	0	0	0	ok	232	754	523	0	0	0	ok	254	754	501	0	0	0	ok	307	523	217	0	0	0	ok	2028	2771	744	0	1	0	ok	2425	2756	332	0	0	0	6	yes
PX214445.1	2818	+	itsxrust	confident	1-1474	1475-1588	1589-1744	1745-1986	1475-1986	1987-2818	both_missing						0	ok	232	740	509	0	0	0	ok	232	754	523	0	0	0	ok	254	754	501	0	0	0	ok	307	523	217	0	0	0	ok	2029	2772	744	0	1	0	ok	2426	2757	332	0	0	0	6	yes
PX214446.1	2818	+	itsxrust	confident	1-1475	1476-1589	1590-1745	1746-1986	1476-1986	1987-2818	both_missing						0	ok	232	741	510	0	0	0	ok	232	755	524	0	0	0	ok	254	755	502	0	0	0	ok	307	524	218	0	0	0	ok	2029	2772	744	0	1	0	ok	2426	2757	332	0	0	0	6	yes
PX214447.1	2822	+	itsxrust	confident	1-1474	1475-1593	1594-1749	1750-1988	1475-1988	1989-2822	both_missing						0	ok	232	740	509	0	0	0	ok	232	754	523	0	0	0	ok	254	754	501	0	0	0	ok	307	523	217	0	0	0	ok	2031	2776	746	0	1	0	ok	2428	2761	334	0	0	0	6	yes
PX214448.1	2817	+	itsxrust	confident	1-1474	1475-1576	1577-1745	1746-1983	1475-1983	1984-2817	both_missing						0	ok	232	740	509	0	0	0	ok	232	754	523	0	0	0	ok	254	754	501	0	0	0	ok	307	523	217	0	0	0	ok	2026	2771	746	0	1	0	ok	2423	2756	334	0	0	0	6	yes
PX214449.1	2815	+	itsxrust	confident	1-1474	1475-1580	1581-1736	1737-1981	1475-1981	1982-2815	both_missing						0	ok	232	740	509	0	0	0	ok	232	754	523	0	0	0	ok	254	754	501	0	0	0	ok	307	523	217	0	0	0	ok	2024	2769	746	0	1	0	ok	2422	2754	333	0	0	0	6	yes
PX214450.1	2815	+	itsxrust	confident	1-1474	1475-1578	1579-1734	1735-1981	1475-1981	1982-2815	both_missing						0	ok	232	740	509	0	0	0	ok	232	754	523	0	0	0	ok	254	754	501	0	0	0	ok	307	523	217	0	0	0	ok	2024	2769	746	0	1	0	ok	2422	2754	333	0	0	0	6	yes
PX214451.1	2815	+	itsxrust	confident	1-1474	1475-1578	1579-1734	1735-1981	1475-1981	1982-2815	both_missing						0	ok	232	740	509	0	0	0	ok	232	754	523	0	0	0	ok	254	754	501	0	0	0	ok	307	523	217	0	0	0	ok	2024	2769	746	0	1	0	ok	2422	2754	333	0	0	0	6	yes
PX214452.1	2816	+	itsxrust	confident	1-1474	1475-1578	1579-1734	1735-1982	1475-1982	1983-2816	both_missing						0	ok	232	740	509	0	1	0	ok	232	754	523	0	0	0	ok	254	754	501	0	0	0	ok	307	523	217	0	0	0	ok	2025	2770	746	0	1	0	ok	2423	2755	333	0	0	0	6	yes
PX214453.1	2815	+	itsxrust	confident	1-1474	1475-1579	1580-1735	1736-1980	1475-1980	1981-2815	both_missing						0	ok	232	740	509	0	0	0	ok	232	754	523	0	0	0	ok	254	754	501	0	0	0	ok	307	523	217	0	0	0	ok	2023	2769	747	0	1	0	ok	2421	2754	334	0	0	0	6	yes
PX214454.1	2813	+	itsxrust	confident	1-1474	1475-1581	1582-1737	1738-1980	1475-1980	1981-2813	both_missing						0	ok	232	740	509	0	0	0	ok	232	754	523	0	0	0	ok	254	754	501	0	0	0	ok	307	523	217	0	0	0	ok	2023	2767	745	0	1	0	ok	2421	2752	332	0	0	0	6	yes
PX214455.1	2821	+	itsxrust	confident	1-1474	1475-1585	1586-1741	1742-1988	1475-1988	1989-2821	both_missing						0	ok	232	740	509	0	0	0	ok	232	754	523	0	0	0	ok	254	754	501	0	0	0	ok	307	523	217	0	0	0	ok	2031	2775	745	0	1	0	ok	2429	2760	332	0	0	0	6	yes
PX214456.1	2820	+	itsxrust	confident	1-1474	1475-1584	1585-1740	1741-1987	1475-1987	1988-2820	both_missing						0	ok	232	740	509	0	0	0	ok	232	754	523	0	0	0	ok	254	754	501	0	0	0	ok	307	523	217	0	0	0	ok	2030	2774	745	0	1	0	ok	2428	2759	332	0	0	0	6	yes
PX214457.1	2794	+	itsxrust	confident	1-1474	1475-1576	1577-1733	1734-1960	1475-1960	1961-2794	both_missing						0	ok	232	740	509	0	0	0	ok	232	754	523	0	0	0	ok	254	754	501	0	0	0	ok	307	523	217	0	0	0	ok	2003	2748	746	0	1	0	ok	2400	2733	334	0	0	0	6	yes
PX214458.1	2796	+	itsxrust	confident	1-1474	1475-1576	1577-1733	1734-1960	1475-1960	1961-2796	both_missing						0	ok	232	740	509	0	0	0	ok	232	754	523	0	0	0	ok	254	754	501	0	0	0	ok	307	523	217	0	0	0	ok	2003	2750	748	0	1	0	ok	2402	2735	334	0	0	0	6	yes
PX214459.1	2793	+	itsxrust	confident	1-1474	1475-1576	1577-1733	1734-1960	1475-1960	1961-2793	both_missing						0	ok	232	740	509	0	0	0	ok	232	754	523	0	0	0	ok	254	754	501	0	0	0	ok	307	523	217	0	0	0	ok	2003	2747	745	0	1	0	ok	2400	2732	333	0	0	0	6	yes
PX214460.1	2794	+	itsxrust	confident	1-1474	1475-1577	1578-1734	1735-1961	1475-1961	1962-2794	both_missing						0	ok	232	740	509	0	0	0	ok	232	754	523	0	0	0	ok	254	754	501	0	0	0	ok	307	523	217	0	0	0	ok	2004	2748	745	0	1	0	ok	2401	2733	333	0	0	0	6	yes
PX214461.1	2797	+	itsxrust	confident	1-1474	1475-1576	1577-1733	1734-1960	1475-1960	1961-2797	both_missing						0	ok	232	740	509	0	0	0	ok	232	754	523	0	0	0	ok	254	754	501	0	0	0	ok	307	523	217	0	0	0	ok	2003	2751	749	0	1	0	ok	2401	2736	336	0	0	0	6	yes
PX214462.1	2794	+	itsxrust	confident	1-1474	1475-1578	1579-1735	1736-1963	1475-1963	1964-2794	both_missing						0	ok	232	740	509	0	0	0	ok	232	754	523	0	0	0	ok	254	754	501	0	0	0	ok	307	523	217	0	0	0	ok	2006	2748	743	0	1	0	ok	2403	2733	331	0	0	0	6	yes
PX214463.1	2796	+	itsxrust	confident	1-1474	1475-1578	1579-1735	1736-1963	1475-1963	1964-2796	both_missing						0	ok	232	740	509	0	0	0	ok	232	754	523	0	0	0	ok	254	754	501	0	0	0	ok	307	523	217	0	0	0	ok	2006	2750	745	0	1	0	ok	2403	2735	333	0	0	0	6	yes
PX214464.1	2796	+	itsxrust	confident	1-1474	1475-1578	1579-1735	1736-1964	1475-1964	1965-2796	both_missing						0	ok	232	740	509	0	0	0	ok	232	754	523	0	0	0	ok	254	754	501	0	0	0	ok	307	523	217	0	0	0	ok	2007	2750	744	0	1	0	ok	2404	2735	332	0	0	0	6	yes
PX214465.1	2795	+	itsxrust	confident	1-1474	1475-1578	1579-1735	1736-1963	1475-1963	1964-2795	both_missing						0	ok	232	740	509	0	0	0	ok	232	754	523	0	0	0	ok	254	754	501	0	0	0	ok	307	523	217	0	0	0	ok	2006	2749	744	0	1	0	ok	2403	2734	332	0	0	0	6	yes
PX214466.1	2795	+	itsxrust	confident	1-1474	1475-1578	1579-1735	1736-1963	1475-1963	1964-2795	both_missing						0	ok	232	740	509	0	0	0	ok	232	754	523	0	0	0	ok	254	754	501	0	0	0	ok	307	523	217	0	0	0	ok	2006	2749	744	0	1	0	ok	2403	2734	332	0	0	0	6	yes
PX214467.1	2796	+	itsxrust	confident	1-1474	1475-1578	1579-1735	1736-1964	1475-1964	1965-2796	both_missing						0	ok	232	740	509	0	0	0	ok	232	754	523	0	0	0	ok	254	754	501	0	0	0	ok	307	523	217	0	0	0	ok	2007	2750	744	0	1	0	ok	2404	2735	332	0	0	0	6	yes
PX214468.1	2796	+	itsxrust	confident	1-1474	1475-1578	1579-1735	1736-1963	1475-1963	1964-2796	both_missing						0	ok	232	740	509	0	0	0	ok	232	754	523	0	0	0	ok	254	754	501	0	0	0	ok	307	523	217	0	0	0	ok	2006	2750	745	0	1	0	ok	2403	2735	333	0	0	0	6	yes
PX214469.1	2796	+	itsxrust	confident	1-1474	1475-1577	1578-1734	1735-1963	1475-1963	1964-2796	both_missing						0	ok	232	740	509	0	0	0	ok	232	754	523	0	0	0	ok	254	754	501	0	0	0	ok	307	523	217	0	0	0	ok	2006	2750	745	0	1	0	ok	2403	2735	333	0	0	0	6	yes
PX214470.1	2796	+	itsxrust	confident	1-1474	1475-1577	1578-1734	1735-1963	1475-1963	1964-2796	both_missing						0	ok	232	740	509	0	0	0	ok	232	754	523	0	0	0	ok	254	754	501	0	0	0	ok	307	523	217	0	0	0	ok	2006	2750	745	0	1	0	ok	2403	2735	333	0	0	0	6	yes
PX214471.1	2796	+	itsxrust	confident	1-1474	1475-1577	1578-1734	1735-1963	1475-1963	1964-2796	both_missing						0	ok	232	740	509	0	0	0	ok	232	754	523	0	0	0	ok	254	754	501	0	0	0	ok	307	523	217	0	0	0	ok	2006	2750	745	0	1	0	ok	2403	2735	333	0	0	0	6	yes
PX214472.1	2795	+	itsxrust	confident	1-1474	1475-1577	1578-1734	1735-1963	1475-1963	1964-2795	both_missing						0	ok	232	740	509	0	0	0	ok	232	754	523	0	0	0	ok	254	754	501	0	0	0	ok	307	523	217	0	0	0	ok	2006	2749	744	0	1	0	ok	2403	2734	332	0	0	0	6	yes
PX214473.1	2813	+	itsxrust	confident	1-1474	1475-1594	1595-1751	1752-1981	1475-1981	1982-2813	both_missing						0	ok	232	740	509	0	0	0	ok	232	754	523	0	0	0	ok	254	754	501	0	0	0	ok	307	523	217	0	0	0	ok	2024	2767	744	0	1	0	ok	2421	2752	332	0	0	0	6	yes
PX214474.1	2813	+	itsxrust	confident	1-1474	1475-1594	1595-1751	1752-1981	1475-1981	1982-2813	both_missing						0	ok	232	740	509	0	0	0	ok	232	754	523	0	0	0	ok	254	754	501	0	0	0	ok	307	523	217	0	0	0	ok	2024	2767	744	0	1	0	ok	2421	2752	332	0	0	0	6	yes
PX214475.1	2812	+	itsxrust	confident	1-1474	1475-1594	1595-1751	1752-1981	1475-1981	1982-2812	both_missing						0	ok	232	740	509	0	0	0	ok	232	754	523	0	0	0	ok	254	754	501	0	0	0	ok	307	523	217	0	0	0	ok	2024	2766	743	0	1	0	ok	2420	2751	332	0	0	0	6	yes
PX214476.1	2811	+	itsxrust	confident	1-1474	1475-1579	1580-1749	1750-1979	1475-1979	1980-2811	both_missing						0	ok	232	740	509	0	0	0	ok	232	754	523	0	0	0	ok	254	754	501	0	0	0	ok	307	523	217	0	0	0	ok	2022	2765	744	0	1	0	ok	2419	2750	332	0	0	0	6	yes
PX214477.1	2812	+	itsxrust	confident	1-1474	1475-1593	1594-1750	1751-1980	1475-1980	1981-2812	both_missing						0	ok	232	740	509	0	0	0	ok	232	754	523	0	0	0	ok	254	754	501	0	0	0	ok	307	523	217	0	0	0	ok	2023	2766	744	0	1	0	ok	2420	2751	332	0	0	0	6	yes
PX214478.1	2809	+	itsxrust	confident	1-1474	1475-1591	1592-1748	1749-1978	1475-1978	1979-2809	both_missing						0	ok	232	740	509	0	0	0	ok	232	754	523	0	0	0	ok	254	754	501	0	0	0	ok	307	523	217	0	0	0	ok	2021	2763	743	0	1	0	ok	2417	2748	332	0	0	0	6	yes
PX214479.1	2813	+	itsxrust	confident	1-1474	1475-1594	1595-1751	1752-1981	1475-1981	1982-2813	both_missing						0	ok	232	740	509	0	0	0	ok	232	754	523	0	0	0	ok	254	754	501	0	0	0	ok	307	523	217	0	0	0	ok	2024	2767	744	0	1	0	ok	2421	2752	332	0	0	0	6	yes
PX214480.1	2815	+	itsxrust	confident	1-1474	1475-1596	1597-1753	1754-1984	1475-1984	1985-2815	both_missing						0	ok	232	740	509	0	0	0	ok	232	754	523	0	0	0	ok	254	754	501	0	0	0	ok	307	523	217	0	0	0	ok	2027	2769	743	0	1	0	ok	2423	2754	332	0	0	0	6	yes
PX214481.1	2797	+	itsxrust	confident	1-1474	1475-1585	1586-1742	1743-1965	1475-1965	1966-2797	both_missing						0	ok	232	740	509	0	0	0	ok	232	754	523	0	0	0	ok	254	754	501	0	0	0	ok	307	523	217	0	0	0	ok	2008	2751	744	0	1	0	ok	2405	2736	332	0	0	0	6	yes
PX214482.1	2794	+	itsxrust	confident	1-1474	1475-1581	1582-1739	1740-1962	1475-1962	1963-2794	both_missing						0	ok	232	740	509	0	0	0	ok	232	754	523	0	0	0	ok	254	754	501	0	0	0	ok	307	523	217	0	0	0	ok	2005	2748	744	0	1	0	ok	2402	2733	332	0	0	0	6	yes
PX214483.1	2791	+	itsxrust	confident	1-1474	1475-1586	1587-1743	1744-1959	1475-1959	1960-2791	both_missing						0	ok	232	740	509	0	0	0	ok	232	754	523	0	0	0	ok	254	754	501	0	0	0	ok	307	523	217	0	0	0	ok	2002	2745	744	0	1	0	ok	2399	2730	332	0	0	0	6	yes
PX214484.1	2787	+	itsxrust	confident	1-1474	1475-1580	1581-1739	1740-1955	1475-1955	1956-2787	both_missing						0	ok	232	740	509	0	0	0	ok	232	754	523	0	0	0	ok	254	754	501	0	0	0	ok	307	523	217	0	0	0	ok	1998	2741	744	0	1	0	ok	2395	2726	332	0	0	0	6	yes
PX214485.1	2795	+	itsxrust	confident	1-1474	1475-1580	1581-1739	1740-1963	1475-1963	1964-2795	both_missing						0	ok	232	740	509	0	0	0	ok	232	754	523	0	0	0	ok	254	754	501	0	0	0	ok	307	523	217	0	0	0	ok	2006	2749	744	0	1	0	ok	2403	2734	332	0	0	0	6	yes
PX214486.1	2794	+	itsxrust	confident	1-1474	1475-1583	1584-1740	1741-1962	1475-1962	1963-2794	both_missing						0	ok	232	740	509	0	0	0	ok	232	754	523	0	0	0	ok	254	754	501	0	0	0	ok	307	523	217	0	0	0	ok	2005	2748	744	0	1	0	ok	2402	2733	332	0	0	0	6	yes
PX214487.1	2794	+	itsxrust	confident	1-1474	1475-1583	1584-1740	1741-1962	1475-1962	1963-2794	both_missing						0	ok	232	740	509	0	0	0	ok	232	754	523	0	0	0	ok	254	754	501	0	0	0	ok	307	523	217	0	0	0	ok	2005	2748	744	0	1	0	ok	2402	2733	332	0	0	0	6	yes
PX214488.1	2794	+	itsxrust	confident	1-1474	1475-1583	1584-1740	1741-1962	1475-1962	1963-2794	both_missing						0	ok	232	740	509	0	0	0	ok	232	754	523	0	0	0	ok	254	754	501	0	0	0	ok	307	523	217	0	0	0	ok	2005	2748	744	0	1	0	ok	2402	2733	332	0	0	0	6	yes
PX214489.1	2794	+	itsxrust	confident	1-1474	1475-1583	1584-1740	1741-1962	1475-1962	1963-2794	both_missing						0	ok	232	740	509	0	0	0	ok	232	754	523	0	0	0	ok	254	754	501	0	0	0	ok	307	523	217	0	0	0	ok	2005	2748	744	0	1	0	ok	2402	2733	332	0	0	0	6	yes
PX214490.1	2794	+	itsxrust	confident	1-1474	1475-1583	1584-1740	1741-1962	1475-1962	1963-2794	both_missing						0	ok	232	740	509	0	0	0	ok	232	754	523	0	0	0	ok	254	754	501	0	0	0	ok	307	523	217	0	0	0	ok	2005	2748	744	0	1	0	ok	2402	2733	332	0	0	0	6	yes
PX214491.1	2793	+	itsxrust	confident	1-1474	1475-1580	1581-1739	1740-1961	1475-1961	1962-2793	both_missing						0	ok	232	740	509	0	0	0	ok	232	754	523	0	0	0	ok	254	754	501	0	0	0	ok	307	523	217	0	0	0	ok	2004	2747	744	0	1	0	ok	2401	2732	332	0	0	0	6	yes
PX214492.1	2793	+	itsxrust	confident	1-1474	1475-1580	1581-1739	1740-1961	1475-1961	1962-2793	both_missing						0	ok	232	740	509	0	0	0	ok	232	754	523	0	0	0	ok	254	754	501	0	0	0	ok	307	523	217	0	0	0	ok	2004	2747	744	0	1	0	ok	2401	2732	332	0	0	0	6	yes
PX214493.1	2794	+	itsxrust	confident	1-1474	1475-1580	1581-1739	1740-1962	1475-1962	1963-2794	both_missing						0	ok	232	740	509	0	0	0	ok	232	754	523	0	0	0	ok	254	754	501	0	0	0	ok	307	523	217	0	0	0	ok	2005	2748	744	0	1	0	ok	2402	2733	332	0	0	0	6	yes
PX214494.1	2794	+	itsxrust	confident	1-1474	1475-1580	1581-1739	1740-1962	1475-1962	1963-2794	both_missing						0	ok	232	740	509	0	0	0	ok	232	754	523	0	0	0	ok	254	754	501	0	0	0	ok	307	523	217	0	0	0	ok	2005	2748	744	0	1	0	ok	2402	2733	332	0	0	0	6	yes
PX214495.1	2793	+	itsxrust	confident	1-1474	1475-1581	1582-1740	1741-1962	1475-1962	1963-2793	both_missing						0	ok	232	740	509	0	0	0	ok	232	754	523	0	0	0	ok	254	754	501	0	0	0	ok	307	523	217	0	0	0	ok	2005	2747	743	0	1	0	ok	2401	2732	332	0	0	0	6	yes
PX214496.1	2792	+	itsxrust	confident	1-1474	1475-1580	1581-1739	1740-1961	1475-1961	1962-2792	both_missing						0	ok	232	740	509	0	0	0	ok	232	754	523	0	0	0	ok	254	754	501	0	0	0	ok	307	523	217	0	0	0	ok	2004	2746	743	0	1	0	ok	2400	2731	332	0	0	0	6	yes
PX214497.1	2793	+	itsxrust	confident	1-1474	1475-1581	1582-1740	1741-1961	1475-1961	1962-2793	both_missing						0	ok	232	740	509	0	0	0	ok	232	754	523	0	0	0	ok	254	754	501	0	0	0	ok	307	523	217	0	0	0	ok	2004	2747	744	0	1	0	ok	2401	2732	332	0	0	0	6	yes
PX214498.1	2795	+	itsxrust	confident	1-1474	1475-1581	1582-1740	1741-1963	1475-1963	1964-2795	both_missing						0	ok	232	740	509	0	0	0	ok	232	754	523	0	0	0	ok	254	754	501	0	0	0	ok	307	523	217	0	0	0	ok	2006	2749	744	0	1	0	ok	2403	2734	332	0	0	0	6	yes
PX214499.1	2798	+	itsxrust	confident	1-1474	1475-1586	1587-1743	1744-1966	1475-1966	1967-2798	both_missing						0	ok	232	740	509	0	0	0	ok	232	754	523	0	0	0	ok	254	754	501	0	0	0	ok	307	523	217	0	0	0	ok	2009	2752	744	0	1	0	ok	2406	2737	332	0	0	0	6	yes
PX214500.1	2797	+	itsxrust	confident	1-1474	1475-1586	1587-1743	1744-1965	1475-1965	1966-2797	both_missing						0	ok	232	740	509	0	0	0	ok	232	754	523	0	0	0	ok	254	754	501	0	0	0	ok	307	523	217	0	0	0	ok	2008	2751	744	0	1	0	ok	2405	2736	332	0	0	0	6	yes
PX214501.1	2796	+	itsxrust	confident	1-1474	1475-1585	1586-1742	1743-1964	1475-1964	1965-2796	both_missing						0	ok	232	740	509	0	0	0	ok	232	754	523	0	0	0	ok	254	754	501	0	0	0	ok	307	523	217	0	0	0	ok	2007	2750	744	0	1	0	ok	2404	2735	332	0	0	0	6	yes
PX214502.1	2795	+	itsxrust	confident	1-1474	1475-1585	1586-1742	1743-1964	1475-1964	1965-2795	both_missing						0	ok	232	740	509	0	0	0	ok	232	754	523	0	0	0	ok	254	754	501	0	0	0	ok	307	523	217	0	0	0	ok	2007	2749	743	0	1	0	ok	2404	2734	331	0	0	0	6	yes
PX214503.1	2794	+	itsxrust	confident	1-1474	1475-1582	1583-1741	1742-1963	1475-1963	1964-2794	both_missing						0	ok	232	740	509	0	0	0	ok	232	754	523	0	0	0	ok	254	754	501	0	0	0	ok	307	523	217	0	0	0	ok	2006	2748	743	0	1	0	ok	2403	2733	331	0	0	0	6	yes
PX214504.1	2795	+	itsxrust	confident	1-1474	1475-1582	1583-1741	1742-1963	1475-1963	1964-2795	both_missing						0	ok	232	740	509	0	0	0	ok	232	754	523	0	0	0	ok	254	754	501	0	0	0	ok	307	523	217	0	0	0	ok	2006	2749	744	0	1	0	ok	2403	2734	332	0	0	0	6	yes
PX214505.1	2794	+	itsxrust	confident	1-1474	1475-1582	1583-1741	1742-1963	1475-1963	1964-2794	both_missing						0	ok	232	740	509	0	0	0	ok	232	754	523	0	0	0	ok	254	754	501	0	0	0	ok	307	523	217	0	0	0	ok	2006	2748	743	0	1	0	ok	2403	2733	331	0	0	0	6	yes
PX214506.1	2796	+	itsxrust	confident	1-1474	1475-1584	1585-1741	1742-1964	1475-1964	1965-2796	both_missing						0	ok	232	740	509	0	0	0	ok	232	754	523	0	0	0	ok	254	754	501	0	0	0	ok	307	523	217	0	0	0	ok	2007	2750	744	0	1	0	ok	2404	2735	332	0	0	0	6	yes
PX214507.1	2796	+	itsxrust	confident	1-1474	1475-1584	1585-1741	1742-1964	1475-1964	1965-2796	both_missing						0	ok	232	740	509	0	0	0	ok	232	754	523	0	0	0	ok	254	754	501	0	0	0	ok	307	523	217	0	0	0	ok	2007	2750	744	0	1	0	ok	2404	2735	332	0	0	0	6	yes
PX214508.1	2794	+	itsxrust	confident	1-1474	1475-1580	1581-1739	1740-1962	1475-1962	1963-2794	both_missing						0	ok	232	740	509	0	0	0	ok	232	754	523	0	0	0	ok	254	754	501	0	0	0	ok	307	523	217	0	0	0	ok	2005	2748	744	0	1	0	ok	2402	2733	332	0	0	0	6	yes
PX214509.1	2795	+	itsxrust	confident	1-1474	1475-1585	1586-1742	1743-1964	1475-1964	1965-2795	both_missing						0	ok	232	740	509	0	0	0	ok	232	754	523	0	0	0	ok	254	754	501	0	0	0	ok	307	523	217	0	0	0	ok	2007	2749	743	0	1	0	ok	2404	2734	331	0	0	0	6	yes
PX214510.1	2794	+	itsxrust	confident	1-1474	1475-1584	1585-1741	1742-1963	1475-1963	1964-2794	both_missing						0	ok	232	740	509	0	0	0	ok	232	754	523	0	0	0	ok	254	754	501	0	0	0	ok	307	523	217	0	0	0	ok	2006	2748	743	0	1	0	ok	2403	2733	331	0	0	0	6	yes
PX214511.1	2798	+	itsxrust	confident	1-1474	1475-1585	1586-1742	1743-1966	1475-1966	1967-2798	both_missing						0	ok	232	740	509	0	0	0	ok	232	754	523	0	0	0	ok	254	754	501	0	0	0	ok	307	523	217	0	0	0	ok	2009	2752	744	0	1	0	ok	2406	2737	332	0	0	0	6	yes
PX214512.1	2798	+	itsxrust	confident	1-1474	1475-1585	1586-1742	1743-1966	1475-1966	1967-2798	both_missing						0	ok	232	740	509	0	0	0	ok	232	754	523	0	0	0	ok	254	754	501	0	0	0	ok	307	523	217	0	0	0	ok	2009	2752	744	0	1	0	ok	2406	2737	332	0	0	0	6	yes
PX214513.1	2798	+	itsxrust	confident	1-1474	1475-1585	1586-1742	1743-1966	1475-1966	1967-2798	both_missing						0	ok	232	740	509	0	0	0	ok	232	754	523	0	0	0	ok	254	754	501	0	0	0	ok	307	523	217	0	0	0	ok	2009	2752	744	0	1	0	ok	2406	2737	332	0	0	0	6	yes
PX214514.1	2797	+	itsxrust	confident	1-1474	1475-1584	1585-1741	1742-1965	1475-1965	1966-2797	both_missing						0	ok	232	740	509	0	0	0	ok	232	754	523	0	0	0	ok	254	754	501	0	0	0	ok	307	523	217	0	0	0	ok	2008	2751	744	0	1	0	ok	2405	2736	332	0	0	0	6	yes
PX214515.1	2798	+	itsxrust	confident	1-1474	1475-1584	1585-1741	1742-1966	1475-1966	1967-2798	both_missing						0	ok	232	740	509	0	0	0	ok	232	754	523	0	0	0	ok	254	754	501	0	0	0	ok	307	523	217	0	0	0	ok	2009	2752	744	0	1	0	ok	2406	2737	332	0	0	0	6	yes
PX214516.1	2796	+	itsxrust	confident	1-1474	1475-1585	1586-1742	1743-1964	1475-1964	1965-2796	both_missing						0	ok	232	740	509	0	0	0	ok	232	754	523	0	0	0	ok	254	754	501	0	0	0	ok	307	523	217	0	0	0	ok	2007	2750	744	0	1	0	ok	2404	2735	332	0	0	0	6	yes
PX214517.1	2796	+	itsxrust	confident	1-1474	1475-1585	1586-1742	1743-1964	1475-1964	1965-2796	both_missing						0	ok	232	740	509	0	0	0	ok	232	754	523	0	0	0	ok	254	754	501	0	0	0	ok	307	523	217	0	0	0	ok	2007	2750	744	0	1	0	ok	2404	2735	332	0	0	0	6	yes
PX214518.1	2796	+	itsxrust	confident	1-1474	1475-1583	1584-1740	1741-1964	1475-1964	1965-2796	both_missing						0	ok	232	740	509	0	0	0	ok	232	754	523	0	0	0	ok	254	754	501	0	0	0	ok	307	523	217	0	0	0	ok	2007	2750	744	0	1	0	ok	2404	2735	332	0	0	0	6	yes
PX214519.1	2793	+	itsxrust	confident	1-1474	1475-1583	1584-1740	1741-1961	1475-1961	1962-2793	both_missing						0	ok	232	740	509	0	0	0	ok	232	754	523	0	0	0	ok	254	754	501	0	0	0	ok	307	523	217	0	0	0	ok	2004	2747	744	0	1	0	ok	2401	2732	332	0	0	0	6	yes
PX214520.1	2792	+	itsxrust	confident	1-1474	1475-1583	1584-1740	1741-1960	1475-1960	1961-2792	both_missing						0	ok	232	740	509	0	0	0	ok	232	754	523	0	0	0	ok	254	754	501	0	0	0	ok	307	523	217	0	0	0	ok	2003	2746	744	0	1	0	ok	2400	2731	332	0	0	0	6	yes
PX214521.1	2794	+	itsxrust	confident	1-1474	1475-1583	1584-1740	1741-1962	1475-1962	1963-2794	both_missing						0	ok	232	740	509	0	0	0	ok	232	754	523	0	0	0	ok	254	754	501	0	0	0	ok	307	523	217	0	0	0	ok	2005	2748	744	0	2	0	ok	2402	2733	332	0	1	0	6	yes
PX214522.1	2796	+	itsxrust	confident	1-1474	1475-1583	1584-1740	1741-1964	1475-1964	1965-2796	both_missing						0	ok	232	740	509	0	0	0	ok	232	754	523	0	0	0	ok	254	754	501	0	0	0	ok	307	523	217	0	0	0	ok	2007	2750	744	0	1	0	ok	2404	2735	332	0	0	0	6	yes
PX214523.1	2796	+	itsxrust	confident	1-1474	1475-1583	1584-1740	1741-1964	1475-1964	1965-2796	both_missing						0	ok	232	740	509	0	0	0	ok	232	754	523	0	0	0	ok	254	754	501	0	0	0	ok	307	523	217	0	0	0	ok	2007	2750	744	0	1	0	ok	2404	2735	332	0	0	0	6	yes
PX214524.1	2796	+	itsxrust	confident	1-1474	1475-1583	1584-1740	1741-1964	1475-1964	1965-2796	both_missing						0	ok	232	740	509	0	0	0	ok	232	754	523	0	0	0	ok	254	754	501	0	0	0	ok	307	523	217	0	0	0	ok	2007	2750	744	0	1	0	ok	2404	2735	332	0	0	0	6	yes
PX214525.1	2797	+	itsxrust	confident	1-1474	1475-1584	1585-1741	1742-1965	1475-1965	1966-2797	both_missing						0	ok	232	740	509	0	0	0	ok	232	754	523	0	0	0	ok	254	754	501	0	0	0	ok	307	523	217	0	0	0	ok	2008	2751	744	0	1	0	ok	2405	2736	332	0	0	0	6	yes
PX214526.1	2795	+	itsxrust	confident	1-1474	1475-1580	1581-1739	1740-1963	1475-1963	1964-2795	both_missing						0	ok	232	740	509	0	0	0	ok	232	754	523	0	0	0	ok	254	754	501	0	0	0	ok	307	523	217	0	0	0	ok	2006	2749	744	0	1	0	ok	2403	2734	332	0	0	0	6	yes
PX214527.1	2795	+	itsxrust	confident	1-1474	1475-1580	1581-1739	1740-1963	1475-1963	1964-2795	both_missing						0	ok	232	740	509	0	0	0	ok	232	754	523	0	0	0	ok	254	754	501	0	0	0	ok	307	523	217	0	0	0	ok	2006	2749	744	0	1	0	ok	2403	2734	332	0	0	0	6	yes
PX214528.1	2795	+	itsxrust	confident	1-1474	1475-1580	1581-1739	1740-1963	1475-1963	1964-2795	both_missing						0	ok	232	740	509	0	0	0	ok	232	754	523	0	0	0	ok	254	754	501	0	0	0	ok	307	523	217	0	0	0	ok	2006	2749	744	0	1	0	ok	2403	2734	332	0	0	0	6	yes
PX214529.1	2795	+	itsxrust	confident	1-1474	1475-1580	1581-1739	1740-1963	1475-1963	1964-2795	both_missing						0	ok	232	740	509	0	0	0	ok	232	754	523	0	0	0	ok	254	754	501	0	0	0	ok	307	523	217	0	0	0	ok	2006	2749	744	0	1	0	ok	2403	2734	332	0	0	0	6	yes
PX214530.1	2793	+	itsxrust	confident	1-1474	1475-1580	1581-1739	1740-1961	1475-1961	1962-2793	both_missing						0	ok	232	740	509	0	0	0	ok	232	754	523	0	0	0	ok	254	754	501	0	0	0	ok	307	523	217	0	0	0	ok	2004	2747	744	0	1	0	ok	2401	2732	332	0	0	0	6	yes
PX214531.1	2797	+	itsxrust	confident	1-1474	1475-1584	1585-1741	1742-1964	1475-1964	1965-2797	both_missing						0	ok	232	740	509	0	0	0	ok	232	754	523	0	0	0	ok	254	754	501	0	0	0	ok	307	523	217	0	0	0	ok	2007	2751	745	0	1	0	ok	2404	2736	333	0	0	0	6	yes
PX214532.1	2793	+	itsxrust	confident	1-1474	1475-1583	1584-1740	1741-1961	1475-1961	1962-2793	both_missing						0	ok	232	740	509	0	0	0	ok	232	754	523	0	0	0	ok	254	754	501	0	0	0	ok	307	523	217	0	0	0	ok	2004	2747	744	0	1	0	ok	2401	2732	332	0	0	0	6	yes
PX214533.1	2792	+	itsxrust	confident	1-1474	1475-1583	1584-1740	1741-1961	1475-1961	1962-2792	both_missing						0	ok	232	740	509	0	0	0	ok	232	754	523	0	0	0	ok	254	754	501	0	0	0	ok	307	523	217	0	0	0	ok	2004	2746	743	0	1	0	ok	2401	2731	331	0	0	0	6	yes
PX214534.1	2792	+	itsxrust	confident	1-1474	1475-1583	1584-1740	1741-1961	1475-1961	1962-2792	both_missing						0	ok	232	740	509	0	0	0	ok	232	754	523	0	0	0	ok	254	754	501	0	0	0	ok	307	523	217	0	0	0	ok	2004	2746	743	0	1	0	ok	2401	2731	331	0	0	0	6	yes
PX214535.1	2793	+	itsxrust	confident	1-1474	1475-1583	1584-1740	1741-1961	1475-1961	1962-2793	both_missing						0	ok	232	740	509	0	0	0	ok	232	754	523	0	0	0	ok	254	754	501	0	0	0	ok	307	523	217	0	0	0	ok	2004	2747	744	0	1	0	ok	2401	2732	332	0	0	0	6	yes
PX214536.1	2795	+	itsxrust	confident	1-1474	1475-1583	1584-1740	1741-1962	1475-1962	1963-2795	both_missing						0	ok	232	740	509	0	0	0	ok	232	754	523	0	0	0	ok	254	754	501	0	0	0	ok	307	523	217	0	0	0	ok	2005	2749	745	0	1	0	ok	2402	2734	333	0	0	0	6	yes
PX214537.1	2793	+	itsxrust	confident	1-1474	1475-1580	1581-1739	1740-1961	1475-1961	1962-2793	both_missing						0	ok	232	740	509	0	0	0	ok	232	754	523	0	0	0	ok	254	754	501	0	0	0	ok	307	523	217	0	0	0	ok	2004	2747	744	0	1	0	ok	2401	2732	332	0	0	0	6	yes
PX214538.1	2794	+	itsxrust	confident	1-1474	1475-1583	1584-1740	1741-1962	1475-1962	1963-2794	both_missing						0	ok	232	740	509	0	0	0	ok	232	754	523	0	0	0	ok	254	754	501	0	0	0	ok	307	523	217	0	0	0	ok	2005	2748	744	0	1	0	ok	2402	2733	332	0	0	0	6	yes
PX214539.1	2795	+	itsxrust	confident	1-1474	1475-1580	1581-1739	1740-1962	1475-1962	1963-2795	both_missing						0	ok	232	740	509	0	0	0	ok	232	754	523	0	0	0	ok	254	754	501	0	0	0	ok	307	523	217	0	0	0	ok	2005	2749	745	0	1	0	ok	2402	2734	333	0	0	0	6	yes
PX214540.1	2793	+	itsxrust	confident	1-1474	1475-1579	1580-1738	1739-1961	1475-1961	1962-2793	both_missing						0	ok	232	740	509	0	0	0	ok	232	754	523	0	0	0	ok	254	754	501	0	0	0	ok	307	523	217	0	0	0	ok	2004	2747	744	0	1	0	ok	2401	2732	332	0	0	0	6	yes
PX214541.1	2795	+	itsxrust	confident	1-1474	1475-1580	1581-1739	1740-1963	1475-1963	1964-2795	both_missing						0	ok	232	740	509	0	0	0	ok	232	754	523	0	0	0	ok	254	754	501	0	0	0	ok	307	523	217	0	0	0	ok	2006	2749	744	0	1	0	ok	2403	2734	332	0	0	0	6	yes
PX214542.1	2787	+	itsxrust	confident	1-1474	1475-1586	1587-1743	1744-1955	1475-1955	1956-2787	both_missing						0	ok	232	740	509	0	0	0	ok	232	754	523	0	0	0	ok	254	754	501	0	0	0	ok	307	523	217	0	0	0	ok	1998	2741	744	0	1	0	ok	2395	2726	332	0	0	0	6	yes
PX214543.1	2791	+	itsxrust	confident	1-1474	1475-1586	1587-1743	1744-1959	1475-1959	1960-2791	both_missing						0	ok	232	740	509	0	0	0	ok	232	754	523	0	0	0	ok	254	754	501	0	0	0	ok	307	523	217	0	0	0	ok	2002	2745	744	0	1	0	ok	2399	2730	332	0	0	0	6	yes
PX214544.1	2792	+	itsxrust	confident	1-1474	1475-1580	1581-1739	1740-1961	1475-1961	1962-2792	both_missing						0	ok	232	740	509	0	0	0	ok	232	754	523	0	0	0	ok	254	754	501	0	0	0	ok	307	523	217	0	0	0	ok	2004	2746	743	0	1	0	ok	2401	2731	331	0	0	0	6	yes
PX214545.1	2794	+	itsxrust	confident	1-1474	1475-1579	1580-1738	1739-1960	1475-1960	1961-2794	both_missing						0	ok	232	740	509	0	0	0	ok	232	754	523	0	0	0	ok	254	754	501	0	0	0	ok	307	523	217	0	0	0	ok	2003	2748	746	0	1	0	ok	2400	2733	334	0	0	0	6	yes
PX214546.1	2793	+	itsxrust	confident	1-1474	1475-1579	1580-1738	1739-1961	1475-1961	1962-2793	both_missing						0	ok	232	740	509	0	0	0	ok	232	754	523	0	0	0	ok	254	754	501	0	0	0	ok	307	523	217	0	0	0	ok	2004	2747	744	0	1	0	ok	2400	2732	333	0	0	0	6	yes
PX214547.1	2796	+	itsxrust	confident	1-1474	1475-1583	1584-1740	1741-1964	1475-1964	1965-2796	both_missing						0	ok	232	740	509	0	0	0	ok	232	754	523	0	0	0	ok	254	754	501	0	0	0	ok	307	523	217	0	0	0	ok	2007	2750	744	0	1	0	ok	2404	2735	332	0	0	0	6	yes
PX214548.1	2795	+	itsxrust	confident	1-1474	1475-1584	1585-1741	1742-1963	1475-1963	1964-2795	both_missing						0	ok	232	740	509	0	0	0	ok	232	754	523	0	0	0	ok	254	754	501	0	0	0	ok	307	523	217	0	0	0	ok	2006	2749	744	0	1	0	ok	2403	2734	332	0	0	0	6	yes
PX214549.1	2791	+	itsxrust	confident	1-1474	1475-1580	1581-1737	1738-1959	1475-1959	1960-2791	both_missing						0	ok	232	740	509	0	0	0	ok	232	754	523	0	0	0	ok	254	754	501	0	0	0	ok	307	523	217	0	0	0	ok	2002	2745	744	0	1	0	ok	2399	2730	332	0	0	0	6	yes
PX214550.1	2790	+	itsxrust	confident	1-1474	1475-1580	1581-1737	1738-1958	1475-1958	1959-2790	both_missing						0	ok	232	740	509	0	0	0	ok	232	754	523	0	0	0	ok	254	754	501	0	0	0	ok	307	523	217	0	0	0	ok	2001	2744	744	0	1	0	ok	2398	2729	332	0	0	0	6	yes
PX214551.1	2794	+	itsxrust	confident	1-1474	1475-1583	1584-1740	1741-1962	1475-1962	1963-2794	both_missing						0	ok	232	740	509	0	0	0	ok	232	754	523	0	0	0	ok	254	754	501	0	0	0	ok	307	523	217	0	0	0	ok	2005	2748	744	0	1	0	ok	2402	2733	332	0	0	0	6	yes
PX214552.1	2793	+	itsxrust	confident	1-1474	1475-1582	1583-1739	1740-1961	1475-1961	1962-2793	both_missing						0	ok	232	740	509	0	0	0	ok	232	754	523	0	0	0	ok	254	754	501	0	0	0	ok	307	523	217	0	0	0	ok	2004	2747	744	0	1	0	ok	2401	2732	332	0	0	0	6	yes
PX214553.1	2795	+	itsxrust	confident	1-1474	1475-1581	1582-1740	1741-1963	1475-1963	1964-2795	both_missing						0	ok	232	740	509	0	0	0	ok	232	754	523	0	0	0	ok	254	754	501	0	0	0	ok	307	523	217	0	0	0	ok	2006	2749	744	0	1	0	ok	2403	2734	332	0	0	0	6	yes
PX214554.1	2795	+	itsxrust	confident	1-1475	1476-1583	1584-1740	1741-1963	1476-1963	1964-2795	both_missing						0	ok	233	741	509	0	0	0	ok	233	755	523	0	0	0	ok	255	755	501	0	0	0	ok	308	524	217	0	0	0	ok	2006	2749	744	0	1	0	ok	2403	2734	332	0	0	0	6	yes
PX214555.1	2796	+	itsxrust	confident	1-1473	1474-1583	1584-1740	1741-1964	1474-1964	1965-2796	both_missing						0	ok	232	739	508	0	0	0	ok	232	753	522	0	0	0	ok	254	753	500	0	0	0	ok	307	523	217	0	0	0	ok	2007	2750	744	0	1	0	ok	2404	2735	332	0	0	0	6	yes
PX214556.1	2794	+	itsxrust	confident	1-1474	1475-1581	1582-1738	1739-1962	1475-1962	1963-2794	both_missing						0	ok	232	740	509	0	0	0	ok	232	754	523	0	0	0	ok	254	754	501	0	0	0	ok	307	523	217	0	0	0	ok	2005	2748	744	0	1	0	ok	2402	2733	332	0	0	0	6	yes
PX214557.1	2797	+	itsxrust	confident	1-1474	1475-1584	1585-1741	1742-1965	1475-1965	1966-2797	both_missing						0	ok	232	740	509	0	0	0	ok	232	754	523	0	0	0	ok	254	754	501	0	0	0	ok	307	523	217	0	0	0	ok	2008	2751	744	0	1	0	ok	2405	2736	332	0	0	0	6	yes
PX214558.1	2796	+	itsxrust	confident	1-1474	1475-1581	1582-1740	1741-1964	1475-1964	1965-2796	both_missing						0	ok	232	740	509	0	0	0	ok	232	754	523	0	0	0	ok	254	754	501	0	0	0	ok	307	523	217	0	0	0	ok	2007	2750	744	0	1	0	ok	2404	2735	332	0	0	0	6	yes
PX214559.1	2796	+	itsxrust	confident	1-1474	1475-1585	1586-1742	1743-1964	1475-1964	1965-2796	both_missing						0	ok	232	740	509	0	0	0	ok	232	754	523	0	0	0	ok	254	754	501	0	0	0	ok	307	523	217	0	0	0	ok	2007	2750	744	0	1	0	ok	2404	2735	332	0	0	0	6	yes
PX214560.1	2797	+	itsxrust	confident	1-1474	1475-1585	1586-1742	1743-1965	1475-1965	1966-2797	both_missing						0	ok	232	740	509	0	0	0	ok	232	754	523	0	0	0	ok	254	754	501	0	0	0	ok	307	523	217	0	0	0	ok	2008	2751	744	0	1	0	ok	2405	2736	332	0	0	0	6	yes
PX214561.1	2797	+	itsxrust	confident	1-1474	1475-1585	1586-1742	1743-1965	1475-1965	1966-2797	both_missing						0	ok	232	740	509	0	0	0	ok	232	754	523	0	0	0	ok	254	754	501	0	0	0	ok	307	523	217	0	0	0	ok	2008	2751	744	0	1	0	ok	2405	2736	332	0	0	0	6	yes
PX214562.1	2797	+	itsxrust	confident	1-1474	1475-1582	1583-1741	1742-1965	1475-1965	1966-2797	both_missing						0	ok	232	740	509	0	0	0	ok	232	754	523	0	0	0	ok	254	754	501	0	0	0	ok	307	523	217	0	0	0	ok	2008	2751	744	0	1	0	ok	2405	2736	332	0	0	0	6	yes
PX214563.1	2797	+	itsxrust	confident	1-1474	1475-1582	1583-1741	1742-1965	1475-1965	1966-2797	both_missing						0	ok	232	740	509	0	0	0	ok	232	754	523	0	0	0	ok	254	754	501	0	0	0	ok	307	523	217	0	0	0	ok	2008	2751	744	0	1	0	ok	2405	2736	332	0	0	0	6	yes
PX214564.1	2797	+	itsxrust	confident	1-1474	1475-1582	1583-1741	1742-1965	1475-1965	1966-2797	both_missing						0	ok	232	740	509	0	0	0	ok	232	754	523	0	0	0	ok	254	754	501	0	0	0	ok	307	523	217	0	0	0	ok	2008	2751	744	0	1	0	ok	2405	2736	332	0	0	0	6	yes
PX214565.1	2797	+	itsxrust	confident	1-1474	1475-1582	1583-1741	1742-1965	1475-1965	1966-2797	both_missing						0	ok	232	740	509	0	0	0	ok	232	754	523	0	0	0	ok	254	754	501	0	0	0	ok	307	523	217	0	0	0	ok	2008	2751	744	0	1	0	ok	2405	2736	332	0	0	0	6	yes
PX214566.1	2796	+	itsxrust	confident	1-1474	1475-1583	1584-1740	1741-1964	1475-1964	1965-2796	both_missing						0	ok	232	740	509	0	0	0	ok	232	754	523	0	0	0	ok	254	754	501	0	0	0	ok	307	523	217	0	0	0	ok	2007	2750	744	0	1	0	ok	2404	2735	332	0	0	0	6	yes
PX214567.1	2799	+	itsxrust	confident	1-1474	1475-1586	1587-1743	1744-1967	1475-1967	1968-2799	both_missing						0	ok	232	740	509	0	0	0	ok	232	754	523	0	0	0	ok	254	754	501	0	0	0	ok	307	523	217	0	0	0	ok	2010	2753	744	0	1	0	ok	2407	2738	332	0	0	0	6	yes
PX214568.1	2796	+	itsxrust	confident	1-1474	1475-1581	1582-1740	1741-1964	1475-1964	1965-2796	both_missing						0	ok	232	740	509	0	0	0	ok	232	754	523	0	0	0	ok	254	754	501	0	0	0	ok	307	523	217	0	0	0	ok	2007	2750	744	0	1	0	ok	2404	2735	332	0	0	0	6	yes
PX214569.1	2795	+	itsxrust	confident	1-1474	1475-1581	1582-1740	1741-1963	1475-1963	1964-2795	both_missing						0	ok	232	740	509	0	0	0	ok	232	754	523	0	0	0	ok	254	754	501	0	0	0	ok	307	523	217	0	0	0	ok	2006	2749	744	0	1	0	ok	2403	2734	332	0	0	0	6	yes
PX214570.1	2795	+	itsxrust	confident	1-1474	1475-1584	1585-1741	1742-1963	1475-1963	1964-2795	both_missing						0	ok	232	740	509	0	0	0	ok	232	754	523	0	0	0	ok	254	754	501	0	0	0	ok	307	523	217	0	0	0	ok	2006	2749	744	0	1	0	ok	2403	2734	332	0	0	0	6	yes
PX214571.1	2790	+	itsxrust	confident	1-1473	1474-1580	1581-1737	1738-1958	1474-1958	1959-2790	both_missing						0	ok	232	739	508	0	0	0	ok	232	753	522	0	0	0	ok	254	753	500	0	0	0	ok	307	522	216	0	0	0	ok	2001	2744	744	0	1	0	ok	2398	2729	332	0	0	0	6	yes
PX214572.1	2812	+	itsxrust	confident	1-1473	1474-1596	1597-1754	1755-1982	1474-1982	1983-2812	both_missing						0	ok	232	739	508	0	1	0	ok	232	753	522	0	0	0	ok	254	753	500	0	0	0	ok	307	522	216	1	0	0	ok	2025	2766	742	0	0	0	ok	2421	2751	331	0	0	0	6	yes
PX214573.1	2804	+	itsxrust	confident	1-1473	1474-1589	1590-1747	1748-1974	1474-1974	1975-2804	both_missing						0	ok	232	739	508	0	1	0	ok	232	753	522	0	0	0	ok	254	753	500	0	0	0	ok	307	522	216	1	0	0	ok	2017	2758	742	0	0	0	ok	2413	2743	331	0	0	0	6	yes
PX214574.1	2804	+	itsxrust	confident	1-1473	1474-1589	1590-1747	1748-1974	1474-1974	1975-2804	both_missing						0	ok	232	739	508	0	1	0	ok	232	753	522	0	0	0	ok	254	753	500	0	0	0	ok	307	522	216	1	0	0	ok	2017	2758	742	0	0	0	ok	2413	2743	331	0	0	0	6	yes
PX214575.1	2811	+	itsxrust	confident	1-1473	1474-1596	1597-1754	1755-1981	1474-1981	1982-2811	both_missing						0	ok	232	739	508	0	1	0	ok	232	753	522	0	0	0	ok	254	753	500	0	0	0	ok	307	522	216	1	0	0	ok	2024	2765	742	0	0	0	ok	2420	2750	331	0	0	0	6	yes
PX214576.1	2808	+	itsxrust	confident	1-1473	1474-1595	1596-1753	1754-1979	1474-1979	1980-2808	both_missing						0	ok	232	739	508	0	1	0	ok	232	753	522	0	0	0	ok	254	753	500	0	0	0	ok	307	522	216	1	0	0	ok	2022	2762	741	0	0	0	ok	2416	2747	332	0	0	0	6	yes
PX214577.1	2809	+	itsxrust	confident	1-1473	1474-1593	1594-1751	1752-1978	1474-1978	1979-2809	both_missing						0	ok	232	739	508	0	1	0	ok	232	753	522	0	0	0	ok	254	753	500	0	0	0	ok	307	522	216	1	0	0	ok	2021	2763	743	0	0	0	ok	2417	2748	332	0	0	0	6	yes
PX214578.1	2807	+	itsxrust	confident	1-1473	1474-1592	1593-1750	1751-1976	1474-1976	1977-2807	both_missing						0	ok	232	739	508	0	1	0	ok	232	753	522	0	0	0	ok	254	753	500	0	0	0	ok	307	522	216	2	0	0	ok	2019	2761	743	0	0	0	ok	2416	2746	331	0	0	0	6	yes
PX214579.1	2806	+	itsxrust	confident	1-1473	1474-1596	1597-1754	1755-1976	1474-1976	1977-2806	both_missing						0	ok	232	739	508	0	1	0	ok	232	753	522	0	0	0	ok	254	753	500	0	0	0	ok	307	522	216	2	0	0	ok	2019	2760	742	0	0	0	ok	2416	2745	330	0	0	0	6	yes
PX214580.1	2803	+	itsxrust	confident	1-1473	1474-1595	1596-1753	1754-1971	1474-1971	1972-2803	both_missing						0	ok	232	739	508	0	1	0	ok	232	753	522	0	0	0	ok	254	753	500	0	0	0	ok	307	522	216	2	0	0	ok	2014	2757	744	0	0	0	ok	2411	2742	332	0	0	0	6	yes
PX214581.1	2803	+	itsxrust	confident	1-1473	1474-1595	1596-1753	1754-1971	1474-1971	1972-2803	both_missing						0	ok	232	739	508	0	1	0	ok	232	753	522	0	0	0	ok	254	753	500	0	0	0	ok	307	522	216	1	0	0	ok	2014	2757	744	0	0	0	ok	2411	2742	332	0	0	0	6	yes
PX214582.1	2806	+	itsxrust	confident	1-1476	1477-1598	1599-1756	1757-1974	1477-1974	1975-2806	both_missing						0	ok	232	742	511	0	1	0	ok	232	756	525	0	0	0	ok	254	756	503	0	0	0	ok	307	525	219	2	0	0	ok	2017	2760	744	0	0	0	ok	2414	2745	332	0	0	0	6	yes
PX214583.1	2806	+	itsxrust	confident	1-1472	1473-1590	1591-1743	1744-1973	1473-1973	1974-2806	both_missing						0	ok	231	738	508	1	1	1	ok	231	752	522	1	0	1	ok	254	752	499	0	0	0	ok	307	522	216	1	1	1	ok	2016	2760	745	0	0	0	ok	2413	2745	333	1	0	0	6	yes
PX214584.1	2804	+	itsxrust	confident	1-1474	1475-1586	1587-1743	1744-1972	1475-1972	1973-2804	both_missing						0	ok	232	740	509	0	1	0	ok	232	754	523	0	0	0	ok	254	754	501	0	0	0	ok	307	523	217	1	0	0	ok	2015	2758	744	0	0	0	ok	2413	2743	331	0	0	0	6	yes
PX214585.1	2805	+	itsxrust	confident	1-1474	1475-1586	1587-1743	1744-1973	1475-1973	1974-2805	both_missing						0	ok	232	740	509	0	1	0	ok	232	754	523	0	0	0	ok	254	754	501	0	0	0	ok	307	523	217	1	0	0	ok	2016	2759	744	0	0	0	ok	2414	2744	331	0	0	0	6	yes
PX214586.1	2812	+	itsxrust	confident	1-1474	1475-1595	1596-1751	1752-1978	1475-1978	1979-2812	both_missing						0	ok	232	740	509	0	1	0	ok	232	754	523	0	0	0	ok	254	754	501	0	0	0	ok	307	523	217	1	0	0	ok	2021	2766	746	0	0	0	ok	2419	2751	333	0	0	0	6	yes
PX214587.1	2812	+	itsxrust	confident	1-1474	1475-1595	1596-1751	1752-1978	1475-1978	1979-2812	both_missing						0	ok	232	740	509	0	1	0	ok	232	754	523	0	0	0	ok	254	754	501	0	0	0	ok	307	523	217	1	0	0	ok	2021	2766	746	0	0	0	ok	2419	2751	333	0	0	0	6	yes
PX214588.1	2812	+	itsxrust	confident	1-1474	1475-1595	1596-1751	1752-1978	1475-1978	1979-2812	both_missing						0	ok	232	740	509	0	1	0	ok	232	754	523	0	0	0	ok	254	754	501	0	0	0	ok	307	523	217	1	0	0	ok	2021	2766	746	0	0	0	ok	2419	2751	333	0	0	0	6	yes
PX214589.1	2811	+	itsxrust	confident	1-1473	1474-1594	1595-1750	1751-1977	1474-1977	1978-2811	both_missing						0	ok	231	739	509	0	1	0	ok	231	753	523	0	0	0	ok	253	753	501	0	0	0	ok	306	522	217	1	0	0	ok	2020	2765	746	0	0	0	ok	2418	2750	333	0	0	0	6	yes
PX214590.1	2814	+	itsxrust	confident	1-1476	1477-1597	1598-1753	1754-1980	1477-1980	1981-2814	both_missing						0	ok	233	742	510	0	1	0	ok	233	756	524	0	0	0	ok	255	756	502	0	0	0	ok	308	525	218	1	0	0	ok	2023	2768	746	0	0	0	ok	2421	2753	333	0	0	0	6	yes
PX214591.1	2807	+	itsxrust	confident	1-1474	1475-1586	1587-1748	1749-1975	1475-1975	1976-2807	both_missing						0	ok	232	740	509	0	1	0	ok	232	754	523	0	0	0	ok	254	754	501	0	0	0	ok	307	523	217	1	0	0	ok	2018	2761	744	0	0	0	ok	2415	2746	332	0	0	0	6	yes
PX214592.1	2827	+	itsxrust	confident	1-1474	1475-1596	1597-1754	1755-1990	1475-1990	1991-2827	both_missing						0	ok	232	740	509	0	1	0	ok	232	754	523	0	0	0	ok	254	754	501	0	0	0	ok	307	523	217	1	0	0	ok	2033	2781	749	0	0	0	ok	2435	2766	332	0	0	0	6	yes
PX214593.1	2827	+	itsxrust	confident	1-1474	1475-1596	1597-1754	1755-1990	1475-1990	1991-2827	both_missing						0	ok	232	740	509	0	1	0	ok	232	754	523	0	0	0	ok	254	754	501	0	0	0	ok	307	523	217	1	0	0	ok	2033	2781	749	0	0	0	ok	2435	2766	332	0	0	0	6	yes
PX214594.1	2828	+	itsxrust	confident	1-1474	1475-1596	1597-1754	1755-1990	1475-1990	1991-2828	both_missing						0	ok	232	740	509	0	1	0	ok	232	754	523	0	0	0	ok	254	754	501	0	0	0	ok	307	523	217	1	0	0	ok	2033	2782	750	0	0	0	ok	2435	2767	333	0	0	0	6	yes
PX214595.1	2774	+	itsxrust	confident	1-1472	1473-1572	1573-1730	1731-1938	1473-1938	1939-2774	both_missing						0	ok	232	738	507	0	1	0	ok	232	752	521	0	0	0	ok	254	752	499	0	0	0	ok	307	521	215	0	0	0	ok	1985	2728	744	0	0	0	ok	2382	2713	332	0	0	0	6	yes
PX214596.1	2777	+	itsxrust	confident	1-1472	1473-1568	1569-1726	1727-1942	1473-1942	1943-2777	both_missing						0	ok	232	738	507	0	1	0	ok	232	752	521	0	0	0	ok	254	752	499	0	0	0	ok	307	521	215	0	0	0	ok	1988	2731	744	0	0	0	ok	2384	2716	333	0	0	0	6	yes
PX214597.1	2777	+	itsxrust	confident	1-1472	1473-1568	1569-1726	1727-1942	1473-1942	1943-2777	both_missing						0	ok	232	738	507	0	1	0	ok	232	752	521	0	0	0	ok	254	752	499	0	0	0	ok	307	521	215	0	0	0	ok	1988	2731	744	0	0	0	ok	2384	2716	333	0	0	0	6	yes
PX214598.1	2777	+	itsxrust	confident	1-1472	1473-1568	1569-1726	1727-1942	1473-1942	1943-2777	both_missing						0	ok	232	738	507	0	1	0	ok	232	752	521	0	0	0	ok	254	752	499	0	0	0	ok	307	521	215	0	0	0	ok	1988	2731	744	0	0	0	ok	2384	2716	333	0	0	0	6	yes
PX214599.1	2808	+	itsxrust	confident	1-1472	1473-1584	1585-1742	1743-1972	1473-1972	1973-2808	both_missing						0	ok	232	738	507	0	1	0	ok	232	752	521	0	0	0	ok	254	752	499	0	0	0	ok	307	521	215	0	0	0	ok	2020	2762	743	0	0	0	ok	2416	2747	332	0	0	0	6	yes
PX214600.1	2808	+	itsxrust	confident	1-1472	1473-1584	1585-1742	1743-1974	1473-1974	1975-2808	both_missing						0	ok	232	738	507	0	1	0	ok	232	752	521	0	0	0	ok	254	752	499	0	0	0	ok	307	521	215	0	0	0	ok	2020	2762	743	0	0	0	ok	2416	2747	332	0	0	0	6	yes
PX214601.1	2803	+	itsxrust	confident	1-1472	1473-1581	1582-1739	1740-1969	1473-1969	1970-2803	both_missing						0	ok	232	738	507	0	1	0	ok	232	752	521	0	0	0	ok	254	752	499	0	0	0	ok	307	521	215	0	0	0	ok	2015	2757	743	0	0	0	ok	2411	2742	332	0	0	0	6	yes
PX214602.1	2806	+	itsxrust	confident	1-1472	1473-1584	1585-1742	1743-1972	1473-1972	1973-2806	both_missing						0	ok	232	738	507	0	1	0	ok	232	752	521	0	0	0	ok	254	752	499	0	0	0	ok	307	521	215	0	0	0	ok	2018	2760	743	0	0	0	ok	2414	2745	332	0	0	0	6	yes
PX214603.1	2794	+	itsxrust	confident	1-1472	1473-1571	1572-1729	1730-1959	1473-1959	1960-2794	both_missing						0	ok	232	738	507	0	1	0	ok	232	752	521	0	0	0	ok	254	752	499	0	0	0	ok	307	521	215	0	0	0	ok	2005	2748	744	0	0	0	ok	2401	2733	333	0	0	0	6	yes
PX214604.1	2794	+	itsxrust	confident	1-1472	1473-1571	1572-1729	1730-1959	1473-1959	1960-2794	both_missing						0	ok	232	738	507	0	1	0	ok	232	752	521	0	0	0	ok	254	752	499	0	0	0	ok	307	521	215	0	0	0	ok	2005	2748	744	0	0	0	ok	2401	2733	333	0	0	0	6	yes
PX214605.1	2794	+	itsxrust	confident	1-1472	1473-1571	1572-1729	1730-1959	1473-1959	1960-2794	both_missing						0	ok	232	738	507	0	1	0	ok	232	752	521	0	0	0	ok	254	752	499	0	0	0	ok	307	521	215	0	0	0	ok	2005	2748	744	0	0	0	ok	2401	2733	333	0	0	0	6	yes
PX214606.1	2795	+	itsxrust	confident	1-1472	1473-1571	1572-1729	1730-1959	1473-1959	1960-2795	both_missing						0	ok	232	738	507	0	1	0	ok	232	752	521	0	0	0	ok	254	752	499	0	0	0	ok	307	521	215	0	0	0	ok	2005	2749	745	0	0	0	ok	2402	2734	333	0	0	0	6	yes
PX214607.1	2797	+	itsxrust	confident	1-1472	1473-1571	1572-1729	1730-1959	1473-1959	1960-2797	both_missing						0	ok	232	738	507	0	1	0	ok	232	752	521	0	0	0	ok	254	752	499	0	0	0	ok	307	521	215	0	0	0	ok	2005	2751	747	0	0	0	ok	2404	2736	333	0	0	0	6	yes
PX214608.1	2795	+	itsxrust	confident	1-1472	1473-1571	1572-1729	1730-1960	1473-1960	1961-2795	both_missing						0	ok	232	738	507	0	1	0	ok	232	752	521	0	0	0	ok	254	752	499	0	0	0	ok	307	521	215	0	0	0	ok	2006	2749	744	0	0	0	ok	2402	2734	333	0	0	0	6	yes
PX214609.1	2815	+	itsxrust	confident	1-1472	1473-1582	1583-1740	1741-1982	1473-1982	1983-2815	both_missing						0	ok	232	738	507	0	1	0	ok	232	752	521	0	0	0	ok	254	752	499	0	0	0	ok	307	521	215	0	0	0	ok	2026	2769	744	0	0	0	ok	2422	2754	333	0	0	0	6	yes
PX214610.1	2819	+	itsxrust	confident	1-1472	1473-1584	1585-1742	1743-1986	1473-1986	1987-2819	both_missing						0	ok	232	738	507	0	1	0	ok	232	752	521	0	0	0	ok	254	752	499	0	0	0	ok	307	521	215	0	0	0	ok	2030	2773	744	0	0	0	ok	2426	2758	333	0	0	0	6	yes
PX214611.1	2817	+	itsxrust	confident	1-1472	1473-1582	1583-1740	1741-1983	1473-1983	1984-2817	both_missing						0	ok	232	738	507	0	1	0	ok	232	752	521	0	0	0	ok	254	752	499	0	0	0	ok	307	521	215	0	0	0	ok	2027	2771	745	0	0	0	ok	2423	2756	334	0	0	0	6	yes
PX214612.1	2817	+	itsxrust	confident	1-1472	1473-1582	1583-1740	1741-1983	1473-1983	1984-2817	both_missing						0	ok	232	738	507	0	1	0	ok	232	752	521	0	0	0	ok	254	752	499	0	0	0	ok	307	521	215	0	0	0	ok	2027	2771	745	0	0	0	ok	2423	2756	334	0	0	0	6	yes
PX214613.1	2819	+	itsxrust	confident	1-1472	1473-1584	1585-1742	1743-1985	1473-1985	1986-2819	both_missing						0	ok	232	738	507	0	1	0	ok	232	752	521	0	0	0	ok	254	752	499	0	0	0	ok	307	521	215	0	0	0	ok	2029	2773	745	0	0	0	ok	2425	2758	334	0	0	0	6	yes
PX214614.1	2820	+	itsxrust	confident	1-1472	1473-1584	1585-1742	1743-1986	1473-1986	1987-2820	both_missing						0	ok	232	738	507	0	1	0	ok	232	752	521	0	0	0	ok	254	752	499	0	0	0	ok	307	521	215	0	0	0	ok	2030	2774	745	0	0	0	ok	2426	2759	334	0	0	0	6	yes
PX214615.1	2741	+	itsxrust	confident	1-1472	1473-1574	1575-1732	1733-1921	1473-1921	1922-2741	both_missing						0	ok	232	739	508	0	0	0	ok	232	753	522	0	0	0	ok	254	753	500	0	0	0	ok	307	522	216	0	0	0	ok	1963	2695	733	0	0	0	ok	2356	2680	325	0	1	0	6	yes
PX214616.1	2743	+	itsxrust	confident	1-1472	1473-1575	1576-1733	1734-1923	1473-1923	1924-2743	both_missing						0	ok	232	739	508	0	0	0	ok	232	753	522	0	0	0	ok	254	753	500	0	0	0	ok	307	522	216	0	0	0	ok	1965	2697	733	0	0	0	ok	2358	2682	325	0	1	0	6	yes
PX214617.1	2745	+	itsxrust	confident	1-1472	1473-1576	1577-1734	1735-1925	1473-1925	1926-2745	both_missing						0	ok	232	739	508	0	0	0	ok	232	753	522	0	0	0	ok	254	753	500	0	0	0	ok	307	522	216	0	0	0	ok	1967	2699	733	0	0	0	ok	2360	2684	325	0	1	0	6	yes
PX214618.1	2745	+	itsxrust	confident	1-1472	1473-1576	1577-1734	1735-1925	1473-1925	1926-2745	both_missing						0	ok	232	739	508	0	0	0	ok	232	753	522	0	0	0	ok	254	753	500	0	0	0	ok	307	522	216	0	0	0	ok	1967	2699	733	0	0	0	ok	2360	2684	325	0	1	0	6	yes
PX214619.1	2745	+	itsxrust	confident	1-1472	1473-1576	1577-1734	1735-1925	1473-1925	1926-2745	both_missing						0	ok	232	739	508	0	0	0	ok	232	753	522	0	0	0	ok	254	753	500	0	0	0	ok	307	522	216	0	0	0	ok	1967	2699	733	0	0	0	ok	2360	2684	325	0	1	0	6	yes
PX214620.1	2744	+	itsxrust	confident	1-1472	1473-1575	1576-1733	1734-1924	1473-1924	1925-2744	both_missing						0	ok	232	739	508	0	0	0	ok	232	753	522	0	0	0	ok	254	753	500	0	0	0	ok	307	522	216	0	0	0	ok	1966	2698	733	1	0	0	ok	2359	2683	325	0	1	0	6	yes
PX214621.1	2741	+	itsxrust	confident	1-1472	1473-1575	1576-1733	1734-1921	1473-1921	1922-2741	both_missing						0	ok	232	739	508	0	0	0	ok	232	753	522	0	0	0	ok	254	753	500	0	0	0	ok	307	522	216	0	0	0	ok	1963	2695	733	0	0	0	ok	2356	2680	325	0	1	0	6	yes
PX214622.1	2740	+	itsxrust	confident	1-1471	1472-1573	1574-1731	1732-1920	1472-1920	1921-2740	both_missing						0	ok	232	738	507	0	0	0	ok	232	752	521	0	0	0	ok	254	752	499	0	0	0	ok	307	521	215	0	0	0	ok	1962	2694	733	0	0	0	ok	2355	2679	325	0	1	0	6	yes
PX214623.1	2742	+	itsxrust	confident	1-1471	1472-1574	1575-1732	1733-1921	1472-1921	1922-2742	both_missing						0	ok	232	738	507	0	0	0	ok	232	752	521	0	0	0	ok	254	752	499	0	0	0	ok	307	521	215	0	0	0	ok	1963	2696	734	0	0	0	ok	2356	2681	326	0	1	0	6	yes
PX214624.1	2742	+	itsxrust	confident	1-1471	1472-1574	1575-1732	1733-1921	1472-1921	1922-2742	both_missing						0	ok	232	738	507	0	0	0	ok	232	752	521	0	0	0	ok	254	752	499	0	0	0	ok	307	521	215	0	0	0	ok	1963	2696	734	0	0	0	ok	2356	2681	326	0	1	0	6	yes
PX214625.1	2744	+	itsxrust	confident	1-1471	1472-1576	1577-1734	1735-1924	1472-1924	1925-2744	both_missing						0	ok	232	738	507	0	0	0	ok	232	752	521	0	0	0	ok	254	752	499	0	0	0	ok	307	521	215	0	0	0	ok	1966	2698	733	0	0	0	ok	2359	2683	325	0	1	0	6	yes
PX214626.1	2775	+	itsxrust	confident	1-1472	1473-1606	1607-1764	1765-1956	1473-1956	1957-2775	both_missing						0	ok	232	739	508	0	0	0	ok	232	753	522	0	0	0	ok	254	753	500	0	0	0	ok	307	522	216	0	0	0	ok	1997	2729	733	0	0	0	ok	2390	2714	325	0	1	0	6	yes
PX214627.1	2774	+	itsxrust	confident	1-1471	1472-1605	1606-1763	1764-1955	1472-1955	1956-2774	both_missing						0	ok	232	738	507	0	0	0	ok	232	752	521	0	0	0	ok	254	752	499	0	0	0	ok	307	521	215	0	0	0	ok	1996	2728	733	0	0	0	ok	2389	2713	325	0	1	0	6	yes
PX214628.1	2776	+	itsxrust	confident	1-1472	1473-1606	1607-1764	1765-1956	1473-1956	1957-2776	both_missing						0	ok	232	739	508	0	0	0	ok	232	753	522	0	0	0	ok	254	753	500	0	0	0	ok	307	522	216	0	0	0	ok	1997	2730	734	0	0	0	ok	2391	2715	325	0	1	0	6	yes
PX214629.1	2763	+	itsxrust	confident	1-1473	1474-1580	1581-1737	1738-1943	1474-1943	1944-2763	both_missing						0	ok	232	739	508	0	0	0	ok	232	753	522	0	0	0	ok	254	753	500	0	0	0	ok	307	522	216	0	0	0	ok	1984	2717	734	0	0	0	ok	2380	2702	323	1	0	0	6	yes
PX214630.1	2763	+	itsxrust	confident	1-1473	1474-1580	1581-1737	1738-1943	1474-1943	1944-2763	both_missing						0	ok	232	739	508	0	0	0	ok	232	753	522	0	0	0	ok	254	753	500	0	0	0	ok	307	522	216	0	0	0	ok	1984	2717	734	0	0	0	ok	2380	2702	323	1	0	0	6	yes
PX214631.1	2763	+	itsxrust	confident	1-1473	1474-1580	1581-1737	1738-1943	1474-1943	1944-2763	both_missing						0	ok	232	739	508	0	0	0	ok	232	753	522	0	0	0	ok	254	753	500	0	0	0	ok	307	522	216	0	0	0	ok	1984	2717	734	0	0	0	ok	2380	2702	323	1	0	0	6	yes
PX214632.1	2763	+	itsxrust	confident	1-1473	1474-1580	1581-1737	1738-1943	1474-1943	1944-2763	both_missing						0	ok	232	739	508	0	0	0	ok	232	753	522	0	0	0	ok	254	753	500	0	0	0	ok	307	522	216	0	0	0	ok	1984	2717	734	0	0	0	ok	2380	2702	323	1	0	0	6	yes
PX214633.1	2763	+	itsxrust	confident	1-1473	1474-1580	1581-1737	1738-1943	1474-1943	1944-2763	both_missing						0	ok	232	739	508	0	0	0	ok	232	753	522	0	0	0	ok	254	753	500	0	0	0	ok	307	522	216	0	0	0	ok	1984	2717	734	0	0	0	ok	2380	2702	323	1	0	0	6	yes
PX214634.1	2763	+	itsxrust	confident	1-1473	1474-1580	1581-1737	1738-1943	1474-1943	1944-2763	both_missing						0	ok	232	739	508	0	0	0	ok	232	753	522	0	0	0	ok	254	753	500	0	0	0	ok	307	522	216	0	0	0	ok	1984	2717	734	0	0	0	ok	2380	2702	323	1	0	0	6	yes
PX214635.1	2763	+	itsxrust	confident	1-1473	1474-1580	1581-1737	1738-1943	1474-1943	1944-2763	both_missing						0	ok	232	739	508	0	0	0	ok	232	753	522	0	1	0	ok	254	753	500	0	1	0	ok	307	522	216	0	0	0	ok	1984	2717	734	0	0	0	ok	2380	2702	323	1	0	0	6	yes
PX214636.1	2758	+	itsxrust	confident	1-1473	1474-1574	1575-1731	1732-1938	1474-1938	1939-2758	both_missing						0	ok	232	739	508	0	0	0	ok	232	753	522	0	0	0	ok	254	753	500	0	0	0	ok	307	522	216	0	0	0	ok	1979	2712	734	0	0	0	ok	2375	2697	323	1	0	0	6	yes
PX214637.1	2758	+	itsxrust	confident	1-1473	1474-1574	1575-1731	1732-1938	1474-1938	1939-2758	both_missing						0	ok	232	739	508	0	0	0	ok	232	753	522	0	0	0	ok	254	753	500	0	0	0	ok	307	522	216	0	0	0	ok	1979	2712	734	0	0	0	ok	2375	2697	323	1	0	0	6	yes
PX214638.1	2757	+	itsxrust	confident	1-1473	1474-1574	1575-1731	1732-1937	1474-1937	1938-2757	both_missing						0	ok	232	739	508	0	0	0	ok	232	753	522	0	0	0	ok	254	753	500	0	0	0	ok	307	522	216	0	0	0	ok	1978	2711	734	0	0	0	ok	2374	2696	323	1	0	0	6	yes
PX214639.1	2758	+	itsxrust	confident	1-1473	1474-1574	1575-1734	1735-1938	1474-1938	1939-2758	both_missing						0	ok	232	739	508	0	0	0	ok	232	753	522	0	0	0	ok	254	753	500	0	0	0	ok	307	522	216	0	0	0	ok	1979	2712	734	0	0	0	ok	2375	2697	323	1	0	0	6	yes
PX214640.1	2758	+	itsxrust	confident	1-1473	1474-1574	1575-1734	1735-1938	1474-1938	1939-2758	both_missing						0	ok	232	739	508	0	0	0	ok	232	753	522	0	0	0	ok	254	753	500	0	0	0	ok	307	522	216	0	0	0	ok	1979	2712	734	0	0	0	ok	2375	2697	323	1	0	0	6	yes
PX214641.1	2758	+	itsxrust	confident	1-1473	1474-1574	1575-1734	1735-1938	1474-1938	1939-2758	both_missing						0	ok	232	739	508	0	0	0	ok	232	753	522	0	0	0	ok	254	753	500	0	0	0	ok	307	522	216	0	0	0	ok	1979	2712	734	0	0	0	ok	2375	2697	323	1	0	0	6	yes
PX214642.1	2755	+	itsxrust	confident	1-1473	1474-1574	1575-1734	1735-1938	1474-1938	1939-2755	both_missing						0	ok	232	739	508	0	0	0	ok	232	753	522	0	0	0	ok	254	753	500	0	0	0	ok	307	522	216	0	0	0	ok	1979	2709	731	0	0	0	ok	2375	2694	320	1	0	0	6	yes
PX214643.1	2756	+	itsxrust	confident	1-1473	1474-1573	1574-1730	1731-1936	1474-1936	1937-2756	both_missing						0	ok	232	739	508	0	0	0	ok	232	753	522	0	0	0	ok	254	753	500	0	0	0	ok	307	522	216	0	0	0	ok	1977	2710	734	0	0	0	ok	2373	2695	323	1	0	0	6	yes
PX214644.1	2756	+	itsxrust	confident	1-1473	1474-1573	1574-1730	1731-1936	1474-1936	1937-2756	both_missing						0	ok	232	739	508	0	0	0	ok	232	753	522	0	0	0	ok	254	753	500	0	0	0	ok	307	522	216	0	0	0	ok	1977	2710	734	0	0	0	ok	2373	2695	323	1	0	0	6	yes
PX214645.1	2736	+	itsxrust	confident	1-1473	1474-1559	1560-1716	1717-1916	1474-1916	1917-2736	both_missing						0	ok	232	739	508	0	0	0	ok	232	753	522	0	0	0	ok	254	753	500	0	0	0	ok	307	522	216	0	0	0	ok	1957	2690	734	0	0	0	ok	2353	2675	323	1	0	0	6	yes
PX214646.1	2736	+	itsxrust	confident	1-1473	1474-1559	1560-1716	1717-1916	1474-1916	1917-2736	both_missing						0	ok	232	739	508	0	0	0	ok	232	753	522	0	0	0	ok	254	753	500	0	0	0	ok	307	522	216	0	0	0	ok	1957	2690	734	0	0	0	ok	2353	2675	323	1	0	0	6	yes
PX214647.1	2736	+	itsxrust	confident	1-1473	1474-1559	1560-1716	1717-1916	1474-1916	1917-2736	both_missing						0	ok	232	739	508	0	0	0	ok	232	753	522	0	0	0	ok	254	753	500	0	0	0	ok	307	522	216	0	0	0	ok	1957	2690	734	0	0	0	ok	2353	2675	323	1	0	0	6	yes
PX214648.1	2742	+	itsxrust	confident	1-1473	1474-1562	1563-1722	1723-1923	1474-1923	1924-2742	both_missing						0	ok	232	739	508	0	0	0	ok	232	753	522	0	0	0	ok	254	753	500	0	0	0	ok	307	522	216	0	0	0	ok	1964	2696	733	0	0	0	ok	2359	2681	323	1	0	0	6	yes
PX214649.1	2742	+	itsxrust	confident	1-1473	1474-1562	1563-1722	1723-1923	1474-1923	1924-2742	both_missing						0	ok	232	739	508	0	0	0	ok	232	753	522	0	0	0	ok	254	753	500	0	0	0	ok	307	522	216	0	0	0	ok	1964	2696	733	0	0	0	ok	2359	2681	323	1	0	0	6	yes
PX214650.1	2742	+	itsxrust	confident	1-1473	1474-1562	1563-1722	1723-1923	1474-1923	1924-2742	both_missing						0	ok	232	739	508	0	0	0	ok	232	753	522	0	0	0	ok	254	753	500	0	0	0	ok	307	522	216	0	0	0	ok	1964	2696	733	0	0	0	ok	2359	2681	323	1	0	0	6	yes
PX214651.1	2745	+	itsxrust	confident	1-1473	1474-1562	1563-1722	1723-1925	1474-1925	1926-2745	both_missing						0	ok	232	739	508	0	0	0	ok	232	753	522	0	0	0	ok	254	753	500	0	0	0	ok	307	522	216	0	0	0	ok	1966	2699	734	0	0	0	ok	2362	2684	323	1	0	0	6	yes
PX214652.1	2760	+	itsxrust	confident	1-1473	1474-1579	1580-1739	1740-1940	1474-1940	1941-2760	both_missing						0	ok	232	739	508	0	0	0	ok	232	753	522	0	0	0	ok	254	753	500	0	0	0	ok	307	522	216	0	0	0	ok	1981	2714	734	0	0	0	ok	2377	2699	323	1	0	0	6	yes
PX214653.1	2756	+	itsxrust	confident	1-1473	1474-1581	1582-1741	1742-1936	1474-1936	1937-2756	both_missing						0	ok	232	739	508	0	0	0	ok	232	753	522	0	0	0	ok	254	753	500	0	0	0	ok	307	522	216	0	0	0	ok	1977	2710	734	0	0	0	ok	2373	2695	323	1	0	0	6	yes
PX214654.1	2758	+	itsxrust	confident	1-1475	1476-1583	1584-1743	1744-1938	1476-1938	1939-2758	both_missing						0	ok	232	741	510	0	0	0	ok	232	755	524	0	0	0	ok	254	755	502	0	0	0	ok	307	524	218	0	0	0	ok	1979	2712	734	0	0	0	ok	2375	2697	323	1	0	0	6	yes
PX214655.1	2757	+	itsxrust	confident	1-1473	1474-1581	1582-1741	1742-1936	1474-1936	1937-2757	both_missing						0	ok	232	739	508	0	0	0	ok	232	753	522	0	0	0	ok	254	753	500	0	0	0	ok	307	522	216	0	0	0	ok	1977	2711	735	0	0	0	ok	2373	2696	324	1	0	0	6	yes
PX214656.1	2760	+	itsxrust	confident	1-1473	1474-1581	1582-1741	1742-1940	1474-1940	1941-2760	both_missing						0	ok	232	739	508	0	0	0	ok	232	753	522	0	0	0	ok	254	753	500	0	0	0	ok	307	522	216	0	0	0	ok	1981	2714	734	0	0	0	ok	2377	2699	323	1	0	0	6	yes
PX214657.1	2761	+	itsxrust	confident	1-1473	1474-1581	1582-1741	1742-1941	1474-1941	1942-2761	both_missing						0	ok	232	739	508	0	0	0	ok	232	753	522	0	0	0	ok	254	753	500	0	0	0	ok	307	522	216	0	0	0	ok	1982	2715	734	0	0	0	ok	2378	2700	323	1	0	0	6	yes
PX214658.1	2760	+	itsxrust	confident	1-1473	1474-1581	1582-1739	1740-1941	1474-1941	1942-2760	both_missing						0	ok	232	739	508	0	0	0	ok	232	753	522	0	0	0	ok	254	753	500	0	0	0	ok	307	522	216	0	0	0	ok	1982	2714	733	0	0	0	ok	2377	2699	323	1	0	0	6	yes
PX214659.1	2761	+	itsxrust	confident	1-1473	1474-1579	1580-1739	1740-1942	1474-1942	1943-2761	both_missing						0	ok	232	739	508	0	1	0	ok	232	752	521	0	1	0	ok	254	752	499	1	1	0	ok	307	522	216	0	0	0	ok	1983	2715	733	2	0	0	ok	2378	2700	323	1	0	0	6	yes
PX214660.1	2801	+	itsxrust	confident	1-1473	1474-1623	1624-1783	1784-1982	1474-1982	1983-2801	both_missing						0	ok	232	739	508	0	0	0	ok	232	753	522	0	0	0	ok	254	753	500	0	0	0	ok	307	522	216	0	0	0	ok	2023	2755	733	0	0	0	ok	2418	2740	323	1	0	0	6	yes
PX214661.1	2804	+	itsxrust	confident	1-1473	1474-1622	1623-1782	1783-1984	1474-1984	1985-2804	both_missing						0	ok	232	739	508	0	0	0	ok	232	753	522	0	0	0	ok	254	753	500	0	0	0	ok	307	522	216	0	0	0	ok	2025	2758	734	0	0	0	ok	2421	2743	323	1	0	0	6	yes
PX214662.1	2804	+	itsxrust	confident	1-1473	1474-1620	1621-1780	1781-1984	1474-1984	1985-2804	both_missing						0	ok	232	739	508	0	0	0	ok	232	753	522	0	0	0	ok	254	753	500	0	0	0	ok	307	522	216	0	0	0	ok	2025	2758	734	0	0	0	ok	2421	2743	323	1	0	0	6	yes
PX214663.1	2796	+	itsxrust	confident	1-1472	1473-1617	1618-1777	1778-1978	1473-1978	1979-2796	both_missing						0	ok	232	738	507	1	0	0	ok	232	752	521	1	0	0	ok	254	752	499	1	0	0	ok	307	522	216	0	0	0	ok	2019	2750	732	0	0	0	ok	2413	2735	323	1	0	0	6	yes
PX214664.1	2736	+	itsxrust	confident	1-1472	1473-1561	1562-1719	1720-1908	1473-1908	1909-2736	both_missing						0	ok	232	738	507	0	0	0	ok	232	752	521	0	0	0	ok	254	752	499	0	0	0	ok	307	521	215	0	0	0	ok	1958	2690	733	0	0	0	ok	2353	2675	323	1	0	0	6	yes
PX214665.1	2738	+	itsxrust	confident	1-1472	1473-1561	1562-1719	1720-1919	1473-1919	1920-2738	both_missing						0	ok	232	738	507	0	0	0	ok	232	752	521	0	0	0	ok	254	752	499	0	0	0	ok	307	521	215	0	0	0	ok	1960	2692	733	0	0	0	ok	2355	2677	323	1	0	0	6	yes
PX214666.1	2735	+	itsxrust	confident	1-1472	1473-1561	1562-1719	1720-1907	1473-1907	1908-2735	both_missing						0	ok	232	738	507	0	0	0	ok	232	752	521	0	0	0	ok	254	752	499	0	0	0	ok	307	521	215	0	0	0	ok	1957	2689	733	0	0	0	ok	2352	2674	323	1	0	0	6	yes
PX214667.1	2740	+	itsxrust	confident	1-1473	1474-1564	1565-1722	1723-1912	1474-1912	1913-2740	both_missing						0	ok	232	739	508	0	0	0	ok	232	753	522	0	0	0	ok	254	753	500	0	0	0	ok	307	522	216	0	0	0	ok	1962	2694	733	0	0	0	ok	2357	2679	323	1	0	0	6	yes
PX214668.1	2740	+	itsxrust	confident	1-1473	1474-1564	1565-1722	1723-1912	1474-1912	1913-2740	both_missing						0	ok	232	739	508	0	0	0	ok	232	753	522	0	0	0	ok	254	753	500	0	0	0	ok	307	522	216	0	0	0	ok	1962	2694	733	0	0	0	ok	2357	2679	323	1	0	0	6	yes
PX214669.1	2736	+	itsxrust	confident	1-1472	1473-1563	1564-1721	1722-1917	1473-1917	1918-2736	both_missing						0	ok	232	738	507	0	0	0	ok	232	752	521	0	0	0	ok	254	752	499	0	0	0	ok	307	521	215	0	0	0	ok	1958	2690	733	0	0	0	ok	2353	2675	323	1	0	0	6	yes
PX214670.1	2737	+	itsxrust	confident	1-1472	1473-1562	1563-1720	1721-1918	1473-1918	1919-2737	both_missing						0	ok	232	738	507	0	0	0	ok	232	752	521	0	0	0	ok	254	752	499	0	0	0	ok	307	521	215	0	0	0	ok	1959	2691	733	0	0	0	ok	2354	2676	323	1	0	0	6	yes
PX214671.1	2733	+	itsxrust	confident	1-1472	1473-1561	1562-1720	1721-1913	1473-1913	1914-2733	both_missing						0	ok	232	738	507	0	0	0	ok	232	752	521	0	0	0	ok	254	752	499	0	0	0	ok	307	521	215	0	0	0	ok	1955	2687	733	0	0	0	ok	2350	2672	323	1	1	0	6	yes
PX214672.1	2733	+	itsxrust	confident	1-1472	1473-1561	1562-1720	1721-1913	1473-1913	1914-2733	both_missing						0	ok	232	738	507	0	0	0	ok	232	752	521	0	0	0	ok	254	752	499	0	0	0	ok	307	521	215	0	0	0	ok	1955	2687	733	0	0	0	ok	2350	2672	323	1	1	0	6	yes
PX214673.1	2733	+	itsxrust	confident	1-1472	1473-1560	1561-1719	1720-1913	1473-1913	1914-2733	both_missing						0	ok	232	738	507	0	0	0	ok	232	752	521	0	0	0	ok	254	752	499	0	0	0	ok	307	521	215	0	0	0	ok	1955	2687	733	0	0	0	ok	2350	2672	323	1	1	0	6	yes
PX214674.1	2733	+	itsxrust	confident	1-1472	1473-1560	1561-1719	1720-1913	1473-1913	1914-2733	both_missing						0	ok	232	738	507	0	0	0	ok	232	752	521	0	0	0	ok	254	752	499	0	0	0	ok	307	521	215	0	0	0	ok	1955	2687	733	0	0	0	ok	2350	2672	323	1	1	0	6	yes
PX214675.1	2756	+	itsxrust	confident	1-1472	1473-1581	1582-1739	1740-1937	1473-1937	1938-2756	both_missing						0	ok	232	738	507	0	0	0	ok	232	752	521	0	0	0	ok	254	752	499	0	0	0	ok	307	521	215	0	0	0	ok	1978	2710	733	0	0	0	ok	2373	2695	323	1	0	0	6	yes
PX214676.1	2756	+	itsxrust	confident	1-1472	1473-1581	1582-1739	1740-1937	1473-1937	1938-2756	both_missing						0	ok	232	738	507	0	0	0	ok	232	752	521	0	0	0	ok	254	752	499	0	0	0	ok	307	521	215	0	0	0	ok	1978	2710	733	0	0	0	ok	2373	2695	323	1	0	0	6	yes
PX214677.1	2756	+	itsxrust	confident	1-1472	1473-1581	1582-1739	1740-1937	1473-1937	1938-2756	both_missing						0	ok	232	738	507	0	0	0	ok	232	752	521	0	0	0	ok	254	752	499	0	0	0	ok	307	521	215	0	0	0	ok	1978	2710	733	0	0	0	ok	2373	2695	323	1	0	0	6	yes
PX214678.1	2738	+	itsxrust	confident	1-1472	1473-1563	1564-1721	1722-1918	1473-1918	1919-2738	both_missing						0	ok	232	738	507	0	0	0	ok	232	752	521	0	0	0	ok	254	752	499	0	0	0	ok	307	521	215	0	0	0	ok	1959	2692	734	0	0	0	ok	2355	2677	323	1	0	0	6	yes
PX214679.1	2738	+	itsxrust	confident	1-1472	1473-1563	1564-1721	1722-1918	1473-1918	1919-2738	both_missing						0	ok	232	738	507	0	0	0	ok	232	752	521	0	0	0	ok	254	752	499	0	0	0	ok	307	521	215	0	0	0	ok	1959	2692	734	0	0	0	ok	2355	2677	323	1	0	0	6	yes
PX214680.1	2737	+	itsxrust	confident	1-1472	1473-1563	1564-1721	1722-1918	1473-1918	1919-2737	both_missing						0	ok	232	738	507	0	0	0	ok	232	752	521	0	0	0	ok	254	752	499	0	0	0	ok	307	521	215	0	0	0	ok	1959	2691	733	0	0	0	ok	2354	2676	323	1	0	0	6	yes
PX214681.1	2740	+	itsxrust	confident	1-1472	1473-1562	1563-1720	1721-1920	1473-1920	1921-2740	both_missing						0	ok	232	738	507	0	0	0	ok	232	752	521	0	0	0	ok	254	752	499	0	0	0	ok	307	521	215	0	0	0	ok	1961	2694	734	0	0	0	ok	2357	2679	323	1	0	0	6	yes
PX214682.1	2742	+	itsxrust	confident	1-1472	1473-1562	1563-1720	1721-1922	1473-1922	1923-2742	both_missing						0	ok	232	738	507	0	0	0	ok	232	752	521	0	0	0	ok	254	752	499	0	0	0	ok	307	521	215	0	0	0	ok	1963	2696	734	0	0	0	ok	2359	2681	323	1	0	0	6	yes
PX214683.1	2747	+	itsxrust	confident	1-1472	1473-1562	1563-1720	1721-1928	1473-1928	1929-2747	both_missing						0	ok	232	738	507	0	0	0	ok	232	752	521	0	0	0	ok	254	752	499	0	0	0	ok	307	521	215	0	0	0	ok	1969	2701	733	0	0	0	ok	2364	2686	323	1	0	0	6	yes
PX214684.1	2740	+	itsxrust	confident	1-1473	1474-1565	1566-1725	1726-1920	1474-1920	1921-2740	both_missing						0	ok	232	739	508	0	0	0	ok	232	753	522	0	0	0	ok	254	753	500	0	0	0	ok	307	522	216	0	0	0	ok	1962	2694	733	0	0	0	ok	2357	2679	323	1	0	0	6	yes
PX214685.1	2740	+	itsxrust	confident	1-1473	1474-1565	1566-1725	1726-1920	1474-1920	1921-2740	both_missing						0	ok	232	739	508	0	0	0	ok	232	753	522	0	0	0	ok	254	753	500	0	0	0	ok	307	522	216	0	0	0	ok	1962	2694	733	0	0	0	ok	2357	2679	323	1	0	0	6	yes
PX214686.1	2740	+	itsxrust	confident	1-1473	1474-1565	1566-1725	1726-1920	1474-1920	1921-2740	both_missing						0	ok	232	739	508	0	0	0	ok	232	753	522	0	0	0	ok	254	753	500	0	0	0	ok	307	522	216	0	0	0	ok	1962	2694	733	0	0	0	ok	2357	2679	323	1	0	0	6	yes
PX214687.1	2740	+	itsxrust	confident	1-1473	1474-1565	1566-1725	1726-1920	1474-1920	1921-2740	both_missing						0	ok	232	739	508	0	0	0	ok	232	753	522	0	0	0	ok	254	753	500	0	0	0	ok	307	522	216	0	0	0	ok	1962	2694	733	0	0	0	ok	2357	2679	323	1	0	0	6	yes
PX214688.1	2740	+	itsxrust	confident	1-1473	1474-1565	1566-1725	1726-1920	1474-1920	1921-2740	both_missing						0	ok	232	739	508	0	0	0	ok	232	753	522	0	0	0	ok	254	753	500	0	0	0	ok	307	522	216	0	0	0	ok	1962	2694	733	0	0	0	ok	2357	2679	323	1	0	0	6	yes
PX214689.1	2744	+	itsxrust	confident	1-1473	1474-1565	1566-1725	1726-1920	1474-1920	1921-2744	both_missing						0	ok	232	739	508	0	0	0	ok	232	753	522	0	0	0	ok	254	753	500	0	0	0	ok	307	522	216	0	0	0	ok	1962	2698	737	0	0	0	ok	2357	2683	327	1	0	0	6	yes
PX214690.1	2742	+	itsxrust	confident	1-1473	1474-1565	1566-1725	1726-1920	1474-1920	1921-2742	both_missing						0	ok	232	739	508	0	0	0	ok	232	753	522	0	0	0	ok	254	753	500	0	0	0	ok	307	522	216	0	0	0	ok	1962	2696	735	0	0	0	ok	2357	2681	325	1	0	0	6	yes
PX214691.1	2742	+	itsxrust	confident	1-1473	1474-1565	1566-1725	1726-1920	1474-1920	1921-2742	both_missing						0	ok	232	739	508	0	0	0	ok	232	753	522	0	0	0	ok	254	753	500	0	0	0	ok	307	522	216	0	0	0	ok	1962	2696	735	0	0	0	ok	2357	2681	325	1	0	0	6	yes
PX214692.1	2739	+	itsxrust	confident	1-1473	1474-1565	1566-1725	1726-1920	1474-1920	1921-2739	both_missing						0	ok	232	739	508	0	0	0	ok	232	753	522	0	0	0	ok	254	753	500	0	0	0	ok	307	522	216	0	0	0	ok	1962	2693	732	0	0	0	ok	2357	2678	322	1	0	0	6	yes
PX214693.1	2741	+	itsxrust	confident	1-1473	1474-1565	1566-1725	1726-1921	1474-1921	1922-2741	both_missing						0	ok	232	739	508	0	0	0	ok	232	753	522	0	0	0	ok	254	753	500	0	0	0	ok	307	522	216	0	0	0	ok	1963	2695	733	0	0	0	ok	2358	2680	323	1	0	0	6	yes
PX214694.1	2739	+	itsxrust	confident	1-1473	1474-1565	1566-1725	1726-1919	1474-1919	1920-2739	both_missing						0	ok	232	739	508	0	0	0	ok	232	753	522	0	0	0	ok	254	753	500	0	0	0	ok	307	522	216	0	0	0	ok	1961	2693	733	0	0	0	ok	2356	2678	323	1	0	0	6	yes
PX214695.1	2739	+	itsxrust	confident	1-1473	1474-1565	1566-1725	1726-1919	1474-1919	1920-2739	both_missing						0	ok	232	739	508	0	0	0	ok	232	753	522	0	0	0	ok	254	753	500	0	0	0	ok	307	522	216	0	0	0	ok	1961	2693	733	0	0	0	ok	2356	2678	323	1	0	0	6	yes
PX214696.1	2740	+	itsxrust	confident	1-1473	1474-1565	1566-1725	1726-1920	1474-1920	1921-2740	both_missing						0	ok	232	739	508	0	0	0	ok	232	753	522	0	0	0	ok	254	753	500	0	0	0	ok	307	522	216	0	0	0	ok	1962	2694	733	0	0	0	ok	2357	2679	323	1	0	0	6	yes
PX214697.1	2740	+	itsxrust	confident	1-1473	1474-1565	1566-1725	1726-1920	1474-1920	1921-2740	both_missing						0	ok	232	739	508	0	0	0	ok	232	753	522	0	0	0	ok	254	753	500	0	0	0	ok	307	522	216	0	0	0	ok	1962	2694	733	0	0	0	ok	2357	2679	323	1	0	0	6	yes
PX214698.1	2741	+	itsxrust	confident	1-1474	1475-1566	1567-1726	1727-1921	1475-1921	1922-2741	both_missing						0	ok	232	740	509	0	0	0	ok	232	754	523	0	0	0	ok	254	754	501	0	0	0	ok	307	523	217	0	0	0	ok	1963	2695	733	0	0	0	ok	2358	2680	323	1	0	0	6	yes
PX214699.1	2739	+	itsxrust	confident	1-1472	1473-1564	1565-1724	1725-1919	1473-1919	1920-2739	both_missing						0	ok	232	738	507	0	0	0	ok	232	752	521	0	0	0	ok	254	752	499	0	0	0	ok	307	521	215	0	0	0	ok	1961	2693	733	0	0	0	ok	2356	2678	323	1	0	0	6	yes
PX214700.1	2739	+	itsxrust	confident	1-1472	1473-1564	1565-1724	1725-1919	1473-1919	1920-2739	both_missing						0	ok	232	738	507	0	0	0	ok	232	752	521	0	0	0	ok	254	752	499	0	0	0	ok	307	521	215	0	0	0	ok	1961	2693	733	0	0	0	ok	2356	2678	323	1	0	0	6	yes
PX214701.1	2743	+	itsxrust	confident	1-1473	1474-1565	1566-1725	1726-1921	1474-1921	1922-2743	both_missing						0	ok	232	739	508	0	0	0	ok	232	753	522	0	0	0	ok	254	753	500	0	0	0	ok	307	522	216	0	0	0	ok	1963	2697	735	0	0	0	ok	2358	2682	325	1	0	0	6	yes
PX214702.1	2740	+	itsxrust	confident	1-1473	1474-1565	1566-1725	1726-1920	1474-1920	1921-2740	both_missing						0	ok	232	739	508	0	0	0	ok	232	753	522	0	0	0	ok	254	753	500	0	0	0	ok	307	522	216	0	0	0	ok	1962	2694	733	0	0	0	ok	2357	2679	323	1	0	0	6	yes
PX214703.1	2740	+	itsxrust	confident	1-1473	1474-1565	1566-1725	1726-1921	1474-1921	1922-2740	both_missing						0	ok	232	739	508	0	0	0	ok	232	753	522	0	0	0	ok	254	753	500	0	0	0	ok	307	522	216	0	0	0	ok	1963	2694	732	0	0	0	ok	2358	2679	322	1	0	0	6	yes
PX214704.1	2740	+	itsxrust	confident	1-1473	1474-1565	1566-1725	1726-1921	1474-1921	1922-2740	both_missing						0	ok	232	739	508	0	0	0	ok	232	753	522	0	0	0	ok	254	753	500	0	0	0	ok	307	522	216	0	0	0	ok	1963	2694	732	0	0	0	ok	2358	2679	322	1	0	0	6	yes
PX214705.1	2740	+	itsxrust	confident	1-1473	1474-1565	1566-1725	1726-1921	1474-1921	1922-2740	both_missing						0	ok	232	739	508	0	0	0	ok	232	753	522	0	0	0	ok	254	753	500	0	0	0	ok	307	522	216	0	0	0	ok	1963	2694	732	0	0	0	ok	2358	2679	322	1	0	0	6	yes
PX214706.1	2740	+	itsxrust	confident	1-1473	1474-1565	1566-1725	1726-1921	1474-1921	1922-2740	both_missing						0	ok	232	739	508	0	0	0	ok	232	753	522	0	0	0	ok	254	753	500	0	0	0	ok	307	522	216	0	0	0	ok	1963	2694	732	0	0	0	ok	2358	2679	322	1	0	0	6	yes
PX214707.1	2738	+	itsxrust	confident	1-1473	1474-1565	1566-1725	1726-1919	1474-1919	1920-2738	both_missing						0	ok	232	739	508	0	0	0	ok	232	753	522	0	0	0	ok	254	753	500	0	0	0	ok	307	522	216	0	0	0	ok	1961	2692	732	0	0	0	ok	2356	2677	322	1	0	0	6	yes
PX214708.1	2741	+	itsxrust	confident	1-1473	1474-1565	1566-1725	1726-1921	1474-1921	1922-2741	both_missing						0	ok	232	739	508	0	0	0	ok	232	753	522	0	0	0	ok	254	753	500	0	0	0	ok	307	522	216	0	0	0	ok	1963	2695	733	0	0	0	ok	2358	2680	323	1	0	0	6	yes
PX214709.1	2742	+	itsxrust	confident	1-1473	1474-1565	1566-1723	1724-1922	1474-1922	1923-2742	both_missing						0	ok	232	739	508	0	0	0	ok	232	753	522	0	0	0	ok	254	753	500	0	0	0	ok	307	522	216	0	0	0	ok	1964	2696	733	0	0	0	ok	2359	2681	323	1	0	0	6	yes
PX214710.1	2741	+	itsxrust	confident	1-1472	1473-1566	1567-1726	1727-1922	1473-1922	1923-2741	both_missing						0	ok	232	738	507	0	0	0	ok	232	752	521	0	0	0	ok	254	752	499	0	0	0	ok	307	521	215	0	0	0	ok	1963	2695	733	0	0	0	ok	2358	2680	323	1	0	0	6	yes
PX214711.1	2741	+	itsxrust	confident	1-1472	1473-1566	1567-1726	1727-1922	1473-1922	1923-2741	both_missing						0	ok	232	738	507	0	0	0	ok	232	752	521	0	0	0	ok	254	752	499	0	0	0	ok	307	521	215	0	0	0	ok	1963	2695	733	0	0	0	ok	2358	2680	323	1	0	0	6	yes
PX214712.1	2742	+	itsxrust	confident	1-1472	1473-1566	1567-1726	1727-1922	1473-1922	1923-2742	both_missing						0	ok	232	738	507	0	0	0	ok	232	752	521	0	0	0	ok	254	752	499	0	0	0	ok	307	521	215	0	0	0	ok	1964	2696	733	0	0	0	ok	2359	2681	323	1	0	0	6	yes
PX214713.1	2738	+	itsxrust	confident	1-1472	1473-1562	1563-1720	1721-1918	1473-1918	1919-2738	both_missing						0	ok	232	738	507	0	0	0	ok	232	752	521	0	0	0	ok	254	752	499	0	0	0	ok	307	521	215	0	0	0	ok	1960	2692	733	0	0	0	ok	2355	2677	323	1	0	0	6	yes
PX214714.1	2737	+	itsxrust	confident	1-1472	1473-1562	1563-1720	1721-1918	1473-1918	1919-2737	both_missing						0	ok	232	738	507	0	0	0	ok	232	752	521	0	0	0	ok	254	752	499	0	0	0	ok	307	521	215	0	0	0	ok	1960	2691	732	0	0	0	ok	2355	2676	322	1	0	0	6	yes
PX214715.1	2740	+	itsxrust	confident	1-1472	1473-1564	1565-1722	1723-1920	1473-1920	1921-2740	both_missing						0	ok	232	738	507	0	0	0	ok	232	752	521	0	0	0	ok	254	752	499	0	0	0	ok	307	521	215	0	0	0	ok	1962	2694	733	0	0	0	ok	2357	2679	323	1	0	0	6	yes
PX214716.1	2740	+	itsxrust	confident	1-1472	1473-1564	1565-1722	1723-1920	1473-1920	1921-2740	both_missing						0	ok	232	738	507	0	0	0	ok	232	752	521	0	0	0	ok	254	752	499	0	0	0	ok	307	521	215	0	0	0	ok	1962	2694	733	0	0	0	ok	2357	2679	323	1	0	0	6	yes
PX214717.1	2740	+	itsxrust	confident	1-1472	1473-1564	1565-1722	1723-1920	1473-1920	1921-2740	both_missing						0	ok	232	738	507	0	0	0	ok	232	752	521	0	0	0	ok	254	752	499	0	0	0	ok	307	521	215	0	0	0	ok	1962	2694	733	0	0	0	ok	2357	2679	323	1	0	0	6	yes
PX214718.1	2757	+	itsxrust	confident	1-1472	1473-1581	1582-1739	1740-1938	1473-1938	1939-2757	both_missing						0	ok	232	738	507	0	0	0	ok	232	752	521	0	0	0	ok	254	752	499	0	0	0	ok	307	521	215	0	0	0	ok	1980	2711	732	0	0	0	ok	2375	2696	322	1	0	0	6	yes
PX214719.1	2757	+	itsxrust	confident	1-1472	1473-1581	1582-1739	1740-1938	1473-1938	1939-2757	both_missing						0	ok	232	738	507	0	0	0	ok	232	752	521	0	0	0	ok	254	752	499	0	0	0	ok	307	521	215	0	0	0	ok	1980	2711	732	0	0	0	ok	2375	2696	322	1	0	0	6	yes
PX214720.1	2757	+	itsxrust	confident	1-1472	1473-1581	1582-1739	1740-1938	1473-1938	1939-2757	both_missing						0	ok	232	738	507	0	0	0	ok	232	752	521	0	0	0	ok	254	752	499	0	0	0	ok	307	521	215	0	0	0	ok	1980	2711	732	0	0	0	ok	2375	2696	322	1	0	0	6	yes
PX214721.1	2757	+	itsxrust	confident	1-1472	1473-1581	1582-1739	1740-1938	1473-1938	1939-2757	both_missing						0	ok	232	738	507	0	0	0	ok	232	752	521	0	0	0	ok	254	752	499	0	0	0	ok	307	521	215	0	0	0	ok	1980	2711	732	0	0	0	ok	2375	2696	322	1	0	0	6	yes
PX214722.1	2758	+	itsxrust	confident	1-1472	1473-1582	1583-1740	1741-1939	1473-1939	1940-2758	both_missing						0	ok	232	738	507	0	0	0	ok	232	752	521	0	0	0	ok	254	752	499	0	0	0	ok	307	521	215	0	0	0	ok	1981	2712	732	0	0	0	ok	2376	2697	322	1	0	0	6	yes
PX214723.1	2758	+	itsxrust	confident	1-1472	1473-1582	1583-1740	1741-1939	1473-1939	1940-2758	both_missing						0	ok	232	738	507	0	0	0	ok	232	752	521	0	0	0	ok	254	752	499	0	0	0	ok	307	521	215	0	0	0	ok	1981	2712	732	0	0	0	ok	2376	2697	322	1	0	0	6	yes
PX214724.1	2758	+	itsxrust	confident	1-1472	1473-1582	1583-1740	1741-1939	1473-1939	1940-2758	both_missing						0	ok	232	738	507	0	0	0	ok	232	752	521	0	0	0	ok	254	752	499	0	0	0	ok	307	521	215	0	0	0	ok	1981	2712	732	0	0	0	ok	2376	2697	322	1	0	0	6	yes
PX214725.1	2758	+	itsxrust	confident	1-1472	1473-1582	1583-1740	1741-1939	1473-1939	1940-2758	both_missing						0	ok	232	738	507	0	0	0	ok	232	752	521	0	0	0	ok	254	752	499	0	0	0	ok	307	521	215	0	0	0	ok	1981	2712	732	0	0	0	ok	2376	2697	322	1	0	0	6	yes
PX214726.1	2758	+	itsxrust	confident	1-1472	1473-1582	1583-1740	1741-1939	1473-1939	1940-2758	both_missing						0	ok	232	738	507	0	0	0	ok	232	752	521	0	0	0	ok	254	752	499	0	0	0	ok	307	521	215	0	0	0	ok	1981	2712	732	0	0	0	ok	2376	2697	322	1	0	0	6	yes
PX214727.1	2757	+	itsxrust	confident	1-1472	1473-1582	1583-1740	1741-1938	1473-1938	1939-2757	both_missing						0	ok	232	738	507	0	0	0	ok	232	752	521	0	0	0	ok	254	752	499	0	0	0	ok	307	521	215	0	0	0	ok	1980	2711	732	0	0	0	ok	2375	2696	322	1	0	0	6	yes
PX214728.1	2757	+	itsxrust	confident	1-1472	1473-1582	1583-1740	1741-1938	1473-1938	1939-2757	both_missing						0	ok	232	738	507	0	0	0	ok	232	752	521	0	0	0	ok	254	752	499	0	0	0	ok	307	521	215	0	0	0	ok	1980	2711	732	0	0	0	ok	2375	2696	322	1	0	0	6	yes
PX214729.1	2741	+	itsxrust	confident	1-1473	1474-1565	1566-1725	1726-1921	1474-1921	1922-2741	both_missing						0	ok	232	739	508	0	0	0	ok	232	753	522	0	0	0	ok	254	753	500	0	0	0	ok	307	522	216	0	0	0	ok	1963	2695	733	0	0	0	ok	2358	2680	323	1	0	0	6	yes
PX214730.1	2737	+	itsxrust	confident	1-1472	1473-1563	1564-1721	1722-1917	1473-1917	1918-2737	both_missing						0	ok	232	739	508	0	0	0	ok	232	753	522	0	0	0	ok	254	753	500	0	0	0	ok	307	522	216	0	0	0	ok	1959	2691	733	0	0	0	ok	2354	2676	323	1	0	0	6	yes
PX214731.1	2755	+	itsxrust	confident	1-1472	1473-1580	1581-1738	1739-1937	1473-1937	1938-2755	both_missing						0	ok	232	738	507	0	0	0	ok	232	752	521	0	0	0	ok	254	752	499	0	0	0	ok	307	521	215	0	0	0	ok	1978	2709	732	0	0	0	ok	2373	2694	322	1	0	0	6	yes
PX214732.1	2756	+	itsxrust	confident	1-1472	1473-1580	1581-1738	1739-1937	1473-1937	1938-2756	both_missing						0	ok	232	738	507	0	0	0	ok	232	752	521	0	0	0	ok	254	752	499	0	0	0	ok	307	521	215	0	0	0	ok	1978	2710	733	0	0	0	ok	2373	2695	323	1	0	0	6	yes
PX214733.1	2767	+	itsxrust	confident	1-1472	1473-1582	1583-1742	1743-1947	1473-1947	1948-2767	both_missing						0	ok	232	738	507	0	0	0	ok	232	752	521	0	0	0	ok	254	752	499	0	0	0	ok	307	521	215	0	0	0	ok	1989	2721	733	0	0	0	ok	2384	2706	323	1	0	0	6	yes
PX214734.1	2757	+	itsxrust	confident	1-1472	1473-1582	1583-1739	1740-1939	1473-1939	1940-2757	both_missing						0	ok	232	738	507	0	0	0	ok	232	752	521	0	0	0	ok	254	752	499	0	0	0	ok	307	521	215	0	0	0	ok	1981	2711	731	0	0	0	ok	2375	2696	322	1	0	0	6	yes
PX214735.1	2763	+	itsxrust	confident	1-1472	1473-1582	1583-1740	1741-1944	1473-1944	1945-2763	both_missing						0	ok	232	738	507	0	0	0	ok	232	752	521	0	0	0	ok	254	752	499	0	0	0	ok	307	521	215	0	0	0	ok	1985	2717	733	0	0	0	ok	2380	2702	323	1	0	0	6	yes
PX214736.1	2763	+	itsxrust	confident	1-1472	1473-1582	1583-1740	1741-1944	1473-1944	1945-2763	both_missing						0	ok	232	738	507	0	0	0	ok	232	752	521	0	0	0	ok	254	752	499	0	0	0	ok	307	521	215	0	0	0	ok	1985	2717	733	0	0	0	ok	2380	2702	323	1	0	0	6	yes
PX214737.1	2763	+	itsxrust	confident	1-1472	1473-1582	1583-1740	1741-1944	1473-1944	1945-2763	both_missing						0	ok	232	738	507	0	0	0	ok	232	752	521	0	0	0	ok	254	752	499	0	0	0	ok	307	521	215	0	0	0	ok	1985	2717	733	0	0	0	ok	2380	2702	323	1	0	0	6	yes
PX214738.1	2763	+	itsxrust	confident	1-1472	1473-1582	1583-1740	1741-1944	1473-1944	1945-2763	both_missing						0	ok	232	738	507	0	0	0	ok	232	752	521	0	0	0	ok	254	752	499	0	0	0	ok	307	521	215	0	0	0	ok	1985	2717	733	0	0	0	ok	2380	2702	323	1	0	0	6	yes
PX214739.1	2763	+	itsxrust	confident	1-1472	1473-1582	1583-1740	1741-1944	1473-1944	1945-2763	both_missing						0	ok	232	738	507	0	0	0	ok	232	752	521	0	0	0	ok	254	752	499	0	0	0	ok	307	521	215	0	0	0	ok	1985	2717	733	0	0	0	ok	2380	2702	323	1	0	0	6	yes
PX214740.1	2763	+	itsxrust	confident	1-1472	1473-1582	1583-1740	1741-1944	1473-1944	1945-2763	both_missing						0	ok	232	738	507	0	0	0	ok	232	752	521	0	0	0	ok	254	752	499	0	0	0	ok	307	521	215	0	0	0	ok	1985	2717	733	0	0	0	ok	2380	2702	323	1	0	0	6	yes
PX214741.1	2763	+	itsxrust	confident	1-1472	1473-1582	1583-1740	1741-1944	1473-1944	1945-2763	both_missing						0	ok	232	738	507	0	0	0	ok	232	752	521	0	0	0	ok	254	752	499	0	0	0	ok	307	521	215	0	0	0	ok	1985	2717	733	0	0	0	ok	2380	2702	323	1	0	0	6	yes
PX214742.1	2764	+	itsxrust	confident	1-1472	1473-1582	1583-1740	1741-1944	1473-1944	1945-2764	both_missing						0	ok	232	738	507	0	0	0	ok	232	752	521	0	0	0	ok	254	752	499	0	0	0	ok	307	521	215	0	0	0	ok	1985	2718	734	0	0	0	ok	2380	2703	324	1	0	0	6	yes
PX214743.1	2799	+	itsxrust	confident	1-1472	1473-1617	1618-1775	1776-1981	1473-1981	1982-2799	both_missing						0	ok	232	738	507	0	0	0	ok	232	752	521	0	0	0	ok	254	752	499	0	0	0	ok	307	521	215	0	0	0	ok	2022	2753	732	0	0	0	ok	2417	2738	322	1	0	0	6	yes
PX214744.1	2799	+	itsxrust	confident	1-1472	1473-1617	1618-1775	1776-1981	1473-1981	1982-2799	both_missing						0	ok	232	738	507	0	0	0	ok	232	752	521	0	0	0	ok	254	752	499	0	0	0	ok	307	521	215	0	0	0	ok	2022	2753	732	0	0	0	ok	2417	2738	322	1	0	0	6	yes
PX214745.1	2793	+	itsxrust	confident	1-1472	1473-1617	1618-1775	1776-1973	1473-1973	1974-2793	both_missing						0	ok	232	738	507	0	0	0	ok	232	752	521	0	0	0	ok	254	752	499	0	0	0	ok	307	521	215	0	0	0	ok	2015	2747	733	0	0	0	ok	2410	2732	323	1	0	0	6	yes
PX214746.1	2758	+	itsxrust	confident	1-1471	1472-1574	1575-1732	1733-1928	1472-1928	1929-2758	both_missing						0	ok	232	738	507	0	0	0	ok	232	752	521	0	0	0	ok	254	752	499	0	0	0	ok	307	521	215	0	0	0	ok	1971	2712	742	0	1	0	ok	2365	2697	333	0	2	0	6	yes
PX214747.1	2758	+	itsxrust	confident	1-1471	1472-1574	1575-1732	1733-1928	1472-1928	1929-2758	both_missing						0	ok	232	738	507	0	0	0	ok	232	752	521	0	0	0	ok	254	752	499	0	0	0	ok	307	521	215	0	0	0	ok	1971	2712	742	0	1	0	ok	2365	2697	333	0	2	0	6	yes
PX214748.1	2758	+	itsxrust	confident	1-1471	1472-1574	1575-1732	1733-1928	1472-1928	1929-2758	both_missing						0	ok	232	738	507	0	0	0	ok	232	752	521	0	0	0	ok	254	752	499	0	0	0	ok	307	521	215	0	0	0	ok	1971	2712	742	0	1	0	ok	2365	2697	333	0	2	0	6	yes
PX214749.1	2760	+	itsxrust	confident	1-1473	1474-1576	1577-1734	1735-1930	1474-1930	1931-2760	both_missing						0	ok	232	740	509	0	0	0	ok	232	754	523	0	0	0	ok	254	754	501	0	0	0	ok	307	523	217	0	0	0	ok	1973	2714	742	0	1	0	ok	2367	2699	333	0	2	0	6	yes
PX214750.1	2733	+	itsxrust	confident	1-1471	1472-1560	1561-1718	1719-1905	1472-1905	1906-2733	both_missing						0	ok	232	738	507	0	0	0	ok	232	752	521	0	0	0	ok	254	752	499	0	0	0	ok	307	521	215	0	0	0	ok	1948	2687	740	0	1	0	ok	2341	2672	332	0	2	0	6	yes
PX214751.1	2749	+	itsxrust	confident	1-1472	1473-1575	1576-1733	1734-1920	1473-1920	1921-2749	both_missing						0	ok	232	738	507	0	0	0	ok	232	752	521	0	0	0	ok	254	752	499	0	0	0	ok	307	521	215	0	0	0	ok	1963	2703	741	0	1	0	ok	2357	2688	332	1	1	0	6	yes
PX214752.1	2817	+	itsxrust	confident	1-1470	1471-1644	1645-1802	1803-1989	1471-1989	1990-2817	both_missing						0	ok	232	738	507	0	0	0	ok	232	752	521	0	0	0	ok	254	752	499	0	0	0	ok	307	521	215	0	0	0	ok	2032	2771	740	0	1	0	ok	2425	2756	332	0	2	0	6	yes
PX214753.1	2817	+	itsxrust	confident	1-1470	1471-1644	1645-1802	1803-1989	1471-1989	1990-2817	both_missing						0	ok	232	738	507	0	0	0	ok	232	752	521	0	0	0	ok	254	752	499	0	0	0	ok	307	521	215	0	0	0	ok	2032	2771	740	0	1	0	ok	2425	2756	332	0	2	0	6	yes
PX214754.1	2817	+	itsxrust	confident	1-1470	1471-1644	1645-1802	1803-1989	1471-1989	1990-2817	both_missing						0	ok	232	738	507	0	0	0	ok	232	752	521	0	0	0	ok	254	752	499	0	0	0	ok	307	521	215	0	0	0	ok	2032	2771	740	0	1	0	ok	2425	2756	332	0	2	0	6	yes
PX214755.1	2758	+	itsxrust	confident	1-1473	1474-1578	1579-1736	1737-1927	1474-1927	1928-2758	both_missing						0	ok	232	738	507	0	0	0	ok	232	752	521	0	0	0	ok	254	752	499	0	0	0	ok	307	521	215	0	0	0	ok	1968	2712	745	0	1	0	ok	2362	2697	336	0	2	0	6	yes
PX214756.1	2757	+	itsxrust	confident	1-1473	1474-1578	1579-1736	1737-1927	1474-1927	1928-2757	both_missing						0	ok	232	738	507	0	0	0	ok	232	752	521	0	0	0	ok	254	752	499	0	0	0	ok	307	521	215	0	0	0	ok	1968	2711	744	0	1	0	ok	2362	2696	335	0	2	0	6	yes
PX214757.1	2755	+	itsxrust	confident	1-1473	1474-1578	1579-1736	1737-1925	1474-1925	1926-2755	both_missing						0	ok	232	738	507	0	0	0	ok	232	752	521	0	0	0	ok	254	752	499	0	0	0	ok	307	521	215	0	0	0	ok	1966	2709	744	0	1	0	ok	2360	2694	335	0	2	0	6	yes
PX214758.1	2751	+	itsxrust	confident	1-1473	1474-1577	1578-1735	1736-1922	1474-1922	1923-2751	both_missing						0	ok	232	738	507	0	0	0	ok	232	752	521	0	0	0	ok	254	752	499	0	0	0	ok	307	521	215	0	0	0	ok	1963	2705	743	0	1	0	ok	2357	2690	334	0	2	0	6	yes
PX214759.1	2754	+	itsxrust	confident	1-1473	1474-1579	1580-1737	1738-1925	1474-1925	1926-2754	both_missing						0	ok	232	738	507	0	0	0	ok	232	752	521	0	0	0	ok	254	752	499	0	0	0	ok	307	521	215	0	0	0	ok	1966	2708	743	0	1	0	ok	2360	2693	334	0	1	0	6	yes
PX214760.1	2751	+	itsxrust	confident	1-1473	1474-1577	1578-1735	1736-1917	1474-1917	1918-2751	both_missing						0	ok	232	738	507	0	0	0	ok	232	752	521	0	0	0	ok	254	752	499	0	0	0	ok	307	521	215	0	0	0	ok	1962	2706	745	0	1	0	ok	2356	2690	335	0	3	0	6	yes
PX214761.1	2746	+	itsxrust	confident	1-1472	1473-1578	1579-1736	1737-1919	1473-1919	1920-2746	both_missing						0	ok	232	738	507	0	0	0	ok	232	752	521	0	0	0	ok	254	752	499	0	0	0	ok	307	521	215	0	0	0	ok	1963	2700	738	0	0	0	ok	2355	2685	331	0	1	0	6	yes
PX214762.1	2745	+	itsxrust	confident	1-1472	1473-1580	1581-1738	1739-1918	1473-1918	1919-2745	both_missing						0	ok	232	738	507	0	0	0	ok	232	752	521	0	0	0	ok	254	752	499	0	0	0	ok	307	521	215	0	0	0	ok	1962	2699	738	0	0	0	ok	2354	2684	331	0	0	0	6	yes
PX214763.1	2731	+	itsxrust	confident	1-1472	1473-1574	1575-1732	1733-1912	1473-1912	1913-2731	both_missing						0	ok	232	738	507	0	0	0	ok	232	752	521	0	0	0	ok	254	752	499	0	0	0	ok	307	521	215	0	0	0	ok	1956	2685	730	1	0	0	ok	2348	2670	323	0	0	0	6	yes
PX214764.1	2731	+	itsxrust	confident	1-1472	1473-1574	1575-1732	1733-1912	1473-1912	1913-2731	both_missing						0	ok	232	738	507	0	0	0	ok	232	752	521	0	0	0	ok	254	752	499	0	0	0	ok	307	521	215	0	0	0	ok	1956	2685	730	1	0	0	ok	2348	2670	323	0	0	0	6	yes
PX214765.1	2734	+	itsxrust	confident	1-1472	1473-1577	1578-1735	1736-1915	1473-1915	1916-2734	both_missing						0	ok	232	738	507	0	0	0	ok	232	752	521	0	0	0	ok	254	752	499	0	0	0	ok	307	521	215	0	0	0	ok	1959	2688	730	0	0	0	ok	2351	2673	323	0	0	0	6	yes
PX214766.1	2731	+	itsxrust	confident	1-1472	1473-1574	1575-1732	1733-1912	1473-1912	1913-2731	both_missing						0	ok	232	738	507	0	0	0	ok	232	752	521	0	0	0	ok	254	752	499	0	0	0	ok	307	521	215	0	0	0	ok	1956	2685	730	1	0	0	ok	2348	2670	323	0	0	0	6	yes
PX214767.1	2734	+	itsxrust	confident	1-1472	1473-1577	1578-1735	1736-1915	1473-1915	1916-2734	both_missing						0	ok	232	738	507	0	0	0	ok	232	752	521	0	0	0	ok	254	752	499	0	0	0	ok	307	521	215	0	0	0	ok	1959	2688	730	1	0	0	ok	2351	2673	323	0	0	0	6	yes
PX214768.1	2735	+	itsxrust	confident	1-1472	1473-1574	1575-1732	1733-1914	1473-1914	1915-2735	both_missing						0	ok	232	738	507	0	0	0	ok	232	752	521	0	0	0	ok	254	752	499	0	0	0	ok	307	521	215	0	0	0	ok	1958	2689	732	0	0	0	ok	2352	2674	323	0	1	0	6	yes
PX214769.1	2731	+	itsxrust	confident	1-1472	1473-1574	1575-1732	1733-1912	1473-1912	1913-2731	both_missing						0	ok	232	738	507	0	0	0	ok	232	752	521	0	0	0	ok	254	752	499	0	0	0	ok	307	521	215	0	0	0	ok	1956	2685	730	0	0	0	ok	2348	2670	323	0	1	0	6	yes
PX214770.1	2735	+	itsxrust	confident	1-1472	1473-1578	1579-1736	1737-1917	1473-1917	1918-2735	both_missing						0	ok	232	738	507	0	0	0	ok	232	752	521	0	0	0	ok	254	752	499	0	0	0	ok	307	521	215	0	0	0	ok	1961	2689	729	0	0	0	ok	2353	2674	322	0	1	0	6	yes
PX214771.1	2730	+	itsxrust	confident	1-1472	1473-1572	1573-1730	1731-1910	1473-1910	1911-2730	both_missing						0	ok	232	738	507	0	0	0	ok	232	752	521	0	0	0	ok	254	752	499	0	0	0	ok	307	521	215	0	0	0	ok	1955	2684	730	0	0	0	ok	2347	2669	323	0	1	0	6	yes
PX214772.1	2856	+	itsxrust	confident	1-1469	1470-1678	1679-1836	1837-2028	1470-2028	2029-2856	both_missing						0	ok	232	735	504	0	1	0	ok	232	749	518	0	0	0	ok	254	749	496	0	0	0	ok	307	521	215	0	0	0	ok	2072	2810	739	0	0	0	ok	2465	2795	331	0	1	0	6	yes
PX214773.1	2767	+	itsxrust	confident	1-1472	1473-1574	1575-1733	1734-1939	1473-1939	1940-2767	both_missing						0	ok	232	738	507	0	0	0	ok	232	752	521	0	0	0	ok	254	752	499	0	0	0	ok	307	521	215	0	0	0	ok	1983	2721	739	0	0	0	ok	2375	2706	332	1	0	1	6	yes
PX214774.1	2767	+	itsxrust	confident	1-1472	1473-1575	1576-1734	1735-1940	1473-1940	1941-2767	both_missing						0	ok	232	738	507	0	0	0	ok	232	752	521	0	0	0	ok	254	752	499	0	0	0	ok	307	521	215	0	0	0	ok	1984	2721	738	0	0	0	ok	2375	2706	332	1	0	1	6	yes
PX214775.1	2755	+	itsxrust	confident	1-1470	1471-1574	1575-1725	1726-1926	1471-1926	1927-2755	both_missing						0	ok	232	736	505	0	0	0	ok	232	750	519	0	0	0	ok	254	750	497	0	0	0	ok	307	521	215	0	0	0	ok	1970	2709	740	0	0	0	ok	2363	2694	332	1	0	1	6	yes
PX214776.1	2770	+	itsxrust	confident	1-1473	1474-1579	1580-1731	1732-1943	1474-1943	1944-2770	both_missing						0	ok	232	739	508	0	0	0	ok	232	753	522	0	0	0	ok	254	753	500	0	0	0	ok	307	522	216	0	0	0	ok	1986	2724	739	0	0	0	ok	2378	2709	332	1	0	1	6	yes
PX214777.1	2770	+	itsxrust	confident	1-1473	1474-1579	1580-1731	1732-1943	1474-1943	1944-2770	both_missing						0	ok	232	739	508	0	0	0	ok	232	753	522	0	0	0	ok	254	753	500	0	0	0	ok	307	522	216	0	0	0	ok	1986	2724	739	0	0	0	ok	2378	2709	332	1	0	1	6	yes
PX214778.1	2770	+	itsxrust	confident	1-1473	1474-1579	1580-1731	1732-1943	1474-1943	1944-2770	both_missing						0	ok	232	739	508	0	0	0	ok	232	753	522	0	0	0	ok	254	753	500	0	0	0	ok	307	522	216	0	0	0	ok	1986	2724	739	0	0	0	ok	2378	2709	332	1	0	1	6	yes
PX214779.1	2770	+	itsxrust	confident	1-1473	1474-1579	1580-1731	1732-1943	1474-1943	1944-2770	both_missing						0	ok	232	739	508	0	0	0	ok	232	753	522	0	0	0	ok	254	753	500	0	0	0	ok	307	522	216	0	0	0	ok	1986	2724	739	0	0	0	ok	2378	2709	332	1	0	1	6	yes
PX214780.1	2770	+	itsxrust	confident	1-1473	1474-1579	1580-1731	1732-1943	1474-1943	1944-2770	both_missing						0	ok	232	739	508	0	0	0	ok	232	753	522	0	0	0	ok	254	753	500	0	0	0	ok	307	522	216	0	0	0	ok	1986	2724	739	0	0	0	ok	2378	2709	332	1	0	1	6	yes
PX214781.1	2770	+	itsxrust	confident	1-1473	1474-1579	1580-1731	1732-1943	1474-1943	1944-2770	both_missing						0	ok	232	739	508	0	0	0	ok	232	753	522	0	0	0	ok	254	753	500	0	0	0	ok	307	522	216	0	0	0	ok	1986	2724	739	0	0	0	ok	2378	2709	332	1	0	1	6	yes
PX214782.1	2770	+	itsxrust	confident	1-1473	1474-1579	1580-1731	1732-1943	1474-1943	1944-2770	both_missing						0	ok	232	739	508	0	0	0	ok	232	753	522	0	0	0	ok	254	753	500	0	0	0	ok	307	522	216	0	0	0	ok	1986	2724	739	0	0	0	ok	2378	2709	332	1	0	1	6	yes
PX214783.1	2773	+	itsxrust	confident	1-1473	1474-1579	1580-1731	1732-1946	1474-1946	1947-2773	both_missing						0	ok	232	739	508	0	0	0	ok	232	753	522	0	0	0	ok	254	753	500	0	0	0	ok	307	522	216	0	0	0	ok	1989	2727	739	0	0	0	ok	2381	2712	332	1	0	1	6	yes
PX214784.1	2771	+	itsxrust	confident	1-1473	1474-1580	1581-1732	1733-1945	1474-1945	1946-2771	both_missing						0	ok	232	739	508	0	0	0	ok	232	753	522	0	0	0	ok	254	753	500	0	0	0	ok	307	522	216	0	0	0	ok	1988	2725	738	0	0	0	ok	2380	2710	331	1	0	1	6	yes
PX214785.1	2764	+	itsxrust	confident	1-1473	1474-1581	1582-1737	1738-1937	1474-1937	1938-2764	both_missing						0	ok	232	739	508	0	0	0	ok	232	753	522	0	0	0	ok	254	753	500	0	0	0	ok	307	522	216	0	0	0	ok	1980	2718	739	0	0	0	ok	2372	2703	332	1	0	1	6	yes
PX214786.1	2765	+	itsxrust	confident	1-1473	1474-1582	1583-1738	1739-1938	1474-1938	1939-2765	both_missing						0	ok	232	739	508	0	0	0	ok	232	753	522	0	0	0	ok	254	753	500	0	0	0	ok	307	522	216	0	0	0	ok	1981	2719	739	0	0	0	ok	2373	2704	332	1	0	1	6	yes
PX214787.1	2765	+	itsxrust	confident	1-1473	1474-1582	1583-1738	1739-1938	1474-1938	1939-2765	both_missing						0	ok	232	739	508	0	0	0	ok	232	753	522	0	0	0	ok	254	753	500	0	0	0	ok	307	522	216	0	0	0	ok	1981	2719	739	0	0	0	ok	2373	2704	332	1	0	1	6	yes
PX214788.1	2765	+	itsxrust	confident	1-1473	1474-1582	1583-1738	1739-1938	1474-1938	1939-2765	both_missing						0	ok	232	739	508	0	0	0	ok	232	753	522	0	0	0	ok	254	753	500	0	0	0	ok	307	522	216	0	0	0	ok	1981	2719	739	0	0	0	ok	2373	2704	332	1	0	1	6	yes
PX214789.1	2765	+	itsxrust	confident	1-1473	1474-1582	1583-1738	1739-1938	1474-1938	1939-2765	both_missing						0	ok	232	739	508	0	0	0	ok	232	753	522	0	0	0	ok	254	753	500	0	0	0	ok	307	522	216	0	0	0	ok	1981	2719	739	0	0	0	ok	2373	2704	332	1	0	1	6	yes
PX214790.1	2765	+	itsxrust	confident	1-1473	1474-1582	1583-1738	1739-1938	1474-1938	1939-2765	both_missing						0	ok	232	739	508	0	0	0	ok	232	753	522	0	0	0	ok	254	753	500	0	0	0	ok	307	522	216	0	0	0	ok	1981	2719	739	0	0	0	ok	2373	2704	332	1	0	1	6	yes
PX214791.1	2765	+	itsxrust	confident	1-1473	1474-1582	1583-1738	1739-1938	1474-1938	1939-2765	both_missing						0	ok	232	739	508	0	0	0	ok	232	753	522	0	0	0	ok	254	753	500	0	0	0	ok	307	522	216	0	0	0	ok	1981	2719	739	0	0	0	ok	2373	2704	332	1	0	1	6	yes
PX214792.1	2765	+	itsxrust	confident	1-1473	1474-1582	1583-1738	1739-1938	1474-1938	1939-2765	both_missing						0	ok	232	739	508	0	0	0	ok	232	753	522	0	0	0	ok	254	753	500	0	0	0	ok	307	522	216	0	0	0	ok	1981	2719	739	0	0	0	ok	2373	2704	332	1	0	1	6	yes
PX214793.1	2765	+	itsxrust	confident	1-1473	1474-1582	1583-1738	1739-1938	1474-1938	1939-2765	both_missing						0	ok	232	739	508	0	0	0	ok	232	753	522	0	0	0	ok	254	753	500	0	0	0	ok	307	522	216	0	0	0	ok	1981	2719	739	0	0	0	ok	2373	2704	332	1	0	1	6	yes
PX214794.1	2765	+	itsxrust	confident	1-1473	1474-1582	1583-1738	1739-1938	1474-1938	1939-2765	both_missing						0	ok	232	739	508	0	0	0	ok	232	753	522	0	0	0	ok	254	753	500	0	0	0	ok	307	522	216	0	0	0	ok	1981	2719	739	0	1	0	ok	2373	2704	332	1	0	1	6	yes
PX214795.1	2765	+	itsxrust	confident	1-1473	1474-1582	1583-1738	1739-1938	1474-1938	1939-2765	both_missing						0	ok	232	739	508	0	0	0	ok	232	753	522	0	0	0	ok	254	753	500	0	0	0	ok	307	522	216	0	0	0	ok	1981	2719	739	0	1	0	ok	2373	2704	332	1	0	1	6	yes
PX214796.1	2762	+	itsxrust	confident	1-1473	1474-1579	1580-1735	1736-1935	1474-1935	1936-2762	both_missing						0	ok	232	739	508	0	0	0	ok	232	753	522	0	0	0	ok	254	753	500	0	0	0	ok	307	522	216	0	0	0	ok	1978	2716	739	0	0	0	ok	2370	2701	332	1	0	1	6	yes
PX214797.1	2762	+	itsxrust	confident	1-1473	1474-1578	1579-1734	1735-1935	1474-1935	1936-2762	both_missing						0	ok	232	739	508	0	0	0	ok	232	753	522	0	0	0	ok	254	753	500	0	0	0	ok	307	522	216	0	0	0	ok	1978	2716	739	0	0	0	ok	2370	2701	332	1	0	1	6	yes
PX214798.1	2761	+	itsxrust	confident	1-1473	1474-1580	1581-1736	1737-1934	1474-1934	1935-2761	both_missing						0	ok	232	739	508	0	0	0	ok	232	753	522	0	0	0	ok	254	753	500	0	0	0	ok	307	522	216	0	0	0	ok	1977	2715	739	0	0	0	ok	2369	2700	332	1	0	1	6	yes
PX214799.1	2773	+	itsxrust	confident	1-1473	1474-1581	1582-1738	1739-1946	1474-1946	1947-2773	both_missing						0	ok	232	739	508	0	0	0	ok	232	753	522	0	0	0	ok	254	753	500	0	0	0	ok	307	522	216	0	0	0	ok	1989	2727	739	0	0	0	ok	2381	2712	332	1	0	1	6	yes
PX214800.1	2773	+	itsxrust	confident	1-1473	1474-1581	1582-1738	1739-1946	1474-1946	1947-2773	both_missing						0	ok	232	739	508	0	0	0	ok	232	753	522	0	0	0	ok	254	753	500	0	0	0	ok	307	522	216	0	0	0	ok	1989	2727	739	0	0	0	ok	2381	2712	332	1	0	1	6	yes
PX214801.1	2774	+	itsxrust	confident	1-1473	1474-1582	1583-1740	1741-1947	1474-1947	1948-2774	both_missing						0	ok	232	739	508	0	0	0	ok	232	753	522	0	0	0	ok	254	753	500	0	0	0	ok	307	522	216	0	0	0	ok	1990	2728	739	0	0	0	ok	2382	2713	332	1	0	1	6	yes
PX214802.1	2774	+	itsxrust	confident	1-1473	1474-1582	1583-1740	1741-1947	1474-1947	1948-2774	both_missing						0	ok	232	739	508	0	0	0	ok	232	753	522	0	0	0	ok	254	753	500	0	0	0	ok	307	522	216	0	0	0	ok	1990	2728	739	0	0	0	ok	2382	2713	332	1	0	1	6	yes
PX214803.1	2764	+	itsxrust	confident	1-1473	1474-1579	1580-1736	1737-1937	1474-1937	1938-2764	both_missing						0	ok	232	739	508	0	0	0	ok	232	753	522	0	0	0	ok	254	753	500	0	0	0	ok	307	522	216	0	0	0	ok	1980	2718	739	0	0	0	ok	2372	2703	332	1	0	1	6	yes
PX214804.1	2771	+	itsxrust	confident	1-1473	1474-1579	1580-1736	1737-1945	1474-1945	1946-2771	both_missing						0	ok	232	739	508	0	0	0	ok	232	753	522	0	0	0	ok	254	753	500	0	0	0	ok	307	522	216	0	0	0	ok	1988	2725	738	0	0	0	ok	2380	2710	331	1	0	1	6	yes
PX214805.1	2772	+	itsxrust	confident	1-1473	1474-1581	1582-1738	1739-1946	1474-1946	1947-2772	both_missing						0	ok	232	739	508	0	0	0	ok	232	753	522	0	0	0	ok	254	753	500	0	0	0	ok	307	522	216	0	0	0	ok	1989	2726	738	0	0	0	ok	2381	2711	331	1	0	1	6	yes
PX214806.1	2771	+	itsxrust	confident	1-1473	1474-1580	1581-1738	1739-1944	1474-1944	1945-2771	both_missing						0	ok	232	739	508	0	0	0	ok	232	753	522	0	0	0	ok	254	753	500	0	0	0	ok	307	522	216	0	0	0	ok	1987	2725	739	0	0	0	ok	2380	2710	331	1	0	1	6	yes
PX214807.1	2767	+	itsxrust	confident	1-1473	1474-1582	1583-1738	1739-1940	1474-1940	1941-2767	both_missing						0	ok	232	739	508	0	0	0	ok	232	753	522	0	0	0	ok	254	753	500	0	0	0	ok	307	522	216	0	0	0	ok	1983	2721	739	0	0	0	ok	2376	2706	331	1	0	1	6	yes
PX214808.1	2767	+	itsxrust	confident	1-1473	1474-1582	1583-1738	1739-1940	1474-1940	1941-2767	both_missing						0	ok	232	739	508	0	0	0	ok	232	753	522	0	0	0	ok	254	753	500	0	0	0	ok	307	522	216	0	0	0	ok	1983	2721	739	0	0	0	ok	2376	2706	331	1	0	1	6	yes
PX214809.1	2767	+	itsxrust	confident	1-1473	1474-1582	1583-1738	1739-1940	1474-1940	1941-2767	both_missing						0	ok	232	739	508	0	0	0	ok	232	753	522	0	0	0	ok	254	753	500	0	0	0	ok	307	522	216	0	0	0	ok	1983	2721	739	0	0	0	ok	2376	2706	331	1	0	1	6	yes
PX214810.1	2767	+	itsxrust	confident	1-1473	1474-1582	1583-1738	1739-1940	1474-1940	1941-2767	both_missing						0	ok	232	739	508	0	0	0	ok	232	753	522	0	0	0	ok	254	753	500	0	0	0	ok	307	522	216	0	0	0	ok	1983	2721	739	0	0	0	ok	2376	2706	331	1	0	1	6	yes
PX214811.1	2767	+	itsxrust	confident	1-1473	1474-1582	1583-1738	1739-1940	1474-1940	1941-2767	both_missing						0	ok	232	739	508	0	0	0	ok	232	753	522	0	0	0	ok	254	753	500	0	0	0	ok	307	522	216	0	0	0	ok	1983	2721	739	0	0	0	ok	2376	2706	331	1	0	1	6	yes
PX214812.1	2767	+	itsxrust	confident	1-1473	1474-1582	1583-1738	1739-1940	1474-1940	1941-2767	both_missing						0	ok	232	739	508	0	0	0	ok	232	753	522	0	0	0	ok	254	753	500	0	0	0	ok	307	522	216	0	0	0	ok	1983	2721	739	0	0	0	ok	2376	2706	331	1	0	1	6	yes
PX214813.1	2781	+	itsxrust	confident	1-1473	1474-1585	1586-1742	1743-1955	1474-1955	1956-2781	both_missing						0	ok	232	739	508	0	0	0	ok	232	753	522	0	0	0	ok	254	753	500	0	0	0	ok	307	522	216	0	0	0	ok	1998	2735	738	0	0	0	ok	2390	2720	331	1	0	1	6	yes
PX214814.1	2777	+	itsxrust	confident	1-1473	1474-1581	1582-1738	1739-1951	1474-1951	1952-2777	both_missing						0	ok	232	739	508	0	0	0	ok	232	753	522	0	0	0	ok	254	753	500	0	0	0	ok	307	522	216	0	0	0	ok	1994	2731	738	0	0	0	ok	2386	2716	331	1	0	1	6	yes
PX214815.1	2777	+	itsxrust	confident	1-1473	1474-1581	1582-1738	1739-1951	1474-1951	1952-2777	both_missing						0	ok	232	739	508	0	0	0	ok	232	753	522	0	0	0	ok	254	753	500	0	0	0	ok	307	522	216	0	0	0	ok	1994	2731	738	0	0	0	ok	2386	2716	331	1	0	1	6	yes
PX214816.1	2762	+	itsxrust	confident	1-1473	1474-1580	1581-1732	1733-1936	1474-1936	1937-2762	both_missing						0	ok	232	739	508	0	0	0	ok	232	753	522	0	0	0	ok	254	753	500	0	0	0	ok	307	522	216	0	0	0	ok	1979	2716	738	0	0	0	ok	2371	2701	331	1	0	1	6	yes
PX214817.1	2762	+	itsxrust	confident	1-1473	1474-1580	1581-1732	1733-1936	1474-1936	1937-2762	both_missing						0	ok	232	739	508	0	0	0	ok	232	753	522	0	0	0	ok	254	753	500	0	0	0	ok	307	522	216	0	0	0	ok	1979	2716	738	0	0	0	ok	2371	2701	331	1	0	1	6	yes
PX214818.1	2765	+	itsxrust	confident	1-1473	1474-1583	1584-1740	1741-1941	1474-1941	1942-2765	both_missing						0	ok	232	739	508	0	0	0	ok	232	753	522	0	0	0	ok	254	753	500	0	0	0	ok	307	522	216	0	0	0	ok	1984	2719	736	0	0	0	ok	2375	2704	330	1	0	1	6	yes
PX214819.1	2763	+	itsxrust	confident	1-1473	1474-1580	1581-1737	1738-1939	1474-1939	1940-2763	both_missing						0	ok	232	739	508	0	0	0	ok	232	753	522	0	0	0	ok	254	753	500	0	0	0	ok	307	522	216	0	0	0	ok	1982	2717	736	0	0	0	ok	2373	2702	330	1	0	1	6	yes
PX214820.1	2763	+	itsxrust	confident	1-1473	1474-1580	1581-1737	1738-1939	1474-1939	1940-2763	both_missing						0	ok	232	739	508	0	0	0	ok	232	753	522	0	0	0	ok	254	753	500	0	0	0	ok	307	522	216	0	0	0	ok	1982	2717	736	0	0	0	ok	2373	2702	330	1	0	1	6	yes
PX214821.1	2773	+	itsxrust	confident	1-1473	1474-1585	1586-1742	1743-1949	1474-1949	1950-2773	both_missing						0	ok	232	739	508	1	0	0	ok	232	753	522	1	0	0	ok	254	753	500	0	0	0	ok	307	522	216	0	0	0	ok	1992	2727	736	0	0	0	ok	2383	2712	330	1	0	1	6	yes
PX214822.1	2774	+	itsxrust	confident	1-1473	1474-1585	1586-1742	1743-1950	1474-1950	1951-2774	both_missing						0	ok	232	739	508	0	0	0	ok	232	753	522	0	0	0	ok	254	753	500	0	0	0	ok	307	522	216	0	0	0	ok	1993	2728	736	0	0	0	ok	2384	2713	330	1	0	1	6	yes
PX214823.1	2762	+	itsxrust	confident	1-1473	1474-1585	1586-1742	1743-1949	1474-1949	1950-2762	both_missing						0	ok	232	739	508	0	0	0	ok	232	753	522	0	0	0	ok	254	753	500	0	0	0	ok	307	522	216	0	0	0	ok	1992	2716	725	0	0	0	ok	2372	2701	330	1	0	1	6	yes
PX214824.1	2769	+	itsxrust	confident	1-1473	1474-1579	1580-1736	1737-1945	1474-1945	1946-2769	both_missing						0	ok	232	739	508	0	0	0	ok	232	753	522	0	0	0	ok	254	753	500	0	0	0	ok	307	522	216	0	0	0	ok	1988	2723	736	0	0	0	ok	2379	2708	330	1	0	1	6	yes
PX214825.1	2756	+	itsxrust	confident	1-1473	1474-1575	1576-1732	1733-1932	1474-1932	1933-2756	both_missing						0	ok	232	739	508	0	0	0	ok	232	753	522	0	0	0	ok	254	753	500	0	0	0	ok	307	522	216	0	0	0	ok	1975	2710	736	0	0	0	ok	2366	2695	330	1	0	1	6	yes
PX214826.1	2763	+	itsxrust	confident	1-1473	1474-1577	1578-1734	1735-1939	1474-1939	1940-2763	both_missing						0	ok	232	739	508	0	0	0	ok	232	753	522	0	0	0	ok	254	753	500	0	0	0	ok	307	522	216	0	0	0	ok	1982	2717	736	0	0	0	ok	2373	2702	330	1	0	1	6	yes
PX214827.1	2768	+	itsxrust	confident	1-1473	1474-1584	1585-1741	1742-1944	1474-1944	1945-2768	both_missing						0	ok	232	739	508	0	0	0	ok	232	753	522	0	0	0	ok	254	753	500	0	0	0	ok	307	522	216	0	0	0	ok	1987	2722	736	0	0	0	ok	2378	2707	330	1	0	1	6	yes
PX214828.1	2769	+	itsxrust	confident	1-1473	1474-1584	1585-1741	1742-1945	1474-1945	1946-2769	both_missing						0	ok	232	739	508	0	0	0	ok	232	753	522	0	0	0	ok	254	753	500	0	0	0	ok	307	522	216	0	0	0	ok	1988	2723	736	0	0	0	ok	2379	2708	330	1	0	1	6	yes
PX214829.1	2770	+	itsxrust	confident	1-1473	1474-1584	1585-1741	1742-1946	1474-1946	1947-2770	both_missing						0	ok	232	739	508	0	0	0	ok	232	753	522	0	0	0	ok	254	753	500	0	0	0	ok	307	522	216	0	0	0	ok	1989	2724	736	0	0	0	ok	2380	2709	330	1	0	1	6	yes
PX214830.1	2770	+	itsxrust	confident	1-1473	1474-1585	1586-1742	1743-1946	1474-1946	1947-2770	both_missing						0	ok	232	739	508	0	0	0	ok	232	753	522	0	0	0	ok	254	753	500	0	0	0	ok	307	522	216	0	0	0	ok	1989	2724	736	0	0	0	ok	2380	2709	330	1	0	1	6	yes
PX214831.1	2766	+	itsxrust	confident	1-1473	1474-1583	1584-1740	1741-1942	1474-1942	1943-2766	both_missing						0	ok	232	739	508	0	0	0	ok	232	753	522	0	0	0	ok	254	753	500	0	0	0	ok	307	522	216	0	0	0	ok	1985	2720	736	0	0	0	ok	2376	2705	330	1	0	1	6	yes
PX214832.1	2760	+	itsxrust	confident	1-1473	1474-1573	1574-1730	1731-1936	1474-1936	1937-2760	both_missing						0	ok	232	739	508	0	0	0	ok	232	753	522	0	0	0	ok	254	753	500	0	0	0	ok	307	522	216	0	0	0	ok	1979	2714	736	0	0	0	ok	2370	2699	330	1	0	1	6	yes
PX214833.1	2767	+	itsxrust	confident	1-1473	1474-1583	1584-1740	1741-1942	1474-1942	1943-2767	both_missing						0	ok	232	739	508	0	0	0	ok	232	753	522	0	0	0	ok	254	753	500	0	0	0	ok	307	522	216	0	0	0	ok	1985	2721	737	0	0	0	ok	2377	2706	330	1	0	1	6	yes
PX214834.1	2768	+	itsxrust	confident	1-1473	1474-1583	1584-1740	1741-1943	1474-1943	1944-2768	both_missing						0	ok	232	739	508	0	0	0	ok	232	753	522	0	0	0	ok	254	753	500	0	0	0	ok	307	522	216	0	0	0	ok	1986	2722	737	0	0	0	ok	2378	2707	330	1	0	1	6	yes
PX214835.1	2764	+	itsxrust	confident	1-1473	1474-1581	1582-1738	1739-1940	1474-1940	1941-2764	both_missing						0	ok	232	739	508	0	0	0	ok	232	753	522	0	0	0	ok	254	753	500	0	0	0	ok	307	522	216	0	0	0	ok	1983	2718	736	0	0	0	ok	2374	2703	330	1	0	1	6	yes
PX214836.1	2758	+	itsxrust	confident	1-1473	1474-1578	1579-1734	1735-1932	1474-1932	1933-2758	both_missing						0	ok	232	739	508	0	0	0	ok	232	753	522	0	0	0	ok	254	753	500	0	0	0	ok	307	522	216	0	0	0	ok	1975	2712	738	0	0	0	ok	2368	2697	330	1	0	1	6	yes
PX214837.1	2763	+	itsxrust	confident	1-1472	1473-1582	1583-1739	1740-1937	1473-1937	1938-2763	both_missing						0	ok	232	739	508	0	0	0	ok	232	753	522	0	0	0	ok	254	753	500	0	0	0	ok	307	522	216	0	0	0	ok	1980	2717	738	0	0	0	ok	2373	2702	330	1	0	1	6	yes
PX214838.1	2763	+	itsxrust	confident	1-1472	1473-1584	1585-1741	1742-1937	1473-1937	1938-2763	both_missing						0	ok	232	739	508	0	0	0	ok	232	753	522	0	0	0	ok	254	753	500	0	0	0	ok	307	522	216	0	0	0	ok	1980	2717	738	0	1	0	ok	2373	2702	330	1	0	1	6	yes
PX214839.1	2768	+	itsxrust	confident	1-1472	1473-1584	1585-1741	1742-1940	1473-1940	1941-2768	both_missing						0	ok	232	739	508	0	0	0	ok	232	753	522	0	0	0	ok	254	753	500	0	0	0	ok	307	522	216	0	0	0	ok	1983	2722	740	0	0	0	ok	2376	2707	332	1	0	1	6	yes
PX214840.1	2764	+	itsxrust	confident	1-1473	1474-1580	1581-1737	1738-1938	1474-1938	1939-2764	both_missing						0	ok	232	739	508	0	0	0	ok	232	753	522	0	0	0	ok	254	753	500	0	0	0	ok	307	522	216	0	0	0	ok	1981	2718	738	0	0	0	ok	2374	2703	330	1	0	1	6	yes
PX214841.1	2753	+	itsxrust	confident	1-1473	1474-1576	1577-1727	1728-1926	1474-1926	1927-2753	both_missing						0	ok	232	739	508	0	0	0	ok	232	753	522	0	0	0	ok	254	753	500	0	0	0	ok	307	522	216	0	0	0	ok	1969	2707	739	0	0	0	ok	2362	2692	331	1	0	1	6	yes
PX214842.1	2764	+	itsxrust	confident	1-1473	1474-1578	1579-1730	1731-1940	1474-1940	1941-2764	both_missing						0	ok	232	739	508	0	0	0	ok	232	753	522	0	0	0	ok	254	753	500	0	0	0	ok	307	522	216	0	0	0	ok	1983	2718	736	0	0	0	ok	2374	2703	330	1	0	1	6	yes
PX214843.1	2771	+	itsxrust	confident	1-1473	1474-1580	1581-1732	1733-1947	1474-1947	1948-2771	both_missing						0	ok	232	739	508	0	0	0	ok	232	753	522	0	0	0	ok	254	753	500	0	0	0	ok	307	522	216	0	0	0	ok	1990	2725	736	0	0	0	ok	2381	2710	330	1	0	1	6	yes
PX214844.1	2770	+	itsxrust	confident	1-1473	1474-1579	1580-1731	1732-1944	1474-1944	1945-2770	both_missing						0	ok	232	739	508	0	0	0	ok	232	753	522	0	0	0	ok	254	753	500	0	0	0	ok	307	522	216	0	0	0	ok	1987	2724	738	0	0	0	ok	2379	2709	331	1	0	1	6	yes
PX214845.1	2766	+	itsxrust	confident	1-1473	1474-1575	1576-1727	1728-1940	1474-1940	1941-2766	both_missing						0	ok	232	739	508	0	0	0	ok	232	753	522	0	0	0	ok	254	753	500	0	0	0	ok	307	522	216	0	0	0	ok	1983	2720	738	0	0	0	ok	2375	2705	331	1	0	1	6	yes
PX214846.1	2766	+	itsxrust	confident	1-1473	1474-1575	1576-1727	1728-1940	1474-1940	1941-2766	both_missing						0	ok	232	739	508	0	0	0	ok	232	753	522	0	0	0	ok	254	753	500	0	0	0	ok	307	522	216	0	0	0	ok	1983	2720	738	0	0	0	ok	2375	2705	331	1	0	1	6	yes
PX214847.1	2764	+	itsxrust	confident	1-1472	1473-1576	1577-1727	1728-1939	1473-1939	1940-2764	both_missing						0	ok	232	739	508	0	0	0	ok	232	753	522	0	0	0	ok	254	753	500	0	0	0	ok	307	522	216	0	0	0	ok	1982	2718	737	0	0	0	ok	2374	2703	330	2	0	1	6	yes
PX214848.1	2764	+	itsxrust	confident	1-1473	1474-1576	1577-1727	1728-1939	1474-1939	1940-2764	both_missing						0	ok	232	739	508	0	0	0	ok	232	753	522	0	0	0	ok	254	753	500	0	0	0	ok	307	522	216	0	0	0	ok	1982	2718	737	0	0	0	ok	2374	2703	330	2	0	1	6	yes
PX214849.1	2761	+	itsxrust	confident	1-1472	1473-1573	1574-1724	1725-1936	1473-1936	1937-2761	both_missing						0	ok	232	739	508	0	0	0	ok	232	753	522	0	0	0	ok	254	753	500	0	0	0	ok	307	522	216	0	0	0	ok	1979	2715	737	0	0	0	ok	2371	2700	330	1	0	1	6	yes
PX214850.1	2761	+	itsxrust	confident	1-1472	1473-1573	1574-1724	1725-1936	1473-1936	1937-2761	both_missing						0	ok	232	739	508	0	0	0	ok	232	753	522	0	0	0	ok	254	753	500	0	0	0	ok	307	522	216	0	0	0	ok	1979	2715	737	0	0	0	ok	2371	2700	330	1	0	1	6	yes
PX214851.1	2761	+	itsxrust	confident	1-1472	1473-1573	1574-1724	1725-1936	1473-1936	1937-2761	both_missing						0	ok	232	739	508	0	0	0	ok	232	753	522	0	0	0	ok	254	753	500	0	0	0	ok	307	522	216	0	0	0	ok	1979	2715	737	0	0	0	ok	2371	2700	330	1	0	1	6	yes
PX214852.1	2762	+	itsxrust	confident	1-1473	1474-1574	1575-1725	1726-1937	1474-1937	1938-2762	both_missing						0	ok	232	739	508	0	0	0	ok	232	753	522	0	0	0	ok	254	753	500	0	0	0	ok	307	522	216	0	0	0	ok	1980	2716	737	0	0	0	ok	2372	2701	330	1	0	1	6	yes
PX214853.1	2760	+	itsxrust	confident	1-1471	1472-1572	1573-1723	1724-1935	1472-1935	1936-2760	both_missing						0	ok	232	739	508	0	0	0	ok	232	753	522	0	0	0	ok	254	753	500	0	0	0	ok	307	522	216	0	0	0	ok	1978	2714	737	0	0	0	ok	2370	2699	330	1	0	1	6	yes
PX214854.1	2764	+	itsxrust	confident	1-1472	1473-1578	1579-1729	1730-1941	1473-1941	1942-2764	both_missing						0	ok	232	739	508	0	0	0	ok	232	753	522	0	0	0	ok	254	753	500	0	0	0	ok	307	522	216	0	0	0	ok	1984	2718	735	0	0	0	ok	2375	2703	329	1	0	1	6	yes
PX214855.1	2772	+	itsxrust	confident	1-1472	1473-1584	1585-1735	1736-1948	1473-1948	1949-2772	both_missing						0	ok	232	739	508	0	0	0	ok	232	753	522	0	0	0	ok	254	753	500	0	0	0	ok	307	522	216	0	0	0	ok	1991	2726	736	0	0	0	ok	2382	2711	330	1	0	1	6	yes
PX214856.1	2766	+	itsxrust	confident	1-1473	1474-1578	1579-1736	1737-1941	1474-1941	1942-2766	both_missing						0	ok	232	739	508	0	0	0	ok	232	753	522	0	0	0	ok	254	753	500	0	0	0	ok	307	522	216	0	0	0	ok	1984	2720	737	0	0	0	ok	2376	2705	330	1	0	1	6	yes
PX214857.1	2766	+	itsxrust	confident	1-1473	1474-1578	1579-1736	1737-1941	1474-1941	1942-2766	both_missing						0	ok	232	739	508	0	0	0	ok	232	753	522	0	0	0	ok	254	753	500	0	0	0	ok	307	522	216	0	0	0	ok	1984	2720	737	0	0	0	ok	2376	2705	330	1	0	1	6	yes
PX214858.1	2767	+	itsxrust	confident	1-1473	1474-1581	1582-1739	1740-1941	1474-1941	1942-2767	both_missing						0	ok	232	739	508	0	0	0	ok	232	753	522	0	0	0	ok	254	753	500	0	0	0	ok	307	522	216	0	0	0	ok	1984	2721	738	0	0	0	ok	2376	2706	331	1	0	1	6	yes
PX214859.1	2766	+	itsxrust	confident	1-1473	1474-1581	1582-1739	1740-1941	1474-1941	1942-2766	both_missing						0	ok	232	739	508	0	0	0	ok	232	753	522	0	0	0	ok	254	753	500	0	0	0	ok	307	522	216	0	0	0	ok	1984	2720	737	0	0	0	ok	2376	2705	330	1	0	1	6	yes
PX214860.1	2770	+	itsxrust	confident	1-1473	1474-1581	1582-1739	1740-1945	1474-1945	1946-2770	both_missing						0	ok	232	739	508	0	0	0	ok	232	753	522	0	0	0	ok	254	753	500	0	0	0	ok	307	522	216	0	0	0	ok	1988	2724	737	0	0	0	ok	2380	2709	330	1	0	1	6	yes
PX214861.1	2770	+	itsxrust	confident	1-1473	1474-1581	1582-1739	1740-1945	1474-1945	1946-2770	both_missing						0	ok	232	739	508	0	0	0	ok	232	753	522	0	0	0	ok	254	753	500	0	0	0	ok	307	522	216	0	0	0	ok	1988	2724	737	0	0	0	ok	2380	2709	330	1	0	1	6	yes
PX214862.1	2768	+	itsxrust	confident	1-1473	1474-1578	1579-1736	1737-1943	1474-1943	1944-2768	both_missing						0	ok	232	739	508	0	0	0	ok	232	753	522	0	0	0	ok	254	753	500	0	0	0	ok	307	522	216	0	0	0	ok	1986	2722	737	0	0	0	ok	2378	2707	330	1	0	1	6	yes
PX214863.1	2765	+	itsxrust	confident	1-1473	1474-1582	1583-1734	1735-1941	1474-1941	1942-2765	both_missing						0	ok	232	739	508	0	0	0	ok	232	753	522	0	0	0	ok	254	753	500	0	0	0	ok	307	522	216	0	0	0	ok	1984	2719	736	0	0	0	ok	2376	2704	329	1	0	1	6	yes
PX214864.1	2765	+	itsxrust	confident	1-1473	1474-1582	1583-1734	1735-1941	1474-1941	1942-2765	both_missing						0	ok	232	739	508	0	0	0	ok	232	753	522	0	0	0	ok	254	753	500	0	0	0	ok	307	522	216	0	0	0	ok	1984	2719	736	0	0	0	ok	2376	2704	329	1	0	1	6	yes
PX214865.1	2772	+	itsxrust	confident	1-1473	1474-1583	1584-1735	1736-1948	1474-1948	1949-2772	both_missing						0	ok	232	739	508	0	0	0	ok	232	753	522	0	0	0	ok	254	753	500	0	0	0	ok	307	522	216	0	0	0	ok	1991	2726	736	0	0	0	ok	2383	2711	329	1	0	1	6	yes
PX214866.1	2761	+	itsxrust	confident	1-1473	1474-1580	1581-1737	1738-1937	1474-1937	1938-2761	both_missing						0	ok	232	739	508	0	0	0	ok	232	753	522	0	0	0	ok	254	753	500	0	0	0	ok	307	522	216	0	0	0	ok	1980	2715	736	0	0	0	ok	2371	2700	330	1	0	1	6	yes
PX214867.1	2761	+	itsxrust	confident	1-1473	1474-1580	1581-1737	1738-1937	1474-1937	1938-2761	both_missing						0	ok	232	739	508	0	0	0	ok	232	753	522	0	0	0	ok	254	753	500	0	0	0	ok	307	522	216	0	0	0	ok	1980	2715	736	0	0	0	ok	2371	2700	330	1	0	1	6	yes
PX214868.1	2763	+	itsxrust	confident	1-1473	1474-1580	1581-1737	1738-1939	1474-1939	1940-2763	both_missing						0	ok	232	739	508	0	0	0	ok	232	753	522	0	0	0	ok	254	753	500	0	0	0	ok	307	522	216	0	0	0	ok	1982	2717	736	0	0	0	ok	2373	2702	330	1	0	1	6	yes
PX214869.1	2765	+	itsxrust	confident	1-1473	1474-1580	1581-1737	1738-1941	1474-1941	1942-2765	both_missing						0	ok	232	739	508	0	0	0	ok	232	753	522	0	0	0	ok	254	753	500	0	0	0	ok	307	522	216	0	0	0	ok	1984	2719	736	0	0	0	ok	2375	2704	330	1	0	1	6	yes
PX214870.1	2754	+	itsxrust	confident	1-1473	1474-1574	1575-1726	1727-1931	1474-1931	1932-2754	both_missing						0	ok	232	739	508	0	0	0	ok	232	753	522	0	0	0	ok	254	753	500	0	0	0	ok	307	522	216	0	0	0	ok	1974	2708	735	0	0	0	ok	2365	2693	329	1	0	1	6	yes
PX214871.1	2782	+	itsxrust	confident	1-1473	1474-1589	1590-1746	1747-1956	1474-1956	1957-2782	both_missing						0	ok	232	739	508	0	0	0	ok	232	753	522	0	0	0	ok	254	753	500	0	0	0	ok	307	522	216	0	0	0	ok	1999	2736	738	0	0	0	ok	2390	2721	332	2	0	1	6	yes
PX214872.1	2782	+	itsxrust	confident	1-1473	1474-1589	1590-1746	1747-1956	1474-1956	1957-2782	both_missing						0	ok	232	739	508	0	0	0	ok	232	753	522	0	0	0	ok	254	753	500	0	0	0	ok	307	522	216	0	0	0	ok	1999	2736	738	0	0	0	ok	2390	2721	332	2	0	1	6	yes
PX214873.1	2779	+	itsxrust	confident	1-1473	1474-1586	1587-1743	1744-1953	1474-1953	1954-2779	both_missing						0	ok	232	739	508	0	0	0	ok	232	753	522	0	0	0	ok	254	753	500	0	0	0	ok	307	522	216	0	0	0	ok	1996	2733	738	0	0	0	ok	2387	2718	332	2	0	1	6	yes
PX214874.1	2780	+	itsxrust	confident	1-1473	1474-1588	1589-1745	1746-1955	1474-1955	1956-2780	both_missing						0	ok	232	739	508	0	0	0	ok	232	753	522	0	0	0	ok	254	753	500	0	0	0	ok	307	522	216	0	0	0	ok	1998	2734	737	0	0	0	ok	2389	2719	331	2	0	1	6	yes
PX214875.1	2780	+	itsxrust	confident	1-1473	1474-1588	1589-1745	1746-1955	1474-1955	1956-2780	both_missing						0	ok	232	739	508	0	0	0	ok	232	753	522	0	0	0	ok	254	753	500	0	0	0	ok	307	522	216	0	0	0	ok	1998	2734	737	0	0	0	ok	2389	2719	331	2	0	1	6	yes
PX214876.1	2782	+	itsxrust	confident	1-1473	1474-1590	1591-1747	1748-1957	1474-1957	1958-2782	both_missing						0	ok	232	739	508	0	0	0	ok	232	753	522	0	0	0	ok	254	753	500	0	0	0	ok	307	522	216	0	0	0	ok	2000	2736	737	0	0	0	ok	2391	2721	331	2	0	1	6	yes
PX214877.1	2793	+	itsxrust	confident	1-1473	1474-1589	1590-1746	1747-1966	1474-1966	1967-2793	both_missing						0	ok	232	739	508	0	0	0	ok	232	753	522	0	0	0	ok	254	753	500	0	0	0	ok	307	522	216	0	0	0	ok	2009	2747	739	0	0	0	ok	2400	2732	333	2	0	1	6	yes
PX214878.1	2793	+	itsxrust	confident	1-1473	1474-1589	1590-1746	1747-1966	1474-1966	1967-2793	both_missing						0	ok	232	739	508	0	0	0	ok	232	753	522	0	0	0	ok	254	753	500	0	0	0	ok	307	522	216	0	0	0	ok	2009	2747	739	0	0	0	ok	2400	2732	333	2	0	1	6	yes
PX214879.1	2791	+	itsxrust	confident	1-1473	1474-1589	1590-1746	1747-1966	1474-1966	1967-2791	both_missing						0	ok	232	739	508	0	0	0	ok	232	753	522	0	0	0	ok	254	753	500	0	0	0	ok	307	522	216	0	0	0	ok	2009	2745	737	0	0	0	ok	2400	2730	331	2	0	1	6	yes
PX214880.1	2749	+	itsxrust	confident	1-1471	1472-1578	1579-1729	1730-1929	1472-1929	1930-2749	both_missing						0	ok	232	737	506	0	0	0	ok	232	751	520	0	0	0	ok	254	751	498	0	0	0	ok	307	522	216	0	0	0	ok	1971	2703	733	0	0	0	ok	2362	2688	327	1	0	0	6	yes
PX214881.1	2750	+	itsxrust	confident	1-1471	1472-1578	1579-1729	1730-1929	1472-1929	1930-2750	both_missing						0	ok	232	737	506	0	0	0	ok	232	751	520	0	0	0	ok	254	751	498	0	0	0	ok	307	522	216	0	0	0	ok	1971	2704	734	0	0	0	ok	2362	2689	328	1	0	0	6	yes
PX214882.1	2749	+	itsxrust	confident	1-1471	1472-1577	1578-1728	1729-1928	1472-1928	1929-2749	both_missing						0	ok	232	737	506	0	0	0	ok	232	751	520	0	0	0	ok	254	751	498	0	0	0	ok	307	522	216	0	0	0	ok	1970	2703	734	0	0	0	ok	2361	2688	328	1	0	0	6	yes
PX214883.1	2749	+	itsxrust	confident	1-1471	1472-1577	1578-1728	1729-1928	1472-1928	1929-2749	both_missing						0	ok	232	737	506	0	0	0	ok	232	751	520	0	0	0	ok	254	751	498	0	0	0	ok	307	522	216	0	0	0	ok	1970	2703	734	0	0	0	ok	2361	2688	328	1	0	0	6	yes
PX214884.1	2749	+	itsxrust	confident	1-1471	1472-1577	1578-1728	1729-1928	1472-1928	1929-2749	both_missing						0	ok	232	737	506	0	0	0	ok	232	751	520	0	0	0	ok	254	751	498	0	0	0	ok	307	522	216	0	0	0	ok	1970	2703	734	0	0	0	ok	2361	2688	328	1	0	0	6	yes
PX214885.1	2749	+	itsxrust	confident	1-1471	1472-1577	1578-1728	1729-1928	1472-1928	1929-2749	both_missing						0	ok	232	737	506	0	0	0	ok	232	751	520	0	0	0	ok	254	751	498	0	0	0	ok	307	522	216	0	0	0	ok	1970	2703	734	0	0	0	ok	2361	2688	328	1	0	0	6	yes
PX214886.1	2749	+	itsxrust	confident	1-1471	1472-1578	1579-1729	1730-1926	1472-1926	1927-2749	both_missing						0	ok	232	737	506	0	0	0	ok	232	751	520	0	0	0	ok	254	751	498	0	0	0	ok	307	522	216	0	0	0	ok	1970	2703	734	0	0	0	ok	2360	2688	329	2	0	1	6	yes
PX214887.1	2752	+	itsxrust	confident	1-1471	1472-1578	1579-1730	1731-1929	1472-1929	1930-2752	both_missing						0	ok	232	737	506	0	0	0	ok	232	751	520	0	0	0	ok	254	751	498	0	0	0	ok	307	522	216	1	0	0	ok	1971	2706	736	0	0	0	ok	2362	2691	330	1	0	0	6	yes
PX214888.1	2752	+	itsxrust	confident	1-1471	1472-1578	1579-1729	1730-1929	1472-1929	1930-2752	both_missing						0	ok	232	737	506	0	0	0	ok	232	751	520	0	0	0	ok	254	751	498	0	0	0	ok	307	522	216	0	0	0	ok	1971	2706	736	0	0	0	ok	2362	2691	330	1	0	0	6	yes
PX214889.1	2746	+	itsxrust	confident	1-1471	1472-1578	1579-1730	1731-1925	1472-1925	1926-2746	both_missing						0	ok	232	737	506	0	0	0	ok	232	751	520	0	0	0	ok	254	751	498	0	0	0	ok	307	522	216	0	0	0	ok	1967	2700	734	0	0	0	ok	2358	2685	328	1	0	0	6	yes
PX214890.1	2746	+	itsxrust	confident	1-1471	1472-1578	1579-1730	1731-1925	1472-1925	1926-2746	both_missing						0	ok	232	737	506	0	0	0	ok	232	751	520	0	0	0	ok	254	751	498	0	0	0	ok	307	522	216	0	0	0	ok	1967	2700	734	0	0	0	ok	2358	2685	328	1	0	0	6	yes
PX214891.1	2748	+	itsxrust	confident	1-1471	1472-1576	1577-1727	1728-1927	1472-1927	1928-2748	both_missing						0	ok	232	737	506	0	0	0	ok	232	751	520	0	0	0	ok	254	751	498	0	0	0	ok	307	522	216	0	0	0	ok	1969	2702	734	0	0	0	ok	2360	2687	328	1	0	0	6	yes
PX214892.1	2750	+	itsxrust	confident	1-1471	1472-1576	1577-1727	1728-1927	1472-1927	1928-2750	both_missing						0	ok	232	737	506	0	0	0	ok	232	751	520	0	0	0	ok	254	751	498	0	0	0	ok	307	522	216	0	0	0	ok	1969	2704	736	0	0	0	ok	2360	2689	330	1	0	0	6	yes
PX214893.1	2741	+	itsxrust	confident	1-1471	1472-1577	1578-1729	1730-1918	1472-1918	1919-2741	both_missing						0	ok	232	737	506	0	0	0	ok	232	751	520	0	0	0	ok	254	751	498	0	0	0	ok	307	522	216	0	0	0	ok	1962	2695	734	0	0	0	ok	2353	2680	328	1	0	0	6	yes
PX214894.1	2747	+	itsxrust	confident	1-1471	1472-1578	1579-1729	1730-1926	1472-1926	1927-2747	both_missing						0	ok	232	737	506	0	0	0	ok	232	751	520	0	0	0	ok	254	751	498	0	0	0	ok	307	522	216	0	0	0	ok	1968	2701	734	0	0	0	ok	2359	2686	328	1	0	0	6	yes
PX214895.1	2747	+	itsxrust	confident	1-1471	1472-1578	1579-1729	1730-1926	1472-1926	1927-2747	both_missing						0	ok	232	737	506	0	0	0	ok	232	751	520	0	0	0	ok	254	751	498	0	0	0	ok	307	522	216	0	0	0	ok	1968	2701	734	0	0	0	ok	2359	2686	328	1	0	0	6	yes
PX214896.1	2746	+	itsxrust	confident	1-1471	1472-1577	1578-1728	1729-1924	1472-1924	1925-2746	both_missing						0	ok	232	737	506	0	0	0	ok	232	751	520	0	0	0	ok	254	751	498	0	0	0	ok	307	522	216	0	0	0	ok	1967	2700	734	0	0	0	ok	2358	2685	328	1	0	0	6	yes
PX214897.1	2745	+	itsxrust	confident	1-1471	1472-1576	1577-1727	1728-1924	1472-1924	1925-2745	both_missing						0	ok	232	737	506	0	0	0	ok	232	751	520	0	0	0	ok	254	751	498	0	0	0	ok	307	522	216	0	0	0	ok	1966	2699	734	0	0	0	ok	2357	2684	328	1	0	0	6	yes
PX214898.1	2745	+	itsxrust	confident	1-1471	1472-1576	1577-1728	1729-1925	1472-1925	1926-2745	both_missing						0	ok	232	737	506	0	0	0	ok	232	751	520	0	0	0	ok	254	751	498	0	0	0	ok	307	522	216	0	0	0	ok	1967	2699	733	0	0	0	ok	2358	2684	327	1	0	0	6	yes
PX214899.1	2742	+	itsxrust	confident	1-1471	1472-1576	1577-1728	1729-1921	1472-1921	1922-2742	both_missing						0	ok	232	737	506	0	0	0	ok	232	751	520	0	0	0	ok	254	751	498	0	0	0	ok	307	522	216	0	0	0	ok	1963	2696	734	0	0	0	ok	2354	2681	328	1	0	0	6	yes
PX214900.1	2740	+	itsxrust	confident	1-1471	1472-1576	1577-1727	1728-1917	1472-1917	1918-2740	both_missing						0	ok	232	737	506	0	0	0	ok	232	751	520	0	0	0	ok	254	751	498	0	0	0	ok	307	522	216	0	0	0	ok	1961	2694	734	0	0	0	ok	2352	2679	328	1	0	0	6	yes
PX214901.1	2739	+	itsxrust	confident	1-1471	1472-1576	1577-1728	1729-1914	1472-1914	1915-2739	both_missing						0	ok	232	737	506	0	0	0	ok	232	751	520	0	0	0	ok	254	751	498	0	0	0	ok	307	522	216	0	0	0	ok	1958	2693	736	0	0	0	ok	2349	2678	330	1	0	0	6	yes
PX214902.1	2738	+	itsxrust	confident	1-1471	1472-1576	1577-1728	1729-1915	1472-1915	1916-2738	both_missing						0	ok	232	737	506	0	0	0	ok	232	751	520	0	0	0	ok	254	751	498	0	0	0	ok	307	522	216	0	0	0	ok	1959	2692	734	0	0	0	ok	2350	2677	328	1	0	0	6	yes
PX214903.1	2747	+	itsxrust	confident	1-1471	1472-1577	1578-1728	1729-1926	1472-1926	1927-2747	both_missing						0	ok	232	737	506	0	0	0	ok	232	751	520	0	0	0	ok	254	751	498	0	0	0	ok	307	522	216	0	0	0	ok	1968	2701	734	0	0	0	ok	2359	2686	328	1	0	0	6	yes
PX214904.1	2747	+	itsxrust	confident	1-1471	1472-1578	1579-1730	1731-1926	1472-1926	1927-2747	both_missing						0	ok	232	737	506	0	0	0	ok	232	751	520	0	0	0	ok	254	751	498	0	0	0	ok	307	522	216	0	0	0	ok	1968	2701	734	0	0	0	ok	2359	2686	328	1	0	0	6	yes
PX214905.1	2749	+	itsxrust	confident	1-1471	1472-1579	1580-1730	1731-1919	1472-1919	1920-2749	both_missing						0	ok	232	737	506	0	0	0	ok	232	751	520	0	0	0	ok	254	751	498	0	0	0	ok	307	522	216	0	0	0	ok	1968	2703	736	0	0	0	ok	2359	2688	330	1	0	0	6	yes
PX214906.1	2745	+	itsxrust	confident	1-1471	1472-1578	1579-1729	1730-1922	1472-1922	1923-2745	both_missing						0	ok	232	737	506	0	0	0	ok	232	751	520	0	0	0	ok	254	751	498	0	0	0	ok	307	522	216	0	0	0	ok	1964	2699	736	0	0	0	ok	2354	2684	331	2	0	1	6	yes
PX214907.1	2743	+	itsxrust	confident	1-1471	1472-1576	1577-1728	1729-1920	1472-1920	1921-2743	both_missing						0	ok	232	737	506	0	0	0	ok	232	751	520	0	0	0	ok	254	751	498	0	0	0	ok	307	522	216	0	0	0	ok	1962	2697	736	0	0	0	ok	2352	2682	331	2	0	1	6	yes
PX214908.1	2744	+	itsxrust	confident	1-1471	1472-1577	1578-1728	1729-1923	1472-1923	1924-2744	both_missing						0	ok	232	737	506	0	0	0	ok	232	751	520	0	0	0	ok	254	751	498	0	0	0	ok	307	522	216	0	0	0	ok	1965	2698	734	0	0	0	ok	2356	2683	328	1	0	0	6	yes
PX214909.1	2752	+	itsxrust	confident	1-1475	1476-1573	1574-1731	1732-1927	1476-1927	1928-2752	both_missing						0	ok	232	741	510	0	1	0	ok	232	755	524	0	0	0	ok	254	755	502	0	0	0	ok	307	524	218	1	0	0	ok	1974	2706	733	0	0	0	ok	2366	2691	326	0	3	0	6	yes
PX214910.1	2752	+	itsxrust	confident	1-1475	1476-1573	1574-1731	1732-1927	1476-1927	1928-2752	both_missing						0	ok	232	741	510	0	1	0	ok	232	755	524	0	0	0	ok	254	755	502	0	0	0	ok	307	524	218	1	0	0	ok	1974	2706	733	0	0	0	ok	2366	2691	326	0	3	0	6	yes
PX214911.1	2749	+	itsxrust	confident	1-1475	1476-1570	1571-1728	1729-1924	1476-1924	1925-2749	both_missing						0	ok	232	741	510	0	1	0	ok	232	755	524	0	0	0	ok	254	755	502	0	0	0	ok	307	524	218	1	0	0	ok	1971	2703	733	0	0	0	ok	2363	2688	326	0	3	0	6	yes
PX214912.1	2749	+	itsxrust	confident	1-1475	1476-1570	1571-1728	1729-1924	1476-1924	1925-2749	both_missing						0	ok	232	741	510	0	1	0	ok	232	755	524	0	0	0	ok	254	755	502	0	0	0	ok	307	524	218	1	0	0	ok	1971	2703	733	0	0	0	ok	2363	2688	326	0	3	0	6	yes
PX214913.1	2752	+	itsxrust	confident	1-1475	1476-1574	1575-1732	1733-1927	1476-1927	1928-2752	both_missing						0	ok	232	741	510	0	1	0	ok	232	755	524	0	0	0	ok	254	755	502	0	0	0	ok	307	524	218	1	0	0	ok	1974	2706	733	0	0	0	ok	2366	2691	326	0	3	0	6	yes
PX214914.1	2751	+	itsxrust	confident	1-1475	1476-1573	1574-1731	1732-1925	1476-1925	1926-2751	both_missing						0	ok	232	741	510	0	1	0	ok	232	755	524	0	0	0	ok	254	755	502	0	0	0	ok	307	524	218	1	0	0	ok	1972	2705	734	0	0	0	ok	2364	2690	327	0	3	0	6	yes
PX214915.1	2750	+	itsxrust	confident	1-1475	1476-1572	1573-1730	1731-1924	1476-1924	1925-2750	both_missing						0	ok	232	741	510	0	1	0	ok	232	755	524	0	0	0	ok	254	755	502	0	0	0	ok	307	524	218	1	0	0	ok	1971	2704	734	0	0	0	ok	2363	2689	327	0	3	0	6	yes
PX214916.1	2752	+	itsxrust	confident	1-1475	1476-1573	1574-1731	1732-1925	1476-1925	1926-2752	both_missing						0	ok	232	741	510	0	1	0	ok	232	755	524	0	0	0	ok	254	755	502	0	0	0	ok	307	524	218	1	0	0	ok	1972	2706	735	0	0	0	ok	2364	2691	328	0	3	0	6	yes
PX214917.1	2752	+	itsxrust	confident	1-1475	1476-1573	1574-1731	1732-1925	1476-1925	1926-2752	both_missing						0	ok	232	741	510	0	1	0	ok	232	755	524	0	0	0	ok	254	755	502	0	0	0	ok	307	524	218	1	0	0	ok	1972	2706	735	0	0	0	ok	2364	2691	328	0	3	0	6	yes
PX214918.1	2753	+	itsxrust	confident	1-1475	1476-1572	1573-1730	1731-1926	1476-1926	1927-2753	both_missing						0	ok	232	741	510	0	1	0	ok	232	755	524	0	0	0	ok	254	755	502	0	0	0	ok	307	524	218	1	0	0	ok	1973	2707	735	0	0	0	ok	2365	2692	328	0	3	0	6	yes
PX214919.1	2753	+	itsxrust	confident	1-1475	1476-1572	1573-1730	1731-1926	1476-1926	1927-2753	both_missing						0	ok	232	741	510	0	1	0	ok	232	755	524	0	0	0	ok	254	755	502	0	0	0	ok	307	524	218	1	0	0	ok	1973	2707	735	0	0	0	ok	2365	2692	328	0	3	0	6	yes
PX214920.1	2751	+	itsxrust	confident	1-1475	1476-1573	1574-1731	1732-1925	1476-1925	1926-2751	both_missing						0	ok	232	741	510	0	1	0	ok	232	755	524	0	0	0	ok	254	755	502	0	0	0	ok	307	524	218	1	0	0	ok	1972	2705	734	0	0	0	ok	2364	2690	327	0	3	0	6	yes
PX214921.1	2751	+	itsxrust	confident	1-1475	1476-1573	1574-1731	1732-1925	1476-1925	1926-2751	both_missing						0	ok	232	741	510	0	1	0	ok	232	755	524	0	0	0	ok	254	755	502	0	0	0	ok	307	524	218	1	0	0	ok	1972	2705	734	0	0	0	ok	2364	2690	327	0	3	0	6	yes
PX214922.1	2753	+	itsxrust	confident	1-1475	1476-1573	1574-1731	1732-1928	1476-1928	1929-2753	both_missing						0	ok	232	741	510	0	1	0	ok	232	755	524	0	0	0	ok	254	755	502	0	0	0	ok	307	524	218	1	0	0	ok	1975	2707	733	0	0	0	ok	2367	2692	326	0	3	0	6	yes
PX214923.1	2753	+	itsxrust	confident	1-1475	1476-1573	1574-1731	1732-1928	1476-1928	1929-2753	both_missing						0	ok	232	741	510	0	1	0	ok	232	755	524	0	0	0	ok	254	755	502	0	0	0	ok	307	524	218	1	0	0	ok	1975	2707	733	0	0	0	ok	2367	2692	326	0	3	0	6	yes
PX214924.1	2743	+	itsxrust	confident	1-1475	1476-1572	1573-1730	1731-1920	1476-1920	1921-2743	both_missing						0	ok	232	741	510	0	1	0	ok	232	755	524	0	0	0	ok	254	755	502	0	0	0	ok	307	524	218	1	0	0	ok	1967	2697	731	0	0	0	ok	2359	2682	324	0	3	0	6	yes
PX214925.1	2749	+	itsxrust	confident	1-1475	1476-1575	1576-1733	1734-1926	1476-1926	1927-2749	both_missing						0	ok	232	741	510	0	1	0	ok	232	755	524	0	0	0	ok	254	755	502	0	0	0	ok	307	524	218	1	0	0	ok	1972	2703	732	0	0	0	ok	2364	2688	325	0	3	0	6	yes
PX214926.1	2748	+	itsxrust	confident	1-1475	1476-1573	1574-1731	1732-1926	1476-1926	1927-2748	both_missing						0	ok	232	741	510	0	1	0	ok	232	755	524	0	0	0	ok	254	755	502	0	0	0	ok	307	524	218	1	0	0	ok	1972	2702	731	0	0	0	ok	2364	2687	324	0	3	0	6	yes
PX214927.1	2748	+	itsxrust	confident	1-1476	1477-1574	1575-1732	1733-1925	1477-1925	1926-2748	both_missing						0	ok	232	742	511	0	1	0	ok	232	756	525	0	0	0	ok	254	756	503	0	0	0	ok	308	525	218	1	0	0	ok	1972	2702	731	0	0	0	ok	2364	2687	324	0	3	0	6	yes
PX214928.1	2750	+	itsxrust	confident	1-1475	1476-1575	1576-1733	1734-1926	1476-1926	1927-2750	both_missing						0	ok	232	741	510	0	1	0	ok	232	755	524	0	0	0	ok	254	755	502	0	0	0	ok	307	524	218	1	0	0	ok	1973	2704	732	0	0	0	ok	2365	2689	325	0	3	0	6	yes
PX214929.1	2753	+	itsxrust	confident	1-1475	1476-1573	1574-1731	1732-1928	1476-1928	1929-2753	both_missing						0	ok	232	741	510	0	1	0	ok	232	755	524	0	0	0	ok	254	755	502	0	0	0	ok	307	524	218	1	0	0	ok	1975	2707	733	0	0	0	ok	2367	2692	326	0	3	0	6	yes
PX214930.1	2753	+	itsxrust	confident	1-1474	1475-1575	1576-1733	1734-1929	1475-1929	1930-2753	both_missing						0	ok	232	740	509	0	1	0	ok	232	754	523	0	0	0	ok	254	754	501	0	0	0	ok	307	523	217	1	0	0	ok	1975	2707	733	0	0	0	ok	2367	2692	326	0	3	0	6	yes
PX214931.1	2752	+	itsxrust	confident	1-1475	1476-1574	1575-1732	1733-1928	1476-1928	1929-2752	both_missing						0	ok	232	741	510	0	1	0	ok	232	755	524	0	0	0	ok	254	755	502	0	0	0	ok	307	524	218	1	0	0	ok	1974	2706	733	0	0	0	ok	2366	2691	326	0	3	0	6	yes
PX214932.1	2743	+	itsxrust	confident	1-1475	1476-1574	1575-1732	1733-1917	1476-1917	1918-2743	both_missing						0	ok	232	741	510	0	1	0	ok	232	755	524	0	0	0	ok	254	755	502	0	0	0	ok	307	524	218	1	0	0	ok	1964	2697	734	0	0	0	ok	2356	2682	327	0	3	0	6	yes
PX214933.1	2744	+	itsxrust	confident	1-1474	1475-1575	1576-1733	1734-1918	1475-1918	1919-2744	both_missing						0	ok	232	740	509	0	1	0	ok	232	754	523	0	0	0	ok	254	754	501	0	0	0	ok	307	523	217	1	0	0	ok	1965	2698	734	0	0	0	ok	2357	2683	327	0	3	0	6	yes
PX214934.1	2749	+	itsxrust	confident	1-1475	1476-1578	1579-1735	1736-1928	1476-1928	1929-2749	both_missing						0	ok	232	741	510	0	1	0	ok	232	755	524	0	0	0	ok	254	755	502	0	0	0	ok	307	524	218	1	0	0	ok	1975	2703	729	0	0	0	ok	2367	2689	323	0	3	0	6	yes
PX214935.1	2749	+	itsxrust	confident	1-1475	1476-1578	1579-1735	1736-1928	1476-1928	1929-2749	both_missing						0	ok	232	741	510	0	1	0	ok	232	755	524	0	0	0	ok	254	755	502	0	0	0	ok	307	524	218	1	0	0	ok	1975	2703	729	0	0	0	ok	2367	2689	323	0	3	0	6	yes
PX214936.1	2749	+	itsxrust	confident	1-1475	1476-1578	1579-1735	1736-1928	1476-1928	1929-2749	both_missing						0	ok	232	741	510	0	1	0	ok	232	755	524	0	0	0	ok	254	755	502	0	0	0	ok	307	524	218	1	0	0	ok	1975	2703	729	0	0	0	ok	2367	2689	323	0	3	0	6	yes
PX214937.1	2756	+	itsxrust	confident	1-1475	1476-1578	1579-1735	1736-1935	1476-1935	1936-2756	both_missing						0	ok	232	741	510	0	1	0	ok	232	755	524	0	0	0	ok	254	755	502	0	0	0	ok	307	524	218	1	0	0	ok	1982	2710	729	0	0	0	ok	2374	2696	323	0	3	0	6	yes
PX214938.1	2753	+	itsxrust	confident	1-1475	1476-1577	1578-1735	1736-1939	1476-1939	1940-2753	both_missing						0	ok	232	741	510	0	1	0	ok	232	755	524	0	0	0	ok	254	755	502	0	0	0	ok	307	524	218	1	0	0	ok	1982	2707	726	0	0	0	ok	2374	2692	319	0	3	0	6	yes
PX214939.1	2754	+	itsxrust	confident	1-1476	1477-1578	1579-1736	1737-1940	1477-1940	1941-2754	both_missing						0	ok	232	742	511	0	1	0	ok	232	756	525	0	0	0	ok	254	756	503	0	0	0	ok	307	525	219	1	0	0	ok	1983	2708	726	0	0	0	ok	2375	2693	319	0	3	0	6	yes
PX214940.1	2758	+	itsxrust	confident	1-1475	1476-1578	1579-1736	1737-1941	1476-1941	1942-2758	both_missing						0	ok	232	741	510	0	1	0	ok	232	755	524	0	0	0	ok	254	755	502	0	0	0	ok	307	524	218	1	0	0	ok	1984	2712	729	0	0	0	ok	2376	2697	322	0	3	0	6	yes
PX214941.1	2758	+	itsxrust	confident	1-1475	1476-1578	1579-1736	1737-1941	1476-1941	1942-2758	both_missing						0	ok	232	741	510	0	1	0	ok	232	755	524	0	0	0	ok	254	755	502	0	0	0	ok	307	524	218	1	0	0	ok	1984	2712	729	0	0	0	ok	2376	2697	322	0	3	0	6	yes
PX214942.1	2751	+	itsxrust	confident	1-1475	1476-1578	1579-1735	1736-1925	1476-1925	1926-2751	both_missing						0	ok	232	741	510	0	1	0	ok	232	755	524	0	0	0	ok	254	755	502	0	0	0	ok	307	524	218	1	0	0	ok	1972	2705	734	0	1	0	open_3p	2364	2751	388	0		0	6	yes
PX214943.1	2754	+	itsxrust	confident	1-1475	1476-1577	1578-1735	1736-1930	1476-1930	1931-2754	both_missing						0	ok	232	741	510	0	1	0	ok	232	755	524	0	0	0	ok	254	755	502	0	0	0	ok	307	524	218	1	0	0	ok	1976	2708	733	0	0	0	ok	2368	2693	326	0	3	0	6	yes
PX214944.1	2755	+	itsxrust	confident	1-1475	1476-1576	1577-1734	1735-1930	1476-1930	1931-2755	both_missing						0	ok	232	741	510	0	1	0	ok	232	755	524	0	0	0	ok	254	755	502	0	0	0	ok	307	524	218	1	0	0	ok	1977	2709	733	0	0	0	ok	2369	2694	326	0	3	0	6	yes
PX214945.1	2756	+	itsxrust	confident	1-1475	1476-1577	1578-1735	1736-1931	1476-1931	1932-2756	both_missing						0	ok	232	741	510	0	1	0	ok	232	755	524	0	0	0	ok	254	755	502	0	0	0	ok	307	524	218	1	0	0	ok	1978	2710	733	0	0	0	ok	2370	2695	326	0	3	0	6	yes
PX214946.1	2756	+	itsxrust	confident	1-1475	1476-1576	1577-1734	1735-1931	1476-1931	1932-2756	both_missing						0	ok	232	741	510	0	1	0	ok	232	755	524	0	0	0	ok	254	755	502	0	0	0	ok	307	524	218	1	0	0	ok	1978	2710	733	0	0	0	ok	2370	2695	326	0	3	0	6	yes
PX214947.1	2758	+	itsxrust	confident	1-1475	1476-1577	1578-1735	1736-1933	1476-1933	1934-2758	both_missing						0	ok	232	741	510	0	1	0	ok	232	755	524	0	0	0	ok	254	755	502	0	0	0	ok	307	524	218	1	0	0	ok	1980	2712	733	0	0	0	ok	2372	2697	326	0	3	0	6	yes
PX214948.1	2754	+	itsxrust	confident	1-1475	1476-1576	1577-1734	1735-1929	1476-1929	1930-2754	both_missing						0	ok	232	741	510	0	1	0	ok	232	755	524	0	0	0	ok	254	755	502	0	0	0	ok	307	524	218	1	0	0	ok	1976	2708	733	0	0	0	ok	2368	2693	326	0	3	0	6	yes
PX214949.1	2754	+	itsxrust	confident	1-1475	1476-1576	1577-1734	1735-1929	1476-1929	1930-2754	both_missing						0	ok	232	741	510	0	1	0	ok	232	755	524	0	0	0	ok	254	755	502	0	0	0	ok	307	524	218	1	0	0	ok	1976	2708	733	0	0	0	ok	2368	2693	326	0	3	0	6	yes
PX214950.1	2752	+	itsxrust	confident	1-1474	1475-1574	1575-1732	1733-1927	1475-1927	1928-2752	both_missing						0	ok	232	741	510	0	1	0	ok	232	755	524	0	0	0	ok	254	755	502	0	0	0	ok	307	524	218	1	0	0	ok	1974	2706	733	0	0	0	ok	2366	2691	326	0	3	0	6	yes
PX214951.1	2753	+	itsxrust	confident	1-1475	1476-1575	1576-1733	1734-1928	1476-1928	1929-2753	both_missing						0	ok	232	741	510	0	1	0	ok	232	755	524	0	0	0	ok	254	755	502	0	0	0	ok	307	524	218	1	0	0	ok	1975	2707	733	0	0	0	ok	2367	2692	326	0	3	0	6	yes
PX214952.1	2756	+	itsxrust	confident	1-1475	1476-1578	1579-1736	1737-1931	1476-1931	1932-2756	both_missing						0	ok	232	741	510	0	1	0	ok	232	755	524	0	0	0	ok	254	755	502	0	0	0	ok	307	524	218	1	0	0	ok	1978	2710	733	0	0	0	ok	2370	2695	326	0	3	0	6	yes
PX214953.1	2753	+	itsxrust	confident	1-1475	1476-1576	1577-1734	1735-1928	1476-1928	1929-2753	both_missing						0	ok	232	741	510	0	1	0	ok	232	755	524	0	0	0	ok	254	755	502	0	0	0	ok	307	524	218	1	0	0	ok	1975	2707	733	0	0	0	ok	2367	2692	326	0	3	0	6	yes
PX214954.1	2752	+	itsxrust	confident	1-1475	1476-1576	1577-1734	1735-1927	1476-1927	1928-2752	both_missing						0	ok	232	741	510	0	1	0	ok	232	755	524	0	0	0	ok	254	755	502	0	0	0	ok	307	524	218	1	0	0	ok	1974	2706	733	0	0	0	ok	2366	2691	326	0	3	0	6	yes
PX214955.1	2752	+	itsxrust	confident	1-1474	1475-1574	1575-1732	1733-1927	1475-1927	1928-2752	both_missing						0	ok	232	741	510	0	1	0	ok	232	755	524	0	0	0	ok	254	755	502	0	0	0	ok	307	524	218	1	0	0	ok	1974	2706	733	0	0	0	ok	2366	2691	326	0	2	0	6	yes
PX214956.1	2752	+	itsxrust	confident	1-1474	1475-1574	1575-1732	1733-1927	1475-1927	1928-2752	both_missing						0	ok	232	741	510	0	1	0	ok	232	755	524	0	0	0	ok	254	755	502	0	0	0	ok	307	524	218	1	0	0	ok	1974	2706	733	0	0	0	ok	2366	2691	326	0	2	0	6	yes
PX214957.1	2753	+	itsxrust	confident	1-1474	1475-1575	1576-1733	1734-1928	1475-1928	1929-2753	both_missing						0	ok	232	741	510	0	1	0	ok	232	755	524	0	0	0	ok	254	755	502	0	0	0	ok	307	524	218	1	0	0	ok	1975	2707	733	0	0	0	ok	2367	2692	326	0	2	0	6	yes
PX214958.1	2757	+	itsxrust	confident	1-1474	1475-1576	1577-1734	1735-1932	1475-1932	1933-2757	both_missing						0	ok	232	741	510	0	1	0	ok	232	755	524	0	0	0	ok	254	755	502	0	0	0	ok	307	524	218	1	0	0	ok	1979	2711	733	0	0	0	ok	2371	2696	326	0	2	0	6	yes
PX214959.1	2757	+	itsxrust	confident	1-1474	1475-1576	1577-1734	1735-1932	1475-1932	1933-2757	both_missing						0	ok	232	741	510	0	1	0	ok	232	755	524	0	0	0	ok	254	755	502	0	0	0	ok	307	524	218	1	0	0	ok	1979	2711	733	0	0	0	ok	2371	2696	326	0	2	0	6	yes
PX214960.1	2758	+	itsxrust	confident	1-1474	1475-1576	1577-1734	1735-1933	1475-1933	1934-2758	both_missing						0	ok	232	741	510	0	1	0	ok	232	755	524	0	0	0	ok	254	755	502	0	0	0	ok	307	524	218	1	0	0	ok	1980	2712	733	1	0	0	ok	2372	2697	326	0	2	0	6	yes
PX214961.1	2758	+	itsxrust	confident	1-1474	1475-1576	1577-1734	1735-1933	1475-1933	1934-2758	both_missing						0	ok	232	741	510	0	1	0	ok	232	755	524	0	0	0	ok	254	755	502	0	0	0	ok	307	524	218	1	0	0	ok	1980	2712	733	0	0	0	ok	2372	2697	326	0	2	0	6	yes
PX214962.1	2753	+	itsxrust	confident	1-1474	1475-1574	1575-1732	1733-1928	1475-1928	1929-2753	both_missing						0	ok	232	741	510	0	1	0	ok	232	755	524	0	0	0	ok	254	755	502	0	0	0	ok	307	524	218	1	0	0	ok	1975	2707	733	0	0	0	ok	2367	2692	326	0	2	0	6	yes
PX214963.1	2761	+	itsxrust	confident	1-1474	1475-1583	1584-1741	1742-1940	1475-1940	1941-2761	both_missing						0	ok	232	741	510	0	1	0	ok	232	755	524	0	0	0	ok	254	755	502	0	0	0	ok	307	524	218	1	0	0	ok	1983	2715	733	0	0	0	ok	2375	2700	326	0	2	0	6	yes
PX214964.1	2761	+	itsxrust	confident	1-1474	1475-1583	1584-1741	1742-1940	1475-1940	1941-2761	both_missing						0	ok	232	741	510	0	1	0	ok	232	755	524	0	0	0	ok	254	755	502	0	0	0	ok	307	524	218	1	0	0	ok	1983	2715	733	0	0	0	ok	2375	2700	326	0	2	0	6	yes
PX214965.1	2761	+	itsxrust	confident	1-1474	1475-1583	1584-1741	1742-1940	1475-1940	1941-2761	both_missing						0	ok	232	741	510	0	1	0	ok	232	755	524	0	0	0	ok	254	755	502	0	0	0	ok	307	524	218	1	0	0	ok	1983	2715	733	0	0	0	ok	2375	2700	326	0	2	0	6	yes
PX214966.1	2761	+	itsxrust	confident	1-1474	1475-1583	1584-1741	1742-1940	1475-1940	1941-2761	both_missing						0	ok	232	741	510	0	1	0	ok	232	755	524	0	0	0	ok	254	755	502	0	0	0	ok	307	524	218	1	0	0	ok	1983	2715	733	0	0	0	ok	2375	2700	326	0	2	0	6	yes
PX214967.1	2761	+	itsxrust	confident	1-1474	1475-1583	1584-1741	1742-1940	1475-1940	1941-2761	both_missing						0	ok	232	741	510	0	1	0	ok	232	755	524	0	0	0	ok	254	755	502	0	0	0	ok	307	524	218	1	0	0	ok	1983	2715	733	0	0	0	ok	2375	2700	326	0	2	0	6	yes
PX214968.1	2761	+	itsxrust	confident	1-1474	1475-1583	1584-1741	1742-1940	1475-1940	1941-2761	both_missing						0	ok	232	741	510	0	1	0	ok	232	755	524	0	0	0	ok	254	755	502	0	0	0	ok	307	524	218	1	0	0	ok	1983	2715	733	0	0	0	ok	2375	2700	326	0	2	0	6	yes
PX214969.1	2763	+	itsxrust	confident	1-1474	1475-1583	1584-1741	1742-1940	1475-1940	1941-2763	both_missing						0	ok	232	741	510	0	1	0	ok	232	755	524	0	0	0	ok	254	755	502	0	0	0	ok	307	524	218	1	0	0	ok	1983	2717	735	0	0	0	ok	2375	2702	328	0	2	0	6	yes
PX214970.1	2763	+	itsxrust	confident	1-1474	1475-1583	1584-1741	1742-1940	1475-1940	1941-2763	both_missing						0	ok	232	741	510	0	1	0	ok	232	755	524	0	0	0	ok	254	755	502	0	0	0	ok	307	524	218	1	0	0	ok	1983	2717	735	0	0	0	ok	2375	2702	328	0	2	0	6	yes
PX214971.1	2763	+	itsxrust	confident	1-1474	1475-1583	1584-1741	1742-1940	1475-1940	1941-2763	both_missing						0	ok	232	741	510	0	1	0	ok	232	755	524	0	0	0	ok	254	755	502	0	0	0	ok	307	524	218	1	0	0	ok	1983	2717	735	0	0	0	ok	2375	2702	328	0	2	0	6	yes
PX214972.1	2763	+	itsxrust	confident	1-1474	1475-1583	1584-1741	1742-1940	1475-1940	1941-2763	both_missing						0	ok	232	741	510	0	1	0	ok	232	755	524	0	0	0	ok	254	755	502	0	0	0	ok	307	524	218	1	0	0	ok	1983	2717	735	0	0	0	ok	2375	2702	328	0	2	0	6	yes
PX214973.1	2757	+	itsxrust	confident	1-1473	1474-1579	1580-1737	1738-1936	1474-1936	1937-2757	both_missing						0	ok	232	741	510	0	1	0	ok	232	755	524	0	0	0	ok	254	755	502	0	0	0	ok	307	524	218	1	0	0	ok	1979	2711	733	0	0	0	ok	2371	2696	326	0	2	0	6	yes
PX214974.1	2757	+	itsxrust	confident	1-1474	1475-1579	1580-1737	1738-1936	1475-1936	1937-2757	both_missing						0	ok	232	741	510	0	1	0	ok	232	755	524	0	0	0	ok	254	755	502	0	0	0	ok	307	524	218	1	0	0	ok	1979	2711	733	0	0	0	ok	2371	2696	326	0	2	0	6	yes
PX214975.1	2758	+	itsxrust	confident	1-1474	1475-1580	1581-1738	1739-1937	1475-1937	1938-2758	both_missing						0	ok	232	741	510	0	1	0	ok	232	755	524	0	0	0	ok	254	755	502	0	0	0	ok	307	524	218	1	0	0	ok	1980	2712	733	0	0	0	ok	2372	2697	326	0	2	0	6	yes
PX214976.1	2759	+	itsxrust	confident	1-1474	1475-1581	1582-1739	1740-1938	1475-1938	1939-2759	both_missing						0	ok	232	741	510	0	1	0	ok	232	755	524	0	0	0	ok	254	755	502	0	0	0	ok	307	524	218	1	0	0	ok	1981	2713	733	0	0	0	ok	2373	2698	326	0	2	0	6	yes
PX214977.1	2758	+	itsxrust	confident	1-1474	1475-1580	1581-1738	1739-1937	1475-1937	1938-2758	both_missing						0	ok	232	741	510	0	1	0	ok	232	755	524	0	0	0	ok	254	755	502	0	0	0	ok	307	524	218	1	0	0	ok	1980	2712	733	0	0	0	ok	2372	2697	326	0	2	0	6	yes
PX214978.1	2761	+	itsxrust	confident	1-1475	1476-1584	1585-1742	1743-1940	1476-1940	1941-2761	both_missing						0	ok	232	741	510	0	1	0	ok	232	755	524	0	0	0	ok	254	755	502	0	0	0	ok	307	524	218	1	0	0	ok	1983	2715	733	0	0	0	ok	2375	2700	326	0	2	0	6	yes
PX214979.1	2761	+	itsxrust	confident	1-1475	1476-1584	1585-1742	1743-1940	1476-1940	1941-2761	both_missing						0	ok	232	741	510	0	1	0	ok	232	755	524	0	0	0	ok	254	755	502	0	0	0	ok	307	524	218	1	0	0	ok	1983	2715	733	0	0	0	ok	2375	2700	326	0	2	0	6	yes
PX214980.1	2759	+	itsxrust	confident	1-1475	1476-1584	1585-1742	1743-1940	1476-1940	1941-2759	both_missing						0	ok	232	741	510	0	1	0	ok	232	755	524	0	0	0	ok	254	755	502	0	0	0	ok	307	524	218	1	0	0	ok	1983	2713	731	0	0	0	ok	2375	2698	324	0	2	0	6	yes
PX214981.1	2753	+	itsxrust	confident	1-1474	1475-1575	1576-1733	1734-1932	1475-1932	1933-2753	both_missing						0	ok	232	741	510	0	1	0	ok	232	755	524	0	0	0	ok	254	755	502	0	0	0	ok	307	524	218	1	0	0	ok	1975	2707	733	0	0	0	ok	2367	2692	326	0	2	0	6	yes
PX214982.1	2753	+	itsxrust	confident	1-1474	1475-1575	1576-1733	1734-1928	1475-1928	1929-2753	both_missing						0	ok	232	741	510	0	1	0	ok	232	755	524	0	0	0	ok	254	755	502	0	0	0	ok	307	524	218	1	0	0	ok	1975	2707	733	0	0	0	ok	2367	2692	326	0	2	0	6	yes
PX214983.1	2753	+	itsxrust	confident	1-1474	1475-1575	1576-1733	1734-1928	1475-1928	1929-2753	both_missing						0	ok	232	741	510	0	1	0	ok	232	755	524	0	0	0	ok	254	755	502	0	0	0	ok	307	524	218	1	0	0	ok	1975	2707	733	0	0	0	ok	2367	2692	326	0	2	0	6	yes
PX214984.1	2752	+	itsxrust	confident	1-1474	1475-1574	1575-1732	1733-1929	1475-1929	1930-2752	both_missing						0	ok	232	741	510	0	1	0	ok	232	755	524	0	0	0	ok	254	755	502	0	0	0	ok	307	524	218	1	0	0	ok	1976	2706	731	0	0	0	ok	2368	2691	324	0	2	0	6	yes
PX214985.1	2752	+	itsxrust	confident	1-1474	1475-1574	1575-1732	1733-1929	1475-1929	1930-2752	both_missing						0	ok	232	741	510	0	1	0	ok	232	755	524	0	0	0	ok	254	755	502	0	0	0	ok	307	524	218	1	0	0	ok	1976	2706	731	1	0	0	ok	2368	2691	324	0	2	0	6	yes
PX214986.1	2755	+	itsxrust	confident	1-1474	1475-1576	1577-1734	1735-1930	1475-1930	1931-2755	both_missing						0	ok	232	741	510	0	1	0	ok	232	755	524	0	0	0	ok	254	755	502	0	0	0	ok	307	524	218	1	0	0	ok	1977	2709	733	0	0	0	ok	2369	2694	326	0	2	0	6	yes
PX214987.1	2755	+	itsxrust	confident	1-1474	1475-1576	1577-1734	1735-1930	1475-1930	1931-2755	both_missing						0	ok	232	741	510	0	1	0	ok	232	755	524	0	0	0	ok	254	755	502	0	0	0	ok	307	524	218	1	0	0	ok	1977	2709	733	0	0	0	ok	2369	2694	326	0	2	0	6	yes
PX214988.1	2753	+	itsxrust	confident	1-1474	1475-1576	1577-1734	1735-1928	1475-1928	1929-2753	both_missing						0	ok	232	741	510	0	1	0	ok	232	755	524	0	0	0	ok	254	755	502	0	0	0	ok	307	524	218	1	0	0	ok	1975	2707	733	0	0	0	ok	2367	2692	326	0	2	0	6	yes
PX214989.1	2756	+	itsxrust	confident	1-1474	1475-1576	1577-1734	1735-1930	1475-1930	1931-2756	both_missing						0	ok	232	741	510	0	1	0	ok	232	755	524	0	0	0	ok	254	755	502	0	0	0	ok	307	524	218	1	0	0	ok	1977	2710	734	0	0	0	ok	2370	2695	326	0	2	0	6	yes
PX214990.1	2754	+	itsxrust	confident	1-1474	1475-1575	1576-1733	1734-1929	1475-1929	1930-2754	both_missing						0	ok	232	741	510	0	1	0	ok	232	755	524	0	0	0	ok	254	755	502	0	0	0	ok	307	524	218	1	0	0	ok	1976	2708	733	0	0	0	ok	2368	2693	326	0	2	0	6	yes
PX214991.1	2753	+	itsxrust	confident	1-1474	1475-1575	1576-1733	1734-1928	1475-1928	1929-2753	both_missing						0	ok	232	741	510	0	1	0	ok	232	755	524	0	0	0	ok	254	755	502	0	0	0	ok	307	524	218	1	0	0	ok	1975	2707	733	0	0	0	ok	2367	2692	326	0	2	0	6	yes
PX214992.1	2755	+	itsxrust	confident	1-1475	1476-1577	1578-1735	1736-1930	1476-1930	1931-2755	both_missing						0	ok	232	741	510	0	1	0	ok	232	755	524	0	0	0	ok	254	755	502	0	0	0	ok	307	524	218	1	0	0	ok	1977	2709	733	0	0	0	ok	2369	2694	326	0	2	0	6	yes
PX214993.1	2754	+	itsxrust	confident	1-1474	1475-1575	1576-1733	1734-1929	1475-1929	1930-2754	both_missing						0	ok	232	741	510	0	1	0	ok	232	755	524	0	0	0	ok	254	755	502	0	0	0	ok	307	524	218	1	0	0	ok	1976	2708	733	0	0	0	ok	2368	2693	326	0	2	0	6	yes
PX214994.1	2754	+	itsxrust	confident	1-1474	1475-1576	1577-1734	1735-1929	1475-1929	1930-2754	both_missing						0	ok	232	741	510	0	1	0	ok	232	755	524	0	0	0	ok	254	755	502	0	0	0	ok	307	524	218	1	0	0	ok	1976	2708	733	0	0	0	ok	2368	2693	326	0	2	0	6	yes
PX214995.1	2755	+	itsxrust	confident	1-1474	1475-1576	1577-1734	1735-1930	1475-1930	1931-2755	both_missing						0	ok	232	741	510	0	1	0	ok	232	755	524	0	0	0	ok	254	755	502	0	0	0	ok	307	524	218	1	0	0	ok	1977	2709	733	0	0	0	ok	2369	2694	326	0	2	0	6	yes
PX214996.1	2755	+	itsxrust	confident	1-1474	1475-1576	1577-1734	1735-1930	1475-1930	1931-2755	both_missing						0	ok	232	741	510	0	1	0	ok	232	755	524	0	0	0	ok	254	755	502	0	0	0	ok	307	524	218	1	0	0	ok	1977	2709	733	0	0	0	ok	2369	2694	326	0	2	0	6	yes
PX214997.1	2752	+	itsxrust	confident	1-1474	1475-1577	1578-1735	1736-1927	1475-1927	1928-2752	both_missing						0	ok	232	741	510	0	1	0	ok	232	755	524	0	0	0	ok	254	755	502	0	0	0	ok	307	524	218	1	0	0	ok	1974	2706	733	0	0	0	ok	2366	2691	326	0	2	0	6	yes
PX214998.1	2752	+	itsxrust	confident	1-1474	1475-1575	1576-1733	1734-1927	1475-1927	1928-2752	both_missing						0	ok	232	741	510	0	1	0	ok	232	755	524	0	0	0	ok	254	755	502	0	0	0	ok	307	524	218	1	0	0	ok	1975	2706	732	0	0	0	ok	2367	2691	325	0	2	0	6	yes
PX214999.1	2751	+	itsxrust	confident	1-1474	1475-1575	1576-1733	1734-1927	1475-1927	1928-2751	both_missing						0	ok	232	741	510	0	1	0	ok	232	755	524	0	0	0	ok	254	755	502	0	0	0	ok	307	524	218	1	0	0	ok	1974	2705	732	0	0	0	ok	2366	2690	325	0	2	0	6	yes
PX215000.1	2751	+	itsxrust	confident	1-1474	1475-1575	1576-1733	1734-1927	1475-1927	1928-2751	both_missing						0	ok	232	741	510	0	1	0	ok	232	755	524	0	0	0	ok	254	755	502	0	0	0	ok	307	524	218	1	0	0	ok	1974	2705	732	0	0	0	ok	2366	2690	325	0	2	0	6	yes
PX215001.1	2754	+	itsxrust	confident	1-1474	1475-1576	1577-1734	1735-1927	1475-1927	1928-2754	both_missing						0	ok	232	741	510	0	1	0	ok	232	755	524	0	0	0	ok	254	755	502	0	0	0	ok	307	524	218	1	0	0	ok	1974	2708	735	0	0	0	ok	2367	2693	327	0	2	0	6	yes
PX215002.1	2754	+	itsxrust	confident	1-1474	1475-1576	1577-1734	1735-1927	1475-1927	1928-2754	both_missing						0	ok	232	741	510	0	1	0	ok	232	755	524	0	0	0	ok	254	755	502	0	0	0	ok	307	524	218	1	0	0	ok	1974	2708	735	0	0	0	ok	2367	2693	327	0	2	0	6	yes
PX215003.1	2749	+	itsxrust	confident	1-1475	1476-1575	1576-1733	1734-1929	1476-1929	1930-2749	both_missing						0	ok	232	741	510	0	1	0	ok	232	755	524	0	0	0	ok	254	755	502	0	0	0	ok	307	524	218	1	0	0	ok	1972	2703	732	0	0	0	ok	2364	2688	325	0	2	0	6	yes
PX215004.1	2748	+	itsxrust	confident	1-1474	1475-1574	1575-1732	1733-1928	1475-1928	1929-2748	both_missing						0	ok	232	741	510	0	1	0	ok	232	755	524	0	0	0	ok	254	755	502	0	0	0	ok	307	524	218	1	0	0	ok	1971	2702	732	0	0	0	ok	2363	2687	325	0	2	0	6	yes
PX215005.1	2751	+	itsxrust	confident	1-1474	1475-1574	1575-1732	1733-1931	1475-1931	1932-2751	both_missing						0	ok	232	741	510	0	1	0	ok	232	755	524	0	0	0	ok	254	755	502	0	0	0	ok	307	524	218	1	0	0	ok	1974	2705	732	0	0	0	ok	2366	2690	325	0	3	0	6	yes
PX215006.1	2755	+	itsxrust	confident	1-1475	1476-1580	1581-1738	1739-1932	1476-1932	1933-2755	both_missing						0	ok	232	741	510	0	1	0	ok	232	755	524	0	0	0	ok	254	755	502	0	0	0	ok	307	524	218	1	0	0	ok	1972	2709	738	0	0	0	ok	2367	2694	328	0	3	0	6	yes
PX215007.1	2755	+	itsxrust	confident	1-1475	1476-1580	1581-1738	1739-1932	1476-1932	1933-2755	both_missing						0	ok	232	741	510	0	1	0	ok	232	755	524	0	0	0	ok	254	755	502	0	0	0	ok	307	524	218	1	0	0	ok	1972	2709	738	0	0	0	ok	2366	2694	329	0	3	0	6	yes
PX215008.1	2757	+	itsxrust	confident	1-1476	1477-1581	1582-1739	1740-1934	1477-1934	1935-2757	both_missing						0	ok	232	742	511	0	1	0	ok	232	756	525	0	0	0	ok	254	756	503	0	0	0	ok	307	525	219	1	0	0	ok	1974	2711	738	0	0	0	ok	2369	2696	328	0	3	0	6	yes
PX215009.1	2761	+	itsxrust	confident	1-1475	1476-1583	1584-1741	1742-1934	1476-1934	1935-2761	both_missing						0	ok	232	741	510	0	1	0	ok	232	755	524	0	0	0	ok	254	755	502	0	0	0	ok	307	524	218	1	0	0	ok	1977	2715	739	0	0	0	ok	2372	2700	329	0	3	0	6	yes
PX215010.1	2757	+	itsxrust	confident	1-1475	1476-1583	1584-1741	1742-1932	1476-1932	1933-2757	both_missing						0	ok	232	741	510	0	1	0	ok	232	755	524	0	0	0	ok	254	755	502	0	0	0	ok	307	524	218	1	0	0	ok	1975	2711	737	0	0	0	ok	2367	2696	330	0	3	0	6	yes
PX215011.1	2756	+	itsxrust	confident	1-1475	1476-1583	1584-1741	1742-1932	1476-1932	1933-2756	both_missing						0	ok	232	741	510	0	1	0	ok	232	755	524	0	0	0	ok	254	755	502	0	0	0	ok	307	524	218	1	0	0	ok	1975	2710	736	0	0	0	ok	2367	2695	329	0	3	0	6	yes
PX215012.1	2754	+	itsxrust	confident	1-1475	1476-1579	1580-1737	1738-1928	1476-1928	1929-2754	both_missing						0	ok	232	741	510	0	1	0	ok	232	755	524	0	0	0	ok	254	755	502	0	0	0	ok	307	524	218	1	0	0	ok	1971	2708	738	0	0	0	ok	2363	2693	331	0	3	0	6	yes
PX215013.1	2705	+	itsxrust	confident	1-1474	1475-1547	1548-1703	1704-1910	1475-1910	1911-2705	both_missing						0	ok	232	741	510	0	1	0	ok	232	755	524	0	0	0	ok	254	755	502	0	0	0	ok	307	524	218	0	0	0	ok	1957	2659	703	0	1	0	ok	2353	2644	292	1	3	0	6	yes
PX215014.1	2706	+	itsxrust	confident	1-1474	1475-1547	1548-1703	1704-1912	1475-1912	1913-2706	both_missing						0	ok	232	741	510	0	1	0	ok	232	755	524	0	0	0	ok	254	755	502	0	0	0	ok	307	524	218	0	0	0	ok	1960	2660	701	0	0	0	ok	2354	2645	292	1	2	0	6	yes
PX215015.1	2709	+	itsxrust	confident	1-1474	1475-1548	1549-1704	1705-1916	1475-1916	1917-2709	both_missing						0	ok	232	741	510	0	1	0	ok	232	755	524	0	0	0	ok	254	755	502	0	0	0	ok	307	524	218	0	0	0	ok	1964	2663	700	0	0	0	ok	2358	2648	291	1	2	0	6	yes
PX215016.1	2715	+	itsxrust	confident	1-1474	1475-1548	1549-1704	1705-1921	1475-1921	1922-2715	both_missing						0	ok	232	741	510	0	1	0	ok	232	755	524	0	0	0	ok	254	755	502	0	0	0	ok	307	524	218	0	0	0	ok	1969	2669	701	0	0	0	ok	2363	2654	292	1	2	0	6	yes
PX215017.1	2713	+	itsxrust	confident	1-1474	1475-1547	1548-1703	1704-1919	1475-1919	1920-2713	both_missing						0	ok	232	741	510	0	1	0	ok	232	755	524	0	0	0	ok	254	755	502	0	0	0	ok	307	524	218	0	0	0	ok	1967	2667	701	0	0	0	ok	2361	2652	292	1	2	0	6	yes
PX215018.1	2711	+	itsxrust	confident	1-1474	1475-1548	1549-1704	1705-1917	1475-1917	1918-2711	both_missing						0	ok	232	741	510	0	1	0	ok	232	755	524	0	0	0	ok	254	755	502	0	0	0	ok	307	524	218	0	0	0	ok	1964	2665	702	0	0	0	ok	2358	2650	293	1	2	0	6	yes
PX215019.1	2713	+	itsxrust	confident	1-1474	1475-1549	1550-1705	1706-1918	1475-1918	1919-2713	both_missing						0	ok	232	741	510	0	2	0	ok	232	755	524	0	0	0	ok	254	755	502	0	0	0	ok	307	524	218	0	0	0	ok	1966	2667	702	0	0	0	ok	2360	2652	293	1	2	0	6	yes
PX215020.1	2710	+	itsxrust	confident	1-1474	1475-1546	1547-1702	1703-1916	1475-1916	1917-2710	both_missing						0	ok	232	741	510	0	1	0	ok	232	755	524	0	0	0	ok	254	755	502	0	0	0	ok	307	524	218	0	0	0	ok	1964	2664	701	0	0	0	ok	2358	2649	292	1	2	0	6	yes
PX215021.1	2707	+	itsxrust	confident	1-1474	1475-1545	1546-1701	1702-1914	1475-1914	1915-2707	both_missing						0	ok	232	741	510	0	1	0	ok	232	755	524	0	0	0	ok	254	755	502	0	0	0	ok	307	524	218	0	0	0	ok	1961	2661	701	0	0	0	ok	2355	2646	292	1	2	0	6	yes
PX215022.1	2711	+	itsxrust	confident	1-1474	1475-1547	1548-1703	1704-1918	1475-1918	1919-2711	both_missing						0	ok	232	741	510	0	1	0	ok	232	755	524	0	0	0	ok	254	755	502	0	0	0	ok	307	524	218	0	0	0	ok	1965	2665	701	0	0	0	ok	2359	2650	292	1	2	0	6	yes
PX215023.1	2645	+	itsxrust	confident	1-1467	1468-1549	1550-1707	1708-1880	1468-1880	1881-2645	both_missing						0	ok	232	734	503	0	0	0	ok	232	748	517	0	0	0	ok	254	748	495	0	0	0	ok	307	518	212	0	0	0	ok	1923	2599	677	0	0	0	ok	2317	2584	268	1	2	0	6	yes
PX215024.1	2650	+	itsxrust	confident	1-1467	1468-1549	1550-1707	1708-1885	1468-1885	1886-2650	both_missing						0	ok	232	734	503	0	0	0	ok	232	748	517	0	0	0	ok	254	748	495	0	0	0	ok	307	518	212	0	0	0	ok	1928	2604	677	0	0	0	ok	2322	2589	268	1	2	0	6	yes
PX215025.1	2651	+	itsxrust	confident	1-1467	1468-1549	1550-1707	1708-1886	1468-1886	1887-2651	both_missing						0	ok	232	734	503	0	0	0	ok	232	748	517	0	0	0	ok	254	748	495	0	0	0	ok	307	518	212	0	0	0	ok	1929	2605	677	0	0	0	ok	2323	2590	268	1	2	0	6	yes
PX215026.1	2651	+	itsxrust	confident	1-1467	1468-1549	1550-1707	1708-1886	1468-1886	1887-2651	both_missing						0	ok	232	734	503	0	0	0	ok	232	748	517	0	0	0	ok	254	748	495	0	0	0	ok	307	518	212	0	0	0	ok	1929	2605	677	0	0	0	ok	2323	2590	268	1	2	0	6	yes
PX215027.1	2651	+	itsxrust	confident	1-1467	1468-1549	1550-1707	1708-1886	1468-1886	1887-2651	both_missing						0	ok	232	734	503	0	0	0	ok	232	748	517	0	0	0	ok	254	748	495	0	0	0	ok	307	518	212	0	0	0	ok	1929	2605	677	0	0	0	ok	2323	2590	268	1	2	0	6	yes
PX215028.1	2651	+	itsxrust	confident	1-1467	1468-1549	1550-1707	1708-1886	1468-1886	1887-2651	both_missing						0	ok	232	734	503	0	0	0	ok	232	748	517	0	0	0	ok	254	748	495	0	0	0	ok	307	518	212	0	0	0	ok	1929	2605	677	0	0	0	ok	2323	2590	268	1	2	0	6	yes
PX215029.1	2651	+	itsxrust	confident	1-1467	1468-1549	1550-1707	1708-1886	1468-1886	1887-2651	both_missing						0	ok	232	734	503	0	0	0	ok	232	748	517	0	0	0	ok	254	748	495	0	0	0	ok	307	518	212	0	0	0	ok	1929	2605	677	0	0	0	ok	2323	2590	268	1	2	0	6	yes
PX215030.1	2651	+	itsxrust	confident	1-1467	1468-1549	1550-1707	1708-1886	1468-1886	1887-2651	both_missing						0	ok	232	734	503	0	0	0	ok	232	748	517	0	0	0	ok	254	748	495	0	0	0	ok	307	518	212	0	0	0	ok	1929	2605	677	0	0	0	ok	2323	2590	268	1	2	0	6	yes
PX215031.1	2651	+	itsxrust	confident	1-1467	1468-1549	1550-1707	1708-1886	1468-1886	1887-2651	both_missing						0	ok	232	734	503	0	0	0	ok	232	748	517	0	0	0	ok	254	748	495	0	0	0	ok	307	518	212	0	0	0	ok	1929	2605	677	0	0	0	ok	2323	2590	268	1	2	0	6	yes
PX215032.1	2651	+	itsxrust	confident	1-1467	1468-1549	1550-1707	1708-1886	1468-1886	1887-2651	both_missing						0	ok	232	734	503	0	0	0	ok	232	748	517	0	0	0	ok	254	748	495	0	0	0	ok	307	518	212	0	0	0	ok	1929	2605	677	0	0	0	ok	2323	2590	268	1	2	0	6	yes
PX215033.1	2651	+	itsxrust	confident	1-1467	1468-1549	1550-1707	1708-1886	1468-1886	1887-2651	both_missing						0	ok	232	734	503	0	0	0	ok	232	748	517	0	0	0	ok	254	748	495	0	0	0	ok	307	518	212	0	0	0	ok	1929	2605	677	0	0	0	ok	2323	2590	268	1	2	0	6	yes
PX215034.1	2651	+	itsxrust	confident	1-1467	1468-1549	1550-1707	1708-1886	1468-1886	1887-2651	both_missing						0	ok	232	734	503	0	0	0	ok	232	748	517	0	0	0	ok	254	748	495	0	0	0	ok	307	518	212	0	0	0	ok	1929	2605	677	0	0	0	ok	2323	2590	268	1	2	0	6	yes
PX215035.1	2651	+	itsxrust	confident	1-1467	1468-1549	1550-1707	1708-1886	1468-1886	1887-2651	both_missing						0	ok	232	734	503	0	0	0	ok	232	748	517	0	0	0	ok	254	748	495	0	0	0	ok	307	518	212	0	0	0	ok	1929	2605	677	0	0	0	ok	2323	2590	268	1	2	0	6	yes
PX215036.1	2651	+	itsxrust	confident	1-1467	1468-1549	1550-1707	1708-1886	1468-1886	1887-2651	both_missing						0	ok	232	734	503	0	0	0	ok	232	748	517	0	0	0	ok	254	748	495	0	0	0	ok	307	518	212	0	0	0	ok	1929	2605	677	0	0	0	ok	2323	2590	268	1	2	0	6	yes
PX215037.1	2651	+	itsxrust	confident	1-1467	1468-1549	1550-1707	1708-1886	1468-1886	1887-2651	both_missing						0	ok	232	734	503	0	0	0	ok	232	748	517	0	0	0	ok	254	748	495	0	0	0	ok	307	518	212	0	0	0	ok	1929	2605	677	0	0	0	ok	2323	2590	268	1	2	0	6	yes
PX215038.1	2651	+	itsxrust	confident	1-1467	1468-1549	1550-1707	1708-1886	1468-1886	1887-2651	both_missing						0	ok	232	734	503	0	0	0	ok	232	748	517	0	0	0	ok	254	748	495	0	0	0	ok	307	518	212	0	0	0	ok	1929	2605	677	0	0	0	ok	2323	2590	268	1	2	0	6	yes
PX215039.1	2651	+	itsxrust	confident	1-1467	1468-1549	1550-1707	1708-1886	1468-1886	1887-2651	both_missing						0	ok	232	734	503	0	0	0	ok	232	748	517	0	0	0	ok	254	748	495	0	0	0	ok	307	518	212	0	0	0	ok	1929	2605	677	0	0	0	ok	2323	2590	268	1	2	0	6	yes
PX215040.1	2662	+	itsxrust	confident	1-1467	1468-1550	1551-1708	1709-1897	1468-1897	1898-2662	both_missing						0	ok	232	734	503	0	0	0	ok	232	748	517	0	0	0	ok	254	748	495	0	0	0	ok	307	518	212	0	0	0	ok	1940	2616	677	0	0	0	ok	2334	2601	268	1	2	0	6	yes
PX215041.1	2662	+	itsxrust	confident	1-1467	1468-1550	1551-1708	1709-1897	1468-1897	1898-2662	both_missing						0	ok	232	734	503	0	0	0	ok	232	748	517	0	0	0	ok	254	748	495	0	0	0	ok	307	518	212	0	0	0	ok	1940	2616	677	0	0	0	ok	2334	2601	268	1	2	0	6	yes
PX215042.1	2662	+	itsxrust	confident	1-1467	1468-1550	1551-1708	1709-1897	1468-1897	1898-2662	both_missing						0	ok	232	734	503	0	0	0	ok	232	748	517	0	0	0	ok	254	748	495	0	0	0	ok	307	518	212	0	0	0	ok	1940	2616	677	0	0	0	ok	2334	2601	268	1	2	0	6	yes
PX215043.1	2662	+	itsxrust	confident	1-1467	1468-1550	1551-1708	1709-1897	1468-1897	1898-2662	both_missing						0	ok	232	734	503	0	0	0	ok	232	748	517	0	0	0	ok	254	748	495	0	0	0	ok	307	518	212	0	0	0	ok	1940	2616	677	0	0	0	ok	2334	2601	268	1	2	0	6	yes
PX215044.1	2662	+	itsxrust	confident	1-1467	1468-1550	1551-1708	1709-1897	1468-1897	1898-2662	both_missing						0	ok	232	734	503	0	0	0	ok	232	748	517	0	0	0	ok	254	748	495	0	0	0	ok	307	518	212	0	0	0	ok	1940	2616	677	0	0	0	ok	2334	2601	268	1	2	0	6	yes
PX215045.1	2665	+	itsxrust	confident	1-1467	1468-1550	1551-1708	1709-1900	1468-1900	1901-2665	both_missing						0	ok	232	734	503	0	0	0	ok	232	748	517	0	0	0	ok	254	748	495	0	0	0	ok	307	518	212	0	0	0	ok	1943	2619	677	0	0	0	ok	2337	2604	268	1	2	0	6	yes
PX215046.1	2665	+	itsxrust	confident	1-1467	1468-1550	1551-1708	1709-1900	1468-1900	1901-2665	both_missing						0	ok	232	734	503	0	0	0	ok	232	748	517	0	0	0	ok	254	748	495	0	0	0	ok	307	518	212	0	0	0	ok	1943	2619	677	0	0	0	ok	2337	2604	268	1	2	0	6	yes
PX215047.1	2665	+	itsxrust	confident	1-1467	1468-1550	1551-1708	1709-1900	1468-1900	1901-2665	both_missing						0	ok	232	734	503	0	0	0	ok	232	748	517	0	0	0	ok	254	748	495	0	0	0	ok	307	518	212	0	0	0	ok	1943	2619	677	0	0	0	ok	2337	2604	268	1	2	0	6	yes
PX215048.1	2665	+	itsxrust	confident	1-1467	1468-1550	1551-1708	1709-1900	1468-1900	1901-2665	both_missing						0	ok	232	734	503	0	0	0	ok	232	748	517	0	0	0	ok	254	748	495	0	0	0	ok	307	518	212	0	0	0	ok	1943	2619	677	0	0	0	ok	2337	2604	268	1	2	0	6	yes
PX215049.1	2656	+	itsxrust	confident	1-1467	1468-1555	1556-1713	1714-1891	1468-1891	1892-2656	both_missing						0	ok	232	734	503	0	0	0	ok	232	748	517	0	0	0	ok	254	748	495	0	0	0	ok	307	518	212	0	0	0	ok	1934	2610	677	0	0	0	ok	2328	2595	268	1	2	0	6	yes
PX215050.1	2651	+	itsxrust	confident	1-1467	1468-1548	1549-1706	1707-1886	1468-1886	1887-2651	both_missing						0	ok	232	734	503	0	0	0	ok	232	748	517	0	0	0	ok	254	748	495	0	0	0	ok	307	518	212	0	0	0	ok	1929	2605	677	0	0	0	ok	2323	2590	268	1	2	0	6	yes
PX215051.1	2649	+	itsxrust	confident	1-1467	1468-1548	1549-1706	1707-1884	1468-1884	1885-2649	both_missing						0	ok	232	734	503	0	0	0	ok	232	748	517	0	0	0	ok	254	748	495	0	0	0	ok	307	518	212	0	0	0	ok	1927	2603	677	0	0	0	ok	2321	2588	268	1	2	0	6	yes
PX215052.1	2647	+	itsxrust	confident	1-1467	1468-1546	1547-1704	1705-1882	1468-1882	1883-2647	both_missing						0	ok	232	734	503	0	0	0	ok	232	748	517	0	0	0	ok	254	748	495	0	0	0	ok	307	518	212	0	0	0	ok	1925	2601	677	0	0	0	ok	2319	2586	268	1	2	0	6	yes
PX215053.1	2648	+	itsxrust	confident	1-1467	1468-1548	1549-1706	1707-1883	1468-1883	1884-2648	both_missing						0	ok	232	734	503	0	0	0	ok	232	748	517	0	0	0	ok	254	748	495	0	0	0	ok	307	518	212	0	0	0	ok	1926	2602	677	0	0	0	ok	2320	2587	268	1	2	0	6	yes
PX215054.1	2648	+	itsxrust	confident	1-1467	1468-1548	1549-1706	1707-1883	1468-1883	1884-2648	both_missing						0	ok	232	734	503	0	0	0	ok	232	748	517	0	0	0	ok	254	748	495	0	0	0	ok	307	518	212	0	0	0	ok	1926	2602	677	0	0	0	ok	2320	2587	268	1	2	0	6	yes
PX215055.1	2653	+	itsxrust	confident	1-1467	1468-1548	1549-1706	1707-1887	1468-1887	1888-2653	both_missing						0	ok	232	734	503	0	0	0	ok	232	748	517	0	0	0	ok	254	748	495	0	0	0	ok	307	518	212	0	0	0	ok	1930	2607	678	0	0	0	ok	2325	2592	268	1	2	0	6	yes
PX215056.1	2652	+	itsxrust	confident	1-1467	1468-1548	1549-1706	1707-1886	1468-1886	1887-2652	both_missing						0	ok	232	734	503	0	0	0	ok	232	748	517	0	0	0	ok	254	748	495	0	0	0	ok	307	518	212	0	0	0	ok	1929	2606	678	0	0	0	ok	2324	2591	268	1	2	0	6	yes
PX215057.1	2652	+	itsxrust	confident	1-1467	1468-1548	1549-1706	1707-1886	1468-1886	1887-2652	both_missing						0	ok	232	734	503	0	0	0	ok	232	748	517	0	0	0	ok	254	748	495	0	0	0	ok	307	518	212	0	0	0	ok	1929	2606	678	0	0	0	ok	2324	2591	268	1	2	0	6	yes
PX215058.1	2653	+	itsxrust	confident	1-1468	1469-1549	1550-1707	1708-1887	1469-1887	1888-2653	both_missing						0	ok	232	735	504	0	0	0	ok	232	749	518	0	0	0	ok	254	749	496	0	0	0	ok	307	519	213	0	0	0	ok	1930	2607	678	0	0	0	ok	2325	2592	268	1	2	0	6	yes
PX215059.1	2647	+	itsxrust	confident	1-1467	1468-1550	1551-1708	1709-1882	1468-1882	1883-2647	both_missing						0	ok	232	734	503	0	0	0	ok	232	748	517	0	0	0	ok	254	748	495	0	0	0	ok	307	518	212	0	0	0	ok	1925	2601	677	0	0	0	ok	2319	2586	268	1	2	0	6	yes
PX215060.1	2647	+	itsxrust	confident	1-1467	1468-1550	1551-1708	1709-1882	1468-1882	1883-2647	both_missing						0	ok	232	734	503	0	0	0	ok	232	748	517	0	0	0	ok	254	748	495	0	0	0	ok	307	518	212	0	0	0	ok	1925	2601	677	0	0	0	ok	2319	2586	268	1	2	0	6	yes
PX215061.1	2647	+	itsxrust	confident	1-1467	1468-1550	1551-1708	1709-1882	1468-1882	1883-2647	both_missing						0	ok	232	734	503	0	0	0	ok	232	748	517	0	0	0	ok	254	748	495	0	0	0	ok	307	518	212	0	0	0	ok	1925	2601	677	0	0	0	ok	2319	2586	268	1	2	0	6	yes
PX215062.1	2647	+	itsxrust	confident	1-1467	1468-1550	1551-1708	1709-1882	1468-1882	1883-2647	both_missing						0	ok	232	734	503	0	0	0	ok	232	748	517	0	0	0	ok	254	748	495	0	0	0	ok	307	518	212	0	0	0	ok	1925	2601	677	0	0	0	ok	2319	2586	268	1	2	0	6	yes
PX215063.1	2647	+	itsxrust	confident	1-1467	1468-1550	1551-1708	1709-1882	1468-1882	1883-2647	both_missing						0	ok	232	734	503	0	0	0	ok	232	748	517	0	0	0	ok	254	748	495	0	0	0	ok	307	518	212	0	0	0	ok	1925	2601	677	0	0	0	ok	2319	2586	268	1	2	0	6	yes
PX215064.1	2646	+	itsxrust	confident	1-1467	1468-1549	1550-1707	1708-1881	1468-1881	1882-2646	both_missing						0	ok	232	734	503	0	0	0	ok	232	748	517	0	0	0	ok	254	748	495	0	0	0	ok	307	518	212	0	0	0	ok	1924	2600	677	0	0	0	ok	2318	2585	268	1	2	0	6	yes
PX215065.1	2662	+	itsxrust	confident	1-1467	1468-1547	1548-1705	1706-1896	1468-1896	1897-2662	both_missing						0	ok	232	734	503	0	0	0	ok	232	748	517	0	0	0	ok	254	748	495	0	0	0	ok	307	518	212	0	0	0	ok	1939	2616	678	0	0	0	ok	2333	2601	269	1	2	0	6	yes
PX215066.1	2662	+	itsxrust	confident	1-1467	1468-1547	1548-1705	1706-1896	1468-1896	1897-2662	both_missing						0	ok	232	734	503	0	0	0	ok	232	748	517	0	0	0	ok	254	748	495	0	0	0	ok	307	518	212	0	0	0	ok	1939	2616	678	0	0	0	ok	2333	2601	269	1	2	0	6	yes
PX215067.1	2661	+	itsxrust	confident	1-1467	1468-1547	1548-1705	1706-1896	1468-1896	1897-2661	both_missing						0	ok	232	734	503	0	0	0	ok	232	748	517	0	0	0	ok	254	748	495	0	0	0	ok	307	518	212	0	0	0	ok	1939	2615	677	0	0	0	ok	2333	2600	268	1	2	0	6	yes
PX215068.1	2650	+	itsxrust	confident	1-1467	1468-1547	1548-1705	1706-1884	1468-1884	1885-2650	both_missing						0	ok	232	734	503	0	0	0	ok	232	748	517	0	0	0	ok	254	748	495	0	0	0	ok	307	518	212	0	0	0	ok	1927	2604	678	0	0	0	ok	2322	2589	268	1	2	0	6	yes
PX215069.1	2653	+	itsxrust	confident	1-1467	1468-1549	1550-1707	1708-1877	1468-1877	1878-2653	both_missing						0	ok	232	734	503	0	0	0	ok	232	748	517	0	0	0	ok	254	748	495	0	0	0	ok	307	518	212	0	0	0	ok	1930	2607	678	0	0	0	ok	2324	2592	269	1	2	0	6	yes
PX215070.1	2653	+	itsxrust	confident	1-1467	1468-1549	1550-1707	1708-1877	1468-1877	1878-2653	both_missing						0	ok	232	734	503	0	0	0	ok	232	748	517	0	0	0	ok	254	748	495	0	0	0	ok	307	518	212	0	0	0	ok	1930	2607	678	0	0	0	ok	2324	2592	269	1	2	0	6	yes
PX215071.1	2653	+	itsxrust	confident	1-1467	1468-1549	1550-1707	1708-1877	1468-1877	1878-2653	both_missing						0	ok	232	734	503	0	0	0	ok	232	748	517	0	0	0	ok	254	748	495	0	0	0	ok	307	518	212	0	0	0	ok	1930	2607	678	0	0	0	ok	2324	2592	269	1	2	0	6	yes
PX215072.1	2653	+	itsxrust	confident	1-1467	1468-1549	1550-1707	1708-1877	1468-1877	1878-2653	both_missing						0	ok	232	734	503	0	0	0	ok	232	748	517	0	0	0	ok	254	748	495	0	0	0	ok	307	518	212	0	0	0	ok	1930	2607	678	0	0	0	ok	2324	2592	269	1	2	0	6	yes
PX215073.1	2641	+	itsxrust	confident	1-1468	1469-1541	1542-1699	1700-1877	1469-1877	1878-2641	both_missing						0	ok	232	735	504	0	0	0	ok	232	749	518	0	0	0	ok	254	749	496	0	0	0	ok	307	519	213	0	0	0	ok	1920	2595	676	0	0	0	ok	2314	2580	267	0	2	0	6	yes
PX215074.1	2644	+	itsxrust	confident	1-1468	1469-1543	1544-1701	1702-1880	1469-1880	1881-2644	both_missing						0	ok	232	735	504	0	0	0	ok	232	749	518	0	0	0	ok	254	749	496	0	0	0	ok	307	519	213	0	0	0	ok	1923	2598	676	0	0	0	ok	2317	2583	267	0	2	0	6	yes
PX215075.1	2644	+	itsxrust	confident	1-1468	1469-1543	1544-1701	1702-1880	1469-1880	1881-2644	both_missing						0	ok	232	735	504	0	0	0	ok	232	749	518	0	0	0	ok	254	749	496	0	0	0	ok	307	519	213	0	0	0	ok	1923	2598	676	0	0	0	ok	2317	2583	267	0	2	0	6	yes
PX215076.1	2642	+	itsxrust	confident	1-1468	1469-1540	1541-1698	1699-1878	1469-1878	1879-2642	both_missing						0	ok	232	735	504	0	0	0	ok	232	749	518	0	0	0	ok	254	749	496	0	0	0	ok	307	519	213	0	0	0	ok	1921	2596	676	0	0	0	ok	2315	2581	267	0	2	0	6	yes
PX215077.1	2639	+	itsxrust	confident	1-1468	1469-1541	1542-1699	1700-1875	1469-1875	1876-2639	both_missing						0	ok	232	735	504	0	0	0	ok	232	749	518	0	0	0	ok	254	749	496	0	0	0	ok	307	519	213	0	0	0	ok	1918	2593	676	0	0	0	ok	2312	2578	267	0	1	0	6	yes
PX215078.1	2637	+	itsxrust	confident	1-1468	1469-1538	1539-1696	1697-1873	1469-1873	1874-2637	both_missing						0	ok	232	735	504	0	0	0	ok	232	749	518	0	0	0	ok	254	749	496	0	0	0	ok	307	519	213	0	0	0	ok	1916	2591	676	0	0	0	ok	2310	2576	267	0	1	0	6	yes
PX215079.1	2636	+	itsxrust	confident	1-1470	1471-1542	1543-1700	1701-1870	1471-1870	1871-2636	both_missing						0	ok	232	735	504	0	0	0	ok	232	749	518	0	0	0	ok	254	749	496	0	0	0	ok	307	519	213	0	0	0	ok	1913	2590	678	0	0	0	ok	2307	2575	269	0	3	0	6	yes
PX215080.1	2636	+	itsxrust	confident	1-1470	1471-1542	1543-1700	1701-1870	1471-1870	1871-2636	both_missing						0	ok	232	735	504	0	0	0	ok	232	749	518	0	0	0	ok	254	749	496	0	0	0	ok	307	519	213	0	0	0	ok	1913	2590	678	0	0	0	ok	2307	2575	269	0	3	0	6	yes
PX215081.1	2636	+	itsxrust	confident	1-1470	1471-1542	1543-1700	1701-1870	1471-1870	1871-2636	both_missing						0	ok	232	735	504	0	0	0	ok	232	749	518	0	0	0	ok	254	749	496	0	0	0	ok	307	519	213	0	0	0	ok	1913	2590	678	0	0	0	ok	2307	2575	269	0	3	0	6	yes
PX215082.1	2636	+	itsxrust	confident	1-1470	1471-1542	1543-1700	1701-1870	1471-1870	1871-2636	both_missing						0	ok	232	735	504	0	0	0	ok	232	749	518	0	0	0	ok	254	749	496	0	0	0	ok	307	519	213	0	0	0	ok	1913	2590	678	0	0	0	ok	2307	2575	269	0	3	0	6	yes
PX215083.1	2637	+	itsxrust	confident	1-1471	1472-1543	1544-1701	1702-1871	1472-1871	1872-2637	both_missing						0	ok	233	736	504	0	0	0	ok	233	750	518	0	0	0	ok	255	750	496	0	0	0	ok	308	520	213	0	0	0	ok	1914	2591	678	0	0	0	ok	2308	2576	269	0	3	0	6	yes
PX215084.1	2636	+	itsxrust	confident	1-1470	1471-1542	1543-1700	1701-1870	1471-1870	1871-2636	both_missing						0	ok	232	735	504	0	0	0	ok	232	749	518	0	0	0	ok	254	749	496	0	0	0	ok	307	519	213	0	0	0	ok	1913	2590	678	0	0	0	ok	2307	2575	269	0	3	0	6	yes
PX215085.1	2636	+	itsxrust	confident	1-1470	1471-1542	1543-1700	1701-1870	1471-1870	1871-2636	both_missing						0	ok	232	735	504	0	0	0	ok	232	749	518	0	0	0	ok	254	749	496	0	0	0	ok	307	519	213	0	0	0	ok	1913	2590	678	0	0	0	ok	2307	2575	269	0	3	0	6	yes
PX215086.1	2636	+	itsxrust	confident	1-1470	1471-1542	1543-1700	1701-1870	1471-1870	1871-2636	both_missing						0	ok	232	735	504	0	0	0	ok	232	749	518	0	0	0	ok	254	749	496	0	0	0	ok	307	519	213	0	0	0	ok	1913	2590	678	0	0	0	ok	2307	2575	269	0	3	0	6	yes
PX215087.1	2635	+	itsxrust	confident	1-1470	1471-1542	1543-1700	1701-1870	1471-1870	1871-2635	both_missing						0	ok	232	735	504	0	0	0	ok	232	749	518	0	0	0	ok	254	749	496	0	0	0	ok	307	519	213	0	0	0	ok	1913	2589	677	0	0	0	ok	2306	2574	269	0	3	0	6	yes
PX215088.1	2636	+	itsxrust	confident	1-1471	1472-1543	1544-1701	1702-1871	1472-1871	1872-2636	both_missing						0	ok	233	737	505	0	0	0	ok	233	751	519	0	0	0	ok	255	751	497	0	0	0	ok	308	521	214	0	0	0	ok	1914	2590	677	0	0	0	ok	2307	2575	269	0	3	0	6	yes
PX215089.1	2636	+	itsxrust	confident	1-1470	1471-1542	1543-1700	1701-1869	1471-1869	1870-2636	both_missing						0	ok	232	735	504	0	0	0	ok	232	749	518	0	0	0	ok	254	749	496	0	0	0	ok	307	519	213	0	0	0	ok	1912	2590	679	0	0	0	ok	2306	2575	270	1	3	0	6	yes
PX215090.1	2639	+	itsxrust	confident	1-1470	1471-1544	1545-1702	1703-1874	1471-1874	1875-2639	both_missing						0	ok	232	735	504	0	0	0	ok	232	749	518	0	0	0	ok	254	749	496	0	0	0	ok	307	519	213	0	0	0	ok	1917	2593	677	0	0	0	ok	2310	2578	269	0	2	0	6	yes
PX215091.1	2639	+	itsxrust	confident	1-1470	1471-1544	1545-1702	1703-1874	1471-1874	1875-2639	both_missing						0	ok	232	735	504	0	0	0	ok	232	749	518	0	0	0	ok	254	749	496	0	0	0	ok	307	519	213	0	0	0	ok	1917	2593	677	0	0	0	ok	2310	2578	269	0	2	0	6	yes
PX215092.1	2639	+	itsxrust	confident	1-1470	1471-1544	1545-1702	1703-1874	1471-1874	1875-2639	both_missing						0	ok	232	735	504	0	0	0	ok	232	749	518	0	0	0	ok	254	749	496	0	0	0	ok	307	519	213	0	0	0	ok	1917	2593	677	0	0	0	ok	2310	2578	269	0	2	0	6	yes
PX215093.1	2639	+	itsxrust	confident	1-1470	1471-1544	1545-1702	1703-1874	1471-1874	1875-2639	both_missing						0	ok	232	735	504	0	0	0	ok	232	749	518	0	0	0	ok	254	749	496	0	0	0	ok	307	519	213	0	0	0	ok	1917	2593	677	0	0	0	ok	2310	2578	269	0	2	0	6	yes
PX215094.1	2639	+	itsxrust	confident	1-1470	1471-1544	1545-1702	1703-1874	1471-1874	1875-2639	both_missing						0	ok	232	735	504	0	0	0	ok	232	749	518	0	0	0	ok	254	749	496	0	0	0	ok	307	519	213	0	0	0	ok	1917	2593	677	0	0	0	ok	2310	2578	269	0	2	0	6	yes
PX215095.1	2639	+	itsxrust	confident	1-1470	1471-1544	1545-1702	1703-1874	1471-1874	1875-2639	both_missing						0	ok	232	735	504	0	0	0	ok	232	749	518	0	0	0	ok	254	749	496	0	0	0	ok	307	519	213	0	0	0	ok	1917	2593	677	0	0	0	ok	2310	2578	269	0	2	0	6	yes
PX215096.1	2638	+	itsxrust	confident	1-1470	1471-1542	1543-1700	1701-1873	1471-1873	1874-2638	both_missing						0	ok	232	735	504	0	0	0	ok	232	749	518	0	0	0	ok	254	749	496	0	0	0	ok	307	519	213	0	0	0	ok	1916	2592	677	0	0	0	ok	2309	2577	269	0	2	0	6	yes
PX215097.1	2639	+	itsxrust	confident	1-1471	1472-1543	1544-1701	1702-1874	1472-1874	1875-2639	both_missing						0	ok	232	736	505	0	0	0	ok	232	750	519	0	0	0	ok	254	750	497	0	0	0	ok	307	520	214	0	0	0	ok	1917	2593	677	0	0	0	ok	2310	2578	269	0	2	0	6	yes
PX215098.1	2643	+	itsxrust	confident	1-1470	1471-1544	1545-1702	1703-1878	1471-1878	1879-2643	both_missing						0	ok	232	735	504	0	0	0	ok	232	749	518	0	0	0	ok	254	749	496	0	0	0	ok	307	519	213	0	0	0	ok	1921	2597	677	0	1	0	open_3p	2314	2643	330	0		0	6	yes
PX215099.1	2642	+	itsxrust	confident	1-1469	1470-1543	1544-1701	1702-1877	1470-1877	1878-2642	both_missing						0	ok	232	734	503	0	0	0	ok	232	748	517	0	0	0	ok	254	748	495	0	0	0	ok	307	518	212	0	0	0	ok	1920	2596	677	0	1	0	open_3p	2313	2642	330	0		0	6	yes
PX215100.1	2641	+	itsxrust	confident	1-1470	1471-1543	1544-1701	1702-1876	1471-1876	1877-2641	both_missing						0	ok	232	735	504	0	0	0	ok	232	749	518	0	0	0	ok	254	749	496	0	0	0	ok	307	519	213	0	0	0	ok	1919	2595	677	0	0	0	ok	2312	2580	269	0	1	0	6	yes
PX215101.1	2641	+	itsxrust	confident	1-1470	1471-1544	1545-1702	1703-1876	1471-1876	1877-2641	both_missing						0	ok	232	735	504	0	0	0	ok	232	749	518	0	0	0	ok	254	749	496	0	0	0	ok	307	519	213	0	0	0	ok	1919	2595	677	0	0	0	ok	2312	2580	269	0	2	0	6	yes
PX215102.1	2644	+	itsxrust	confident	1-1470	1471-1544	1545-1702	1703-1879	1471-1879	1880-2644	both_missing						0	ok	232	735	504	0	0	0	ok	232	749	518	0	0	0	ok	254	749	496	0	0	0	ok	307	519	213	0	0	0	ok	1922	2598	677	0	0	0	ok	2315	2583	269	0	2	0	6	yes
PX215103.1	2648	+	itsxrust	confident	1-1470	1471-1550	1551-1708	1709-1882	1471-1882	1883-2648	both_missing						0	ok	232	735	504	0	0	0	ok	232	749	518	0	0	0	ok	254	749	496	0	0	0	ok	307	519	213	0	0	0	ok	1925	2602	678	0	0	0	ok	2318	2587	270	0	1	0	6	yes
PX215104.1	2648	+	itsxrust	confident	1-1470	1471-1550	1551-1708	1709-1883	1471-1883	1884-2648	both_missing						0	ok	232	735	504	0	0	0	ok	232	749	518	0	0	0	ok	254	749	496	0	0	0	ok	307	519	213	0	0	0	ok	1926	2602	677	0	0	0	ok	2319	2587	269	0	2	0	6	yes
PX215105.1	2647	+	itsxrust	confident	1-1470	1471-1545	1546-1703	1704-1881	1471-1881	1882-2647	both_missing						0	ok	232	735	504	0	1	0	ok	232	749	518	0	0	0	ok	254	749	496	0	0	0	ok	307	519	213	0	0	0	ok	1924	2601	678	0	0	0	ok	2317	2586	270	0	1	0	6	yes
PX215106.1	2633	+	itsxrust	confident	1-1470	1471-1540	1541-1698	1699-1869	1471-1869	1870-2633	both_missing						0	ok	232	735	504	0	0	0	ok	232	749	518	0	0	0	ok	254	749	496	0	0	0	ok	307	519	213	0	0	0	ok	1912	2587	676	0	0	0	ok	2304	2572	269	0	3	0	6	yes
PX215107.1	2633	+	itsxrust	confident	1-1470	1471-1540	1541-1698	1699-1869	1471-1869	1870-2633	both_missing						0	ok	232	735	504	0	0	0	ok	232	749	518	0	0	0	ok	254	749	496	0	0	0	ok	307	519	213	0	0	0	ok	1912	2587	676	0	0	0	ok	2304	2572	269	0	3	0	6	yes
PX215108.1	2638	+	itsxrust	confident	1-1470	1471-1541	1542-1699	1700-1872	1471-1872	1873-2638	both_missing						0	ok	232	735	504	0	0	0	ok	232	749	518	0	0	0	ok	254	749	496	0	0	0	ok	307	519	213	0	0	0	ok	1915	2592	678	0	0	0	ok	2309	2577	269	0	3	0	6	yes
PX215109.1	2630	+	itsxrust	confident	1-1470	1471-1538	1539-1696	1697-1865	1471-1865	1866-2630	both_missing						0	ok	232	735	504	0	0	0	ok	232	749	518	0	0	0	ok	254	749	496	0	0	0	ok	307	519	213	0	0	0	ok	1908	2584	677	0	0	0	ok	2301	2569	269	0	2	0	6	yes
PX215110.1	2630	+	itsxrust	confident	1-1470	1471-1538	1539-1696	1697-1865	1471-1865	1866-2630	both_missing						0	ok	232	735	504	0	0	0	ok	232	749	518	0	0	0	ok	254	749	496	0	0	0	ok	307	519	213	0	0	0	ok	1908	2584	677	0	0	0	ok	2301	2569	269	0	2	0	6	yes
PX215111.1	2630	+	itsxrust	confident	1-1470	1471-1538	1539-1696	1697-1865	1471-1865	1866-2630	both_missing						0	ok	232	735	504	0	0	0	ok	232	749	518	0	0	0	ok	254	749	496	0	0	0	ok	307	519	213	0	0	0	ok	1908	2584	677	0	0	0	ok	2301	2569	269	0	2	0	6	yes
PX215112.1	2630	+	itsxrust	confident	1-1470	1471-1538	1539-1696	1697-1865	1471-1865	1866-2630	both_missing						0	ok	232	735	504	0	0	0	ok	232	749	518	0	0	0	ok	254	749	496	0	0	0	ok	307	519	213	0	0	0	ok	1908	2584	677	0	0	0	ok	2301	2569	269	0	2	0	6	yes
PX215113.1	2630	+	itsxrust	confident	1-1470	1471-1538	1539-1696	1697-1865	1471-1865	1866-2630	both_missing						0	ok	232	735	504	0	0	0	ok	232	749	518	0	0	0	ok	254	749	496	0	0	0	ok	307	519	213	0	0	0	ok	1908	2584	677	0	0	0	ok	2301	2569	269	0	2	0	6	yes
PX215114.1	2630	+	itsxrust	confident	1-1470	1471-1538	1539-1696	1697-1865	1471-1865	1866-2630	both_missing						0	ok	232	735	504	0	0	0	ok	232	749	518	0	0	0	ok	254	749	496	0	0	0	ok	307	519	213	0	0	0	ok	1908	2584	677	0	0	0	ok	2301	2569	269	0	2	0	6	yes
PX215115.1	2641	+	itsxrust	confident	1-1470	1471-1544	1545-1702	1703-1875	1471-1875	1876-2641	both_missing						0	ok	232	735	504	0	0	0	ok	232	749	518	0	0	0	ok	254	749	496	0	0	0	ok	307	519	213	0	0	0	ok	1918	2595	678	0	0	0	ok	2312	2580	269	0	3	0	6	yes
PX215116.1	2641	+	itsxrust	confident	1-1470	1471-1544	1545-1702	1703-1875	1471-1875	1876-2641	both_missing						0	ok	232	735	504	0	0	0	ok	232	749	518	0	0	0	ok	254	749	496	0	0	0	ok	307	519	213	0	0	0	ok	1918	2595	678	0	0	0	ok	2312	2580	269	0	3	0	6	yes
PX215117.1	2589	+	itsxrust	confident	1-1420	1421-1495	1496-1653	1654-1823	1421-1823	1824-2589	both_missing						0	ok	233	740	508	0	0	0	ok	233	754	522	0	0	0	too_long	1	754	754		0	0	ok	308	524	217	1	1	1	ok	1866	2543	678	1	1	0	open_3p	2260	2589	330	1		0	5	yes
PX215118.1	2755	+	itsxrust	confident	1-1476	1477-1620	1621-1778	1779-1988	1477-1988	1989-2755	both_missing						0	ok	232	739	508	0	3	0	ok	232	753	522	0	1	0	ok	254	753	500	0	1	0	ok	307	525	219	1	0	0	ok	2029	2709	681	0	0	0	ok	2422	2694	273	1	3	1	6	yes
PX215119.1	2755	+	itsxrust	confident	1-1476	1477-1620	1621-1778	1779-1988	1477-1988	1989-2755	both_missing						0	ok	232	739	508	0	3	0	ok	232	753	522	0	1	0	ok	254	753	500	0	1	0	ok	307	525	219	1	0	0	ok	2029	2709	681	0	0	0	ok	2422	2694	273	1	3	1	6	yes
PX215120.1	2756	+	itsxrust	confident	1-1476	1477-1620	1621-1778	1779-1988	1477-1988	1989-2756	both_missing						0	ok	232	739	508	0	3	0	ok	232	753	522	0	1	0	ok	254	753	500	0	1	0	ok	307	525	219	1	0	0	ok	2029	2710	682	0	0	0	ok	2422	2695	274	1	3	1	6	yes
PX215121.1	2755	+	itsxrust	confident	1-1476	1477-1620	1621-1778	1779-1988	1477-1988	1989-2755	both_missing						0	ok	232	739	508	0	3	0	ok	232	753	522	0	1	0	ok	254	753	500	0	1	0	ok	307	525	219	1	0	0	ok	2029	2709	681	0	0	0	ok	2422	2694	273	1	3	1	6	yes
PX215122.1	2755	+	itsxrust	confident	1-1476	1477-1620	1621-1778	1779-1986	1477-1986	1987-2755	both_missing						0	ok	232	739	508	0	3	0	ok	232	753	522	0	1	0	ok	254	753	500	0	1	0	ok	307	525	219	1	0	0	ok	2029	2709	681	0	0	0	ok	2422	2694	273	1	3	1	6	yes
PX215123.1	2755	+	itsxrust	confident	1-1476	1477-1620	1621-1778	1779-1986	1477-1986	1987-2755	both_missing						0	ok	232	739	508	0	3	0	ok	232	753	522	0	1	0	ok	254	753	500	0	1	0	ok	307	525	219	1	0	0	ok	2029	2709	681	0	0	0	ok	2422	2694	273	1	3	1	6	yes
PX215124.1	2755	+	itsxrust	confident	1-1476	1477-1620	1621-1778	1779-1986	1477-1986	1987-2755	both_missing						0	ok	232	739	508	0	3	0	ok	232	753	522	0	1	0	ok	254	753	500	0	1	0	ok	307	525	219	1	0	0	ok	2029	2709	681	0	0	0	ok	2422	2694	273	1	3	1	6	yes
PX215125.1	2753	+	itsxrust	confident	1-1476	1477-1620	1621-1778	1779-1986	1477-1986	1987-2753	both_missing						0	ok	232	739	508	0	3	0	ok	232	753	522	0	1	0	ok	254	753	500	0	1	0	ok	307	525	219	1	0	0	ok	2027	2707	681	0	0	0	ok	2420	2692	273	1	3	1	6	yes
PX215126.1	2756	+	itsxrust	confident	1-1476	1477-1621	1622-1779	1780-1989	1477-1989	1990-2756	both_missing						0	ok	232	739	508	0	3	0	ok	232	753	522	0	1	0	ok	254	753	500	0	1	0	ok	307	525	219	1	0	0	ok	2030	2710	681	0	0	0	ok	2423	2695	273	1	3	1	6	yes
PX215127.1	2755	+	itsxrust	confident	1-1476	1477-1620	1621-1778	1779-1988	1477-1988	1989-2755	both_missing						0	ok	232	739	508	0	3	0	ok	232	753	522	0	1	0	ok	254	753	500	0	1	0	ok	307	525	219	1	0	0	ok	2029	2709	681	0	0	0	ok	2422	2694	273	1	3	1	6	yes
PX215128.1	2755	+	itsxrust	confident	1-1476	1477-1620	1621-1778	1779-1988	1477-1988	1989-2755	both_missing						0	ok	232	739	508	0	3	0	ok	232	753	522	0	1	0	ok	254	753	500	0	1	0	ok	307	525	219	1	0	0	ok	2029	2709	681	0	0	0	ok	2422	2694	273	1	3	1	6	yes
PX215129.1	2754	+	itsxrust	confident	1-1476	1477-1621	1622-1779	1780-1987	1477-1987	1988-2754	both_missing						0	ok	232	739	508	0	3	0	ok	232	753	522	0	1	0	ok	254	753	500	0	1	0	ok	307	525	219	1	0	0	ok	2028	2708	681	0	0	0	ok	2421	2693	273	1	3	1	6	yes
PX215130.1	2748	+	itsxrust	confident	1-1476	1477-1615	1616-1773	1774-1981	1477-1981	1982-2748	both_missing						0	ok	232	739	508	0	3	0	ok	232	753	522	0	1	0	ok	254	753	500	0	1	0	ok	307	525	219	1	0	0	ok	2022	2702	681	0	1	0	open_3p	2415	2748	334	1		1	6	yes
PX215131.1	2748	+	itsxrust	confident	1-1476	1477-1615	1616-1773	1774-1981	1477-1981	1982-2748	both_missing						0	ok	232	739	508	0	3	0	ok	232	753	522	0	1	0	ok	254	753	500	0	1	0	ok	307	525	219	1	0	0	ok	2022	2702	681	0	1	0	open_3p	2415	2748	334	1		1	6	yes
PX215132.1	2743	+	itsxrust	confident	1-1475	1476-1614	1615-1772	1773-1975	1476-1975	1976-2743	both_missing						0	ok	232	738	507	0	3	0	ok	232	752	521	0	1	0	ok	254	752	499	0	1	0	ok	307	524	218	1	0	0	ok	2017	2697	681	0	0	0	ok	2410	2682	273	1	3	1	6	yes
PX215133.1	2742	+	itsxrust	confident	1-1475	1476-1613	1614-1771	1772-1974	1476-1974	1975-2742	both_missing						0	ok	232	738	507	0	3	0	ok	232	752	521	0	1	0	ok	254	752	499	0	1	0	ok	307	524	218	1	0	0	ok	2016	2696	681	0	0	0	ok	2409	2681	273	1	3	1	6	yes
PX215134.1	2744	+	itsxrust	confident	1-1475	1476-1617	1618-1775	1776-1976	1476-1976	1977-2744	both_missing						0	ok	232	738	507	0	3	0	ok	232	752	521	0	1	0	ok	254	752	499	0	1	0	ok	307	524	218	1	0	0	ok	2018	2698	681	0	0	0	ok	2411	2683	273	1	3	1	6	yes
PX215135.1	2749	+	itsxrust	confident	1-1476	1477-1622	1623-1780	1781-1981	1477-1981	1982-2749	both_missing						0	ok	232	739	508	0	3	0	ok	232	753	522	0	1	0	ok	254	753	500	0	1	0	ok	307	525	219	1	0	0	ok	2023	2703	681	0	0	0	ok	2416	2688	273	1	3	1	6	yes
PX215136.1	2751	+	itsxrust	confident	1-1476	1477-1623	1624-1782	1783-1983	1477-1983	1984-2751	both_missing						0	ok	233	739	507	0	3	0	ok	233	753	521	0	1	0	ok	255	753	499	0	1	0	ok	308	525	218	1	0	0	ok	2025	2705	681	0	0	0	ok	2418	2690	273	1	3	1	6	yes
PX215137.1	2752	+	itsxrust	confident	1-1475	1476-1622	1623-1781	1782-1984	1476-1984	1985-2752	both_missing						0	ok	232	738	507	0	3	0	ok	232	752	521	0	1	0	ok	254	752	499	0	1	0	ok	307	524	218	1	0	0	ok	2026	2706	681	0	0	0	ok	2419	2691	273	1	3	1	6	yes
PX215138.1	2744	+	itsxrust	confident	1-1475	1476-1614	1615-1772	1773-1976	1476-1976	1977-2744	both_missing						0	ok	232	738	507	0	3	0	ok	232	752	521	0	1	0	ok	254	752	499	0	1	0	ok	307	524	218	1	0	0	ok	2018	2698	681	0	0	0	ok	2411	2683	273	1	3	1	6	yes
PX215139.1	2745	+	itsxrust	confident	1-1475	1476-1614	1615-1772	1773-1977	1476-1977	1978-2745	both_missing						0	ok	232	738	507	0	3	0	ok	232	752	521	0	1	0	ok	254	752	499	0	1	0	ok	307	524	218	1	0	0	ok	2019	2699	681	0	0	0	ok	2412	2684	273	1	3	1	6	yes
PX215140.1	2746	+	itsxrust	confident	1-1475	1476-1615	1616-1773	1774-1978	1476-1978	1979-2746	both_missing						0	ok	232	738	507	0	3	0	ok	232	752	521	0	1	0	ok	254	752	499	0	1	0	ok	307	524	218	1	0	0	ok	2020	2700	681	0	0	0	ok	2413	2685	273	1	3	1	6	yes
PX215141.1	2739	+	itsxrust	confident	1-1475	1476-1614	1615-1772	1773-1971	1476-1971	1972-2739	both_missing						0	ok	232	738	507	0	3	0	ok	232	752	521	0	1	0	ok	254	752	499	0	1	0	ok	307	524	218	1	0	0	ok	2013	2693	681	0	0	0	ok	2406	2678	273	1	3	1	6	yes
PX215142.1	2730	+	itsxrust	confident	1-1474	1475-1586	1587-1738	1739-1960	1475-1960	1961-2730	both_missing						0	too_long	232	2730	2499	0		0	ok	232	751	520	0	0	0	ok	254	751	498	0	0	0	ok	306	523	218	2	0	1	ok	2002	2684	683	0	0	0	open_3p	2397	2730	334	0		0	5	yes
PX215143.1	2730	+	itsxrust	confident	1-1474	1475-1586	1587-1738	1739-1960	1475-1960	1961-2730	both_missing						0	too_long	232	2730	2499	0		0	ok	232	751	520	0	0	0	ok	254	751	498	0	0	0	ok	306	523	218	2	0	1	ok	2002	2684	683	0	0	0	open_3p	2397	2730	334	0		0	5	yes
PX215144.1	2730	+	itsxrust	confident	1-1474	1475-1586	1587-1738	1739-1960	1475-1960	1961-2730	both_missing						0	too_long	232	2730	2499	0		0	ok	232	751	520	0	0	0	ok	254	751	498	0	0	0	ok	306	523	218	2	0	1	ok	2002	2684	683	0	0	0	open_3p	2397	2730	334	0		0	5	yes
PX215145.1	2730	+	itsxrust	confident	1-1474	1475-1586	1587-1738	1739-1960	1475-1960	1961-2730	both_missing						0	too_long	232	2730	2499	0		0	ok	232	751	520	0	0	0	ok	254	751	498	0	0	0	ok	306	523	218	2	0	1	ok	2002	2684	683	0	0	0	open_3p	2397	2730	334	0		0	5	yes
PX215146.1	2728	+	itsxrust	confident	1-1474	1475-1586	1587-1738	1739-1958	1475-1958	1959-2728	both_missing						0	too_long	232	2728	2497	0		0	ok	232	751	520	0	0	0	ok	254	751	498	0	0	0	ok	306	523	218	2	0	1	ok	2000	2682	683	0	0	0	open_3p	2395	2728	334	0		0	5	yes
PX215147.1	2728	+	itsxrust	confident	1-1474	1475-1586	1587-1738	1739-1958	1475-1958	1959-2728	both_missing						0	too_long	232	2728	2497	0		0	ok	232	751	520	0	0	0	ok	254	751	498	0	0	0	ok	306	523	218	2	0	1	ok	2000	2682	683	0	0	0	open_3p	2395	2728	334	0		0	5	yes
PX215148.1	2729	+	itsxrust	confident	1-1474	1475-1586	1587-1738	1739-1959	1475-1959	1960-2729	both_missing						0	too_long	232	2729	2498	0		0	ok	232	751	520	0	0	0	ok	254	751	498	0	0	0	ok	306	523	218	2	0	1	ok	2001	2683	683	0	0	0	open_3p	2397	2729	333	0		0	5	yes
PX215149.1	2731	+	itsxrust	confident	1-1474	1475-1587	1588-1739	1740-1958	1475-1958	1959-2731	both_missing						0	too_long	232	2731	2500	0		0	ok	232	751	520	0	0	0	ok	254	751	498	0	0	0	ok	306	523	218	2	0	1	ok	2003	2685	683	0	0	0	open_3p	2398	2731	334	0		0	5	yes
PX215150.1	2720	+	itsxrust	confident	1-1474	1475-1584	1585-1736	1737-1947	1475-1947	1948-2720	both_missing						0	too_long	232	2720	2489	0		0	ok	232	751	520	0	0	0	ok	254	751	498	0	0	0	ok	306	523	218	2	0	1	ok	1992	2674	683	0	0	0	open_3p	2387	2720	334	0		0	5	yes
PX215151.1	2720	+	itsxrust	confident	1-1474	1475-1584	1585-1736	1737-1947	1475-1947	1948-2720	both_missing						0	too_long	232	2720	2489	0		0	ok	232	751	520	0	0	0	ok	254	751	498	0	0	0	ok	306	523	218	2	0	1	ok	1992	2674	683	0	0	0	open_3p	2387	2720	334	0		0	5	yes
PX215152.1	2720	+	itsxrust	confident	1-1474	1475-1584	1585-1736	1737-1947	1475-1947	1948-2720	both_missing						0	too_long	232	2720	2489	0		0	ok	232	751	520	0	0	0	ok	254	751	498	0	0	0	ok	306	523	218	2	0	1	ok	1992	2674	683	0	0	0	open_3p	2387	2720	334	0		0	5	yes
PX215153.1	2721	+	itsxrust	confident	1-1474	1475-1585	1586-1737	1738-1948	1475-1948	1949-2721	both_missing						0	too_long	232	2721	2490	0		0	ok	232	751	520	0	0	0	ok	254	751	498	0	0	0	ok	306	523	218	2	0	1	ok	1993	2675	683	0	0	0	open_3p	2388	2721	334	0		0	5	yes
PX215154.1	2722	+	itsxrust	confident	1-1474	1475-1586	1587-1738	1739-1949	1475-1949	1950-2722	both_missing						0	too_long	232	2722	2491	0		0	ok	232	751	520	0	0	0	ok	254	751	498	0	0	0	ok	306	523	218	2	0	1	ok	1994	2676	683	0	0	0	open_3p	2389	2722	334	0		0	5	yes
PX215155.1	2728	+	itsxrust	confident	1-1474	1475-1584	1585-1736	1737-1955	1475-1955	1956-2728	both_missing						0	too_long	232	2728	2497	0		0	ok	232	751	520	0	0	0	ok	254	751	498	0	0	0	ok	306	523	218	2	0	1	ok	2000	2682	683	0	0	0	open_3p	2395	2728	334	0		0	5	yes
PX215156.1	2718	+	itsxrust	confident	1-1474	1475-1584	1585-1736	1737-1945	1475-1945	1946-2718	both_missing						0	too_long	232	2718	2487	0		0	ok	232	751	520	0	0	0	ok	254	751	498	0	0	0	ok	306	523	218	2	0	1	ok	1990	2672	683	0	0	0	open_3p	2385	2718	334	0		0	5	yes
PX215157.1	2735	+	itsxrust	confident	1-1474	1475-1585	1586-1737	1738-1962	1475-1962	1963-2735	both_missing						0	too_long	232	2735	2504	0		0	ok	232	751	520	0	0	0	ok	254	751	498	0	0	0	ok	306	523	218	2	0	1	ok	2007	2689	683	0	0	0	open_3p	2402	2735	334	0		0	5	yes
PX215158.1	2735	+	itsxrust	confident	1-1474	1475-1585	1586-1737	1738-1962	1475-1962	1963-2735	both_missing						0	too_long	232	2735	2504	0		0	ok	232	751	520	0	0	0	ok	254	751	498	0	0	0	ok	306	523	218	2	0	1	ok	2007	2689	683	0	0	0	open_3p	2402	2735	334	0		0	5	yes
PX215159.1	2735	+	itsxrust	confident	1-1474	1475-1585	1586-1737	1738-1962	1475-1962	1963-2735	both_missing						0	too_long	232	2735	2504	0		0	ok	232	751	520	0	0	0	ok	254	751	498	0	0	0	ok	306	523	218	2	0	1	ok	2007	2689	683	0	0	0	open_3p	2402	2735	334	0		0	5	yes
PX215160.1	2734	+	itsxrust	confident	1-1474	1475-1584	1585-1736	1737-1961	1475-1961	1962-2734	both_missing						0	too_long	232	2734	2503	0		0	ok	232	751	520	0	0	0	ok	254	751	498	0	0	0	ok	306	523	218	2	0	1	ok	2006	2688	683	0	0	0	open_3p	2401	2734	334	0		0	5	yes
PX215161.1	2724	+	itsxrust	confident	1-1474	1475-1583	1584-1735	1736-1951	1475-1951	1952-2724	both_missing						0	too_long	232	2724	2493	0		0	ok	232	751	520	0	0	0	ok	254	751	498	0	0	0	ok	306	523	218	2	0	1	ok	1996	2678	683	0	0	0	open_3p	2391	2724	334	0		0	5	yes
PX215162.1	2767	+	itsxrust	confident	1-1472	1473-1597	1598-1749	1750-1994	1473-1994	1995-2767	both_missing						0	too_long	232	2767	2536	0		0	ok	232	750	519	0	0	0	ok	254	750	497	0	0	0	ok	306	522	217	1	0	1	ok	2035	2721	687	0	0	0	ok	2429	2706	278	1	2	0	5	yes
PX215163.1	2766	+	itsxrust	confident	1-1472	1473-1596	1597-1748	1749-1994	1473-1994	1995-2766	both_missing						0	too_long	232	2766	2535	0		0	ok	232	750	519	0	0	0	ok	254	750	497	0	0	0	ok	306	522	217	1	0	1	ok	2035	2720	686	0	0	0	ok	2429	2705	277	1	2	0	5	yes
PX215164.1	2746	+	itsxrust	confident	1-1472	1473-1590	1591-1742	1743-1973	1473-1973	1974-2746	both_missing						0	too_long	232	2746	2515	0		0	ok	232	750	519	0	0	0	ok	254	750	497	0	0	0	ok	306	522	217	1	0	1	ok	2014	2700	687	0	0	0	ok	2408	2685	278	1	2	0	5	yes
