PX207096.1	MT832157_Paraglomus_occultum	97.8	92.0	100.0	635
PX207096.1	MT832156_Paraglomus_occultum	89.7	92.3	99.4	639
PX207096.1	MT832155_Paraglomus_occultum	88.7	91.7	99.5	638
PX207096.1	FR750049_Paraglomus_brasilianum	86.9	99.4	99.6	688
PX207096.1	MT832158_Paraglomus_brasilianum	86.2	91.8	99.7	637
PX207096.1	KY630232.1_Innospora_majewskii	80.1	96.6	89.7	675
PX207096.1	FN547544_Ambispora_fennica	73.0	97.8	97.8	700
PX207096.1	FR750170_Acaulospora_entreriana	72.7	99.1	97.3	704
PX207096.1	JF439210_Ambispora_gerdemannii	72.6	97.8	98.1	698
PX207096.1	FN547539_Ambispora_fennica	72.4	97.5	97.8	700
PX207096.1	FN547517_Acaulospora_laevis	71.3	99.3	97.4	703
PX207096.1	FM876790_Acaulospora_cavernata	71.1	98.5	96.4	710
PX207096.1	AY639265_Acaulospora_paulinae	71.1	98.7	96.4	710
PX207096.1	FM876793_Acalospora_sieverdingii	71.1	98.5	96.4	710
PX207096.1	JN971073.1_Intraornatospora_intraornata	71.1	97.5	99.4	682
PX207096.1	FM876840_Geosiphon_pyriformis	70.1	99.7	93.8	730
PX207098.1	MT832157_Paraglomus_occultum	97.8	91.8	100.0	636
PX207098.1	MT832156_Paraglomus_occultum	89.7	92.1	99.4	640
PX207098.1	MT832155_Paraglomus_occultum	88.7	91.5	99.5	639
PX207098.1	FR750049_Paraglomus_brasilianum	86.9	99.3	99.6	689
PX207098.1	MT832158_Paraglomus_brasilianum	86.2	91.7	99.7	638
PX207098.1	KY630232.1_Innospora_majewskii	80.2	96.5	89.7	676
PX207098.1	FR750170_Acaulospora_entreriana	73.1	98.8	97.1	706
PX207098.1	FN547544_Ambispora_fennica	73.0	97.7	97.8	701
PX207098.1	JF439210_Ambispora_gerdemannii	72.7	97.7	98.1	699
PX207098.1	FN547539_Ambispora_fennica	72.5	97.4	97.8	701
PX207098.1	FN547517_Acaulospora_laevis	71.6	99.0	97.3	705
PX207098.1	JN971073.1_Intraornatospora_intraornata	71.2	96.8	98.8	687
PX207098.1	FM876790_Acaulospora_cavernata	71.0	98.4	96.4	711
PX207098.1	AY639265_Acaulospora_paulinae	71.0	98.5	96.4	711
PX207098.1	FM876793_Acalospora_sieverdingii	71.0	98.4	96.4	711
PX207098.1	FM876840_Geosiphon_pyriformis	70.2	99.6	93.8	731
PX207105.1	MT832166_Ambispora_leptoticha	98.4	92.5	100.0	631
PX207105.1	FN547531_Ambispora_leptoticha	95.3	100.0	98.7	681
PX207105.1	MT832167_Ambispora_gerdemannii	91.3	92.4	99.7	633
PX207105.1	FN547544_Ambispora_fennica	91.1	99.9	99.3	686
PX207105.1	JF439210_Ambispora_gerdemannii	91.1	99.9	99.6	684
PX207105.1	FN547539_Ambispora_fennica	91.0	99.6	99.3	686
PX207105.1	FR750020_Archaeospora_schencki	74.3	98.7	96.7	704
PX207105.1	FN825908_Acaulospora_brasiliansis	73.7	98.5	99.0	688
PX207105.1	FR750170_Acaulospora_entreriana	73.4	99.7	97.3	700
PX207105.1	FN825910_Acaulospora_brasiliansis	73.1	98.5	98.8	689
PX207105.1	FM876790_Acaulospora_cavernata	73.1	99.7	97.0	702
PX207105.1	FM876840_Geosiphon_pyriformis	72.9	99.7	93.3	730
PX207105.1	FN547517_Acaulospora_laevis	72.8	99.3	96.8	703
PX207105.1	AY639265_Acaulospora_paulinae	72.2	99.9	97.0	702
PX207105.1	FR750155_Acaulospora_spinosa	72.2	98.5	95.7	711
PX207105.1	FM876793_Acalospora_sieverdingii	72.1	99.7	97.0	702
PX207102.1	MT832166_Ambispora_leptoticha	98.9	92.5	100.0	631
PX207102.1	FN547531_Ambispora_leptoticha	95.7	100.0	98.7	681
PX207102.1	MT832167_Ambispora_gerdemannii	91.5	92.4	99.7	633
PX207102.1	JF439210_Ambispora_gerdemannii	91.4	99.9	99.6	684
PX207102.1	FN547544_Ambispora_fennica	91.3	99.9	99.3	686
PX207102.1	FN547539_Ambispora_fennica	91.1	99.6	99.3	686
PX207102.1	FR750020_Archaeospora_schencki	74.5	98.5	96.5	705
PX207102.1	FN825908_Acaulospora_brasiliansis	73.7	98.5	99.0	688
PX207102.1	FR750170_Acaulospora_entreriana	73.4	99.7	97.3	700
PX207102.1	FN825910_Acaulospora_brasiliansis	73.1	98.5	98.8	689
PX207102.1	FM876840_Geosiphon_pyriformis	73.0	99.7	93.3	730
PX207102.1	FN547517_Acaulospora_laevis	73.0	99.3	96.8	703
PX207102.1	FM876790_Acaulospora_cavernata	72.9	99.7	97.0	702
PX207102.1	FR750155_Acaulospora_spinosa	72.2	98.5	95.7	711
PX207102.1	AY639265_Acaulospora_paulinae	72.1	99.9	97.0	702
PX207102.1	FM876793_Acalospora_sieverdingii	71.9	99.7	97.0	702
PX207097.1	MT832157_Paraglomus_occultum	98.1	92.0	100.0	635
PX207097.1	MT832156_Paraglomus_occultum	90.0	92.3	99.4	639
PX207097.1	MT832155_Paraglomus_occultum	89.0	91.7	99.5	638
PX207097.1	FR750049_Paraglomus_brasilianum	87.2	99.4	99.6	688
PX207097.1	MT832158_Paraglomus_brasilianum	86.5	91.8	99.7	637
PX207097.1	KY630232.1_Innospora_majewskii	80.4	96.6	89.7	675
PX207097.1	FN547544_Ambispora_fennica	73.0	97.8	97.8	700
PX207097.1	FR750170_Acaulospora_entreriana	72.9	99.1	97.3	704
PX207097.1	JF439210_Ambispora_gerdemannii	72.6	97.8	98.1	698
PX207097.1	FN547539_Ambispora_fennica	72.4	97.5	97.8	700
PX207097.1	JN971073.1_Intraornatospora_intraornata	71.7	97.5	99.4	682
PX207097.1	FN547517_Acaulospora_laevis	71.4	99.3	97.4	703
PX207097.1	FM876790_Acaulospora_cavernata	71.3	98.5	96.4	710
PX207097.1	AY639265_Acaulospora_paulinae	71.1	98.7	96.4	710
PX207097.1	FM876793_Acalospora_sieverdingii	71.1	98.5	96.4	710
PX207097.1	FM876840_Geosiphon_pyriformis	70.4	99.7	93.8	730
PX207106.1	MT832166_Ambispora_leptoticha	98.4	92.5	100.0	631
PX207106.1	FN547531_Ambispora_leptoticha	95.3	100.0	98.7	681
PX207106.1	MT832167_Ambispora_gerdemannii	91.3	92.4	99.7	633
PX207106.1	FN547544_Ambispora_fennica	91.1	99.9	99.3	686
PX207106.1	JF439210_Ambispora_gerdemannii	91.1	99.9	99.6	684
PX207106.1	FN547539_Ambispora_fennica	91.0	99.6	99.3	686
PX207106.1	FR750020_Archaeospora_schencki	74.3	98.7	96.7	704
PX207106.1	FN825908_Acaulospora_brasiliansis	73.7	98.5	99.0	688
PX207106.1	FR750170_Acaulospora_entreriana	73.4	99.7	97.3	700
PX207106.1	FN825910_Acaulospora_brasiliansis	73.1	98.5	98.8	689
PX207106.1	FM876790_Acaulospora_cavernata	73.1	99.7	97.0	702
PX207106.1	FM876840_Geosiphon_pyriformis	72.9	99.7	93.3	730
PX207106.1	FN547517_Acaulospora_laevis	72.8	99.3	96.8	703
PX207106.1	AY639265_Acaulospora_paulinae	72.2	99.9	97.0	702
PX207106.1	FR750155_Acaulospora_spinosa	72.2	98.5	95.7	711
PX207106.1	FM876793_Acalospora_sieverdingii	72.1	99.7	97.0	702
PX207099.1	MT832157_Paraglomus_occultum	98.0	92.0	100.0	635
PX207099.1	MT832156_Paraglomus_occultum	89.8	92.3	99.4	639
PX207099.1	MT832155_Paraglomus_occultum	88.9	91.7	99.5	638
PX207099.1	FR750049_Paraglomus_brasilianum	87.1	99.4	99.6	688
PX207099.1	MT832158_Paraglomus_brasilianum	86.3	91.8	99.7	637
PX207099.1	KY630232.1_Innospora_majewskii	80.6	96.6	89.7	675
PX207099.1	FN547544_Ambispora_fennica	73.0	97.8	97.8	700
PX207099.1	FR750170_Acaulospora_entreriana	72.9	99.1	97.3	704
PX207099.1	JF439210_Ambispora_gerdemannii	72.5	97.8	98.1	698
PX207099.1	FN547539_Ambispora_fennica	72.4	97.5	97.8	700
PX207099.1	JN971076.1_Paradentiscutata_martima	72.3	98.8	99.7	685
PX207099.1	JN971073.1_Intraornatospora_intraornata	71.8	97.5	99.4	682
PX207099.1	FN547517_Acaulospora_laevis	71.4	99.3	97.4	703
PX207099.1	FM876790_Acaulospora_cavernata	71.3	98.5	96.4	710
PX207099.1	FM876793_Acalospora_sieverdingii	71.1	98.5	96.4	710
PX207099.1	FM876840_Geosiphon_pyriformis	70.5	99.7	93.8	730
PX207104.1	MT832166_Ambispora_leptoticha	98.7	92.5	100.0	631
PX207104.1	FN547531_Ambispora_leptoticha	95.6	100.0	98.7	681
PX207104.1	MT832167_Ambispora_gerdemannii	91.6	92.4	99.7	633
PX207104.1	FN547544_Ambispora_fennica	91.4	99.9	99.3	686
PX207104.1	JF439210_Ambispora_gerdemannii	91.4	99.9	99.6	684
PX207104.1	FN547539_Ambispora_fennica	91.3	99.6	99.3	686
PX207104.1	FR750020_Archaeospora_schencki	74.4	98.7	96.7	704
PX207104.1	FR750170_Acaulospora_entreriana	73.9	99.7	97.3	700
PX207104.1	FN825908_Acaulospora_brasiliansis	73.7	98.5	99.0	688
PX207104.1	FM876790_Acaulospora_cavernata	73.4	99.7	97.0	702
PX207104.1	FN547517_Acaulospora_laevis	73.3	99.3	96.8	703
PX207104.1	FM876840_Geosiphon_pyriformis	73.2	99.7	93.3	730
PX207104.1	FN825910_Acaulospora_brasiliansis	73.1	98.5	98.8	689
PX207104.1	AY639265_Acaulospora_paulinae	72.5	99.9	97.0	702
PX207104.1	FR750155_Acaulospora_spinosa	72.4	98.5	95.7	711
PX207104.1	FM876793_Acalospora_sieverdingii	72.4	99.7	97.0	702
PX207112.1	FN547665_Diversispora_arenaria	95.5	99.7	99.7	738
PX207112.1	EF067888_Diversispora_eburnea	93.5	99.7	100.0	736
PX207112.1	FR865445.1_Otospora_bareae	93.0	96.9	91.4	717
PX207112.1	AY639235_Diversispora_celata	92.8	99.5	99.7	738
PX207112.1	MT832219_Diversispora_trimurales	92.6	93.3	100.0	690
PX207112.1	MT832216_Diversispora_insculpta	91.8	92.8	100.0	686
PX207112.1	MT832217_Diversispora_epigaea	90.3	93.5	100.0	690
PX207112.1	MT832218_Diversispora_spurca	90.3	93.3	99.7	690
PX207112.1	MT832215_Redeckera_megalocarpa	84.6	92.8	99.6	689
PX207112.1	MG459208.1_Desertispora_omaniana	84.3	97.0	90.5	724
PX207112.1	MT832213_Sieverdingia_tortuosa	83.9	92.3	99.7	688
PX207112.1	MT832214_Corymbiglomus_globiferum	83.2	92.5	99.6	689
PX207112.1	KF154769.1_Desertispora_omaniana	82.9	96.9	90.3	726
PX207112.1	FR750149_Scutellospora_spinosissima	72.7	91.4	99.4	740
PX207112.1	FR750167_Dentiscutata_heterogama	71.7	91.4	99.6	739
PX207112.1	JN971073.1_Intraornatospora_intraornata	70.9	90.1	98.7	732
PX207113.1	FN547665_Diversispora_arenaria	95.4	99.6	100.0	739
PX207113.1	EF067888_Diversispora_eburnea	93.0	99.3	100.0	739
PX207113.1	FR865445.1_Otospora_bareae	92.5	96.5	91.4	720
PX207113.1	AY639235_Diversispora_celata	92.3	99.1	99.7	741
PX207113.1	MT832219_Diversispora_trimurales	92.1	93.0	100.0	693
PX207113.1	MT832216_Diversispora_insculpta	91.4	92.4	100.0	689
PX207113.1	MT832218_Diversispora_spurca	90.0	93.0	99.7	693
PX207113.1	MT832217_Diversispora_epigaea	89.9	93.1	100.0	693
PX207113.1	MT832215_Redeckera_megalocarpa	84.6	92.7	99.9	690
PX207113.1	MG459208.1_Desertispora_omaniana	84.3	96.9	90.7	725
PX207113.1	MT832213_Sieverdingia_tortuosa	83.5	91.9	99.7	691
PX207113.1	MT832214_Corymbiglomus_globiferum	82.9	92.3	99.7	691
PX207113.1	KF154769.1_Desertispora_omaniana	82.9	96.9	90.6	726
PX207113.1	FR750149_Scutellospora_spinosissima	72.4	91.1	99.4	743
PX207113.1	FR750167_Dentiscutata_heterogama	71.4	91.1	99.6	742
PX207113.1	JN971073.1_Intraornatospora_intraornata	70.6	89.7	98.7	735
PX207103.1	MT832166_Ambispora_leptoticha	98.7	92.5	100.0	631
PX207103.1	FN547531_Ambispora_leptoticha	95.7	100.0	98.7	681
PX207103.1	MT832167_Ambispora_gerdemannii	91.3	92.4	99.7	633
PX207103.1	JF439210_Ambispora_gerdemannii	91.2	99.9	99.6	684
PX207103.1	FN547544_Ambispora_fennica	91.1	99.9	99.3	686
PX207103.1	FN547539_Ambispora_fennica	91.0	99.6	99.3	686
PX207103.1	FR750020_Archaeospora_schencki	74.6	98.5	96.5	705
PX207103.1	FN825908_Acaulospora_brasiliansis	73.7	98.5	99.0	688
PX207103.1	FR750170_Acaulospora_entreriana	73.4	99.7	97.3	700
PX207103.1	FN825910_Acaulospora_brasiliansis	73.1	98.5	98.8	689
PX207103.1	FN547517_Acaulospora_laevis	73.0	99.3	96.8	703
PX207103.1	FM876790_Acaulospora_cavernata	72.9	99.7	97.0	702
PX207103.1	FM876840_Geosiphon_pyriformis	72.9	99.7	93.3	730
PX207103.1	FR750155_Acaulospora_spinosa	72.2	98.5	95.7	711
PX207103.1	AY639265_Acaulospora_paulinae	72.1	99.9	97.0	702
PX207103.1	FM876793_Acalospora_sieverdingii	71.9	99.7	97.0	702
PX207114.1	FN547665_Diversispora_arenaria	95.5	99.7	99.7	738
PX207114.1	EF067888_Diversispora_eburnea	93.5	99.7	100.0	736
PX207114.1	FR865445.1_Otospora_bareae	93.0	96.9	91.4	717
PX207114.1	AY639235_Diversispora_celata	92.8	99.5	99.7	738
PX207114.1	MT832219_Diversispora_trimurales	92.6	93.3	100.0	690
PX207114.1	MT832216_Diversispora_insculpta	91.8	92.8	100.0	686
PX207114.1	MT832217_Diversispora_epigaea	90.6	93.5	100.0	690
PX207114.1	MT832218_Diversispora_spurca	90.6	93.3	99.7	690
PX207114.1	MT832215_Redeckera_megalocarpa	84.6	92.8	99.6	689
PX207114.1	MT832213_Sieverdingia_tortuosa	83.9	92.3	99.7	688
PX207114.1	MG459208.1_Desertispora_omaniana	83.8	97.0	90.5	724
PX207114.1	MT832214_Corymbiglomus_globiferum	83.2	92.5	99.6	689
PX207114.1	KF154769.1_Desertispora_omaniana	82.5	96.9	90.3	726
PX207114.1	FR750167_Dentiscutata_heterogama	72.3	91.4	99.6	739
PX207114.1	JN689226.1_Racocetra_alborosea	72.1	91.3	97.0	738
PX207114.1	JN971073.1_Intraornatospora_intraornata	72.0	90.1	98.7	732
PX207111.1	FN547665_Diversispora_arenaria	95.3	99.5	99.7	740
PX207111.1	EF067888_Diversispora_eburnea	93.1	99.5	100.0	738
PX207111.1	FR865445.1_Otospora_bareae	92.6	96.6	91.4	719
PX207111.1	AY639235_Diversispora_celata	92.4	99.2	99.7	740
PX207111.1	MT832219_Diversispora_trimurales	92.2	93.1	100.0	692
PX207111.1	MT832216_Diversispora_insculpta	91.4	92.5	100.0	688
PX207111.1	MT832217_Diversispora_epigaea	90.6	93.1	99.9	693
PX207111.1	MT832218_Diversispora_spurca	90.0	93.1	99.7	692
PX207111.1	MT832215_Redeckera_megalocarpa	84.4	92.5	99.6	691
PX207111.1	MG459208.1_Desertispora_omaniana	83.9	96.7	90.5	726
PX207111.1	MT832213_Sieverdingia_tortuosa	83.3	92.0	99.7	690
PX207111.1	MT832214_Corymbiglomus_globiferum	82.8	92.3	99.6	691
PX207111.1	KF154769.1_Desertispora_omaniana	82.6	96.6	90.3	728
PX207111.1	FR750149_Scutellospora_spinosissima	72.5	91.2	99.4	742
PX207111.1	FR750167_Dentiscutata_heterogama	71.4	91.2	99.6	741
PX207111.1	JN971073.1_Intraornatospora_intraornata	71.0	89.7	98.5	735
PX207110.1	FN547665_Diversispora_arenaria	95.3	99.5	99.7	740
PX207110.1	EF067888_Diversispora_eburnea	93.1	99.5	100.0	738
PX207110.1	FR865445.1_Otospora_bareae	92.6	96.6	91.4	719
PX207110.1	AY639235_Diversispora_celata	92.4	99.2	99.7	740
PX207110.1	MT832219_Diversispora_trimurales	92.2	93.1	100.0	692
PX207110.1	MT832216_Diversispora_insculpta	91.4	92.5	100.0	688
PX207110.1	MT832217_Diversispora_epigaea	90.6	93.1	99.9	693
PX207110.1	MT832218_Diversispora_spurca	90.0	93.1	99.7	692
PX207110.1	MT832215_Redeckera_megalocarpa	84.4	92.5	99.6	691
PX207110.1	MG459208.1_Desertispora_omaniana	83.9	96.7	90.5	726
PX207110.1	MT832213_Sieverdingia_tortuosa	83.3	92.0	99.7	690
PX207110.1	MT832214_Corymbiglomus_globiferum	82.8	92.3	99.6	691
PX207110.1	KF154769.1_Desertispora_omaniana	82.6	96.6	90.3	728
PX207110.1	FR750149_Scutellospora_spinosissima	72.5	91.2	99.4	742
PX207110.1	FR750167_Dentiscutata_heterogama	71.4	91.2	99.6	741
PX207110.1	JN971073.1_Intraornatospora_intraornata	71.0	89.7	98.5	735
PX207119.1	MT832222_Cetraspora_pellucida	96.3	92.5	100.0	627
PX207119.1	MT832223_Cetraspora_pellucida	95.2	92.5	100.0	627
PX207119.1	JN689226.1_Racocetra_alborosea	95.1	99.7	97.4	676
PX207119.1	FR750143_Racocetra_fulgida	95.0	99.9	100.0	677
PX207119.1	GU385898.1_Racocetra_tropicana	95.0	96.8	99.8	656
PX207119.1	AY900507.1_Racocetra_verrucosa	94.4	96.8	99.8	656
PX207119.1	FR750167_Dentiscutata_heterogama	93.5	99.6	99.7	679
PX207119.1	MT832224_Racocetra_fulgida	93.5	92.0	100.0	627
PX207119.1	Y12076.1_Racocetra_castanea	93.2	97.2	96.5	660
PX207119.1	MT832227_Dentiscutata_erythropus	93.2	92.2	99.7	629
PX207119.1	JN971076.1_Paradentiscutata_martima	92.6	99.7	99.4	679
PX207119.1	MT832226_Dentiscutata_erythropus	92.5	92.2	99.7	629
PX207119.1	AF396782_Gigaspora_margarita	92.5	99.7	99.6	680
PX207119.1	FN547573_Gigaspora_rosea	92.4	99.7	99.6	680
PX207119.1	JN971073.1_Intraornatospora_intraornata	92.1	98.2	99.0	672
PX207119.1	JN971072.1_Paradentiscutata_baiana	91.9	96.2	99.4	657
PX207100.1	MT832157_Paraglomus_occultum	98.1	92.0	100.0	635
PX207100.1	MT832156_Paraglomus_occultum	90.0	92.3	99.4	639
PX207100.1	MT832155_Paraglomus_occultum	89.0	91.7	99.5	638
PX207100.1	FR750049_Paraglomus_brasilianum	87.2	99.4	99.6	688
PX207100.1	MT832158_Paraglomus_brasilianum	86.5	91.8	99.7	637
PX207100.1	KY630232.1_Innospora_majewskii	80.4	96.6	89.7	675
PX207100.1	FN547544_Ambispora_fennica	73.0	97.8	97.8	700
PX207100.1	FR750170_Acaulospora_entreriana	72.9	99.1	97.3	704
PX207100.1	JF439210_Ambispora_gerdemannii	72.6	97.8	98.1	698
PX207100.1	FN547539_Ambispora_fennica	72.4	97.5	97.8	700
PX207100.1	JN971073.1_Intraornatospora_intraornata	71.7	97.5	99.4	682
PX207100.1	FN547517_Acaulospora_laevis	71.4	99.3	97.4	703
PX207100.1	FM876790_Acaulospora_cavernata	71.3	98.5	96.4	710
PX207100.1	AY639265_Acaulospora_paulinae	71.1	98.7	96.4	710
PX207100.1	FM876793_Acalospora_sieverdingii	71.1	98.5	96.4	710
PX207100.1	FM876840_Geosiphon_pyriformis	70.4	99.7	93.8	730
PX207101.1	MT832166_Ambispora_leptoticha	98.7	92.5	100.0	631
PX207101.1	FN547531_Ambispora_leptoticha	95.7	100.0	98.7	681
PX207101.1	MT832167_Ambispora_gerdemannii	91.5	92.4	99.7	633
PX207101.1	FN547544_Ambispora_fennica	91.4	99.9	99.3	686
PX207101.1	JF439210_Ambispora_gerdemannii	91.4	99.9	99.6	684
PX207101.1	FN547539_Ambispora_fennica	91.3	99.6	99.3	686
PX207101.1	FR750020_Archaeospora_schencki	74.6	98.5	96.5	705
PX207101.1	FN825908_Acaulospora_brasiliansis	74.0	98.5	99.0	688
PX207101.1	FR750170_Acaulospora_entreriana	73.7	99.7	97.3	700
PX207101.1	FN825910_Acaulospora_brasiliansis	73.4	98.5	98.8	689
PX207101.1	FM876790_Acaulospora_cavernata	73.4	99.7	97.0	702
PX207101.1	FN547517_Acaulospora_laevis	73.3	99.3	96.8	703
PX207101.1	FM876840_Geosiphon_pyriformis	73.0	99.7	93.3	730
PX207101.1	FR750155_Acaulospora_spinosa	72.6	98.5	95.7	711
PX207101.1	AY639265_Acaulospora_paulinae	72.5	99.9	97.0	702
PX207101.1	FM876793_Acalospora_sieverdingii	72.4	99.7	97.0	702
PX207120.1	MT832222_Cetraspora_pellucida	96.3	92.5	100.0	627
PX207120.1	MT832223_Cetraspora_pellucida	95.2	92.5	100.0	627
PX207120.1	JN689226.1_Racocetra_alborosea	95.1	99.7	97.4	676
PX207120.1	FR750143_Racocetra_fulgida	95.0	99.9	100.0	677
PX207120.1	GU385898.1_Racocetra_tropicana	95.0	96.8	99.8	656
PX207120.1	AY900507.1_Racocetra_verrucosa	94.4	96.8	99.8	656
PX207120.1	FR750167_Dentiscutata_heterogama	93.5	99.6	99.7	679
PX207120.1	MT832224_Racocetra_fulgida	93.5	92.0	100.0	627
PX207120.1	Y12076.1_Racocetra_castanea	93.2	97.2	96.5	660
PX207120.1	MT832227_Dentiscutata_erythropus	93.2	92.2	99.7	629
PX207120.1	JN971076.1_Paradentiscutata_martima	92.6	99.7	99.4	679
PX207120.1	MT832226_Dentiscutata_erythropus	92.5	92.2	99.7	629
PX207120.1	AF396782_Gigaspora_margarita	92.5	99.7	99.6	680
PX207120.1	FN547573_Gigaspora_rosea	92.4	99.7	99.6	680
PX207120.1	JN971073.1_Intraornatospora_intraornata	92.1	98.2	99.0	672
PX207120.1	JN971072.1_Paradentiscutata_baiana	91.9	96.2	99.4	657
PX207121.1	MT832222_Cetraspora_pellucida	96.3	92.2	100.0	629
PX207121.1	MT832223_Cetraspora_pellucida	95.4	92.2	100.0	629
PX207121.1	JN689226.1_Racocetra_alborosea	95.1	99.4	97.4	678
PX207121.1	GU385898.1_Racocetra_tropicana	95.0	96.5	99.8	658
PX207121.1	FR750143_Racocetra_fulgida	94.7	99.6	100.0	679
PX207121.1	AY900507.1_Racocetra_verrucosa	94.4	96.5	99.8	658
PX207121.1	FR750167_Dentiscutata_heterogama	93.5	99.3	99.7	681
PX207121.1	MT832224_Racocetra_fulgida	93.5	91.8	100.0	629
PX207121.1	Y12076.1_Racocetra_castanea	93.2	96.9	96.5	662
PX207121.1	MT832227_Dentiscutata_erythropus	93.2	91.9	99.7	631
PX207121.1	MT832226_Dentiscutata_erythropus	92.6	91.9	99.7	631
PX207121.1	AF396782_Gigaspora_margarita	91.9	99.6	99.7	681
PX207121.1	FN547573_Gigaspora_rosea	91.9	99.6	99.7	681
PX207121.1	JN971076.1_Paradentiscutata_martima	91.8	99.6	99.6	680
PX207121.1	JN971073.1_Intraornatospora_intraornata	91.7	98.1	99.1	673
PX207121.1	JN971072.1_Paradentiscutata_baiana	91.3	96.0	99.5	658
PX207108.1	FN547665_Diversispora_arenaria	95.3	99.5	99.7	740
PX207108.1	EF067888_Diversispora_eburnea	93.1	99.5	100.0	738
PX207108.1	FR865445.1_Otospora_bareae	92.6	96.6	91.4	719
PX207108.1	AY639235_Diversispora_celata	92.4	99.2	99.7	740
PX207108.1	MT832219_Diversispora_trimurales	92.2	93.1	100.0	692
PX207108.1	MT832216_Diversispora_insculpta	91.4	92.5	100.0	688
PX207108.1	MT832217_Diversispora_epigaea	90.6	93.1	99.9	693
PX207108.1	MT832218_Diversispora_spurca	90.0	93.1	99.7	692
PX207108.1	MT832215_Redeckera_megalocarpa	84.4	92.5	99.6	691
PX207108.1	MG459208.1_Desertispora_omaniana	83.9	96.7	90.5	726
PX207108.1	MT832213_Sieverdingia_tortuosa	83.3	92.0	99.7	690
PX207108.1	MT832214_Corymbiglomus_globiferum	82.8	92.3	99.6	691
PX207108.1	KF154769.1_Desertispora_omaniana	82.6	96.6	90.3	728
PX207108.1	FR750149_Scutellospora_spinosissima	72.5	91.2	99.4	742
PX207108.1	FR750167_Dentiscutata_heterogama	71.4	91.2	99.6	741
PX207108.1	JN971073.1_Intraornatospora_intraornata	71.0	89.7	98.5	735
PX207123.1	MT832222_Cetraspora_pellucida	96.2	92.3	100.0	628
PX207123.1	MT832223_Cetraspora_pellucida	95.4	92.3	100.0	628
PX207123.1	JN689226.1_Racocetra_alborosea	95.3	99.6	97.4	677
PX207123.1	FR750143_Racocetra_fulgida	95.1	99.7	100.0	678
PX207123.1	GU385898.1_Racocetra_tropicana	95.1	96.6	99.8	657
PX207123.1	AY900507.1_Racocetra_verrucosa	94.8	96.6	99.8	657
PX207123.1	Y12076.1_Racocetra_castanea	93.6	97.1	96.5	661
PX207123.1	MT832224_Racocetra_fulgida	93.6	91.9	100.0	628
PX207123.1	FR750167_Dentiscutata_heterogama	93.1	99.4	99.7	680
PX207123.1	MT832227_Dentiscutata_erythropus	92.7	92.0	99.7	630
PX207123.1	JN971076.1_Paradentiscutata_martima	92.2	99.6	99.4	680
PX207123.1	AF396782_Gigaspora_margarita	92.1	99.6	99.6	681
PX207123.1	JN971073.1_Intraornatospora_intraornata	92.0	98.1	99.0	673
PX207123.1	FN547573_Gigaspora_rosea	91.9	99.6	99.6	681
PX207123.1	JN971072.1_Paradentiscutata_baiana	91.8	96.0	99.4	658
PX207123.1	MT832221_Scutellospora_dipurpurascens	89.7	92.6	96.9	648
PX207124.1	MT832222_Cetraspora_pellucida	96.3	92.3	100.0	628
PX207124.1	MT832223_Cetraspora_pellucida	95.5	92.3	100.0	628
PX207124.1	JN689226.1_Racocetra_alborosea	95.1	99.6	97.4	677
PX207124.1	GU385898.1_Racocetra_tropicana	95.0	96.6	99.8	657
PX207124.1	FR750143_Racocetra_fulgida	94.7	99.7	100.0	678
PX207124.1	AY900507.1_Racocetra_verrucosa	94.4	96.6	99.8	657
PX207124.1	FR750167_Dentiscutata_heterogama	93.5	99.4	99.7	680
PX207124.1	MT832224_Racocetra_fulgida	93.5	91.9	100.0	628
PX207124.1	Y12076.1_Racocetra_castanea	93.2	97.1	96.5	661
PX207124.1	MT832227_Dentiscutata_erythropus	93.2	92.0	99.7	630
PX207124.1	MT832226_Dentiscutata_erythropus	92.5	92.0	99.7	630
PX207124.1	JN971073.1_Intraornatospora_intraornata	92.4	98.1	99.0	673
PX207124.1	JN971076.1_Paradentiscutata_martima	92.4	99.6	99.4	680
PX207124.1	AF396782_Gigaspora_margarita	92.2	99.6	99.6	681
PX207124.1	FN547573_Gigaspora_rosea	92.1	99.6	99.6	681
PX207124.1	JN971072.1_Paradentiscutata_baiana	91.9	96.0	99.4	658
PX207118.1	MT832222_Cetraspora_pellucida	96.3	92.5	100.0	627
PX207118.1	MT832223_Cetraspora_pellucida	95.2	92.5	100.0	627
PX207118.1	JN689226.1_Racocetra_alborosea	95.1	99.7	97.4	676
PX207118.1	FR750143_Racocetra_fulgida	95.0	99.9	100.0	677
PX207118.1	GU385898.1_Racocetra_tropicana	95.0	96.8	99.8	656
PX207118.1	AY900507.1_Racocetra_verrucosa	94.4	96.8	99.8	656
PX207118.1	FR750167_Dentiscutata_heterogama	93.5	99.6	99.7	679
PX207118.1	MT832224_Racocetra_fulgida	93.5	92.0	100.0	627
PX207118.1	Y12076.1_Racocetra_castanea	93.2	97.2	96.5	660
PX207118.1	MT832227_Dentiscutata_erythropus	93.2	92.2	99.7	629
PX207118.1	JN971076.1_Paradentiscutata_martima	92.6	99.7	99.4	679
PX207118.1	MT832226_Dentiscutata_erythropus	92.5	92.2	99.7	629
PX207118.1	AF396782_Gigaspora_margarita	92.5	99.7	99.6	680
PX207118.1	FN547573_Gigaspora_rosea	92.4	99.7	99.6	680
PX207118.1	JN971073.1_Intraornatospora_intraornata	92.1	98.2	99.0	672
PX207118.1	JN971072.1_Paradentiscutata_baiana	91.9	96.2	99.4	657
PX207126.1	MT832222_Cetraspora_pellucida	96.3	92.3	100.0	628
PX207126.1	MT832223_Cetraspora_pellucida	95.5	92.3	100.0	628
PX207126.1	JN689226.1_Racocetra_alborosea	95.1	99.6	97.4	677
PX207126.1	GU385898.1_Racocetra_tropicana	95.0	96.6	99.8	657
PX207126.1	FR750143_Racocetra_fulgida	94.7	99.7	100.0	678
PX207126.1	AY900507.1_Racocetra_verrucosa	94.4	96.6	99.8	657
PX207126.1	FR750167_Dentiscutata_heterogama	93.5	99.4	99.7	680
PX207126.1	MT832224_Racocetra_fulgida	93.5	91.9	100.0	628
PX207126.1	Y12076.1_Racocetra_castanea	93.2	97.1	96.5	661
PX207126.1	MT832227_Dentiscutata_erythropus	93.2	92.0	99.7	630
PX207126.1	MT832226_Dentiscutata_erythropus	92.5	92.0	99.7	630
PX207126.1	JN971073.1_Intraornatospora_intraornata	92.4	98.1	99.0	673
PX207126.1	JN971076.1_Paradentiscutata_martima	92.4	99.6	99.4	680
PX207126.1	AF396782_Gigaspora_margarita	92.2	99.6	99.6	681
PX207126.1	FN547573_Gigaspora_rosea	92.1	99.6	99.6	681
PX207126.1	JN971072.1_Paradentiscutata_baiana	91.9	96.0	99.4	658
PX207109.1	FN547665_Diversispora_arenaria	95.3	99.5	99.7	740
PX207109.1	EF067888_Diversispora_eburnea	93.1	99.5	100.0	738
PX207109.1	FR865445.1_Otospora_bareae	92.6	96.6	91.4	719
PX207109.1	AY639235_Diversispora_celata	92.4	99.2	99.7	740
PX207109.1	MT832219_Diversispora_trimurales	92.2	93.1	100.0	692
PX207109.1	MT832216_Diversispora_insculpta	91.4	92.5	100.0	688
PX207109.1	MT832217_Diversispora_epigaea	90.6	93.1	99.9	693
PX207109.1	MT832218_Diversispora_spurca	90.0	93.1	99.7	692
PX207109.1	MT832215_Redeckera_megalocarpa	84.4	92.5	99.6	691
PX207109.1	MG459208.1_Desertispora_omaniana	83.9	96.7	90.5	726
PX207109.1	MT832213_Sieverdingia_tortuosa	83.3	92.0	99.7	690
PX207109.1	MT832214_Corymbiglomus_globiferum	82.8	92.3	99.6	691
PX207109.1	KF154769.1_Desertispora_omaniana	82.6	96.6	90.3	728
PX207109.1	FR750149_Scutellospora_spinosissima	72.5	91.2	99.4	742
PX207109.1	FR750167_Dentiscutata_heterogama	71.4	91.2	99.6	741
PX207109.1	JN971073.1_Intraornatospora_intraornata	71.0	89.7	98.5	735
PX207125.1	MT832222_Cetraspora_pellucida	96.3	92.3	100.0	628
PX207125.1	MT832223_Cetraspora_pellucida	95.5	92.3	100.0	628
PX207125.1	JN689226.1_Racocetra_alborosea	95.1	99.6	97.4	677
PX207125.1	GU385898.1_Racocetra_tropicana	95.0	96.6	99.8	657
PX207125.1	FR750143_Racocetra_fulgida	94.7	99.7	100.0	678
PX207125.1	AY900507.1_Racocetra_verrucosa	94.4	96.6	99.8	657
PX207125.1	FR750167_Dentiscutata_heterogama	93.5	99.4	99.7	680
PX207125.1	MT832224_Racocetra_fulgida	93.5	91.9	100.0	628
PX207125.1	Y12076.1_Racocetra_castanea	93.2	97.1	96.5	661
PX207125.1	MT832227_Dentiscutata_erythropus	93.2	92.0	99.7	630
PX207125.1	MT832226_Dentiscutata_erythropus	92.5	92.0	99.7	630
PX207125.1	JN971073.1_Intraornatospora_intraornata	92.4	98.1	99.0	673
PX207125.1	JN971076.1_Paradentiscutata_martima	92.4	99.6	99.4	680
PX207125.1	AF396782_Gigaspora_margarita	92.2	99.6	99.6	681
PX207125.1	FN547573_Gigaspora_rosea	92.1	99.6	99.6	681
PX207125.1	JN971072.1_Paradentiscutata_baiana	91.9	96.0	99.4	658
PX207130.1	FN547573_Gigaspora_rosea	96.6	100.0	100.0	678
PX207130.1	MT832233_Gigaspora_rosea	96.0	92.3	100.0	628
PX207130.1	AF396782_Gigaspora_margarita	94.8	100.0	100.0	678
PX207130.1	MT832230_Gigaspora_margarita	94.6	92.6	100.0	628
PX207130.1	MT832237_Gigaspora_gigantea	94.1	92.2	100.0	628
PX207130.1	MT832238_Gigaspora_gigantea	93.9	92.5	100.0	628
PX207130.1	MT832231_Gigaspora_margarita	93.5	92.6	100.0	628
PX207130.1	MT832235_Gigaspora_albida	93.3	92.5	100.0	629
PX207130.1	MT832234_Gigaspora_albida	93.2	92.5	100.0	628
PX207130.1	JN971073.1_Intraornatospora_intraornata	93.1	98.5	99.4	670
PX207130.1	MT832227_Dentiscutata_erythropus	92.8	92.3	100.0	628
PX207130.1	FR750167_Dentiscutata_heterogama	92.8	99.7	100.0	678
PX207130.1	JN971076.1_Paradentiscutata_martima	92.6	99.9	99.7	678
PX207130.1	JN971072.1_Paradentiscutata_baiana	91.9	96.5	99.8	655
PX207130.1	FR750143_Racocetra_fulgida	91.2	99.6	99.9	679
PX207130.1	JN689226.1_Racocetra_alborosea	90.3	99.4	97.3	678
PX207129.1	FN547573_Gigaspora_rosea	96.6	100.0	100.0	678
PX207129.1	MT832233_Gigaspora_rosea	96.0	92.3	100.0	628
PX207129.1	AF396782_Gigaspora_margarita	94.8	100.0	100.0	678
PX207129.1	MT832230_Gigaspora_margarita	94.6	92.6	100.0	628
PX207129.1	MT832237_Gigaspora_gigantea	94.1	92.2	100.0	628
PX207129.1	MT832238_Gigaspora_gigantea	93.9	92.5	100.0	628
PX207129.1	MT832231_Gigaspora_margarita	93.5	92.6	100.0	628
PX207129.1	MT832235_Gigaspora_albida	93.3	92.5	100.0	629
PX207129.1	MT832234_Gigaspora_albida	93.2	92.5	100.0	628
PX207129.1	JN971073.1_Intraornatospora_intraornata	93.1	98.5	99.4	670
PX207129.1	MT832227_Dentiscutata_erythropus	92.8	92.3	100.0	628
PX207129.1	FR750167_Dentiscutata_heterogama	92.8	99.7	100.0	678
PX207129.1	JN971076.1_Paradentiscutata_martima	92.6	99.9	99.7	678
PX207129.1	JN971072.1_Paradentiscutata_baiana	91.9	96.5	99.8	655
PX207129.1	FR750143_Racocetra_fulgida	91.2	99.6	99.9	679
PX207129.1	JN689226.1_Racocetra_alborosea	90.3	99.4	97.3	678
PX207107.1	FN547665_Diversispora_arenaria	95.3	99.5	99.7	740
PX207107.1	EF067888_Diversispora_eburnea	93.1	99.5	100.0	738
PX207107.1	FR865445.1_Otospora_bareae	92.6	96.6	91.4	719
PX207107.1	AY639235_Diversispora_celata	92.4	99.2	99.7	740
PX207107.1	MT832219_Diversispora_trimurales	92.2	93.1	100.0	692
PX207107.1	MT832216_Diversispora_insculpta	91.4	92.5	100.0	688
PX207107.1	MT832217_Diversispora_epigaea	90.6	93.1	99.9	693
PX207107.1	MT832218_Diversispora_spurca	90.0	93.1	99.7	692
PX207107.1	MT832215_Redeckera_megalocarpa	84.4	92.5	99.6	691
PX207107.1	MG459208.1_Desertispora_omaniana	83.9	96.7	90.5	726
PX207107.1	MT832213_Sieverdingia_tortuosa	83.3	92.0	99.7	690
PX207107.1	MT832214_Corymbiglomus_globiferum	82.8	92.3	99.6	691
PX207107.1	KF154769.1_Desertispora_omaniana	82.6	96.6	90.3	728
PX207107.1	FR750149_Scutellospora_spinosissima	72.5	91.2	99.4	742
PX207107.1	FR750167_Dentiscutata_heterogama	71.4	91.2	99.6	741
PX207107.1	JN971073.1_Intraornatospora_intraornata	71.0	89.7	98.5	735
PX207122.1	MT832222_Cetraspora_pellucida	96.3	92.2	100.0	629
PX207122.1	MT832223_Cetraspora_pellucida	95.2	92.2	100.0	629
PX207122.1	JN689226.1_Racocetra_alborosea	95.1	99.4	97.4	678
PX207122.1	GU385898.1_Racocetra_tropicana	95.0	96.5	99.8	658
PX207122.1	FR750143_Racocetra_fulgida	94.8	99.6	100.0	679
PX207122.1	AY900507.1_Racocetra_verrucosa	94.4	96.5	99.8	658
PX207122.1	FR750167_Dentiscutata_heterogama	93.5	99.3	99.7	681
PX207122.1	MT832224_Racocetra_fulgida	93.5	91.8	100.0	629
PX207122.1	Y12076.1_Racocetra_castanea	93.2	96.9	96.5	662
PX207122.1	MT832227_Dentiscutata_erythropus	93.2	91.9	99.7	631
PX207122.1	MT832226_Dentiscutata_erythropus	92.6	91.9	99.7	631
PX207122.1	AF396782_Gigaspora_margarita	92.5	99.4	99.6	682
PX207122.1	FN547573_Gigaspora_rosea	92.4	99.4	99.6	682
PX207122.1	JN971076.1_Paradentiscutata_martima	92.4	99.4	99.4	681
PX207122.1	JN971073.1_Intraornatospora_intraornata	92.1	97.9	99.0	674
PX207122.1	JN971072.1_Paradentiscutata_baiana	92.0	95.9	99.4	659
PX207127.1	MT832222_Cetraspora_pellucida	96.5	92.5	100.0	627
PX207127.1	MT832223_Cetraspora_pellucida	95.7	92.5	100.0	627
PX207127.1	JN689226.1_Racocetra_alborosea	95.3	99.7	97.4	676
PX207127.1	GU385898.1_Racocetra_tropicana	95.1	96.8	99.8	656
PX207127.1	FR750143_Racocetra_fulgida	94.8	99.9	100.0	677
PX207127.1	AY900507.1_Racocetra_verrucosa	94.5	96.8	99.8	656
PX207127.1	FR750167_Dentiscutata_heterogama	93.7	99.6	99.7	679
PX207127.1	MT832224_Racocetra_fulgida	93.6	92.0	100.0	627
PX207127.1	Y12076.1_Racocetra_castanea	93.3	97.2	96.5	660
PX207127.1	MT832227_Dentiscutata_erythropus	93.3	92.2	99.7	629
PX207127.1	MT832226_Dentiscutata_erythropus	92.7	92.2	99.7	629
PX207127.1	AF396782_Gigaspora_margarita	92.6	99.7	99.6	680
PX207127.1	JN971073.1_Intraornatospora_intraornata	92.6	98.2	99.0	672
PX207127.1	FN547573_Gigaspora_rosea	92.5	99.7	99.6	680
PX207127.1	JN971076.1_Paradentiscutata_martima	92.5	99.7	99.4	679
PX207127.1	JN971072.1_Paradentiscutata_baiana	92.1	96.2	99.4	657
PX207132.1	FN547573_Gigaspora_rosea	96.6	100.0	100.0	678
PX207132.1	MT832233_Gigaspora_rosea	96.0	92.3	100.0	628
PX207132.1	AF396782_Gigaspora_margarita	94.8	100.0	100.0	678
PX207132.1	MT832230_Gigaspora_margarita	94.6	92.6	100.0	628
PX207132.1	MT832237_Gigaspora_gigantea	94.1	92.2	100.0	628
PX207132.1	MT832238_Gigaspora_gigantea	93.9	92.5	100.0	628
PX207132.1	MT832231_Gigaspora_margarita	93.5	92.6	100.0	628
PX207132.1	MT832235_Gigaspora_albida	93.3	92.5	100.0	629
PX207132.1	MT832234_Gigaspora_albida	93.2	92.5	100.0	628
PX207132.1	JN971073.1_Intraornatospora_intraornata	93.1	98.5	99.4	670
PX207132.1	MT832227_Dentiscutata_erythropus	92.8	92.3	100.0	628
PX207132.1	FR750167_Dentiscutata_heterogama	92.8	99.7	100.0	678
PX207132.1	JN971076.1_Paradentiscutata_martima	92.6	99.9	99.7	678
PX207132.1	JN971072.1_Paradentiscutata_baiana	91.9	96.5	99.8	655
PX207132.1	FR750143_Racocetra_fulgida	91.2	99.6	99.9	679
PX207132.1	JN689226.1_Racocetra_alborosea	90.3	99.4	97.3	678
PX207133.1	FN547573_Gigaspora_rosea	96.6	100.0	100.0	678
PX207133.1	MT832233_Gigaspora_rosea	96.0	92.3	100.0	628
PX207133.1	AF396782_Gigaspora_margarita	94.8	100.0	100.0	678
PX207133.1	MT832230_Gigaspora_margarita	94.6	92.6	100.0	628
PX207133.1	MT832237_Gigaspora_gigantea	94.1	92.2	100.0	628
PX207133.1	MT832238_Gigaspora_gigantea	93.9	92.5	100.0	628
PX207133.1	MT832231_Gigaspora_margarita	93.5	92.6	100.0	628
PX207133.1	MT832235_Gigaspora_albida	93.3	92.5	100.0	629
PX207133.1	MT832234_Gigaspora_albida	93.2	92.5	100.0	628
PX207133.1	JN971073.1_Intraornatospora_intraornata	93.1	98.5	99.4	670
PX207133.1	MT832227_Dentiscutata_erythropus	92.8	92.3	100.0	628
PX207133.1	FR750167_Dentiscutata_heterogama	92.8	99.7	100.0	678
PX207133.1	JN971076.1_Paradentiscutata_martima	92.6	99.9	99.7	678
PX207133.1	JN971072.1_Paradentiscutata_baiana	91.9	96.5	99.8	655
PX207133.1	FR750143_Racocetra_fulgida	91.2	99.6	99.9	679
PX207133.1	JN689226.1_Racocetra_alborosea	90.3	99.4	97.3	678
PX207128.1	FN547573_Gigaspora_rosea	96.6	100.0	100.0	678
PX207128.1	MT832233_Gigaspora_rosea	96.0	92.3	100.0	628
PX207128.1	AF396782_Gigaspora_margarita	94.8	100.0	100.0	678
PX207128.1	MT832230_Gigaspora_margarita	94.6	92.6	100.0	628
PX207128.1	MT832237_Gigaspora_gigantea	94.1	92.2	100.0	628
PX207128.1	MT832238_Gigaspora_gigantea	93.9	92.5	100.0	628
PX207128.1	MT832231_Gigaspora_margarita	93.5	92.6	100.0	628
PX207128.1	MT832235_Gigaspora_albida	93.3	92.5	100.0	629
PX207128.1	MT832234_Gigaspora_albida	93.2	92.5	100.0	628
PX207128.1	JN971073.1_Intraornatospora_intraornata	93.1	98.5	99.4	670
PX207128.1	MT832227_Dentiscutata_erythropus	92.8	92.3	100.0	628
PX207128.1	FR750167_Dentiscutata_heterogama	92.8	99.7	100.0	678
PX207128.1	JN971076.1_Paradentiscutata_martima	92.6	99.9	99.7	678
PX207128.1	JN971072.1_Paradentiscutata_baiana	91.9	96.5	99.8	655
PX207128.1	FR750143_Racocetra_fulgida	91.2	99.6	99.9	679
PX207128.1	JN689226.1_Racocetra_alborosea	90.3	99.4	97.3	678
PX207135.1	MT832234_Gigaspora_albida	99.2	92.5	100.0	628
PX207135.1	MT832237_Gigaspora_gigantea	97.5	92.2	100.0	628
PX207135.1	MT832236_Gigaspora_albida	96.0	92.3	99.8	630
PX207135.1	FN547573_Gigaspora_rosea	96.0	99.9	99.9	679
PX207135.1	AF396782_Gigaspora_margarita	95.9	99.9	99.9	679
PX207135.1	JN971073.1_Intraornatospora_intraornata	95.7	98.4	99.3	671
PX207135.1	MT832232_Gigaspora_margarita	95.5	92.5	100.0	628
PX207135.1	MT832238_Gigaspora_gigantea	95.4	92.5	100.0	628
PX207135.1	MT832231_Gigaspora_margarita	95.2	92.5	99.8	629
PX207135.1	MT832233_Gigaspora_rosea	95.2	92.2	99.8	629
PX207135.1	MT832235_Gigaspora_albida	95.1	92.3	99.8	630
PX207135.1	MT832225_Dentiscutata_nigra	94.9	92.0	99.8	629
PX207135.1	MT832227_Dentiscutata_erythropus	94.8	92.2	99.8	629
PX207135.1	FR750167_Dentiscutata_heterogama	94.7	99.6	99.9	679
PX207135.1	JN971076.1_Paradentiscutata_martima	94.7	99.7	99.6	679
PX207135.1	JN971072.1_Paradentiscutata_baiana	94.7	96.3	99.7	656
PX207138.1	MT832234_Gigaspora_albida	97.4	92.6	100.0	627
PX207138.1	MT832237_Gigaspora_gigantea	97.4	92.3	100.0	627
PX207138.1	FN547573_Gigaspora_rosea	96.5	100.0	99.9	678
PX207138.1	MT832236_Gigaspora_albida	95.7	92.3	99.7	629
PX207138.1	AF396782_Gigaspora_margarita	95.6	100.0	99.9	678
PX207138.1	MT832231_Gigaspora_margarita	95.2	92.6	99.8	628
PX207138.1	JN971073.1_Intraornatospora_intraornata	95.1	98.5	99.3	670
PX207138.1	MT832238_Gigaspora_gigantea	95.1	92.6	100.0	627
PX207138.1	MT832235_Gigaspora_albida	94.9	92.3	99.7	629
PX207138.1	MT832233_Gigaspora_rosea	94.9	92.3	99.8	628
PX207138.1	MT832232_Gigaspora_margarita	94.7	92.6	100.0	627
PX207138.1	MT832225_Dentiscutata_nigra	94.4	92.2	99.8	628
PX207138.1	MT832230_Gigaspora_margarita	94.1	92.6	99.8	628
PX207138.1	FR750167_Dentiscutata_heterogama	94.0	99.7	99.9	678
PX207138.1	MT832227_Dentiscutata_erythropus	93.8	92.3	99.8	628
PX207138.1	JN971076.1_Paradentiscutata_martima	93.2	99.9	99.6	678
PX207131.1	FN547573_Gigaspora_rosea	96.6	100.0	100.0	678
PX207131.1	MT832233_Gigaspora_rosea	96.0	92.3	100.0	628
PX207131.1	AF396782_Gigaspora_margarita	94.8	100.0	100.0	678
PX207131.1	MT832230_Gigaspora_margarita	94.6	92.6	100.0	628
PX207131.1	MT832237_Gigaspora_gigantea	94.1	92.2	100.0	628
PX207131.1	MT832238_Gigaspora_gigantea	93.9	92.5	100.0	628
PX207131.1	MT832231_Gigaspora_margarita	93.5	92.6	100.0	628
PX207131.1	MT832235_Gigaspora_albida	93.3	92.5	100.0	629
PX207131.1	MT832234_Gigaspora_albida	93.2	92.5	100.0	628
PX207131.1	JN971073.1_Intraornatospora_intraornata	93.1	98.5	99.4	670
PX207131.1	MT832227_Dentiscutata_erythropus	92.8	92.3	100.0	628
PX207131.1	FR750167_Dentiscutata_heterogama	92.8	99.7	100.0	678
PX207131.1	JN971076.1_Paradentiscutata_martima	92.6	99.9	99.7	678
PX207131.1	JN971072.1_Paradentiscutata_baiana	91.9	96.5	99.8	655
PX207131.1	FR750143_Racocetra_fulgida	91.2	99.6	99.9	679
PX207131.1	JN689226.1_Racocetra_alborosea	90.3	99.4	97.3	678
PX207139.1	MT832237_Gigaspora_gigantea	98.1	92.3	100.0	627
PX207139.1	MT832234_Gigaspora_albida	97.8	92.6	100.0	627
PX207139.1	MT832236_Gigaspora_albida	96.3	92.3	99.7	629
PX207139.1	FN547573_Gigaspora_rosea	95.9	100.0	99.9	678
PX207139.1	MT832231_Gigaspora_margarita	95.9	92.6	99.8	628
PX207139.1	MT832238_Gigaspora_gigantea	95.7	92.6	100.0	627
PX207139.1	AF396782_Gigaspora_margarita	95.6	100.0	99.9	678
PX207139.1	JN971073.1_Intraornatospora_intraornata	95.4	98.5	99.3	670
PX207139.1	MT832235_Gigaspora_albida	95.2	92.3	99.7	629
PX207139.1	MT832233_Gigaspora_rosea	94.9	92.3	99.8	628
PX207139.1	FR750167_Dentiscutata_heterogama	94.8	99.7	99.9	678
PX207139.1	MT832225_Dentiscutata_nigra	94.4	92.2	99.8	628
PX207139.1	MT832230_Gigaspora_margarita	94.4	92.6	99.8	628
PX207139.1	MT832232_Gigaspora_margarita	94.4	92.6	100.0	627
PX207139.1	MT832227_Dentiscutata_erythropus	94.1	92.3	99.8	628
PX207139.1	JN971076.1_Paradentiscutata_martima	93.8	99.9	99.6	678
PX207116.1	FN547665_Diversispora_arenaria	95.3	99.6	99.7	739
PX207116.1	EF067888_Diversispora_eburnea	93.2	99.6	100.0	737
PX207116.1	FR865445.1_Otospora_bareae	92.8	96.7	91.4	718
PX207116.1	AY639235_Diversispora_celata	92.6	99.3	99.7	739
PX207116.1	MT832219_Diversispora_trimurales	92.3	93.2	100.0	691
PX207116.1	MT832216_Diversispora_insculpta	91.7	92.7	100.0	687
PX207116.1	MT832218_Diversispora_spurca	90.3	93.2	99.7	691
PX207116.1	MT832217_Diversispora_epigaea	90.2	93.4	100.0	691
PX207116.1	MT832215_Redeckera_megalocarpa	84.6	92.7	99.6	690
PX207116.1	MG459208.1_Desertispora_omaniana	84.1	96.9	90.5	725
PX207116.1	MT832213_Sieverdingia_tortuosa	83.7	92.1	99.7	689
PX207116.1	MT832214_Corymbiglomus_globiferum	83.0	92.4	99.6	690
PX207116.1	KF154769.1_Desertispora_omaniana	82.8	96.7	90.3	727
PX207116.1	FR750167_Dentiscutata_heterogama	71.6	91.3	99.6	740
PX207116.1	JN689226.1_Racocetra_alborosea	71.2	91.2	97.0	739
PX207116.1	JN971073.1_Intraornatospora_intraornata	70.8	90.0	98.7	733
PX207143.1	MT832234_Gigaspora_albida	97.8	92.6	100.0	627
PX207143.1	MT832237_Gigaspora_gigantea	97.3	92.3	100.0	627
PX207143.1	FN547573_Gigaspora_rosea	96.0	100.0	99.9	678
PX207143.1	MT832236_Gigaspora_albida	95.9	92.3	99.7	629
PX207143.1	AF396782_Gigaspora_margarita	95.7	100.0	99.9	678
PX207143.1	MT832235_Gigaspora_albida	95.7	92.3	99.7	629
PX207143.1	JN971073.1_Intraornatospora_intraornata	95.4	98.5	99.3	670
PX207143.1	MT832231_Gigaspora_margarita	95.1	92.6	99.8	628
PX207143.1	MT832233_Gigaspora_rosea	95.1	92.3	99.8	628
PX207143.1	MT832238_Gigaspora_gigantea	95.1	92.6	100.0	627
PX207143.1	MT832232_Gigaspora_margarita	94.7	92.6	100.0	627
PX207143.1	MT832225_Dentiscutata_nigra	94.4	92.2	99.8	628
PX207143.1	FR750167_Dentiscutata_heterogama	94.0	99.7	99.9	678
PX207143.1	MT832227_Dentiscutata_erythropus	93.8	92.3	99.8	628
PX207143.1	MT832229_Dentiscutata_heterogama	93.8	92.3	99.8	628
PX207143.1	JN971076.1_Paradentiscutata_martima	93.7	99.9	99.6	678
PX207137.1	MT832234_Gigaspora_albida	98.1	92.6	100.0	627
PX207137.1	MT832237_Gigaspora_gigantea	97.3	92.3	100.0	627
PX207137.1	FN547573_Gigaspora_rosea	95.7	100.0	99.9	678
PX207137.1	AF396782_Gigaspora_margarita	95.4	100.0	99.9	678
PX207137.1	MT832236_Gigaspora_albida	95.4	92.5	99.8	629
PX207137.1	MT832231_Gigaspora_margarita	95.1	92.6	99.8	628
PX207137.1	JN971073.1_Intraornatospora_intraornata	94.9	98.5	99.3	670
PX207137.1	MT832238_Gigaspora_gigantea	94.7	92.6	100.0	627
PX207137.1	MT832233_Gigaspora_rosea	94.4	92.3	99.8	628
PX207137.1	MT832235_Gigaspora_albida	94.3	92.5	99.8	629
PX207137.1	FR750167_Dentiscutata_heterogama	94.2	99.7	99.9	678
PX207137.1	MT832225_Dentiscutata_nigra	94.1	92.2	99.8	628
PX207137.1	MT832232_Gigaspora_margarita	94.1	92.6	100.0	627
PX207137.1	MT832230_Gigaspora_margarita	93.9	92.6	99.8	628
PX207137.1	MT832229_Dentiscutata_heterogama	93.8	92.3	99.8	628
PX207137.1	JN971076.1_Paradentiscutata_martima	93.5	99.9	99.6	678
PX207134.1	FN547573_Gigaspora_rosea	96.6	100.0	100.0	678
PX207134.1	MT832233_Gigaspora_rosea	96.0	92.3	100.0	628
PX207134.1	AF396782_Gigaspora_margarita	94.8	100.0	100.0	678
PX207134.1	MT832230_Gigaspora_margarita	94.6	92.6	100.0	628
PX207134.1	MT832237_Gigaspora_gigantea	94.1	92.2	100.0	628
PX207134.1	MT832238_Gigaspora_gigantea	93.9	92.5	100.0	628
PX207134.1	MT832231_Gigaspora_margarita	93.5	92.6	100.0	628
PX207134.1	MT832235_Gigaspora_albida	93.3	92.5	100.0	629
PX207134.1	MT832234_Gigaspora_albida	93.2	92.5	100.0	628
PX207134.1	JN971073.1_Intraornatospora_intraornata	93.1	98.5	99.4	670
PX207134.1	MT832227_Dentiscutata_erythropus	92.8	92.3	100.0	628
PX207134.1	FR750167_Dentiscutata_heterogama	92.8	99.7	100.0	678
PX207134.1	JN971076.1_Paradentiscutata_martima	92.6	99.9	99.7	678
PX207134.1	JN971072.1_Paradentiscutata_baiana	91.9	96.5	99.8	655
PX207134.1	FR750143_Racocetra_fulgida	91.2	99.6	99.9	679
PX207134.1	JN689226.1_Racocetra_alborosea	90.3	99.4	97.3	678
PX207140.1	MT832237_Gigaspora_gigantea	98.1	92.3	100.0	627
PX207140.1	MT832234_Gigaspora_albida	97.8	92.6	100.0	627
PX207140.1	MT832236_Gigaspora_albida	96.3	92.3	99.7	629
PX207140.1	FN547573_Gigaspora_rosea	95.9	100.0	99.9	678
PX207140.1	MT832231_Gigaspora_margarita	95.9	92.6	99.8	628
PX207140.1	MT832238_Gigaspora_gigantea	95.7	92.6	100.0	627
PX207140.1	AF396782_Gigaspora_margarita	95.6	100.0	99.9	678
PX207140.1	JN971073.1_Intraornatospora_intraornata	95.4	98.5	99.3	670
PX207140.1	MT832235_Gigaspora_albida	95.2	92.3	99.7	629
PX207140.1	MT832233_Gigaspora_rosea	94.9	92.3	99.8	628
PX207140.1	FR750167_Dentiscutata_heterogama	94.8	99.7	99.9	678
PX207140.1	MT832225_Dentiscutata_nigra	94.4	92.2	99.8	628
PX207140.1	MT832230_Gigaspora_margarita	94.4	92.6	99.8	628
PX207140.1	MT832232_Gigaspora_margarita	94.4	92.6	100.0	627
PX207140.1	MT832227_Dentiscutata_erythropus	94.1	92.3	99.8	628
PX207140.1	JN971076.1_Paradentiscutata_martima	93.8	99.9	99.6	678
PX207136.1	MT832234_Gigaspora_albida	98.1	92.6	100.0	627
PX207136.1	MT832237_Gigaspora_gigantea	97.3	92.3	100.0	627
PX207136.1	FN547573_Gigaspora_rosea	95.7	100.0	99.9	678
PX207136.1	AF396782_Gigaspora_margarita	95.4	100.0	99.9	678
PX207136.1	MT832236_Gigaspora_albida	95.4	92.5	99.8	629
PX207136.1	MT832231_Gigaspora_margarita	95.1	92.6	99.8	628
PX207136.1	JN971073.1_Intraornatospora_intraornata	94.9	98.5	99.3	670
PX207136.1	MT832238_Gigaspora_gigantea	94.7	92.6	100.0	627
PX207136.1	MT832233_Gigaspora_rosea	94.4	92.3	99.8	628
PX207136.1	MT832235_Gigaspora_albida	94.3	92.5	99.8	629
PX207136.1	FR750167_Dentiscutata_heterogama	94.2	99.7	99.9	678
PX207136.1	MT832225_Dentiscutata_nigra	94.1	92.2	99.8	628
PX207136.1	MT832232_Gigaspora_margarita	94.1	92.6	100.0	627
PX207136.1	MT832230_Gigaspora_margarita	93.9	92.6	99.8	628
PX207136.1	MT832229_Dentiscutata_heterogama	93.8	92.3	99.8	628
PX207136.1	JN971076.1_Paradentiscutata_martima	93.5	99.9	99.6	678
PX207117.1	FN547665_Diversispora_arenaria	95.3	99.6	99.7	739
PX207117.1	EF067888_Diversispora_eburnea	93.2	99.6	100.0	737
PX207117.1	FR865445.1_Otospora_bareae	92.8	96.7	91.4	718
PX207117.1	AY639235_Diversispora_celata	92.6	99.3	99.7	739
PX207117.1	MT832219_Diversispora_trimurales	92.3	93.2	100.0	691
PX207117.1	MT832216_Diversispora_insculpta	91.7	92.7	100.0	687
PX207117.1	MT832218_Diversispora_spurca	90.3	93.2	99.7	691
PX207117.1	MT832217_Diversispora_epigaea	90.2	93.4	100.0	691
PX207117.1	MT832215_Redeckera_megalocarpa	84.6	92.7	99.6	690
PX207117.1	MG459208.1_Desertispora_omaniana	84.1	96.9	90.5	725
PX207117.1	MT832213_Sieverdingia_tortuosa	83.7	92.1	99.7	689
PX207117.1	MT832214_Corymbiglomus_globiferum	83.0	92.4	99.6	690
PX207117.1	KF154769.1_Desertispora_omaniana	82.8	96.7	90.3	727
PX207117.1	FR750167_Dentiscutata_heterogama	71.6	91.3	99.6	740
PX207117.1	JN689226.1_Racocetra_alborosea	71.2	91.2	97.0	739
PX207117.1	JN971073.1_Intraornatospora_intraornata	70.8	90.0	98.7	733
PX207115.1	FN547665_Diversispora_arenaria	95.3	99.6	99.7	739
PX207115.1	EF067888_Diversispora_eburnea	93.2	99.6	100.0	737
PX207115.1	FR865445.1_Otospora_bareae	92.8	96.7	91.4	718
PX207115.1	AY639235_Diversispora_celata	92.6	99.3	99.7	739
PX207115.1	MT832219_Diversispora_trimurales	92.3	93.2	100.0	691
PX207115.1	MT832216_Diversispora_insculpta	91.7	92.7	100.0	687
PX207115.1	MT832218_Diversispora_spurca	90.3	93.2	99.7	691
PX207115.1	MT832217_Diversispora_epigaea	90.2	93.4	100.0	691
PX207115.1	MT832215_Redeckera_megalocarpa	84.6	92.7	99.6	690
PX207115.1	MG459208.1_Desertispora_omaniana	84.1	96.9	90.5	725
PX207115.1	MT832213_Sieverdingia_tortuosa	83.7	92.1	99.7	689
PX207115.1	MT832214_Corymbiglomus_globiferum	83.0	92.4	99.6	690
PX207115.1	KF154769.1_Desertispora_omaniana	82.8	96.7	90.3	727
PX207115.1	FR750167_Dentiscutata_heterogama	71.6	91.3	99.6	740
PX207115.1	JN689226.1_Racocetra_alborosea	71.2	91.2	97.0	739
PX207115.1	JN971073.1_Intraornatospora_intraornata	70.8	90.0	98.7	733
PX207147.1	MT832185_Sclerocystis_sinuosa	99.4	93.4	99.7	692
PX207147.1	MT832186_Sclerocystis_sinuosa	97.4	93.1	99.7	692
PX207147.1	FM992400_Rhizophagus_proliferus	88.1	99.3	99.9	741
PX207147.1	FM992391_Rhizophagus_proliferus	88.0	99.5	99.9	741
PX207147.1	MT832194_Rhizophagus_irregularis	87.8	92.8	99.9	691
PX207147.1	MT832188_Rhizophagus_intraradices	87.7	92.6	99.9	691
PX207147.1	MT832187_Rhizophagus_intraradices	87.6	92.4	99.9	691
PX207147.1	FR750072_Rhizophagus_fasciculatus	87.2	99.5	99.7	742
PX207147.1	MT832195_Rhizophagus_irregularis	87.1	92.8	99.9	691
PX207147.1	MT832190_Rhizophagus_manihotis	86.7	92.4	99.9	691
PX207147.1	MT832191_Rhizophagus_clarus	86.4	92.6	99.9	691
PX207147.1	MK903007.1_Microkamienskia_peruviana	84.4	96.2	90.8	726
PX207147.1	MK903006.1_Microkamienskia_peruviana	84.4	96.2	90.8	726
PX207147.1	KJ564144.1_Microkaminenskia_perpusilla	83.4	96.2	90.5	728
PX207147.1	KX758123.1_Microkamienskia_divaricata	83.3	96.5	91.1	725
PX207147.1	KX758121.1_Microkamienskia_divaricata	82.5	96.5	91.0	725
PX207142.1	FN547573_Gigaspora_rosea	96.3	99.9	100.0	679
PX207142.1	MT832233_Gigaspora_rosea	96.0	92.2	100.0	629
PX207142.1	MT832230_Gigaspora_margarita	94.6	92.5	100.0	629
PX207142.1	AF396782_Gigaspora_margarita	94.6	99.9	100.0	679
PX207142.1	MT832237_Gigaspora_gigantea	94.0	92.0	100.0	629
PX207142.1	MT832238_Gigaspora_gigantea	93.8	92.3	100.0	629
PX207142.1	MT832235_Gigaspora_albida	93.7	92.3	100.0	630
PX207142.1	MT832231_Gigaspora_margarita	93.5	92.5	100.0	629
PX207142.1	JN971073.1_Intraornatospora_intraornata	93.3	98.4	99.4	671
PX207142.1	MT832227_Dentiscutata_erythropus	92.8	92.2	100.0	629
PX207142.1	FR750167_Dentiscutata_heterogama	92.8	99.6	100.0	679
PX207142.1	JN971076.1_Paradentiscutata_martima	92.8	99.7	99.7	679
PX207142.1	MT832236_Gigaspora_albida	92.4	92.3	100.0	630
PX207142.1	JN971072.1_Paradentiscutata_baiana	91.9	96.3	99.8	656
PX207142.1	FR750143_Racocetra_fulgida	91.2	99.4	99.9	680
PX207142.1	JN689226.1_Racocetra_alborosea	90.3	99.3	97.3	679
PX207141.1	MT832237_Gigaspora_gigantea	97.6	92.3	100.0	627
PX207141.1	MT832236_Gigaspora_albida	97.1	92.3	99.7	629
PX207141.1	MT832234_Gigaspora_albida	96.8	92.6	100.0	627
PX207141.1	MT832235_Gigaspora_albida	96.3	92.3	99.7	629
PX207141.1	FN547573_Gigaspora_rosea	95.6	100.0	99.9	678
PX207141.1	MT832231_Gigaspora_margarita	95.4	92.6	99.8	628
PX207141.1	AF396782_Gigaspora_margarita	95.3	100.0	99.9	678
PX207141.1	JN971073.1_Intraornatospora_intraornata	94.8	98.5	99.3	670
PX207141.1	MT832233_Gigaspora_rosea	94.7	92.3	99.8	628
PX207141.1	MT832230_Gigaspora_margarita	94.6	92.6	99.8	628
PX207141.1	MT832238_Gigaspora_gigantea	93.9	92.6	100.0	627
PX207141.1	MT832227_Dentiscutata_erythropus	93.6	92.3	99.8	628
PX207141.1	MT832232_Gigaspora_margarita	93.6	92.6	100.0	627
PX207141.1	FR750167_Dentiscutata_heterogama	93.4	99.7	99.9	678
PX207141.1	JN971076.1_Paradentiscutata_martima	93.1	99.9	99.6	678
PX207141.1	FR750143_Racocetra_fulgida	91.3	99.7	99.9	678
PX207151.1	MT832185_Sclerocystis_sinuosa	99.6	93.4	99.9	692
PX207151.1	MT832186_Sclerocystis_sinuosa	97.1	93.1	99.9	692
PX207151.1	FM992400_Rhizophagus_proliferus	88.3	99.3	100.0	741
PX207151.1	FM992391_Rhizophagus_proliferus	88.1	99.5	100.0	741
PX207151.1	MT832194_Rhizophagus_irregularis	88.0	92.8	100.0	691
PX207151.1	MT832188_Rhizophagus_intraradices	87.7	92.6	100.0	691
PX207151.1	MT832187_Rhizophagus_intraradices	87.6	92.4	100.0	691
PX207151.1	MT832195_Rhizophagus_irregularis	87.3	92.8	100.0	691
PX207151.1	FR750072_Rhizophagus_fasciculatus	87.2	99.5	99.9	742
PX207151.1	MT832190_Rhizophagus_manihotis	86.7	92.4	100.0	691
PX207151.1	MK903007.1_Microkamienskia_peruviana	84.6	96.2	90.9	726
PX207151.1	MK903006.1_Microkamienskia_peruviana	84.6	96.2	90.9	726
PX207151.1	KJ564144.1_Microkaminenskia_perpusilla	83.7	96.2	90.6	728
PX207151.1	KJ564140.1_Microkaminenskia_perpusilla	83.4	96.5	92.7	730
PX207151.1	KX758123.1_Microkamienskia_divaricata	83.3	96.5	91.2	725
PX207151.1	KX758121.1_Microkamienskia_divaricata	82.5	96.5	91.1	725
PX207149.1	MT832185_Sclerocystis_sinuosa	99.4	93.4	99.7	692
PX207149.1	MT832186_Sclerocystis_sinuosa	97.4	93.1	99.7	692
PX207149.1	FM992400_Rhizophagus_proliferus	88.1	99.3	99.9	741
PX207149.1	FM992391_Rhizophagus_proliferus	88.0	99.5	99.9	741
PX207149.1	MT832194_Rhizophagus_irregularis	87.8	92.8	99.9	691
PX207149.1	MT832188_Rhizophagus_intraradices	87.7	92.6	99.9	691
PX207149.1	MT832187_Rhizophagus_intraradices	87.6	92.4	99.9	691
PX207149.1	FR750072_Rhizophagus_fasciculatus	87.2	99.5	99.7	742
PX207149.1	MT832195_Rhizophagus_irregularis	87.1	92.8	99.9	691
PX207149.1	MT832190_Rhizophagus_manihotis	86.7	92.4	99.9	691
PX207149.1	MT832191_Rhizophagus_clarus	86.4	92.6	99.9	691
PX207149.1	MK903007.1_Microkamienskia_peruviana	84.4	96.2	90.8	726
PX207149.1	MK903006.1_Microkamienskia_peruviana	84.4	96.2	90.8	726
PX207149.1	KJ564144.1_Microkaminenskia_perpusilla	83.4	96.2	90.5	728
PX207149.1	KX758123.1_Microkamienskia_divaricata	83.3	96.5	91.1	725
PX207149.1	KX758121.1_Microkamienskia_divaricata	82.5	96.5	91.0	725
PX207150.1	MT832185_Sclerocystis_sinuosa	100.0	93.4	99.9	692
PX207150.1	MT832186_Sclerocystis_sinuosa	97.0	93.1	99.9	692
PX207150.1	FM992400_Rhizophagus_proliferus	88.3	99.3	100.0	741
PX207150.1	FM992391_Rhizophagus_proliferus	88.1	99.5	100.0	741
PX207150.1	MT832194_Rhizophagus_irregularis	88.0	92.8	100.0	691
PX207150.1	MT832188_Rhizophagus_intraradices	87.7	92.6	100.0	691
PX207150.1	MT832187_Rhizophagus_intraradices	87.6	92.4	100.0	691
PX207150.1	MT832195_Rhizophagus_irregularis	87.3	92.8	100.0	691
PX207150.1	FR750072_Rhizophagus_fasciculatus	87.2	99.5	99.9	742
PX207150.1	MT832190_Rhizophagus_manihotis	86.7	92.4	100.0	691
PX207150.1	MK903007.1_Microkamienskia_peruviana	84.2	96.2	90.9	726
PX207150.1	MK903006.1_Microkamienskia_peruviana	84.2	96.2	90.9	726
PX207150.1	KJ564144.1_Microkaminenskia_perpusilla	83.8	96.2	90.6	728
PX207150.1	KJ564140.1_Microkaminenskia_perpusilla	83.6	96.5	92.7	730
PX207150.1	KX758123.1_Microkamienskia_divaricata	83.4	96.5	91.2	725
PX207150.1	KX758121.1_Microkamienskia_divaricata	82.6	96.5	91.1	725
PX207156.1	MT832185_Sclerocystis_sinuosa	99.1	93.4	99.9	692
PX207156.1	MT832186_Sclerocystis_sinuosa	97.0	93.1	99.9	692
PX207156.1	FM992400_Rhizophagus_proliferus	88.1	99.3	100.0	741
PX207156.1	FM992391_Rhizophagus_proliferus	88.0	99.5	100.0	741
PX207156.1	MT832188_Rhizophagus_intraradices	87.8	92.6	100.0	691
PX207156.1	MT832194_Rhizophagus_irregularis	87.8	92.8	100.0	691
PX207156.1	MT832187_Rhizophagus_intraradices	87.4	92.4	100.0	691
PX207156.1	FR750072_Rhizophagus_fasciculatus	87.1	99.5	99.9	742
PX207156.1	MT832190_Rhizophagus_manihotis	86.5	92.4	100.0	691
PX207156.1	MT832191_Rhizophagus_clarus	86.3	92.6	100.0	691
PX207156.1	MK903007.1_Microkamienskia_peruviana	84.4	96.2	90.9	726
PX207156.1	MK903006.1_Microkamienskia_peruviana	84.4	96.2	90.9	726
PX207156.1	KJ564144.1_Microkaminenskia_perpusilla	83.5	96.2	90.6	728
PX207156.1	KX758123.1_Microkamienskia_divaricata	83.4	96.5	91.2	725
PX207156.1	KJ564140.1_Microkaminenskia_perpusilla	83.3	96.5	92.7	730
PX207156.1	KX758121.1_Microkamienskia_divaricata	82.6	96.5	91.1	725
PX207146.1	MT832185_Sclerocystis_sinuosa	99.4	93.4	99.9	692
PX207146.1	MT832186_Sclerocystis_sinuosa	97.5	93.1	99.9	692
PX207146.1	FM992400_Rhizophagus_proliferus	88.1	99.3	100.0	741
PX207146.1	FM992391_Rhizophagus_proliferus	88.0	99.5	100.0	741
PX207146.1	MT832188_Rhizophagus_intraradices	87.8	92.6	100.0	691
PX207146.1	MT832194_Rhizophagus_irregularis	87.8	92.8	100.0	691
PX207146.1	MT832187_Rhizophagus_intraradices	87.7	92.4	100.0	691
PX207146.1	FR750072_Rhizophagus_fasciculatus	87.3	99.5	99.9	742
PX207146.1	MT832195_Rhizophagus_irregularis	87.1	92.8	100.0	691
PX207146.1	MT832190_Rhizophagus_manihotis	86.8	92.4	100.0	691
PX207146.1	MT832191_Rhizophagus_clarus	86.5	92.6	100.0	691
PX207146.1	MK903007.1_Microkamienskia_peruviana	84.3	96.2	90.9	726
PX207146.1	MK903006.1_Microkamienskia_peruviana	84.3	96.2	90.9	726
PX207146.1	KJ564144.1_Microkaminenskia_perpusilla	83.4	96.2	90.6	728
PX207146.1	KX758123.1_Microkamienskia_divaricata	83.3	96.5	91.2	725
PX207146.1	KX758121.1_Microkamienskia_divaricata	82.5	96.5	91.1	725
PX207144.1	MT832185_Sclerocystis_sinuosa	99.4	93.4	99.9	692
PX207144.1	MT832186_Sclerocystis_sinuosa	97.5	93.1	99.9	692
PX207144.1	FM992400_Rhizophagus_proliferus	88.1	99.3	100.0	741
PX207144.1	FM992391_Rhizophagus_proliferus	88.0	99.5	100.0	741
PX207144.1	MT832188_Rhizophagus_intraradices	87.8	92.6	100.0	691
PX207144.1	MT832194_Rhizophagus_irregularis	87.8	92.8	100.0	691
PX207144.1	MT832187_Rhizophagus_intraradices	87.7	92.4	100.0	691
PX207144.1	FR750072_Rhizophagus_fasciculatus	87.3	99.5	99.9	742
PX207144.1	MT832195_Rhizophagus_irregularis	87.1	92.8	100.0	691
PX207144.1	MT832190_Rhizophagus_manihotis	86.8	92.4	100.0	691
PX207144.1	MT832191_Rhizophagus_clarus	86.5	92.6	100.0	691
PX207144.1	MK903007.1_Microkamienskia_peruviana	84.3	96.2	90.9	726
PX207144.1	MK903006.1_Microkamienskia_peruviana	84.3	96.2	90.9	726
PX207144.1	KJ564144.1_Microkaminenskia_perpusilla	83.4	96.2	90.6	728
PX207144.1	KX758123.1_Microkamienskia_divaricata	83.3	96.5	91.2	725
PX207144.1	KX758121.1_Microkamienskia_divaricata	82.5	96.5	91.1	725
PX207157.1	MT832185_Sclerocystis_sinuosa	99.1	93.4	99.9	692
PX207157.1	MT832186_Sclerocystis_sinuosa	97.0	93.1	99.9	692
PX207157.1	FM992400_Rhizophagus_proliferus	88.1	99.3	100.0	741
PX207157.1	FM992391_Rhizophagus_proliferus	88.0	99.5	100.0	741
PX207157.1	MT832188_Rhizophagus_intraradices	87.8	92.6	100.0	691
PX207157.1	MT832194_Rhizophagus_irregularis	87.8	92.8	100.0	691
PX207157.1	MT832187_Rhizophagus_intraradices	87.4	92.4	100.0	691
PX207157.1	FR750072_Rhizophagus_fasciculatus	87.1	99.5	99.9	742
PX207157.1	MT832190_Rhizophagus_manihotis	86.5	92.4	100.0	691
PX207157.1	MT832191_Rhizophagus_clarus	86.3	92.6	100.0	691
PX207157.1	MK903007.1_Microkamienskia_peruviana	84.4	96.2	90.9	726
PX207157.1	MK903006.1_Microkamienskia_peruviana	84.4	96.2	90.9	726
PX207157.1	KJ564144.1_Microkaminenskia_perpusilla	83.5	96.2	90.6	728
PX207157.1	KX758123.1_Microkamienskia_divaricata	83.4	96.5	91.2	725
PX207157.1	KJ564140.1_Microkaminenskia_perpusilla	83.3	96.5	92.7	730
PX207157.1	KX758121.1_Microkamienskia_divaricata	82.6	96.5	91.1	725
PX207162.1	MT832195_Rhizophagus_irregularis	95.5	93.1	100.0	689
PX207162.1	MT832194_Rhizophagus_irregularis	92.9	93.0	99.9	690
PX207162.1	MT832187_Rhizophagus_intraradices	91.0	92.6	99.9	690
PX207162.1	FM992400_Rhizophagus_proliferus	90.9	99.5	99.9	740
PX207162.1	MT832192_Rhizophagus_dimorphicus	90.9	92.8	99.9	690
PX207162.1	FM992391_Rhizophagus_proliferus	90.8	99.6	99.9	740
PX207162.1	MT832193_Rhizophagus_dimorphicus	90.4	92.7	99.7	691
PX207162.1	MT832188_Rhizophagus_intraradices	90.0	92.7	99.9	690
PX207162.1	FR750072_Rhizophagus_fasciculatus	89.6	99.6	99.7	741
PX207162.1	MT832190_Rhizophagus_manihotis	88.7	92.6	99.9	690
PX207162.1	MT832191_Rhizophagus_clarus	88.3	92.7	99.9	690
PX207162.1	MT832189_Rhizophagus_intraradices	87.0	92.7	99.7	691
PX207162.1	MH560604.1_Halonatospora_panshihalos	85.9	97.2	91.2	721
PX207162.1	MH560602.1_Halonatospora_panshihalos	85.6	97.2	91.2	721
PX207162.1	MT832184_Oehlia_diaphana	85.3	92.2	99.6	692
PX207162.1	KJ564144.1_Microkaminenskia_perpusilla	83.3	96.5	90.6	726
PX207163.1	MT832195_Rhizophagus_irregularis	95.5	93.1	100.0	689
PX207163.1	MT832194_Rhizophagus_irregularis	92.9	93.0	99.9	690
PX207163.1	MT832187_Rhizophagus_intraradices	91.0	92.6	99.9	690
PX207163.1	FM992400_Rhizophagus_proliferus	90.9	99.5	99.9	740
PX207163.1	MT832192_Rhizophagus_dimorphicus	90.9	92.8	99.9	690
PX207163.1	FM992391_Rhizophagus_proliferus	90.8	99.6	99.9	740
PX207163.1	MT832193_Rhizophagus_dimorphicus	90.4	92.7	99.7	691
PX207163.1	MT832188_Rhizophagus_intraradices	90.0	92.7	99.9	690
PX207163.1	FR750072_Rhizophagus_fasciculatus	89.6	99.6	99.7	741
PX207163.1	MT832190_Rhizophagus_manihotis	88.7	92.6	99.9	690
PX207163.1	MT832191_Rhizophagus_clarus	88.3	92.7	99.9	690
PX207163.1	MT832189_Rhizophagus_intraradices	87.0	92.7	99.7	691
PX207163.1	MH560604.1_Halonatospora_panshihalos	85.9	97.2	91.2	721
PX207163.1	MH560602.1_Halonatospora_panshihalos	85.6	97.2	91.2	721
PX207163.1	MT832184_Oehlia_diaphana	85.3	92.2	99.6	692
PX207163.1	KJ564144.1_Microkaminenskia_perpusilla	83.3	96.5	90.6	726
PX207166.1	MT832194_Rhizophagus_irregularis	97.7	93.1	100.0	689
PX207166.1	MT832192_Rhizophagus_dimorphicus	94.3	93.0	100.0	689
PX207166.1	MT832193_Rhizophagus_dimorphicus	93.8	92.8	99.9	690
PX207166.1	MT832195_Rhizophagus_irregularis	93.8	93.0	99.9	690
PX207166.1	FM992400_Rhizophagus_proliferus	93.6	99.6	100.0	739
PX207166.1	MT832188_Rhizophagus_intraradices	93.3	92.8	100.0	689
PX207166.1	FR750072_Rhizophagus_fasciculatus	93.3	99.6	99.7	741
PX207166.1	FM992391_Rhizophagus_proliferus	93.1	99.7	100.0	739
PX207166.1	MT832187_Rhizophagus_intraradices	92.5	92.7	100.0	689
PX207166.1	MT832190_Rhizophagus_manihotis	92.3	92.7	100.0	689
PX207166.1	MT832191_Rhizophagus_clarus	91.9	92.7	99.9	690
PX207166.1	MT832189_Rhizophagus_intraradices	89.3	92.7	99.7	691
PX207166.1	MH560604.1_Halonatospora_panshihalos	87.8	97.0	91.1	722
PX207166.1	MT832185_Sclerocystis_sinuosa	87.7	93.2	99.4	693
PX207166.1	MT832186_Sclerocystis_sinuosa	87.4	93.1	99.6	692
PX207166.1	FM876794_Funneliformis_coronatus	83.0	99.9	99.2	745
PX207164.1	MT832195_Rhizophagus_irregularis	95.5	93.1	100.0	689
PX207164.1	MT832194_Rhizophagus_irregularis	92.9	93.0	99.9	690
PX207164.1	MT832187_Rhizophagus_intraradices	91.0	92.6	99.9	690
PX207164.1	FM992400_Rhizophagus_proliferus	90.9	99.5	99.9	740
PX207164.1	MT832192_Rhizophagus_dimorphicus	90.9	92.8	99.9	690
PX207164.1	FM992391_Rhizophagus_proliferus	90.8	99.6	99.9	740
PX207164.1	MT832193_Rhizophagus_dimorphicus	90.4	92.7	99.7	691
PX207164.1	MT832188_Rhizophagus_intraradices	90.0	92.7	99.9	690
PX207164.1	FR750072_Rhizophagus_fasciculatus	89.6	99.6	99.7	741
PX207164.1	MT832190_Rhizophagus_manihotis	88.7	92.6	99.9	690
PX207164.1	MT832191_Rhizophagus_clarus	88.3	92.7	99.9	690
PX207164.1	MT832189_Rhizophagus_intraradices	87.0	92.7	99.7	691
PX207164.1	MH560604.1_Halonatospora_panshihalos	85.9	97.2	91.2	721
PX207164.1	MH560602.1_Halonatospora_panshihalos	85.6	97.2	91.2	721
PX207164.1	MT832184_Oehlia_diaphana	85.3	92.2	99.6	692
PX207164.1	KJ564144.1_Microkaminenskia_perpusilla	83.3	96.5	90.6	726
PX207165.1	MT832195_Rhizophagus_irregularis	95.5	93.1	100.0	689
PX207165.1	MT832194_Rhizophagus_irregularis	92.9	93.0	99.9	690
PX207165.1	MT832187_Rhizophagus_intraradices	91.0	92.6	99.9	690
PX207165.1	FM992400_Rhizophagus_proliferus	90.9	99.5	99.9	740
PX207165.1	MT832192_Rhizophagus_dimorphicus	90.9	92.8	99.9	690
PX207165.1	FM992391_Rhizophagus_proliferus	90.8	99.6	99.9	740
PX207165.1	MT832193_Rhizophagus_dimorphicus	90.4	92.7	99.7	691
PX207165.1	MT832188_Rhizophagus_intraradices	90.0	92.7	99.9	690
PX207165.1	FR750072_Rhizophagus_fasciculatus	89.6	99.6	99.7	741
PX207165.1	MT832190_Rhizophagus_manihotis	88.7	92.6	99.9	690
PX207165.1	MT832191_Rhizophagus_clarus	88.3	92.7	99.9	690
PX207165.1	MT832189_Rhizophagus_intraradices	87.0	92.7	99.7	691
PX207165.1	MH560604.1_Halonatospora_panshihalos	85.9	97.2	91.2	721
PX207165.1	MH560602.1_Halonatospora_panshihalos	85.6	97.2	91.2	721
PX207165.1	MT832184_Oehlia_diaphana	85.3	92.2	99.6	692
PX207165.1	KJ564144.1_Microkaminenskia_perpusilla	83.3	96.5	90.6	726
PX207148.1	MT832185_Sclerocystis_sinuosa	99.4	93.4	99.7	692
PX207148.1	MT832186_Sclerocystis_sinuosa	97.4	93.1	99.7	692
PX207148.1	FM992400_Rhizophagus_proliferus	88.1	99.3	99.9	741
PX207148.1	FM992391_Rhizophagus_proliferus	88.0	99.5	99.9	741
PX207148.1	MT832194_Rhizophagus_irregularis	87.8	92.8	99.9	691
PX207148.1	MT832188_Rhizophagus_intraradices	87.7	92.6	99.9	691
PX207148.1	MT832187_Rhizophagus_intraradices	87.6	92.4	99.9	691
PX207148.1	FR750072_Rhizophagus_fasciculatus	87.2	99.5	99.7	742
PX207148.1	MT832195_Rhizophagus_irregularis	87.1	92.8	99.9	691
PX207148.1	MT832190_Rhizophagus_manihotis	86.7	92.4	99.9	691
PX207148.1	MT832191_Rhizophagus_clarus	86.4	92.6	99.9	691
PX207148.1	MK903007.1_Microkamienskia_peruviana	84.4	96.2	90.8	726
PX207148.1	MK903006.1_Microkamienskia_peruviana	84.4	96.2	90.8	726
PX207148.1	KJ564144.1_Microkaminenskia_perpusilla	83.4	96.2	90.5	728
PX207148.1	KX758123.1_Microkamienskia_divaricata	83.3	96.5	91.1	725
PX207148.1	KX758121.1_Microkamienskia_divaricata	82.5	96.5	91.0	725
PX207161.1	MT832185_Sclerocystis_sinuosa	99.1	93.4	99.9	692
PX207161.1	MT832186_Sclerocystis_sinuosa	97.5	93.1	99.9	692
PX207161.1	FM992400_Rhizophagus_proliferus	88.1	99.3	100.0	741
PX207161.1	FM992391_Rhizophagus_proliferus	88.0	99.5	100.0	741
PX207161.1	MT832188_Rhizophagus_intraradices	87.8	92.6	100.0	691
PX207161.1	MT832194_Rhizophagus_irregularis	87.8	92.8	100.0	691
PX207161.1	MT832187_Rhizophagus_intraradices	87.7	92.4	100.0	691
PX207161.1	FR750072_Rhizophagus_fasciculatus	87.3	99.5	99.9	742
PX207161.1	MT832190_Rhizophagus_manihotis	86.8	92.4	100.0	691
PX207161.1	MT832191_Rhizophagus_clarus	86.5	92.6	100.0	691
PX207161.1	MK903007.1_Microkamienskia_peruviana	84.3	96.2	90.9	726
PX207161.1	MK903006.1_Microkamienskia_peruviana	84.3	96.2	90.9	726
PX207161.1	KJ564144.1_Microkaminenskia_perpusilla	83.4	96.2	90.6	728
PX207161.1	KX758123.1_Microkamienskia_divaricata	83.3	96.5	91.2	725
PX207161.1	KJ564140.1_Microkaminenskia_perpusilla	83.2	96.5	92.7	730
PX207161.1	KX758121.1_Microkamienskia_divaricata	82.5	96.5	91.1	725
PX207145.1	MT832185_Sclerocystis_sinuosa	99.4	93.4	99.9	692
PX207145.1	MT832186_Sclerocystis_sinuosa	97.5	93.1	99.9	692
PX207145.1	FM992400_Rhizophagus_proliferus	88.1	99.3	100.0	741
PX207145.1	FM992391_Rhizophagus_proliferus	88.0	99.5	100.0	741
PX207145.1	MT832188_Rhizophagus_intraradices	87.8	92.6	100.0	691
PX207145.1	MT832194_Rhizophagus_irregularis	87.8	92.8	100.0	691
PX207145.1	MT832187_Rhizophagus_intraradices	87.7	92.4	100.0	691
PX207145.1	FR750072_Rhizophagus_fasciculatus	87.3	99.5	99.9	742
PX207145.1	MT832195_Rhizophagus_irregularis	87.1	92.8	100.0	691
PX207145.1	MT832190_Rhizophagus_manihotis	86.8	92.4	100.0	691
PX207145.1	MT832191_Rhizophagus_clarus	86.5	92.6	100.0	691
PX207145.1	MK903007.1_Microkamienskia_peruviana	84.3	96.2	90.9	726
PX207145.1	MK903006.1_Microkamienskia_peruviana	84.3	96.2	90.9	726
PX207145.1	KJ564144.1_Microkaminenskia_perpusilla	83.4	96.2	90.6	728
PX207145.1	KX758123.1_Microkamienskia_divaricata	83.3	96.5	91.2	725
PX207145.1	KX758121.1_Microkamienskia_divaricata	82.5	96.5	91.1	725
PX207158.1	MT832185_Sclerocystis_sinuosa	99.3	93.4	99.9	692
PX207158.1	MT832186_Sclerocystis_sinuosa	97.4	93.1	99.9	692
PX207158.1	FM992400_Rhizophagus_proliferus	88.1	99.3	100.0	741
PX207158.1	FM992391_Rhizophagus_proliferus	88.0	99.5	100.0	741
PX207158.1	MT832188_Rhizophagus_intraradices	87.8	92.6	100.0	691
PX207158.1	MT832187_Rhizophagus_intraradices	87.7	92.4	100.0	691
PX207158.1	MT832194_Rhizophagus_irregularis	87.6	92.8	100.0	691
PX207158.1	FR750072_Rhizophagus_fasciculatus	87.3	99.5	99.9	742
PX207158.1	MT832193_Rhizophagus_dimorphicus	87.0	92.6	99.9	692
PX207158.1	MT832190_Rhizophagus_manihotis	86.5	92.4	100.0	691
PX207158.1	MT832191_Rhizophagus_clarus	86.3	92.6	100.0	691
PX207158.1	MK903007.1_Microkamienskia_peruviana	84.3	96.2	90.9	726
PX207158.1	MK903006.1_Microkamienskia_peruviana	84.3	96.2	90.9	726
PX207158.1	KJ564144.1_Microkaminenskia_perpusilla	83.4	96.2	90.6	728
PX207158.1	KX758123.1_Microkamienskia_divaricata	83.3	96.5	91.2	725
PX207158.1	KX758121.1_Microkamienskia_divaricata	82.5	96.5	91.1	725
PX207167.1	MT832194_Rhizophagus_irregularis	97.7	93.1	100.0	689
PX207167.1	MT832192_Rhizophagus_dimorphicus	94.3	93.0	100.0	689
PX207167.1	MT832193_Rhizophagus_dimorphicus	93.8	92.8	99.9	690
PX207167.1	MT832195_Rhizophagus_irregularis	93.8	93.0	99.9	690
PX207167.1	FM992400_Rhizophagus_proliferus	93.6	99.6	100.0	739
PX207167.1	MT832188_Rhizophagus_intraradices	93.3	92.8	100.0	689
PX207167.1	FR750072_Rhizophagus_fasciculatus	93.3	99.6	99.7	741
PX207167.1	FM992391_Rhizophagus_proliferus	93.1	99.7	100.0	739
PX207167.1	MT832187_Rhizophagus_intraradices	92.5	92.7	100.0	689
PX207167.1	MT832190_Rhizophagus_manihotis	92.3	92.7	100.0	689
PX207167.1	MT832191_Rhizophagus_clarus	91.9	92.7	99.9	690
PX207167.1	MT832189_Rhizophagus_intraradices	89.3	92.7	99.7	691
PX207167.1	MH560604.1_Halonatospora_panshihalos	87.8	97.0	91.1	722
PX207167.1	MT832185_Sclerocystis_sinuosa	87.7	93.2	99.4	693
PX207167.1	MT832186_Sclerocystis_sinuosa	87.4	93.1	99.6	692
PX207167.1	FM876794_Funneliformis_coronatus	83.0	99.9	99.2	745
PX207154.1	MT832185_Sclerocystis_sinuosa	99.6	93.4	99.9	692
PX207154.1	MT832186_Sclerocystis_sinuosa	97.1	93.1	99.9	692
PX207154.1	FM992400_Rhizophagus_proliferus	88.3	99.3	100.0	741
PX207154.1	FM992391_Rhizophagus_proliferus	88.1	99.5	100.0	741
PX207154.1	MT832194_Rhizophagus_irregularis	88.0	92.8	100.0	691
PX207154.1	MT832188_Rhizophagus_intraradices	87.7	92.6	100.0	691
PX207154.1	MT832187_Rhizophagus_intraradices	87.6	92.4	100.0	691
PX207154.1	MT832195_Rhizophagus_irregularis	87.3	92.8	100.0	691
PX207154.1	FR750072_Rhizophagus_fasciculatus	87.2	99.5	99.9	742
PX207154.1	MT832190_Rhizophagus_manihotis	86.7	92.4	100.0	691
PX207154.1	MK903007.1_Microkamienskia_peruviana	84.6	96.2	90.9	726
PX207154.1	MK903006.1_Microkamienskia_peruviana	84.6	96.2	90.9	726
PX207154.1	KJ564144.1_Microkaminenskia_perpusilla	83.7	96.2	90.6	728
PX207154.1	KJ564140.1_Microkaminenskia_perpusilla	83.4	96.5	92.7	730
PX207154.1	KX758123.1_Microkamienskia_divaricata	83.3	96.5	91.2	725
PX207154.1	KX758121.1_Microkamienskia_divaricata	82.5	96.5	91.1	725
PX207152.1	MT832185_Sclerocystis_sinuosa	99.6	93.4	99.9	692
PX207152.1	MT832186_Sclerocystis_sinuosa	97.1	93.1	99.9	692
PX207152.1	FM992400_Rhizophagus_proliferus	88.3	99.3	100.0	741
PX207152.1	FM992391_Rhizophagus_proliferus	88.1	99.5	100.0	741
PX207152.1	MT832194_Rhizophagus_irregularis	88.0	92.8	100.0	691
PX207152.1	MT832188_Rhizophagus_intraradices	87.7	92.6	100.0	691
PX207152.1	MT832187_Rhizophagus_intraradices	87.6	92.4	100.0	691
PX207152.1	MT832195_Rhizophagus_irregularis	87.3	92.8	100.0	691
PX207152.1	FR750072_Rhizophagus_fasciculatus	87.2	99.5	99.9	742
PX207152.1	MT832190_Rhizophagus_manihotis	86.7	92.4	100.0	691
PX207152.1	MK903007.1_Microkamienskia_peruviana	84.6	96.2	90.9	726
PX207152.1	MK903006.1_Microkamienskia_peruviana	84.6	96.2	90.9	726
PX207152.1	KJ564144.1_Microkaminenskia_perpusilla	83.7	96.2	90.6	728
PX207152.1	KJ564140.1_Microkaminenskia_perpusilla	83.4	96.5	92.7	730
PX207152.1	KX758123.1_Microkamienskia_divaricata	83.3	96.5	91.2	725
PX207152.1	KX758121.1_Microkamienskia_divaricata	82.5	96.5	91.1	725
PX207155.1	MT832185_Sclerocystis_sinuosa	99.4	93.3	99.9	693
PX207155.1	MT832186_Sclerocystis_sinuosa	97.1	93.0	99.9	693
PX207155.1	FM992400_Rhizophagus_proliferus	88.1	99.2	100.0	742
PX207155.1	FM992391_Rhizophagus_proliferus	88.0	99.3	100.0	742
PX207155.1	MT832194_Rhizophagus_irregularis	87.9	92.7	100.0	692
PX207155.1	MT832188_Rhizophagus_intraradices	87.7	92.5	100.0	692
PX207155.1	MT832187_Rhizophagus_intraradices	87.6	92.3	100.0	692
PX207155.1	FR750072_Rhizophagus_fasciculatus	87.2	99.3	99.9	743
PX207155.1	MT832195_Rhizophagus_irregularis	87.1	92.7	100.0	692
PX207155.1	MT832190_Rhizophagus_manihotis	86.7	92.3	100.0	692
PX207155.1	MT832191_Rhizophagus_clarus	86.6	92.5	100.0	692
PX207155.1	MK903007.1_Microkamienskia_peruviana	84.5	96.1	90.9	727
PX207155.1	MK903006.1_Microkamienskia_peruviana	84.5	96.1	90.9	727
PX207155.1	KJ564144.1_Microkaminenskia_perpusilla	83.5	96.1	90.6	729
PX207155.1	KX758123.1_Microkamienskia_divaricata	83.2	96.4	91.2	726
PX207155.1	KX758121.1_Microkamienskia_divaricata	82.4	96.4	91.1	726
PX207153.1	MT832185_Sclerocystis_sinuosa	99.6	93.4	99.9	692
PX207153.1	MT832186_Sclerocystis_sinuosa	97.1	93.1	99.9	692
PX207153.1	FM992400_Rhizophagus_proliferus	88.3	99.3	100.0	741
PX207153.1	FM992391_Rhizophagus_proliferus	88.1	99.5	100.0	741
PX207153.1	MT832194_Rhizophagus_irregularis	88.0	92.8	100.0	691
PX207153.1	MT832188_Rhizophagus_intraradices	87.7	92.6	100.0	691
PX207153.1	MT832187_Rhizophagus_intraradices	87.6	92.4	100.0	691
PX207153.1	MT832195_Rhizophagus_irregularis	87.3	92.8	100.0	691
PX207153.1	FR750072_Rhizophagus_fasciculatus	87.2	99.5	99.9	742
PX207153.1	MT832190_Rhizophagus_manihotis	86.7	92.4	100.0	691
PX207153.1	MK903007.1_Microkamienskia_peruviana	84.6	96.2	90.9	726
PX207153.1	MK903006.1_Microkamienskia_peruviana	84.6	96.2	90.9	726
PX207153.1	KJ564144.1_Microkaminenskia_perpusilla	83.7	96.2	90.6	728
PX207153.1	KJ564140.1_Microkaminenskia_perpusilla	83.4	96.5	92.7	730
PX207153.1	KX758123.1_Microkamienskia_divaricata	83.3	96.5	91.2	725
PX207153.1	KX758121.1_Microkamienskia_divaricata	82.5	96.5	91.1	725
PX207168.1	MT832194_Rhizophagus_irregularis	97.4	93.1	100.0	689
PX207168.1	MT832192_Rhizophagus_dimorphicus	94.3	93.0	100.0	689
PX207168.1	MT832195_Rhizophagus_irregularis	94.1	93.0	99.9	690
PX207168.1	FM992400_Rhizophagus_proliferus	93.8	99.6	100.0	739
PX207168.1	MT832193_Rhizophagus_dimorphicus	93.8	92.8	99.9	690
PX207168.1	FR750072_Rhizophagus_fasciculatus	93.5	99.6	99.7	741
PX207168.1	MT832188_Rhizophagus_intraradices	93.3	92.8	100.0	689
PX207168.1	FM992391_Rhizophagus_proliferus	92.8	99.7	100.0	739
PX207168.1	MT832187_Rhizophagus_intraradices	92.5	92.7	100.0	689
PX207168.1	MT832190_Rhizophagus_manihotis	92.0	92.7	100.0	689
PX207168.1	MT832191_Rhizophagus_clarus	91.6	92.7	99.9	690
PX207168.1	MT832189_Rhizophagus_intraradices	89.3	92.7	99.7	691
PX207168.1	MH560604.1_Halonatospora_panshihalos	88.1	97.0	91.1	722
PX207168.1	MH560602.1_Halonatospora_panshihalos	87.8	97.0	91.1	722
PX207168.1	MT832185_Sclerocystis_sinuosa	87.7	93.2	99.4	693
PX207168.1	MT832186_Sclerocystis_sinuosa	87.7	93.1	99.6	692
PX207169.1	MT832194_Rhizophagus_irregularis	97.4	93.1	100.0	689
PX207169.1	MT832192_Rhizophagus_dimorphicus	94.3	93.0	100.0	689
PX207169.1	MT832195_Rhizophagus_irregularis	94.1	93.0	99.9	690
PX207169.1	FM992400_Rhizophagus_proliferus	93.8	99.6	100.0	739
PX207169.1	MT832193_Rhizophagus_dimorphicus	93.8	92.8	99.9	690
PX207169.1	FR750072_Rhizophagus_fasciculatus	93.5	99.6	99.7	741
PX207169.1	MT832188_Rhizophagus_intraradices	93.3	92.8	100.0	689
PX207169.1	FM992391_Rhizophagus_proliferus	92.8	99.7	100.0	739
PX207169.1	MT832187_Rhizophagus_intraradices	92.5	92.7	100.0	689
PX207169.1	MT832190_Rhizophagus_manihotis	92.0	92.7	100.0	689
PX207169.1	MT832191_Rhizophagus_clarus	91.6	92.7	99.9	690
PX207169.1	MT832189_Rhizophagus_intraradices	89.3	92.7	99.7	691
PX207169.1	MH560604.1_Halonatospora_panshihalos	88.1	97.0	91.1	722
PX207169.1	MH560602.1_Halonatospora_panshihalos	87.8	97.0	91.1	722
PX207169.1	MT832185_Sclerocystis_sinuosa	87.7	93.2	99.4	693
PX207169.1	MT832186_Sclerocystis_sinuosa	87.7	93.1	99.6	692
PX207171.1	MT832194_Rhizophagus_irregularis	97.0	92.7	99.9	692
PX207171.1	MT832195_Rhizophagus_irregularis	95.7	92.8	100.0	691
PX207171.1	MT832192_Rhizophagus_dimorphicus	93.1	92.6	99.9	692
PX207171.1	FM992400_Rhizophagus_proliferus	93.0	99.2	99.9	742
PX207171.1	FM992391_Rhizophagus_proliferus	92.9	99.3	99.9	742
PX207171.1	MT832193_Rhizophagus_dimorphicus	92.5	92.4	99.7	693
PX207171.1	MT832187_Rhizophagus_intraradices	91.9	92.3	99.9	692
PX207171.1	MT832188_Rhizophagus_intraradices	91.9	92.4	99.9	692
PX207171.1	FR750072_Rhizophagus_fasciculatus	91.4	99.3	99.7	743
PX207171.1	MT832190_Rhizophagus_manihotis	91.3	92.3	99.9	692
PX207171.1	MT832191_Rhizophagus_clarus	91.0	92.4	99.9	692
PX207171.1	MT832189_Rhizophagus_intraradices	88.2	92.4	99.7	693
PX207171.1	MT832185_Sclerocystis_sinuosa	87.9	93.3	99.7	693
PX207171.1	MT832186_Sclerocystis_sinuosa	87.4	93.0	99.7	693
PX207171.1	MH560604.1_Halonatospora_panshihalos	86.4	96.9	91.2	723
PX207171.1	FR750526_Glomus_macrocarpum	82.9	98.5	99.6	744
PX207170.1	MT832194_Rhizophagus_irregularis	97.4	93.1	100.0	689
PX207170.1	MT832192_Rhizophagus_dimorphicus	94.3	93.0	100.0	689
PX207170.1	MT832195_Rhizophagus_irregularis	94.1	93.0	99.9	690
PX207170.1	FM992400_Rhizophagus_proliferus	93.8	99.6	100.0	739
PX207170.1	MT832193_Rhizophagus_dimorphicus	93.8	92.8	99.9	690
PX207170.1	FR750072_Rhizophagus_fasciculatus	93.5	99.6	99.7	741
PX207170.1	MT832188_Rhizophagus_intraradices	93.3	92.8	100.0	689
PX207170.1	FM992391_Rhizophagus_proliferus	92.8	99.7	100.0	739
PX207170.1	MT832187_Rhizophagus_intraradices	92.5	92.7	100.0	689
PX207170.1	MT832190_Rhizophagus_manihotis	92.0	92.7	100.0	689
PX207170.1	MT832191_Rhizophagus_clarus	91.6	92.7	99.9	690
PX207170.1	MT832189_Rhizophagus_intraradices	89.3	92.7	99.7	691
PX207170.1	MH560604.1_Halonatospora_panshihalos	88.1	97.0	91.1	722
PX207170.1	MH560602.1_Halonatospora_panshihalos	87.8	97.0	91.1	722
PX207170.1	MT832185_Sclerocystis_sinuosa	87.7	93.2	99.4	693
PX207170.1	MT832186_Sclerocystis_sinuosa	87.7	93.1	99.6	692
PX207174.1	MT832195_Rhizophagus_irregularis	97.1	93.1	100.0	689
PX207174.1	MT832194_Rhizophagus_irregularis	94.5	93.0	99.9	690
PX207174.1	MT832187_Rhizophagus_intraradices	92.0	92.6	99.9	690
PX207174.1	FM992400_Rhizophagus_proliferus	92.0	99.5	99.9	740
PX207174.1	FM992391_Rhizophagus_proliferus	91.2	99.6	99.9	740
PX207174.1	MT832192_Rhizophagus_dimorphicus	91.0	92.8	99.9	690
PX207174.1	MT832188_Rhizophagus_intraradices	90.7	92.7	99.9	690
PX207174.1	MT832193_Rhizophagus_dimorphicus	90.6	92.7	99.7	691
PX207174.1	FR750072_Rhizophagus_fasciculatus	90.0	99.6	99.7	741
PX207174.1	MT832190_Rhizophagus_manihotis	89.3	92.6	99.9	690
PX207174.1	MT832191_Rhizophagus_clarus	89.0	92.7	99.9	690
PX207174.1	MT832189_Rhizophagus_intraradices	87.7	92.7	99.7	691
PX207174.1	MT832186_Sclerocystis_sinuosa	87.4	93.2	99.7	691
PX207174.1	MH560604.1_Halonatospora_panshihalos	86.8	97.2	91.2	721
PX207174.1	MH560602.1_Halonatospora_panshihalos	86.5	97.2	91.2	721
PX207174.1	MK903007.1_Microkamienskia_peruviana	84.5	96.5	90.9	724
PX207172.1	MT832194_Rhizophagus_irregularis	97.0	92.7	99.9	692
PX207172.1	MT832195_Rhizophagus_irregularis	95.7	92.8	100.0	691
PX207172.1	MT832192_Rhizophagus_dimorphicus	93.1	92.6	99.9	692
PX207172.1	FM992400_Rhizophagus_proliferus	93.0	99.2	99.9	742
PX207172.1	FM992391_Rhizophagus_proliferus	92.9	99.3	99.9	742
PX207172.1	MT832193_Rhizophagus_dimorphicus	92.5	92.4	99.7	693
PX207172.1	MT832187_Rhizophagus_intraradices	91.9	92.3	99.9	692
PX207172.1	MT832188_Rhizophagus_intraradices	91.9	92.4	99.9	692
PX207172.1	FR750072_Rhizophagus_fasciculatus	91.4	99.3	99.7	743
PX207172.1	MT832190_Rhizophagus_manihotis	91.3	92.3	99.9	692
PX207172.1	MT832191_Rhizophagus_clarus	91.0	92.4	99.9	692
PX207172.1	MT832189_Rhizophagus_intraradices	88.2	92.4	99.7	693
PX207172.1	MT832185_Sclerocystis_sinuosa	87.9	93.3	99.7	693
PX207172.1	MT832186_Sclerocystis_sinuosa	87.4	93.0	99.7	693
PX207172.1	MH560604.1_Halonatospora_panshihalos	86.4	96.9	91.2	723
PX207172.1	FR750526_Glomus_macrocarpum	82.9	98.5	99.6	744
PX207173.1	MT832194_Rhizophagus_irregularis	97.2	93.0	99.9	690
PX207173.1	MT832195_Rhizophagus_irregularis	95.9	93.1	100.0	689
PX207173.1	FM992400_Rhizophagus_proliferus	93.5	99.5	99.9	740
PX207173.1	MT832192_Rhizophagus_dimorphicus	93.3	92.8	99.9	690
PX207173.1	FM992391_Rhizophagus_proliferus	93.1	99.6	99.9	740
PX207173.1	MT832193_Rhizophagus_dimorphicus	92.8	92.7	99.7	691
PX207173.1	MT832187_Rhizophagus_intraradices	92.5	92.6	99.9	690
PX207173.1	MT832188_Rhizophagus_intraradices	92.5	92.7	99.9	690
PX207173.1	FR750072_Rhizophagus_fasciculatus	91.9	99.6	99.7	741
PX207173.1	MT832190_Rhizophagus_manihotis	91.6	92.6	99.9	690
PX207173.1	MT832191_Rhizophagus_clarus	91.3	92.7	99.9	690
PX207173.1	MT832185_Sclerocystis_sinuosa	88.6	93.4	99.6	692
PX207173.1	MT832189_Rhizophagus_intraradices	88.4	92.7	99.7	691
PX207173.1	MT832186_Sclerocystis_sinuosa	88.3	93.2	99.7	691
PX207173.1	MH560604.1_Halonatospora_panshihalos	86.4	97.2	91.2	721
PX207173.1	FR750526_Glomus_macrocarpum	83.2	98.8	99.6	742
PX207175.1	MT832195_Rhizophagus_irregularis	97.1	93.1	100.0	689
PX207175.1	MT832194_Rhizophagus_irregularis	94.5	93.0	99.9	690
PX207175.1	MT832187_Rhizophagus_intraradices	92.0	92.6	99.9	690
PX207175.1	FM992400_Rhizophagus_proliferus	92.0	99.5	99.9	740
PX207175.1	FM992391_Rhizophagus_proliferus	91.2	99.6	99.9	740
PX207175.1	MT832192_Rhizophagus_dimorphicus	91.0	92.8	99.9	690
PX207175.1	MT832188_Rhizophagus_intraradices	90.7	92.7	99.9	690
PX207175.1	MT832193_Rhizophagus_dimorphicus	90.6	92.7	99.7	691
PX207175.1	FR750072_Rhizophagus_fasciculatus	90.0	99.6	99.7	741
PX207175.1	MT832190_Rhizophagus_manihotis	89.3	92.6	99.9	690
PX207175.1	MT832191_Rhizophagus_clarus	89.0	92.7	99.9	690
PX207175.1	MT832189_Rhizophagus_intraradices	87.7	92.7	99.7	691
PX207175.1	MT832186_Sclerocystis_sinuosa	87.4	93.2	99.7	691
PX207175.1	MH560604.1_Halonatospora_panshihalos	86.8	97.2	91.2	721
PX207175.1	MH560602.1_Halonatospora_panshihalos	86.5	97.2	91.2	721
PX207175.1	MK903007.1_Microkamienskia_peruviana	84.5	96.5	90.9	724
PX207177.1	MT832195_Rhizophagus_irregularis	97.1	93.1	100.0	689
PX207177.1	MT832194_Rhizophagus_irregularis	94.5	93.0	99.9	690
PX207177.1	MT832187_Rhizophagus_intraradices	92.0	92.6	99.9	690
PX207177.1	FM992400_Rhizophagus_proliferus	92.0	99.5	99.9	740
PX207177.1	FM992391_Rhizophagus_proliferus	91.2	99.6	99.9	740
PX207177.1	MT832192_Rhizophagus_dimorphicus	91.0	92.8	99.9	690
PX207177.1	MT832188_Rhizophagus_intraradices	90.7	92.7	99.9	690
PX207177.1	MT832193_Rhizophagus_dimorphicus	90.6	92.7	99.7	691
PX207177.1	FR750072_Rhizophagus_fasciculatus	90.0	99.6	99.7	741
PX207177.1	MT832190_Rhizophagus_manihotis	89.3	92.6	99.9	690
PX207177.1	MT832191_Rhizophagus_clarus	89.0	92.7	99.9	690
PX207177.1	MT832189_Rhizophagus_intraradices	87.7	92.7	99.7	691
PX207177.1	MT832186_Sclerocystis_sinuosa	87.4	93.2	99.7	691
PX207177.1	MH560604.1_Halonatospora_panshihalos	86.8	97.2	91.2	721
PX207177.1	MH560602.1_Halonatospora_panshihalos	86.5	97.2	91.2	721
PX207177.1	MK903007.1_Microkamienskia_peruviana	84.5	96.5	90.9	724
PX207178.1	MT832195_Rhizophagus_irregularis	97.0	93.1	100.0	689
PX207178.1	MT832194_Rhizophagus_irregularis	94.3	93.0	99.9	690
PX207178.1	FM992400_Rhizophagus_proliferus	91.9	99.5	99.9	740
PX207178.1	MT832187_Rhizophagus_intraradices	91.9	92.6	99.9	690
PX207178.1	FM992391_Rhizophagus_proliferus	91.1	99.6	99.9	740
PX207178.1	MT832192_Rhizophagus_dimorphicus	90.9	92.8	99.9	690
PX207178.1	MT832188_Rhizophagus_intraradices	90.6	92.7	99.9	690
PX207178.1	MT832193_Rhizophagus_dimorphicus	90.4	92.7	99.7	691
PX207178.1	FR750072_Rhizophagus_fasciculatus	89.9	99.6	99.7	741
PX207178.1	MT832190_Rhizophagus_manihotis	89.1	92.6	99.9	690
PX207178.1	MT832191_Rhizophagus_clarus	88.8	92.7	99.9	690
PX207178.1	MT832189_Rhizophagus_intraradices	87.6	92.7	99.7	691
PX207178.1	MT832186_Sclerocystis_sinuosa	87.3	93.2	99.7	691
PX207178.1	MH560604.1_Halonatospora_panshihalos	86.7	97.2	91.2	721
PX207178.1	MK903007.1_Microkamienskia_peruviana	84.4	96.5	90.9	724
PX207178.1	MK903006.1_Microkamienskia_peruviana	84.4	96.5	90.9	724
PX207179.1	MT832195_Rhizophagus_irregularis	97.0	93.1	100.0	689
PX207179.1	MT832194_Rhizophagus_irregularis	94.3	93.0	99.9	690
PX207179.1	FM992400_Rhizophagus_proliferus	91.9	99.5	99.9	740
PX207179.1	MT832187_Rhizophagus_intraradices	91.9	92.6	99.9	690
PX207179.1	FM992391_Rhizophagus_proliferus	91.1	99.6	99.9	740
PX207179.1	MT832192_Rhizophagus_dimorphicus	90.9	92.8	99.9	690
PX207179.1	MT832188_Rhizophagus_intraradices	90.6	92.7	99.9	690
PX207179.1	MT832193_Rhizophagus_dimorphicus	90.4	92.7	99.7	691
PX207179.1	FR750072_Rhizophagus_fasciculatus	89.9	99.6	99.7	741
PX207179.1	MT832190_Rhizophagus_manihotis	89.1	92.6	99.9	690
PX207179.1	MT832191_Rhizophagus_clarus	88.8	92.7	99.9	690
PX207179.1	MT832189_Rhizophagus_intraradices	87.6	92.7	99.7	691
PX207179.1	MT832186_Sclerocystis_sinuosa	87.3	93.2	99.7	691
PX207179.1	MH560604.1_Halonatospora_panshihalos	86.7	97.2	91.2	721
PX207179.1	MK903007.1_Microkamienskia_peruviana	84.4	96.5	90.9	724
PX207179.1	MK903006.1_Microkamienskia_peruviana	84.4	96.5	90.9	724
PX207176.1	MT832195_Rhizophagus_irregularis	97.1	93.1	100.0	689
PX207176.1	MT832194_Rhizophagus_irregularis	94.5	93.0	99.9	690
PX207176.1	MT832187_Rhizophagus_intraradices	92.0	92.6	99.9	690
PX207176.1	FM992400_Rhizophagus_proliferus	92.0	99.5	99.9	740
PX207176.1	FM992391_Rhizophagus_proliferus	91.2	99.6	99.9	740
PX207176.1	MT832192_Rhizophagus_dimorphicus	91.0	92.8	99.9	690
PX207176.1	MT832188_Rhizophagus_intraradices	90.7	92.7	99.9	690
PX207176.1	MT832193_Rhizophagus_dimorphicus	90.6	92.7	99.7	691
PX207176.1	FR750072_Rhizophagus_fasciculatus	90.0	99.6	99.7	741
PX207176.1	MT832190_Rhizophagus_manihotis	89.3	92.6	99.9	690
PX207176.1	MT832191_Rhizophagus_clarus	89.0	92.7	99.9	690
PX207176.1	MT832189_Rhizophagus_intraradices	87.7	92.7	99.7	691
PX207176.1	MT832186_Sclerocystis_sinuosa	87.4	93.2	99.7	691
PX207176.1	MH560604.1_Halonatospora_panshihalos	86.8	97.2	91.2	721
PX207176.1	MH560602.1_Halonatospora_panshihalos	86.5	97.2	91.2	721
PX207176.1	MK903007.1_Microkamienskia_peruviana	84.5	96.5	90.9	724
PX207180.1	MT832195_Rhizophagus_irregularis	97.0	93.1	100.0	689
PX207180.1	MT832194_Rhizophagus_irregularis	94.3	93.0	99.9	690
PX207180.1	FM992400_Rhizophagus_proliferus	91.9	99.5	99.9	740
PX207180.1	MT832187_Rhizophagus_intraradices	91.9	92.6	99.9	690
PX207180.1	FM992391_Rhizophagus_proliferus	91.1	99.6	99.9	740
PX207180.1	MT832192_Rhizophagus_dimorphicus	90.9	92.8	99.9	690
PX207180.1	MT832188_Rhizophagus_intraradices	90.6	92.7	99.9	690
PX207180.1	MT832193_Rhizophagus_dimorphicus	90.4	92.7	99.7	691
PX207180.1	FR750072_Rhizophagus_fasciculatus	89.9	99.6	99.7	741
PX207180.1	MT832190_Rhizophagus_manihotis	89.1	92.6	99.9	690
PX207180.1	MT832191_Rhizophagus_clarus	88.8	92.7	99.9	690
PX207180.1	MT832189_Rhizophagus_intraradices	87.6	92.7	99.7	691
PX207180.1	MT832186_Sclerocystis_sinuosa	87.3	93.2	99.7	691
PX207180.1	MH560604.1_Halonatospora_panshihalos	86.7	97.2	91.2	721
PX207180.1	MK903007.1_Microkamienskia_peruviana	84.4	96.5	90.9	724
PX207180.1	MK903006.1_Microkamienskia_peruviana	84.4	96.5	90.9	724
PX207181.1	MT832195_Rhizophagus_irregularis	97.0	93.1	100.0	689
PX207181.1	MT832194_Rhizophagus_irregularis	94.3	93.0	99.9	690
PX207181.1	FM992400_Rhizophagus_proliferus	91.9	99.5	99.9	740
PX207181.1	MT832187_Rhizophagus_intraradices	91.9	92.6	99.9	690
PX207181.1	FM992391_Rhizophagus_proliferus	91.1	99.6	99.9	740
PX207181.1	MT832192_Rhizophagus_dimorphicus	90.9	92.8	99.9	690
PX207181.1	MT832188_Rhizophagus_intraradices	90.6	92.7	99.9	690
PX207181.1	MT832193_Rhizophagus_dimorphicus	90.4	92.7	99.7	691
PX207181.1	FR750072_Rhizophagus_fasciculatus	89.9	99.6	99.7	741
PX207181.1	MT832190_Rhizophagus_manihotis	89.1	92.6	99.9	690
PX207181.1	MT832191_Rhizophagus_clarus	88.8	92.7	99.9	690
PX207181.1	MT832189_Rhizophagus_intraradices	87.6	92.7	99.7	691
PX207181.1	MT832186_Sclerocystis_sinuosa	87.3	93.2	99.7	691
PX207181.1	MH560604.1_Halonatospora_panshihalos	86.7	97.2	91.2	721
PX207181.1	MK903007.1_Microkamienskia_peruviana	84.4	96.5	90.9	724
PX207181.1	MK903006.1_Microkamienskia_peruviana	84.4	96.5	90.9	724
PX207182.1	MT832195_Rhizophagus_irregularis	97.0	93.1	100.0	689
PX207182.1	MT832194_Rhizophagus_irregularis	94.5	93.0	99.9	690
PX207182.1	FM992400_Rhizophagus_proliferus	91.9	99.5	99.9	740
PX207182.1	MT832187_Rhizophagus_intraradices	91.9	92.6	99.9	690
PX207182.1	MT832192_Rhizophagus_dimorphicus	91.2	92.8	99.9	690
PX207182.1	FM992391_Rhizophagus_proliferus	91.1	99.6	99.9	740
PX207182.1	MT832193_Rhizophagus_dimorphicus	90.7	92.7	99.7	691
PX207182.1	MT832188_Rhizophagus_intraradices	90.6	92.7	99.9	690
PX207182.1	FR750072_Rhizophagus_fasciculatus	90.1	99.6	99.7	741
PX207182.1	MT832190_Rhizophagus_manihotis	89.4	92.6	99.9	690
PX207182.1	MT832191_Rhizophagus_clarus	89.1	92.7	99.9	690
PX207182.1	MT832185_Sclerocystis_sinuosa	87.7	93.4	99.6	692
PX207182.1	MT832186_Sclerocystis_sinuosa	87.6	93.2	99.7	691
PX207182.1	MH560604.1_Halonatospora_panshihalos	86.8	97.2	91.2	721
PX207182.1	MH560602.1_Halonatospora_panshihalos	86.5	97.2	91.2	721
PX207182.1	MK903007.1_Microkamienskia_peruviana	84.5	96.5	90.9	724
PX207183.1	MT832195_Rhizophagus_irregularis	97.0	93.1	100.0	689
PX207183.1	MT832194_Rhizophagus_irregularis	94.5	93.0	99.9	690
PX207183.1	FM992400_Rhizophagus_proliferus	91.9	99.5	99.9	740
PX207183.1	MT832187_Rhizophagus_intraradices	91.9	92.6	99.9	690
PX207183.1	MT832192_Rhizophagus_dimorphicus	91.2	92.8	99.9	690
PX207183.1	FM992391_Rhizophagus_proliferus	91.1	99.6	99.9	740
PX207183.1	MT832193_Rhizophagus_dimorphicus	90.7	92.7	99.7	691
PX207183.1	MT832188_Rhizophagus_intraradices	90.6	92.7	99.9	690
PX207183.1	FR750072_Rhizophagus_fasciculatus	90.1	99.6	99.7	741
PX207183.1	MT832190_Rhizophagus_manihotis	89.4	92.6	99.9	690
PX207183.1	MT832191_Rhizophagus_clarus	89.1	92.7	99.9	690
PX207183.1	MT832185_Sclerocystis_sinuosa	87.7	93.4	99.6	692
PX207183.1	MT832186_Sclerocystis_sinuosa	87.6	93.2	99.7	691
PX207183.1	MH560604.1_Halonatospora_panshihalos	86.8	97.2	91.2	721
PX207183.1	MH560602.1_Halonatospora_panshihalos	86.5	97.2	91.2	721
PX207183.1	MK903007.1_Microkamienskia_peruviana	84.5	96.5	90.9	724
PX207159.1	MT832185_Sclerocystis_sinuosa	99.3	93.4	99.9	692
PX207159.1	MT832186_Sclerocystis_sinuosa	97.4	93.1	99.9	692
PX207159.1	FM992400_Rhizophagus_proliferus	88.1	99.3	100.0	741
PX207159.1	FM992391_Rhizophagus_proliferus	88.0	99.5	100.0	741
PX207159.1	MT832188_Rhizophagus_intraradices	87.8	92.6	100.0	691
PX207159.1	MT832187_Rhizophagus_intraradices	87.7	92.4	100.0	691
PX207159.1	MT832194_Rhizophagus_irregularis	87.6	92.8	100.0	691
PX207159.1	FR750072_Rhizophagus_fasciculatus	87.3	99.5	99.9	742
PX207159.1	MT832193_Rhizophagus_dimorphicus	87.0	92.6	99.9	692
PX207159.1	MT832190_Rhizophagus_manihotis	86.5	92.4	100.0	691
PX207159.1	MT832191_Rhizophagus_clarus	86.3	92.6	100.0	691
PX207159.1	MK903007.1_Microkamienskia_peruviana	84.3	96.2	90.9	726
PX207159.1	MK903006.1_Microkamienskia_peruviana	84.3	96.2	90.9	726
PX207159.1	KJ564144.1_Microkaminenskia_perpusilla	83.4	96.2	90.6	728
PX207159.1	KX758123.1_Microkamienskia_divaricata	83.3	96.5	91.2	725
PX207159.1	KX758121.1_Microkamienskia_divaricata	82.5	96.5	91.1	725
PX207186.1	MT832195_Rhizophagus_irregularis	97.5	93.1	100.0	689
PX207186.1	MT832194_Rhizophagus_irregularis	94.6	93.0	99.9	690
PX207186.1	FM992400_Rhizophagus_proliferus	92.2	99.5	99.9	740
PX207186.1	MT832187_Rhizophagus_intraradices	91.9	92.6	99.9	690
PX207186.1	FM992391_Rhizophagus_proliferus	91.4	99.6	99.9	740
PX207186.1	MT832192_Rhizophagus_dimorphicus	91.2	92.8	99.9	690
PX207186.1	MT832193_Rhizophagus_dimorphicus	90.7	92.7	99.7	691
PX207186.1	MT832188_Rhizophagus_intraradices	90.6	92.7	99.9	690
PX207186.1	FR750072_Rhizophagus_fasciculatus	90.1	99.6	99.7	741
PX207186.1	MT832190_Rhizophagus_manihotis	89.4	92.6	99.9	690
PX207186.1	MT832191_Rhizophagus_clarus	89.1	92.7	99.9	690
PX207186.1	MT832186_Sclerocystis_sinuosa	87.7	93.2	99.7	691
PX207186.1	MH560604.1_Halonatospora_panshihalos	87.0	97.2	91.2	721
PX207186.1	MH560602.1_Halonatospora_panshihalos	86.7	97.2	91.2	721
PX207186.1	MK903007.1_Microkamienskia_peruviana	84.4	96.5	90.9	724
PX207186.1	MK903006.1_Microkamienskia_peruviana	84.4	96.5	90.9	724
PX207185.1	MT832195_Rhizophagus_irregularis	97.5	93.1	100.0	689
PX207185.1	MT832194_Rhizophagus_irregularis	94.6	93.0	99.9	690
PX207185.1	FM992400_Rhizophagus_proliferus	92.2	99.5	99.9	740
PX207185.1	MT832187_Rhizophagus_intraradices	91.9	92.6	99.9	690
PX207185.1	FM992391_Rhizophagus_proliferus	91.4	99.6	99.9	740
PX207185.1	MT832192_Rhizophagus_dimorphicus	91.2	92.8	99.9	690
PX207185.1	MT832193_Rhizophagus_dimorphicus	90.7	92.7	99.7	691
PX207185.1	MT832188_Rhizophagus_intraradices	90.6	92.7	99.9	690
PX207185.1	FR750072_Rhizophagus_fasciculatus	90.1	99.6	99.7	741
PX207185.1	MT832190_Rhizophagus_manihotis	89.4	92.6	99.9	690
PX207185.1	MT832191_Rhizophagus_clarus	89.1	92.7	99.9	690
PX207185.1	MT832186_Sclerocystis_sinuosa	87.7	93.2	99.7	691
PX207185.1	MH560604.1_Halonatospora_panshihalos	87.0	97.2	91.2	721
PX207185.1	MH560602.1_Halonatospora_panshihalos	86.7	97.2	91.2	721
PX207185.1	MK903007.1_Microkamienskia_peruviana	84.4	96.5	90.9	724
PX207185.1	MK903006.1_Microkamienskia_peruviana	84.4	96.5	90.9	724
PX207187.1	MT832195_Rhizophagus_irregularis	97.5	93.1	100.0	689
PX207187.1	MT832194_Rhizophagus_irregularis	94.6	93.0	99.9	690
PX207187.1	FM992400_Rhizophagus_proliferus	92.2	99.5	99.9	740
PX207187.1	MT832187_Rhizophagus_intraradices	91.9	92.6	99.9	690
PX207187.1	FM992391_Rhizophagus_proliferus	91.4	99.6	99.9	740
PX207187.1	MT832192_Rhizophagus_dimorphicus	91.2	92.8	99.9	690
PX207187.1	MT832193_Rhizophagus_dimorphicus	90.7	92.7	99.7	691
PX207187.1	MT832188_Rhizophagus_intraradices	90.6	92.7	99.9	690
PX207187.1	FR750072_Rhizophagus_fasciculatus	90.1	99.6	99.7	741
PX207187.1	MT832190_Rhizophagus_manihotis	89.4	92.6	99.9	690
PX207187.1	MT832191_Rhizophagus_clarus	89.1	92.7	99.9	690
PX207187.1	MT832186_Sclerocystis_sinuosa	87.7	93.2	99.7	691
PX207187.1	MH560604.1_Halonatospora_panshihalos	87.0	97.2	91.2	721
PX207187.1	MH560602.1_Halonatospora_panshihalos	86.7	97.2	91.2	721
PX207187.1	MK903007.1_Microkamienskia_peruviana	84.4	96.5	90.9	724
PX207187.1	MK903006.1_Microkamienskia_peruviana	84.4	96.5	90.9	724
PX207184.1	MT832195_Rhizophagus_irregularis	97.5	93.1	100.0	689
PX207184.1	MT832194_Rhizophagus_irregularis	94.6	93.0	99.9	690
PX207184.1	FM992400_Rhizophagus_proliferus	92.2	99.5	99.9	740
PX207184.1	MT832187_Rhizophagus_intraradices	91.9	92.6	99.9	690
PX207184.1	FM992391_Rhizophagus_proliferus	91.4	99.6	99.9	740
PX207184.1	MT832192_Rhizophagus_dimorphicus	91.2	92.8	99.9	690
PX207184.1	MT832193_Rhizophagus_dimorphicus	90.7	92.7	99.7	691
PX207184.1	MT832188_Rhizophagus_intraradices	90.6	92.7	99.9	690
PX207184.1	FR750072_Rhizophagus_fasciculatus	90.1	99.6	99.7	741
PX207184.1	MT832190_Rhizophagus_manihotis	89.4	92.6	99.9	690
PX207184.1	MT832191_Rhizophagus_clarus	89.1	92.7	99.9	690
PX207184.1	MT832186_Sclerocystis_sinuosa	87.7	93.2	99.7	691
PX207184.1	MH560604.1_Halonatospora_panshihalos	87.0	97.2	91.2	721
PX207184.1	MH560602.1_Halonatospora_panshihalos	86.7	97.2	91.2	721
PX207184.1	MK903007.1_Microkamienskia_peruviana	84.4	96.5	90.9	724
PX207184.1	MK903006.1_Microkamienskia_peruviana	84.4	96.5	90.9	724
PX207188.1	MT832195_Rhizophagus_irregularis	97.5	93.1	100.0	689
PX207188.1	MT832194_Rhizophagus_irregularis	94.6	93.0	99.9	690
PX207188.1	FM992400_Rhizophagus_proliferus	92.2	99.5	99.9	740
PX207188.1	MT832187_Rhizophagus_intraradices	91.9	92.6	99.9	690
PX207188.1	FM992391_Rhizophagus_proliferus	91.4	99.6	99.9	740
PX207188.1	MT832192_Rhizophagus_dimorphicus	91.2	92.8	99.9	690
PX207188.1	MT832193_Rhizophagus_dimorphicus	90.7	92.7	99.7	691
PX207188.1	MT832188_Rhizophagus_intraradices	90.6	92.7	99.9	690
PX207188.1	FR750072_Rhizophagus_fasciculatus	90.1	99.6	99.7	741
PX207188.1	MT832190_Rhizophagus_manihotis	89.4	92.6	99.9	690
PX207188.1	MT832191_Rhizophagus_clarus	89.1	92.7	99.9	690
PX207188.1	MT832186_Sclerocystis_sinuosa	87.7	93.2	99.7	691
PX207188.1	MH560604.1_Halonatospora_panshihalos	87.0	97.2	91.2	721
PX207188.1	MH560602.1_Halonatospora_panshihalos	86.7	97.2	91.2	721
PX207188.1	MK903007.1_Microkamienskia_peruviana	84.4	96.5	90.9	724
PX207188.1	MK903006.1_Microkamienskia_peruviana	84.4	96.5	90.9	724
PX207189.1	MT832195_Rhizophagus_irregularis	97.5	93.1	100.0	689
PX207189.1	MT832194_Rhizophagus_irregularis	94.6	93.0	99.9	690
PX207189.1	FM992400_Rhizophagus_proliferus	92.2	99.5	99.9	740
PX207189.1	MT832187_Rhizophagus_intraradices	91.9	92.6	99.9	690
PX207189.1	FM992391_Rhizophagus_proliferus	91.4	99.6	99.9	740
PX207189.1	MT832192_Rhizophagus_dimorphicus	91.2	92.8	99.9	690
PX207189.1	MT832193_Rhizophagus_dimorphicus	90.7	92.7	99.7	691
PX207189.1	MT832188_Rhizophagus_intraradices	90.6	92.7	99.9	690
PX207189.1	FR750072_Rhizophagus_fasciculatus	90.1	99.6	99.7	741
PX207189.1	MT832190_Rhizophagus_manihotis	89.4	92.6	99.9	690
PX207189.1	MT832191_Rhizophagus_clarus	89.1	92.7	99.9	690
PX207189.1	MT832186_Sclerocystis_sinuosa	87.7	93.2	99.7	691
PX207189.1	MH560604.1_Halonatospora_panshihalos	87.0	97.2	91.2	721
PX207189.1	MH560602.1_Halonatospora_panshihalos	86.7	97.2	91.2	721
PX207189.1	MK903007.1_Microkamienskia_peruviana	84.4	96.5	90.9	724
PX207189.1	MK903006.1_Microkamienskia_peruviana	84.4	96.5	90.9	724
PX207160.1	MT832185_Sclerocystis_sinuosa	99.1	93.4	99.9	692
PX207160.1	MT832186_Sclerocystis_sinuosa	97.5	93.1	99.9	692
PX207160.1	FM992400_Rhizophagus_proliferus	88.1	99.3	100.0	741
PX207160.1	FM992391_Rhizophagus_proliferus	88.0	99.5	100.0	741
PX207160.1	MT832188_Rhizophagus_intraradices	87.8	92.6	100.0	691
PX207160.1	MT832194_Rhizophagus_irregularis	87.8	92.8	100.0	691
PX207160.1	MT832187_Rhizophagus_intraradices	87.7	92.4	100.0	691
PX207160.1	FR750072_Rhizophagus_fasciculatus	87.3	99.5	99.9	742
PX207160.1	MT832190_Rhizophagus_manihotis	86.8	92.4	100.0	691
PX207160.1	MT832191_Rhizophagus_clarus	86.5	92.6	100.0	691
PX207160.1	MK903007.1_Microkamienskia_peruviana	84.3	96.2	90.9	726
PX207160.1	MK903006.1_Microkamienskia_peruviana	84.3	96.2	90.9	726
PX207160.1	KJ564144.1_Microkaminenskia_perpusilla	83.4	96.2	90.6	728
PX207160.1	KX758123.1_Microkamienskia_divaricata	83.3	96.5	91.2	725
PX207160.1	KJ564140.1_Microkaminenskia_perpusilla	83.2	96.5	92.7	730
PX207160.1	KX758121.1_Microkamienskia_divaricata	82.5	96.5	91.1	725
PX207191.1	MT832187_Rhizophagus_intraradices	92.1	92.9	99.9	687
PX207191.1	MT832195_Rhizophagus_irregularis	91.6	93.1	99.6	689
PX207191.1	FM992391_Rhizophagus_proliferus	90.9	99.7	99.6	739
PX207191.1	FM992400_Rhizophagus_proliferus	90.9	99.7	99.7	738
PX207191.1	MT832188_Rhizophagus_intraradices	90.4	92.9	99.7	688
PX207191.1	MT832194_Rhizophagus_irregularis	89.6	92.9	99.4	690
PX207191.1	MT832193_Rhizophagus_dimorphicus	89.6	92.9	99.6	689
PX207191.1	MT832192_Rhizophagus_dimorphicus	89.3	92.8	99.4	690
PX207191.1	FR750072_Rhizophagus_fasciculatus	89.2	99.6	99.3	741
PX207191.1	MT832190_Rhizophagus_manihotis	89.1	92.7	99.6	689
PX207191.1	MT832191_Rhizophagus_clarus	88.8	92.8	99.6	689
PX207191.1	MT832186_Sclerocystis_sinuosa	87.6	93.2	99.3	691
PX207191.1	MT832185_Sclerocystis_sinuosa	87.3	93.2	99.0	693
PX207191.1	MK903007.1_Microkamienskia_peruviana	84.0	96.5	90.6	724
PX207191.1	MK903006.1_Microkamienskia_peruviana	84.0	96.5	90.6	724
PX207191.1	KX758123.1_Microkamienskia_divaricata	83.5	96.9	90.9	722
PX207190.1	MT832187_Rhizophagus_intraradices	92.1	92.9	99.9	687
PX207190.1	MT832195_Rhizophagus_irregularis	91.6	93.1	99.6	689
PX207190.1	FM992391_Rhizophagus_proliferus	90.9	99.7	99.6	739
PX207190.1	FM992400_Rhizophagus_proliferus	90.9	99.7	99.7	738
PX207190.1	MT832188_Rhizophagus_intraradices	90.4	92.9	99.7	688
PX207190.1	MT832194_Rhizophagus_irregularis	89.6	92.9	99.4	690
PX207190.1	MT832193_Rhizophagus_dimorphicus	89.6	92.9	99.6	689
PX207190.1	MT832192_Rhizophagus_dimorphicus	89.3	92.8	99.4	690
PX207190.1	FR750072_Rhizophagus_fasciculatus	89.2	99.6	99.3	741
PX207190.1	MT832190_Rhizophagus_manihotis	89.1	92.7	99.6	689
PX207190.1	MT832191_Rhizophagus_clarus	88.8	92.8	99.6	689
PX207190.1	MT832186_Sclerocystis_sinuosa	87.6	93.2	99.3	691
PX207190.1	MT832185_Sclerocystis_sinuosa	87.3	93.2	99.0	693
PX207190.1	MK903007.1_Microkamienskia_peruviana	84.0	96.5	90.6	724
PX207190.1	MK903006.1_Microkamienskia_peruviana	84.0	96.5	90.6	724
PX207190.1	KX758123.1_Microkamienskia_divaricata	83.5	96.9	90.9	722
PX207192.1	MT832187_Rhizophagus_intraradices	92.1	92.9	99.9	687
PX207192.1	MT832195_Rhizophagus_irregularis	91.6	93.1	99.6	689
PX207192.1	FM992391_Rhizophagus_proliferus	90.9	99.7	99.6	739
PX207192.1	FM992400_Rhizophagus_proliferus	90.9	99.7	99.7	738
PX207192.1	MT832188_Rhizophagus_intraradices	90.4	92.9	99.7	688
PX207192.1	MT832194_Rhizophagus_irregularis	89.6	92.9	99.4	690
PX207192.1	MT832193_Rhizophagus_dimorphicus	89.4	92.9	99.6	689
PX207192.1	FR750072_Rhizophagus_fasciculatus	89.2	99.6	99.3	741
PX207192.1	MT832192_Rhizophagus_dimorphicus	89.1	92.8	99.4	690
PX207192.1	MT832190_Rhizophagus_manihotis	89.0	92.7	99.6	689
PX207192.1	MT832191_Rhizophagus_clarus	88.5	92.8	99.6	689
PX207192.1	MT832186_Sclerocystis_sinuosa	87.8	93.2	99.3	691
PX207192.1	MT832185_Sclerocystis_sinuosa	87.4	93.2	99.0	693
PX207192.1	MH560604.1_Halonatospora_panshihalos	85.8	97.3	91.0	720
PX207192.1	MK903007.1_Microkamienskia_peruviana	84.0	96.5	90.6	724
PX207192.1	KX758123.1_Microkamienskia_divaricata	83.5	96.9	90.9	722
PX207194.1	MT832189_Rhizophagus_intraradices	99.1	93.0	100.0	689
PX207194.1	FM992391_Rhizophagus_proliferus	92.6	99.7	100.0	739
PX207194.1	FM992400_Rhizophagus_proliferus	91.2	99.6	100.0	739
PX207194.1	FR750072_Rhizophagus_fasciculatus	91.1	99.6	99.7	741
PX207194.1	MT832188_Rhizophagus_intraradices	90.9	92.8	100.0	689
PX207194.1	MT832193_Rhizophagus_dimorphicus	90.0	92.7	99.7	691
PX207194.1	MT832192_Rhizophagus_dimorphicus	90.0	92.8	99.9	690
PX207194.1	MT832194_Rhizophagus_irregularis	89.7	93.0	99.9	690
PX207194.1	MT832187_Rhizophagus_intraradices	89.6	92.7	100.0	689
PX207194.1	MT832190_Rhizophagus_manihotis	89.0	92.6	99.9	690
PX207194.1	MT832191_Rhizophagus_clarus	88.6	92.7	99.9	690
PX207194.1	MT832195_Rhizophagus_irregularis	86.8	93.0	99.9	690
PX207194.1	MT832184_Oehlia_diaphana	86.4	92.4	99.9	690
PX207194.1	MT832183_Oehlia_diaphana	86.2	92.7	99.9	690
PX207194.1	MT832185_Sclerocystis_sinuosa	85.7	93.2	99.4	693
PX207194.1	MT832186_Sclerocystis_sinuosa	85.7	93.1	99.6	692
PX207193.1	MT832187_Rhizophagus_intraradices	92.1	92.9	99.9	687
PX207193.1	MT832195_Rhizophagus_irregularis	91.6	93.1	99.6	689
PX207193.1	FM992391_Rhizophagus_proliferus	90.9	99.7	99.6	739
PX207193.1	FM992400_Rhizophagus_proliferus	90.9	99.7	99.7	738
PX207193.1	MT832188_Rhizophagus_intraradices	90.4	92.9	99.7	688
PX207193.1	MT832194_Rhizophagus_irregularis	89.6	92.9	99.4	690
PX207193.1	MT832193_Rhizophagus_dimorphicus	89.4	92.9	99.6	689
PX207193.1	FR750072_Rhizophagus_fasciculatus	89.2	99.6	99.3	741
PX207193.1	MT832192_Rhizophagus_dimorphicus	89.1	92.8	99.4	690
PX207193.1	MT832190_Rhizophagus_manihotis	89.0	92.7	99.6	689
PX207193.1	MT832191_Rhizophagus_clarus	88.5	92.8	99.6	689
PX207193.1	MT832186_Sclerocystis_sinuosa	87.8	93.2	99.3	691
PX207193.1	MT832185_Sclerocystis_sinuosa	87.4	93.2	99.0	693
PX207193.1	MH560604.1_Halonatospora_panshihalos	85.8	97.3	91.0	720
PX207193.1	MK903007.1_Microkamienskia_peruviana	84.0	96.5	90.6	724
PX207193.1	KX758123.1_Microkamienskia_divaricata	83.5	96.9	90.9	722
PX207198.1	MT832188_Rhizophagus_intraradices	99.7	93.2	100.0	686
PX207198.1	MT832187_Rhizophagus_intraradices	97.4	93.1	100.0	686
PX207198.1	FM992400_Rhizophagus_proliferus	95.9	99.9	99.9	737
PX207198.1	FM992391_Rhizophagus_proliferus	94.6	100.0	99.9	737
PX207198.1	FR750072_Rhizophagus_fasciculatus	93.8	99.7	99.5	740
PX207198.1	MT832190_Rhizophagus_manihotis	93.2	92.9	99.9	687
PX207198.1	MT832191_Rhizophagus_clarus	93.0	92.9	99.7	688
PX207198.1	MT832192_Rhizophagus_dimorphicus	93.0	93.1	99.7	688
PX207198.1	MT832194_Rhizophagus_irregularis	93.0	93.2	99.7	688
PX207198.1	MT832193_Rhizophagus_dimorphicus	92.9	93.1	99.7	688
PX207198.1	MT832195_Rhizophagus_irregularis	90.9	93.1	99.6	689
PX207198.1	MT832189_Rhizophagus_intraradices	90.8	93.1	99.7	688
PX207198.1	MT832186_Sclerocystis_sinuosa	88.1	93.2	99.3	691
PX207198.1	MT832185_Sclerocystis_sinuosa	88.0	93.3	99.1	692
PX207198.1	MK903007.1_Microkamienskia_peruviana	84.0	96.6	90.7	723
PX207198.1	MK903006.1_Microkamienskia_peruviana	84.0	96.6	90.7	723
PX207196.1	MT832187_Rhizophagus_intraradices	94.0	93.1	99.9	686
PX207196.1	MT832188_Rhizophagus_intraradices	92.3	93.1	99.7	687
PX207196.1	FM992400_Rhizophagus_proliferus	91.2	99.9	99.7	737
PX207196.1	FM992391_Rhizophagus_proliferus	91.1	99.9	99.6	738
PX207196.1	MT832195_Rhizophagus_irregularis	90.7	93.1	99.4	689
PX207196.1	MT832194_Rhizophagus_irregularis	89.7	93.1	99.4	689
PX207196.1	MT832190_Rhizophagus_manihotis	89.7	92.8	99.6	688
PX207196.1	MT832191_Rhizophagus_clarus	89.3	92.8	99.4	689
PX207196.1	FR750072_Rhizophagus_fasciculatus	89.2	99.7	99.3	740
PX207196.1	MT832193_Rhizophagus_dimorphicus	89.0	93.1	99.6	688
PX207196.1	MT832192_Rhizophagus_dimorphicus	88.8	92.9	99.4	689
PX207196.1	MT832186_Sclerocystis_sinuosa	87.1	92.5	98.4	696
PX207196.1	MT832185_Sclerocystis_sinuosa	86.9	93.2	98.8	693
PX207196.1	KJ564144.1_Microkaminenskia_perpusilla	82.9	96.7	90.3	724
PX207196.1	MK903007.1_Microkamienskia_peruviana	82.7	96.6	90.6	723
PX207196.1	MK903006.1_Microkamienskia_peruviana	82.7	96.6	90.6	723
PX207197.1	MT832187_Rhizophagus_intraradices	94.2	93.1	99.9	686
PX207197.1	MT832188_Rhizophagus_intraradices	92.4	93.1	99.7	687
PX207197.1	FM992400_Rhizophagus_proliferus	91.3	99.9	99.7	737
PX207197.1	FM992391_Rhizophagus_proliferus	91.2	99.9	99.6	738
PX207197.1	MT832195_Rhizophagus_irregularis	90.9	93.1	99.4	689
PX207197.1	MT832190_Rhizophagus_manihotis	89.8	92.8	99.6	688
PX207197.1	MT832194_Rhizophagus_irregularis	89.7	93.1	99.4	689
PX207197.1	MT832191_Rhizophagus_clarus	89.4	92.8	99.4	689
PX207197.1	FR750072_Rhizophagus_fasciculatus	89.2	99.7	99.3	740
PX207197.1	MT832193_Rhizophagus_dimorphicus	89.1	93.1	99.6	688
PX207197.1	MT832192_Rhizophagus_dimorphicus	89.0	92.9	99.4	689
PX207197.1	MT832186_Sclerocystis_sinuosa	87.2	92.5	98.4	696
PX207197.1	MT832185_Sclerocystis_sinuosa	87.0	93.2	98.8	693
PX207197.1	KJ564144.1_Microkaminenskia_perpusilla	82.9	96.7	90.3	724
PX207197.1	MK903007.1_Microkamienskia_peruviana	82.7	96.6	90.6	723
PX207197.1	MK903006.1_Microkamienskia_peruviana	82.7	96.6	90.6	723
PX207199.1	MT832188_Rhizophagus_intraradices	99.7	93.2	100.0	686
PX207199.1	MT832187_Rhizophagus_intraradices	97.4	93.1	100.0	686
PX207199.1	FM992400_Rhizophagus_proliferus	95.8	99.9	99.9	737
PX207199.1	FM992391_Rhizophagus_proliferus	94.4	100.0	99.9	737
PX207199.1	FR750072_Rhizophagus_fasciculatus	93.6	99.7	99.5	740
PX207199.1	MT832190_Rhizophagus_manihotis	93.2	92.9	99.9	687
PX207199.1	MT832191_Rhizophagus_clarus	93.0	92.9	99.7	688
PX207199.1	MT832192_Rhizophagus_dimorphicus	93.0	93.1	99.7	688
PX207199.1	MT832194_Rhizophagus_irregularis	93.0	93.2	99.7	688
PX207199.1	MT832193_Rhizophagus_dimorphicus	92.9	93.1	99.7	688
PX207199.1	MT832195_Rhizophagus_irregularis	90.9	93.1	99.6	689
PX207199.1	MT832189_Rhizophagus_intraradices	90.8	93.1	99.7	688
PX207199.1	MT832186_Sclerocystis_sinuosa	88.1	93.2	99.3	691
PX207199.1	MT832185_Sclerocystis_sinuosa	88.0	93.3	99.1	692
PX207199.1	MK903007.1_Microkamienskia_peruviana	84.0	96.6	90.7	723
PX207199.1	MK903006.1_Microkamienskia_peruviana	84.0	96.6	90.7	723
PX207200.1	MT832188_Rhizophagus_intraradices	99.7	93.2	100.0	686
PX207200.1	MT832187_Rhizophagus_intraradices	97.4	93.1	100.0	686
PX207200.1	FM992400_Rhizophagus_proliferus	95.8	99.9	99.9	737
PX207200.1	FM992391_Rhizophagus_proliferus	94.4	100.0	99.9	737
PX207200.1	FR750072_Rhizophagus_fasciculatus	93.6	99.7	99.5	740
PX207200.1	MT832190_Rhizophagus_manihotis	93.2	92.9	99.9	687
PX207200.1	MT832191_Rhizophagus_clarus	93.0	92.9	99.7	688
PX207200.1	MT832192_Rhizophagus_dimorphicus	93.0	93.1	99.7	688
PX207200.1	MT832194_Rhizophagus_irregularis	93.0	93.2	99.7	688
PX207200.1	MT832193_Rhizophagus_dimorphicus	92.9	93.1	99.7	688
PX207200.1	MT832195_Rhizophagus_irregularis	90.9	93.1	99.6	689
PX207200.1	MT832189_Rhizophagus_intraradices	90.8	93.1	99.7	688
PX207200.1	MT832186_Sclerocystis_sinuosa	88.1	93.2	99.3	691
PX207200.1	MT832185_Sclerocystis_sinuosa	88.0	93.3	99.1	692
PX207200.1	MK903007.1_Microkamienskia_peruviana	84.0	96.6	90.7	723
PX207200.1	MK903006.1_Microkamienskia_peruviana	84.0	96.6	90.7	723
PX207195.1	MT832187_Rhizophagus_intraradices	94.0	93.1	99.9	686
PX207195.1	MT832188_Rhizophagus_intraradices	92.3	93.1	99.7	687
PX207195.1	FM992400_Rhizophagus_proliferus	91.2	99.9	99.7	737
PX207195.1	FM992391_Rhizophagus_proliferus	91.1	99.9	99.6	738
PX207195.1	MT832195_Rhizophagus_irregularis	90.7	93.1	99.4	689
PX207195.1	MT832194_Rhizophagus_irregularis	89.7	93.1	99.4	689
PX207195.1	MT832190_Rhizophagus_manihotis	89.7	92.8	99.6	688
PX207195.1	MT832191_Rhizophagus_clarus	89.3	92.8	99.4	689
PX207195.1	FR750072_Rhizophagus_fasciculatus	89.2	99.7	99.3	740
PX207195.1	MT832193_Rhizophagus_dimorphicus	89.0	93.1	99.6	688
PX207195.1	MT832192_Rhizophagus_dimorphicus	88.8	92.9	99.4	689
PX207195.1	MT832186_Sclerocystis_sinuosa	87.1	92.5	98.4	696
PX207195.1	MT832185_Sclerocystis_sinuosa	86.9	93.2	98.8	693
PX207195.1	KJ564144.1_Microkaminenskia_perpusilla	82.9	96.7	90.3	724
PX207195.1	MK903007.1_Microkamienskia_peruviana	82.7	96.6	90.6	723
PX207195.1	MK903006.1_Microkamienskia_peruviana	82.7	96.6	90.6	723
PX207201.1	MT832188_Rhizophagus_intraradices	99.9	93.2	100.0	686
PX207201.1	MT832187_Rhizophagus_intraradices	97.5	93.1	100.0	686
PX207201.1	FM992400_Rhizophagus_proliferus	95.8	99.9	99.9	737
PX207201.1	FM992391_Rhizophagus_proliferus	94.4	100.0	99.9	737
PX207201.1	FR750072_Rhizophagus_fasciculatus	93.6	99.7	99.5	740
PX207201.1	MT832190_Rhizophagus_manihotis	93.0	92.9	99.9	687
PX207201.1	MT832191_Rhizophagus_clarus	92.9	92.9	99.7	688
PX207201.1	MT832192_Rhizophagus_dimorphicus	92.9	93.1	99.7	688
PX207201.1	MT832194_Rhizophagus_irregularis	92.9	93.2	99.7	688
PX207201.1	MT832193_Rhizophagus_dimorphicus	92.7	93.1	99.7	688
PX207201.1	MT832195_Rhizophagus_irregularis	90.7	93.1	99.6	689
PX207201.1	MT832189_Rhizophagus_intraradices	90.7	93.1	99.7	688
PX207201.1	MT832186_Sclerocystis_sinuosa	88.0	93.2	99.3	691
PX207201.1	MT832185_Sclerocystis_sinuosa	87.9	93.3	99.1	692
PX207201.1	MK903007.1_Microkamienskia_peruviana	83.8	96.6	90.7	723
PX207201.1	MK903006.1_Microkamienskia_peruviana	83.8	96.6	90.7	723
PX207202.1	MT832188_Rhizophagus_intraradices	99.9	93.2	100.0	686
PX207202.1	MT832187_Rhizophagus_intraradices	97.5	93.1	100.0	686
PX207202.1	FM992400_Rhizophagus_proliferus	95.8	99.9	99.9	737
PX207202.1	FM992391_Rhizophagus_proliferus	94.4	100.0	99.9	737
PX207202.1	FR750072_Rhizophagus_fasciculatus	93.6	99.7	99.5	740
PX207202.1	MT832190_Rhizophagus_manihotis	93.0	92.9	99.9	687
PX207202.1	MT832191_Rhizophagus_clarus	92.9	92.9	99.7	688
PX207202.1	MT832192_Rhizophagus_dimorphicus	92.9	93.1	99.7	688
PX207202.1	MT832194_Rhizophagus_irregularis	92.9	93.2	99.7	688
PX207202.1	MT832193_Rhizophagus_dimorphicus	92.7	93.1	99.7	688
PX207202.1	MT832195_Rhizophagus_irregularis	90.7	93.1	99.6	689
PX207202.1	MT832189_Rhizophagus_intraradices	90.7	93.1	99.7	688
PX207202.1	MT832186_Sclerocystis_sinuosa	88.0	93.2	99.3	691
PX207202.1	MT832185_Sclerocystis_sinuosa	87.9	93.3	99.1	692
PX207202.1	MK903007.1_Microkamienskia_peruviana	83.8	96.6	90.7	723
PX207202.1	MK903006.1_Microkamienskia_peruviana	83.8	96.6	90.7	723
PX207206.1	FM992391_Rhizophagus_proliferus	99.9	100.0	100.0	737
PX207206.1	FM992400_Rhizophagus_proliferus	96.3	99.9	100.0	737
PX207206.1	MT832188_Rhizophagus_intraradices	94.0	93.1	100.0	687
PX207206.1	FR750072_Rhizophagus_fasciculatus	93.0	99.7	99.6	740
PX207206.1	MT832190_Rhizophagus_manihotis	92.9	92.8	99.9	688
PX207206.1	MT832194_Rhizophagus_irregularis	92.9	93.2	99.9	688
PX207206.1	MT832187_Rhizophagus_intraradices	92.9	92.9	100.0	687
PX207206.1	MT832192_Rhizophagus_dimorphicus	92.7	93.1	99.9	688
PX207206.1	MT832191_Rhizophagus_clarus	92.5	92.8	99.7	689
PX207206.1	MT832193_Rhizophagus_dimorphicus	92.5	92.9	99.7	689
PX207206.1	MT832189_Rhizophagus_intraradices	91.7	92.9	99.7	689
PX207206.1	MT832195_Rhizophagus_irregularis	90.7	93.1	99.7	689
PX207206.1	MT832184_Oehlia_diaphana	88.7	92.5	99.7	689
PX207206.1	MT832183_Oehlia_diaphana	88.6	92.7	99.6	690
PX207206.1	MH560604.1_Halonatospora_panshihalos	88.1	97.2	91.0	721
PX207206.1	MT832186_Sclerocystis_sinuosa	88.0	93.2	99.4	691
PX207209.1	FM992400_Rhizophagus_proliferus	98.5	99.9	100.0	737
PX207209.1	FM992391_Rhizophagus_proliferus	95.8	100.0	100.0	737
PX207209.1	MT832188_Rhizophagus_intraradices	95.3	93.1	100.0	687
PX207209.1	MT832187_Rhizophagus_intraradices	94.2	92.9	100.0	687
PX207209.1	FR750072_Rhizophagus_fasciculatus	93.9	99.7	99.6	740
PX207209.1	MT832194_Rhizophagus_irregularis	93.9	93.2	99.9	688
PX207209.1	MT832192_Rhizophagus_dimorphicus	93.8	93.1	99.9	688
PX207209.1	MT832193_Rhizophagus_dimorphicus	93.5	92.9	99.7	689
PX207209.1	MT832190_Rhizophagus_manihotis	93.0	92.8	99.9	688
PX207209.1	MT832191_Rhizophagus_clarus	92.9	92.8	99.7	689
PX207209.1	MT832195_Rhizophagus_irregularis	91.9	93.1	99.7	689
PX207209.1	MT832189_Rhizophagus_intraradices	91.0	92.9	99.7	689
PX207209.1	MT832185_Sclerocystis_sinuosa	88.6	93.4	99.3	692
PX207209.1	MT832186_Sclerocystis_sinuosa	88.3	93.2	99.4	691
PX207209.1	MH560604.1_Halonatospora_panshihalos	87.2	97.2	91.0	721
PX207209.1	MT832184_Oehlia_diaphana	86.9	92.5	99.7	689
PX207203.1	MT832188_Rhizophagus_intraradices	99.9	93.2	100.0	686
PX207203.1	MT832187_Rhizophagus_intraradices	97.5	93.1	100.0	686
PX207203.1	FM992400_Rhizophagus_proliferus	95.8	99.9	99.9	737
PX207203.1	FM992391_Rhizophagus_proliferus	94.4	100.0	99.9	737
PX207203.1	FR750072_Rhizophagus_fasciculatus	93.6	99.7	99.5	740
PX207203.1	MT832190_Rhizophagus_manihotis	93.0	92.9	99.9	687
PX207203.1	MT832191_Rhizophagus_clarus	92.9	92.9	99.7	688
PX207203.1	MT832192_Rhizophagus_dimorphicus	92.9	93.1	99.7	688
PX207203.1	MT832194_Rhizophagus_irregularis	92.9	93.2	99.7	688
PX207203.1	MT832193_Rhizophagus_dimorphicus	92.7	93.1	99.7	688
PX207203.1	MT832195_Rhizophagus_irregularis	90.7	93.1	99.6	689
PX207203.1	MT832189_Rhizophagus_intraradices	90.7	93.1	99.7	688
PX207203.1	MT832186_Sclerocystis_sinuosa	88.0	93.2	99.3	691
PX207203.1	MT832185_Sclerocystis_sinuosa	87.9	93.3	99.1	692
PX207203.1	MK903007.1_Microkamienskia_peruviana	83.8	96.6	90.7	723
PX207203.1	MK903006.1_Microkamienskia_peruviana	83.8	96.6	90.7	723
PX207205.1	MT832188_Rhizophagus_intraradices	99.0	93.2	100.0	686
PX207205.1	MT832187_Rhizophagus_intraradices	97.8	93.1	100.0	686
PX207205.1	FM992400_Rhizophagus_proliferus	96.1	99.9	99.9	737
PX207205.1	FM992391_Rhizophagus_proliferus	95.0	100.0	99.9	737
PX207205.1	MT832190_Rhizophagus_manihotis	93.6	92.9	99.9	687
PX207205.1	FR750072_Rhizophagus_fasciculatus	93.4	99.7	99.5	740
PX207205.1	MT832191_Rhizophagus_clarus	93.2	92.9	99.7	688
PX207205.1	MT832192_Rhizophagus_dimorphicus	93.2	93.1	99.7	688
PX207205.1	MT832193_Rhizophagus_dimorphicus	93.2	93.1	99.7	688
PX207205.1	MT832194_Rhizophagus_irregularis	93.2	93.2	99.7	688
PX207205.1	MT832195_Rhizophagus_irregularis	91.0	93.1	99.6	689
PX207205.1	MT832189_Rhizophagus_intraradices	91.0	93.1	99.7	688
PX207205.1	MT832186_Sclerocystis_sinuosa	88.4	93.2	99.3	691
PX207205.1	MT832185_Sclerocystis_sinuosa	88.3	93.3	99.1	692
PX207205.1	MK903007.1_Microkamienskia_peruviana	84.4	96.6	90.7	723
PX207205.1	MK903006.1_Microkamienskia_peruviana	84.4	96.6	90.7	723
PX207204.1	MT832188_Rhizophagus_intraradices	98.8	93.2	100.0	686
PX207204.1	MT832187_Rhizophagus_intraradices	98.0	93.1	100.0	686
PX207204.1	FM992400_Rhizophagus_proliferus	95.7	99.9	99.9	737
PX207204.1	FM992391_Rhizophagus_proliferus	94.6	100.0	99.9	737
PX207204.1	MT832190_Rhizophagus_manihotis	93.4	92.9	99.9	687
PX207204.1	FR750072_Rhizophagus_fasciculatus	93.2	99.7	99.5	740
PX207204.1	MT832191_Rhizophagus_clarus	93.0	92.9	99.7	688
PX207204.1	MT832192_Rhizophagus_dimorphicus	93.0	93.1	99.7	688
PX207204.1	MT832193_Rhizophagus_dimorphicus	93.0	93.1	99.7	688
PX207204.1	MT832194_Rhizophagus_irregularis	93.0	93.2	99.7	688
PX207204.1	MT832195_Rhizophagus_irregularis	90.9	93.1	99.6	689
PX207204.1	MT832189_Rhizophagus_intraradices	90.8	93.1	99.7	688
PX207204.1	MT832186_Sclerocystis_sinuosa	88.3	93.2	99.3	691
PX207204.1	MK903007.1_Microkamienskia_peruviana	84.6	96.6	90.7	723
PX207204.1	MK903006.1_Microkamienskia_peruviana	84.6	96.6	90.7	723
PX207204.1	KX758123.1_Microkamienskia_divaricata	84.5	96.7	90.8	723
PX207208.1	FM992391_Rhizophagus_proliferus	99.9	100.0	100.0	737
PX207208.1	FM992400_Rhizophagus_proliferus	96.3	99.9	100.0	737
PX207208.1	MT832188_Rhizophagus_intraradices	94.0	93.1	100.0	687
PX207208.1	FR750072_Rhizophagus_fasciculatus	93.0	99.7	99.6	740
PX207208.1	MT832190_Rhizophagus_manihotis	92.9	92.8	99.9	688
PX207208.1	MT832194_Rhizophagus_irregularis	92.9	93.2	99.9	688
PX207208.1	MT832187_Rhizophagus_intraradices	92.9	92.9	100.0	687
PX207208.1	MT832192_Rhizophagus_dimorphicus	92.7	93.1	99.9	688
PX207208.1	MT832191_Rhizophagus_clarus	92.5	92.8	99.7	689
PX207208.1	MT832193_Rhizophagus_dimorphicus	92.5	92.9	99.7	689
PX207208.1	MT832189_Rhizophagus_intraradices	91.7	92.9	99.7	689
PX207208.1	MT832195_Rhizophagus_irregularis	90.7	93.1	99.7	689
PX207208.1	MT832184_Oehlia_diaphana	88.7	92.5	99.7	689
PX207208.1	MT832183_Oehlia_diaphana	88.6	92.7	99.6	690
PX207208.1	MH560604.1_Halonatospora_panshihalos	88.1	97.2	91.0	721
PX207208.1	MT832186_Sclerocystis_sinuosa	88.0	93.2	99.4	691
PX207210.1	FM992400_Rhizophagus_proliferus	99.9	99.9	100.0	737
PX207210.1	FM992391_Rhizophagus_proliferus	96.3	100.0	100.0	737
PX207210.1	MT832188_Rhizophagus_intraradices	95.6	93.1	100.0	687
PX207210.1	MT832187_Rhizophagus_intraradices	94.2	92.9	100.0	687
PX207210.1	FR750072_Rhizophagus_fasciculatus	93.9	99.7	99.6	740
PX207210.1	MT832192_Rhizophagus_dimorphicus	93.5	93.1	99.9	688
PX207210.1	MT832190_Rhizophagus_manihotis	93.3	92.8	99.9	688
PX207210.1	MT832194_Rhizophagus_irregularis	93.3	93.2	99.9	688
PX207210.1	MT832191_Rhizophagus_clarus	93.2	92.8	99.7	689
PX207210.1	MT832193_Rhizophagus_dimorphicus	93.2	92.9	99.7	689
PX207210.1	MT832195_Rhizophagus_irregularis	91.4	93.1	99.7	689
PX207210.1	MT832189_Rhizophagus_intraradices	90.4	92.9	99.7	689
PX207210.1	MT832185_Sclerocystis_sinuosa	87.7	93.4	99.3	692
PX207210.1	MT832186_Sclerocystis_sinuosa	87.4	93.2	99.4	691
PX207210.1	MH560604.1_Halonatospora_panshihalos	87.2	97.2	91.0	721
PX207210.1	MT832184_Oehlia_diaphana	87.2	92.5	99.7	689
PX207207.1	FM992391_Rhizophagus_proliferus	99.9	100.0	100.0	737
PX207207.1	FM992400_Rhizophagus_proliferus	96.3	99.9	100.0	737
PX207207.1	MT832188_Rhizophagus_intraradices	94.0	93.1	100.0	687
PX207207.1	FR750072_Rhizophagus_fasciculatus	93.0	99.7	99.6	740
PX207207.1	MT832190_Rhizophagus_manihotis	92.9	92.8	99.9	688
PX207207.1	MT832194_Rhizophagus_irregularis	92.9	93.2	99.9	688
PX207207.1	MT832187_Rhizophagus_intraradices	92.9	92.9	100.0	687
PX207207.1	MT832192_Rhizophagus_dimorphicus	92.7	93.1	99.9	688
PX207207.1	MT832191_Rhizophagus_clarus	92.5	92.8	99.7	689
PX207207.1	MT832193_Rhizophagus_dimorphicus	92.5	92.9	99.7	689
PX207207.1	MT832189_Rhizophagus_intraradices	91.7	92.9	99.7	689
PX207207.1	MT832195_Rhizophagus_irregularis	90.7	93.1	99.7	689
PX207207.1	MT832184_Oehlia_diaphana	88.7	92.5	99.7	689
PX207207.1	MT832183_Oehlia_diaphana	88.6	92.7	99.6	690
PX207207.1	MH560604.1_Halonatospora_panshihalos	88.1	97.2	91.0	721
PX207207.1	MT832186_Sclerocystis_sinuosa	88.0	93.2	99.4	691
PX207211.1	FM992400_Rhizophagus_proliferus	99.9	99.9	100.0	737
PX207211.1	FM992391_Rhizophagus_proliferus	96.3	100.0	100.0	737
PX207211.1	MT832188_Rhizophagus_intraradices	95.6	93.1	100.0	687
PX207211.1	MT832187_Rhizophagus_intraradices	94.2	92.9	100.0	687
PX207211.1	FR750072_Rhizophagus_fasciculatus	93.9	99.7	99.6	740
PX207211.1	MT832192_Rhizophagus_dimorphicus	93.5	93.1	99.9	688
PX207211.1	MT832190_Rhizophagus_manihotis	93.3	92.8	99.9	688
PX207211.1	MT832194_Rhizophagus_irregularis	93.3	93.2	99.9	688
PX207211.1	MT832191_Rhizophagus_clarus	93.2	92.8	99.7	689
PX207211.1	MT832193_Rhizophagus_dimorphicus	93.2	92.9	99.7	689
PX207211.1	MT832195_Rhizophagus_irregularis	91.4	93.1	99.7	689
PX207211.1	MT832189_Rhizophagus_intraradices	90.4	92.9	99.7	689
PX207211.1	MT832185_Sclerocystis_sinuosa	87.7	93.4	99.3	692
PX207211.1	MT832186_Sclerocystis_sinuosa	87.4	93.2	99.4	691
PX207211.1	MH560604.1_Halonatospora_panshihalos	87.2	97.2	91.0	721
PX207211.1	MT832184_Oehlia_diaphana	87.2	92.5	99.7	689
PX207212.1	FR750203_Glomus_spe	99.3	100.0	100.0	733
PX207212.1	FR750526_Glomus_macrocarpum	92.5	99.7	99.7	735
PX207212.1	FR750539_Glomus_macrocarpum	92.2	99.6	99.7	735
PX207212.1	MT832179_Septoglomus_viscosum	85.1	93.0	98.6	693
PX207212.1	FN547496_Funneliformis_caledonius	85.1	99.7	98.3	746
PX207212.1	FM876794_Funneliformis_coronatus	85.0	99.7	98.3	746
PX207212.1	MG710519.1_Microdominikia_litorea	84.4	96.9	90.2	724
PX207212.1	MT832181_Funneliformis_mosseae	84.2	92.6	98.3	695
PX207212.1	MT832180_Funneliformis_spe	84.1	92.8	98.0	697
PX207212.1	AY639162_Funneliformis_mosseae	84.0	99.7	98.4	745
PX207212.1	FM992391_Rhizophagus_proliferus	83.9	99.6	99.1	740
PX207212.1	MT832182_Funneliformis_mosseae	83.9	92.8	98.3	695
PX207212.1	MK875635.1_Nanoglomus_plukenetia	83.7	96.7	90.3	723
PX207212.1	KY555052.1_Orientoglomus_emirata	83.4	96.3	89.8	727
PX207212.1	KJ564166.1_Dominikia_indica	83.3	96.9	90.1	726
PX207212.1	KJ564146.1_Dominikia_disticha	83.1	97.0	90.1	727
PX207214.1	FR750203_Glomus_spe	98.4	100.0	100.0	733
PX207214.1	FR750526_Glomus_macrocarpum	92.4	99.7	99.7	735
PX207214.1	FR750539_Glomus_macrocarpum	92.1	99.6	99.7	735
PX207214.1	MT832179_Septoglomus_viscosum	85.4	92.9	98.4	694
PX207214.1	MT832178_Septoglomus_deserticola	85.2	92.0	97.8	698
PX207214.1	FN547496_Funneliformis_caledonius	85.0	99.7	98.3	746
PX207214.1	MH560604.1_Halonatospora_panshihalos	84.6	96.3	89.7	727
PX207214.1	MH560602.1_Halonatospora_panshihalos	84.5	96.3	89.7	727
PX207214.1	FM876794_Funneliformis_coronatus	84.4	99.9	98.4	745
PX207214.1	MT832181_Funneliformis_mosseae	84.3	92.6	98.3	695
PX207214.1	FR750072_Rhizophagus_fasciculatus	84.1	99.5	98.8	742
PX207214.1	AY639162_Funneliformis_mosseae	84.0	99.7	98.4	745
PX207214.1	MT832182_Funneliformis_mosseae	83.9	92.8	98.3	695
PX207214.1	FM992391_Rhizophagus_proliferus	83.4	99.6	99.1	740
PX207214.1	KJ564146.1_Dominikia_disticha	82.9	97.0	90.1	727
PX207214.1	KY555052.1_Orientoglomus_emirata	82.6	96.7	90.2	724
PX207213.1	FR750203_Glomus_spe	99.7	100.0	100.0	733
PX207213.1	FR750526_Glomus_macrocarpum	92.7	99.7	99.7	735
PX207213.1	FR750539_Glomus_macrocarpum	92.7	99.6	99.7	735
PX207213.1	MT832179_Septoglomus_viscosum	85.4	93.0	98.6	693
PX207213.1	FN547496_Funneliformis_caledonius	85.3	99.7	98.3	746
PX207213.1	FM876794_Funneliformis_coronatus	85.1	99.7	98.3	746
PX207213.1	MH560604.1_Halonatospora_panshihalos	85.0	96.3	89.7	727
PX207213.1	MH560602.1_Halonatospora_panshihalos	84.9	96.3	89.7	727
PX207213.1	MG710519.1_Microdominikia_litorea	84.4	96.9	90.2	724
PX207213.1	FM992391_Rhizophagus_proliferus	84.3	99.6	99.1	740
PX207213.1	MT832181_Funneliformis_mosseae	84.3	92.6	98.3	695
PX207213.1	MT832180_Funneliformis_spe	84.2	92.8	98.0	697
PX207213.1	AY639162_Funneliformis_mosseae	84.2	99.7	98.4	745
PX207213.1	MT832182_Funneliformis_mosseae	84.0	92.8	98.3	695
PX207213.1	KY555052.1_Orientoglomus_emirata	83.5	96.3	89.8	727
PX207213.1	KJ564146.1_Dominikia_disticha	83.2	97.0	90.1	727
PX207215.1	FR750203_Glomus_spe	99.5	100.0	99.9	733
PX207215.1	FR750526_Glomus_macrocarpum	92.5	99.7	99.6	735
PX207215.1	FR750539_Glomus_macrocarpum	92.4	99.6	99.6	735
PX207215.1	MT832179_Septoglomus_viscosum	85.3	93.0	98.4	693
PX207215.1	FN547496_Funneliformis_caledonius	85.3	99.7	98.1	746
PX207215.1	FM876794_Funneliformis_coronatus	85.1	99.7	98.1	746
PX207215.1	MH560604.1_Halonatospora_panshihalos	84.9	96.3	89.6	727
PX207215.1	MH560602.1_Halonatospora_panshihalos	84.7	96.3	89.6	727
PX207215.1	MT832181_Funneliformis_mosseae	84.3	92.6	98.1	695
PX207215.1	MG710519.1_Microdominikia_litorea	84.3	96.9	90.1	724
PX207215.1	MT832180_Funneliformis_spe	84.2	92.8	97.8	697
PX207215.1	FM992391_Rhizophagus_proliferus	84.1	99.6	98.9	740
PX207215.1	MT832182_Funneliformis_mosseae	84.0	92.8	98.1	695
PX207215.1	AY639162_Funneliformis_mosseae	84.0	99.7	98.3	745
PX207215.1	KY555052.1_Orientoglomus_emirata	83.2	96.3	89.7	727
PX207215.1	KJ564146.1_Dominikia_disticha	83.1	97.0	90.0	727
PX207222.1	MT832182_Funneliformis_mosseae	98.8	92.9	100.0	695
PX207222.1	MT832181_Funneliformis_mosseae	98.6	92.8	100.0	695
PX207222.1	FN547496_Funneliformis_caledonius	96.9	99.9	100.0	745
PX207222.1	FM876794_Funneliformis_coronatus	96.5	99.7	99.9	746
PX207222.1	AY639162_Funneliformis_mosseae	96.0	99.6	99.9	746
PX207222.1	MT832180_Funneliformis_spe	95.4	93.0	99.9	696
PX207222.1	AY639270_Funneliformis_mosseae	89.3	99.6	99.7	747
PX207222.1	MT832179_Septoglomus_viscosum	87.6	92.8	99.9	696
PX207222.1	MT832175_Septoglomus_constrictum	86.9	92.6	99.7	697
PX207222.1	MT832176_Septoglomus_constrictum	86.9	92.8	99.7	697
PX207222.1	MK348935.1_Funneliglomus_sanmartinese	86.6	96.9	91.2	729
PX207222.1	MT832178_Septoglomus_deserticola	86.5	92.1	99.6	698
PX207222.1	MT832177_Septoglomus_deserticola	85.5	92.1	99.6	698
PX207222.1	FR750203_Glomus_spe	85.0	98.3	99.9	746
PX207222.1	FR750526_Glomus_macrocarpum	84.7	98.3	99.9	746
PX207222.1	FR750539_Glomus_macrocarpum	83.8	98.1	99.9	746
PX207220.1	MT832181_Funneliformis_mosseae	98.8	92.9	100.0	694
PX207220.1	MT832182_Funneliformis_mosseae	98.8	93.0	100.0	694
PX207220.1	FN547496_Funneliformis_caledonius	97.2	100.0	100.0	744
PX207220.1	FM876794_Funneliformis_coronatus	96.8	99.9	99.9	745
PX207220.1	AY639162_Funneliformis_mosseae	96.2	99.7	99.9	745
PX207220.1	MT832180_Funneliformis_spe	95.7	93.0	99.7	696
PX207220.1	AY639270_Funneliformis_mosseae	89.6	99.6	99.6	747
PX207220.1	MT832179_Septoglomus_viscosum	87.9	92.9	99.9	695
PX207220.1	MT832175_Septoglomus_constrictum	87.2	92.7	99.7	696
PX207220.1	MT832176_Septoglomus_constrictum	87.2	92.9	99.7	696
PX207220.1	MK348935.1_Funneliglomus_sanmartinese	86.8	97.0	91.2	728
PX207220.1	MT832178_Septoglomus_deserticola	86.7	92.2	99.6	697
PX207220.1	MT832177_Septoglomus_deserticola	85.7	92.2	99.6	697
PX207220.1	FR750203_Glomus_spe	85.2	98.4	99.9	745
PX207220.1	FR750526_Glomus_macrocarpum	84.7	98.4	99.9	745
PX207220.1	FR750539_Glomus_macrocarpum	83.8	98.3	99.9	745
PX207225.1	MT832181_Funneliformis_mosseae	99.0	92.8	100.0	695
PX207225.1	MT832182_Funneliformis_mosseae	98.6	92.9	100.0	695
PX207225.1	FN547496_Funneliformis_caledonius	96.8	99.9	100.0	745
PX207225.1	FM876794_Funneliformis_coronatus	96.4	99.7	99.9	746
PX207225.1	AY639162_Funneliformis_mosseae	96.4	99.6	99.9	746
PX207225.1	MT832180_Funneliformis_spe	95.7	92.9	99.7	697
PX207225.1	AY639270_Funneliformis_mosseae	89.2	99.5	99.6	748
PX207225.1	MT832179_Septoglomus_viscosum	87.6	92.8	99.9	696
PX207225.1	MK348935.1_Funneliglomus_sanmartinese	87.1	96.9	91.2	729
PX207225.1	MT832176_Septoglomus_constrictum	86.8	92.8	99.7	697
PX207225.1	MT832178_Septoglomus_deserticola	86.5	92.2	99.7	697
PX207225.1	MT832177_Septoglomus_deserticola	85.4	92.1	99.6	698
PX207225.1	FR750203_Glomus_spe	85.3	98.3	99.9	746
PX207225.1	KJ564166.1_Dominikia_indica	84.9	96.5	91.2	729
PX207225.1	FR750526_Glomus_macrocarpum	84.2	98.3	99.9	746
PX207225.1	FR750539_Glomus_macrocarpum	83.6	98.1	99.9	746
PX207216.1	FR750203_Glomus_spe	99.3	100.0	100.0	733
PX207216.1	FR750526_Glomus_macrocarpum	92.8	99.7	99.7	735
PX207216.1	FR750539_Glomus_macrocarpum	92.5	99.6	99.7	735
PX207216.1	FN547496_Funneliformis_caledonius	85.3	99.7	98.3	746
PX207216.1	FM876794_Funneliformis_coronatus	85.1	99.7	98.3	746
PX207216.1	MH560604.1_Halonatospora_panshihalos	85.0	96.3	89.7	727
PX207216.1	MH560602.1_Halonatospora_panshihalos	84.9	96.3	89.7	727
PX207216.1	MT832181_Funneliformis_mosseae	84.3	92.6	98.3	695
PX207216.1	MG710519.1_Microdominikia_litorea	84.3	96.9	90.2	724
PX207216.1	MT832180_Funneliformis_spe	84.2	92.8	98.0	697
PX207216.1	MK875635.1_Nanoglomus_plukenetia	84.1	96.7	90.3	723
PX207216.1	FM992391_Rhizophagus_proliferus	84.1	99.6	99.1	740
PX207216.1	MT832182_Funneliformis_mosseae	84.0	92.8	98.3	695
PX207216.1	AY639162_Funneliformis_mosseae	84.0	99.7	98.4	745
PX207216.1	KJ564166.1_Dominikia_indica	83.3	96.9	90.1	726
PX207216.1	KJ564146.1_Dominikia_disticha	83.1	97.0	90.1	727
PX207219.1	MT832181_Funneliformis_mosseae	98.8	92.9	100.0	694
PX207219.1	MT832182_Funneliformis_mosseae	98.8	93.0	100.0	694
PX207219.1	FN547496_Funneliformis_caledonius	97.2	100.0	100.0	744
PX207219.1	FM876794_Funneliformis_coronatus	96.8	99.9	99.9	745
PX207219.1	AY639162_Funneliformis_mosseae	96.2	99.7	99.9	745
PX207219.1	MT832180_Funneliformis_spe	95.7	93.0	99.7	696
PX207219.1	AY639270_Funneliformis_mosseae	89.6	99.6	99.6	747
PX207219.1	MT832179_Septoglomus_viscosum	87.9	92.9	99.9	695
PX207219.1	MT832175_Septoglomus_constrictum	87.2	92.7	99.7	696
PX207219.1	MT832176_Septoglomus_constrictum	87.2	92.9	99.7	696
PX207219.1	MK348935.1_Funneliglomus_sanmartinese	86.8	97.0	91.2	728
PX207219.1	MT832178_Septoglomus_deserticola	86.7	92.2	99.6	697
PX207219.1	MT832177_Septoglomus_deserticola	85.7	92.2	99.6	697
PX207219.1	FR750203_Glomus_spe	85.2	98.4	99.9	745
PX207219.1	FR750526_Glomus_macrocarpum	84.7	98.4	99.9	745
PX207219.1	FR750539_Glomus_macrocarpum	83.8	98.3	99.9	745
PX207224.1	MT832181_Funneliformis_mosseae	99.0	92.8	100.0	695
PX207224.1	MT832182_Funneliformis_mosseae	98.6	92.9	100.0	695
PX207224.1	FN547496_Funneliformis_caledonius	96.8	99.9	100.0	745
PX207224.1	FM876794_Funneliformis_coronatus	96.4	99.7	99.9	746
PX207224.1	AY639162_Funneliformis_mosseae	96.4	99.6	99.9	746
PX207224.1	MT832180_Funneliformis_spe	95.7	92.9	99.7	697
PX207224.1	AY639270_Funneliformis_mosseae	89.2	99.5	99.6	748
PX207224.1	MT832179_Septoglomus_viscosum	87.6	92.8	99.9	696
PX207224.1	MK348935.1_Funneliglomus_sanmartinese	87.1	96.9	91.2	729
PX207224.1	MT832176_Septoglomus_constrictum	86.8	92.8	99.7	697
PX207224.1	MT832178_Septoglomus_deserticola	86.5	92.2	99.7	697
PX207224.1	MT832177_Septoglomus_deserticola	85.4	92.1	99.6	698
PX207224.1	FR750203_Glomus_spe	85.3	98.3	99.9	746
PX207224.1	KJ564166.1_Dominikia_indica	84.9	96.5	91.2	729
PX207224.1	FR750526_Glomus_macrocarpum	84.2	98.3	99.9	746
PX207224.1	FR750539_Glomus_macrocarpum	83.6	98.1	99.9	746
PX207228.1	MT832182_Funneliformis_mosseae	99.4	93.0	100.0	694
PX207228.1	MT832181_Funneliformis_mosseae	98.6	92.9	100.0	694
PX207228.1	FN547496_Funneliformis_caledonius	96.9	100.0	100.0	744
PX207228.1	FM876794_Funneliformis_coronatus	96.5	99.9	99.9	745
PX207228.1	AY639162_Funneliformis_mosseae	96.0	99.7	99.9	745
PX207228.1	MT832180_Funneliformis_spe	95.3	93.0	99.7	696
PX207228.1	AY639270_Funneliformis_mosseae	89.3	99.6	99.6	747
PX207228.1	MT832179_Septoglomus_viscosum	88.2	92.9	99.9	695
PX207228.1	MT832175_Septoglomus_constrictum	87.1	92.7	99.7	696
PX207228.1	MT832176_Septoglomus_constrictum	87.1	92.9	99.7	696
PX207228.1	MK348935.1_Funneliglomus_sanmartinese	86.8	97.0	91.2	728
PX207228.1	MT832178_Septoglomus_deserticola	86.5	92.2	99.6	697
PX207228.1	MT832177_Septoglomus_deserticola	85.5	92.2	99.6	697
PX207228.1	FR750203_Glomus_spe	85.2	98.4	99.9	745
PX207228.1	FR750526_Glomus_macrocarpum	84.6	98.4	99.9	745
PX207228.1	FR750539_Glomus_macrocarpum	83.6	98.3	99.9	745
PX207223.1	MT832182_Funneliformis_mosseae	98.8	92.9	100.0	695
PX207223.1	MT832181_Funneliformis_mosseae	98.6	92.8	100.0	695
PX207223.1	FN547496_Funneliformis_caledonius	96.9	99.9	100.0	745
PX207223.1	FM876794_Funneliformis_coronatus	96.5	99.7	99.9	746
PX207223.1	AY639162_Funneliformis_mosseae	96.0	99.6	99.9	746
PX207223.1	MT832180_Funneliformis_spe	95.4	93.0	99.9	696
PX207223.1	AY639270_Funneliformis_mosseae	89.3	99.6	99.7	747
PX207223.1	MT832179_Septoglomus_viscosum	87.6	92.8	99.9	696
PX207223.1	MT832175_Septoglomus_constrictum	86.9	92.6	99.7	697
PX207223.1	MT832176_Septoglomus_constrictum	86.9	92.8	99.7	697
PX207223.1	MK348935.1_Funneliglomus_sanmartinese	86.6	96.9	91.2	729
PX207223.1	MT832178_Septoglomus_deserticola	86.5	92.1	99.6	698
PX207223.1	MT832177_Septoglomus_deserticola	85.5	92.1	99.6	698
PX207223.1	FR750203_Glomus_spe	85.0	98.3	99.9	746
PX207223.1	FR750526_Glomus_macrocarpum	84.7	98.3	99.9	746
PX207223.1	FR750539_Glomus_macrocarpum	83.8	98.1	99.9	746
PX207221.1	MT832182_Funneliformis_mosseae	98.7	92.9	100.0	695
PX207221.1	MT832181_Funneliformis_mosseae	98.4	92.8	100.0	695
PX207221.1	FN547496_Funneliformis_caledonius	97.0	99.9	100.0	745
PX207221.1	FM876794_Funneliformis_coronatus	96.6	99.7	99.9	746
PX207221.1	AY639162_Funneliformis_mosseae	96.1	99.6	99.9	746
PX207221.1	MT832180_Funneliformis_spe	95.5	93.0	99.9	696
PX207221.1	AY639270_Funneliformis_mosseae	89.4	99.6	99.7	747
PX207221.1	MT832179_Septoglomus_viscosum	87.8	92.8	99.9	696
PX207221.1	MT832176_Septoglomus_constrictum	87.1	92.8	99.7	697
PX207221.1	MK348935.1_Funneliglomus_sanmartinese	86.7	96.9	91.2	729
PX207221.1	MT832178_Septoglomus_deserticola	86.7	92.1	99.6	698
PX207221.1	MK348930.1_Funneliglomus_sanmartinese	85.8	96.9	91.0	730
PX207221.1	MT832177_Septoglomus_deserticola	85.7	92.1	99.6	698
PX207221.1	FR750203_Glomus_spe	85.1	98.3	99.9	746
PX207221.1	FR750526_Glomus_macrocarpum	84.9	98.3	99.9	746
PX207221.1	FR750539_Glomus_macrocarpum	83.9	98.1	99.9	746
PX207217.1	FR750203_Glomus_spe	99.7	100.0	100.0	733
PX207217.1	FR750526_Glomus_macrocarpum	92.7	99.7	99.7	735
PX207217.1	FR750539_Glomus_macrocarpum	92.7	99.6	99.7	735
PX207217.1	MT832179_Septoglomus_viscosum	85.4	93.0	98.6	693
PX207217.1	FN547496_Funneliformis_caledonius	85.3	99.7	98.3	746
PX207217.1	FM876794_Funneliformis_coronatus	85.1	99.7	98.3	746
PX207217.1	MH560604.1_Halonatospora_panshihalos	85.0	96.3	89.7	727
PX207217.1	MH560602.1_Halonatospora_panshihalos	84.9	96.3	89.7	727
PX207217.1	MG710519.1_Microdominikia_litorea	84.4	96.9	90.2	724
PX207217.1	FM992391_Rhizophagus_proliferus	84.3	99.6	99.1	740
PX207217.1	MT832181_Funneliformis_mosseae	84.3	92.6	98.3	695
PX207217.1	MT832180_Funneliformis_spe	84.2	92.8	98.0	697
PX207217.1	AY639162_Funneliformis_mosseae	84.2	99.7	98.4	745
PX207217.1	MT832182_Funneliformis_mosseae	84.0	92.8	98.3	695
PX207217.1	KY555052.1_Orientoglomus_emirata	83.5	96.3	89.8	727
PX207217.1	KJ564146.1_Dominikia_disticha	83.2	97.0	90.1	727
PX207229.1	MT832182_Funneliformis_mosseae	99.4	93.0	100.0	694
PX207229.1	MT832181_Funneliformis_mosseae	98.6	92.9	100.0	694
PX207229.1	FN547496_Funneliformis_caledonius	96.9	100.0	100.0	744
PX207229.1	FM876794_Funneliformis_coronatus	96.5	99.9	99.9	745
PX207229.1	AY639162_Funneliformis_mosseae	96.0	99.7	99.9	745
PX207229.1	MT832180_Funneliformis_spe	95.3	93.0	99.7	696
PX207229.1	AY639270_Funneliformis_mosseae	89.3	99.6	99.6	747
PX207229.1	MT832179_Septoglomus_viscosum	88.2	92.9	99.9	695
PX207229.1	MT832175_Septoglomus_constrictum	87.1	92.7	99.7	696
PX207229.1	MT832176_Septoglomus_constrictum	87.1	92.9	99.7	696
PX207229.1	MK348935.1_Funneliglomus_sanmartinese	86.8	97.0	91.2	728
PX207229.1	MT832178_Septoglomus_deserticola	86.5	92.2	99.6	697
PX207229.1	MT832177_Septoglomus_deserticola	85.5	92.2	99.6	697
PX207229.1	FR750203_Glomus_spe	85.2	98.4	99.9	745
PX207229.1	FR750526_Glomus_macrocarpum	84.6	98.4	99.9	745
PX207229.1	FR750539_Glomus_macrocarpum	83.6	98.3	99.9	745
PX207218.1	FR750203_Glomus_spe	99.7	100.0	100.0	733
PX207218.1	FR750526_Glomus_macrocarpum	92.7	99.7	99.7	735
PX207218.1	FR750539_Glomus_macrocarpum	92.7	99.6	99.7	735
PX207218.1	MT832179_Septoglomus_viscosum	85.4	93.0	98.6	693
PX207218.1	FN547496_Funneliformis_caledonius	85.3	99.7	98.3	746
PX207218.1	FM876794_Funneliformis_coronatus	85.1	99.7	98.3	746
PX207218.1	MH560604.1_Halonatospora_panshihalos	85.0	96.3	89.7	727
PX207218.1	MH560602.1_Halonatospora_panshihalos	84.9	96.3	89.7	727
PX207218.1	MG710519.1_Microdominikia_litorea	84.4	96.9	90.2	724
PX207218.1	FM992391_Rhizophagus_proliferus	84.3	99.6	99.1	740
PX207218.1	MT832181_Funneliformis_mosseae	84.3	92.6	98.3	695
PX207218.1	MT832180_Funneliformis_spe	84.2	92.8	98.0	697
PX207218.1	AY639162_Funneliformis_mosseae	84.2	99.7	98.4	745
PX207218.1	MT832182_Funneliformis_mosseae	84.0	92.8	98.3	695
PX207218.1	KY555052.1_Orientoglomus_emirata	83.5	96.3	89.8	727
PX207218.1	KJ564146.1_Dominikia_disticha	83.2	97.0	90.1	727
PX207231.1	MT832182_Funneliformis_mosseae	99.4	93.0	100.0	694
PX207231.1	MT832181_Funneliformis_mosseae	98.6	92.9	100.0	694
PX207231.1	FN547496_Funneliformis_caledonius	96.9	100.0	100.0	744
PX207231.1	FM876794_Funneliformis_coronatus	96.5	99.9	99.9	745
PX207231.1	AY639162_Funneliformis_mosseae	96.0	99.7	99.9	745
PX207231.1	MT832180_Funneliformis_spe	95.3	93.0	99.7	696
PX207231.1	AY639270_Funneliformis_mosseae	89.3	99.6	99.6	747
PX207231.1	MT832179_Septoglomus_viscosum	88.2	92.9	99.9	695
PX207231.1	MT832175_Septoglomus_constrictum	87.1	92.7	99.7	696
PX207231.1	MT832176_Septoglomus_constrictum	87.1	92.9	99.7	696
PX207231.1	MK348935.1_Funneliglomus_sanmartinese	86.8	97.0	91.2	728
PX207231.1	MT832178_Septoglomus_deserticola	86.5	92.2	99.6	697
PX207231.1	MT832177_Septoglomus_deserticola	85.5	92.2	99.6	697
PX207231.1	FR750203_Glomus_spe	85.2	98.4	99.9	745
PX207231.1	FR750526_Glomus_macrocarpum	84.6	98.4	99.9	745
PX207231.1	FR750539_Glomus_macrocarpum	83.6	98.3	99.9	745
PX207232.1	MT832182_Funneliformis_mosseae	99.4	93.0	100.0	694
PX207232.1	MT832181_Funneliformis_mosseae	98.6	92.9	100.0	694
PX207232.1	FN547496_Funneliformis_caledonius	96.9	100.0	100.0	744
PX207232.1	FM876794_Funneliformis_coronatus	96.5	99.9	99.9	745
PX207232.1	AY639162_Funneliformis_mosseae	96.0	99.7	99.9	745
PX207232.1	MT832180_Funneliformis_spe	95.3	93.0	99.7	696
PX207232.1	AY639270_Funneliformis_mosseae	89.3	99.6	99.6	747
PX207232.1	MT832179_Septoglomus_viscosum	88.2	92.9	99.9	695
PX207232.1	MT832175_Septoglomus_constrictum	87.1	92.7	99.7	696
PX207232.1	MT832176_Septoglomus_constrictum	87.1	92.9	99.7	696
PX207232.1	MK348935.1_Funneliglomus_sanmartinese	86.8	97.0	91.2	728
PX207232.1	MT832178_Septoglomus_deserticola	86.5	92.2	99.6	697
PX207232.1	MT832177_Septoglomus_deserticola	85.5	92.2	99.6	697
PX207232.1	FR750203_Glomus_spe	85.2	98.4	99.9	745
PX207232.1	FR750526_Glomus_macrocarpum	84.6	98.4	99.9	745
PX207232.1	FR750539_Glomus_macrocarpum	83.6	98.3	99.9	745
PX207233.1	MT832182_Funneliformis_mosseae	99.4	93.0	100.0	694
PX207233.1	MT832181_Funneliformis_mosseae	98.6	92.9	100.0	694
PX207233.1	FN547496_Funneliformis_caledonius	96.9	100.0	100.0	744
PX207233.1	FM876794_Funneliformis_coronatus	96.5	99.9	99.9	745
PX207233.1	AY639162_Funneliformis_mosseae	96.0	99.7	99.9	745
PX207233.1	MT832180_Funneliformis_spe	95.3	93.0	99.7	696
PX207233.1	AY639270_Funneliformis_mosseae	89.3	99.6	99.6	747
PX207233.1	MT832179_Septoglomus_viscosum	88.2	92.9	99.9	695
PX207233.1	MT832175_Septoglomus_constrictum	87.1	92.7	99.7	696
PX207233.1	MT832176_Septoglomus_constrictum	87.1	92.9	99.7	696
PX207233.1	MK348935.1_Funneliglomus_sanmartinese	86.8	97.0	91.2	728
PX207233.1	MT832178_Septoglomus_deserticola	86.5	92.2	99.6	697
PX207233.1	MT832177_Septoglomus_deserticola	85.5	92.2	99.6	697
PX207233.1	FR750203_Glomus_spe	85.2	98.4	99.9	745
PX207233.1	FR750526_Glomus_macrocarpum	84.6	98.4	99.9	745
PX207233.1	FR750539_Glomus_macrocarpum	83.6	98.3	99.9	745
PX207234.1	MT832181_Funneliformis_mosseae	99.0	92.9	100.0	694
PX207234.1	MT832182_Funneliformis_mosseae	99.0	93.0	100.0	694
PX207234.1	FN547496_Funneliformis_caledonius	97.0	100.0	100.0	744
PX207234.1	FM876794_Funneliformis_coronatus	96.6	99.9	99.9	745
PX207234.1	AY639162_Funneliformis_mosseae	96.4	99.7	99.9	745
PX207234.1	MT832180_Funneliformis_spe	95.5	93.0	99.7	696
PX207234.1	AY639270_Funneliformis_mosseae	89.4	99.6	99.6	747
PX207234.1	MT832179_Septoglomus_viscosum	88.1	92.9	99.9	695
PX207234.1	MT832175_Septoglomus_constrictum	87.1	92.7	99.7	696
PX207234.1	MT832176_Septoglomus_constrictum	87.1	92.9	99.7	696
PX207234.1	MK348935.1_Funneliglomus_sanmartinese	86.7	97.0	91.2	728
PX207234.1	MT832178_Septoglomus_deserticola	86.5	92.2	99.6	697
PX207234.1	MT832177_Septoglomus_deserticola	85.5	92.2	99.6	697
PX207234.1	FR750203_Glomus_spe	85.1	98.4	99.9	745
PX207234.1	FR750526_Glomus_macrocarpum	84.6	98.4	99.9	745
PX207234.1	FR750539_Glomus_macrocarpum	83.6	98.3	99.9	745
PX207226.1	MT832182_Funneliformis_mosseae	99.0	93.0	100.0	694
PX207226.1	MT832181_Funneliformis_mosseae	98.4	92.9	100.0	694
PX207226.1	FN547496_Funneliformis_caledonius	97.0	100.0	100.0	744
PX207226.1	FM876794_Funneliformis_coronatus	96.6	99.9	99.9	745
PX207226.1	AY639162_Funneliformis_mosseae	95.8	99.7	99.9	745
PX207226.1	MT832180_Funneliformis_spe	95.4	93.0	99.7	696
PX207226.1	AY639270_Funneliformis_mosseae	89.4	99.6	99.6	747
PX207226.1	MT832179_Septoglomus_viscosum	88.1	92.9	99.9	695
PX207226.1	MT832175_Septoglomus_constrictum	87.4	92.7	99.7	696
PX207226.1	MT832176_Septoglomus_constrictum	87.4	92.9	99.7	696
PX207226.1	MK348935.1_Funneliglomus_sanmartinese	86.7	97.0	91.2	728
PX207226.1	MT832178_Septoglomus_deserticola	86.7	92.2	99.6	697
PX207226.1	MT832177_Septoglomus_deserticola	85.7	92.2	99.6	697
PX207226.1	FR750203_Glomus_spe	85.4	98.4	99.9	745
PX207226.1	FR750526_Glomus_macrocarpum	84.8	98.4	99.9	745
PX207226.1	FR750539_Glomus_macrocarpum	83.9	98.3	99.9	745
PX207230.1	MT832182_Funneliformis_mosseae	99.4	93.0	100.0	694
PX207230.1	MT832181_Funneliformis_mosseae	98.6	92.9	100.0	694
PX207230.1	FN547496_Funneliformis_caledonius	96.9	100.0	100.0	744
PX207230.1	FM876794_Funneliformis_coronatus	96.5	99.9	99.9	745
PX207230.1	AY639162_Funneliformis_mosseae	96.0	99.7	99.9	745
PX207230.1	MT832180_Funneliformis_spe	95.3	93.0	99.7	696
PX207230.1	AY639270_Funneliformis_mosseae	89.3	99.6	99.6	747
PX207230.1	MT832179_Septoglomus_viscosum	88.2	92.9	99.9	695
PX207230.1	MT832175_Septoglomus_constrictum	87.1	92.7	99.7	696
PX207230.1	MT832176_Septoglomus_constrictum	87.1	92.9	99.7	696
PX207230.1	MK348935.1_Funneliglomus_sanmartinese	86.8	97.0	91.2	728
PX207230.1	MT832178_Septoglomus_deserticola	86.5	92.2	99.6	697
PX207230.1	MT832177_Septoglomus_deserticola	85.5	92.2	99.6	697
PX207230.1	FR750203_Glomus_spe	85.2	98.4	99.9	745
PX207230.1	FR750526_Glomus_macrocarpum	84.6	98.4	99.9	745
PX207230.1	FR750539_Glomus_macrocarpum	83.6	98.3	99.9	745
PX207227.1	MT832182_Funneliformis_mosseae	99.0	93.0	100.0	694
PX207227.1	MT832181_Funneliformis_mosseae	98.4	92.9	100.0	694
PX207227.1	FN547496_Funneliformis_caledonius	97.0	100.0	100.0	744
PX207227.1	FM876794_Funneliformis_coronatus	96.6	99.9	99.9	745
PX207227.1	AY639162_Funneliformis_mosseae	95.8	99.7	99.9	745
PX207227.1	MT832180_Funneliformis_spe	95.4	93.0	99.7	696
PX207227.1	AY639270_Funneliformis_mosseae	89.4	99.6	99.6	747
PX207227.1	MT832179_Septoglomus_viscosum	88.1	92.9	99.9	695
PX207227.1	MT832175_Septoglomus_constrictum	87.4	92.7	99.7	696
PX207227.1	MT832176_Septoglomus_constrictum	87.4	92.9	99.7	696
PX207227.1	MK348935.1_Funneliglomus_sanmartinese	86.7	97.0	91.2	728
PX207227.1	MT832178_Septoglomus_deserticola	86.7	92.2	99.6	697
PX207227.1	MT832177_Septoglomus_deserticola	85.7	92.2	99.6	697
PX207227.1	FR750203_Glomus_spe	85.4	98.4	99.9	745
PX207227.1	FR750526_Glomus_macrocarpum	84.8	98.4	99.9	745
PX207227.1	FR750539_Glomus_macrocarpum	83.9	98.3	99.9	745
PX207235.1	MT832181_Funneliformis_mosseae	99.0	92.9	100.0	694
PX207235.1	MT832182_Funneliformis_mosseae	99.0	93.0	100.0	694
PX207235.1	FN547496_Funneliformis_caledonius	97.0	100.0	100.0	744
PX207235.1	FM876794_Funneliformis_coronatus	96.6	99.9	99.9	745
PX207235.1	AY639162_Funneliformis_mosseae	96.4	99.7	99.9	745
PX207235.1	MT832180_Funneliformis_spe	95.5	93.0	99.7	696
PX207235.1	AY639270_Funneliformis_mosseae	89.4	99.6	99.6	747
PX207235.1	MT832179_Septoglomus_viscosum	88.1	92.9	99.9	695
PX207235.1	MT832175_Septoglomus_constrictum	87.1	92.7	99.7	696
PX207235.1	MT832176_Septoglomus_constrictum	87.1	92.9	99.7	696
PX207235.1	MK348935.1_Funneliglomus_sanmartinese	86.7	97.0	91.2	728
PX207235.1	MT832178_Septoglomus_deserticola	86.5	92.2	99.6	697
PX207235.1	MT832177_Septoglomus_deserticola	85.5	92.2	99.6	697
PX207235.1	FR750203_Glomus_spe	85.1	98.4	99.9	745
PX207235.1	FR750526_Glomus_macrocarpum	84.6	98.4	99.9	745
PX207235.1	FR750539_Glomus_macrocarpum	83.6	98.3	99.9	745
PX207238.1	MT832182_Funneliformis_mosseae	99.1	93.0	100.0	694
PX207238.1	MT832181_Funneliformis_mosseae	98.8	92.9	100.0	694
PX207238.1	FN547496_Funneliformis_caledonius	97.2	100.0	100.0	744
PX207238.1	FM876794_Funneliformis_coronatus	96.8	99.9	99.9	745
PX207238.1	AY639162_Funneliformis_mosseae	96.2	99.7	99.9	745
PX207238.1	MT832180_Funneliformis_spe	95.5	93.0	99.7	696
PX207238.1	AY639270_Funneliformis_mosseae	89.6	99.6	99.6	747
PX207238.1	MT832179_Septoglomus_viscosum	88.2	92.9	99.9	695
PX207238.1	MT832176_Septoglomus_constrictum	87.2	92.9	99.7	696
PX207238.1	MT832175_Septoglomus_constrictum	87.1	92.7	99.7	696
PX207238.1	MK348935.1_Funneliglomus_sanmartinese	86.5	97.0	91.2	728
PX207238.1	MT832178_Septoglomus_deserticola	86.5	92.2	99.6	697
PX207238.1	MT832177_Septoglomus_deserticola	85.5	92.2	99.6	697
PX207238.1	FR750203_Glomus_spe	85.1	98.4	99.9	745
PX207238.1	FR750526_Glomus_macrocarpum	84.7	98.4	99.9	745
PX207238.1	FR750539_Glomus_macrocarpum	83.8	98.3	99.9	745
PX207242.1	MT832181_Funneliformis_mosseae	98.8	92.9	100.0	694
PX207242.1	MT832182_Funneliformis_mosseae	98.6	93.0	100.0	694
PX207242.1	FN547496_Funneliformis_caledonius	96.6	100.0	100.0	744
PX207242.1	FM876794_Funneliformis_coronatus	96.2	99.9	99.9	745
PX207242.1	AY639162_Funneliformis_mosseae	96.2	99.7	99.9	745
PX207242.1	MT832180_Funneliformis_spe	95.1	93.0	99.7	696
PX207242.1	AY639270_Funneliformis_mosseae	89.8	99.6	99.6	747
PX207242.1	MT832179_Septoglomus_viscosum	87.9	92.9	99.9	695
PX207242.1	MT832176_Septoglomus_constrictum	86.9	92.9	99.7	696
PX207242.1	MK348935.1_Funneliglomus_sanmartinese	86.5	97.0	91.2	728
PX207242.1	MT832178_Septoglomus_deserticola	86.1	92.2	99.6	697
PX207242.1	KJ564166.1_Dominikia_indica	85.2	96.5	91.1	729
PX207242.1	MT832177_Septoglomus_deserticola	85.1	92.2	99.6	697
PX207242.1	FR750203_Glomus_spe	85.0	98.4	99.9	745
PX207242.1	FR750526_Glomus_macrocarpum	84.3	98.4	99.9	745
PX207242.1	FR750539_Glomus_macrocarpum	83.4	98.3	99.9	745
PX207236.1	MT832181_Funneliformis_mosseae	98.7	92.9	100.0	694
PX207236.1	MT832182_Funneliformis_mosseae	98.7	93.0	100.0	694
PX207236.1	FN547496_Funneliformis_caledonius	97.0	100.0	100.0	744
PX207236.1	FM876794_Funneliformis_coronatus	96.6	99.9	99.9	745
PX207236.1	AY639162_Funneliformis_mosseae	96.4	99.7	99.9	745
PX207236.1	MT832180_Funneliformis_spe	95.4	93.0	99.7	696
PX207236.1	AY639270_Funneliformis_mosseae	90.0	99.6	99.6	747
PX207236.1	MT832179_Septoglomus_viscosum	87.8	92.9	99.9	695
PX207236.1	MT832176_Septoglomus_constrictum	87.1	92.9	99.7	696
PX207236.1	MK348935.1_Funneliglomus_sanmartinese	86.7	97.0	91.2	728
PX207236.1	MT832178_Septoglomus_deserticola	86.4	92.2	99.6	697
PX207236.1	FR750203_Glomus_spe	85.4	98.4	99.9	745
PX207236.1	KJ564166.1_Dominikia_indica	85.3	96.5	91.1	729
PX207236.1	FR750526_Glomus_macrocarpum	84.8	98.4	99.9	745
PX207236.1	KJ564165.2_Dominikia_minuta	84.4	96.5	90.9	729
PX207236.1	FR750539_Glomus_macrocarpum	83.9	98.3	99.9	745
PX207237.1	MT832181_Funneliformis_mosseae	98.7	92.9	100.0	694
PX207237.1	MT832182_Funneliformis_mosseae	98.7	93.0	100.0	694
PX207237.1	FN547496_Funneliformis_caledonius	97.0	100.0	100.0	744
PX207237.1	FM876794_Funneliformis_coronatus	96.6	99.9	99.9	745
PX207237.1	AY639162_Funneliformis_mosseae	96.4	99.7	99.9	745
PX207237.1	MT832180_Funneliformis_spe	95.4	93.0	99.7	696
PX207237.1	AY639270_Funneliformis_mosseae	90.0	99.6	99.6	747
PX207237.1	MT832179_Septoglomus_viscosum	87.8	92.9	99.9	695
PX207237.1	MT832176_Septoglomus_constrictum	87.1	92.9	99.7	696
PX207237.1	MK348935.1_Funneliglomus_sanmartinese	86.7	97.0	91.2	728
PX207237.1	MT832178_Septoglomus_deserticola	86.4	92.2	99.6	697
PX207237.1	FR750203_Glomus_spe	85.4	98.4	99.9	745
PX207237.1	KJ564166.1_Dominikia_indica	85.3	96.5	91.1	729
PX207237.1	FR750526_Glomus_macrocarpum	84.8	98.4	99.9	745
PX207237.1	KJ564165.2_Dominikia_minuta	84.4	96.5	90.9	729
PX207237.1	FR750539_Glomus_macrocarpum	83.9	98.3	99.9	745
PX207244.1	MT832182_Funneliformis_mosseae	99.3	93.0	100.0	694
PX207244.1	MT832181_Funneliformis_mosseae	98.4	92.9	100.0	694
PX207244.1	FN547496_Funneliformis_caledonius	96.8	100.0	100.0	744
PX207244.1	FM876794_Funneliformis_coronatus	96.4	99.9	99.9	745
PX207244.1	AY639162_Funneliformis_mosseae	95.8	99.7	99.9	745
PX207244.1	MT832180_Funneliformis_spe	95.1	93.0	99.7	696
PX207244.1	AY639270_Funneliformis_mosseae	89.2	99.6	99.6	747
PX207244.1	MT832179_Septoglomus_viscosum	88.1	92.9	99.9	695
PX207244.1	MT832175_Septoglomus_constrictum	86.9	92.7	99.7	696
PX207244.1	MT832176_Septoglomus_constrictum	86.9	92.9	99.7	696
PX207244.1	MK348935.1_Funneliglomus_sanmartinese	86.7	97.0	91.2	728
PX207244.1	MT832178_Septoglomus_deserticola	86.4	92.2	99.6	697
PX207244.1	MT832177_Septoglomus_deserticola	85.4	92.2	99.6	697
PX207244.1	FR750203_Glomus_spe	85.1	98.4	99.9	745
PX207244.1	FR750526_Glomus_macrocarpum	84.4	98.4	99.9	745
PX207244.1	FR750539_Glomus_macrocarpum	83.5	98.3	99.9	745
PX207245.1	MT832182_Funneliformis_mosseae	99.3	93.0	100.0	694
PX207245.1	MT832181_Funneliformis_mosseae	98.4	92.9	100.0	694
PX207245.1	FN547496_Funneliformis_caledonius	96.8	100.0	100.0	744
PX207245.1	FM876794_Funneliformis_coronatus	96.4	99.9	99.9	745
PX207245.1	AY639162_Funneliformis_mosseae	95.8	99.7	99.9	745
PX207245.1	MT832180_Funneliformis_spe	95.1	93.0	99.7	696
PX207245.1	AY639270_Funneliformis_mosseae	89.2	99.6	99.6	747
PX207245.1	MT832179_Septoglomus_viscosum	88.1	92.9	99.9	695
PX207245.1	MT832175_Septoglomus_constrictum	86.9	92.7	99.7	696
PX207245.1	MT832176_Septoglomus_constrictum	86.9	92.9	99.7	696
PX207245.1	MK348935.1_Funneliglomus_sanmartinese	86.7	97.0	91.2	728
PX207245.1	MT832178_Septoglomus_deserticola	86.4	92.2	99.6	697
PX207245.1	MT832177_Septoglomus_deserticola	85.4	92.2	99.6	697
PX207245.1	FR750203_Glomus_spe	85.1	98.4	99.9	745
PX207245.1	FR750526_Glomus_macrocarpum	84.4	98.4	99.9	745
PX207245.1	FR750539_Glomus_macrocarpum	83.5	98.3	99.9	745
PX207246.1	MT832181_Funneliformis_mosseae	99.0	92.9	100.0	694
PX207246.1	MT832182_Funneliformis_mosseae	98.7	93.0	100.0	694
PX207246.1	FN547496_Funneliformis_caledonius	96.8	100.0	100.0	744
PX207246.1	FM876794_Funneliformis_coronatus	96.4	99.9	99.9	745
PX207246.1	AY639162_Funneliformis_mosseae	96.4	99.7	99.9	745
PX207246.1	MT832180_Funneliformis_spe	95.3	93.0	99.7	696
PX207246.1	AY639270_Funneliformis_mosseae	89.4	99.6	99.6	747
PX207246.1	MT832179_Septoglomus_viscosum	87.8	92.9	99.9	695
PX207246.1	MT832176_Septoglomus_constrictum	87.1	92.9	99.7	696
PX207246.1	MK348935.1_Funneliglomus_sanmartinese	86.7	97.0	91.2	728
PX207246.1	MT832178_Septoglomus_deserticola	86.5	92.2	99.6	697
PX207246.1	MT832177_Septoglomus_deserticola	85.5	92.2	99.6	697
PX207246.1	FR750203_Glomus_spe	85.4	98.4	99.9	745
PX207246.1	KJ564166.1_Dominikia_indica	85.0	96.5	91.1	729
PX207246.1	FR750526_Glomus_macrocarpum	84.4	98.4	99.9	745
PX207246.1	FR750539_Glomus_macrocarpum	83.1	98.3	99.9	745
PX207247.1	MT832181_Funneliformis_mosseae	98.8	92.9	100.0	694
PX207247.1	MT832182_Funneliformis_mosseae	98.8	93.0	100.0	694
PX207247.1	FN547496_Funneliformis_caledonius	96.6	100.0	100.0	744
PX207247.1	FM876794_Funneliformis_coronatus	96.5	99.9	99.9	745
PX207247.1	AY639162_Funneliformis_mosseae	96.2	99.7	99.9	745
PX207247.1	MT832180_Funneliformis_spe	95.1	93.0	99.7	696
PX207247.1	AY639270_Funneliformis_mosseae	89.4	99.6	99.6	747
PX207247.1	MT832179_Septoglomus_viscosum	87.8	92.9	99.9	695
PX207247.1	MK348935.1_Funneliglomus_sanmartinese	87.1	97.0	91.2	728
PX207247.1	MT832176_Septoglomus_constrictum	86.9	92.9	99.7	696
PX207247.1	MT832178_Septoglomus_deserticola	86.4	92.2	99.6	697
PX207247.1	MT832177_Septoglomus_deserticola	85.4	92.2	99.6	697
PX207247.1	KJ564166.1_Dominikia_indica	85.2	96.5	91.1	729
PX207247.1	FR750203_Glomus_spe	85.1	98.4	99.9	745
PX207247.1	FR750526_Glomus_macrocarpum	84.7	98.4	99.9	745
PX207247.1	FR750539_Glomus_macrocarpum	83.8	98.3	99.9	745
PX207239.1	MT832182_Funneliformis_mosseae	99.1	93.0	100.0	694
PX207239.1	MT832181_Funneliformis_mosseae	98.8	92.9	100.0	694
PX207239.1	FN547496_Funneliformis_caledonius	97.2	100.0	100.0	744
PX207239.1	FM876794_Funneliformis_coronatus	96.8	99.9	99.9	745
PX207239.1	AY639162_Funneliformis_mosseae	96.2	99.7	99.9	745
PX207239.1	MT832180_Funneliformis_spe	95.5	93.0	99.7	696
PX207239.1	AY639270_Funneliformis_mosseae	89.6	99.6	99.6	747
PX207239.1	MT832179_Septoglomus_viscosum	88.2	92.9	99.9	695
PX207239.1	MT832176_Septoglomus_constrictum	87.2	92.9	99.7	696
PX207239.1	MT832175_Septoglomus_constrictum	87.1	92.7	99.7	696
PX207239.1	MK348935.1_Funneliglomus_sanmartinese	86.5	97.0	91.2	728
PX207239.1	MT832178_Septoglomus_deserticola	86.5	92.2	99.6	697
PX207239.1	MT832177_Septoglomus_deserticola	85.5	92.2	99.6	697
PX207239.1	FR750203_Glomus_spe	85.1	98.4	99.9	745
PX207239.1	FR750526_Glomus_macrocarpum	84.7	98.4	99.9	745
PX207239.1	FR750539_Glomus_macrocarpum	83.8	98.3	99.9	745
PX207240.1	MT832181_Funneliformis_mosseae	98.8	92.9	100.0	694
PX207240.1	MT832182_Funneliformis_mosseae	98.6	93.0	100.0	694
PX207240.1	FN547496_Funneliformis_caledonius	96.6	100.0	100.0	744
PX207240.1	FM876794_Funneliformis_coronatus	96.2	99.9	99.9	745
PX207240.1	AY639162_Funneliformis_mosseae	96.2	99.7	99.9	745
PX207240.1	MT832180_Funneliformis_spe	95.1	93.0	99.7	696
PX207240.1	AY639270_Funneliformis_mosseae	89.8	99.6	99.6	747
PX207240.1	MT832179_Septoglomus_viscosum	87.9	92.9	99.9	695
PX207240.1	MT832176_Septoglomus_constrictum	86.9	92.9	99.7	696
PX207240.1	MK348935.1_Funneliglomus_sanmartinese	86.5	97.0	91.2	728
PX207240.1	MT832178_Septoglomus_deserticola	86.1	92.2	99.6	697
PX207240.1	KJ564166.1_Dominikia_indica	85.2	96.5	91.1	729
PX207240.1	MT832177_Septoglomus_deserticola	85.1	92.2	99.6	697
PX207240.1	FR750203_Glomus_spe	85.0	98.4	99.9	745
PX207240.1	FR750526_Glomus_macrocarpum	84.3	98.4	99.9	745
PX207240.1	FR750539_Glomus_macrocarpum	83.4	98.3	99.9	745
PX207252.1	MT832181_Funneliformis_mosseae	99.0	92.9	100.0	694
PX207252.1	MT832182_Funneliformis_mosseae	99.0	93.0	100.0	694
PX207252.1	FN547496_Funneliformis_caledonius	96.8	100.0	100.0	744
PX207252.1	FM876794_Funneliformis_coronatus	96.4	99.9	99.9	745
PX207252.1	AY639162_Funneliformis_mosseae	96.4	99.7	99.9	745
PX207252.1	MT832180_Funneliformis_spe	95.3	93.0	99.7	696
PX207252.1	AY639270_Funneliformis_mosseae	89.4	99.6	99.6	747
PX207252.1	MT832179_Septoglomus_viscosum	87.9	92.9	99.9	695
PX207252.1	MT832175_Septoglomus_constrictum	87.1	92.7	99.7	696
PX207252.1	MT832176_Septoglomus_constrictum	86.9	92.9	99.7	696
PX207252.1	MK348935.1_Funneliglomus_sanmartinese	86.8	97.0	91.2	728
PX207252.1	MT832178_Septoglomus_deserticola	86.2	92.2	99.6	697
PX207252.1	MT832177_Septoglomus_deserticola	85.2	92.2	99.6	697
PX207252.1	FR750203_Glomus_spe	85.0	98.4	99.9	745
PX207252.1	FR750526_Glomus_macrocarpum	84.4	98.4	99.9	745
PX207252.1	FR750539_Glomus_macrocarpum	83.5	98.3	99.9	745
PX207253.1	MT832181_Funneliformis_mosseae	99.0	92.9	100.0	694
PX207253.1	MT832182_Funneliformis_mosseae	99.0	93.0	100.0	694
PX207253.1	FN547496_Funneliformis_caledonius	96.8	100.0	100.0	744
PX207253.1	FM876794_Funneliformis_coronatus	96.4	99.9	99.9	745
PX207253.1	AY639162_Funneliformis_mosseae	96.4	99.7	99.9	745
PX207253.1	MT832180_Funneliformis_spe	95.3	93.0	99.7	696
PX207253.1	AY639270_Funneliformis_mosseae	89.4	99.6	99.6	747
PX207253.1	MT832179_Septoglomus_viscosum	87.9	92.9	99.9	695
PX207253.1	MT832175_Septoglomus_constrictum	87.1	92.7	99.7	696
PX207253.1	MT832176_Septoglomus_constrictum	86.9	92.9	99.7	696
PX207253.1	MK348935.1_Funneliglomus_sanmartinese	86.8	97.0	91.2	728
PX207253.1	MT832178_Septoglomus_deserticola	86.2	92.2	99.6	697
PX207253.1	MT832177_Septoglomus_deserticola	85.2	92.2	99.6	697
PX207253.1	FR750203_Glomus_spe	85.0	98.4	99.9	745
PX207253.1	FR750526_Glomus_macrocarpum	84.4	98.4	99.9	745
PX207253.1	FR750539_Glomus_macrocarpum	83.5	98.3	99.9	745
PX207258.1	MT832175_Septoglomus_constrictum	95.7	93.0	99.9	694
PX207258.1	MT832176_Septoglomus_constrictum	92.8	92.7	99.4	697
PX207258.1	MT832178_Septoglomus_deserticola	89.8	92.2	99.4	697
PX207258.1	MT832177_Septoglomus_deserticola	89.7	92.1	99.3	698
PX207258.1	FN547496_Funneliformis_caledonius	87.4	99.6	99.5	747
PX207258.1	MT832179_Septoglomus_viscosum	87.4	92.7	99.6	696
PX207258.1	FM876794_Funneliformis_coronatus	86.6	99.5	99.3	748
PX207258.1	MT832182_Funneliformis_mosseae	86.5	92.6	99.4	697
PX207258.1	MK348935.1_Funneliglomus_sanmartinese	86.3	96.9	90.9	729
PX207258.1	MT832181_Funneliformis_mosseae	86.1	92.5	99.4	697
PX207258.1	MK348930.1_Funneliglomus_sanmartinese	86.0	96.9	90.8	730
PX207258.1	AY639162_Funneliformis_mosseae	84.7	99.6	99.6	746
PX207258.1	KJ564166.1_Dominikia_indica	84.3	96.6	91.1	728
PX207258.1	FR750526_Glomus_macrocarpum	83.9	98.4	99.7	745
PX207258.1	FM992391_Rhizophagus_proliferus	83.0	98.9	99.7	745
PX207258.1	FR750539_Glomus_macrocarpum	82.7	98.3	99.7	745
PX207241.1	MT832181_Funneliformis_mosseae	98.8	92.9	100.0	694
PX207241.1	MT832182_Funneliformis_mosseae	98.6	93.0	100.0	694
PX207241.1	FN547496_Funneliformis_caledonius	96.6	100.0	100.0	744
PX207241.1	FM876794_Funneliformis_coronatus	96.2	99.9	99.9	745
PX207241.1	AY639162_Funneliformis_mosseae	96.2	99.7	99.9	745
PX207241.1	MT832180_Funneliformis_spe	95.1	93.0	99.7	696
PX207241.1	AY639270_Funneliformis_mosseae	89.8	99.6	99.6	747
PX207241.1	MT832179_Septoglomus_viscosum	87.9	92.9	99.9	695
PX207241.1	MT832176_Septoglomus_constrictum	86.9	92.9	99.7	696
PX207241.1	MK348935.1_Funneliglomus_sanmartinese	86.5	97.0	91.2	728
PX207241.1	MT832178_Septoglomus_deserticola	86.1	92.2	99.6	697
PX207241.1	KJ564166.1_Dominikia_indica	85.2	96.5	91.1	729
PX207241.1	MT832177_Septoglomus_deserticola	85.1	92.2	99.6	697
PX207241.1	FR750203_Glomus_spe	85.0	98.4	99.9	745
PX207241.1	FR750526_Glomus_macrocarpum	84.3	98.4	99.9	745
PX207241.1	FR750539_Glomus_macrocarpum	83.4	98.3	99.9	745
PX207259.1	MT832175_Septoglomus_constrictum	94.4	93.0	99.7	694
PX207259.1	MT832176_Septoglomus_constrictum	92.5	92.9	99.4	696
PX207259.1	MT832177_Septoglomus_deserticola	89.0	92.0	99.1	698
PX207259.1	MT832178_Septoglomus_deserticola	88.8	92.3	99.4	696
PX207259.1	MT832179_Septoglomus_viscosum	88.5	92.7	99.4	696
PX207259.1	FN547496_Funneliformis_caledonius	87.3	99.7	99.5	746
PX207259.1	FM876794_Funneliformis_coronatus	86.9	99.6	99.3	747
PX207259.1	MK348935.1_Funneliglomus_sanmartinese	86.7	96.9	90.8	729
PX207259.1	MT832180_Funneliformis_spe	86.5	92.7	99.1	698
PX207259.1	MT832182_Funneliformis_mosseae	86.5	92.7	99.4	696
PX207259.1	MK348930.1_Funneliglomus_sanmartinese	86.3	96.9	90.7	730
PX207259.1	MT832181_Funneliformis_mosseae	85.6	92.7	99.6	695
PX207259.1	AY639162_Funneliformis_mosseae	85.0	99.6	99.5	746
PX207259.1	FR750526_Glomus_macrocarpum	83.9	98.4	99.6	745
PX207259.1	FR750539_Glomus_macrocarpum	83.1	98.2	99.6	745
PX207259.1	FM992391_Rhizophagus_proliferus	82.0	99.1	99.7	744
PX207249.1	MT832181_Funneliformis_mosseae	99.0	92.9	100.0	694
PX207249.1	MT832182_Funneliformis_mosseae	98.4	93.0	100.0	694
PX207249.1	FN547496_Funneliformis_caledonius	96.5	100.0	100.0	744
PX207249.1	AY639162_Funneliformis_mosseae	96.4	99.7	99.9	745
PX207249.1	FM876794_Funneliformis_coronatus	96.1	99.9	99.9	745
PX207249.1	MT832180_Funneliformis_spe	95.0	93.0	99.7	696
PX207249.1	AY639270_Funneliformis_mosseae	89.7	99.6	99.6	747
PX207249.1	MT832179_Septoglomus_viscosum	87.9	92.9	99.9	695
PX207249.1	MT832176_Septoglomus_constrictum	87.1	92.9	99.7	696
PX207249.1	MK348935.1_Funneliglomus_sanmartinese	86.8	97.0	91.2	728
PX207249.1	MT832178_Septoglomus_deserticola	86.5	92.2	99.6	697
PX207249.1	MT832177_Septoglomus_deserticola	85.5	92.2	99.6	697
PX207249.1	KJ564166.1_Dominikia_indica	85.3	96.5	91.1	729
PX207249.1	FR750203_Glomus_spe	85.1	98.4	99.9	745
PX207249.1	FR750526_Glomus_macrocarpum	84.2	98.4	99.9	745
PX207249.1	FR750539_Glomus_macrocarpum	82.8	98.3	99.9	745
PX207243.1	MT832181_Funneliformis_mosseae	98.8	92.9	100.0	694
PX207243.1	MT832182_Funneliformis_mosseae	98.8	93.0	100.0	694
PX207243.1	FN547496_Funneliformis_caledonius	96.9	100.0	100.0	744
PX207243.1	FM876794_Funneliformis_coronatus	96.5	99.9	99.9	745
PX207243.1	AY639162_Funneliformis_mosseae	96.2	99.7	99.9	745
PX207243.1	MT832180_Funneliformis_spe	95.4	93.0	99.7	696
PX207243.1	AY639270_Funneliformis_mosseae	89.3	99.6	99.6	747
PX207243.1	MT832179_Septoglomus_viscosum	87.8	92.9	99.9	695
PX207243.1	MT832175_Septoglomus_constrictum	87.2	92.7	99.7	696
PX207243.1	MK348935.1_Funneliglomus_sanmartinese	87.0	97.0	91.2	728
PX207243.1	MT832176_Septoglomus_constrictum	86.8	92.9	99.7	696
PX207243.1	MT832178_Septoglomus_deserticola	86.2	92.2	99.6	697
PX207243.1	MT832177_Septoglomus_deserticola	85.2	92.2	99.6	697
PX207243.1	FR750203_Glomus_spe	85.1	98.4	99.9	745
PX207243.1	FR750526_Glomus_macrocarpum	84.6	98.4	99.9	745
PX207243.1	FR750539_Glomus_macrocarpum	83.6	98.3	99.9	745
PX207251.1	MT832181_Funneliformis_mosseae	99.0	92.9	100.0	694
PX207251.1	MT832182_Funneliformis_mosseae	99.0	93.0	100.0	694
PX207251.1	FN547496_Funneliformis_caledonius	96.8	100.0	100.0	744
PX207251.1	FM876794_Funneliformis_coronatus	96.4	99.9	99.9	745
PX207251.1	AY639162_Funneliformis_mosseae	96.4	99.7	99.9	745
PX207251.1	MT832180_Funneliformis_spe	95.3	93.0	99.7	696
PX207251.1	AY639270_Funneliformis_mosseae	89.4	99.6	99.6	747
PX207251.1	MT832179_Septoglomus_viscosum	87.9	92.9	99.9	695
PX207251.1	MT832175_Septoglomus_constrictum	87.1	92.7	99.7	696
PX207251.1	MT832176_Septoglomus_constrictum	86.9	92.9	99.7	696
PX207251.1	MK348935.1_Funneliglomus_sanmartinese	86.8	97.0	91.2	728
PX207251.1	MT832178_Septoglomus_deserticola	86.2	92.2	99.6	697
PX207251.1	MT832177_Septoglomus_deserticola	85.2	92.2	99.6	697
PX207251.1	FR750203_Glomus_spe	85.0	98.4	99.9	745
PX207251.1	FR750526_Glomus_macrocarpum	84.4	98.4	99.9	745
PX207251.1	FR750539_Glomus_macrocarpum	83.5	98.3	99.9	745
PX207260.1	MT832175_Septoglomus_constrictum	94.8	93.0	100.0	694
PX207260.1	MT832176_Septoglomus_constrictum	93.0	92.9	99.7	696
PX207260.1	MT832177_Septoglomus_deserticola	89.3	92.1	99.4	698
PX207260.1	MT832178_Septoglomus_deserticola	89.1	92.3	99.7	696
PX207260.1	MT832179_Septoglomus_viscosum	89.1	92.7	99.7	696
PX207260.1	FN547496_Funneliformis_caledonius	87.7	99.7	99.7	746
PX207260.1	FM876794_Funneliformis_coronatus	87.4	99.6	99.6	747
PX207260.1	MK348935.1_Funneliglomus_sanmartinese	87.2	96.9	91.0	729
PX207260.1	MT832182_Funneliformis_mosseae	86.9	92.7	99.7	696
PX207260.1	MK348930.1_Funneliglomus_sanmartinese	86.8	96.9	90.9	730
PX207260.1	MT832181_Funneliformis_mosseae	86.0	92.7	99.9	695
PX207260.1	AY639162_Funneliformis_mosseae	85.4	99.6	99.7	746
PX207260.1	FR750203_Glomus_spe	85.4	98.4	99.9	745
PX207260.1	FR750526_Glomus_macrocarpum	84.2	98.4	99.9	745
PX207260.1	FR750539_Glomus_macrocarpum	83.4	98.3	99.9	745
PX207260.1	FM992391_Rhizophagus_proliferus	82.4	99.1	100.0	744
PX207261.1	MT832175_Septoglomus_constrictum	94.5	92.9	100.0	695
PX207261.1	MT832176_Septoglomus_constrictum	92.7	92.8	99.7	697
PX207261.1	MT832177_Septoglomus_deserticola	89.1	91.9	99.4	699
PX207261.1	MT832178_Septoglomus_deserticola	89.0	92.2	99.7	697
PX207261.1	MT832179_Septoglomus_viscosum	88.8	92.6	99.7	697
PX207261.1	FN547496_Funneliformis_caledonius	87.4	99.6	99.7	747
PX207261.1	FM876794_Funneliformis_coronatus	87.2	99.5	99.6	748
PX207261.1	MK348935.1_Funneliglomus_sanmartinese	87.0	96.8	91.0	730
PX207261.1	MT832182_Funneliformis_mosseae	86.7	92.6	99.7	697
PX207261.1	MK348930.1_Funneliglomus_sanmartinese	86.2	96.9	91.0	730
PX207261.1	MT832181_Funneliformis_mosseae	85.8	92.6	99.9	696
PX207261.1	AY639162_Funneliformis_mosseae	85.1	99.5	99.7	747
PX207261.1	FR750526_Glomus_macrocarpum	84.3	98.3	99.9	746
PX207261.1	KJ564166.1_Dominikia_indica	84.3	96.2	91.0	731
PX207261.1	FR750539_Glomus_macrocarpum	83.5	98.1	99.9	746
PX207261.1	FM992391_Rhizophagus_proliferus	82.1	98.9	100.0	745
PX207257.1	MT832182_Funneliformis_mosseae	99.4	93.0	100.0	694
PX207257.1	MT832181_Funneliformis_mosseae	98.6	92.9	100.0	694
PX207257.1	FN547496_Funneliformis_caledonius	96.9	100.0	100.0	744
PX207257.1	FM876794_Funneliformis_coronatus	96.5	99.9	99.9	745
PX207257.1	AY639162_Funneliformis_mosseae	96.0	99.7	99.9	745
PX207257.1	MT832180_Funneliformis_spe	95.3	93.0	99.7	696
PX207257.1	AY639270_Funneliformis_mosseae	89.3	99.6	99.6	747
PX207257.1	MT832179_Septoglomus_viscosum	88.2	92.9	99.9	695
PX207257.1	MT832175_Septoglomus_constrictum	87.1	92.7	99.7	696
PX207257.1	MT832176_Septoglomus_constrictum	87.1	92.9	99.7	696
PX207257.1	MK348935.1_Funneliglomus_sanmartinese	86.8	97.0	91.2	728
PX207257.1	MT832178_Septoglomus_deserticola	86.5	92.2	99.6	697
PX207257.1	MT832177_Septoglomus_deserticola	85.5	92.2	99.6	697
PX207257.1	FR750203_Glomus_spe	85.2	98.4	99.9	745
PX207257.1	FR750526_Glomus_macrocarpum	84.6	98.4	99.9	745
PX207257.1	FR750539_Glomus_macrocarpum	83.6	98.3	99.9	745
PX207256.1	MT832182_Funneliformis_mosseae	99.4	93.0	100.0	694
PX207256.1	MT832181_Funneliformis_mosseae	98.6	92.9	100.0	694
PX207256.1	FN547496_Funneliformis_caledonius	96.9	100.0	100.0	744
PX207256.1	FM876794_Funneliformis_coronatus	96.5	99.9	99.9	745
PX207256.1	AY639162_Funneliformis_mosseae	96.0	99.7	99.9	745
PX207256.1	MT832180_Funneliformis_spe	95.3	93.0	99.7	696
PX207256.1	AY639270_Funneliformis_mosseae	89.3	99.6	99.6	747
PX207256.1	MT832179_Septoglomus_viscosum	88.2	92.9	99.9	695
PX207256.1	MT832175_Septoglomus_constrictum	87.1	92.7	99.7	696
PX207256.1	MT832176_Septoglomus_constrictum	87.1	92.9	99.7	696
PX207256.1	MK348935.1_Funneliglomus_sanmartinese	86.8	97.0	91.2	728
PX207256.1	MT832178_Septoglomus_deserticola	86.5	92.2	99.6	697
PX207256.1	MT832177_Septoglomus_deserticola	85.5	92.2	99.6	697
PX207256.1	FR750203_Glomus_spe	85.2	98.4	99.9	745
PX207256.1	FR750526_Glomus_macrocarpum	84.6	98.4	99.9	745
PX207256.1	FR750539_Glomus_macrocarpum	83.6	98.3	99.9	745
PX207262.1	MT832175_Septoglomus_constrictum	94.5	92.9	100.0	695
PX207262.1	MT832176_Septoglomus_constrictum	92.7	92.8	99.7	697
PX207262.1	MT832177_Septoglomus_deserticola	89.1	91.9	99.4	699
PX207262.1	MT832178_Septoglomus_deserticola	89.0	92.2	99.7	697
PX207262.1	MT832179_Septoglomus_viscosum	88.8	92.6	99.7	697
PX207262.1	FN547496_Funneliformis_caledonius	87.4	99.6	99.7	747
PX207262.1	FM876794_Funneliformis_coronatus	87.2	99.5	99.6	748
PX207262.1	MK348935.1_Funneliglomus_sanmartinese	87.0	96.8	91.0	730
PX207262.1	MT832182_Funneliformis_mosseae	86.7	92.6	99.7	697
PX207262.1	MK348930.1_Funneliglomus_sanmartinese	86.3	96.9	91.0	730
PX207262.1	MT832181_Funneliformis_mosseae	85.8	92.6	99.9	696
PX207262.1	AY639162_Funneliformis_mosseae	85.1	99.5	99.7	747
PX207262.1	KJ564166.1_Dominikia_indica	84.3	96.2	91.0	731
PX207262.1	FR750526_Glomus_macrocarpum	84.2	98.3	99.9	746
PX207262.1	FR750539_Glomus_macrocarpum	83.4	98.1	99.9	746
PX207262.1	FM992391_Rhizophagus_proliferus	82.1	98.9	100.0	745
PX207248.1	MT832181_Funneliformis_mosseae	98.8	92.9	100.0	694
PX207248.1	MT832182_Funneliformis_mosseae	98.8	93.0	100.0	694
PX207248.1	FN547496_Funneliformis_caledonius	96.6	100.0	100.0	744
PX207248.1	FM876794_Funneliformis_coronatus	96.5	99.9	99.9	745
PX207248.1	AY639162_Funneliformis_mosseae	96.2	99.7	99.9	745
PX207248.1	MT832180_Funneliformis_spe	95.1	93.0	99.7	696
PX207248.1	AY639270_Funneliformis_mosseae	89.4	99.6	99.6	747
PX207248.1	MT832179_Septoglomus_viscosum	87.8	92.9	99.9	695
PX207248.1	MK348935.1_Funneliglomus_sanmartinese	87.1	97.0	91.2	728
PX207248.1	MT832176_Septoglomus_constrictum	86.9	92.9	99.7	696
PX207248.1	MT832178_Septoglomus_deserticola	86.4	92.2	99.6	697
PX207248.1	MT832177_Septoglomus_deserticola	85.4	92.2	99.6	697
PX207248.1	KJ564166.1_Dominikia_indica	85.2	96.5	91.1	729
PX207248.1	FR750203_Glomus_spe	85.1	98.4	99.9	745
PX207248.1	FR750526_Glomus_macrocarpum	84.7	98.4	99.9	745
PX207248.1	FR750539_Glomus_macrocarpum	83.8	98.3	99.9	745
PX207254.1	MT832182_Funneliformis_mosseae	99.3	93.0	100.0	694
PX207254.1	MT832181_Funneliformis_mosseae	98.7	92.9	100.0	694
PX207254.1	FN547496_Funneliformis_caledonius	97.0	100.0	100.0	744
PX207254.1	FM876794_Funneliformis_coronatus	96.6	99.9	99.9	745
PX207254.1	AY639162_Funneliformis_mosseae	96.1	99.7	99.9	745
PX207254.1	MT832180_Funneliformis_spe	95.4	93.0	99.7	696
PX207254.1	AY639270_Funneliformis_mosseae	89.4	99.6	99.6	747
PX207254.1	MT832179_Septoglomus_viscosum	88.3	92.9	99.9	695
PX207254.1	MT832176_Septoglomus_constrictum	87.2	92.9	99.7	696
PX207254.1	MT832175_Septoglomus_constrictum	87.1	92.7	99.7	696
PX207254.1	MK348935.1_Funneliglomus_sanmartinese	86.7	97.0	91.2	728
PX207254.1	MT832178_Septoglomus_deserticola	86.7	92.2	99.6	697
PX207254.1	MT832177_Septoglomus_deserticola	85.7	92.2	99.6	697
PX207254.1	FR750203_Glomus_spe	85.2	98.4	99.9	745
PX207254.1	FR750526_Glomus_macrocarpum	84.6	98.4	99.9	745
PX207254.1	FR750539_Glomus_macrocarpum	83.6	98.3	99.9	745
PX207255.1	MT832182_Funneliformis_mosseae	99.3	93.0	100.0	694
PX207255.1	MT832181_Funneliformis_mosseae	98.7	92.9	100.0	694
PX207255.1	FN547496_Funneliformis_caledonius	97.0	100.0	100.0	744
PX207255.1	FM876794_Funneliformis_coronatus	96.6	99.9	99.9	745
PX207255.1	AY639162_Funneliformis_mosseae	96.1	99.7	99.9	745
PX207255.1	MT832180_Funneliformis_spe	95.4	93.0	99.7	696
PX207255.1	AY639270_Funneliformis_mosseae	89.4	99.6	99.6	747
PX207255.1	MT832179_Septoglomus_viscosum	88.3	92.9	99.9	695
PX207255.1	MT832176_Septoglomus_constrictum	87.2	92.9	99.7	696
PX207255.1	MT832175_Septoglomus_constrictum	87.1	92.7	99.7	696
PX207255.1	MK348935.1_Funneliglomus_sanmartinese	86.7	97.0	91.2	728
PX207255.1	MT832178_Septoglomus_deserticola	86.7	92.2	99.6	697
PX207255.1	MT832177_Septoglomus_deserticola	85.7	92.2	99.6	697
PX207255.1	FR750203_Glomus_spe	85.2	98.4	99.9	745
PX207255.1	FR750526_Glomus_macrocarpum	84.6	98.4	99.9	745
PX207255.1	FR750539_Glomus_macrocarpum	83.6	98.3	99.9	745
PX207263.1	FJ461853.1_Septoglomus_viscosum	97.0	93.0	99.9	693
PX207263.1	MT832179_Septoglomus_viscosum	96.5	93.3	100.0	692
PX207263.1	MT832178_Septoglomus_deserticola	90.1	92.2	99.3	697
PX207263.1	MT832177_Septoglomus_deserticola	90.0	92.2	99.3	697
PX207263.1	MT832176_Septoglomus_constrictum	89.9	93.0	99.6	695
PX207263.1	MT832175_Septoglomus_constrictum	89.1	92.7	99.4	696
PX207263.1	FN547496_Funneliformis_caledonius	88.6	99.9	99.6	745
PX207263.1	FM876794_Funneliformis_coronatus	87.8	99.9	99.6	745
PX207263.1	MT832180_Funneliformis_spe	87.6	93.0	99.4	696
PX207263.1	MT832182_Funneliformis_mosseae	87.6	92.9	99.6	695
PX207263.1	MT832181_Funneliformis_mosseae	87.5	92.9	99.7	694
PX207263.1	AY639162_Funneliformis_mosseae	86.4	99.7	99.6	745
PX207263.1	MK348930.1_Funneliglomus_sanmartinese	86.3	96.9	90.7	730
PX207263.1	FR750203_Glomus_spe	85.6	98.5	99.7	744
PX207263.1	FM992391_Rhizophagus_proliferus	83.8	99.2	99.9	743
PX207263.1	FR750526_Glomus_macrocarpum	83.6	98.5	99.7	744
PX207264.1	FJ461853.1_Septoglomus_viscosum	97.0	93.0	99.9	693
PX207264.1	MT832179_Septoglomus_viscosum	96.5	93.3	100.0	692
PX207264.1	MT832178_Septoglomus_deserticola	90.1	92.2	99.3	697
PX207264.1	MT832177_Septoglomus_deserticola	90.0	92.2	99.3	697
PX207264.1	MT832176_Septoglomus_constrictum	89.9	93.0	99.6	695
PX207264.1	MT832175_Septoglomus_constrictum	89.1	92.7	99.4	696
PX207264.1	FN547496_Funneliformis_caledonius	88.6	99.9	99.6	745
PX207264.1	FM876794_Funneliformis_coronatus	87.8	99.9	99.6	745
PX207264.1	MT832180_Funneliformis_spe	87.6	93.0	99.4	696
PX207264.1	MT832182_Funneliformis_mosseae	87.6	92.9	99.6	695
PX207264.1	MT832181_Funneliformis_mosseae	87.5	92.9	99.7	694
PX207264.1	AY639162_Funneliformis_mosseae	86.4	99.7	99.6	745
PX207264.1	MK348930.1_Funneliglomus_sanmartinese	86.3	96.9	90.7	730
PX207264.1	FR750203_Glomus_spe	85.6	98.5	99.7	744
PX207264.1	FM992391_Rhizophagus_proliferus	83.8	99.2	99.9	743
PX207264.1	FR750526_Glomus_macrocarpum	83.6	98.5	99.7	744
PX207266.1	FJ461853.1_Septoglomus_viscosum	97.1	92.9	99.9	694
PX207266.1	MT832179_Septoglomus_viscosum	96.8	93.1	100.0	693
PX207266.1	MT832176_Septoglomus_constrictum	89.7	92.9	99.6	696
PX207266.1	MT832178_Septoglomus_deserticola	89.1	92.1	99.3	698
PX207266.1	MT832177_Septoglomus_deserticola	88.7	92.1	99.3	698
PX207266.1	MT832175_Septoglomus_constrictum	88.4	92.6	99.4	697
PX207266.1	FN547496_Funneliformis_caledonius	87.9	99.7	99.6	746
PX207266.1	FM876794_Funneliformis_coronatus	87.1	99.7	99.6	746
PX207266.1	MT832180_Funneliformis_spe	86.8	93.0	99.6	696
PX207266.1	MT832182_Funneliformis_mosseae	86.8	92.7	99.6	696
PX207266.1	MT832181_Funneliformis_mosseae	86.6	92.7	99.7	695
PX207266.1	AY639162_Funneliformis_mosseae	85.7	99.6	99.6	746
PX207266.1	FR750203_Glomus_spe	85.2	98.4	99.7	745
PX207266.1	FR750526_Glomus_macrocarpum	83.6	98.4	99.7	745
PX207266.1	FM992391_Rhizophagus_proliferus	83.6	99.1	99.9	744
PX207266.1	FR750539_Glomus_macrocarpum	82.8	98.4	99.9	744
PX207250.1	MT832181_Funneliformis_mosseae	99.0	92.9	100.0	694
PX207250.1	MT832182_Funneliformis_mosseae	98.4	93.0	100.0	694
PX207250.1	FN547496_Funneliformis_caledonius	96.5	100.0	100.0	744
PX207250.1	AY639162_Funneliformis_mosseae	96.4	99.7	99.9	745
PX207250.1	FM876794_Funneliformis_coronatus	96.1	99.9	99.9	745
PX207250.1	MT832180_Funneliformis_spe	95.0	93.0	99.7	696
PX207250.1	AY639270_Funneliformis_mosseae	89.7	99.6	99.6	747
PX207250.1	MT832179_Septoglomus_viscosum	87.9	92.9	99.9	695
PX207250.1	MT832176_Septoglomus_constrictum	87.1	92.9	99.7	696
PX207250.1	MK348935.1_Funneliglomus_sanmartinese	86.8	97.0	91.2	728
PX207250.1	MT832178_Septoglomus_deserticola	86.5	92.2	99.6	697
PX207250.1	MT832177_Septoglomus_deserticola	85.5	92.2	99.6	697
PX207250.1	KJ564166.1_Dominikia_indica	85.3	96.5	91.1	729
PX207250.1	FR750203_Glomus_spe	85.1	98.4	99.9	745
PX207250.1	FR750526_Glomus_macrocarpum	84.2	98.4	99.9	745
PX207250.1	FR750539_Glomus_macrocarpum	82.8	98.3	99.9	745
PX207267.1	FJ461853.1_Septoglomus_viscosum	97.1	92.9	99.9	694
PX207267.1	MT832179_Septoglomus_viscosum	96.8	93.1	100.0	693
PX207267.1	MT832176_Septoglomus_constrictum	89.7	92.9	99.6	696
PX207267.1	MT832178_Septoglomus_deserticola	89.1	92.1	99.3	698
PX207267.1	MT832177_Septoglomus_deserticola	88.7	92.1	99.3	698
PX207267.1	MT832175_Septoglomus_constrictum	88.4	92.6	99.4	697
PX207267.1	FN547496_Funneliformis_caledonius	87.9	99.7	99.6	746
PX207267.1	FM876794_Funneliformis_coronatus	87.1	99.7	99.6	746
PX207267.1	MT832180_Funneliformis_spe	86.8	93.0	99.6	696
PX207267.1	MT832182_Funneliformis_mosseae	86.8	92.7	99.6	696
PX207267.1	MT832181_Funneliformis_mosseae	86.6	92.7	99.7	695
PX207267.1	AY639162_Funneliformis_mosseae	85.7	99.6	99.6	746
PX207267.1	FR750203_Glomus_spe	85.2	98.4	99.7	745
PX207267.1	FR750526_Glomus_macrocarpum	83.6	98.4	99.7	745
PX207267.1	FM992391_Rhizophagus_proliferus	83.6	99.1	99.9	744
PX207267.1	FR750539_Glomus_macrocarpum	82.8	98.4	99.9	744
PX207272.1	FJ461853.1_Septoglomus_viscosum	97.4	93.0	99.9	693
PX207272.1	MT832179_Septoglomus_viscosum	97.3	93.3	100.0	692
PX207272.1	MT832178_Septoglomus_deserticola	90.7	92.2	99.3	697
PX207272.1	MT832177_Septoglomus_deserticola	90.1	92.2	99.3	697
PX207272.1	MT832176_Septoglomus_constrictum	89.8	93.0	99.6	695
PX207272.1	MT832175_Septoglomus_constrictum	89.1	92.7	99.4	696
PX207272.1	FN547496_Funneliformis_caledonius	88.5	99.9	99.6	745
PX207272.1	MT832182_Funneliformis_mosseae	88.1	92.9	99.6	695
PX207272.1	MT832180_Funneliformis_spe	87.8	93.0	99.4	696
PX207272.1	MT832181_Funneliformis_mosseae	87.8	92.9	99.7	694
PX207272.1	FM876794_Funneliformis_coronatus	87.7	99.9	99.6	745
PX207272.1	AY639162_Funneliformis_mosseae	86.4	99.7	99.6	745
PX207272.1	MK348930.1_Funneliglomus_sanmartinese	86.3	96.9	90.7	730
PX207272.1	FR750203_Glomus_spe	85.9	98.5	99.7	744
PX207272.1	FM992391_Rhizophagus_proliferus	84.5	99.2	99.9	743
PX207272.1	FR750526_Glomus_macrocarpum	83.9	98.5	99.7	744
PX207273.1	FJ461853.1_Septoglomus_viscosum	97.4	93.0	99.9	693
PX207273.1	MT832179_Septoglomus_viscosum	97.3	93.3	100.0	692
PX207273.1	MT832178_Septoglomus_deserticola	90.7	92.2	99.3	697
PX207273.1	MT832177_Septoglomus_deserticola	90.1	92.2	99.3	697
PX207273.1	MT832176_Septoglomus_constrictum	89.8	93.0	99.6	695
PX207273.1	MT832175_Septoglomus_constrictum	89.1	92.7	99.4	696
PX207273.1	FN547496_Funneliformis_caledonius	88.5	99.9	99.6	745
PX207273.1	MT832182_Funneliformis_mosseae	88.1	92.9	99.6	695
PX207273.1	MT832180_Funneliformis_spe	87.8	93.0	99.4	696
PX207273.1	MT832181_Funneliformis_mosseae	87.8	92.9	99.7	694
PX207273.1	FM876794_Funneliformis_coronatus	87.7	99.9	99.6	745
PX207273.1	AY639162_Funneliformis_mosseae	86.4	99.7	99.6	745
PX207273.1	MK348930.1_Funneliglomus_sanmartinese	86.3	96.9	90.7	730
PX207273.1	FR750203_Glomus_spe	85.9	98.5	99.7	744
PX207273.1	FM992391_Rhizophagus_proliferus	84.5	99.2	99.9	743
PX207273.1	FR750526_Glomus_macrocarpum	83.9	98.5	99.7	744
PX207265.1	FJ461853.1_Septoglomus_viscosum	97.1	92.9	99.9	694
PX207265.1	MT832179_Septoglomus_viscosum	96.8	93.1	100.0	693
PX207265.1	MT832176_Septoglomus_constrictum	89.7	92.9	99.6	696
PX207265.1	MT832178_Septoglomus_deserticola	89.1	92.1	99.3	698
PX207265.1	MT832177_Septoglomus_deserticola	88.7	92.1	99.3	698
PX207265.1	MT832175_Septoglomus_constrictum	88.4	92.6	99.4	697
PX207265.1	FN547496_Funneliformis_caledonius	87.9	99.7	99.6	746
PX207265.1	FM876794_Funneliformis_coronatus	87.1	99.7	99.6	746
PX207265.1	MT832180_Funneliformis_spe	86.8	93.0	99.6	696
PX207265.1	MT832182_Funneliformis_mosseae	86.8	92.7	99.6	696
PX207265.1	MT832181_Funneliformis_mosseae	86.6	92.7	99.7	695
PX207265.1	AY639162_Funneliformis_mosseae	85.7	99.6	99.6	746
PX207265.1	FR750203_Glomus_spe	85.2	98.4	99.7	745
PX207265.1	FR750526_Glomus_macrocarpum	83.6	98.4	99.7	745
PX207265.1	FM992391_Rhizophagus_proliferus	83.6	99.1	99.9	744
PX207265.1	FR750539_Glomus_macrocarpum	82.8	98.4	99.9	744
PX207274.1	FJ461853.1_Septoglomus_viscosum	97.4	93.0	99.9	693
PX207274.1	MT832179_Septoglomus_viscosum	97.3	93.3	100.0	692
PX207274.1	MT832178_Septoglomus_deserticola	90.7	92.2	99.3	697
PX207274.1	MT832177_Septoglomus_deserticola	90.1	92.2	99.3	697
PX207274.1	MT832176_Septoglomus_constrictum	89.8	93.0	99.6	695
PX207274.1	MT832175_Septoglomus_constrictum	89.1	92.7	99.4	696
PX207274.1	FN547496_Funneliformis_caledonius	88.5	99.9	99.6	745
PX207274.1	MT832182_Funneliformis_mosseae	88.1	92.9	99.6	695
PX207274.1	MT832180_Funneliformis_spe	87.8	93.0	99.4	696
PX207274.1	MT832181_Funneliformis_mosseae	87.8	92.9	99.7	694
PX207274.1	FM876794_Funneliformis_coronatus	87.7	99.9	99.6	745
PX207274.1	AY639162_Funneliformis_mosseae	86.4	99.7	99.6	745
PX207274.1	MK348930.1_Funneliglomus_sanmartinese	86.3	96.9	90.7	730
PX207274.1	FR750203_Glomus_spe	85.9	98.5	99.7	744
PX207274.1	FM992391_Rhizophagus_proliferus	84.5	99.2	99.9	743
PX207274.1	FR750526_Glomus_macrocarpum	83.9	98.5	99.7	744
PX207269.1	FJ461853.1_Septoglomus_viscosum	97.4	93.0	99.9	693
PX207269.1	MT832179_Septoglomus_viscosum	97.3	93.3	100.0	692
PX207269.1	MT832178_Septoglomus_deserticola	90.7	92.2	99.3	697
PX207269.1	MT832177_Septoglomus_deserticola	90.1	92.2	99.3	697
PX207269.1	MT832176_Septoglomus_constrictum	89.8	93.0	99.6	695
PX207269.1	MT832175_Septoglomus_constrictum	89.1	92.7	99.4	696
PX207269.1	FN547496_Funneliformis_caledonius	88.5	99.9	99.6	745
PX207269.1	MT832182_Funneliformis_mosseae	88.1	92.9	99.6	695
PX207269.1	MT832180_Funneliformis_spe	87.8	93.0	99.4	696
PX207269.1	MT832181_Funneliformis_mosseae	87.8	92.9	99.7	694
PX207269.1	FM876794_Funneliformis_coronatus	87.7	99.9	99.6	745
PX207269.1	AY639162_Funneliformis_mosseae	86.4	99.7	99.6	745
PX207269.1	MK348930.1_Funneliglomus_sanmartinese	86.3	96.9	90.7	730
PX207269.1	FR750203_Glomus_spe	85.9	98.5	99.7	744
PX207269.1	FM992391_Rhizophagus_proliferus	84.5	99.2	99.9	743
PX207269.1	FR750526_Glomus_macrocarpum	83.9	98.5	99.7	744
PX207270.1	FJ461853.1_Septoglomus_viscosum	97.4	93.0	99.9	693
PX207270.1	MT832179_Septoglomus_viscosum	97.3	93.3	100.0	692
PX207270.1	MT832178_Septoglomus_deserticola	90.7	92.2	99.3	697
PX207270.1	MT832177_Septoglomus_deserticola	90.1	92.2	99.3	697
PX207270.1	MT832176_Septoglomus_constrictum	89.8	93.0	99.6	695
PX207270.1	MT832175_Septoglomus_constrictum	89.1	92.7	99.4	696
PX207270.1	FN547496_Funneliformis_caledonius	88.5	99.9	99.6	745
PX207270.1	MT832182_Funneliformis_mosseae	88.1	92.9	99.6	695
PX207270.1	MT832180_Funneliformis_spe	87.8	93.0	99.4	696
PX207270.1	MT832181_Funneliformis_mosseae	87.8	92.9	99.7	694
PX207270.1	FM876794_Funneliformis_coronatus	87.7	99.9	99.6	745
PX207270.1	AY639162_Funneliformis_mosseae	86.4	99.7	99.6	745
PX207270.1	MK348930.1_Funneliglomus_sanmartinese	86.3	96.9	90.7	730
PX207270.1	FR750203_Glomus_spe	85.9	98.5	99.7	744
PX207270.1	FM992391_Rhizophagus_proliferus	84.5	99.2	99.9	743
PX207270.1	FR750526_Glomus_macrocarpum	83.9	98.5	99.7	744
PX214443.1	FN547496_Funneliformis_caledonius	99.3	100.0	100.0	744
PX214443.1	MT832180_Funneliformis_spe	97.1	93.0	99.7	696
PX214443.1	FM876794_Funneliformis_coronatus	96.6	99.9	99.9	745
PX214443.1	MT832182_Funneliformis_mosseae	96.3	93.0	100.0	694
PX214443.1	MT832181_Funneliformis_mosseae	96.0	92.9	100.0	694
PX214443.1	AY639162_Funneliformis_mosseae	94.2	99.7	99.9	745
PX214443.1	AY639270_Funneliformis_mosseae	89.6	99.6	99.6	747
PX214443.1	MK348935.1_Funneliglomus_sanmartinese	88.2	96.9	91.0	729
PX214443.1	MT832179_Septoglomus_viscosum	87.9	92.9	99.9	695
PX214443.1	MT832175_Septoglomus_constrictum	87.5	92.7	99.7	696
PX214443.1	MT832176_Septoglomus_constrictum	87.2	92.9	99.7	696
PX214443.1	MT832178_Septoglomus_deserticola	86.9	92.2	99.6	697
PX214443.1	MT832177_Septoglomus_deserticola	85.9	92.2	99.6	697
PX214443.1	FR750203_Glomus_spe	85.1	98.1	99.6	747
PX214443.1	FR750526_Glomus_macrocarpum	85.1	98.4	99.9	745
PX214443.1	FR750539_Glomus_macrocarpum	84.2	98.3	99.9	745
PX214444.1	FN547496_Funneliformis_caledonius	99.3	100.0	100.0	744
PX214444.1	MT832180_Funneliformis_spe	97.1	93.0	99.7	696
PX214444.1	FM876794_Funneliformis_coronatus	96.6	99.9	99.9	745
PX214444.1	MT832182_Funneliformis_mosseae	96.4	93.0	100.0	694
PX214444.1	MT832181_Funneliformis_mosseae	96.1	92.9	100.0	694
PX214444.1	AY639162_Funneliformis_mosseae	94.4	99.7	99.9	745
PX214444.1	AY639270_Funneliformis_mosseae	89.4	99.6	99.6	747
PX214444.1	MK348935.1_Funneliglomus_sanmartinese	87.9	96.9	91.0	729
PX214444.1	MT832179_Septoglomus_viscosum	87.8	92.9	99.9	695
PX214444.1	MT832175_Septoglomus_constrictum	87.5	92.7	99.7	696
PX214444.1	MT832176_Septoglomus_constrictum	87.4	92.9	99.7	696
PX214444.1	MT832178_Septoglomus_deserticola	86.9	92.2	99.6	697
PX214444.1	MT832177_Septoglomus_deserticola	85.9	92.2	99.6	697
PX214444.1	FR750526_Glomus_macrocarpum	85.1	98.4	99.9	745
PX214444.1	FR750203_Glomus_spe	84.9	98.1	99.6	747
PX214444.1	FR750539_Glomus_macrocarpum	84.2	98.3	99.9	745
PX207271.1	FJ461853.1_Septoglomus_viscosum	97.4	93.0	99.9	693
PX207271.1	MT832179_Septoglomus_viscosum	97.3	93.3	100.0	692
PX207271.1	MT832178_Septoglomus_deserticola	90.7	92.2	99.3	697
PX207271.1	MT832177_Septoglomus_deserticola	90.1	92.2	99.3	697
PX207271.1	MT832176_Septoglomus_constrictum	89.8	93.0	99.6	695
PX207271.1	MT832175_Septoglomus_constrictum	89.1	92.7	99.4	696
PX207271.1	FN547496_Funneliformis_caledonius	88.5	99.9	99.6	745
PX207271.1	MT832182_Funneliformis_mosseae	88.1	92.9	99.6	695
PX207271.1	MT832180_Funneliformis_spe	87.8	93.0	99.4	696
PX207271.1	MT832181_Funneliformis_mosseae	87.8	92.9	99.7	694
PX207271.1	FM876794_Funneliformis_coronatus	87.7	99.9	99.6	745
PX207271.1	AY639162_Funneliformis_mosseae	86.4	99.7	99.6	745
PX207271.1	MK348930.1_Funneliglomus_sanmartinese	86.3	96.9	90.7	730
PX207271.1	FR750203_Glomus_spe	85.9	98.5	99.7	744
PX207271.1	FM992391_Rhizophagus_proliferus	84.5	99.2	99.9	743
PX207271.1	FR750526_Glomus_macrocarpum	83.9	98.5	99.7	744
PX214441.1	FN547496_Funneliformis_caledonius	99.7	99.7	100.0	746
PX214441.1	MT832180_Funneliformis_spe	97.3	92.8	99.7	698
PX214441.1	FM876794_Funneliformis_coronatus	96.7	99.6	99.9	747
PX214441.1	MT832182_Funneliformis_mosseae	96.0	92.8	100.0	696
PX214441.1	MT832181_Funneliformis_mosseae	95.8	92.6	100.0	696
PX214441.1	AY639162_Funneliformis_mosseae	93.8	99.5	99.9	747
PX214441.1	AY639270_Funneliformis_mosseae	88.9	99.3	99.6	749
PX214441.1	MK348935.1_Funneliglomus_sanmartinese	87.8	96.6	91.0	731
PX214441.1	MT832179_Septoglomus_viscosum	87.6	92.8	100.0	696
PX214441.1	MT832176_Septoglomus_constrictum	87.4	92.8	99.9	697
PX214441.1	MT832178_Septoglomus_deserticola	86.8	92.0	99.6	699
PX214441.1	MT832177_Septoglomus_deserticola	85.8	92.0	99.6	699
PX214441.1	KJ564166.1_Dominikia_indica	85.8	96.4	91.2	730
PX214441.1	FR750203_Glomus_spe	85.2	98.0	99.7	748
PX214441.1	FR750526_Glomus_macrocarpum	84.9	98.1	99.9	747
PX214441.1	FR750539_Glomus_macrocarpum	83.9	98.0	99.9	747
PX214445.1	FN547496_Funneliformis_caledonius	99.3	100.0	100.0	744
PX214445.1	MT832180_Funneliformis_spe	97.1	93.0	99.7	696
PX214445.1	FM876794_Funneliformis_coronatus	96.6	99.9	99.9	745
PX214445.1	MT832182_Funneliformis_mosseae	96.3	93.0	100.0	694
PX214445.1	MT832181_Funneliformis_mosseae	96.0	92.9	100.0	694
PX214445.1	AY639162_Funneliformis_mosseae	94.2	99.7	99.9	745
PX214445.1	AY639270_Funneliformis_mosseae	89.6	99.6	99.6	747
PX214445.1	MK348935.1_Funneliglomus_sanmartinese	88.2	96.9	91.0	729
PX214445.1	MT832179_Septoglomus_viscosum	87.9	92.9	99.9	695
PX214445.1	MT832175_Septoglomus_constrictum	87.5	92.7	99.7	696
PX214445.1	MT832176_Septoglomus_constrictum	87.2	92.9	99.7	696
PX214445.1	MT832178_Septoglomus_deserticola	86.9	92.2	99.6	697
PX214445.1	MT832177_Septoglomus_deserticola	85.9	92.2	99.6	697
PX214445.1	FR750203_Glomus_spe	85.1	98.1	99.6	747
PX214445.1	FR750526_Glomus_macrocarpum	85.1	98.4	99.9	745
PX214445.1	FR750539_Glomus_macrocarpum	84.2	98.3	99.9	745
PX207268.1	FJ461853.1_Septoglomus_viscosum	97.4	93.0	99.9	693
PX207268.1	MT832179_Septoglomus_viscosum	97.3	93.3	100.0	692
PX207268.1	MT832178_Septoglomus_deserticola	90.7	92.2	99.3	697
PX207268.1	MT832177_Septoglomus_deserticola	90.1	92.2	99.3	697
PX207268.1	MT832176_Septoglomus_constrictum	89.8	93.0	99.6	695
PX207268.1	MT832175_Septoglomus_constrictum	89.1	92.7	99.4	696
PX207268.1	FN547496_Funneliformis_caledonius	88.5	99.9	99.6	745
PX207268.1	MT832182_Funneliformis_mosseae	88.1	92.9	99.6	695
PX207268.1	MT832180_Funneliformis_spe	87.8	93.0	99.4	696
PX207268.1	MT832181_Funneliformis_mosseae	87.8	92.9	99.7	694
PX207268.1	FM876794_Funneliformis_coronatus	87.7	99.9	99.6	745
PX207268.1	AY639162_Funneliformis_mosseae	86.4	99.7	99.6	745
PX207268.1	MK348930.1_Funneliglomus_sanmartinese	86.3	96.9	90.7	730
PX207268.1	FR750203_Glomus_spe	85.9	98.5	99.7	744
PX207268.1	FM992391_Rhizophagus_proliferus	84.5	99.2	99.9	743
PX207268.1	FR750526_Glomus_macrocarpum	83.9	98.5	99.7	744
PX214440.1	FN547496_Funneliformis_caledonius	100.0	100.0	100.0	744
PX214440.1	MT832180_Funneliformis_spe	97.6	93.0	99.7	696
PX214440.1	FM876794_Funneliformis_coronatus	96.9	99.9	99.9	745
PX214440.1	MT832182_Funneliformis_mosseae	96.3	93.0	100.0	694
PX214440.1	MT832181_Funneliformis_mosseae	96.1	92.9	100.0	694
PX214440.1	AY639162_Funneliformis_mosseae	94.4	99.7	99.9	745
PX214440.1	AY639270_Funneliformis_mosseae	89.4	99.6	99.6	747
PX214440.1	MK348935.1_Funneliglomus_sanmartinese	88.5	96.9	91.0	729
PX214440.1	MT832179_Septoglomus_viscosum	87.8	92.9	99.9	695
PX214440.1	MT832175_Septoglomus_constrictum	87.6	92.7	99.7	696
PX214440.1	MT832176_Septoglomus_constrictum	87.4	92.9	99.7	696
PX214440.1	MT832178_Septoglomus_deserticola	86.8	92.2	99.6	697
PX214440.1	MT832177_Septoglomus_deserticola	85.8	92.2	99.6	697
PX214440.1	FR750203_Glomus_spe	85.4	98.3	99.7	746
PX214440.1	FR750526_Glomus_macrocarpum	85.2	98.4	99.9	745
PX214440.1	FR750539_Glomus_macrocarpum	84.3	98.3	99.9	745
PX214442.1	FN547496_Funneliformis_caledonius	99.3	99.7	100.0	746
PX214442.1	MT832180_Funneliformis_spe	97.1	92.8	99.7	698
PX214442.1	FM876794_Funneliformis_coronatus	96.7	99.6	99.9	747
PX214442.1	MT832182_Funneliformis_mosseae	96.3	92.8	100.0	696
PX214442.1	MT832181_Funneliformis_mosseae	96.0	92.6	100.0	696
PX214442.1	AY639162_Funneliformis_mosseae	94.2	99.5	99.9	747
PX214442.1	AY639270_Funneliformis_mosseae	89.3	99.3	99.6	749
PX214442.1	MK348935.1_Funneliglomus_sanmartinese	87.7	96.6	91.0	731
PX214442.1	MT832179_Septoglomus_viscosum	87.6	92.8	100.0	696
PX214442.1	MT832175_Septoglomus_constrictum	87.4	92.5	99.7	698
PX214442.1	MT832176_Septoglomus_constrictum	87.2	92.8	99.9	697
PX214442.1	MT832178_Septoglomus_deserticola	86.4	92.2	99.9	697
PX214442.1	MT832177_Septoglomus_deserticola	85.7	92.0	99.6	699
PX214442.1	FR750203_Glomus_spe	85.5	98.3	100.0	746
PX214442.1	FR750526_Glomus_macrocarpum	85.1	98.1	99.9	747
PX214442.1	FR750539_Glomus_macrocarpum	83.8	98.0	99.9	747
PX214448.1	FN547496_Funneliformis_caledonius	99.3	99.7	100.0	746
PX214448.1	MT832180_Funneliformis_spe	97.1	92.8	99.7	698
PX214448.1	FM876794_Funneliformis_coronatus	96.7	99.6	99.9	747
PX214448.1	MT832182_Funneliformis_mosseae	96.3	92.8	100.0	696
PX214448.1	MT832181_Funneliformis_mosseae	96.0	92.6	100.0	696
PX214448.1	AY639162_Funneliformis_mosseae	94.2	99.5	99.9	747
PX214448.1	AY639270_Funneliformis_mosseae	89.3	99.3	99.6	749
PX214448.1	MK348935.1_Funneliglomus_sanmartinese	87.7	96.6	91.0	731
PX214448.1	MT832179_Septoglomus_viscosum	87.6	92.8	100.0	696
PX214448.1	MT832175_Septoglomus_constrictum	87.4	92.5	99.7	698
PX214448.1	MT832176_Septoglomus_constrictum	87.2	92.8	99.9	697
PX214448.1	MT832178_Septoglomus_deserticola	86.4	92.2	99.9	697
PX214448.1	MT832177_Septoglomus_deserticola	85.7	92.0	99.6	699
PX214448.1	FR750203_Glomus_spe	85.5	98.3	100.0	746
PX214448.1	FR750526_Glomus_macrocarpum	85.1	98.1	99.9	747
PX214448.1	FR750539_Glomus_macrocarpum	83.8	98.0	99.9	747
PX214447.1	FN547496_Funneliformis_caledonius	99.2	99.7	100.0	746
PX214447.1	MT832180_Funneliformis_spe	96.7	92.8	99.7	698
PX214447.1	FM876794_Funneliformis_coronatus	96.3	99.6	99.9	747
PX214447.1	MT832182_Funneliformis_mosseae	95.8	92.8	100.0	696
PX214447.1	MT832181_Funneliformis_mosseae	95.5	92.6	100.0	696
PX214447.1	AY639162_Funneliformis_mosseae	93.6	99.6	100.0	746
PX214447.1	AY639270_Funneliformis_mosseae	88.9	99.3	99.6	749
PX214447.1	MK348935.1_Funneliglomus_sanmartinese	88.1	96.6	91.0	731
PX214447.1	MT832179_Septoglomus_viscosum	87.5	92.6	99.9	697
PX214447.1	MT832175_Septoglomus_constrictum	87.4	92.5	99.7	698
PX214447.1	MT832176_Septoglomus_constrictum	87.1	92.6	99.7	698
PX214447.1	MT832178_Septoglomus_deserticola	86.3	92.0	99.6	699
PX214447.1	FR750526_Glomus_macrocarpum	85.1	98.1	99.9	747
PX214447.1	KJ564166.1_Dominikia_indica	84.8	96.2	91.1	731
PX214447.1	FR750203_Glomus_spe	84.6	97.9	99.6	749
PX214447.1	FR750539_Glomus_macrocarpum	84.2	98.0	99.9	747
PX214451.1	MT832180_Funneliformis_spe	98.7	93.0	100.0	696
PX214451.1	FN547496_Funneliformis_caledonius	97.9	99.7	100.0	746
PX214451.1	FM876794_Funneliformis_coronatus	96.1	99.6	99.9	747
PX214451.1	MT832181_Funneliformis_mosseae	95.4	92.6	100.0	696
PX214451.1	MT832182_Funneliformis_mosseae	95.1	92.8	100.0	696
PX214451.1	AY639162_Funneliformis_mosseae	93.4	99.5	99.9	747
PX214451.1	AY639270_Funneliformis_mosseae	88.9	99.5	99.7	748
PX214451.1	MT832179_Septoglomus_viscosum	87.8	92.8	100.0	696
PX214451.1	MT832175_Septoglomus_constrictum	87.4	92.5	99.7	698
PX214451.1	MK348935.1_Funneliglomus_sanmartinese	87.3	96.6	91.0	731
PX214451.1	MT832178_Septoglomus_deserticola	87.0	92.0	99.6	699
PX214451.1	MT832176_Septoglomus_constrictum	86.8	92.8	99.9	697
PX214451.1	MT832177_Septoglomus_deserticola	85.8	92.0	99.6	699
PX214451.1	FR750203_Glomus_spe	85.1	98.1	99.9	747
PX214451.1	FR750526_Glomus_macrocarpum	84.3	98.1	99.9	747
PX214451.1	FR750539_Glomus_macrocarpum	83.0	98.0	99.9	747
PX214449.1	MT832180_Funneliformis_spe	98.6	93.0	100.0	696
PX214449.1	FN547496_Funneliformis_caledonius	98.0	99.7	100.0	746
PX214449.1	FM876794_Funneliformis_coronatus	96.3	99.6	99.9	747
PX214449.1	MT832181_Funneliformis_mosseae	95.5	92.6	100.0	696
PX214449.1	MT832182_Funneliformis_mosseae	95.3	92.8	100.0	696
PX214449.1	AY639162_Funneliformis_mosseae	93.6	99.5	99.9	747
PX214449.1	AY639270_Funneliformis_mosseae	89.0	99.5	99.7	748
PX214449.1	MT832179_Septoglomus_viscosum	87.6	92.8	100.0	696
PX214449.1	MT832175_Septoglomus_constrictum	87.4	92.5	99.7	698
PX214449.1	MK348935.1_Funneliglomus_sanmartinese	87.3	96.6	91.0	731
PX214449.1	MT832178_Septoglomus_deserticola	86.8	92.0	99.6	699
PX214449.1	MT832176_Septoglomus_constrictum	86.8	92.8	99.9	697
PX214449.1	MT832177_Septoglomus_deserticola	85.7	92.0	99.6	699
PX214449.1	FR750203_Glomus_spe	85.1	98.1	99.9	747
PX214449.1	FR750526_Glomus_macrocarpum	84.5	98.1	99.9	747
PX214449.1	FR750539_Glomus_macrocarpum	83.1	98.0	99.9	747
PX214446.1	FN547496_Funneliformis_caledonius	99.6	100.0	100.0	744
PX214446.1	MT832180_Funneliformis_spe	97.4	93.0	99.7	696
PX214446.1	FM876794_Funneliformis_coronatus	96.9	99.9	99.9	745
PX214446.1	MT832182_Funneliformis_mosseae	96.5	93.0	100.0	694
PX214446.1	MT832181_Funneliformis_mosseae	96.3	92.9	100.0	694
PX214446.1	AY639162_Funneliformis_mosseae	94.5	99.7	99.9	745
PX214446.1	AY639270_Funneliformis_mosseae	89.6	99.6	99.6	747
PX214446.1	MK348935.1_Funneliglomus_sanmartinese	88.2	96.9	91.0	729
PX214446.1	MT832179_Septoglomus_viscosum	87.9	92.9	99.9	695
PX214446.1	MT832175_Septoglomus_constrictum	87.8	92.7	99.7	696
PX214446.1	MT832176_Septoglomus_constrictum	87.5	92.9	99.7	696
PX214446.1	MT832178_Septoglomus_deserticola	86.9	92.2	99.6	697
PX214446.1	MT832177_Septoglomus_deserticola	85.9	92.2	99.6	697
PX214446.1	FR750526_Glomus_macrocarpum	85.4	98.4	99.9	745
PX214446.1	FR750203_Glomus_spe	85.1	98.1	99.6	747
PX214446.1	FR750539_Glomus_macrocarpum	84.4	98.3	99.9	745
PX214454.1	MT832180_Funneliformis_spe	98.0	93.2	100.0	695
PX214454.1	FN547496_Funneliformis_caledonius	97.2	99.7	99.9	746
PX214454.1	FM876794_Funneliformis_coronatus	95.3	99.6	99.7	747
PX214454.1	MT832181_Funneliformis_mosseae	95.1	92.8	100.0	695
PX214454.1	MT832182_Funneliformis_mosseae	94.8	92.9	100.0	695
PX214454.1	AY639162_Funneliformis_mosseae	93.3	99.5	99.7	747
PX214454.1	AY639270_Funneliformis_mosseae	89.2	99.5	99.6	748
PX214454.1	MT832179_Septoglomus_viscosum	86.8	92.8	99.9	696
PX214454.1	MT832175_Septoglomus_constrictum	86.7	92.6	99.7	697
PX214454.1	MT832176_Septoglomus_constrictum	86.6	92.9	99.9	696
PX214454.1	FJ461853.1_Septoglomus_viscosum	86.5	92.6	99.9	696
PX214454.1	MT832178_Septoglomus_deserticola	86.1	91.9	99.4	699
PX214454.1	MT832177_Septoglomus_deserticola	85.0	91.9	99.4	699
PX214454.1	FR750526_Glomus_macrocarpum	84.2	98.1	99.7	747
PX214454.1	FR750203_Glomus_spe	84.2	98.3	99.9	746
PX214454.1	FR750539_Glomus_macrocarpum	83.3	98.0	99.7	747
PX214455.1	MT832180_Funneliformis_spe	98.4	93.2	100.0	695
PX214455.1	FN547496_Funneliformis_caledonius	97.2	99.7	99.9	746
PX214455.1	FM876794_Funneliformis_coronatus	95.4	99.6	99.7	747
PX214455.1	MT832181_Funneliformis_mosseae	95.3	92.8	100.0	695
PX214455.1	MT832182_Funneliformis_mosseae	95.0	92.9	100.0	695
PX214455.1	AY639162_Funneliformis_mosseae	93.4	99.5	99.7	747
PX214455.1	AY639270_Funneliformis_mosseae	89.0	99.5	99.6	748
PX214455.1	MT832179_Septoglomus_viscosum	86.9	92.8	99.9	696
PX214455.1	MT832175_Septoglomus_constrictum	86.8	92.6	99.7	697
PX214455.1	MT832176_Septoglomus_constrictum	86.8	92.9	99.9	696
PX214455.1	FJ461853.1_Septoglomus_viscosum	86.8	92.6	99.9	696
PX214455.1	MT832178_Septoglomus_deserticola	86.4	91.9	99.4	699
PX214455.1	MT832177_Septoglomus_deserticola	85.3	91.9	99.4	699
PX214455.1	FR750526_Glomus_macrocarpum	84.2	98.1	99.7	747
PX214455.1	FR750203_Glomus_spe	84.2	98.3	99.9	746
PX214455.1	FR750539_Glomus_macrocarpum	83.1	98.0	99.7	747
PX214458.1	FM876794_Funneliformis_coronatus	98.1	99.5	100.0	748
PX214458.1	FN547496_Funneliformis_caledonius	96.1	99.3	99.9	749
PX214458.1	MT832181_Funneliformis_mosseae	95.3	92.4	100.0	698
PX214458.1	MT832182_Funneliformis_mosseae	95.0	92.5	100.0	698
PX214458.1	MT832180_Funneliformis_spe	94.3	92.6	99.9	699
PX214458.1	AY639162_Funneliformis_mosseae	93.7	99.2	99.9	749
PX214458.1	AY639270_Funneliformis_mosseae	88.5	99.2	99.7	750
PX214458.1	MT832179_Septoglomus_viscosum	86.8	92.5	100.0	698
PX214458.1	MK348935.1_Funneliglomus_sanmartinese	86.8	96.4	91.0	733
PX214458.1	MT832175_Septoglomus_constrictum	86.2	92.1	99.6	701
PX214458.1	MT832178_Septoglomus_deserticola	85.6	91.6	99.4	702
PX214458.1	MT832176_Septoglomus_constrictum	85.1	92.5	99.9	699
PX214458.1	FR750203_Glomus_spe	84.6	97.9	99.9	749
PX214458.1	MT832177_Septoglomus_deserticola	84.3	91.7	99.6	701
PX214458.1	FR750526_Glomus_macrocarpum	84.1	97.9	99.9	749
PX214458.1	FR750539_Glomus_macrocarpum	83.5	97.6	99.7	750
PX214452.1	MT832180_Funneliformis_spe	98.7	93.0	100.0	696
PX214452.1	FN547496_Funneliformis_caledonius	97.9	99.7	100.0	746
PX214452.1	FM876794_Funneliformis_coronatus	96.1	99.6	99.9	747
PX214452.1	MT832181_Funneliformis_mosseae	95.4	92.6	100.0	696
PX214452.1	MT832182_Funneliformis_mosseae	95.1	92.8	100.0	696
PX214452.1	AY639162_Funneliformis_mosseae	93.4	99.5	99.9	747
PX214452.1	AY639270_Funneliformis_mosseae	88.9	99.5	99.7	748
PX214452.1	MT832179_Septoglomus_viscosum	87.8	92.8	100.0	696
PX214452.1	MT832175_Septoglomus_constrictum	87.4	92.5	99.7	698
PX214452.1	MK348935.1_Funneliglomus_sanmartinese	87.3	96.6	91.0	731
PX214452.1	MT832178_Septoglomus_deserticola	87.0	92.0	99.6	699
PX214452.1	MT832176_Septoglomus_constrictum	86.8	92.8	99.9	697
PX214452.1	MT832177_Septoglomus_deserticola	85.8	92.0	99.6	699
PX214452.1	FR750203_Glomus_spe	85.1	98.1	99.9	747
PX214452.1	FR750526_Glomus_macrocarpum	84.3	98.1	99.9	747
PX214452.1	FR750539_Glomus_macrocarpum	83.0	98.0	99.9	747
PX214453.1	MT832180_Funneliformis_spe	98.7	92.9	100.0	697
PX214453.1	FN547496_Funneliformis_caledonius	97.9	99.6	100.0	747
PX214453.1	FM876794_Funneliformis_coronatus	96.3	99.5	99.9	748
PX214453.1	MT832181_Funneliformis_mosseae	95.1	92.5	100.0	697
PX214453.1	MT832182_Funneliformis_mosseae	95.1	92.6	100.0	697
PX214453.1	AY639162_Funneliformis_mosseae	93.4	99.3	99.9	748
PX214453.1	AY639270_Funneliformis_mosseae	89.1	99.3	99.7	749
PX214453.1	MT832175_Septoglomus_constrictum	87.7	92.5	99.9	698
PX214453.1	MT832179_Septoglomus_viscosum	87.5	92.6	100.0	697
PX214453.1	MK348935.1_Funneliglomus_sanmartinese	87.4	96.7	91.2	731
PX214453.1	MT832176_Septoglomus_constrictum	87.0	92.6	99.9	698
PX214453.1	MT832178_Septoglomus_deserticola	86.9	91.8	99.6	700
PX214453.1	MT832177_Septoglomus_deserticola	85.7	91.8	99.6	700
PX214453.1	FR750203_Glomus_spe	84.8	98.0	99.9	748
PX214453.1	FR750526_Glomus_macrocarpum	84.1	98.0	99.9	748
PX214453.1	FR750539_Glomus_macrocarpum	82.8	97.9	99.9	748
PX214462.1	FM876794_Funneliformis_coronatus	98.5	100.0	99.9	744
PX214462.1	FN547496_Funneliformis_caledonius	96.5	99.9	99.7	745
PX214462.1	MT832182_Funneliformis_mosseae	95.8	92.9	99.7	695
PX214462.1	MT832181_Funneliformis_mosseae	95.8	92.9	99.9	694
PX214462.1	MT832180_Funneliformis_spe	94.7	92.9	99.4	697
PX214462.1	AY639162_Funneliformis_mosseae	94.0	99.7	99.7	745
PX214462.1	AY639270_Funneliformis_mosseae	88.6	99.6	99.5	747
PX214462.1	MT832175_Septoglomus_constrictum	86.9	92.7	99.6	696
PX214462.1	MT832179_Septoglomus_viscosum	86.8	92.9	99.7	695
PX214462.1	MT832176_Septoglomus_constrictum	86.7	92.7	99.4	697
PX214462.1	MK348935.1_Funneliglomus_sanmartinese	86.5	97.0	91.0	728
PX214462.1	MT832178_Septoglomus_deserticola	86.2	92.1	99.3	698
PX214462.1	MK348930.1_Funneliglomus_sanmartinese	86.0	97.0	90.9	729
PX214462.1	FR750203_Glomus_spe	85.1	98.4	99.7	745
PX214462.1	FR750526_Glomus_macrocarpum	84.7	98.5	99.9	744
PX214462.1	FR750539_Glomus_macrocarpum	83.9	98.3	99.7	745
PX214457.1	FM876794_Funneliformis_coronatus	98.3	99.7	100.0	746
PX214457.1	FN547496_Funneliformis_caledonius	96.3	99.6	99.9	747
PX214457.1	MT832181_Funneliformis_mosseae	95.4	92.6	100.0	696
PX214457.1	MT832182_Funneliformis_mosseae	95.1	92.8	100.0	696
PX214457.1	MT832180_Funneliformis_spe	94.1	92.8	99.7	698
PX214457.1	AY639162_Funneliformis_mosseae	93.8	99.5	99.9	747
PX214457.1	AY639270_Funneliformis_mosseae	88.7	99.3	99.6	749
PX214457.1	MK348935.1_Funneliglomus_sanmartinese	87.1	96.6	91.0	731
PX214457.1	MT832179_Septoglomus_viscosum	86.9	92.8	100.0	696
PX214457.1	MT832175_Septoglomus_constrictum	86.3	92.4	99.6	699
PX214457.1	MT832178_Septoglomus_deserticola	85.9	91.8	99.4	700
PX214457.1	MT832176_Septoglomus_constrictum	85.2	92.8	99.9	697
PX214457.1	FR750203_Glomus_spe	84.7	98.1	99.9	747
PX214457.1	MT832177_Septoglomus_deserticola	84.5	92.0	99.6	699
PX214457.1	FR750526_Glomus_macrocarpum	84.2	98.1	99.9	747
PX214457.1	FR750539_Glomus_macrocarpum	83.6	97.9	99.7	748
PX214450.1	MT832180_Funneliformis_spe	98.4	93.0	100.0	696
PX214450.1	FN547496_Funneliformis_caledonius	97.6	99.7	100.0	746
PX214450.1	FM876794_Funneliformis_coronatus	96.0	99.6	99.9	747
PX214450.1	MT832181_Funneliformis_mosseae	95.1	92.6	100.0	696
PX214450.1	MT832182_Funneliformis_mosseae	94.8	92.8	100.0	696
PX214450.1	AY639162_Funneliformis_mosseae	93.2	99.5	99.9	747
PX214450.1	AY639270_Funneliformis_mosseae	88.8	99.5	99.7	748
PX214450.1	MT832179_Septoglomus_viscosum	87.5	92.8	100.0	696
PX214450.1	MT832175_Septoglomus_constrictum	87.1	92.5	99.7	698
PX214450.1	FJ461853.1_Septoglomus_viscosum	86.8	92.5	99.9	697
PX214450.1	MT832178_Septoglomus_deserticola	86.7	92.0	99.6	699
PX214450.1	MT832176_Septoglomus_constrictum	86.5	92.8	99.9	697
PX214450.1	MT832177_Septoglomus_deserticola	85.6	92.0	99.6	699
PX214450.1	FR750203_Glomus_spe	84.9	98.1	99.9	747
PX214450.1	FR750526_Glomus_macrocarpum	84.1	98.1	99.9	747
PX214450.1	FR750539_Glomus_macrocarpum	83.0	98.0	99.9	747
PX214456.1	MT832180_Funneliformis_spe	98.1	93.2	100.0	695
PX214456.1	FN547496_Funneliformis_caledonius	97.2	99.7	99.9	746
PX214456.1	FM876794_Funneliformis_coronatus	95.6	99.6	99.7	747
PX214456.1	MT832181_Funneliformis_mosseae	95.3	92.8	100.0	695
PX214456.1	MT832182_Funneliformis_mosseae	95.0	92.9	100.0	695
PX214456.1	AY639162_Funneliformis_mosseae	93.7	99.5	99.7	747
PX214456.1	AY639270_Funneliformis_mosseae	89.7	99.5	99.6	748
PX214456.1	MK348935.1_Funneliglomus_sanmartinese	87.6	96.6	90.9	731
PX214456.1	MT832175_Septoglomus_constrictum	87.1	92.6	99.7	697
PX214456.1	MT832176_Septoglomus_constrictum	87.1	92.9	99.9	696
PX214456.1	MT832179_Septoglomus_viscosum	86.8	92.8	99.9	696
PX214456.1	MT832178_Septoglomus_deserticola	86.0	91.9	99.4	699
PX214456.1	MT832177_Septoglomus_deserticola	84.8	91.9	99.4	699
PX214456.1	FR750203_Glomus_spe	84.3	98.3	99.9	746
PX214456.1	FR750526_Glomus_macrocarpum	83.8	98.1	99.7	747
PX214456.1	FR750539_Glomus_macrocarpum	82.9	98.0	99.7	747
PX214463.1	FM876794_Funneliformis_coronatus	98.5	99.9	100.0	745
PX214463.1	FN547496_Funneliformis_caledonius	96.5	99.7	99.9	746
PX214463.1	MT832182_Funneliformis_mosseae	95.8	92.8	99.9	696
PX214463.1	MT832181_Funneliformis_mosseae	95.8	92.8	100.0	695
PX214463.1	MT832180_Funneliformis_spe	94.1	92.9	99.7	697
PX214463.1	AY639162_Funneliformis_mosseae	94.0	99.6	99.9	746
PX214463.1	AY639270_Funneliformis_mosseae	88.6	99.5	99.6	748
PX214463.1	MK348935.1_Funneliglomus_sanmartinese	87.1	96.9	91.2	729
PX214463.1	MT832179_Septoglomus_viscosum	87.1	92.8	99.9	696
PX214463.1	MK348930.1_Funneliglomus_sanmartinese	86.4	96.9	91.0	730
PX214463.1	MT832178_Septoglomus_deserticola	86.3	91.9	99.4	699
PX214463.1	MT832176_Septoglomus_constrictum	86.2	92.8	99.7	697
PX214463.1	FR750203_Glomus_spe	84.9	98.3	99.9	746
PX214463.1	MT832177_Septoglomus_deserticola	84.8	92.1	99.6	698
PX214463.1	FR750526_Glomus_macrocarpum	84.6	98.3	99.9	746
PX214463.1	FR750539_Glomus_macrocarpum	83.8	98.0	99.7	747
PX214465.1	FM876794_Funneliformis_coronatus	98.7	100.0	100.0	744
PX214465.1	FN547496_Funneliformis_caledonius	96.6	99.9	99.9	745
PX214465.1	MT832182_Funneliformis_mosseae	96.0	92.9	99.9	695
PX214465.1	MT832181_Funneliformis_mosseae	96.0	92.9	100.0	694
PX214465.1	MT832180_Funneliformis_spe	94.8	92.9	99.6	697
PX214465.1	AY639162_Funneliformis_mosseae	94.1	99.7	99.9	745
PX214465.1	AY639270_Funneliformis_mosseae	88.8	99.6	99.6	747
PX214465.1	MT832179_Septoglomus_viscosum	87.2	92.9	99.9	695
PX214465.1	MK348935.1_Funneliglomus_sanmartinese	87.1	96.9	91.0	729
PX214465.1	MT832175_Septoglomus_constrictum	86.9	92.6	99.6	697
PX214465.1	MT832176_Septoglomus_constrictum	86.7	92.7	99.6	697
PX214465.1	MT832178_Septoglomus_deserticola	86.4	92.1	99.4	698
PX214465.1	MT832177_Septoglomus_deserticola	85.4	92.1	99.4	698
PX214465.1	FR750203_Glomus_spe	85.1	98.3	99.7	746
PX214465.1	FR750526_Glomus_macrocarpum	84.7	98.4	99.9	745
PX214465.1	FR750539_Glomus_macrocarpum	83.9	98.1	99.7	746
PX214468.1	FM876794_Funneliformis_coronatus	98.5	99.9	100.0	745
PX214468.1	FN547496_Funneliformis_caledonius	96.2	99.7	99.9	746
PX214468.1	MT832182_Funneliformis_mosseae	95.5	92.8	99.9	696
PX214468.1	MT832181_Funneliformis_mosseae	95.5	92.8	100.0	695
PX214468.1	MT832180_Funneliformis_spe	94.4	92.8	99.6	698
PX214468.1	AY639162_Funneliformis_mosseae	93.6	99.6	99.9	746
PX214468.1	AY639270_Funneliformis_mosseae	88.2	99.5	99.6	748
PX214468.1	MK348935.1_Funneliglomus_sanmartinese	87.1	96.8	91.0	730
PX214468.1	MT832179_Septoglomus_viscosum	86.9	92.8	99.9	696
PX214468.1	MT832175_Septoglomus_constrictum	86.7	92.5	99.6	698
PX214468.1	MT832176_Septoglomus_constrictum	86.5	92.6	99.6	698
PX214468.1	MK348930.1_Funneliglomus_sanmartinese	86.5	96.8	90.9	731
PX214468.1	MT832178_Septoglomus_deserticola	86.3	91.9	99.4	699
PX214468.1	FR750203_Glomus_spe	84.9	98.1	99.7	747
PX214468.1	FR750526_Glomus_macrocarpum	84.5	98.3	99.9	746
PX214468.1	FR750539_Glomus_macrocarpum	83.7	98.0	99.7	747
PX214467.1	FM876794_Funneliformis_coronatus	98.7	100.0	100.0	744
PX214467.1	FN547496_Funneliformis_caledonius	96.6	99.9	99.9	745
PX214467.1	MT832182_Funneliformis_mosseae	95.8	92.9	99.9	695
PX214467.1	MT832181_Funneliformis_mosseae	95.8	92.9	100.0	694
PX214467.1	MT832180_Funneliformis_spe	94.8	92.9	99.6	697
PX214467.1	AY639162_Funneliformis_mosseae	94.0	99.7	99.9	745
PX214467.1	AY639270_Funneliformis_mosseae	88.6	99.6	99.6	747
PX214467.1	MK348935.1_Funneliglomus_sanmartinese	87.1	96.9	91.0	729
PX214467.1	MT832179_Septoglomus_viscosum	87.1	92.9	99.9	695
PX214467.1	MT832175_Septoglomus_constrictum	86.9	92.6	99.6	697
PX214467.1	MK348930.1_Funneliglomus_sanmartinese	86.4	96.9	90.9	730
PX214467.1	MT832176_Septoglomus_constrictum	86.4	92.7	99.6	697
PX214467.1	MT832178_Septoglomus_deserticola	86.2	92.1	99.4	698
PX214467.1	FR750203_Glomus_spe	85.0	98.3	99.7	746
PX214467.1	FR750526_Glomus_macrocarpum	84.6	98.4	99.9	745
PX214467.1	FR750539_Glomus_macrocarpum	83.8	98.1	99.7	746
PX214464.1	FM876794_Funneliformis_coronatus	98.7	100.0	100.0	744
PX214464.1	FN547496_Funneliformis_caledonius	96.6	99.9	99.9	745
PX214464.1	MT832182_Funneliformis_mosseae	96.0	92.9	99.9	695
PX214464.1	MT832181_Funneliformis_mosseae	96.0	92.9	100.0	694
PX214464.1	MT832180_Funneliformis_spe	94.8	92.9	99.6	697
PX214464.1	AY639162_Funneliformis_mosseae	94.1	99.7	99.9	745
PX214464.1	AY639270_Funneliformis_mosseae	88.8	99.6	99.6	747
PX214464.1	MT832179_Septoglomus_viscosum	87.2	92.9	99.9	695
PX214464.1	MK348935.1_Funneliglomus_sanmartinese	87.1	96.9	91.0	729
PX214464.1	MT832175_Septoglomus_constrictum	86.9	92.6	99.6	697
PX214464.1	MT832176_Septoglomus_constrictum	86.7	92.7	99.6	697
PX214464.1	MT832178_Septoglomus_deserticola	86.4	92.1	99.4	698
PX214464.1	MT832177_Septoglomus_deserticola	85.4	92.1	99.4	698
PX214464.1	FR750203_Glomus_spe	85.1	98.3	99.7	746
PX214464.1	FR750526_Glomus_macrocarpum	84.7	98.4	99.9	745
PX214464.1	FR750539_Glomus_macrocarpum	83.9	98.1	99.7	746
PX214461.1	FM876794_Funneliformis_coronatus	98.0	99.3	100.0	749
PX214461.1	FN547496_Funneliformis_caledonius	96.0	99.2	99.9	750
PX214461.1	MT832181_Funneliformis_mosseae	95.1	92.3	100.0	699
PX214461.1	MT832182_Funneliformis_mosseae	94.8	92.4	100.0	699
PX214461.1	MT832180_Funneliformis_spe	94.0	92.5	99.9	700
PX214461.1	AY639162_Funneliformis_mosseae	93.6	99.1	99.9	750
PX214461.1	AY639270_Funneliformis_mosseae	87.9	99.1	99.7	751
PX214461.1	MK348935.1_Funneliglomus_sanmartinese	86.6	96.3	91.0	734
PX214461.1	MT832179_Septoglomus_viscosum	86.6	92.4	100.0	699
PX214461.1	MT832175_Septoglomus_constrictum	85.9	92.0	99.6	702
PX214461.1	MK348930.1_Funneliglomus_sanmartinese	85.7	96.3	90.9	735
PX214461.1	MT832178_Septoglomus_deserticola	85.1	91.5	99.4	703
PX214461.1	MT832176_Septoglomus_constrictum	84.9	92.4	99.9	700
PX214461.1	FR750203_Glomus_spe	84.4	97.7	99.9	750
PX214461.1	FR750526_Glomus_macrocarpum	83.9	97.7	99.9	750
PX214461.1	FR750539_Glomus_macrocarpum	83.2	97.5	99.7	751
PX214459.1	FM876794_Funneliformis_coronatus	98.3	99.9	100.0	745
PX214459.1	FN547496_Funneliformis_caledonius	95.6	99.9	100.0	745
PX214459.1	MT832181_Funneliformis_mosseae	95.5	92.8	100.0	695
PX214459.1	MT832182_Funneliformis_mosseae	94.8	92.9	100.0	695
PX214459.1	MT832180_Funneliformis_spe	94.0	92.9	99.7	697
PX214459.1	AY639162_Funneliformis_mosseae	93.8	99.6	99.9	746
PX214459.1	AY639270_Funneliformis_mosseae	88.5	99.5	99.6	748
PX214459.1	MK348935.1_Funneliglomus_sanmartinese	87.0	96.8	91.0	730
PX214459.1	MT832179_Septoglomus_viscosum	86.9	92.9	100.0	695
PX214459.1	MT832175_Septoglomus_constrictum	86.4	92.5	99.6	698
PX214459.1	MT832178_Septoglomus_deserticola	86.3	91.9	99.4	699
PX214459.1	MT832176_Septoglomus_constrictum	85.8	92.8	99.7	697
PX214459.1	FR750203_Glomus_spe	85.1	98.3	99.9	746
PX214459.1	FR750526_Glomus_macrocarpum	84.6	98.3	99.9	746
PX214459.1	MT832177_Septoglomus_deserticola	84.5	92.1	99.6	698
PX214459.1	FR750539_Glomus_macrocarpum	83.9	98.0	99.7	747
PX214460.1	FM876794_Funneliformis_coronatus	98.1	99.9	100.0	745
PX214460.1	FN547496_Funneliformis_caledonius	95.4	99.9	100.0	745
PX214460.1	MT832181_Funneliformis_mosseae	95.4	92.8	100.0	695
PX214460.1	MT832182_Funneliformis_mosseae	94.7	92.9	100.0	695
PX214460.1	MT832180_Funneliformis_spe	93.8	92.9	99.7	697
PX214460.1	AY639162_Funneliformis_mosseae	93.7	99.6	99.9	746
PX214460.1	AY639270_Funneliformis_mosseae	88.5	99.5	99.6	748
PX214460.1	MK348935.1_Funneliglomus_sanmartinese	87.1	96.8	91.0	730
PX214460.1	MT832179_Septoglomus_viscosum	86.9	92.9	100.0	695
PX214460.1	MT832175_Septoglomus_constrictum	86.4	92.5	99.6	698
PX214460.1	MT832178_Septoglomus_deserticola	86.3	91.9	99.4	699
PX214460.1	MT832176_Septoglomus_constrictum	85.8	92.8	99.7	697
PX214460.1	FR750203_Glomus_spe	85.1	98.3	99.9	746
PX214460.1	FR750526_Glomus_macrocarpum	84.6	98.3	99.9	746
PX214460.1	MT832177_Septoglomus_deserticola	84.5	92.1	99.6	698
PX214460.1	FR750539_Glomus_macrocarpum	83.9	98.0	99.7	747
PX214469.1	FM876794_Funneliformis_coronatus	98.9	99.9	100.0	745
PX214469.1	MT832181_Funneliformis_mosseae	96.3	92.8	100.0	695
PX214469.1	FN547496_Funneliformis_caledonius	96.2	99.9	100.0	745
PX214469.1	MT832182_Funneliformis_mosseae	95.5	92.9	100.0	695
PX214469.1	MT832180_Funneliformis_spe	94.7	92.9	99.7	697
PX214469.1	AY639162_Funneliformis_mosseae	94.4	99.6	99.9	746
PX214469.1	AY639270_Funneliformis_mosseae	89.2	99.5	99.6	748
PX214469.1	MK348935.1_Funneliglomus_sanmartinese	87.3	96.8	91.0	730
PX214469.1	MT832179_Septoglomus_viscosum	87.2	92.9	100.0	695
PX214469.1	MT832175_Septoglomus_constrictum	86.8	92.5	99.6	698
PX214469.1	MT832178_Septoglomus_deserticola	86.6	91.9	99.4	699
PX214469.1	MT832176_Septoglomus_constrictum	86.2	92.8	99.7	697
PX214469.1	FR750203_Glomus_spe	85.7	98.3	99.9	746
PX214469.1	MT832177_Septoglomus_deserticola	85.6	91.9	99.4	699
PX214469.1	FR750526_Glomus_macrocarpum	84.7	98.3	99.9	746
PX214469.1	FR750539_Glomus_macrocarpum	84.1	98.0	99.7	747
PX214472.1	FM876794_Funneliformis_coronatus	98.7	100.0	100.0	744
PX214472.1	FN547496_Funneliformis_caledonius	96.9	99.9	99.9	745
PX214472.1	MT832182_Funneliformis_mosseae	95.8	92.9	99.9	695
PX214472.1	MT832181_Funneliformis_mosseae	95.8	92.9	100.0	694
PX214472.1	MT832180_Funneliformis_spe	95.1	92.9	99.6	697
PX214472.1	AY639162_Funneliformis_mosseae	94.0	99.7	99.9	745
PX214472.1	AY639270_Funneliformis_mosseae	88.8	99.6	99.6	747
PX214472.1	MK348935.1_Funneliglomus_sanmartinese	87.4	96.9	91.0	729
PX214472.1	MT832179_Septoglomus_viscosum	87.2	92.9	99.9	695
PX214472.1	MT832175_Septoglomus_constrictum	86.8	92.6	99.6	697
PX214472.1	MK348930.1_Funneliglomus_sanmartinese	86.6	96.9	90.9	730
PX214472.1	MT832178_Septoglomus_deserticola	86.1	92.1	99.4	698
PX214472.1	FR750203_Glomus_spe	85.5	98.5	100.0	744
PX214472.1	MT832177_Septoglomus_deserticola	85.1	92.1	99.4	698
PX214472.1	FR750526_Glomus_macrocarpum	84.8	98.4	99.9	745
PX214472.1	FR750539_Glomus_macrocarpum	84.2	98.1	99.7	746
PX214471.1	FM876794_Funneliformis_coronatus	98.8	99.9	100.0	745
PX214471.1	FN547496_Funneliformis_caledonius	96.2	99.9	100.0	745
PX214471.1	MT832181_Funneliformis_mosseae	95.8	92.8	100.0	695
PX214471.1	MT832182_Funneliformis_mosseae	95.1	92.9	100.0	695
PX214471.1	MT832180_Funneliformis_spe	94.7	92.9	99.7	697
PX214471.1	AY639162_Funneliformis_mosseae	94.0	99.6	99.9	746
PX214471.1	AY639270_Funneliformis_mosseae	88.8	99.5	99.6	748
PX214471.1	MK348935.1_Funneliglomus_sanmartinese	87.3	96.8	91.0	730
PX214471.1	MT832179_Septoglomus_viscosum	86.8	92.9	100.0	695
PX214471.1	MT832175_Septoglomus_constrictum	86.7	92.5	99.6	698
PX214471.1	MT832178_Septoglomus_deserticola	86.4	91.9	99.4	699
PX214471.1	MT832176_Septoglomus_constrictum	85.8	92.8	99.7	697
PX214471.1	FR750203_Glomus_spe	85.7	98.3	99.9	746
PX214471.1	MT832177_Septoglomus_deserticola	85.4	91.9	99.4	699
PX214471.1	FR750526_Glomus_macrocarpum	84.6	98.3	99.9	746
PX214471.1	FR750539_Glomus_macrocarpum	83.9	98.0	99.7	747
PX214466.1	FM876794_Funneliformis_coronatus	98.7	100.0	100.0	744
PX214466.1	FN547496_Funneliformis_caledonius	96.6	99.9	99.9	745
PX214466.1	MT832182_Funneliformis_mosseae	96.0	92.9	99.9	695
PX214466.1	MT832181_Funneliformis_mosseae	96.0	92.9	100.0	694
PX214466.1	MT832180_Funneliformis_spe	94.8	92.9	99.6	697
PX214466.1	AY639162_Funneliformis_mosseae	94.1	99.7	99.9	745
PX214466.1	AY639270_Funneliformis_mosseae	88.8	99.6	99.6	747
PX214466.1	MT832179_Septoglomus_viscosum	87.2	92.9	99.9	695
PX214466.1	MK348935.1_Funneliglomus_sanmartinese	87.1	96.9	91.0	729
PX214466.1	MT832175_Septoglomus_constrictum	86.9	92.6	99.6	697
PX214466.1	MT832176_Septoglomus_constrictum	86.7	92.7	99.6	697
PX214466.1	MT832178_Septoglomus_deserticola	86.4	92.1	99.4	698
PX214466.1	MT832177_Septoglomus_deserticola	85.4	92.1	99.4	698
PX214466.1	FR750203_Glomus_spe	85.1	98.3	99.7	746
PX214466.1	FR750526_Glomus_macrocarpum	84.7	98.4	99.9	745
PX214466.1	FR750539_Glomus_macrocarpum	83.9	98.1	99.7	746
PX214470.1	FM876794_Funneliformis_coronatus	98.8	99.9	100.0	745
PX214470.1	MT832181_Funneliformis_mosseae	96.1	92.8	100.0	695
PX214470.1	FN547496_Funneliformis_caledonius	96.1	99.9	100.0	745
PX214470.1	MT832182_Funneliformis_mosseae	95.4	92.9	100.0	695
PX214470.1	MT832180_Funneliformis_spe	94.5	92.9	99.7	697
PX214470.1	AY639162_Funneliformis_mosseae	94.2	99.6	99.9	746
PX214470.1	AY639270_Funneliformis_mosseae	89.0	99.5	99.6	748
PX214470.1	MK348935.1_Funneliglomus_sanmartinese	87.1	96.8	91.0	730
PX214470.1	MT832179_Septoglomus_viscosum	87.1	92.9	100.0	695
PX214470.1	MT832175_Septoglomus_constrictum	86.7	92.5	99.6	698
PX214470.1	MT832178_Septoglomus_deserticola	86.4	91.9	99.4	699
PX214470.1	MT832176_Septoglomus_constrictum	86.1	92.8	99.7	697
PX214470.1	FR750203_Glomus_spe	85.5	98.3	99.9	746
PX214470.1	MT832177_Septoglomus_deserticola	85.4	91.9	99.4	699
PX214470.1	FR750526_Glomus_macrocarpum	84.6	98.3	99.9	746
PX214470.1	FR750539_Glomus_macrocarpum	83.9	98.0	99.7	747
PX214473.1	FM876794_Funneliformis_coronatus	99.2	99.9	99.9	745
PX214473.1	FN547496_Funneliformis_caledonius	96.8	99.7	99.7	746
PX214473.1	MT832182_Funneliformis_mosseae	95.8	92.7	99.7	696
PX214473.1	MT832181_Funneliformis_mosseae	95.8	92.7	99.9	695
PX214473.1	MT832180_Funneliformis_spe	95.1	92.9	99.6	697
PX214473.1	AY639162_Funneliformis_mosseae	93.6	99.7	99.9	745
PX214473.1	AY639270_Funneliformis_mosseae	88.5	99.6	99.6	747
PX214473.1	MK348935.1_Funneliglomus_sanmartinese	87.1	96.8	90.9	730
PX214473.1	MT832179_Septoglomus_viscosum	86.9	92.7	99.7	696
PX214473.1	MT832178_Septoglomus_deserticola	86.4	91.9	99.3	699
PX214473.1	MT832176_Septoglomus_constrictum	86.4	92.6	99.4	698
PX214473.1	MK348930.1_Funneliglomus_sanmartinese	86.3	96.8	90.8	731
PX214473.1	MT832177_Septoglomus_deserticola	85.4	91.9	99.3	699
PX214473.1	FR750203_Glomus_spe	85.3	98.3	99.7	746
PX214473.1	FR750526_Glomus_macrocarpum	84.7	98.3	99.7	746
PX214473.1	FR750539_Glomus_macrocarpum	84.1	98.0	99.6	747
PX214474.1	FM876794_Funneliformis_coronatus	99.1	99.9	99.9	745
PX214474.1	FN547496_Funneliformis_caledonius	96.9	99.7	99.7	746
PX214474.1	MT832182_Funneliformis_mosseae	96.0	92.7	99.7	696
PX214474.1	MT832181_Funneliformis_mosseae	96.0	92.7	99.9	695
PX214474.1	MT832180_Funneliformis_spe	95.3	92.9	99.6	697
PX214474.1	AY639162_Funneliformis_mosseae	93.7	99.7	99.9	745
PX214474.1	AY639270_Funneliformis_mosseae	88.6	99.6	99.6	747
PX214474.1	MK348935.1_Funneliglomus_sanmartinese	87.3	96.8	90.9	730
PX214474.1	MT832179_Septoglomus_viscosum	87.1	92.7	99.7	696
PX214474.1	MT832178_Septoglomus_deserticola	86.6	91.9	99.3	699
PX214474.1	MT832176_Septoglomus_constrictum	86.5	92.6	99.4	698
PX214474.1	MK348930.1_Funneliglomus_sanmartinese	86.5	96.8	90.8	731
PX214474.1	MT832177_Septoglomus_deserticola	85.6	91.9	99.3	699
PX214474.1	FR750203_Glomus_spe	85.4	98.3	99.7	746
PX214474.1	FR750526_Glomus_macrocarpum	84.9	98.3	99.7	746
PX214474.1	FR750539_Glomus_macrocarpum	84.2	98.0	99.6	747
PX214478.1	FM876794_Funneliformis_coronatus	99.3	100.0	99.9	744
PX214478.1	FN547496_Funneliformis_caledonius	96.9	99.9	99.7	745
PX214478.1	MT832182_Funneliformis_mosseae	96.0	92.9	99.7	695
PX214478.1	MT832181_Funneliformis_mosseae	96.0	92.9	99.9	694
PX214478.1	MT832180_Funneliformis_spe	95.3	92.9	99.4	697
PX214478.1	AY639162_Funneliformis_mosseae	93.7	99.9	99.9	744
PX214478.1	AY639270_Funneliformis_mosseae	88.6	99.6	99.5	747
PX214478.1	MK348935.1_Funneliglomus_sanmartinese	87.4	96.9	90.9	729
PX214478.1	MT832179_Septoglomus_viscosum	86.9	92.9	99.7	695
PX214478.1	MK348930.1_Funneliglomus_sanmartinese	86.6	96.9	90.8	730
PX214478.1	MT832176_Septoglomus_constrictum	86.4	92.7	99.4	697
PX214478.1	MT832178_Septoglomus_deserticola	86.0	92.1	99.3	698
PX214478.1	FR750203_Glomus_spe	85.2	98.4	99.7	745
PX214478.1	MT832177_Septoglomus_deserticola	85.0	92.1	99.3	698
PX214478.1	FR750526_Glomus_macrocarpum	84.7	98.4	99.7	745
PX214478.1	FR750539_Glomus_macrocarpum	84.0	98.1	99.6	746
PX214475.1	FM876794_Funneliformis_coronatus	98.9	100.0	99.9	744
PX214475.1	FN547496_Funneliformis_caledonius	96.5	99.9	99.7	745
PX214475.1	MT832182_Funneliformis_mosseae	95.5	92.9	99.7	695
PX214475.1	MT832181_Funneliformis_mosseae	95.5	92.9	99.9	694
PX214475.1	MT832180_Funneliformis_spe	94.8	92.9	99.4	697
PX214475.1	AY639162_Funneliformis_mosseae	93.3	99.9	99.9	744
PX214475.1	AY639270_Funneliformis_mosseae	88.2	99.6	99.5	747
PX214475.1	MK348935.1_Funneliglomus_sanmartinese	87.1	96.9	90.9	729
PX214475.1	MT832175_Septoglomus_constrictum	86.9	92.6	99.4	697
PX214475.1	MT832179_Septoglomus_viscosum	86.8	92.9	99.7	695
PX214475.1	MK348930.1_Funneliglomus_sanmartinese	86.3	96.9	90.8	730
PX214475.1	MT832178_Septoglomus_deserticola	85.7	92.1	99.3	698
PX214475.1	FR750203_Glomus_spe	85.0	98.4	99.7	745
PX214475.1	MT832177_Septoglomus_deserticola	84.7	92.1	99.3	698
PX214475.1	FR750526_Glomus_macrocarpum	84.3	98.4	99.7	745
PX214475.1	FR750539_Glomus_macrocarpum	83.6	98.1	99.6	746
PX214479.1	FM876794_Funneliformis_coronatus	99.1	99.9	99.9	745
PX214479.1	FN547496_Funneliformis_caledonius	96.9	99.7	99.7	746
PX214479.1	MT832182_Funneliformis_mosseae	96.0	92.7	99.7	696
PX214479.1	MT832181_Funneliformis_mosseae	96.0	92.7	99.9	695
PX214479.1	MT832180_Funneliformis_spe	95.3	92.9	99.6	697
PX214479.1	AY639162_Funneliformis_mosseae	93.7	99.7	99.9	745
PX214479.1	AY639270_Funneliformis_mosseae	88.6	99.6	99.6	747
PX214479.1	MK348935.1_Funneliglomus_sanmartinese	87.3	96.8	90.9	730
PX214479.1	MT832179_Septoglomus_viscosum	87.1	92.7	99.7	696
PX214479.1	MT832178_Septoglomus_deserticola	86.6	91.9	99.3	699
PX214479.1	MT832176_Septoglomus_constrictum	86.5	92.6	99.4	698
PX214479.1	MK348930.1_Funneliglomus_sanmartinese	86.5	96.8	90.8	731
PX214479.1	MT832177_Septoglomus_deserticola	85.6	91.9	99.3	699
PX214479.1	FR750203_Glomus_spe	85.4	98.3	99.7	746
PX214479.1	FR750526_Glomus_macrocarpum	84.9	98.3	99.7	746
PX214479.1	FR750539_Glomus_macrocarpum	84.2	98.0	99.6	747
PX214477.1	FM876794_Funneliformis_coronatus	99.2	99.9	99.9	745
PX214477.1	FN547496_Funneliformis_caledonius	96.8	99.7	99.7	746
PX214477.1	MT832182_Funneliformis_mosseae	95.8	92.7	99.7	696
PX214477.1	MT832181_Funneliformis_mosseae	95.8	92.7	99.9	695
PX214477.1	MT832180_Funneliformis_spe	95.1	92.9	99.6	697
PX214477.1	AY639162_Funneliformis_mosseae	93.6	99.7	99.9	745
PX214477.1	AY639270_Funneliformis_mosseae	88.5	99.6	99.6	747
PX214477.1	MK348935.1_Funneliglomus_sanmartinese	87.1	96.8	90.9	730
PX214477.1	MT832179_Septoglomus_viscosum	86.9	92.7	99.7	696
PX214477.1	MT832178_Septoglomus_deserticola	86.4	91.9	99.3	699
PX214477.1	MT832176_Septoglomus_constrictum	86.4	92.6	99.4	698
PX214477.1	MK348930.1_Funneliglomus_sanmartinese	86.3	96.8	90.8	731
PX214477.1	MT832177_Septoglomus_deserticola	85.4	91.9	99.3	699
PX214477.1	FR750203_Glomus_spe	85.3	98.3	99.7	746
PX214477.1	FR750526_Glomus_macrocarpum	84.7	98.3	99.7	746
PX214477.1	FR750539_Glomus_macrocarpum	84.1	98.0	99.6	747
PX214480.1	FM876794_Funneliformis_coronatus	99.3	100.0	99.9	744
PX214480.1	FN547496_Funneliformis_caledonius	96.9	99.9	99.7	745
PX214480.1	MT832182_Funneliformis_mosseae	96.0	92.9	99.7	695
PX214480.1	MT832181_Funneliformis_mosseae	96.0	92.9	99.9	694
PX214480.1	MT832180_Funneliformis_spe	95.3	92.9	99.4	697
PX214480.1	AY639162_Funneliformis_mosseae	93.7	99.9	99.9	744
PX214480.1	AY639270_Funneliformis_mosseae	88.6	99.6	99.5	747
PX214480.1	MK348935.1_Funneliglomus_sanmartinese	87.4	96.9	90.9	729
PX214480.1	MT832179_Septoglomus_viscosum	86.9	92.9	99.7	695
PX214480.1	MK348930.1_Funneliglomus_sanmartinese	86.6	96.9	90.8	730
PX214480.1	MT832176_Septoglomus_constrictum	86.4	92.7	99.4	697
PX214480.1	MT832178_Septoglomus_deserticola	86.0	92.1	99.3	698
PX214480.1	FR750203_Glomus_spe	85.2	98.4	99.7	745
PX214480.1	MT832177_Septoglomus_deserticola	85.0	92.1	99.3	698
PX214480.1	FR750526_Glomus_macrocarpum	84.7	98.4	99.7	745
PX214480.1	FR750539_Glomus_macrocarpum	84.0	98.1	99.6	746
PX214476.1	FM876794_Funneliformis_coronatus	98.9	99.9	99.9	745
PX214476.1	FN547496_Funneliformis_caledonius	96.5	99.7	99.7	746
PX214476.1	MT832182_Funneliformis_mosseae	95.5	92.7	99.7	696
PX214476.1	MT832181_Funneliformis_mosseae	95.5	92.7	99.9	695
PX214476.1	MT832180_Funneliformis_spe	94.8	92.9	99.6	697
PX214476.1	AY639162_Funneliformis_mosseae	93.3	99.7	99.9	745
PX214476.1	AY639270_Funneliformis_mosseae	88.2	99.6	99.6	747
PX214476.1	MK348935.1_Funneliglomus_sanmartinese	86.8	96.8	90.9	730
PX214476.1	MT832175_Septoglomus_constrictum	86.8	92.5	99.4	698
PX214476.1	MT832179_Septoglomus_viscosum	86.6	92.7	99.7	696
PX214476.1	MT832178_Septoglomus_deserticola	86.1	91.9	99.3	699
PX214476.1	MK348930.1_Funneliglomus_sanmartinese	86.0	96.8	90.8	731
PX214476.1	MT832177_Septoglomus_deserticola	85.4	91.9	99.3	699
PX214476.1	FR750203_Glomus_spe	85.0	98.3	99.7	746
PX214476.1	FR750526_Glomus_macrocarpum	84.5	98.3	99.7	746
PX214476.1	FR750539_Glomus_macrocarpum	83.8	98.0	99.6	747
PX214484.1	MT832181_Funneliformis_mosseae	99.0	92.9	100.0	694
PX214484.1	MT832182_Funneliformis_mosseae	98.7	93.0	100.0	694
PX214484.1	FN547496_Funneliformis_caledonius	96.8	100.0	100.0	744
PX214484.1	FM876794_Funneliformis_coronatus	96.4	99.9	99.9	745
PX214484.1	AY639162_Funneliformis_mosseae	96.4	99.7	99.9	745
PX214484.1	MT832180_Funneliformis_spe	95.3	93.0	99.7	696
PX214484.1	AY639270_Funneliformis_mosseae	89.7	99.6	99.6	747
PX214484.1	MT832179_Septoglomus_viscosum	87.6	92.9	99.9	695
PX214484.1	MK348935.1_Funneliglomus_sanmartinese	87.1	97.0	91.2	728
PX214484.1	MT832176_Septoglomus_constrictum	86.9	92.9	99.7	696
PX214484.1	MT832178_Septoglomus_deserticola	86.2	92.2	99.6	697
PX214484.1	KJ564166.1_Dominikia_indica	85.5	96.5	91.1	729
PX214484.1	FR750203_Glomus_spe	85.2	98.4	99.9	745
PX214484.1	MT832177_Septoglomus_deserticola	85.2	92.2	99.6	697
PX214484.1	FR750526_Glomus_macrocarpum	84.6	98.4	99.9	745
PX214484.1	FR750539_Glomus_macrocarpum	83.6	98.3	99.9	745
PX214481.1	MT832181_Funneliformis_mosseae	98.8	92.9	100.0	694
PX214481.1	MT832182_Funneliformis_mosseae	98.3	93.0	100.0	694
PX214481.1	FN547496_Funneliformis_caledonius	96.9	100.0	100.0	744
PX214481.1	FM876794_Funneliformis_coronatus	96.5	99.9	99.9	745
PX214481.1	AY639162_Funneliformis_mosseae	96.5	99.7	99.9	745
PX214481.1	MT832180_Funneliformis_spe	95.4	93.0	99.7	696
PX214481.1	AY639270_Funneliformis_mosseae	90.1	99.6	99.6	747
PX214481.1	MT832179_Septoglomus_viscosum	88.1	92.9	99.9	695
PX214481.1	MK348935.1_Funneliglomus_sanmartinese	87.2	97.0	91.2	728
PX214481.1	MT832176_Septoglomus_constrictum	87.2	92.9	99.7	696
PX214481.1	MT832178_Septoglomus_deserticola	86.5	92.2	99.6	697
PX214481.1	KJ564166.1_Dominikia_indica	85.7	96.5	91.1	729
PX214481.1	MT832177_Septoglomus_deserticola	85.7	92.2	99.6	697
PX214481.1	FR750203_Glomus_spe	85.4	98.4	99.9	745
PX214481.1	FR750526_Glomus_macrocarpum	84.7	98.4	99.9	745
PX214481.1	FR750539_Glomus_macrocarpum	83.8	98.3	99.9	745
PX214485.1	MT832181_Funneliformis_mosseae	98.8	92.9	100.0	694
PX214485.1	MT832182_Funneliformis_mosseae	98.3	93.0	100.0	694
PX214485.1	FN547496_Funneliformis_caledonius	96.9	100.0	100.0	744
PX214485.1	FM876794_Funneliformis_coronatus	96.5	99.9	99.9	745
PX214485.1	AY639162_Funneliformis_mosseae	96.5	99.7	99.9	745
PX214485.1	MT832180_Funneliformis_spe	95.4	93.0	99.7	696
PX214485.1	AY639270_Funneliformis_mosseae	90.1	99.6	99.6	747
PX214485.1	MT832179_Septoglomus_viscosum	88.1	92.9	99.9	695
PX214485.1	MK348935.1_Funneliglomus_sanmartinese	87.2	97.0	91.2	728
PX214485.1	MT832176_Septoglomus_constrictum	87.2	92.9	99.7	696
PX214485.1	MT832178_Septoglomus_deserticola	86.5	92.2	99.6	697
PX214485.1	KJ564166.1_Dominikia_indica	85.7	96.5	91.1	729
PX214485.1	MT832177_Septoglomus_deserticola	85.7	92.2	99.6	697
PX214485.1	FR750203_Glomus_spe	85.4	98.4	99.9	745
PX214485.1	FR750526_Glomus_macrocarpum	84.7	98.4	99.9	745
PX214485.1	FR750539_Glomus_macrocarpum	83.8	98.3	99.9	745
PX214486.1	MT832181_Funneliformis_mosseae	98.6	92.9	100.0	694
PX214486.1	MT832182_Funneliformis_mosseae	98.6	93.0	100.0	694
PX214486.1	FN547496_Funneliformis_caledonius	96.1	100.0	100.0	744
PX214486.1	AY639162_Funneliformis_mosseae	96.0	99.7	99.9	745
PX214486.1	FM876794_Funneliformis_coronatus	95.7	99.9	99.9	745
PX214486.1	MT832180_Funneliformis_spe	94.4	93.0	99.7	696
PX214486.1	AY639270_Funneliformis_mosseae	89.7	99.6	99.6	747
PX214486.1	MT832179_Septoglomus_viscosum	87.8	92.9	99.9	695
PX214486.1	MK348935.1_Funneliglomus_sanmartinese	86.4	97.0	91.2	728
PX214486.1	MT832176_Septoglomus_constrictum	86.4	92.9	99.7	696
PX214486.1	MT832178_Septoglomus_deserticola	85.8	92.2	99.6	697
PX214486.1	KJ564166.1_Dominikia_indica	85.2	96.5	91.1	729
PX214486.1	FR750203_Glomus_spe	85.0	98.4	99.9	745
PX214486.1	MT832177_Septoglomus_deserticola	84.8	92.2	99.6	697
PX214486.1	FR750526_Glomus_macrocarpum	84.6	98.4	99.9	745
PX214486.1	FR750539_Glomus_macrocarpum	83.6	98.3	99.9	745
PX214482.1	MT832181_Funneliformis_mosseae	98.8	92.9	100.0	694
PX214482.1	MT832182_Funneliformis_mosseae	98.3	93.0	100.0	694
PX214482.1	FN547496_Funneliformis_caledonius	96.9	100.0	100.0	744
PX214482.1	FM876794_Funneliformis_coronatus	96.5	99.9	99.9	745
PX214482.1	AY639162_Funneliformis_mosseae	96.5	99.7	99.9	745
PX214482.1	MT832180_Funneliformis_spe	95.4	93.0	99.7	696
PX214482.1	AY639270_Funneliformis_mosseae	90.1	99.6	99.6	747
PX214482.1	MT832179_Septoglomus_viscosum	88.1	92.9	99.9	695
PX214482.1	MK348935.1_Funneliglomus_sanmartinese	87.2	97.0	91.2	728
PX214482.1	MT832176_Septoglomus_constrictum	87.2	92.9	99.7	696
PX214482.1	MT832178_Septoglomus_deserticola	86.5	92.2	99.6	697
PX214482.1	KJ564166.1_Dominikia_indica	85.7	96.5	91.1	729
PX214482.1	MT832177_Septoglomus_deserticola	85.7	92.2	99.6	697
PX214482.1	FR750203_Glomus_spe	85.4	98.4	99.9	745
PX214482.1	FR750526_Glomus_macrocarpum	84.7	98.4	99.9	745
PX214482.1	FR750539_Glomus_macrocarpum	83.8	98.3	99.9	745
PX214487.1	MT832182_Funneliformis_mosseae	98.6	93.0	100.0	694
PX214487.1	MT832181_Funneliformis_mosseae	98.3	92.9	100.0	694
PX214487.1	FN547496_Funneliformis_caledonius	96.4	100.0	100.0	744
PX214487.1	FM876794_Funneliformis_coronatus	96.0	99.9	99.9	745
PX214487.1	AY639162_Funneliformis_mosseae	96.0	99.7	99.9	745
PX214487.1	MT832180_Funneliformis_spe	94.7	93.0	99.7	696
PX214487.1	AY639270_Funneliformis_mosseae	90.0	99.6	99.6	747
PX214487.1	MT832179_Septoglomus_viscosum	87.5	92.9	99.9	695
PX214487.1	MK348935.1_Funneliglomus_sanmartinese	86.7	97.0	91.2	728
PX214487.1	MT832176_Septoglomus_constrictum	86.6	92.9	99.7	696
PX214487.1	MT832178_Septoglomus_deserticola	85.9	92.2	99.6	697
PX214487.1	KJ564166.1_Dominikia_indica	85.5	96.5	91.1	729
PX214487.1	FR750203_Glomus_spe	85.2	98.4	99.9	745
PX214487.1	MT832177_Septoglomus_deserticola	84.9	92.2	99.6	697
PX214487.1	FR750526_Glomus_macrocarpum	84.8	98.4	99.9	745
PX214487.1	FR750539_Glomus_macrocarpum	83.9	98.3	99.9	745
PX214490.1	MT832181_Funneliformis_mosseae	98.8	92.9	100.0	694
PX214490.1	MT832182_Funneliformis_mosseae	98.8	93.0	100.0	694
PX214490.1	FN547496_Funneliformis_caledonius	97.2	100.0	100.0	744
PX214490.1	FM876794_Funneliformis_coronatus	96.8	99.9	99.9	745
PX214490.1	AY639162_Funneliformis_mosseae	96.2	99.7	99.9	745
PX214490.1	MT832180_Funneliformis_spe	95.5	93.0	99.7	696
PX214490.1	AY639270_Funneliformis_mosseae	89.8	99.6	99.6	747
PX214490.1	MT832179_Septoglomus_viscosum	87.9	92.9	99.9	695
PX214490.1	MT832176_Septoglomus_constrictum	87.2	92.9	99.7	696
PX214490.1	MK348935.1_Funneliglomus_sanmartinese	86.8	97.0	91.2	728
PX214490.1	MT832178_Septoglomus_deserticola	86.5	92.2	99.6	697
PX214490.1	MT832177_Septoglomus_deserticola	85.5	92.2	99.6	697
PX214490.1	FR750203_Glomus_spe	85.4	98.4	99.9	745
PX214490.1	KJ564166.1_Dominikia_indica	85.3	96.5	91.1	729
PX214490.1	FR750526_Glomus_macrocarpum	84.8	98.4	99.9	745
PX214490.1	FR750539_Glomus_macrocarpum	83.9	98.3	99.9	745
PX214488.1	MT832181_Funneliformis_mosseae	98.8	92.9	100.0	694
PX214488.1	MT832182_Funneliformis_mosseae	98.6	93.0	100.0	694
PX214488.1	AY639162_Funneliformis_mosseae	96.2	99.7	99.9	745
PX214488.1	FN547496_Funneliformis_caledonius	96.1	100.0	100.0	744
PX214488.1	FM876794_Funneliformis_coronatus	95.7	99.9	99.9	745
PX214488.1	MT832180_Funneliformis_spe	94.5	93.0	99.7	696
PX214488.1	AY639270_Funneliformis_mosseae	89.7	99.6	99.6	747
PX214488.1	MT832179_Septoglomus_viscosum	87.5	92.9	99.9	695
PX214488.1	MK348935.1_Funneliglomus_sanmartinese	86.7	97.0	91.2	728
PX214488.1	MT832176_Septoglomus_constrictum	86.2	92.9	99.7	696
PX214488.1	MT832178_Septoglomus_deserticola	85.7	92.2	99.6	697
PX214488.1	FR750203_Glomus_spe	85.1	98.4	99.9	745
PX214488.1	KJ564166.1_Dominikia_indica	85.0	96.5	91.1	729
PX214488.1	MT832177_Septoglomus_deserticola	84.6	92.2	99.6	697
PX214488.1	FR750526_Glomus_macrocarpum	84.4	98.4	99.9	745
PX214488.1	FR750539_Glomus_macrocarpum	83.5	98.3	99.9	745
PX214483.1	MT832181_Funneliformis_mosseae	98.8	92.9	100.0	694
PX214483.1	MT832182_Funneliformis_mosseae	98.6	93.0	100.0	694
PX214483.1	FN547496_Funneliformis_caledonius	96.6	100.0	100.0	744
PX214483.1	FM876794_Funneliformis_coronatus	96.2	99.9	99.9	745
PX214483.1	AY639162_Funneliformis_mosseae	96.2	99.7	99.9	745
PX214483.1	MT832180_Funneliformis_spe	95.1	93.0	99.7	696
PX214483.1	AY639270_Funneliformis_mosseae	89.8	99.6	99.6	747
PX214483.1	MT832179_Septoglomus_viscosum	87.8	92.9	99.9	695
PX214483.1	MK348935.1_Funneliglomus_sanmartinese	87.2	97.0	91.2	728
PX214483.1	MT832176_Septoglomus_constrictum	87.1	92.9	99.7	696
PX214483.1	MT832178_Septoglomus_deserticola	86.2	92.2	99.6	697
PX214483.1	KJ564166.1_Dominikia_indica	85.6	96.5	91.1	729
PX214483.1	MT832177_Septoglomus_deserticola	85.4	92.2	99.6	697
PX214483.1	FR750203_Glomus_spe	85.2	98.4	99.9	745
PX214483.1	FR750526_Glomus_macrocarpum	84.6	98.4	99.9	745
PX214483.1	FR750539_Glomus_macrocarpum	83.6	98.3	99.9	745
PX214491.1	MT832181_Funneliformis_mosseae	99.3	92.9	100.0	694
PX214491.1	MT832182_Funneliformis_mosseae	98.4	93.0	100.0	694
PX214491.1	FN547496_Funneliformis_caledonius	96.5	100.0	100.0	744
PX214491.1	AY639162_Funneliformis_mosseae	96.4	99.7	99.9	745
PX214491.1	FM876794_Funneliformis_coronatus	96.1	99.9	99.9	745
PX214491.1	MT832180_Funneliformis_spe	95.0	93.0	99.7	696
PX214491.1	AY639270_Funneliformis_mosseae	89.4	99.6	99.6	747
PX214491.1	MT832179_Septoglomus_viscosum	87.9	92.9	99.9	695
PX214491.1	MK348935.1_Funneliglomus_sanmartinese	86.5	97.0	91.2	728
PX214491.1	MT832176_Septoglomus_constrictum	86.5	92.9	99.7	696
PX214491.1	MT832178_Septoglomus_deserticola	86.1	92.2	99.6	697
PX214491.1	MT832177_Septoglomus_deserticola	85.1	92.2	99.6	697
PX214491.1	KJ564166.1_Dominikia_indica	85.0	96.5	91.1	729
PX214491.1	FR750203_Glomus_spe	84.8	98.4	99.9	745
PX214491.1	FR750526_Glomus_macrocarpum	84.2	98.4	99.9	745
PX214491.1	FR750539_Glomus_macrocarpum	83.2	98.3	99.9	745
PX214493.1	MT832181_Funneliformis_mosseae	98.8	92.9	100.0	694
PX214493.1	MT832182_Funneliformis_mosseae	98.6	93.0	100.0	694
PX214493.1	FN547496_Funneliformis_caledonius	96.9	100.0	100.0	744
PX214493.1	FM876794_Funneliformis_coronatus	96.5	99.9	99.9	745
PX214493.1	AY639162_Funneliformis_mosseae	96.2	99.7	99.9	745
PX214493.1	MT832180_Funneliformis_spe	95.4	93.0	99.7	696
PX214493.1	AY639270_Funneliformis_mosseae	89.6	99.6	99.6	747
PX214493.1	MT832179_Septoglomus_viscosum	87.6	92.9	99.9	695
PX214493.1	MT832176_Septoglomus_constrictum	87.2	92.9	99.7	696
PX214493.1	MK348935.1_Funneliglomus_sanmartinese	86.8	97.0	91.2	728
PX214493.1	MT832178_Septoglomus_deserticola	86.7	92.2	99.6	697
PX214493.1	MT832177_Septoglomus_deserticola	85.7	92.2	99.6	697
PX214493.1	FR750203_Glomus_spe	85.5	98.4	99.9	745
PX214493.1	KJ564166.1_Dominikia_indica	85.2	96.5	91.1	729
PX214493.1	FR750526_Glomus_macrocarpum	84.6	98.4	99.9	745
PX214493.1	FR750539_Glomus_macrocarpum	83.2	98.3	99.9	745
PX214489.1	MT832181_Funneliformis_mosseae	99.0	92.9	100.0	694
PX214489.1	MT832182_Funneliformis_mosseae	99.0	93.0	100.0	694
PX214489.1	FN547496_Funneliformis_caledonius	96.8	100.0	100.0	744
PX214489.1	FM876794_Funneliformis_coronatus	96.4	99.9	99.9	745
PX214489.1	AY639162_Funneliformis_mosseae	96.4	99.7	99.9	745
PX214489.1	MT832180_Funneliformis_spe	95.3	93.0	99.7	696
PX214489.1	AY639270_Funneliformis_mosseae	89.4	99.6	99.6	747
PX214489.1	MT832179_Septoglomus_viscosum	87.9	92.9	99.9	695
PX214489.1	MT832175_Septoglomus_constrictum	87.1	92.7	99.7	696
PX214489.1	MT832176_Septoglomus_constrictum	86.9	92.9	99.7	696
PX214489.1	MK348935.1_Funneliglomus_sanmartinese	86.8	97.0	91.2	728
PX214489.1	MT832178_Septoglomus_deserticola	86.2	92.2	99.6	697
PX214489.1	MT832177_Septoglomus_deserticola	85.2	92.2	99.6	697
PX214489.1	FR750203_Glomus_spe	85.0	98.4	99.9	745
PX214489.1	FR750526_Glomus_macrocarpum	84.4	98.4	99.9	745
PX214489.1	FR750539_Glomus_macrocarpum	83.5	98.3	99.9	745
PX214495.1	MT832181_Funneliformis_mosseae	98.7	92.9	99.9	694
PX214495.1	MT832182_Funneliformis_mosseae	98.4	93.0	99.9	694
PX214495.1	FN547496_Funneliformis_caledonius	96.9	100.0	99.9	744
PX214495.1	FM876794_Funneliformis_coronatus	96.5	99.9	99.7	745
PX214495.1	AY639162_Funneliformis_mosseae	96.1	99.7	99.7	745
PX214495.1	MT832180_Funneliformis_spe	95.3	93.0	99.6	696
PX214495.1	AY639270_Funneliformis_mosseae	89.4	99.6	99.5	747
PX214495.1	MT832179_Septoglomus_viscosum	87.6	92.9	99.7	695
PX214495.1	MT832178_Septoglomus_deserticola	87.4	92.3	99.6	696
PX214495.1	MT832176_Septoglomus_constrictum	87.2	92.9	99.6	696
PX214495.1	MK348935.1_Funneliglomus_sanmartinese	86.9	97.2	91.2	727
PX214495.1	MT832177_Septoglomus_deserticola	86.4	92.3	99.6	696
PX214495.1	FR750203_Glomus_spe	85.5	98.4	99.7	745
PX214495.1	KJ564166.1_Dominikia_indica	85.2	96.5	91.0	729
PX214495.1	FR750526_Glomus_macrocarpum	84.7	98.4	99.7	745
PX214495.1	FR750539_Glomus_macrocarpum	83.4	98.3	99.7	745
PX214494.1	MT832182_Funneliformis_mosseae	99.4	93.0	100.0	694
PX214494.1	MT832181_Funneliformis_mosseae	98.6	92.9	100.0	694
PX214494.1	FN547496_Funneliformis_caledonius	96.9	100.0	100.0	744
PX214494.1	FM876794_Funneliformis_coronatus	96.5	99.9	99.9	745
PX214494.1	AY639162_Funneliformis_mosseae	96.0	99.7	99.9	745
PX214494.1	MT832180_Funneliformis_spe	95.3	93.0	99.7	696
PX214494.1	AY639270_Funneliformis_mosseae	89.3	99.6	99.6	747
PX214494.1	MT832179_Septoglomus_viscosum	88.2	92.9	99.9	695
PX214494.1	MT832175_Septoglomus_constrictum	87.1	92.7	99.7	696
PX214494.1	MT832176_Septoglomus_constrictum	87.1	92.9	99.7	696
PX214494.1	MK348935.1_Funneliglomus_sanmartinese	86.8	97.0	91.2	728
PX214494.1	MT832178_Septoglomus_deserticola	86.5	92.2	99.6	697
PX214494.1	MT832177_Septoglomus_deserticola	85.5	92.2	99.6	697
PX214494.1	FR750203_Glomus_spe	85.2	98.4	99.9	745
PX214494.1	FR750526_Glomus_macrocarpum	84.6	98.4	99.9	745
PX214494.1	FR750539_Glomus_macrocarpum	83.6	98.3	99.9	745
PX214497.1	MT832181_Funneliformis_mosseae	98.8	92.9	100.0	694
PX214497.1	MT832182_Funneliformis_mosseae	98.6	93.0	100.0	694
PX214497.1	FN547496_Funneliformis_caledonius	96.9	100.0	100.0	744
PX214497.1	FM876794_Funneliformis_coronatus	96.5	99.9	99.9	745
PX214497.1	AY639162_Funneliformis_mosseae	96.2	99.7	99.9	745
PX214497.1	MT832180_Funneliformis_spe	95.4	93.0	99.7	696
PX214497.1	AY639270_Funneliformis_mosseae	89.3	99.6	99.6	747
PX214497.1	MT832179_Septoglomus_viscosum	87.6	92.9	99.9	695
PX214497.1	MT832176_Septoglomus_constrictum	86.9	92.9	99.7	696
PX214497.1	MK348935.1_Funneliglomus_sanmartinese	86.8	97.0	91.2	728
PX214497.1	MT832178_Septoglomus_deserticola	86.5	92.2	99.6	697
PX214497.1	MT832177_Septoglomus_deserticola	85.5	92.2	99.6	697
PX214497.1	FR750203_Glomus_spe	85.5	98.4	99.9	745
PX214497.1	KJ564166.1_Dominikia_indica	85.2	96.5	91.1	729
PX214497.1	FR750526_Glomus_macrocarpum	84.6	98.4	99.9	745
PX214497.1	FR750539_Glomus_macrocarpum	83.2	98.3	99.9	745
PX214496.1	MT832181_Funneliformis_mosseae	98.7	92.9	99.9	694
PX214496.1	MT832182_Funneliformis_mosseae	98.4	93.0	99.9	694
PX214496.1	FN547496_Funneliformis_caledonius	96.9	100.0	99.9	744
PX214496.1	FM876794_Funneliformis_coronatus	96.5	99.9	99.7	745
PX214496.1	AY639162_Funneliformis_mosseae	96.1	99.7	99.7	745
PX214496.1	MT832180_Funneliformis_spe	95.3	93.0	99.6	696
PX214496.1	AY639270_Funneliformis_mosseae	89.4	99.6	99.5	747
PX214496.1	MT832179_Septoglomus_viscosum	87.6	92.9	99.7	695
PX214496.1	MT832178_Septoglomus_deserticola	87.4	92.3	99.6	696
PX214496.1	MT832176_Septoglomus_constrictum	87.2	92.9	99.6	696
PX214496.1	MK348935.1_Funneliglomus_sanmartinese	86.9	97.2	91.2	727
PX214496.1	MT832177_Septoglomus_deserticola	86.4	92.3	99.6	696
PX214496.1	FR750203_Glomus_spe	85.5	98.4	99.7	745
PX214496.1	KJ564166.1_Dominikia_indica	85.2	96.5	91.0	729
PX214496.1	FR750526_Glomus_macrocarpum	84.7	98.4	99.7	745
PX214496.1	FR750539_Glomus_macrocarpum	83.4	98.3	99.7	745
PX214492.1	MT832181_Funneliformis_mosseae	99.0	92.9	100.0	694
PX214492.1	MT832182_Funneliformis_mosseae	98.7	93.0	100.0	694
PX214492.1	FN547496_Funneliformis_caledonius	96.8	100.0	100.0	744
PX214492.1	FM876794_Funneliformis_coronatus	96.4	99.9	99.9	745
PX214492.1	AY639162_Funneliformis_mosseae	96.4	99.7	99.9	745
PX214492.1	MT832180_Funneliformis_spe	95.3	93.0	99.7	696
PX214492.1	AY639270_Funneliformis_mosseae	89.4	99.6	99.6	747
PX214492.1	MT832179_Septoglomus_viscosum	87.8	92.9	99.9	695
PX214492.1	MT832176_Septoglomus_constrictum	87.1	92.9	99.7	696
PX214492.1	MK348935.1_Funneliglomus_sanmartinese	86.7	97.0	91.2	728
PX214492.1	MT832178_Septoglomus_deserticola	86.5	92.2	99.6	697
PX214492.1	MT832177_Septoglomus_deserticola	85.5	92.2	99.6	697
PX214492.1	FR750203_Glomus_spe	85.4	98.4	99.9	745
PX214492.1	KJ564166.1_Dominikia_indica	85.0	96.5	91.1	729
PX214492.1	FR750526_Glomus_macrocarpum	84.4	98.4	99.9	745
PX214492.1	FR750539_Glomus_macrocarpum	83.1	98.3	99.9	745
PX214498.1	MT832181_Funneliformis_mosseae	99.0	92.9	100.0	694
PX214498.1	MT832182_Funneliformis_mosseae	98.7	93.0	100.0	694
PX214498.1	FN547496_Funneliformis_caledonius	96.8	100.0	100.0	744
PX214498.1	FM876794_Funneliformis_coronatus	96.4	99.9	99.9	745
PX214498.1	AY639162_Funneliformis_mosseae	96.4	99.7	99.9	745
PX214498.1	MT832180_Funneliformis_spe	95.3	93.0	99.7	696
PX214498.1	AY639270_Funneliformis_mosseae	89.4	99.6	99.6	747
PX214498.1	MT832179_Septoglomus_viscosum	87.8	92.9	99.9	695
PX214498.1	MT832176_Septoglomus_constrictum	87.1	92.9	99.7	696
PX214498.1	MK348935.1_Funneliglomus_sanmartinese	86.7	97.0	91.2	728
PX214498.1	MT832178_Septoglomus_deserticola	86.5	92.2	99.6	697
PX214498.1	MT832177_Septoglomus_deserticola	85.5	92.2	99.6	697
PX214498.1	FR750203_Glomus_spe	85.4	98.4	99.9	745
PX214498.1	KJ564166.1_Dominikia_indica	85.0	96.5	91.1	729
PX214498.1	FR750526_Glomus_macrocarpum	84.4	98.4	99.9	745
PX214498.1	FR750539_Glomus_macrocarpum	83.1	98.3	99.9	745
PX214499.1	MT832181_Funneliformis_mosseae	99.4	92.9	100.0	694
PX214499.1	MT832182_Funneliformis_mosseae	98.6	93.0	100.0	694
PX214499.1	FN547496_Funneliformis_caledonius	96.6	100.0	100.0	744
PX214499.1	AY639162_Funneliformis_mosseae	96.5	99.7	99.9	745
PX214499.1	FM876794_Funneliformis_coronatus	96.2	99.9	99.9	745
PX214499.1	MT832180_Funneliformis_spe	95.1	93.0	99.7	696
PX214499.1	AY639270_Funneliformis_mosseae	89.6	99.6	99.6	747
PX214499.1	MT832179_Septoglomus_viscosum	88.1	92.9	99.9	695
PX214499.1	MK348935.1_Funneliglomus_sanmartinese	86.7	97.0	91.2	728
PX214499.1	MT832176_Septoglomus_constrictum	86.6	92.9	99.7	696
PX214499.1	MT832178_Septoglomus_deserticola	86.2	92.2	99.6	697
PX214499.1	MT832177_Septoglomus_deserticola	85.2	92.2	99.6	697
PX214499.1	KJ564166.1_Dominikia_indica	85.2	96.5	91.1	729
PX214499.1	FR750203_Glomus_spe	85.0	98.4	99.9	745
PX214499.1	FR750526_Glomus_macrocarpum	84.3	98.4	99.9	745
PX214499.1	FR750539_Glomus_macrocarpum	83.4	98.3	99.9	745
PX214503.1	MT832181_Funneliformis_mosseae	99.7	93.0	100.0	693
PX214503.1	MT832182_Funneliformis_mosseae	98.3	93.0	99.9	694
PX214503.1	FN547496_Funneliformis_caledonius	96.5	100.0	99.9	744
PX214503.1	AY639162_Funneliformis_mosseae	96.5	99.9	99.9	744
PX214503.1	FM876794_Funneliformis_coronatus	96.2	100.0	99.9	744
PX214503.1	MT832180_Funneliformis_spe	95.0	93.0	99.6	696
PX214503.1	AY639270_Funneliformis_mosseae	89.5	99.7	99.6	746
PX214503.1	MT832179_Septoglomus_viscosum	87.8	93.0	99.9	694
PX214503.1	MK348935.1_Funneliglomus_sanmartinese	87.2	97.0	91.0	728
PX214503.1	MT832176_Septoglomus_constrictum	86.5	92.9	99.6	696
PX214503.1	MT832178_Septoglomus_deserticola	86.2	92.2	99.4	697
PX214503.1	MT832177_Septoglomus_deserticola	85.4	92.2	99.4	697
PX214503.1	FR750203_Glomus_spe	85.1	98.4	99.7	745
PX214503.1	KJ564166.1_Dominikia_indica	84.5	96.5	91.0	729
PX214503.1	FR750526_Glomus_macrocarpum	84.3	98.5	99.9	744
PX214503.1	FR750539_Glomus_macrocarpum	83.2	98.4	99.9	744
PX214500.1	MT832181_Funneliformis_mosseae	99.4	92.9	100.0	694
PX214500.1	MT832182_Funneliformis_mosseae	98.6	93.0	100.0	694
PX214500.1	FN547496_Funneliformis_caledonius	96.6	100.0	100.0	744
PX214500.1	AY639162_Funneliformis_mosseae	96.5	99.7	99.9	745
PX214500.1	FM876794_Funneliformis_coronatus	96.2	99.9	99.9	745
PX214500.1	MT832180_Funneliformis_spe	95.1	93.0	99.7	696
PX214500.1	AY639270_Funneliformis_mosseae	89.6	99.6	99.6	747
PX214500.1	MT832179_Septoglomus_viscosum	88.1	92.9	99.9	695
PX214500.1	MK348935.1_Funneliglomus_sanmartinese	86.7	97.0	91.2	728
PX214500.1	MT832176_Septoglomus_constrictum	86.6	92.9	99.7	696
PX214500.1	MT832178_Septoglomus_deserticola	86.2	92.2	99.6	697
PX214500.1	MT832177_Septoglomus_deserticola	85.2	92.2	99.6	697
PX214500.1	KJ564166.1_Dominikia_indica	85.2	96.5	91.1	729
PX214500.1	FR750203_Glomus_spe	85.0	98.4	99.9	745
PX214500.1	FR750526_Glomus_macrocarpum	84.3	98.4	99.9	745
PX214500.1	FR750539_Glomus_macrocarpum	83.4	98.3	99.9	745
PX214505.1	MT832181_Funneliformis_mosseae	99.1	93.0	100.0	693
PX214505.1	MT832182_Funneliformis_mosseae	98.6	93.0	99.9	694
PX214505.1	FN547496_Funneliformis_caledonius	97.0	100.0	99.9	744
PX214505.1	FM876794_Funneliformis_coronatus	96.8	100.0	99.9	744
PX214505.1	AY639162_Funneliformis_mosseae	96.5	99.9	99.9	744
PX214505.1	MT832180_Funneliformis_spe	95.5	93.0	99.6	696
PX214505.1	AY639270_Funneliformis_mosseae	89.8	99.7	99.6	746
PX214505.1	MK348935.1_Funneliglomus_sanmartinese	87.8	97.0	91.0	728
PX214505.1	MT832179_Septoglomus_viscosum	87.6	93.0	99.9	694
PX214505.1	MT832176_Septoglomus_constrictum	87.1	92.9	99.6	696
PX214505.1	MT832178_Septoglomus_deserticola	86.5	92.2	99.4	697
PX214505.1	MT832177_Septoglomus_deserticola	85.7	92.2	99.4	697
PX214505.1	FR750203_Glomus_spe	85.6	98.4	99.7	745
PX214505.1	FR750526_Glomus_macrocarpum	84.8	98.5	99.9	744
PX214505.1	KJ564166.1_Dominikia_indica	84.8	96.5	91.0	729
PX214505.1	FR750539_Glomus_macrocarpum	83.7	98.4	99.9	744
PX214504.1	MT832181_Funneliformis_mosseae	99.0	92.9	100.0	694
PX214504.1	MT832182_Funneliformis_mosseae	98.4	93.0	100.0	694
PX214504.1	FN547496_Funneliformis_caledonius	96.5	100.0	100.0	744
PX214504.1	AY639162_Funneliformis_mosseae	96.4	99.7	99.9	745
PX214504.1	FM876794_Funneliformis_coronatus	96.1	99.9	99.9	745
PX214504.1	MT832180_Funneliformis_spe	95.1	93.0	99.7	696
PX214504.1	AY639270_Funneliformis_mosseae	89.4	99.6	99.6	747
PX214504.1	MT832179_Septoglomus_viscosum	87.6	92.9	99.9	695
PX214504.1	MT832176_Septoglomus_constrictum	86.8	92.9	99.7	696
PX214504.1	MK348935.1_Funneliglomus_sanmartinese	86.5	97.0	91.2	728
PX214504.1	MT832178_Septoglomus_deserticola	86.2	92.2	99.6	697
PX214504.1	MT832177_Septoglomus_deserticola	85.2	92.2	99.6	697
PX214504.1	FR750203_Glomus_spe	85.1	98.4	99.9	745
PX214504.1	KJ564166.1_Dominikia_indica	85.0	96.5	91.1	729
PX214504.1	FR750526_Glomus_macrocarpum	84.2	98.4	99.9	745
PX214504.1	FR750539_Glomus_macrocarpum	82.8	98.3	99.9	745
PX214502.1	MT832181_Funneliformis_mosseae	99.4	93.0	100.0	693
PX214502.1	MT832182_Funneliformis_mosseae	98.3	93.0	99.9	694
PX214502.1	FN547496_Funneliformis_caledonius	96.8	100.0	99.9	744
PX214502.1	FM876794_Funneliformis_coronatus	96.5	100.0	99.9	744
PX214502.1	AY639162_Funneliformis_mosseae	96.2	99.9	99.9	744
PX214502.1	MT832180_Funneliformis_spe	95.3	93.0	99.6	696
PX214502.1	AY639270_Funneliformis_mosseae	89.5	99.7	99.6	746
PX214502.1	MT832179_Septoglomus_viscosum	87.6	93.0	99.9	694
PX214502.1	MK348935.1_Funneliglomus_sanmartinese	87.5	97.0	91.0	728
PX214502.1	MT832176_Septoglomus_constrictum	86.8	92.9	99.6	696
PX214502.1	MT832178_Septoglomus_deserticola	86.5	92.2	99.4	697
PX214502.1	MT832177_Septoglomus_deserticola	85.7	92.2	99.4	697
PX214502.1	FR750203_Glomus_spe	85.4	98.4	99.7	745
PX214502.1	FR750526_Glomus_macrocarpum	84.5	98.5	99.9	744
PX214502.1	KJ564166.1_Dominikia_indica	84.5	96.5	91.0	729
PX214502.1	FR750539_Glomus_macrocarpum	83.5	98.4	99.9	744
PX214507.1	MT832181_Funneliformis_mosseae	99.1	92.9	100.0	694
PX214507.1	MT832182_Funneliformis_mosseae	98.0	93.0	100.0	694
PX214507.1	FN547496_Funneliformis_caledonius	96.4	100.0	100.0	744
PX214507.1	FM876794_Funneliformis_coronatus	96.0	99.9	99.9	745
PX214507.1	AY639162_Funneliformis_mosseae	96.0	99.7	99.9	745
PX214507.1	MT832180_Funneliformis_spe	94.8	93.0	99.7	696
PX214507.1	AY639270_Funneliformis_mosseae	89.3	99.6	99.6	747
PX214507.1	MT832179_Septoglomus_viscosum	87.8	92.9	99.9	695
PX214507.1	MT832175_Septoglomus_constrictum	87.1	92.7	99.7	696
PX214507.1	MT832176_Septoglomus_constrictum	86.9	92.9	99.7	696
PX214507.1	MK348935.1_Funneliglomus_sanmartinese	86.7	97.0	91.2	728
PX214507.1	MT832178_Septoglomus_deserticola	86.7	92.2	99.6	697
PX214507.1	MT832177_Septoglomus_deserticola	85.7	92.2	99.6	697
PX214507.1	FR750203_Glomus_spe	85.2	98.4	99.9	745
PX214507.1	FR750526_Glomus_macrocarpum	84.3	98.4	99.9	745
PX214507.1	FR750539_Glomus_macrocarpum	83.0	98.3	99.9	745
PX214508.1	MT832181_Funneliformis_mosseae	99.3	92.9	100.0	694
PX214508.1	MT832182_Funneliformis_mosseae	98.1	93.0	100.0	694
PX214508.1	FN547496_Funneliformis_caledonius	96.5	100.0	100.0	744
PX214508.1	FM876794_Funneliformis_coronatus	96.1	99.9	99.9	745
PX214508.1	AY639162_Funneliformis_mosseae	96.1	99.7	99.9	745
PX214508.1	MT832180_Funneliformis_spe	95.0	93.0	99.7	696
PX214508.1	AY639270_Funneliformis_mosseae	89.4	99.6	99.6	747
PX214508.1	MT832179_Septoglomus_viscosum	87.6	92.9	99.9	695
PX214508.1	MT832176_Septoglomus_constrictum	86.8	92.9	99.7	696
PX214508.1	MK348935.1_Funneliglomus_sanmartinese	86.5	97.0	91.2	728
PX214508.1	MT832178_Septoglomus_deserticola	86.5	92.2	99.6	697
PX214508.1	MT832177_Septoglomus_deserticola	85.5	92.2	99.6	697
PX214508.1	FR750203_Glomus_spe	85.1	98.4	99.9	745
PX214508.1	KJ564166.1_Dominikia_indica	85.0	96.5	91.1	729
PX214508.1	FR750526_Glomus_macrocarpum	84.2	98.4	99.9	745
PX214508.1	FR750539_Glomus_macrocarpum	82.8	98.3	99.9	745
PX214501.1	MT832181_Funneliformis_mosseae	99.3	92.9	100.0	694
PX214501.1	MT832182_Funneliformis_mosseae	98.7	93.0	100.0	694
PX214501.1	FN547496_Funneliformis_caledonius	96.8	100.0	100.0	744
PX214501.1	FM876794_Funneliformis_coronatus	96.4	99.9	99.9	745
PX214501.1	AY639162_Funneliformis_mosseae	96.4	99.7	99.9	745
PX214501.1	MT832180_Funneliformis_spe	95.3	93.0	99.7	696
PX214501.1	AY639270_Funneliformis_mosseae	89.4	99.6	99.6	747
PX214501.1	MT832179_Septoglomus_viscosum	88.1	92.9	99.9	695
PX214501.1	MT832176_Septoglomus_constrictum	86.8	92.9	99.7	696
PX214501.1	MK348935.1_Funneliglomus_sanmartinese	86.7	97.0	91.2	728
PX214501.1	MT832178_Septoglomus_deserticola	86.4	92.2	99.6	697
PX214501.1	MT832177_Septoglomus_deserticola	85.4	92.2	99.6	697
PX214501.1	FR750203_Glomus_spe	85.1	98.4	99.9	745
PX214501.1	KJ564166.1_Dominikia_indica	85.0	96.5	91.1	729
PX214501.1	FR750526_Glomus_macrocarpum	84.4	98.4	99.9	745
PX214501.1	FR750539_Glomus_macrocarpum	83.5	98.3	99.9	745
PX214506.1	MT832181_Funneliformis_mosseae	99.1	92.9	100.0	694
PX214506.1	MT832182_Funneliformis_mosseae	98.0	93.0	100.0	694
PX214506.1	FN547496_Funneliformis_caledonius	96.4	100.0	100.0	744
PX214506.1	FM876794_Funneliformis_coronatus	96.0	99.9	99.9	745
PX214506.1	AY639162_Funneliformis_mosseae	96.0	99.7	99.9	745
PX214506.1	MT832180_Funneliformis_spe	94.8	93.0	99.7	696
PX214506.1	AY639270_Funneliformis_mosseae	89.3	99.6	99.6	747
PX214506.1	MT832179_Septoglomus_viscosum	87.8	92.9	99.9	695
PX214506.1	MT832175_Septoglomus_constrictum	87.1	92.7	99.7	696
PX214506.1	MT832176_Septoglomus_constrictum	86.9	92.9	99.7	696
PX214506.1	MK348935.1_Funneliglomus_sanmartinese	86.7	97.0	91.2	728
PX214506.1	MT832178_Septoglomus_deserticola	86.7	92.2	99.6	697
PX214506.1	MT832177_Septoglomus_deserticola	85.7	92.2	99.6	697
PX214506.1	FR750203_Glomus_spe	85.2	98.4	99.9	745
PX214506.1	FR750526_Glomus_macrocarpum	84.3	98.4	99.9	745
PX214506.1	FR750539_Glomus_macrocarpum	83.0	98.3	99.9	745
PX214509.1	MT832181_Funneliformis_mosseae	99.1	93.0	100.0	693
PX214509.1	MT832182_Funneliformis_mosseae	98.6	93.0	99.9	694
PX214509.1	FN547496_Funneliformis_caledonius	97.0	100.0	99.9	744
PX214509.1	FM876794_Funneliformis_coronatus	96.8	100.0	99.9	744
PX214509.1	AY639162_Funneliformis_mosseae	96.5	99.9	99.9	744
PX214509.1	MT832180_Funneliformis_spe	95.5	93.0	99.6	696
PX214509.1	AY639270_Funneliformis_mosseae	89.8	99.7	99.6	746
PX214509.1	MK348935.1_Funneliglomus_sanmartinese	87.8	97.0	91.0	728
PX214509.1	MT832179_Septoglomus_viscosum	87.6	93.0	99.9	694
PX214509.1	MT832176_Septoglomus_constrictum	87.1	92.9	99.6	696
PX214509.1	MT832178_Septoglomus_deserticola	86.5	92.2	99.4	697
PX214509.1	MT832177_Septoglomus_deserticola	85.7	92.2	99.4	697
PX214509.1	FR750203_Glomus_spe	85.6	98.4	99.7	745
PX214509.1	FR750526_Glomus_macrocarpum	84.8	98.5	99.9	744
PX214509.1	KJ564166.1_Dominikia_indica	84.8	96.5	91.0	729
PX214509.1	FR750539_Glomus_macrocarpum	83.7	98.4	99.9	744
PX214510.1	MT832181_Funneliformis_mosseae	99.3	93.0	100.0	693
PX214510.1	MT832182_Funneliformis_mosseae	98.3	93.0	99.9	694
PX214510.1	FN547496_Funneliformis_caledonius	96.8	100.0	99.9	744
PX214510.1	FM876794_Funneliformis_coronatus	96.5	100.0	99.9	744
PX214510.1	AY639162_Funneliformis_mosseae	96.2	99.9	99.9	744
PX214510.1	MT832180_Funneliformis_spe	95.3	93.0	99.6	696
PX214510.1	AY639270_Funneliformis_mosseae	89.5	99.7	99.6	746
PX214510.1	MT832179_Septoglomus_viscosum	87.6	93.0	99.9	694
PX214510.1	MK348935.1_Funneliglomus_sanmartinese	87.5	97.0	91.0	728
PX214510.1	MT832176_Septoglomus_constrictum	86.8	92.9	99.6	696
PX214510.1	MT832178_Septoglomus_deserticola	86.7	92.2	99.4	697
PX214510.1	MT832177_Septoglomus_deserticola	85.8	92.2	99.4	697
PX214510.1	FR750203_Glomus_spe	85.4	98.4	99.7	745
PX214510.1	FR750526_Glomus_macrocarpum	84.5	98.5	99.9	744
PX214510.1	KJ564166.1_Dominikia_indica	84.5	96.5	91.0	729
PX214510.1	FR750539_Glomus_macrocarpum	83.5	98.4	99.9	744
PX214511.1	MT832181_Funneliformis_mosseae	99.1	92.9	100.0	694
PX214511.1	MT832182_Funneliformis_mosseae	98.0	93.0	100.0	694
PX214511.1	FN547496_Funneliformis_caledonius	96.4	100.0	100.0	744
PX214511.1	FM876794_Funneliformis_coronatus	96.0	99.9	99.9	745
PX214511.1	AY639162_Funneliformis_mosseae	96.0	99.7	99.9	745
PX214511.1	MT832180_Funneliformis_spe	94.8	93.0	99.7	696
PX214511.1	AY639270_Funneliformis_mosseae	89.3	99.6	99.6	747
PX214511.1	MT832179_Septoglomus_viscosum	87.6	92.9	99.9	695
PX214511.1	MK348935.1_Funneliglomus_sanmartinese	86.4	97.0	91.2	728
PX214511.1	MT832176_Septoglomus_constrictum	86.4	92.9	99.7	696
PX214511.1	MT832178_Septoglomus_deserticola	86.1	92.2	99.6	697
PX214511.1	MT832177_Septoglomus_deserticola	85.1	92.2	99.6	697
PX214511.1	KJ564166.1_Dominikia_indica	84.9	96.5	91.1	729
PX214511.1	FR750203_Glomus_spe	84.7	98.4	99.9	745
PX214511.1	FR750526_Glomus_macrocarpum	84.0	98.4	99.9	745
PX214511.1	FR750539_Glomus_macrocarpum	82.7	97.2	98.8	753
PX214512.1	MT832181_Funneliformis_mosseae	99.3	92.9	100.0	694
PX214512.1	MT832182_Funneliformis_mosseae	98.1	93.0	100.0	694
PX214512.1	FN547496_Funneliformis_caledonius	96.5	100.0	100.0	744
PX214512.1	FM876794_Funneliformis_coronatus	96.1	99.9	99.9	745
PX214512.1	AY639162_Funneliformis_mosseae	96.1	99.7	99.9	745
PX214512.1	MT832180_Funneliformis_spe	95.0	93.0	99.7	696
PX214512.1	AY639270_Funneliformis_mosseae	89.4	99.6	99.6	747
PX214512.1	MT832179_Septoglomus_viscosum	87.6	92.9	99.9	695
PX214512.1	MT832176_Septoglomus_constrictum	86.8	92.9	99.7	696
PX214512.1	MK348935.1_Funneliglomus_sanmartinese	86.5	97.0	91.2	728
PX214512.1	MT832178_Septoglomus_deserticola	86.5	92.2	99.6	697
PX214512.1	MT832177_Septoglomus_deserticola	85.5	92.2	99.6	697
PX214512.1	FR750203_Glomus_spe	85.1	98.4	99.9	745
PX214512.1	KJ564166.1_Dominikia_indica	85.0	96.5	91.1	729
PX214512.1	FR750526_Glomus_macrocarpum	84.2	98.4	99.9	745
PX214512.1	FR750539_Glomus_macrocarpum	82.8	98.3	99.9	745
PX214513.1	MT832181_Funneliformis_mosseae	99.1	92.9	100.0	694
PX214513.1	MT832182_Funneliformis_mosseae	98.0	93.0	100.0	694
PX214513.1	FN547496_Funneliformis_caledonius	96.4	100.0	100.0	744
PX214513.1	FM876794_Funneliformis_coronatus	96.0	99.9	99.9	745
PX214513.1	AY639162_Funneliformis_mosseae	96.0	99.7	99.9	745
PX214513.1	MT832180_Funneliformis_spe	94.8	93.0	99.7	696
PX214513.1	AY639270_Funneliformis_mosseae	89.3	99.6	99.6	747
PX214513.1	MT832179_Septoglomus_viscosum	87.8	92.9	99.9	695
PX214513.1	MT832175_Septoglomus_constrictum	87.1	92.7	99.7	696
PX214513.1	MT832176_Septoglomus_constrictum	86.9	92.9	99.7	696
PX214513.1	MK348935.1_Funneliglomus_sanmartinese	86.7	97.0	91.2	728
PX214513.1	MT832178_Septoglomus_deserticola	86.7	92.2	99.6	697
PX214513.1	MT832177_Septoglomus_deserticola	85.7	92.2	99.6	697
PX214513.1	FR750203_Glomus_spe	85.2	98.4	99.9	745
PX214513.1	FR750526_Glomus_macrocarpum	84.3	98.4	99.9	745
PX214513.1	FR750539_Glomus_macrocarpum	83.0	98.3	99.9	745
PX214515.1	MT832181_Funneliformis_mosseae	99.0	92.9	100.0	694
PX214515.1	MT832182_Funneliformis_mosseae	97.8	93.0	100.0	694
PX214515.1	FN547496_Funneliformis_caledonius	96.5	100.0	100.0	744
PX214515.1	FM876794_Funneliformis_coronatus	96.1	99.9	99.9	745
PX214515.1	AY639162_Funneliformis_mosseae	95.8	99.7	99.9	745
PX214515.1	MT832180_Funneliformis_spe	95.0	93.0	99.7	696
PX214515.1	AY639270_Funneliformis_mosseae	89.2	99.6	99.6	747
PX214515.1	MT832179_Septoglomus_viscosum	87.3	92.9	99.9	695
PX214515.1	MK348935.1_Funneliglomus_sanmartinese	86.5	97.0	91.2	728
PX214515.1	MT832176_Septoglomus_constrictum	86.5	92.9	99.7	696
PX214515.1	MT832178_Septoglomus_deserticola	86.4	92.2	99.6	697
PX214515.1	MT832177_Septoglomus_deserticola	85.4	92.2	99.6	697
PX214515.1	FR750203_Glomus_spe	85.1	98.4	99.9	745
PX214515.1	KJ564166.1_Dominikia_indica	85.0	96.5	91.1	729
PX214515.1	FR750526_Glomus_macrocarpum	84.2	98.4	99.9	745
PX214515.1	FR750539_Glomus_macrocarpum	82.8	98.3	99.9	745
PX214514.1	MT832181_Funneliformis_mosseae	99.1	92.9	100.0	694
PX214514.1	MT832182_Funneliformis_mosseae	98.0	93.0	100.0	694
PX214514.1	FN547496_Funneliformis_caledonius	96.4	100.0	100.0	744
PX214514.1	FM876794_Funneliformis_coronatus	96.0	99.9	99.9	745
PX214514.1	AY639162_Funneliformis_mosseae	96.0	99.7	99.9	745
PX214514.1	MT832180_Funneliformis_spe	94.8	93.0	99.7	696
PX214514.1	AY639270_Funneliformis_mosseae	89.3	99.6	99.6	747
PX214514.1	MT832179_Septoglomus_viscosum	87.6	92.9	99.9	695
PX214514.1	MK348935.1_Funneliglomus_sanmartinese	86.4	97.0	91.2	728
PX214514.1	MT832176_Septoglomus_constrictum	86.4	92.9	99.7	696
PX214514.1	MT832178_Septoglomus_deserticola	86.1	92.2	99.6	697
PX214514.1	MT832177_Septoglomus_deserticola	85.1	92.2	99.6	697
PX214514.1	KJ564166.1_Dominikia_indica	84.9	96.5	91.1	729
PX214514.1	FR750203_Glomus_spe	84.7	98.4	99.9	745
PX214514.1	FR750526_Glomus_macrocarpum	84.0	98.4	99.9	745
PX214514.1	FR750539_Glomus_macrocarpum	82.7	97.2	98.8	753
PX214516.1	MT832181_Funneliformis_mosseae	99.0	92.9	100.0	694
PX214516.1	MT832182_Funneliformis_mosseae	98.4	93.0	100.0	694
PX214516.1	FN547496_Funneliformis_caledonius	96.8	100.0	100.0	744
PX214516.1	FM876794_Funneliformis_coronatus	96.4	99.9	99.9	745
PX214516.1	AY639162_Funneliformis_mosseae	96.4	99.7	99.9	745
PX214516.1	MT832180_Funneliformis_spe	95.3	93.0	99.7	696
PX214516.1	AY639270_Funneliformis_mosseae	89.7	99.6	99.6	747
PX214516.1	MT832179_Septoglomus_viscosum	87.6	92.9	99.9	695
PX214516.1	MT832176_Septoglomus_constrictum	87.1	92.9	99.7	696
PX214516.1	MK348935.1_Funneliglomus_sanmartinese	86.8	97.0	91.2	728
PX214516.1	MT832178_Septoglomus_deserticola	86.5	92.2	99.6	697
PX214516.1	MT832177_Septoglomus_deserticola	85.5	92.2	99.6	697
PX214516.1	FR750203_Glomus_spe	85.4	98.4	99.9	745
PX214516.1	KJ564166.1_Dominikia_indica	85.3	96.5	91.1	729
PX214516.1	FR750526_Glomus_macrocarpum	84.4	98.4	99.9	745
PX214516.1	FR750539_Glomus_macrocarpum	83.1	98.3	99.9	745
PX214518.1	MT832181_Funneliformis_mosseae	98.8	92.9	100.0	694
PX214518.1	MT832182_Funneliformis_mosseae	98.6	93.0	100.0	694
PX214518.1	FN547496_Funneliformis_caledonius	96.9	100.0	100.0	744
PX214518.1	FM876794_Funneliformis_coronatus	96.5	99.9	99.9	745
PX214518.1	AY639162_Funneliformis_mosseae	96.2	99.7	99.9	745
PX214518.1	MT832180_Funneliformis_spe	95.4	93.0	99.7	696
PX214518.1	AY639270_Funneliformis_mosseae	89.6	99.6	99.6	747
PX214518.1	MT832179_Septoglomus_viscosum	87.6	92.9	99.9	695
PX214518.1	MT832176_Septoglomus_constrictum	87.2	92.9	99.7	696
PX214518.1	MK348935.1_Funneliglomus_sanmartinese	86.8	97.0	91.2	728
PX214518.1	MT832178_Septoglomus_deserticola	86.7	92.2	99.6	697
PX214518.1	MT832177_Septoglomus_deserticola	85.7	92.2	99.6	697
PX214518.1	FR750203_Glomus_spe	85.5	98.4	99.9	745
PX214518.1	KJ564166.1_Dominikia_indica	85.2	96.5	91.1	729
PX214518.1	FR750526_Glomus_macrocarpum	84.6	98.4	99.9	745
PX214518.1	FR750539_Glomus_macrocarpum	83.2	98.3	99.9	745
PX214517.1	MT832181_Funneliformis_mosseae	99.0	92.9	100.0	694
PX214517.1	MT832182_Funneliformis_mosseae	98.4	93.0	100.0	694
PX214517.1	FN547496_Funneliformis_caledonius	96.8	100.0	100.0	744
PX214517.1	FM876794_Funneliformis_coronatus	96.4	99.9	99.9	745
PX214517.1	AY639162_Funneliformis_mosseae	96.4	99.7	99.9	745
PX214517.1	MT832180_Funneliformis_spe	95.3	93.0	99.7	696
PX214517.1	AY639270_Funneliformis_mosseae	89.7	99.6	99.6	747
PX214517.1	MT832179_Septoglomus_viscosum	87.6	92.9	99.9	695
PX214517.1	MT832176_Septoglomus_constrictum	87.1	92.9	99.7	696
PX214517.1	MK348935.1_Funneliglomus_sanmartinese	86.8	97.0	91.2	728
PX214517.1	MT832178_Septoglomus_deserticola	86.5	92.2	99.6	697
PX214517.1	MT832177_Septoglomus_deserticola	85.5	92.2	99.6	697
PX214517.1	FR750203_Glomus_spe	85.4	98.4	99.9	745
PX214517.1	KJ564166.1_Dominikia_indica	85.3	96.5	91.1	729
PX214517.1	FR750526_Glomus_macrocarpum	84.4	98.4	99.9	745
PX214517.1	FR750539_Glomus_macrocarpum	83.1	98.3	99.9	745
PX214519.1	MT832181_Funneliformis_mosseae	98.8	92.9	100.0	694
PX214519.1	MT832182_Funneliformis_mosseae	98.6	93.0	100.0	694
PX214519.1	FN547496_Funneliformis_caledonius	96.9	100.0	100.0	744
PX214519.1	FM876794_Funneliformis_coronatus	96.5	99.9	99.9	745
PX214519.1	AY639162_Funneliformis_mosseae	96.2	99.7	99.9	745
PX214519.1	MT832180_Funneliformis_spe	95.4	93.0	99.7	696
PX214519.1	AY639270_Funneliformis_mosseae	89.6	99.6	99.6	747
PX214519.1	MT832179_Septoglomus_viscosum	87.6	92.9	99.9	695
PX214519.1	MT832176_Septoglomus_constrictum	87.2	92.9	99.7	696
PX214519.1	MK348935.1_Funneliglomus_sanmartinese	86.8	97.0	91.2	728
PX214519.1	MT832178_Septoglomus_deserticola	86.7	92.2	99.6	697
PX214519.1	MT832177_Septoglomus_deserticola	85.7	92.2	99.6	697
PX214519.1	FR750203_Glomus_spe	85.5	98.4	99.9	745
PX214519.1	KJ564166.1_Dominikia_indica	85.2	96.5	91.1	729
PX214519.1	FR750526_Glomus_macrocarpum	84.6	98.4	99.9	745
PX214519.1	FR750539_Glomus_macrocarpum	83.2	98.3	99.9	745
PX214520.1	MT832181_Funneliformis_mosseae	98.8	92.9	100.0	694
PX214520.1	MT832182_Funneliformis_mosseae	98.6	93.0	100.0	694
PX214520.1	FN547496_Funneliformis_caledonius	96.9	100.0	100.0	744
PX214520.1	FM876794_Funneliformis_coronatus	96.5	99.9	99.9	745
PX214520.1	AY639162_Funneliformis_mosseae	96.2	99.7	99.9	745
PX214520.1	MT832180_Funneliformis_spe	95.4	93.0	99.7	696
PX214520.1	AY639270_Funneliformis_mosseae	89.6	99.6	99.6	747
PX214520.1	MT832179_Septoglomus_viscosum	87.6	92.9	99.9	695
PX214520.1	MT832176_Septoglomus_constrictum	87.2	92.9	99.7	696
PX214520.1	MK348935.1_Funneliglomus_sanmartinese	86.8	97.0	91.2	728
PX214520.1	MT832178_Septoglomus_deserticola	86.7	92.2	99.6	697
PX214520.1	MT832177_Septoglomus_deserticola	85.7	92.2	99.6	697
PX214520.1	FR750203_Glomus_spe	85.5	98.4	99.9	745
PX214520.1	KJ564166.1_Dominikia_indica	85.2	96.5	91.1	729
PX214520.1	FR750526_Glomus_macrocarpum	84.6	98.4	99.9	745
PX214520.1	FR750539_Glomus_macrocarpum	83.2	98.3	99.9	745
PX214521.1	MT832181_Funneliformis_mosseae	99.0	92.9	100.0	694
PX214521.1	MT832182_Funneliformis_mosseae	98.4	93.0	100.0	694
PX214521.1	FN547496_Funneliformis_caledonius	96.8	100.0	100.0	744
PX214521.1	FM876794_Funneliformis_coronatus	96.4	99.9	99.9	745
PX214521.1	AY639162_Funneliformis_mosseae	96.4	99.7	99.9	745
PX214521.1	MT832180_Funneliformis_spe	95.3	93.0	99.7	696
PX214521.1	AY639270_Funneliformis_mosseae	89.7	99.6	99.6	747
PX214521.1	MT832179_Septoglomus_viscosum	87.6	92.9	99.9	695
PX214521.1	MT832176_Septoglomus_constrictum	87.1	92.9	99.7	696
PX214521.1	MK348935.1_Funneliglomus_sanmartinese	86.8	97.0	91.2	728
PX214521.1	MT832178_Septoglomus_deserticola	86.5	92.2	99.6	697
PX214521.1	MT832177_Septoglomus_deserticola	85.5	92.2	99.6	697
PX214521.1	FR750203_Glomus_spe	85.4	98.4	99.9	745
PX214521.1	KJ564166.1_Dominikia_indica	85.3	96.5	91.1	729
PX214521.1	FR750526_Glomus_macrocarpum	84.4	98.4	99.9	745
PX214521.1	FR750539_Glomus_macrocarpum	83.1	98.3	99.9	745
PX214522.1	MT832181_Funneliformis_mosseae	98.6	92.9	100.0	694
PX214522.1	MT832182_Funneliformis_mosseae	98.0	93.0	100.0	694
PX214522.1	FN547496_Funneliformis_caledonius	96.6	100.0	100.0	744
PX214522.1	FM876794_Funneliformis_coronatus	96.0	99.9	99.9	745
PX214522.1	AY639162_Funneliformis_mosseae	96.0	99.7	99.9	745
PX214522.1	MT832180_Funneliformis_spe	94.5	93.0	99.7	696
PX214522.1	AY639270_Funneliformis_mosseae	89.0	99.6	99.6	747
PX214522.1	MT832179_Septoglomus_viscosum	87.2	92.9	99.9	695
PX214522.1	MT832175_Septoglomus_constrictum	86.5	92.7	99.7	696
PX214522.1	MT832176_Septoglomus_constrictum	86.5	92.9	99.7	696
PX214522.1	MK348935.1_Funneliglomus_sanmartinese	86.3	97.0	91.2	728
PX214522.1	MT832178_Septoglomus_deserticola	85.8	92.2	99.6	697
PX214522.1	MT832177_Septoglomus_deserticola	84.8	92.2	99.6	697
PX214522.1	FR750203_Glomus_spe	84.7	98.4	99.9	745
PX214522.1	FR750526_Glomus_macrocarpum	83.8	98.4	99.9	745
PX214522.1	FR750539_Glomus_macrocarpum	82.4	98.3	99.9	745
PX214524.1	MT832181_Funneliformis_mosseae	98.8	92.9	100.0	694
PX214524.1	MT832182_Funneliformis_mosseae	98.6	93.0	100.0	694
PX214524.1	FN547496_Funneliformis_caledonius	96.6	100.0	100.0	744
PX214524.1	FM876794_Funneliformis_coronatus	96.2	99.9	99.9	745
PX214524.1	AY639162_Funneliformis_mosseae	96.2	99.7	99.9	745
PX214524.1	MT832180_Funneliformis_spe	95.0	93.0	99.7	696
PX214524.1	AY639270_Funneliformis_mosseae	89.6	99.6	99.6	747
PX214524.1	MT832179_Septoglomus_viscosum	87.8	92.9	99.9	695
PX214524.1	MT832175_Septoglomus_constrictum	86.9	92.7	99.7	696
PX214524.1	MT832176_Septoglomus_constrictum	86.8	92.9	99.7	696
PX214524.1	MK348935.1_Funneliglomus_sanmartinese	86.4	97.0	91.2	728
PX214524.1	MT832178_Septoglomus_deserticola	85.9	92.2	99.6	697
PX214524.1	MT832177_Septoglomus_deserticola	84.9	92.2	99.6	697
PX214524.1	FR750203_Glomus_spe	84.8	98.4	99.9	745
PX214524.1	FR750526_Glomus_macrocarpum	84.3	98.4	99.9	745
PX214524.1	FR750539_Glomus_macrocarpum	83.4	98.3	99.9	745
PX214527.1	MT832181_Funneliformis_mosseae	99.0	92.9	100.0	694
PX214527.1	MT832182_Funneliformis_mosseae	98.7	93.0	100.0	694
PX214527.1	FN547496_Funneliformis_caledonius	96.8	100.0	100.0	744
PX214527.1	FM876794_Funneliformis_coronatus	96.4	99.9	99.9	745
PX214527.1	AY639162_Funneliformis_mosseae	96.4	99.7	99.9	745
PX214527.1	MT832180_Funneliformis_spe	95.3	93.0	99.7	696
PX214527.1	AY639270_Funneliformis_mosseae	89.4	99.6	99.6	747
PX214527.1	MT832179_Septoglomus_viscosum	87.6	92.9	99.9	695
PX214527.1	MK348935.1_Funneliglomus_sanmartinese	87.1	97.0	91.2	728
PX214527.1	MT832176_Septoglomus_constrictum	86.6	92.9	99.7	696
PX214527.1	MT832178_Septoglomus_deserticola	86.1	92.2	99.6	697
PX214527.1	KJ564166.1_Dominikia_indica	85.5	96.5	91.1	729
PX214527.1	FR750203_Glomus_spe	85.2	98.4	99.9	745
PX214527.1	MT832177_Septoglomus_deserticola	85.1	92.2	99.6	697
PX214527.1	FR750526_Glomus_macrocarpum	84.6	98.4	99.9	745
PX214527.1	FR750539_Glomus_macrocarpum	83.6	98.3	99.9	745
PX214523.1	MT832181_Funneliformis_mosseae	98.6	92.9	100.0	694
PX214523.1	MT832182_Funneliformis_mosseae	98.0	93.0	100.0	694
PX214523.1	FN547496_Funneliformis_caledonius	96.6	100.0	100.0	744
PX214523.1	FM876794_Funneliformis_coronatus	96.0	99.9	99.9	745
PX214523.1	AY639162_Funneliformis_mosseae	96.0	99.7	99.9	745
PX214523.1	MT832180_Funneliformis_spe	94.5	93.0	99.7	696
PX214523.1	AY639270_Funneliformis_mosseae	89.0	99.6	99.6	747
PX214523.1	MT832179_Septoglomus_viscosum	87.2	92.9	99.9	695
PX214523.1	MT832175_Septoglomus_constrictum	86.5	92.7	99.7	696
PX214523.1	MT832176_Septoglomus_constrictum	86.5	92.9	99.7	696
PX214523.1	MK348935.1_Funneliglomus_sanmartinese	86.3	97.0	91.2	728
PX214523.1	MT832178_Septoglomus_deserticola	85.8	92.2	99.6	697
PX214523.1	MT832177_Septoglomus_deserticola	84.8	92.2	99.6	697
PX214523.1	FR750203_Glomus_spe	84.7	98.4	99.9	745
PX214523.1	FR750526_Glomus_macrocarpum	83.8	98.4	99.9	745
PX214523.1	FR750539_Glomus_macrocarpum	82.4	98.3	99.9	745
PX214525.1	MT832181_Funneliformis_mosseae	98.6	92.9	100.0	694
PX214525.1	MT832182_Funneliformis_mosseae	98.3	93.0	100.0	694
PX214525.1	FN547496_Funneliformis_caledonius	96.9	100.0	100.0	744
PX214525.1	FM876794_Funneliformis_coronatus	96.2	99.9	99.9	745
PX214525.1	AY639162_Funneliformis_mosseae	96.0	99.7	99.9	745
PX214525.1	MT832180_Funneliformis_spe	94.7	93.0	99.7	696
PX214525.1	AY639270_Funneliformis_mosseae	89.3	99.6	99.6	747
PX214525.1	MT832179_Septoglomus_viscosum	87.5	92.9	99.9	695
PX214525.1	MT832176_Septoglomus_constrictum	86.8	92.9	99.7	696
PX214525.1	MT832175_Septoglomus_constrictum	86.6	92.7	99.7	696
PX214525.1	MK348935.1_Funneliglomus_sanmartinese	86.3	97.0	91.2	728
PX214525.1	MT832178_Septoglomus_deserticola	85.9	92.2	99.6	697
PX214525.1	MT832177_Septoglomus_deserticola	84.9	92.2	99.6	697
PX214525.1	FR750203_Glomus_spe	84.8	98.4	99.9	745
PX214525.1	FR750526_Glomus_macrocarpum	84.0	98.4	99.9	745
PX214525.1	FR750539_Glomus_macrocarpum	83.1	98.3	99.9	745
PX214528.1	MT832181_Funneliformis_mosseae	98.7	92.9	100.0	694
PX214528.1	MT832182_Funneliformis_mosseae	98.4	93.0	100.0	694
PX214528.1	FN547496_Funneliformis_caledonius	96.8	100.0	100.0	744
PX214528.1	FM876794_Funneliformis_coronatus	96.4	99.9	99.9	745
PX214528.1	AY639162_Funneliformis_mosseae	96.1	99.7	99.9	745
PX214528.1	MT832180_Funneliformis_spe	95.3	93.0	99.7	696
PX214528.1	AY639270_Funneliformis_mosseae	89.4	99.6	99.6	747
PX214528.1	MT832179_Septoglomus_viscosum	87.3	92.9	99.9	695
PX214528.1	MK348935.1_Funneliglomus_sanmartinese	87.1	97.0	91.2	728
PX214528.1	MT832175_Septoglomus_constrictum	87.1	92.7	99.7	696
PX214528.1	MT832176_Septoglomus_constrictum	86.6	92.9	99.7	696
PX214528.1	MT832178_Septoglomus_deserticola	86.1	92.2	99.6	697
PX214528.1	FR750203_Glomus_spe	85.2	98.4	99.9	745
PX214528.1	MT832177_Septoglomus_deserticola	85.1	92.2	99.6	697
PX214528.1	FR750526_Glomus_macrocarpum	84.6	98.4	99.9	745
PX214528.1	FR750539_Glomus_macrocarpum	83.6	98.3	99.9	745
PX214526.1	MT832181_Funneliformis_mosseae	98.8	92.9	100.0	694
PX214526.1	MT832182_Funneliformis_mosseae	98.6	93.0	100.0	694
PX214526.1	FN547496_Funneliformis_caledonius	96.9	100.0	100.0	744
PX214526.1	FM876794_Funneliformis_coronatus	96.5	99.9	99.9	745
PX214526.1	AY639162_Funneliformis_mosseae	96.2	99.7	99.9	745
PX214526.1	MT832180_Funneliformis_spe	95.4	93.0	99.7	696
PX214526.1	AY639270_Funneliformis_mosseae	89.6	99.6	99.6	747
PX214526.1	MT832179_Septoglomus_viscosum	87.5	92.9	99.9	695
PX214526.1	MK348935.1_Funneliglomus_sanmartinese	87.2	97.0	91.2	728
PX214526.1	MT832176_Septoglomus_constrictum	86.8	92.9	99.7	696
PX214526.1	MT832178_Septoglomus_deserticola	86.2	92.2	99.6	697
PX214526.1	KJ564166.1_Dominikia_indica	85.6	96.5	91.1	729
PX214526.1	FR750203_Glomus_spe	85.4	98.4	99.9	745
PX214526.1	MT832177_Septoglomus_deserticola	85.2	92.2	99.6	697
PX214526.1	FR750526_Glomus_macrocarpum	84.7	98.4	99.9	745
PX214526.1	FR750539_Glomus_macrocarpum	83.8	98.3	99.9	745
PX214530.1	MT832181_Funneliformis_mosseae	98.7	92.9	100.0	694
PX214530.1	MT832182_Funneliformis_mosseae	98.4	93.0	100.0	694
PX214530.1	FN547496_Funneliformis_caledonius	96.8	100.0	100.0	744
PX214530.1	FM876794_Funneliformis_coronatus	96.4	99.9	99.9	745
PX214530.1	AY639162_Funneliformis_mosseae	96.1	99.7	99.9	745
PX214530.1	MT832180_Funneliformis_spe	95.3	93.0	99.7	696
PX214530.1	AY639270_Funneliformis_mosseae	89.4	99.6	99.6	747
PX214530.1	MT832179_Septoglomus_viscosum	87.3	92.9	99.9	695
PX214530.1	MK348935.1_Funneliglomus_sanmartinese	87.1	97.0	91.2	728
PX214530.1	MT832175_Septoglomus_constrictum	87.1	92.7	99.7	696
PX214530.1	MT832176_Septoglomus_constrictum	86.6	92.9	99.7	696
PX214530.1	MT832178_Septoglomus_deserticola	86.1	92.2	99.6	697
PX214530.1	FR750203_Glomus_spe	85.2	98.4	99.9	745
PX214530.1	MT832177_Septoglomus_deserticola	85.1	92.2	99.6	697
PX214530.1	FR750526_Glomus_macrocarpum	84.6	98.4	99.9	745
PX214530.1	FR750539_Glomus_macrocarpum	83.6	98.3	99.9	745
PX214529.1	MT832182_Funneliformis_mosseae	98.8	93.0	100.0	694
PX214529.1	MT832181_Funneliformis_mosseae	98.6	92.9	100.0	694
PX214529.1	FN547496_Funneliformis_caledonius	96.9	100.0	100.0	744
PX214529.1	FM876794_Funneliformis_coronatus	96.5	99.9	99.9	745
PX214529.1	AY639162_Funneliformis_mosseae	96.0	99.7	99.9	745
PX214529.1	MT832180_Funneliformis_spe	95.3	93.0	99.7	696
PX214529.1	AY639270_Funneliformis_mosseae	89.7	99.6	99.6	747
PX214529.1	MT832179_Septoglomus_viscosum	87.5	92.9	99.9	695
PX214529.1	MK348935.1_Funneliglomus_sanmartinese	87.2	97.0	91.2	728
PX214529.1	MT832176_Septoglomus_constrictum	86.6	92.9	99.7	696
PX214529.1	MT832178_Septoglomus_deserticola	86.1	92.2	99.6	697
PX214529.1	KJ564166.1_Dominikia_indica	85.5	96.5	91.1	729
PX214529.1	FR750203_Glomus_spe	85.2	98.4	99.9	745
PX214529.1	MT832177_Septoglomus_deserticola	85.1	92.2	99.6	697
PX214529.1	FR750526_Glomus_macrocarpum	85.0	98.4	99.9	745
PX214529.1	FR750539_Glomus_macrocarpum	84.0	98.3	99.9	745
PX214531.1	MT832181_Funneliformis_mosseae	98.7	92.8	100.0	695
PX214531.1	MT832182_Funneliformis_mosseae	98.7	92.9	100.0	695
PX214531.1	FN547496_Funneliformis_caledonius	96.5	99.9	100.0	745
PX214531.1	AY639162_Funneliformis_mosseae	96.1	99.6	99.9	746
PX214531.1	FM876794_Funneliformis_coronatus	95.8	99.7	99.9	746
PX214531.1	MT832180_Funneliformis_spe	95.0	92.9	99.7	697
PX214531.1	AY639270_Funneliformis_mosseae	89.3	99.5	99.6	748
PX214531.1	MT832179_Septoglomus_viscosum	87.8	92.8	99.9	696
PX214531.1	MK348935.1_Funneliglomus_sanmartinese	87.0	96.9	91.2	729
PX214531.1	MT832176_Septoglomus_constrictum	86.7	92.8	99.7	697
PX214531.1	MT832178_Septoglomus_deserticola	86.0	92.1	99.6	698
PX214531.1	KJ564166.1_Dominikia_indica	85.2	96.4	91.1	730
PX214531.1	FR750203_Glomus_spe	85.0	98.3	99.9	746
PX214531.1	MT832177_Septoglomus_deserticola	85.0	92.1	99.6	698
PX214531.1	FR750526_Glomus_macrocarpum	84.5	98.3	99.9	746
PX214531.1	FR750539_Glomus_macrocarpum	83.6	98.1	99.9	746
PX214532.1	MT832181_Funneliformis_mosseae	99.0	92.9	100.0	694
PX214532.1	MT832182_Funneliformis_mosseae	98.4	93.0	100.0	694
PX214532.1	FN547496_Funneliformis_caledonius	96.6	100.0	100.0	744
PX214532.1	AY639162_Funneliformis_mosseae	96.4	99.7	99.9	745
PX214532.1	FM876794_Funneliformis_coronatus	96.2	99.9	99.9	745
PX214532.1	MT832180_Funneliformis_spe	95.1	93.0	99.7	696
PX214532.1	AY639270_Funneliformis_mosseae	89.4	99.6	99.6	747
PX214532.1	MT832179_Septoglomus_viscosum	87.6	92.9	99.9	695
PX214532.1	MT832176_Septoglomus_constrictum	86.8	92.9	99.7	696
PX214532.1	MK348935.1_Funneliglomus_sanmartinese	86.7	97.0	91.2	728
PX214532.1	MT832178_Septoglomus_deserticola	85.9	92.2	99.6	697
PX214532.1	FR750203_Glomus_spe	85.1	98.4	99.9	745
PX214532.1	KJ564166.1_Dominikia_indica	84.9	96.5	91.1	729
PX214532.1	KJ564165.2_Dominikia_minuta	84.4	96.5	90.9	729
PX214532.1	FR750526_Glomus_macrocarpum	84.3	98.4	99.9	745
PX214532.1	FR750539_Glomus_macrocarpum	83.0	98.3	99.9	745
PX214533.1	MT832182_Funneliformis_mosseae	98.6	93.0	99.9	694
PX214533.1	MT832181_Funneliformis_mosseae	98.4	93.0	100.0	693
PX214533.1	FN547496_Funneliformis_caledonius	96.8	100.0	99.9	744
PX214533.1	FM876794_Funneliformis_coronatus	96.5	99.9	99.7	745
PX214533.1	AY639162_Funneliformis_mosseae	96.0	99.9	99.9	744
PX214533.1	MT832180_Funneliformis_spe	95.3	93.0	99.6	696
PX214533.1	AY639270_Funneliformis_mosseae	88.9	99.7	99.6	746
PX214533.1	MT832179_Septoglomus_viscosum	87.5	92.9	99.7	695
PX214533.1	MT832175_Septoglomus_constrictum	87.2	92.9	99.7	695
PX214533.1	MT832176_Septoglomus_constrictum	86.6	92.9	99.6	696
PX214533.1	MK348935.1_Funneliglomus_sanmartinese	86.4	97.2	91.2	727
PX214533.1	MT832178_Septoglomus_deserticola	86.1	92.2	99.4	697
PX214533.1	FR750203_Glomus_spe	85.1	98.7	100.0	743
PX214533.1	KJ564166.1_Dominikia_indica	84.9	96.5	91.0	729
PX214533.1	FR750526_Glomus_macrocarpum	84.5	98.5	99.9	744
PX214533.1	FR750539_Glomus_macrocarpum	83.9	98.4	99.9	744
PX214535.1	MT832181_Funneliformis_mosseae	99.3	92.9	100.0	694
PX214535.1	MT832182_Funneliformis_mosseae	98.7	93.0	100.0	694
PX214535.1	FN547496_Funneliformis_caledonius	96.8	100.0	100.0	744
PX214535.1	AY639162_Funneliformis_mosseae	96.6	99.7	99.9	745
PX214535.1	FM876794_Funneliformis_coronatus	96.4	99.9	99.9	745
PX214535.1	MT832180_Funneliformis_spe	95.3	93.0	99.7	696
PX214535.1	AY639270_Funneliformis_mosseae	89.7	99.6	99.6	747
PX214535.1	MT832179_Septoglomus_viscosum	87.9	92.9	99.9	695
PX214535.1	MK348935.1_Funneliglomus_sanmartinese	86.8	97.0	91.2	728
PX214535.1	MT832176_Septoglomus_constrictum	86.8	92.9	99.7	696
PX214535.1	MT832178_Septoglomus_deserticola	86.2	92.2	99.6	697
PX214535.1	KJ564166.1_Dominikia_indica	85.3	96.5	91.1	729
PX214535.1	MT832177_Septoglomus_deserticola	85.2	92.2	99.6	697
PX214535.1	FR750203_Glomus_spe	85.1	98.4	99.9	745
PX214535.1	FR750526_Glomus_macrocarpum	84.4	98.4	99.9	745
PX214535.1	FR750539_Glomus_macrocarpum	83.5	98.3	99.9	745
PX214534.1	MT832182_Funneliformis_mosseae	98.6	93.0	99.9	694
PX214534.1	MT832181_Funneliformis_mosseae	98.4	93.0	100.0	693
PX214534.1	FN547496_Funneliformis_caledonius	96.8	100.0	99.9	744
PX214534.1	FM876794_Funneliformis_coronatus	96.5	99.9	99.7	745
PX214534.1	AY639162_Funneliformis_mosseae	96.0	99.9	99.9	744
PX214534.1	MT832180_Funneliformis_spe	95.3	93.0	99.6	696
PX214534.1	AY639270_Funneliformis_mosseae	88.9	99.7	99.6	746
PX214534.1	MT832179_Septoglomus_viscosum	87.5	92.9	99.7	695
PX214534.1	MT832175_Septoglomus_constrictum	87.2	92.9	99.7	695
PX214534.1	MT832176_Septoglomus_constrictum	86.6	92.9	99.6	696
PX214534.1	MK348935.1_Funneliglomus_sanmartinese	86.4	97.2	91.2	727
PX214534.1	MT832178_Septoglomus_deserticola	86.1	92.2	99.4	697
PX214534.1	FR750203_Glomus_spe	85.1	98.7	100.0	743
PX214534.1	KJ564166.1_Dominikia_indica	84.9	96.5	91.0	729
PX214534.1	FR750526_Glomus_macrocarpum	84.5	98.5	99.9	744
PX214534.1	FR750539_Glomus_macrocarpum	83.9	98.4	99.9	744
PX214537.1	MT832181_Funneliformis_mosseae	98.7	92.9	100.0	694
PX214537.1	MT832182_Funneliformis_mosseae	98.4	93.0	100.0	694
PX214537.1	FN547496_Funneliformis_caledonius	96.5	100.0	100.0	744
PX214537.1	FM876794_Funneliformis_coronatus	96.1	99.9	99.9	745
PX214537.1	AY639162_Funneliformis_mosseae	96.1	99.7	99.9	745
PX214537.1	MT832180_Funneliformis_spe	95.0	93.0	99.7	696
PX214537.1	AY639270_Funneliformis_mosseae	89.2	99.6	99.6	747
PX214537.1	MT832179_Septoglomus_viscosum	87.3	92.9	99.9	695
PX214537.1	MK348935.1_Funneliglomus_sanmartinese	86.8	97.0	91.2	728
PX214537.1	MT832176_Septoglomus_constrictum	86.4	92.9	99.7	696
PX214537.1	MT832178_Septoglomus_deserticola	85.8	92.2	99.6	697
PX214537.1	FR750203_Glomus_spe	85.0	98.4	99.9	745
PX214537.1	MT832177_Septoglomus_deserticola	84.8	92.2	99.6	697
PX214537.1	FR750526_Glomus_macrocarpum	84.3	98.4	99.9	745
PX214537.1	KJ564151.1_Dominikia_iranica	84.0	96.6	90.9	729
PX214537.1	FR750539_Glomus_macrocarpum	83.4	98.3	99.9	745
PX214536.1	MT832181_Funneliformis_mosseae	99.0	92.8	100.0	695
PX214536.1	MT832182_Funneliformis_mosseae	98.4	92.9	100.0	695
PX214536.1	FN547496_Funneliformis_caledonius	96.5	99.9	100.0	745
PX214536.1	AY639162_Funneliformis_mosseae	96.4	99.6	99.9	746
PX214536.1	FM876794_Funneliformis_coronatus	96.1	99.7	99.9	746
PX214536.1	MT832180_Funneliformis_spe	95.0	92.9	99.7	697
PX214536.1	AY639270_Funneliformis_mosseae	89.4	99.5	99.6	748
PX214536.1	MT832179_Septoglomus_viscosum	87.3	92.9	100.0	695
PX214536.1	MT832176_Septoglomus_constrictum	86.6	92.9	99.9	696
PX214536.1	MK348935.1_Funneliglomus_sanmartinese	86.6	96.9	91.2	729
PX214536.1	MT832178_Septoglomus_deserticola	85.7	92.2	99.7	697
PX214536.1	KJ564166.1_Dominikia_indica	85.3	96.5	91.2	729
PX214536.1	FR750203_Glomus_spe	85.0	98.3	99.9	746
PX214536.1	KJ564165.2_Dominikia_minuta	84.2	96.5	91.0	729
PX214536.1	FR750526_Glomus_macrocarpum	84.2	98.3	99.9	746
PX214536.1	FR750539_Glomus_macrocarpum	82.8	98.1	99.9	746
PX214538.1	MT832181_Funneliformis_mosseae	98.7	92.9	100.0	694
PX214538.1	MT832182_Funneliformis_mosseae	98.4	93.0	100.0	694
PX214538.1	FN547496_Funneliformis_caledonius	96.8	100.0	100.0	744
PX214538.1	FM876794_Funneliformis_coronatus	96.4	99.9	99.9	745
PX214538.1	AY639162_Funneliformis_mosseae	96.1	99.7	99.9	745
PX214538.1	MT832180_Funneliformis_spe	95.3	93.0	99.7	696
PX214538.1	AY639270_Funneliformis_mosseae	89.4	99.6	99.6	747
PX214538.1	MT832179_Septoglomus_viscosum	87.3	92.9	99.9	695
PX214538.1	MK348935.1_Funneliglomus_sanmartinese	87.1	97.0	91.2	728
PX214538.1	MT832176_Septoglomus_constrictum	86.6	92.9	99.7	696
PX214538.1	MT832178_Septoglomus_deserticola	86.1	92.2	99.6	697
PX214538.1	KJ564166.1_Dominikia_indica	85.5	96.5	91.1	729
PX214538.1	FR750203_Glomus_spe	85.2	98.4	99.9	745
PX214538.1	MT832177_Septoglomus_deserticola	85.1	92.2	99.6	697
PX214538.1	FR750526_Glomus_macrocarpum	84.6	98.4	99.9	745
PX214538.1	FR750539_Glomus_macrocarpum	83.6	98.3	99.9	745
PX214540.1	MT832181_Funneliformis_mosseae	99.0	92.9	100.0	694
PX214540.1	MT832182_Funneliformis_mosseae	98.7	93.0	100.0	694
PX214540.1	FN547496_Funneliformis_caledonius	96.8	100.0	100.0	744
PX214540.1	FM876794_Funneliformis_coronatus	96.4	99.9	99.9	745
PX214540.1	AY639162_Funneliformis_mosseae	96.4	99.7	99.9	745
PX214540.1	MT832180_Funneliformis_spe	95.3	93.0	99.7	696
PX214540.1	AY639270_Funneliformis_mosseae	89.7	99.6	99.6	747
PX214540.1	MT832179_Septoglomus_viscosum	87.6	92.9	99.9	695
PX214540.1	MK348935.1_Funneliglomus_sanmartinese	87.1	97.0	91.2	728
PX214540.1	MT832176_Septoglomus_constrictum	86.9	92.9	99.7	696
PX214540.1	MT832178_Septoglomus_deserticola	86.2	92.2	99.6	697
PX214540.1	KJ564166.1_Dominikia_indica	85.5	96.5	91.1	729
PX214540.1	FR750203_Glomus_spe	85.2	98.4	99.9	745
PX214540.1	MT832177_Septoglomus_deserticola	85.2	92.2	99.6	697
PX214540.1	FR750526_Glomus_macrocarpum	84.6	98.4	99.9	745
PX214540.1	FR750539_Glomus_macrocarpum	83.6	98.3	99.9	745
PX214539.1	MT832181_Funneliformis_mosseae	98.7	92.8	100.0	695
PX214539.1	MT832182_Funneliformis_mosseae	98.7	92.9	100.0	695
PX214539.1	FN547496_Funneliformis_caledonius	96.5	99.9	100.0	745
PX214539.1	AY639162_Funneliformis_mosseae	96.1	99.6	99.9	746
PX214539.1	FM876794_Funneliformis_coronatus	95.8	99.7	99.9	746
PX214539.1	MT832180_Funneliformis_spe	95.0	92.9	99.7	697
PX214539.1	AY639270_Funneliformis_mosseae	89.3	99.5	99.6	748
PX214539.1	MT832179_Septoglomus_viscosum	87.8	92.8	99.9	696
PX214539.1	MK348935.1_Funneliglomus_sanmartinese	87.0	96.9	91.2	729
PX214539.1	MT832176_Septoglomus_constrictum	86.7	92.8	99.7	697
PX214539.1	MT832178_Septoglomus_deserticola	86.0	92.1	99.6	698
PX214539.1	KJ564166.1_Dominikia_indica	85.2	96.4	91.1	730
PX214539.1	FR750203_Glomus_spe	85.0	98.3	99.9	746
PX214539.1	MT832177_Septoglomus_deserticola	85.0	92.1	99.6	698
PX214539.1	FR750526_Glomus_macrocarpum	84.5	98.3	99.9	746
PX214539.1	FR750539_Glomus_macrocarpum	83.6	98.1	99.9	746
PX214543.1	MT832181_Funneliformis_mosseae	99.1	92.9	100.0	694
PX214543.1	MT832182_Funneliformis_mosseae	98.6	93.0	100.0	694
PX214543.1	FN547496_Funneliformis_caledonius	96.9	100.0	100.0	744
PX214543.1	FM876794_Funneliformis_coronatus	96.5	99.9	99.9	745
PX214543.1	AY639162_Funneliformis_mosseae	96.2	99.7	99.9	745
PX214543.1	MT832180_Funneliformis_spe	95.4	93.0	99.7	696
PX214543.1	AY639270_Funneliformis_mosseae	89.6	99.6	99.6	747
PX214543.1	MT832179_Septoglomus_viscosum	87.9	92.9	99.9	695
PX214543.1	MT832176_Septoglomus_constrictum	86.9	92.9	99.7	696
PX214543.1	MK348935.1_Funneliglomus_sanmartinese	86.8	97.0	91.2	728
PX214543.1	MT832178_Septoglomus_deserticola	86.5	92.2	99.6	697
PX214543.1	MT832177_Septoglomus_deserticola	85.5	92.2	99.6	697
PX214543.1	FR750203_Glomus_spe	85.2	98.4	99.9	745
PX214543.1	KJ564166.1_Dominikia_indica	85.2	96.5	91.1	729
PX214543.1	FR750526_Glomus_macrocarpum	84.6	98.4	99.9	745
PX214543.1	FR750539_Glomus_macrocarpum	83.6	98.3	99.9	745
PX214542.1	MT832181_Funneliformis_mosseae	99.1	92.9	100.0	694
PX214542.1	MT832182_Funneliformis_mosseae	98.6	93.0	100.0	694
PX214542.1	FN547496_Funneliformis_caledonius	96.9	100.0	100.0	744
PX214542.1	FM876794_Funneliformis_coronatus	96.5	99.9	99.9	745
PX214542.1	AY639162_Funneliformis_mosseae	96.2	99.7	99.9	745
PX214542.1	MT832180_Funneliformis_spe	95.4	93.0	99.7	696
PX214542.1	AY639270_Funneliformis_mosseae	89.6	99.6	99.6	747
PX214542.1	MT832179_Septoglomus_viscosum	87.9	92.9	99.9	695
PX214542.1	MT832176_Septoglomus_constrictum	86.9	92.9	99.7	696
PX214542.1	MK348935.1_Funneliglomus_sanmartinese	86.8	97.0	91.2	728
PX214542.1	MT832178_Septoglomus_deserticola	86.5	92.2	99.6	697
PX214542.1	MT832177_Septoglomus_deserticola	85.5	92.2	99.6	697
PX214542.1	FR750203_Glomus_spe	85.2	98.4	99.9	745
PX214542.1	KJ564166.1_Dominikia_indica	85.2	96.5	91.1	729
PX214542.1	FR750526_Glomus_macrocarpum	84.6	98.4	99.9	745
PX214542.1	FR750539_Glomus_macrocarpum	83.6	98.3	99.9	745
PX214541.1	MT832182_Funneliformis_mosseae	99.1	93.0	100.0	694
PX214541.1	MT832181_Funneliformis_mosseae	98.3	92.9	100.0	694
PX214541.1	FN547496_Funneliformis_caledonius	97.0	100.0	100.0	744
PX214541.1	FM876794_Funneliformis_coronatus	96.5	99.9	99.9	745
PX214541.1	AY639162_Funneliformis_mosseae	95.7	99.7	99.9	745
PX214541.1	MT832180_Funneliformis_spe	95.3	93.0	99.7	696
PX214541.1	AY639270_Funneliformis_mosseae	89.6	99.6	99.6	747
PX214541.1	MT832179_Septoglomus_viscosum	87.9	92.9	99.9	695
PX214541.1	MT832176_Septoglomus_constrictum	87.1	92.9	99.7	696
PX214541.1	MK348935.1_Funneliglomus_sanmartinese	86.8	97.0	91.2	728
PX214541.1	MT832178_Septoglomus_deserticola	86.5	92.2	99.6	697
PX214541.1	MT832177_Septoglomus_deserticola	85.5	92.2	99.6	697
PX214541.1	KJ564166.1_Dominikia_indica	85.3	96.5	91.1	729
PX214541.1	FR750203_Glomus_spe	85.2	98.4	99.9	745
PX214541.1	FR750526_Glomus_macrocarpum	84.8	98.4	99.9	745
PX214541.1	FR750539_Glomus_macrocarpum	83.9	98.3	99.9	745
PX214545.1	MT832181_Funneliformis_mosseae	98.3	92.6	100.0	696
PX214545.1	MT832182_Funneliformis_mosseae	98.3	92.8	100.0	696
PX214545.1	FN547496_Funneliformis_caledonius	96.8	99.7	100.0	746
PX214545.1	FM876794_Funneliformis_coronatus	96.7	99.6	99.9	747
PX214545.1	AY639162_Funneliformis_mosseae	96.1	99.5	99.9	747
PX214545.1	MT832180_Funneliformis_spe	95.1	92.8	99.7	698
PX214545.1	AY639270_Funneliformis_mosseae	89.5	99.3	99.6	749
PX214545.1	MT832179_Septoglomus_viscosum	87.8	92.6	99.9	697
PX214545.1	MT832175_Septoglomus_constrictum	87.0	92.5	99.7	698
PX214545.1	MT832176_Septoglomus_constrictum	87.0	92.6	99.7	698
PX214545.1	MK348935.1_Funneliglomus_sanmartinese	86.6	96.8	91.2	730
PX214545.1	MT832178_Septoglomus_deserticola	86.3	92.0	99.6	699
PX214545.1	MT832177_Septoglomus_deserticola	85.3	92.0	99.6	699
PX214545.1	FR750203_Glomus_spe	84.9	98.1	99.9	747
PX214545.1	FR750526_Glomus_macrocarpum	84.3	98.1	99.9	747
PX214545.1	FR750539_Glomus_macrocarpum	83.4	98.0	99.9	747
PX214544.1	MT832181_Funneliformis_mosseae	98.1	92.9	99.9	694
PX214544.1	MT832182_Funneliformis_mosseae	97.8	93.0	99.9	694
PX214544.1	FN547496_Funneliformis_caledonius	96.4	100.0	99.9	744
PX214544.1	FM876794_Funneliformis_coronatus	96.2	99.9	99.7	745
PX214544.1	AY639162_Funneliformis_mosseae	96.0	99.7	99.7	745
PX214544.1	MT832180_Funneliformis_spe	94.5	93.0	99.6	696
PX214544.1	AY639270_Funneliformis_mosseae	89.0	99.6	99.5	747
PX214544.1	MT832179_Septoglomus_viscosum	87.6	92.9	99.7	695
PX214544.1	MT832176_Septoglomus_constrictum	86.6	92.9	99.6	696
PX214544.1	MK348935.1_Funneliglomus_sanmartinese	86.1	97.2	91.2	727
PX214544.1	MT832178_Septoglomus_deserticola	86.1	92.2	99.4	697
PX214544.1	KJ564166.1_Dominikia_indica	85.5	96.5	91.0	729
PX214544.1	FR750203_Glomus_spe	85.2	98.4	99.7	745
PX214544.1	MT832177_Septoglomus_deserticola	85.1	92.2	99.4	697
PX214544.1	FR750526_Glomus_macrocarpum	84.8	98.5	99.9	744
PX214544.1	FR750539_Glomus_macrocarpum	83.6	98.4	99.9	744
PX214546.1	MT832181_Funneliformis_mosseae	98.6	92.7	99.9	695
PX214546.1	MT832182_Funneliformis_mosseae	98.3	92.9	99.9	695
PX214546.1	FN547496_Funneliformis_caledonius	96.8	99.9	99.9	745
PX214546.1	FM876794_Funneliformis_coronatus	96.4	99.7	99.7	746
PX214546.1	AY639162_Funneliformis_mosseae	96.4	99.6	99.7	746
PX214546.1	MT832180_Funneliformis_spe	95.1	92.9	99.6	697
PX214546.1	AY639270_Funneliformis_mosseae	89.7	99.5	99.5	748
PX214546.1	MT832179_Septoglomus_viscosum	87.8	92.7	99.7	696
PX214546.1	MT832175_Septoglomus_constrictum	86.8	92.6	99.6	697
PX214546.1	MT832176_Septoglomus_constrictum	86.7	92.7	99.6	697
PX214546.1	MK348935.1_Funneliglomus_sanmartinese	86.4	96.9	91.0	729
PX214546.1	MT832178_Septoglomus_deserticola	86.0	92.1	99.4	698
PX214546.1	KJ564166.1_Dominikia_indica	85.1	96.4	91.0	730
PX214546.1	FR750203_Glomus_spe	84.6	98.3	99.7	746
PX214546.1	FR750526_Glomus_macrocarpum	84.5	98.3	99.7	746
PX214546.1	FR750539_Glomus_macrocarpum	83.5	98.1	99.7	746
PX214547.1	MT832181_Funneliformis_mosseae	98.6	92.9	100.0	694
PX214547.1	MT832182_Funneliformis_mosseae	98.3	93.0	100.0	694
PX214547.1	FN547496_Funneliformis_caledonius	96.8	100.0	100.0	744
PX214547.1	FM876794_Funneliformis_coronatus	96.4	99.9	99.9	745
PX214547.1	AY639162_Funneliformis_mosseae	96.4	99.7	99.9	745
PX214547.1	MT832180_Funneliformis_spe	95.1	93.0	99.7	696
PX214547.1	AY639270_Funneliformis_mosseae	89.7	99.6	99.6	747
PX214547.1	MT832179_Septoglomus_viscosum	87.8	92.9	99.9	695
PX214547.1	MT832175_Septoglomus_constrictum	86.8	92.7	99.7	696
PX214547.1	MT832176_Septoglomus_constrictum	86.6	92.9	99.7	696
PX214547.1	MK348935.1_Funneliglomus_sanmartinese	86.4	97.0	91.2	728
PX214547.1	MT832178_Septoglomus_deserticola	85.9	92.2	99.6	697
PX214547.1	KJ564166.1_Dominikia_indica	85.0	96.5	91.1	729
PX214547.1	FR750203_Glomus_spe	85.0	98.4	99.9	745
PX214547.1	FR750526_Glomus_macrocarpum	84.4	98.4	99.9	745
PX214547.1	FR750539_Glomus_macrocarpum	83.5	98.3	99.9	745
PX214548.1	MT832181_Funneliformis_mosseae	98.4	92.9	100.0	694
PX214548.1	MT832182_Funneliformis_mosseae	98.4	93.0	100.0	694
PX214548.1	FN547496_Funneliformis_caledonius	97.2	100.0	100.0	744
PX214548.1	FM876794_Funneliformis_coronatus	96.5	99.9	99.9	745
PX214548.1	AY639162_Funneliformis_mosseae	96.2	99.7	99.9	745
PX214548.1	MT832180_Funneliformis_spe	95.5	93.0	99.7	696
PX214548.1	AY639270_Funneliformis_mosseae	89.8	99.6	99.6	747
PX214548.1	MT832179_Septoglomus_viscosum	88.1	92.9	99.9	695
PX214548.1	MK348935.1_Funneliglomus_sanmartinese	87.4	96.9	91.0	729
PX214548.1	MT832175_Septoglomus_constrictum	87.1	92.7	99.7	696
PX214548.1	MT832176_Septoglomus_constrictum	87.1	92.9	99.7	696
PX214548.1	MT832178_Septoglomus_deserticola	86.4	92.2	99.6	697
PX214548.1	MT832177_Septoglomus_deserticola	85.4	92.2	99.6	697
PX214548.1	FR750203_Glomus_spe	85.2	98.4	99.9	745
PX214548.1	FR750526_Glomus_macrocarpum	84.7	98.4	99.9	745
PX214548.1	FR750539_Glomus_macrocarpum	83.8	98.3	99.9	745
PX214549.1	MT832181_Funneliformis_mosseae	98.8	92.9	100.0	694
PX214549.1	MT832182_Funneliformis_mosseae	98.8	93.0	100.0	694
PX214549.1	FN547496_Funneliformis_caledonius	97.2	100.0	100.0	744
PX214549.1	FM876794_Funneliformis_coronatus	96.8	99.9	99.9	745
PX214549.1	AY639162_Funneliformis_mosseae	96.5	99.7	99.9	745
PX214549.1	MT832180_Funneliformis_spe	95.5	93.0	99.7	696
PX214549.1	AY639270_Funneliformis_mosseae	89.8	99.6	99.6	747
PX214549.1	MT832179_Septoglomus_viscosum	88.2	92.9	99.9	695
PX214549.1	MT832176_Septoglomus_constrictum	87.2	92.9	99.7	696
PX214549.1	MK348935.1_Funneliglomus_sanmartinese	86.8	97.0	91.2	728
PX214549.1	MT832178_Septoglomus_deserticola	86.5	92.2	99.6	697
PX214549.1	MT832177_Septoglomus_deserticola	85.5	92.2	99.6	697
PX214549.1	FR750203_Glomus_spe	85.4	98.4	99.9	745
PX214549.1	KJ564166.1_Dominikia_indica	85.3	96.5	91.1	729
PX214549.1	FR750526_Glomus_macrocarpum	84.8	98.4	99.9	745
PX214549.1	FR750539_Glomus_macrocarpum	83.9	98.3	99.9	745
PX214552.1	MT832181_Funneliformis_mosseae	98.7	92.9	100.0	694
PX214552.1	MT832182_Funneliformis_mosseae	98.4	93.0	100.0	694
PX214552.1	FN547496_Funneliformis_caledonius	96.9	100.0	100.0	744
PX214552.1	FM876794_Funneliformis_coronatus	96.5	99.9	99.9	745
PX214552.1	AY639162_Funneliformis_mosseae	96.5	99.7	99.9	745
PX214552.1	MT832180_Funneliformis_spe	95.4	93.0	99.7	696
PX214552.1	AY639270_Funneliformis_mosseae	89.6	99.6	99.6	747
PX214552.1	MT832179_Septoglomus_viscosum	87.8	92.9	99.9	695
PX214552.1	MT832176_Septoglomus_constrictum	86.8	92.9	99.7	696
PX214552.1	MK348935.1_Funneliglomus_sanmartinese	86.7	97.0	91.2	728
PX214552.1	MT832178_Septoglomus_deserticola	86.2	92.2	99.6	697
PX214552.1	KJ564166.1_Dominikia_indica	85.3	96.5	91.1	729
PX214552.1	FR750203_Glomus_spe	85.2	98.4	99.9	745
PX214552.1	MT832177_Septoglomus_deserticola	85.2	92.2	99.6	697
PX214552.1	FR750526_Glomus_macrocarpum	84.8	98.4	99.9	745
PX214552.1	FR750539_Glomus_macrocarpum	83.9	98.3	99.9	745
PX214553.1	MT832181_Funneliformis_mosseae	98.6	92.9	100.0	694
PX214553.1	MT832182_Funneliformis_mosseae	98.3	93.0	100.0	694
PX214553.1	FN547496_Funneliformis_caledonius	96.5	100.0	100.0	744
PX214553.1	FM876794_Funneliformis_coronatus	96.4	99.9	99.9	745
PX214553.1	AY639162_Funneliformis_mosseae	96.1	99.7	99.9	745
PX214553.1	MT832180_Funneliformis_spe	95.0	93.0	99.7	696
PX214553.1	AY639270_Funneliformis_mosseae	89.2	99.6	99.6	747
PX214553.1	MT832179_Septoglomus_viscosum	87.5	92.9	99.9	695
PX214553.1	MT832176_Septoglomus_constrictum	86.6	92.9	99.7	696
PX214553.1	MK348935.1_Funneliglomus_sanmartinese	86.5	97.0	91.2	728
PX214553.1	MT832178_Septoglomus_deserticola	86.1	92.2	99.6	697
PX214553.1	KJ564166.1_Dominikia_indica	85.2	96.5	91.1	729
PX214553.1	FR750203_Glomus_spe	85.0	98.4	99.9	745
PX214553.1	FR750526_Glomus_macrocarpum	84.3	98.4	99.9	745
PX214553.1	KJ564165.2_Dominikia_minuta	84.0	96.5	90.9	729
PX214553.1	FR750539_Glomus_macrocarpum	83.4	98.3	99.9	745
PX214550.1	MT832181_Funneliformis_mosseae	98.8	92.9	100.0	694
PX214550.1	MT832182_Funneliformis_mosseae	98.8	93.0	100.0	694
PX214550.1	FN547496_Funneliformis_caledonius	97.2	100.0	100.0	744
PX214550.1	FM876794_Funneliformis_coronatus	96.8	99.9	99.9	745
PX214550.1	AY639162_Funneliformis_mosseae	96.5	99.7	99.9	745
PX214550.1	MT832180_Funneliformis_spe	95.5	93.0	99.7	696
PX214550.1	AY639270_Funneliformis_mosseae	89.8	99.6	99.6	747
PX214550.1	MT832179_Septoglomus_viscosum	88.2	92.9	99.9	695
PX214550.1	MT832176_Septoglomus_constrictum	87.2	92.9	99.7	696
PX214550.1	MK348935.1_Funneliglomus_sanmartinese	86.8	97.0	91.2	728
PX214550.1	MT832178_Septoglomus_deserticola	86.5	92.2	99.6	697
PX214550.1	MT832177_Septoglomus_deserticola	85.5	92.2	99.6	697
PX214550.1	FR750203_Glomus_spe	85.4	98.4	99.9	745
PX214550.1	KJ564166.1_Dominikia_indica	85.3	96.5	91.1	729
PX214550.1	FR750526_Glomus_macrocarpum	84.8	98.4	99.9	745
PX214550.1	FR750539_Glomus_macrocarpum	83.9	98.3	99.9	745
PX214551.1	MT832181_Funneliformis_mosseae	98.7	92.9	100.0	694
PX214551.1	MT832182_Funneliformis_mosseae	98.7	93.0	100.0	694
PX214551.1	FN547496_Funneliformis_caledonius	97.2	100.0	100.0	744
PX214551.1	FM876794_Funneliformis_coronatus	96.8	99.9	99.9	745
PX214551.1	AY639162_Funneliformis_mosseae	96.5	99.7	99.9	745
PX214551.1	MT832180_Funneliformis_spe	95.5	93.0	99.7	696
PX214551.1	AY639270_Funneliformis_mosseae	89.8	99.6	99.6	747
PX214551.1	MT832179_Septoglomus_viscosum	88.1	92.9	99.9	695
PX214551.1	MT832175_Septoglomus_constrictum	87.1	92.7	99.7	696
PX214551.1	MT832176_Septoglomus_constrictum	87.1	92.9	99.7	696
PX214551.1	MK348935.1_Funneliglomus_sanmartinese	86.7	97.0	91.2	728
PX214551.1	MT832178_Septoglomus_deserticola	86.4	92.2	99.6	697
PX214551.1	FR750203_Glomus_spe	85.4	98.4	99.9	745
PX214551.1	MT832177_Septoglomus_deserticola	85.4	92.2	99.6	697
PX214551.1	FR750526_Glomus_macrocarpum	84.8	98.4	99.9	745
PX214551.1	FR750539_Glomus_macrocarpum	83.9	98.3	99.9	745
PX214555.1	MT832181_Funneliformis_mosseae	98.6	92.9	100.0	694
PX214555.1	MT832182_Funneliformis_mosseae	98.3	93.0	100.0	694
PX214555.1	FN547496_Funneliformis_caledonius	96.5	100.0	100.0	744
PX214555.1	FM876794_Funneliformis_coronatus	96.4	99.9	99.9	745
PX214555.1	AY639162_Funneliformis_mosseae	96.1	99.7	99.9	745
PX214555.1	MT832180_Funneliformis_spe	95.0	93.0	99.7	696
PX214555.1	AY639270_Funneliformis_mosseae	89.2	99.6	99.6	747
PX214555.1	MT832179_Septoglomus_viscosum	87.5	92.9	99.9	695
PX214555.1	MT832176_Septoglomus_constrictum	86.6	92.9	99.7	696
PX214555.1	MK348935.1_Funneliglomus_sanmartinese	86.5	97.0	91.2	728
PX214555.1	MT832178_Septoglomus_deserticola	86.1	92.2	99.6	697
PX214555.1	KJ564166.1_Dominikia_indica	85.2	96.5	91.1	729
PX214555.1	FR750203_Glomus_spe	85.0	98.4	99.9	745
PX214555.1	FR750526_Glomus_macrocarpum	84.3	98.4	99.9	745
PX214555.1	KJ564165.2_Dominikia_minuta	84.0	96.5	90.9	729
PX214555.1	FR750539_Glomus_macrocarpum	83.4	98.3	99.9	745
PX214554.1	MT832181_Funneliformis_mosseae	98.6	92.9	100.0	694
PX214554.1	MT832182_Funneliformis_mosseae	98.3	93.0	100.0	694
PX214554.1	FN547496_Funneliformis_caledonius	96.5	100.0	100.0	744
PX214554.1	FM876794_Funneliformis_coronatus	96.4	99.9	99.9	745
PX214554.1	AY639162_Funneliformis_mosseae	96.1	99.7	99.9	745
PX214554.1	MT832180_Funneliformis_spe	95.0	93.0	99.7	696
PX214554.1	AY639270_Funneliformis_mosseae	89.2	99.6	99.6	747
PX214554.1	MT832179_Septoglomus_viscosum	87.5	92.9	99.9	695
PX214554.1	MT832176_Septoglomus_constrictum	86.6	92.9	99.7	696
PX214554.1	MK348935.1_Funneliglomus_sanmartinese	86.5	97.0	91.2	728
PX214554.1	MT832178_Septoglomus_deserticola	86.1	92.2	99.6	697
PX214554.1	KJ564166.1_Dominikia_indica	85.2	96.5	91.1	729
PX214554.1	FR750203_Glomus_spe	85.0	98.4	99.9	745
PX214554.1	FR750526_Glomus_macrocarpum	84.3	98.4	99.9	745
PX214554.1	KJ564165.2_Dominikia_minuta	84.0	96.5	90.9	729
PX214554.1	FR750539_Glomus_macrocarpum	83.4	98.3	99.9	745
PX214557.1	MT832181_Funneliformis_mosseae	98.7	92.9	100.0	694
PX214557.1	MT832182_Funneliformis_mosseae	98.4	93.0	100.0	694
PX214557.1	FN547496_Funneliformis_caledonius	96.9	100.0	100.0	744
PX214557.1	FM876794_Funneliformis_coronatus	96.5	99.9	99.9	745
PX214557.1	AY639162_Funneliformis_mosseae	96.5	99.7	99.9	745
PX214557.1	MT832180_Funneliformis_spe	95.4	93.0	99.7	696
PX214557.1	AY639270_Funneliformis_mosseae	89.6	99.6	99.6	747
PX214557.1	MT832179_Septoglomus_viscosum	87.8	92.9	99.9	695
PX214557.1	MT832176_Septoglomus_constrictum	86.8	92.9	99.7	696
PX214557.1	MK348935.1_Funneliglomus_sanmartinese	86.7	97.0	91.2	728
PX214557.1	MT832178_Septoglomus_deserticola	86.2	92.2	99.6	697
PX214557.1	FR750203_Glomus_spe	85.2	98.4	99.9	745
PX214557.1	KJ564166.1_Dominikia_indica	85.0	96.5	91.1	729
PX214557.1	FR750526_Glomus_macrocarpum	84.6	98.4	99.9	745
PX214557.1	KJ564165.2_Dominikia_minuta	84.0	96.5	90.9	729
PX214557.1	FR750539_Glomus_macrocarpum	83.6	98.3	99.9	745
PX214556.1	MT832181_Funneliformis_mosseae	98.7	92.9	100.0	694
PX214556.1	MT832182_Funneliformis_mosseae	98.4	93.0	100.0	694
PX214556.1	FN547496_Funneliformis_caledonius	96.9	100.0	100.0	744
PX214556.1	FM876794_Funneliformis_coronatus	96.5	99.9	99.9	745
PX214556.1	AY639162_Funneliformis_mosseae	96.5	99.7	99.9	745
PX214556.1	MT832180_Funneliformis_spe	95.4	93.0	99.7	696
PX214556.1	AY639270_Funneliformis_mosseae	89.6	99.6	99.6	747
PX214556.1	MT832179_Septoglomus_viscosum	87.8	92.9	99.9	695
PX214556.1	MT832176_Septoglomus_constrictum	86.8	92.9	99.7	696
PX214556.1	MK348935.1_Funneliglomus_sanmartinese	86.7	97.0	91.2	728
PX214556.1	MT832178_Septoglomus_deserticola	86.2	92.2	99.6	697
PX214556.1	FR750203_Glomus_spe	85.2	98.4	99.9	745
PX214556.1	KJ564166.1_Dominikia_indica	85.0	96.5	91.1	729
PX214556.1	FR750526_Glomus_macrocarpum	84.6	98.4	99.9	745
PX214556.1	KJ564165.2_Dominikia_minuta	84.0	96.5	90.9	729
PX214556.1	FR750539_Glomus_macrocarpum	83.6	98.3	99.9	745
PX214558.1	MT832181_Funneliformis_mosseae	98.7	92.9	100.0	694
PX214558.1	MT832182_Funneliformis_mosseae	98.1	93.0	100.0	694
PX214558.1	FN547496_Funneliformis_caledonius	96.2	100.0	100.0	744
PX214558.1	AY639162_Funneliformis_mosseae	96.1	99.7	99.9	745
PX214558.1	FM876794_Funneliformis_coronatus	96.0	99.9	99.9	745
PX214558.1	MT832180_Funneliformis_spe	94.7	93.0	99.7	696
PX214558.1	AY639270_Funneliformis_mosseae	89.4	99.6	99.6	747
PX214558.1	MT832179_Septoglomus_viscosum	87.9	92.9	99.9	695
PX214558.1	MK348935.1_Funneliglomus_sanmartinese	86.8	97.0	91.2	728
PX214558.1	MT832176_Septoglomus_constrictum	86.5	92.9	99.7	696
PX214558.1	MT832178_Septoglomus_deserticola	86.2	92.2	99.6	697
PX214558.1	KJ564166.1_Dominikia_indica	85.2	96.5	91.1	729
PX214558.1	FR750203_Glomus_spe	84.8	98.4	99.9	745
PX214558.1	FR750526_Glomus_macrocarpum	84.2	98.4	99.9	745
PX214558.1	KJ564165.2_Dominikia_minuta	84.1	96.5	90.9	729
PX214558.1	FR750539_Glomus_macrocarpum	83.2	98.3	99.9	745
PX214561.1	MT832181_Funneliformis_mosseae	99.0	92.9	100.0	694
PX214561.1	MT832182_Funneliformis_mosseae	98.7	93.0	100.0	694
PX214561.1	FN547496_Funneliformis_caledonius	96.8	100.0	100.0	744
PX214561.1	FM876794_Funneliformis_coronatus	96.4	99.9	99.9	745
PX214561.1	AY639162_Funneliformis_mosseae	96.4	99.7	99.9	745
PX214561.1	MT832180_Funneliformis_spe	95.3	93.0	99.7	696
PX214561.1	AY639270_Funneliformis_mosseae	89.7	99.6	99.6	747
PX214561.1	MT832179_Septoglomus_viscosum	87.6	92.9	99.9	695
PX214561.1	MK348935.1_Funneliglomus_sanmartinese	87.1	97.0	91.2	728
PX214561.1	MT832176_Septoglomus_constrictum	86.9	92.9	99.7	696
PX214561.1	MT832178_Septoglomus_deserticola	86.2	92.2	99.6	697
PX214561.1	KJ564166.1_Dominikia_indica	85.5	96.5	91.1	729
PX214561.1	FR750203_Glomus_spe	85.2	98.4	99.9	745
PX214561.1	MT832177_Septoglomus_deserticola	85.2	92.2	99.6	697
PX214561.1	FR750526_Glomus_macrocarpum	84.6	98.4	99.9	745
PX214561.1	FR750539_Glomus_macrocarpum	83.6	98.3	99.9	745
PX214559.1	MT832181_Funneliformis_mosseae	99.0	92.9	100.0	694
PX214559.1	MT832182_Funneliformis_mosseae	98.7	93.0	100.0	694
PX214559.1	FN547496_Funneliformis_caledonius	97.0	100.0	100.0	744
PX214559.1	FM876794_Funneliformis_coronatus	96.6	99.9	99.9	745
PX214559.1	AY639162_Funneliformis_mosseae	96.4	99.7	99.9	745
PX214559.1	MT832180_Funneliformis_spe	95.5	93.0	99.7	696
PX214559.1	AY639270_Funneliformis_mosseae	89.7	99.6	99.6	747
PX214559.1	MT832179_Septoglomus_viscosum	87.8	92.9	99.9	695
PX214559.1	MT832176_Septoglomus_constrictum	87.1	92.9	99.7	696
PX214559.1	MK348935.1_Funneliglomus_sanmartinese	87.0	97.0	91.2	728
PX214559.1	MT832178_Septoglomus_deserticola	86.5	92.2	99.6	697
PX214559.1	MT832177_Septoglomus_deserticola	85.5	92.2	99.6	697
PX214559.1	FR750203_Glomus_spe	85.4	98.4	99.9	745
PX214559.1	KJ564166.1_Dominikia_indica	85.3	96.5	91.1	729
PX214559.1	FR750526_Glomus_macrocarpum	84.7	98.4	99.9	745
PX214559.1	FR750539_Glomus_macrocarpum	83.8	98.3	99.9	745
PX214560.1	MT832181_Funneliformis_mosseae	99.0	92.9	100.0	694
PX214560.1	MT832182_Funneliformis_mosseae	98.7	93.0	100.0	694
PX214560.1	FN547496_Funneliformis_caledonius	97.0	100.0	100.0	744
PX214560.1	FM876794_Funneliformis_coronatus	96.6	99.9	99.9	745
PX214560.1	AY639162_Funneliformis_mosseae	96.4	99.7	99.9	745
PX214560.1	MT832180_Funneliformis_spe	95.5	93.0	99.7	696
PX214560.1	AY639270_Funneliformis_mosseae	89.7	99.6	99.6	747
PX214560.1	MT832179_Septoglomus_viscosum	87.8	92.9	99.9	695
PX214560.1	MT832176_Septoglomus_constrictum	87.1	92.9	99.7	696
PX214560.1	MK348935.1_Funneliglomus_sanmartinese	87.0	97.0	91.2	728
PX214560.1	MT832178_Septoglomus_deserticola	86.5	92.2	99.6	697
PX214560.1	MT832177_Septoglomus_deserticola	85.5	92.2	99.6	697
PX214560.1	FR750203_Glomus_spe	85.4	98.4	99.9	745
PX214560.1	KJ564166.1_Dominikia_indica	85.3	96.5	91.1	729
PX214560.1	FR750526_Glomus_macrocarpum	84.7	98.4	99.9	745
PX214560.1	FR750539_Glomus_macrocarpum	83.8	98.3	99.9	745
PX214562.1	MT832181_Funneliformis_mosseae	98.6	92.9	100.0	694
PX214562.1	MT832182_Funneliformis_mosseae	98.3	93.0	100.0	694
PX214562.1	FN547496_Funneliformis_caledonius	96.6	100.0	100.0	744
PX214562.1	FM876794_Funneliformis_coronatus	96.2	99.9	99.9	745
PX214562.1	AY639162_Funneliformis_mosseae	96.0	99.7	99.9	745
PX214562.1	MT832180_Funneliformis_spe	95.0	93.0	99.7	696
PX214562.1	AY639270_Funneliformis_mosseae	89.6	99.6	99.6	747
PX214562.1	MT832179_Septoglomus_viscosum	87.6	92.9	99.9	695
PX214562.1	MT832175_Septoglomus_constrictum	87.1	92.7	99.7	696
PX214562.1	MT832176_Septoglomus_constrictum	86.9	92.9	99.7	696
PX214562.1	MK348935.1_Funneliglomus_sanmartinese	86.4	97.0	91.2	728
PX214562.1	MT832178_Septoglomus_deserticola	86.1	92.2	99.6	697
PX214562.1	FR750203_Glomus_spe	85.1	98.4	99.9	745
PX214562.1	MT832177_Septoglomus_deserticola	85.1	92.2	99.6	697
PX214562.1	FR750526_Glomus_macrocarpum	84.6	98.4	99.9	745
PX214562.1	FR750539_Glomus_macrocarpum	83.6	98.3	99.9	745
PX214563.1	MT832181_Funneliformis_mosseae	98.6	92.9	100.0	694
PX214563.1	MT832182_Funneliformis_mosseae	98.0	93.0	100.0	694
PX214563.1	FN547496_Funneliformis_caledonius	96.6	100.0	100.0	744
PX214563.1	FM876794_Funneliformis_coronatus	96.0	99.9	99.9	745
PX214563.1	AY639162_Funneliformis_mosseae	96.0	99.7	99.9	745
PX214563.1	MT832180_Funneliformis_spe	94.5	93.0	99.7	696
PX214563.1	AY639270_Funneliformis_mosseae	89.0	99.6	99.6	747
PX214563.1	MT832179_Septoglomus_viscosum	87.2	92.9	99.9	695
PX214563.1	MT832175_Septoglomus_constrictum	86.5	92.7	99.7	696
PX214563.1	MT832176_Septoglomus_constrictum	86.5	92.9	99.7	696
PX214563.1	MK348935.1_Funneliglomus_sanmartinese	86.3	97.0	91.2	728
PX214563.1	MT832178_Septoglomus_deserticola	85.8	92.2	99.6	697
PX214563.1	MT832177_Septoglomus_deserticola	84.8	92.2	99.6	697
PX214563.1	FR750203_Glomus_spe	84.7	98.4	99.9	745
PX214563.1	FR750526_Glomus_macrocarpum	83.8	98.4	99.9	745
PX214563.1	FR750539_Glomus_macrocarpum	82.4	98.3	99.9	745
PX214564.1	MT832181_Funneliformis_mosseae	98.4	92.9	100.0	694
PX214564.1	MT832182_Funneliformis_mosseae	97.8	93.0	100.0	694
PX214564.1	FN547496_Funneliformis_caledonius	96.8	100.0	100.0	744
PX214564.1	FM876794_Funneliformis_coronatus	96.1	99.9	99.9	745
PX214564.1	AY639162_Funneliformis_mosseae	95.8	99.7	99.9	745
PX214564.1	MT832180_Funneliformis_spe	94.7	93.0	99.7	696
PX214564.1	AY639270_Funneliformis_mosseae	89.2	99.6	99.6	747
PX214564.1	MT832179_Septoglomus_viscosum	87.1	92.9	99.9	695
PX214564.1	MT832175_Septoglomus_constrictum	86.6	92.7	99.7	696
PX214564.1	MT832176_Septoglomus_constrictum	86.6	92.9	99.7	696
PX214564.1	MK348935.1_Funneliglomus_sanmartinese	86.4	97.0	91.2	728
PX214564.1	MT832178_Septoglomus_deserticola	85.9	92.2	99.6	697
PX214564.1	MT832177_Septoglomus_deserticola	84.9	92.2	99.6	697
PX214564.1	FR750203_Glomus_spe	84.8	98.4	99.9	745
PX214564.1	FR750526_Glomus_macrocarpum	83.9	98.4	99.9	745
PX214564.1	FR750539_Glomus_macrocarpum	82.6	98.3	99.9	745
PX214565.1	MT832181_Funneliformis_mosseae	98.6	92.9	100.0	694
PX214565.1	MT832182_Funneliformis_mosseae	98.3	93.0	100.0	694
PX214565.1	FN547496_Funneliformis_caledonius	96.9	100.0	100.0	744
PX214565.1	FM876794_Funneliformis_coronatus	96.2	99.9	99.9	745
PX214565.1	AY639162_Funneliformis_mosseae	96.0	99.7	99.9	745
PX214565.1	MT832180_Funneliformis_spe	95.0	93.0	99.7	696
PX214565.1	AY639270_Funneliformis_mosseae	89.6	99.6	99.6	747
PX214565.1	MT832179_Septoglomus_viscosum	87.5	92.9	99.9	695
PX214565.1	MT832176_Septoglomus_constrictum	86.8	92.9	99.7	696
PX214565.1	MT832175_Septoglomus_constrictum	86.6	92.7	99.7	696
PX214565.1	MK348935.1_Funneliglomus_sanmartinese	86.5	97.0	91.2	728
PX214565.1	MT832178_Septoglomus_deserticola	85.9	92.2	99.6	697
PX214565.1	MT832177_Septoglomus_deserticola	84.9	92.2	99.6	697
PX214565.1	FR750203_Glomus_spe	84.8	98.4	99.9	745
PX214565.1	FR750526_Glomus_macrocarpum	84.3	98.4	99.9	745
PX214565.1	FR750539_Glomus_macrocarpum	83.4	98.3	99.9	745
PX214568.1	MT832181_Funneliformis_mosseae	98.7	92.9	100.0	694
PX214568.1	MT832182_Funneliformis_mosseae	98.4	93.0	100.0	694
PX214568.1	FN547496_Funneliformis_caledonius	96.9	100.0	100.0	744
PX214568.1	FM876794_Funneliformis_coronatus	96.6	99.9	99.9	745
PX214568.1	AY639162_Funneliformis_mosseae	96.5	99.7	99.9	745
PX214568.1	MT832180_Funneliformis_spe	95.4	93.0	99.7	696
PX214568.1	AY639270_Funneliformis_mosseae	89.8	99.6	99.6	747
PX214568.1	MT832179_Septoglomus_viscosum	88.1	92.9	99.9	695
PX214568.1	MT832175_Septoglomus_constrictum	87.2	92.7	99.7	696
PX214568.1	MT832176_Septoglomus_constrictum	87.1	92.9	99.7	696
PX214568.1	MK348935.1_Funneliglomus_sanmartinese	87.0	97.0	91.2	728
PX214568.1	MT832178_Septoglomus_deserticola	86.5	92.2	99.6	697
PX214568.1	MT832177_Septoglomus_deserticola	85.5	92.2	99.6	697
PX214568.1	FR750203_Glomus_spe	85.5	98.4	99.9	745
PX214568.1	FR750526_Glomus_macrocarpum	84.8	98.4	99.9	745
PX214568.1	FR750539_Glomus_macrocarpum	83.9	98.3	99.9	745
PX214566.1	MT832181_Funneliformis_mosseae	98.8	92.9	100.0	694
PX214566.1	MT832182_Funneliformis_mosseae	98.3	93.0	100.0	694
PX214566.1	FN547496_Funneliformis_caledonius	96.9	100.0	100.0	744
PX214566.1	FM876794_Funneliformis_coronatus	96.2	99.9	99.9	745
PX214566.1	AY639162_Funneliformis_mosseae	96.2	99.7	99.9	745
PX214566.1	MT832180_Funneliformis_spe	95.1	93.0	99.7	696
PX214566.1	AY639270_Funneliformis_mosseae	89.6	99.6	99.6	747
PX214566.1	MT832179_Septoglomus_viscosum	87.5	92.9	99.9	695
PX214566.1	MK348935.1_Funneliglomus_sanmartinese	86.8	97.0	91.2	728
PX214566.1	MT832175_Septoglomus_constrictum	86.8	92.7	99.7	696
PX214566.1	MT832176_Septoglomus_constrictum	86.8	92.9	99.7	696
PX214566.1	MT832178_Septoglomus_deserticola	86.1	92.2	99.6	697
PX214566.1	MT832177_Septoglomus_deserticola	85.1	92.2	99.6	697
PX214566.1	FR750203_Glomus_spe	85.0	98.4	99.9	745
PX214566.1	FR750526_Glomus_macrocarpum	84.3	98.4	99.9	745
PX214566.1	FR750539_Glomus_macrocarpum	83.4	98.3	99.9	745
PX214567.1	MT832181_Funneliformis_mosseae	98.7	92.9	100.0	694
PX214567.1	MT832182_Funneliformis_mosseae	98.4	93.0	100.0	694
PX214567.1	FN547496_Funneliformis_caledonius	96.6	100.0	100.0	744
PX214567.1	FM876794_Funneliformis_coronatus	96.1	99.9	99.9	745
PX214567.1	AY639162_Funneliformis_mosseae	96.1	99.7	99.9	745
PX214567.1	MT832180_Funneliformis_spe	95.0	93.0	99.7	696
PX214567.1	AY639270_Funneliformis_mosseae	89.4	99.6	99.6	747
PX214567.1	MT832179_Septoglomus_viscosum	87.8	92.9	99.9	695
PX214567.1	MT832175_Septoglomus_constrictum	87.1	92.7	99.7	696
PX214567.1	MT832176_Septoglomus_constrictum	86.8	92.9	99.7	696
PX214567.1	MK348935.1_Funneliglomus_sanmartinese	86.5	97.0	91.2	728
PX214567.1	MT832178_Septoglomus_deserticola	85.9	92.2	99.6	697
PX214567.1	MT832177_Septoglomus_deserticola	84.9	92.2	99.6	697
PX214567.1	FR750203_Glomus_spe	84.7	98.4	99.9	745
PX214567.1	FR750526_Glomus_macrocarpum	84.3	98.4	99.9	745
PX214567.1	FR750539_Glomus_macrocarpum	83.4	98.3	99.9	745
PX214569.1	MT832181_Funneliformis_mosseae	98.7	92.7	99.9	695
PX214569.1	MT832182_Funneliformis_mosseae	98.4	92.9	99.9	695
PX214569.1	FN547496_Funneliformis_caledonius	96.8	99.9	99.9	745
PX214569.1	FM876794_Funneliformis_coronatus	96.4	99.7	99.7	746
PX214569.1	AY639162_Funneliformis_mosseae	96.1	99.6	99.7	746
PX214569.1	MT832180_Funneliformis_spe	95.1	92.9	99.6	697
PX214569.1	AY639270_Funneliformis_mosseae	89.3	99.5	99.5	748
PX214569.1	MT832179_Septoglomus_viscosum	87.6	92.7	99.7	696
PX214569.1	MT832178_Septoglomus_deserticola	87.2	92.2	99.6	697
PX214569.1	MT832176_Septoglomus_constrictum	87.1	92.7	99.6	697
PX214569.1	MK348935.1_Funneliglomus_sanmartinese	86.8	97.0	91.2	728
PX214569.1	MT832177_Septoglomus_deserticola	86.2	92.2	99.6	697
PX214569.1	FR750203_Glomus_spe	85.4	98.3	99.7	746
PX214569.1	KJ564166.1_Dominikia_indica	84.8	96.4	91.0	730
PX214569.1	FR750526_Glomus_macrocarpum	84.4	98.4	99.9	745
PX214569.1	FR750539_Glomus_macrocarpum	83.1	98.3	99.9	745
PX214570.1	MT832181_Funneliformis_mosseae	97.7	92.9	100.0	694
PX214570.1	MT832182_Funneliformis_mosseae	97.4	93.0	100.0	694
PX214570.1	FN547496_Funneliformis_caledonius	96.2	100.0	100.0	744
PX214570.1	FM876794_Funneliformis_coronatus	95.8	99.9	99.9	745
PX214570.1	AY639162_Funneliformis_mosseae	95.6	99.7	99.9	745
PX214570.1	MT832180_Funneliformis_spe	94.7	93.0	99.7	696
PX214570.1	AY639270_Funneliformis_mosseae	88.9	99.6	99.6	747
PX214570.1	MT832179_Septoglomus_viscosum	87.3	92.9	99.9	695
PX214570.1	MK348935.1_Funneliglomus_sanmartinese	86.3	97.0	91.2	728
PX214570.1	MT832178_Septoglomus_deserticola	85.4	92.2	99.6	697
PX214570.1	KJ564166.1_Dominikia_indica	85.2	96.5	91.1	729
PX214570.1	FR750203_Glomus_spe	85.1	98.4	99.9	745
PX214570.1	KJ564146.1_Dominikia_disticha	84.7	96.6	91.1	730
PX214570.1	FR750526_Glomus_macrocarpum	84.2	98.4	99.9	745
PX214570.1	KJ564165.2_Dominikia_minuta	84.1	96.5	90.9	729
PX214570.1	FR750539_Glomus_macrocarpum	83.5	98.3	99.9	745
PX214571.1	MT832181_Funneliformis_mosseae	98.4	92.9	100.0	694
PX214571.1	MT832182_Funneliformis_mosseae	98.1	93.0	100.0	694
PX214571.1	FN547496_Funneliformis_caledonius	96.6	100.0	100.0	744
PX214571.1	FM876794_Funneliformis_coronatus	96.5	99.9	99.9	745
PX214571.1	AY639162_Funneliformis_mosseae	96.2	99.7	99.9	745
PX214571.1	MT832180_Funneliformis_spe	95.1	93.0	99.7	696
PX214571.1	AY639270_Funneliformis_mosseae	89.6	99.6	99.6	747
PX214571.1	MT832179_Septoglomus_viscosum	87.9	92.9	99.9	695
PX214571.1	MT832175_Septoglomus_constrictum	87.2	92.7	99.7	696
PX214571.1	MT832176_Septoglomus_constrictum	87.1	92.9	99.7	696
PX214571.1	MK348935.1_Funneliglomus_sanmartinese	86.7	97.0	91.2	728
PX214571.1	MT832178_Septoglomus_deserticola	86.5	92.2	99.6	697
PX214571.1	MT832177_Septoglomus_deserticola	85.5	92.2	99.6	697
PX214571.1	FR750203_Glomus_spe	85.1	98.4	99.9	745
PX214571.1	FR750526_Glomus_macrocarpum	84.7	98.4	99.9	745
PX214571.1	FR750539_Glomus_macrocarpum	83.8	98.3	99.9	745
PX214572.1	FJ461853.1_Septoglomus_viscosum	97.4	93.0	99.9	693
PX214572.1	MT832179_Septoglomus_viscosum	97.3	93.3	100.0	692
PX214572.1	MT832178_Septoglomus_deserticola	90.7	92.2	99.3	697
PX214572.1	MT832177_Septoglomus_deserticola	90.1	92.2	99.3	697
PX214572.1	MT832176_Septoglomus_constrictum	89.8	93.0	99.6	695
PX214572.1	MT832175_Septoglomus_constrictum	89.1	92.7	99.4	696
PX214572.1	FN547496_Funneliformis_caledonius	88.5	99.9	99.6	745
PX214572.1	MT832182_Funneliformis_mosseae	88.1	92.9	99.6	695
PX214572.1	MT832180_Funneliformis_spe	87.8	93.0	99.4	696
PX214572.1	MT832181_Funneliformis_mosseae	87.8	92.9	99.7	694
PX214572.1	FM876794_Funneliformis_coronatus	87.7	99.9	99.6	745
PX214572.1	AY639162_Funneliformis_mosseae	86.4	99.7	99.6	745
PX214572.1	MK348930.1_Funneliglomus_sanmartinese	86.3	96.9	90.7	730
PX214572.1	FR750203_Glomus_spe	85.9	98.5	99.7	744
PX214572.1	FM992391_Rhizophagus_proliferus	84.5	99.2	99.9	743
PX214572.1	FR750526_Glomus_macrocarpum	83.9	98.5	99.7	744
PX214573.1	FJ461853.1_Septoglomus_viscosum	97.5	93.0	99.9	693
PX214573.1	MT832179_Septoglomus_viscosum	97.4	93.3	100.0	692
PX214573.1	MT832178_Septoglomus_deserticola	90.8	92.2	99.3	697
PX214573.1	MT832177_Septoglomus_deserticola	90.2	92.2	99.3	697
PX214573.1	MT832176_Septoglomus_constrictum	89.9	93.0	99.6	695
PX214573.1	MT832175_Septoglomus_constrictum	89.2	92.7	99.4	696
PX214573.1	FN547496_Funneliformis_caledonius	88.6	99.9	99.6	745
PX214573.1	MT832182_Funneliformis_mosseae	88.2	92.9	99.6	695
PX214573.1	MT832180_Funneliformis_spe	87.9	93.0	99.4	696
PX214573.1	MT832181_Funneliformis_mosseae	87.9	92.9	99.7	694
PX214573.1	FM876794_Funneliformis_coronatus	87.8	99.9	99.6	745
PX214573.1	AY639162_Funneliformis_mosseae	86.6	99.7	99.6	745
PX214573.1	MK348930.1_Funneliglomus_sanmartinese	86.4	96.9	90.7	730
PX214573.1	FR750203_Glomus_spe	86.0	98.5	99.7	744
PX214573.1	FM992391_Rhizophagus_proliferus	84.4	99.2	99.9	743
PX214573.1	FR750526_Glomus_macrocarpum	84.0	98.5	99.7	744
PX214574.1	FJ461853.1_Septoglomus_viscosum	97.5	93.0	99.9	693
PX214574.1	MT832179_Septoglomus_viscosum	97.4	93.3	100.0	692
PX214574.1	MT832178_Septoglomus_deserticola	90.8	92.2	99.3	697
PX214574.1	MT832177_Septoglomus_deserticola	90.2	92.2	99.3	697
PX214574.1	MT832176_Septoglomus_constrictum	89.9	93.0	99.6	695
PX214574.1	FN547496_Funneliformis_caledonius	88.6	99.9	99.6	745
PX214574.1	MT832175_Septoglomus_constrictum	88.5	92.7	99.4	696
PX214574.1	MT832182_Funneliformis_mosseae	88.2	92.9	99.6	695
PX214574.1	MT832180_Funneliformis_spe	87.9	93.0	99.4	696
PX214574.1	MT832181_Funneliformis_mosseae	87.9	92.9	99.7	694
PX214574.1	FM876794_Funneliformis_coronatus	87.7	99.9	99.6	745
PX214574.1	AY639162_Funneliformis_mosseae	86.6	99.7	99.6	745
PX214574.1	MK348930.1_Funneliglomus_sanmartinese	86.4	96.9	90.7	730
PX214574.1	FR750203_Glomus_spe	86.0	98.5	99.7	744
PX214574.1	FR750526_Glomus_macrocarpum	84.1	98.5	99.7	744
PX214574.1	FM992391_Rhizophagus_proliferus	84.1	99.2	99.9	743
PX214575.1	FJ461853.1_Septoglomus_viscosum	97.4	93.0	99.9	693
PX214575.1	MT832179_Septoglomus_viscosum	97.3	93.3	100.0	692
PX214575.1	MT832178_Septoglomus_deserticola	90.7	92.2	99.3	697
PX214575.1	MT832177_Septoglomus_deserticola	90.1	92.2	99.3	697
PX214575.1	MT832176_Septoglomus_constrictum	89.8	93.0	99.6	695
PX214575.1	MT832175_Septoglomus_constrictum	89.1	92.7	99.4	696
PX214575.1	FN547496_Funneliformis_caledonius	88.5	99.9	99.6	745
PX214575.1	MT832182_Funneliformis_mosseae	88.1	92.9	99.6	695
PX214575.1	MT832180_Funneliformis_spe	87.8	93.0	99.4	696
PX214575.1	MT832181_Funneliformis_mosseae	87.8	92.9	99.7	694
PX214575.1	FM876794_Funneliformis_coronatus	87.7	99.9	99.6	745
PX214575.1	AY639162_Funneliformis_mosseae	86.4	99.7	99.6	745
PX214575.1	MK348930.1_Funneliglomus_sanmartinese	86.3	96.9	90.7	730
PX214575.1	FR750203_Glomus_spe	85.9	98.5	99.7	744
PX214575.1	FM992391_Rhizophagus_proliferus	84.5	99.2	99.9	743
PX214575.1	FR750526_Glomus_macrocarpum	83.9	98.5	99.7	744
PX214577.1	FJ461853.1_Septoglomus_viscosum	97.7	92.9	99.9	694
PX214577.1	MT832179_Septoglomus_viscosum	97.0	93.1	100.0	693
PX214577.1	MT832178_Septoglomus_deserticola	90.7	92.1	99.3	698
PX214577.1	MT832177_Septoglomus_deserticola	90.3	92.1	99.3	698
PX214577.1	MT832176_Septoglomus_constrictum	89.7	92.9	99.6	696
PX214577.1	MT832175_Septoglomus_constrictum	88.4	92.6	99.4	697
PX214577.1	FN547496_Funneliformis_caledonius	88.1	99.7	99.6	746
PX214577.1	MT832182_Funneliformis_mosseae	87.5	92.7	99.6	696
PX214577.1	MT832181_Funneliformis_mosseae	87.3	92.7	99.7	695
PX214577.1	FM876794_Funneliformis_coronatus	87.3	99.7	99.6	746
PX214577.1	MT832180_Funneliformis_spe	87.1	92.9	99.4	697
PX214577.1	AY639162_Funneliformis_mosseae	86.2	99.6	99.6	746
PX214577.1	FR750203_Glomus_spe	86.2	98.4	99.7	745
PX214577.1	MK348930.1_Funneliglomus_sanmartinese	85.6	96.9	90.8	730
PX214577.1	FR750526_Glomus_macrocarpum	84.0	98.4	99.7	745
PX214577.1	FM992391_Rhizophagus_proliferus	84.0	99.1	99.9	744
PX214578.1	FJ461853.1_Septoglomus_viscosum	97.1	92.9	99.9	694
PX214578.1	MT832179_Septoglomus_viscosum	96.8	93.1	100.0	693
PX214578.1	MT832176_Septoglomus_constrictum	89.7	92.9	99.6	696
PX214578.1	MT832178_Septoglomus_deserticola	89.1	92.1	99.3	698
PX214578.1	MT832177_Septoglomus_deserticola	88.7	92.1	99.3	698
PX214578.1	MT832175_Septoglomus_constrictum	88.4	92.6	99.4	697
PX214578.1	FN547496_Funneliformis_caledonius	87.9	99.7	99.6	746
PX214578.1	FM876794_Funneliformis_coronatus	87.1	99.7	99.6	746
PX214578.1	MT832180_Funneliformis_spe	86.8	93.0	99.6	696
PX214578.1	MT832182_Funneliformis_mosseae	86.8	92.7	99.6	696
PX214578.1	MT832181_Funneliformis_mosseae	86.6	92.7	99.7	695
PX214578.1	AY639162_Funneliformis_mosseae	85.7	99.6	99.6	746
PX214578.1	FR750203_Glomus_spe	85.2	98.4	99.7	745
PX214578.1	FR750526_Glomus_macrocarpum	83.6	98.4	99.7	745
PX214578.1	FM992391_Rhizophagus_proliferus	83.6	99.1	99.9	744
PX214578.1	FR750539_Glomus_macrocarpum	82.8	98.4	99.9	744
PX214579.1	FJ461853.1_Septoglomus_viscosum	97.7	92.9	99.7	694
PX214579.1	MT832179_Septoglomus_viscosum	97.3	93.1	99.9	693
PX214579.1	MT832176_Septoglomus_constrictum	89.8	92.9	99.4	696
PX214579.1	MT832175_Septoglomus_constrictum	89.7	92.7	99.4	696
PX214579.1	MT832178_Septoglomus_deserticola	89.1	92.2	99.3	697
PX214579.1	MT832177_Septoglomus_deserticola	88.7	92.2	99.3	697
PX214579.1	FN547496_Funneliformis_caledonius	88.1	99.9	99.6	745
PX214579.1	MT832180_Funneliformis_spe	87.5	93.0	99.4	696
PX214579.1	FM876794_Funneliformis_coronatus	86.8	99.9	99.6	745
PX214579.1	MT832182_Funneliformis_mosseae	86.8	92.9	99.6	695
PX214579.1	MT832181_Funneliformis_mosseae	86.6	92.9	99.7	694
PX214579.1	FR750203_Glomus_spe	86.4	98.7	99.9	743
PX214579.1	AY639162_Funneliformis_mosseae	85.9	99.7	99.6	745
PX214579.1	FM992391_Rhizophagus_proliferus	84.5	99.1	99.7	744
PX214579.1	FR750526_Glomus_macrocarpum	84.3	98.5	99.7	744
PX214579.1	FR750539_Glomus_macrocarpum	84.0	98.5	99.9	743
PX214576.1	FJ461853.1_Septoglomus_viscosum	97.0	92.8	99.6	694
PX214576.1	MT832179_Septoglomus_viscosum	97.0	93.1	99.7	693
PX214576.1	MT832178_Septoglomus_deserticola	90.7	92.2	99.1	697
PX214576.1	MT832177_Septoglomus_deserticola	90.1	92.2	99.1	697
PX214576.1	MT832176_Septoglomus_constrictum	89.2	93.0	99.4	695
PX214576.1	FN547496_Funneliformis_caledonius	88.1	99.9	99.5	745
PX214576.1	MT832175_Septoglomus_constrictum	87.9	92.7	99.3	696
PX214576.1	MT832182_Funneliformis_mosseae	87.5	92.8	99.4	695
PX214576.1	MT832181_Funneliformis_mosseae	87.3	92.7	99.4	695
PX214576.1	FM876794_Funneliformis_coronatus	87.3	99.7	99.3	746
PX214576.1	MT832180_Funneliformis_spe	86.9	93.0	99.3	696
PX214576.1	AY639162_Funneliformis_mosseae	86.2	99.6	99.3	746
PX214576.1	MK348930.1_Funneliglomus_sanmartinese	85.9	96.9	90.5	730
PX214576.1	FR750203_Glomus_spe	85.9	98.5	99.6	744
PX214576.1	FM992391_Rhizophagus_proliferus	84.0	99.1	99.6	744
PX214576.1	FR750526_Glomus_macrocarpum	83.6	98.4	99.5	745
PX214581.1	MT832179_Septoglomus_viscosum	97.1	93.0	100.0	694
PX214581.1	FJ461853.1_Septoglomus_viscosum	96.4	92.7	99.9	695
PX214581.1	MT832176_Septoglomus_constrictum	89.0	92.7	99.6	697
PX214581.1	FN547496_Funneliformis_caledonius	88.5	99.6	99.6	747
PX214581.1	MT832178_Septoglomus_deserticola	88.4	91.9	99.3	699
PX214581.1	MT832177_Septoglomus_deserticola	88.0	91.9	99.3	699
PX214581.1	MT832175_Septoglomus_constrictum	87.8	92.5	99.4	698
PX214581.1	FM876794_Funneliformis_coronatus	87.1	99.6	99.6	747
PX214581.1	MT832180_Funneliformis_spe	87.1	92.9	99.6	697
PX214581.1	MT832182_Funneliformis_mosseae	87.1	92.6	99.6	697
PX214581.1	MT832181_Funneliformis_mosseae	86.9	92.6	99.7	696
PX214581.1	AY639162_Funneliformis_mosseae	85.9	99.5	99.6	747
PX214581.1	MK348930.1_Funneliglomus_sanmartinese	85.8	96.6	90.7	732
PX214581.1	FR750203_Glomus_spe	85.3	98.3	99.7	746
PX214581.1	FR750526_Glomus_macrocarpum	83.8	98.3	99.7	746
PX214581.1	FR750539_Glomus_macrocarpum	83.6	98.3	99.9	745
PX214580.1	MT832179_Septoglomus_viscosum	97.1	93.0	100.0	694
PX214580.1	FJ461853.1_Septoglomus_viscosum	96.4	92.7	99.9	695
PX214580.1	MT832176_Septoglomus_constrictum	89.0	92.7	99.6	697
PX214580.1	FN547496_Funneliformis_caledonius	88.5	99.6	99.6	747
PX214580.1	MT832178_Septoglomus_deserticola	88.4	91.9	99.3	699
PX214580.1	MT832177_Septoglomus_deserticola	88.0	91.9	99.3	699
PX214580.1	MT832175_Septoglomus_constrictum	87.8	92.5	99.4	698
PX214580.1	FM876794_Funneliformis_coronatus	87.1	99.6	99.6	747
PX214580.1	MT832180_Funneliformis_spe	87.1	92.9	99.6	697
PX214580.1	MT832182_Funneliformis_mosseae	87.1	92.6	99.6	697
PX214580.1	MT832181_Funneliformis_mosseae	86.9	92.6	99.7	696
PX214580.1	AY639162_Funneliformis_mosseae	85.9	99.5	99.6	747
PX214580.1	MK348930.1_Funneliglomus_sanmartinese	85.8	96.6	90.7	732
PX214580.1	FR750203_Glomus_spe	85.3	98.3	99.7	746
PX214580.1	FR750526_Glomus_macrocarpum	83.8	98.3	99.7	746
PX214580.1	FR750539_Glomus_macrocarpum	83.6	98.3	99.9	745
PX214582.1	MT832179_Septoglomus_viscosum	97.1	93.0	100.0	694
PX214582.1	FJ461853.1_Septoglomus_viscosum	96.4	92.7	99.9	695
PX214582.1	MT832176_Septoglomus_constrictum	89.0	92.7	99.6	697
PX214582.1	FN547496_Funneliformis_caledonius	88.5	99.6	99.6	747
PX214582.1	MT832178_Septoglomus_deserticola	88.4	91.9	99.3	699
PX214582.1	MT832177_Septoglomus_deserticola	88.0	91.9	99.3	699
PX214582.1	MT832175_Septoglomus_constrictum	87.8	92.5	99.4	698
PX214582.1	FM876794_Funneliformis_coronatus	87.1	99.6	99.6	747
PX214582.1	MT832180_Funneliformis_spe	87.1	92.9	99.6	697
PX214582.1	MT832182_Funneliformis_mosseae	87.1	92.6	99.6	697
PX214582.1	MT832181_Funneliformis_mosseae	86.9	92.6	99.7	696
PX214582.1	AY639162_Funneliformis_mosseae	85.9	99.5	99.6	747
PX214582.1	MK348930.1_Funneliglomus_sanmartinese	85.8	96.6	90.7	732
PX214582.1	FR750203_Glomus_spe	85.3	98.3	99.7	746
PX214582.1	FR750526_Glomus_macrocarpum	83.8	98.3	99.7	746
PX214582.1	FR750539_Glomus_macrocarpum	83.6	98.3	99.9	745
PX214583.1	FJ461853.1_Septoglomus_viscosum	98.3	92.8	100.0	695
PX214583.1	MT832179_Septoglomus_viscosum	96.0	92.9	100.0	695
PX214583.1	MT832178_Septoglomus_deserticola	89.3	91.8	99.3	700
PX214583.1	MT832177_Septoglomus_deserticola	88.9	91.8	99.3	700
PX214583.1	MT832176_Septoglomus_constrictum	88.8	92.6	99.6	698
PX214583.1	MT832175_Septoglomus_constrictum	87.4	92.3	99.4	699
PX214583.1	FN547496_Funneliformis_caledonius	87.2	99.5	99.6	748
PX214583.1	FM876794_Funneliformis_coronatus	86.1	99.6	99.7	747
PX214583.1	MT832180_Funneliformis_spe	85.8	92.6	99.4	699
PX214583.1	MT832182_Funneliformis_mosseae	85.8	92.5	99.6	698
PX214583.1	MT832181_Funneliformis_mosseae	85.8	92.5	99.7	697
PX214583.1	AY639162_Funneliformis_mosseae	85.2	99.3	99.6	748
PX214583.1	MK348930.1_Funneliglomus_sanmartinese	85.0	96.5	90.7	733
PX214583.1	FR750203_Glomus_spe	84.7	98.1	99.7	747
PX214583.1	FM992391_Rhizophagus_proliferus	83.5	98.8	99.9	746
PX214583.1	FR750526_Glomus_macrocarpum	82.8	98.3	99.9	746
PX214586.1	MT832179_Septoglomus_viscosum	91.7	92.8	100.0	696
PX214586.1	FJ461853.1_Septoglomus_viscosum	90.4	92.6	100.0	696
PX214586.1	MT832176_Septoglomus_constrictum	88.4	92.5	99.6	699
PX214586.1	MT832178_Septoglomus_deserticola	87.7	91.7	99.3	701
PX214586.1	FN547496_Funneliformis_caledonius	86.8	99.5	99.7	748
PX214586.1	MT832175_Septoglomus_constrictum	86.7	92.2	99.4	700
PX214586.1	MT832177_Septoglomus_deserticola	86.6	91.8	99.4	700
PX214586.1	FM876794_Funneliformis_coronatus	85.8	99.5	99.7	748
PX214586.1	MT832182_Funneliformis_mosseae	85.7	92.4	99.6	699
PX214586.1	MT832180_Funneliformis_spe	85.5	92.8	99.7	698
PX214586.1	MT832181_Funneliformis_mosseae	85.5	92.4	99.7	698
PX214586.1	MK348935.1_Funneliglomus_sanmartinese	85.0	96.4	90.8	733
PX214586.1	MK348930.1_Funneliglomus_sanmartinese	84.6	96.4	90.7	734
PX214586.1	AY639162_Funneliformis_mosseae	84.2	99.3	99.7	748
PX214586.1	KJ564166.1_Dominikia_indica	83.2	96.4	91.2	730
PX214586.1	FR750526_Glomus_macrocarpum	82.2	97.9	99.6	749
PX214587.1	MT832179_Septoglomus_viscosum	91.7	92.8	100.0	696
PX214587.1	FJ461853.1_Septoglomus_viscosum	90.4	92.6	100.0	696
PX214587.1	MT832176_Septoglomus_constrictum	88.4	92.5	99.6	699
PX214587.1	MT832178_Septoglomus_deserticola	87.7	91.7	99.3	701
PX214587.1	FN547496_Funneliformis_caledonius	86.8	99.5	99.7	748
PX214587.1	MT832175_Septoglomus_constrictum	86.7	92.2	99.4	700
PX214587.1	MT832177_Septoglomus_deserticola	86.6	91.8	99.4	700
PX214587.1	FM876794_Funneliformis_coronatus	85.8	99.5	99.7	748
PX214587.1	MT832182_Funneliformis_mosseae	85.7	92.4	99.6	699
PX214587.1	MT832180_Funneliformis_spe	85.5	92.8	99.7	698
PX214587.1	MT832181_Funneliformis_mosseae	85.5	92.4	99.7	698
PX214587.1	MK348935.1_Funneliglomus_sanmartinese	85.0	96.4	90.8	733
PX214587.1	MK348930.1_Funneliglomus_sanmartinese	84.6	96.4	90.7	734
PX214587.1	AY639162_Funneliformis_mosseae	84.2	99.3	99.7	748
PX214587.1	KJ564166.1_Dominikia_indica	83.2	96.4	91.2	730
PX214587.1	FR750526_Glomus_macrocarpum	82.2	97.9	99.6	749
PX214588.1	MT832179_Septoglomus_viscosum	91.7	92.8	100.0	696
PX214588.1	FJ461853.1_Septoglomus_viscosum	90.4	92.6	100.0	696
PX214588.1	MT832176_Septoglomus_constrictum	88.4	92.5	99.6	699
PX214588.1	MT832178_Septoglomus_deserticola	87.7	91.7	99.3	701
PX214588.1	FN547496_Funneliformis_caledonius	86.8	99.5	99.7	748
PX214588.1	MT832175_Septoglomus_constrictum	86.7	92.2	99.4	700
PX214588.1	MT832177_Septoglomus_deserticola	86.6	91.8	99.4	700
PX214588.1	FM876794_Funneliformis_coronatus	85.8	99.5	99.7	748
PX214588.1	MT832182_Funneliformis_mosseae	85.7	92.4	99.6	699
PX214588.1	MT832180_Funneliformis_spe	85.5	92.8	99.7	698
PX214588.1	MT832181_Funneliformis_mosseae	85.5	92.4	99.7	698
PX214588.1	MK348935.1_Funneliglomus_sanmartinese	85.0	96.4	90.8	733
PX214588.1	MK348930.1_Funneliglomus_sanmartinese	84.6	96.4	90.7	734
PX214588.1	AY639162_Funneliformis_mosseae	84.2	99.3	99.7	748
PX214588.1	KJ564166.1_Dominikia_indica	83.2	96.4	91.2	730
PX214588.1	FR750526_Glomus_macrocarpum	82.2	97.9	99.6	749
PX214585.1	MT832179_Septoglomus_viscosum	92.1	93.0	100.0	694
PX214585.1	FJ461853.1_Septoglomus_viscosum	90.6	92.7	99.9	695
PX214585.1	MT832176_Septoglomus_constrictum	88.5	92.7	99.6	697
PX214585.1	MT832178_Septoglomus_deserticola	88.3	91.9	99.3	699
PX214585.1	FN547496_Funneliformis_caledonius	88.1	99.6	99.6	747
PX214585.1	MT832177_Septoglomus_deserticola	88.0	91.9	99.3	699
PX214585.1	MT832175_Septoglomus_constrictum	87.0	92.5	99.4	698
PX214585.1	MT832180_Funneliformis_spe	86.9	92.9	99.6	697
PX214585.1	FM876794_Funneliformis_coronatus	86.7	99.6	99.6	747
PX214585.1	MT832182_Funneliformis_mosseae	86.4	92.6	99.6	697
PX214585.1	MT832181_Funneliformis_mosseae	86.4	92.6	99.7	696
PX214585.1	AY639162_Funneliformis_mosseae	85.3	99.5	99.6	747
PX214585.1	MK348935.1_Funneliglomus_sanmartinese	85.2	96.5	90.7	732
PX214585.1	MK348930.1_Funneliglomus_sanmartinese	85.1	96.5	90.5	733
PX214585.1	KJ564166.1_Dominikia_indica	83.4	96.5	91.1	729
PX214585.1	FR750526_Glomus_macrocarpum	83.0	98.0	99.5	748
PX214584.1	MT832179_Septoglomus_viscosum	92.1	93.0	100.0	694
PX214584.1	FJ461853.1_Septoglomus_viscosum	90.6	92.7	99.9	695
PX214584.1	MT832176_Septoglomus_constrictum	88.5	92.7	99.6	697
PX214584.1	MT832178_Septoglomus_deserticola	88.3	91.9	99.3	699
PX214584.1	FN547496_Funneliformis_caledonius	88.1	99.6	99.6	747
PX214584.1	MT832177_Septoglomus_deserticola	88.0	91.9	99.3	699
PX214584.1	MT832175_Septoglomus_constrictum	87.0	92.5	99.4	698
PX214584.1	MT832180_Funneliformis_spe	86.9	92.9	99.6	697
PX214584.1	FM876794_Funneliformis_coronatus	86.7	99.6	99.6	747
PX214584.1	MT832182_Funneliformis_mosseae	86.4	92.6	99.6	697
PX214584.1	MT832181_Funneliformis_mosseae	86.4	92.6	99.7	696
PX214584.1	AY639162_Funneliformis_mosseae	85.3	99.5	99.6	747
PX214584.1	MK348935.1_Funneliglomus_sanmartinese	85.2	96.5	90.7	732
PX214584.1	MK348930.1_Funneliglomus_sanmartinese	85.1	96.5	90.5	733
PX214584.1	KJ564166.1_Dominikia_indica	83.4	96.5	91.1	729
PX214584.1	FR750526_Glomus_macrocarpum	83.0	98.0	99.5	748
PX214589.1	MT832179_Septoglomus_viscosum	91.7	92.8	100.0	696
PX214589.1	FJ461853.1_Septoglomus_viscosum	90.4	92.6	100.0	696
PX214589.1	MT832176_Septoglomus_constrictum	88.4	92.5	99.6	699
PX214589.1	MT832178_Septoglomus_deserticola	87.7	91.7	99.3	701
PX214589.1	FN547496_Funneliformis_caledonius	86.8	99.5	99.7	748
PX214589.1	MT832175_Septoglomus_constrictum	86.7	92.2	99.4	700
PX214589.1	MT832177_Septoglomus_deserticola	86.6	91.8	99.4	700
PX214589.1	FM876794_Funneliformis_coronatus	85.8	99.5	99.7	748
PX214589.1	MT832182_Funneliformis_mosseae	85.7	92.4	99.6	699
PX214589.1	MT832180_Funneliformis_spe	85.5	92.8	99.7	698
PX214589.1	MT832181_Funneliformis_mosseae	85.5	92.4	99.7	698
PX214589.1	MK348935.1_Funneliglomus_sanmartinese	85.0	96.4	90.8	733
PX214589.1	MK348930.1_Funneliglomus_sanmartinese	84.6	96.4	90.7	734
PX214589.1	AY639162_Funneliformis_mosseae	84.2	99.3	99.7	748
PX214589.1	KJ564166.1_Dominikia_indica	83.2	96.4	91.2	730
PX214589.1	FR750526_Glomus_macrocarpum	82.2	97.9	99.6	749
PX214590.1	MT832179_Septoglomus_viscosum	91.7	92.8	100.0	696
PX214590.1	FJ461853.1_Septoglomus_viscosum	90.4	92.6	100.0	696
PX214590.1	MT832176_Septoglomus_constrictum	88.4	92.5	99.6	699
PX214590.1	MT832178_Septoglomus_deserticola	87.7	91.7	99.3	701
PX214590.1	FN547496_Funneliformis_caledonius	86.8	99.5	99.7	748
PX214590.1	MT832175_Septoglomus_constrictum	86.7	92.2	99.4	700
PX214590.1	MT832177_Septoglomus_deserticola	86.6	91.8	99.4	700
PX214590.1	FM876794_Funneliformis_coronatus	85.8	99.5	99.7	748
PX214590.1	MT832182_Funneliformis_mosseae	85.7	92.4	99.6	699
PX214590.1	MT832180_Funneliformis_spe	85.5	92.8	99.7	698
PX214590.1	MT832181_Funneliformis_mosseae	85.5	92.4	99.7	698
PX214590.1	MK348935.1_Funneliglomus_sanmartinese	85.0	96.4	90.8	733
PX214590.1	MK348930.1_Funneliglomus_sanmartinese	84.6	96.4	90.7	734
PX214590.1	AY639162_Funneliformis_mosseae	84.2	99.3	99.7	748
PX214590.1	KJ564166.1_Dominikia_indica	83.2	96.4	91.2	730
PX214590.1	FR750526_Glomus_macrocarpum	82.2	97.9	99.6	749
PX214599.1	MT832176_Septoglomus_constrictum	97.6	93.0	99.7	695
PX214599.1	MT832175_Septoglomus_constrictum	94.8	92.9	99.7	695
PX214599.1	MT832179_Septoglomus_viscosum	89.0	93.0	99.9	694
PX214599.1	MT832177_Septoglomus_deserticola	88.9	92.3	99.6	696
PX214599.1	MT832178_Septoglomus_deserticola	88.8	92.3	99.6	696
PX214599.1	FJ461853.1_Septoglomus_viscosum	88.8	92.7	99.7	695
PX214599.1	FN547496_Funneliformis_caledonius	87.7	99.9	99.7	745
PX214599.1	MT832180_Funneliformis_spe	86.8	92.9	99.4	697
PX214599.1	FM876794_Funneliformis_coronatus	86.6	99.9	99.7	745
PX214599.1	MT832182_Funneliformis_mosseae	86.5	92.9	99.7	695
PX214599.1	MK348930.1_Funneliglomus_sanmartinese	86.2	96.9	90.8	730
PX214599.1	MT832181_Funneliformis_mosseae	85.9	92.9	99.9	694
PX214599.1	AY639162_Funneliformis_mosseae	85.4	99.7	99.7	745
PX214599.1	KJ564166.1_Dominikia_indica	85.2	96.6	91.1	728
PX214599.1	FR750203_Glomus_spe	84.7	98.5	99.9	744
PX214599.1	FR750539_Glomus_macrocarpum	83.5	98.4	99.9	744
PX214592.1	MT832179_Septoglomus_viscosum	91.0	92.4	100.0	699
PX214592.1	FJ461853.1_Septoglomus_viscosum	89.8	92.3	100.0	699
PX214592.1	MT832178_Septoglomus_deserticola	87.6	91.3	99.3	704
PX214592.1	MT832176_Septoglomus_constrictum	87.5	92.1	99.6	702
PX214592.1	MT832177_Septoglomus_deserticola	87.2	91.3	99.3	704
PX214592.1	FN547496_Funneliformis_caledonius	86.4	99.1	99.7	751
PX214592.1	MT832175_Septoglomus_constrictum	86.1	91.9	99.4	703
PX214592.1	FM876794_Funneliformis_coronatus	85.1	99.1	99.7	751
PX214592.1	MT832180_Funneliformis_spe	84.9	92.4	99.7	701
PX214592.1	MK348935.1_Funneliglomus_sanmartinese	84.8	96.1	90.9	735
PX214592.1	MK348930.1_Funneliglomus_sanmartinese	84.6	96.1	90.8	736
PX214592.1	MT832182_Funneliformis_mosseae	84.5	92.1	99.7	701
PX214592.1	MT832181_Funneliformis_mosseae	84.4	92.1	99.9	700
PX214592.1	AY639162_Funneliformis_mosseae	83.5	98.9	99.7	751
PX214592.1	FR750526_Glomus_macrocarpum	82.4	97.5	99.6	752
PX214592.1	FR750539_Glomus_macrocarpum	81.9	97.5	99.7	751
PX214591.1	MT832179_Septoglomus_viscosum	91.6	93.0	100.0	694
PX214591.1	FJ461853.1_Septoglomus_viscosum	90.3	92.9	100.0	694
PX214591.1	MT832176_Septoglomus_constrictum	88.1	92.7	99.6	697
PX214591.1	MT832178_Septoglomus_deserticola	87.6	91.9	99.3	699
PX214591.1	FN547496_Funneliformis_caledonius	87.1	99.6	99.6	747
PX214591.1	MT832177_Septoglomus_deserticola	87.1	91.9	99.3	699
PX214591.1	MT832175_Septoglomus_constrictum	86.5	92.5	99.4	698
PX214591.1	MT832180_Funneliformis_spe	86.0	92.7	99.4	698
PX214591.1	FM876794_Funneliformis_coronatus	85.9	99.7	99.7	746
PX214591.1	MT832182_Funneliformis_mosseae	85.4	92.6	99.6	697
PX214591.1	MT832181_Funneliformis_mosseae	85.3	92.6	99.7	696
PX214591.1	MK348935.1_Funneliglomus_sanmartinese	85.0	96.6	90.8	731
PX214591.1	MK348930.1_Funneliglomus_sanmartinese	84.7	96.6	90.7	732
PX214591.1	AY639162_Funneliformis_mosseae	83.9	99.6	99.7	746
PX214591.1	KJ564166.1_Dominikia_indica	83.0	96.4	91.0	730
PX214591.1	FR750526_Glomus_macrocarpum	82.1	98.1	99.6	747
PX214593.1	MT832179_Septoglomus_viscosum	91.0	92.4	100.0	699
PX214593.1	FJ461853.1_Septoglomus_viscosum	89.8	92.3	100.0	699
PX214593.1	MT832178_Septoglomus_deserticola	87.5	91.3	99.3	704
PX214593.1	MT832176_Septoglomus_constrictum	87.5	92.1	99.6	702
PX214593.1	MT832177_Septoglomus_deserticola	87.1	91.3	99.3	704
PX214593.1	FN547496_Funneliformis_caledonius	86.4	99.1	99.7	751
PX214593.1	MT832175_Septoglomus_constrictum	86.1	91.9	99.4	703
PX214593.1	FM876794_Funneliformis_coronatus	85.1	99.1	99.7	751
PX214593.1	MT832180_Funneliformis_spe	84.9	92.4	99.7	701
PX214593.1	MK348935.1_Funneliglomus_sanmartinese	84.8	96.1	90.9	735
PX214593.1	MK348930.1_Funneliglomus_sanmartinese	84.6	96.1	90.8	736
PX214593.1	MT832182_Funneliformis_mosseae	84.5	92.1	99.7	701
PX214593.1	MT832181_Funneliformis_mosseae	84.4	92.1	99.9	700
PX214593.1	AY639162_Funneliformis_mosseae	83.5	98.9	99.7	751
PX214593.1	FR750526_Glomus_macrocarpum	82.3	97.5	99.6	752
PX214593.1	FR750539_Glomus_macrocarpum	81.8	97.5	99.7	751
PX214596.1	MT832175_Septoglomus_constrictum	97.7	93.0	100.0	694
PX214596.1	MT832176_Septoglomus_constrictum	94.7	92.7	99.6	697
PX214596.1	MT832177_Septoglomus_deserticola	89.3	92.1	99.4	698
PX214596.1	MT832178_Septoglomus_deserticola	89.2	92.2	99.6	697
PX214596.1	FJ461853.1_Septoglomus_viscosum	88.6	92.2	99.3	699
PX214596.1	MT832179_Septoglomus_viscosum	88.5	92.5	99.4	698
PX214596.1	FN547496_Funneliformis_caledonius	87.8	99.6	99.6	747
PX214596.1	MT832180_Funneliformis_spe	87.6	92.6	99.3	699
PX214596.1	MT832182_Funneliformis_mosseae	86.9	92.6	99.6	697
PX214596.1	FM876794_Funneliformis_coronatus	86.9	99.5	99.5	748
PX214596.1	MT832181_Funneliformis_mosseae	86.5	92.5	99.6	697
PX214596.1	AY639162_Funneliformis_mosseae	85.4	99.6	99.7	746
PX214596.1	MK348930.1_Funneliglomus_sanmartinese	84.2	97.0	91.0	729
PX214596.1	FR750203_Glomus_spe	84.0	98.5	100.0	744
PX214596.1	FR750526_Glomus_macrocarpum	83.8	98.4	99.9	745
PX214596.1	FR750539_Glomus_macrocarpum	83.1	98.3	99.9	745
PX214598.1	MT832175_Septoglomus_constrictum	97.7	93.0	100.0	694
PX214598.1	MT832176_Septoglomus_constrictum	94.7	92.7	99.6	697
PX214598.1	MT832177_Septoglomus_deserticola	89.3	92.1	99.4	698
PX214598.1	MT832178_Septoglomus_deserticola	89.2	92.2	99.6	697
PX214598.1	FJ461853.1_Septoglomus_viscosum	88.6	92.2	99.3	699
PX214598.1	MT832179_Septoglomus_viscosum	88.5	92.5	99.4	698
PX214598.1	FN547496_Funneliformis_caledonius	87.8	99.6	99.6	747
PX214598.1	MT832180_Funneliformis_spe	87.6	92.6	99.3	699
PX214598.1	MT832182_Funneliformis_mosseae	86.9	92.6	99.6	697
PX214598.1	FM876794_Funneliformis_coronatus	86.9	99.5	99.5	748
PX214598.1	MT832181_Funneliformis_mosseae	86.5	92.5	99.6	697
PX214598.1	AY639162_Funneliformis_mosseae	85.4	99.6	99.7	746
PX214598.1	MK348930.1_Funneliglomus_sanmartinese	84.2	97.0	91.0	729
PX214598.1	FR750203_Glomus_spe	84.0	98.5	100.0	744
PX214598.1	FR750526_Glomus_macrocarpum	83.8	98.4	99.9	745
PX214598.1	FR750539_Glomus_macrocarpum	83.1	98.3	99.9	745
PX214595.1	MT832175_Septoglomus_constrictum	98.6	93.0	100.0	694
PX214595.1	MT832176_Septoglomus_constrictum	95.3	92.7	99.6	697
PX214595.1	MT832177_Septoglomus_deserticola	89.7	92.1	99.4	698
PX214595.1	MT832178_Septoglomus_deserticola	89.7	92.2	99.6	697
PX214595.1	MT832179_Septoglomus_viscosum	88.7	92.6	99.6	697
PX214595.1	FN547496_Funneliformis_caledonius	88.2	99.6	99.6	747
PX214595.1	MT832180_Funneliformis_spe	87.8	92.6	99.3	699
PX214595.1	FM876794_Funneliformis_coronatus	87.3	99.5	99.5	748
PX214595.1	MT832182_Funneliformis_mosseae	87.1	92.6	99.6	697
PX214595.1	MT832181_Funneliformis_mosseae	86.7	92.5	99.6	697
PX214595.1	AY639162_Funneliformis_mosseae	85.5	99.6	99.7	746
PX214595.1	MK348930.1_Funneliglomus_sanmartinese	85.5	96.9	90.9	730
PX214595.1	KJ564166.1_Dominikia_indica	85.5	96.4	91.0	730
PX214595.1	KJ564165.2_Dominikia_minuta	85.1	96.4	90.8	730
PX214595.1	FR750203_Glomus_spe	84.5	98.5	100.0	744
PX214595.1	FR750526_Glomus_macrocarpum	84.1	98.5	100.0	744
PX214594.1	MT832179_Septoglomus_viscosum	91.0	92.3	100.0	700
PX214594.1	FJ461853.1_Septoglomus_viscosum	89.9	92.1	100.0	700
PX214594.1	MT832178_Septoglomus_deserticola	87.7	91.2	99.3	705
PX214594.1	MT832176_Septoglomus_constrictum	87.3	92.0	99.6	703
PX214594.1	MT832177_Septoglomus_deserticola	87.2	91.2	99.3	705
PX214594.1	FN547496_Funneliformis_caledonius	86.4	98.9	99.7	752
PX214594.1	MT832175_Septoglomus_constrictum	85.9	91.7	99.4	704
PX214594.1	FM876794_Funneliformis_coronatus	85.2	99.1	99.9	751
PX214594.1	MT832180_Funneliformis_spe	84.9	92.3	99.7	702
PX214594.1	MK348935.1_Funneliglomus_sanmartinese	84.8	96.0	90.9	736
PX214594.1	MK348930.1_Funneliglomus_sanmartinese	84.7	96.0	90.8	737
PX214594.1	MT832182_Funneliformis_mosseae	84.5	92.0	99.7	702
PX214594.1	MT832181_Funneliformis_mosseae	84.5	92.0	99.9	701
PX214594.1	AY639162_Funneliformis_mosseae	83.1	98.9	99.9	751
PX214594.1	FR750526_Glomus_macrocarpum	82.3	97.3	99.6	753
PX214594.1	FR750539_Glomus_macrocarpum	81.8	97.3	99.7	752
PX214597.1	MT832175_Septoglomus_constrictum	97.7	93.0	100.0	694
PX214597.1	MT832176_Septoglomus_constrictum	94.7	92.7	99.6	697
PX214597.1	MT832177_Septoglomus_deserticola	89.3	92.1	99.4	698
PX214597.1	MT832178_Septoglomus_deserticola	89.2	92.2	99.6	697
PX214597.1	FJ461853.1_Septoglomus_viscosum	88.6	92.2	99.3	699
PX214597.1	MT832179_Septoglomus_viscosum	88.5	92.5	99.4	698
PX214597.1	FN547496_Funneliformis_caledonius	87.8	99.6	99.6	747
PX214597.1	MT832180_Funneliformis_spe	87.6	92.6	99.3	699
PX214597.1	MT832182_Funneliformis_mosseae	86.9	92.6	99.6	697
PX214597.1	FM876794_Funneliformis_coronatus	86.9	99.5	99.5	748
PX214597.1	MT832181_Funneliformis_mosseae	86.5	92.5	99.6	697
PX214597.1	AY639162_Funneliformis_mosseae	85.4	99.6	99.7	746
PX214597.1	MK348930.1_Funneliglomus_sanmartinese	84.2	97.0	91.0	729
PX214597.1	FR750203_Glomus_spe	84.0	98.5	100.0	744
PX214597.1	FR750526_Glomus_macrocarpum	83.8	98.4	99.9	745
PX214597.1	FR750539_Glomus_macrocarpum	83.1	98.3	99.9	745
PX214600.1	MT832176_Septoglomus_constrictum	97.6	93.0	99.7	695
PX214600.1	MT832175_Septoglomus_constrictum	95.1	92.9	99.7	695
PX214600.1	MT832179_Septoglomus_viscosum	89.0	93.0	99.9	694
PX214600.1	MT832177_Septoglomus_deserticola	88.9	92.3	99.6	696
PX214600.1	MT832178_Septoglomus_deserticola	88.8	92.3	99.6	696
PX214600.1	FJ461853.1_Septoglomus_viscosum	88.8	92.7	99.7	695
PX214600.1	FN547496_Funneliformis_caledonius	87.9	99.9	99.7	745
PX214600.1	MT832180_Funneliformis_spe	87.1	92.9	99.4	697
PX214600.1	FM876794_Funneliformis_coronatus	86.8	99.9	99.7	745
PX214600.1	MT832182_Funneliformis_mosseae	86.8	92.9	99.7	695
PX214600.1	MK348930.1_Funneliglomus_sanmartinese	86.4	96.9	90.8	730
PX214600.1	MT832181_Funneliformis_mosseae	86.2	92.9	99.9	694
PX214600.1	AY639162_Funneliformis_mosseae	85.6	99.7	99.7	745
PX214600.1	KJ564166.1_Dominikia_indica	85.3	96.6	91.1	728
PX214600.1	FR750203_Glomus_spe	84.5	98.7	100.0	743
PX214600.1	FR750539_Glomus_macrocarpum	83.5	98.4	99.9	744
PX214605.1	MT832176_Septoglomus_constrictum	96.8	93.0	99.9	695
PX214605.1	MT832175_Septoglomus_constrictum	94.1	92.7	99.7	696
PX214605.1	MT832177_Septoglomus_deserticola	89.5	92.2	99.6	697
PX214605.1	MT832178_Septoglomus_deserticola	89.1	92.2	99.6	697
PX214605.1	MT832179_Septoglomus_viscosum	88.9	93.0	100.0	694
PX214605.1	FJ461853.1_Septoglomus_viscosum	88.8	92.7	99.9	695
PX214605.1	FN547496_Funneliformis_caledonius	87.5	99.7	99.7	746
PX214605.1	FM876794_Funneliformis_coronatus	86.6	99.7	99.7	746
PX214605.1	MK348930.1_Funneliglomus_sanmartinese	86.6	96.8	90.8	731
PX214605.1	MT832180_Funneliformis_spe	86.4	92.9	99.6	697
PX214605.1	MT832182_Funneliformis_mosseae	86.1	92.7	99.7	696
PX214605.1	MT832181_Funneliformis_mosseae	85.6	92.7	99.9	695
PX214605.1	AY639162_Funneliformis_mosseae	85.4	99.6	99.7	746
PX214605.1	FR750203_Glomus_spe	85.0	98.4	99.9	745
PX214605.1	KJ564166.1_Dominikia_indica	84.5	96.6	91.2	728
PX214605.1	FR750526_Glomus_macrocarpum	83.8	98.4	99.9	745
PX214601.1	MT832176_Septoglomus_constrictum	97.8	93.0	99.7	695
PX214601.1	MT832175_Septoglomus_constrictum	94.8	92.9	99.7	695
PX214601.1	MT832179_Septoglomus_viscosum	89.2	93.0	99.9	694
PX214601.1	FJ461853.1_Septoglomus_viscosum	89.1	92.7	99.7	695
PX214601.1	MT832177_Septoglomus_deserticola	88.8	92.3	99.6	696
PX214601.1	MT832178_Septoglomus_deserticola	88.6	92.3	99.6	696
PX214601.1	FN547496_Funneliformis_caledonius	87.4	99.9	99.7	745
PX214601.1	MT832180_Funneliformis_spe	86.7	92.9	99.4	697
PX214601.1	MT832182_Funneliformis_mosseae	86.5	92.9	99.7	695
PX214601.1	FM876794_Funneliformis_coronatus	86.3	99.9	99.7	745
PX214601.1	MK348930.1_Funneliglomus_sanmartinese	86.2	96.9	90.8	730
PX214601.1	MT832181_Funneliformis_mosseae	85.9	92.9	99.9	694
PX214601.1	AY639162_Funneliformis_mosseae	85.4	99.7	99.7	745
PX214601.1	KJ564166.1_Dominikia_indica	85.0	96.6	91.1	728
PX214601.1	FR750203_Glomus_spe	84.4	98.5	99.9	744
PX214601.1	FR750539_Glomus_macrocarpum	83.2	98.4	99.9	744
PX214602.1	MT832176_Septoglomus_constrictum	97.8	93.0	99.7	695
PX214602.1	MT832175_Septoglomus_constrictum	95.1	92.9	99.7	695
PX214602.1	MT832179_Septoglomus_viscosum	89.2	93.0	99.9	694
PX214602.1	MT832177_Septoglomus_deserticola	89.1	92.3	99.6	696
PX214602.1	FJ461853.1_Septoglomus_viscosum	89.1	92.7	99.7	695
PX214602.1	MT832178_Septoglomus_deserticola	88.6	92.3	99.6	696
PX214602.1	FN547496_Funneliformis_caledonius	87.4	99.9	99.7	745
PX214602.1	MT832180_Funneliformis_spe	86.7	92.9	99.4	697
PX214602.1	MK348930.1_Funneliglomus_sanmartinese	86.4	96.9	90.8	730
PX214602.1	MT832182_Funneliformis_mosseae	86.3	92.9	99.7	695
PX214602.1	FM876794_Funneliformis_coronatus	86.3	99.9	99.7	745
PX214602.1	MT832181_Funneliformis_mosseae	85.7	92.9	99.9	694
PX214602.1	AY639162_Funneliformis_mosseae	85.2	99.7	99.7	745
PX214602.1	KJ564166.1_Dominikia_indica	84.8	96.6	91.1	728
PX214602.1	FR750203_Glomus_spe	84.4	98.4	99.7	745
PX214602.1	FR750539_Glomus_macrocarpum	83.2	98.4	99.9	744
PX214603.1	MT832176_Septoglomus_constrictum	96.8	93.0	99.9	695
PX214603.1	MT832175_Septoglomus_constrictum	94.1	92.7	99.7	696
PX214603.1	MT832177_Septoglomus_deserticola	89.5	92.2	99.6	697
PX214603.1	MT832178_Septoglomus_deserticola	89.1	92.2	99.6	697
PX214603.1	MT832179_Septoglomus_viscosum	88.9	93.0	100.0	694
PX214603.1	FJ461853.1_Septoglomus_viscosum	88.8	92.7	99.9	695
PX214603.1	FN547496_Funneliformis_caledonius	87.5	99.7	99.7	746
PX214603.1	FM876794_Funneliformis_coronatus	86.6	99.7	99.7	746
PX214603.1	MK348930.1_Funneliglomus_sanmartinese	86.6	96.8	90.8	731
PX214603.1	MT832180_Funneliformis_spe	86.4	92.9	99.6	697
PX214603.1	MT832182_Funneliformis_mosseae	86.1	92.7	99.7	696
PX214603.1	MT832181_Funneliformis_mosseae	85.6	92.7	99.9	695
PX214603.1	AY639162_Funneliformis_mosseae	85.4	99.6	99.7	746
PX214603.1	FR750203_Glomus_spe	85.0	98.4	99.9	745
PX214603.1	KJ564166.1_Dominikia_indica	84.5	96.6	91.2	728
PX214603.1	FR750526_Glomus_macrocarpum	83.8	98.4	99.9	745
PX214604.1	MT832176_Septoglomus_constrictum	96.5	93.0	99.9	695
PX214604.1	MT832175_Septoglomus_constrictum	93.8	92.7	99.7	696
PX214604.1	MT832177_Septoglomus_deserticola	89.5	92.2	99.6	697
PX214604.1	MT832178_Septoglomus_deserticola	89.1	92.2	99.6	697
PX214604.1	MT832179_Septoglomus_viscosum	88.6	93.0	100.0	694
PX214604.1	FJ461853.1_Septoglomus_viscosum	88.5	92.7	99.9	695
PX214604.1	FN547496_Funneliformis_caledonius	87.5	99.7	99.7	746
PX214604.1	FM876794_Funneliformis_coronatus	86.6	99.7	99.7	746
PX214604.1	MT832180_Funneliformis_spe	86.4	92.9	99.6	697
PX214604.1	MK348930.1_Funneliglomus_sanmartinese	86.3	96.8	90.8	731
PX214604.1	MT832182_Funneliformis_mosseae	86.1	92.7	99.7	696
PX214604.1	MT832181_Funneliformis_mosseae	85.6	92.7	99.9	695
PX214604.1	AY639162_Funneliformis_mosseae	85.4	99.6	99.7	746
PX214604.1	FR750203_Glomus_spe	84.7	98.4	99.9	745
PX214604.1	KJ564166.1_Dominikia_indica	84.2	96.6	91.2	728
PX214604.1	FR750526_Glomus_macrocarpum	83.5	98.4	99.9	745
PX214607.1	MT832176_Septoglomus_constrictum	96.8	92.6	99.9	698
PX214607.1	MT832175_Septoglomus_constrictum	93.8	92.4	99.7	699
PX214607.1	MT832177_Septoglomus_deserticola	89.3	91.8	99.6	700
PX214607.1	MT832178_Septoglomus_deserticola	88.9	91.8	99.6	700
PX214607.1	MT832179_Septoglomus_viscosum	88.5	92.6	100.0	697
PX214607.1	FJ461853.1_Septoglomus_viscosum	88.2	92.5	100.0	697
PX214607.1	FN547496_Funneliformis_caledonius	88.0	99.5	99.9	748
PX214607.1	FM876794_Funneliformis_coronatus	87.0	99.5	99.9	748
PX214607.1	MT832180_Funneliformis_spe	86.5	92.8	99.9	698
PX214607.1	MT832182_Funneliformis_mosseae	86.4	92.5	99.9	698
PX214607.1	MT832181_Funneliformis_mosseae	85.9	92.5	100.0	697
PX214607.1	AY639162_Funneliformis_mosseae	85.7	99.3	99.9	748
PX214607.1	FR750203_Glomus_spe	85.4	98.0	99.9	748
PX214607.1	KJ564166.1_Dominikia_indica	84.5	96.4	91.4	730
PX214607.1	FR750526_Glomus_macrocarpum	83.4	98.1	100.0	747
PX214607.1	FM992391_Rhizophagus_proliferus	81.8	98.7	100.0	747
PX214606.1	MT832176_Septoglomus_constrictum	97.1	92.9	99.9	696
PX214606.1	MT832175_Septoglomus_constrictum	94.1	92.6	99.7	697
PX214606.1	MT832177_Septoglomus_deserticola	89.4	92.1	99.6	698
PX214606.1	MT832178_Septoglomus_deserticola	89.0	92.1	99.6	698
PX214606.1	MT832179_Septoglomus_viscosum	88.9	92.9	100.0	695
PX214606.1	FJ461853.1_Septoglomus_viscosum	88.8	92.6	99.9	696
PX214606.1	FN547496_Funneliformis_caledonius	87.8	99.7	99.9	746
PX214606.1	MK348930.1_Funneliglomus_sanmartinese	87.0	96.8	90.9	731
PX214606.1	FM876794_Funneliformis_coronatus	86.9	99.7	99.9	746
PX214606.1	MT832180_Funneliformis_spe	86.7	92.9	99.7	697
PX214606.1	MT832182_Funneliformis_mosseae	86.4	92.8	99.9	696
PX214606.1	MT832181_Funneliformis_mosseae	85.9	92.8	100.0	695
PX214606.1	AY639162_Funneliformis_mosseae	85.7	99.6	99.9	746
PX214606.1	FR750203_Glomus_spe	85.5	98.3	99.9	746
PX214606.1	KJ564166.1_Dominikia_indica	84.8	96.5	91.2	729
PX214606.1	FR750526_Glomus_macrocarpum	83.6	98.3	99.9	746
PX214609.1	MT832176_Septoglomus_constrictum	97.4	93.0	99.9	695
PX214609.1	MT832175_Septoglomus_constrictum	94.0	92.7	99.7	696
PX214609.1	MT832177_Septoglomus_deserticola	90.0	92.1	99.4	698
PX214609.1	MT832178_Septoglomus_deserticola	89.5	92.1	99.4	698
PX214609.1	MT832179_Septoglomus_viscosum	89.2	92.9	99.9	695
PX214609.1	FJ461853.1_Septoglomus_viscosum	89.1	92.7	99.9	695
PX214609.1	FN547496_Funneliformis_caledonius	88.0	99.6	99.6	747
PX214609.1	MT832180_Funneliformis_spe	87.2	92.9	99.6	697
PX214609.1	MT832182_Funneliformis_mosseae	86.9	92.7	99.7	696
PX214609.1	FM876794_Funneliformis_coronatus	86.9	99.6	99.6	747
PX214609.1	MK348930.1_Funneliglomus_sanmartinese	86.5	96.6	90.7	732
PX214609.1	MT832181_Funneliformis_mosseae	86.3	92.7	99.9	695
PX214609.1	AY639162_Funneliformis_mosseae	85.4	99.5	99.6	747
PX214609.1	FR750203_Glomus_spe	85.0	98.4	99.9	745
PX214609.1	KJ564166.1_Dominikia_indica	84.7	96.8	91.4	727
PX214609.1	KJ564165.2_Dominikia_minuta	84.3	96.6	91.0	728
PX214608.1	MT832176_Septoglomus_constrictum	96.8	93.0	99.9	695
PX214608.1	MT832175_Septoglomus_constrictum	94.1	92.7	99.7	696
PX214608.1	MT832177_Septoglomus_deserticola	89.5	92.2	99.6	697
PX214608.1	MT832178_Septoglomus_deserticola	89.1	92.2	99.6	697
PX214608.1	MT832179_Septoglomus_viscosum	88.9	93.0	100.0	694
PX214608.1	FJ461853.1_Septoglomus_viscosum	88.8	92.7	99.9	695
PX214608.1	FN547496_Funneliformis_caledonius	87.5	99.7	99.7	746
PX214608.1	FM876794_Funneliformis_coronatus	86.6	99.7	99.7	746
PX214608.1	MK348930.1_Funneliglomus_sanmartinese	86.6	96.8	90.8	731
PX214608.1	MT832180_Funneliformis_spe	86.4	92.9	99.6	697
PX214608.1	MT832182_Funneliformis_mosseae	86.1	92.7	99.7	696
PX214608.1	MT832181_Funneliformis_mosseae	85.6	92.7	99.9	695
PX214608.1	AY639162_Funneliformis_mosseae	85.4	99.6	99.7	746
PX214608.1	FR750203_Glomus_spe	85.0	98.4	99.9	745
PX214608.1	KJ564166.1_Dominikia_indica	84.5	96.6	91.2	728
PX214608.1	FR750526_Glomus_macrocarpum	83.8	98.4	99.9	745
PX214611.1	MT832176_Septoglomus_constrictum	97.6	92.9	99.9	696
PX214611.1	MT832175_Septoglomus_constrictum	94.1	92.6	99.7	697
PX214611.1	MT832177_Septoglomus_deserticola	90.0	92.1	99.6	698
PX214611.1	MT832178_Septoglomus_deserticola	89.5	92.1	99.6	698
PX214611.1	MT832179_Septoglomus_viscosum	89.5	92.9	100.0	695
PX214611.1	FJ461853.1_Septoglomus_viscosum	89.2	92.6	99.9	696
PX214611.1	FN547496_Funneliformis_caledonius	88.2	99.6	99.7	747
PX214611.1	MT832180_Funneliformis_spe	87.4	92.8	99.6	698
PX214611.1	FM876794_Funneliformis_coronatus	87.1	99.6	99.7	747
PX214611.1	MT832182_Funneliformis_mosseae	87.1	92.6	99.7	697
PX214611.1	MK348930.1_Funneliglomus_sanmartinese	86.7	96.6	90.8	732
PX214611.1	MT832181_Funneliformis_mosseae	86.5	92.6	99.9	696
PX214611.1	AY639162_Funneliformis_mosseae	85.9	99.5	99.7	747
PX214611.1	FR750203_Glomus_spe	85.1	98.4	100.0	745
PX214611.1	KJ564166.1_Dominikia_indica	84.8	96.6	91.4	728
PX214611.1	KJ564165.2_Dominikia_minuta	84.4	96.5	91.0	729
PX214612.1	MT832176_Septoglomus_constrictum	97.4	92.9	99.9	696
PX214612.1	MT832175_Septoglomus_constrictum	94.7	92.6	99.7	697
PX214612.1	MT832177_Septoglomus_deserticola	90.1	92.1	99.6	698
PX214612.1	MT832178_Septoglomus_deserticola	89.7	92.1	99.6	698
PX214612.1	MT832179_Septoglomus_viscosum	89.5	92.9	100.0	695
PX214612.1	FJ461853.1_Septoglomus_viscosum	89.1	92.6	99.9	696
PX214612.1	FN547496_Funneliformis_caledonius	88.4	99.6	99.7	747
PX214612.1	MT832180_Funneliformis_spe	87.5	92.8	99.6	698
PX214612.1	FM876794_Funneliformis_coronatus	87.3	99.6	99.7	747
PX214612.1	MT832182_Funneliformis_mosseae	87.2	92.6	99.7	697
PX214612.1	MK348930.1_Funneliglomus_sanmartinese	86.9	96.6	90.8	732
PX214612.1	MT832181_Funneliformis_mosseae	86.6	92.6	99.9	696
PX214612.1	AY639162_Funneliformis_mosseae	86.1	99.5	99.7	747
PX214612.1	FR750203_Glomus_spe	85.2	98.4	100.0	745
PX214612.1	KJ564166.1_Dominikia_indica	84.6	96.6	91.4	728
PX214612.1	KJ564165.2_Dominikia_minuta	84.2	96.5	91.0	729
PX214610.1	MT832176_Septoglomus_constrictum	97.3	92.9	99.7	696
PX214610.1	MT832175_Septoglomus_constrictum	94.5	92.6	99.6	697
PX214610.1	MT832177_Septoglomus_deserticola	90.0	92.1	99.4	698
PX214610.1	MT832179_Septoglomus_viscosum	89.6	93.0	100.0	694
PX214610.1	MT832178_Septoglomus_deserticola	89.5	92.1	99.4	698
PX214610.1	FJ461853.1_Septoglomus_viscosum	89.2	92.7	99.9	695
PX214610.1	FN547496_Funneliformis_caledonius	88.2	99.6	99.6	747
PX214610.1	MT832180_Funneliformis_spe	87.4	92.7	99.4	698
PX214610.1	FM876794_Funneliformis_coronatus	87.1	99.6	99.6	747
PX214610.1	MT832182_Funneliformis_mosseae	87.1	92.6	99.6	697
PX214610.1	MK348930.1_Funneliglomus_sanmartinese	86.9	96.6	90.7	732
PX214610.1	MT832181_Funneliformis_mosseae	86.5	92.6	99.7	696
PX214610.1	AY639162_Funneliformis_mosseae	85.9	99.5	99.6	747
PX214610.1	FR750203_Glomus_spe	85.2	98.4	99.9	745
PX214610.1	KJ564166.1_Dominikia_indica	84.6	96.6	91.2	728
PX214610.1	KJ564165.2_Dominikia_minuta	84.2	96.5	90.9	729
PX214614.1	MT832176_Septoglomus_constrictum	97.6	92.9	99.9	696
PX214614.1	MT832175_Septoglomus_constrictum	94.1	92.6	99.7	697
PX214614.1	MT832177_Septoglomus_deserticola	90.0	92.1	99.6	698
PX214614.1	MT832178_Septoglomus_deserticola	89.5	92.1	99.6	698
PX214614.1	MT832179_Septoglomus_viscosum	89.5	92.9	100.0	695
PX214614.1	FJ461853.1_Septoglomus_viscosum	89.2	92.6	99.9	696
PX214614.1	FN547496_Funneliformis_caledonius	88.2	99.6	99.7	747
PX214614.1	MT832180_Funneliformis_spe	87.4	92.8	99.6	698
PX214614.1	FM876794_Funneliformis_coronatus	87.1	99.6	99.7	747
PX214614.1	MT832182_Funneliformis_mosseae	87.1	92.6	99.7	697
PX214614.1	MK348930.1_Funneliglomus_sanmartinese	86.7	96.6	90.8	732
PX214614.1	MT832181_Funneliformis_mosseae	86.5	92.6	99.9	696
PX214614.1	AY639162_Funneliformis_mosseae	85.9	99.5	99.7	747
PX214614.1	FR750203_Glomus_spe	85.1	98.4	100.0	745
PX214614.1	KJ564166.1_Dominikia_indica	84.8	96.6	91.4	728
PX214614.1	KJ564165.2_Dominikia_minuta	84.4	96.5	91.0	729
PX214613.1	MT832176_Septoglomus_constrictum	97.4	92.9	99.9	696
PX214613.1	MT832175_Septoglomus_constrictum	94.7	92.6	99.7	697
PX214613.1	MT832177_Septoglomus_deserticola	90.1	92.1	99.6	698
PX214613.1	MT832178_Septoglomus_deserticola	89.7	92.1	99.6	698
PX214613.1	MT832179_Septoglomus_viscosum	89.5	92.9	100.0	695
PX214613.1	FJ461853.1_Septoglomus_viscosum	89.1	92.6	99.9	696
PX214613.1	FN547496_Funneliformis_caledonius	88.4	99.6	99.7	747
PX214613.1	MT832180_Funneliformis_spe	87.5	92.8	99.6	698
PX214613.1	FM876794_Funneliformis_coronatus	87.3	99.6	99.7	747
PX214613.1	MT832182_Funneliformis_mosseae	87.2	92.6	99.7	697
PX214613.1	MK348930.1_Funneliglomus_sanmartinese	86.9	96.6	90.8	732
PX214613.1	MT832181_Funneliformis_mosseae	86.6	92.6	99.9	696
PX214613.1	AY639162_Funneliformis_mosseae	86.1	99.5	99.7	747
PX214613.1	FR750203_Glomus_spe	85.2	98.4	100.0	745
PX214613.1	KJ564166.1_Dominikia_indica	84.6	96.6	91.4	728
PX214613.1	KJ564165.2_Dominikia_minuta	84.2	96.5	91.0	729
PX214615.1	FR750203_Glomus_spe	99.5	100.0	100.0	733
PX214615.1	FR750526_Glomus_macrocarpum	92.7	99.7	99.7	735
PX214615.1	FR750539_Glomus_macrocarpum	92.7	99.6	99.7	735
PX214615.1	MT832179_Septoglomus_viscosum	85.4	93.0	98.6	693
PX214615.1	MH560604.1_Halonatospora_panshihalos	85.3	97.0	90.3	722
PX214615.1	FN547496_Funneliformis_caledonius	85.3	99.7	98.3	746
PX214615.1	MH560602.1_Halonatospora_panshihalos	85.0	97.0	90.3	722
PX214615.1	FM876794_Funneliformis_coronatus	84.9	99.7	98.3	746
PX214615.1	FM992391_Rhizophagus_proliferus	84.5	99.6	99.1	740
PX214615.1	MG710519.1_Microdominikia_litorea	84.4	96.9	90.2	724
PX214615.1	MT832180_Funneliformis_spe	84.2	92.8	98.0	697
PX214615.1	MT832181_Funneliformis_mosseae	83.6	92.6	98.3	695
PX214615.1	AY639162_Funneliformis_mosseae	83.5	99.7	98.4	745
PX214615.1	MT832182_Funneliformis_mosseae	83.4	92.9	98.4	694
PX214615.1	KY555052.1_Orientoglomus_emirata	83.3	96.7	90.2	724
PX214615.1	KJ564146.1_Dominikia_disticha	83.2	97.0	90.1	727
PX214616.1	FR750203_Glomus_spe	99.6	100.0	100.0	733
PX214616.1	FR750526_Glomus_macrocarpum	92.8	99.7	99.7	735
PX214616.1	FR750539_Glomus_macrocarpum	92.5	99.6	99.7	735
PX214616.1	FN547496_Funneliformis_caledonius	85.3	99.7	98.3	746
PX214616.1	MT832179_Septoglomus_viscosum	85.1	93.0	98.6	693
PX214616.1	FM876794_Funneliformis_coronatus	85.1	99.7	98.3	746
PX214616.1	MH560604.1_Halonatospora_panshihalos	85.0	96.3	89.7	727
PX214616.1	MH560602.1_Halonatospora_panshihalos	84.9	96.3	89.7	727
PX214616.1	MG710519.1_Microdominikia_litorea	84.7	96.9	90.2	724
PX214616.1	MT832180_Funneliformis_spe	84.5	92.8	98.0	697
PX214616.1	MT832181_Funneliformis_mosseae	84.3	92.6	98.3	695
PX214616.1	AY639162_Funneliformis_mosseae	84.2	99.7	98.4	745
PX214616.1	MK875635.1_Nanoglomus_plukenetia	84.1	96.7	90.3	723
PX214616.1	FM992391_Rhizophagus_proliferus	84.1	99.6	99.1	740
PX214616.1	MT832182_Funneliformis_mosseae	84.0	92.8	98.3	695
PX214616.1	KJ564146.1_Dominikia_disticha	83.5	97.0	90.1	727
PX214622.1	FR750203_Glomus_spe	99.3	100.0	100.0	733
PX214622.1	FR750526_Glomus_macrocarpum	92.5	99.7	99.7	735
PX214622.1	FR750539_Glomus_macrocarpum	92.2	99.6	99.7	735
PX214622.1	MT832179_Septoglomus_viscosum	85.1	93.0	98.6	693
PX214622.1	FN547496_Funneliformis_caledonius	85.1	99.7	98.3	746
PX214622.1	FM876794_Funneliformis_coronatus	85.0	99.7	98.3	746
PX214622.1	MG710519.1_Microdominikia_litorea	84.4	96.9	90.2	724
PX214622.1	MT832181_Funneliformis_mosseae	84.2	92.6	98.3	695
PX214622.1	MT832180_Funneliformis_spe	84.1	92.8	98.0	697
PX214622.1	AY639162_Funneliformis_mosseae	84.0	99.7	98.4	745
PX214622.1	FM992391_Rhizophagus_proliferus	83.9	99.6	99.1	740
PX214622.1	MT832182_Funneliformis_mosseae	83.9	92.8	98.3	695
PX214622.1	MK875635.1_Nanoglomus_plukenetia	83.7	96.7	90.3	723
PX214622.1	KY555052.1_Orientoglomus_emirata	83.4	96.3	89.8	727
PX214622.1	KJ564166.1_Dominikia_indica	83.3	96.9	90.1	726
PX214622.1	KJ564146.1_Dominikia_disticha	83.1	97.0	90.1	727
PX214618.1	FR750203_Glomus_spe	99.6	100.0	100.0	733
PX214618.1	FR750526_Glomus_macrocarpum	92.8	99.7	99.7	735
PX214618.1	FR750539_Glomus_macrocarpum	92.5	99.6	99.7	735
PX214618.1	FN547496_Funneliformis_caledonius	85.4	99.7	98.3	746
PX214618.1	MT832179_Septoglomus_viscosum	85.3	93.0	98.6	693
PX214618.1	FM876794_Funneliformis_coronatus	85.3	99.7	98.3	746
PX214618.1	MH560604.1_Halonatospora_panshihalos	85.1	96.3	89.7	727
PX214618.1	MH560602.1_Halonatospora_panshihalos	85.0	96.3	89.7	727
PX214618.1	MG710519.1_Microdominikia_litorea	84.5	96.9	90.2	724
PX214618.1	MT832181_Funneliformis_mosseae	84.5	92.6	98.3	695
PX214618.1	MT832180_Funneliformis_spe	84.4	92.8	98.0	697
PX214618.1	AY639162_Funneliformis_mosseae	84.3	99.7	98.4	745
PX214618.1	FM992391_Rhizophagus_proliferus	84.2	99.6	99.1	740
PX214618.1	MT832182_Funneliformis_mosseae	84.2	92.8	98.3	695
PX214618.1	MK875635.1_Nanoglomus_plukenetia	84.0	96.7	90.3	723
PX214618.1	KJ564146.1_Dominikia_disticha	83.4	97.0	90.1	727
PX214619.1	FR750203_Glomus_spe	99.3	100.0	100.0	733
PX214619.1	FR750526_Glomus_macrocarpum	92.8	99.7	99.7	735
PX214619.1	FR750539_Glomus_macrocarpum	92.5	99.6	99.7	735
PX214619.1	FN547496_Funneliformis_caledonius	85.3	99.7	98.3	746
PX214619.1	FM876794_Funneliformis_coronatus	85.1	99.7	98.3	746
PX214619.1	MH560604.1_Halonatospora_panshihalos	85.0	96.3	89.7	727
PX214619.1	MH560602.1_Halonatospora_panshihalos	84.9	96.3	89.7	727
PX214619.1	MT832181_Funneliformis_mosseae	84.3	92.6	98.3	695
PX214619.1	MG710519.1_Microdominikia_litorea	84.3	96.9	90.2	724
PX214619.1	MT832180_Funneliformis_spe	84.2	92.8	98.0	697
PX214619.1	MK875635.1_Nanoglomus_plukenetia	84.1	96.7	90.3	723
PX214619.1	FM992391_Rhizophagus_proliferus	84.1	99.6	99.1	740
PX214619.1	MT832182_Funneliformis_mosseae	84.0	92.8	98.3	695
PX214619.1	AY639162_Funneliformis_mosseae	84.0	99.7	98.4	745
PX214619.1	KJ564166.1_Dominikia_indica	83.3	96.9	90.1	726
PX214619.1	KJ564146.1_Dominikia_disticha	83.1	97.0	90.1	727
PX214617.1	FR750203_Glomus_spe	99.7	100.0	100.0	733
PX214617.1	FR750526_Glomus_macrocarpum	92.7	99.7	99.7	735
PX214617.1	FR750539_Glomus_macrocarpum	92.7	99.6	99.7	735
PX214617.1	MT832179_Septoglomus_viscosum	85.4	93.0	98.6	693
PX214617.1	FN547496_Funneliformis_caledonius	85.3	99.7	98.3	746
PX214617.1	FM876794_Funneliformis_coronatus	85.1	99.7	98.3	746
PX214617.1	MH560604.1_Halonatospora_panshihalos	85.0	96.3	89.7	727
PX214617.1	MH560602.1_Halonatospora_panshihalos	84.9	96.3	89.7	727
PX214617.1	MG710519.1_Microdominikia_litorea	84.4	96.9	90.2	724
PX214617.1	FM992391_Rhizophagus_proliferus	84.3	99.6	99.1	740
PX214617.1	MT832181_Funneliformis_mosseae	84.3	92.6	98.3	695
PX214617.1	MT832180_Funneliformis_spe	84.2	92.8	98.0	697
PX214617.1	AY639162_Funneliformis_mosseae	84.2	99.7	98.4	745
PX214617.1	MT832182_Funneliformis_mosseae	84.0	92.8	98.3	695
PX214617.1	KY555052.1_Orientoglomus_emirata	83.5	96.3	89.8	727
PX214617.1	KJ564146.1_Dominikia_disticha	83.2	97.0	90.1	727
PX214620.1	FR750203_Glomus_spe	98.9	100.0	100.0	733
PX214620.1	FR750526_Glomus_macrocarpum	92.1	99.7	99.7	735
PX214620.1	FR750539_Glomus_macrocarpum	91.8	99.6	99.7	735
PX214620.1	MH560602.1_Halonatospora_panshihalos	85.5	96.9	90.2	723
PX214620.1	MH560604.1_Halonatospora_panshihalos	85.5	97.0	90.3	722
PX214620.1	FN547496_Funneliformis_caledonius	85.1	99.7	98.3	746
PX214620.1	FM876794_Funneliformis_coronatus	84.9	99.7	98.3	746
PX214620.1	MT832179_Septoglomus_viscosum	84.8	93.0	98.6	693
PX214620.1	MG710519.1_Microdominikia_litorea	84.3	96.9	90.2	724
PX214620.1	MT832180_Funneliformis_spe	84.1	92.8	98.0	697
PX214620.1	AY639162_Funneliformis_mosseae	83.9	99.7	98.4	745
PX214620.1	MT832181_Funneliformis_mosseae	83.9	92.6	98.3	695
PX214620.1	FM992391_Rhizophagus_proliferus	83.8	99.7	99.2	739
PX214620.1	KJ564166.1_Dominikia_indica	83.6	96.9	90.1	726
PX214620.1	MT832182_Funneliformis_mosseae	83.6	92.8	98.3	695
PX214620.1	KJ564146.1_Dominikia_disticha	83.4	97.0	90.1	727
PX214623.1	FR750203_Glomus_spe	99.3	99.9	100.0	734
PX214623.1	FR750526_Glomus_macrocarpum	92.4	99.6	99.7	736
PX214623.1	FR750539_Glomus_macrocarpum	92.3	99.5	99.7	736
PX214623.1	MT832179_Septoglomus_viscosum	85.2	92.9	98.6	694
PX214623.1	FN547496_Funneliformis_caledonius	85.0	99.6	98.3	747
PX214623.1	FM876794_Funneliformis_coronatus	84.9	99.6	98.3	747
PX214623.1	MG710519.1_Microdominikia_litorea	84.3	96.7	90.2	725
PX214623.1	MT832181_Funneliformis_mosseae	84.1	92.5	98.3	696
PX214623.1	MT832180_Funneliformis_spe	84.0	92.6	98.0	698
PX214623.1	FM992391_Rhizophagus_proliferus	83.9	99.5	99.1	741
PX214623.1	AY639162_Funneliformis_mosseae	83.9	99.6	98.4	746
PX214623.1	MT832182_Funneliformis_mosseae	83.8	92.6	98.3	696
PX214623.1	MK875635.1_Nanoglomus_plukenetia	83.6	96.6	90.3	724
PX214623.1	KY555052.1_Orientoglomus_emirata	83.4	96.2	89.8	728
PX214623.1	KJ564166.1_Dominikia_indica	83.2	96.7	90.1	727
PX214623.1	KJ564146.1_Dominikia_disticha	83.0	96.9	90.1	728
PX214621.1	FR750203_Glomus_spe	99.3	99.9	99.9	734
PX214621.1	FR750526_Glomus_macrocarpum	92.7	99.6	99.6	736
PX214621.1	FR750539_Glomus_macrocarpum	92.5	99.5	99.6	736
PX214621.1	MT832179_Septoglomus_viscosum	85.0	92.9	98.4	694
PX214621.1	FN547496_Funneliformis_caledonius	85.0	99.6	98.1	747
PX214621.1	FM876794_Funneliformis_coronatus	84.9	99.6	98.1	747
PX214621.1	MG710519.1_Microdominikia_litorea	84.3	96.7	90.1	725
PX214621.1	MT832180_Funneliformis_spe	84.1	92.6	97.8	698
PX214621.1	FM992391_Rhizophagus_proliferus	84.1	99.5	98.9	741
PX214621.1	MT832181_Funneliformis_mosseae	84.1	92.5	98.1	696
PX214621.1	MK875635.1_Nanoglomus_plukenetia	84.0	96.6	90.2	724
PX214621.1	AY639162_Funneliformis_mosseae	83.9	99.6	98.3	746
PX214621.1	MT832182_Funneliformis_mosseae	83.8	92.6	98.1	696
PX214621.1	KJ564166.1_Dominikia_indica	83.4	96.7	90.0	727
PX214621.1	KY555052.1_Orientoglomus_emirata	83.2	96.2	89.7	728
PX214621.1	KJ564146.1_Dominikia_disticha	83.1	96.9	90.0	728
PX214624.1	FR750203_Glomus_spe	99.3	99.9	100.0	734
PX214624.1	FR750526_Glomus_macrocarpum	92.4	99.6	99.7	736
PX214624.1	FR750539_Glomus_macrocarpum	92.3	99.5	99.7	736
PX214624.1	MT832179_Septoglomus_viscosum	85.2	92.9	98.6	694
PX214624.1	FN547496_Funneliformis_caledonius	85.0	99.6	98.3	747
PX214624.1	FM876794_Funneliformis_coronatus	84.9	99.6	98.3	747
PX214624.1	MG710519.1_Microdominikia_litorea	84.3	96.7	90.2	725
PX214624.1	MT832181_Funneliformis_mosseae	84.1	92.5	98.3	696
PX214624.1	MT832180_Funneliformis_spe	84.0	92.6	98.0	698
PX214624.1	FM992391_Rhizophagus_proliferus	83.9	99.5	99.1	741
PX214624.1	AY639162_Funneliformis_mosseae	83.9	99.6	98.4	746
PX214624.1	MT832182_Funneliformis_mosseae	83.8	92.6	98.3	696
PX214624.1	MK875635.1_Nanoglomus_plukenetia	83.6	96.6	90.3	724
PX214624.1	KY555052.1_Orientoglomus_emirata	83.4	96.2	89.8	728
PX214624.1	KJ564166.1_Dominikia_indica	83.2	96.7	90.1	727
PX214624.1	KJ564146.1_Dominikia_disticha	83.0	96.9	90.1	728
PX214631.1	FR750526_Glomus_macrocarpum	96.7	99.9	100.0	734
PX214631.1	FR750539_Glomus_macrocarpum	96.2	99.7	100.0	734
PX214631.1	FR750203_Glomus_spe	92.4	99.6	99.7	736
PX214631.1	FN547496_Funneliformis_caledonius	85.0	99.9	98.5	745
PX214631.1	MH560602.1_Halonatospora_panshihalos	85.0	96.6	90.1	725
PX214631.1	MH560604.1_Halonatospora_panshihalos	85.0	96.6	90.1	725
PX214631.1	FM992391_Rhizophagus_proliferus	84.6	99.3	98.9	742
PX214631.1	MG710519.1_Microdominikia_litorea	84.4	96.6	90.1	726
PX214631.1	FM876794_Funneliformis_coronatus	83.8	99.9	98.5	745
PX214631.1	KJ564165.2_Dominikia_minuta	83.5	96.7	89.9	727
PX214631.1	KJ564166.1_Dominikia_indica	83.5	96.7	90.1	727
PX214631.1	MT832182_Funneliformis_mosseae	83.3	92.8	98.4	695
PX214631.1	KJ564146.1_Dominikia_disticha	83.0	96.7	90.0	729
PX214631.1	AY639162_Funneliformis_mosseae	82.8	99.9	98.7	744
PX214631.1	KJ564151.1_Dominikia_iranica	82.7	96.7	89.8	728
PX214631.1	MT832181_Funneliformis_mosseae	82.4	92.8	98.6	694
PX214626.1	FR750203_Glomus_spe	98.4	100.0	100.0	733
PX214626.1	FR750526_Glomus_macrocarpum	92.4	99.7	99.7	735
PX214626.1	FR750539_Glomus_macrocarpum	92.1	99.6	99.7	735
PX214626.1	MT832179_Septoglomus_viscosum	85.4	92.9	98.4	694
PX214626.1	MT832178_Septoglomus_deserticola	85.2	92.0	97.8	698
PX214626.1	FN547496_Funneliformis_caledonius	85.0	99.7	98.3	746
PX214626.1	MH560604.1_Halonatospora_panshihalos	84.6	96.3	89.7	727
PX214626.1	MH560602.1_Halonatospora_panshihalos	84.5	96.3	89.7	727
PX214626.1	FM876794_Funneliformis_coronatus	84.4	99.9	98.4	745
PX214626.1	MT832181_Funneliformis_mosseae	84.3	92.6	98.3	695
PX214626.1	FR750072_Rhizophagus_fasciculatus	84.1	99.5	98.8	742
PX214626.1	AY639162_Funneliformis_mosseae	84.0	99.7	98.4	745
PX214626.1	MT832182_Funneliformis_mosseae	83.9	92.8	98.3	695
PX214626.1	FM992391_Rhizophagus_proliferus	83.4	99.6	99.1	740
PX214626.1	KJ564146.1_Dominikia_disticha	82.9	97.0	90.1	727
PX214626.1	KY555052.1_Orientoglomus_emirata	82.6	96.7	90.2	724
PX214625.1	FR750203_Glomus_spe	99.6	100.0	100.0	733
PX214625.1	FR750526_Glomus_macrocarpum	92.8	99.7	99.7	735
PX214625.1	FR750539_Glomus_macrocarpum	92.5	99.6	99.7	735
PX214625.1	FN547496_Funneliformis_caledonius	85.3	99.7	98.3	746
PX214625.1	MT832179_Septoglomus_viscosum	85.1	93.0	98.6	693
PX214625.1	FM876794_Funneliformis_coronatus	85.1	99.7	98.3	746
PX214625.1	MH560602.1_Halonatospora_panshihalos	84.9	96.3	89.7	727
PX214625.1	MG710519.1_Microdominikia_litorea	84.4	96.9	90.2	724
PX214625.1	MT832181_Funneliformis_mosseae	84.3	92.6	98.3	695
PX214625.1	MT832180_Funneliformis_spe	84.2	92.8	98.0	697
PX214625.1	AY639162_Funneliformis_mosseae	84.2	99.7	98.4	745
PX214625.1	FM992391_Rhizophagus_proliferus	84.1	99.6	99.1	740
PX214625.1	MT832182_Funneliformis_mosseae	84.0	92.8	98.3	695
PX214625.1	MK875635.1_Nanoglomus_plukenetia	83.8	96.7	90.3	723
PX214625.1	KY555052.1_Orientoglomus_emirata	83.5	96.3	89.8	727
PX214625.1	KJ564146.1_Dominikia_disticha	83.2	97.0	90.1	727
PX214630.1	FR750526_Glomus_macrocarpum	96.7	99.9	100.0	734
PX214630.1	FR750539_Glomus_macrocarpum	96.2	99.7	100.0	734
PX214630.1	FR750203_Glomus_spe	92.4	99.6	99.7	736
PX214630.1	FN547496_Funneliformis_caledonius	85.0	99.9	98.5	745
PX214630.1	MH560602.1_Halonatospora_panshihalos	85.0	96.6	90.1	725
PX214630.1	MH560604.1_Halonatospora_panshihalos	85.0	96.6	90.1	725
PX214630.1	FM992391_Rhizophagus_proliferus	84.6	99.3	98.9	742
PX214630.1	MG710519.1_Microdominikia_litorea	84.4	96.6	90.1	726
PX214630.1	FM876794_Funneliformis_coronatus	83.8	99.9	98.5	745
PX214630.1	KJ564165.2_Dominikia_minuta	83.5	96.7	89.9	727
PX214630.1	KJ564166.1_Dominikia_indica	83.5	96.7	90.1	727
PX214630.1	MT832182_Funneliformis_mosseae	83.3	92.8	98.4	695
PX214630.1	KJ564146.1_Dominikia_disticha	83.0	96.7	90.0	729
PX214630.1	AY639162_Funneliformis_mosseae	82.8	99.9	98.7	744
PX214630.1	KJ564151.1_Dominikia_iranica	82.7	96.7	89.8	728
PX214630.1	MT832181_Funneliformis_mosseae	82.4	92.8	98.6	694
PX214629.1	FR750526_Glomus_macrocarpum	96.7	99.9	100.0	734
PX214629.1	FR750539_Glomus_macrocarpum	96.2	99.7	100.0	734
PX214629.1	FR750203_Glomus_spe	92.4	99.6	99.7	736
PX214629.1	FN547496_Funneliformis_caledonius	85.0	99.9	98.5	745
PX214629.1	MH560602.1_Halonatospora_panshihalos	85.0	96.6	90.1	725
PX214629.1	MH560604.1_Halonatospora_panshihalos	85.0	96.6	90.1	725
PX214629.1	FM992391_Rhizophagus_proliferus	84.6	99.3	98.9	742
PX214629.1	MG710519.1_Microdominikia_litorea	84.4	96.6	90.1	726
PX214629.1	FM876794_Funneliformis_coronatus	83.8	99.9	98.5	745
PX214629.1	KJ564165.2_Dominikia_minuta	83.5	96.7	89.9	727
PX214629.1	KJ564166.1_Dominikia_indica	83.5	96.7	90.1	727
PX214629.1	MT832182_Funneliformis_mosseae	83.3	92.8	98.4	695
PX214629.1	KJ564146.1_Dominikia_disticha	83.0	96.7	90.0	729
PX214629.1	AY639162_Funneliformis_mosseae	82.8	99.9	98.7	744
PX214629.1	KJ564151.1_Dominikia_iranica	82.7	96.7	89.8	728
PX214629.1	MT832181_Funneliformis_mosseae	82.4	92.8	98.6	694
PX214627.1	FR750203_Glomus_spe	98.4	100.0	100.0	733
PX214627.1	FR750526_Glomus_macrocarpum	92.4	99.7	99.7	735
PX214627.1	FR750539_Glomus_macrocarpum	92.1	99.6	99.7	735
PX214627.1	MT832179_Septoglomus_viscosum	85.4	92.9	98.4	694
PX214627.1	MT832178_Septoglomus_deserticola	85.2	92.0	97.8	698
PX214627.1	FN547496_Funneliformis_caledonius	85.0	99.7	98.3	746
PX214627.1	MH560604.1_Halonatospora_panshihalos	84.6	96.3	89.7	727
PX214627.1	MH560602.1_Halonatospora_panshihalos	84.5	96.3	89.7	727
PX214627.1	FM876794_Funneliformis_coronatus	84.4	99.9	98.4	745
PX214627.1	MT832181_Funneliformis_mosseae	84.3	92.6	98.3	695
PX214627.1	FR750072_Rhizophagus_fasciculatus	84.1	99.5	98.8	742
PX214627.1	AY639162_Funneliformis_mosseae	84.0	99.7	98.4	745
PX214627.1	MT832182_Funneliformis_mosseae	83.9	92.8	98.3	695
PX214627.1	FM992391_Rhizophagus_proliferus	83.4	99.6	99.1	740
PX214627.1	KJ564146.1_Dominikia_disticha	82.9	97.0	90.1	727
PX214627.1	KY555052.1_Orientoglomus_emirata	82.6	96.7	90.2	724
PX214632.1	FR750526_Glomus_macrocarpum	96.7	99.9	100.0	734
PX214632.1	FR750539_Glomus_macrocarpum	96.2	99.7	100.0	734
PX214632.1	FR750203_Glomus_spe	92.4	99.6	99.7	736
PX214632.1	FN547496_Funneliformis_caledonius	85.0	99.9	98.5	745
PX214632.1	MH560602.1_Halonatospora_panshihalos	85.0	96.6	90.1	725
PX214632.1	MH560604.1_Halonatospora_panshihalos	85.0	96.6	90.1	725
PX214632.1	FM992391_Rhizophagus_proliferus	84.6	99.3	98.9	742
PX214632.1	MG710519.1_Microdominikia_litorea	84.4	96.6	90.1	726
PX214632.1	FM876794_Funneliformis_coronatus	83.8	99.9	98.5	745
PX214632.1	KJ564165.2_Dominikia_minuta	83.5	96.7	89.9	727
PX214632.1	KJ564166.1_Dominikia_indica	83.5	96.7	90.1	727
PX214632.1	MT832182_Funneliformis_mosseae	83.3	92.8	98.4	695
PX214632.1	KJ564146.1_Dominikia_disticha	83.0	96.7	90.0	729
PX214632.1	AY639162_Funneliformis_mosseae	82.8	99.9	98.7	744
PX214632.1	KJ564151.1_Dominikia_iranica	82.7	96.7	89.8	728
PX214632.1	MT832181_Funneliformis_mosseae	82.4	92.8	98.6	694
PX214628.1	FR750203_Glomus_spe	98.6	99.9	100.0	734
PX214628.1	FR750526_Glomus_macrocarpum	92.0	99.7	99.9	735
PX214628.1	FR750539_Glomus_macrocarpum	91.7	99.6	99.9	735
PX214628.1	MT832179_Septoglomus_viscosum	85.3	92.8	98.4	695
PX214628.1	MT832178_Septoglomus_deserticola	85.1	91.8	97.8	699
PX214628.1	MH560604.1_Halonatospora_panshihalos	85.0	96.2	89.7	728
PX214628.1	FN547496_Funneliformis_caledonius	85.0	99.6	98.3	747
PX214628.1	MH560602.1_Halonatospora_panshihalos	84.9	96.2	89.7	728
PX214628.1	FR750072_Rhizophagus_fasciculatus	84.5	99.3	98.8	743
PX214628.1	FM876794_Funneliformis_coronatus	84.3	99.7	98.4	746
PX214628.1	MG710519.1_Microdominikia_litorea	84.3	96.7	90.2	725
PX214628.1	MT832181_Funneliformis_mosseae	84.2	92.5	98.3	696
PX214628.1	MK875635.1_Nanoglomus_plukenetia	84.0	96.6	90.3	724
PX214628.1	AY639162_Funneliformis_mosseae	83.9	99.6	98.4	746
PX214628.1	MT832182_Funneliformis_mosseae	83.8	92.6	98.3	696
PX214628.1	KJ564146.1_Dominikia_disticha	83.0	96.9	90.1	728
PX214633.1	FR750526_Glomus_macrocarpum	96.6	99.9	100.0	734
PX214633.1	FR750539_Glomus_macrocarpum	96.0	99.7	100.0	734
PX214633.1	FR750203_Glomus_spe	92.3	99.6	99.7	736
PX214633.1	FN547496_Funneliformis_caledonius	84.8	99.9	98.5	745
PX214633.1	MH560602.1_Halonatospora_panshihalos	84.8	96.6	90.1	725
PX214633.1	MH560604.1_Halonatospora_panshihalos	84.8	96.6	90.1	725
PX214633.1	FM992391_Rhizophagus_proliferus	84.5	99.3	98.9	742
PX214633.1	MG710519.1_Microdominikia_litorea	84.3	96.6	90.1	726
PX214633.1	FM876794_Funneliformis_coronatus	83.6	99.9	98.5	745
PX214633.1	KJ564165.2_Dominikia_minuta	83.4	96.7	89.9	727
PX214633.1	KJ564166.1_Dominikia_indica	83.4	96.7	90.1	727
PX214633.1	MT832182_Funneliformis_mosseae	83.2	92.8	98.4	695
PX214633.1	KJ564146.1_Dominikia_disticha	82.9	96.7	90.0	729
PX214633.1	AY639162_Funneliformis_mosseae	82.7	99.9	98.7	744
PX214633.1	KJ564151.1_Dominikia_iranica	82.6	96.7	89.8	728
PX214633.1	MT832181_Funneliformis_mosseae	82.3	92.8	98.6	694
PX214635.1	FR750526_Glomus_macrocarpum	96.7	99.9	100.0	734
PX214635.1	FR750539_Glomus_macrocarpum	96.2	99.7	100.0	734
PX214635.1	FR750203_Glomus_spe	92.4	99.6	99.7	736
PX214635.1	FN547496_Funneliformis_caledonius	85.0	99.9	98.5	745
PX214635.1	MH560602.1_Halonatospora_panshihalos	85.0	96.6	90.1	725
PX214635.1	MH560604.1_Halonatospora_panshihalos	85.0	96.6	90.1	725
PX214635.1	FM992391_Rhizophagus_proliferus	84.6	99.3	98.9	742
PX214635.1	MG710519.1_Microdominikia_litorea	84.4	96.6	90.1	726
PX214635.1	FM876794_Funneliformis_coronatus	83.8	99.9	98.5	745
PX214635.1	KJ564165.2_Dominikia_minuta	83.5	96.7	89.9	727
PX214635.1	KJ564166.1_Dominikia_indica	83.5	96.7	90.1	727
PX214635.1	MT832182_Funneliformis_mosseae	83.3	92.8	98.4	695
PX214635.1	KJ564146.1_Dominikia_disticha	83.0	96.7	90.0	729
PX214635.1	AY639162_Funneliformis_mosseae	82.8	99.9	98.7	744
PX214635.1	KJ564151.1_Dominikia_iranica	82.7	96.7	89.8	728
PX214635.1	MT832181_Funneliformis_mosseae	82.4	92.8	98.6	694
PX214637.1	FR750526_Glomus_macrocarpum	96.7	99.9	100.0	734
PX214637.1	FR750539_Glomus_macrocarpum	96.2	99.7	100.0	734
PX214637.1	FR750203_Glomus_spe	92.4	99.6	99.7	736
PX214637.1	FN547496_Funneliformis_caledonius	85.0	99.9	98.5	745
PX214637.1	MH560602.1_Halonatospora_panshihalos	85.0	96.6	90.1	725
PX214637.1	MH560604.1_Halonatospora_panshihalos	85.0	96.6	90.1	725
PX214637.1	FM992391_Rhizophagus_proliferus	84.6	99.3	98.9	742
PX214637.1	MG710519.1_Microdominikia_litorea	84.4	96.6	90.1	726
PX214637.1	FM876794_Funneliformis_coronatus	83.8	99.9	98.5	745
PX214637.1	KJ564165.2_Dominikia_minuta	83.5	96.7	89.9	727
PX214637.1	KJ564166.1_Dominikia_indica	83.5	96.7	90.1	727
PX214637.1	MT832182_Funneliformis_mosseae	83.3	92.8	98.4	695
PX214637.1	KJ564146.1_Dominikia_disticha	83.0	96.7	90.0	729
PX214637.1	AY639162_Funneliformis_mosseae	82.8	99.9	98.7	744
PX214637.1	KJ564151.1_Dominikia_iranica	82.7	96.7	89.8	728
PX214637.1	MT832181_Funneliformis_mosseae	82.4	92.8	98.6	694
PX214634.1	FR750526_Glomus_macrocarpum	96.9	99.9	100.0	734
PX214634.1	FR750539_Glomus_macrocarpum	96.3	99.7	100.0	734
PX214634.1	FR750203_Glomus_spe	92.5	99.6	99.7	736
PX214634.1	FN547496_Funneliformis_caledonius	84.8	99.9	98.5	745
PX214634.1	MH560602.1_Halonatospora_panshihalos	84.8	96.6	90.1	725
PX214634.1	MH560604.1_Halonatospora_panshihalos	84.8	96.6	90.1	725
PX214634.1	FM992391_Rhizophagus_proliferus	84.5	99.3	98.9	742
PX214634.1	MG710519.1_Microdominikia_litorea	84.4	96.6	90.1	726
PX214634.1	FM876794_Funneliformis_coronatus	83.8	99.9	98.5	745
PX214634.1	KJ564165.2_Dominikia_minuta	83.5	96.7	89.9	727
PX214634.1	KJ564166.1_Dominikia_indica	83.5	96.7	90.1	727
PX214634.1	MT832182_Funneliformis_mosseae	83.2	92.8	98.4	695
PX214634.1	KJ564146.1_Dominikia_disticha	83.0	96.7	90.0	729
PX214634.1	AY639162_Funneliformis_mosseae	82.9	99.9	98.7	744
PX214634.1	KJ564151.1_Dominikia_iranica	82.7	96.7	89.8	728
PX214634.1	MT832181_Funneliformis_mosseae	82.6	92.8	98.6	694
PX214638.1	FR750526_Glomus_macrocarpum	96.7	99.9	100.0	734
PX214638.1	FR750539_Glomus_macrocarpum	96.2	99.7	100.0	734
PX214638.1	FR750203_Glomus_spe	92.4	99.6	99.7	736
PX214638.1	FN547496_Funneliformis_caledonius	85.0	99.9	98.5	745
PX214638.1	MH560602.1_Halonatospora_panshihalos	85.0	96.6	90.1	725
PX214638.1	MH560604.1_Halonatospora_panshihalos	85.0	96.6	90.1	725
PX214638.1	FM992391_Rhizophagus_proliferus	84.6	99.3	98.9	742
PX214638.1	MG710519.1_Microdominikia_litorea	84.4	96.6	90.1	726
PX214638.1	FM876794_Funneliformis_coronatus	83.8	99.9	98.5	745
PX214638.1	KJ564165.2_Dominikia_minuta	83.5	96.7	89.9	727
PX214638.1	KJ564166.1_Dominikia_indica	83.5	96.7	90.1	727
PX214638.1	MT832182_Funneliformis_mosseae	83.3	92.8	98.4	695
PX214638.1	KJ564146.1_Dominikia_disticha	83.0	96.7	90.0	729
PX214638.1	AY639162_Funneliformis_mosseae	82.8	99.9	98.7	744
PX214638.1	KJ564151.1_Dominikia_iranica	82.7	96.7	89.8	728
PX214638.1	MT832181_Funneliformis_mosseae	82.4	92.8	98.6	694
PX214639.1	FR750526_Glomus_macrocarpum	97.0	99.9	100.0	734
PX214639.1	FR750539_Glomus_macrocarpum	96.5	99.7	100.0	734
PX214639.1	FR750203_Glomus_spe	92.7	99.6	99.7	736
PX214639.1	FN547496_Funneliformis_caledonius	84.8	99.9	98.5	745
PX214639.1	MH560604.1_Halonatospora_panshihalos	84.8	96.6	90.1	725
PX214639.1	MT832184_Oehlia_diaphana	84.7	92.1	98.8	692
PX214639.1	FM992391_Rhizophagus_proliferus	84.5	99.3	98.9	742
PX214639.1	MG710519.1_Microdominikia_litorea	84.3	96.6	90.1	726
PX214639.1	FM876794_Funneliformis_coronatus	83.6	99.9	98.5	745
PX214639.1	MT832182_Funneliformis_mosseae	83.3	92.8	98.4	695
PX214639.1	KJ564165.2_Dominikia_minuta	83.1	96.7	89.9	727
PX214639.1	KJ564166.1_Dominikia_indica	82.9	96.7	90.1	727
PX214639.1	AY639162_Funneliformis_mosseae	82.7	99.9	98.7	744
PX214639.1	KJ564146.1_Dominikia_disticha	82.6	96.7	90.0	729
PX214639.1	MT832181_Funneliformis_mosseae	82.4	92.8	98.6	694
PX214639.1	KJ564151.1_Dominikia_iranica	82.4	96.7	89.8	728
PX214636.1	FR750526_Glomus_macrocarpum	97.0	99.9	100.0	734
PX214636.1	FR750539_Glomus_macrocarpum	96.5	99.7	100.0	734
PX214636.1	FR750203_Glomus_spe	92.7	99.6	99.7	736
PX214636.1	FN547496_Funneliformis_caledonius	84.7	99.9	98.5	745
PX214636.1	MH560602.1_Halonatospora_panshihalos	84.7	96.6	90.1	725
PX214636.1	MH560604.1_Halonatospora_panshihalos	84.7	96.6	90.1	725
PX214636.1	FM992391_Rhizophagus_proliferus	84.4	99.3	98.9	742
PX214636.1	MG710519.1_Microdominikia_litorea	84.3	96.6	90.1	726
PX214636.1	FM876794_Funneliformis_coronatus	83.6	99.9	98.5	745
PX214636.1	KJ564165.2_Dominikia_minuta	83.5	96.7	89.9	727
PX214636.1	KJ564166.1_Dominikia_indica	83.4	96.7	90.1	727
PX214636.1	MT832182_Funneliformis_mosseae	83.2	92.8	98.4	695
PX214636.1	KJ564146.1_Dominikia_disticha	82.9	96.7	90.0	729
PX214636.1	AY639162_Funneliformis_mosseae	82.8	99.9	98.7	744
PX214636.1	MT832181_Funneliformis_mosseae	82.6	92.8	98.6	694
PX214636.1	KJ564151.1_Dominikia_iranica	82.6	96.7	89.8	728
PX214640.1	FR750526_Glomus_macrocarpum	97.0	99.9	100.0	734
PX214640.1	FR750539_Glomus_macrocarpum	96.5	99.7	100.0	734
PX214640.1	FR750203_Glomus_spe	92.7	99.6	99.7	736
PX214640.1	FN547496_Funneliformis_caledonius	84.8	99.9	98.5	745
PX214640.1	MH560604.1_Halonatospora_panshihalos	84.8	96.6	90.1	725
PX214640.1	MT832184_Oehlia_diaphana	84.7	92.1	98.8	692
PX214640.1	FM992391_Rhizophagus_proliferus	84.5	99.3	98.9	742
PX214640.1	MG710519.1_Microdominikia_litorea	84.3	96.6	90.1	726
PX214640.1	FM876794_Funneliformis_coronatus	83.6	99.9	98.5	745
PX214640.1	MT832182_Funneliformis_mosseae	83.3	92.8	98.4	695
PX214640.1	KJ564165.2_Dominikia_minuta	83.1	96.7	89.9	727
PX214640.1	KJ564166.1_Dominikia_indica	82.9	96.7	90.1	727
PX214640.1	AY639162_Funneliformis_mosseae	82.7	99.9	98.7	744
PX214640.1	KJ564146.1_Dominikia_disticha	82.6	96.7	90.0	729
PX214640.1	MT832181_Funneliformis_mosseae	82.4	92.8	98.6	694
PX214640.1	KJ564151.1_Dominikia_iranica	82.4	96.7	89.8	728
PX214641.1	FR750526_Glomus_macrocarpum	97.0	99.9	100.0	734
PX214641.1	FR750539_Glomus_macrocarpum	96.5	99.7	100.0	734
PX214641.1	FR750203_Glomus_spe	92.7	99.6	99.7	736
PX214641.1	FN547496_Funneliformis_caledonius	84.8	99.9	98.5	745
PX214641.1	MH560604.1_Halonatospora_panshihalos	84.8	96.6	90.1	725
PX214641.1	MT832184_Oehlia_diaphana	84.7	92.1	98.8	692
PX214641.1	FM992391_Rhizophagus_proliferus	84.5	99.3	98.9	742
PX214641.1	MG710519.1_Microdominikia_litorea	84.3	96.6	90.1	726
PX214641.1	FM876794_Funneliformis_coronatus	83.6	99.9	98.5	745
PX214641.1	MT832182_Funneliformis_mosseae	83.3	92.8	98.4	695
PX214641.1	KJ564165.2_Dominikia_minuta	83.1	96.7	89.9	727
PX214641.1	KJ564166.1_Dominikia_indica	82.9	96.7	90.1	727
PX214641.1	AY639162_Funneliformis_mosseae	82.7	99.9	98.7	744
PX214641.1	KJ564146.1_Dominikia_disticha	82.6	96.7	90.0	729
PX214641.1	MT832181_Funneliformis_mosseae	82.4	92.8	98.6	694
PX214641.1	KJ564151.1_Dominikia_iranica	82.4	96.7	89.8	728
PX214646.1	FR750526_Glomus_macrocarpum	96.7	99.9	100.0	734
PX214646.1	FR750539_Glomus_macrocarpum	96.2	99.7	100.0	734
PX214646.1	FR750203_Glomus_spe	92.4	99.6	99.7	736
PX214646.1	FN547496_Funneliformis_caledonius	85.0	99.9	98.5	745
PX214646.1	MH560602.1_Halonatospora_panshihalos	85.0	96.6	90.1	725
PX214646.1	MH560604.1_Halonatospora_panshihalos	85.0	96.6	90.1	725
PX214646.1	FM992391_Rhizophagus_proliferus	84.6	99.3	98.9	742
PX214646.1	MG710519.1_Microdominikia_litorea	84.4	96.6	90.1	726
PX214646.1	FM876794_Funneliformis_coronatus	83.8	99.9	98.5	745
PX214646.1	KJ564165.2_Dominikia_minuta	83.5	96.7	89.9	727
PX214646.1	KJ564166.1_Dominikia_indica	83.5	96.7	90.1	727
PX214646.1	MT832182_Funneliformis_mosseae	83.3	92.8	98.4	695
PX214646.1	KJ564146.1_Dominikia_disticha	83.0	96.7	90.0	729
PX214646.1	AY639162_Funneliformis_mosseae	82.8	99.9	98.7	744
PX214646.1	KJ564151.1_Dominikia_iranica	82.7	96.7	89.8	728
PX214646.1	MT832181_Funneliformis_mosseae	82.4	92.8	98.6	694
PX214642.1	FR750526_Glomus_macrocarpum	97.0	99.9	99.6	734
PX214642.1	FR750539_Glomus_macrocarpum	95.9	99.9	99.7	733
PX214642.1	FR750203_Glomus_spe	92.1	99.6	99.3	736
PX214642.1	MH560602.1_Halonatospora_panshihalos	85.0	96.6	89.7	725
PX214642.1	MH560604.1_Halonatospora_panshihalos	85.0	96.6	89.7	725
PX214642.1	FN547496_Funneliformis_caledonius	84.8	99.9	98.1	745
PX214642.1	MG710519.1_Microdominikia_litorea	84.0	96.7	89.8	725
PX214642.1	FM992391_Rhizophagus_proliferus	83.9	99.5	98.6	741
PX214642.1	FM876794_Funneliformis_coronatus	83.8	99.7	98.0	746
PX214642.1	MT832182_Funneliformis_mosseae	83.0	92.7	98.0	695
PX214642.1	KJ564165.2_Dominikia_minuta	82.9	96.9	89.6	726
PX214642.1	KJ564166.1_Dominikia_indica	82.8	96.9	89.8	726
PX214642.1	AY639162_Funneliformis_mosseae	82.7	99.7	98.1	745
PX214642.1	KJ564146.1_Dominikia_disticha	82.6	96.9	89.7	728
PX214642.1	KJ564151.1_Dominikia_iranica	82.4	96.9	89.5	727
PX214642.1	MT832181_Funneliformis_mosseae	82.3	92.7	98.1	694
PX214645.1	FR750526_Glomus_macrocarpum	96.7	99.9	100.0	734
PX214645.1	FR750539_Glomus_macrocarpum	96.2	99.7	100.0	734
PX214645.1	FR750203_Glomus_spe	92.4	99.6	99.7	736
PX214645.1	FN547496_Funneliformis_caledonius	85.0	99.9	98.5	745
PX214645.1	MH560602.1_Halonatospora_panshihalos	85.0	96.6	90.1	725
PX214645.1	MH560604.1_Halonatospora_panshihalos	85.0	96.6	90.1	725
PX214645.1	FM992391_Rhizophagus_proliferus	84.6	99.3	98.9	742
PX214645.1	MG710519.1_Microdominikia_litorea	84.4	96.6	90.1	726
PX214645.1	FM876794_Funneliformis_coronatus	83.8	99.9	98.5	745
PX214645.1	KJ564165.2_Dominikia_minuta	83.5	96.7	89.9	727
PX214645.1	KJ564166.1_Dominikia_indica	83.5	96.7	90.1	727
PX214645.1	MT832182_Funneliformis_mosseae	83.3	92.8	98.4	695
PX214645.1	KJ564146.1_Dominikia_disticha	83.0	96.7	90.0	729
PX214645.1	AY639162_Funneliformis_mosseae	82.8	99.9	98.7	744
PX214645.1	KJ564151.1_Dominikia_iranica	82.7	96.7	89.8	728
PX214645.1	MT832181_Funneliformis_mosseae	82.4	92.8	98.6	694
PX214647.1	FR750526_Glomus_macrocarpum	96.7	99.9	100.0	734
PX214647.1	FR750539_Glomus_macrocarpum	96.2	99.7	100.0	734
PX214647.1	FR750203_Glomus_spe	92.4	99.6	99.7	736
PX214647.1	FN547496_Funneliformis_caledonius	85.0	99.9	98.5	745
PX214647.1	MH560602.1_Halonatospora_panshihalos	85.0	96.6	90.1	725
PX214647.1	MH560604.1_Halonatospora_panshihalos	85.0	96.6	90.1	725
PX214647.1	FM992391_Rhizophagus_proliferus	84.6	99.3	98.9	742
PX214647.1	MG710519.1_Microdominikia_litorea	84.4	96.6	90.1	726
PX214647.1	FM876794_Funneliformis_coronatus	83.8	99.9	98.5	745
PX214647.1	KJ564165.2_Dominikia_minuta	83.5	96.7	89.9	727
PX214647.1	KJ564166.1_Dominikia_indica	83.5	96.7	90.1	727
PX214647.1	MT832182_Funneliformis_mosseae	83.3	92.8	98.4	695
PX214647.1	KJ564146.1_Dominikia_disticha	83.0	96.7	90.0	729
PX214647.1	AY639162_Funneliformis_mosseae	82.8	99.9	98.7	744
PX214647.1	KJ564151.1_Dominikia_iranica	82.7	96.7	89.8	728
PX214647.1	MT832181_Funneliformis_mosseae	82.4	92.8	98.6	694
PX214643.1	FR750526_Glomus_macrocarpum	97.1	99.9	100.0	734
PX214643.1	FR750539_Glomus_macrocarpum	96.6	99.7	100.0	734
PX214643.1	FR750203_Glomus_spe	92.7	99.6	99.7	736
PX214643.1	MH560604.1_Halonatospora_panshihalos	84.8	96.6	90.1	725
PX214643.1	FM992391_Rhizophagus_proliferus	84.8	99.3	98.9	742
PX214643.1	MT832184_Oehlia_diaphana	84.7	92.1	98.8	692
PX214643.1	MG710519.1_Microdominikia_litorea	84.6	96.6	90.1	726
PX214643.1	FN547496_Funneliformis_caledonius	84.6	99.9	98.5	745
PX214643.1	KJ564165.2_Dominikia_minuta	83.6	96.7	89.9	727
PX214643.1	FM876794_Funneliformis_coronatus	83.4	99.9	98.5	745
PX214643.1	KJ564166.1_Dominikia_indica	83.2	96.7	90.1	727
PX214643.1	KJ564146.1_Dominikia_disticha	83.1	96.7	90.0	729
PX214643.1	MT832182_Funneliformis_mosseae	83.0	92.8	98.4	695
PX214643.1	KJ564151.1_Dominikia_iranica	83.0	96.7	89.8	728
PX214643.1	AY639162_Funneliformis_mosseae	82.7	99.9	98.7	744
PX214643.1	MT832181_Funneliformis_mosseae	82.4	92.8	98.6	694
PX214644.1	FR750526_Glomus_macrocarpum	97.1	99.9	100.0	734
PX214644.1	FR750539_Glomus_macrocarpum	96.6	99.7	100.0	734
PX214644.1	FR750203_Glomus_spe	92.7	99.6	99.7	736
PX214644.1	MH560604.1_Halonatospora_panshihalos	84.8	96.6	90.1	725
PX214644.1	FM992391_Rhizophagus_proliferus	84.8	99.3	98.9	742
PX214644.1	MT832184_Oehlia_diaphana	84.7	92.1	98.8	692
PX214644.1	MG710519.1_Microdominikia_litorea	84.6	96.6	90.1	726
PX214644.1	FN547496_Funneliformis_caledonius	84.6	99.9	98.5	745
PX214644.1	KJ564165.2_Dominikia_minuta	83.6	96.7	89.9	727
PX214644.1	FM876794_Funneliformis_coronatus	83.4	99.9	98.5	745
PX214644.1	KJ564166.1_Dominikia_indica	83.2	96.7	90.1	727
PX214644.1	KJ564146.1_Dominikia_disticha	83.1	96.7	90.0	729
PX214644.1	MT832182_Funneliformis_mosseae	83.0	92.8	98.4	695
PX214644.1	KJ564151.1_Dominikia_iranica	83.0	96.7	89.8	728
PX214644.1	AY639162_Funneliformis_mosseae	82.7	99.9	98.7	744
PX214644.1	MT832181_Funneliformis_mosseae	82.4	92.8	98.6	694
PX214648.1	FR750526_Glomus_macrocarpum	97.1	100.0	100.0	733
PX214648.1	FR750539_Glomus_macrocarpum	96.6	99.9	100.0	733
PX214648.1	FR750203_Glomus_spe	92.8	99.7	99.7	735
PX214648.1	MT832184_Oehlia_diaphana	85.5	92.2	98.8	691
PX214648.1	FN547496_Funneliformis_caledonius	85.2	99.9	98.4	745
PX214648.1	MH560602.1_Halonatospora_panshihalos	85.1	96.7	90.1	724
PX214648.1	MH560604.1_Halonatospora_panshihalos	85.1	96.7	90.1	724
PX214648.1	FM992391_Rhizophagus_proliferus	85.0	99.5	98.9	741
PX214648.1	MT832183_Oehlia_diaphana	84.4	92.2	98.5	693
PX214648.1	FM876794_Funneliformis_coronatus	84.2	99.9	98.4	745
PX214648.1	MT832180_Funneliformis_spe	83.9	92.8	98.0	697
PX214648.1	MT832175_Septoglomus_constrictum	83.7	92.9	98.4	694
PX214648.1	MT832182_Funneliformis_mosseae	83.6	92.8	98.3	695
PX214648.1	MT832178_Septoglomus_deserticola	83.2	92.1	98.0	697
PX214648.1	AY639162_Funneliformis_mosseae	83.1	99.9	98.5	744
PX214648.1	MT832181_Funneliformis_mosseae	82.7	92.8	98.4	694
PX214649.1	FR750526_Glomus_macrocarpum	97.0	100.0	100.0	733
PX214649.1	FR750539_Glomus_macrocarpum	96.5	99.9	100.0	733
PX214649.1	FR750203_Glomus_spe	92.7	99.7	99.7	735
PX214649.1	MT832184_Oehlia_diaphana	85.4	92.2	98.8	691
PX214649.1	FN547496_Funneliformis_caledonius	85.1	99.9	98.4	745
PX214649.1	MH560602.1_Halonatospora_panshihalos	84.9	96.7	90.1	724
PX214649.1	MH560604.1_Halonatospora_panshihalos	84.9	96.7	90.1	724
PX214649.1	FM992391_Rhizophagus_proliferus	84.9	99.5	98.9	741
PX214649.1	MT832183_Oehlia_diaphana	84.3	92.2	98.5	693
PX214649.1	FM876794_Funneliformis_coronatus	84.0	99.9	98.4	745
PX214649.1	MT832180_Funneliformis_spe	83.8	92.8	98.0	697
PX214649.1	MT832175_Septoglomus_constrictum	83.6	92.9	98.4	694
PX214649.1	MT832182_Funneliformis_mosseae	83.5	92.8	98.3	695
PX214649.1	AY639162_Funneliformis_mosseae	82.9	99.9	98.5	744
PX214649.1	MT832181_Funneliformis_mosseae	82.6	92.8	98.4	694
PX214649.1	KJ564151.1_Dominikia_iranica	82.3	96.9	89.8	727
PX214652.1	FR750526_Glomus_macrocarpum	97.8	99.9	100.0	734
PX214652.1	FR750539_Glomus_macrocarpum	97.0	99.7	100.0	734
PX214652.1	FR750203_Glomus_spe	93.8	99.6	99.7	736
PX214652.1	MT832184_Oehlia_diaphana	85.8	92.1	98.8	692
PX214652.1	MH560602.1_Halonatospora_panshihalos	85.4	96.6	90.1	725
PX214652.1	MH560604.1_Halonatospora_panshihalos	85.4	96.6	90.1	725
PX214652.1	FN547496_Funneliformis_caledonius	85.1	99.9	98.5	745
PX214652.1	MT832183_Oehlia_diaphana	84.9	92.1	98.5	694
PX214652.1	FM992391_Rhizophagus_proliferus	84.6	99.3	98.9	742
PX214652.1	FM876794_Funneliformis_coronatus	84.3	99.9	98.5	745
PX214652.1	MT832182_Funneliformis_mosseae	83.9	92.8	98.4	695
PX214652.1	KJ564166.1_Dominikia_indica	83.8	96.7	90.1	727
PX214652.1	MT832180_Funneliformis_spe	83.6	92.8	98.1	697
PX214652.1	MT832181_Funneliformis_mosseae	83.3	92.8	98.6	694
PX214652.1	AY639162_Funneliformis_mosseae	83.2	99.9	98.7	744
PX214652.1	KJ564151.1_Dominikia_iranica	82.7	96.7	89.8	728
PX214650.1	FR750526_Glomus_macrocarpum	97.0	100.0	100.0	733
PX214650.1	FR750539_Glomus_macrocarpum	96.5	99.9	100.0	733
PX214650.1	FR750203_Glomus_spe	92.7	99.7	99.7	735
PX214650.1	MT832184_Oehlia_diaphana	85.4	92.2	98.8	691
PX214650.1	FN547496_Funneliformis_caledonius	85.1	99.9	98.4	745
PX214650.1	MH560602.1_Halonatospora_panshihalos	84.9	96.7	90.1	724
PX214650.1	MH560604.1_Halonatospora_panshihalos	84.9	96.7	90.1	724
PX214650.1	FM992391_Rhizophagus_proliferus	84.9	99.5	98.9	741
PX214650.1	MT832183_Oehlia_diaphana	84.3	92.2	98.5	693
PX214650.1	FM876794_Funneliformis_coronatus	84.0	99.9	98.4	745
PX214650.1	MT832180_Funneliformis_spe	83.8	92.8	98.0	697
PX214650.1	MT832175_Septoglomus_constrictum	83.6	92.9	98.4	694
PX214650.1	MT832182_Funneliformis_mosseae	83.5	92.8	98.3	695
PX214650.1	AY639162_Funneliformis_mosseae	82.9	99.9	98.5	744
PX214650.1	MT832181_Funneliformis_mosseae	82.6	92.8	98.4	694
PX214650.1	KJ564151.1_Dominikia_iranica	82.3	96.9	89.8	727
PX214651.1	FR750526_Glomus_macrocarpum	97.3	99.9	100.0	734
PX214651.1	FR750539_Glomus_macrocarpum	96.7	99.7	100.0	734
PX214651.1	FR750203_Glomus_spe	92.4	99.6	99.7	736
PX214651.1	MT832184_Oehlia_diaphana	85.4	92.1	98.8	692
PX214651.1	MH560602.1_Halonatospora_panshihalos	85.2	96.6	90.1	725
PX214651.1	MH560604.1_Halonatospora_panshihalos	85.2	96.6	90.1	725
PX214651.1	FM992391_Rhizophagus_proliferus	85.2	99.3	98.9	742
PX214651.1	FN547496_Funneliformis_caledonius	85.0	99.9	98.5	745
PX214651.1	MT832183_Oehlia_diaphana	84.3	92.1	98.5	694
PX214651.1	FM876794_Funneliformis_coronatus	83.9	99.9	98.5	745
PX214651.1	MT832180_Funneliformis_spe	83.6	92.8	98.1	697
PX214651.1	MT832182_Funneliformis_mosseae	83.5	92.8	98.4	695
PX214651.1	KJ564166.1_Dominikia_indica	83.4	96.7	90.1	727
PX214651.1	AY639162_Funneliformis_mosseae	82.9	99.9	98.7	744
PX214651.1	KJ564151.1_Dominikia_iranica	82.8	96.7	89.8	728
PX214651.1	MT832181_Funneliformis_mosseae	82.6	92.8	98.6	694
PX214653.1	FR750526_Glomus_macrocarpum	97.5	99.9	100.0	734
PX214653.1	FR750539_Glomus_macrocarpum	97.0	99.7	100.0	734
PX214653.1	FR750203_Glomus_spe	92.9	99.6	99.7	736
PX214653.1	MT832184_Oehlia_diaphana	85.4	92.1	98.8	692
PX214653.1	MH560602.1_Halonatospora_panshihalos	85.2	96.6	90.1	725
PX214653.1	MH560604.1_Halonatospora_panshihalos	85.2	96.6	90.1	725
PX214653.1	FM992391_Rhizophagus_proliferus	85.0	99.3	98.9	742
PX214653.1	FN547496_Funneliformis_caledonius	85.0	99.9	98.5	745
PX214653.1	MT832183_Oehlia_diaphana	84.3	92.1	98.5	694
PX214653.1	FM876794_Funneliformis_coronatus	84.0	99.9	98.5	745
PX214653.1	MT832182_Funneliformis_mosseae	83.7	92.8	98.4	695
PX214653.1	MT832180_Funneliformis_spe	83.6	92.8	98.1	697
PX214653.1	KJ564166.1_Dominikia_indica	83.6	96.7	90.1	727
PX214653.1	MT832181_Funneliformis_mosseae	82.9	92.8	98.6	694
PX214653.1	AY639162_Funneliformis_mosseae	82.8	99.9	98.7	744
PX214653.1	KJ564151.1_Dominikia_iranica	82.6	96.7	89.8	728
PX214654.1	FR750526_Glomus_macrocarpum	97.5	99.9	100.0	734
PX214654.1	FR750539_Glomus_macrocarpum	97.0	99.7	100.0	734
PX214654.1	FR750203_Glomus_spe	92.9	99.6	99.7	736
PX214654.1	MT832184_Oehlia_diaphana	85.4	92.1	98.8	692
PX214654.1	MH560602.1_Halonatospora_panshihalos	85.2	96.6	90.1	725
PX214654.1	MH560604.1_Halonatospora_panshihalos	85.2	96.6	90.1	725
PX214654.1	FM992391_Rhizophagus_proliferus	85.0	99.3	98.9	742
PX214654.1	FN547496_Funneliformis_caledonius	85.0	99.9	98.5	745
PX214654.1	MT832183_Oehlia_diaphana	84.3	92.1	98.5	694
PX214654.1	FM876794_Funneliformis_coronatus	84.0	99.9	98.5	745
PX214654.1	MT832182_Funneliformis_mosseae	83.7	92.8	98.4	695
PX214654.1	MT832180_Funneliformis_spe	83.6	92.8	98.1	697
PX214654.1	KJ564166.1_Dominikia_indica	83.6	96.7	90.1	727
PX214654.1	MT832181_Funneliformis_mosseae	82.9	92.8	98.6	694
PX214654.1	AY639162_Funneliformis_mosseae	82.8	99.9	98.7	744
PX214654.1	KJ564151.1_Dominikia_iranica	82.6	96.7	89.8	728
PX214658.1	FR750526_Glomus_macrocarpum	97.5	100.0	100.0	733
PX214658.1	FR750539_Glomus_macrocarpum	96.7	99.9	100.0	733
PX214658.1	FR750203_Glomus_spe	94.1	99.7	99.7	735
PX214658.1	FN547496_Funneliformis_caledonius	85.5	99.9	98.4	745
PX214658.1	MT832184_Oehlia_diaphana	85.2	92.2	98.8	691
PX214658.1	FM992391_Rhizophagus_proliferus	84.9	99.5	98.9	741
PX214658.1	FM876794_Funneliformis_coronatus	84.7	99.9	98.4	745
PX214658.1	MT832175_Septoglomus_constrictum	84.3	92.9	98.4	694
PX214658.1	MT832183_Oehlia_diaphana	84.3	92.2	98.5	693
PX214658.1	MT832178_Septoglomus_deserticola	84.2	92.1	98.0	697
PX214658.1	MT832182_Funneliformis_mosseae	84.2	92.8	98.3	695
PX214658.1	MT832180_Funneliformis_spe	84.1	92.8	98.0	697
PX214658.1	MT832181_Funneliformis_mosseae	83.9	92.8	98.4	694
PX214658.1	AY639162_Funneliformis_mosseae	83.6	99.9	98.5	744
PX214658.1	KJ564166.1_Dominikia_indica	82.9	96.9	90.1	726
PX214658.1	KJ564151.1_Dominikia_iranica	82.5	96.9	89.8	727
PX214655.1	FR750526_Glomus_macrocarpum	97.1	99.7	100.0	735
PX214655.1	FR750539_Glomus_macrocarpum	96.6	99.6	100.0	735
PX214655.1	FR750203_Glomus_spe	92.9	99.6	99.9	736
PX214655.1	MT832184_Oehlia_diaphana	85.7	92.1	99.0	692
PX214655.1	FN547496_Funneliformis_caledonius	85.4	99.6	98.4	747
PX214655.1	FM992391_Rhizophagus_proliferus	85.3	99.0	98.8	744
PX214655.1	MH560604.1_Halonatospora_panshihalos	84.9	95.9	89.6	730
PX214655.1	MT832183_Oehlia_diaphana	84.9	92.1	98.7	694
PX214655.1	FM876794_Funneliformis_coronatus	84.7	99.7	98.5	746
PX214655.1	MT832182_Funneliformis_mosseae	84.3	92.8	98.6	695
PX214655.1	KJ564166.1_Dominikia_indica	84.1	96.6	90.1	728
PX214655.1	KJ564146.1_Dominikia_disticha	83.8	96.7	90.1	729
PX214655.1	KJ564165.2_Dominikia_minuta	83.8	96.7	90.0	727
PX214655.1	AY639162_Funneliformis_mosseae	83.6	99.7	98.7	745
PX214655.1	MT832181_Funneliformis_mosseae	83.6	92.7	98.6	695
PX214655.1	KJ564151.1_Dominikia_iranica	83.2	96.7	89.9	728
PX214656.1	FR750526_Glomus_macrocarpum	97.4	99.9	100.0	734
PX214656.1	FR750539_Glomus_macrocarpum	96.9	99.7	100.0	734
PX214656.1	FR750203_Glomus_spe	92.8	99.6	99.7	736
PX214656.1	MT832184_Oehlia_diaphana	85.3	92.1	98.8	692
PX214656.1	MH560602.1_Halonatospora_panshihalos	85.1	96.6	90.1	725
PX214656.1	MH560604.1_Halonatospora_panshihalos	85.1	96.6	90.1	725
PX214656.1	FN547496_Funneliformis_caledonius	85.0	99.9	98.5	745
PX214656.1	FM992391_Rhizophagus_proliferus	84.9	99.3	98.9	742
PX214656.1	MT832183_Oehlia_diaphana	84.1	92.1	98.5	694
PX214656.1	FM876794_Funneliformis_coronatus	84.0	99.9	98.5	745
PX214656.1	MT832182_Funneliformis_mosseae	83.7	92.8	98.4	695
PX214656.1	MT832180_Funneliformis_spe	83.6	92.8	98.1	697
PX214656.1	KJ564166.1_Dominikia_indica	83.5	96.7	90.1	727
PX214656.1	MT832181_Funneliformis_mosseae	82.9	92.8	98.6	694
PX214656.1	AY639162_Funneliformis_mosseae	82.7	99.9	98.7	744
PX214656.1	KJ564151.1_Dominikia_iranica	82.4	96.7	89.8	728
PX214662.1	FR750526_Glomus_macrocarpum	97.0	99.9	100.0	734
PX214662.1	FR750539_Glomus_macrocarpum	96.5	99.7	100.0	734
PX214662.1	FR750203_Glomus_spe	92.7	99.6	99.7	736
PX214662.1	FN547496_Funneliformis_caledonius	84.8	99.9	98.5	745
PX214662.1	MH560604.1_Halonatospora_panshihalos	84.8	96.6	90.1	725
PX214662.1	MT832184_Oehlia_diaphana	84.7	92.1	98.8	692
PX214662.1	FM992391_Rhizophagus_proliferus	84.5	99.3	98.9	742
PX214662.1	MG710519.1_Microdominikia_litorea	84.3	96.6	90.1	726
PX214662.1	FM876794_Funneliformis_coronatus	83.6	99.9	98.5	745
PX214662.1	MT832182_Funneliformis_mosseae	83.3	92.8	98.4	695
PX214662.1	KJ564165.2_Dominikia_minuta	83.1	96.7	89.9	727
PX214662.1	KJ564166.1_Dominikia_indica	82.9	96.7	90.1	727
PX214662.1	AY639162_Funneliformis_mosseae	82.7	99.9	98.7	744
PX214662.1	KJ564146.1_Dominikia_disticha	82.6	96.7	90.0	729
PX214662.1	MT832181_Funneliformis_mosseae	82.4	92.8	98.6	694
PX214662.1	KJ564151.1_Dominikia_iranica	82.4	96.7	89.8	728
PX214657.1	FR750526_Glomus_macrocarpum	98.0	99.9	100.0	734
PX214657.1	FR750539_Glomus_macrocarpum	97.1	99.7	100.0	734
PX214657.1	FR750203_Glomus_spe	93.3	99.6	99.7	736
PX214657.1	MT832184_Oehlia_diaphana	85.7	92.1	98.8	692
PX214657.1	FN547496_Funneliformis_caledonius	85.5	99.9	98.5	745
PX214657.1	MH560602.1_Halonatospora_panshihalos	85.2	96.6	90.1	725
PX214657.1	MH560604.1_Halonatospora_panshihalos	85.2	96.6	90.1	725
PX214657.1	FM992391_Rhizophagus_proliferus	84.8	99.3	98.9	742
PX214657.1	FM876794_Funneliformis_coronatus	84.4	99.9	98.5	745
PX214657.1	KJ564165.2_Dominikia_minuta	84.0	96.7	89.9	727
PX214657.1	MT832182_Funneliformis_mosseae	84.0	92.8	98.4	695
PX214657.1	KJ564166.1_Dominikia_indica	83.9	96.7	90.1	727
PX214657.1	MT832180_Funneliformis_spe	83.8	92.8	98.1	697
PX214657.1	AY639162_Funneliformis_mosseae	83.6	99.9	98.7	744
PX214657.1	MT832181_Funneliformis_mosseae	83.4	92.8	98.6	694
PX214657.1	KJ564151.1_Dominikia_iranica	83.1	96.7	89.8	728
PX214659.1	FR750526_Glomus_macrocarpum	97.0	100.0	100.0	733
PX214659.1	FR750539_Glomus_macrocarpum	96.2	99.9	100.0	733
PX214659.1	FR750203_Glomus_spe	92.7	99.7	99.7	735
PX214659.1	MT832184_Oehlia_diaphana	85.1	92.2	98.8	691
PX214659.1	FN547496_Funneliformis_caledonius	84.7	99.9	98.4	745
PX214659.1	MH560602.1_Halonatospora_panshihalos	84.7	96.7	90.1	724
PX214659.1	MH560604.1_Halonatospora_panshihalos	84.7	96.7	90.1	724
PX214659.1	FM992391_Rhizophagus_proliferus	84.1	99.5	98.9	741
PX214659.1	FM876794_Funneliformis_coronatus	83.6	99.9	98.4	745
PX214659.1	MT832180_Funneliformis_spe	83.1	92.8	98.0	697
PX214659.1	MT832182_Funneliformis_mosseae	82.9	92.8	98.3	695
PX214659.1	AY639162_Funneliformis_mosseae	82.8	99.9	98.5	744
PX214659.1	KJ564165.2_Dominikia_minuta	82.8	96.9	89.9	726
PX214659.1	KJ564166.1_Dominikia_indica	82.5	96.9	90.1	726
PX214659.1	KJ564151.1_Dominikia_iranica	82.4	96.9	89.8	727
PX214659.1	MT832181_Funneliformis_mosseae	82.3	92.8	98.4	694
PX214660.1	FR750526_Glomus_macrocarpum	97.4	100.0	100.0	733
PX214660.1	FR750539_Glomus_macrocarpum	96.6	99.9	100.0	733
PX214660.1	FR750203_Glomus_spe	93.7	99.7	99.7	735
PX214660.1	FN547496_Funneliformis_caledonius	85.9	99.9	98.4	745
PX214660.1	MT832184_Oehlia_diaphana	85.8	92.2	98.8	691
PX214660.1	MH560602.1_Halonatospora_panshihalos	85.4	96.7	90.1	724
PX214660.1	MH560604.1_Halonatospora_panshihalos	85.4	96.7	90.1	724
PX214660.1	FM992391_Rhizophagus_proliferus	85.2	99.5	98.9	741
PX214660.1	FM876794_Funneliformis_coronatus	84.8	99.9	98.4	745
PX214660.1	MT832182_Funneliformis_mosseae	84.3	92.8	98.3	695
PX214660.1	AY639162_Funneliformis_mosseae	83.9	99.9	98.5	744
PX214660.1	MT832181_Funneliformis_mosseae	83.7	92.8	98.4	694
PX214660.1	KJ564165.2_Dominikia_minuta	83.5	96.9	89.9	726
PX214660.1	KJ564166.1_Dominikia_indica	83.3	96.9	90.1	726
PX214660.1	KJ564146.1_Dominikia_disticha	83.2	96.9	90.0	728
PX214660.1	KJ564151.1_Dominikia_iranica	82.9	96.9	89.8	727
PX214661.1	FR750526_Glomus_macrocarpum	97.5	99.9	100.0	734
PX214661.1	FR750539_Glomus_macrocarpum	96.7	99.7	100.0	734
PX214661.1	FR750203_Glomus_spe	93.2	99.6	99.7	736
PX214661.1	MH560602.1_Halonatospora_panshihalos	85.4	96.6	90.1	725
PX214661.1	MH560604.1_Halonatospora_panshihalos	85.4	96.6	90.1	725
PX214661.1	FN547496_Funneliformis_caledonius	85.4	99.9	98.5	745
PX214661.1	FM992391_Rhizophagus_proliferus	85.2	99.3	98.9	742
PX214661.1	FM876794_Funneliformis_coronatus	84.6	99.9	98.5	745
PX214661.1	MT832175_Septoglomus_constrictum	84.3	92.9	98.6	694
PX214661.1	MT832182_Funneliformis_mosseae	84.0	92.8	98.4	695
PX214661.1	MT832179_Septoglomus_viscosum	83.9	92.9	98.6	694
PX214661.1	MT832180_Funneliformis_spe	83.8	92.8	98.1	697
PX214661.1	KJ564166.1_Dominikia_indica	83.8	96.7	90.1	727
PX214661.1	AY639162_Funneliformis_mosseae	83.5	99.9	98.7	744
PX214661.1	MT832181_Funneliformis_mosseae	83.4	92.8	98.6	694
PX214661.1	KJ564151.1_Dominikia_iranica	83.0	96.7	89.8	728
PX214663.1	FR750526_Glomus_macrocarpum	96.9	100.0	99.9	733
PX214663.1	FR750539_Glomus_macrocarpum	96.0	99.9	99.9	733
PX214663.1	FR750203_Glomus_spe	92.9	99.7	99.6	735
PX214663.1	FN547496_Funneliformis_caledonius	85.0	99.9	98.3	745
PX214663.1	FM876794_Funneliformis_coronatus	84.3	99.9	98.3	745
PX214663.1	MT832184_Oehlia_diaphana	84.2	92.3	98.8	691
PX214663.1	MT832182_Funneliformis_mosseae	83.7	92.9	98.3	695
PX214663.1	MT832175_Septoglomus_constrictum	83.7	93.0	98.4	694
PX214663.1	FM992391_Rhizophagus_proliferus	83.5	99.5	98.8	741
PX214663.1	MT832180_Funneliformis_spe	83.4	92.9	98.0	697
PX214663.1	MT832183_Oehlia_diaphana	83.3	92.3	98.5	693
PX214663.1	FR750072_Rhizophagus_fasciculatus	83.2	99.5	98.6	742
PX214663.1	MT832181_Funneliformis_mosseae	83.1	92.9	98.4	694
PX214663.1	AY639162_Funneliformis_mosseae	82.9	99.9	98.4	744
PX214663.1	KJ564166.1_Dominikia_indica	82.0	97.0	90.1	726
PX214663.1	KJ564151.1_Dominikia_iranica	81.8	97.0	89.8	727
PX214664.1	FR750539_Glomus_macrocarpum	99.0	99.9	100.0	733
PX214664.1	FR750526_Glomus_macrocarpum	98.8	100.0	100.0	733
PX214664.1	FR750203_Glomus_spe	93.1	99.7	99.7	735
PX214664.1	FN547496_Funneliformis_caledonius	85.0	99.9	98.4	745
PX214664.1	MT832184_Oehlia_diaphana	84.7	92.2	98.8	691
PX214664.1	FM992391_Rhizophagus_proliferus	83.8	99.5	98.9	741
PX214664.1	FM876794_Funneliformis_coronatus	83.8	99.9	98.4	745
PX214664.1	KJ564146.1_Dominikia_disticha	83.7	96.9	90.0	728
PX214664.1	MT832183_Oehlia_diaphana	83.5	92.2	98.5	693
PX214664.1	MT832182_Funneliformis_mosseae	83.2	92.8	98.3	695
PX214664.1	MK875635.1_Nanoglomus_plukenetia	83.1	96.6	90.2	724
PX214664.1	MT832181_Funneliformis_mosseae	82.9	92.8	98.4	694
PX214664.1	AY639162_Funneliformis_mosseae	82.8	99.9	98.5	744
PX214664.1	KJ564165.2_Dominikia_minuta	82.6	96.9	89.9	726
PX214664.1	KJ564151.1_Dominikia_iranica	82.5	96.9	89.8	727
PX214664.1	KJ564166.1_Dominikia_indica	82.4	96.9	90.1	726
PX214665.1	FR750526_Glomus_macrocarpum	99.9	100.0	100.0	733
PX214665.1	FR750539_Glomus_macrocarpum	98.8	99.9	100.0	733
PX214665.1	FR750203_Glomus_spe	92.8	99.7	99.7	735
PX214665.1	MT832184_Oehlia_diaphana	85.2	92.2	98.8	691
PX214665.1	FN547496_Funneliformis_caledonius	85.2	99.9	98.4	745
PX214665.1	FM876794_Funneliformis_coronatus	84.3	99.9	98.4	745
PX214665.1	MT832183_Oehlia_diaphana	84.1	92.2	98.5	693
PX214665.1	MT832182_Funneliformis_mosseae	83.7	92.8	98.3	695
PX214665.1	MK875635.1_Nanoglomus_plukenetia	83.7	96.6	90.2	724
PX214665.1	FM992391_Rhizophagus_proliferus	83.7	99.5	98.9	741
PX214665.1	MT832181_Funneliformis_mosseae	83.4	92.8	98.4	694
PX214665.1	MT832180_Funneliformis_spe	83.4	92.8	98.0	697
PX214665.1	AY639162_Funneliformis_mosseae	83.3	99.9	98.5	744
PX214665.1	KJ564165.2_Dominikia_minuta	82.9	96.9	89.9	726
PX214665.1	KJ564166.1_Dominikia_indica	82.6	96.9	90.1	726
PX214665.1	KJ564151.1_Dominikia_iranica	82.4	96.9	89.8	727
PX214666.1	FR750526_Glomus_macrocarpum	98.9	100.0	100.0	733
PX214666.1	FR750539_Glomus_macrocarpum	98.9	99.9	100.0	733
PX214666.1	FR750203_Glomus_spe	92.9	99.7	99.7	735
PX214666.1	FN547496_Funneliformis_caledonius	84.7	99.9	98.4	745
PX214666.1	MT832184_Oehlia_diaphana	84.7	92.2	98.8	691
PX214666.1	FM876794_Funneliformis_coronatus	84.0	99.7	98.3	746
PX214666.1	FM992391_Rhizophagus_proliferus	83.8	99.5	98.9	741
PX214666.1	MT832183_Oehlia_diaphana	83.4	92.2	98.5	693
PX214666.1	MK875635.1_Nanoglomus_plukenetia	83.3	96.7	90.3	723
PX214666.1	MT832182_Funneliformis_mosseae	83.2	92.8	98.3	695
PX214666.1	KJ564146.1_Dominikia_disticha	83.1	96.9	90.0	728
PX214666.1	MT832181_Funneliformis_mosseae	82.7	92.8	98.4	694
PX214666.1	AY639162_Funneliformis_mosseae	82.7	99.9	98.5	744
PX214666.1	KJ564165.2_Dominikia_minuta	82.5	96.9	89.9	726
PX214666.1	KJ564166.1_Dominikia_indica	82.5	96.9	90.1	726
PX214666.1	KJ564151.1_Dominikia_iranica	82.3	96.9	89.8	727
PX214667.1	FR750539_Glomus_macrocarpum	99.3	99.9	100.0	733
PX214667.1	FR750526_Glomus_macrocarpum	98.8	100.0	100.0	733
PX214667.1	FR750203_Glomus_spe	92.8	99.7	99.7	735
PX214667.1	FN547496_Funneliformis_caledonius	84.7	99.9	98.4	745
PX214667.1	MT832184_Oehlia_diaphana	84.4	92.2	98.8	691
PX214667.1	MG710519.1_Microdominikia_litorea	83.6	96.7	90.1	725
PX214667.1	FM992391_Rhizophagus_proliferus	83.5	99.5	98.9	741
PX214667.1	KJ564146.1_Dominikia_disticha	83.5	96.9	90.0	728
PX214667.1	FM876794_Funneliformis_coronatus	83.5	99.9	98.4	745
PX214667.1	MK875635.1_Nanoglomus_plukenetia	83.0	96.6	90.2	724
PX214667.1	MT832182_Funneliformis_mosseae	82.9	92.8	98.3	695
PX214667.1	MT832181_Funneliformis_mosseae	82.6	92.8	98.4	694
PX214667.1	AY639162_Funneliformis_mosseae	82.5	99.9	98.5	744
PX214667.1	KJ564165.2_Dominikia_minuta	82.5	96.9	89.9	726
PX214667.1	KJ564151.1_Dominikia_iranica	82.4	96.9	89.8	727
PX214667.1	KJ564166.1_Dominikia_indica	82.2	96.9	90.1	726
PX214671.1	FR750526_Glomus_macrocarpum	97.8	100.0	100.0	733
PX214671.1	FR750539_Glomus_macrocarpum	97.3	99.9	100.0	733
PX214671.1	FR750203_Glomus_spe	93.9	99.7	99.7	735
PX214671.1	FN547496_Funneliformis_caledonius	85.2	99.9	98.4	745
PX214671.1	MT832179_Septoglomus_viscosum	84.9	92.9	98.4	694
PX214671.1	FM876794_Funneliformis_coronatus	84.4	99.9	98.4	745
PX214671.1	MG710519.1_Microdominikia_litorea	84.4	96.7	90.1	725
PX214671.1	MT832178_Septoglomus_deserticola	84.2	92.1	98.0	697
PX214671.1	FJ461853.1_Septoglomus_viscosum	83.9	92.8	98.4	694
PX214671.1	MT832182_Funneliformis_mosseae	83.7	92.8	98.3	695
PX214671.1	FM992391_Rhizophagus_proliferus	83.5	99.5	98.9	741
PX214671.1	MT832180_Funneliformis_spe	83.5	92.8	98.0	697
PX214671.1	MT832181_Funneliformis_mosseae	83.3	92.8	98.4	694
PX214671.1	AY639162_Funneliformis_mosseae	83.2	99.9	98.5	744
PX214671.1	KJ564146.1_Dominikia_disticha	83.1	96.9	90.0	728
PX214671.1	KJ564151.1_Dominikia_iranica	82.9	96.9	89.8	727
PX214668.1	FR750539_Glomus_macrocarpum	99.3	99.9	100.0	733
PX214668.1	FR750526_Glomus_macrocarpum	98.8	100.0	100.0	733
PX214668.1	FR750203_Glomus_spe	92.8	99.7	99.7	735
PX214668.1	FN547496_Funneliformis_caledonius	84.7	99.9	98.4	745
PX214668.1	MT832184_Oehlia_diaphana	84.4	92.2	98.8	691
PX214668.1	MG710519.1_Microdominikia_litorea	83.6	96.7	90.1	725
PX214668.1	FM992391_Rhizophagus_proliferus	83.5	99.5	98.9	741
PX214668.1	KJ564146.1_Dominikia_disticha	83.5	96.9	90.0	728
PX214668.1	FM876794_Funneliformis_coronatus	83.5	99.9	98.4	745
PX214668.1	MK875635.1_Nanoglomus_plukenetia	83.0	96.6	90.2	724
PX214668.1	MT832182_Funneliformis_mosseae	82.9	92.8	98.3	695
PX214668.1	MT832181_Funneliformis_mosseae	82.6	92.8	98.4	694
PX214668.1	AY639162_Funneliformis_mosseae	82.5	99.9	98.5	744
PX214668.1	KJ564165.2_Dominikia_minuta	82.5	96.9	89.9	726
PX214668.1	KJ564151.1_Dominikia_iranica	82.4	96.9	89.8	727
PX214668.1	KJ564166.1_Dominikia_indica	82.2	96.9	90.1	726
PX214672.1	FR750526_Glomus_macrocarpum	97.8	100.0	100.0	733
PX214672.1	FR750539_Glomus_macrocarpum	97.3	99.9	100.0	733
PX214672.1	FR750203_Glomus_spe	93.9	99.7	99.7	735
PX214672.1	FN547496_Funneliformis_caledonius	85.2	99.9	98.4	745
PX214672.1	MT832179_Septoglomus_viscosum	84.9	92.9	98.4	694
PX214672.1	FM876794_Funneliformis_coronatus	84.4	99.9	98.4	745
PX214672.1	MG710519.1_Microdominikia_litorea	84.4	96.7	90.1	725
PX214672.1	MT832178_Septoglomus_deserticola	84.2	92.1	98.0	697
PX214672.1	FJ461853.1_Septoglomus_viscosum	83.9	92.8	98.4	694
PX214672.1	MT832182_Funneliformis_mosseae	83.7	92.8	98.3	695
PX214672.1	FM992391_Rhizophagus_proliferus	83.5	99.5	98.9	741
PX214672.1	MT832180_Funneliformis_spe	83.5	92.8	98.0	697
PX214672.1	MT832181_Funneliformis_mosseae	83.3	92.8	98.4	694
PX214672.1	AY639162_Funneliformis_mosseae	83.2	99.9	98.5	744
PX214672.1	KJ564146.1_Dominikia_disticha	83.1	96.9	90.0	728
PX214672.1	KJ564151.1_Dominikia_iranica	82.9	96.9	89.8	727
PX214669.1	FR750539_Glomus_macrocarpum	99.0	99.9	100.0	733
PX214669.1	FR750526_Glomus_macrocarpum	98.8	100.0	100.0	733
PX214669.1	FR750203_Glomus_spe	92.9	99.7	99.7	735
PX214669.1	FN547496_Funneliformis_caledonius	84.8	99.9	98.4	745
PX214669.1	MT832184_Oehlia_diaphana	84.5	92.2	98.8	691
PX214669.1	FM992391_Rhizophagus_proliferus	83.7	99.5	98.9	741
PX214669.1	FM876794_Funneliformis_coronatus	83.6	99.9	98.4	745
PX214669.1	MG710519.1_Microdominikia_litorea	83.6	96.7	90.1	725
PX214669.1	KJ564146.1_Dominikia_disticha	83.5	96.9	90.0	728
PX214669.1	MT832182_Funneliformis_mosseae	83.0	92.8	98.3	695
PX214669.1	MK875635.1_Nanoglomus_plukenetia	83.0	96.6	90.2	724
PX214669.1	MT832181_Funneliformis_mosseae	82.7	92.8	98.4	694
PX214669.1	AY639162_Funneliformis_mosseae	82.7	99.9	98.5	744
PX214669.1	KJ564165.2_Dominikia_minuta	82.5	96.9	89.9	726
PX214669.1	KJ564151.1_Dominikia_iranica	82.4	96.9	89.8	727
PX214669.1	KJ564166.1_Dominikia_indica	82.2	96.9	90.1	726
PX214673.1	FR750526_Glomus_macrocarpum	97.8	100.0	100.0	733
PX214673.1	FR750539_Glomus_macrocarpum	97.3	99.9	100.0	733
PX214673.1	FR750203_Glomus_spe	93.9	99.7	99.7	735
PX214673.1	FN547496_Funneliformis_caledonius	85.2	99.9	98.4	745
PX214673.1	MT832179_Septoglomus_viscosum	84.9	92.9	98.4	694
PX214673.1	FM876794_Funneliformis_coronatus	84.4	99.9	98.4	745
PX214673.1	MG710519.1_Microdominikia_litorea	84.4	96.7	90.1	725
PX214673.1	MT832178_Septoglomus_deserticola	84.2	92.1	98.0	697
PX214673.1	FJ461853.1_Septoglomus_viscosum	83.9	92.8	98.4	694
PX214673.1	MT832182_Funneliformis_mosseae	83.7	92.8	98.3	695
PX214673.1	FM992391_Rhizophagus_proliferus	83.5	99.5	98.9	741
PX214673.1	MT832180_Funneliformis_spe	83.5	92.8	98.0	697
PX214673.1	MT832181_Funneliformis_mosseae	83.3	92.8	98.4	694
PX214673.1	AY639162_Funneliformis_mosseae	83.2	99.9	98.5	744
PX214673.1	KJ564146.1_Dominikia_disticha	83.1	96.9	90.0	728
PX214673.1	KJ564151.1_Dominikia_iranica	82.9	96.9	89.8	727
PX214674.1	FR750526_Glomus_macrocarpum	97.8	100.0	100.0	733
PX214674.1	FR750539_Glomus_macrocarpum	97.3	99.9	100.0	733
PX214674.1	FR750203_Glomus_spe	93.9	99.7	99.7	735
PX214674.1	FN547496_Funneliformis_caledonius	85.2	99.9	98.4	745
PX214674.1	MT832179_Septoglomus_viscosum	84.9	92.9	98.4	694
PX214674.1	FM876794_Funneliformis_coronatus	84.4	99.9	98.4	745
PX214674.1	MG710519.1_Microdominikia_litorea	84.4	96.7	90.1	725
PX214674.1	MT832178_Septoglomus_deserticola	84.2	92.1	98.0	697
PX214674.1	FJ461853.1_Septoglomus_viscosum	83.9	92.8	98.4	694
PX214674.1	MT832182_Funneliformis_mosseae	83.7	92.8	98.3	695
PX214674.1	FM992391_Rhizophagus_proliferus	83.5	99.5	98.9	741
PX214674.1	MT832180_Funneliformis_spe	83.5	92.8	98.0	697
PX214674.1	MT832181_Funneliformis_mosseae	83.3	92.8	98.4	694
PX214674.1	AY639162_Funneliformis_mosseae	83.2	99.9	98.5	744
PX214674.1	KJ564146.1_Dominikia_disticha	83.1	96.9	90.0	728
PX214674.1	KJ564151.1_Dominikia_iranica	82.9	96.9	89.8	727
PX214670.1	FR750526_Glomus_macrocarpum	98.8	100.0	100.0	733
PX214670.1	FR750539_Glomus_macrocarpum	98.8	99.9	100.0	733
PX214670.1	FR750203_Glomus_spe	92.7	99.7	99.7	735
PX214670.1	FN547496_Funneliformis_caledonius	85.1	99.9	98.4	745
PX214670.1	FM876794_Funneliformis_coronatus	83.9	99.9	98.4	745
PX214670.1	FM992391_Rhizophagus_proliferus	83.7	99.5	98.9	741
PX214670.1	MK875635.1_Nanoglomus_plukenetia	83.3	96.6	90.2	724
PX214670.1	KJ564146.1_Dominikia_disticha	83.2	96.9	90.0	728
PX214670.1	MT832180_Funneliformis_spe	83.2	92.8	98.0	697
PX214670.1	MT832182_Funneliformis_mosseae	83.0	92.8	98.3	695
PX214670.1	MT832181_Funneliformis_mosseae	82.7	92.8	98.4	694
PX214670.1	AY639162_Funneliformis_mosseae	82.7	99.9	98.5	744
PX214670.1	KJ564165.2_Dominikia_minuta	82.5	96.9	89.9	726
PX214670.1	KJ564151.1_Dominikia_iranica	82.4	96.9	89.8	727
PX214670.1	MK875637.1_Nanoglomus_plukenetia	82.2	96.6	90.0	726
PX214670.1	KJ564166.1_Dominikia_indica	82.2	96.9	90.1	726
PX214675.1	FR750526_Glomus_macrocarpum	98.1	100.0	100.0	733
PX214675.1	FR750539_Glomus_macrocarpum	97.5	99.9	100.0	733
PX214675.1	FR750203_Glomus_spe	93.2	99.7	99.7	735
PX214675.1	FN547496_Funneliformis_caledonius	85.5	99.9	98.4	745
PX214675.1	MT832184_Oehlia_diaphana	85.4	92.2	98.8	691
PX214675.1	FM876794_Funneliformis_coronatus	84.6	99.9	98.4	745
PX214675.1	MT832183_Oehlia_diaphana	84.0	92.2	98.5	693
PX214675.1	FM992391_Rhizophagus_proliferus	83.9	99.5	98.9	741
PX214675.1	MT832182_Funneliformis_mosseae	83.9	92.8	98.3	695
PX214675.1	MK875635.1_Nanoglomus_plukenetia	83.8	96.7	90.3	723
PX214675.1	MT832180_Funneliformis_spe	83.6	92.8	98.0	697
PX214675.1	AY639162_Funneliformis_mosseae	83.3	99.9	98.5	744
PX214675.1	MT832181_Funneliformis_mosseae	83.3	92.8	98.4	694
PX214675.1	MK875637.1_Nanoglomus_plukenetia	82.9	96.7	90.1	725
PX214675.1	MK036783.1_Sclerocarpum_amazonicum	82.7	92.8	90.5	717
PX214675.1	MK036781.1_Sclerocarpum_amazonicum	82.6	92.6	90.9	714
PX214676.1	FR750526_Glomus_macrocarpum	98.1	100.0	100.0	733
PX214676.1	FR750539_Glomus_macrocarpum	97.5	99.9	100.0	733
PX214676.1	FR750203_Glomus_spe	93.2	99.7	99.7	735
PX214676.1	FN547496_Funneliformis_caledonius	85.5	99.9	98.4	745
PX214676.1	MT832184_Oehlia_diaphana	85.4	92.2	98.8	691
PX214676.1	FM876794_Funneliformis_coronatus	84.6	99.9	98.4	745
PX214676.1	MT832183_Oehlia_diaphana	84.0	92.2	98.5	693
PX214676.1	FM992391_Rhizophagus_proliferus	83.9	99.5	98.9	741
PX214676.1	MT832182_Funneliformis_mosseae	83.9	92.8	98.3	695
PX214676.1	MK875635.1_Nanoglomus_plukenetia	83.8	96.7	90.3	723
PX214676.1	MT832180_Funneliformis_spe	83.6	92.8	98.0	697
PX214676.1	AY639162_Funneliformis_mosseae	83.3	99.9	98.5	744
PX214676.1	MT832181_Funneliformis_mosseae	83.3	92.8	98.4	694
PX214676.1	MK875637.1_Nanoglomus_plukenetia	82.9	96.7	90.1	725
PX214676.1	MK036783.1_Sclerocarpum_amazonicum	82.7	92.8	90.5	717
PX214676.1	MK036781.1_Sclerocarpum_amazonicum	82.6	92.6	90.9	714
PX214681.1	FR750526_Glomus_macrocarpum	98.1	99.9	100.0	734
PX214681.1	FR750539_Glomus_macrocarpum	97.5	99.7	100.0	734
PX214681.1	FR750203_Glomus_spe	93.1	99.6	99.7	736
PX214681.1	MT832184_Oehlia_diaphana	85.3	92.1	98.8	692
PX214681.1	FN547496_Funneliformis_caledonius	85.1	99.7	98.4	746
PX214681.1	FM876794_Funneliformis_coronatus	84.2	99.7	98.4	746
PX214681.1	MT832183_Oehlia_diaphana	83.9	92.1	98.5	694
PX214681.1	MT832182_Funneliformis_mosseae	83.6	92.6	98.3	696
PX214681.1	FM992391_Rhizophagus_proliferus	83.6	99.3	98.9	742
PX214681.1	MK875635.1_Nanoglomus_plukenetia	83.4	96.6	90.3	724
PX214681.1	MT832180_Funneliformis_spe	83.4	92.6	98.0	698
PX214681.1	MT832181_Funneliformis_mosseae	83.0	92.6	98.4	695
PX214681.1	AY639162_Funneliformis_mosseae	83.0	99.7	98.5	745
PX214681.1	MK036781.1_Sclerocarpum_amazonicum	82.5	92.5	90.9	715
PX214681.1	MK036783.1_Sclerocarpum_amazonicum	82.3	92.6	90.5	718
PX214681.1	MK875637.1_Nanoglomus_plukenetia	82.1	96.7	90.2	725
PX214678.1	FR750526_Glomus_macrocarpum	98.0	99.9	100.0	734
PX214678.1	FR750539_Glomus_macrocarpum	97.4	99.7	100.0	734
PX214678.1	FR750203_Glomus_spe	92.9	99.6	99.7	736
PX214678.1	FN547496_Funneliformis_caledonius	85.0	99.7	98.4	746
PX214678.1	MT832184_Oehlia_diaphana	84.8	92.1	98.8	692
PX214678.1	FM876794_Funneliformis_coronatus	84.0	99.7	98.4	746
PX214678.1	MT832179_Septoglomus_viscosum	84.0	92.8	98.4	695
PX214678.1	MT832182_Funneliformis_mosseae	83.8	92.6	98.3	696
PX214678.1	MK875635.1_Nanoglomus_plukenetia	83.3	96.6	90.3	724
PX214678.1	MT832180_Funneliformis_spe	83.2	92.8	98.1	697
PX214678.1	MT832181_Funneliformis_mosseae	83.0	92.6	98.4	695
PX214678.1	FM992391_Rhizophagus_proliferus	83.0	99.3	98.9	742
PX214678.1	AY639162_Funneliformis_mosseae	83.0	99.7	98.5	745
PX214678.1	MK875637.1_Nanoglomus_plukenetia	82.4	96.6	90.1	726
PX214678.1	MK036783.1_Sclerocarpum_amazonicum	82.0	92.6	90.5	718
PX214678.1	MK036781.1_Sclerocarpum_amazonicum	82.0	92.5	90.9	715
PX214677.1	FR750526_Glomus_macrocarpum	98.1	100.0	100.0	733
PX214677.1	FR750539_Glomus_macrocarpum	97.5	99.9	100.0	733
PX214677.1	FR750203_Glomus_spe	93.2	99.7	99.7	735
PX214677.1	FN547496_Funneliformis_caledonius	85.5	99.9	98.4	745
PX214677.1	MT832184_Oehlia_diaphana	85.4	92.2	98.8	691
PX214677.1	FM876794_Funneliformis_coronatus	84.6	99.9	98.4	745
PX214677.1	MT832183_Oehlia_diaphana	84.0	92.2	98.5	693
PX214677.1	FM992391_Rhizophagus_proliferus	83.9	99.5	98.9	741
PX214677.1	MT832182_Funneliformis_mosseae	83.9	92.8	98.3	695
PX214677.1	MK875635.1_Nanoglomus_plukenetia	83.8	96.7	90.3	723
PX214677.1	MT832180_Funneliformis_spe	83.6	92.8	98.0	697
PX214677.1	AY639162_Funneliformis_mosseae	83.3	99.9	98.5	744
PX214677.1	MT832181_Funneliformis_mosseae	83.3	92.8	98.4	694
PX214677.1	MK875637.1_Nanoglomus_plukenetia	82.9	96.7	90.1	725
PX214677.1	MK036783.1_Sclerocarpum_amazonicum	82.7	92.8	90.5	717
PX214677.1	MK036781.1_Sclerocarpum_amazonicum	82.6	92.6	90.9	714
PX214680.1	FR750526_Glomus_macrocarpum	98.1	100.0	100.0	733
PX214680.1	FR750539_Glomus_macrocarpum	97.5	99.9	100.0	733
PX214680.1	FR750203_Glomus_spe	93.1	99.7	99.7	735
PX214680.1	MT832184_Oehlia_diaphana	85.2	92.2	98.8	691
PX214680.1	FN547496_Funneliformis_caledonius	85.1	99.9	98.4	745
PX214680.1	FM876794_Funneliformis_coronatus	84.2	99.9	98.4	745
PX214680.1	MT832179_Septoglomus_viscosum	84.1	92.9	98.4	694
PX214680.1	MT832183_Oehlia_diaphana	83.8	92.2	98.5	693
PX214680.1	MT832182_Funneliformis_mosseae	83.6	92.8	98.3	695
PX214680.1	FM992391_Rhizophagus_proliferus	83.5	99.5	98.9	741
PX214680.1	MK875635.1_Nanoglomus_plukenetia	83.4	96.7	90.3	723
PX214680.1	MT832181_Funneliformis_mosseae	83.0	92.8	98.4	694
PX214680.1	AY639162_Funneliformis_mosseae	82.9	99.9	98.5	744
PX214680.1	MK875637.1_Nanoglomus_plukenetia	82.5	96.7	90.1	725
PX214680.1	MK036783.1_Sclerocarpum_amazonicum	82.3	92.8	90.5	717
PX214680.1	MK036781.1_Sclerocarpum_amazonicum	82.2	92.6	90.9	714
PX214679.1	FR750526_Glomus_macrocarpum	98.0	99.9	100.0	734
PX214679.1	FR750539_Glomus_macrocarpum	97.4	99.7	100.0	734
PX214679.1	FR750203_Glomus_spe	92.9	99.6	99.7	736
PX214679.1	FN547496_Funneliformis_caledonius	85.0	99.7	98.4	746
PX214679.1	MT832184_Oehlia_diaphana	84.8	92.1	98.8	692
PX214679.1	FM876794_Funneliformis_coronatus	84.0	99.7	98.4	746
PX214679.1	MT832179_Septoglomus_viscosum	84.0	92.8	98.4	695
PX214679.1	MT832182_Funneliformis_mosseae	83.8	92.6	98.3	696
PX214679.1	MK875635.1_Nanoglomus_plukenetia	83.3	96.6	90.3	724
PX214679.1	MT832180_Funneliformis_spe	83.2	92.8	98.1	697
PX214679.1	MT832181_Funneliformis_mosseae	83.0	92.6	98.4	695
PX214679.1	FM992391_Rhizophagus_proliferus	83.0	99.3	98.9	742
PX214679.1	AY639162_Funneliformis_mosseae	83.0	99.7	98.5	745
PX214679.1	MK875637.1_Nanoglomus_plukenetia	82.4	96.6	90.1	726
PX214679.1	MK036783.1_Sclerocarpum_amazonicum	82.0	92.6	90.5	718
PX214679.1	MK036781.1_Sclerocarpum_amazonicum	82.0	92.5	90.9	715
PX214682.1	FR750526_Glomus_macrocarpum	98.1	99.9	100.0	734
PX214682.1	FR750539_Glomus_macrocarpum	97.5	99.7	100.0	734
PX214682.1	FR750203_Glomus_spe	93.1	99.6	99.7	736
PX214682.1	MT832184_Oehlia_diaphana	85.3	92.1	98.8	692
PX214682.1	FN547496_Funneliformis_caledonius	85.1	99.7	98.4	746
PX214682.1	FM876794_Funneliformis_coronatus	84.2	99.7	98.4	746
PX214682.1	MT832183_Oehlia_diaphana	83.9	92.1	98.5	694
PX214682.1	FM992391_Rhizophagus_proliferus	83.6	99.3	98.9	742
PX214682.1	MK875635.1_Nanoglomus_plukenetia	83.4	96.6	90.3	724
PX214682.1	MT832180_Funneliformis_spe	83.4	92.6	98.0	698
PX214682.1	MT832182_Funneliformis_mosseae	83.3	92.8	98.4	695
PX214682.1	MT832181_Funneliformis_mosseae	82.7	92.8	98.6	694
PX214682.1	AY639162_Funneliformis_mosseae	82.7	99.9	98.7	744
PX214682.1	MK036781.1_Sclerocarpum_amazonicum	82.5	92.5	90.9	715
PX214682.1	MK036783.1_Sclerocarpum_amazonicum	82.3	92.6	90.5	718
PX214682.1	MK875637.1_Nanoglomus_plukenetia	82.2	96.7	90.2	725
PX214684.1	FR750526_Glomus_macrocarpum	98.8	100.0	100.0	733
PX214684.1	FR750539_Glomus_macrocarpum	98.0	99.9	100.0	733
PX214684.1	FR750203_Glomus_spe	93.7	99.7	99.7	735
PX214684.1	FN547496_Funneliformis_caledonius	85.6	99.9	98.4	745
PX214684.1	MT832184_Oehlia_diaphana	85.4	92.2	98.8	691
PX214684.1	FM876794_Funneliformis_coronatus	84.7	99.9	98.4	745
PX214684.1	MT832183_Oehlia_diaphana	84.4	92.2	98.5	693
PX214684.1	FM992391_Rhizophagus_proliferus	84.3	99.5	98.9	741
PX214684.1	MT832182_Funneliformis_mosseae	84.2	92.8	98.3	695
PX214684.1	MK875635.1_Nanoglomus_plukenetia	84.1	96.6	90.2	724
PX214684.1	MT832180_Funneliformis_spe	83.9	92.8	98.0	697
PX214684.1	MT832181_Funneliformis_mosseae	83.4	92.8	98.4	694
PX214684.1	AY639162_Funneliformis_mosseae	83.3	99.9	98.5	744
PX214684.1	KJ564146.1_Dominikia_disticha	83.1	96.9	90.0	728
PX214684.1	KJ564151.1_Dominikia_iranica	82.9	96.9	89.8	727
PX214684.1	KJ564166.1_Dominikia_indica	82.9	96.9	90.1	726
PX214689.1	FR750526_Glomus_macrocarpum	98.2	99.5	100.0	737
PX214689.1	FR750539_Glomus_macrocarpum	97.4	99.3	100.0	737
PX214689.1	FR750203_Glomus_spe	93.2	99.2	99.7	739
PX214689.1	FN547496_Funneliformis_caledonius	85.2	99.3	98.4	749
PX214689.1	MT832184_Oehlia_diaphana	84.9	91.7	98.8	695
PX214689.1	FM876794_Funneliformis_coronatus	84.2	99.3	98.4	749
PX214689.1	MT832183_Oehlia_diaphana	83.9	91.7	98.5	697
PX214689.1	FM992391_Rhizophagus_proliferus	83.9	98.9	98.9	745
PX214689.1	MT832182_Funneliformis_mosseae	83.7	92.3	98.3	699
PX214689.1	MK875635.1_Nanoglomus_plukenetia	83.7	96.1	90.2	728
PX214689.1	MT832180_Funneliformis_spe	83.5	92.3	98.0	701
PX214689.1	FR750072_Rhizophagus_fasciculatus	83.4	98.9	98.8	746
PX214689.1	MT832181_Funneliformis_mosseae	83.0	92.3	98.4	698
PX214689.1	AY639162_Funneliformis_mosseae	82.9	99.3	98.5	748
PX214689.1	KJ564151.1_Dominikia_iranica	82.5	96.3	89.8	731
PX214689.1	KJ564166.1_Dominikia_indica	82.5	96.3	90.1	730
PX214683.1	FR750526_Glomus_macrocarpum	98.2	100.0	100.0	733
PX214683.1	FR750539_Glomus_macrocarpum	97.7	99.9	100.0	733
PX214683.1	FR750203_Glomus_spe	93.2	99.7	99.7	735
PX214683.1	MT832184_Oehlia_diaphana	85.4	92.2	98.8	691
PX214683.1	FN547496_Funneliformis_caledonius	85.2	99.9	98.4	745
PX214683.1	FM876794_Funneliformis_coronatus	84.3	99.9	98.4	745
PX214683.1	MT832183_Oehlia_diaphana	84.0	92.2	98.5	693
PX214683.1	MT832182_Funneliformis_mosseae	83.7	92.8	98.3	695
PX214683.1	FM992391_Rhizophagus_proliferus	83.7	99.5	98.9	741
PX214683.1	MK875635.1_Nanoglomus_plukenetia	83.5	96.7	90.3	723
PX214683.1	MT832180_Funneliformis_spe	83.5	92.8	98.0	697
PX214683.1	MT832181_Funneliformis_mosseae	83.1	92.8	98.4	694
PX214683.1	AY639162_Funneliformis_mosseae	83.1	99.9	98.5	744
PX214683.1	MK875637.1_Nanoglomus_plukenetia	82.6	96.7	90.1	725
PX214683.1	MK036781.1_Sclerocarpum_amazonicum	82.4	92.6	90.9	714
PX214683.1	KJ564151.1_Dominikia_iranica	82.3	96.9	89.8	727
PX214686.1	FR750526_Glomus_macrocarpum	98.8	100.0	100.0	733
PX214686.1	FR750539_Glomus_macrocarpum	98.0	99.9	100.0	733
PX214686.1	FR750203_Glomus_spe	93.7	99.7	99.7	735
PX214686.1	FN547496_Funneliformis_caledonius	85.6	99.9	98.4	745
PX214686.1	MT832184_Oehlia_diaphana	85.4	92.2	98.8	691
PX214686.1	FM876794_Funneliformis_coronatus	84.7	99.9	98.4	745
PX214686.1	MT832183_Oehlia_diaphana	84.4	92.2	98.5	693
PX214686.1	FM992391_Rhizophagus_proliferus	84.3	99.5	98.9	741
PX214686.1	MT832182_Funneliformis_mosseae	84.2	92.8	98.3	695
PX214686.1	MK875635.1_Nanoglomus_plukenetia	84.1	96.6	90.2	724
PX214686.1	MT832180_Funneliformis_spe	83.9	92.8	98.0	697
PX214686.1	MT832181_Funneliformis_mosseae	83.4	92.8	98.4	694
PX214686.1	AY639162_Funneliformis_mosseae	83.3	99.9	98.5	744
PX214686.1	KJ564146.1_Dominikia_disticha	83.1	96.9	90.0	728
PX214686.1	KJ564151.1_Dominikia_iranica	82.9	96.9	89.8	727
PX214686.1	KJ564166.1_Dominikia_indica	82.9	96.9	90.1	726
PX214685.1	FR750526_Glomus_macrocarpum	98.8	100.0	100.0	733
PX214685.1	FR750539_Glomus_macrocarpum	98.0	99.9	100.0	733
PX214685.1	FR750203_Glomus_spe	93.7	99.7	99.7	735
PX214685.1	FN547496_Funneliformis_caledonius	85.6	99.9	98.4	745
PX214685.1	MT832184_Oehlia_diaphana	85.4	92.2	98.8	691
PX214685.1	FM876794_Funneliformis_coronatus	84.7	99.9	98.4	745
PX214685.1	MT832183_Oehlia_diaphana	84.4	92.2	98.5	693
PX214685.1	FM992391_Rhizophagus_proliferus	84.3	99.5	98.9	741
PX214685.1	MT832182_Funneliformis_mosseae	84.2	92.8	98.3	695
PX214685.1	MK875635.1_Nanoglomus_plukenetia	84.1	96.6	90.2	724
PX214685.1	MT832180_Funneliformis_spe	83.9	92.8	98.0	697
PX214685.1	MT832181_Funneliformis_mosseae	83.4	92.8	98.4	694
PX214685.1	AY639162_Funneliformis_mosseae	83.3	99.9	98.5	744
PX214685.1	KJ564146.1_Dominikia_disticha	83.1	96.9	90.0	728
PX214685.1	KJ564151.1_Dominikia_iranica	82.9	96.9	89.8	727
PX214685.1	KJ564166.1_Dominikia_indica	82.9	96.9	90.1	726
PX214688.1	FR750526_Glomus_macrocarpum	98.5	100.0	100.0	733
PX214688.1	FR750539_Glomus_macrocarpum	97.7	99.9	100.0	733
PX214688.1	FR750203_Glomus_spe	93.5	99.7	99.7	735
PX214688.1	MT832184_Oehlia_diaphana	85.5	92.2	98.8	691
PX214688.1	FN547496_Funneliformis_caledonius	85.4	99.9	98.4	745
PX214688.1	FM876794_Funneliformis_coronatus	84.4	99.9	98.4	745
PX214688.1	MT832183_Oehlia_diaphana	84.4	92.2	98.5	693
PX214688.1	MK875635.1_Nanoglomus_plukenetia	84.1	96.6	90.2	724
PX214688.1	FM992391_Rhizophagus_proliferus	84.1	99.5	98.9	741
PX214688.1	MT832182_Funneliformis_mosseae	83.9	92.8	98.3	695
PX214688.1	MT832180_Funneliformis_spe	83.6	92.8	98.0	697
PX214688.1	MT832181_Funneliformis_mosseae	83.1	92.8	98.4	694
PX214688.1	AY639162_Funneliformis_mosseae	83.1	99.9	98.5	744
PX214688.1	MK875637.1_Nanoglomus_plukenetia	83.1	96.6	90.0	726
PX214688.1	KJ564151.1_Dominikia_iranica	82.7	96.9	89.8	727
PX214688.1	KJ564166.1_Dominikia_indica	82.6	96.9	90.1	726
PX214687.1	FR750526_Glomus_macrocarpum	98.8	100.0	100.0	733
PX214687.1	FR750539_Glomus_macrocarpum	98.0	99.9	100.0	733
PX214687.1	FR750203_Glomus_spe	93.7	99.7	99.7	735
PX214687.1	FN547496_Funneliformis_caledonius	85.6	99.9	98.4	745
PX214687.1	MT832184_Oehlia_diaphana	85.4	92.2	98.8	691
PX214687.1	FM876794_Funneliformis_coronatus	84.7	99.9	98.4	745
PX214687.1	MT832183_Oehlia_diaphana	84.4	92.2	98.5	693
PX214687.1	FM992391_Rhizophagus_proliferus	84.3	99.5	98.9	741
PX214687.1	MT832182_Funneliformis_mosseae	84.2	92.8	98.3	695
PX214687.1	MK875635.1_Nanoglomus_plukenetia	84.1	96.6	90.2	724
PX214687.1	MT832180_Funneliformis_spe	83.9	92.8	98.0	697
PX214687.1	MT832181_Funneliformis_mosseae	83.4	92.8	98.4	694
PX214687.1	AY639162_Funneliformis_mosseae	83.3	99.9	98.5	744
PX214687.1	KJ564146.1_Dominikia_disticha	83.1	96.9	90.0	728
PX214687.1	KJ564151.1_Dominikia_iranica	82.9	96.9	89.8	727
PX214687.1	KJ564166.1_Dominikia_indica	82.9	96.9	90.1	726
PX214690.1	FR750526_Glomus_macrocarpum	98.5	99.7	100.0	735
PX214690.1	FR750539_Glomus_macrocarpum	97.7	99.6	100.0	735
PX214690.1	FR750203_Glomus_spe	93.5	99.5	99.7	737
PX214690.1	FN547496_Funneliformis_caledonius	85.4	99.6	98.4	747
PX214690.1	MT832184_Oehlia_diaphana	85.1	92.0	98.8	693
PX214690.1	FM876794_Funneliformis_coronatus	84.5	99.6	98.4	747
PX214690.1	MT832183_Oehlia_diaphana	84.2	92.0	98.5	695
PX214690.1	FM992391_Rhizophagus_proliferus	84.1	99.2	98.9	743
PX214690.1	MT832182_Funneliformis_mosseae	83.9	92.5	98.3	697
PX214690.1	MT832180_Funneliformis_spe	83.7	92.5	98.0	699
PX214690.1	FR750072_Rhizophagus_fasciculatus	83.6	99.2	98.8	744
PX214690.1	MK875635.1_Nanoglomus_plukenetia	83.5	96.3	90.2	726
PX214690.1	MT832181_Funneliformis_mosseae	83.2	92.5	98.4	696
PX214690.1	AY639162_Funneliformis_mosseae	83.1	99.6	98.5	746
PX214690.1	KJ564151.1_Dominikia_iranica	82.7	96.6	89.8	729
PX214690.1	KJ564166.1_Dominikia_indica	82.7	96.6	90.1	728
PX214691.1	FR750526_Glomus_macrocarpum	98.2	99.7	100.0	735
PX214691.1	FR750539_Glomus_macrocarpum	97.4	99.6	100.0	735
PX214691.1	FR750203_Glomus_spe	93.2	99.5	99.7	737
PX214691.1	MT832184_Oehlia_diaphana	85.3	92.0	98.8	693
PX214691.1	FN547496_Funneliformis_caledonius	85.1	99.6	98.4	747
PX214691.1	FM876794_Funneliformis_coronatus	84.2	99.6	98.4	747
PX214691.1	MT832183_Oehlia_diaphana	84.2	92.0	98.5	695
PX214691.1	FM992391_Rhizophagus_proliferus	83.8	99.2	98.9	743
PX214691.1	MT832182_Funneliformis_mosseae	83.6	92.5	98.3	697
PX214691.1	MK875635.1_Nanoglomus_plukenetia	83.5	96.3	90.2	726
PX214691.1	MT832180_Funneliformis_spe	83.4	92.5	98.0	699
PX214691.1	MT832181_Funneliformis_mosseae	82.9	92.5	98.4	696
PX214691.1	AY639162_Funneliformis_mosseae	82.8	99.6	98.5	746
PX214691.1	KJ564151.1_Dominikia_iranica	82.4	96.6	89.8	729
PX214691.1	MK875637.1_Nanoglomus_plukenetia	82.4	96.3	90.0	728
PX214691.1	KJ564166.1_Dominikia_indica	82.4	96.6	90.1	728
PX214694.1	FR750526_Glomus_macrocarpum	98.8	100.0	100.0	733
PX214694.1	FR750539_Glomus_macrocarpum	98.0	99.9	100.0	733
PX214694.1	FR750203_Glomus_spe	93.5	99.7	99.7	735
PX214694.1	FN547496_Funneliformis_caledonius	85.4	99.9	98.4	745
PX214694.1	MT832184_Oehlia_diaphana	85.1	92.2	98.8	691
PX214694.1	FM876794_Funneliformis_coronatus	84.4	99.9	98.4	745
PX214694.1	MT832183_Oehlia_diaphana	84.1	92.2	98.5	693
PX214694.1	FM992391_Rhizophagus_proliferus	84.1	99.5	98.9	741
PX214694.1	MT832182_Funneliformis_mosseae	83.9	92.8	98.3	695
PX214694.1	MK875635.1_Nanoglomus_plukenetia	83.8	96.6	90.2	724
PX214694.1	MT832181_Funneliformis_mosseae	83.1	92.8	98.4	694
PX214694.1	AY639162_Funneliformis_mosseae	83.1	99.9	98.5	744
PX214694.1	KJ564146.1_Dominikia_disticha	82.8	96.9	90.0	728
PX214694.1	MK875637.1_Nanoglomus_plukenetia	82.8	96.6	90.0	726
PX214694.1	KJ564151.1_Dominikia_iranica	82.7	96.9	89.8	727
PX214694.1	KJ564166.1_Dominikia_indica	82.6	96.9	90.1	726
PX214693.1	FR750526_Glomus_macrocarpum	98.5	100.0	100.0	733
PX214693.1	FR750539_Glomus_macrocarpum	97.7	99.9	100.0	733
PX214693.1	FR750203_Glomus_spe	93.5	99.7	99.7	735
PX214693.1	MT832184_Oehlia_diaphana	85.5	92.2	98.8	691
PX214693.1	FN547496_Funneliformis_caledonius	85.4	99.9	98.4	745
PX214693.1	FM876794_Funneliformis_coronatus	84.4	99.9	98.4	745
PX214693.1	MT832183_Oehlia_diaphana	84.4	92.2	98.5	693
PX214693.1	MK875635.1_Nanoglomus_plukenetia	84.1	96.6	90.2	724
PX214693.1	FM992391_Rhizophagus_proliferus	84.1	99.5	98.9	741
PX214693.1	MT832182_Funneliformis_mosseae	83.9	92.8	98.3	695
PX214693.1	MT832180_Funneliformis_spe	83.6	92.8	98.0	697
PX214693.1	MT832181_Funneliformis_mosseae	83.1	92.8	98.4	694
PX214693.1	AY639162_Funneliformis_mosseae	83.1	99.9	98.5	744
PX214693.1	MK875637.1_Nanoglomus_plukenetia	83.1	96.6	90.0	726
PX214693.1	KJ564151.1_Dominikia_iranica	82.7	96.9	89.8	727
PX214693.1	KJ564166.1_Dominikia_indica	82.6	96.9	90.1	726
PX214695.1	FR750526_Glomus_macrocarpum	98.8	100.0	100.0	733
PX214695.1	FR750539_Glomus_macrocarpum	98.0	99.9	100.0	733
PX214695.1	FR750203_Glomus_spe	93.5	99.7	99.7	735
PX214695.1	FN547496_Funneliformis_caledonius	85.4	99.9	98.4	745
PX214695.1	MT832184_Oehlia_diaphana	85.1	92.2	98.8	691
PX214695.1	FM876794_Funneliformis_coronatus	84.4	99.9	98.4	745
PX214695.1	MT832183_Oehlia_diaphana	84.1	92.2	98.5	693
PX214695.1	FM992391_Rhizophagus_proliferus	84.1	99.5	98.9	741
PX214695.1	MT832182_Funneliformis_mosseae	83.9	92.8	98.3	695
PX214695.1	MK875635.1_Nanoglomus_plukenetia	83.8	96.6	90.2	724
PX214695.1	MT832181_Funneliformis_mosseae	83.1	92.8	98.4	694
PX214695.1	AY639162_Funneliformis_mosseae	83.1	99.9	98.5	744
PX214695.1	KJ564146.1_Dominikia_disticha	82.8	96.9	90.0	728
PX214695.1	MK875637.1_Nanoglomus_plukenetia	82.8	96.6	90.0	726
PX214695.1	KJ564151.1_Dominikia_iranica	82.7	96.9	89.8	727
PX214695.1	KJ564166.1_Dominikia_indica	82.6	96.9	90.1	726
PX214692.1	FR750526_Glomus_macrocarpum	98.6	100.0	99.9	733
PX214692.1	FR750539_Glomus_macrocarpum	97.8	99.9	99.9	733
PX214692.1	FR750203_Glomus_spe	93.5	99.7	99.6	735
PX214692.1	MT832184_Oehlia_diaphana	85.7	92.2	98.7	691
PX214692.1	FN547496_Funneliformis_caledonius	85.1	99.9	98.3	745
PX214692.1	MT832183_Oehlia_diaphana	84.7	92.2	98.4	693
PX214692.1	FM876794_Funneliformis_coronatus	84.4	99.9	98.3	745
PX214692.1	FM992391_Rhizophagus_proliferus	83.9	99.5	98.8	741
PX214692.1	MT832182_Funneliformis_mosseae	83.5	92.8	98.1	695
PX214692.1	MK875635.1_Nanoglomus_plukenetia	83.4	96.6	90.1	724
PX214692.1	KJ564146.1_Dominikia_disticha	83.4	96.9	89.9	728
PX214692.1	MT832181_Funneliformis_mosseae	83.3	92.8	98.3	694
PX214692.1	AY639162_Funneliformis_mosseae	83.2	99.9	98.4	744
PX214692.1	KJ564151.1_Dominikia_iranica	83.1	96.9	89.6	727
PX214692.1	KJ564166.1_Dominikia_indica	82.8	96.9	90.0	726
PX214692.1	MK875637.1_Nanoglomus_plukenetia	82.2	95.8	89.1	732
PX214697.1	FR750526_Glomus_macrocarpum	98.8	100.0	100.0	733
PX214697.1	FR750539_Glomus_macrocarpum	98.0	99.9	100.0	733
PX214697.1	FR750203_Glomus_spe	93.5	99.7	99.7	735
PX214697.1	FN547496_Funneliformis_caledonius	85.4	99.9	98.4	745
PX214697.1	MT832184_Oehlia_diaphana	85.1	92.2	98.8	691
PX214697.1	FM876794_Funneliformis_coronatus	84.4	99.9	98.4	745
PX214697.1	MT832183_Oehlia_diaphana	84.1	92.2	98.5	693
PX214697.1	FM992391_Rhizophagus_proliferus	84.1	99.5	98.9	741
PX214697.1	MT832182_Funneliformis_mosseae	83.9	92.8	98.3	695
PX214697.1	MK875635.1_Nanoglomus_plukenetia	83.8	96.6	90.2	724
PX214697.1	MT832181_Funneliformis_mosseae	83.1	92.8	98.4	694
PX214697.1	AY639162_Funneliformis_mosseae	83.1	99.9	98.5	744
PX214697.1	KJ564146.1_Dominikia_disticha	82.8	96.9	90.0	728
PX214697.1	MK875637.1_Nanoglomus_plukenetia	82.8	96.6	90.0	726
PX214697.1	KJ564151.1_Dominikia_iranica	82.7	96.9	89.8	727
PX214697.1	KJ564166.1_Dominikia_indica	82.6	96.9	90.1	726
PX214696.1	FR750526_Glomus_macrocarpum	98.8	100.0	100.0	733
PX214696.1	FR750539_Glomus_macrocarpum	98.0	99.9	100.0	733
PX214696.1	FR750203_Glomus_spe	93.5	99.7	99.7	735
PX214696.1	FN547496_Funneliformis_caledonius	85.4	99.9	98.4	745
PX214696.1	MT832184_Oehlia_diaphana	85.1	92.2	98.8	691
PX214696.1	FM876794_Funneliformis_coronatus	84.4	99.9	98.4	745
PX214696.1	MT832183_Oehlia_diaphana	84.1	92.2	98.5	693
PX214696.1	FM992391_Rhizophagus_proliferus	84.1	99.5	98.9	741
PX214696.1	MT832182_Funneliformis_mosseae	83.9	92.8	98.3	695
PX214696.1	MK875635.1_Nanoglomus_plukenetia	83.8	96.6	90.2	724
PX214696.1	MT832181_Funneliformis_mosseae	83.1	92.8	98.4	694
PX214696.1	AY639162_Funneliformis_mosseae	83.1	99.9	98.5	744
PX214696.1	KJ564146.1_Dominikia_disticha	82.8	96.9	90.0	728
PX214696.1	MK875637.1_Nanoglomus_plukenetia	82.8	96.6	90.0	726
PX214696.1	KJ564151.1_Dominikia_iranica	82.7	96.9	89.8	727
PX214696.1	KJ564166.1_Dominikia_indica	82.6	96.9	90.1	726
PX214698.1	FR750526_Glomus_macrocarpum	98.8	100.0	100.0	733
PX214698.1	FR750539_Glomus_macrocarpum	98.0	99.9	100.0	733
PX214698.1	FR750203_Glomus_spe	93.7	99.7	99.7	735
PX214698.1	FN547496_Funneliformis_caledonius	85.6	99.9	98.4	745
PX214698.1	MT832184_Oehlia_diaphana	85.4	92.2	98.8	691
PX214698.1	FM876794_Funneliformis_coronatus	84.7	99.9	98.4	745
PX214698.1	MT832183_Oehlia_diaphana	84.4	92.2	98.5	693
PX214698.1	FM992391_Rhizophagus_proliferus	84.3	99.5	98.9	741
PX214698.1	MT832182_Funneliformis_mosseae	84.2	92.8	98.3	695
PX214698.1	MK875635.1_Nanoglomus_plukenetia	84.1	96.6	90.2	724
PX214698.1	MT832180_Funneliformis_spe	83.9	92.8	98.0	697
PX214698.1	MT832181_Funneliformis_mosseae	83.4	92.8	98.4	694
PX214698.1	AY639162_Funneliformis_mosseae	83.3	99.9	98.5	744
PX214698.1	KJ564146.1_Dominikia_disticha	83.1	96.9	90.0	728
PX214698.1	KJ564151.1_Dominikia_iranica	82.9	96.9	89.8	727
PX214698.1	KJ564166.1_Dominikia_indica	82.9	96.9	90.1	726
PX214702.1	FR750526_Glomus_macrocarpum	98.5	99.9	99.9	734
PX214702.1	FR750539_Glomus_macrocarpum	98.0	99.7	99.9	734
PX214702.1	FR750203_Glomus_spe	93.2	99.6	99.6	736
PX214702.1	MT832184_Oehlia_diaphana	85.5	92.1	98.7	692
PX214702.1	FN547496_Funneliformis_caledonius	85.3	99.7	98.3	746
PX214702.1	MT832183_Oehlia_diaphana	84.4	92.1	98.4	694
PX214702.1	FM876794_Funneliformis_coronatus	84.3	99.7	98.3	746
PX214702.1	FM992391_Rhizophagus_proliferus	84.2	99.3	98.8	742
PX214702.1	MT832182_Funneliformis_mosseae	83.6	92.6	98.1	696
PX214702.1	KJ564146.1_Dominikia_disticha	83.5	96.7	89.9	729
PX214702.1	MT832180_Funneliformis_spe	83.5	92.6	97.8	698
PX214702.1	AY639162_Funneliformis_mosseae	83.2	99.7	98.4	745
PX214702.1	MT832181_Funneliformis_mosseae	83.2	92.6	98.3	695
PX214702.1	KJ564151.1_Dominikia_iranica	83.0	96.7	89.6	728
PX214702.1	KJ564166.1_Dominikia_indica	82.8	96.7	90.0	727
PX214702.1	MK875635.1_Nanoglomus_plukenetia	82.4	95.5	89.2	732
PX214700.1	FR750526_Glomus_macrocarpum	98.8	100.0	100.0	733
PX214700.1	FR750539_Glomus_macrocarpum	98.0	99.9	100.0	733
PX214700.1	FR750203_Glomus_spe	93.7	99.7	99.7	735
PX214700.1	FN547496_Funneliformis_caledonius	85.6	99.9	98.4	745
PX214700.1	MT832184_Oehlia_diaphana	85.4	92.2	98.8	691
PX214700.1	FM876794_Funneliformis_coronatus	84.7	99.9	98.4	745
PX214700.1	MT832183_Oehlia_diaphana	84.4	92.2	98.5	693
PX214700.1	FM992391_Rhizophagus_proliferus	84.3	99.5	98.9	741
PX214700.1	MT832182_Funneliformis_mosseae	84.2	92.8	98.3	695
PX214700.1	MK875635.1_Nanoglomus_plukenetia	84.1	96.6	90.2	724
PX214700.1	MT832180_Funneliformis_spe	83.9	92.8	98.0	697
PX214700.1	MT832181_Funneliformis_mosseae	83.4	92.8	98.4	694
PX214700.1	AY639162_Funneliformis_mosseae	83.3	99.9	98.5	744
PX214700.1	KJ564146.1_Dominikia_disticha	83.1	96.9	90.0	728
PX214700.1	KJ564151.1_Dominikia_iranica	82.9	96.9	89.8	727
PX214700.1	KJ564166.1_Dominikia_indica	82.9	96.9	90.1	726
PX214699.1	FR750526_Glomus_macrocarpum	98.8	100.0	100.0	733
PX214699.1	FR750539_Glomus_macrocarpum	98.0	99.9	100.0	733
PX214699.1	FR750203_Glomus_spe	93.7	99.7	99.7	735
PX214699.1	FN547496_Funneliformis_caledonius	85.6	99.9	98.4	745
PX214699.1	MT832184_Oehlia_diaphana	85.4	92.2	98.8	691
PX214699.1	FM876794_Funneliformis_coronatus	84.7	99.9	98.4	745
PX214699.1	MT832183_Oehlia_diaphana	84.4	92.2	98.5	693
PX214699.1	FM992391_Rhizophagus_proliferus	84.3	99.5	98.9	741
PX214699.1	MT832182_Funneliformis_mosseae	84.2	92.8	98.3	695
PX214699.1	MK875635.1_Nanoglomus_plukenetia	84.1	96.6	90.2	724
PX214699.1	MT832180_Funneliformis_spe	83.9	92.8	98.0	697
PX214699.1	MT832181_Funneliformis_mosseae	83.4	92.8	98.4	694
PX214699.1	AY639162_Funneliformis_mosseae	83.3	99.9	98.5	744
PX214699.1	KJ564146.1_Dominikia_disticha	83.1	96.9	90.0	728
PX214699.1	KJ564151.1_Dominikia_iranica	82.9	96.9	89.8	727
PX214699.1	KJ564166.1_Dominikia_indica	82.9	96.9	90.1	726
PX214701.1	FR750526_Glomus_macrocarpum	98.5	99.7	100.0	735
PX214701.1	FR750539_Glomus_macrocarpum	97.7	99.6	100.0	735
PX214701.1	FR750203_Glomus_spe	93.2	99.5	99.7	737
PX214701.1	FN547496_Funneliformis_caledonius	85.1	99.6	98.4	747
PX214701.1	MT832184_Oehlia_diaphana	84.8	92.0	98.8	693
PX214701.1	FM876794_Funneliformis_coronatus	84.2	99.6	98.4	747
PX214701.1	MT832183_Oehlia_diaphana	83.9	92.0	98.5	695
PX214701.1	FM992391_Rhizophagus_proliferus	83.8	99.2	98.9	743
PX214701.1	MT832182_Funneliformis_mosseae	83.6	92.5	98.3	697
PX214701.1	MT832180_Funneliformis_spe	83.4	92.5	98.0	699
PX214701.1	MK875635.1_Nanoglomus_plukenetia	83.2	96.3	90.2	726
PX214701.1	MT832181_Funneliformis_mosseae	82.9	92.5	98.4	696
PX214701.1	AY639162_Funneliformis_mosseae	82.8	99.6	98.5	746
PX214701.1	KJ564146.1_Dominikia_disticha	82.6	96.6	90.0	730
PX214701.1	KJ564151.1_Dominikia_iranica	82.4	96.6	89.8	729
PX214701.1	KJ564166.1_Dominikia_indica	82.4	96.6	90.1	728
PX214705.1	FR750526_Glomus_macrocarpum	98.5	100.0	99.9	733
PX214705.1	FR750539_Glomus_macrocarpum	97.7	99.9	99.9	733
PX214705.1	FR750203_Glomus_spe	93.2	99.7	99.6	735
PX214705.1	MT832184_Oehlia_diaphana	85.5	92.3	98.8	690
PX214705.1	FN547496_Funneliformis_caledonius	84.8	99.9	98.3	745
PX214705.1	MG710519.1_Microdominikia_litorea	84.5	96.9	90.1	724
PX214705.1	MT832183_Oehlia_diaphana	84.2	92.3	98.5	692
PX214705.1	FM876794_Funneliformis_coronatus	84.0	99.9	98.3	745
PX214705.1	FM992391_Rhizophagus_proliferus	83.5	99.5	98.8	741
PX214705.1	MK875635.1_Nanoglomus_plukenetia	83.5	96.9	90.3	722
PX214705.1	MT832182_Funneliformis_mosseae	83.3	92.8	98.1	695
PX214705.1	MT832181_Funneliformis_mosseae	82.9	92.8	98.3	694
PX214705.1	AY639162_Funneliformis_mosseae	82.8	99.9	98.4	744
PX214705.1	MK875637.1_Nanoglomus_plukenetia	82.8	96.7	90.0	725
PX214705.1	KJ564146.1_Dominikia_disticha	82.4	96.9	89.9	728
PX214705.1	KJ564151.1_Dominikia_iranica	82.3	96.9	89.6	727
PX214703.1	FR750526_Glomus_macrocarpum	98.5	100.0	99.9	733
PX214703.1	FR750539_Glomus_macrocarpum	97.7	99.9	99.9	733
PX214703.1	FR750203_Glomus_spe	93.2	99.7	99.6	735
PX214703.1	MT832184_Oehlia_diaphana	85.5	92.3	98.8	690
PX214703.1	FN547496_Funneliformis_caledonius	84.8	99.9	98.3	745
PX214703.1	MG710519.1_Microdominikia_litorea	84.5	96.9	90.1	724
PX214703.1	MT832183_Oehlia_diaphana	84.2	92.3	98.5	692
PX214703.1	FM876794_Funneliformis_coronatus	84.0	99.9	98.3	745
PX214703.1	FM992391_Rhizophagus_proliferus	83.5	99.5	98.8	741
PX214703.1	MK875635.1_Nanoglomus_plukenetia	83.5	96.9	90.3	722
PX214703.1	MT832182_Funneliformis_mosseae	83.3	92.8	98.1	695
PX214703.1	MT832181_Funneliformis_mosseae	82.9	92.8	98.3	694
PX214703.1	AY639162_Funneliformis_mosseae	82.8	99.9	98.4	744
PX214703.1	MK875637.1_Nanoglomus_plukenetia	82.8	96.7	90.0	725
PX214703.1	KJ564146.1_Dominikia_disticha	82.4	96.9	89.9	728
PX214703.1	KJ564151.1_Dominikia_iranica	82.3	96.9	89.6	727
PX214709.1	FR750526_Glomus_macrocarpum	98.8	100.0	100.0	733
PX214709.1	FR750539_Glomus_macrocarpum	98.0	99.9	100.0	733
PX214709.1	FR750203_Glomus_spe	93.7	99.7	99.7	735
PX214709.1	FN547496_Funneliformis_caledonius	85.6	99.9	98.4	745
PX214709.1	MT832184_Oehlia_diaphana	85.4	92.2	98.8	691
PX214709.1	FM876794_Funneliformis_coronatus	84.7	99.9	98.4	745
PX214709.1	MT832183_Oehlia_diaphana	84.4	92.2	98.5	693
PX214709.1	FM992391_Rhizophagus_proliferus	84.3	99.5	98.9	741
PX214709.1	MT832182_Funneliformis_mosseae	84.2	92.8	98.3	695
PX214709.1	MK875635.1_Nanoglomus_plukenetia	84.1	96.6	90.2	724
PX214709.1	MT832180_Funneliformis_spe	83.9	92.8	98.0	697
PX214709.1	MT832181_Funneliformis_mosseae	83.4	92.8	98.4	694
PX214709.1	AY639162_Funneliformis_mosseae	83.3	99.9	98.5	744
PX214709.1	KJ564146.1_Dominikia_disticha	83.1	96.9	90.0	728
PX214709.1	KJ564151.1_Dominikia_iranica	82.9	96.9	89.8	727
PX214709.1	KJ564166.1_Dominikia_indica	82.9	96.9	90.1	726
PX214708.1	FR750526_Glomus_macrocarpum	97.8	99.9	99.9	734
PX214708.1	FR750539_Glomus_macrocarpum	97.3	99.7	99.9	734
PX214708.1	FR750203_Glomus_spe	92.8	99.6	99.6	736
PX214708.1	MT832184_Oehlia_diaphana	85.5	92.2	98.8	691
PX214708.1	FN547496_Funneliformis_caledonius	85.3	99.7	98.3	746
PX214708.1	MG710519.1_Microdominikia_litorea	84.4	96.7	90.1	725
PX214708.1	MT832183_Oehlia_diaphana	84.3	92.2	98.5	693
PX214708.1	FM876794_Funneliformis_coronatus	84.2	99.7	98.3	746
PX214708.1	MK875635.1_Nanoglomus_plukenetia	84.1	96.6	90.2	724
PX214708.1	FM992391_Rhizophagus_proliferus	84.1	99.3	98.8	742
PX214708.1	MT832182_Funneliformis_mosseae	83.6	92.6	98.1	696
PX214708.1	MT832180_Funneliformis_spe	83.4	92.6	97.8	698
PX214708.1	KJ564146.1_Dominikia_disticha	83.3	96.7	89.9	729
PX214708.1	MT832181_Funneliformis_mosseae	82.9	92.6	98.3	695
PX214708.1	AY639162_Funneliformis_mosseae	82.8	99.7	98.4	745
PX214708.1	KJ564151.1_Dominikia_iranica	82.4	96.7	89.6	728
PX214707.1	FR750526_Glomus_macrocarpum	98.5	100.0	99.9	733
PX214707.1	FR750539_Glomus_macrocarpum	97.7	99.9	99.9	733
PX214707.1	FR750203_Glomus_spe	93.2	99.7	99.6	735
PX214707.1	MT832184_Oehlia_diaphana	85.5	92.3	98.8	690
PX214707.1	FN547496_Funneliformis_caledonius	84.8	99.9	98.3	745
PX214707.1	MG710519.1_Microdominikia_litorea	84.5	96.9	90.1	724
PX214707.1	MT832183_Oehlia_diaphana	84.2	92.3	98.5	692
PX214707.1	FM876794_Funneliformis_coronatus	84.0	99.9	98.3	745
PX214707.1	FM992391_Rhizophagus_proliferus	83.5	99.5	98.8	741
PX214707.1	MK875635.1_Nanoglomus_plukenetia	83.5	96.9	90.3	722
PX214707.1	MT832182_Funneliformis_mosseae	83.3	92.8	98.1	695
PX214707.1	MT832181_Funneliformis_mosseae	82.9	92.8	98.3	694
PX214707.1	AY639162_Funneliformis_mosseae	82.8	99.9	98.4	744
PX214707.1	MK875637.1_Nanoglomus_plukenetia	82.8	96.7	90.0	725
PX214707.1	KJ564146.1_Dominikia_disticha	82.4	96.9	89.9	728
PX214707.1	KJ564151.1_Dominikia_iranica	82.3	96.9	89.6	727
PX214711.1	FR750526_Glomus_macrocarpum	98.6	100.0	100.0	733
PX214711.1	FR750539_Glomus_macrocarpum	97.8	99.9	100.0	733
PX214711.1	FR750203_Glomus_spe	93.7	99.7	99.7	735
PX214711.1	FN547496_Funneliformis_caledonius	85.6	99.9	98.4	745
PX214711.1	MT832184_Oehlia_diaphana	85.4	92.2	98.8	691
PX214711.1	FM876794_Funneliformis_coronatus	84.7	99.9	98.4	745
PX214711.1	MT832183_Oehlia_diaphana	84.4	92.2	98.5	693
PX214711.1	FM992391_Rhizophagus_proliferus	84.3	99.5	98.9	741
PX214711.1	MT832182_Funneliformis_mosseae	84.2	92.8	98.3	695
PX214711.1	MK875635.1_Nanoglomus_plukenetia	84.1	96.6	90.2	724
PX214711.1	MT832180_Funneliformis_spe	83.9	92.8	98.0	697
PX214711.1	MT832181_Funneliformis_mosseae	83.4	92.8	98.4	694
PX214711.1	AY639162_Funneliformis_mosseae	83.3	99.9	98.5	744
PX214711.1	KJ564146.1_Dominikia_disticha	83.1	96.9	90.0	728
PX214711.1	KJ564151.1_Dominikia_iranica	82.9	96.9	89.8	727
PX214711.1	KJ564166.1_Dominikia_indica	82.9	96.9	90.1	726
PX214706.1	FR750526_Glomus_macrocarpum	98.5	100.0	99.9	733
PX214706.1	FR750539_Glomus_macrocarpum	97.7	99.9	99.9	733
PX214706.1	FR750203_Glomus_spe	93.2	99.7	99.6	735
PX214706.1	MT832184_Oehlia_diaphana	85.5	92.3	98.8	690
PX214706.1	FN547496_Funneliformis_caledonius	84.8	99.9	98.3	745
PX214706.1	MG710519.1_Microdominikia_litorea	84.5	96.9	90.1	724
PX214706.1	MT832183_Oehlia_diaphana	84.2	92.3	98.5	692
PX214706.1	FM876794_Funneliformis_coronatus	84.0	99.9	98.3	745
PX214706.1	FM992391_Rhizophagus_proliferus	83.5	99.5	98.8	741
PX214706.1	MK875635.1_Nanoglomus_plukenetia	83.5	96.9	90.3	722
PX214706.1	MT832182_Funneliformis_mosseae	83.3	92.8	98.1	695
PX214706.1	MT832181_Funneliformis_mosseae	82.9	92.8	98.3	694
PX214706.1	AY639162_Funneliformis_mosseae	82.8	99.9	98.4	744
PX214706.1	MK875637.1_Nanoglomus_plukenetia	82.8	96.7	90.0	725
PX214706.1	KJ564146.1_Dominikia_disticha	82.4	96.9	89.9	728
PX214706.1	KJ564151.1_Dominikia_iranica	82.3	96.9	89.6	727
PX214704.1	FR750526_Glomus_macrocarpum	98.5	100.0	99.9	733
PX214704.1	FR750539_Glomus_macrocarpum	97.7	99.9	99.9	733
PX214704.1	FR750203_Glomus_spe	93.2	99.7	99.6	735
PX214704.1	MT832184_Oehlia_diaphana	85.5	92.3	98.8	690
PX214704.1	FN547496_Funneliformis_caledonius	84.8	99.9	98.3	745
PX214704.1	MG710519.1_Microdominikia_litorea	84.5	96.9	90.1	724
PX214704.1	MT832183_Oehlia_diaphana	84.2	92.3	98.5	692
PX214704.1	FM876794_Funneliformis_coronatus	84.0	99.9	98.3	745
PX214704.1	FM992391_Rhizophagus_proliferus	83.5	99.5	98.8	741
PX214704.1	MK875635.1_Nanoglomus_plukenetia	83.5	96.9	90.3	722
PX214704.1	MT832182_Funneliformis_mosseae	83.3	92.8	98.1	695
PX214704.1	MT832181_Funneliformis_mosseae	82.9	92.8	98.3	694
PX214704.1	AY639162_Funneliformis_mosseae	82.8	99.9	98.4	744
PX214704.1	MK875637.1_Nanoglomus_plukenetia	82.8	96.7	90.0	725
PX214704.1	KJ564146.1_Dominikia_disticha	82.4	96.9	89.9	728
PX214704.1	KJ564151.1_Dominikia_iranica	82.3	96.9	89.6	727
PX214710.1	FR750526_Glomus_macrocarpum	98.6	100.0	100.0	733
PX214710.1	FR750539_Glomus_macrocarpum	97.8	99.9	100.0	733
PX214710.1	FR750203_Glomus_spe	93.7	99.7	99.7	735
PX214710.1	FN547496_Funneliformis_caledonius	85.6	99.9	98.4	745
PX214710.1	MT832184_Oehlia_diaphana	85.4	92.2	98.8	691
PX214710.1	FM876794_Funneliformis_coronatus	84.7	99.9	98.4	745
PX214710.1	MT832183_Oehlia_diaphana	84.4	92.2	98.5	693
PX214710.1	FM992391_Rhizophagus_proliferus	84.3	99.5	98.9	741
PX214710.1	MT832182_Funneliformis_mosseae	84.2	92.8	98.3	695
PX214710.1	MK875635.1_Nanoglomus_plukenetia	84.1	96.6	90.2	724
PX214710.1	MT832180_Funneliformis_spe	83.9	92.8	98.0	697
PX214710.1	MT832181_Funneliformis_mosseae	83.4	92.8	98.4	694
PX214710.1	AY639162_Funneliformis_mosseae	83.3	99.9	98.5	744
PX214710.1	KJ564146.1_Dominikia_disticha	83.1	96.9	90.0	728
PX214710.1	KJ564151.1_Dominikia_iranica	82.9	96.9	89.8	727
PX214710.1	KJ564166.1_Dominikia_indica	82.9	96.9	90.1	726
PX214712.1	FR750526_Glomus_macrocarpum	98.6	100.0	100.0	733
PX214712.1	FR750539_Glomus_macrocarpum	97.8	99.9	100.0	733
PX214712.1	FR750203_Glomus_spe	93.7	99.7	99.7	735
PX214712.1	FN547496_Funneliformis_caledonius	85.6	99.9	98.4	745
PX214712.1	MT832184_Oehlia_diaphana	85.4	92.2	98.8	691
PX214712.1	FM876794_Funneliformis_coronatus	84.7	99.9	98.4	745
PX214712.1	MT832183_Oehlia_diaphana	84.4	92.2	98.5	693
PX214712.1	FM992391_Rhizophagus_proliferus	84.3	99.5	98.9	741
PX214712.1	MT832182_Funneliformis_mosseae	84.2	92.8	98.3	695
PX214712.1	MK875635.1_Nanoglomus_plukenetia	84.1	96.6	90.2	724
PX214712.1	MT832180_Funneliformis_spe	83.9	92.8	98.0	697
PX214712.1	MT832181_Funneliformis_mosseae	83.4	92.8	98.4	694
PX214712.1	AY639162_Funneliformis_mosseae	83.3	99.9	98.5	744
PX214712.1	KJ564146.1_Dominikia_disticha	83.1	96.9	90.0	728
PX214712.1	KJ564151.1_Dominikia_iranica	82.9	96.9	89.8	727
PX214712.1	KJ564166.1_Dominikia_indica	82.9	96.9	90.1	726
PX214713.1	FR750526_Glomus_macrocarpum	98.5	100.0	100.0	733
PX214713.1	FR750539_Glomus_macrocarpum	98.0	99.9	100.0	733
PX214713.1	FR750203_Glomus_spe	93.6	99.7	99.7	735
PX214713.1	FN547496_Funneliformis_caledonius	85.6	99.9	98.4	745
PX214713.1	MT832184_Oehlia_diaphana	85.4	92.2	98.8	691
PX214713.1	FM876794_Funneliformis_coronatus	84.7	99.9	98.4	745
PX214713.1	FM992391_Rhizophagus_proliferus	84.5	99.5	98.9	741
PX214713.1	MT832183_Oehlia_diaphana	84.4	92.2	98.5	693
PX214713.1	MT832182_Funneliformis_mosseae	84.2	92.8	98.3	695
PX214713.1	MK875635.1_Nanoglomus_plukenetia	84.1	96.6	90.2	724
PX214713.1	MT832180_Funneliformis_spe	83.8	92.8	98.0	697
PX214713.1	KJ564146.1_Dominikia_disticha	83.7	96.9	90.0	728
PX214713.1	MT832181_Funneliformis_mosseae	83.4	92.8	98.4	694
PX214713.1	AY639162_Funneliformis_mosseae	83.3	99.9	98.5	744
PX214713.1	KJ564166.1_Dominikia_indica	82.9	96.9	90.1	726
PX214713.1	KJ564151.1_Dominikia_iranica	82.8	96.9	89.8	727
PX214715.1	FR750526_Glomus_macrocarpum	98.2	100.0	100.0	733
PX214715.1	FR750539_Glomus_macrocarpum	97.7	99.9	100.0	733
PX214715.1	FR750203_Glomus_spe	93.5	99.7	99.7	735
PX214715.1	MT832184_Oehlia_diaphana	86.0	92.2	98.8	691
PX214715.1	FN547496_Funneliformis_caledonius	85.5	99.9	98.4	745
PX214715.1	MT832183_Oehlia_diaphana	84.7	92.2	98.5	693
PX214715.1	FM876794_Funneliformis_coronatus	84.4	99.9	98.4	745
PX214715.1	FM992391_Rhizophagus_proliferus	84.3	99.5	98.9	741
PX214715.1	MT832182_Funneliformis_mosseae	83.7	92.8	98.3	695
PX214715.1	KJ564146.1_Dominikia_disticha	83.7	96.9	90.0	728
PX214715.1	MT832180_Funneliformis_spe	83.6	92.8	98.0	697
PX214715.1	AY639162_Funneliformis_mosseae	83.5	99.9	98.5	744
PX214715.1	MT832181_Funneliformis_mosseae	83.3	92.8	98.4	694
PX214715.1	KJ564165.2_Dominikia_minuta	83.1	96.9	89.9	726
PX214715.1	KJ564166.1_Dominikia_indica	82.9	96.9	90.1	726
PX214715.1	KJ564151.1_Dominikia_iranica	82.8	96.9	89.8	727
PX214716.1	FR750526_Glomus_macrocarpum	98.2	100.0	100.0	733
PX214716.1	FR750539_Glomus_macrocarpum	97.7	99.9	100.0	733
PX214716.1	FR750203_Glomus_spe	93.5	99.7	99.7	735
PX214716.1	MT832184_Oehlia_diaphana	86.0	92.2	98.8	691
PX214716.1	FN547496_Funneliformis_caledonius	85.5	99.9	98.4	745
PX214716.1	MT832183_Oehlia_diaphana	84.7	92.2	98.5	693
PX214716.1	FM876794_Funneliformis_coronatus	84.4	99.9	98.4	745
PX214716.1	FM992391_Rhizophagus_proliferus	84.3	99.5	98.9	741
PX214716.1	MT832182_Funneliformis_mosseae	83.7	92.8	98.3	695
PX214716.1	KJ564146.1_Dominikia_disticha	83.7	96.9	90.0	728
PX214716.1	MT832180_Funneliformis_spe	83.6	92.8	98.0	697
PX214716.1	AY639162_Funneliformis_mosseae	83.5	99.9	98.5	744
PX214716.1	MT832181_Funneliformis_mosseae	83.3	92.8	98.4	694
PX214716.1	KJ564165.2_Dominikia_minuta	83.1	96.9	89.9	726
PX214716.1	KJ564166.1_Dominikia_indica	82.9	96.9	90.1	726
PX214716.1	KJ564151.1_Dominikia_iranica	82.8	96.9	89.8	727
PX214714.1	FR750526_Glomus_macrocarpum	97.7	100.0	99.9	733
PX214714.1	FR750539_Glomus_macrocarpum	97.1	99.9	99.9	733
PX214714.1	FR750203_Glomus_spe	92.8	99.7	99.6	735
PX214714.1	MT832184_Oehlia_diaphana	85.7	92.3	98.8	690
PX214714.1	FN547496_Funneliformis_caledonius	85.4	99.9	98.3	745
PX214714.1	MG710519.1_Microdominikia_litorea	84.5	96.9	90.1	724
PX214714.1	MT832183_Oehlia_diaphana	84.4	92.3	98.5	692
PX214714.1	FM992391_Rhizophagus_proliferus	84.2	99.5	98.8	741
PX214714.1	FM876794_Funneliformis_coronatus	84.2	99.9	98.3	745
PX214714.1	MK875635.1_Nanoglomus_plukenetia	84.1	96.7	90.2	723
PX214714.1	MT832182_Funneliformis_mosseae	83.6	92.8	98.1	695
PX214714.1	KJ564146.1_Dominikia_disticha	83.4	96.9	89.9	728
PX214714.1	AY639162_Funneliformis_mosseae	82.9	99.9	98.4	744
PX214714.1	MT832181_Funneliformis_mosseae	82.9	92.8	98.3	694
PX214714.1	KJ564166.1_Dominikia_indica	82.6	96.9	90.0	726
PX214714.1	KJ564151.1_Dominikia_iranica	82.5	96.9	89.6	727
PX214719.1	FR750526_Glomus_macrocarpum	98.0	100.0	99.9	733
PX214719.1	FR750539_Glomus_macrocarpum	97.4	99.9	99.9	733
PX214719.1	FR750203_Glomus_spe	93.2	99.7	99.6	735
PX214719.1	MT832184_Oehlia_diaphana	85.8	92.3	98.8	690
PX214719.1	FN547496_Funneliformis_caledonius	85.1	99.9	98.3	745
PX214719.1	MG710519.1_Microdominikia_litorea	84.7	96.9	90.1	724
PX214719.1	MT832183_Oehlia_diaphana	84.5	92.3	98.5	692
PX214719.1	MK875635.1_Nanoglomus_plukenetia	84.2	96.7	90.2	723
PX214719.1	FM876794_Funneliformis_coronatus	84.2	99.9	98.3	745
PX214719.1	FM992391_Rhizophagus_proliferus	84.1	99.5	98.8	741
PX214719.1	MT832182_Funneliformis_mosseae	83.6	92.8	98.1	695
PX214719.1	MK875637.1_Nanoglomus_plukenetia	83.2	96.7	90.0	725
PX214719.1	MT832181_Funneliformis_mosseae	82.9	92.8	98.3	694
PX214719.1	AY639162_Funneliformis_mosseae	82.8	99.9	98.4	744
PX214719.1	KJ564166.1_Dominikia_indica	82.5	96.9	90.0	726
PX214719.1	KJ564151.1_Dominikia_iranica	82.4	96.9	89.6	727
PX214717.1	FR750526_Glomus_macrocarpum	98.2	100.0	100.0	733
PX214717.1	FR750539_Glomus_macrocarpum	97.7	99.9	100.0	733
PX214717.1	FR750203_Glomus_spe	93.5	99.7	99.7	735
PX214717.1	MT832184_Oehlia_diaphana	86.0	92.2	98.8	691
PX214717.1	FN547496_Funneliformis_caledonius	85.5	99.9	98.4	745
PX214717.1	MT832183_Oehlia_diaphana	84.7	92.2	98.5	693
PX214717.1	FM876794_Funneliformis_coronatus	84.4	99.9	98.4	745
PX214717.1	FM992391_Rhizophagus_proliferus	84.3	99.5	98.9	741
PX214717.1	MT832182_Funneliformis_mosseae	83.7	92.8	98.3	695
PX214717.1	KJ564146.1_Dominikia_disticha	83.7	96.9	90.0	728
PX214717.1	MT832180_Funneliformis_spe	83.6	92.8	98.0	697
PX214717.1	AY639162_Funneliformis_mosseae	83.5	99.9	98.5	744
PX214717.1	MT832181_Funneliformis_mosseae	83.3	92.8	98.4	694
PX214717.1	KJ564165.2_Dominikia_minuta	83.1	96.9	89.9	726
PX214717.1	KJ564166.1_Dominikia_indica	82.9	96.9	90.1	726
PX214717.1	KJ564151.1_Dominikia_iranica	82.8	96.9	89.8	727
PX214721.1	FR750526_Glomus_macrocarpum	97.7	99.9	99.7	734
PX214721.1	FR750539_Glomus_macrocarpum	97.1	99.7	99.7	734
PX214721.1	FR750203_Glomus_spe	92.2	99.7	99.6	735
PX214721.1	MT832184_Oehlia_diaphana	85.5	92.3	98.8	690
PX214721.1	FN547496_Funneliformis_caledonius	84.8	99.9	98.3	745
PX214721.1	MT832183_Oehlia_diaphana	84.2	92.3	98.5	692
PX214721.1	MG710519.1_Microdominikia_litorea	84.1	96.9	90.1	724
PX214721.1	FM992391_Rhizophagus_proliferus	84.1	99.3	98.6	742
PX214721.1	FM876794_Funneliformis_coronatus	83.8	99.9	98.3	745
PX214721.1	MK875635.1_Nanoglomus_plukenetia	83.4	96.7	90.2	723
PX214721.1	KJ564146.1_Dominikia_disticha	83.1	96.7	89.7	729
PX214721.1	MT832182_Funneliformis_mosseae	82.7	92.8	98.1	695
PX214721.1	AY639162_Funneliformis_mosseae	82.5	99.9	98.4	744
PX214721.1	KJ564166.1_Dominikia_indica	82.4	96.7	89.8	727
PX214721.1	KJ564151.1_Dominikia_iranica	82.3	96.7	89.5	728
PX214721.1	MT832181_Funneliformis_mosseae	82.3	92.8	98.3	694
PX214720.1	FR750526_Glomus_macrocarpum	98.0	100.0	99.9	733
PX214720.1	FR750539_Glomus_macrocarpum	97.4	99.9	99.9	733
PX214720.1	FR750203_Glomus_spe	93.2	99.7	99.6	735
PX214720.1	MT832184_Oehlia_diaphana	85.8	92.3	98.8	690
PX214720.1	FN547496_Funneliformis_caledonius	85.1	99.9	98.3	745
PX214720.1	MG710519.1_Microdominikia_litorea	84.7	96.9	90.1	724
PX214720.1	MT832183_Oehlia_diaphana	84.5	92.3	98.5	692
PX214720.1	MK875635.1_Nanoglomus_plukenetia	84.2	96.7	90.2	723
PX214720.1	FM876794_Funneliformis_coronatus	84.2	99.9	98.3	745
PX214720.1	FM992391_Rhizophagus_proliferus	84.1	99.5	98.8	741
PX214720.1	MT832182_Funneliformis_mosseae	83.6	92.8	98.1	695
PX214720.1	MK875637.1_Nanoglomus_plukenetia	83.2	96.7	90.0	725
PX214720.1	MT832181_Funneliformis_mosseae	82.9	92.8	98.3	694
PX214720.1	AY639162_Funneliformis_mosseae	82.8	99.9	98.4	744
PX214720.1	KJ564166.1_Dominikia_indica	82.5	96.9	90.0	726
PX214720.1	KJ564151.1_Dominikia_iranica	82.4	96.9	89.6	727
PX214722.1	FR750526_Glomus_macrocarpum	97.3	100.0	99.9	733
PX214722.1	FR750539_Glomus_macrocarpum	96.7	99.9	99.9	733
PX214722.1	FR750203_Glomus_spe	92.8	99.7	99.6	735
PX214722.1	FN547496_Funneliformis_caledonius	85.5	99.9	98.3	745
PX214722.1	MT832184_Oehlia_diaphana	85.4	92.3	98.8	690
PX214722.1	MG710519.1_Microdominikia_litorea	84.5	96.9	90.1	724
PX214722.1	FM876794_Funneliformis_coronatus	84.3	99.9	98.3	745
PX214722.1	MT832183_Oehlia_diaphana	84.1	92.3	98.5	692
PX214722.1	MK875635.1_Nanoglomus_plukenetia	84.1	96.7	90.2	723
PX214722.1	FM992391_Rhizophagus_proliferus	83.9	99.5	98.8	741
PX214722.1	MT832182_Funneliformis_mosseae	83.7	92.8	98.1	695
PX214722.1	MT832180_Funneliformis_spe	83.6	92.8	97.8	697
PX214722.1	MT832178_Septoglomus_deserticola	83.1	92.1	97.8	697
PX214722.1	AY639162_Funneliformis_mosseae	83.1	99.9	98.4	744
PX214722.1	MT832181_Funneliformis_mosseae	83.0	92.8	98.3	694
PX214722.1	KJ564151.1_Dominikia_iranica	82.3	96.9	89.6	727
PX214718.1	FR750526_Glomus_macrocarpum	98.0	100.0	99.9	733
PX214718.1	FR750539_Glomus_macrocarpum	97.4	99.9	99.9	733
PX214718.1	FR750203_Glomus_spe	93.2	99.7	99.6	735
PX214718.1	MT832184_Oehlia_diaphana	85.8	92.3	98.8	690
PX214718.1	FN547496_Funneliformis_caledonius	85.1	99.9	98.3	745
PX214718.1	MG710519.1_Microdominikia_litorea	84.7	96.9	90.1	724
PX214718.1	MT832183_Oehlia_diaphana	84.5	92.3	98.5	692
PX214718.1	MK875635.1_Nanoglomus_plukenetia	84.2	96.7	90.2	723
PX214718.1	FM876794_Funneliformis_coronatus	84.2	99.9	98.3	745
PX214718.1	FM992391_Rhizophagus_proliferus	84.1	99.5	98.8	741
PX214718.1	MT832182_Funneliformis_mosseae	83.6	92.8	98.1	695
PX214718.1	MK875637.1_Nanoglomus_plukenetia	83.2	96.7	90.0	725
PX214718.1	MT832181_Funneliformis_mosseae	82.9	92.8	98.3	694
PX214718.1	AY639162_Funneliformis_mosseae	82.8	99.9	98.4	744
PX214718.1	KJ564166.1_Dominikia_indica	82.5	96.9	90.0	726
PX214718.1	KJ564151.1_Dominikia_iranica	82.4	96.9	89.6	727
PX214723.1	FR750526_Glomus_macrocarpum	97.3	100.0	99.9	733
PX214723.1	FR750539_Glomus_macrocarpum	96.7	99.9	99.9	733
PX214723.1	FR750203_Glomus_spe	92.8	99.7	99.6	735
PX214723.1	FN547496_Funneliformis_caledonius	85.5	99.9	98.3	745
PX214723.1	MT832184_Oehlia_diaphana	85.4	92.3	98.8	690
PX214723.1	MG710519.1_Microdominikia_litorea	84.5	96.9	90.1	724
PX214723.1	FM876794_Funneliformis_coronatus	84.3	99.9	98.3	745
PX214723.1	MT832183_Oehlia_diaphana	84.1	92.3	98.5	692
PX214723.1	MK875635.1_Nanoglomus_plukenetia	84.1	96.7	90.2	723
PX214723.1	FM992391_Rhizophagus_proliferus	83.9	99.5	98.8	741
PX214723.1	MT832182_Funneliformis_mosseae	83.7	92.8	98.1	695
PX214723.1	MT832180_Funneliformis_spe	83.6	92.8	97.8	697
PX214723.1	MT832178_Septoglomus_deserticola	83.1	92.1	97.8	697
PX214723.1	AY639162_Funneliformis_mosseae	83.1	99.9	98.4	744
PX214723.1	MT832181_Funneliformis_mosseae	83.0	92.8	98.3	694
PX214723.1	KJ564151.1_Dominikia_iranica	82.3	96.9	89.6	727
PX214724.1	FR750526_Glomus_macrocarpum	97.3	100.0	99.9	733
PX214724.1	FR750539_Glomus_macrocarpum	96.7	99.9	99.9	733
PX214724.1	FR750203_Glomus_spe	92.8	99.7	99.6	735
PX214724.1	FN547496_Funneliformis_caledonius	85.5	99.9	98.3	745
PX214724.1	MT832184_Oehlia_diaphana	85.4	92.3	98.8	690
PX214724.1	MG710519.1_Microdominikia_litorea	84.5	96.9	90.1	724
PX214724.1	FM876794_Funneliformis_coronatus	84.3	99.9	98.3	745
PX214724.1	MT832183_Oehlia_diaphana	84.1	92.3	98.5	692
PX214724.1	MK875635.1_Nanoglomus_plukenetia	84.1	96.7	90.2	723
PX214724.1	FM992391_Rhizophagus_proliferus	83.9	99.5	98.8	741
PX214724.1	MT832182_Funneliformis_mosseae	83.7	92.8	98.1	695
PX214724.1	MT832180_Funneliformis_spe	83.6	92.8	97.8	697
PX214724.1	MT832178_Septoglomus_deserticola	83.1	92.1	97.8	697
PX214724.1	AY639162_Funneliformis_mosseae	83.1	99.9	98.4	744
PX214724.1	MT832181_Funneliformis_mosseae	83.0	92.8	98.3	694
PX214724.1	KJ564151.1_Dominikia_iranica	82.3	96.9	89.6	727
PX214730.1	FR750526_Glomus_macrocarpum	98.5	100.0	100.0	733
PX214730.1	FR750539_Glomus_macrocarpum	98.0	99.9	100.0	733
PX214730.1	FR750203_Glomus_spe	93.6	99.7	99.7	735
PX214730.1	FN547496_Funneliformis_caledonius	85.6	99.9	98.4	745
PX214730.1	MT832184_Oehlia_diaphana	85.4	92.2	98.8	691
PX214730.1	FM876794_Funneliformis_coronatus	84.7	99.9	98.4	745
PX214730.1	FM992391_Rhizophagus_proliferus	84.5	99.5	98.9	741
PX214730.1	MT832183_Oehlia_diaphana	84.4	92.2	98.5	693
PX214730.1	MT832182_Funneliformis_mosseae	84.2	92.8	98.3	695
PX214730.1	MK875635.1_Nanoglomus_plukenetia	84.1	96.6	90.2	724
PX214730.1	MT832180_Funneliformis_spe	83.8	92.8	98.0	697
PX214730.1	KJ564146.1_Dominikia_disticha	83.7	96.9	90.0	728
PX214730.1	MT832181_Funneliformis_mosseae	83.4	92.8	98.4	694
PX214730.1	AY639162_Funneliformis_mosseae	83.3	99.9	98.5	744
PX214730.1	KJ564166.1_Dominikia_indica	82.9	96.9	90.1	726
PX214730.1	KJ564151.1_Dominikia_iranica	82.8	96.9	89.8	727
PX214731.1	FR750526_Glomus_macrocarpum	97.8	100.0	99.9	733
PX214731.1	FR750539_Glomus_macrocarpum	97.3	99.9	99.9	733
PX214731.1	FR750203_Glomus_spe	93.2	99.7	99.6	735
PX214731.1	MT832184_Oehlia_diaphana	85.8	92.3	98.8	690
PX214731.1	FN547496_Funneliformis_caledonius	85.1	99.9	98.3	745
PX214731.1	MG710519.1_Microdominikia_litorea	84.7	96.9	90.1	724
PX214731.1	MT832183_Oehlia_diaphana	84.5	92.3	98.5	692
PX214731.1	MK875635.1_Nanoglomus_plukenetia	84.2	96.7	90.2	723
PX214731.1	FM876794_Funneliformis_coronatus	84.2	99.9	98.3	745
PX214731.1	FM992391_Rhizophagus_proliferus	84.1	99.5	98.8	741
PX214731.1	MT832182_Funneliformis_mosseae	83.6	92.8	98.1	695
PX214731.1	MT832180_Funneliformis_spe	83.2	92.8	97.8	697
PX214731.1	MK875637.1_Nanoglomus_plukenetia	83.2	96.7	90.0	725
PX214731.1	MT832181_Funneliformis_mosseae	82.9	92.8	98.3	694
PX214731.1	AY639162_Funneliformis_mosseae	82.8	99.9	98.4	744
PX214731.1	KJ564151.1_Dominikia_iranica	82.4	96.9	89.6	727
PX214725.1	FR750526_Glomus_macrocarpum	97.5	100.0	99.9	733
PX214725.1	FR750539_Glomus_macrocarpum	97.0	99.9	99.9	733
PX214725.1	FR750203_Glomus_spe	93.1	99.7	99.6	735
PX214725.1	MT832184_Oehlia_diaphana	85.7	92.3	98.8	690
PX214725.1	FN547496_Funneliformis_caledonius	85.5	99.9	98.3	745
PX214725.1	MG710519.1_Microdominikia_litorea	84.5	96.9	90.1	724
PX214725.1	MT832183_Oehlia_diaphana	84.4	92.3	98.5	692
PX214725.1	FM876794_Funneliformis_coronatus	84.3	99.9	98.3	745
PX214725.1	FM992391_Rhizophagus_proliferus	84.2	99.5	98.8	741
PX214725.1	MT832182_Funneliformis_mosseae	83.7	92.8	98.1	695
PX214725.1	MT832180_Funneliformis_spe	83.6	92.8	97.8	697
PX214725.1	KJ564146.1_Dominikia_disticha	83.4	96.9	89.9	728
PX214725.1	AY639162_Funneliformis_mosseae	83.1	99.9	98.4	744
PX214725.1	MT832181_Funneliformis_mosseae	83.0	92.8	98.3	694
PX214725.1	KJ564166.1_Dominikia_indica	82.6	96.9	90.0	726
PX214725.1	KJ564151.1_Dominikia_iranica	82.5	96.9	89.6	727
PX214728.1	FR750526_Glomus_macrocarpum	97.8	100.0	99.9	733
PX214728.1	FR750539_Glomus_macrocarpum	96.7	99.9	99.9	733
PX214728.1	FR750203_Glomus_spe	92.5	99.7	99.6	735
PX214728.1	MT832184_Oehlia_diaphana	85.9	92.3	98.8	690
PX214728.1	FN547496_Funneliformis_caledonius	85.8	99.9	98.3	745
PX214728.1	MT832183_Oehlia_diaphana	84.7	92.3	98.5	692
PX214728.1	FM876794_Funneliformis_coronatus	84.6	99.9	98.3	745
PX214728.1	MG710519.1_Microdominikia_litorea	84.5	96.9	90.1	724
PX214728.1	MK875635.1_Nanoglomus_plukenetia	84.4	96.7	90.2	723
PX214728.1	MT832182_Funneliformis_mosseae	84.0	92.8	98.1	695
PX214728.1	FM992391_Rhizophagus_proliferus	83.9	99.5	98.8	741
PX214728.1	MT832180_Funneliformis_spe	83.9	92.8	97.8	697
PX214728.1	KJ564146.1_Dominikia_disticha	83.4	96.9	89.9	728
PX214728.1	AY639162_Funneliformis_mosseae	83.3	99.9	98.4	744
PX214728.1	MT832181_Funneliformis_mosseae	83.3	92.8	98.3	694
PX214728.1	KJ564166.1_Dominikia_indica	82.6	96.9	90.0	726
PX214727.1	FR750526_Glomus_macrocarpum	97.8	100.0	99.9	733
PX214727.1	FR750539_Glomus_macrocarpum	96.7	99.9	99.9	733
PX214727.1	FR750203_Glomus_spe	92.5	99.7	99.6	735
PX214727.1	MT832184_Oehlia_diaphana	85.9	92.3	98.8	690
PX214727.1	FN547496_Funneliformis_caledonius	85.8	99.9	98.3	745
PX214727.1	MT832183_Oehlia_diaphana	84.7	92.3	98.5	692
PX214727.1	FM876794_Funneliformis_coronatus	84.6	99.9	98.3	745
PX214727.1	MG710519.1_Microdominikia_litorea	84.5	96.9	90.1	724
PX214727.1	MK875635.1_Nanoglomus_plukenetia	84.4	96.7	90.2	723
PX214727.1	MT832182_Funneliformis_mosseae	84.0	92.8	98.1	695
PX214727.1	FM992391_Rhizophagus_proliferus	83.9	99.5	98.8	741
PX214727.1	MT832180_Funneliformis_spe	83.9	92.8	97.8	697
PX214727.1	KJ564146.1_Dominikia_disticha	83.4	96.9	89.9	728
PX214727.1	AY639162_Funneliformis_mosseae	83.3	99.9	98.4	744
PX214727.1	MT832181_Funneliformis_mosseae	83.3	92.8	98.3	694
PX214727.1	KJ564166.1_Dominikia_indica	82.6	96.9	90.0	726
PX214729.1	FR750526_Glomus_macrocarpum	97.8	99.9	99.9	734
PX214729.1	FR750539_Glomus_macrocarpum	97.3	99.7	99.9	734
PX214729.1	FR750203_Glomus_spe	92.7	99.6	99.6	736
PX214729.1	MT832184_Oehlia_diaphana	85.5	92.4	99.0	690
PX214729.1	FN547496_Funneliformis_caledonius	85.1	99.7	98.3	746
PX214729.1	MG710519.1_Microdominikia_litorea	84.7	96.7	90.1	725
PX214729.1	MT832183_Oehlia_diaphana	84.5	92.4	98.7	692
PX214729.1	FM992391_Rhizophagus_proliferus	84.2	99.3	98.8	742
PX214729.1	MK875635.1_Nanoglomus_plukenetia	84.1	96.6	90.2	724
PX214729.1	FM876794_Funneliformis_coronatus	83.8	99.9	98.4	745
PX214729.1	MT832182_Funneliformis_mosseae	83.5	92.6	98.1	696
PX214729.1	KJ564146.1_Dominikia_disticha	83.1	96.9	90.0	728
PX214729.1	MT832181_Funneliformis_mosseae	82.6	92.8	98.4	694
PX214729.1	KJ564151.1_Dominikia_iranica	82.6	96.7	89.6	728
PX214729.1	AY639162_Funneliformis_mosseae	82.5	99.9	98.5	744
PX214729.1	KJ564166.1_Dominikia_indica	82.4	96.9	90.1	726
PX214733.1	FR750526_Glomus_macrocarpum	97.5	100.0	100.0	733
PX214733.1	FR750539_Glomus_macrocarpum	97.0	99.9	100.0	733
PX214733.1	FR750203_Glomus_spe	92.9	99.7	99.7	735
PX214733.1	FN547496_Funneliformis_caledonius	85.6	99.9	98.4	745
PX214733.1	MT832184_Oehlia_diaphana	85.5	92.2	98.8	691
PX214733.1	MT832183_Oehlia_diaphana	84.6	92.2	98.5	693
PX214733.1	MK875635.1_Nanoglomus_plukenetia	84.5	96.6	90.2	724
PX214733.1	FM876794_Funneliformis_coronatus	84.4	99.9	98.4	745
PX214733.1	FM992391_Rhizophagus_proliferus	84.3	99.5	98.9	741
PX214733.1	MT832182_Funneliformis_mosseae	83.9	92.8	98.3	695
PX214733.1	MT832180_Funneliformis_spe	83.8	92.8	98.0	697
PX214733.1	KJ564146.1_Dominikia_disticha	83.5	96.9	90.0	728
PX214733.1	AY639162_Funneliformis_mosseae	83.2	99.9	98.5	744
PX214733.1	MT832181_Funneliformis_mosseae	83.1	92.8	98.4	694
PX214733.1	KJ564166.1_Dominikia_indica	82.8	96.9	90.1	726
PX214733.1	KJ564151.1_Dominikia_iranica	82.7	96.9	89.8	727
PX214726.1	FR750526_Glomus_macrocarpum	97.4	100.0	99.9	733
PX214726.1	FR750539_Glomus_macrocarpum	96.9	99.9	99.9	733
PX214726.1	FR750203_Glomus_spe	92.9	99.7	99.6	735
PX214726.1	MT832184_Oehlia_diaphana	85.5	92.3	98.8	690
PX214726.1	FN547496_Funneliformis_caledonius	85.4	99.9	98.3	745
PX214726.1	MG710519.1_Microdominikia_litorea	84.4	96.9	90.1	724
PX214726.1	MT832183_Oehlia_diaphana	84.2	92.3	98.5	692
PX214726.1	FM876794_Funneliformis_coronatus	84.2	99.9	98.3	745
PX214726.1	FM992391_Rhizophagus_proliferus	84.1	99.5	98.8	741
PX214726.1	MK875635.1_Nanoglomus_plukenetia	84.0	96.7	90.2	723
PX214726.1	MT832182_Funneliformis_mosseae	83.6	92.8	98.1	695
PX214726.1	MT832180_Funneliformis_spe	83.5	92.8	97.8	697
PX214726.1	AY639162_Funneliformis_mosseae	82.9	99.9	98.4	744
PX214726.1	MK875637.1_Nanoglomus_plukenetia	82.9	96.7	90.0	725
PX214726.1	MT832181_Funneliformis_mosseae	82.9	92.8	98.3	694
PX214726.1	KJ564151.1_Dominikia_iranica	82.4	96.9	89.6	727
PX214735.1	FR750526_Glomus_macrocarpum	97.8	99.9	99.9	734
PX214735.1	FR750539_Glomus_macrocarpum	96.7	99.7	99.9	734
PX214735.1	FR750203_Glomus_spe	93.1	99.6	99.6	736
PX214735.1	MT832184_Oehlia_diaphana	85.5	92.2	98.8	691
PX214735.1	FN547496_Funneliformis_caledonius	84.9	99.7	98.3	746
PX214735.1	MG710519.1_Microdominikia_litorea	84.6	96.7	90.1	725
PX214735.1	MT832183_Oehlia_diaphana	84.3	92.2	98.5	693
PX214735.1	MK875635.1_Nanoglomus_plukenetia	84.1	96.6	90.2	724
PX214735.1	FM876794_Funneliformis_coronatus	83.9	99.7	98.3	746
PX214735.1	FM992391_Rhizophagus_proliferus	83.4	99.3	98.8	742
PX214735.1	MT832182_Funneliformis_mosseae	83.3	92.6	98.1	696
PX214735.1	MK875637.1_Nanoglomus_plukenetia	83.2	96.6	90.0	726
PX214735.1	AY639162_Funneliformis_mosseae	82.8	99.7	98.4	745
PX214735.1	MT832181_Funneliformis_mosseae	82.6	92.6	98.3	695
PX214735.1	KJ564146.1_Dominikia_disticha	82.4	96.7	89.9	729
PX214735.1	KJ564166.1_Dominikia_indica	82.3	96.7	90.0	727
PX214737.1	FR750526_Glomus_macrocarpum	97.8	99.9	99.9	734
PX214737.1	FR750539_Glomus_macrocarpum	96.7	99.7	99.9	734
PX214737.1	FR750203_Glomus_spe	93.1	99.6	99.6	736
PX214737.1	MT832184_Oehlia_diaphana	85.5	92.2	98.8	691
PX214737.1	FN547496_Funneliformis_caledonius	84.9	99.7	98.3	746
PX214737.1	MG710519.1_Microdominikia_litorea	84.6	96.7	90.1	725
PX214737.1	MT832183_Oehlia_diaphana	84.3	92.2	98.5	693
PX214737.1	MK875635.1_Nanoglomus_plukenetia	84.1	96.6	90.2	724
PX214737.1	FM876794_Funneliformis_coronatus	83.9	99.7	98.3	746
PX214737.1	FM992391_Rhizophagus_proliferus	83.4	99.3	98.8	742
PX214737.1	MT832182_Funneliformis_mosseae	83.3	92.6	98.1	696
PX214737.1	MK875637.1_Nanoglomus_plukenetia	83.2	96.6	90.0	726
PX214737.1	AY639162_Funneliformis_mosseae	82.8	99.7	98.4	745
PX214737.1	MT832181_Funneliformis_mosseae	82.6	92.6	98.3	695
PX214737.1	KJ564146.1_Dominikia_disticha	82.4	96.7	89.9	729
PX214737.1	KJ564166.1_Dominikia_indica	82.3	96.7	90.0	727
PX214732.1	FR750526_Glomus_macrocarpum	97.8	99.9	99.9	734
PX214732.1	FR750539_Glomus_macrocarpum	97.3	99.7	99.9	734
PX214732.1	FR750203_Glomus_spe	93.2	99.6	99.6	736
PX214732.1	FN547496_Funneliformis_caledonius	85.4	99.7	98.3	746
PX214732.1	MT832184_Oehlia_diaphana	84.9	92.2	98.8	691
PX214732.1	FM876794_Funneliformis_coronatus	84.5	99.7	98.3	746
PX214732.1	MT832183_Oehlia_diaphana	84.0	92.2	98.5	693
PX214732.1	MK875635.1_Nanoglomus_plukenetia	84.0	96.6	90.2	724
PX214732.1	FM992391_Rhizophagus_proliferus	84.0	99.3	98.8	742
PX214732.1	MT832182_Funneliformis_mosseae	83.8	92.6	98.1	696
PX214732.1	MT832180_Funneliformis_spe	83.5	92.6	97.8	698
PX214732.1	MT832181_Funneliformis_mosseae	83.2	92.6	98.3	695
PX214732.1	KJ564146.1_Dominikia_disticha	83.1	96.7	89.9	729
PX214732.1	AY639162_Funneliformis_mosseae	83.0	99.7	98.4	745
PX214732.1	MK875637.1_Nanoglomus_plukenetia	82.6	96.6	90.0	726
PX214732.1	KJ564166.1_Dominikia_indica	82.4	96.7	90.0	727
PX214734.1	FR750526_Glomus_macrocarpum	97.8	100.0	99.7	733
PX214734.1	FR750539_Glomus_macrocarpum	97.3	99.9	99.7	733
PX214734.1	FR750203_Glomus_spe	93.2	99.7	99.5	735
PX214734.1	MT832184_Oehlia_diaphana	85.7	92.3	98.7	690
PX214734.1	FN547496_Funneliformis_caledonius	85.1	99.9	98.1	745
PX214734.1	MG710519.1_Microdominikia_litorea	84.5	96.9	90.0	724
PX214734.1	MT832183_Oehlia_diaphana	84.4	92.3	98.4	692
PX214734.1	FM876794_Funneliformis_coronatus	84.2	99.9	98.1	745
PX214734.1	FM992391_Rhizophagus_proliferus	83.9	99.5	98.6	741
PX214734.1	MK875635.1_Nanoglomus_plukenetia	83.8	96.9	90.2	722
PX214734.1	MT832182_Funneliformis_mosseae	83.6	92.7	98.0	695
PX214734.1	MT832180_Funneliformis_spe	83.2	92.7	97.7	697
PX214734.1	MK875637.1_Nanoglomus_plukenetia	82.9	96.9	90.0	724
PX214734.1	MT832181_Funneliformis_mosseae	82.9	92.7	98.1	694
PX214734.1	AY639162_Funneliformis_mosseae	82.8	99.9	98.3	744
PX214734.1	KJ564151.1_Dominikia_iranica	82.3	96.9	89.5	727
PX214736.1	FR750526_Glomus_macrocarpum	97.8	99.9	99.9	734
PX214736.1	FR750539_Glomus_macrocarpum	96.7	99.7	99.9	734
PX214736.1	FR750203_Glomus_spe	93.1	99.6	99.6	736
PX214736.1	MT832184_Oehlia_diaphana	85.5	92.2	98.8	691
PX214736.1	FN547496_Funneliformis_caledonius	84.9	99.7	98.3	746
PX214736.1	MG710519.1_Microdominikia_litorea	84.6	96.7	90.1	725
PX214736.1	MT832183_Oehlia_diaphana	84.3	92.2	98.5	693
PX214736.1	MK875635.1_Nanoglomus_plukenetia	84.1	96.6	90.2	724
PX214736.1	FM876794_Funneliformis_coronatus	83.9	99.7	98.3	746
PX214736.1	FM992391_Rhizophagus_proliferus	83.4	99.3	98.8	742
PX214736.1	MT832182_Funneliformis_mosseae	83.3	92.6	98.1	696
PX214736.1	MK875637.1_Nanoglomus_plukenetia	83.2	96.6	90.0	726
PX214736.1	AY639162_Funneliformis_mosseae	82.8	99.7	98.4	745
PX214736.1	MT832181_Funneliformis_mosseae	82.6	92.6	98.3	695
PX214736.1	KJ564146.1_Dominikia_disticha	82.4	96.7	89.9	729
PX214736.1	KJ564166.1_Dominikia_indica	82.3	96.7	90.0	727
PX214740.1	FR750526_Glomus_macrocarpum	98.2	99.9	99.9	734
PX214740.1	FR750539_Glomus_macrocarpum	97.1	99.7	99.9	734
PX214740.1	FR750203_Glomus_spe	93.2	99.6	99.6	736
PX214740.1	MT832184_Oehlia_diaphana	85.8	92.2	98.8	691
PX214740.1	FN547496_Funneliformis_caledonius	85.3	99.7	98.3	746
PX214740.1	MT832183_Oehlia_diaphana	84.6	92.2	98.5	693
PX214740.1	MK875635.1_Nanoglomus_plukenetia	84.4	96.6	90.2	724
PX214740.1	FM876794_Funneliformis_coronatus	84.3	99.7	98.3	746
PX214740.1	MT832182_Funneliformis_mosseae	83.8	92.6	98.1	696
PX214740.1	FM992391_Rhizophagus_proliferus	83.7	99.3	98.8	742
PX214740.1	MK875637.1_Nanoglomus_plukenetia	83.5	96.6	90.0	726
PX214740.1	AY639162_Funneliformis_mosseae	83.1	99.7	98.4	745
PX214740.1	MT832181_Funneliformis_mosseae	83.0	92.6	98.3	695
PX214740.1	KJ564165.2_Dominikia_minuta	82.8	96.7	89.7	727
PX214740.1	KJ564146.1_Dominikia_disticha	82.7	96.7	89.9	729
PX214740.1	KJ564166.1_Dominikia_indica	82.5	96.7	90.0	727
PX214739.1	FR750526_Glomus_macrocarpum	98.2	99.9	99.9	734
PX214739.1	FR750539_Glomus_macrocarpum	97.1	99.7	99.9	734
PX214739.1	FR750203_Glomus_spe	93.2	99.6	99.6	736
PX214739.1	MT832184_Oehlia_diaphana	85.8	92.2	98.8	691
PX214739.1	FN547496_Funneliformis_caledonius	85.3	99.7	98.3	746
PX214739.1	MT832183_Oehlia_diaphana	84.6	92.2	98.5	693
PX214739.1	MK875635.1_Nanoglomus_plukenetia	84.4	96.6	90.2	724
PX214739.1	FM876794_Funneliformis_coronatus	84.3	99.7	98.3	746
PX214739.1	MT832182_Funneliformis_mosseae	83.8	92.6	98.1	696
PX214739.1	FM992391_Rhizophagus_proliferus	83.7	99.3	98.8	742
PX214739.1	MK875637.1_Nanoglomus_plukenetia	83.5	96.6	90.0	726
PX214739.1	AY639162_Funneliformis_mosseae	83.1	99.7	98.4	745
PX214739.1	MT832181_Funneliformis_mosseae	83.0	92.6	98.3	695
PX214739.1	KJ564165.2_Dominikia_minuta	82.8	96.7	89.7	727
PX214739.1	KJ564146.1_Dominikia_disticha	82.7	96.7	89.9	729
PX214739.1	KJ564166.1_Dominikia_indica	82.5	96.7	90.0	727
PX214742.1	FR750526_Glomus_macrocarpum	97.7	99.7	99.9	735
PX214742.1	FR750539_Glomus_macrocarpum	96.6	99.6	99.9	735
PX214742.1	FR750203_Glomus_spe	92.7	99.5	99.6	737
PX214742.1	MT832184_Oehlia_diaphana	85.7	92.1	98.8	692
PX214742.1	FN547496_Funneliformis_caledonius	84.9	99.6	98.3	747
PX214742.1	MT832183_Oehlia_diaphana	84.4	92.1	98.5	694
PX214742.1	MK875635.1_Nanoglomus_plukenetia	84.3	96.5	90.2	725
PX214742.1	FM876794_Funneliformis_coronatus	83.9	99.6	98.3	747
PX214742.1	MG710519.1_Microdominikia_litorea	83.4	96.7	90.2	725
PX214742.1	MT832182_Funneliformis_mosseae	83.4	92.5	98.1	697
PX214742.1	MK875637.1_Nanoglomus_plukenetia	83.2	96.5	90.0	727
PX214742.1	FM992391_Rhizophagus_proliferus	82.7	99.3	98.9	742
PX214742.1	AY639162_Funneliformis_mosseae	82.7	99.6	98.4	746
PX214742.1	MT832181_Funneliformis_mosseae	82.6	92.5	98.3	696
PX214742.1	KJ564146.1_Dominikia_disticha	82.6	96.6	89.9	730
PX214742.1	MK036781.1_Sclerocarpum_amazonicum	82.4	92.5	90.9	715
PX214741.1	FR750526_Glomus_macrocarpum	97.8	99.9	99.9	734
PX214741.1	FR750539_Glomus_macrocarpum	96.7	99.7	99.9	734
PX214741.1	FR750203_Glomus_spe	92.8	99.6	99.6	736
PX214741.1	MT832184_Oehlia_diaphana	85.8	92.2	98.8	691
PX214741.1	FN547496_Funneliformis_caledonius	85.0	99.7	98.3	746
PX214741.1	MT832183_Oehlia_diaphana	84.6	92.2	98.5	693
PX214741.1	MK875635.1_Nanoglomus_plukenetia	84.4	96.6	90.2	724
PX214741.1	MG710519.1_Microdominikia_litorea	84.1	96.7	90.1	725
PX214741.1	FM876794_Funneliformis_coronatus	84.0	99.7	98.3	746
PX214741.1	FM992391_Rhizophagus_proliferus	83.6	99.3	98.8	742
PX214741.1	MT832182_Funneliformis_mosseae	83.5	92.6	98.1	696
PX214741.1	MK875637.1_Nanoglomus_plukenetia	83.3	96.6	90.0	726
PX214741.1	AY639162_Funneliformis_mosseae	82.8	99.7	98.4	745
PX214741.1	MT832181_Funneliformis_mosseae	82.7	92.6	98.3	695
PX214741.1	KJ564146.1_Dominikia_disticha	82.7	96.7	89.9	729
PX214741.1	KJ564166.1_Dominikia_indica	82.5	96.7	90.0	727
PX214738.1	FR750526_Glomus_macrocarpum	97.8	99.9	99.9	734
PX214738.1	FR750539_Glomus_macrocarpum	96.7	99.7	99.9	734
PX214738.1	FR750203_Glomus_spe	93.1	99.6	99.6	736
PX214738.1	MT832184_Oehlia_diaphana	85.5	92.2	98.8	691
PX214738.1	FN547496_Funneliformis_caledonius	84.9	99.7	98.3	746
PX214738.1	MG710519.1_Microdominikia_litorea	84.6	96.7	90.1	725
PX214738.1	MT832183_Oehlia_diaphana	84.3	92.2	98.5	693
PX214738.1	MK875635.1_Nanoglomus_plukenetia	84.1	96.6	90.2	724
PX214738.1	FM876794_Funneliformis_coronatus	83.9	99.7	98.3	746
PX214738.1	FM992391_Rhizophagus_proliferus	83.4	99.3	98.8	742
PX214738.1	MT832182_Funneliformis_mosseae	83.3	92.6	98.1	696
PX214738.1	MK875637.1_Nanoglomus_plukenetia	83.2	96.6	90.0	726
PX214738.1	AY639162_Funneliformis_mosseae	82.8	99.7	98.4	745
PX214738.1	MT832181_Funneliformis_mosseae	82.6	92.6	98.3	695
PX214738.1	KJ564146.1_Dominikia_disticha	82.4	96.7	89.9	729
PX214738.1	KJ564166.1_Dominikia_indica	82.3	96.7	90.0	727
PX214747.1	KJ564157.1_Dominikia_achra	95.7	97.2	90.9	727
PX214747.1	KJ564162.1_Dominikia_achra	94.2	97.2	90.9	727
PX214747.1	KJ564165.2_Dominikia_minuta	92.4	96.8	90.9	727
PX214747.1	KJ564166.1_Dominikia_indica	91.9	97.2	91.5	724
PX214747.1	KJ564146.1_Dominikia_disticha	91.4	97.3	91.5	725
PX214747.1	KJ564151.1_Dominikia_iranica	91.3	97.2	91.2	725
PX214747.1	MG710519.1_Microdominikia_litorea	87.0	97.0	91.5	723
PX214747.1	KY555052.1_Orientoglomus_emirata	86.2	96.8	91.3	724
PX214747.1	MK875637.1_Nanoglomus_plukenetia	84.2	97.0	91.5	723
PX214747.1	MK875635.1_Nanoglomus_plukenetia	84.1	96.8	91.5	723
PX214747.1	MH560602.1_Halonatospora_panshihalos	82.9	96.8	91.2	724
PX214747.1	MH560604.1_Halonatospora_panshihalos	82.7	96.8	91.2	724
PX214747.1	KJ564133.1_Kamienskia_bistrata	82.4	96.0	90.9	727
PX214747.1	FM992391_Rhizophagus_proliferus	82.0	99.1	99.7	744
PX214747.1	FR750539_Glomus_macrocarpum	81.4	98.1	99.5	746
PX214747.1	MK348930.1_Funneliglomus_sanmartinese	80.5	96.6	90.4	732
PX214749.1	KJ564157.1_Dominikia_achra	95.7	97.2	90.9	727
PX214749.1	KJ564162.1_Dominikia_achra	94.2	97.2	90.9	727
PX214749.1	KJ564165.2_Dominikia_minuta	92.4	96.8	90.9	727
PX214749.1	KJ564166.1_Dominikia_indica	91.9	97.2	91.5	724
PX214749.1	KJ564146.1_Dominikia_disticha	91.4	97.3	91.5	725
PX214749.1	KJ564151.1_Dominikia_iranica	91.3	97.2	91.2	725
PX214749.1	MG710519.1_Microdominikia_litorea	87.0	97.0	91.5	723
PX214749.1	KY555052.1_Orientoglomus_emirata	86.2	96.8	91.3	724
PX214749.1	MK875637.1_Nanoglomus_plukenetia	84.2	97.0	91.5	723
PX214749.1	MK875635.1_Nanoglomus_plukenetia	84.1	96.8	91.5	723
PX214749.1	MH560602.1_Halonatospora_panshihalos	82.9	96.8	91.2	724
PX214749.1	MH560604.1_Halonatospora_panshihalos	82.7	96.8	91.2	724
PX214749.1	KJ564133.1_Kamienskia_bistrata	82.4	96.0	90.9	727
PX214749.1	FM992391_Rhizophagus_proliferus	82.0	99.1	99.7	744
PX214749.1	FR750539_Glomus_macrocarpum	81.4	98.1	99.5	746
PX214749.1	MK348930.1_Funneliglomus_sanmartinese	80.5	96.6	90.4	732
PX214744.1	FR750526_Glomus_macrocarpum	98.0	100.0	99.9	733
PX214744.1	FR750539_Glomus_macrocarpum	96.9	99.9	99.9	733
PX214744.1	FR750203_Glomus_spe	92.7	99.7	99.6	735
PX214744.1	MT832184_Oehlia_diaphana	86.1	92.3	98.8	690
PX214744.1	FN547496_Funneliformis_caledonius	85.6	99.9	98.3	745
PX214744.1	MT832183_Oehlia_diaphana	84.8	92.3	98.5	692
PX214744.1	MG710519.1_Microdominikia_litorea	84.7	96.9	90.1	724
PX214744.1	FM876794_Funneliformis_coronatus	84.4	99.9	98.3	745
PX214744.1	MK875635.1_Nanoglomus_plukenetia	84.2	96.7	90.2	723
PX214744.1	FM992391_Rhizophagus_proliferus	84.1	99.5	98.8	741
PX214744.1	MT832182_Funneliformis_mosseae	83.9	92.8	98.1	695
PX214744.1	MT832180_Funneliformis_spe	83.8	92.8	97.8	697
PX214744.1	KJ564146.1_Dominikia_disticha	83.5	96.9	89.9	728
PX214744.1	AY639162_Funneliformis_mosseae	83.2	99.9	98.4	744
PX214744.1	MT832181_Funneliformis_mosseae	83.1	92.8	98.3	694
PX214744.1	KJ564166.1_Dominikia_indica	82.8	96.9	90.0	726
PX214743.1	FR750526_Glomus_macrocarpum	98.0	100.0	99.9	733
PX214743.1	FR750539_Glomus_macrocarpum	96.9	99.9	99.9	733
PX214743.1	FR750203_Glomus_spe	92.7	99.7	99.6	735
PX214743.1	MT832184_Oehlia_diaphana	86.1	92.3	98.8	690
PX214743.1	FN547496_Funneliformis_caledonius	85.6	99.9	98.3	745
PX214743.1	MT832183_Oehlia_diaphana	84.8	92.3	98.5	692
PX214743.1	MG710519.1_Microdominikia_litorea	84.7	96.9	90.1	724
PX214743.1	FM876794_Funneliformis_coronatus	84.4	99.9	98.3	745
PX214743.1	MK875635.1_Nanoglomus_plukenetia	84.2	96.7	90.2	723
PX214743.1	FM992391_Rhizophagus_proliferus	84.1	99.5	98.8	741
PX214743.1	MT832182_Funneliformis_mosseae	83.9	92.8	98.1	695
PX214743.1	MT832180_Funneliformis_spe	83.8	92.8	97.8	697
PX214743.1	KJ564146.1_Dominikia_disticha	83.5	96.9	89.9	728
PX214743.1	AY639162_Funneliformis_mosseae	83.2	99.9	98.4	744
PX214743.1	MT832181_Funneliformis_mosseae	83.1	92.8	98.3	694
PX214743.1	KJ564166.1_Dominikia_indica	82.8	96.9	90.0	726
PX214746.1	KJ564157.1_Dominikia_achra	95.7	97.2	90.9	727
PX214746.1	KJ564162.1_Dominikia_achra	94.2	97.2	90.9	727
PX214746.1	KJ564165.2_Dominikia_minuta	92.4	96.8	90.9	727
PX214746.1	KJ564166.1_Dominikia_indica	91.9	97.2	91.5	724
PX214746.1	KJ564146.1_Dominikia_disticha	91.4	97.3	91.5	725
PX214746.1	KJ564151.1_Dominikia_iranica	91.3	97.2	91.2	725
PX214746.1	MG710519.1_Microdominikia_litorea	87.0	97.0	91.5	723
PX214746.1	KY555052.1_Orientoglomus_emirata	86.2	96.8	91.3	724
PX214746.1	MK875637.1_Nanoglomus_plukenetia	84.2	97.0	91.5	723
PX214746.1	MK875635.1_Nanoglomus_plukenetia	84.1	96.8	91.5	723
PX214746.1	MH560602.1_Halonatospora_panshihalos	82.9	96.8	91.2	724
PX214746.1	MH560604.1_Halonatospora_panshihalos	82.7	96.8	91.2	724
PX214746.1	KJ564133.1_Kamienskia_bistrata	82.4	96.0	90.9	727
PX214746.1	FM992391_Rhizophagus_proliferus	82.0	99.1	99.7	744
PX214746.1	FR750539_Glomus_macrocarpum	81.4	98.1	99.5	746
PX214746.1	MK348930.1_Funneliglomus_sanmartinese	80.5	96.6	90.4	732
PX214750.1	KJ564157.1_Dominikia_achra	96.0	97.4	90.9	725
PX214750.1	KJ564162.1_Dominikia_achra	94.2	97.4	90.9	725
PX214750.1	KJ564166.1_Dominikia_indica	92.7	97.2	91.2	724
PX214750.1	KJ564165.2_Dominikia_minuta	92.4	97.0	90.9	725
PX214750.1	KJ564146.1_Dominikia_disticha	92.0	97.4	91.4	724
PX214750.1	KJ564151.1_Dominikia_iranica	91.8	97.4	91.2	723
PX214750.1	MG710519.1_Microdominikia_litorea	87.8	97.3	91.5	721
PX214750.1	KY555052.1_Orientoglomus_emirata	86.7	97.0	91.3	722
PX214750.1	MK875637.1_Nanoglomus_plukenetia	85.1	97.0	91.2	723
PX214750.1	MK875635.1_Nanoglomus_plukenetia	84.6	97.0	91.5	721
PX214750.1	MH560602.1_Halonatospora_panshihalos	83.5	97.0	91.2	722
PX214750.1	MH560604.1_Halonatospora_panshihalos	83.4	97.0	91.2	722
PX214750.1	MT832176_Septoglomus_constrictum	82.9	93.1	99.4	694
PX214750.1	KJ564133.1_Kamienskia_bistrata	82.3	96.4	91.1	724
PX214750.1	FN547496_Funneliformis_caledonius	82.2	99.7	99.2	746
PX214750.1	AY639162_Funneliformis_mosseae	81.1	99.5	99.1	747
PX214745.1	FR750526_Glomus_macrocarpum	98.5	100.0	100.0	733
PX214745.1	FR750539_Glomus_macrocarpum	97.7	99.9	100.0	733
PX214745.1	FR750203_Glomus_spe	93.5	99.7	99.7	735
PX214745.1	MT832184_Oehlia_diaphana	85.5	92.2	98.8	691
PX214745.1	FN547496_Funneliformis_caledonius	85.1	99.9	98.4	745
PX214745.1	FM876794_Funneliformis_coronatus	84.3	99.9	98.4	745
PX214745.1	MT832183_Oehlia_diaphana	84.3	92.2	98.5	693
PX214745.1	FM992391_Rhizophagus_proliferus	83.8	99.5	98.9	741
PX214745.1	MT832182_Funneliformis_mosseae	83.6	92.8	98.3	695
PX214745.1	MK875635.1_Nanoglomus_plukenetia	83.5	96.7	90.3	723
PX214745.1	MT832181_Funneliformis_mosseae	83.1	92.8	98.4	694
PX214745.1	AY639162_Funneliformis_mosseae	83.1	99.9	98.5	744
PX214745.1	MK875637.1_Nanoglomus_plukenetia	82.8	96.6	90.0	726
PX214745.1	MK036783.1_Sclerocarpum_amazonicum	82.6	92.8	90.5	717
PX214745.1	KJ564151.1_Dominikia_iranica	82.5	96.9	89.8	727
PX214745.1	MK036781.1_Sclerocarpum_amazonicum	82.5	92.6	90.9	714
PX214751.1	KJ564162.1_Dominikia_achra	96.7	97.3	90.9	726
PX214751.1	KJ564157.1_Dominikia_achra	94.6	97.3	90.9	726
PX214751.1	KJ564166.1_Dominikia_indica	92.3	97.0	91.2	725
PX214751.1	KJ564146.1_Dominikia_disticha	92.1	97.3	91.4	725
PX214751.1	KJ564165.2_Dominikia_minuta	91.9	96.9	90.9	726
PX214751.1	KJ564151.1_Dominikia_iranica	91.7	97.3	91.2	724
PX214751.1	MG710519.1_Microdominikia_litorea	88.0	97.2	91.5	722
PX214751.1	KY555052.1_Orientoglomus_emirata	86.3	96.9	91.3	723
PX214751.1	MK875637.1_Nanoglomus_plukenetia	85.5	97.0	91.4	723
PX214751.1	MK875635.1_Nanoglomus_plukenetia	84.8	96.9	91.5	722
PX214751.1	MH560602.1_Halonatospora_panshihalos	84.2	96.9	91.2	723
PX214751.1	MH560604.1_Halonatospora_panshihalos	84.1	96.9	91.2	723
PX214751.1	KJ564137.1_Kamienskia_bistrata	83.0	96.1	90.9	725
PX214751.1	FN547496_Funneliformis_caledonius	82.6	99.7	99.3	746
PX214751.1	FM876794_Funneliformis_coronatus	82.2	98.9	98.5	752
PX214751.1	AY639162_Funneliformis_mosseae	82.1	99.5	99.2	747
PX214756.1	KJ564166.1_Dominikia_indica	96.0	97.0	91.6	725
PX214756.1	KJ564165.2_Dominikia_minuta	95.7	96.9	91.3	726
PX214756.1	KJ564146.1_Dominikia_disticha	94.8	97.0	91.5	727
PX214756.1	KJ564151.1_Dominikia_iranica	94.6	97.0	91.3	726
PX214756.1	KJ564157.1_Dominikia_achra	92.7	96.9	90.9	729
PX214756.1	KJ564162.1_Dominikia_achra	92.3	96.8	90.8	730
PX214756.1	MG710519.1_Microdominikia_litorea	89.4	96.6	91.4	726
PX214756.1	KY555052.1_Orientoglomus_emirata	87.9	96.6	91.5	725
PX214756.1	MK875635.1_Nanoglomus_plukenetia	87.0	96.5	91.5	725
PX214756.1	MK875637.1_Nanoglomus_plukenetia	86.4	96.5	91.2	727
PX214756.1	MH560602.1_Halonatospora_panshihalos	86.2	96.5	91.2	726
PX214756.1	MH560604.1_Halonatospora_panshihalos	86.1	96.5	91.2	726
PX214756.1	FN547496_Funneliformis_caledonius	84.1	99.3	99.3	749
PX214756.1	FM992391_Rhizophagus_proliferus	84.0	98.9	99.9	745
PX214756.1	FR750203_Glomus_spe	83.6	98.0	99.5	748
PX214756.1	AY639162_Funneliformis_mosseae	83.1	99.1	99.2	750
PX214755.1	KJ564166.1_Dominikia_indica	95.2	96.9	91.6	726
PX214755.1	KJ564165.2_Dominikia_minuta	95.0	96.8	91.3	727
PX214755.1	KJ564151.1_Dominikia_iranica	94.1	96.9	91.3	727
PX214755.1	KJ564146.1_Dominikia_disticha	94.1	97.0	91.6	727
PX214755.1	KJ564157.1_Dominikia_achra	92.3	96.8	90.9	730
PX214755.1	KJ564162.1_Dominikia_achra	92.2	96.6	90.8	731
PX214755.1	MG710519.1_Microdominikia_litorea	89.8	96.5	91.4	727
PX214755.1	KY555052.1_Orientoglomus_emirata	87.9	96.5	91.5	726
PX214755.1	MK875635.1_Nanoglomus_plukenetia	86.6	96.4	91.5	726
PX214755.1	MH560602.1_Halonatospora_panshihalos	86.2	96.4	91.2	727
PX214755.1	MH560604.1_Halonatospora_panshihalos	86.1	96.4	91.2	727
PX214755.1	MK875637.1_Nanoglomus_plukenetia	85.7	96.4	91.2	728
PX214755.1	FN547496_Funneliformis_caledonius	84.4	99.2	99.3	750
PX214755.1	FM992391_Rhizophagus_proliferus	84.0	98.8	99.9	746
PX214755.1	FR750203_Glomus_spe	83.4	98.0	99.6	748
PX214755.1	AY639162_Funneliformis_mosseae	83.4	98.9	99.2	751
PX214748.1	KJ564157.1_Dominikia_achra	95.7	97.2	90.9	727
PX214748.1	KJ564162.1_Dominikia_achra	94.2	97.2	90.9	727
PX214748.1	KJ564165.2_Dominikia_minuta	92.4	96.8	90.9	727
PX214748.1	KJ564166.1_Dominikia_indica	91.9	97.2	91.5	724
PX214748.1	KJ564146.1_Dominikia_disticha	91.4	97.3	91.5	725
PX214748.1	KJ564151.1_Dominikia_iranica	91.3	97.2	91.2	725
PX214748.1	MG710519.1_Microdominikia_litorea	87.0	97.0	91.5	723
PX214748.1	KY555052.1_Orientoglomus_emirata	86.2	96.8	91.3	724
PX214748.1	MK875637.1_Nanoglomus_plukenetia	84.2	97.0	91.5	723
PX214748.1	MK875635.1_Nanoglomus_plukenetia	84.1	96.8	91.5	723
PX214748.1	MH560602.1_Halonatospora_panshihalos	82.9	96.8	91.2	724
PX214748.1	MH560604.1_Halonatospora_panshihalos	82.7	96.8	91.2	724
PX214748.1	KJ564133.1_Kamienskia_bistrata	82.4	96.0	90.9	727
PX214748.1	FM992391_Rhizophagus_proliferus	82.0	99.1	99.7	744
PX214748.1	FR750539_Glomus_macrocarpum	81.4	98.1	99.5	746
PX214748.1	MK348930.1_Funneliglomus_sanmartinese	80.5	96.6	90.4	732
PX214757.1	KJ564166.1_Dominikia_indica	96.0	97.0	91.6	725
PX214757.1	KJ564165.2_Dominikia_minuta	95.7	96.9	91.3	726
PX214757.1	KJ564146.1_Dominikia_disticha	94.9	97.0	91.5	727
PX214757.1	KJ564151.1_Dominikia_iranica	94.8	97.0	91.3	726
PX214757.1	KJ564157.1_Dominikia_achra	92.9	96.9	90.9	729
PX214757.1	KJ564162.1_Dominikia_achra	92.5	96.8	90.8	730
PX214757.1	MG710519.1_Microdominikia_litorea	89.4	96.6	91.4	726
PX214757.1	KY555052.1_Orientoglomus_emirata	88.0	96.6	91.5	725
PX214757.1	MK875635.1_Nanoglomus_plukenetia	87.0	96.5	91.5	725
PX214757.1	MK875637.1_Nanoglomus_plukenetia	86.4	96.5	91.2	727
PX214757.1	MH560602.1_Halonatospora_panshihalos	86.2	96.5	91.2	726
PX214757.1	MH560604.1_Halonatospora_panshihalos	86.1	96.5	91.2	726
PX214757.1	FN547496_Funneliformis_caledonius	84.2	99.3	99.3	749
PX214757.1	FR750203_Glomus_spe	83.6	98.0	99.5	748
PX214757.1	AY639162_Funneliformis_mosseae	83.2	99.1	99.2	750
PX214757.1	FR750526_Glomus_macrocarpum	82.9	98.1	99.6	747
PX214759.1	KJ564166.1_Dominikia_indica	96.1	97.2	91.6	724
PX214759.1	KJ564165.2_Dominikia_minuta	95.6	97.0	91.3	725
PX214759.1	KJ564146.1_Dominikia_disticha	95.2	97.2	91.5	726
PX214759.1	KJ564151.1_Dominikia_iranica	94.9	97.2	91.3	725
PX214759.1	KJ564162.1_Dominikia_achra	92.6	96.9	90.8	729
PX214759.1	KJ564157.1_Dominikia_achra	92.6	97.0	90.9	728
PX214759.1	MG710519.1_Microdominikia_litorea	89.2	96.8	91.4	725
PX214759.1	KY555052.1_Orientoglomus_emirata	87.6	96.5	91.2	726
PX214759.1	MK875635.1_Nanoglomus_plukenetia	87.3	96.6	91.5	724
PX214759.1	MK875637.1_Nanoglomus_plukenetia	87.0	96.8	91.4	725
PX214759.1	MH560602.1_Halonatospora_panshihalos	86.1	96.5	91.1	726
PX214759.1	MH560604.1_Halonatospora_panshihalos	86.0	96.5	91.1	726
PX214759.1	FN547496_Funneliformis_caledonius	85.6	99.2	99.1	750
PX214759.1	FR750203_Glomus_spe	83.6	98.3	99.6	746
PX214759.1	AY639162_Funneliformis_mosseae	83.6	99.1	99.1	750
PX214759.1	MK348930.1_Funneliglomus_sanmartinese	83.3	96.1	90.0	736
PX214754.1	KJ564157.1_Dominikia_achra	96.0	97.4	90.9	725
PX214754.1	KJ564162.1_Dominikia_achra	94.5	97.4	90.9	725
PX214754.1	KJ564166.1_Dominikia_indica	93.0	97.2	91.2	724
PX214754.1	KJ564165.2_Dominikia_minuta	92.7	97.0	90.9	725
PX214754.1	KJ564146.1_Dominikia_disticha	92.0	97.4	91.4	724
PX214754.1	KJ564151.1_Dominikia_iranica	91.8	97.4	91.2	723
PX214754.1	MG710519.1_Microdominikia_litorea	87.5	97.3	91.5	721
PX214754.1	KY555052.1_Orientoglomus_emirata	86.7	97.0	91.3	722
PX214754.1	MK875637.1_Nanoglomus_plukenetia	85.1	97.0	91.2	723
PX214754.1	MK875635.1_Nanoglomus_plukenetia	84.6	97.0	91.5	721
PX214754.1	MH560602.1_Halonatospora_panshihalos	83.2	97.0	91.2	722
PX214754.1	MH560604.1_Halonatospora_panshihalos	83.1	97.0	91.2	722
PX214754.1	FM992391_Rhizophagus_proliferus	83.0	99.3	99.7	742
PX214754.1	FN547496_Funneliformis_caledonius	82.0	99.7	99.2	746
PX214754.1	MK348930.1_Funneliglomus_sanmartinese	81.0	96.6	90.2	732
PX214754.1	AY639162_Funneliformis_mosseae	81.0	99.5	99.1	747
PX214752.1	KJ564157.1_Dominikia_achra	96.0	97.4	90.9	725
PX214752.1	KJ564162.1_Dominikia_achra	94.5	97.4	90.9	725
PX214752.1	KJ564166.1_Dominikia_indica	93.0	97.2	91.2	724
PX214752.1	KJ564165.2_Dominikia_minuta	92.7	97.0	90.9	725
PX214752.1	KJ564146.1_Dominikia_disticha	92.0	97.4	91.4	724
PX214752.1	KJ564151.1_Dominikia_iranica	91.8	97.4	91.2	723
PX214752.1	MG710519.1_Microdominikia_litorea	87.5	97.3	91.5	721
PX214752.1	KY555052.1_Orientoglomus_emirata	86.7	97.0	91.3	722
PX214752.1	MK875637.1_Nanoglomus_plukenetia	85.1	97.0	91.2	723
PX214752.1	MK875635.1_Nanoglomus_plukenetia	84.6	97.0	91.5	721
PX214752.1	MH560602.1_Halonatospora_panshihalos	83.2	97.0	91.2	722
PX214752.1	MH560604.1_Halonatospora_panshihalos	83.1	97.0	91.2	722
PX214752.1	FM992391_Rhizophagus_proliferus	83.0	99.3	99.7	742
PX214752.1	FN547496_Funneliformis_caledonius	82.0	99.7	99.2	746
PX214752.1	MK348930.1_Funneliglomus_sanmartinese	81.0	96.6	90.2	732
PX214752.1	AY639162_Funneliformis_mosseae	81.0	99.5	99.1	747
PX214760.1	KJ564166.1_Dominikia_indica	96.7	97.0	91.8	726
PX214760.1	KJ564146.1_Dominikia_disticha	96.1	97.2	91.8	727
PX214760.1	KJ564165.2_Dominikia_minuta	96.1	96.9	91.4	727
PX214760.1	KJ564151.1_Dominikia_iranica	95.7	97.2	91.5	726
PX214760.1	KJ564157.1_Dominikia_achra	93.6	97.0	91.2	729
PX214760.1	KJ564162.1_Dominikia_achra	93.0	96.9	91.0	730
PX214760.1	MG710519.1_Microdominikia_litorea	89.9	96.8	91.6	726
PX214760.1	KY555052.1_Orientoglomus_emirata	88.2	96.5	91.5	727
PX214760.1	MK875635.1_Nanoglomus_plukenetia	87.3	96.5	91.6	726
PX214760.1	MK875637.1_Nanoglomus_plukenetia	86.8	96.6	91.5	727
PX214760.1	MH560602.1_Halonatospora_panshihalos	86.1	96.5	91.4	727
PX214760.1	MH560604.1_Halonatospora_panshihalos	86.0	96.5	91.4	727
PX214760.1	FN547496_Funneliformis_caledonius	85.3	99.1	99.2	750
PX214760.1	FM876794_Funneliformis_coronatus	84.4	98.9	99.1	751
PX214760.1	AY639162_Funneliformis_mosseae	83.9	98.8	99.1	751
PX214760.1	MK348930.1_Funneliglomus_sanmartinese	83.2	96.1	90.3	737
PX214758.1	KJ564166.1_Dominikia_indica	96.3	97.2	91.6	724
PX214758.1	KJ564165.2_Dominikia_minuta	95.7	97.0	91.3	725
PX214758.1	KJ564146.1_Dominikia_disticha	95.0	97.2	91.5	726
PX214758.1	KJ564151.1_Dominikia_iranica	94.8	97.2	91.3	725
PX214758.1	KJ564157.1_Dominikia_achra	92.7	97.0	90.9	728
PX214758.1	KJ564162.1_Dominikia_achra	92.5	96.9	90.8	729
PX214758.1	MG710519.1_Microdominikia_litorea	89.4	96.8	91.4	725
PX214758.1	KY555052.1_Orientoglomus_emirata	87.7	96.5	91.2	726
PX214758.1	MK875635.1_Nanoglomus_plukenetia	87.2	96.6	91.5	724
PX214758.1	MK875637.1_Nanoglomus_plukenetia	86.9	96.8	91.4	725
PX214758.1	MH560602.1_Halonatospora_panshihalos	86.0	96.5	91.1	726
PX214758.1	MH560604.1_Halonatospora_panshihalos	85.8	96.5	91.1	726
PX214758.1	FN547496_Funneliformis_caledonius	85.5	99.2	99.1	750
PX214758.1	FR750203_Glomus_spe	83.5	98.3	99.6	746
PX214758.1	AY639162_Funneliformis_mosseae	83.5	99.1	99.1	750
PX214758.1	MK348930.1_Funneliglomus_sanmartinese	83.2	96.1	90.0	736
PX214753.1	KJ564157.1_Dominikia_achra	96.0	97.4	90.9	725
PX214753.1	KJ564162.1_Dominikia_achra	94.5	97.4	90.9	725
PX214753.1	KJ564166.1_Dominikia_indica	93.0	97.2	91.2	724
PX214753.1	KJ564165.2_Dominikia_minuta	92.7	97.0	90.9	725
PX214753.1	KJ564146.1_Dominikia_disticha	92.0	97.4	91.4	724
PX214753.1	KJ564151.1_Dominikia_iranica	91.8	97.4	91.2	723
PX214753.1	MG710519.1_Microdominikia_litorea	87.5	97.3	91.5	721
PX214753.1	KY555052.1_Orientoglomus_emirata	86.7	97.0	91.3	722
PX214753.1	MK875637.1_Nanoglomus_plukenetia	85.1	97.0	91.2	723
PX214753.1	MK875635.1_Nanoglomus_plukenetia	84.6	97.0	91.5	721
PX214753.1	MH560602.1_Halonatospora_panshihalos	83.2	97.0	91.2	722
PX214753.1	MH560604.1_Halonatospora_panshihalos	83.1	97.0	91.2	722
PX214753.1	FM992391_Rhizophagus_proliferus	83.0	99.3	99.7	742
PX214753.1	FN547496_Funneliformis_caledonius	82.0	99.7	99.2	746
PX214753.1	MK348930.1_Funneliglomus_sanmartinese	81.0	96.6	90.2	732
PX214753.1	AY639162_Funneliformis_mosseae	81.0	99.5	99.1	747
PX214764.1	MG710519.1_Microdominikia_litorea	96.4	97.4	90.3	720
PX214764.1	KJ564166.1_Dominikia_indica	89.1	97.1	90.0	724
PX214764.1	KJ564165.2_Dominikia_minuta	88.7	97.0	89.6	725
PX214764.1	KJ564146.1_Dominikia_disticha	88.7	97.4	90.1	724
PX214764.1	KY555052.1_Orientoglomus_emirata	88.1	97.1	90.2	721
PX214764.1	KJ564151.1_Dominikia_iranica	87.8	97.4	89.9	723
PX214764.1	KJ564157.1_Dominikia_achra	86.6	97.4	89.7	725
PX214764.1	FR750203_Glomus_spe	85.7	99.6	99.2	736
PX214764.1	MK875637.1_Nanoglomus_plukenetia	85.2	97.3	90.2	721
PX214764.1	MK875635.1_Nanoglomus_plukenetia	85.1	97.1	90.3	720
PX214764.1	FR750539_Glomus_macrocarpum	85.1	99.3	99.0	737
PX214764.1	FR750526_Glomus_macrocarpum	85.1	99.6	99.2	736
PX214764.1	MH560602.1_Halonatospora_panshihalos	84.6	97.1	90.1	721
PX214764.1	FM992391_Rhizophagus_proliferus	84.1	99.5	98.5	741
PX214764.1	FN547496_Funneliformis_caledonius	83.0	99.7	97.8	746
PX214764.1	FM876794_Funneliformis_coronatus	82.8	99.7	97.8	746
PX214768.1	MG710519.1_Microdominikia_litorea	95.8	97.1	90.3	722
PX214768.1	KJ564166.1_Dominikia_indica	89.3	96.9	90.0	726
PX214768.1	KJ564165.2_Dominikia_minuta	88.9	96.7	89.6	727
PX214768.1	KJ564146.1_Dominikia_disticha	88.2	97.1	90.1	726
PX214768.1	KY555052.1_Orientoglomus_emirata	88.0	96.9	90.2	723
PX214768.1	KJ564151.1_Dominikia_iranica	87.6	97.1	89.9	725
PX214768.1	KJ564157.1_Dominikia_achra	86.5	97.1	89.7	727
PX214768.1	FR750203_Glomus_spe	85.3	99.5	99.3	737
PX214768.1	MK875635.1_Nanoglomus_plukenetia	85.3	96.9	90.3	722
PX214768.1	MK875637.1_Nanoglomus_plukenetia	85.2	97.0	90.2	723
PX214768.1	FR750526_Glomus_macrocarpum	84.6	99.6	99.5	736
PX214768.1	FR750539_Glomus_macrocarpum	84.5	99.3	99.3	737
PX214768.1	FM992391_Rhizophagus_proliferus	84.2	99.3	98.6	742
PX214768.1	FN547496_Funneliformis_caledonius	82.6	99.6	98.0	747
PX214768.1	FM876794_Funneliformis_coronatus	82.6	99.6	98.0	747
PX214768.1	AY639162_Funneliformis_mosseae	81.8	99.3	97.8	748
PX214761.1	MG710519.1_Microdominikia_litorea	98.2	97.4	91.4	720
PX214761.1	KJ564166.1_Dominikia_indica	90.5	97.2	91.0	724
PX214761.1	KJ564165.2_Dominikia_minuta	90.2	97.0	90.6	725
PX214761.1	KJ564146.1_Dominikia_disticha	89.8	97.4	91.1	724
PX214761.1	KY555052.1_Orientoglomus_emirata	89.3	97.2	91.2	721
PX214761.1	KJ564151.1_Dominikia_iranica	88.7	97.4	90.9	723
PX214761.1	KJ564157.1_Dominikia_achra	87.2	97.4	90.7	725
PX214761.1	MK875635.1_Nanoglomus_plukenetia	86.3	96.9	91.1	722
PX214761.1	MK875637.1_Nanoglomus_plukenetia	85.6	97.2	91.1	722
PX214761.1	MH560602.1_Halonatospora_panshihalos	85.3	97.0	91.0	722
PX214761.1	FR750203_Glomus_spe	85.1	98.6	99.3	743
PX214761.1	FR750526_Glomus_macrocarpum	84.7	98.5	99.2	744
PX214761.1	FR750539_Glomus_macrocarpum	83.6	98.4	99.2	744
PX214761.1	FM876794_Funneliformis_coronatus	83.5	99.6	98.8	747
PX214761.1	FN547496_Funneliformis_caledonius	83.4	99.7	98.9	746
PX214761.1	AY639162_Funneliformis_mosseae	82.7	99.5	98.8	747
PX214763.1	MG710519.1_Microdominikia_litorea	96.4	97.4	90.3	720
PX214763.1	KJ564166.1_Dominikia_indica	89.1	97.1	90.0	724
PX214763.1	KJ564165.2_Dominikia_minuta	88.7	97.0	89.6	725
PX214763.1	KJ564146.1_Dominikia_disticha	88.7	97.4	90.1	724
PX214763.1	KY555052.1_Orientoglomus_emirata	88.1	97.1	90.2	721
PX214763.1	KJ564151.1_Dominikia_iranica	87.8	97.4	89.9	723
PX214763.1	KJ564157.1_Dominikia_achra	86.6	97.4	89.7	725
PX214763.1	FR750203_Glomus_spe	85.7	99.6	99.2	736
PX214763.1	MK875637.1_Nanoglomus_plukenetia	85.2	97.3	90.2	721
PX214763.1	MK875635.1_Nanoglomus_plukenetia	85.1	97.1	90.3	720
PX214763.1	FR750539_Glomus_macrocarpum	85.1	99.3	99.0	737
PX214763.1	FR750526_Glomus_macrocarpum	85.1	99.6	99.2	736
PX214763.1	MH560602.1_Halonatospora_panshihalos	84.6	97.1	90.1	721
PX214763.1	FM992391_Rhizophagus_proliferus	84.1	99.5	98.5	741
PX214763.1	FN547496_Funneliformis_caledonius	83.0	99.7	97.8	746
PX214763.1	FM876794_Funneliformis_coronatus	82.8	99.7	97.8	746
PX214770.1	MG710519.1_Microdominikia_litorea	96.2	97.4	90.2	720
PX214770.1	KJ564165.2_Dominikia_minuta	89.4	97.1	89.6	724
PX214770.1	KJ564166.1_Dominikia_indica	89.3	97.3	90.0	723
PX214770.1	KY555052.1_Orientoglomus_emirata	88.5	97.3	90.2	720
PX214770.1	KJ564146.1_Dominikia_disticha	88.4	97.4	90.0	724
PX214770.1	KJ564151.1_Dominikia_iranica	87.8	97.4	89.8	723
PX214770.1	KJ564162.1_Dominikia_achra	87.0	97.4	89.5	725
PX214770.1	KJ564157.1_Dominikia_achra	87.0	97.4	89.5	725
PX214770.1	FR750203_Glomus_spe	85.5	99.6	99.0	736
PX214770.1	MK875635.1_Nanoglomus_plukenetia	85.3	97.3	90.3	719
PX214770.1	MK875637.1_Nanoglomus_plukenetia	84.6	97.1	90.0	722
PX214770.1	FR750539_Glomus_macrocarpum	84.5	99.5	99.0	736
PX214770.1	FR750526_Glomus_macrocarpum	84.2	99.7	99.2	735
PX214770.1	FN547496_Funneliformis_caledonius	82.8	99.9	97.8	745
PX214770.1	FM876794_Funneliformis_coronatus	82.6	99.9	97.8	745
PX214770.1	AY639162_Funneliformis_mosseae	81.6	99.6	97.7	746
PX214766.1	MG710519.1_Microdominikia_litorea	96.4	97.4	90.3	720
PX214766.1	KJ564166.1_Dominikia_indica	89.1	97.1	90.0	724
PX214766.1	KJ564165.2_Dominikia_minuta	88.7	97.0	89.6	725
PX214766.1	KJ564146.1_Dominikia_disticha	88.7	97.4	90.1	724
PX214766.1	KY555052.1_Orientoglomus_emirata	88.1	97.1	90.2	721
PX214766.1	KJ564151.1_Dominikia_iranica	87.8	97.4	89.9	723
PX214766.1	KJ564157.1_Dominikia_achra	86.6	97.4	89.7	725
PX214766.1	FR750203_Glomus_spe	85.7	99.6	99.2	736
PX214766.1	MK875637.1_Nanoglomus_plukenetia	85.2	97.3	90.2	721
PX214766.1	MK875635.1_Nanoglomus_plukenetia	85.1	97.1	90.3	720
PX214766.1	FR750539_Glomus_macrocarpum	85.1	99.3	99.0	737
PX214766.1	FR750526_Glomus_macrocarpum	85.1	99.6	99.2	736
PX214766.1	MH560602.1_Halonatospora_panshihalos	84.6	97.1	90.1	721
PX214766.1	FM992391_Rhizophagus_proliferus	84.1	99.5	98.5	741
PX214766.1	FN547496_Funneliformis_caledonius	83.0	99.7	97.8	746
PX214766.1	FM876794_Funneliformis_coronatus	82.8	99.7	97.8	746
PX214767.1	MG710519.1_Microdominikia_litorea	96.4	97.4	90.3	720
PX214767.1	KJ564166.1_Dominikia_indica	89.1	97.1	90.0	724
PX214767.1	KJ564165.2_Dominikia_minuta	88.7	97.0	89.6	725
PX214767.1	KJ564146.1_Dominikia_disticha	88.7	97.4	90.1	724
PX214767.1	KY555052.1_Orientoglomus_emirata	88.1	97.1	90.2	721
PX214767.1	KJ564151.1_Dominikia_iranica	87.8	97.4	89.9	723
PX214767.1	KJ564157.1_Dominikia_achra	86.6	97.4	89.7	725
PX214767.1	FR750203_Glomus_spe	85.7	99.6	99.2	736
PX214767.1	MK875637.1_Nanoglomus_plukenetia	85.2	97.3	90.2	721
PX214767.1	MK875635.1_Nanoglomus_plukenetia	85.1	97.1	90.3	720
PX214767.1	FR750539_Glomus_macrocarpum	85.1	99.3	99.0	737
PX214767.1	FR750526_Glomus_macrocarpum	85.1	99.6	99.2	736
PX214767.1	MH560602.1_Halonatospora_panshihalos	84.6	97.1	90.1	721
PX214767.1	FM992391_Rhizophagus_proliferus	84.1	99.5	98.5	741
PX214767.1	FN547496_Funneliformis_caledonius	83.0	99.7	97.8	746
PX214767.1	FM876794_Funneliformis_coronatus	82.8	99.7	97.8	746
PX214765.1	MG710519.1_Microdominikia_litorea	96.4	97.4	90.3	720
PX214765.1	KJ564166.1_Dominikia_indica	89.1	97.1	90.0	724
PX214765.1	KJ564165.2_Dominikia_minuta	88.7	97.0	89.6	725
PX214765.1	KJ564146.1_Dominikia_disticha	88.7	97.4	90.1	724
PX214765.1	KY555052.1_Orientoglomus_emirata	88.1	97.1	90.2	721
PX214765.1	KJ564151.1_Dominikia_iranica	87.8	97.4	89.9	723
PX214765.1	KJ564157.1_Dominikia_achra	86.6	97.4	89.7	725
PX214765.1	FR750203_Glomus_spe	85.7	99.6	99.2	736
PX214765.1	MK875637.1_Nanoglomus_plukenetia	85.2	97.3	90.2	721
PX214765.1	MK875635.1_Nanoglomus_plukenetia	85.1	97.1	90.3	720
PX214765.1	FR750539_Glomus_macrocarpum	85.1	99.3	99.0	737
PX214765.1	FR750526_Glomus_macrocarpum	85.1	99.6	99.2	736
PX214765.1	MH560602.1_Halonatospora_panshihalos	84.6	97.1	90.1	721
PX214765.1	FM992391_Rhizophagus_proliferus	84.1	99.5	98.5	741
PX214765.1	FN547496_Funneliformis_caledonius	83.0	99.7	97.8	746
PX214765.1	FM876794_Funneliformis_coronatus	82.8	99.7	97.8	746
PX214762.1	MG710519.1_Microdominikia_litorea	97.9	97.4	91.4	720
PX214762.1	KJ564166.1_Dominikia_indica	90.3	97.2	91.0	724
PX214762.1	KJ564165.2_Dominikia_minuta	89.9	97.0	90.6	725
PX214762.1	KJ564146.1_Dominikia_disticha	89.9	97.4	91.1	724
PX214762.1	KY555052.1_Orientoglomus_emirata	89.0	97.2	91.2	721
PX214762.1	KJ564151.1_Dominikia_iranica	88.9	97.4	90.9	723
PX214762.1	MK875635.1_Nanoglomus_plukenetia	86.3	96.9	91.1	722
PX214762.1	MK875637.1_Nanoglomus_plukenetia	85.5	97.2	91.1	722
PX214762.1	MH560602.1_Halonatospora_panshihalos	85.5	97.0	91.0	722
PX214762.1	FR750203_Glomus_spe	85.1	98.6	99.3	743
PX214762.1	FM992391_Rhizophagus_proliferus	84.3	99.5	99.6	741
PX214762.1	FR750526_Glomus_macrocarpum	84.3	98.5	99.2	744
PX214762.1	FR750539_Glomus_macrocarpum	83.6	98.4	99.2	744
PX214762.1	FM876794_Funneliformis_coronatus	83.5	99.6	98.8	747
PX214762.1	FN547496_Funneliformis_caledonius	83.4	99.7	98.9	746
PX214762.1	AY639162_Funneliformis_mosseae	82.6	99.5	98.8	747
PX214774.1	MK875635.1_Nanoglomus_plukenetia	90.1	97.2	91.3	720
PX214774.1	MK875637.1_Nanoglomus_plukenetia	89.9	97.3	91.2	721
PX214774.1	KJ564166.1_Dominikia_indica	86.7	97.3	91.1	723
PX214774.1	KJ564151.1_Dominikia_iranica	86.3	97.4	90.9	723
PX214774.1	KJ564146.1_Dominikia_disticha	86.0	97.4	91.1	724
PX214774.1	KJ564165.2_Dominikia_minuta	86.0	97.2	90.8	724
PX214774.1	MG710519.1_Microdominikia_litorea	85.9	97.2	91.1	722
PX214774.1	FN547496_Funneliformis_caledonius	84.1	99.6	98.8	747
PX214774.1	FM876794_Funneliformis_coronatus	83.8	99.5	98.7	748
PX214774.1	FR750526_Glomus_macrocarpum	83.7	98.6	99.3	743
PX214774.1	FR750203_Glomus_spe	83.3	98.8	99.5	742
PX214774.1	FM992391_Rhizophagus_proliferus	83.3	99.3	99.5	742
PX214774.1	FR750539_Glomus_macrocarpum	83.2	98.5	99.3	743
PX214774.1	FM992400_Rhizophagus_proliferus	83.2	99.2	99.5	742
PX214774.1	AY639162_Funneliformis_mosseae	82.3	99.5	98.8	747
PX214774.1	MT832176_Septoglomus_constrictum	80.4	93.2	99.3	694
PX214771.1	MG710519.1_Microdominikia_litorea	96.5	97.4	90.3	720
PX214771.1	KJ564166.1_Dominikia_indica	89.1	97.1	90.0	724
PX214771.1	KJ564165.2_Dominikia_minuta	88.7	97.0	89.6	725
PX214771.1	KJ564146.1_Dominikia_disticha	88.4	97.4	90.1	724
PX214771.1	KY555052.1_Orientoglomus_emirata	88.1	97.1	90.2	721
PX214771.1	KJ564151.1_Dominikia_iranica	87.8	97.4	89.9	723
PX214771.1	KJ564162.1_Dominikia_achra	87.2	97.4	89.7	725
PX214771.1	KJ564157.1_Dominikia_achra	87.2	97.4	89.7	725
PX214771.1	FR750203_Glomus_spe	85.5	99.6	99.2	736
PX214771.1	MK875635.1_Nanoglomus_plukenetia	85.4	97.1	90.3	720
PX214771.1	MK875637.1_Nanoglomus_plukenetia	84.6	97.1	90.1	722
PX214771.1	MH560602.1_Halonatospora_panshihalos	84.3	97.1	90.1	721
PX214771.1	FR750539_Glomus_macrocarpum	84.1	99.3	99.0	737
PX214771.1	FM992391_Rhizophagus_proliferus	84.1	99.5	98.5	741
PX214771.1	FN547496_Funneliformis_caledonius	82.7	99.7	97.8	746
PX214771.1	FM876794_Funneliformis_coronatus	82.7	99.7	97.8	746
PX214773.1	MK875635.1_Nanoglomus_plukenetia	90.4	97.2	91.5	720
PX214773.1	MK875637.1_Nanoglomus_plukenetia	90.2	97.3	91.4	721
PX214773.1	KJ564166.1_Dominikia_indica	87.0	97.3	91.2	723
PX214773.1	KJ564151.1_Dominikia_iranica	86.6	97.4	91.0	723
PX214773.1	KJ564146.1_Dominikia_disticha	86.3	97.4	91.3	724
PX214773.1	KJ564165.2_Dominikia_minuta	86.3	97.2	90.9	724
PX214773.1	MG710519.1_Microdominikia_litorea	86.1	97.2	91.2	722
PX214773.1	FN547496_Funneliformis_caledonius	84.3	99.6	98.9	747
PX214773.1	FM876794_Funneliformis_coronatus	84.1	99.5	98.8	748
PX214773.1	FR750526_Glomus_macrocarpum	83.8	98.6	99.5	743
PX214773.1	FR750203_Glomus_spe	83.6	98.8	99.6	742
PX214773.1	FM992391_Rhizophagus_proliferus	83.4	99.3	99.6	742
PX214773.1	FM992400_Rhizophagus_proliferus	83.4	99.2	99.6	742
PX214773.1	FR750539_Glomus_macrocarpum	83.3	98.5	99.5	743
PX214773.1	AY639162_Funneliformis_mosseae	82.6	99.5	98.9	747
PX214773.1	MT832176_Septoglomus_constrictum	80.5	93.1	99.3	694
PX214777.1	MT832195_Rhizophagus_irregularis	95.5	93.1	100.0	689
PX214777.1	MT832194_Rhizophagus_irregularis	92.9	93.0	99.9	690
PX214777.1	MT832187_Rhizophagus_intraradices	91.0	92.6	99.9	690
PX214777.1	FM992400_Rhizophagus_proliferus	90.9	99.5	99.9	740
PX214777.1	MT832192_Rhizophagus_dimorphicus	90.9	92.8	99.9	690
PX214777.1	FM992391_Rhizophagus_proliferus	90.8	99.6	99.9	740
PX214777.1	MT832193_Rhizophagus_dimorphicus	90.4	92.7	99.7	691
PX214777.1	MT832188_Rhizophagus_intraradices	90.0	92.7	99.9	690
PX214777.1	FR750072_Rhizophagus_fasciculatus	89.6	99.6	99.7	741
PX214777.1	MT832190_Rhizophagus_manihotis	88.7	92.6	99.9	690
PX214777.1	MT832191_Rhizophagus_clarus	88.3	92.7	99.9	690
PX214777.1	MT832189_Rhizophagus_intraradices	87.0	92.7	99.7	691
PX214777.1	MH560604.1_Halonatospora_panshihalos	85.9	97.2	91.2	721
PX214777.1	MH560602.1_Halonatospora_panshihalos	85.6	97.2	91.2	721
PX214777.1	MT832184_Oehlia_diaphana	85.3	92.2	99.6	692
PX214777.1	KJ564144.1_Microkaminenskia_perpusilla	83.3	96.5	90.6	726
PX214769.1	MG710519.1_Microdominikia_litorea	96.8	97.4	90.3	720
PX214769.1	KJ564166.1_Dominikia_indica	89.6	97.1	90.0	724
PX214769.1	KJ564165.2_Dominikia_minuta	89.2	97.0	89.6	725
PX214769.1	KJ564146.1_Dominikia_disticha	88.7	97.4	90.1	724
PX214769.1	KY555052.1_Orientoglomus_emirata	88.1	97.1	90.2	721
PX214769.1	KJ564151.1_Dominikia_iranica	87.7	97.4	89.9	723
PX214769.1	KJ564157.1_Dominikia_achra	86.8	97.4	89.7	725
PX214769.1	MK875635.1_Nanoglomus_plukenetia	86.4	97.1	90.3	720
PX214769.1	FR750203_Glomus_spe	85.5	99.6	99.2	736
PX214769.1	MK875637.1_Nanoglomus_plukenetia	85.5	97.1	90.1	722
PX214769.1	FR750526_Glomus_macrocarpum	84.8	99.6	99.2	736
PX214769.1	FR750539_Glomus_macrocarpum	84.3	99.3	99.0	737
PX214769.1	FM992391_Rhizophagus_proliferus	83.7	99.5	98.5	741
PX214769.1	FN547496_Funneliformis_caledonius	83.0	99.7	97.8	746
PX214769.1	FM876794_Funneliformis_coronatus	82.7	99.7	97.8	746
PX214769.1	AY639162_Funneliformis_mosseae	81.5	99.6	97.8	746
PX214776.1	MT832195_Rhizophagus_irregularis	95.5	93.1	100.0	689
PX214776.1	MT832194_Rhizophagus_irregularis	92.9	93.0	99.9	690
PX214776.1	MT832187_Rhizophagus_intraradices	91.0	92.6	99.9	690
PX214776.1	FM992400_Rhizophagus_proliferus	90.9	99.5	99.9	740
PX214776.1	MT832192_Rhizophagus_dimorphicus	90.9	92.8	99.9	690
PX214776.1	FM992391_Rhizophagus_proliferus	90.8	99.6	99.9	740
PX214776.1	MT832193_Rhizophagus_dimorphicus	90.4	92.7	99.7	691
PX214776.1	MT832188_Rhizophagus_intraradices	90.0	92.7	99.9	690
PX214776.1	FR750072_Rhizophagus_fasciculatus	89.6	99.6	99.7	741
PX214776.1	MT832190_Rhizophagus_manihotis	88.7	92.6	99.9	690
PX214776.1	MT832191_Rhizophagus_clarus	88.3	92.7	99.9	690
PX214776.1	MT832189_Rhizophagus_intraradices	87.0	92.7	99.7	691
PX214776.1	MH560604.1_Halonatospora_panshihalos	85.9	97.2	91.2	721
PX214776.1	MH560602.1_Halonatospora_panshihalos	85.6	97.2	91.2	721
PX214776.1	MT832184_Oehlia_diaphana	85.3	92.2	99.6	692
PX214776.1	KJ564144.1_Microkaminenskia_perpusilla	83.3	96.5	90.6	726
PX214772.1	MG710519.1_Microdominikia_litorea	98.9	97.4	91.5	720
PX214772.1	KJ564166.1_Dominikia_indica	90.2	97.2	91.1	724
PX214772.1	KJ564165.2_Dominikia_minuta	89.9	97.0	90.8	725
PX214772.1	KJ564146.1_Dominikia_disticha	89.5	97.4	91.3	724
PX214772.1	KY555052.1_Orientoglomus_emirata	89.2	97.2	91.3	721
PX214772.1	KJ564151.1_Dominikia_iranica	88.9	97.4	91.0	723
PX214772.1	MK875635.1_Nanoglomus_plukenetia	86.0	96.9	91.2	722
PX214772.1	MK875637.1_Nanoglomus_plukenetia	85.2	97.2	91.2	722
PX214772.1	MH560602.1_Halonatospora_panshihalos	85.0	97.0	91.1	722
PX214772.1	FR750203_Glomus_spe	84.9	98.6	99.5	743
PX214772.1	FR750526_Glomus_macrocarpum	84.4	98.5	99.3	744
PX214772.1	FM992391_Rhizophagus_proliferus	84.2	99.3	99.6	742
PX214772.1	FN547496_Funneliformis_caledonius	83.5	99.7	99.1	746
PX214772.1	FM876794_Funneliformis_coronatus	83.4	99.6	98.9	747
PX214772.1	FR750539_Glomus_macrocarpum	83.3	98.4	99.3	744
PX214772.1	AY639162_Funneliformis_mosseae	82.3	99.5	98.9	747
PX214778.1	MT832195_Rhizophagus_irregularis	95.5	93.1	100.0	689
PX214778.1	MT832194_Rhizophagus_irregularis	92.9	93.0	99.9	690
PX214778.1	MT832187_Rhizophagus_intraradices	91.0	92.6	99.9	690
PX214778.1	FM992400_Rhizophagus_proliferus	90.9	99.5	99.9	740
PX214778.1	MT832192_Rhizophagus_dimorphicus	90.9	92.8	99.9	690
PX214778.1	FM992391_Rhizophagus_proliferus	90.8	99.6	99.9	740
PX214778.1	MT832193_Rhizophagus_dimorphicus	90.4	92.7	99.7	691
PX214778.1	MT832188_Rhizophagus_intraradices	90.0	92.7	99.9	690
PX214778.1	FR750072_Rhizophagus_fasciculatus	89.6	99.6	99.7	741
PX214778.1	MT832190_Rhizophagus_manihotis	88.7	92.6	99.9	690
PX214778.1	MT832191_Rhizophagus_clarus	88.3	92.7	99.9	690
PX214778.1	MT832189_Rhizophagus_intraradices	87.0	92.7	99.7	691
PX214778.1	MH560604.1_Halonatospora_panshihalos	85.9	97.2	91.2	721
PX214778.1	MH560602.1_Halonatospora_panshihalos	85.6	97.2	91.2	721
PX214778.1	MT832184_Oehlia_diaphana	85.3	92.2	99.6	692
PX214778.1	KJ564144.1_Microkaminenskia_perpusilla	83.3	96.5	90.6	726
PX214781.1	MT832195_Rhizophagus_irregularis	95.5	93.1	100.0	689
PX214781.1	MT832194_Rhizophagus_irregularis	92.9	93.0	99.9	690
PX214781.1	MT832187_Rhizophagus_intraradices	91.0	92.6	99.9	690
PX214781.1	FM992400_Rhizophagus_proliferus	90.9	99.5	99.9	740
PX214781.1	MT832192_Rhizophagus_dimorphicus	90.9	92.8	99.9	690
PX214781.1	FM992391_Rhizophagus_proliferus	90.8	99.6	99.9	740
PX214781.1	MT832193_Rhizophagus_dimorphicus	90.4	92.7	99.7	691
PX214781.1	MT832188_Rhizophagus_intraradices	90.0	92.7	99.9	690
PX214781.1	FR750072_Rhizophagus_fasciculatus	89.6	99.6	99.7	741
PX214781.1	MT832190_Rhizophagus_manihotis	88.7	92.6	99.9	690
PX214781.1	MT832191_Rhizophagus_clarus	88.3	92.7	99.9	690
PX214781.1	MT832189_Rhizophagus_intraradices	87.0	92.7	99.7	691
PX214781.1	MH560604.1_Halonatospora_panshihalos	85.9	97.2	91.2	721
PX214781.1	MH560602.1_Halonatospora_panshihalos	85.6	97.2	91.2	721
PX214781.1	MT832184_Oehlia_diaphana	85.3	92.2	99.6	692
PX214781.1	KJ564144.1_Microkaminenskia_perpusilla	83.3	96.5	90.6	726
PX214783.1	MT832195_Rhizophagus_irregularis	95.8	93.1	100.0	689
PX214783.1	MT832194_Rhizophagus_irregularis	92.9	93.0	99.9	690
PX214783.1	MT832187_Rhizophagus_intraradices	91.0	92.6	99.9	690
PX214783.1	FM992400_Rhizophagus_proliferus	90.9	99.5	99.9	740
PX214783.1	FM992391_Rhizophagus_proliferus	90.8	99.6	99.9	740
PX214783.1	MT832192_Rhizophagus_dimorphicus	90.6	92.8	99.9	690
PX214783.1	MT832193_Rhizophagus_dimorphicus	90.2	92.7	99.7	691
PX214783.1	MT832188_Rhizophagus_intraradices	90.0	92.7	99.9	690
PX214783.1	FR750072_Rhizophagus_fasciculatus	89.3	99.6	99.7	741
PX214783.1	MT832190_Rhizophagus_manihotis	88.7	92.6	99.9	690
PX214783.1	MT832191_Rhizophagus_clarus	88.3	92.7	99.9	690
PX214783.1	MT832189_Rhizophagus_intraradices	87.0	92.7	99.7	691
PX214783.1	MT832186_Sclerocystis_sinuosa	86.5	93.2	99.7	691
PX214783.1	MH560604.1_Halonatospora_panshihalos	86.4	97.2	91.2	721
PX214783.1	MT832184_Oehlia_diaphana	85.5	92.2	99.6	692
PX214783.1	KX758123.1_Microkamienskia_divaricata	82.6	96.5	90.9	725
PX214779.1	MT832195_Rhizophagus_irregularis	95.5	93.1	100.0	689
PX214779.1	MT832194_Rhizophagus_irregularis	92.9	93.0	99.9	690
PX214779.1	MT832187_Rhizophagus_intraradices	91.0	92.6	99.9	690
PX214779.1	FM992400_Rhizophagus_proliferus	90.9	99.5	99.9	740
PX214779.1	MT832192_Rhizophagus_dimorphicus	90.9	92.8	99.9	690
PX214779.1	FM992391_Rhizophagus_proliferus	90.8	99.6	99.9	740
PX214779.1	MT832193_Rhizophagus_dimorphicus	90.4	92.7	99.7	691
PX214779.1	MT832188_Rhizophagus_intraradices	90.0	92.7	99.9	690
PX214779.1	FR750072_Rhizophagus_fasciculatus	89.6	99.6	99.7	741
PX214779.1	MT832190_Rhizophagus_manihotis	88.7	92.6	99.9	690
PX214779.1	MT832191_Rhizophagus_clarus	88.3	92.7	99.9	690
PX214779.1	MT832189_Rhizophagus_intraradices	87.0	92.7	99.7	691
PX214779.1	MH560604.1_Halonatospora_panshihalos	85.9	97.2	91.2	721
PX214779.1	MH560602.1_Halonatospora_panshihalos	85.6	97.2	91.2	721
PX214779.1	MT832184_Oehlia_diaphana	85.3	92.2	99.6	692
PX214779.1	KJ564144.1_Microkaminenskia_perpusilla	83.3	96.5	90.6	726
PX214775.1	MK875635.1_Nanoglomus_plukenetia	91.0	97.0	91.5	721
PX214775.1	MK875637.1_Nanoglomus_plukenetia	90.7	97.2	91.4	722
PX214775.1	KJ564151.1_Dominikia_iranica	86.9	97.3	91.0	724
PX214775.1	KJ564146.1_Dominikia_disticha	86.8	97.3	91.3	725
PX214775.1	KJ564166.1_Dominikia_indica	86.7	96.6	90.7	728
PX214775.1	MG710519.1_Microdominikia_litorea	86.0	97.0	91.2	723
PX214775.1	KJ564165.2_Dominikia_minuta	86.0	96.5	90.4	729
PX214775.1	FN547496_Funneliformis_caledonius	84.8	99.5	98.9	748
PX214775.1	FM876794_Funneliformis_coronatus	84.6	99.3	98.8	749
PX214775.1	FR750526_Glomus_macrocarpum	84.3	98.5	99.5	744
PX214775.1	FR750203_Glomus_spe	84.0	98.6	99.6	743
PX214775.1	MH560602.1_Halonatospora_panshihalos	84.0	96.8	91.0	724
PX214775.1	FM992391_Rhizophagus_proliferus	83.8	99.2	99.6	743
PX214775.1	MH560604.1_Halonatospora_panshihalos	83.8	96.8	91.0	724
PX214775.1	FR750539_Glomus_macrocarpum	83.5	98.4	99.5	744
PX214775.1	MT832176_Septoglomus_constrictum	82.5	92.8	99.1	696
PX214780.1	MT832195_Rhizophagus_irregularis	95.5	93.1	100.0	689
PX214780.1	MT832194_Rhizophagus_irregularis	92.9	93.0	99.9	690
PX214780.1	MT832187_Rhizophagus_intraradices	91.0	92.6	99.9	690
PX214780.1	FM992400_Rhizophagus_proliferus	90.9	99.5	99.9	740
PX214780.1	MT832192_Rhizophagus_dimorphicus	90.9	92.8	99.9	690
PX214780.1	FM992391_Rhizophagus_proliferus	90.8	99.6	99.9	740
PX214780.1	MT832193_Rhizophagus_dimorphicus	90.4	92.7	99.7	691
PX214780.1	MT832188_Rhizophagus_intraradices	90.0	92.7	99.9	690
PX214780.1	FR750072_Rhizophagus_fasciculatus	89.6	99.6	99.7	741
PX214780.1	MT832190_Rhizophagus_manihotis	88.7	92.6	99.9	690
PX214780.1	MT832191_Rhizophagus_clarus	88.3	92.7	99.9	690
PX214780.1	MT832189_Rhizophagus_intraradices	87.0	92.7	99.7	691
PX214780.1	MH560604.1_Halonatospora_panshihalos	85.9	97.2	91.2	721
PX214780.1	MH560602.1_Halonatospora_panshihalos	85.6	97.2	91.2	721
PX214780.1	MT832184_Oehlia_diaphana	85.3	92.2	99.6	692
PX214780.1	KJ564144.1_Microkaminenskia_perpusilla	83.3	96.5	90.6	726
PX214782.1	MT832195_Rhizophagus_irregularis	95.5	93.1	100.0	689
PX214782.1	MT832194_Rhizophagus_irregularis	92.9	93.0	99.9	690
PX214782.1	MT832187_Rhizophagus_intraradices	91.0	92.6	99.9	690
PX214782.1	FM992400_Rhizophagus_proliferus	90.9	99.5	99.9	740
PX214782.1	MT832192_Rhizophagus_dimorphicus	90.9	92.8	99.9	690
PX214782.1	FM992391_Rhizophagus_proliferus	90.8	99.6	99.9	740
PX214782.1	MT832193_Rhizophagus_dimorphicus	90.4	92.7	99.7	691
PX214782.1	MT832188_Rhizophagus_intraradices	90.0	92.7	99.9	690
PX214782.1	FR750072_Rhizophagus_fasciculatus	89.6	99.6	99.7	741
PX214782.1	MT832190_Rhizophagus_manihotis	88.7	92.6	99.9	690
PX214782.1	MT832191_Rhizophagus_clarus	88.3	92.7	99.9	690
PX214782.1	MT832189_Rhizophagus_intraradices	87.0	92.7	99.7	691
PX214782.1	MH560604.1_Halonatospora_panshihalos	85.9	97.2	91.2	721
PX214782.1	MH560602.1_Halonatospora_panshihalos	85.6	97.2	91.2	721
PX214782.1	MT832184_Oehlia_diaphana	85.3	92.2	99.6	692
PX214782.1	KJ564144.1_Microkaminenskia_perpusilla	83.3	96.5	90.6	726
PX214786.1	MT832195_Rhizophagus_irregularis	97.4	93.1	100.0	689
PX214786.1	MT832194_Rhizophagus_irregularis	94.5	93.0	99.9	690
PX214786.1	FM992400_Rhizophagus_proliferus	92.0	99.5	99.9	740
PX214786.1	MT832187_Rhizophagus_intraradices	91.7	92.6	99.9	690
PX214786.1	FM992391_Rhizophagus_proliferus	91.2	99.6	99.9	740
PX214786.1	MT832192_Rhizophagus_dimorphicus	91.0	92.8	99.9	690
PX214786.1	MT832193_Rhizophagus_dimorphicus	90.6	92.7	99.7	691
PX214786.1	MT832188_Rhizophagus_intraradices	90.4	92.7	99.9	690
PX214786.1	FR750072_Rhizophagus_fasciculatus	90.0	99.6	99.7	741
PX214786.1	MT832190_Rhizophagus_manihotis	89.3	92.6	99.9	690
PX214786.1	MT832191_Rhizophagus_clarus	89.0	92.7	99.9	690
PX214786.1	MT832186_Sclerocystis_sinuosa	87.6	93.2	99.7	691
PX214786.1	MH560604.1_Halonatospora_panshihalos	86.8	97.2	91.2	721
PX214786.1	MH560602.1_Halonatospora_panshihalos	86.5	97.2	91.2	721
PX214786.1	MK903007.1_Microkamienskia_peruviana	84.3	96.5	90.9	724
PX214786.1	MK903006.1_Microkamienskia_peruviana	84.3	96.5	90.9	724
PX214785.1	MT832195_Rhizophagus_irregularis	97.4	93.1	100.0	689
PX214785.1	MT832194_Rhizophagus_irregularis	94.5	93.0	99.9	690
PX214785.1	FM992400_Rhizophagus_proliferus	92.0	99.5	99.9	740
PX214785.1	MT832187_Rhizophagus_intraradices	91.7	92.6	99.9	690
PX214785.1	FM992391_Rhizophagus_proliferus	91.2	99.6	99.9	740
PX214785.1	MT832192_Rhizophagus_dimorphicus	91.0	92.8	99.9	690
PX214785.1	MT832193_Rhizophagus_dimorphicus	90.6	92.7	99.7	691
PX214785.1	MT832188_Rhizophagus_intraradices	90.4	92.7	99.9	690
PX214785.1	FR750072_Rhizophagus_fasciculatus	90.0	99.6	99.7	741
PX214785.1	MT832190_Rhizophagus_manihotis	89.3	92.6	99.9	690
PX214785.1	MT832191_Rhizophagus_clarus	89.0	92.7	99.9	690
PX214785.1	MT832186_Sclerocystis_sinuosa	87.6	93.2	99.7	691
PX214785.1	MH560604.1_Halonatospora_panshihalos	86.8	97.2	91.2	721
PX214785.1	MH560602.1_Halonatospora_panshihalos	86.5	97.2	91.2	721
PX214785.1	MK903007.1_Microkamienskia_peruviana	84.3	96.5	90.9	724
PX214785.1	MK903006.1_Microkamienskia_peruviana	84.3	96.5	90.9	724
PX214784.1	MT832195_Rhizophagus_irregularis	95.8	93.2	100.0	688
PX214784.1	MT832194_Rhizophagus_irregularis	92.7	93.1	99.9	689
PX214784.1	MT832187_Rhizophagus_intraradices	90.9	92.7	99.9	689
PX214784.1	FM992391_Rhizophagus_proliferus	90.8	99.7	99.9	739
PX214784.1	FM992400_Rhizophagus_proliferus	90.8	99.6	99.9	739
PX214784.1	MT832192_Rhizophagus_dimorphicus	90.4	93.0	99.9	689
PX214784.1	MT832193_Rhizophagus_dimorphicus	90.0	92.8	99.7	690
PX214784.1	MT832188_Rhizophagus_intraradices	89.8	92.8	99.9	689
PX214784.1	FR750072_Rhizophagus_fasciculatus	89.3	99.6	99.6	741
PX214784.1	MT832190_Rhizophagus_manihotis	88.5	92.7	99.9	689
PX214784.1	MT832191_Rhizophagus_clarus	88.1	92.8	99.9	689
PX214784.1	MT832186_Sclerocystis_sinuosa	86.8	93.2	99.6	691
PX214784.1	MT832189_Rhizophagus_intraradices	86.2	92.8	99.7	690
PX214784.1	MH560604.1_Halonatospora_panshihalos	86.0	97.2	91.1	721
PX214784.1	MT832184_Oehlia_diaphana	86.0	92.3	99.6	691
PX214784.1	KX758123.1_Microkamienskia_divaricata	82.6	96.6	90.9	724
PX214787.1	MT832195_Rhizophagus_irregularis	97.4	93.1	100.0	689
PX214787.1	MT832194_Rhizophagus_irregularis	94.5	93.0	99.9	690
PX214787.1	FM992400_Rhizophagus_proliferus	92.0	99.5	99.9	740
PX214787.1	MT832187_Rhizophagus_intraradices	91.7	92.6	99.9	690
PX214787.1	FM992391_Rhizophagus_proliferus	91.2	99.6	99.9	740
PX214787.1	MT832192_Rhizophagus_dimorphicus	91.0	92.8	99.9	690
PX214787.1	MT832193_Rhizophagus_dimorphicus	90.6	92.7	99.7	691
PX214787.1	MT832188_Rhizophagus_intraradices	90.4	92.7	99.9	690
PX214787.1	FR750072_Rhizophagus_fasciculatus	90.0	99.6	99.7	741
PX214787.1	MT832190_Rhizophagus_manihotis	89.3	92.6	99.9	690
PX214787.1	MT832191_Rhizophagus_clarus	89.0	92.7	99.9	690
PX214787.1	MT832186_Sclerocystis_sinuosa	87.6	93.2	99.7	691
PX214787.1	MH560604.1_Halonatospora_panshihalos	86.8	97.2	91.2	721
PX214787.1	MH560602.1_Halonatospora_panshihalos	86.5	97.2	91.2	721
PX214787.1	MK903007.1_Microkamienskia_peruviana	84.3	96.5	90.9	724
PX214787.1	MK903006.1_Microkamienskia_peruviana	84.3	96.5	90.9	724
PX214789.1	MT832195_Rhizophagus_irregularis	97.4	93.1	100.0	689
PX214789.1	MT832194_Rhizophagus_irregularis	94.5	93.0	99.9	690
PX214789.1	FM992400_Rhizophagus_proliferus	92.0	99.5	99.9	740
PX214789.1	MT832187_Rhizophagus_intraradices	91.7	92.6	99.9	690
PX214789.1	FM992391_Rhizophagus_proliferus	91.5	99.6	99.9	740
PX214789.1	MT832192_Rhizophagus_dimorphicus	91.0	92.8	99.9	690
PX214789.1	MT832193_Rhizophagus_dimorphicus	90.6	92.7	99.7	691
PX214789.1	MT832188_Rhizophagus_intraradices	90.4	92.7	99.9	690
PX214789.1	FR750072_Rhizophagus_fasciculatus	90.0	99.6	99.7	741
PX214789.1	MT832190_Rhizophagus_manihotis	89.3	92.6	99.9	690
PX214789.1	MT832191_Rhizophagus_clarus	89.0	92.7	99.9	690
PX214789.1	MT832189_Rhizophagus_intraradices	87.7	92.7	99.7	691
PX214789.1	MT832186_Sclerocystis_sinuosa	87.6	93.2	99.7	691
PX214789.1	MH560604.1_Halonatospora_panshihalos	86.8	97.2	91.2	721
PX214789.1	MH560602.1_Halonatospora_panshihalos	86.5	97.2	91.2	721
PX214789.1	MK903007.1_Microkamienskia_peruviana	84.5	96.5	90.9	724
PX214792.1	MT832195_Rhizophagus_irregularis	97.1	93.1	100.0	689
PX214792.1	MT832194_Rhizophagus_irregularis	94.5	93.0	99.9	690
PX214792.1	MT832187_Rhizophagus_intraradices	92.0	92.6	99.9	690
PX214792.1	FM992400_Rhizophagus_proliferus	92.0	99.5	99.9	740
PX214792.1	FM992391_Rhizophagus_proliferus	91.2	99.6	99.9	740
PX214792.1	MT832192_Rhizophagus_dimorphicus	91.0	92.8	99.9	690
PX214792.1	MT832188_Rhizophagus_intraradices	90.7	92.7	99.9	690
PX214792.1	MT832193_Rhizophagus_dimorphicus	90.6	92.7	99.7	691
PX214792.1	FR750072_Rhizophagus_fasciculatus	90.0	99.6	99.7	741
PX214792.1	MT832190_Rhizophagus_manihotis	89.3	92.6	99.9	690
PX214792.1	MT832191_Rhizophagus_clarus	89.0	92.7	99.9	690
PX214792.1	MT832189_Rhizophagus_intraradices	87.7	92.7	99.7	691
PX214792.1	MT832186_Sclerocystis_sinuosa	87.4	93.2	99.7	691
PX214792.1	MH560604.1_Halonatospora_panshihalos	86.8	97.2	91.2	721
PX214792.1	MH560602.1_Halonatospora_panshihalos	86.5	97.2	91.2	721
PX214792.1	MK903007.1_Microkamienskia_peruviana	84.5	96.5	90.9	724
PX214793.1	MT832195_Rhizophagus_irregularis	97.1	93.1	100.0	689
PX214793.1	MT832194_Rhizophagus_irregularis	94.5	93.0	99.9	690
PX214793.1	MT832187_Rhizophagus_intraradices	92.0	92.6	99.9	690
PX214793.1	FM992400_Rhizophagus_proliferus	92.0	99.5	99.9	740
PX214793.1	FM992391_Rhizophagus_proliferus	91.2	99.6	99.9	740
PX214793.1	MT832192_Rhizophagus_dimorphicus	91.0	92.8	99.9	690
PX214793.1	MT832188_Rhizophagus_intraradices	90.7	92.7	99.9	690
PX214793.1	MT832193_Rhizophagus_dimorphicus	90.6	92.7	99.7	691
PX214793.1	FR750072_Rhizophagus_fasciculatus	90.0	99.6	99.7	741
PX214793.1	MT832190_Rhizophagus_manihotis	89.3	92.6	99.9	690
PX214793.1	MT832191_Rhizophagus_clarus	89.0	92.7	99.9	690
PX214793.1	MT832189_Rhizophagus_intraradices	87.7	92.7	99.7	691
PX214793.1	MT832186_Sclerocystis_sinuosa	87.4	93.2	99.7	691
PX214793.1	MH560604.1_Halonatospora_panshihalos	86.8	97.2	91.2	721
PX214793.1	MH560602.1_Halonatospora_panshihalos	86.5	97.2	91.2	721
PX214793.1	MK903007.1_Microkamienskia_peruviana	84.5	96.5	90.9	724
PX214791.1	MT832195_Rhizophagus_irregularis	97.5	93.1	100.0	689
PX214791.1	MT832194_Rhizophagus_irregularis	94.6	93.0	99.9	690
PX214791.1	FM992400_Rhizophagus_proliferus	92.2	99.5	99.9	740
PX214791.1	MT832187_Rhizophagus_intraradices	91.9	92.6	99.9	690
PX214791.1	FM992391_Rhizophagus_proliferus	91.4	99.6	99.9	740
PX214791.1	MT832192_Rhizophagus_dimorphicus	91.2	92.8	99.9	690
PX214791.1	MT832193_Rhizophagus_dimorphicus	90.7	92.7	99.7	691
PX214791.1	MT832188_Rhizophagus_intraradices	90.6	92.7	99.9	690
PX214791.1	FR750072_Rhizophagus_fasciculatus	90.1	99.6	99.7	741
PX214791.1	MT832190_Rhizophagus_manihotis	89.4	92.6	99.9	690
PX214791.1	MT832191_Rhizophagus_clarus	89.1	92.7	99.9	690
PX214791.1	MT832186_Sclerocystis_sinuosa	87.7	93.2	99.7	691
PX214791.1	MH560604.1_Halonatospora_panshihalos	87.0	97.2	91.2	721
PX214791.1	MH560602.1_Halonatospora_panshihalos	86.7	97.2	91.2	721
PX214791.1	MK903007.1_Microkamienskia_peruviana	84.4	96.5	90.9	724
PX214791.1	MK903006.1_Microkamienskia_peruviana	84.4	96.5	90.9	724
PX214788.1	MT832195_Rhizophagus_irregularis	97.4	93.1	100.0	689
PX214788.1	MT832194_Rhizophagus_irregularis	94.5	93.0	99.9	690
PX214788.1	FM992400_Rhizophagus_proliferus	92.0	99.5	99.9	740
PX214788.1	MT832187_Rhizophagus_intraradices	91.7	92.6	99.9	690
PX214788.1	FM992391_Rhizophagus_proliferus	91.5	99.6	99.9	740
PX214788.1	MT832192_Rhizophagus_dimorphicus	91.0	92.8	99.9	690
PX214788.1	MT832193_Rhizophagus_dimorphicus	90.6	92.7	99.7	691
PX214788.1	MT832188_Rhizophagus_intraradices	90.4	92.7	99.9	690
PX214788.1	FR750072_Rhizophagus_fasciculatus	90.0	99.6	99.7	741
PX214788.1	MT832190_Rhizophagus_manihotis	89.3	92.6	99.9	690
PX214788.1	MT832191_Rhizophagus_clarus	89.0	92.7	99.9	690
PX214788.1	MT832189_Rhizophagus_intraradices	87.7	92.7	99.7	691
PX214788.1	MT832186_Sclerocystis_sinuosa	87.6	93.2	99.7	691
PX214788.1	MH560604.1_Halonatospora_panshihalos	86.8	97.2	91.2	721
PX214788.1	MH560602.1_Halonatospora_panshihalos	86.5	97.2	91.2	721
PX214788.1	MK903007.1_Microkamienskia_peruviana	84.5	96.5	90.9	724
PX214794.1	MT832195_Rhizophagus_irregularis	97.1	93.1	100.0	689
PX214794.1	MT832194_Rhizophagus_irregularis	94.5	93.0	99.9	690
PX214794.1	MT832187_Rhizophagus_intraradices	92.0	92.6	99.9	690
PX214794.1	FM992400_Rhizophagus_proliferus	92.0	99.5	99.9	740
PX214794.1	FM992391_Rhizophagus_proliferus	91.2	99.6	99.9	740
PX214794.1	MT832192_Rhizophagus_dimorphicus	91.0	92.8	99.9	690
PX214794.1	MT832188_Rhizophagus_intraradices	90.7	92.7	99.9	690
PX214794.1	MT832193_Rhizophagus_dimorphicus	90.6	92.7	99.7	691
PX214794.1	FR750072_Rhizophagus_fasciculatus	90.0	99.6	99.7	741
PX214794.1	MT832190_Rhizophagus_manihotis	89.3	92.6	99.9	690
PX214794.1	MT832191_Rhizophagus_clarus	89.0	92.7	99.9	690
PX214794.1	MT832189_Rhizophagus_intraradices	87.7	92.7	99.7	691
PX214794.1	MT832186_Sclerocystis_sinuosa	87.4	93.2	99.7	691
PX214794.1	MH560604.1_Halonatospora_panshihalos	86.8	97.2	91.2	721
PX214794.1	MH560602.1_Halonatospora_panshihalos	86.5	97.2	91.2	721
PX214794.1	MK903007.1_Microkamienskia_peruviana	84.5	96.5	90.9	724
PX214790.1	MT832195_Rhizophagus_irregularis	97.5	93.1	100.0	689
PX214790.1	MT832194_Rhizophagus_irregularis	94.6	93.0	99.9	690
PX214790.1	FM992400_Rhizophagus_proliferus	92.2	99.5	99.9	740
PX214790.1	MT832187_Rhizophagus_intraradices	91.9	92.6	99.9	690
PX214790.1	FM992391_Rhizophagus_proliferus	91.4	99.6	99.9	740
PX214790.1	MT832192_Rhizophagus_dimorphicus	91.2	92.8	99.9	690
PX214790.1	MT832193_Rhizophagus_dimorphicus	90.7	92.7	99.7	691
PX214790.1	MT832188_Rhizophagus_intraradices	90.6	92.7	99.9	690
PX214790.1	FR750072_Rhizophagus_fasciculatus	90.1	99.6	99.7	741
PX214790.1	MT832190_Rhizophagus_manihotis	89.4	92.6	99.9	690
PX214790.1	MT832191_Rhizophagus_clarus	89.1	92.7	99.9	690
PX214790.1	MT832186_Sclerocystis_sinuosa	87.7	93.2	99.7	691
PX214790.1	MH560604.1_Halonatospora_panshihalos	87.0	97.2	91.2	721
PX214790.1	MH560602.1_Halonatospora_panshihalos	86.7	97.2	91.2	721
PX214790.1	MK903007.1_Microkamienskia_peruviana	84.4	96.5	90.9	724
PX214790.1	MK903006.1_Microkamienskia_peruviana	84.4	96.5	90.9	724
PX214795.1	MT832195_Rhizophagus_irregularis	97.1	93.1	100.0	689
PX214795.1	MT832194_Rhizophagus_irregularis	94.5	93.0	99.9	690
PX214795.1	MT832187_Rhizophagus_intraradices	92.0	92.6	99.9	690
PX214795.1	FM992400_Rhizophagus_proliferus	92.0	99.5	99.9	740
PX214795.1	FM992391_Rhizophagus_proliferus	91.2	99.6	99.9	740
PX214795.1	MT832192_Rhizophagus_dimorphicus	91.0	92.8	99.9	690
PX214795.1	MT832188_Rhizophagus_intraradices	90.7	92.7	99.9	690
PX214795.1	MT832193_Rhizophagus_dimorphicus	90.6	92.7	99.7	691
PX214795.1	FR750072_Rhizophagus_fasciculatus	90.0	99.6	99.7	741
PX214795.1	MT832190_Rhizophagus_manihotis	89.3	92.6	99.9	690
PX214795.1	MT832191_Rhizophagus_clarus	89.0	92.7	99.9	690
PX214795.1	MT832189_Rhizophagus_intraradices	87.7	92.7	99.7	691
PX214795.1	MT832186_Sclerocystis_sinuosa	87.4	93.2	99.7	691
PX214795.1	MH560604.1_Halonatospora_panshihalos	86.8	97.2	91.2	721
PX214795.1	MH560602.1_Halonatospora_panshihalos	86.5	97.2	91.2	721
PX214795.1	MK903007.1_Microkamienskia_peruviana	84.5	96.5	90.9	724
PX214799.1	MT832195_Rhizophagus_irregularis	97.4	93.1	100.0	689
PX214799.1	MT832194_Rhizophagus_irregularis	94.9	93.0	99.9	690
PX214799.1	FM992400_Rhizophagus_proliferus	92.2	99.5	99.9	740
PX214799.1	MT832187_Rhizophagus_intraradices	92.0	92.6	99.9	690
PX214799.1	FM992391_Rhizophagus_proliferus	91.5	99.6	99.9	740
PX214799.1	MT832192_Rhizophagus_dimorphicus	91.3	92.8	99.9	690
PX214799.1	MT832193_Rhizophagus_dimorphicus	90.9	92.7	99.7	691
PX214799.1	MT832188_Rhizophagus_intraradices	90.7	92.7	99.9	690
PX214799.1	FR750072_Rhizophagus_fasciculatus	90.3	99.6	99.7	741
PX214799.1	MT832190_Rhizophagus_manihotis	89.9	92.6	99.9	690
PX214799.1	MT832191_Rhizophagus_clarus	89.6	92.7	99.9	690
PX214799.1	MT832185_Sclerocystis_sinuosa	88.0	93.4	99.6	692
PX214799.1	MT832186_Sclerocystis_sinuosa	87.8	93.2	99.7	691
PX214799.1	MH560604.1_Halonatospora_panshihalos	86.7	97.2	91.2	721
PX214799.1	MH560602.1_Halonatospora_panshihalos	86.4	97.2	91.2	721
PX214799.1	FR750526_Glomus_macrocarpum	82.6	98.8	99.6	742
PX214800.1	MT832195_Rhizophagus_irregularis	97.4	93.1	100.0	689
PX214800.1	MT832194_Rhizophagus_irregularis	94.9	93.0	99.9	690
PX214800.1	FM992400_Rhizophagus_proliferus	92.2	99.5	99.9	740
PX214800.1	MT832187_Rhizophagus_intraradices	92.0	92.6	99.9	690
PX214800.1	FM992391_Rhizophagus_proliferus	91.5	99.6	99.9	740
PX214800.1	MT832192_Rhizophagus_dimorphicus	91.3	92.8	99.9	690
PX214800.1	MT832193_Rhizophagus_dimorphicus	90.9	92.7	99.7	691
PX214800.1	MT832188_Rhizophagus_intraradices	90.7	92.7	99.9	690
PX214800.1	FR750072_Rhizophagus_fasciculatus	90.3	99.6	99.7	741
PX214800.1	MT832190_Rhizophagus_manihotis	89.9	92.6	99.9	690
PX214800.1	MT832191_Rhizophagus_clarus	89.6	92.7	99.9	690
PX214800.1	MT832185_Sclerocystis_sinuosa	88.0	93.4	99.6	692
PX214800.1	MT832186_Sclerocystis_sinuosa	87.8	93.2	99.7	691
PX214800.1	MH560604.1_Halonatospora_panshihalos	86.7	97.2	91.2	721
PX214800.1	MH560602.1_Halonatospora_panshihalos	86.4	97.2	91.2	721
PX214800.1	FR750526_Glomus_macrocarpum	82.6	98.8	99.6	742
PX214797.1	MT832195_Rhizophagus_irregularis	97.1	93.1	100.0	689
PX214797.1	MT832194_Rhizophagus_irregularis	94.2	93.0	99.9	690
PX214797.1	FM992400_Rhizophagus_proliferus	91.5	99.5	99.9	740
PX214797.1	MT832187_Rhizophagus_intraradices	91.4	92.6	99.9	690
PX214797.1	MT832192_Rhizophagus_dimorphicus	90.9	92.8	99.9	690
PX214797.1	FM992391_Rhizophagus_proliferus	90.8	99.6	99.9	740
PX214797.1	MT832193_Rhizophagus_dimorphicus	90.4	92.7	99.7	691
PX214797.1	MT832188_Rhizophagus_intraradices	90.1	92.7	99.9	690
PX214797.1	FR750072_Rhizophagus_fasciculatus	89.3	99.6	99.7	741
PX214797.1	MT832190_Rhizophagus_manihotis	89.1	92.6	99.9	690
PX214797.1	MT832191_Rhizophagus_clarus	88.8	92.7	99.9	690
PX214797.1	MT832186_Sclerocystis_sinuosa	87.3	93.2	99.7	691
PX214797.1	MH560604.1_Halonatospora_panshihalos	86.4	97.2	91.2	721
PX214797.1	MH560602.1_Halonatospora_panshihalos	86.1	97.2	91.2	721
PX214797.1	FR750526_Glomus_macrocarpum	82.3	98.8	99.6	742
PX214797.1	FR750539_Glomus_macrocarpum	82.2	98.6	99.6	742
PX214796.1	MT832195_Rhizophagus_irregularis	97.7	93.1	100.0	689
PX214796.1	MT832194_Rhizophagus_irregularis	94.8	93.0	99.9	690
PX214796.1	FM992400_Rhizophagus_proliferus	92.2	99.5	99.9	740
PX214796.1	MT832187_Rhizophagus_intraradices	92.0	92.6	99.9	690
PX214796.1	FM992391_Rhizophagus_proliferus	91.5	99.6	99.9	740
PX214796.1	MT832192_Rhizophagus_dimorphicus	91.3	92.8	99.9	690
PX214796.1	MT832193_Rhizophagus_dimorphicus	90.9	92.7	99.7	691
PX214796.1	MT832188_Rhizophagus_intraradices	90.7	92.7	99.9	690
PX214796.1	FR750072_Rhizophagus_fasciculatus	90.0	99.6	99.7	741
PX214796.1	MT832190_Rhizophagus_manihotis	89.6	92.6	99.9	690
PX214796.1	MT832191_Rhizophagus_clarus	89.3	92.7	99.9	690
PX214796.1	MT832185_Sclerocystis_sinuosa	88.0	93.4	99.6	692
PX214796.1	MT832186_Sclerocystis_sinuosa	87.8	93.2	99.7	691
PX214796.1	MT832189_Rhizophagus_intraradices	87.4	92.7	99.7	691
PX214796.1	MH560604.1_Halonatospora_panshihalos	87.1	97.2	91.2	721
PX214796.1	MH560602.1_Halonatospora_panshihalos	86.8	97.2	91.2	721
PX214798.1	MT832195_Rhizophagus_irregularis	97.5	93.1	100.0	689
PX214798.1	MT832194_Rhizophagus_irregularis	94.6	93.0	99.9	690
PX214798.1	FM992400_Rhizophagus_proliferus	92.0	99.5	99.9	740
PX214798.1	MT832187_Rhizophagus_intraradices	91.9	92.6	99.9	690
PX214798.1	FM992391_Rhizophagus_proliferus	91.4	99.6	99.9	740
PX214798.1	MT832192_Rhizophagus_dimorphicus	91.2	92.8	99.9	690
PX214798.1	MT832193_Rhizophagus_dimorphicus	90.7	92.7	99.7	691
PX214798.1	MT832188_Rhizophagus_intraradices	90.6	92.7	99.9	690
PX214798.1	FR750072_Rhizophagus_fasciculatus	89.9	99.6	99.7	741
PX214798.1	MT832190_Rhizophagus_manihotis	89.4	92.6	99.9	690
PX214798.1	MT832191_Rhizophagus_clarus	89.1	92.7	99.9	690
PX214798.1	MT832185_Sclerocystis_sinuosa	87.9	93.4	99.6	692
PX214798.1	MT832186_Sclerocystis_sinuosa	87.7	93.2	99.7	691
PX214798.1	MH560604.1_Halonatospora_panshihalos	87.0	97.2	91.2	721
PX214798.1	MH560602.1_Halonatospora_panshihalos	86.7	97.2	91.2	721
PX214798.1	FR750539_Glomus_macrocarpum	82.5	98.6	99.6	742
PX214803.1	MT832194_Rhizophagus_irregularis	97.2	93.0	99.9	690
PX214803.1	MT832195_Rhizophagus_irregularis	95.9	93.1	100.0	689
PX214803.1	FM992400_Rhizophagus_proliferus	93.5	99.5	99.9	740
PX214803.1	MT832192_Rhizophagus_dimorphicus	93.3	92.8	99.9	690
PX214803.1	FM992391_Rhizophagus_proliferus	93.1	99.6	99.9	740
PX214803.1	MT832193_Rhizophagus_dimorphicus	92.8	92.7	99.7	691
PX214803.1	MT832187_Rhizophagus_intraradices	92.5	92.6	99.9	690
PX214803.1	MT832188_Rhizophagus_intraradices	92.5	92.7	99.9	690
PX214803.1	FR750072_Rhizophagus_fasciculatus	91.9	99.6	99.7	741
PX214803.1	MT832190_Rhizophagus_manihotis	91.6	92.6	99.9	690
PX214803.1	MT832191_Rhizophagus_clarus	91.3	92.7	99.9	690
PX214803.1	MT832185_Sclerocystis_sinuosa	88.6	93.4	99.6	692
PX214803.1	MT832189_Rhizophagus_intraradices	88.4	92.7	99.7	691
PX214803.1	MT832186_Sclerocystis_sinuosa	88.3	93.2	99.7	691
PX214803.1	MH560604.1_Halonatospora_panshihalos	86.4	97.2	91.2	721
PX214803.1	FR750526_Glomus_macrocarpum	83.2	98.8	99.6	742
PX214802.1	MT832194_Rhizophagus_irregularis	97.2	93.0	99.9	690
PX214802.1	MT832195_Rhizophagus_irregularis	95.6	93.1	100.0	689
PX214802.1	FM992400_Rhizophagus_proliferus	93.5	99.5	99.9	740
PX214802.1	MT832192_Rhizophagus_dimorphicus	93.3	92.8	99.9	690
PX214802.1	FM992391_Rhizophagus_proliferus	93.1	99.6	99.9	740
PX214802.1	MT832193_Rhizophagus_dimorphicus	92.8	92.7	99.7	691
PX214802.1	MT832187_Rhizophagus_intraradices	92.5	92.6	99.9	690
PX214802.1	MT832188_Rhizophagus_intraradices	92.5	92.7	99.9	690
PX214802.1	FR750072_Rhizophagus_fasciculatus	91.9	99.6	99.7	741
PX214802.1	MT832190_Rhizophagus_manihotis	91.6	92.6	99.9	690
PX214802.1	MT832191_Rhizophagus_clarus	91.3	92.7	99.9	690
PX214802.1	MT832189_Rhizophagus_intraradices	88.4	92.7	99.7	691
PX214802.1	MT832185_Sclerocystis_sinuosa	88.3	93.4	99.6	692
PX214802.1	MT832186_Sclerocystis_sinuosa	88.0	93.2	99.7	691
PX214802.1	FN547496_Funneliformis_caledonius	83.3	100.0	99.3	744
PX214802.1	FR750526_Glomus_macrocarpum	82.9	98.8	99.6	742
PX214801.1	MT832195_Rhizophagus_irregularis	97.4	93.1	100.0	689
PX214801.1	MT832194_Rhizophagus_irregularis	94.5	93.0	99.9	690
PX214801.1	FM992400_Rhizophagus_proliferus	92.0	99.5	99.9	740
PX214801.1	MT832187_Rhizophagus_intraradices	91.7	92.6	99.9	690
PX214801.1	FM992391_Rhizophagus_proliferus	91.2	99.6	99.9	740
PX214801.1	MT832192_Rhizophagus_dimorphicus	91.0	92.8	99.9	690
PX214801.1	MT832193_Rhizophagus_dimorphicus	90.6	92.7	99.7	691
PX214801.1	MT832188_Rhizophagus_intraradices	90.4	92.7	99.9	690
PX214801.1	FR750072_Rhizophagus_fasciculatus	90.0	99.6	99.7	741
PX214801.1	MT832190_Rhizophagus_manihotis	89.3	92.6	99.9	690
PX214801.1	MT832191_Rhizophagus_clarus	89.0	92.7	99.9	690
PX214801.1	MT832186_Sclerocystis_sinuosa	87.6	93.2	99.7	691
PX214801.1	MH560604.1_Halonatospora_panshihalos	86.8	97.2	91.2	721
PX214801.1	MH560602.1_Halonatospora_panshihalos	86.5	97.2	91.2	721
PX214801.1	MK903007.1_Microkamienskia_peruviana	84.3	96.5	90.9	724
PX214801.1	MK903006.1_Microkamienskia_peruviana	84.3	96.5	90.9	724
PX214804.1	MT832194_Rhizophagus_irregularis	99.6	93.2	100.0	688
PX214804.1	MT832192_Rhizophagus_dimorphicus	94.3	93.1	100.0	688
PX214804.1	MT832195_Rhizophagus_irregularis	94.0	93.1	99.9	689
PX214804.1	FM992400_Rhizophagus_proliferus	93.9	99.7	100.0	738
PX214804.1	MT832193_Rhizophagus_dimorphicus	93.8	93.0	99.9	689
PX214804.1	FM992391_Rhizophagus_proliferus	93.6	99.9	100.0	738
PX214804.1	MT832187_Rhizophagus_intraradices	93.2	92.8	100.0	688
PX214804.1	MT832188_Rhizophagus_intraradices	93.2	93.0	100.0	688
PX214804.1	FR750072_Rhizophagus_fasciculatus	93.0	99.7	99.7	740
PX214804.1	MT832190_Rhizophagus_manihotis	92.9	92.8	100.0	688
PX214804.1	MT832191_Rhizophagus_clarus	92.5	92.8	99.9	689
PX214804.1	MT832189_Rhizophagus_intraradices	89.6	92.8	99.7	690
PX214804.1	MT832185_Sclerocystis_sinuosa	88.2	93.4	99.4	692
PX214804.1	MT832186_Sclerocystis_sinuosa	87.7	93.2	99.6	691
PX214804.1	MH560604.1_Halonatospora_panshihalos	87.7	97.2	91.1	721
PX214804.1	MK903007.1_Microkamienskia_peruviana	83.6	96.5	90.8	724
PX214805.1	MT832194_Rhizophagus_irregularis	99.4	93.2	100.0	688
PX214805.1	MT832195_Rhizophagus_irregularis	94.5	93.1	99.9	689
PX214805.1	MT832192_Rhizophagus_dimorphicus	94.5	93.1	100.0	688
PX214805.1	FM992400_Rhizophagus_proliferus	94.0	99.7	100.0	738
PX214805.1	MT832193_Rhizophagus_dimorphicus	93.9	93.0	99.9	689
PX214805.1	FM992391_Rhizophagus_proliferus	93.5	99.9	100.0	738
PX214805.1	MT832187_Rhizophagus_intraradices	93.3	92.8	100.0	688
PX214805.1	MT832188_Rhizophagus_intraradices	93.3	93.0	100.0	688
PX214805.1	FR750072_Rhizophagus_fasciculatus	93.1	99.7	99.7	740
PX214805.1	MT832190_Rhizophagus_manihotis	92.7	92.8	100.0	688
PX214805.1	MT832191_Rhizophagus_clarus	92.3	92.8	99.9	689
PX214805.1	MT832189_Rhizophagus_intraradices	89.4	92.8	99.7	690
PX214805.1	MT832185_Sclerocystis_sinuosa	88.0	93.4	99.4	692
PX214805.1	MH560604.1_Halonatospora_panshihalos	87.8	97.2	91.1	721
PX214805.1	MT832186_Sclerocystis_sinuosa	87.6	93.2	99.6	691
PX214805.1	FR750526_Glomus_macrocarpum	83.1	98.9	99.6	741
PX214806.1	MT832194_Rhizophagus_irregularis	97.8	93.1	100.0	689
PX214806.1	MT832192_Rhizophagus_dimorphicus	94.8	93.0	100.0	689
PX214806.1	MT832193_Rhizophagus_dimorphicus	94.2	92.8	99.9	690
PX214806.1	MT832195_Rhizophagus_irregularis	93.9	93.0	99.9	690
PX214806.1	FM992400_Rhizophagus_proliferus	93.8	99.6	100.0	739
PX214806.1	MT832188_Rhizophagus_intraradices	93.5	92.8	100.0	689
PX214806.1	FR750072_Rhizophagus_fasciculatus	93.4	99.6	99.7	741
PX214806.1	FM992391_Rhizophagus_proliferus	93.2	99.7	100.0	739
PX214806.1	MT832187_Rhizophagus_intraradices	92.6	92.7	100.0	689
PX214806.1	MT832190_Rhizophagus_manihotis	92.5	92.7	100.0	689
PX214806.1	MT832191_Rhizophagus_clarus	92.0	92.7	99.9	690
PX214806.1	MT832189_Rhizophagus_intraradices	89.4	92.7	99.7	691
PX214806.1	MH560604.1_Halonatospora_panshihalos	88.2	97.0	91.1	722
PX214806.1	MH560602.1_Halonatospora_panshihalos	88.0	97.0	91.1	722
PX214806.1	MT832185_Sclerocystis_sinuosa	87.6	93.2	99.4	693
PX214806.1	MT832186_Sclerocystis_sinuosa	87.6	93.1	99.6	692
PX214807.1	MT832194_Rhizophagus_irregularis	97.7	93.1	100.0	689
PX214807.1	MT832192_Rhizophagus_dimorphicus	94.3	93.0	100.0	689
PX214807.1	MT832193_Rhizophagus_dimorphicus	93.8	92.8	99.9	690
PX214807.1	MT832195_Rhizophagus_irregularis	93.8	93.0	99.9	690
PX214807.1	FM992400_Rhizophagus_proliferus	93.6	99.6	100.0	739
PX214807.1	MT832188_Rhizophagus_intraradices	93.3	92.8	100.0	689
PX214807.1	FR750072_Rhizophagus_fasciculatus	93.3	99.6	99.7	741
PX214807.1	FM992391_Rhizophagus_proliferus	93.1	99.7	100.0	739
PX214807.1	MT832187_Rhizophagus_intraradices	92.5	92.7	100.0	689
PX214807.1	MT832190_Rhizophagus_manihotis	92.3	92.7	100.0	689
PX214807.1	MT832191_Rhizophagus_clarus	91.9	92.7	99.9	690
PX214807.1	MT832189_Rhizophagus_intraradices	89.3	92.7	99.7	691
PX214807.1	MH560604.1_Halonatospora_panshihalos	87.8	97.0	91.1	722
PX214807.1	MT832185_Sclerocystis_sinuosa	87.7	93.2	99.4	693
PX214807.1	MT832186_Sclerocystis_sinuosa	87.4	93.1	99.6	692
PX214807.1	FM876794_Funneliformis_coronatus	83.0	99.9	99.2	745
PX214809.1	MT832194_Rhizophagus_irregularis	97.7	93.1	100.0	689
PX214809.1	MT832192_Rhizophagus_dimorphicus	94.3	93.0	100.0	689
PX214809.1	MT832193_Rhizophagus_dimorphicus	93.8	92.8	99.9	690
PX214809.1	MT832195_Rhizophagus_irregularis	93.8	93.0	99.9	690
PX214809.1	FM992400_Rhizophagus_proliferus	93.6	99.6	100.0	739
PX214809.1	MT832188_Rhizophagus_intraradices	93.3	92.8	100.0	689
PX214809.1	FR750072_Rhizophagus_fasciculatus	93.3	99.6	99.7	741
PX214809.1	FM992391_Rhizophagus_proliferus	93.1	99.7	100.0	739
PX214809.1	MT832187_Rhizophagus_intraradices	92.5	92.7	100.0	689
PX214809.1	MT832190_Rhizophagus_manihotis	92.3	92.7	100.0	689
PX214809.1	MT832191_Rhizophagus_clarus	91.9	92.7	99.9	690
PX214809.1	MT832189_Rhizophagus_intraradices	89.3	92.7	99.7	691
PX214809.1	MH560604.1_Halonatospora_panshihalos	87.8	97.0	91.1	722
PX214809.1	MT832185_Sclerocystis_sinuosa	87.7	93.2	99.4	693
PX214809.1	MT832186_Sclerocystis_sinuosa	87.4	93.1	99.6	692
PX214809.1	FM876794_Funneliformis_coronatus	83.0	99.9	99.2	745
PX214808.1	MT832194_Rhizophagus_irregularis	97.7	93.1	100.0	689
PX214808.1	MT832192_Rhizophagus_dimorphicus	94.3	93.0	100.0	689
PX214808.1	MT832193_Rhizophagus_dimorphicus	93.8	92.8	99.9	690
PX214808.1	MT832195_Rhizophagus_irregularis	93.8	93.0	99.9	690
PX214808.1	FM992400_Rhizophagus_proliferus	93.6	99.6	100.0	739
PX214808.1	MT832188_Rhizophagus_intraradices	93.3	92.8	100.0	689
PX214808.1	FR750072_Rhizophagus_fasciculatus	93.3	99.6	99.7	741
PX214808.1	FM992391_Rhizophagus_proliferus	93.1	99.7	100.0	739
PX214808.1	MT832187_Rhizophagus_intraradices	92.5	92.7	100.0	689
PX214808.1	MT832190_Rhizophagus_manihotis	92.3	92.7	100.0	689
PX214808.1	MT832191_Rhizophagus_clarus	91.9	92.7	99.9	690
PX214808.1	MT832189_Rhizophagus_intraradices	89.3	92.7	99.7	691
PX214808.1	MH560604.1_Halonatospora_panshihalos	87.8	97.0	91.1	722
PX214808.1	MT832185_Sclerocystis_sinuosa	87.7	93.2	99.4	693
PX214808.1	MT832186_Sclerocystis_sinuosa	87.4	93.1	99.6	692
PX214808.1	FM876794_Funneliformis_coronatus	83.0	99.9	99.2	745
PX214810.1	MT832194_Rhizophagus_irregularis	97.7	93.1	100.0	689
PX214810.1	MT832192_Rhizophagus_dimorphicus	94.3	93.0	100.0	689
PX214810.1	MT832193_Rhizophagus_dimorphicus	93.8	92.8	99.9	690
PX214810.1	MT832195_Rhizophagus_irregularis	93.8	93.0	99.9	690
PX214810.1	FM992400_Rhizophagus_proliferus	93.6	99.6	100.0	739
PX214810.1	MT832188_Rhizophagus_intraradices	93.3	92.8	100.0	689
PX214810.1	FR750072_Rhizophagus_fasciculatus	93.3	99.6	99.7	741
PX214810.1	FM992391_Rhizophagus_proliferus	93.1	99.7	100.0	739
PX214810.1	MT832187_Rhizophagus_intraradices	92.5	92.7	100.0	689
PX214810.1	MT832190_Rhizophagus_manihotis	92.3	92.7	100.0	689
PX214810.1	MT832191_Rhizophagus_clarus	91.9	92.7	99.9	690
PX214810.1	MT832189_Rhizophagus_intraradices	89.3	92.7	99.7	691
PX214810.1	MH560604.1_Halonatospora_panshihalos	87.8	97.0	91.1	722
PX214810.1	MT832185_Sclerocystis_sinuosa	87.7	93.2	99.4	693
PX214810.1	MT832186_Sclerocystis_sinuosa	87.4	93.1	99.6	692
PX214810.1	FM876794_Funneliformis_coronatus	83.0	99.9	99.2	745
PX214811.1	MT832194_Rhizophagus_irregularis	97.4	93.1	100.0	689
PX214811.1	MT832192_Rhizophagus_dimorphicus	94.3	93.0	100.0	689
PX214811.1	MT832195_Rhizophagus_irregularis	94.1	93.0	99.9	690
PX214811.1	FM992400_Rhizophagus_proliferus	93.8	99.6	100.0	739
PX214811.1	MT832193_Rhizophagus_dimorphicus	93.8	92.8	99.9	690
PX214811.1	FR750072_Rhizophagus_fasciculatus	93.5	99.6	99.7	741
PX214811.1	MT832188_Rhizophagus_intraradices	93.3	92.8	100.0	689
PX214811.1	FM992391_Rhizophagus_proliferus	92.8	99.7	100.0	739
PX214811.1	MT832187_Rhizophagus_intraradices	92.5	92.7	100.0	689
PX214811.1	MT832190_Rhizophagus_manihotis	92.0	92.7	100.0	689
PX214811.1	MT832191_Rhizophagus_clarus	91.6	92.7	99.9	690
PX214811.1	MT832189_Rhizophagus_intraradices	89.3	92.7	99.7	691
PX214811.1	MH560604.1_Halonatospora_panshihalos	88.1	97.0	91.1	722
PX214811.1	MH560602.1_Halonatospora_panshihalos	87.8	97.0	91.1	722
PX214811.1	MT832185_Sclerocystis_sinuosa	87.7	93.2	99.4	693
PX214811.1	MT832186_Sclerocystis_sinuosa	87.7	93.1	99.6	692
PX214812.1	MT832194_Rhizophagus_irregularis	97.4	93.1	100.0	689
PX214812.1	MT832192_Rhizophagus_dimorphicus	94.3	93.0	100.0	689
PX214812.1	MT832195_Rhizophagus_irregularis	94.1	93.0	99.9	690
PX214812.1	FM992400_Rhizophagus_proliferus	93.8	99.6	100.0	739
PX214812.1	MT832193_Rhizophagus_dimorphicus	93.8	92.8	99.9	690
PX214812.1	FR750072_Rhizophagus_fasciculatus	93.5	99.6	99.7	741
PX214812.1	MT832188_Rhizophagus_intraradices	93.3	92.8	100.0	689
PX214812.1	FM992391_Rhizophagus_proliferus	92.8	99.7	100.0	739
PX214812.1	MT832187_Rhizophagus_intraradices	92.5	92.7	100.0	689
PX214812.1	MT832190_Rhizophagus_manihotis	92.0	92.7	100.0	689
PX214812.1	MT832191_Rhizophagus_clarus	91.6	92.7	99.9	690
PX214812.1	MT832189_Rhizophagus_intraradices	89.3	92.7	99.7	691
PX214812.1	MH560604.1_Halonatospora_panshihalos	88.1	97.0	91.1	722
PX214812.1	MH560602.1_Halonatospora_panshihalos	87.8	97.0	91.1	722
PX214812.1	MT832185_Sclerocystis_sinuosa	87.7	93.2	99.4	693
PX214812.1	MT832186_Sclerocystis_sinuosa	87.7	93.1	99.6	692
PX214813.1	MT832195_Rhizophagus_irregularis	99.7	93.2	100.0	688
PX214813.1	MT832194_Rhizophagus_irregularis	94.2	93.1	99.9	689
PX214813.1	FM992400_Rhizophagus_proliferus	92.0	99.6	99.9	739
PX214813.1	MT832187_Rhizophagus_intraradices	91.9	92.7	99.9	689
PX214813.1	FM992391_Rhizophagus_proliferus	91.5	99.7	99.9	739
PX214813.1	MT832188_Rhizophagus_intraradices	90.9	92.8	99.9	689
PX214813.1	MT832192_Rhizophagus_dimorphicus	90.6	93.0	99.9	689
PX214813.1	MT832193_Rhizophagus_dimorphicus	90.4	92.8	99.7	690
PX214813.1	FR750072_Rhizophagus_fasciculatus	90.4	99.6	99.6	741
PX214813.1	MT832190_Rhizophagus_manihotis	89.7	92.7	99.9	689
PX214813.1	MT832191_Rhizophagus_clarus	89.3	92.8	99.9	689
PX214813.1	MT832185_Sclerocystis_sinuosa	87.6	93.4	99.4	692
PX214813.1	MT832186_Sclerocystis_sinuosa	87.1	93.2	99.6	691
PX214813.1	MT832189_Rhizophagus_intraradices	86.5	92.8	99.7	690
PX214813.1	KX758123.1_Microkamienskia_divaricata	83.6	96.6	90.9	724
PX214813.1	FR750526_Glomus_macrocarpum	82.7	98.9	99.6	741
PX214814.1	MT832195_Rhizophagus_irregularis	99.7	93.2	100.0	688
PX214814.1	MT832194_Rhizophagus_irregularis	94.2	93.1	99.9	689
PX214814.1	FM992400_Rhizophagus_proliferus	92.0	99.6	99.9	739
PX214814.1	MT832187_Rhizophagus_intraradices	91.9	92.7	99.9	689
PX214814.1	FM992391_Rhizophagus_proliferus	91.5	99.7	99.9	739
PX214814.1	MT832188_Rhizophagus_intraradices	90.9	92.8	99.9	689
PX214814.1	MT832192_Rhizophagus_dimorphicus	90.6	93.0	99.9	689
PX214814.1	MT832193_Rhizophagus_dimorphicus	90.4	92.8	99.7	690
PX214814.1	FR750072_Rhizophagus_fasciculatus	90.4	99.6	99.6	741
PX214814.1	MT832190_Rhizophagus_manihotis	89.7	92.7	99.9	689
PX214814.1	MT832191_Rhizophagus_clarus	89.3	92.8	99.9	689
PX214814.1	MT832185_Sclerocystis_sinuosa	87.6	93.4	99.4	692
PX214814.1	MT832186_Sclerocystis_sinuosa	87.1	93.2	99.6	691
PX214814.1	MT832189_Rhizophagus_intraradices	86.5	92.8	99.7	690
PX214814.1	KX758123.1_Microkamienskia_divaricata	83.6	96.6	90.9	724
PX214814.1	FR750526_Glomus_macrocarpum	82.7	98.9	99.6	741
PX214823.1	MT832194_Rhizophagus_irregularis	95.3	94.6	99.7	688
PX214823.1	MT832195_Rhizophagus_irregularis	94.3	94.5	99.6	689
PX214823.1	MT832187_Rhizophagus_intraradices	92.6	94.3	99.9	687
PX214823.1	MT832192_Rhizophagus_dimorphicus	92.0	94.5	99.7	688
PX214823.1	MT832193_Rhizophagus_dimorphicus	91.6	94.3	99.6	689
PX214823.1	MT832188_Rhizophagus_intraradices	91.1	94.3	99.7	688
PX214823.1	FM992400_Rhizophagus_proliferus	90.8	99.9	98.4	737
PX214823.1	MT832190_Rhizophagus_manihotis	90.6	94.2	99.7	688
PX214823.1	FM992391_Rhizophagus_proliferus	90.2	99.9	98.2	738
PX214823.1	MT832191_Rhizophagus_clarus	90.1	94.2	99.6	689
PX214823.1	FR750072_Rhizophagus_fasciculatus	89.3	99.9	98.1	739
PX214823.1	MT832189_Rhizophagus_intraradices	88.0	94.2	99.4	690
PX214823.1	MT832185_Sclerocystis_sinuosa	87.3	94.8	99.1	692
PX214823.1	MT832186_Sclerocystis_sinuosa	87.0	94.8	99.4	690
PX214823.1	MH560604.1_Halonatospora_panshihalos	86.7	98.8	91.0	720
PX214823.1	MH560602.1_Halonatospora_panshihalos	86.4	98.8	91.0	720
PX214815.1	MT832195_Rhizophagus_irregularis	100.0	93.2	100.0	688
PX214815.1	MT832194_Rhizophagus_irregularis	93.9	93.1	99.9	689
PX214815.1	FM992400_Rhizophagus_proliferus	91.7	99.6	99.9	739
PX214815.1	MT832187_Rhizophagus_intraradices	91.6	92.7	99.9	689
PX214815.1	FM992391_Rhizophagus_proliferus	91.2	99.7	99.9	739
PX214815.1	MT832188_Rhizophagus_intraradices	90.6	92.8	99.9	689
PX214815.1	MT832192_Rhizophagus_dimorphicus	90.3	93.0	99.9	689
PX214815.1	FR750072_Rhizophagus_fasciculatus	90.1	99.6	99.6	741
PX214815.1	MT832193_Rhizophagus_dimorphicus	90.1	92.8	99.7	690
PX214815.1	MT832190_Rhizophagus_manihotis	89.4	92.7	99.9	689
PX214815.1	MT832191_Rhizophagus_clarus	89.0	92.8	99.9	689
PX214815.1	MT832185_Sclerocystis_sinuosa	87.3	93.4	99.4	692
PX214815.1	MT832186_Sclerocystis_sinuosa	86.8	93.2	99.6	691
PX214815.1	MH560602.1_Halonatospora_panshihalos	86.5	97.2	91.1	721
PX214815.1	MT832189_Rhizophagus_intraradices	86.2	92.8	99.7	690
PX214815.1	FR750526_Glomus_macrocarpum	82.5	98.9	99.6	741
PX214824.1	MT832194_Rhizophagus_irregularis	95.2	93.2	99.7	688
PX214824.1	MT832195_Rhizophagus_irregularis	94.0	93.1	99.6	689
PX214824.1	MT832187_Rhizophagus_intraradices	92.3	92.9	99.9	687
PX214824.1	FM992400_Rhizophagus_proliferus	92.0	99.9	99.9	737
PX214824.1	FM992391_Rhizophagus_proliferus	91.7	99.9	99.7	738
PX214824.1	MT832192_Rhizophagus_dimorphicus	91.6	93.1	99.7	688
PX214824.1	MT832193_Rhizophagus_dimorphicus	91.1	92.9	99.6	689
PX214824.1	MT832188_Rhizophagus_intraradices	91.0	92.9	99.7	688
PX214824.1	FR750072_Rhizophagus_fasciculatus	90.5	99.9	99.6	739
PX214824.1	MT832190_Rhizophagus_manihotis	90.4	92.8	99.7	688
PX214824.1	MT832191_Rhizophagus_clarus	90.0	92.8	99.6	689
PX214824.1	MH560604.1_Halonatospora_panshihalos	87.5	97.3	91.0	720
PX214824.1	MT832185_Sclerocystis_sinuosa	87.4	93.3	99.1	692
PX214824.1	MH560602.1_Halonatospora_panshihalos	87.2	97.3	91.0	720
PX214824.1	MT832186_Sclerocystis_sinuosa	87.0	93.3	99.4	690
PX214824.1	KX758123.1_Microkamienskia_divaricata	83.0	96.7	90.8	723
PX214818.1	MT832194_Rhizophagus_irregularis	95.6	93.2	99.7	688
PX214818.1	MT832195_Rhizophagus_irregularis	94.6	93.1	99.6	689
PX214818.1	MT832187_Rhizophagus_intraradices	92.9	92.9	99.9	687
PX214818.1	FM992400_Rhizophagus_proliferus	92.5	99.9	99.9	737
PX214818.1	MT832192_Rhizophagus_dimorphicus	92.3	93.1	99.7	688
PX214818.1	FM992391_Rhizophagus_proliferus	92.0	99.9	99.7	738
PX214818.1	MT832193_Rhizophagus_dimorphicus	91.9	92.9	99.6	689
PX214818.1	MT832188_Rhizophagus_intraradices	91.4	92.9	99.7	688
PX214818.1	FR750072_Rhizophagus_fasciculatus	91.1	99.9	99.6	739
PX214818.1	MT832190_Rhizophagus_manihotis	90.8	92.8	99.7	688
PX214818.1	MT832191_Rhizophagus_clarus	90.4	92.8	99.6	689
PX214818.1	MH560604.1_Halonatospora_panshihalos	88.2	97.3	91.0	720
PX214818.1	MT832189_Rhizophagus_intraradices	88.0	92.8	99.4	690
PX214818.1	MH560602.1_Halonatospora_panshihalos	87.9	97.3	91.0	720
PX214818.1	MT832186_Sclerocystis_sinuosa	87.2	93.3	99.4	690
PX214818.1	KX758123.1_Microkamienskia_divaricata	83.1	96.7	90.8	723
PX214819.1	MT832194_Rhizophagus_irregularis	95.8	93.2	99.7	688
PX214819.1	MT832195_Rhizophagus_irregularis	94.8	93.1	99.6	689
PX214819.1	MT832187_Rhizophagus_intraradices	92.7	92.9	99.9	687
PX214819.1	FM992400_Rhizophagus_proliferus	92.7	99.9	99.9	737
PX214819.1	MT832192_Rhizophagus_dimorphicus	92.4	93.1	99.7	688
PX214819.1	FM992391_Rhizophagus_proliferus	92.1	99.9	99.7	738
PX214819.1	MT832193_Rhizophagus_dimorphicus	92.0	92.9	99.6	689
PX214819.1	MT832188_Rhizophagus_intraradices	91.6	92.9	99.7	688
PX214819.1	FR750072_Rhizophagus_fasciculatus	91.5	99.9	99.6	739
PX214819.1	MT832190_Rhizophagus_manihotis	91.0	92.8	99.7	688
PX214819.1	MT832191_Rhizophagus_clarus	90.6	92.8	99.6	689
PX214819.1	MT832189_Rhizophagus_intraradices	88.4	92.8	99.4	690
PX214819.1	MH560604.1_Halonatospora_panshihalos	88.2	97.3	91.0	720
PX214819.1	MH560602.1_Halonatospora_panshihalos	87.9	97.3	91.0	720
PX214819.1	MT832186_Sclerocystis_sinuosa	87.4	93.3	99.4	690
PX214819.1	KX758123.1_Microkamienskia_divaricata	83.5	96.7	90.8	723
PX214820.1	MT832194_Rhizophagus_irregularis	94.9	93.2	99.7	688
PX214820.1	MT832195_Rhizophagus_irregularis	94.8	93.1	99.6	689
PX214820.1	MT832187_Rhizophagus_intraradices	92.4	92.9	99.9	687
PX214820.1	FM992400_Rhizophagus_proliferus	92.1	99.9	99.9	737
PX214820.1	FM992391_Rhizophagus_proliferus	91.9	99.9	99.7	738
PX214820.1	MT832192_Rhizophagus_dimorphicus	91.9	93.1	99.7	688
PX214820.1	MT832193_Rhizophagus_dimorphicus	91.7	92.9	99.6	689
PX214820.1	FR750072_Rhizophagus_fasciculatus	91.3	99.9	99.6	739
PX214820.1	MT832188_Rhizophagus_intraradices	91.3	92.9	99.7	688
PX214820.1	MT832190_Rhizophagus_manihotis	90.6	92.8	99.7	688
PX214820.1	MT832191_Rhizophagus_clarus	90.1	92.8	99.6	689
PX214820.1	MT832186_Sclerocystis_sinuosa	87.4	93.3	99.4	690
PX214820.1	KX758123.1_Microkamienskia_divaricata	83.5	96.7	90.8	723
PX214820.1	FR750526_Glomus_macrocarpum	83.5	98.9	99.3	741
PX214820.1	MK903007.1_Microkamienskia_peruviana	83.0	96.6	90.7	723
PX214820.1	MK903006.1_Microkamienskia_peruviana	83.0	96.6	90.7	723
PX214821.1	MT832194_Rhizophagus_irregularis	95.1	93.2	99.7	688
PX214821.1	MT832195_Rhizophagus_irregularis	94.0	93.1	99.6	689
PX214821.1	MT832187_Rhizophagus_intraradices	92.3	92.9	99.9	687
PX214821.1	FM992400_Rhizophagus_proliferus	92.0	99.9	99.9	737
PX214821.1	MT832192_Rhizophagus_dimorphicus	91.7	93.1	99.7	688
PX214821.1	FM992391_Rhizophagus_proliferus	91.5	99.9	99.7	738
PX214821.1	MT832193_Rhizophagus_dimorphicus	91.3	92.9	99.6	689
PX214821.1	MT832188_Rhizophagus_intraradices	90.8	92.9	99.7	688
PX214821.1	FR750072_Rhizophagus_fasciculatus	90.5	99.9	99.6	739
PX214821.1	MT832190_Rhizophagus_manihotis	90.3	92.8	99.7	688
PX214821.1	MT832191_Rhizophagus_clarus	89.8	92.8	99.6	689
PX214821.1	MH560604.1_Halonatospora_panshihalos	87.5	97.3	91.0	720
PX214821.1	MH560602.1_Halonatospora_panshihalos	87.2	97.3	91.0	720
PX214821.1	MT832186_Sclerocystis_sinuosa	86.7	93.3	99.4	690
PX214821.1	MK903007.1_Microkamienskia_peruviana	82.7	96.6	90.7	723
PX214821.1	KX758123.1_Microkamienskia_divaricata	82.6	96.7	90.8	723
PX214822.1	MT832194_Rhizophagus_irregularis	95.3	93.2	99.7	688
PX214822.1	MT832195_Rhizophagus_irregularis	94.3	93.1	99.6	689
PX214822.1	MT832187_Rhizophagus_intraradices	92.6	92.9	99.9	687
PX214822.1	FM992400_Rhizophagus_proliferus	92.3	99.9	99.9	737
PX214822.1	MT832192_Rhizophagus_dimorphicus	92.0	93.1	99.7	688
PX214822.1	FM992391_Rhizophagus_proliferus	91.7	99.9	99.7	738
PX214822.1	MT832193_Rhizophagus_dimorphicus	91.6	92.9	99.6	689
PX214822.1	MT832188_Rhizophagus_intraradices	91.1	92.9	99.7	688
PX214822.1	FR750072_Rhizophagus_fasciculatus	90.8	99.9	99.6	739
PX214822.1	MT832190_Rhizophagus_manihotis	90.6	92.8	99.7	688
PX214822.1	MT832191_Rhizophagus_clarus	90.1	92.8	99.6	689
PX214822.1	MT832189_Rhizophagus_intraradices	88.0	92.8	99.4	690
PX214822.1	MH560604.1_Halonatospora_panshihalos	87.8	97.3	91.0	720
PX214822.1	MH560602.1_Halonatospora_panshihalos	87.5	97.3	91.0	720
PX214822.1	MT832186_Sclerocystis_sinuosa	87.0	93.3	99.4	690
PX214822.1	KX758123.1_Microkamienskia_divaricata	82.8	96.7	90.8	723
PX214817.1	MT832195_Rhizophagus_irregularis	98.5	93.2	100.0	688
PX214817.1	MT832194_Rhizophagus_irregularis	93.8	93.1	99.9	689
PX214817.1	FM992400_Rhizophagus_proliferus	91.7	99.6	99.9	739
PX214817.1	MT832187_Rhizophagus_intraradices	91.6	92.7	99.9	689
PX214817.1	FM992391_Rhizophagus_proliferus	91.2	99.7	99.9	739
PX214817.1	MT832188_Rhizophagus_intraradices	90.6	92.8	99.9	689
PX214817.1	MT832192_Rhizophagus_dimorphicus	90.6	93.0	99.9	689
PX214817.1	MT832193_Rhizophagus_dimorphicus	90.4	92.8	99.7	690
PX214817.1	FR750072_Rhizophagus_fasciculatus	90.1	99.6	99.6	741
PX214817.1	MT832190_Rhizophagus_manihotis	89.4	92.7	99.9	689
PX214817.1	MT832191_Rhizophagus_clarus	89.0	92.8	99.9	689
PX214817.1	MT832185_Sclerocystis_sinuosa	87.6	93.4	99.4	692
PX214817.1	MH560604.1_Halonatospora_panshihalos	87.0	97.2	91.1	721
PX214817.1	MT832186_Sclerocystis_sinuosa	86.8	93.2	99.6	691
PX214817.1	MH560602.1_Halonatospora_panshihalos	86.7	97.2	91.1	721
PX214817.1	MT832189_Rhizophagus_intraradices	86.5	92.8	99.7	690
PX214816.1	MT832195_Rhizophagus_irregularis	98.5	93.2	100.0	688
PX214816.1	MT832194_Rhizophagus_irregularis	93.8	93.1	99.9	689
PX214816.1	FM992400_Rhizophagus_proliferus	91.7	99.6	99.9	739
PX214816.1	MT832187_Rhizophagus_intraradices	91.6	92.7	99.9	689
PX214816.1	FM992391_Rhizophagus_proliferus	91.2	99.7	99.9	739
PX214816.1	MT832188_Rhizophagus_intraradices	90.6	92.8	99.9	689
PX214816.1	MT832192_Rhizophagus_dimorphicus	90.6	93.0	99.9	689
PX214816.1	MT832193_Rhizophagus_dimorphicus	90.4	92.8	99.7	690
PX214816.1	FR750072_Rhizophagus_fasciculatus	90.1	99.6	99.6	741
PX214816.1	MT832190_Rhizophagus_manihotis	89.4	92.7	99.9	689
PX214816.1	MT832191_Rhizophagus_clarus	89.0	92.8	99.9	689
PX214816.1	MT832185_Sclerocystis_sinuosa	87.6	93.4	99.4	692
PX214816.1	MH560604.1_Halonatospora_panshihalos	87.0	97.2	91.1	721
PX214816.1	MT832186_Sclerocystis_sinuosa	86.8	93.2	99.6	691
PX214816.1	MH560602.1_Halonatospora_panshihalos	86.7	97.2	91.1	721
PX214816.1	MT832189_Rhizophagus_intraradices	86.5	92.8	99.7	690
PX214825.1	MT832194_Rhizophagus_irregularis	95.3	93.2	99.7	688
PX214825.1	MT832195_Rhizophagus_irregularis	94.8	93.1	99.6	689
PX214825.1	FM992400_Rhizophagus_proliferus	92.5	99.9	99.9	737
PX214825.1	MT832187_Rhizophagus_intraradices	92.3	92.9	99.9	687
PX214825.1	MT832192_Rhizophagus_dimorphicus	92.0	93.1	99.7	688
PX214825.1	FM992391_Rhizophagus_proliferus	92.0	99.9	99.7	738
PX214825.1	MT832193_Rhizophagus_dimorphicus	91.6	92.9	99.6	689
PX214825.1	MT832188_Rhizophagus_intraradices	90.8	92.9	99.7	688
PX214825.1	FR750072_Rhizophagus_fasciculatus	90.5	99.9	99.6	739
PX214825.1	MT832190_Rhizophagus_manihotis	90.3	92.8	99.7	688
PX214825.1	MT832191_Rhizophagus_clarus	89.8	92.8	99.6	689
PX214825.1	MH560604.1_Halonatospora_panshihalos	87.8	97.3	91.0	720
PX214825.1	MT832189_Rhizophagus_intraradices	87.7	92.8	99.4	690
PX214825.1	MT832186_Sclerocystis_sinuosa	87.0	93.3	99.4	690
PX214825.1	MK903007.1_Microkamienskia_peruviana	83.3	96.6	90.7	723
PX214825.1	KX758123.1_Microkamienskia_divaricata	83.1	96.7	90.8	723
PX214826.1	MT832194_Rhizophagus_irregularis	95.8	93.2	99.7	688
PX214826.1	MT832195_Rhizophagus_irregularis	94.8	93.1	99.6	689
PX214826.1	MT832187_Rhizophagus_intraradices	92.4	92.9	99.9	687
PX214826.1	FM992400_Rhizophagus_proliferus	92.4	99.9	99.9	737
PX214826.1	FM992391_Rhizophagus_proliferus	91.9	99.9	99.7	738
PX214826.1	MT832192_Rhizophagus_dimorphicus	91.9	93.1	99.7	688
PX214826.1	MT832193_Rhizophagus_dimorphicus	91.4	92.9	99.6	689
PX214826.1	MT832188_Rhizophagus_intraradices	91.0	92.9	99.7	688
PX214826.1	FR750072_Rhizophagus_fasciculatus	90.9	99.9	99.6	739
PX214826.1	MT832190_Rhizophagus_manihotis	90.4	92.8	99.7	688
PX214826.1	MT832191_Rhizophagus_clarus	90.0	92.8	99.6	689
PX214826.1	MH560604.1_Halonatospora_panshihalos	87.9	97.3	91.0	720
PX214826.1	MT832189_Rhizophagus_intraradices	87.8	92.8	99.4	690
PX214826.1	MH560602.1_Halonatospora_panshihalos	87.6	97.3	91.0	720
PX214826.1	MT832186_Sclerocystis_sinuosa	87.1	93.3	99.4	690
PX214826.1	MK903007.1_Microkamienskia_peruviana	83.4	96.6	90.7	723
PX214827.1	MT832194_Rhizophagus_irregularis	95.8	93.2	99.7	688
PX214827.1	MT832195_Rhizophagus_irregularis	94.8	93.1	99.6	689
PX214827.1	MT832187_Rhizophagus_intraradices	92.7	92.9	99.9	687
PX214827.1	FM992400_Rhizophagus_proliferus	92.4	99.9	99.9	737
PX214827.1	MT832192_Rhizophagus_dimorphicus	92.2	93.1	99.7	688
PX214827.1	FM992391_Rhizophagus_proliferus	91.9	99.9	99.7	738
PX214827.1	MT832193_Rhizophagus_dimorphicus	91.7	92.9	99.6	689
PX214827.1	MT832188_Rhizophagus_intraradices	91.3	92.9	99.7	688
PX214827.1	FR750072_Rhizophagus_fasciculatus	90.9	99.9	99.6	739
PX214827.1	MT832190_Rhizophagus_manihotis	90.7	92.8	99.7	688
PX214827.1	MT832191_Rhizophagus_clarus	90.3	92.8	99.6	689
PX214827.1	MH560604.1_Halonatospora_panshihalos	87.9	97.3	91.0	720
PX214827.1	MT832189_Rhizophagus_intraradices	87.8	92.8	99.4	690
PX214827.1	MT832185_Sclerocystis_sinuosa	87.7	93.3	99.1	692
PX214827.1	MT832186_Sclerocystis_sinuosa	87.1	93.3	99.4	690
PX214827.1	KX758123.1_Microkamienskia_divaricata	83.0	96.7	90.8	723
PX214828.1	MT832194_Rhizophagus_irregularis	95.8	93.2	99.7	688
PX214828.1	MT832195_Rhizophagus_irregularis	94.8	93.1	99.6	689
PX214828.1	MT832187_Rhizophagus_intraradices	92.6	92.9	99.9	687
PX214828.1	FM992400_Rhizophagus_proliferus	92.3	99.9	99.9	737
PX214828.1	MT832192_Rhizophagus_dimorphicus	92.0	93.1	99.7	688
PX214828.1	FM992391_Rhizophagus_proliferus	91.7	99.9	99.7	738
PX214828.1	MT832193_Rhizophagus_dimorphicus	91.6	92.9	99.6	689
PX214828.1	MT832188_Rhizophagus_intraradices	91.1	92.9	99.7	688
PX214828.1	FR750072_Rhizophagus_fasciculatus	90.8	99.9	99.6	739
PX214828.1	MT832190_Rhizophagus_manihotis	90.6	92.8	99.7	688
PX214828.1	MT832191_Rhizophagus_clarus	90.1	92.8	99.6	689
PX214828.1	MH560604.1_Halonatospora_panshihalos	87.9	97.3	91.0	720
PX214828.1	MT832189_Rhizophagus_intraradices	87.7	92.8	99.4	690
PX214828.1	MT832185_Sclerocystis_sinuosa	87.6	93.3	99.1	692
PX214828.1	MT832186_Sclerocystis_sinuosa	87.0	93.3	99.4	690
PX214828.1	KX758123.1_Microkamienskia_divaricata	82.8	96.7	90.8	723
PX214829.1	MT832194_Rhizophagus_irregularis	95.6	93.2	99.7	688
PX214829.1	MT832195_Rhizophagus_irregularis	94.6	93.1	99.6	689
PX214829.1	MT832187_Rhizophagus_intraradices	92.6	92.9	99.9	687
PX214829.1	FM992400_Rhizophagus_proliferus	92.5	99.9	99.9	737
PX214829.1	MT832192_Rhizophagus_dimorphicus	92.3	93.1	99.7	688
PX214829.1	FM992391_Rhizophagus_proliferus	92.0	99.9	99.7	738
PX214829.1	MT832193_Rhizophagus_dimorphicus	91.9	92.9	99.6	689
PX214829.1	MT832188_Rhizophagus_intraradices	91.1	92.9	99.7	688
PX214829.1	FR750072_Rhizophagus_fasciculatus	91.1	99.9	99.6	739
PX214829.1	MT832190_Rhizophagus_manihotis	90.6	92.8	99.7	688
PX214829.1	MT832191_Rhizophagus_clarus	90.1	92.8	99.6	689
PX214829.1	MH560604.1_Halonatospora_panshihalos	88.1	97.3	91.0	720
PX214829.1	MH560602.1_Halonatospora_panshihalos	87.8	97.3	91.0	720
PX214829.1	MT832189_Rhizophagus_intraradices	87.7	92.8	99.4	690
PX214829.1	MT832186_Sclerocystis_sinuosa	87.0	93.3	99.4	690
PX214829.1	KX758123.1_Microkamienskia_divaricata	82.8	96.7	90.8	723
PX214830.1	MT832194_Rhizophagus_irregularis	95.8	93.2	99.7	688
PX214830.1	MT832195_Rhizophagus_irregularis	94.8	93.1	99.6	689
PX214830.1	MT832187_Rhizophagus_intraradices	92.7	92.9	99.9	687
PX214830.1	FM992400_Rhizophagus_proliferus	92.4	99.9	99.9	737
PX214830.1	MT832192_Rhizophagus_dimorphicus	92.2	93.1	99.7	688
PX214830.1	FM992391_Rhizophagus_proliferus	91.9	99.9	99.7	738
PX214830.1	MT832193_Rhizophagus_dimorphicus	91.7	92.9	99.6	689
PX214830.1	MT832188_Rhizophagus_intraradices	91.3	92.9	99.7	688
PX214830.1	FR750072_Rhizophagus_fasciculatus	90.9	99.9	99.6	739
PX214830.1	MT832190_Rhizophagus_manihotis	90.7	92.8	99.7	688
PX214830.1	MT832191_Rhizophagus_clarus	90.3	92.8	99.6	689
PX214830.1	MH560604.1_Halonatospora_panshihalos	87.9	97.3	91.0	720
PX214830.1	MT832189_Rhizophagus_intraradices	87.8	92.8	99.4	690
PX214830.1	MT832185_Sclerocystis_sinuosa	87.7	93.3	99.1	692
PX214830.1	MT832186_Sclerocystis_sinuosa	87.1	93.3	99.4	690
PX214830.1	KX758123.1_Microkamienskia_divaricata	83.0	96.7	90.8	723
PX214835.1	MT832194_Rhizophagus_irregularis	95.8	93.2	99.7	688
PX214835.1	MT832195_Rhizophagus_irregularis	94.8	93.1	99.6	689
PX214835.1	MT832187_Rhizophagus_intraradices	92.7	92.9	99.9	687
PX214835.1	FM992400_Rhizophagus_proliferus	92.7	99.9	99.9	737
PX214835.1	MT832192_Rhizophagus_dimorphicus	92.2	93.1	99.7	688
PX214835.1	FM992391_Rhizophagus_proliferus	92.1	99.9	99.7	738
PX214835.1	MT832193_Rhizophagus_dimorphicus	91.7	92.9	99.6	689
PX214835.1	MT832188_Rhizophagus_intraradices	91.3	92.9	99.7	688
PX214835.1	FR750072_Rhizophagus_fasciculatus	91.2	99.9	99.6	739
PX214835.1	MT832190_Rhizophagus_manihotis	90.7	92.8	99.7	688
PX214835.1	MT832191_Rhizophagus_clarus	90.3	92.8	99.6	689
PX214835.1	MH560604.1_Halonatospora_panshihalos	88.2	97.3	91.0	720
PX214835.1	MH560602.1_Halonatospora_panshihalos	87.9	97.3	91.0	720
PX214835.1	MT832185_Sclerocystis_sinuosa	87.7	93.3	99.1	692
PX214835.1	MT832186_Sclerocystis_sinuosa	87.1	93.3	99.4	690
PX214835.1	KX758123.1_Microkamienskia_divaricata	83.0	96.7	90.8	723
PX214832.1	MT832194_Rhizophagus_irregularis	95.6	93.2	99.7	688
PX214832.1	MT832195_Rhizophagus_irregularis	94.6	93.1	99.6	689
PX214832.1	MT832187_Rhizophagus_intraradices	92.6	92.9	99.9	687
PX214832.1	FM992400_Rhizophagus_proliferus	92.5	99.9	99.9	737
PX214832.1	MT832192_Rhizophagus_dimorphicus	92.3	93.1	99.7	688
PX214832.1	FM992391_Rhizophagus_proliferus	92.0	99.9	99.7	738
PX214832.1	MT832193_Rhizophagus_dimorphicus	91.9	92.9	99.6	689
PX214832.1	MT832188_Rhizophagus_intraradices	91.1	92.9	99.7	688
PX214832.1	FR750072_Rhizophagus_fasciculatus	91.1	99.9	99.6	739
PX214832.1	MT832190_Rhizophagus_manihotis	90.6	92.8	99.7	688
PX214832.1	MT832191_Rhizophagus_clarus	90.1	92.8	99.6	689
PX214832.1	MH560604.1_Halonatospora_panshihalos	88.1	97.3	91.0	720
PX214832.1	MH560602.1_Halonatospora_panshihalos	87.8	97.3	91.0	720
PX214832.1	MT832189_Rhizophagus_intraradices	87.7	92.8	99.4	690
PX214832.1	MT832186_Sclerocystis_sinuosa	87.0	93.3	99.4	690
PX214832.1	KX758123.1_Microkamienskia_divaricata	82.8	96.7	90.8	723
PX214838.1	MT832194_Rhizophagus_irregularis	95.9	93.1	99.9	689
PX214838.1	MT832192_Rhizophagus_dimorphicus	94.3	93.0	99.9	689
PX214838.1	FM992400_Rhizophagus_proliferus	94.0	99.6	99.9	739
PX214838.1	MT832193_Rhizophagus_dimorphicus	93.8	92.8	99.7	690
PX214838.1	FR750072_Rhizophagus_fasciculatus	93.5	99.6	99.6	741
PX214838.1	MT832188_Rhizophagus_intraradices	93.5	92.8	99.9	689
PX214838.1	FM992391_Rhizophagus_proliferus	93.2	99.7	99.9	739
PX214838.1	MT832187_Rhizophagus_intraradices	92.6	92.7	99.9	689
PX214838.1	MT832190_Rhizophagus_manihotis	92.3	92.7	99.9	689
PX214838.1	MT832191_Rhizophagus_clarus	92.0	92.7	99.7	690
PX214838.1	MT832195_Rhizophagus_irregularis	91.6	93.0	99.7	690
PX214838.1	MT832189_Rhizophagus_intraradices	89.6	92.7	99.6	691
PX214838.1	MH560604.1_Halonatospora_panshihalos	87.7	97.0	91.0	722
PX214838.1	MT832185_Sclerocystis_sinuosa	87.6	93.2	99.3	693
PX214838.1	MH560602.1_Halonatospora_panshihalos	87.4	97.0	91.0	722
PX214838.1	MT832186_Sclerocystis_sinuosa	87.3	93.1	99.4	692
PX214831.1	MT832194_Rhizophagus_irregularis	95.8	93.2	99.7	688
PX214831.1	MT832195_Rhizophagus_irregularis	94.8	93.1	99.6	689
PX214831.1	MT832187_Rhizophagus_intraradices	92.6	92.9	99.9	687
PX214831.1	FM992400_Rhizophagus_proliferus	92.3	99.9	99.9	737
PX214831.1	MT832192_Rhizophagus_dimorphicus	92.0	93.1	99.7	688
PX214831.1	FM992391_Rhizophagus_proliferus	91.7	99.9	99.7	738
PX214831.1	MT832193_Rhizophagus_dimorphicus	91.6	92.9	99.6	689
PX214831.1	MT832188_Rhizophagus_intraradices	91.1	92.9	99.7	688
PX214831.1	FR750072_Rhizophagus_fasciculatus	90.8	99.9	99.6	739
PX214831.1	MT832190_Rhizophagus_manihotis	90.6	92.8	99.7	688
PX214831.1	MT832191_Rhizophagus_clarus	90.1	92.8	99.6	689
PX214831.1	MH560604.1_Halonatospora_panshihalos	87.9	97.3	91.0	720
PX214831.1	MT832189_Rhizophagus_intraradices	87.7	92.8	99.4	690
PX214831.1	MT832185_Sclerocystis_sinuosa	87.6	93.3	99.1	692
PX214831.1	MT832186_Sclerocystis_sinuosa	87.0	93.3	99.4	690
PX214831.1	KX758123.1_Microkamienskia_divaricata	82.8	96.7	90.8	723
PX214833.1	MT832194_Rhizophagus_irregularis	95.2	93.2	99.9	688
PX214833.1	MT832195_Rhizophagus_irregularis	94.2	93.1	99.7	689
PX214833.1	MT832187_Rhizophagus_intraradices	92.9	92.8	99.9	688
PX214833.1	FM992400_Rhizophagus_proliferus	92.3	99.7	99.9	738
PX214833.1	FM992391_Rhizophagus_proliferus	91.7	99.9	99.9	738
PX214833.1	MT832192_Rhizophagus_dimorphicus	91.7	93.1	99.9	688
PX214833.1	MT832193_Rhizophagus_dimorphicus	91.3	92.9	99.7	689
PX214833.1	MT832188_Rhizophagus_intraradices	91.1	92.9	99.9	688
PX214833.1	FR750072_Rhizophagus_fasciculatus	91.1	99.7	99.6	740
PX214833.1	MT832190_Rhizophagus_manihotis	90.6	92.8	99.9	688
PX214833.1	MT832191_Rhizophagus_clarus	90.1	92.8	99.7	689
PX214833.1	MT832189_Rhizophagus_intraradices	87.8	92.8	99.6	690
PX214833.1	MT832185_Sclerocystis_sinuosa	87.6	93.4	99.3	692
PX214833.1	MT832186_Sclerocystis_sinuosa	87.3	93.2	99.4	691
PX214833.1	MK903007.1_Microkamienskia_peruviana	83.8	96.5	90.7	724
PX214833.1	MK903006.1_Microkamienskia_peruviana	83.8	96.5	90.7	724
PX214837.1	MT832194_Rhizophagus_irregularis	96.1	93.1	99.9	689
PX214837.1	MT832192_Rhizophagus_dimorphicus	94.2	93.0	99.9	689
PX214837.1	FM992400_Rhizophagus_proliferus	94.2	99.6	99.9	739
PX214837.1	MT832188_Rhizophagus_intraradices	93.8	92.8	99.9	689
PX214837.1	MT832193_Rhizophagus_dimorphicus	93.6	92.8	99.7	690
PX214837.1	FR750072_Rhizophagus_fasciculatus	93.4	99.6	99.6	741
PX214837.1	FM992391_Rhizophagus_proliferus	93.1	99.7	99.9	739
PX214837.1	MT832187_Rhizophagus_intraradices	92.9	92.7	99.9	689
PX214837.1	MT832190_Rhizophagus_manihotis	92.2	92.7	99.9	689
PX214837.1	MT832191_Rhizophagus_clarus	91.9	92.7	99.7	690
PX214837.1	MT832195_Rhizophagus_irregularis	91.6	93.0	99.7	690
PX214837.1	MT832189_Rhizophagus_intraradices	89.4	92.7	99.6	691
PX214837.1	MT832185_Sclerocystis_sinuosa	88.3	93.2	99.3	693
PX214837.1	MT832186_Sclerocystis_sinuosa	87.9	93.1	99.4	692
PX214837.1	MH560604.1_Halonatospora_panshihalos	87.5	97.0	91.0	722
PX214837.1	MH560602.1_Halonatospora_panshihalos	87.3	97.0	91.0	722
PX214836.1	MT832194_Rhizophagus_irregularis	96.5	93.1	99.9	689
PX214836.1	MT832192_Rhizophagus_dimorphicus	94.3	93.0	99.9	689
PX214836.1	FM992400_Rhizophagus_proliferus	94.3	99.6	99.9	739
PX214836.1	MT832193_Rhizophagus_dimorphicus	93.8	92.8	99.7	690
PX214836.1	MT832188_Rhizophagus_intraradices	93.6	92.8	99.9	689
PX214836.1	FR750072_Rhizophagus_fasciculatus	93.5	99.6	99.6	741
PX214836.1	FM992391_Rhizophagus_proliferus	93.5	99.7	99.9	739
PX214836.1	MT832187_Rhizophagus_intraradices	93.0	92.7	99.9	689
PX214836.1	MT832190_Rhizophagus_manihotis	92.6	92.7	99.9	689
PX214836.1	MT832191_Rhizophagus_clarus	92.3	92.7	99.7	690
PX214836.1	MT832195_Rhizophagus_irregularis	91.9	93.0	99.7	690
PX214836.1	MT832189_Rhizophagus_intraradices	89.6	92.7	99.6	691
PX214836.1	MT832185_Sclerocystis_sinuosa	88.2	93.2	99.3	693
PX214836.1	MT832186_Sclerocystis_sinuosa	87.7	93.1	99.4	692
PX214836.1	MK903007.1_Microkamienskia_peruviana	83.7	96.3	90.7	725
PX214836.1	KX758123.1_Microkamienskia_divaricata	83.1	96.6	90.9	724
PX214834.1	MT832194_Rhizophagus_irregularis	95.2	93.2	99.9	688
PX214834.1	MT832195_Rhizophagus_irregularis	94.2	93.1	99.7	689
PX214834.1	MT832187_Rhizophagus_intraradices	92.9	92.8	99.9	688
PX214834.1	FM992400_Rhizophagus_proliferus	92.3	99.7	99.9	738
PX214834.1	FM992391_Rhizophagus_proliferus	91.7	99.9	99.9	738
PX214834.1	MT832192_Rhizophagus_dimorphicus	91.7	93.1	99.9	688
PX214834.1	MT832193_Rhizophagus_dimorphicus	91.3	92.9	99.7	689
PX214834.1	MT832188_Rhizophagus_intraradices	91.1	92.9	99.9	688
PX214834.1	FR750072_Rhizophagus_fasciculatus	91.1	99.7	99.6	740
PX214834.1	MT832190_Rhizophagus_manihotis	90.6	92.8	99.9	688
PX214834.1	MT832191_Rhizophagus_clarus	90.1	92.8	99.7	689
PX214834.1	MT832189_Rhizophagus_intraradices	87.8	92.8	99.6	690
PX214834.1	MT832185_Sclerocystis_sinuosa	87.6	93.4	99.3	692
PX214834.1	MT832186_Sclerocystis_sinuosa	87.3	93.2	99.4	691
PX214834.1	MK903007.1_Microkamienskia_peruviana	83.8	96.5	90.7	724
PX214834.1	MK903006.1_Microkamienskia_peruviana	83.8	96.5	90.7	724
PX214841.1	MT832194_Rhizophagus_irregularis	97.7	93.1	100.0	689
PX214841.1	MT832192_Rhizophagus_dimorphicus	94.3	93.0	100.0	689
PX214841.1	MT832193_Rhizophagus_dimorphicus	93.8	92.8	99.9	690
PX214841.1	MT832195_Rhizophagus_irregularis	93.8	93.0	99.9	690
PX214841.1	FM992400_Rhizophagus_proliferus	93.6	99.6	100.0	739
PX214841.1	MT832188_Rhizophagus_intraradices	93.3	92.8	100.0	689
PX214841.1	FR750072_Rhizophagus_fasciculatus	93.3	99.6	99.7	741
PX214841.1	FM992391_Rhizophagus_proliferus	93.1	99.7	100.0	739
PX214841.1	MT832187_Rhizophagus_intraradices	92.5	92.7	100.0	689
PX214841.1	MT832190_Rhizophagus_manihotis	92.3	92.7	100.0	689
PX214841.1	MT832191_Rhizophagus_clarus	91.9	92.7	99.9	690
PX214841.1	MT832189_Rhizophagus_intraradices	89.3	92.7	99.7	691
PX214841.1	MH560604.1_Halonatospora_panshihalos	87.8	97.0	91.1	722
PX214841.1	MT832185_Sclerocystis_sinuosa	87.7	93.2	99.4	693
PX214841.1	MT832186_Sclerocystis_sinuosa	87.4	93.1	99.6	692
PX214841.1	FM876794_Funneliformis_coronatus	83.0	99.9	99.2	745
PX214840.1	MT832194_Rhizophagus_irregularis	95.6	93.1	99.9	689
PX214840.1	MT832192_Rhizophagus_dimorphicus	93.8	93.0	99.9	689
PX214840.1	FM992400_Rhizophagus_proliferus	93.5	99.6	99.9	739
PX214840.1	MT832193_Rhizophagus_dimorphicus	93.3	92.8	99.7	690
PX214840.1	MT832188_Rhizophagus_intraradices	93.0	92.8	99.9	689
PX214840.1	FR750072_Rhizophagus_fasciculatus	93.0	99.6	99.6	741
PX214840.1	FM992391_Rhizophagus_proliferus	92.7	99.7	99.9	739
PX214840.1	MT832187_Rhizophagus_intraradices	92.2	92.7	99.9	689
PX214840.1	MT832190_Rhizophagus_manihotis	92.0	92.7	99.9	689
PX214840.1	MT832191_Rhizophagus_clarus	91.7	92.7	99.7	690
PX214840.1	MT832195_Rhizophagus_irregularis	91.3	93.0	99.7	690
PX214840.1	MT832189_Rhizophagus_intraradices	89.0	92.7	99.6	691
PX214840.1	MT832185_Sclerocystis_sinuosa	87.7	93.2	99.3	693
PX214840.1	MH560604.1_Halonatospora_panshihalos	87.7	97.0	91.0	722
PX214840.1	MT832186_Sclerocystis_sinuosa	87.1	93.1	99.4	692
PX214840.1	KX758123.1_Microkamienskia_divaricata	83.1	96.6	90.9	724
PX214843.1	MT832195_Rhizophagus_irregularis	95.3	93.2	99.7	688
PX214843.1	MT832194_Rhizophagus_irregularis	93.8	93.1	99.6	689
PX214843.1	MT832187_Rhizophagus_intraradices	92.0	92.8	99.7	688
PX214843.1	FM992400_Rhizophagus_proliferus	91.7	99.7	99.7	738
PX214843.1	FM992391_Rhizophagus_proliferus	91.3	99.7	99.6	739
PX214843.1	MT832188_Rhizophagus_intraradices	90.6	92.8	99.6	689
PX214843.1	MT832192_Rhizophagus_dimorphicus	90.6	92.9	99.6	689
PX214843.1	MT832193_Rhizophagus_dimorphicus	90.1	92.8	99.4	690
PX214843.1	FR750072_Rhizophagus_fasciculatus	89.7	99.7	99.5	740
PX214843.1	MT832190_Rhizophagus_manihotis	88.8	92.7	99.6	689
PX214843.1	MT832191_Rhizophagus_clarus	88.5	92.8	99.6	689
PX214843.1	MT832185_Sclerocystis_sinuosa	87.4	93.3	99.1	692
PX214843.1	MT832189_Rhizophagus_intraradices	87.0	92.8	99.4	690
PX214843.1	MT832186_Sclerocystis_sinuosa	86.8	93.3	99.4	690
PX214843.1	MH560604.1_Halonatospora_panshihalos	86.2	97.3	91.0	720
PX214843.1	FR750539_Glomus_macrocarpum	81.8	98.9	99.5	740
PX214842.1	MT832195_Rhizophagus_irregularis	95.5	93.2	99.7	688
PX214842.1	MT832194_Rhizophagus_irregularis	93.5	93.1	99.6	689
PX214842.1	FM992400_Rhizophagus_proliferus	91.7	99.7	99.7	738
PX214842.1	MT832187_Rhizophagus_intraradices	91.7	92.8	99.7	688
PX214842.1	FM992391_Rhizophagus_proliferus	91.1	99.7	99.6	739
PX214842.1	MT832192_Rhizophagus_dimorphicus	90.6	92.9	99.6	689
PX214842.1	MT832188_Rhizophagus_intraradices	90.3	92.8	99.6	689
PX214842.1	MT832193_Rhizophagus_dimorphicus	90.1	92.8	99.4	690
PX214842.1	FR750072_Rhizophagus_fasciculatus	89.5	99.7	99.5	740
PX214842.1	MT832190_Rhizophagus_manihotis	88.8	92.7	99.6	689
PX214842.1	MT832191_Rhizophagus_clarus	88.5	92.8	99.6	689
PX214842.1	MT832186_Sclerocystis_sinuosa	86.8	93.3	99.4	690
PX214842.1	MH560604.1_Halonatospora_panshihalos	86.7	97.3	91.0	720
PX214842.1	MT832189_Rhizophagus_intraradices	86.7	92.8	99.4	690
PX214842.1	MH560602.1_Halonatospora_panshihalos	86.4	97.3	91.0	720
PX214842.1	MK903007.1_Microkamienskia_peruviana	83.0	96.6	90.7	723
PX214839.1	MT832194_Rhizophagus_irregularis	95.8	92.8	99.9	691
PX214839.1	FM992400_Rhizophagus_proliferus	93.7	99.3	99.9	741
PX214839.1	MT832192_Rhizophagus_dimorphicus	93.6	92.7	99.9	691
PX214839.1	MT832188_Rhizophagus_intraradices	93.2	92.6	99.9	691
PX214839.1	FR750072_Rhizophagus_fasciculatus	93.1	99.5	99.7	742
PX214839.1	MT832193_Rhizophagus_dimorphicus	93.1	92.6	99.7	692
PX214839.1	FM992391_Rhizophagus_proliferus	92.8	99.5	99.9	741
PX214839.1	MT832187_Rhizophagus_intraradices	92.3	92.4	99.9	691
PX214839.1	MT832190_Rhizophagus_manihotis	91.9	92.4	99.9	691
PX214839.1	MT832191_Rhizophagus_clarus	91.6	92.4	99.7	692
PX214839.1	MT832195_Rhizophagus_irregularis	91.5	92.7	99.7	692
PX214839.1	MT832189_Rhizophagus_intraradices	89.5	92.6	99.7	692
PX214839.1	MH560604.1_Halonatospora_panshihalos	87.6	96.9	91.1	723
PX214839.1	MT832185_Sclerocystis_sinuosa	87.3	93.2	99.6	693
PX214839.1	MH560602.1_Halonatospora_panshihalos	87.3	96.9	91.1	723
PX214839.1	MT832186_Sclerocystis_sinuosa	87.0	93.1	99.7	692
PX214844.1	MT832195_Rhizophagus_irregularis	94.5	93.1	99.9	689
PX214844.1	MT832194_Rhizophagus_irregularis	92.9	93.0	99.7	690
PX214844.1	FM992400_Rhizophagus_proliferus	91.2	99.6	99.9	739
PX214844.1	MT832187_Rhizophagus_intraradices	91.1	92.7	99.9	689
PX214844.1	MT832192_Rhizophagus_dimorphicus	90.4	92.8	99.7	690
PX214844.1	FM992391_Rhizophagus_proliferus	90.4	99.6	99.7	740
PX214844.1	MT832188_Rhizophagus_intraradices	90.0	92.7	99.7	690
PX214844.1	MT832193_Rhizophagus_dimorphicus	89.7	92.8	99.7	690
PX214844.1	FR750072_Rhizophagus_fasciculatus	89.6	99.6	99.6	741
PX214844.1	MT832190_Rhizophagus_manihotis	89.0	92.5	99.7	690
PX214844.1	MT832191_Rhizophagus_clarus	88.7	92.7	99.7	690
PX214844.1	MT832185_Sclerocystis_sinuosa	86.6	93.2	99.3	693
PX214844.1	MT832186_Sclerocystis_sinuosa	86.3	93.2	99.6	691
PX214844.1	MH560604.1_Halonatospora_panshihalos	85.6	97.2	91.1	721
PX214844.1	KJ564144.1_Microkaminenskia_perpusilla	83.3	96.6	90.6	725
PX214844.1	KX758123.1_Microkamienskia_divaricata	82.8	96.9	91.2	722
PX214845.1	MT832195_Rhizophagus_irregularis	95.1	93.1	99.9	689
PX214845.1	MT832194_Rhizophagus_irregularis	93.0	93.0	99.7	690
PX214845.1	MT832187_Rhizophagus_intraradices	91.6	92.7	99.9	689
PX214845.1	FM992400_Rhizophagus_proliferus	91.3	99.6	99.9	739
PX214845.1	FM992391_Rhizophagus_proliferus	90.7	99.6	99.7	740
PX214845.1	MT832192_Rhizophagus_dimorphicus	90.3	92.8	99.7	690
PX214845.1	MT832188_Rhizophagus_intraradices	90.1	92.7	99.7	690
PX214845.1	MT832193_Rhizophagus_dimorphicus	89.9	92.8	99.7	690
PX214845.1	FR750072_Rhizophagus_fasciculatus	89.3	99.6	99.6	741
PX214845.1	MT832190_Rhizophagus_manihotis	89.1	92.5	99.7	690
PX214845.1	MT832191_Rhizophagus_clarus	88.8	92.7	99.7	690
PX214845.1	MT832186_Sclerocystis_sinuosa	86.8	93.2	99.6	691
PX214845.1	MT832189_Rhizophagus_intraradices	86.7	92.7	99.6	691
PX214845.1	MH560604.1_Halonatospora_panshihalos	86.3	97.2	91.1	721
PX214845.1	KJ564144.1_Microkaminenskia_perpusilla	82.8	96.6	90.6	725
PX214845.1	FR750526_Glomus_macrocarpum	81.5	98.9	99.6	741
PX214849.1	MT832195_Rhizophagus_irregularis	92.6	92.9	99.6	690
PX214849.1	MT832194_Rhizophagus_irregularis	91.7	93.1	99.7	689
PX214849.1	FM992391_Rhizophagus_proliferus	90.8	99.7	99.7	739
PX214849.1	MT832187_Rhizophagus_intraradices	90.7	92.8	99.9	688
PX214849.1	FM992400_Rhizophagus_proliferus	90.4	99.7	99.9	738
PX214849.1	FR750072_Rhizophagus_fasciculatus	90.1	99.7	99.6	740
PX214849.1	MT832188_Rhizophagus_intraradices	89.3	92.8	99.7	689
PX214849.1	MT832193_Rhizophagus_dimorphicus	89.0	92.9	99.7	689
PX214849.1	MT832190_Rhizophagus_manihotis	89.0	92.8	99.9	688
PX214849.1	MT832192_Rhizophagus_dimorphicus	88.8	93.1	99.9	688
PX214849.1	MT832191_Rhizophagus_clarus	88.5	92.8	99.7	689
PX214849.1	MT832186_Sclerocystis_sinuosa	87.6	93.2	99.4	691
PX214849.1	MT832185_Sclerocystis_sinuosa	87.0	93.4	99.3	692
PX214849.1	KX758123.1_Microkamienskia_divaricata	83.6	96.6	90.8	724
PX214849.1	MK903007.1_Microkamienskia_peruviana	82.9	96.5	90.7	724
PX214849.1	MK903006.1_Microkamienskia_peruviana	82.9	96.5	90.7	724
PX214846.1	MT832195_Rhizophagus_irregularis	95.1	93.1	99.9	689
PX214846.1	MT832194_Rhizophagus_irregularis	93.0	93.0	99.7	690
PX214846.1	MT832187_Rhizophagus_intraradices	91.6	92.7	99.9	689
PX214846.1	FM992400_Rhizophagus_proliferus	91.3	99.6	99.9	739
PX214846.1	FM992391_Rhizophagus_proliferus	90.7	99.6	99.7	740
PX214846.1	MT832192_Rhizophagus_dimorphicus	90.3	92.8	99.7	690
PX214846.1	MT832188_Rhizophagus_intraradices	90.1	92.7	99.7	690
PX214846.1	MT832193_Rhizophagus_dimorphicus	89.9	92.8	99.7	690
PX214846.1	FR750072_Rhizophagus_fasciculatus	89.3	99.6	99.6	741
PX214846.1	MT832190_Rhizophagus_manihotis	89.1	92.5	99.7	690
PX214846.1	MT832191_Rhizophagus_clarus	88.8	92.7	99.7	690
PX214846.1	MT832186_Sclerocystis_sinuosa	86.8	93.2	99.6	691
PX214846.1	MT832189_Rhizophagus_intraradices	86.7	92.7	99.6	691
PX214846.1	MH560604.1_Halonatospora_panshihalos	86.3	97.2	91.1	721
PX214846.1	KJ564144.1_Microkaminenskia_perpusilla	82.8	96.6	90.6	725
PX214846.1	FR750526_Glomus_macrocarpum	81.5	98.9	99.6	741
PX214848.1	MT832195_Rhizophagus_irregularis	92.2	92.9	99.6	690
PX214848.1	MT832194_Rhizophagus_irregularis	91.3	93.1	99.7	689
PX214848.1	FM992391_Rhizophagus_proliferus	90.7	99.7	99.7	739
PX214848.1	MT832187_Rhizophagus_intraradices	90.6	92.8	99.9	688
PX214848.1	FM992400_Rhizophagus_proliferus	90.2	99.7	99.9	738
PX214848.1	FR750072_Rhizophagus_fasciculatus	90.0	99.7	99.6	740
PX214848.1	MT832188_Rhizophagus_intraradices	89.1	92.8	99.7	689
PX214848.1	MT832190_Rhizophagus_manihotis	88.8	92.8	99.9	688
PX214848.1	MT832193_Rhizophagus_dimorphicus	88.5	92.9	99.7	689
PX214848.1	MT832191_Rhizophagus_clarus	88.4	92.8	99.7	689
PX214848.1	MT832192_Rhizophagus_dimorphicus	88.4	93.1	99.9	688
PX214848.1	MT832186_Sclerocystis_sinuosa	87.4	93.2	99.4	691
PX214848.1	MT832185_Sclerocystis_sinuosa	86.8	93.4	99.3	692
PX214848.1	KX758123.1_Microkamienskia_divaricata	83.6	96.6	90.8	724
PX214848.1	MK903007.1_Microkamienskia_peruviana	82.7	96.5	90.7	724
PX214848.1	MK903006.1_Microkamienskia_peruviana	82.7	96.5	90.7	724
PX214847.1	MT832195_Rhizophagus_irregularis	92.2	92.9	99.6	690
PX214847.1	MT832194_Rhizophagus_irregularis	91.3	93.1	99.7	689
PX214847.1	FM992391_Rhizophagus_proliferus	90.7	99.7	99.7	739
PX214847.1	MT832187_Rhizophagus_intraradices	90.6	92.8	99.9	688
PX214847.1	FM992400_Rhizophagus_proliferus	90.2	99.7	99.9	738
PX214847.1	FR750072_Rhizophagus_fasciculatus	90.0	99.7	99.6	740
PX214847.1	MT832188_Rhizophagus_intraradices	89.1	92.8	99.7	689
PX214847.1	MT832190_Rhizophagus_manihotis	88.8	92.8	99.9	688
PX214847.1	MT832193_Rhizophagus_dimorphicus	88.5	92.9	99.7	689
PX214847.1	MT832191_Rhizophagus_clarus	88.4	92.8	99.7	689
PX214847.1	MT832192_Rhizophagus_dimorphicus	88.4	93.1	99.9	688
PX214847.1	MT832186_Sclerocystis_sinuosa	87.4	93.2	99.4	691
PX214847.1	MT832185_Sclerocystis_sinuosa	86.8	93.4	99.3	692
PX214847.1	KX758123.1_Microkamienskia_divaricata	83.6	96.6	90.8	724
PX214847.1	MK903007.1_Microkamienskia_peruviana	82.7	96.5	90.7	724
PX214847.1	MK903006.1_Microkamienskia_peruviana	82.7	96.5	90.7	724
PX214851.1	MT832195_Rhizophagus_irregularis	92.8	92.9	99.6	690
PX214851.1	MT832194_Rhizophagus_irregularis	91.9	93.1	99.7	689
PX214851.1	FM992391_Rhizophagus_proliferus	90.9	99.7	99.7	739
PX214851.1	MT832187_Rhizophagus_intraradices	90.8	92.8	99.9	688
PX214851.1	FM992400_Rhizophagus_proliferus	90.5	99.7	99.9	738
PX214851.1	FR750072_Rhizophagus_fasciculatus	90.3	99.7	99.6	740
PX214851.1	MT832188_Rhizophagus_intraradices	89.4	92.8	99.7	689
PX214851.1	MT832193_Rhizophagus_dimorphicus	89.1	92.9	99.7	689
PX214851.1	MT832190_Rhizophagus_manihotis	89.1	92.8	99.9	688
PX214851.1	MT832192_Rhizophagus_dimorphicus	89.0	93.1	99.9	688
PX214851.1	MT832191_Rhizophagus_clarus	88.7	92.8	99.7	689
PX214851.1	MT832186_Sclerocystis_sinuosa	87.7	93.2	99.4	691
PX214851.1	MT832185_Sclerocystis_sinuosa	87.4	93.4	99.3	692
PX214851.1	KX758123.1_Microkamienskia_divaricata	83.7	96.6	90.8	724
PX214851.1	MK903007.1_Microkamienskia_peruviana	83.0	96.5	90.7	724
PX214851.1	MK903006.1_Microkamienskia_peruviana	83.0	96.5	90.7	724
PX214850.1	MT832195_Rhizophagus_irregularis	93.0	92.9	99.6	690
PX214850.1	MT832194_Rhizophagus_irregularis	92.2	93.1	99.7	689
PX214850.1	FM992391_Rhizophagus_proliferus	91.2	99.7	99.7	739
PX214850.1	MT832187_Rhizophagus_intraradices	91.1	92.8	99.9	688
PX214850.1	FM992400_Rhizophagus_proliferus	90.8	99.7	99.9	738
PX214850.1	FR750072_Rhizophagus_fasciculatus	90.5	99.7	99.6	740
PX214850.1	MT832188_Rhizophagus_intraradices	89.7	92.8	99.7	689
PX214850.1	MT832193_Rhizophagus_dimorphicus	89.4	92.9	99.7	689
PX214850.1	MT832190_Rhizophagus_manihotis	89.4	92.8	99.9	688
PX214850.1	MT832192_Rhizophagus_dimorphicus	89.2	93.1	99.9	688
PX214850.1	MT832191_Rhizophagus_clarus	89.0	92.8	99.7	689
PX214850.1	MT832186_Sclerocystis_sinuosa	88.0	93.2	99.4	691
PX214850.1	MT832185_Sclerocystis_sinuosa	87.4	93.4	99.3	692
PX214850.1	KX758123.1_Microkamienskia_divaricata	84.0	96.6	90.8	724
PX214850.1	MK903007.1_Microkamienskia_peruviana	83.3	96.5	90.7	724
PX214850.1	MK903006.1_Microkamienskia_peruviana	83.3	96.5	90.7	724
PX214852.1	MT832195_Rhizophagus_irregularis	92.6	92.9	99.6	690
PX214852.1	MT832194_Rhizophagus_irregularis	91.7	93.1	99.7	689
PX214852.1	FM992391_Rhizophagus_proliferus	90.8	99.7	99.7	739
PX214852.1	MT832187_Rhizophagus_intraradices	90.7	92.8	99.9	688
PX214852.1	FM992400_Rhizophagus_proliferus	90.4	99.7	99.9	738
PX214852.1	FR750072_Rhizophagus_fasciculatus	90.1	99.7	99.6	740
PX214852.1	MT832188_Rhizophagus_intraradices	89.3	92.8	99.7	689
PX214852.1	MT832193_Rhizophagus_dimorphicus	89.0	92.9	99.7	689
PX214852.1	MT832190_Rhizophagus_manihotis	89.0	92.8	99.9	688
PX214852.1	MT832192_Rhizophagus_dimorphicus	88.8	93.1	99.9	688
PX214852.1	MT832191_Rhizophagus_clarus	88.5	92.8	99.7	689
PX214852.1	MT832186_Sclerocystis_sinuosa	87.6	93.2	99.4	691
PX214852.1	MT832185_Sclerocystis_sinuosa	87.0	93.4	99.3	692
PX214852.1	KX758123.1_Microkamienskia_divaricata	83.6	96.6	90.8	724
PX214852.1	MK903007.1_Microkamienskia_peruviana	82.9	96.5	90.7	724
PX214852.1	MK903006.1_Microkamienskia_peruviana	82.9	96.5	90.7	724
PX214853.1	MT832195_Rhizophagus_irregularis	92.6	92.9	99.6	690
PX214853.1	MT832194_Rhizophagus_irregularis	91.7	93.1	99.7	689
PX214853.1	FM992391_Rhizophagus_proliferus	90.8	99.7	99.7	739
PX214853.1	MT832187_Rhizophagus_intraradices	90.7	92.8	99.9	688
PX214853.1	FM992400_Rhizophagus_proliferus	90.4	99.7	99.9	738
PX214853.1	FR750072_Rhizophagus_fasciculatus	90.1	99.7	99.6	740
PX214853.1	MT832188_Rhizophagus_intraradices	89.3	92.8	99.7	689
PX214853.1	MT832193_Rhizophagus_dimorphicus	89.0	92.9	99.7	689
PX214853.1	MT832190_Rhizophagus_manihotis	89.0	92.8	99.9	688
PX214853.1	MT832192_Rhizophagus_dimorphicus	88.8	93.1	99.9	688
PX214853.1	MT832191_Rhizophagus_clarus	88.5	92.8	99.7	689
PX214853.1	MT832186_Sclerocystis_sinuosa	87.6	93.2	99.4	691
PX214853.1	MT832185_Sclerocystis_sinuosa	87.0	93.4	99.3	692
PX214853.1	KX758123.1_Microkamienskia_divaricata	83.6	96.6	90.8	724
PX214853.1	MK903007.1_Microkamienskia_peruviana	82.9	96.5	90.7	724
PX214853.1	MK903006.1_Microkamienskia_peruviana	82.9	96.5	90.7	724
PX214854.1	MT832195_Rhizophagus_irregularis	92.5	93.1	99.4	689
PX214854.1	MT832194_Rhizophagus_irregularis	91.7	93.2	99.6	688
PX214854.1	FM992391_Rhizophagus_proliferus	91.2	99.9	99.6	738
PX214854.1	MT832187_Rhizophagus_intraradices	90.7	92.9	99.7	687
PX214854.1	FR750072_Rhizophagus_fasciculatus	90.7	100.0	99.6	738
PX214854.1	FM992400_Rhizophagus_proliferus	90.6	99.9	99.7	737
PX214854.1	MT832188_Rhizophagus_intraradices	89.5	92.9	99.6	688
PX214854.1	MT832190_Rhizophagus_manihotis	89.4	92.9	99.7	687
PX214854.1	MT832191_Rhizophagus_clarus	89.0	92.9	99.6	688
PX214854.1	MT832193_Rhizophagus_dimorphicus	89.0	93.1	99.6	688
PX214854.1	MT832192_Rhizophagus_dimorphicus	88.8	93.2	99.7	687
PX214854.1	MT832186_Sclerocystis_sinuosa	87.7	93.3	99.3	690
PX214854.1	MT832185_Sclerocystis_sinuosa	87.0	93.3	99.0	692
PX214854.1	KX758123.1_Microkamienskia_divaricata	85.4	96.6	90.6	724
PX214854.1	MK903007.1_Microkamienskia_peruviana	84.1	96.6	90.6	723
PX214854.1	MK903006.1_Microkamienskia_peruviana	84.1	96.6	90.6	723
PX214857.1	MT832194_Rhizophagus_irregularis	95.8	93.2	99.9	688
PX214857.1	FM992400_Rhizophagus_proliferus	93.6	99.7	99.9	738
PX214857.1	MT832192_Rhizophagus_dimorphicus	93.5	93.1	99.9	688
PX214857.1	FR750072_Rhizophagus_fasciculatus	93.2	99.7	99.6	740
PX214857.1	MT832193_Rhizophagus_dimorphicus	92.9	92.9	99.7	689
PX214857.1	MT832188_Rhizophagus_intraradices	92.9	92.9	99.9	688
PX214857.1	FM992391_Rhizophagus_proliferus	92.8	99.9	99.9	738
PX214857.1	MT832195_Rhizophagus_irregularis	92.6	93.1	99.7	689
PX214857.1	MT832187_Rhizophagus_intraradices	92.3	92.8	99.9	688
PX214857.1	MT832190_Rhizophagus_manihotis	92.0	92.8	99.9	688
PX214857.1	MT832191_Rhizophagus_clarus	91.7	92.8	99.7	689
PX214857.1	MT832189_Rhizophagus_intraradices	88.8	92.8	99.6	690
PX214857.1	MT832185_Sclerocystis_sinuosa	87.3	93.4	99.3	692
PX214857.1	MT832186_Sclerocystis_sinuosa	87.3	93.2	99.4	691
PX214857.1	MH560604.1_Halonatospora_panshihalos	87.2	97.2	91.0	721
PX214857.1	KJ564144.1_Microkaminenskia_perpusilla	83.3	96.6	90.5	725
PX214855.1	MT832195_Rhizophagus_irregularis	92.7	93.1	99.6	689
PX214855.1	MT832194_Rhizophagus_irregularis	92.0	93.2	99.7	688
PX214855.1	MT832187_Rhizophagus_intraradices	91.4	92.9	99.9	687
PX214855.1	FM992391_Rhizophagus_proliferus	91.2	99.9	99.7	738
PX214855.1	FM992400_Rhizophagus_proliferus	90.8	99.9	99.9	737
PX214855.1	FR750072_Rhizophagus_fasciculatus	90.7	99.9	99.6	739
PX214855.1	MT832188_Rhizophagus_intraradices	90.0	92.9	99.7	688
PX214855.1	MT832190_Rhizophagus_manihotis	89.5	92.9	99.9	687
PX214855.1	MT832191_Rhizophagus_clarus	89.1	92.9	99.7	688
PX214855.1	MT832193_Rhizophagus_dimorphicus	89.0	93.1	99.7	688
PX214855.1	MT832192_Rhizophagus_dimorphicus	88.8	93.2	99.9	687
PX214855.1	MT832186_Sclerocystis_sinuosa	87.7	93.3	99.4	690
PX214855.1	MT832185_Sclerocystis_sinuosa	87.4	93.3	99.1	692
PX214855.1	MK903007.1_Microkamienskia_peruviana	83.0	96.6	90.7	723
PX214855.1	MK903006.1_Microkamienskia_peruviana	83.0	96.6	90.7	723
PX214855.1	KX758123.1_Microkamienskia_divaricata	83.0	96.1	90.2	728
PX214858.1	MT832194_Rhizophagus_irregularis	95.8	93.1	99.9	689
PX214858.1	FM992400_Rhizophagus_proliferus	93.6	99.6	99.9	739
PX214858.1	MT832192_Rhizophagus_dimorphicus	93.5	93.0	99.9	689
PX214858.1	FR750072_Rhizophagus_fasciculatus	93.3	99.6	99.6	741
PX214858.1	MT832193_Rhizophagus_dimorphicus	92.9	92.8	99.7	690
PX214858.1	MT832188_Rhizophagus_intraradices	92.9	92.8	99.9	689
PX214858.1	FM992391_Rhizophagus_proliferus	92.8	99.7	99.9	739
PX214858.1	MT832195_Rhizophagus_irregularis	92.5	93.0	99.7	690
PX214858.1	MT832187_Rhizophagus_intraradices	92.3	92.7	99.9	689
PX214858.1	MT832190_Rhizophagus_manihotis	92.0	92.7	99.9	689
PX214858.1	MT832191_Rhizophagus_clarus	91.7	92.7	99.7	690
PX214858.1	MT832189_Rhizophagus_intraradices	88.9	92.7	99.6	691
PX214858.1	MT832185_Sclerocystis_sinuosa	87.3	93.2	99.3	693
PX214858.1	MT832186_Sclerocystis_sinuosa	87.1	93.1	99.4	692
PX214858.1	MH560604.1_Halonatospora_panshihalos	87.0	97.0	91.0	722
PX214858.1	KJ564144.1_Microkaminenskia_perpusilla	82.6	96.5	90.5	726
PX214856.1	MT832194_Rhizophagus_irregularis	95.8	93.2	99.9	688
PX214856.1	FM992400_Rhizophagus_proliferus	93.6	99.7	99.9	738
PX214856.1	MT832192_Rhizophagus_dimorphicus	93.5	93.1	99.9	688
PX214856.1	FR750072_Rhizophagus_fasciculatus	93.2	99.7	99.6	740
PX214856.1	MT832193_Rhizophagus_dimorphicus	92.9	92.9	99.7	689
PX214856.1	MT832188_Rhizophagus_intraradices	92.9	92.9	99.9	688
PX214856.1	FM992391_Rhizophagus_proliferus	92.8	99.9	99.9	738
PX214856.1	MT832195_Rhizophagus_irregularis	92.6	93.1	99.7	689
PX214856.1	MT832187_Rhizophagus_intraradices	92.3	92.8	99.9	688
PX214856.1	MT832190_Rhizophagus_manihotis	92.0	92.8	99.9	688
PX214856.1	MT832191_Rhizophagus_clarus	91.7	92.8	99.7	689
PX214856.1	MT832189_Rhizophagus_intraradices	88.8	92.8	99.6	690
PX214856.1	MT832185_Sclerocystis_sinuosa	87.3	93.4	99.3	692
PX214856.1	MT832186_Sclerocystis_sinuosa	87.3	93.2	99.4	691
PX214856.1	MH560604.1_Halonatospora_panshihalos	87.2	97.2	91.0	721
PX214856.1	KJ564144.1_Microkaminenskia_perpusilla	83.3	96.6	90.5	725
PX214859.1	MT832194_Rhizophagus_irregularis	95.9	93.2	99.9	688
PX214859.1	FM992400_Rhizophagus_proliferus	93.8	99.7	99.9	738
PX214859.1	MT832192_Rhizophagus_dimorphicus	93.6	93.1	99.9	688
PX214859.1	FR750072_Rhizophagus_fasciculatus	93.4	99.7	99.6	740
PX214859.1	MT832193_Rhizophagus_dimorphicus	93.0	92.9	99.7	689
PX214859.1	MT832188_Rhizophagus_intraradices	93.0	92.9	99.9	688
PX214859.1	FM992391_Rhizophagus_proliferus	93.0	99.9	99.9	738
PX214859.1	MT832195_Rhizophagus_irregularis	92.6	93.1	99.7	689
PX214859.1	MT832187_Rhizophagus_intraradices	92.4	92.8	99.9	688
PX214859.1	MT832190_Rhizophagus_manihotis	92.2	92.8	99.9	688
PX214859.1	MT832191_Rhizophagus_clarus	91.9	92.8	99.7	689
PX214859.1	MT832189_Rhizophagus_intraradices	89.0	92.8	99.6	690
PX214859.1	MT832185_Sclerocystis_sinuosa	87.4	93.4	99.3	692
PX214859.1	MT832186_Sclerocystis_sinuosa	87.3	93.2	99.4	691
PX214859.1	MH560604.1_Halonatospora_panshihalos	87.1	97.2	91.0	721
PX214859.1	KJ564144.1_Microkaminenskia_perpusilla	82.8	96.6	90.5	725
PX214860.1	MT832194_Rhizophagus_irregularis	95.6	93.2	99.9	688
PX214860.1	FM992400_Rhizophagus_proliferus	93.5	99.7	99.9	738
PX214860.1	MT832192_Rhizophagus_dimorphicus	93.3	93.1	99.9	688
PX214860.1	FR750072_Rhizophagus_fasciculatus	93.1	99.7	99.6	740
PX214860.1	MT832193_Rhizophagus_dimorphicus	92.7	92.9	99.7	689
PX214860.1	MT832188_Rhizophagus_intraradices	92.7	92.9	99.9	688
PX214860.1	FM992391_Rhizophagus_proliferus	92.7	99.9	99.9	738
PX214860.1	MT832195_Rhizophagus_irregularis	92.5	93.1	99.7	689
PX214860.1	MT832187_Rhizophagus_intraradices	92.2	92.8	99.9	688
PX214860.1	MT832190_Rhizophagus_manihotis	91.9	92.8	99.9	688
PX214860.1	MT832191_Rhizophagus_clarus	91.6	92.8	99.7	689
PX214860.1	MT832189_Rhizophagus_intraradices	89.0	92.8	99.6	690
PX214860.1	MH560604.1_Halonatospora_panshihalos	87.4	97.2	91.0	721
PX214860.1	MT832185_Sclerocystis_sinuosa	87.3	93.4	99.3	692
PX214860.1	MT832186_Sclerocystis_sinuosa	87.3	93.2	99.4	691
PX214860.1	KJ564144.1_Microkaminenskia_perpusilla	83.4	96.6	90.5	725
PX214861.1	MT832194_Rhizophagus_irregularis	95.6	93.2	99.9	688
PX214861.1	FM992400_Rhizophagus_proliferus	93.5	99.7	99.9	738
PX214861.1	MT832192_Rhizophagus_dimorphicus	93.3	93.1	99.9	688
PX214861.1	FR750072_Rhizophagus_fasciculatus	93.1	99.7	99.6	740
PX214861.1	MT832193_Rhizophagus_dimorphicus	92.7	92.9	99.7	689
PX214861.1	MT832188_Rhizophagus_intraradices	92.7	92.9	99.9	688
PX214861.1	FM992391_Rhizophagus_proliferus	92.7	99.9	99.9	738
PX214861.1	MT832195_Rhizophagus_irregularis	92.5	93.1	99.7	689
PX214861.1	MT832187_Rhizophagus_intraradices	92.2	92.8	99.9	688
PX214861.1	MT832190_Rhizophagus_manihotis	91.9	92.8	99.9	688
PX214861.1	MT832191_Rhizophagus_clarus	91.6	92.8	99.7	689
PX214861.1	MT832189_Rhizophagus_intraradices	89.0	92.8	99.6	690
PX214861.1	MH560604.1_Halonatospora_panshihalos	87.4	97.2	91.0	721
PX214861.1	MT832185_Sclerocystis_sinuosa	87.3	93.4	99.3	692
PX214861.1	MT832186_Sclerocystis_sinuosa	87.3	93.2	99.4	691
PX214861.1	KJ564144.1_Microkaminenskia_perpusilla	83.4	96.6	90.5	725
PX214862.1	MT832194_Rhizophagus_irregularis	95.5	93.2	99.9	688
PX214862.1	FR750072_Rhizophagus_fasciculatus	93.5	99.7	99.6	740
PX214862.1	FM992400_Rhizophagus_proliferus	93.4	99.7	99.9	738
PX214862.1	MT832192_Rhizophagus_dimorphicus	93.2	93.1	99.9	688
PX214862.1	FM992391_Rhizophagus_proliferus	92.8	99.9	99.9	738
PX214862.1	MT832193_Rhizophagus_dimorphicus	92.6	92.9	99.7	689
PX214862.1	MT832188_Rhizophagus_intraradices	92.6	92.9	99.9	688
PX214862.1	MT832195_Rhizophagus_irregularis	92.2	93.1	99.7	689
PX214862.1	MT832187_Rhizophagus_intraradices	92.0	92.8	99.9	688
PX214862.1	MT832190_Rhizophagus_manihotis	91.7	92.8	99.9	688
PX214862.1	MT832191_Rhizophagus_clarus	91.4	92.8	99.7	689
PX214862.1	MT832189_Rhizophagus_intraradices	89.4	92.8	99.6	690
PX214862.1	MT832185_Sclerocystis_sinuosa	87.4	93.4	99.3	692
PX214862.1	MT832186_Sclerocystis_sinuosa	87.3	93.2	99.4	691
PX214862.1	MH560604.1_Halonatospora_panshihalos	87.0	97.2	91.0	721
PX214862.1	KJ564144.1_Microkaminenskia_perpusilla	82.8	96.6	90.5	725
PX214863.1	MT832195_Rhizophagus_irregularis	93.3	93.1	99.6	689
PX214863.1	MT832194_Rhizophagus_irregularis	92.3	93.1	99.6	689
PX214863.1	FM992400_Rhizophagus_proliferus	91.3	99.7	99.7	738
PX214863.1	MT832187_Rhizophagus_intraradices	91.3	92.8	99.7	688
PX214863.1	FR750072_Rhizophagus_fasciculatus	91.2	99.6	99.3	741
PX214863.1	MT832192_Rhizophagus_dimorphicus	91.1	92.9	99.6	689
PX214863.1	MT832193_Rhizophagus_dimorphicus	91.0	92.9	99.6	689
PX214863.1	FM992391_Rhizophagus_proliferus	90.9	99.9	99.7	738
PX214863.1	MT832190_Rhizophagus_manihotis	90.9	92.7	99.6	689
PX214863.1	MT832188_Rhizophagus_intraradices	90.8	92.9	99.7	688
PX214863.1	MT832191_Rhizophagus_clarus	90.6	92.7	99.4	690
PX214863.1	MT832186_Sclerocystis_sinuosa	86.7	93.1	99.1	692
PX214863.1	MT832183_Oehlia_diaphana	86.7	92.7	99.4	690
PX214863.1	MT832185_Sclerocystis_sinuosa	86.6	93.2	99.0	693
PX214863.1	MT832184_Oehlia_diaphana	86.4	92.5	99.6	689
PX214863.1	KX758123.1_Microkamienskia_divaricata	84.0	96.7	90.8	723
PX214864.1	MT832195_Rhizophagus_irregularis	93.3	93.1	99.6	689
PX214864.1	MT832194_Rhizophagus_irregularis	92.3	93.1	99.6	689
PX214864.1	FM992400_Rhizophagus_proliferus	91.3	99.7	99.7	738
PX214864.1	MT832187_Rhizophagus_intraradices	91.3	92.8	99.7	688
PX214864.1	FR750072_Rhizophagus_fasciculatus	91.2	99.6	99.3	741
PX214864.1	MT832192_Rhizophagus_dimorphicus	91.1	92.9	99.6	689
PX214864.1	MT832193_Rhizophagus_dimorphicus	91.0	92.9	99.6	689
PX214864.1	FM992391_Rhizophagus_proliferus	90.9	99.9	99.7	738
PX214864.1	MT832190_Rhizophagus_manihotis	90.9	92.7	99.6	689
PX214864.1	MT832188_Rhizophagus_intraradices	90.8	92.9	99.7	688
PX214864.1	MT832191_Rhizophagus_clarus	90.6	92.7	99.4	690
PX214864.1	MT832186_Sclerocystis_sinuosa	86.7	93.1	99.1	692
PX214864.1	MT832183_Oehlia_diaphana	86.7	92.7	99.4	690
PX214864.1	MT832185_Sclerocystis_sinuosa	86.6	93.2	99.0	693
PX214864.1	MT832184_Oehlia_diaphana	86.4	92.5	99.6	689
PX214864.1	KX758123.1_Microkamienskia_divaricata	84.0	96.7	90.8	723
PX214865.1	MT832195_Rhizophagus_irregularis	93.0	93.1	99.6	689
PX214865.1	MT832194_Rhizophagus_irregularis	92.3	93.1	99.6	689
PX214865.1	FM992400_Rhizophagus_proliferus	91.3	99.7	99.7	738
PX214865.1	MT832187_Rhizophagus_intraradices	91.3	92.8	99.7	688
PX214865.1	MT832192_Rhizophagus_dimorphicus	91.1	92.9	99.6	689
PX214865.1	FR750072_Rhizophagus_fasciculatus	91.0	99.6	99.3	741
PX214865.1	FM992391_Rhizophagus_proliferus	90.9	99.9	99.7	738
PX214865.1	MT832188_Rhizophagus_intraradices	90.8	92.9	99.7	688
PX214865.1	MT832193_Rhizophagus_dimorphicus	90.7	92.9	99.6	689
PX214865.1	MT832190_Rhizophagus_manihotis	90.6	92.7	99.6	689
PX214865.1	MT832191_Rhizophagus_clarus	90.3	92.7	99.4	690
PX214865.1	MT832183_Oehlia_diaphana	87.2	92.7	99.4	690
PX214865.1	MT832184_Oehlia_diaphana	86.9	92.5	99.6	689
PX214865.1	MT832186_Sclerocystis_sinuosa	86.7	93.1	99.1	692
PX214865.1	MT832185_Sclerocystis_sinuosa	86.6	93.2	99.0	693
PX214865.1	KX758123.1_Microkamienskia_divaricata	84.0	96.7	90.8	723
PX214866.1	MT832188_Rhizophagus_intraradices	99.7	93.2	100.0	686
PX214866.1	MT832187_Rhizophagus_intraradices	97.4	93.1	100.0	686
PX214866.1	FM992400_Rhizophagus_proliferus	95.9	99.9	99.9	737
PX214866.1	FM992391_Rhizophagus_proliferus	94.6	100.0	99.9	737
PX214866.1	FR750072_Rhizophagus_fasciculatus	93.8	99.7	99.5	740
PX214866.1	MT832190_Rhizophagus_manihotis	93.2	92.9	99.9	687
PX214866.1	MT832191_Rhizophagus_clarus	93.0	92.9	99.7	688
PX214866.1	MT832192_Rhizophagus_dimorphicus	93.0	93.1	99.7	688
PX214866.1	MT832194_Rhizophagus_irregularis	93.0	93.2	99.7	688
PX214866.1	MT832193_Rhizophagus_dimorphicus	92.9	93.1	99.7	688
PX214866.1	MT832195_Rhizophagus_irregularis	90.9	93.1	99.6	689
PX214866.1	MT832189_Rhizophagus_intraradices	90.8	93.1	99.7	688
PX214866.1	MT832186_Sclerocystis_sinuosa	88.1	93.2	99.3	691
PX214866.1	MT832185_Sclerocystis_sinuosa	88.0	93.3	99.1	692
PX214866.1	MK903007.1_Microkamienskia_peruviana	84.0	96.6	90.7	723
PX214866.1	MK903006.1_Microkamienskia_peruviana	84.0	96.6	90.7	723
PX214871.1	FR750072_Rhizophagus_fasciculatus	99.9	100.0	100.0	738
PX214871.1	FM992400_Rhizophagus_proliferus	93.8	99.6	99.9	739
PX214871.1	MT832188_Rhizophagus_intraradices	93.2	92.7	99.7	690
PX214871.1	FM992391_Rhizophagus_proliferus	93.0	99.6	99.7	740
PX214871.1	MT832192_Rhizophagus_dimorphicus	92.6	92.8	99.7	690
PX214871.1	MT832193_Rhizophagus_dimorphicus	92.5	92.7	99.6	691
PX214871.1	MT832194_Rhizophagus_irregularis	92.2	93.0	99.7	690
PX214871.1	MT832190_Rhizophagus_manihotis	91.9	92.5	99.7	690
PX214871.1	MT832187_Rhizophagus_intraradices	91.7	92.7	99.9	689
PX214871.1	MT832191_Rhizophagus_clarus	91.6	92.7	99.7	690
PX214871.1	MT832189_Rhizophagus_intraradices	90.3	92.7	99.6	691
PX214871.1	MT832195_Rhizophagus_irregularis	89.6	92.8	99.6	691
PX214871.1	MT832184_Oehlia_diaphana	87.8	92.4	99.7	690
PX214871.1	MT832183_Oehlia_diaphana	87.7	92.7	99.7	690
PX214871.1	MT832186_Sclerocystis_sinuosa	87.4	93.2	99.6	691
PX214871.1	MT832185_Sclerocystis_sinuosa	86.4	93.2	99.3	693
PX214868.1	MT832188_Rhizophagus_intraradices	99.9	93.2	100.0	686
PX214868.1	MT832187_Rhizophagus_intraradices	97.5	93.1	100.0	686
PX214868.1	FM992400_Rhizophagus_proliferus	95.8	99.9	99.9	737
PX214868.1	FM992391_Rhizophagus_proliferus	94.4	100.0	99.9	737
PX214868.1	FR750072_Rhizophagus_fasciculatus	93.6	99.7	99.5	740
PX214868.1	MT832190_Rhizophagus_manihotis	93.0	92.9	99.9	687
PX214868.1	MT832191_Rhizophagus_clarus	92.9	92.9	99.7	688
PX214868.1	MT832192_Rhizophagus_dimorphicus	92.9	93.1	99.7	688
PX214868.1	MT832194_Rhizophagus_irregularis	92.9	93.2	99.7	688
PX214868.1	MT832193_Rhizophagus_dimorphicus	92.7	93.1	99.7	688
PX214868.1	MT832195_Rhizophagus_irregularis	90.7	93.1	99.6	689
PX214868.1	MT832189_Rhizophagus_intraradices	90.7	93.1	99.7	688
PX214868.1	MT832186_Sclerocystis_sinuosa	88.0	93.2	99.3	691
PX214868.1	MT832185_Sclerocystis_sinuosa	87.9	93.3	99.1	692
PX214868.1	MK903007.1_Microkamienskia_peruviana	83.8	96.6	90.7	723
PX214868.1	MK903006.1_Microkamienskia_peruviana	83.8	96.6	90.7	723
PX214867.1	MT832188_Rhizophagus_intraradices	99.6	93.2	100.0	686
PX214867.1	MT832187_Rhizophagus_intraradices	97.2	93.1	100.0	686
PX214867.1	FM992400_Rhizophagus_proliferus	95.8	99.9	99.9	737
PX214867.1	FM992391_Rhizophagus_proliferus	94.4	100.0	99.9	737
PX214867.1	FR750072_Rhizophagus_fasciculatus	93.6	99.7	99.5	740
PX214867.1	MT832190_Rhizophagus_manihotis	93.0	92.9	99.9	687
PX214867.1	MT832191_Rhizophagus_clarus	92.9	92.9	99.7	688
PX214867.1	MT832192_Rhizophagus_dimorphicus	92.9	93.1	99.7	688
PX214867.1	MT832194_Rhizophagus_irregularis	92.9	93.2	99.7	688
PX214867.1	MT832193_Rhizophagus_dimorphicus	92.7	93.1	99.7	688
PX214867.1	MT832195_Rhizophagus_irregularis	90.7	93.1	99.6	689
PX214867.1	MT832189_Rhizophagus_intraradices	90.7	93.1	99.7	688
PX214867.1	MT832186_Sclerocystis_sinuosa	88.0	93.2	99.3	691
PX214867.1	MT832185_Sclerocystis_sinuosa	87.9	93.3	99.1	692
PX214867.1	MK903007.1_Microkamienskia_peruviana	83.8	96.6	90.7	723
PX214867.1	MK903006.1_Microkamienskia_peruviana	83.8	96.6	90.7	723
PX214869.1	MT832188_Rhizophagus_intraradices	98.7	93.2	100.0	686
PX214869.1	MT832187_Rhizophagus_intraradices	98.1	93.1	100.0	686
PX214869.1	FM992400_Rhizophagus_proliferus	95.8	99.9	99.9	737
PX214869.1	FM992391_Rhizophagus_proliferus	94.7	100.0	99.9	737
PX214869.1	MT832190_Rhizophagus_manihotis	93.6	92.9	99.9	687
PX214869.1	FR750072_Rhizophagus_fasciculatus	93.4	99.7	99.5	740
PX214869.1	MT832191_Rhizophagus_clarus	93.2	92.9	99.7	688
PX214869.1	MT832192_Rhizophagus_dimorphicus	93.2	93.1	99.7	688
PX214869.1	MT832193_Rhizophagus_dimorphicus	93.2	93.1	99.7	688
PX214869.1	MT832194_Rhizophagus_irregularis	93.2	93.2	99.7	688
PX214869.1	MT832195_Rhizophagus_irregularis	91.0	93.1	99.6	689
PX214869.1	MT832189_Rhizophagus_intraradices	91.0	93.1	99.7	688
PX214869.1	MT832186_Sclerocystis_sinuosa	88.4	93.2	99.3	691
PX214869.1	MK903007.1_Microkamienskia_peruviana	84.6	96.6	90.7	723
PX214869.1	MK903006.1_Microkamienskia_peruviana	84.6	96.6	90.7	723
PX214869.1	KX758123.1_Microkamienskia_divaricata	84.5	96.7	90.8	723
PX214873.1	FR750072_Rhizophagus_fasciculatus	99.7	100.0	100.0	738
PX214873.1	FM992400_Rhizophagus_proliferus	93.9	99.6	99.9	739
PX214873.1	MT832188_Rhizophagus_intraradices	93.3	92.7	99.7	690
PX214873.1	FM992391_Rhizophagus_proliferus	93.1	99.6	99.7	740
PX214873.1	MT832192_Rhizophagus_dimorphicus	92.8	92.8	99.7	690
PX214873.1	MT832193_Rhizophagus_dimorphicus	92.6	92.7	99.6	691
PX214873.1	MT832194_Rhizophagus_irregularis	92.3	93.0	99.7	690
PX214873.1	MT832190_Rhizophagus_manihotis	92.0	92.5	99.7	690
PX214873.1	MT832187_Rhizophagus_intraradices	91.9	92.7	99.9	689
PX214873.1	MT832191_Rhizophagus_clarus	91.7	92.7	99.7	690
PX214873.1	MT832189_Rhizophagus_intraradices	90.4	92.7	99.6	691
PX214873.1	MT832195_Rhizophagus_irregularis	89.7	92.8	99.6	691
PX214873.1	MT832184_Oehlia_diaphana	87.8	92.4	99.7	690
PX214873.1	MT832183_Oehlia_diaphana	87.7	92.7	99.7	690
PX214873.1	MT832186_Sclerocystis_sinuosa	87.4	93.2	99.6	691
PX214873.1	MT832185_Sclerocystis_sinuosa	86.4	93.2	99.3	693
PX214872.1	FR750072_Rhizophagus_fasciculatus	99.9	100.0	100.0	738
PX214872.1	FM992400_Rhizophagus_proliferus	93.8	99.6	99.9	739
PX214872.1	MT832188_Rhizophagus_intraradices	93.2	92.7	99.7	690
PX214872.1	FM992391_Rhizophagus_proliferus	93.0	99.6	99.7	740
PX214872.1	MT832192_Rhizophagus_dimorphicus	92.6	92.8	99.7	690
PX214872.1	MT832193_Rhizophagus_dimorphicus	92.5	92.7	99.6	691
PX214872.1	MT832194_Rhizophagus_irregularis	92.2	93.0	99.7	690
PX214872.1	MT832190_Rhizophagus_manihotis	91.9	92.5	99.7	690
PX214872.1	MT832187_Rhizophagus_intraradices	91.7	92.7	99.9	689
PX214872.1	MT832191_Rhizophagus_clarus	91.6	92.7	99.7	690
PX214872.1	MT832189_Rhizophagus_intraradices	90.3	92.7	99.6	691
PX214872.1	MT832195_Rhizophagus_irregularis	89.6	92.8	99.6	691
PX214872.1	MT832184_Oehlia_diaphana	87.8	92.4	99.7	690
PX214872.1	MT832183_Oehlia_diaphana	87.7	92.7	99.7	690
PX214872.1	MT832186_Sclerocystis_sinuosa	87.4	93.2	99.6	691
PX214872.1	MT832185_Sclerocystis_sinuosa	86.4	93.2	99.3	693
PX214874.1	FR750072_Rhizophagus_fasciculatus	99.6	100.0	99.9	738
PX214874.1	FM992400_Rhizophagus_proliferus	94.0	99.7	99.9	738
PX214874.1	MT832188_Rhizophagus_intraradices	93.5	92.8	99.7	689
PX214874.1	FM992391_Rhizophagus_proliferus	93.2	99.7	99.7	739
PX214874.1	MT832192_Rhizophagus_dimorphicus	92.9	92.9	99.7	689
PX214874.1	MT832193_Rhizophagus_dimorphicus	92.8	92.8	99.6	690
PX214874.1	MT832194_Rhizophagus_irregularis	92.5	93.1	99.7	689
PX214874.1	MT832190_Rhizophagus_manihotis	92.2	92.7	99.7	689
PX214874.1	MT832187_Rhizophagus_intraradices	92.0	92.8	99.9	688
PX214874.1	MT832191_Rhizophagus_clarus	91.9	92.8	99.7	689
PX214874.1	MT832189_Rhizophagus_intraradices	90.6	92.8	99.6	690
PX214874.1	MT832195_Rhizophagus_irregularis	89.9	92.9	99.6	690
PX214874.1	MT832184_Oehlia_diaphana	88.0	92.5	99.7	689
PX214874.1	MT832183_Oehlia_diaphana	87.8	92.8	99.7	689
PX214874.1	MT832186_Sclerocystis_sinuosa	87.5	93.4	99.6	690
PX214874.1	MT832185_Sclerocystis_sinuosa	86.6	93.4	99.3	692
PX214875.1	FR750072_Rhizophagus_fasciculatus	99.6	100.0	99.9	738
PX214875.1	FM992400_Rhizophagus_proliferus	94.0	99.7	99.9	738
PX214875.1	MT832188_Rhizophagus_intraradices	93.5	92.8	99.7	689
PX214875.1	FM992391_Rhizophagus_proliferus	93.2	99.7	99.7	739
PX214875.1	MT832192_Rhizophagus_dimorphicus	92.9	92.9	99.7	689
PX214875.1	MT832193_Rhizophagus_dimorphicus	92.8	92.8	99.6	690
PX214875.1	MT832194_Rhizophagus_irregularis	92.5	93.1	99.7	689
PX214875.1	MT832190_Rhizophagus_manihotis	92.2	92.7	99.7	689
PX214875.1	MT832187_Rhizophagus_intraradices	92.0	92.8	99.9	688
PX214875.1	MT832191_Rhizophagus_clarus	91.9	92.8	99.7	689
PX214875.1	MT832189_Rhizophagus_intraradices	90.6	92.8	99.6	690
PX214875.1	MT832195_Rhizophagus_irregularis	89.9	92.9	99.6	690
PX214875.1	MT832184_Oehlia_diaphana	88.0	92.5	99.7	689
PX214875.1	MT832183_Oehlia_diaphana	87.8	92.8	99.7	689
PX214875.1	MT832186_Sclerocystis_sinuosa	87.5	93.4	99.6	690
PX214875.1	MT832185_Sclerocystis_sinuosa	86.6	93.4	99.3	692
PX214870.1	MT832187_Rhizophagus_intraradices	94.2	93.1	99.9	686
PX214870.1	MT832188_Rhizophagus_intraradices	92.4	93.1	99.7	687
PX214870.1	FM992400_Rhizophagus_proliferus	91.3	99.9	99.7	737
PX214870.1	FM992391_Rhizophagus_proliferus	91.2	99.9	99.6	738
PX214870.1	MT832195_Rhizophagus_irregularis	90.9	93.1	99.4	689
PX214870.1	MT832190_Rhizophagus_manihotis	89.8	92.8	99.6	688
PX214870.1	MT832194_Rhizophagus_irregularis	89.7	93.1	99.4	689
PX214870.1	MT832191_Rhizophagus_clarus	89.4	92.8	99.4	689
PX214870.1	FR750072_Rhizophagus_fasciculatus	89.2	99.7	99.3	740
PX214870.1	MT832193_Rhizophagus_dimorphicus	89.1	93.1	99.6	688
PX214870.1	MT832192_Rhizophagus_dimorphicus	89.0	92.9	99.4	689
PX214870.1	MT832186_Sclerocystis_sinuosa	87.2	92.5	98.4	696
PX214870.1	MT832185_Sclerocystis_sinuosa	87.0	93.2	98.8	693
PX214870.1	KJ564144.1_Microkaminenskia_perpusilla	82.9	96.7	90.3	724
PX214870.1	MK903007.1_Microkamienskia_peruviana	82.7	96.6	90.6	723
PX214870.1	MK903006.1_Microkamienskia_peruviana	82.7	96.6	90.6	723
PX214876.1	FR750072_Rhizophagus_fasciculatus	99.7	100.0	99.9	738
PX214876.1	FM992400_Rhizophagus_proliferus	93.9	99.7	99.9	738
PX214876.1	MT832188_Rhizophagus_intraradices	93.3	92.8	99.7	689
PX214876.1	FM992391_Rhizophagus_proliferus	93.1	99.7	99.7	739
PX214876.1	MT832192_Rhizophagus_dimorphicus	92.7	92.9	99.7	689
PX214876.1	MT832193_Rhizophagus_dimorphicus	92.6	92.8	99.6	690
PX214876.1	MT832194_Rhizophagus_irregularis	92.3	93.1	99.7	689
PX214876.1	MT832190_Rhizophagus_manihotis	92.0	92.7	99.7	689
PX214876.1	MT832187_Rhizophagus_intraradices	91.9	92.8	99.9	688
PX214876.1	MT832191_Rhizophagus_clarus	91.7	92.8	99.7	689
PX214876.1	MT832189_Rhizophagus_intraradices	90.4	92.8	99.6	690
PX214876.1	MT832195_Rhizophagus_irregularis	89.7	92.9	99.6	690
PX214876.1	MT832184_Oehlia_diaphana	88.0	92.5	99.7	689
PX214876.1	MT832183_Oehlia_diaphana	87.8	92.8	99.7	689
PX214876.1	MT832186_Sclerocystis_sinuosa	87.5	93.4	99.6	690
PX214876.1	MT832185_Sclerocystis_sinuosa	86.6	93.4	99.3	692
PX214877.1	FR750072_Rhizophagus_fasciculatus	99.5	99.9	100.0	739
PX214877.1	FM992400_Rhizophagus_proliferus	93.6	99.5	99.9	740
PX214877.1	MT832188_Rhizophagus_intraradices	93.1	92.6	99.7	691
PX214877.1	FM992391_Rhizophagus_proliferus	92.8	99.5	99.7	741
PX214877.1	MT832191_Rhizophagus_clarus	92.2	92.6	99.7	691
PX214877.1	MT832194_Rhizophagus_irregularis	92.2	92.8	99.7	691
PX214877.1	MT832192_Rhizophagus_dimorphicus	92.0	92.7	99.7	691
PX214877.1	MT832193_Rhizophagus_dimorphicus	91.9	92.6	99.6	692
PX214877.1	MT832190_Rhizophagus_manihotis	91.8	92.4	99.7	691
PX214877.1	MT832187_Rhizophagus_intraradices	91.6	92.6	99.9	690
PX214877.1	MT832189_Rhizophagus_intraradices	90.2	92.6	99.6	692
PX214877.1	MT832195_Rhizophagus_irregularis	89.7	92.8	99.7	691
PX214877.1	MT832184_Oehlia_diaphana	87.7	92.3	99.7	691
PX214877.1	MT832183_Oehlia_diaphana	87.6	92.6	99.7	691
PX214877.1	MH560604.1_Halonatospora_panshihalos	87.5	97.0	91.1	722
PX214877.1	MT832186_Sclerocystis_sinuosa	86.7	93.2	99.7	691
PX214878.1	FR750072_Rhizophagus_fasciculatus	99.5	99.9	100.0	739
PX214878.1	FM992400_Rhizophagus_proliferus	93.6	99.5	99.9	740
PX214878.1	MT832188_Rhizophagus_intraradices	93.1	92.6	99.7	691
PX214878.1	FM992391_Rhizophagus_proliferus	92.8	99.5	99.7	741
PX214878.1	MT832191_Rhizophagus_clarus	92.2	92.6	99.7	691
PX214878.1	MT832194_Rhizophagus_irregularis	92.2	92.8	99.7	691
PX214878.1	MT832192_Rhizophagus_dimorphicus	92.0	92.7	99.7	691
PX214878.1	MT832193_Rhizophagus_dimorphicus	91.9	92.6	99.6	692
PX214878.1	MT832190_Rhizophagus_manihotis	91.8	92.4	99.7	691
PX214878.1	MT832187_Rhizophagus_intraradices	91.6	92.6	99.9	690
PX214878.1	MT832189_Rhizophagus_intraradices	90.2	92.6	99.6	692
PX214878.1	MT832195_Rhizophagus_irregularis	89.7	92.8	99.7	691
PX214878.1	MT832184_Oehlia_diaphana	87.7	92.3	99.7	691
PX214878.1	MT832183_Oehlia_diaphana	87.6	92.6	99.7	691
PX214878.1	MH560604.1_Halonatospora_panshihalos	87.5	97.0	91.1	722
PX214878.1	MT832186_Sclerocystis_sinuosa	86.7	93.2	99.7	691
PX214880.1	MT832184_Oehlia_diaphana	98.7	93.2	99.9	684
PX214880.1	MT832183_Oehlia_diaphana	98.0	93.2	99.6	686
PX214880.1	FM992391_Rhizophagus_proliferus	89.9	99.7	99.2	739
PX214880.1	MH560602.1_Halonatospora_panshihalos	89.2	97.3	90.6	720
PX214880.1	MH560604.1_Halonatospora_panshihalos	89.0	97.3	90.6	720
PX214880.1	FR750072_Rhizophagus_fasciculatus	88.6	99.7	99.1	740
PX214880.1	FM992400_Rhizophagus_proliferus	87.9	99.7	99.3	738
PX214880.1	MT832189_Rhizophagus_intraradices	87.1	92.9	99.1	689
PX214880.1	FR750526_Glomus_macrocarpum	86.2	99.0	99.0	740
PX214880.1	FN547496_Funneliformis_caledonius	86.2	99.7	98.3	746
PX214880.1	FR750203_Glomus_spe	85.6	98.6	98.6	743
PX214880.1	FR750539_Glomus_macrocarpum	85.1	98.9	99.0	740
PX214880.1	FM876794_Funneliformis_coronatus	85.0	99.7	98.3	746
PX214880.1	AY639162_Funneliformis_mosseae	84.6	99.7	98.4	745
PX214880.1	KJ564133.1_Kamienskia_bistrata	84.5	96.7	90.5	721
PX214880.1	KJ564144.1_Microkaminenskia_perpusilla	83.8	96.7	90.1	724
PX214882.1	MT832184_Oehlia_diaphana	99.3	93.2	100.0	684
PX214882.1	MT832183_Oehlia_diaphana	98.3	93.2	99.7	686
PX214882.1	MH560602.1_Halonatospora_panshihalos	89.4	97.3	90.7	720
PX214882.1	MH560604.1_Halonatospora_panshihalos	89.3	97.3	90.7	720
PX214882.1	FM992391_Rhizophagus_proliferus	89.2	99.7	99.3	739
PX214882.1	FR750072_Rhizophagus_fasciculatus	88.4	99.7	99.2	740
PX214882.1	FM992400_Rhizophagus_proliferus	87.4	99.7	99.5	738
PX214882.1	MT832189_Rhizophagus_intraradices	86.5	92.9	99.3	689
PX214882.1	FN547496_Funneliformis_caledonius	86.3	99.7	98.4	746
PX214882.1	KJ564166.1_Dominikia_indica	86.2	97.1	90.5	724
PX214882.1	FR750526_Glomus_macrocarpum	85.8	98.9	99.0	741
PX214882.1	FR750203_Glomus_spe	85.7	98.9	99.0	741
PX214882.1	FM876794_Funneliformis_coronatus	85.4	99.6	98.3	747
PX214882.1	FR750539_Glomus_macrocarpum	84.9	98.8	99.0	741
PX214882.1	AY639162_Funneliformis_mosseae	84.3	99.7	98.5	745
PX214882.1	KJ564144.1_Microkaminenskia_perpusilla	83.0	96.9	90.3	723
PX214881.1	MT832184_Oehlia_diaphana	98.8	93.2	100.0	684
PX214881.1	MT832183_Oehlia_diaphana	98.4	93.2	99.7	686
PX214881.1	FM992391_Rhizophagus_proliferus	89.4	99.7	99.3	739
PX214881.1	MH560602.1_Halonatospora_panshihalos	89.0	97.3	90.7	720
PX214881.1	MH560604.1_Halonatospora_panshihalos	88.9	97.3	90.7	720
PX214881.1	FR750072_Rhizophagus_fasciculatus	88.4	99.7	99.2	740
PX214881.1	FM992400_Rhizophagus_proliferus	87.4	99.7	99.5	738
PX214881.1	MT832189_Rhizophagus_intraradices	86.6	92.9	99.3	689
PX214881.1	FN547496_Funneliformis_caledonius	86.2	99.7	98.4	746
PX214881.1	FR750526_Glomus_macrocarpum	86.0	98.9	99.0	741
PX214881.1	FR750203_Glomus_spe	85.8	98.9	99.0	741
PX214881.1	FR750539_Glomus_macrocarpum	85.0	98.8	99.0	741
PX214881.1	FM876794_Funneliformis_coronatus	85.0	99.6	98.3	747
PX214881.1	KJ564133.1_Kamienskia_bistrata	84.6	96.7	90.7	721
PX214881.1	AY639162_Funneliformis_mosseae	84.3	99.7	98.5	745
PX214881.1	KJ564144.1_Microkaminenskia_perpusilla	83.1	96.9	90.3	723
PX214884.1	MT832184_Oehlia_diaphana	99.3	93.2	100.0	684
PX214884.1	MT832183_Oehlia_diaphana	98.3	93.2	99.7	686
PX214884.1	MH560602.1_Halonatospora_panshihalos	89.4	97.3	90.7	720
PX214884.1	MH560604.1_Halonatospora_panshihalos	89.3	97.3	90.7	720
PX214884.1	FM992391_Rhizophagus_proliferus	89.2	99.7	99.3	739
PX214884.1	FR750072_Rhizophagus_fasciculatus	88.4	99.7	99.2	740
PX214884.1	FM992400_Rhizophagus_proliferus	87.4	99.7	99.5	738
PX214884.1	MT832189_Rhizophagus_intraradices	86.5	92.9	99.3	689
PX214884.1	FN547496_Funneliformis_caledonius	86.3	99.7	98.4	746
PX214884.1	KJ564166.1_Dominikia_indica	86.2	97.1	90.5	724
PX214884.1	FR750526_Glomus_macrocarpum	85.8	98.9	99.0	741
PX214884.1	FR750203_Glomus_spe	85.7	98.9	99.0	741
PX214884.1	FM876794_Funneliformis_coronatus	85.4	99.6	98.3	747
PX214884.1	FR750539_Glomus_macrocarpum	84.9	98.8	99.0	741
PX214884.1	AY639162_Funneliformis_mosseae	84.3	99.7	98.5	745
PX214884.1	KJ564144.1_Microkaminenskia_perpusilla	83.0	96.9	90.3	723
PX214883.1	MT832184_Oehlia_diaphana	99.3	93.2	100.0	684
PX214883.1	MT832183_Oehlia_diaphana	98.3	93.2	99.7	686
PX214883.1	MH560602.1_Halonatospora_panshihalos	89.4	97.3	90.7	720
PX214883.1	MH560604.1_Halonatospora_panshihalos	89.3	97.3	90.7	720
PX214883.1	FM992391_Rhizophagus_proliferus	89.2	99.7	99.3	739
PX214883.1	FR750072_Rhizophagus_fasciculatus	88.4	99.7	99.2	740
PX214883.1	FM992400_Rhizophagus_proliferus	87.4	99.7	99.5	738
PX214883.1	MT832189_Rhizophagus_intraradices	86.5	92.9	99.3	689
PX214883.1	FN547496_Funneliformis_caledonius	86.3	99.7	98.4	746
PX214883.1	KJ564166.1_Dominikia_indica	86.2	97.1	90.5	724
PX214883.1	FR750526_Glomus_macrocarpum	85.8	98.9	99.0	741
PX214883.1	FR750203_Glomus_spe	85.7	98.9	99.0	741
PX214883.1	FM876794_Funneliformis_coronatus	85.4	99.6	98.3	747
PX214883.1	FR750539_Glomus_macrocarpum	84.9	98.8	99.0	741
PX214883.1	AY639162_Funneliformis_mosseae	84.3	99.7	98.5	745
PX214883.1	KJ564144.1_Microkaminenskia_perpusilla	83.0	96.9	90.3	723
PX214885.1	MT832184_Oehlia_diaphana	99.3	93.2	100.0	684
PX214885.1	MT832183_Oehlia_diaphana	98.3	93.2	99.7	686
PX214885.1	MH560602.1_Halonatospora_panshihalos	89.4	97.3	90.7	720
PX214885.1	MH560604.1_Halonatospora_panshihalos	89.3	97.3	90.7	720
PX214885.1	FM992391_Rhizophagus_proliferus	89.2	99.7	99.3	739
PX214885.1	FR750072_Rhizophagus_fasciculatus	88.4	99.7	99.2	740
PX214885.1	FM992400_Rhizophagus_proliferus	87.4	99.7	99.5	738
PX214885.1	MT832189_Rhizophagus_intraradices	86.5	92.9	99.3	689
PX214885.1	FN547496_Funneliformis_caledonius	86.3	99.7	98.4	746
PX214885.1	KJ564166.1_Dominikia_indica	86.2	97.1	90.5	724
PX214885.1	FR750526_Glomus_macrocarpum	85.8	98.9	99.0	741
PX214885.1	FR750203_Glomus_spe	85.7	98.9	99.0	741
PX214885.1	FM876794_Funneliformis_coronatus	85.4	99.6	98.3	747
PX214885.1	FR750539_Glomus_macrocarpum	84.9	98.8	99.0	741
PX214885.1	AY639162_Funneliformis_mosseae	84.3	99.7	98.5	745
PX214885.1	KJ564144.1_Microkaminenskia_perpusilla	83.0	96.9	90.3	723
PX214887.1	MT832183_Oehlia_diaphana	99.6	93.2	100.0	686
PX214887.1	MT832184_Oehlia_diaphana	98.3	92.9	100.0	686
PX214887.1	MH560602.1_Halonatospora_panshihalos	89.3	97.3	91.0	720
PX214887.1	FM992391_Rhizophagus_proliferus	89.2	99.6	99.5	740
PX214887.1	MH560604.1_Halonatospora_panshihalos	89.2	97.3	91.0	720
PX214887.1	FR750072_Rhizophagus_fasciculatus	88.4	99.7	99.5	740
PX214887.1	FM992400_Rhizophagus_proliferus	87.6	99.6	99.6	739
PX214887.1	FN547496_Funneliformis_caledonius	86.3	99.7	98.7	746
PX214887.1	MT832189_Rhizophagus_intraradices	86.2	92.9	99.6	689
PX214887.1	FR750203_Glomus_spe	85.5	98.6	99.0	743
PX214887.1	FR750526_Glomus_macrocarpum	85.2	98.6	99.0	743
PX214887.1	FM876794_Funneliformis_coronatus	85.0	99.6	98.5	747
PX214887.1	KJ564133.1_Kamienskia_bistrata	84.9	96.7	90.9	721
PX214887.1	AY639162_Funneliformis_mosseae	84.7	99.6	98.7	746
PX214887.1	FR750539_Glomus_macrocarpum	84.1	98.5	99.0	743
PX214887.1	KJ564144.1_Microkaminenskia_perpusilla	83.5	96.9	90.6	723
PX214879.1	FR750072_Rhizophagus_fasciculatus	98.9	100.0	99.9	738
PX214879.1	FM992400_Rhizophagus_proliferus	93.9	99.7	99.9	738
PX214879.1	MT832188_Rhizophagus_intraradices	93.8	92.8	99.7	689
PX214879.1	FM992391_Rhizophagus_proliferus	93.1	99.7	99.7	739
PX214879.1	MT832192_Rhizophagus_dimorphicus	93.0	92.9	99.7	689
PX214879.1	MT832193_Rhizophagus_dimorphicus	92.9	92.8	99.6	690
PX214879.1	MT832194_Rhizophagus_irregularis	92.6	93.1	99.7	689
PX214879.1	MT832187_Rhizophagus_intraradices	92.3	92.8	99.9	688
PX214879.1	MT832190_Rhizophagus_manihotis	92.0	92.7	99.7	689
PX214879.1	MT832191_Rhizophagus_clarus	91.7	92.8	99.7	689
PX214879.1	MT832189_Rhizophagus_intraradices	90.6	92.8	99.6	690
PX214879.1	MT832195_Rhizophagus_irregularis	90.3	92.9	99.6	690
PX214879.1	MT832184_Oehlia_diaphana	87.5	92.5	99.7	689
PX214879.1	MT832186_Sclerocystis_sinuosa	87.4	93.4	99.6	690
PX214879.1	MT832185_Sclerocystis_sinuosa	86.6	93.4	99.3	692
PX214879.1	KJ564144.1_Microkaminenskia_perpusilla	83.4	96.7	90.6	724
PX214886.1	MT832184_Oehlia_diaphana	99.0	93.2	100.0	684
PX214886.1	MT832183_Oehlia_diaphana	98.8	93.2	99.7	686
PX214886.1	FM992391_Rhizophagus_proliferus	89.3	99.7	99.3	739
PX214886.1	MH560602.1_Halonatospora_panshihalos	89.2	97.3	90.7	720
PX214886.1	MH560604.1_Halonatospora_panshihalos	89.0	97.3	90.7	720
PX214886.1	FR750072_Rhizophagus_fasciculatus	88.5	99.7	99.2	740
PX214886.1	FM992400_Rhizophagus_proliferus	87.5	99.7	99.5	738
PX214886.1	MT832188_Rhizophagus_intraradices	86.8	92.9	99.4	688
PX214886.1	MT832189_Rhizophagus_intraradices	86.2	92.9	99.3	689
PX214886.1	FN547496_Funneliformis_caledonius	86.2	99.7	98.4	746
PX214886.1	FR750203_Glomus_spe	85.7	98.9	99.0	741
PX214886.1	FR750526_Glomus_macrocarpum	85.7	98.9	99.0	741
PX214886.1	FM876794_Funneliformis_coronatus	85.0	99.6	98.3	747
PX214886.1	FR750539_Glomus_macrocarpum	84.9	98.8	99.0	741
PX214886.1	AY639162_Funneliformis_mosseae	84.0	99.7	98.5	745
PX214886.1	KJ564144.1_Microkaminenskia_perpusilla	83.1	96.9	90.3	723
PX214888.1	MT832183_Oehlia_diaphana	99.6	93.2	100.0	686
PX214888.1	MT832184_Oehlia_diaphana	98.8	92.9	100.0	686
PX214888.1	FM992391_Rhizophagus_proliferus	89.5	99.6	99.5	740
PX214888.1	MH560602.1_Halonatospora_panshihalos	89.4	97.3	91.0	720
PX214888.1	MH560604.1_Halonatospora_panshihalos	89.3	97.3	91.0	720
PX214888.1	FR750072_Rhizophagus_fasciculatus	88.4	99.7	99.5	740
PX214888.1	FM992400_Rhizophagus_proliferus	87.8	99.6	99.6	739
PX214888.1	FN547496_Funneliformis_caledonius	86.5	99.7	98.7	746
PX214888.1	MT832189_Rhizophagus_intraradices	86.2	92.9	99.6	689
PX214888.1	FR750526_Glomus_macrocarpum	85.7	98.6	99.0	743
PX214888.1	FR750203_Glomus_spe	85.3	98.6	99.0	743
PX214888.1	FM876794_Funneliformis_coronatus	85.1	99.6	98.5	747
PX214888.1	KJ564133.1_Kamienskia_bistrata	85.0	96.7	90.9	721
PX214888.1	AY639162_Funneliformis_mosseae	84.9	99.6	98.7	746
PX214888.1	FR750539_Glomus_macrocarpum	84.7	98.5	99.0	743
PX214888.1	KJ564144.1_Microkaminenskia_perpusilla	83.1	96.9	90.6	723
PX214889.1	MT832184_Oehlia_diaphana	98.8	93.2	100.0	684
PX214889.1	MT832183_Oehlia_diaphana	98.4	93.2	99.7	686
PX214889.1	FM992391_Rhizophagus_proliferus	89.2	99.7	99.3	739
PX214889.1	MH560602.1_Halonatospora_panshihalos	89.0	97.3	90.7	720
PX214889.1	MH560604.1_Halonatospora_panshihalos	88.9	97.3	90.7	720
PX214889.1	FR750072_Rhizophagus_fasciculatus	88.1	99.7	99.2	740
PX214889.1	FM992400_Rhizophagus_proliferus	87.1	99.7	99.5	738
PX214889.1	MT832189_Rhizophagus_intraradices	86.4	92.9	99.3	689
PX214889.1	FN547496_Funneliformis_caledonius	86.2	99.7	98.4	746
PX214889.1	FR750526_Glomus_macrocarpum	85.7	98.9	99.0	741
PX214889.1	FR750203_Glomus_spe	85.6	98.9	99.0	741
PX214889.1	FM876794_Funneliformis_coronatus	85.0	99.6	98.3	747
PX214889.1	FR750539_Glomus_macrocarpum	84.8	98.8	99.0	741
PX214889.1	KJ564133.1_Kamienskia_bistrata	84.6	96.7	90.7	721
PX214889.1	AY639162_Funneliformis_mosseae	84.0	99.7	98.5	745
PX214889.1	KJ564144.1_Microkaminenskia_perpusilla	82.8	96.9	90.3	723
PX214890.1	MT832184_Oehlia_diaphana	99.0	93.2	100.0	684
PX214890.1	MT832183_Oehlia_diaphana	98.8	93.2	99.7	686
PX214890.1	MH560602.1_Halonatospora_panshihalos	89.3	97.3	90.7	720
PX214890.1	MH560604.1_Halonatospora_panshihalos	89.2	97.3	90.7	720
PX214890.1	FM992391_Rhizophagus_proliferus	89.0	99.7	99.3	739
PX214890.1	FR750072_Rhizophagus_fasciculatus	88.2	99.7	99.2	740
PX214890.1	FM992400_Rhizophagus_proliferus	87.3	99.7	99.5	738
PX214890.1	FN547496_Funneliformis_caledonius	86.3	99.7	98.4	746
PX214890.1	MT832189_Rhizophagus_intraradices	86.2	92.9	99.3	689
PX214890.1	FR750203_Glomus_spe	85.8	98.9	99.0	741
PX214890.1	FR750526_Glomus_macrocarpum	85.8	98.9	99.0	741
PX214890.1	FM876794_Funneliformis_coronatus	85.1	99.6	98.3	747
PX214890.1	FR750539_Glomus_macrocarpum	85.0	98.8	99.0	741
PX214890.1	KJ564133.1_Kamienskia_bistrata	84.7	96.7	90.7	721
PX214890.1	AY639162_Funneliformis_mosseae	84.2	99.7	98.5	745
PX214890.1	KJ564144.1_Microkaminenskia_perpusilla	83.0	96.9	90.3	723
PX214893.1	MT832184_Oehlia_diaphana	99.1	93.2	100.0	684
PX214893.1	MT832183_Oehlia_diaphana	98.7	93.2	99.7	686
PX214893.1	FM992391_Rhizophagus_proliferus	89.4	99.7	99.3	739
PX214893.1	MH560602.1_Halonatospora_panshihalos	89.2	97.3	90.7	720
PX214893.1	MH560604.1_Halonatospora_panshihalos	89.0	97.3	90.7	720
PX214893.1	FR750072_Rhizophagus_fasciculatus	88.4	99.7	99.2	740
PX214893.1	FM992400_Rhizophagus_proliferus	87.4	99.7	99.5	738
PX214893.1	MT832189_Rhizophagus_intraradices	86.6	92.9	99.3	689
PX214893.1	FN547496_Funneliformis_caledonius	86.3	99.7	98.4	746
PX214893.1	FR750526_Glomus_macrocarpum	85.8	98.9	99.0	741
PX214893.1	FR750203_Glomus_spe	85.7	98.9	99.0	741
PX214893.1	KJ564137.1_Kamienskia_bistrata	85.7	96.7	90.7	720
PX214893.1	FM876794_Funneliformis_coronatus	85.1	99.6	98.3	747
PX214893.1	FR750539_Glomus_macrocarpum	84.9	98.8	99.0	741
PX214893.1	KJ564133.1_Kamienskia_bistrata	84.9	96.7	90.7	721
PX214893.1	AY639162_Funneliformis_mosseae	84.2	99.7	98.5	745
PX214894.1	MT832184_Oehlia_diaphana	99.0	93.2	100.0	684
PX214894.1	MT832183_Oehlia_diaphana	98.5	93.2	99.7	686
PX214894.1	FM992391_Rhizophagus_proliferus	89.4	99.7	99.3	739
PX214894.1	MH560602.1_Halonatospora_panshihalos	89.0	97.3	90.7	720
PX214894.1	MH560604.1_Halonatospora_panshihalos	88.9	97.3	90.7	720
PX214894.1	FR750072_Rhizophagus_fasciculatus	88.2	99.7	99.2	740
PX214894.1	FM992400_Rhizophagus_proliferus	87.5	99.7	99.5	738
PX214894.1	MT832189_Rhizophagus_intraradices	86.8	92.9	99.3	689
PX214894.1	FN547496_Funneliformis_caledonius	86.5	99.7	98.4	746
PX214894.1	FR750526_Glomus_macrocarpum	86.0	98.9	99.0	741
PX214894.1	FR750203_Glomus_spe	85.8	98.9	99.0	741
PX214894.1	KJ564137.1_Kamienskia_bistrata	85.7	96.7	90.7	720
PX214894.1	FM876794_Funneliformis_coronatus	85.3	99.6	98.3	747
PX214894.1	FR750539_Glomus_macrocarpum	85.0	98.8	99.0	741
PX214894.1	KJ564133.1_Kamienskia_bistrata	84.9	96.7	90.7	721
PX214894.1	AY639162_Funneliformis_mosseae	84.2	99.7	98.5	745
PX214891.1	MT832184_Oehlia_diaphana	98.8	93.2	100.0	684
PX214891.1	MT832183_Oehlia_diaphana	98.4	93.2	99.7	686
PX214891.1	MH560602.1_Halonatospora_panshihalos	89.0	97.3	90.7	720
PX214891.1	FM992391_Rhizophagus_proliferus	88.9	99.7	99.3	739
PX214891.1	MH560604.1_Halonatospora_panshihalos	88.9	97.3	90.7	720
PX214891.1	FR750072_Rhizophagus_fasciculatus	88.1	99.7	99.2	740
PX214891.1	FM992400_Rhizophagus_proliferus	87.1	99.7	99.5	738
PX214891.1	FN547496_Funneliformis_caledonius	86.5	99.7	98.4	746
PX214891.1	MT832189_Rhizophagus_intraradices	86.1	92.9	99.3	689
PX214891.1	FR750526_Glomus_macrocarpum	85.7	98.9	99.0	741
PX214891.1	FR750203_Glomus_spe	85.6	98.9	99.0	741
PX214891.1	FM876794_Funneliformis_coronatus	85.3	99.6	98.3	747
PX214891.1	KJ564137.1_Kamienskia_bistrata	85.1	96.7	90.7	720
PX214891.1	MK875635.1_Nanoglomus_plukenetia	84.9	97.0	90.7	721
PX214891.1	FR750539_Glomus_macrocarpum	84.8	98.8	99.0	741
PX214891.1	KJ564133.1_Kamienskia_bistrata	84.3	96.7	90.7	721
PX214892.1	MT832183_Oehlia_diaphana	98.5	93.2	100.0	686
PX214892.1	MT832184_Oehlia_diaphana	98.0	92.9	100.0	686
PX214892.1	FM992391_Rhizophagus_proliferus	89.1	99.6	99.5	740
PX214892.1	MH560602.1_Halonatospora_panshihalos	89.0	97.3	91.0	720
PX214892.1	MH560604.1_Halonatospora_panshihalos	88.9	97.3	91.0	720
PX214892.1	FR750072_Rhizophagus_fasciculatus	88.2	99.7	99.5	740
PX214892.1	FM992400_Rhizophagus_proliferus	87.4	99.6	99.6	739
PX214892.1	MT832195_Rhizophagus_irregularis	86.4	92.7	99.1	692
PX214892.1	FN547496_Funneliformis_caledonius	85.8	99.7	98.7	746
PX214892.1	MT832189_Rhizophagus_intraradices	85.8	92.9	99.6	689
PX214892.1	KJ564137.1_Kamienskia_bistrata	85.4	96.7	90.9	720
PX214892.1	FR750526_Glomus_macrocarpum	85.3	98.6	99.0	743
PX214892.1	FR750203_Glomus_spe	85.1	98.6	99.0	743
PX214892.1	KJ564133.1_Kamienskia_bistrata	84.6	96.7	90.9	721
PX214892.1	FM876794_Funneliformis_coronatus	84.5	99.6	98.5	747
PX214892.1	FR750539_Glomus_macrocarpum	84.3	98.5	99.0	743
PX214898.1	MT832184_Oehlia_diaphana	99.0	93.2	99.9	684
PX214898.1	MT832183_Oehlia_diaphana	98.3	93.2	99.6	686
PX214898.1	FM992391_Rhizophagus_proliferus	89.9	99.7	99.2	739
PX214898.1	MH560602.1_Halonatospora_panshihalos	89.3	97.3	90.6	720
PX214898.1	MH560604.1_Halonatospora_panshihalos	89.2	97.3	90.6	720
PX214898.1	FR750072_Rhizophagus_fasciculatus	88.6	99.7	99.1	740
PX214898.1	FM992400_Rhizophagus_proliferus	87.9	99.7	99.3	738
PX214898.1	MT832189_Rhizophagus_intraradices	87.1	92.9	99.1	689
PX214898.1	FN547496_Funneliformis_caledonius	86.3	99.7	98.3	746
PX214898.1	FR750526_Glomus_macrocarpum	86.1	99.0	99.0	740
PX214898.1	KJ564137.1_Kamienskia_bistrata	85.6	96.7	90.5	720
PX214898.1	FR750203_Glomus_spe	85.5	98.6	98.6	743
PX214898.1	FM876794_Funneliformis_coronatus	85.1	99.7	98.3	746
PX214898.1	FR750539_Glomus_macrocarpum	85.0	98.9	99.0	740
PX214898.1	KJ564133.1_Kamienskia_bistrata	84.7	96.7	90.5	721
PX214898.1	AY639162_Funneliformis_mosseae	84.4	99.7	98.4	745
PX214895.1	MT832184_Oehlia_diaphana	99.0	93.2	100.0	684
PX214895.1	MT832183_Oehlia_diaphana	98.5	93.2	99.7	686
PX214895.1	FM992391_Rhizophagus_proliferus	89.4	99.7	99.3	739
PX214895.1	MH560602.1_Halonatospora_panshihalos	89.0	97.3	90.7	720
PX214895.1	MH560604.1_Halonatospora_panshihalos	88.9	97.3	90.7	720
PX214895.1	FR750072_Rhizophagus_fasciculatus	88.2	99.7	99.2	740
PX214895.1	FM992400_Rhizophagus_proliferus	87.5	99.7	99.5	738
PX214895.1	MT832189_Rhizophagus_intraradices	86.8	92.9	99.3	689
PX214895.1	FN547496_Funneliformis_caledonius	86.5	99.7	98.4	746
PX214895.1	FR750526_Glomus_macrocarpum	86.0	98.9	99.0	741
PX214895.1	FR750203_Glomus_spe	85.8	98.9	99.0	741
PX214895.1	KJ564137.1_Kamienskia_bistrata	85.7	96.7	90.7	720
PX214895.1	FM876794_Funneliformis_coronatus	85.3	99.6	98.3	747
PX214895.1	FR750539_Glomus_macrocarpum	85.0	98.8	99.0	741
PX214895.1	KJ564133.1_Kamienskia_bistrata	84.9	96.7	90.7	721
PX214895.1	AY639162_Funneliformis_mosseae	84.2	99.7	98.5	745
PX214896.1	MT832184_Oehlia_diaphana	98.4	93.2	100.0	684
PX214896.1	MT832183_Oehlia_diaphana	98.0	93.2	99.7	686
PX214896.1	FM992391_Rhizophagus_proliferus	89.2	99.7	99.3	739
PX214896.1	MH560602.1_Halonatospora_panshihalos	88.9	97.3	90.7	720
PX214896.1	MH560604.1_Halonatospora_panshihalos	88.8	97.3	90.7	720
PX214896.1	FR750072_Rhizophagus_fasciculatus	88.1	99.7	99.2	740
PX214896.1	MT832187_Rhizophagus_intraradices	87.3	92.9	99.6	687
PX214896.1	FM992400_Rhizophagus_proliferus	87.3	99.7	99.5	738
PX214896.1	MT832188_Rhizophagus_intraradices	86.6	92.9	99.4	688
PX214896.1	MT832189_Rhizophagus_intraradices	86.4	92.9	99.3	689
PX214896.1	FN547496_Funneliformis_caledonius	85.9	99.7	98.4	746
PX214896.1	FR750203_Glomus_spe	85.6	98.9	99.0	741
PX214896.1	FR750526_Glomus_macrocarpum	85.6	98.9	99.0	741
PX214896.1	FR750539_Glomus_macrocarpum	84.8	98.8	99.0	741
PX214896.1	FM876794_Funneliformis_coronatus	84.7	99.6	98.3	747
PX214896.1	AY639162_Funneliformis_mosseae	83.8	99.7	98.5	745
PX214899.1	MT832184_Oehlia_diaphana	98.8	93.2	100.0	684
PX214899.1	MT832183_Oehlia_diaphana	98.4	93.2	99.7	686
PX214899.1	FM992391_Rhizophagus_proliferus	88.9	99.7	99.3	739
PX214899.1	MH560602.1_Halonatospora_panshihalos	88.8	97.3	90.7	720
PX214899.1	MH560604.1_Halonatospora_panshihalos	88.6	97.3	90.7	720
PX214899.1	FR750072_Rhizophagus_fasciculatus	87.8	99.7	99.2	740
PX214899.1	FM992400_Rhizophagus_proliferus	86.9	99.7	99.5	738
PX214899.1	MT832189_Rhizophagus_intraradices	86.4	92.9	99.3	689
PX214899.1	FN547496_Funneliformis_caledonius	86.2	99.7	98.4	746
PX214899.1	FR750526_Glomus_macrocarpum	85.7	98.9	99.0	741
PX214899.1	KJ564137.1_Kamienskia_bistrata	85.4	96.7	90.7	720
PX214899.1	FR750203_Glomus_spe	85.3	98.9	99.0	741
PX214899.1	FM876794_Funneliformis_coronatus	85.0	99.6	98.3	747
PX214899.1	FR750539_Glomus_macrocarpum	84.8	98.8	99.0	741
PX214899.1	KJ564133.1_Kamienskia_bistrata	84.7	96.7	90.7	721
PX214899.1	AY639162_Funneliformis_mosseae	84.2	99.7	98.5	745
PX214897.1	MT832184_Oehlia_diaphana	99.0	93.2	100.0	684
PX214897.1	MT832183_Oehlia_diaphana	98.5	93.2	99.7	686
PX214897.1	FM992391_Rhizophagus_proliferus	89.3	99.7	99.3	739
PX214897.1	MH560602.1_Halonatospora_panshihalos	88.9	97.3	90.7	720
PX214897.1	MH560604.1_Halonatospora_panshihalos	88.8	97.3	90.7	720
PX214897.1	FR750072_Rhizophagus_fasciculatus	88.2	99.7	99.2	740
PX214897.1	FM992400_Rhizophagus_proliferus	87.3	99.7	99.5	738
PX214897.1	MT832189_Rhizophagus_intraradices	86.5	92.9	99.3	689
PX214897.1	FN547496_Funneliformis_caledonius	86.1	99.7	98.4	746
PX214897.1	FR750526_Glomus_macrocarpum	85.8	98.9	99.0	741
PX214897.1	FR750203_Glomus_spe	85.7	98.9	99.0	741
PX214897.1	FR750539_Glomus_macrocarpum	84.9	98.8	99.0	741
PX214897.1	FM876794_Funneliformis_coronatus	84.9	99.6	98.3	747
PX214897.1	KJ564133.1_Kamienskia_bistrata	84.6	96.7	90.7	721
PX214897.1	AY639162_Funneliformis_mosseae	84.2	99.7	98.5	745
PX214897.1	KJ564144.1_Microkaminenskia_perpusilla	83.0	96.9	90.3	723
PX214901.1	MT832183_Oehlia_diaphana	99.4	93.2	100.0	686
PX214901.1	MT832184_Oehlia_diaphana	98.7	92.9	100.0	686
PX214901.1	MH560602.1_Halonatospora_panshihalos	89.4	97.3	91.0	720
PX214901.1	MH560604.1_Halonatospora_panshihalos	89.3	97.3	91.0	720
PX214901.1	FM992391_Rhizophagus_proliferus	89.2	99.6	99.5	740
PX214901.1	FR750072_Rhizophagus_fasciculatus	88.1	99.7	99.5	740
PX214901.1	FM992400_Rhizophagus_proliferus	87.6	99.6	99.6	739
PX214901.1	FN547496_Funneliformis_caledonius	86.3	99.7	98.7	746
PX214901.1	MT832189_Rhizophagus_intraradices	86.1	92.9	99.6	689
PX214901.1	FR750526_Glomus_macrocarpum	85.6	98.6	99.0	743
PX214901.1	FR750203_Glomus_spe	85.2	98.6	99.0	743
PX214901.1	FM876794_Funneliformis_coronatus	85.0	99.6	98.5	747
PX214901.1	KJ564133.1_Kamienskia_bistrata	84.9	96.7	90.9	721
PX214901.1	AY639162_Funneliformis_mosseae	84.7	99.6	98.7	746
PX214901.1	FR750539_Glomus_macrocarpum	84.5	98.5	99.0	743
PX214901.1	KJ564144.1_Microkaminenskia_perpusilla	83.1	96.9	90.6	723
PX214902.1	MT832184_Oehlia_diaphana	99.0	93.2	100.0	684
PX214902.1	MT832183_Oehlia_diaphana	98.8	93.2	99.7	686
PX214902.1	MH560602.1_Halonatospora_panshihalos	89.2	97.3	90.7	720
PX214902.1	FM992391_Rhizophagus_proliferus	89.0	99.7	99.3	739
PX214902.1	MH560604.1_Halonatospora_panshihalos	89.0	97.3	90.7	720
PX214902.1	FR750072_Rhizophagus_fasciculatus	88.2	99.7	99.2	740
PX214902.1	FM992400_Rhizophagus_proliferus	87.3	99.7	99.5	738
PX214902.1	FN547496_Funneliformis_caledonius	86.3	99.7	98.4	746
PX214902.1	MT832189_Rhizophagus_intraradices	86.2	92.9	99.3	689
PX214902.1	FR750526_Glomus_macrocarpum	85.8	98.9	99.0	741
PX214902.1	MT832192_Rhizophagus_dimorphicus	85.8	92.8	99.1	690
PX214902.1	FR750203_Glomus_spe	85.7	98.9	99.0	741
PX214902.1	FM876794_Funneliformis_coronatus	85.1	99.6	98.3	747
PX214902.1	FR750539_Glomus_macrocarpum	84.9	98.8	99.0	741
PX214902.1	AY639162_Funneliformis_mosseae	84.2	99.7	98.5	745
PX214902.1	KJ564144.1_Microkaminenskia_perpusilla	82.7	96.9	90.3	723
PX214900.1	MT832184_Oehlia_diaphana	98.7	93.2	100.0	684
PX214900.1	MT832183_Oehlia_diaphana	98.3	93.2	99.7	686
PX214900.1	FM992391_Rhizophagus_proliferus	89.2	99.7	99.3	739
PX214900.1	MH560602.1_Halonatospora_panshihalos	88.9	97.3	90.7	720
PX214900.1	MH560604.1_Halonatospora_panshihalos	88.8	97.3	90.7	720
PX214900.1	FR750072_Rhizophagus_fasciculatus	88.0	99.7	99.2	740
PX214900.1	FM992400_Rhizophagus_proliferus	87.1	99.7	99.5	738
PX214900.1	MT832189_Rhizophagus_intraradices	86.2	92.9	99.3	689
PX214900.1	FN547496_Funneliformis_caledonius	85.8	99.7	98.4	746
PX214900.1	FR750526_Glomus_macrocarpum	85.6	98.9	99.0	741
PX214900.1	FR750203_Glomus_spe	85.4	98.9	99.0	741
PX214900.1	KJ564137.1_Kamienskia_bistrata	85.3	96.7	90.7	720
PX214900.1	FR750539_Glomus_macrocarpum	84.6	98.8	99.0	741
PX214900.1	FM876794_Funneliformis_coronatus	84.6	99.6	98.3	747
PX214900.1	KJ564133.1_Kamienskia_bistrata	84.6	96.7	90.7	721
PX214900.1	KJ564144.1_Microkaminenskia_perpusilla	82.7	96.9	90.3	723
PX214903.1	MT832184_Oehlia_diaphana	99.1	93.2	100.0	684
PX214903.1	MT832183_Oehlia_diaphana	99.0	93.2	99.7	686
PX214903.1	MH560602.1_Halonatospora_panshihalos	89.3	97.3	90.7	720
PX214903.1	FM992391_Rhizophagus_proliferus	89.2	99.7	99.3	739
PX214903.1	MH560604.1_Halonatospora_panshihalos	89.2	97.3	90.7	720
PX214903.1	FR750072_Rhizophagus_fasciculatus	88.4	99.7	99.2	740
PX214903.1	FM992400_Rhizophagus_proliferus	87.4	99.7	99.5	738
PX214903.1	FN547496_Funneliformis_caledonius	86.5	99.7	98.4	746
PX214903.1	MT832189_Rhizophagus_intraradices	86.4	92.9	99.3	689
PX214903.1	MT832175_Septoglomus_constrictum	86.3	93.2	98.8	692
PX214903.1	FR750526_Glomus_macrocarpum	86.0	98.9	99.0	741
PX214903.1	FR750203_Glomus_spe	85.8	98.9	99.0	741
PX214903.1	FM876794_Funneliformis_coronatus	85.3	99.6	98.3	747
PX214903.1	FR750539_Glomus_macrocarpum	85.0	98.8	99.0	741
PX214903.1	AY639162_Funneliformis_mosseae	84.3	99.7	98.5	745
PX214903.1	KJ564144.1_Microkaminenskia_perpusilla	82.8	96.9	90.3	723
PX214904.1	MT832184_Oehlia_diaphana	99.0	93.2	100.0	684
PX214904.1	MT832183_Oehlia_diaphana	98.8	93.2	99.7	686
PX214904.1	MH560602.1_Halonatospora_panshihalos	89.6	97.3	90.7	720
PX214904.1	MH560604.1_Halonatospora_panshihalos	89.4	97.3	90.7	720
PX214904.1	FM992391_Rhizophagus_proliferus	89.3	99.7	99.3	739
PX214904.1	FR750072_Rhizophagus_fasciculatus	88.5	99.7	99.2	740
PX214904.1	FM992400_Rhizophagus_proliferus	87.5	99.7	99.5	738
PX214904.1	MT832189_Rhizophagus_intraradices	86.5	92.9	99.3	689
PX214904.1	FN547496_Funneliformis_caledonius	86.5	99.7	98.4	746
PX214904.1	MT832175_Septoglomus_constrictum	86.3	93.2	98.8	692
PX214904.1	FR750526_Glomus_macrocarpum	86.0	98.9	99.0	741
PX214904.1	FR750203_Glomus_spe	85.8	98.9	99.0	741
PX214904.1	FM876794_Funneliformis_coronatus	85.3	99.6	98.3	747
PX214904.1	FR750539_Glomus_macrocarpum	85.0	98.8	99.0	741
PX214904.1	AY639162_Funneliformis_mosseae	84.6	99.7	98.5	745
PX214904.1	KJ564144.1_Microkaminenskia_perpusilla	82.8	96.9	90.3	723
PX214905.1	MT832183_Oehlia_diaphana	99.0	93.2	100.0	686
PX214905.1	MT832184_Oehlia_diaphana	98.5	92.9	100.0	686
PX214905.1	MH560602.1_Halonatospora_panshihalos	89.2	97.3	91.0	720
PX214905.1	MH560604.1_Halonatospora_panshihalos	89.0	97.3	91.0	720
PX214905.1	FM992391_Rhizophagus_proliferus	88.9	99.6	99.5	740
PX214905.1	FR750072_Rhizophagus_fasciculatus	88.1	99.7	99.5	740
PX214905.1	FM992400_Rhizophagus_proliferus	87.3	99.6	99.6	739
PX214905.1	FN547496_Funneliformis_caledonius	86.6	99.7	98.7	746
PX214905.1	KJ564166.1_Dominikia_indica	86.2	97.1	90.7	724
PX214905.1	MT832189_Rhizophagus_intraradices	86.1	92.9	99.6	689
PX214905.1	FR750526_Glomus_macrocarpum	85.5	98.6	99.0	743
PX214905.1	FM876794_Funneliformis_coronatus	85.3	99.6	98.5	747
PX214905.1	FR750203_Glomus_spe	85.2	98.6	99.0	743
PX214905.1	AY639162_Funneliformis_mosseae	84.7	99.6	98.7	746
PX214905.1	FR750539_Glomus_macrocarpum	84.5	98.5	99.0	743
PX214905.1	KJ564144.1_Microkaminenskia_perpusilla	83.0	96.9	90.6	723
PX214907.1	MT832183_Oehlia_diaphana	99.0	93.2	100.0	686
PX214907.1	MT832184_Oehlia_diaphana	98.1	92.9	100.0	686
PX214907.1	FM992391_Rhizophagus_proliferus	89.1	99.6	99.5	740
PX214907.1	MH560602.1_Halonatospora_panshihalos	89.0	97.3	91.0	720
PX214907.1	MH560604.1_Halonatospora_panshihalos	88.9	97.3	91.0	720
PX214907.1	FR750072_Rhizophagus_fasciculatus	88.1	99.7	99.5	740
PX214907.1	FM992400_Rhizophagus_proliferus	87.4	99.6	99.6	739
PX214907.1	MT832187_Rhizophagus_intraradices	87.2	92.8	99.7	688
PX214907.1	MT832188_Rhizophagus_intraradices	86.5	92.8	99.6	689
PX214907.1	FN547496_Funneliformis_caledonius	85.9	99.7	98.7	746
PX214907.1	FR750526_Glomus_macrocarpum	85.2	98.6	99.0	743
PX214907.1	FR750203_Glomus_spe	85.1	98.6	99.0	743
PX214907.1	FM876794_Funneliformis_coronatus	84.6	99.6	98.5	747
PX214907.1	AY639162_Funneliformis_mosseae	84.3	99.6	98.7	746
PX214907.1	FR750539_Glomus_macrocarpum	84.3	98.5	99.0	743
PX214907.1	KJ564144.1_Microkaminenskia_perpusilla	83.3	96.9	90.6	723
PX214906.1	MT832183_Oehlia_diaphana	99.1	93.2	100.0	686
PX214906.1	MT832184_Oehlia_diaphana	98.0	92.9	100.0	686
PX214906.1	FM992391_Rhizophagus_proliferus	89.2	99.6	99.5	740
PX214906.1	MH560602.1_Halonatospora_panshihalos	89.0	97.3	91.0	720
PX214906.1	MH560604.1_Halonatospora_panshihalos	88.9	97.3	91.0	720
PX214906.1	FR750072_Rhizophagus_fasciculatus	88.2	99.7	99.5	740
PX214906.1	FM992400_Rhizophagus_proliferus	87.6	99.6	99.6	739
PX214906.1	MT832188_Rhizophagus_intraradices	86.6	92.8	99.6	689
PX214906.1	FN547496_Funneliformis_caledonius	86.1	99.7	98.7	746
PX214906.1	MK875635.1_Nanoglomus_plukenetia	85.7	97.0	91.0	721
PX214906.1	FR750526_Glomus_macrocarpum	85.3	98.6	99.0	743
PX214906.1	FR750203_Glomus_spe	85.1	98.6	99.0	743
PX214906.1	FM876794_Funneliformis_coronatus	84.7	99.6	98.5	747
PX214906.1	AY639162_Funneliformis_mosseae	84.5	99.6	98.7	746
PX214906.1	FR750539_Glomus_macrocarpum	84.3	98.5	99.0	743
PX214906.1	KJ564144.1_Microkaminenskia_perpusilla	83.4	96.9	90.6	723
PX214908.1	MT832184_Oehlia_diaphana	99.0	93.2	100.0	684
PX214908.1	MT832183_Oehlia_diaphana	98.3	93.2	99.7	686
PX214908.1	FM992391_Rhizophagus_proliferus	89.3	99.7	99.3	739
PX214908.1	MH560604.1_Halonatospora_panshihalos	88.8	97.3	90.7	720
PX214908.1	MH560602.1_Halonatospora_panshihalos	88.5	97.3	90.7	720
PX214908.1	FR750072_Rhizophagus_fasciculatus	88.2	99.7	99.2	740
PX214908.1	FM992400_Rhizophagus_proliferus	87.5	99.7	99.5	738
PX214908.1	MT832192_Rhizophagus_dimorphicus	86.4	92.8	99.1	690
PX214908.1	MT832189_Rhizophagus_intraradices	86.4	92.9	99.3	689
PX214908.1	FN547496_Funneliformis_caledonius	86.1	99.7	98.4	746
PX214908.1	FR750526_Glomus_macrocarpum	85.6	98.9	99.0	741
PX214908.1	FR750203_Glomus_spe	85.4	98.9	99.0	741
PX214908.1	FR750539_Glomus_macrocarpum	84.6	98.8	99.0	741
PX214908.1	FM876794_Funneliformis_coronatus	84.6	99.6	98.3	747
PX214908.1	AY639162_Funneliformis_mosseae	83.9	99.7	98.5	745
PX214908.1	KJ564144.1_Microkaminenskia_perpusilla	83.0	96.9	90.3	723
PX214914.1	EF067888_Diversispora_eburnea	98.9	100.0	100.0	734
PX214914.1	MT832219_Diversispora_trimurales	95.6	93.6	100.0	688
PX214914.1	AY639235_Diversispora_celata	95.4	99.7	99.7	736
PX214914.1	MT832217_Diversispora_epigaea	94.0	93.6	99.9	689
PX214914.1	FR865445.1_Otospora_bareae	94.0	97.1	91.4	715
PX214914.1	FN547665_Diversispora_arenaria	93.9	99.9	99.6	737
PX214914.1	MT832216_Diversispora_insculpta	92.4	92.9	99.9	685
PX214914.1	MT832218_Diversispora_spurca	92.2	93.5	99.6	689
PX214914.1	MT832215_Redeckera_megalocarpa	84.2	92.8	99.3	689
PX214914.1	MT832213_Sieverdingia_tortuosa	83.7	92.5	99.7	686
PX214914.1	MT832214_Corymbiglomus_globiferum	83.4	92.8	99.6	687
PX214914.1	MG459208.1_Desertispora_omaniana	83.3	97.0	90.2	724
PX214914.1	KF154769.1_Desertispora_omaniana	81.8	96.9	90.0	726
PX214914.1	FR750167_Dentiscutata_heterogama	72.8	91.3	99.1	740
PX214914.1	JN971073.1_Intraornatospora_intraornata	72.7	89.5	97.8	736
PX214914.1	JN689226.1_Racocetra_alborosea	72.1	91.3	96.7	738
PX214910.1	EF067888_Diversispora_eburnea	98.1	100.0	99.9	734
PX214910.1	AY639235_Diversispora_celata	95.4	99.9	99.7	735
PX214910.1	MT832219_Diversispora_trimurales	95.3	93.6	99.9	688
PX214910.1	MT832217_Diversispora_epigaea	93.8	93.7	99.9	688
PX214910.1	FR865445.1_Otospora_bareae	93.7	97.1	91.3	715
PX214910.1	FN547665_Diversispora_arenaria	93.6	99.9	99.5	737
PX214910.1	MT832216_Diversispora_insculpta	92.1	92.9	99.7	685
PX214910.1	MT832218_Diversispora_spurca	91.3	93.5	99.4	689
PX214910.1	MT832215_Redeckera_megalocarpa	84.2	92.9	99.3	688
PX214910.1	MT832213_Sieverdingia_tortuosa	83.6	92.6	99.7	685
PX214910.1	MT832214_Corymbiglomus_globiferum	83.4	92.9	99.6	686
PX214910.1	MG459208.1_Desertispora_omaniana	83.3	97.0	90.1	724
PX214910.1	KF154769.1_Desertispora_omaniana	81.8	96.9	89.9	726
PX214910.1	FR750167_Dentiscutata_heterogama	72.2	91.7	99.4	737
PX214910.1	JN971073.1_Intraornatospora_intraornata	72.1	89.9	98.1	734
PX214910.1	JN689226.1_Racocetra_alborosea	71.9	91.4	96.7	737
PX214909.1	EF067888_Diversispora_eburnea	98.5	100.0	99.9	734
PX214909.1	MT832219_Diversispora_trimurales	95.8	93.6	99.9	688
PX214909.1	AY639235_Diversispora_celata	95.8	99.9	99.7	735
PX214909.1	MT832217_Diversispora_epigaea	94.2	93.7	99.9	688
PX214909.1	FN547665_Diversispora_arenaria	94.0	99.9	99.5	737
PX214909.1	FR865445.1_Otospora_bareae	93.8	97.1	91.3	715
PX214909.1	MT832216_Diversispora_insculpta	92.3	92.9	99.7	685
PX214909.1	MT832218_Diversispora_spurca	91.7	93.5	99.4	689
PX214909.1	MT832215_Redeckera_megalocarpa	84.3	92.9	99.3	688
PX214909.1	MT832213_Sieverdingia_tortuosa	83.8	92.6	99.7	685
PX214909.1	MT832214_Corymbiglomus_globiferum	83.5	92.9	99.6	686
PX214909.1	MG459208.1_Desertispora_omaniana	83.4	97.0	90.1	724
PX214909.1	KF154769.1_Desertispora_omaniana	82.0	96.9	89.9	726
PX214909.1	FR750167_Dentiscutata_heterogama	72.8	91.4	99.1	739
PX214909.1	JN971073.1_Intraornatospora_intraornata	72.7	89.6	97.8	736
PX214909.1	JN689226.1_Racocetra_alborosea	72.2	91.4	96.7	737
PX214915.1	EF067888_Diversispora_eburnea	98.8	100.0	100.0	734
PX214915.1	MT832219_Diversispora_trimurales	95.5	93.6	100.0	688
PX214915.1	AY639235_Diversispora_celata	95.2	99.7	99.7	736
PX214915.1	MT832217_Diversispora_epigaea	93.9	93.6	99.9	689
PX214915.1	FR865445.1_Otospora_bareae	93.8	97.1	91.4	715
PX214915.1	FN547665_Diversispora_arenaria	93.8	99.9	99.6	737
PX214915.1	MT832216_Diversispora_insculpta	92.3	92.9	99.9	685
PX214915.1	MT832218_Diversispora_spurca	91.9	93.5	99.6	689
PX214915.1	MT832215_Redeckera_megalocarpa	84.2	92.8	99.3	689
PX214915.1	MT832213_Sieverdingia_tortuosa	83.7	92.5	99.7	686
PX214915.1	MT832214_Corymbiglomus_globiferum	83.4	92.8	99.6	687
PX214915.1	MG459208.1_Desertispora_omaniana	83.3	97.0	90.2	724
PX214915.1	KF154769.1_Desertispora_omaniana	81.8	96.9	90.0	726
PX214915.1	FR750167_Dentiscutata_heterogama	73.0	91.3	99.1	740
PX214915.1	JN971073.1_Intraornatospora_intraornata	72.8	89.5	97.8	736
PX214915.1	JN689226.1_Racocetra_alborosea	72.1	91.3	96.7	738
PX214916.1	EF067888_Diversispora_eburnea	98.8	99.9	100.0	735
PX214916.1	MT832219_Diversispora_trimurales	95.5	93.5	100.0	689
PX214916.1	AY639235_Diversispora_celata	95.3	99.6	99.7	737
PX214916.1	MT832217_Diversispora_epigaea	93.9	93.5	99.9	690
PX214916.1	FN547665_Diversispora_arenaria	93.9	99.9	99.7	737
PX214916.1	FR865445.1_Otospora_bareae	93.9	97.0	91.4	716
PX214916.1	MT832216_Diversispora_insculpta	92.4	92.9	100.0	685
PX214916.1	MT832218_Diversispora_spurca	91.7	93.3	99.6	690
PX214916.1	MT832215_Redeckera_megalocarpa	84.2	92.8	99.4	689
PX214916.1	MT832213_Sieverdingia_tortuosa	83.6	92.4	99.7	687
PX214916.1	MG459208.1_Desertispora_omaniana	83.4	97.0	90.4	724
PX214916.1	MT832214_Corymbiglomus_globiferum	83.3	92.7	99.6	688
PX214916.1	KF154769.1_Desertispora_omaniana	82.1	96.9	90.1	726
PX214916.1	FR750167_Dentiscutata_heterogama	73.0	91.3	99.3	740
PX214916.1	JN971073.1_Intraornatospora_intraornata	73.0	89.5	97.9	736
PX214916.1	JN689226.1_Racocetra_alborosea	72.2	91.3	96.8	738
PX214913.1	EF067888_Diversispora_eburnea	98.6	100.0	99.9	734
PX214913.1	AY639235_Diversispora_celata	95.6	99.9	99.7	735
PX214913.1	MT832219_Diversispora_trimurales	95.6	93.6	99.9	688
PX214913.1	FN547665_Diversispora_arenaria	94.2	99.9	99.5	737
PX214913.1	MT832217_Diversispora_epigaea	94.0	93.7	99.9	688
PX214913.1	FR865445.1_Otospora_bareae	93.8	97.1	91.3	715
PX214913.1	MT832216_Diversispora_insculpta	92.3	92.9	99.7	685
PX214913.1	MT832218_Diversispora_spurca	91.6	93.5	99.4	689
PX214913.1	MT832215_Redeckera_megalocarpa	84.3	92.9	99.3	688
PX214913.1	MT832213_Sieverdingia_tortuosa	83.6	92.6	99.7	685
PX214913.1	MT832214_Corymbiglomus_globiferum	83.5	92.9	99.6	686
PX214913.1	MG459208.1_Desertispora_omaniana	83.3	97.0	90.1	724
PX214913.1	KF154769.1_Desertispora_omaniana	81.8	96.9	89.9	726
PX214913.1	FR750167_Dentiscutata_heterogama	72.6	91.7	99.4	737
PX214913.1	JN971073.1_Intraornatospora_intraornata	72.6	89.6	97.8	736
PX214913.1	JN689226.1_Racocetra_alborosea	72.2	91.4	96.7	737
PX214917.1	EF067888_Diversispora_eburnea	98.8	99.9	100.0	735
PX214917.1	MT832219_Diversispora_trimurales	95.5	93.5	100.0	689
PX214917.1	AY639235_Diversispora_celata	95.3	99.6	99.7	737
PX214917.1	MT832217_Diversispora_epigaea	93.9	93.5	99.9	690
PX214917.1	FN547665_Diversispora_arenaria	93.9	99.9	99.7	737
PX214917.1	FR865445.1_Otospora_bareae	93.9	97.0	91.4	716
PX214917.1	MT832216_Diversispora_insculpta	92.4	92.9	100.0	685
PX214917.1	MT832218_Diversispora_spurca	91.7	93.3	99.6	690
PX214917.1	MT832215_Redeckera_megalocarpa	84.2	92.8	99.4	689
PX214917.1	MT832213_Sieverdingia_tortuosa	83.6	92.4	99.7	687
PX214917.1	MG459208.1_Desertispora_omaniana	83.4	97.0	90.4	724
PX214917.1	MT832214_Corymbiglomus_globiferum	83.3	92.7	99.6	688
PX214917.1	KF154769.1_Desertispora_omaniana	82.1	96.9	90.1	726
PX214917.1	FR750167_Dentiscutata_heterogama	73.0	91.3	99.3	740
PX214917.1	JN971073.1_Intraornatospora_intraornata	73.0	89.5	97.9	736
PX214917.1	JN689226.1_Racocetra_alborosea	72.2	91.3	96.8	738
PX214918.1	EF067888_Diversispora_eburnea	98.8	99.9	100.0	735
PX214918.1	MT832219_Diversispora_trimurales	95.5	93.5	100.0	689
PX214918.1	AY639235_Diversispora_celata	95.3	99.6	99.7	737
PX214918.1	MT832217_Diversispora_epigaea	93.9	93.5	99.9	690
PX214918.1	FN547665_Diversispora_arenaria	93.9	99.9	99.7	737
PX214918.1	FR865445.1_Otospora_bareae	93.9	97.0	91.4	716
PX214918.1	MT832216_Diversispora_insculpta	92.4	92.9	100.0	685
PX214918.1	MT832218_Diversispora_spurca	91.7	93.3	99.6	690
PX214918.1	MT832215_Redeckera_megalocarpa	84.2	92.8	99.4	689
PX214918.1	MT832213_Sieverdingia_tortuosa	83.6	92.4	99.7	687
PX214918.1	MG459208.1_Desertispora_omaniana	83.4	97.0	90.4	724
PX214918.1	MT832214_Corymbiglomus_globiferum	83.3	92.7	99.6	688
PX214918.1	KF154769.1_Desertispora_omaniana	82.1	96.9	90.1	726
PX214918.1	FR750167_Dentiscutata_heterogama	73.0	91.3	99.3	740
PX214918.1	JN971073.1_Intraornatospora_intraornata	73.0	89.5	97.9	736
PX214918.1	JN689226.1_Racocetra_alborosea	72.2	91.3	96.8	738
PX214919.1	EF067888_Diversispora_eburnea	98.8	99.9	100.0	735
PX214919.1	MT832219_Diversispora_trimurales	95.5	93.5	100.0	689
PX214919.1	AY639235_Diversispora_celata	95.3	99.6	99.7	737
PX214919.1	MT832217_Diversispora_epigaea	93.9	93.5	99.9	690
PX214919.1	FN547665_Diversispora_arenaria	93.9	99.9	99.7	737
PX214919.1	FR865445.1_Otospora_bareae	93.9	97.0	91.4	716
PX214919.1	MT832216_Diversispora_insculpta	92.4	92.9	100.0	685
PX214919.1	MT832218_Diversispora_spurca	91.7	93.3	99.6	690
PX214919.1	MT832215_Redeckera_megalocarpa	84.2	92.8	99.4	689
PX214919.1	MT832213_Sieverdingia_tortuosa	83.6	92.4	99.7	687
PX214919.1	MG459208.1_Desertispora_omaniana	83.4	97.0	90.4	724
PX214919.1	MT832214_Corymbiglomus_globiferum	83.3	92.7	99.6	688
PX214919.1	KF154769.1_Desertispora_omaniana	82.1	96.9	90.1	726
PX214919.1	FR750167_Dentiscutata_heterogama	73.0	91.3	99.3	740
PX214919.1	JN971073.1_Intraornatospora_intraornata	73.0	89.5	97.9	736
PX214919.1	JN689226.1_Racocetra_alborosea	72.2	91.3	96.8	738
PX214911.1	EF067888_Diversispora_eburnea	98.4	100.0	99.9	734
PX214911.1	AY639235_Diversispora_celata	95.1	99.9	99.7	735
PX214911.1	MT832219_Diversispora_trimurales	95.1	93.6	99.9	688
PX214911.1	MT832217_Diversispora_epigaea	93.8	93.7	99.9	688
PX214911.1	FN547665_Diversispora_arenaria	93.6	99.9	99.5	737
PX214911.1	FR865445.1_Otospora_bareae	93.4	97.1	91.3	715
PX214911.1	MT832216_Diversispora_insculpta	91.8	92.9	99.7	685
PX214911.1	MT832218_Diversispora_spurca	91.6	93.5	99.4	689
PX214911.1	MT832215_Redeckera_megalocarpa	84.3	92.9	99.3	688
PX214911.1	MT832213_Sieverdingia_tortuosa	83.4	92.6	99.7	685
PX214911.1	MT832214_Corymbiglomus_globiferum	83.2	92.9	99.6	686
PX214911.1	MG459208.1_Desertispora_omaniana	82.7	97.0	90.1	724
PX214911.1	KF154769.1_Desertispora_omaniana	81.3	96.9	89.9	726
PX214911.1	FR750167_Dentiscutata_heterogama	72.6	91.7	99.4	737
PX214911.1	JN971073.1_Intraornatospora_intraornata	72.1	89.8	97.9	735
PX214911.1	JN689226.1_Racocetra_alborosea	71.5	91.5	96.8	736
PX214912.1	EF067888_Diversispora_eburnea	98.4	100.0	99.9	734
PX214912.1	AY639235_Diversispora_celata	95.1	99.9	99.7	735
PX214912.1	MT832219_Diversispora_trimurales	95.1	93.6	99.9	688
PX214912.1	MT832217_Diversispora_epigaea	93.8	93.7	99.9	688
PX214912.1	FN547665_Diversispora_arenaria	93.6	99.9	99.5	737
PX214912.1	FR865445.1_Otospora_bareae	93.4	97.1	91.3	715
PX214912.1	MT832216_Diversispora_insculpta	91.8	92.9	99.7	685
PX214912.1	MT832218_Diversispora_spurca	91.6	93.5	99.4	689
PX214912.1	MT832215_Redeckera_megalocarpa	84.3	92.9	99.3	688
PX214912.1	MT832213_Sieverdingia_tortuosa	83.4	92.6	99.7	685
PX214912.1	MT832214_Corymbiglomus_globiferum	83.2	92.9	99.6	686
PX214912.1	MG459208.1_Desertispora_omaniana	82.7	97.0	90.1	724
PX214912.1	KF154769.1_Desertispora_omaniana	81.3	96.9	89.9	726
PX214912.1	FR750167_Dentiscutata_heterogama	72.6	91.7	99.4	737
PX214912.1	JN971073.1_Intraornatospora_intraornata	72.1	89.8	97.9	735
PX214912.1	JN689226.1_Racocetra_alborosea	71.5	91.5	96.8	736
PX214921.1	EF067888_Diversispora_eburnea	99.3	100.0	100.0	734
PX214921.1	MT832219_Diversispora_trimurales	95.5	93.6	100.0	688
PX214921.1	AY639235_Diversispora_celata	95.0	99.7	99.7	736
PX214921.1	MT832217_Diversispora_epigaea	93.9	93.6	99.9	689
PX214921.1	FR865445.1_Otospora_bareae	93.8	97.1	91.4	715
PX214921.1	FN547665_Diversispora_arenaria	93.6	99.9	99.6	737
PX214921.1	MT832216_Diversispora_insculpta	92.3	92.9	99.9	685
PX214921.1	MT832218_Diversispora_spurca	92.0	93.5	99.6	689
PX214921.1	MT832215_Redeckera_megalocarpa	83.7	92.8	99.3	689
PX214921.1	MT832213_Sieverdingia_tortuosa	83.4	92.5	99.7	686
PX214921.1	MT832214_Corymbiglomus_globiferum	83.0	92.8	99.6	687
PX214921.1	MG459208.1_Desertispora_omaniana	82.9	97.0	90.2	724
PX214921.1	KF154769.1_Desertispora_omaniana	81.5	96.9	90.0	726
PX214921.1	FR750167_Dentiscutata_heterogama	73.1	91.3	99.1	740
PX214921.1	JN971073.1_Intraornatospora_intraornata	73.1	89.5	97.8	736
PX214921.1	JN689226.1_Racocetra_alborosea	72.2	91.3	96.7	738
PX214920.1	EF067888_Diversispora_eburnea	99.3	100.0	100.0	734
PX214920.1	MT832219_Diversispora_trimurales	95.5	93.6	100.0	688
PX214920.1	AY639235_Diversispora_celata	95.0	99.7	99.7	736
PX214920.1	MT832217_Diversispora_epigaea	93.9	93.6	99.9	689
PX214920.1	FR865445.1_Otospora_bareae	93.8	97.1	91.4	715
PX214920.1	FN547665_Diversispora_arenaria	93.6	99.9	99.6	737
PX214920.1	MT832216_Diversispora_insculpta	92.3	92.9	99.9	685
PX214920.1	MT832218_Diversispora_spurca	92.0	93.5	99.6	689
PX214920.1	MT832215_Redeckera_megalocarpa	83.7	92.8	99.3	689
PX214920.1	MT832213_Sieverdingia_tortuosa	83.4	92.5	99.7	686
PX214920.1	MT832214_Corymbiglomus_globiferum	83.0	92.8	99.6	687
PX214920.1	MG459208.1_Desertispora_omaniana	82.9	97.0	90.2	724
PX214920.1	KF154769.1_Desertispora_omaniana	81.5	96.9	90.0	726
PX214920.1	FR750167_Dentiscutata_heterogama	73.1	91.3	99.1	740
PX214920.1	JN971073.1_Intraornatospora_intraornata	73.1	89.5	97.8	736
PX214920.1	JN689226.1_Racocetra_alborosea	72.2	91.3	96.7	738
PX214922.1	EF067888_Diversispora_eburnea	98.5	100.0	99.9	734
PX214922.1	MT832219_Diversispora_trimurales	95.8	93.6	99.9	688
PX214922.1	AY639235_Diversispora_celata	95.8	99.9	99.7	735
PX214922.1	MT832217_Diversispora_epigaea	94.2	93.7	99.9	688
PX214922.1	FN547665_Diversispora_arenaria	94.0	99.9	99.5	737
PX214922.1	FR865445.1_Otospora_bareae	93.8	97.1	91.3	715
PX214922.1	MT832216_Diversispora_insculpta	92.3	92.9	99.7	685
PX214922.1	MT832218_Diversispora_spurca	91.7	93.5	99.4	689
PX214922.1	MT832215_Redeckera_megalocarpa	84.3	92.9	99.3	688
PX214922.1	MT832213_Sieverdingia_tortuosa	83.8	92.6	99.7	685
PX214922.1	MT832214_Corymbiglomus_globiferum	83.5	92.9	99.6	686
PX214922.1	MG459208.1_Desertispora_omaniana	83.4	97.0	90.1	724
PX214922.1	KF154769.1_Desertispora_omaniana	82.0	96.9	89.9	726
PX214922.1	FR750167_Dentiscutata_heterogama	72.8	91.4	99.1	739
PX214922.1	JN971073.1_Intraornatospora_intraornata	72.7	89.6	97.8	736
PX214922.1	JN689226.1_Racocetra_alborosea	72.2	91.4	96.7	737
PX214924.1	AY639235_Diversispora_celata	99.0	100.0	99.6	734
PX214924.1	MT832219_Diversispora_trimurales	99.0	93.7	99.7	687
PX214924.1	EF067888_Diversispora_eburnea	95.1	100.0	99.6	734
PX214924.1	FN547665_Diversispora_arenaria	93.1	100.0	99.3	736
PX214924.1	MT832217_Diversispora_epigaea	92.4	93.7	99.6	688
PX214924.1	FR865445.1_Otospora_bareae	92.3	97.3	91.2	714
PX214924.1	MT832218_Diversispora_spurca	91.3	93.4	99.1	689
PX214924.1	MT832216_Diversispora_insculpta	90.8	93.0	99.6	684
PX214924.1	MT832215_Redeckera_megalocarpa	85.2	92.9	99.0	688
PX214924.1	MT832214_Corymbiglomus_globiferum	84.1	92.9	99.3	686
PX214924.1	MG459208.1_Desertispora_omaniana	83.7	97.1	90.0	723
PX214924.1	MT832213_Sieverdingia_tortuosa	83.3	92.7	99.6	684
PX214924.1	KF154769.1_Desertispora_omaniana	82.8	97.0	89.7	725
PX214924.1	FR750167_Dentiscutata_heterogama	72.7	91.7	99.1	737
PX214924.1	JN971073.1_Intraornatospora_intraornata	72.5	89.9	97.8	734
PX214924.1	JN689226.1_Racocetra_alborosea	72.3	91.8	96.8	734
PX214923.1	EF067888_Diversispora_eburnea	98.2	100.0	99.9	734
PX214923.1	AY639235_Diversispora_celata	95.5	99.9	99.7	735
PX214923.1	MT832219_Diversispora_trimurales	95.5	93.6	99.9	688
PX214923.1	MT832217_Diversispora_epigaea	93.9	93.7	99.9	688
PX214923.1	FR865445.1_Otospora_bareae	93.8	97.1	91.3	715
PX214923.1	FN547665_Diversispora_arenaria	93.8	99.9	99.5	737
PX214923.1	MT832216_Diversispora_insculpta	92.3	92.9	99.7	685
PX214923.1	MT832218_Diversispora_spurca	91.4	93.5	99.4	689
PX214923.1	MT832215_Redeckera_megalocarpa	84.3	92.9	99.3	688
PX214923.1	MT832213_Sieverdingia_tortuosa	83.8	92.6	99.7	685
PX214923.1	MT832214_Corymbiglomus_globiferum	83.5	92.9	99.6	686
PX214923.1	MG459208.1_Desertispora_omaniana	83.4	97.0	90.1	724
PX214923.1	KF154769.1_Desertispora_omaniana	82.0	96.9	89.9	726
PX214923.1	FR750167_Dentiscutata_heterogama	72.3	91.7	99.4	737
PX214923.1	JN971073.1_Intraornatospora_intraornata	72.2	89.9	98.1	734
PX214923.1	JN689226.1_Racocetra_alborosea	72.0	91.4	96.7	737
PX214925.1	AY639235_Diversispora_celata	99.0	100.0	99.7	734
PX214925.1	MT832219_Diversispora_trimurales	99.0	93.7	99.9	687
PX214925.1	EF067888_Diversispora_eburnea	95.0	100.0	99.7	734
PX214925.1	FN547665_Diversispora_arenaria	93.4	99.9	99.3	737
PX214925.1	MT832217_Diversispora_epigaea	92.4	93.7	99.7	688
PX214925.1	FR865445.1_Otospora_bareae	92.3	97.3	91.3	714
PX214925.1	MT832218_Diversispora_spurca	91.4	93.4	99.3	689
PX214925.1	MT832216_Diversispora_insculpta	90.8	93.0	99.7	684
PX214925.1	MT832215_Redeckera_megalocarpa	85.2	92.9	99.1	688
PX214925.1	MT832214_Corymbiglomus_globiferum	84.1	92.9	99.4	686
PX214925.1	MG459208.1_Desertispora_omaniana	83.7	97.1	90.1	723
PX214925.1	MT832213_Sieverdingia_tortuosa	83.2	92.8	99.7	684
PX214925.1	KF154769.1_Desertispora_omaniana	82.8	97.0	89.9	725
PX214925.1	FR750167_Dentiscutata_heterogama	72.6	91.5	99.1	738
PX214925.1	JN971073.1_Intraornatospora_intraornata	72.4	89.8	97.8	735
PX214925.1	JN689226.1_Racocetra_alborosea	72.2	91.7	96.8	735
PX214927.1	AY639235_Diversispora_celata	99.0	100.0	99.6	734
PX214927.1	MT832219_Diversispora_trimurales	99.0	93.7	99.7	687
PX214927.1	EF067888_Diversispora_eburnea	95.1	100.0	99.6	734
PX214927.1	FN547665_Diversispora_arenaria	93.1	100.0	99.3	736
PX214927.1	MT832217_Diversispora_epigaea	92.4	93.7	99.6	688
PX214927.1	FR865445.1_Otospora_bareae	92.3	97.3	91.2	714
PX214927.1	MT832218_Diversispora_spurca	91.3	93.4	99.1	689
PX214927.1	MT832216_Diversispora_insculpta	90.8	93.0	99.6	684
PX214927.1	MT832215_Redeckera_megalocarpa	85.2	92.9	99.0	688
PX214927.1	MT832214_Corymbiglomus_globiferum	84.1	92.9	99.3	686
PX214927.1	MG459208.1_Desertispora_omaniana	83.7	97.1	90.0	723
PX214927.1	MT832213_Sieverdingia_tortuosa	83.3	92.7	99.6	684
PX214927.1	KF154769.1_Desertispora_omaniana	82.8	97.0	89.7	725
PX214927.1	FR750167_Dentiscutata_heterogama	72.7	91.7	99.1	737
PX214927.1	JN971073.1_Intraornatospora_intraornata	72.5	89.9	97.8	734
PX214927.1	JN689226.1_Racocetra_alborosea	72.3	91.8	96.8	734
PX214929.1	MT832219_Diversispora_trimurales	99.0	93.7	100.0	687
PX214929.1	AY639235_Diversispora_celata	98.8	99.9	99.7	735
PX214929.1	EF067888_Diversispora_eburnea	95.0	100.0	99.9	734
PX214929.1	FN547665_Diversispora_arenaria	93.4	99.9	99.5	737
PX214929.1	FR865445.1_Otospora_bareae	92.3	97.3	91.4	714
PX214929.1	MT832217_Diversispora_epigaea	92.2	93.6	99.7	689
PX214929.1	MT832218_Diversispora_spurca	92.0	93.5	99.4	689
PX214929.1	MT832216_Diversispora_insculpta	90.8	93.0	99.9	684
PX214929.1	MT832215_Redeckera_megalocarpa	85.2	92.8	99.1	689
PX214929.1	MT832214_Corymbiglomus_globiferum	84.1	92.8	99.4	687
PX214929.1	MG459208.1_Desertispora_omaniana	83.7	97.1	90.2	723
PX214929.1	MT832213_Sieverdingia_tortuosa	83.2	92.6	99.7	685
PX214929.1	KF154769.1_Desertispora_omaniana	83.0	97.0	90.0	725
PX214929.1	JN971073.1_Intraornatospora_intraornata	72.7	89.6	97.8	735
PX214929.1	FR750167_Dentiscutata_heterogama	72.5	91.4	99.1	739
PX214929.1	JN689226.1_Racocetra_alborosea	72.3	91.5	96.8	736
PX214933.1	MT832219_Diversispora_trimurales	96.1	93.5	99.9	689
PX214933.1	AY639235_Diversispora_celata	96.1	99.6	99.6	737
PX214933.1	EF067888_Diversispora_eburnea	92.5	99.9	99.9	735
PX214933.1	FN547665_Diversispora_arenaria	92.1	99.7	99.5	738
PX214933.1	FR865445.1_Otospora_bareae	91.5	97.0	91.3	716
PX214933.1	MT832217_Diversispora_epigaea	90.9	93.3	99.6	691
PX214933.1	MT832218_Diversispora_spurca	90.9	93.3	99.4	690
PX214933.1	MT832216_Diversispora_insculpta	90.4	92.8	99.7	686
PX214933.1	MT832215_Redeckera_megalocarpa	83.8	92.6	99.1	690
PX214933.1	MT832213_Sieverdingia_tortuosa	82.9	92.5	99.7	686
PX214933.1	MG459208.1_Desertispora_omaniana	82.6	97.1	90.4	723
PX214933.1	MT832214_Corymbiglomus_globiferum	82.1	92.6	99.4	688
PX214933.1	KF154769.1_Desertispora_omaniana	81.2	97.0	90.1	725
PX214933.1	FR750143_Racocetra_fulgida	71.7	91.6	99.4	738
PX214933.1	JN689226.1_Racocetra_alborosea	71.5	91.4	96.8	737
PX214933.1	FR750167_Dentiscutata_heterogama	71.4	91.3	99.1	740
PX214926.1	AY639235_Diversispora_celata	98.9	100.0	99.6	734
PX214926.1	MT832219_Diversispora_trimurales	98.8	93.7	99.7	687
PX214926.1	EF067888_Diversispora_eburnea	95.0	100.0	99.6	734
PX214926.1	FN547665_Diversispora_arenaria	92.9	100.0	99.3	736
PX214926.1	MT832217_Diversispora_epigaea	92.4	93.7	99.6	688
PX214926.1	FR865445.1_Otospora_bareae	92.3	97.3	91.2	714
PX214926.1	MT832218_Diversispora_spurca	91.3	93.4	99.1	689
PX214926.1	MT832216_Diversispora_insculpta	90.8	93.0	99.6	684
PX214926.1	MT832215_Redeckera_megalocarpa	84.6	92.9	99.0	688
PX214926.1	MT832214_Corymbiglomus_globiferum	84.0	92.9	99.3	686
PX214926.1	MG459208.1_Desertispora_omaniana	83.4	97.1	90.0	723
PX214926.1	MT832213_Sieverdingia_tortuosa	83.0	92.7	99.6	684
PX214926.1	KF154769.1_Desertispora_omaniana	82.5	97.0	89.7	725
PX214926.1	FR750167_Dentiscutata_heterogama	72.7	91.7	99.1	737
PX214926.1	JN971073.1_Intraornatospora_intraornata	72.5	89.9	97.8	734
PX214926.1	JN689226.1_Racocetra_alborosea	72.3	91.8	96.8	734
PX214932.1	MT832219_Diversispora_trimurales	96.1	93.5	99.9	689
PX214932.1	AY639235_Diversispora_celata	96.1	99.6	99.6	737
PX214932.1	EF067888_Diversispora_eburnea	92.5	99.9	99.9	735
PX214932.1	FN547665_Diversispora_arenaria	92.1	99.7	99.5	738
PX214932.1	FR865445.1_Otospora_bareae	91.5	97.0	91.3	716
PX214932.1	MT832217_Diversispora_epigaea	90.9	93.3	99.6	691
PX214932.1	MT832218_Diversispora_spurca	90.9	93.3	99.4	690
PX214932.1	MT832216_Diversispora_insculpta	90.4	92.8	99.7	686
PX214932.1	MT832215_Redeckera_megalocarpa	83.8	92.6	99.1	690
PX214932.1	MT832213_Sieverdingia_tortuosa	82.9	92.5	99.7	686
PX214932.1	MG459208.1_Desertispora_omaniana	82.6	97.1	90.4	723
PX214932.1	MT832214_Corymbiglomus_globiferum	82.1	92.6	99.4	688
PX214932.1	KF154769.1_Desertispora_omaniana	81.2	97.0	90.1	725
PX214932.1	FR750143_Racocetra_fulgida	71.7	91.6	99.4	738
PX214932.1	JN689226.1_Racocetra_alborosea	71.5	91.4	96.8	737
PX214932.1	FR750167_Dentiscutata_heterogama	71.4	91.3	99.1	740
PX214930.1	MT832219_Diversispora_trimurales	98.8	93.7	100.0	687
PX214930.1	AY639235_Diversispora_celata	98.6	99.9	99.7	735
PX214930.1	EF067888_Diversispora_eburnea	95.1	100.0	99.9	734
PX214930.1	FN547665_Diversispora_arenaria	93.5	99.9	99.5	737
PX214930.1	MT832217_Diversispora_epigaea	92.6	93.6	99.7	689
PX214930.1	FR865445.1_Otospora_bareae	92.4	97.3	91.4	714
PX214930.1	MT832218_Diversispora_spurca	91.9	93.5	99.4	689
PX214930.1	MT832216_Diversispora_insculpta	90.9	93.0	99.9	684
PX214930.1	MT832215_Redeckera_megalocarpa	84.8	92.8	99.1	689
PX214930.1	MT832214_Corymbiglomus_globiferum	83.7	92.8	99.4	687
PX214930.1	MG459208.1_Desertispora_omaniana	83.7	97.1	90.2	723
PX214930.1	MT832213_Sieverdingia_tortuosa	83.1	92.6	99.7	685
PX214930.1	KF154769.1_Desertispora_omaniana	82.8	97.0	90.0	725
PX214930.1	FR750167_Dentiscutata_heterogama	72.4	91.4	99.1	739
PX214930.1	FR750143_Racocetra_fulgida	72.3	91.7	99.4	737
PX214930.1	JN689226.1_Racocetra_alborosea	72.1	91.5	96.8	736
PX214934.1	EF067888_Diversispora_eburnea	93.4	99.6	98.9	737
PX214934.1	MT832217_Diversispora_epigaea	92.6	93.1	98.7	692
PX214934.1	AY639235_Diversispora_celata	92.5	99.5	98.8	738
PX214934.1	FR865445.1_Otospora_bareae	92.5	96.8	90.5	717
PX214934.1	MT832219_Diversispora_trimurales	92.5	93.3	99.0	690
PX214934.1	FN547665_Diversispora_arenaria	92.2	99.5	98.5	740
PX214934.1	MT832216_Diversispora_insculpta	91.0	92.7	99.0	686
PX214934.1	MT832218_Diversispora_spurca	89.6	93.1	98.5	691
PX214934.1	MT832215_Redeckera_megalocarpa	83.3	92.6	98.4	690
PX214934.1	MT832213_Sieverdingia_tortuosa	82.9	92.0	98.5	689
PX214934.1	MT832214_Corymbiglomus_globiferum	82.5	92.3	98.4	690
PX214934.1	MG459208.1_Desertispora_omaniana	82.3	96.8	89.5	725
PX214934.1	KF154769.1_Desertispora_omaniana	81.3	96.8	89.4	726
PX214934.1	JN689226.1_Racocetra_alborosea	73.5	91.6	96.4	735
PX214934.1	FR750167_Dentiscutata_heterogama	73.5	92.5	99.7	731
PX214934.1	JN971073.1_Intraornatospora_intraornata	73.2	90.7	98.4	727
PX214935.1	EF067888_Diversispora_eburnea	93.4	99.6	98.9	737
PX214935.1	MT832217_Diversispora_epigaea	92.6	93.1	98.7	692
PX214935.1	AY639235_Diversispora_celata	92.5	99.5	98.8	738
PX214935.1	FR865445.1_Otospora_bareae	92.5	96.8	90.5	717
PX214935.1	MT832219_Diversispora_trimurales	92.5	93.3	99.0	690
PX214935.1	FN547665_Diversispora_arenaria	92.2	99.5	98.5	740
PX214935.1	MT832216_Diversispora_insculpta	91.0	92.7	99.0	686
PX214935.1	MT832218_Diversispora_spurca	89.6	93.1	98.5	691
PX214935.1	MT832215_Redeckera_megalocarpa	83.3	92.6	98.4	690
PX214935.1	MT832213_Sieverdingia_tortuosa	83.2	92.0	98.5	689
PX214935.1	MG459208.1_Desertispora_omaniana	82.6	96.8	89.5	725
PX214935.1	MT832214_Corymbiglomus_globiferum	82.5	92.3	98.4	690
PX214935.1	KF154769.1_Desertispora_omaniana	81.5	96.8	89.4	726
PX214935.1	JN689226.1_Racocetra_alborosea	73.5	91.6	96.4	735
PX214935.1	FR750167_Dentiscutata_heterogama	72.9	92.5	99.7	731
PX214935.1	JN971073.1_Intraornatospora_intraornata	72.6	90.7	98.4	727
PX214931.1	MT832219_Diversispora_trimurales	98.8	93.7	100.0	687
PX214931.1	AY639235_Diversispora_celata	98.6	99.9	99.7	735
PX214931.1	EF067888_Diversispora_eburnea	95.1	100.0	99.9	734
PX214931.1	FN547665_Diversispora_arenaria	93.5	99.9	99.5	737
PX214931.1	MT832217_Diversispora_epigaea	92.6	93.6	99.7	689
PX214931.1	FR865445.1_Otospora_bareae	92.4	97.3	91.4	714
PX214931.1	MT832218_Diversispora_spurca	91.9	93.5	99.4	689
PX214931.1	MT832216_Diversispora_insculpta	90.9	93.0	99.9	684
PX214931.1	MT832215_Redeckera_megalocarpa	84.8	92.8	99.1	689
PX214931.1	MT832214_Corymbiglomus_globiferum	83.7	92.8	99.4	687
PX214931.1	MG459208.1_Desertispora_omaniana	83.7	97.1	90.2	723
PX214931.1	MT832213_Sieverdingia_tortuosa	83.1	92.6	99.7	685
PX214931.1	KF154769.1_Desertispora_omaniana	82.8	97.0	90.0	725
PX214931.1	FR750167_Dentiscutata_heterogama	72.4	91.4	99.1	739
PX214931.1	FR750143_Racocetra_fulgida	72.3	91.7	99.4	737
PX214931.1	JN689226.1_Racocetra_alborosea	72.1	91.5	96.8	736
PX214928.1	AY639235_Diversispora_celata	98.9	100.0	99.7	734
PX214928.1	MT832219_Diversispora_trimurales	98.8	93.7	99.9	687
PX214928.1	EF067888_Diversispora_eburnea	94.8	100.0	99.7	734
PX214928.1	FN547665_Diversispora_arenaria	93.2	99.9	99.3	737
PX214928.1	MT832217_Diversispora_epigaea	92.6	93.7	99.7	688
PX214928.1	FR865445.1_Otospora_bareae	92.2	97.3	91.3	714
PX214928.1	MT832218_Diversispora_spurca	91.3	93.4	99.3	689
PX214928.1	MT832216_Diversispora_insculpta	90.9	93.0	99.7	684
PX214928.1	MT832215_Redeckera_megalocarpa	85.3	92.9	99.1	688
PX214928.1	MT832214_Corymbiglomus_globiferum	84.3	92.9	99.4	686
PX214928.1	MG459208.1_Desertispora_omaniana	83.5	97.1	90.1	723
PX214928.1	MT832213_Sieverdingia_tortuosa	83.0	92.8	99.7	684
PX214928.1	KF154769.1_Desertispora_omaniana	82.6	97.0	89.9	725
PX214928.1	FR750167_Dentiscutata_heterogama	72.6	91.5	99.1	738
PX214928.1	JN971073.1_Intraornatospora_intraornata	72.4	89.8	97.8	735
PX214928.1	JN689226.1_Racocetra_alborosea	72.2	91.7	96.8	735
PX214937.1	EF067888_Diversispora_eburnea	93.4	99.6	98.9	737
PX214937.1	MT832217_Diversispora_epigaea	92.6	93.1	98.7	692
PX214937.1	AY639235_Diversispora_celata	92.5	99.5	98.8	738
PX214937.1	FR865445.1_Otospora_bareae	92.5	96.8	90.5	717
PX214937.1	MT832219_Diversispora_trimurales	92.5	93.3	99.0	690
PX214937.1	FN547665_Diversispora_arenaria	92.2	99.5	98.5	740
PX214937.1	MT832216_Diversispora_insculpta	91.0	92.7	99.0	686
PX214937.1	MT832218_Diversispora_spurca	89.6	93.1	98.5	691
PX214937.1	MT832215_Redeckera_megalocarpa	83.3	92.6	98.4	690
PX214937.1	MT832213_Sieverdingia_tortuosa	83.2	92.0	98.5	689
PX214937.1	MG459208.1_Desertispora_omaniana	82.6	96.8	89.5	725
PX214937.1	MT832214_Corymbiglomus_globiferum	82.5	92.3	98.4	690
PX214937.1	KF154769.1_Desertispora_omaniana	81.5	96.8	89.4	726
PX214937.1	JN689226.1_Racocetra_alborosea	73.5	91.6	96.4	735
PX214937.1	FR750167_Dentiscutata_heterogama	72.9	92.5	99.7	731
PX214937.1	JN971073.1_Intraornatospora_intraornata	72.6	90.7	98.4	727
PX214936.1	EF067888_Diversispora_eburnea	93.2	99.6	98.9	737
PX214936.1	MT832217_Diversispora_epigaea	92.5	93.1	98.7	692
PX214936.1	AY639235_Diversispora_celata	92.4	99.5	98.8	738
PX214936.1	FR865445.1_Otospora_bareae	92.3	96.8	90.5	717
PX214936.1	MT832219_Diversispora_trimurales	92.3	93.3	99.0	690
PX214936.1	FN547665_Diversispora_arenaria	92.0	99.5	98.5	740
PX214936.1	MT832216_Diversispora_insculpta	90.8	92.7	99.0	686
PX214936.1	MT832218_Diversispora_spurca	89.4	93.1	98.5	691
PX214936.1	MT832215_Redeckera_megalocarpa	83.2	92.6	98.4	690
PX214936.1	MT832213_Sieverdingia_tortuosa	82.7	92.0	98.5	689
PX214936.1	MT832214_Corymbiglomus_globiferum	82.3	92.3	98.4	690
PX214936.1	MG459208.1_Desertispora_omaniana	82.2	96.8	89.5	725
PX214936.1	KF154769.1_Desertispora_omaniana	81.1	96.8	89.4	726
PX214936.1	JN689226.1_Racocetra_alborosea	73.3	91.6	96.4	735
PX214936.1	FR750167_Dentiscutata_heterogama	73.3	92.5	99.7	731
PX214936.1	JN971073.1_Intraornatospora_intraornata	73.0	90.7	98.4	727
PX214938.1	EF067888_Diversispora_eburnea	93.7	99.9	98.8	735
PX214938.1	AY639235_Diversispora_celata	93.3	99.7	98.6	736
PX214938.1	MT832219_Diversispora_trimurales	93.2	93.4	98.7	689
PX214938.1	MT832217_Diversispora_epigaea	93.0	93.5	98.7	689
PX214938.1	FR865445.1_Otospora_bareae	93.0	97.0	90.3	716
PX214938.1	FN547665_Diversispora_arenaria	92.4	100.0	98.6	736
PX214938.1	MT832216_Diversispora_insculpta	91.5	92.8	98.7	685
PX214938.1	MT832218_Diversispora_spurca	90.0	93.3	98.3	690
PX214938.1	MT832215_Redeckera_megalocarpa	83.4	92.8	98.3	688
PX214938.1	MT832213_Sieverdingia_tortuosa	83.1	92.4	98.5	686
PX214938.1	MT832214_Corymbiglomus_globiferum	83.0	92.7	98.4	687
PX214938.1	MG459208.1_Desertispora_omaniana	82.3	97.0	89.2	724
PX214938.1	KF154769.1_Desertispora_omaniana	81.0	96.8	89.0	726
PX214938.1	FR750167_Dentiscutata_heterogama	74.3	92.7	99.6	729
PX214938.1	JN689226.1_Racocetra_alborosea	74.1	91.9	96.2	733
PX214938.1	JN971073.1_Intraornatospora_intraornata	73.7	90.9	98.2	726
PX214939.1	EF067888_Diversispora_eburnea	93.7	99.9	98.8	735
PX214939.1	AY639235_Diversispora_celata	93.3	99.7	98.6	736
PX214939.1	MT832219_Diversispora_trimurales	93.2	93.4	98.7	689
PX214939.1	MT832217_Diversispora_epigaea	93.0	93.5	98.7	689
PX214939.1	FR865445.1_Otospora_bareae	93.0	97.0	90.3	716
PX214939.1	FN547665_Diversispora_arenaria	92.4	100.0	98.6	736
PX214939.1	MT832216_Diversispora_insculpta	91.5	92.8	98.7	685
PX214939.1	MT832218_Diversispora_spurca	90.0	93.3	98.3	690
PX214939.1	MT832215_Redeckera_megalocarpa	83.4	92.8	98.3	688
PX214939.1	MT832213_Sieverdingia_tortuosa	83.1	92.4	98.5	686
PX214939.1	MT832214_Corymbiglomus_globiferum	83.0	92.7	98.4	687
PX214939.1	MG459208.1_Desertispora_omaniana	82.3	97.0	89.2	724
PX214939.1	KF154769.1_Desertispora_omaniana	81.0	96.8	89.0	726
PX214939.1	FR750167_Dentiscutata_heterogama	74.3	92.7	99.6	729
PX214939.1	JN689226.1_Racocetra_alborosea	74.1	91.9	96.2	733
PX214939.1	JN971073.1_Intraornatospora_intraornata	73.7	90.9	98.2	726
PX214940.1	EF067888_Diversispora_eburnea	93.2	99.6	98.9	737
PX214940.1	MT832217_Diversispora_epigaea	92.5	93.1	98.7	692
PX214940.1	MT832219_Diversispora_trimurales	92.3	93.3	99.0	690
PX214940.1	AY639235_Diversispora_celata	92.3	99.5	98.8	738
PX214940.1	FR865445.1_Otospora_bareae	92.2	96.8	90.5	717
PX214940.1	FN547665_Diversispora_arenaria	92.0	99.5	98.5	740
PX214940.1	MT832216_Diversispora_insculpta	90.7	92.7	99.0	686
PX214940.1	MT832218_Diversispora_spurca	89.7	93.1	98.5	691
PX214940.1	MT832215_Redeckera_megalocarpa	83.5	92.6	98.4	690
PX214940.1	MT832213_Sieverdingia_tortuosa	82.9	92.0	98.5	689
PX214940.1	MT832214_Corymbiglomus_globiferum	82.8	92.3	98.4	690
PX214940.1	MG459208.1_Desertispora_omaniana	82.6	96.8	89.5	725
PX214940.1	KF154769.1_Desertispora_omaniana	81.5	96.8	89.4	726
PX214940.1	FR750167_Dentiscutata_heterogama	73.2	92.5	99.7	731
PX214940.1	JN971073.1_Intraornatospora_intraornata	73.0	90.7	98.4	727
PX214940.1	JN689226.1_Racocetra_alborosea	72.9	92.3	97.1	730
PX214941.1	EF067888_Diversispora_eburnea	93.2	99.6	98.9	737
PX214941.1	MT832217_Diversispora_epigaea	92.5	93.1	98.7	692
PX214941.1	MT832219_Diversispora_trimurales	92.3	93.3	99.0	690
PX214941.1	AY639235_Diversispora_celata	92.3	99.5	98.8	738
PX214941.1	FR865445.1_Otospora_bareae	92.2	96.8	90.5	717
PX214941.1	FN547665_Diversispora_arenaria	92.0	99.5	98.5	740
PX214941.1	MT832216_Diversispora_insculpta	90.7	92.7	99.0	686
PX214941.1	MT832218_Diversispora_spurca	89.7	93.1	98.5	691
PX214941.1	MT832215_Redeckera_megalocarpa	83.5	92.6	98.4	690
PX214941.1	MT832213_Sieverdingia_tortuosa	82.9	92.0	98.5	689
PX214941.1	MT832214_Corymbiglomus_globiferum	82.8	92.3	98.4	690
PX214941.1	MG459208.1_Desertispora_omaniana	82.6	96.8	89.5	725
PX214941.1	KF154769.1_Desertispora_omaniana	81.5	96.8	89.4	726
PX214941.1	FR750167_Dentiscutata_heterogama	73.2	92.5	99.7	731
PX214941.1	JN971073.1_Intraornatospora_intraornata	73.0	90.7	98.4	727
PX214941.1	JN689226.1_Racocetra_alborosea	72.9	92.3	97.1	730
PX214942.1	MT832217_Diversispora_epigaea	100.0	93.7	100.0	688
PX214942.1	EF067888_Diversispora_eburnea	93.6	99.9	99.9	735
PX214942.1	FR865445.1_Otospora_bareae	92.9	97.0	91.3	716
PX214942.1	MT832219_Diversispora_trimurales	92.3	93.5	99.9	689
PX214942.1	AY639235_Diversispora_celata	92.3	99.7	99.7	736
PX214942.1	FN547665_Diversispora_arenaria	91.5	99.7	99.5	738
PX214942.1	MT832216_Diversispora_insculpta	91.4	92.8	99.7	686
PX214942.1	MT832218_Diversispora_spurca	90.4	93.3	99.4	690
PX214942.1	MT832214_Corymbiglomus_globiferum	83.7	92.8	99.6	687
PX214942.1	MT832215_Redeckera_megalocarpa	83.3	92.9	99.4	688
PX214942.1	MT832213_Sieverdingia_tortuosa	83.2	92.5	99.7	686
PX214942.1	MG459208.1_Desertispora_omaniana	82.7	97.0	90.2	724
PX214942.1	KF154769.1_Desertispora_omaniana	81.4	96.9	90.0	726
PX214942.1	FR750149_Scutellospora_spinosissima	72.4	91.6	99.3	739
PX214942.1	FR750167_Dentiscutata_heterogama	72.0	91.6	99.4	738
PX214942.1	JN971073.1_Intraornatospora_intraornata	71.9	90.1	98.4	733
PX214946.1	MT832217_Diversispora_epigaea	95.9	93.7	99.9	688
PX214946.1	EF067888_Diversispora_eburnea	92.9	99.9	99.7	735
PX214946.1	FR865445.1_Otospora_bareae	92.2	97.1	91.3	715
PX214946.1	FN547665_Diversispora_arenaria	92.0	99.7	99.3	738
PX214946.1	MT832219_Diversispora_trimurales	91.9	93.6	99.9	688
PX214946.1	AY639235_Diversispora_celata	91.8	99.9	99.7	735
PX214946.1	MT832216_Diversispora_insculpta	91.1	92.9	99.7	685
PX214946.1	MT832218_Diversispora_spurca	89.6	93.3	99.3	690
PX214946.1	MT832213_Sieverdingia_tortuosa	83.8	92.6	99.7	685
PX214946.1	MT832214_Corymbiglomus_globiferum	83.4	92.8	99.4	687
PX214946.1	MT832215_Redeckera_megalocarpa	83.3	92.9	99.3	688
PX214946.1	MG459208.1_Desertispora_omaniana	82.8	97.1	90.2	723
PX214946.1	KF154769.1_Desertispora_omaniana	81.2	97.0	90.0	725
PX214946.1	FR750149_Scutellospora_spinosissima	71.8	91.8	99.4	737
PX214946.1	FR750167_Dentiscutata_heterogama	71.8	91.7	99.4	737
PX214946.1	JN689226.1_Racocetra_alborosea	71.2	91.5	96.8	736
PX214943.1	MT832217_Diversispora_epigaea	95.8	93.7	99.9	688
PX214943.1	EF067888_Diversispora_eburnea	92.8	99.9	99.7	735
PX214943.1	FR865445.1_Otospora_bareae	92.4	97.1	91.3	715
PX214943.1	MT832219_Diversispora_trimurales	92.3	93.6	99.9	688
PX214943.1	FN547665_Diversispora_arenaria	92.3	99.7	99.3	738
PX214943.1	AY639235_Diversispora_celata	92.2	99.9	99.7	735
PX214943.1	MT832216_Diversispora_insculpta	91.4	92.9	99.7	685
PX214943.1	MT832218_Diversispora_spurca	90.4	93.3	99.3	690
PX214943.1	MT832213_Sieverdingia_tortuosa	84.4	92.6	99.7	685
PX214943.1	MT832215_Redeckera_megalocarpa	83.9	92.9	99.3	688
PX214943.1	MT832214_Corymbiglomus_globiferum	83.8	92.8	99.4	687
PX214943.1	MG459208.1_Desertispora_omaniana	82.7	97.1	90.2	723
PX214943.1	KF154769.1_Desertispora_omaniana	81.4	97.0	90.0	725
PX214943.1	FR750149_Scutellospora_spinosissima	73.1	91.5	99.1	739
PX214943.1	FR750167_Dentiscutata_heterogama	72.4	91.4	99.1	739
PX214943.1	JN971073.1_Intraornatospora_intraornata	71.0	90.3	98.5	731
PX214945.1	MT832217_Diversispora_epigaea	96.1	93.7	99.9	688
PX214945.1	EF067888_Diversispora_eburnea	93.1	99.9	99.7	735
PX214945.1	FR865445.1_Otospora_bareae	92.7	97.1	91.3	715
PX214945.1	MT832219_Diversispora_trimurales	92.6	93.6	99.9	688
PX214945.1	FN547665_Diversispora_arenaria	92.5	99.7	99.3	738
PX214945.1	AY639235_Diversispora_celata	92.5	99.9	99.7	735
PX214945.1	MT832216_Diversispora_insculpta	91.7	92.9	99.7	685
PX214945.1	MT832218_Diversispora_spurca	90.1	93.3	99.3	690
PX214945.1	MT832213_Sieverdingia_tortuosa	84.2	92.6	99.7	685
PX214945.1	MT832214_Corymbiglomus_globiferum	83.8	92.8	99.4	687
PX214945.1	MT832215_Redeckera_megalocarpa	83.7	92.9	99.3	688
PX214945.1	MG459208.1_Desertispora_omaniana	82.8	97.1	90.2	723
PX214945.1	KF154769.1_Desertispora_omaniana	81.5	97.0	90.0	725
PX214945.1	FR750149_Scutellospora_spinosissima	72.2	91.8	99.4	737
PX214945.1	FR750167_Dentiscutata_heterogama	72.1	91.5	99.3	738
PX214945.1	JN971073.1_Intraornatospora_intraornata	71.4	90.2	98.4	732
PX214947.1	MT832217_Diversispora_epigaea	96.5	93.7	99.9	688
PX214947.1	EF067888_Diversispora_eburnea	93.5	99.9	99.7	735
PX214947.1	FR865445.1_Otospora_bareae	92.7	97.1	91.3	715
PX214947.1	FN547665_Diversispora_arenaria	92.5	99.7	99.3	738
PX214947.1	MT832219_Diversispora_trimurales	92.4	93.6	99.9	688
PX214947.1	AY639235_Diversispora_celata	92.4	99.9	99.7	735
PX214947.1	MT832216_Diversispora_insculpta	91.7	92.9	99.7	685
PX214947.1	MT832218_Diversispora_spurca	90.1	93.3	99.3	690
PX214947.1	MT832213_Sieverdingia_tortuosa	83.9	92.6	99.7	685
PX214947.1	MT832214_Corymbiglomus_globiferum	83.7	92.8	99.4	687
PX214947.1	MT832215_Redeckera_megalocarpa	83.6	92.9	99.3	688
PX214947.1	MG459208.1_Desertispora_omaniana	83.3	97.1	90.2	723
PX214947.1	KF154769.1_Desertispora_omaniana	81.7	97.0	90.0	725
PX214947.1	FR750149_Scutellospora_spinosissima	71.8	91.8	99.4	737
PX214947.1	FR750167_Dentiscutata_heterogama	71.8	91.7	99.4	737
PX214947.1	JN971073.1_Intraornatospora_intraornata	71.4	90.2	98.4	732
PX214944.1	MT832217_Diversispora_epigaea	95.6	93.7	99.9	688
PX214944.1	EF067888_Diversispora_eburnea	92.8	99.9	99.7	735
PX214944.1	FR865445.1_Otospora_bareae	92.6	97.1	91.3	715
PX214944.1	FN547665_Diversispora_arenaria	92.5	99.7	99.3	738
PX214944.1	MT832219_Diversispora_trimurales	92.4	93.6	99.9	688
PX214944.1	AY639235_Diversispora_celata	92.4	99.9	99.7	735
PX214944.1	MT832216_Diversispora_insculpta	91.5	92.9	99.7	685
PX214944.1	MT832218_Diversispora_spurca	89.6	93.3	99.3	690
PX214944.1	MT832213_Sieverdingia_tortuosa	83.9	92.6	99.7	685
PX214944.1	MT832214_Corymbiglomus_globiferum	83.6	92.8	99.4	687
PX214944.1	MG459208.1_Desertispora_omaniana	83.5	97.1	90.2	723
PX214944.1	MT832215_Redeckera_megalocarpa	83.3	92.9	99.3	688
PX214944.1	KF154769.1_Desertispora_omaniana	81.9	97.0	90.0	725
PX214944.1	FR750149_Scutellospora_spinosissima	72.4	91.7	99.3	738
PX214944.1	FR750167_Dentiscutata_heterogama	71.5	91.7	99.4	737
PX214944.1	JN971073.1_Intraornatospora_intraornata	71.3	90.2	98.4	732
PX214949.1	MT832217_Diversispora_epigaea	96.5	93.7	99.9	688
PX214949.1	EF067888_Diversispora_eburnea	93.2	99.9	99.7	735
PX214949.1	FR865445.1_Otospora_bareae	92.7	97.1	91.3	715
PX214949.1	FN547665_Diversispora_arenaria	92.5	99.7	99.3	738
PX214949.1	MT832219_Diversispora_trimurales	92.4	93.6	99.9	688
PX214949.1	AY639235_Diversispora_celata	92.4	99.9	99.7	735
PX214949.1	MT832216_Diversispora_insculpta	91.7	92.9	99.7	685
PX214949.1	MT832218_Diversispora_spurca	90.4	93.3	99.3	690
PX214949.1	MT832213_Sieverdingia_tortuosa	84.4	92.6	99.7	685
PX214949.1	MT832214_Corymbiglomus_globiferum	84.0	92.8	99.4	687
PX214949.1	MT832215_Redeckera_megalocarpa	83.7	92.9	99.3	688
PX214949.1	MG459208.1_Desertispora_omaniana	83.1	97.1	90.2	723
PX214949.1	KF154769.1_Desertispora_omaniana	81.8	97.0	90.0	725
PX214949.1	FR750149_Scutellospora_spinosissima	72.2	91.7	99.3	738
PX214949.1	FR750167_Dentiscutata_heterogama	72.0	91.5	99.3	738
PX214949.1	JN971073.1_Intraornatospora_intraornata	71.0	90.3	98.5	731
PX214950.1	MT832217_Diversispora_epigaea	96.5	93.7	99.9	688
PX214950.1	EF067888_Diversispora_eburnea	93.2	99.9	99.7	735
PX214950.1	FR865445.1_Otospora_bareae	92.7	97.1	91.3	715
PX214950.1	FN547665_Diversispora_arenaria	92.5	99.7	99.3	738
PX214950.1	MT832219_Diversispora_trimurales	92.4	93.6	99.9	688
PX214950.1	AY639235_Diversispora_celata	92.4	99.9	99.7	735
PX214950.1	MT832216_Diversispora_insculpta	91.7	92.9	99.7	685
PX214950.1	MT832218_Diversispora_spurca	90.4	93.3	99.3	690
PX214950.1	MT832213_Sieverdingia_tortuosa	84.4	92.6	99.7	685
PX214950.1	MT832214_Corymbiglomus_globiferum	84.0	92.8	99.4	687
PX214950.1	MT832215_Redeckera_megalocarpa	83.7	92.9	99.3	688
PX214950.1	MG459208.1_Desertispora_omaniana	83.1	97.1	90.2	723
PX214950.1	KF154769.1_Desertispora_omaniana	81.8	97.0	90.0	725
PX214950.1	FR750149_Scutellospora_spinosissima	72.2	91.7	99.3	738
PX214950.1	FR750167_Dentiscutata_heterogama	72.0	91.5	99.3	738
PX214950.1	JN971073.1_Intraornatospora_intraornata	71.0	90.3	98.5	731
PX214948.1	MT832217_Diversispora_epigaea	96.7	93.7	99.9	688
PX214948.1	EF067888_Diversispora_eburnea	93.1	99.9	99.7	735
PX214948.1	FR865445.1_Otospora_bareae	92.6	97.1	91.3	715
PX214948.1	FN547665_Diversispora_arenaria	92.4	99.7	99.3	738
PX214948.1	MT832219_Diversispora_trimurales	92.3	93.6	99.9	688
PX214948.1	AY639235_Diversispora_celata	92.2	99.9	99.7	735
PX214948.1	MT832216_Diversispora_insculpta	91.5	92.9	99.7	685
PX214948.1	MT832218_Diversispora_spurca	90.3	93.3	99.3	690
PX214948.1	MT832213_Sieverdingia_tortuosa	83.9	92.6	99.7	685
PX214948.1	MT832215_Redeckera_megalocarpa	83.7	92.9	99.3	688
PX214948.1	MT832214_Corymbiglomus_globiferum	83.6	92.8	99.4	687
PX214948.1	MG459208.1_Desertispora_omaniana	83.0	97.1	90.2	723
PX214948.1	KF154769.1_Desertispora_omaniana	81.4	97.0	90.0	725
PX214948.1	FR750149_Scutellospora_spinosissima	71.5	91.8	99.4	737
PX214948.1	FR750167_Dentiscutata_heterogama	71.4	91.7	99.4	737
PX214948.1	JN689226.1_Racocetra_alborosea	71.3	91.5	96.8	736
PX214951.1	MT832217_Diversispora_epigaea	96.5	93.7	99.9	688
PX214951.1	EF067888_Diversispora_eburnea	93.2	99.9	99.7	735
PX214951.1	FR865445.1_Otospora_bareae	92.7	97.1	91.3	715
PX214951.1	FN547665_Diversispora_arenaria	92.5	99.7	99.3	738
PX214951.1	MT832219_Diversispora_trimurales	92.4	93.6	99.9	688
PX214951.1	AY639235_Diversispora_celata	92.4	99.9	99.7	735
PX214951.1	MT832216_Diversispora_insculpta	91.7	92.9	99.7	685
PX214951.1	MT832218_Diversispora_spurca	90.4	93.3	99.3	690
PX214951.1	MT832213_Sieverdingia_tortuosa	84.4	92.6	99.7	685
PX214951.1	MT832214_Corymbiglomus_globiferum	84.0	92.8	99.4	687
PX214951.1	MT832215_Redeckera_megalocarpa	83.7	92.9	99.3	688
PX214951.1	MG459208.1_Desertispora_omaniana	83.1	97.1	90.2	723
PX214951.1	KF154769.1_Desertispora_omaniana	81.8	97.0	90.0	725
PX214951.1	FR750149_Scutellospora_spinosissima	72.2	91.7	99.3	738
PX214951.1	FR750167_Dentiscutata_heterogama	72.0	91.5	99.3	738
PX214951.1	JN971073.1_Intraornatospora_intraornata	71.0	90.3	98.5	731
PX214954.1	MT832217_Diversispora_epigaea	96.7	93.7	99.9	688
PX214954.1	EF067888_Diversispora_eburnea	93.9	99.9	99.7	735
PX214954.1	FR865445.1_Otospora_bareae	93.4	97.1	91.3	715
PX214954.1	MT832219_Diversispora_trimurales	93.3	93.6	99.9	688
PX214954.1	FN547665_Diversispora_arenaria	93.2	99.7	99.3	738
PX214954.1	AY639235_Diversispora_celata	93.2	99.9	99.7	735
PX214954.1	MT832216_Diversispora_insculpta	92.1	92.9	99.7	685
PX214954.1	MT832218_Diversispora_spurca	90.6	93.3	99.3	690
PX214954.1	MT832214_Corymbiglomus_globiferum	84.1	92.8	99.4	687
PX214954.1	MT832215_Redeckera_megalocarpa	83.7	92.9	99.3	688
PX214954.1	MT832213_Sieverdingia_tortuosa	83.6	92.6	99.7	685
PX214954.1	MG459208.1_Desertispora_omaniana	83.5	97.1	90.2	723
PX214954.1	KF154769.1_Desertispora_omaniana	82.2	97.0	90.0	725
PX214954.1	FR750149_Scutellospora_spinosissima	72.6	91.7	99.3	738
PX214954.1	FR750167_Dentiscutata_heterogama	72.2	91.7	99.4	737
PX214954.1	JN971073.1_Intraornatospora_intraornata	71.9	90.2	98.4	732
PX214953.1	MT832217_Diversispora_epigaea	96.4	93.7	99.9	688
PX214953.1	EF067888_Diversispora_eburnea	93.2	99.9	99.7	735
PX214953.1	FR865445.1_Otospora_bareae	92.9	97.1	91.3	715
PX214953.1	MT832219_Diversispora_trimurales	92.7	93.6	99.9	688
PX214953.1	FN547665_Diversispora_arenaria	92.7	99.7	99.3	738
PX214953.1	AY639235_Diversispora_celata	92.7	99.9	99.7	735
PX214953.1	MT832216_Diversispora_insculpta	91.5	92.9	99.7	685
PX214953.1	MT832218_Diversispora_spurca	90.9	93.3	99.3	690
PX214953.1	MT832214_Corymbiglomus_globiferum	83.6	92.8	99.4	687
PX214953.1	MT832213_Sieverdingia_tortuosa	83.5	92.6	99.7	685
PX214953.1	MT832215_Redeckera_megalocarpa	83.3	92.9	99.3	688
PX214953.1	MG459208.1_Desertispora_omaniana	83.1	97.1	90.2	723
PX214953.1	KF154769.1_Desertispora_omaniana	81.8	97.0	90.0	725
PX214953.1	FR750149_Scutellospora_spinosissima	72.9	91.5	99.1	739
PX214953.1	FR750167_Dentiscutata_heterogama	72.2	91.5	99.3	738
PX214953.1	JN689226.1_Racocetra_alborosea	71.6	91.5	96.8	736
PX214955.1	FR865445.1_Otospora_bareae	98.5	97.3	91.4	714
PX214955.1	MT832216_Diversispora_insculpta	98.1	93.2	100.0	683
PX214955.1	FN547665_Diversispora_arenaria	93.9	99.9	99.5	737
PX214955.1	EF067888_Diversispora_eburnea	93.1	99.9	99.7	735
PX214955.1	MT832217_Diversispora_epigaea	92.5	93.5	99.6	690
PX214955.1	MT832219_Diversispora_trimurales	92.2	93.6	99.9	688
PX214955.1	AY639235_Diversispora_celata	91.7	99.7	99.6	736
PX214955.1	MT832218_Diversispora_spurca	91.3	93.3	99.3	690
PX214955.1	MT832215_Redeckera_megalocarpa	85.5	92.8	99.1	689
PX214955.1	MT832214_Corymbiglomus_globiferum	85.2	92.6	99.3	688
PX214955.1	MG459208.1_Desertispora_omaniana	84.5	97.1	90.2	723
PX214955.1	KF154769.1_Desertispora_omaniana	83.0	97.0	90.0	725
PX214955.1	MT832213_Sieverdingia_tortuosa	82.9	92.5	99.6	686
PX214955.1	FR750167_Dentiscutata_heterogama	71.7	91.0	98.7	742
PX214955.1	FR750143_Racocetra_fulgida	71.1	91.5	99.3	738
PX214955.1	JN689226.1_Racocetra_alborosea	71.1	91.5	96.8	736
PX214952.1	MT832217_Diversispora_epigaea	96.2	93.7	99.9	688
PX214952.1	EF067888_Diversispora_eburnea	93.1	99.9	99.7	735
PX214952.1	FN547665_Diversispora_arenaria	93.0	99.7	99.3	738
PX214952.1	FR865445.1_Otospora_bareae	92.9	97.1	91.3	715
PX214952.1	AY639235_Diversispora_celata	92.7	99.9	99.7	735
PX214952.1	MT832219_Diversispora_trimurales	92.4	93.6	99.9	688
PX214952.1	MT832216_Diversispora_insculpta	91.8	92.9	99.7	685
PX214952.1	MT832218_Diversispora_spurca	90.1	93.3	99.3	690
PX214952.1	MT832213_Sieverdingia_tortuosa	84.5	92.6	99.7	685
PX214952.1	MT832215_Redeckera_megalocarpa	84.0	92.9	99.3	688
PX214952.1	MT832214_Corymbiglomus_globiferum	84.0	92.8	99.4	687
PX214952.1	MG459208.1_Desertispora_omaniana	83.1	97.1	90.2	723
PX214952.1	KF154769.1_Desertispora_omaniana	81.7	97.0	90.0	725
PX214952.1	FR750149_Scutellospora_spinosissima	72.4	91.7	99.3	738
PX214952.1	FR750167_Dentiscutata_heterogama	72.1	91.5	99.3	738
PX214952.1	JN971073.1_Intraornatospora_intraornata	71.3	90.2	98.4	732
PX214957.1	FR865445.1_Otospora_bareae	97.9	97.3	91.4	714
PX214957.1	MT832216_Diversispora_insculpta	97.5	93.2	100.0	683
PX214957.1	FN547665_Diversispora_arenaria	93.6	99.9	99.5	737
PX214957.1	EF067888_Diversispora_eburnea	92.8	99.9	99.7	735
PX214957.1	MT832217_Diversispora_epigaea	92.5	93.5	99.6	690
PX214957.1	MT832219_Diversispora_trimurales	91.9	93.6	99.9	688
PX214957.1	AY639235_Diversispora_celata	91.4	99.7	99.6	736
PX214957.1	MT832218_Diversispora_spurca	91.3	93.3	99.3	690
PX214957.1	MT832214_Corymbiglomus_globiferum	85.5	92.6	99.3	688
PX214957.1	MT832215_Redeckera_megalocarpa	85.3	92.8	99.1	689
PX214957.1	MG459208.1_Desertispora_omaniana	84.5	97.1	90.2	723
PX214957.1	MT832213_Sieverdingia_tortuosa	83.2	92.5	99.6	686
PX214957.1	KF154769.1_Desertispora_omaniana	83.0	97.0	90.0	725
PX214957.1	FR750167_Dentiscutata_heterogama	71.7	91.0	98.7	742
PX214957.1	JN689226.1_Racocetra_alborosea	71.2	91.5	96.8	736
PX214957.1	JN971073.1_Intraornatospora_intraornata	70.9	90.2	98.4	731
PX214956.1	FR865445.1_Otospora_bareae	98.5	97.3	91.4	714
PX214956.1	MT832216_Diversispora_insculpta	98.1	93.2	100.0	683
PX214956.1	FN547665_Diversispora_arenaria	93.9	99.9	99.5	737
PX214956.1	EF067888_Diversispora_eburnea	93.1	99.9	99.7	735
PX214956.1	MT832217_Diversispora_epigaea	92.5	93.5	99.6	690
PX214956.1	MT832219_Diversispora_trimurales	92.2	93.6	99.9	688
PX214956.1	AY639235_Diversispora_celata	91.7	99.7	99.6	736
PX214956.1	MT832218_Diversispora_spurca	91.3	93.3	99.3	690
PX214956.1	MT832215_Redeckera_megalocarpa	85.5	92.8	99.1	689
PX214956.1	MT832214_Corymbiglomus_globiferum	85.2	92.6	99.3	688
PX214956.1	MG459208.1_Desertispora_omaniana	84.5	97.1	90.2	723
PX214956.1	KF154769.1_Desertispora_omaniana	83.0	97.0	90.0	725
PX214956.1	MT832213_Sieverdingia_tortuosa	82.9	92.5	99.6	686
PX214956.1	FR750167_Dentiscutata_heterogama	71.7	91.0	98.7	742
PX214956.1	FR750143_Racocetra_fulgida	71.1	91.5	99.3	738
PX214956.1	JN689226.1_Racocetra_alborosea	71.1	91.5	96.8	736
PX214960.1	FR865445.1_Otospora_bareae	98.3	97.3	91.4	714
PX214960.1	MT832216_Diversispora_insculpta	98.0	93.2	100.0	683
PX214960.1	FN547665_Diversispora_arenaria	94.0	99.9	99.5	737
PX214960.1	EF067888_Diversispora_eburnea	93.2	99.9	99.7	735
PX214960.1	MT832217_Diversispora_epigaea	92.6	93.5	99.6	690
PX214960.1	MT832219_Diversispora_trimurales	92.3	93.6	99.9	688
PX214960.1	AY639235_Diversispora_celata	91.8	99.7	99.6	736
PX214960.1	MT832218_Diversispora_spurca	91.2	93.3	99.3	690
PX214960.1	MT832215_Redeckera_megalocarpa	85.3	92.8	99.1	689
PX214960.1	MT832214_Corymbiglomus_globiferum	85.3	92.6	99.3	688
PX214960.1	MG459208.1_Desertispora_omaniana	84.6	97.1	90.2	723
PX214960.1	KF154769.1_Desertispora_omaniana	83.2	97.0	90.0	725
PX214960.1	MT832213_Sieverdingia_tortuosa	83.1	92.5	99.6	686
PX214960.1	FR750167_Dentiscutata_heterogama	71.8	91.0	98.7	742
PX214960.1	FR750143_Racocetra_fulgida	71.3	91.5	99.3	738
PX214960.1	JN689226.1_Racocetra_alborosea	71.2	91.5	96.8	736
PX214958.1	FR865445.1_Otospora_bareae	98.3	97.3	91.4	714
PX214958.1	MT832216_Diversispora_insculpta	98.0	93.2	100.0	683
PX214958.1	FN547665_Diversispora_arenaria	94.0	99.9	99.5	737
PX214958.1	EF067888_Diversispora_eburnea	93.2	99.9	99.7	735
PX214958.1	MT832217_Diversispora_epigaea	92.6	93.5	99.6	690
PX214958.1	MT832219_Diversispora_trimurales	92.3	93.6	99.9	688
PX214958.1	AY639235_Diversispora_celata	91.8	99.7	99.6	736
PX214958.1	MT832218_Diversispora_spurca	91.2	93.3	99.3	690
PX214958.1	MT832215_Redeckera_megalocarpa	85.3	92.8	99.1	689
PX214958.1	MT832214_Corymbiglomus_globiferum	85.3	92.6	99.3	688
PX214958.1	MG459208.1_Desertispora_omaniana	84.6	97.1	90.2	723
PX214958.1	KF154769.1_Desertispora_omaniana	83.2	97.0	90.0	725
PX214958.1	MT832213_Sieverdingia_tortuosa	83.1	92.5	99.6	686
PX214958.1	FR750167_Dentiscutata_heterogama	71.8	91.0	98.7	742
PX214958.1	FR750143_Racocetra_fulgida	71.3	91.5	99.3	738
PX214958.1	JN689226.1_Racocetra_alborosea	71.2	91.5	96.8	736
PX214962.1	FR865445.1_Otospora_bareae	98.3	97.3	91.4	714
PX214962.1	MT832216_Diversispora_insculpta	98.0	93.2	100.0	683
PX214962.1	FN547665_Diversispora_arenaria	94.0	99.9	99.5	737
PX214962.1	EF067888_Diversispora_eburnea	93.2	99.9	99.7	735
PX214962.1	MT832217_Diversispora_epigaea	92.6	93.5	99.6	690
PX214962.1	MT832219_Diversispora_trimurales	92.3	93.6	99.9	688
PX214962.1	AY639235_Diversispora_celata	91.8	99.7	99.6	736
PX214962.1	MT832218_Diversispora_spurca	91.2	93.3	99.3	690
PX214962.1	MT832215_Redeckera_megalocarpa	85.3	92.8	99.1	689
PX214962.1	MT832214_Corymbiglomus_globiferum	85.3	92.6	99.3	688
PX214962.1	MG459208.1_Desertispora_omaniana	84.6	97.1	90.2	723
PX214962.1	KF154769.1_Desertispora_omaniana	83.2	97.0	90.0	725
PX214962.1	MT832213_Sieverdingia_tortuosa	83.1	92.5	99.6	686
PX214962.1	FR750167_Dentiscutata_heterogama	71.8	91.0	98.7	742
PX214962.1	FR750143_Racocetra_fulgida	71.3	91.5	99.3	738
PX214962.1	JN689226.1_Racocetra_alborosea	71.2	91.5	96.8	736
PX214959.1	FR865445.1_Otospora_bareae	98.3	97.3	91.4	714
PX214959.1	MT832216_Diversispora_insculpta	98.0	93.2	100.0	683
PX214959.1	FN547665_Diversispora_arenaria	94.0	99.9	99.5	737
PX214959.1	EF067888_Diversispora_eburnea	93.2	99.9	99.7	735
PX214959.1	MT832217_Diversispora_epigaea	92.6	93.5	99.6	690
PX214959.1	MT832219_Diversispora_trimurales	92.3	93.6	99.9	688
PX214959.1	AY639235_Diversispora_celata	91.8	99.7	99.6	736
PX214959.1	MT832218_Diversispora_spurca	91.2	93.3	99.3	690
PX214959.1	MT832215_Redeckera_megalocarpa	85.3	92.8	99.1	689
PX214959.1	MT832214_Corymbiglomus_globiferum	85.3	92.6	99.3	688
PX214959.1	MG459208.1_Desertispora_omaniana	84.6	97.1	90.2	723
PX214959.1	KF154769.1_Desertispora_omaniana	83.2	97.0	90.0	725
PX214959.1	MT832213_Sieverdingia_tortuosa	83.1	92.5	99.6	686
PX214959.1	FR750167_Dentiscutata_heterogama	71.8	91.0	98.7	742
PX214959.1	FR750143_Racocetra_fulgida	71.3	91.5	99.3	738
PX214959.1	JN689226.1_Racocetra_alborosea	71.2	91.5	96.8	736
PX214961.1	FR865445.1_Otospora_bareae	98.3	97.3	91.4	714
PX214961.1	MT832216_Diversispora_insculpta	98.0	93.2	100.0	683
PX214961.1	FN547665_Diversispora_arenaria	94.0	99.9	99.5	737
PX214961.1	EF067888_Diversispora_eburnea	93.2	99.9	99.7	735
PX214961.1	MT832217_Diversispora_epigaea	92.6	93.5	99.6	690
PX214961.1	MT832219_Diversispora_trimurales	92.3	93.6	99.9	688
PX214961.1	AY639235_Diversispora_celata	91.8	99.7	99.6	736
PX214961.1	MT832218_Diversispora_spurca	91.2	93.3	99.3	690
PX214961.1	MT832215_Redeckera_megalocarpa	85.3	92.8	99.1	689
PX214961.1	MT832214_Corymbiglomus_globiferum	85.3	92.6	99.3	688
PX214961.1	MG459208.1_Desertispora_omaniana	84.6	97.1	90.2	723
PX214961.1	KF154769.1_Desertispora_omaniana	83.2	97.0	90.0	725
PX214961.1	MT832213_Sieverdingia_tortuosa	83.1	92.5	99.6	686
PX214961.1	FR750167_Dentiscutata_heterogama	71.8	91.0	98.7	742
PX214961.1	FR750143_Racocetra_fulgida	71.3	91.5	99.3	738
PX214961.1	JN689226.1_Racocetra_alborosea	71.2	91.5	96.8	736
PX214963.1	FR865445.1_Otospora_bareae	98.2	97.3	91.4	714
PX214963.1	MT832216_Diversispora_insculpta	97.7	93.2	100.0	683
PX214963.1	FN547665_Diversispora_arenaria	92.9	99.9	99.5	737
PX214963.1	EF067888_Diversispora_eburnea	92.9	99.9	99.7	735
PX214963.1	MT832217_Diversispora_epigaea	92.0	93.5	99.6	690
PX214963.1	MT832219_Diversispora_trimurales	91.7	93.6	99.9	688
PX214963.1	AY639235_Diversispora_celata	91.2	99.7	99.6	736
PX214963.1	MT832218_Diversispora_spurca	91.2	93.3	99.3	690
PX214963.1	MT832215_Redeckera_megalocarpa	85.2	92.8	99.1	689
PX214963.1	MT832214_Corymbiglomus_globiferum	84.6	92.6	99.3	688
PX214963.1	MG459208.1_Desertispora_omaniana	84.4	97.1	90.2	723
PX214963.1	KF154769.1_Desertispora_omaniana	83.0	97.0	90.0	725
PX214963.1	MT832213_Sieverdingia_tortuosa	82.5	92.5	99.6	686
PX214963.1	JN689226.1_Racocetra_alborosea	71.5	91.4	96.7	737
PX214963.1	JN971073.1_Intraornatospora_intraornata	71.1	89.4	97.5	737
PX214963.1	FR750167_Dentiscutata_heterogama	70.8	91.0	98.7	742
PX214965.1	FR865445.1_Otospora_bareae	98.2	97.3	91.4	714
PX214965.1	MT832216_Diversispora_insculpta	97.7	93.2	100.0	683
PX214965.1	FN547665_Diversispora_arenaria	92.9	99.9	99.5	737
PX214965.1	EF067888_Diversispora_eburnea	92.9	99.9	99.7	735
PX214965.1	MT832217_Diversispora_epigaea	92.0	93.5	99.6	690
PX214965.1	MT832219_Diversispora_trimurales	91.7	93.6	99.9	688
PX214965.1	AY639235_Diversispora_celata	91.2	99.7	99.6	736
PX214965.1	MT832218_Diversispora_spurca	91.2	93.3	99.3	690
PX214965.1	MT832215_Redeckera_megalocarpa	85.2	92.8	99.1	689
PX214965.1	MT832214_Corymbiglomus_globiferum	84.6	92.6	99.3	688
PX214965.1	MG459208.1_Desertispora_omaniana	84.4	97.1	90.2	723
PX214965.1	KF154769.1_Desertispora_omaniana	83.0	97.0	90.0	725
PX214965.1	MT832213_Sieverdingia_tortuosa	82.5	92.5	99.6	686
PX214965.1	JN689226.1_Racocetra_alborosea	71.5	91.4	96.7	737
PX214965.1	JN971073.1_Intraornatospora_intraornata	71.1	89.4	97.5	737
PX214965.1	FR750167_Dentiscutata_heterogama	70.8	91.0	98.7	742
PX214964.1	FR865445.1_Otospora_bareae	98.2	97.3	91.4	714
PX214964.1	MT832216_Diversispora_insculpta	97.7	93.2	100.0	683
PX214964.1	FN547665_Diversispora_arenaria	92.9	99.9	99.5	737
PX214964.1	EF067888_Diversispora_eburnea	92.9	99.9	99.7	735
PX214964.1	MT832217_Diversispora_epigaea	92.0	93.5	99.6	690
PX214964.1	MT832219_Diversispora_trimurales	91.7	93.6	99.9	688
PX214964.1	AY639235_Diversispora_celata	91.2	99.7	99.6	736
PX214964.1	MT832218_Diversispora_spurca	91.2	93.3	99.3	690
PX214964.1	MT832215_Redeckera_megalocarpa	85.2	92.8	99.1	689
PX214964.1	MT832214_Corymbiglomus_globiferum	84.6	92.6	99.3	688
PX214964.1	MG459208.1_Desertispora_omaniana	84.4	97.1	90.2	723
PX214964.1	KF154769.1_Desertispora_omaniana	83.0	97.0	90.0	725
PX214964.1	MT832213_Sieverdingia_tortuosa	82.5	92.5	99.6	686
PX214964.1	JN689226.1_Racocetra_alborosea	71.5	91.4	96.7	737
PX214964.1	JN971073.1_Intraornatospora_intraornata	71.1	89.4	97.5	737
PX214964.1	FR750167_Dentiscutata_heterogama	70.8	91.0	98.7	742
PX214966.1	FR865445.1_Otospora_bareae	98.2	97.3	91.4	714
PX214966.1	MT832216_Diversispora_insculpta	97.7	93.2	100.0	683
PX214966.1	FN547665_Diversispora_arenaria	92.9	99.9	99.5	737
PX214966.1	EF067888_Diversispora_eburnea	92.9	99.9	99.7	735
PX214966.1	MT832217_Diversispora_epigaea	92.0	93.5	99.6	690
PX214966.1	MT832219_Diversispora_trimurales	91.7	93.6	99.9	688
PX214966.1	AY639235_Diversispora_celata	91.2	99.7	99.6	736
PX214966.1	MT832218_Diversispora_spurca	91.2	93.3	99.3	690
PX214966.1	MT832215_Redeckera_megalocarpa	85.2	92.8	99.1	689
PX214966.1	MT832214_Corymbiglomus_globiferum	84.6	92.6	99.3	688
PX214966.1	MG459208.1_Desertispora_omaniana	84.4	97.1	90.2	723
PX214966.1	KF154769.1_Desertispora_omaniana	83.0	97.0	90.0	725
PX214966.1	MT832213_Sieverdingia_tortuosa	82.5	92.5	99.6	686
PX214966.1	JN689226.1_Racocetra_alborosea	71.5	91.4	96.7	737
PX214966.1	JN971073.1_Intraornatospora_intraornata	71.1	89.4	97.5	737
PX214966.1	FR750167_Dentiscutata_heterogama	70.8	91.0	98.7	742
PX214967.1	FR865445.1_Otospora_bareae	98.2	97.3	91.4	714
PX214967.1	MT832216_Diversispora_insculpta	97.7	93.2	100.0	683
PX214967.1	FN547665_Diversispora_arenaria	92.9	99.9	99.5	737
PX214967.1	EF067888_Diversispora_eburnea	92.9	99.9	99.7	735
PX214967.1	MT832217_Diversispora_epigaea	92.0	93.5	99.6	690
PX214967.1	MT832219_Diversispora_trimurales	91.7	93.6	99.9	688
PX214967.1	AY639235_Diversispora_celata	91.2	99.7	99.6	736
PX214967.1	MT832218_Diversispora_spurca	91.2	93.3	99.3	690
PX214967.1	MT832215_Redeckera_megalocarpa	85.2	92.8	99.1	689
PX214967.1	MT832214_Corymbiglomus_globiferum	84.6	92.6	99.3	688
PX214967.1	MG459208.1_Desertispora_omaniana	84.4	97.1	90.2	723
PX214967.1	KF154769.1_Desertispora_omaniana	83.0	97.0	90.0	725
PX214967.1	MT832213_Sieverdingia_tortuosa	82.5	92.5	99.6	686
PX214967.1	JN689226.1_Racocetra_alborosea	71.5	91.4	96.7	737
PX214967.1	JN971073.1_Intraornatospora_intraornata	71.1	89.4	97.5	737
PX214967.1	FR750167_Dentiscutata_heterogama	70.8	91.0	98.7	742
PX214970.1	FR865445.1_Otospora_bareae	97.8	97.0	91.4	716
PX214970.1	MT832216_Diversispora_insculpta	97.2	92.9	100.0	685
PX214970.1	EF067888_Diversispora_eburnea	92.5	99.6	99.7	737
PX214970.1	FN547665_Diversispora_arenaria	92.4	99.6	99.5	739
PX214970.1	MT832217_Diversispora_epigaea	91.6	93.2	99.6	692
PX214970.1	MT832219_Diversispora_trimurales	90.7	93.5	100.0	689
PX214970.1	AY639235_Diversispora_celata	90.5	99.5	99.6	738
PX214970.1	MT832218_Diversispora_spurca	90.2	93.1	99.3	692
PX214970.1	MT832215_Redeckera_megalocarpa	84.0	92.8	99.4	689
PX214970.1	MG459208.1_Desertispora_omaniana	83.9	96.9	90.2	725
PX214970.1	MT832214_Corymbiglomus_globiferum	83.3	92.7	99.6	688
PX214970.1	KF154769.1_Desertispora_omaniana	82.5	96.7	90.0	727
PX214970.1	MT832213_Sieverdingia_tortuosa	82.0	92.4	99.7	687
PX214970.1	JN689226.1_Racocetra_alborosea	71.5	91.4	97.0	737
PX214970.1	FR750167_Dentiscutata_heterogama	70.9	91.3	99.3	740
PX214970.1	JN971073.1_Intraornatospora_intraornata	70.8	89.4	97.8	737
PX214969.1	FR865445.1_Otospora_bareae	97.8	97.0	91.4	716
PX214969.1	MT832216_Diversispora_insculpta	97.2	92.9	100.0	685
PX214969.1	EF067888_Diversispora_eburnea	92.5	99.6	99.7	737
PX214969.1	FN547665_Diversispora_arenaria	92.4	99.6	99.5	739
PX214969.1	MT832217_Diversispora_epigaea	91.6	93.2	99.6	692
PX214969.1	MT832219_Diversispora_trimurales	90.7	93.5	100.0	689
PX214969.1	AY639235_Diversispora_celata	90.5	99.5	99.6	738
PX214969.1	MT832218_Diversispora_spurca	90.2	93.1	99.3	692
PX214969.1	MT832215_Redeckera_megalocarpa	84.0	92.8	99.4	689
PX214969.1	MG459208.1_Desertispora_omaniana	83.9	96.9	90.2	725
PX214969.1	MT832214_Corymbiglomus_globiferum	83.3	92.7	99.6	688
PX214969.1	KF154769.1_Desertispora_omaniana	82.5	96.7	90.0	727
PX214969.1	MT832213_Sieverdingia_tortuosa	82.0	92.4	99.7	687
PX214969.1	JN689226.1_Racocetra_alborosea	71.5	91.4	97.0	737
PX214969.1	FR750167_Dentiscutata_heterogama	70.9	91.3	99.3	740
PX214969.1	JN971073.1_Intraornatospora_intraornata	70.8	89.4	97.8	737
PX214968.1	FR865445.1_Otospora_bareae	98.2	97.3	91.4	714
PX214968.1	MT832216_Diversispora_insculpta	97.7	93.2	100.0	683
PX214968.1	FN547665_Diversispora_arenaria	92.9	99.9	99.5	737
PX214968.1	EF067888_Diversispora_eburnea	92.9	99.9	99.7	735
PX214968.1	MT832217_Diversispora_epigaea	92.0	93.5	99.6	690
PX214968.1	MT832219_Diversispora_trimurales	91.7	93.6	99.9	688
PX214968.1	AY639235_Diversispora_celata	91.2	99.7	99.6	736
PX214968.1	MT832218_Diversispora_spurca	91.2	93.3	99.3	690
PX214968.1	MT832215_Redeckera_megalocarpa	85.2	92.8	99.1	689
PX214968.1	MT832214_Corymbiglomus_globiferum	84.6	92.6	99.3	688
PX214968.1	MG459208.1_Desertispora_omaniana	84.4	97.1	90.2	723
PX214968.1	KF154769.1_Desertispora_omaniana	83.0	97.0	90.0	725
PX214968.1	MT832213_Sieverdingia_tortuosa	82.5	92.5	99.6	686
PX214968.1	JN689226.1_Racocetra_alborosea	71.5	91.4	96.7	737
PX214968.1	JN971073.1_Intraornatospora_intraornata	71.1	89.4	97.5	737
PX214968.1	FR750167_Dentiscutata_heterogama	70.8	91.0	98.7	742
PX214971.1	FR865445.1_Otospora_bareae	97.8	97.0	91.4	716
PX214971.1	MT832216_Diversispora_insculpta	97.2	92.9	100.0	685
PX214971.1	EF067888_Diversispora_eburnea	92.5	99.6	99.7	737
PX214971.1	FN547665_Diversispora_arenaria	92.4	99.6	99.5	739
PX214971.1	MT832217_Diversispora_epigaea	91.6	93.2	99.6	692
PX214971.1	MT832219_Diversispora_trimurales	90.7	93.5	100.0	689
PX214971.1	AY639235_Diversispora_celata	90.5	99.5	99.6	738
PX214971.1	MT832218_Diversispora_spurca	90.2	93.1	99.3	692
PX214971.1	MT832215_Redeckera_megalocarpa	84.0	92.8	99.4	689
PX214971.1	MG459208.1_Desertispora_omaniana	83.9	96.9	90.2	725
PX214971.1	MT832214_Corymbiglomus_globiferum	83.3	92.7	99.6	688
PX214971.1	KF154769.1_Desertispora_omaniana	82.5	96.7	90.0	727
PX214971.1	MT832213_Sieverdingia_tortuosa	82.0	92.4	99.7	687
PX214971.1	JN689226.1_Racocetra_alborosea	71.5	91.4	97.0	737
PX214971.1	FR750167_Dentiscutata_heterogama	70.9	91.3	99.3	740
PX214971.1	JN971073.1_Intraornatospora_intraornata	70.8	89.4	97.8	737
PX214972.1	FR865445.1_Otospora_bareae	97.8	97.0	91.4	716
PX214972.1	MT832216_Diversispora_insculpta	97.2	92.9	100.0	685
PX214972.1	EF067888_Diversispora_eburnea	92.8	99.6	99.7	737
PX214972.1	FN547665_Diversispora_arenaria	92.7	99.6	99.5	739
PX214972.1	MT832217_Diversispora_epigaea	91.9	93.2	99.6	692
PX214972.1	MT832219_Diversispora_trimurales	91.0	93.5	100.0	689
PX214972.1	AY639235_Diversispora_celata	90.8	99.5	99.6	738
PX214972.1	MT832218_Diversispora_spurca	90.6	93.1	99.3	692
PX214972.1	MG459208.1_Desertispora_omaniana	84.0	96.9	90.2	725
PX214972.1	MT832215_Redeckera_megalocarpa	83.9	92.8	99.4	689
PX214972.1	MT832214_Corymbiglomus_globiferum	83.3	92.7	99.6	688
PX214972.1	KF154769.1_Desertispora_omaniana	82.7	96.7	90.0	727
PX214972.1	MT832213_Sieverdingia_tortuosa	82.1	92.4	99.7	687
PX214972.1	JN689226.1_Racocetra_alborosea	71.6	91.4	97.0	737
PX214972.1	FR750167_Dentiscutata_heterogama	70.8	90.9	98.8	743
PX214972.1	JN971073.1_Intraornatospora_intraornata	70.7	89.4	97.8	737
PX214974.1	FR865445.1_Otospora_bareae	98.2	97.3	91.4	714
PX214974.1	MT832216_Diversispora_insculpta	97.7	93.2	100.0	683
PX214974.1	FN547665_Diversispora_arenaria	92.9	99.9	99.5	737
PX214974.1	EF067888_Diversispora_eburnea	92.9	99.9	99.7	735
PX214974.1	MT832217_Diversispora_epigaea	92.0	93.5	99.6	690
PX214974.1	MT832219_Diversispora_trimurales	91.7	93.6	99.9	688
PX214974.1	AY639235_Diversispora_celata	91.2	99.7	99.6	736
PX214974.1	MT832218_Diversispora_spurca	91.2	93.3	99.3	690
PX214974.1	MT832215_Redeckera_megalocarpa	85.2	92.8	99.1	689
PX214974.1	MT832214_Corymbiglomus_globiferum	84.6	92.6	99.3	688
PX214974.1	MG459208.1_Desertispora_omaniana	84.4	97.1	90.2	723
PX214974.1	KF154769.1_Desertispora_omaniana	83.0	97.0	90.0	725
PX214974.1	MT832213_Sieverdingia_tortuosa	82.5	92.5	99.6	686
PX214974.1	JN689226.1_Racocetra_alborosea	71.5	91.4	96.7	737
PX214974.1	JN971073.1_Intraornatospora_intraornata	71.1	89.4	97.5	737
PX214974.1	FR750167_Dentiscutata_heterogama	70.8	91.0	98.7	742
PX214973.1	FR865445.1_Otospora_bareae	98.2	97.3	91.4	714
PX214973.1	MT832216_Diversispora_insculpta	97.7	93.2	100.0	683
PX214973.1	FN547665_Diversispora_arenaria	92.9	99.9	99.5	737
PX214973.1	EF067888_Diversispora_eburnea	92.9	99.9	99.7	735
PX214973.1	MT832217_Diversispora_epigaea	92.0	93.5	99.6	690
PX214973.1	MT832219_Diversispora_trimurales	91.7	93.6	99.9	688
PX214973.1	AY639235_Diversispora_celata	91.2	99.7	99.6	736
PX214973.1	MT832218_Diversispora_spurca	91.2	93.3	99.3	690
PX214973.1	MT832215_Redeckera_megalocarpa	85.2	92.8	99.1	689
PX214973.1	MT832214_Corymbiglomus_globiferum	84.6	92.6	99.3	688
PX214973.1	MG459208.1_Desertispora_omaniana	84.4	97.1	90.2	723
PX214973.1	KF154769.1_Desertispora_omaniana	83.0	97.0	90.0	725
PX214973.1	MT832213_Sieverdingia_tortuosa	82.5	92.5	99.6	686
PX214973.1	JN689226.1_Racocetra_alborosea	71.5	91.4	96.7	737
PX214973.1	JN971073.1_Intraornatospora_intraornata	71.1	89.4	97.5	737
PX214973.1	FR750167_Dentiscutata_heterogama	70.8	91.0	98.7	742
PX214976.1	FR865445.1_Otospora_bareae	98.2	97.3	91.4	714
PX214976.1	MT832216_Diversispora_insculpta	97.7	93.2	100.0	683
PX214976.1	FN547665_Diversispora_arenaria	92.9	99.9	99.5	737
PX214976.1	EF067888_Diversispora_eburnea	92.9	99.9	99.7	735
PX214976.1	MT832217_Diversispora_epigaea	92.0	93.5	99.6	690
PX214976.1	MT832219_Diversispora_trimurales	91.7	93.6	99.9	688
PX214976.1	AY639235_Diversispora_celata	91.2	99.7	99.6	736
PX214976.1	MT832218_Diversispora_spurca	91.2	93.3	99.3	690
PX214976.1	MT832215_Redeckera_megalocarpa	85.2	92.8	99.1	689
PX214976.1	MT832214_Corymbiglomus_globiferum	84.6	92.6	99.3	688
PX214976.1	MG459208.1_Desertispora_omaniana	84.4	97.1	90.2	723
PX214976.1	KF154769.1_Desertispora_omaniana	83.0	97.0	90.0	725
PX214976.1	MT832213_Sieverdingia_tortuosa	82.5	92.5	99.6	686
PX214976.1	JN689226.1_Racocetra_alborosea	71.5	91.4	96.7	737
PX214976.1	JN971073.1_Intraornatospora_intraornata	71.1	89.4	97.5	737
PX214976.1	FR750167_Dentiscutata_heterogama	70.8	91.0	98.7	742
PX214977.1	FR865445.1_Otospora_bareae	98.2	97.3	91.4	714
PX214977.1	MT832216_Diversispora_insculpta	97.7	93.2	100.0	683
PX214977.1	FN547665_Diversispora_arenaria	92.9	99.9	99.5	737
PX214977.1	EF067888_Diversispora_eburnea	92.9	99.9	99.7	735
PX214977.1	MT832217_Diversispora_epigaea	92.0	93.5	99.6	690
PX214977.1	MT832219_Diversispora_trimurales	91.7	93.6	99.9	688
PX214977.1	AY639235_Diversispora_celata	91.2	99.7	99.6	736
PX214977.1	MT832218_Diversispora_spurca	91.2	93.3	99.3	690
PX214977.1	MT832215_Redeckera_megalocarpa	85.2	92.8	99.1	689
PX214977.1	MT832214_Corymbiglomus_globiferum	84.6	92.6	99.3	688
PX214977.1	MG459208.1_Desertispora_omaniana	84.4	97.1	90.2	723
PX214977.1	KF154769.1_Desertispora_omaniana	83.0	97.0	90.0	725
PX214977.1	MT832213_Sieverdingia_tortuosa	82.5	92.5	99.6	686
PX214977.1	JN689226.1_Racocetra_alborosea	71.5	91.4	96.7	737
PX214977.1	JN971073.1_Intraornatospora_intraornata	71.1	89.4	97.5	737
PX214977.1	FR750167_Dentiscutata_heterogama	70.8	91.0	98.7	742
PX214975.1	FR865445.1_Otospora_bareae	98.2	97.3	91.4	714
PX214975.1	MT832216_Diversispora_insculpta	97.7	93.2	100.0	683
PX214975.1	FN547665_Diversispora_arenaria	92.9	99.9	99.5	737
PX214975.1	EF067888_Diversispora_eburnea	92.9	99.9	99.7	735
PX214975.1	MT832217_Diversispora_epigaea	92.0	93.5	99.6	690
PX214975.1	MT832219_Diversispora_trimurales	91.7	93.6	99.9	688
PX214975.1	AY639235_Diversispora_celata	91.2	99.7	99.6	736
PX214975.1	MT832218_Diversispora_spurca	91.2	93.3	99.3	690
PX214975.1	MT832215_Redeckera_megalocarpa	85.2	92.8	99.1	689
PX214975.1	MT832214_Corymbiglomus_globiferum	84.6	92.6	99.3	688
PX214975.1	MG459208.1_Desertispora_omaniana	84.4	97.1	90.2	723
PX214975.1	KF154769.1_Desertispora_omaniana	83.0	97.0	90.0	725
PX214975.1	MT832213_Sieverdingia_tortuosa	82.5	92.5	99.6	686
PX214975.1	JN689226.1_Racocetra_alborosea	71.5	91.4	96.7	737
PX214975.1	JN971073.1_Intraornatospora_intraornata	71.1	89.4	97.5	737
PX214975.1	FR750167_Dentiscutata_heterogama	70.8	91.0	98.7	742
PX214980.1	FR865445.1_Otospora_bareae	98.5	97.4	91.3	713
PX214980.1	MT832216_Diversispora_insculpta	97.7	93.2	99.7	683
PX214980.1	FN547665_Diversispora_arenaria	93.5	99.9	99.2	737
PX214980.1	EF067888_Diversispora_eburnea	93.1	100.0	99.6	734
PX214980.1	MT832217_Diversispora_epigaea	92.6	93.7	99.6	688
PX214980.1	MT832219_Diversispora_trimurales	92.1	93.7	99.7	687
PX214980.1	AY639235_Diversispora_celata	91.7	100.0	99.6	734
PX214980.1	MT832218_Diversispora_spurca	90.9	93.4	99.1	689
PX214980.1	MT832215_Redeckera_megalocarpa	85.0	92.9	99.0	688
PX214980.1	MT832214_Corymbiglomus_globiferum	85.0	92.9	99.3	686
PX214980.1	MG459208.1_Desertispora_omaniana	84.4	97.1	90.0	723
PX214980.1	KF154769.1_Desertispora_omaniana	83.0	97.0	89.7	725
PX214980.1	MT832213_Sieverdingia_tortuosa	82.9	92.7	99.6	684
PX214980.1	FR750167_Dentiscutata_heterogama	71.3	91.1	98.5	741
PX214980.1	FR750143_Racocetra_fulgida	70.7	91.7	99.1	737
PX214980.1	JN689226.1_Racocetra_alborosea	70.3	91.7	96.7	735
PX214981.1	FR865445.1_Otospora_bareae	98.2	97.3	91.4	714
PX214981.1	MT832216_Diversispora_insculpta	97.7	93.2	100.0	683
PX214981.1	FN547665_Diversispora_arenaria	92.9	99.9	99.5	737
PX214981.1	EF067888_Diversispora_eburnea	92.9	99.9	99.7	735
PX214981.1	MT832217_Diversispora_epigaea	92.0	93.5	99.6	690
PX214981.1	MT832219_Diversispora_trimurales	91.7	93.6	99.9	688
PX214981.1	AY639235_Diversispora_celata	91.2	99.7	99.6	736
PX214981.1	MT832218_Diversispora_spurca	91.2	93.3	99.3	690
PX214981.1	MT832215_Redeckera_megalocarpa	85.2	92.8	99.1	689
PX214981.1	MT832214_Corymbiglomus_globiferum	84.6	92.6	99.3	688
PX214981.1	MG459208.1_Desertispora_omaniana	84.4	97.1	90.2	723
PX214981.1	KF154769.1_Desertispora_omaniana	83.0	97.0	90.0	725
PX214981.1	MT832213_Sieverdingia_tortuosa	82.5	92.5	99.6	686
PX214981.1	JN689226.1_Racocetra_alborosea	71.5	91.4	96.7	737
PX214981.1	JN971073.1_Intraornatospora_intraornata	71.1	89.4	97.5	737
PX214981.1	FR750167_Dentiscutata_heterogama	70.8	91.0	98.7	742
PX214982.1	FR865445.1_Otospora_bareae	98.0	97.3	91.4	714
PX214982.1	MT832216_Diversispora_insculpta	97.8	93.2	100.0	683
PX214982.1	FN547665_Diversispora_arenaria	93.8	99.9	99.5	737
PX214982.1	EF067888_Diversispora_eburnea	92.8	99.9	99.7	735
PX214982.1	MT832217_Diversispora_epigaea	92.2	93.5	99.6	690
PX214982.1	MT832219_Diversispora_trimurales	92.2	93.6	99.9	688
PX214982.1	AY639235_Diversispora_celata	91.6	99.7	99.6	736
PX214982.1	MT832218_Diversispora_spurca	90.4	93.3	99.3	690
PX214982.1	MT832215_Redeckera_megalocarpa	85.1	92.8	99.1	689
PX214982.1	MG459208.1_Desertispora_omaniana	84.8	97.1	90.2	723
PX214982.1	MT832214_Corymbiglomus_globiferum	84.6	92.6	99.3	688
PX214982.1	KF154769.1_Desertispora_omaniana	83.4	97.0	90.0	725
PX214982.1	MT832213_Sieverdingia_tortuosa	83.2	92.5	99.6	686
PX214982.1	FR750167_Dentiscutata_heterogama	71.0	91.0	98.7	742
PX214982.1	JN689226.1_Racocetra_alborosea	70.8	91.5	96.8	736
PX214982.1	FR750143_Racocetra_fulgida	70.7	91.7	99.4	737
PX214979.1	FR865445.1_Otospora_bareae	98.3	97.3	91.4	714
PX214979.1	MT832216_Diversispora_insculpta	97.7	93.2	100.0	683
PX214979.1	FN547665_Diversispora_arenaria	93.8	99.9	99.5	737
PX214979.1	EF067888_Diversispora_eburnea	93.5	99.9	99.7	735
PX214979.1	MT832217_Diversispora_epigaea	92.9	93.5	99.6	690
PX214979.1	MT832219_Diversispora_trimurales	92.6	93.6	99.9	688
PX214979.1	AY639235_Diversispora_celata	92.1	99.7	99.6	736
PX214979.1	MT832218_Diversispora_spurca	90.9	93.3	99.3	690
PX214979.1	MT832214_Corymbiglomus_globiferum	85.5	92.6	99.3	688
PX214979.1	MT832215_Redeckera_megalocarpa	85.2	92.8	99.1	689
PX214979.1	MG459208.1_Desertispora_omaniana	84.9	97.1	90.2	723
PX214979.1	KF154769.1_Desertispora_omaniana	83.4	97.0	90.0	725
PX214979.1	MT832213_Sieverdingia_tortuosa	83.2	92.5	99.6	686
PX214979.1	FR750167_Dentiscutata_heterogama	71.7	91.0	98.7	742
PX214979.1	FR750143_Racocetra_fulgida	71.1	91.5	99.3	738
PX214979.1	JN689226.1_Racocetra_alborosea	71.1	91.5	96.8	736
PX214978.1	FR865445.1_Otospora_bareae	98.3	97.3	91.4	714
PX214978.1	MT832216_Diversispora_insculpta	97.8	93.2	100.0	683
PX214978.1	EF067888_Diversispora_eburnea	93.3	99.9	99.7	735
PX214978.1	FN547665_Diversispora_arenaria	93.1	99.9	99.5	737
PX214978.1	MT832217_Diversispora_epigaea	92.5	93.5	99.6	690
PX214978.1	MT832219_Diversispora_trimurales	92.2	93.6	99.9	688
PX214978.1	AY639235_Diversispora_celata	91.6	99.7	99.6	736
PX214978.1	MT832218_Diversispora_spurca	91.0	93.3	99.3	690
PX214978.1	MT832214_Corymbiglomus_globiferum	85.3	92.6	99.3	688
PX214978.1	MG459208.1_Desertispora_omaniana	85.1	97.1	90.2	723
PX214978.1	MT832215_Redeckera_megalocarpa	85.1	92.8	99.1	689
PX214978.1	KF154769.1_Desertispora_omaniana	83.7	97.0	90.0	725
PX214978.1	MT832213_Sieverdingia_tortuosa	83.2	92.5	99.6	686
PX214978.1	FR750167_Dentiscutata_heterogama	71.3	91.0	98.7	742
PX214978.1	JN689226.1_Racocetra_alborosea	71.1	91.4	96.7	737
PX214978.1	FR750143_Racocetra_fulgida	70.6	91.7	99.4	737
PX214983.1	FR865445.1_Otospora_bareae	98.0	97.3	91.4	714
PX214983.1	MT832216_Diversispora_insculpta	97.8	93.2	100.0	683
PX214983.1	FN547665_Diversispora_arenaria	93.8	99.9	99.5	737
PX214983.1	EF067888_Diversispora_eburnea	92.8	99.9	99.7	735
PX214983.1	MT832217_Diversispora_epigaea	92.2	93.5	99.6	690
PX214983.1	MT832219_Diversispora_trimurales	92.2	93.6	99.9	688
PX214983.1	AY639235_Diversispora_celata	91.6	99.7	99.6	736
PX214983.1	MT832218_Diversispora_spurca	90.4	93.3	99.3	690
PX214983.1	MT832215_Redeckera_megalocarpa	85.1	92.8	99.1	689
PX214983.1	MG459208.1_Desertispora_omaniana	84.8	97.1	90.2	723
PX214983.1	MT832214_Corymbiglomus_globiferum	84.6	92.6	99.3	688
PX214983.1	KF154769.1_Desertispora_omaniana	83.4	97.0	90.0	725
PX214983.1	MT832213_Sieverdingia_tortuosa	83.2	92.5	99.6	686
PX214983.1	FR750167_Dentiscutata_heterogama	71.0	91.0	98.7	742
PX214983.1	JN689226.1_Racocetra_alborosea	70.8	91.5	96.8	736
PX214983.1	FR750143_Racocetra_fulgida	70.7	91.7	99.4	737
PX214984.1	FR865445.1_Otospora_bareae	98.3	97.4	91.3	713
PX214984.1	MT832216_Diversispora_insculpta	97.8	93.2	99.7	683
PX214984.1	FN547665_Diversispora_arenaria	93.6	99.9	99.2	737
PX214984.1	EF067888_Diversispora_eburnea	92.9	100.0	99.6	734
PX214984.1	MT832217_Diversispora_epigaea	92.4	93.7	99.6	688
PX214984.1	MT832219_Diversispora_trimurales	92.0	93.7	99.7	687
PX214984.1	AY639235_Diversispora_celata	91.6	100.0	99.6	734
PX214984.1	MT832218_Diversispora_spurca	91.0	93.4	99.1	689
PX214984.1	MT832215_Redeckera_megalocarpa	85.0	92.9	99.0	688
PX214984.1	MT832214_Corymbiglomus_globiferum	85.0	92.9	99.3	686
PX214984.1	MG459208.1_Desertispora_omaniana	84.2	97.1	90.0	723
PX214984.1	KF154769.1_Desertispora_omaniana	82.9	97.0	89.7	725
PX214984.1	MT832213_Sieverdingia_tortuosa	82.9	92.7	99.6	684
PX214984.1	FR750167_Dentiscutata_heterogama	71.4	91.1	98.5	741
PX214984.1	FR750143_Racocetra_fulgida	70.8	91.7	99.1	737
PX214984.1	JN689226.1_Racocetra_alborosea	70.5	91.7	96.7	735
PX214986.1	FR865445.1_Otospora_bareae	98.0	97.3	91.4	714
PX214986.1	MT832216_Diversispora_insculpta	97.8	93.2	100.0	683
PX214986.1	FN547665_Diversispora_arenaria	93.4	99.9	99.5	737
PX214986.1	EF067888_Diversispora_eburnea	93.2	99.9	99.7	735
PX214986.1	MT832217_Diversispora_epigaea	92.3	93.5	99.6	690
PX214986.1	MT832219_Diversispora_trimurales	92.3	93.6	99.9	688
PX214986.1	AY639235_Diversispora_celata	92.0	99.7	99.6	736
PX214986.1	MT832218_Diversispora_spurca	90.6	93.3	99.3	690
PX214986.1	MT832214_Corymbiglomus_globiferum	85.6	92.6	99.3	688
PX214986.1	MG459208.1_Desertispora_omaniana	85.2	97.1	90.2	723
PX214986.1	MT832215_Redeckera_megalocarpa	84.6	92.8	99.1	689
PX214986.1	KF154769.1_Desertispora_omaniana	83.9	97.0	90.0	725
PX214986.1	MT832213_Sieverdingia_tortuosa	83.4	92.5	99.6	686
PX214986.1	FR750167_Dentiscutata_heterogama	71.7	90.9	98.5	743
PX214986.1	FR750143_Racocetra_fulgida	70.4	91.7	99.4	737
PX214986.1	JN689226.1_Racocetra_alborosea	70.3	91.7	97.0	735
PX214987.1	FR865445.1_Otospora_bareae	98.0	97.3	91.4	714
PX214987.1	MT832216_Diversispora_insculpta	97.8	93.2	100.0	683
PX214987.1	FN547665_Diversispora_arenaria	93.4	99.9	99.5	737
PX214987.1	EF067888_Diversispora_eburnea	93.2	99.9	99.7	735
PX214987.1	MT832217_Diversispora_epigaea	92.3	93.5	99.6	690
PX214987.1	MT832219_Diversispora_trimurales	92.3	93.6	99.9	688
PX214987.1	AY639235_Diversispora_celata	92.0	99.7	99.6	736
PX214987.1	MT832218_Diversispora_spurca	90.6	93.3	99.3	690
PX214987.1	MT832214_Corymbiglomus_globiferum	85.6	92.6	99.3	688
PX214987.1	MG459208.1_Desertispora_omaniana	85.2	97.1	90.2	723
PX214987.1	MT832215_Redeckera_megalocarpa	84.6	92.8	99.1	689
PX214987.1	KF154769.1_Desertispora_omaniana	83.9	97.0	90.0	725
PX214987.1	MT832213_Sieverdingia_tortuosa	83.4	92.5	99.6	686
PX214987.1	FR750167_Dentiscutata_heterogama	71.7	90.9	98.5	743
PX214987.1	FR750143_Racocetra_fulgida	70.4	91.7	99.4	737
PX214987.1	JN689226.1_Racocetra_alborosea	70.3	91.7	97.0	735
PX214985.1	FR865445.1_Otospora_bareae	98.3	97.4	91.3	713
PX214985.1	MT832216_Diversispora_insculpta	97.8	93.2	99.7	683
PX214985.1	FN547665_Diversispora_arenaria	93.6	99.9	99.2	737
PX214985.1	EF067888_Diversispora_eburnea	92.9	100.0	99.6	734
PX214985.1	MT832217_Diversispora_epigaea	92.4	93.7	99.6	688
PX214985.1	MT832219_Diversispora_trimurales	92.0	93.7	99.7	687
PX214985.1	AY639235_Diversispora_celata	91.6	100.0	99.6	734
PX214985.1	MT832218_Diversispora_spurca	91.0	93.4	99.1	689
PX214985.1	MT832215_Redeckera_megalocarpa	85.0	92.9	99.0	688
PX214985.1	MT832214_Corymbiglomus_globiferum	85.0	92.9	99.3	686
PX214985.1	MG459208.1_Desertispora_omaniana	84.2	97.1	90.0	723
PX214985.1	KF154769.1_Desertispora_omaniana	82.9	97.0	89.7	725
PX214985.1	MT832213_Sieverdingia_tortuosa	82.9	92.7	99.6	684
PX214985.1	FR750167_Dentiscutata_heterogama	71.4	91.1	98.5	741
PX214985.1	FR750143_Racocetra_fulgida	70.8	91.7	99.1	737
PX214985.1	JN689226.1_Racocetra_alborosea	70.5	91.7	96.7	735
PX214989.1	FR865445.1_Otospora_bareae	98.0	97.1	91.4	715
PX214989.1	MT832216_Diversispora_insculpta	97.8	93.1	100.0	684
PX214989.1	FN547665_Diversispora_arenaria	93.4	99.7	99.5	738
PX214989.1	EF067888_Diversispora_eburnea	93.2	99.7	99.7	736
PX214989.1	MT832217_Diversispora_epigaea	92.3	93.3	99.6	691
PX214989.1	MT832219_Diversispora_trimurales	92.3	93.5	99.9	689
PX214989.1	AY639235_Diversispora_celata	92.0	99.6	99.6	737
PX214989.1	MT832218_Diversispora_spurca	90.6	93.2	99.3	691
PX214989.1	MT832214_Corymbiglomus_globiferum	85.5	92.6	99.4	688
PX214989.1	MG459208.1_Desertispora_omaniana	85.1	97.1	90.4	723
PX214989.1	MT832215_Redeckera_megalocarpa	84.6	92.6	99.1	690
PX214989.1	KF154769.1_Desertispora_omaniana	83.7	97.0	90.1	725
PX214989.1	MT832213_Sieverdingia_tortuosa	83.1	92.4	99.6	687
PX214989.1	FR750167_Dentiscutata_heterogama	71.4	91.0	98.8	742
PX214989.1	FR750143_Racocetra_fulgida	70.1	91.7	99.6	737
PX214989.1	JN689226.1_Racocetra_alborosea	70.1	91.7	97.1	735
PX214988.1	FR865445.1_Otospora_bareae	98.0	97.3	91.4	714
PX214988.1	MT832216_Diversispora_insculpta	97.8	93.2	100.0	683
PX214988.1	FN547665_Diversispora_arenaria	93.4	99.9	99.5	737
PX214988.1	EF067888_Diversispora_eburnea	93.2	99.9	99.7	735
PX214988.1	MT832217_Diversispora_epigaea	92.3	93.5	99.6	690
PX214988.1	MT832219_Diversispora_trimurales	92.3	93.6	99.9	688
PX214988.1	AY639235_Diversispora_celata	92.0	99.7	99.6	736
PX214988.1	MT832218_Diversispora_spurca	90.6	93.3	99.3	690
PX214988.1	MT832214_Corymbiglomus_globiferum	85.6	92.6	99.3	688
PX214988.1	MG459208.1_Desertispora_omaniana	85.2	97.1	90.2	723
PX214988.1	MT832215_Redeckera_megalocarpa	84.6	92.8	99.1	689
PX214988.1	KF154769.1_Desertispora_omaniana	83.9	97.0	90.0	725
PX214988.1	MT832213_Sieverdingia_tortuosa	83.4	92.5	99.6	686
PX214988.1	FR750167_Dentiscutata_heterogama	71.7	90.9	98.5	743
PX214988.1	FR750143_Racocetra_fulgida	70.4	91.7	99.4	737
PX214988.1	JN689226.1_Racocetra_alborosea	70.3	91.7	97.0	735
PX214991.1	FR865445.1_Otospora_bareae	98.3	97.3	91.4	714
PX214991.1	MT832216_Diversispora_insculpta	98.1	93.2	100.0	683
PX214991.1	EF067888_Diversispora_eburnea	93.5	99.9	99.7	735
PX214991.1	FN547665_Diversispora_arenaria	93.4	99.9	99.5	737
PX214991.1	MT832217_Diversispora_epigaea	92.6	93.5	99.6	690
PX214991.1	MT832219_Diversispora_trimurales	92.3	93.6	99.9	688
PX214991.1	AY639235_Diversispora_celata	92.0	99.7	99.6	736
PX214991.1	MT832218_Diversispora_spurca	90.9	93.3	99.3	690
PX214991.1	MT832214_Corymbiglomus_globiferum	85.3	92.6	99.3	688
PX214991.1	MG459208.1_Desertispora_omaniana	84.9	97.1	90.2	723
PX214991.1	MT832215_Redeckera_megalocarpa	84.9	92.8	99.1	689
PX214991.1	KF154769.1_Desertispora_omaniana	83.6	97.0	90.0	725
PX214991.1	MT832213_Sieverdingia_tortuosa	83.4	92.5	99.6	686
PX214991.1	FR750167_Dentiscutata_heterogama	71.4	91.0	98.7	742
PX214991.1	FR750143_Racocetra_fulgida	70.3	91.7	99.4	737
PX214991.1	JN689226.1_Racocetra_alborosea	70.2	91.7	97.0	735
PX214990.1	FR865445.1_Otospora_bareae	98.0	97.3	91.4	714
PX214990.1	MT832216_Diversispora_insculpta	97.8	93.2	100.0	683
PX214990.1	FN547665_Diversispora_arenaria	93.4	99.9	99.5	737
PX214990.1	EF067888_Diversispora_eburnea	93.2	99.9	99.7	735
PX214990.1	MT832217_Diversispora_epigaea	92.3	93.5	99.6	690
PX214990.1	MT832219_Diversispora_trimurales	92.3	93.6	99.9	688
PX214990.1	AY639235_Diversispora_celata	92.0	99.7	99.6	736
PX214990.1	MT832218_Diversispora_spurca	90.6	93.3	99.3	690
PX214990.1	MT832214_Corymbiglomus_globiferum	85.6	92.6	99.3	688
PX214990.1	MG459208.1_Desertispora_omaniana	85.2	97.1	90.2	723
PX214990.1	MT832215_Redeckera_megalocarpa	84.6	92.8	99.1	689
PX214990.1	KF154769.1_Desertispora_omaniana	83.9	97.0	90.0	725
PX214990.1	MT832213_Sieverdingia_tortuosa	83.4	92.5	99.6	686
PX214990.1	FR750167_Dentiscutata_heterogama	71.7	90.9	98.5	743
PX214990.1	FR750143_Racocetra_fulgida	70.4	91.7	99.4	737
PX214990.1	JN689226.1_Racocetra_alborosea	70.3	91.7	97.0	735
PX214992.1	FR865445.1_Otospora_bareae	98.3	97.3	91.4	714
PX214992.1	MT832216_Diversispora_insculpta	98.1	93.2	100.0	683
PX214992.1	EF067888_Diversispora_eburnea	93.5	99.9	99.7	735
PX214992.1	FN547665_Diversispora_arenaria	93.4	99.9	99.5	737
PX214992.1	MT832217_Diversispora_epigaea	92.6	93.5	99.6	690
PX214992.1	MT832219_Diversispora_trimurales	92.3	93.6	99.9	688
PX214992.1	AY639235_Diversispora_celata	92.0	99.7	99.6	736
PX214992.1	MT832218_Diversispora_spurca	90.9	93.3	99.3	690
PX214992.1	MT832214_Corymbiglomus_globiferum	85.3	92.6	99.3	688
PX214992.1	MG459208.1_Desertispora_omaniana	84.9	97.1	90.2	723
PX214992.1	MT832215_Redeckera_megalocarpa	84.9	92.8	99.1	689
PX214992.1	KF154769.1_Desertispora_omaniana	83.6	97.0	90.0	725
PX214992.1	MT832213_Sieverdingia_tortuosa	83.4	92.5	99.6	686
PX214992.1	FR750167_Dentiscutata_heterogama	71.4	91.0	98.7	742
PX214992.1	FR750143_Racocetra_fulgida	70.3	91.7	99.4	737
PX214992.1	JN689226.1_Racocetra_alborosea	70.2	91.7	97.0	735
PX214994.1	FR865445.1_Otospora_bareae	97.6	97.3	91.4	714
PX214994.1	MT832216_Diversispora_insculpta	97.4	93.2	100.0	683
PX214994.1	FN547665_Diversispora_arenaria	93.2	99.9	99.5	737
PX214994.1	EF067888_Diversispora_eburnea	93.1	99.9	99.7	735
PX214994.1	MT832217_Diversispora_epigaea	92.2	93.5	99.6	690
PX214994.1	MT832219_Diversispora_trimurales	92.2	93.6	99.9	688
PX214994.1	AY639235_Diversispora_celata	91.8	99.7	99.6	736
PX214994.1	MT832218_Diversispora_spurca	90.4	93.3	99.3	690
PX214994.1	MT832214_Corymbiglomus_globiferum	85.2	92.6	99.3	688
PX214994.1	MG459208.1_Desertispora_omaniana	84.8	97.1	90.2	723
PX214994.1	MT832215_Redeckera_megalocarpa	84.5	92.8	99.1	689
PX214994.1	KF154769.1_Desertispora_omaniana	83.7	97.0	90.0	725
PX214994.1	MT832213_Sieverdingia_tortuosa	83.5	92.5	99.6	686
PX214994.1	FR750167_Dentiscutata_heterogama	71.4	91.0	98.7	742
PX214994.1	FR750143_Racocetra_fulgida	70.4	91.7	99.4	737
PX214994.1	JN689226.1_Racocetra_alborosea	70.3	91.7	97.0	735
PX214998.1	FR865445.1_Otospora_bareae	97.8	97.4	91.4	713
PX214998.1	MT832216_Diversispora_insculpta	96.9	93.2	99.9	683
PX214998.1	FN547665_Diversispora_arenaria	93.5	99.9	99.3	737
PX214998.1	EF067888_Diversispora_eburnea	93.2	100.0	99.7	734
PX214998.1	MT832219_Diversispora_trimurales	92.6	93.7	99.9	687
PX214998.1	MT832217_Diversispora_epigaea	92.5	93.6	99.6	689
PX214998.1	AY639235_Diversispora_celata	92.2	99.9	99.6	735
PX214998.1	MT832218_Diversispora_spurca	90.6	93.4	99.3	689
PX214998.1	MT832214_Corymbiglomus_globiferum	85.6	92.8	99.3	687
PX214998.1	MG459208.1_Desertispora_omaniana	84.9	97.1	90.1	723
PX214998.1	MT832215_Redeckera_megalocarpa	84.5	92.8	99.0	689
PX214998.1	KF154769.1_Desertispora_omaniana	83.6	97.0	89.9	725
PX214998.1	MT832213_Sieverdingia_tortuosa	83.2	92.6	99.6	685
PX214998.1	FR750167_Dentiscutata_heterogama	71.6	91.0	98.5	742
PX214998.1	FR750143_Racocetra_fulgida	70.9	91.5	99.1	738
PX214998.1	JN689226.1_Racocetra_alborosea	70.5	91.5	96.7	736
PX214993.1	FR865445.1_Otospora_bareae	98.0	97.3	91.4	714
PX214993.1	MT832216_Diversispora_insculpta	97.8	93.2	100.0	683
PX214993.1	FN547665_Diversispora_arenaria	93.4	99.9	99.5	737
PX214993.1	EF067888_Diversispora_eburnea	93.2	99.9	99.7	735
PX214993.1	MT832217_Diversispora_epigaea	92.3	93.5	99.6	690
PX214993.1	MT832219_Diversispora_trimurales	92.3	93.6	99.9	688
PX214993.1	AY639235_Diversispora_celata	92.0	99.7	99.6	736
PX214993.1	MT832218_Diversispora_spurca	90.6	93.3	99.3	690
PX214993.1	MT832214_Corymbiglomus_globiferum	85.6	92.6	99.3	688
PX214993.1	MG459208.1_Desertispora_omaniana	85.2	97.1	90.2	723
PX214993.1	MT832215_Redeckera_megalocarpa	84.6	92.8	99.1	689
PX214993.1	KF154769.1_Desertispora_omaniana	83.9	97.0	90.0	725
PX214993.1	MT832213_Sieverdingia_tortuosa	83.4	92.5	99.6	686
PX214993.1	FR750167_Dentiscutata_heterogama	71.7	90.9	98.5	743
PX214993.1	FR750143_Racocetra_fulgida	70.4	91.7	99.4	737
PX214993.1	JN689226.1_Racocetra_alborosea	70.3	91.7	97.0	735
PX214995.1	FR865445.1_Otospora_bareae	97.5	97.1	91.3	715
PX214995.1	MT832216_Diversispora_insculpta	97.2	93.0	99.9	684
PX214995.1	EF067888_Diversispora_eburnea	92.8	99.9	99.7	735
PX214995.1	FN547665_Diversispora_arenaria	92.3	99.9	99.5	737
PX214995.1	MT832217_Diversispora_epigaea	92.0	93.6	99.7	689
PX214995.1	MT832219_Diversispora_trimurales	91.9	93.5	99.7	689
PX214995.1	AY639235_Diversispora_celata	91.7	99.7	99.6	736
PX214995.1	MT832218_Diversispora_spurca	90.1	93.3	99.3	690
PX214995.1	MT832214_Corymbiglomus_globiferum	85.0	92.8	99.4	687
PX214995.1	MG459208.1_Desertispora_omaniana	84.8	97.0	90.1	724
PX214995.1	MT832215_Redeckera_megalocarpa	84.2	92.9	99.3	688
PX214995.1	KF154769.1_Desertispora_omaniana	83.5	96.9	89.9	726
PX214995.1	MT832213_Sieverdingia_tortuosa	83.1	92.5	99.6	686
PX214995.1	FR750167_Dentiscutata_heterogama	71.7	91.5	99.3	738
PX214995.1	JN689226.1_Racocetra_alborosea	70.4	91.0	96.2	740
PX214995.1	JN971073.1_Intraornatospora_intraornata	70.0	90.3	98.5	731
PX214997.1	FR865445.1_Otospora_bareae	97.9	97.3	91.4	714
PX214997.1	MT832216_Diversispora_insculpta	97.7	93.2	100.0	683
PX214997.1	FN547665_Diversispora_arenaria	93.2	99.9	99.5	737
PX214997.1	EF067888_Diversispora_eburnea	93.1	99.9	99.7	735
PX214997.1	MT832217_Diversispora_epigaea	92.2	93.5	99.6	690
PX214997.1	MT832219_Diversispora_trimurales	92.2	93.6	99.9	688
PX214997.1	AY639235_Diversispora_celata	91.8	99.7	99.6	736
PX214997.1	MT832218_Diversispora_spurca	90.4	93.3	99.3	690
PX214997.1	MG459208.1_Desertispora_omaniana	85.5	97.1	90.2	723
PX214997.1	MT832214_Corymbiglomus_globiferum	85.2	92.6	99.3	688
PX214997.1	MT832215_Redeckera_megalocarpa	84.6	92.8	99.1	689
PX214997.1	KF154769.1_Desertispora_omaniana	84.1	97.0	90.0	725
PX214997.1	MT832213_Sieverdingia_tortuosa	83.2	92.5	99.6	686
PX214997.1	FR750167_Dentiscutata_heterogama	71.3	91.0	98.7	742
PX214997.1	FR750143_Racocetra_fulgida	70.1	91.7	99.4	737
PX214997.1	JN689226.1_Racocetra_alborosea	70.1	91.7	97.0	735
PX214999.1	FR865445.1_Otospora_bareae	97.3	97.4	91.4	713
PX214999.1	MT832216_Diversispora_insculpta	96.8	93.2	99.9	683
PX214999.1	FN547665_Diversispora_arenaria	93.1	99.9	99.3	737
PX214999.1	EF067888_Diversispora_eburnea	92.9	100.0	99.7	734
PX214999.1	MT832217_Diversispora_epigaea	92.2	93.6	99.6	689
PX214999.1	MT832219_Diversispora_trimurales	92.1	93.7	99.9	687
PX214999.1	AY639235_Diversispora_celata	91.8	99.9	99.6	735
PX214999.1	MT832218_Diversispora_spurca	90.4	93.4	99.3	689
PX214999.1	MT832214_Corymbiglomus_globiferum	85.2	92.8	99.3	687
PX214999.1	MG459208.1_Desertispora_omaniana	84.4	97.1	90.1	723
PX214999.1	MT832215_Redeckera_megalocarpa	84.0	92.8	99.0	689
PX214999.1	KF154769.1_Desertispora_omaniana	83.0	97.0	89.9	725
PX214999.1	MT832213_Sieverdingia_tortuosa	82.8	92.6	99.6	685
PX214999.1	FR750167_Dentiscutata_heterogama	71.2	91.0	98.5	742
PX214999.1	FR750143_Racocetra_fulgida	70.7	91.7	99.3	737
PX214999.1	JN689226.1_Racocetra_alborosea	70.3	91.7	96.8	735
PX214996.1	FR865445.1_Otospora_bareae	97.6	97.1	91.3	715
PX214996.1	MT832216_Diversispora_insculpta	97.4	93.0	99.9	684
PX214996.1	EF067888_Diversispora_eburnea	92.9	99.9	99.7	735
PX214996.1	FN547665_Diversispora_arenaria	92.4	99.9	99.5	737
PX214996.1	MT832217_Diversispora_epigaea	92.2	93.6	99.7	689
PX214996.1	MT832219_Diversispora_trimurales	92.0	93.5	99.7	689
PX214996.1	AY639235_Diversispora_celata	91.8	99.7	99.6	736
PX214996.1	MT832218_Diversispora_spurca	90.3	93.3	99.3	690
PX214996.1	MT832214_Corymbiglomus_globiferum	85.2	92.8	99.4	687
PX214996.1	MG459208.1_Desertispora_omaniana	84.9	97.0	90.1	724
PX214996.1	MT832215_Redeckera_megalocarpa	84.3	92.9	99.3	688
PX214996.1	KF154769.1_Desertispora_omaniana	83.6	96.9	89.9	726
PX214996.1	MT832213_Sieverdingia_tortuosa	83.2	92.5	99.6	686
PX214996.1	FR750167_Dentiscutata_heterogama	71.8	91.5	99.3	738
PX214996.1	JN689226.1_Racocetra_alborosea	70.5	91.0	96.2	740
PX214996.1	JN971076.1_Paradentiscutata_martima	70.3	91.7	99.0	738
PX215000.1	FR865445.1_Otospora_bareae	97.3	97.4	91.4	713
PX215000.1	MT832216_Diversispora_insculpta	96.8	93.2	99.9	683
PX215000.1	FN547665_Diversispora_arenaria	93.1	99.9	99.3	737
PX215000.1	EF067888_Diversispora_eburnea	92.9	100.0	99.7	734
PX215000.1	MT832217_Diversispora_epigaea	92.2	93.6	99.6	689
PX215000.1	MT832219_Diversispora_trimurales	92.1	93.7	99.9	687
PX215000.1	AY639235_Diversispora_celata	91.8	99.9	99.6	735
PX215000.1	MT832218_Diversispora_spurca	90.4	93.4	99.3	689
PX215000.1	MT832214_Corymbiglomus_globiferum	85.2	92.8	99.3	687
PX215000.1	MG459208.1_Desertispora_omaniana	84.4	97.1	90.1	723
PX215000.1	MT832215_Redeckera_megalocarpa	84.0	92.8	99.0	689
PX215000.1	KF154769.1_Desertispora_omaniana	83.0	97.0	89.9	725
PX215000.1	MT832213_Sieverdingia_tortuosa	82.8	92.6	99.6	685
PX215000.1	FR750167_Dentiscutata_heterogama	71.2	91.0	98.5	742
PX215000.1	FR750143_Racocetra_fulgida	70.7	91.7	99.3	737
PX215000.1	JN689226.1_Racocetra_alborosea	70.3	91.7	96.8	735
PX215003.1	FR865445.1_Otospora_bareae	98.0	97.4	91.4	713
PX215003.1	MT832216_Diversispora_insculpta	97.2	93.2	99.9	683
PX215003.1	FN547665_Diversispora_arenaria	93.8	99.9	99.3	737
PX215003.1	EF067888_Diversispora_eburnea	93.5	100.0	99.7	734
PX215003.1	MT832219_Diversispora_trimurales	92.9	93.7	99.9	687
PX215003.1	MT832217_Diversispora_epigaea	92.7	93.6	99.6	689
PX215003.1	AY639235_Diversispora_celata	92.5	99.9	99.6	735
PX215003.1	MT832218_Diversispora_spurca	90.9	93.4	99.3	689
PX215003.1	MT832214_Corymbiglomus_globiferum	85.9	92.8	99.3	687
PX215003.1	MG459208.1_Desertispora_omaniana	84.8	97.1	90.1	723
PX215003.1	MT832215_Redeckera_megalocarpa	84.8	92.8	99.0	689
PX215003.1	MT832213_Sieverdingia_tortuosa	83.5	92.6	99.6	685
PX215003.1	KF154769.1_Desertispora_omaniana	83.4	97.0	89.9	725
PX215003.1	FR750167_Dentiscutata_heterogama	71.4	91.0	98.5	742
PX215003.1	FR750143_Racocetra_fulgida	71.0	91.5	99.1	738
PX215003.1	JN689226.1_Racocetra_alborosea	70.7	91.5	96.7	736
PX215001.1	FR865445.1_Otospora_bareae	97.8	97.0	91.4	716
PX215001.1	MT832216_Diversispora_insculpta	97.5	92.9	100.0	685
PX215001.1	FN547665_Diversispora_arenaria	93.1	99.6	99.5	739
PX215001.1	EF067888_Diversispora_eburnea	92.4	99.7	99.9	736
PX215001.1	MT832219_Diversispora_trimurales	92.0	93.3	99.9	690
PX215001.1	MT832217_Diversispora_epigaea	91.8	93.3	99.7	691
PX215001.1	AY639235_Diversispora_celata	91.7	99.5	99.6	738
PX215001.1	MT832218_Diversispora_spurca	89.6	93.2	99.4	691
PX215001.1	MG459208.1_Desertispora_omaniana	85.2	97.0	90.4	724
PX215001.1	MT832214_Corymbiglomus_globiferum	85.2	92.7	99.6	688
PX215001.1	MT832215_Redeckera_megalocarpa	84.3	92.7	99.3	690
PX215001.1	KF154769.1_Desertispora_omaniana	83.9	96.9	90.1	726
PX215001.1	MT832213_Sieverdingia_tortuosa	83.1	92.2	99.6	688
PX215001.1	FR750167_Dentiscutata_heterogama	72.0	91.4	99.4	739
PX215001.1	JN971076.1_Paradentiscutata_martima	70.2	91.6	99.1	739
PX215001.1	JN971073.1_Intraornatospora_intraornata	70.2	90.2	98.7	731
PX215004.1	FR865445.1_Otospora_bareae	98.0	97.4	91.4	713
PX215004.1	MT832216_Diversispora_insculpta	97.2	93.2	99.9	683
PX215004.1	FN547665_Diversispora_arenaria	93.8	99.9	99.3	737
PX215004.1	EF067888_Diversispora_eburnea	93.5	100.0	99.7	734
PX215004.1	MT832219_Diversispora_trimurales	92.9	93.7	99.9	687
PX215004.1	MT832217_Diversispora_epigaea	92.7	93.6	99.6	689
PX215004.1	AY639235_Diversispora_celata	92.5	99.9	99.6	735
PX215004.1	MT832218_Diversispora_spurca	90.9	93.4	99.3	689
PX215004.1	MT832214_Corymbiglomus_globiferum	85.9	92.8	99.3	687
PX215004.1	MG459208.1_Desertispora_omaniana	84.8	97.1	90.1	723
PX215004.1	MT832215_Redeckera_megalocarpa	84.8	92.8	99.0	689
PX215004.1	MT832213_Sieverdingia_tortuosa	83.5	92.6	99.6	685
PX215004.1	KF154769.1_Desertispora_omaniana	83.4	97.0	89.9	725
PX215004.1	FR750167_Dentiscutata_heterogama	71.4	91.0	98.5	742
PX215004.1	FR750143_Racocetra_fulgida	71.0	91.5	99.1	738
PX215004.1	JN689226.1_Racocetra_alborosea	70.7	91.5	96.7	736
PX215008.1	FN547665_Diversispora_arenaria	95.8	99.7	100.0	738
PX215008.1	FR865445.1_Otospora_bareae	92.8	96.6	91.4	719
PX215008.1	EF067888_Diversispora_eburnea	92.1	99.5	100.0	738
PX215008.1	MT832216_Diversispora_insculpta	91.7	92.5	100.0	688
PX215008.1	AY639235_Diversispora_celata	91.5	99.2	99.7	740
PX215008.1	MT832219_Diversispora_trimurales	91.5	93.1	100.0	692
PX215008.1	MT832218_Diversispora_spurca	90.0	93.0	99.6	693
PX215008.1	MT832217_Diversispora_epigaea	89.6	93.1	99.9	693
PX215008.1	MT832215_Redeckera_megalocarpa	83.8	92.7	99.7	690
PX215008.1	MG459208.1_Desertispora_omaniana	83.3	96.9	90.6	725
PX215008.1	MT832214_Corymbiglomus_globiferum	82.6	92.3	99.6	691
PX215008.1	KF154769.1_Desertispora_omaniana	82.5	96.9	90.5	726
PX215008.1	MT832213_Sieverdingia_tortuosa	82.0	92.0	99.7	690
PX215008.1	FR750167_Dentiscutata_heterogama	71.7	91.2	99.6	741
PX215008.1	JN689226.1_Racocetra_alborosea	70.9	91.1	97.0	740
PX215008.1	JN971073.1_Intraornatospora_intraornata	70.4	89.8	98.7	734
PX215002.1	FR865445.1_Otospora_bareae	97.8	97.0	91.4	716
PX215002.1	MT832216_Diversispora_insculpta	97.5	92.9	100.0	685
PX215002.1	EF067888_Diversispora_eburnea	92.5	99.7	99.9	736
PX215002.1	FN547665_Diversispora_arenaria	92.4	99.7	99.6	738
PX215002.1	MT832219_Diversispora_trimurales	92.0	93.3	99.9	690
PX215002.1	MT832217_Diversispora_epigaea	91.9	93.3	99.7	691
PX215002.1	AY639235_Diversispora_celata	91.7	99.5	99.6	738
PX215002.1	MT832218_Diversispora_spurca	89.7	93.2	99.4	691
PX215002.1	MG459208.1_Desertispora_omaniana	85.2	97.0	90.4	724
PX215002.1	MT832214_Corymbiglomus_globiferum	85.0	92.7	99.6	688
PX215002.1	MT832215_Redeckera_megalocarpa	84.6	92.7	99.3	690
PX215002.1	KF154769.1_Desertispora_omaniana	83.9	96.9	90.1	726
PX215002.1	MT832213_Sieverdingia_tortuosa	83.3	92.2	99.6	688
PX215002.1	FR750167_Dentiscutata_heterogama	72.1	91.4	99.4	739
PX215002.1	JN971076.1_Paradentiscutata_martima	70.4	91.6	99.1	739
PX215002.1	JN971073.1_Intraornatospora_intraornata	70.3	90.2	98.7	731
PX215009.1	FN547665_Diversispora_arenaria	95.4	99.6	100.0	739
PX215009.1	EF067888_Diversispora_eburnea	93.0	99.3	100.0	739
PX215009.1	FR865445.1_Otospora_bareae	92.5	96.5	91.4	720
PX215009.1	AY639235_Diversispora_celata	92.3	99.1	99.7	741
PX215009.1	MT832219_Diversispora_trimurales	92.1	93.0	100.0	693
PX215009.1	MT832216_Diversispora_insculpta	91.4	92.4	100.0	689
PX215009.1	MT832218_Diversispora_spurca	90.0	93.0	99.7	693
PX215009.1	MT832217_Diversispora_epigaea	89.9	93.1	100.0	693
PX215009.1	MT832215_Redeckera_megalocarpa	84.6	92.7	99.9	690
PX215009.1	MG459208.1_Desertispora_omaniana	84.3	96.9	90.7	725
PX215009.1	MT832213_Sieverdingia_tortuosa	83.5	91.9	99.7	691
PX215009.1	MT832214_Corymbiglomus_globiferum	82.9	92.3	99.7	691
PX215009.1	KF154769.1_Desertispora_omaniana	82.9	96.9	90.6	726
PX215009.1	FR750149_Scutellospora_spinosissima	72.4	91.1	99.4	743
PX215009.1	FR750167_Dentiscutata_heterogama	71.4	91.1	99.6	742
PX215009.1	JN971073.1_Intraornatospora_intraornata	70.6	89.7	98.7	735
PX215010.1	FN547665_Diversispora_arenaria	95.3	99.6	99.7	739
PX215010.1	EF067888_Diversispora_eburnea	93.2	99.6	100.0	737
PX215010.1	FR865445.1_Otospora_bareae	92.8	96.7	91.4	718
PX215010.1	AY639235_Diversispora_celata	92.6	99.3	99.7	739
PX215010.1	MT832219_Diversispora_trimurales	92.3	93.2	100.0	691
PX215010.1	MT832216_Diversispora_insculpta	91.7	92.7	100.0	687
PX215010.1	MT832218_Diversispora_spurca	90.3	93.2	99.7	691
PX215010.1	MT832217_Diversispora_epigaea	90.2	93.4	100.0	691
PX215010.1	MT832215_Redeckera_megalocarpa	84.6	92.7	99.6	690
PX215010.1	MG459208.1_Desertispora_omaniana	84.1	96.9	90.5	725
PX215010.1	MT832213_Sieverdingia_tortuosa	83.7	92.1	99.7	689
PX215010.1	MT832214_Corymbiglomus_globiferum	83.0	92.4	99.6	690
PX215010.1	KF154769.1_Desertispora_omaniana	82.8	96.7	90.3	727
PX215010.1	FR750167_Dentiscutata_heterogama	71.6	91.3	99.6	740
PX215010.1	JN689226.1_Racocetra_alborosea	71.2	91.2	97.0	739
PX215010.1	JN971073.1_Intraornatospora_intraornata	70.8	90.0	98.7	733
PX215013.1	MT832211_Acaulospora_morrowiae	95.3	92.6	100.0	653
PX215013.1	MT832212_Acaulospora_dilatata	94.9	92.3	100.0	653
PX215013.1	MT832209_Acaulospora_delicata	94.8	92.3	100.0	653
PX215013.1	MT832210_Acaulospora_spe	94.2	92.2	100.0	653
PX215013.1	FM876790_Acaulospora_cavernata	89.2	99.4	99.9	704
PX215013.1	FM876793_Acalospora_sieverdingii	88.1	99.4	99.9	704
PX215013.1	MT832203_Acaulospora_cavernata	87.5	92.9	99.5	656
PX215013.1	MT832204_Acaulospora_kentinensis	87.4	92.2	99.2	658
PX215013.1	MT832205_Acaulospora_kentinensis	87.4	92.2	99.4	657
PX215013.1	MT832202_Acaulospora_elegans	87.2	92.9	99.4	657
PX215013.1	AY639265_Acaulospora_paulinae	86.4	99.4	99.7	705
PX215013.1	FR750155_Acaulospora_spinosa	85.7	99.4	99.7	705
PX215013.1	MT832206_Acaulospora_spinosa	85.0	92.2	99.7	655
PX215013.1	MT832200_Acaulospora_lacunosa	84.1	89.3	99.8	654
PX215013.1	FN825908_Acaulospora_brasiliansis	83.3	96.2	99.7	705
PX215013.1	MT832201_Acaulospora_foveata	82.4	88.2	99.8	654
PX215007.1	FN547665_Diversispora_arenaria	95.0	99.6	99.9	739
PX215007.1	FR865445.1_Otospora_bareae	92.4	96.5	91.3	720
PX215007.1	EF067888_Diversispora_eburnea	91.6	99.3	99.9	739
PX215007.1	MT832216_Diversispora_insculpta	91.3	92.4	99.9	689
PX215007.1	AY639235_Diversispora_celata	91.2	99.1	99.6	741
PX215007.1	MT832219_Diversispora_trimurales	91.2	93.0	99.9	693
PX215007.1	MT832218_Diversispora_spurca	90.0	93.0	99.6	693
PX215007.1	MT832217_Diversispora_epigaea	89.8	93.1	99.9	693
PX215007.1	MT832215_Redeckera_megalocarpa	83.3	92.7	99.7	690
PX215007.1	MG459208.1_Desertispora_omaniana	82.9	96.9	90.6	725
PX215007.1	MT832214_Corymbiglomus_globiferum	82.7	92.1	99.4	692
PX215007.1	MT832213_Sieverdingia_tortuosa	82.3	91.9	99.6	691
PX215007.1	KF154769.1_Desertispora_omaniana	82.0	96.7	90.4	727
PX215007.1	FR750167_Dentiscutata_heterogama	71.8	91.1	99.4	742
PX215007.1	JN689226.1_Racocetra_alborosea	70.9	91.1	97.0	740
PX215007.1	JN971073.1_Intraornatospora_intraornata	70.3	89.7	98.5	735
PX215006.1	FN547665_Diversispora_arenaria	95.7	99.7	100.0	738
PX215006.1	FR865445.1_Otospora_bareae	92.4	96.6	91.4	719
PX215006.1	EF067888_Diversispora_eburnea	91.7	99.5	100.0	738
PX215006.1	MT832219_Diversispora_trimurales	91.5	93.1	100.0	692
PX215006.1	AY639235_Diversispora_celata	91.4	99.2	99.7	740
PX215006.1	MT832216_Diversispora_insculpta	91.3	92.5	100.0	688
PX215006.1	MT832218_Diversispora_spurca	89.8	93.0	99.6	693
PX215006.1	MT832217_Diversispora_epigaea	89.6	93.1	99.9	693
PX215006.1	MT832215_Redeckera_megalocarpa	84.1	92.7	99.7	690
PX215006.1	MG459208.1_Desertispora_omaniana	83.9	96.9	90.6	725
PX215006.1	MT832214_Corymbiglomus_globiferum	82.9	92.3	99.6	691
PX215006.1	KF154769.1_Desertispora_omaniana	82.8	96.9	90.5	726
PX215006.1	MT832213_Sieverdingia_tortuosa	82.3	92.0	99.7	690
PX215006.1	FR750155_Acaulospora_spinosa	71.9	94.6	99.6	741
PX215006.1	FR750167_Dentiscutata_heterogama	71.5	91.2	99.6	741
PX215006.1	JN971073.1_Intraornatospora_intraornata	70.3	89.8	98.7	734
PX215005.1	FR865445.1_Otospora_bareae	98.2	97.4	91.4	713
PX215005.1	MT832216_Diversispora_insculpta	97.4	93.2	99.9	683
PX215005.1	FN547665_Diversispora_arenaria	92.9	99.9	99.3	737
PX215005.1	EF067888_Diversispora_eburnea	92.6	100.0	99.7	734
PX215005.1	MT832217_Diversispora_epigaea	92.2	93.6	99.6	689
PX215005.1	MT832219_Diversispora_trimurales	92.0	93.7	99.9	687
PX215005.1	AY639235_Diversispora_celata	91.4	99.9	99.6	735
PX215005.1	MT832218_Diversispora_spurca	90.6	93.4	99.3	689
PX215005.1	MT832214_Corymbiglomus_globiferum	84.9	92.8	99.3	687
PX215005.1	MT832215_Redeckera_megalocarpa	84.6	92.8	99.0	689
PX215005.1	MG459208.1_Desertispora_omaniana	84.4	97.1	90.1	723
PX215005.1	KF154769.1_Desertispora_omaniana	82.8	97.0	89.9	725
PX215005.1	MT832213_Sieverdingia_tortuosa	82.6	92.6	99.6	685
PX215005.1	FR750167_Dentiscutata_heterogama	71.4	91.0	98.5	742
PX215005.1	FR750143_Racocetra_fulgida	71.0	91.5	99.1	738
PX215005.1	JN689226.1_Racocetra_alborosea	70.7	91.5	96.7	736
PX215012.1	FN547665_Diversispora_arenaria	95.3	99.5	99.7	740
PX215012.1	EF067888_Diversispora_eburnea	93.1	99.5	100.0	738
PX215012.1	FR865445.1_Otospora_bareae	92.6	96.6	91.4	719
PX215012.1	AY639235_Diversispora_celata	92.4	99.2	99.7	740
PX215012.1	MT832219_Diversispora_trimurales	92.2	93.1	100.0	692
PX215012.1	MT832216_Diversispora_insculpta	91.4	92.5	100.0	688
PX215012.1	MT832217_Diversispora_epigaea	90.6	93.1	99.9	693
PX215012.1	MT832218_Diversispora_spurca	90.0	93.1	99.7	692
PX215012.1	MT832215_Redeckera_megalocarpa	84.4	92.5	99.6	691
PX215012.1	MG459208.1_Desertispora_omaniana	83.9	96.7	90.5	726
PX215012.1	MT832213_Sieverdingia_tortuosa	83.3	92.0	99.7	690
PX215012.1	MT832214_Corymbiglomus_globiferum	82.8	92.3	99.6	691
PX215012.1	KF154769.1_Desertispora_omaniana	82.6	96.6	90.3	728
PX215012.1	FR750149_Scutellospora_spinosissima	72.5	91.2	99.4	742
PX215012.1	FR750167_Dentiscutata_heterogama	71.4	91.2	99.6	741
PX215012.1	JN971073.1_Intraornatospora_intraornata	71.0	89.7	98.5	735
PX215011.1	FN547665_Diversispora_arenaria	95.5	99.7	99.7	738
PX215011.1	EF067888_Diversispora_eburnea	93.5	99.7	100.0	736
PX215011.1	FR865445.1_Otospora_bareae	93.0	96.9	91.4	717
PX215011.1	AY639235_Diversispora_celata	92.8	99.5	99.7	738
PX215011.1	MT832219_Diversispora_trimurales	92.6	93.3	100.0	690
PX215011.1	MT832216_Diversispora_insculpta	91.8	92.8	100.0	686
PX215011.1	MT832217_Diversispora_epigaea	90.6	93.5	100.0	690
PX215011.1	MT832218_Diversispora_spurca	90.6	93.3	99.7	690
PX215011.1	MT832215_Redeckera_megalocarpa	84.6	92.8	99.6	689
PX215011.1	MT832213_Sieverdingia_tortuosa	83.9	92.3	99.7	688
PX215011.1	MG459208.1_Desertispora_omaniana	83.8	97.0	90.5	724
PX215011.1	MT832214_Corymbiglomus_globiferum	83.2	92.5	99.6	689
PX215011.1	KF154769.1_Desertispora_omaniana	82.5	96.9	90.3	726
PX215011.1	FR750167_Dentiscutata_heterogama	72.3	91.4	99.6	739
PX215011.1	JN689226.1_Racocetra_alborosea	72.1	91.3	97.0	738
PX215011.1	JN971073.1_Intraornatospora_intraornata	72.0	90.1	98.7	732
PX215015.1	MT832211_Acaulospora_morrowiae	95.5	92.9	99.8	651
PX215015.1	MT832212_Acaulospora_dilatata	95.5	92.7	100.0	650
PX215015.1	MT832209_Acaulospora_delicata	94.8	92.7	100.0	650
PX215015.1	MT832210_Acaulospora_spe	94.3	92.6	100.0	650
PX215015.1	FM876790_Acaulospora_cavernata	89.2	99.9	99.9	701
PX215015.1	FM876793_Acalospora_sieverdingii	87.7	99.9	99.9	701
PX215015.1	MT832205_Acaulospora_kentinensis	87.5	92.6	99.4	654
PX215015.1	MT832203_Acaulospora_cavernata	87.3	92.9	99.1	656
PX215015.1	MT832204_Acaulospora_kentinensis	87.2	92.6	99.2	655
PX215015.1	MT832202_Acaulospora_elegans	86.9	92.9	98.9	657
PX215015.1	AY639265_Acaulospora_paulinae	86.0	99.9	99.7	702
PX215015.1	FR750155_Acaulospora_spinosa	85.5	99.6	99.4	704
PX215015.1	MT832200_Acaulospora_lacunosa	84.9	89.7	99.8	651
PX215015.1	MT832206_Acaulospora_spinosa	84.9	92.3	99.4	654
PX215015.1	FN825908_Acaulospora_brasiliansis	83.4	96.4	99.6	703
PX215015.1	MT832201_Acaulospora_foveata	82.8	88.6	99.8	651
PX215014.1	MT832211_Acaulospora_morrowiae	95.9	92.9	100.0	651
PX215014.1	MT832212_Acaulospora_dilatata	95.5	92.6	100.0	651
PX215014.1	MT832209_Acaulospora_delicata	94.8	92.6	100.0	651
PX215014.1	MT832210_Acaulospora_spe	94.2	92.4	100.0	651
PX215014.1	FM876790_Acaulospora_cavernata	89.3	99.7	99.9	702
PX215014.1	FM876793_Acalospora_sieverdingii	87.9	99.7	99.9	702
PX215014.1	MT832205_Acaulospora_kentinensis	87.6	92.4	99.4	655
PX215014.1	MT832203_Acaulospora_cavernata	87.5	92.9	99.2	656
PX215014.1	MT832204_Acaulospora_kentinensis	87.3	92.4	99.2	656
PX215014.1	MT832202_Acaulospora_elegans	87.2	92.9	99.1	657
PX215014.1	AY639265_Acaulospora_paulinae	86.2	99.7	99.7	703
PX215014.1	FR750155_Acaulospora_spinosa	85.7	99.4	99.4	705
PX215014.1	MT832206_Acaulospora_spinosa	85.0	92.2	99.4	655
PX215014.1	MT832200_Acaulospora_lacunosa	84.8	89.6	99.8	652
PX215014.1	FN825908_Acaulospora_brasiliansis	83.2	96.4	99.7	703
PX215014.1	MT832201_Acaulospora_foveata	83.0	88.4	99.8	652
PX215016.1	MT832211_Acaulospora_morrowiae	96.0	92.9	100.0	651
PX215016.1	MT832212_Acaulospora_dilatata	96.0	92.6	100.0	651
PX215016.1	MT832209_Acaulospora_delicata	94.9	92.6	100.0	651
PX215016.1	MT832210_Acaulospora_spe	94.9	92.4	100.0	651
PX215016.1	FM876790_Acaulospora_cavernata	89.6	99.7	99.9	702
PX215016.1	FM876793_Acalospora_sieverdingii	88.2	99.7	99.9	702
PX215016.1	MT832203_Acaulospora_cavernata	87.8	92.9	99.2	656
PX215016.1	MT832205_Acaulospora_kentinensis	87.8	92.4	99.4	655
PX215016.1	MT832202_Acaulospora_elegans	87.5	92.9	99.1	657
PX215016.1	MT832204_Acaulospora_kentinensis	87.5	92.4	99.2	656
PX215016.1	AY639265_Acaulospora_paulinae	86.5	99.7	99.7	703
PX215016.1	FR750155_Acaulospora_spinosa	86.2	99.4	99.4	705
PX215016.1	MT832206_Acaulospora_spinosa	85.0	92.2	99.4	655
PX215016.1	MT832200_Acaulospora_lacunosa	84.5	89.6	99.8	652
PX215016.1	FN825908_Acaulospora_brasiliansis	83.5	96.4	99.7	703
PX215016.1	MT832201_Acaulospora_foveata	83.0	88.4	99.8	652
PX215018.1	MT832211_Acaulospora_morrowiae	96.2	92.7	100.0	652
PX215018.1	MT832212_Acaulospora_dilatata	95.9	92.5	100.0	652
PX215018.1	MT832209_Acaulospora_delicata	94.8	92.5	100.0	652
PX215018.1	MT832210_Acaulospora_spe	94.0	92.3	100.0	652
PX215018.1	FM876790_Acaulospora_cavernata	89.5	99.6	99.9	703
PX215018.1	FM876793_Acalospora_sieverdingii	88.1	99.6	99.9	703
PX215018.1	MT832205_Acaulospora_kentinensis	87.8	92.3	99.4	656
PX215018.1	MT832203_Acaulospora_cavernata	87.7	92.7	99.2	657
PX215018.1	MT832204_Acaulospora_kentinensis	87.5	92.3	99.2	657
PX215018.1	MT832202_Acaulospora_elegans	87.4	92.7	99.1	658
PX215018.1	AY639265_Acaulospora_paulinae	86.4	99.6	99.7	704
PX215018.1	FR750155_Acaulospora_spinosa	85.8	99.3	99.4	706
PX215018.1	MT832206_Acaulospora_spinosa	84.6	92.0	99.4	656
PX215018.1	MT832200_Acaulospora_lacunosa	83.9	89.5	99.8	653
PX215018.1	FN825908_Acaulospora_brasiliansis	83.4	96.3	99.7	704
PX215018.1	MT832201_Acaulospora_foveata	82.2	88.3	99.8	653
PX215017.1	MT832212_Acaulospora_dilatata	96.2	92.6	100.0	651
PX215017.1	MT832211_Acaulospora_morrowiae	95.9	92.7	99.8	652
PX215017.1	MT832210_Acaulospora_spe	95.1	92.4	100.0	651
PX215017.1	MT832209_Acaulospora_delicata	94.5	92.6	100.0	651
PX215017.1	FM876790_Acaulospora_cavernata	89.9	99.7	99.9	702
PX215017.1	FM876793_Acalospora_sieverdingii	89.0	99.7	99.9	702
PX215017.1	MT832205_Acaulospora_kentinensis	88.1	92.4	99.4	655
PX215017.1	MT832203_Acaulospora_cavernata	87.8	92.7	99.1	657
PX215017.1	MT832204_Acaulospora_kentinensis	87.5	92.4	99.2	656
PX215017.1	MT832202_Acaulospora_elegans	87.1	92.7	98.9	658
PX215017.1	AY639265_Acaulospora_paulinae	87.1	99.7	99.7	703
PX215017.1	FR750155_Acaulospora_spinosa	86.0	99.4	99.4	705
PX215017.1	MT832206_Acaulospora_spinosa	84.6	92.2	99.4	655
PX215017.1	MT832200_Acaulospora_lacunosa	84.2	89.6	99.8	652
PX215017.1	FN825908_Acaulospora_brasiliansis	83.8	96.3	99.6	704
PX215017.1	MT832201_Acaulospora_foveata	83.0	88.4	99.8	652
PX215024.1	MT832222_Cetraspora_pellucida	96.3	92.5	100.0	627
PX215024.1	MT832223_Cetraspora_pellucida	95.2	92.5	100.0	627
PX215024.1	JN689226.1_Racocetra_alborosea	95.1	99.7	97.4	676
PX215024.1	FR750143_Racocetra_fulgida	95.0	99.9	100.0	677
PX215024.1	GU385898.1_Racocetra_tropicana	95.0	96.8	99.8	656
PX215024.1	AY900507.1_Racocetra_verrucosa	94.7	96.8	99.8	656
PX215024.1	FR750167_Dentiscutata_heterogama	93.5	99.6	99.7	679
PX215024.1	Y12076.1_Racocetra_castanea	93.5	97.2	96.5	660
PX215024.1	MT832224_Racocetra_fulgida	93.5	92.0	100.0	627
PX215024.1	MT832227_Dentiscutata_erythropus	93.2	92.2	99.7	629
PX215024.1	AF396782_Gigaspora_margarita	92.8	99.7	99.6	680
PX215024.1	FN547573_Gigaspora_rosea	92.6	99.7	99.6	680
PX215024.1	JN971076.1_Paradentiscutata_martima	92.6	99.7	99.4	679
PX215024.1	JN971073.1_Intraornatospora_intraornata	92.6	98.2	99.0	672
PX215024.1	MT832226_Dentiscutata_erythropus	92.5	92.2	99.7	629
PX215024.1	JN971072.1_Paradentiscutata_baiana	92.2	96.2	99.4	657
PX215019.1	MT832211_Acaulospora_morrowiae	95.9	92.7	100.0	652
PX215019.1	MT832212_Acaulospora_dilatata	95.9	92.5	100.0	652
PX215019.1	MT832209_Acaulospora_delicata	94.8	92.5	100.0	652
PX215019.1	MT832210_Acaulospora_spe	94.3	92.3	100.0	652
PX215019.1	FM876790_Acaulospora_cavernata	89.5	99.6	99.9	703
PX215019.1	FM876793_Acalospora_sieverdingii	88.1	99.6	99.9	703
PX215019.1	MT832203_Acaulospora_cavernata	87.7	92.7	99.2	657
PX215019.1	MT832205_Acaulospora_kentinensis	87.7	92.3	99.4	656
PX215019.1	MT832202_Acaulospora_elegans	87.4	92.7	99.1	658
PX215019.1	MT832204_Acaulospora_kentinensis	87.4	92.3	99.2	657
PX215019.1	AY639265_Acaulospora_paulinae	86.4	99.6	99.7	704
PX215019.1	FR750155_Acaulospora_spinosa	85.8	99.3	99.4	706
PX215019.1	MT832206_Acaulospora_spinosa	84.6	92.0	99.4	656
PX215019.1	MT832200_Acaulospora_lacunosa	84.1	89.5	99.8	653
PX215019.1	FN825908_Acaulospora_brasiliansis	83.4	96.3	99.7	704
PX215019.1	MT832201_Acaulospora_foveata	82.5	88.3	99.8	653
PX215020.1	MT832211_Acaulospora_morrowiae	96.2	92.9	100.0	651
PX215020.1	MT832212_Acaulospora_dilatata	96.2	92.6	100.0	651
PX215020.1	MT832209_Acaulospora_delicata	95.1	92.6	100.0	651
PX215020.1	MT832210_Acaulospora_spe	95.1	92.4	100.0	651
PX215020.1	FM876790_Acaulospora_cavernata	89.7	99.7	99.9	702
PX215020.1	FM876793_Acalospora_sieverdingii	88.3	99.7	99.9	702
PX215020.1	MT832203_Acaulospora_cavernata	88.0	92.9	99.2	656
PX215020.1	MT832205_Acaulospora_kentinensis	87.9	92.4	99.4	655
PX215020.1	MT832202_Acaulospora_elegans	87.7	92.9	99.1	657
PX215020.1	MT832204_Acaulospora_kentinensis	87.7	92.4	99.2	656
PX215020.1	AY639265_Acaulospora_paulinae	86.6	99.7	99.7	703
PX215020.1	FR750155_Acaulospora_spinosa	86.4	99.4	99.4	705
PX215020.1	MT832206_Acaulospora_spinosa	85.2	92.2	99.4	655
PX215020.1	MT832200_Acaulospora_lacunosa	84.7	89.6	99.8	652
PX215020.1	FN825908_Acaulospora_brasiliansis	83.6	96.4	99.7	703
PX215020.1	MT832201_Acaulospora_foveata	83.1	88.4	99.8	652
PX215023.1	MT832222_Cetraspora_pellucida	95.5	92.5	100.0	627
PX215023.1	MT832223_Cetraspora_pellucida	94.9	92.5	100.0	627
PX215023.1	JN689226.1_Racocetra_alborosea	94.5	99.7	97.4	676
PX215023.1	FR750143_Racocetra_fulgida	94.4	99.9	100.0	677
PX215023.1	GU385898.1_Racocetra_tropicana	94.4	96.8	99.8	656
PX215023.1	AY900507.1_Racocetra_verrucosa	94.1	96.8	99.8	656
PX215023.1	Y12076.1_Racocetra_castanea	92.9	97.2	96.5	660
PX215023.1	MT832224_Racocetra_fulgida	92.8	92.0	100.0	627
PX215023.1	FR750167_Dentiscutata_heterogama	92.8	99.6	99.7	679
PX215023.1	AF396782_Gigaspora_margarita	92.2	99.7	99.6	680
PX215023.1	JN971076.1_Paradentiscutata_martima	92.2	99.7	99.4	679
PX215023.1	FN547573_Gigaspora_rosea	92.1	99.7	99.6	680
PX215023.1	JN971073.1_Intraornatospora_intraornata	91.8	98.2	99.0	672
PX215023.1	JQ231201.1_Paradentiscutata_baiana	90.3	97.0	99.7	660
PX215023.1	HQ871519.1_Orbispora_pernambucana	90.2	100.0	98.7	684
PX215023.1	FR750149_Scutellospora_spinosissima	90.1	99.9	99.9	678
PX215021.1	MT832211_Acaulospora_morrowiae	96.3	92.9	100.0	651
PX215021.1	MT832212_Acaulospora_dilatata	96.3	92.6	100.0	651
PX215021.1	MT832209_Acaulospora_delicata	94.9	92.6	100.0	651
PX215021.1	MT832210_Acaulospora_spe	94.9	92.4	100.0	651
PX215021.1	FM876790_Acaulospora_cavernata	89.6	99.7	99.9	702
PX215021.1	FM876793_Acalospora_sieverdingii	88.2	99.7	99.9	702
PX215021.1	MT832203_Acaulospora_cavernata	88.1	92.9	99.2	656
PX215021.1	MT832205_Acaulospora_kentinensis	88.1	92.4	99.4	655
PX215021.1	MT832202_Acaulospora_elegans	87.8	92.9	99.1	657
PX215021.1	MT832204_Acaulospora_kentinensis	87.8	92.4	99.2	656
PX215021.1	FR750155_Acaulospora_spinosa	86.5	99.4	99.4	705
PX215021.1	AY639265_Acaulospora_paulinae	86.5	99.7	99.7	703
PX215021.1	MT832206_Acaulospora_spinosa	85.3	92.2	99.4	655
PX215021.1	MT832200_Acaulospora_lacunosa	84.5	89.6	99.8	652
PX215021.1	FN825908_Acaulospora_brasiliansis	83.5	96.4	99.7	703
PX215021.1	MT832201_Acaulospora_foveata	83.0	88.4	99.8	652
PX215022.1	MT832211_Acaulospora_morrowiae	95.9	92.9	100.0	651
PX215022.1	MT832212_Acaulospora_dilatata	95.9	92.6	100.0	651
PX215022.1	MT832209_Acaulospora_delicata	94.5	92.6	100.0	651
PX215022.1	MT832210_Acaulospora_spe	94.5	92.4	100.0	651
PX215022.1	FM876790_Acaulospora_cavernata	89.3	99.7	99.9	702
PX215022.1	MT832203_Acaulospora_cavernata	88.0	92.9	99.2	656
PX215022.1	FM876793_Acalospora_sieverdingii	87.9	99.7	99.9	702
PX215022.1	MT832202_Acaulospora_elegans	87.7	92.9	99.1	657
PX215022.1	MT832205_Acaulospora_kentinensis	87.6	92.4	99.4	655
PX215022.1	MT832204_Acaulospora_kentinensis	87.3	92.4	99.2	656
PX215022.1	FR750155_Acaulospora_spinosa	86.5	99.4	99.4	705
PX215022.1	AY639265_Acaulospora_paulinae	86.2	99.7	99.7	703
PX215022.1	MT832206_Acaulospora_spinosa	85.3	92.2	99.4	655
PX215022.1	MT832200_Acaulospora_lacunosa	84.2	89.6	99.8	652
PX215022.1	FN825908_Acaulospora_brasiliansis	83.5	96.4	99.7	703
PX215022.1	MT832201_Acaulospora_foveata	83.0	88.4	99.8	652
PX215026.1	MT832222_Cetraspora_pellucida	96.0	92.5	100.0	627
PX215026.1	MT832223_Cetraspora_pellucida	95.2	92.5	100.0	627
PX215026.1	JN689226.1_Racocetra_alborosea	94.8	99.7	97.4	676
PX215026.1	FR750143_Racocetra_fulgida	94.7	99.9	100.0	677
PX215026.1	GU385898.1_Racocetra_tropicana	94.7	96.8	99.8	656
PX215026.1	AY900507.1_Racocetra_verrucosa	94.4	96.8	99.8	656
PX215026.1	FR750167_Dentiscutata_heterogama	93.2	99.6	99.7	679
PX215026.1	Y12076.1_Racocetra_castanea	93.2	97.2	96.5	660
PX215026.1	MT832224_Racocetra_fulgida	93.1	92.0	100.0	627
PX215026.1	MT832229_Dentiscutata_heterogama	92.7	92.2	99.7	629
PX215026.1	JN971076.1_Paradentiscutata_martima	92.3	99.7	99.4	679
PX215026.1	AF396782_Gigaspora_margarita	92.2	99.7	99.6	680
PX215026.1	JN971073.1_Intraornatospora_intraornata	92.1	98.2	99.0	672
PX215026.1	FN547573_Gigaspora_rosea	92.1	99.7	99.6	680
PX215026.1	JQ231201.1_Paradentiscutata_baiana	90.6	97.0	99.7	660
PX215026.1	MT832221_Scutellospora_dipurpurascens	89.5	92.6	96.8	648
PX215025.1	MT832222_Cetraspora_pellucida	96.0	92.5	100.0	627
PX215025.1	MT832223_Cetraspora_pellucida	95.5	92.5	100.0	627
PX215025.1	JN689226.1_Racocetra_alborosea	95.4	99.7	97.4	676
PX215025.1	GU385898.1_Racocetra_tropicana	95.3	96.8	99.8	656
PX215025.1	FR750143_Racocetra_fulgida	94.7	99.9	100.0	677
PX215025.1	AY900507.1_Racocetra_verrucosa	94.7	96.8	99.8	656
PX215025.1	MT832224_Racocetra_fulgida	93.6	92.0	100.0	627
PX215025.1	Y12076.1_Racocetra_castanea	93.3	97.2	96.5	660
PX215025.1	FR750167_Dentiscutata_heterogama	92.9	99.6	99.7	679
PX215025.1	MT832227_Dentiscutata_erythropus	92.5	92.2	99.7	629
PX215025.1	JN971076.1_Paradentiscutata_martima	92.0	99.7	99.4	679
PX215025.1	JN971073.1_Intraornatospora_intraornata	91.8	98.2	99.0	672
PX215025.1	AF396782_Gigaspora_margarita	91.8	99.7	99.6	680
PX215025.1	FN547573_Gigaspora_rosea	91.6	99.7	99.6	680
PX215025.1	JN971072.1_Paradentiscutata_baiana	91.3	96.2	99.4	657
PX215025.1	FR750149_Scutellospora_spinosissima	90.4	99.9	99.9	678
PX215027.1	MT832222_Cetraspora_pellucida	96.0	92.5	100.0	627
PX215027.1	MT832223_Cetraspora_pellucida	95.2	92.5	100.0	627
PX215027.1	JN689226.1_Racocetra_alborosea	94.8	99.7	97.4	676
PX215027.1	FR750143_Racocetra_fulgida	94.7	99.9	100.0	677
PX215027.1	GU385898.1_Racocetra_tropicana	94.7	96.8	99.8	656
PX215027.1	AY900507.1_Racocetra_verrucosa	94.4	96.8	99.8	656
PX215027.1	FR750167_Dentiscutata_heterogama	93.2	99.6	99.7	679
PX215027.1	Y12076.1_Racocetra_castanea	93.2	97.2	96.5	660
PX215027.1	MT832224_Racocetra_fulgida	93.1	92.0	100.0	627
PX215027.1	MT832229_Dentiscutata_heterogama	92.7	92.2	99.7	629
PX215027.1	JN971076.1_Paradentiscutata_martima	92.3	99.7	99.4	679
PX215027.1	AF396782_Gigaspora_margarita	92.2	99.7	99.6	680
PX215027.1	JN971073.1_Intraornatospora_intraornata	92.1	98.2	99.0	672
PX215027.1	FN547573_Gigaspora_rosea	92.1	99.7	99.6	680
PX215027.1	JQ231201.1_Paradentiscutata_baiana	90.6	97.0	99.7	660
PX215027.1	MT832221_Scutellospora_dipurpurascens	89.5	92.6	96.8	648
PX215028.1	MT832222_Cetraspora_pellucida	96.0	92.5	100.0	627
PX215028.1	MT832223_Cetraspora_pellucida	95.2	92.5	100.0	627
PX215028.1	JN689226.1_Racocetra_alborosea	94.8	99.7	97.4	676
PX215028.1	FR750143_Racocetra_fulgida	94.7	99.9	100.0	677
PX215028.1	GU385898.1_Racocetra_tropicana	94.7	96.8	99.8	656
PX215028.1	AY900507.1_Racocetra_verrucosa	94.4	96.8	99.8	656
PX215028.1	FR750167_Dentiscutata_heterogama	93.2	99.6	99.7	679
PX215028.1	Y12076.1_Racocetra_castanea	93.2	97.2	96.5	660
PX215028.1	MT832224_Racocetra_fulgida	93.1	92.0	100.0	627
PX215028.1	MT832229_Dentiscutata_heterogama	92.7	92.2	99.7	629
PX215028.1	JN971076.1_Paradentiscutata_martima	92.3	99.7	99.4	679
PX215028.1	AF396782_Gigaspora_margarita	92.2	99.7	99.6	680
PX215028.1	JN971073.1_Intraornatospora_intraornata	92.1	98.2	99.0	672
PX215028.1	FN547573_Gigaspora_rosea	92.1	99.7	99.6	680
PX215028.1	JQ231201.1_Paradentiscutata_baiana	90.6	97.0	99.7	660
PX215028.1	MT832221_Scutellospora_dipurpurascens	89.5	92.6	96.8	648
PX215029.1	MT832222_Cetraspora_pellucida	96.0	92.5	100.0	627
PX215029.1	MT832223_Cetraspora_pellucida	95.2	92.5	100.0	627
PX215029.1	JN689226.1_Racocetra_alborosea	94.8	99.7	97.4	676
PX215029.1	FR750143_Racocetra_fulgida	94.7	99.9	100.0	677
PX215029.1	GU385898.1_Racocetra_tropicana	94.7	96.8	99.8	656
PX215029.1	AY900507.1_Racocetra_verrucosa	94.4	96.8	99.8	656
PX215029.1	FR750167_Dentiscutata_heterogama	93.2	99.6	99.7	679
PX215029.1	Y12076.1_Racocetra_castanea	93.2	97.2	96.5	660
PX215029.1	MT832224_Racocetra_fulgida	93.1	92.0	100.0	627
PX215029.1	MT832229_Dentiscutata_heterogama	92.7	92.2	99.7	629
PX215029.1	JN971076.1_Paradentiscutata_martima	92.3	99.7	99.4	679
PX215029.1	AF396782_Gigaspora_margarita	92.2	99.7	99.6	680
PX215029.1	JN971073.1_Intraornatospora_intraornata	92.1	98.2	99.0	672
PX215029.1	FN547573_Gigaspora_rosea	92.1	99.7	99.6	680
PX215029.1	JQ231201.1_Paradentiscutata_baiana	90.6	97.0	99.7	660
PX215029.1	MT832221_Scutellospora_dipurpurascens	89.5	92.6	96.8	648
PX215030.1	MT832222_Cetraspora_pellucida	96.0	92.5	100.0	627
PX215030.1	MT832223_Cetraspora_pellucida	95.2	92.5	100.0	627
PX215030.1	JN689226.1_Racocetra_alborosea	94.8	99.7	97.4	676
PX215030.1	FR750143_Racocetra_fulgida	94.7	99.9	100.0	677
PX215030.1	GU385898.1_Racocetra_tropicana	94.7	96.8	99.8	656
PX215030.1	AY900507.1_Racocetra_verrucosa	94.4	96.8	99.8	656
PX215030.1	FR750167_Dentiscutata_heterogama	93.2	99.6	99.7	679
PX215030.1	Y12076.1_Racocetra_castanea	93.2	97.2	96.5	660
PX215030.1	MT832224_Racocetra_fulgida	93.1	92.0	100.0	627
PX215030.1	MT832229_Dentiscutata_heterogama	92.7	92.2	99.7	629
PX215030.1	JN971076.1_Paradentiscutata_martima	92.3	99.7	99.4	679
PX215030.1	AF396782_Gigaspora_margarita	92.2	99.7	99.6	680
PX215030.1	JN971073.1_Intraornatospora_intraornata	92.1	98.2	99.0	672
PX215030.1	FN547573_Gigaspora_rosea	92.1	99.7	99.6	680
PX215030.1	JQ231201.1_Paradentiscutata_baiana	90.6	97.0	99.7	660
PX215030.1	MT832221_Scutellospora_dipurpurascens	89.5	92.6	96.8	648
PX215031.1	MT832222_Cetraspora_pellucida	96.2	92.5	100.0	627
PX215031.1	MT832223_Cetraspora_pellucida	95.4	92.5	100.0	627
PX215031.1	JN689226.1_Racocetra_alborosea	95.0	99.7	97.4	676
PX215031.1	GU385898.1_Racocetra_tropicana	94.8	96.8	99.8	656
PX215031.1	FR750143_Racocetra_fulgida	94.5	99.9	100.0	677
PX215031.1	AY900507.1_Racocetra_verrucosa	94.5	96.8	99.8	656
PX215031.1	MT832224_Racocetra_fulgida	93.3	92.0	100.0	627
PX215031.1	FR750167_Dentiscutata_heterogama	93.1	99.6	99.7	679
PX215031.1	Y12076.1_Racocetra_castanea	93.0	97.2	96.5	660
PX215031.1	MT832229_Dentiscutata_heterogama	92.5	92.2	99.7	629
PX215031.1	JN971076.1_Paradentiscutata_martima	92.2	99.7	99.4	679
PX215031.1	AF396782_Gigaspora_margarita	92.1	99.7	99.6	680
PX215031.1	JN971073.1_Intraornatospora_intraornata	92.0	98.2	99.0	672
PX215031.1	JQ231201.1_Paradentiscutata_baiana	90.6	97.0	99.7	660
PX215031.1	FR750149_Scutellospora_spinosissima	90.6	99.9	99.9	678
PX215031.1	MT832221_Scutellospora_dipurpurascens	89.7	92.6	96.8	648
PX215032.1	MT832222_Cetraspora_pellucida	96.2	92.5	100.0	627
PX215032.1	MT832223_Cetraspora_pellucida	95.4	92.5	100.0	627
PX215032.1	JN689226.1_Racocetra_alborosea	95.0	99.7	97.4	676
PX215032.1	GU385898.1_Racocetra_tropicana	94.8	96.8	99.8	656
PX215032.1	FR750143_Racocetra_fulgida	94.5	99.9	100.0	677
PX215032.1	AY900507.1_Racocetra_verrucosa	94.5	96.8	99.8	656
PX215032.1	MT832224_Racocetra_fulgida	93.3	92.0	100.0	627
PX215032.1	FR750167_Dentiscutata_heterogama	93.1	99.6	99.7	679
PX215032.1	Y12076.1_Racocetra_castanea	93.0	97.2	96.5	660
PX215032.1	MT832229_Dentiscutata_heterogama	92.5	92.2	99.7	629
PX215032.1	JN971076.1_Paradentiscutata_martima	92.2	99.7	99.4	679
PX215032.1	AF396782_Gigaspora_margarita	92.1	99.7	99.6	680
PX215032.1	JN971073.1_Intraornatospora_intraornata	92.0	98.2	99.0	672
PX215032.1	JQ231201.1_Paradentiscutata_baiana	90.6	97.0	99.7	660
PX215032.1	FR750149_Scutellospora_spinosissima	90.6	99.9	99.9	678
PX215032.1	MT832221_Scutellospora_dipurpurascens	89.7	92.6	96.8	648
PX215033.1	MT832222_Cetraspora_pellucida	96.2	92.5	100.0	627
PX215033.1	MT832223_Cetraspora_pellucida	95.4	92.5	100.0	627
PX215033.1	JN689226.1_Racocetra_alborosea	95.0	99.7	97.4	676
PX215033.1	GU385898.1_Racocetra_tropicana	94.8	96.8	99.8	656
PX215033.1	FR750143_Racocetra_fulgida	94.5	99.9	100.0	677
PX215033.1	AY900507.1_Racocetra_verrucosa	94.5	96.8	99.8	656
PX215033.1	MT832224_Racocetra_fulgida	93.3	92.0	100.0	627
PX215033.1	FR750167_Dentiscutata_heterogama	93.1	99.6	99.7	679
PX215033.1	Y12076.1_Racocetra_castanea	93.0	97.2	96.5	660
PX215033.1	MT832229_Dentiscutata_heterogama	92.5	92.2	99.7	629
PX215033.1	JN971076.1_Paradentiscutata_martima	92.2	99.7	99.4	679
PX215033.1	AF396782_Gigaspora_margarita	92.1	99.7	99.6	680
PX215033.1	JN971073.1_Intraornatospora_intraornata	92.0	98.2	99.0	672
PX215033.1	JQ231201.1_Paradentiscutata_baiana	90.6	97.0	99.7	660
PX215033.1	FR750149_Scutellospora_spinosissima	90.6	99.9	99.9	678
PX215033.1	MT832221_Scutellospora_dipurpurascens	89.7	92.6	96.8	648
PX215034.1	MT832222_Cetraspora_pellucida	95.9	92.5	100.0	627
PX215034.1	MT832223_Cetraspora_pellucida	95.4	92.5	100.0	627
PX215034.1	FR750143_Racocetra_fulgida	94.8	99.9	100.0	677
PX215034.1	JN689226.1_Racocetra_alborosea	94.7	99.7	97.4	676
PX215034.1	GU385898.1_Racocetra_tropicana	94.5	96.8	99.8	656
PX215034.1	AY900507.1_Racocetra_verrucosa	94.5	96.8	99.8	656
PX215034.1	Y12076.1_Racocetra_castanea	93.3	97.2	96.5	660
PX215034.1	MT832224_Racocetra_fulgida	93.3	92.0	100.0	627
PX215034.1	FR750167_Dentiscutata_heterogama	92.8	99.6	99.7	679
PX215034.1	JN971076.1_Paradentiscutata_martima	92.5	99.7	99.4	679
PX215034.1	MT832227_Dentiscutata_erythropus	92.4	92.2	99.7	629
PX215034.1	AF396782_Gigaspora_margarita	92.4	99.7	99.6	680
PX215034.1	MT832229_Dentiscutata_heterogama	92.2	92.2	99.7	629
PX215034.1	JN971073.1_Intraornatospora_intraornata	92.0	98.2	99.0	672
PX215034.1	FN547573_Gigaspora_rosea	91.9	99.7	99.6	680
PX215034.1	HQ871519.1_Orbispora_pernambucana	90.4	100.0	98.7	684
PX215036.1	MT832222_Cetraspora_pellucida	95.9	92.5	100.0	627
PX215036.1	MT832223_Cetraspora_pellucida	95.4	92.5	100.0	627
PX215036.1	FR750143_Racocetra_fulgida	94.8	99.9	100.0	677
PX215036.1	JN689226.1_Racocetra_alborosea	94.7	99.7	97.4	676
PX215036.1	GU385898.1_Racocetra_tropicana	94.5	96.8	99.8	656
PX215036.1	AY900507.1_Racocetra_verrucosa	94.5	96.8	99.8	656
PX215036.1	Y12076.1_Racocetra_castanea	93.3	97.2	96.5	660
PX215036.1	MT832224_Racocetra_fulgida	93.3	92.0	100.0	627
PX215036.1	FR750167_Dentiscutata_heterogama	92.8	99.6	99.7	679
PX215036.1	JN971076.1_Paradentiscutata_martima	92.5	99.7	99.4	679
PX215036.1	MT832227_Dentiscutata_erythropus	92.4	92.2	99.7	629
PX215036.1	AF396782_Gigaspora_margarita	92.4	99.7	99.6	680
PX215036.1	MT832229_Dentiscutata_heterogama	92.2	92.2	99.7	629
PX215036.1	JN971073.1_Intraornatospora_intraornata	92.0	98.2	99.0	672
PX215036.1	FN547573_Gigaspora_rosea	91.9	99.7	99.6	680
PX215036.1	HQ871519.1_Orbispora_pernambucana	90.4	100.0	98.7	684
PX215037.1	MT832222_Cetraspora_pellucida	95.9	92.5	100.0	627
PX215037.1	MT832223_Cetraspora_pellucida	95.4	92.5	100.0	627
PX215037.1	FR750143_Racocetra_fulgida	94.8	99.9	100.0	677
PX215037.1	JN689226.1_Racocetra_alborosea	94.7	99.7	97.4	676
PX215037.1	GU385898.1_Racocetra_tropicana	94.5	96.8	99.8	656
PX215037.1	AY900507.1_Racocetra_verrucosa	94.5	96.8	99.8	656
PX215037.1	Y12076.1_Racocetra_castanea	93.3	97.2	96.5	660
PX215037.1	MT832224_Racocetra_fulgida	93.3	92.0	100.0	627
PX215037.1	FR750167_Dentiscutata_heterogama	92.8	99.6	99.7	679
PX215037.1	JN971076.1_Paradentiscutata_martima	92.5	99.7	99.4	679
PX215037.1	MT832227_Dentiscutata_erythropus	92.4	92.2	99.7	629
PX215037.1	AF396782_Gigaspora_margarita	92.4	99.7	99.6	680
PX215037.1	MT832229_Dentiscutata_heterogama	92.2	92.2	99.7	629
PX215037.1	JN971073.1_Intraornatospora_intraornata	92.0	98.2	99.0	672
PX215037.1	FN547573_Gigaspora_rosea	91.9	99.7	99.6	680
PX215037.1	HQ871519.1_Orbispora_pernambucana	90.4	100.0	98.7	684
PX215035.1	MT832222_Cetraspora_pellucida	95.9	92.5	100.0	627
PX215035.1	MT832223_Cetraspora_pellucida	95.4	92.5	100.0	627
PX215035.1	FR750143_Racocetra_fulgida	94.8	99.9	100.0	677
PX215035.1	JN689226.1_Racocetra_alborosea	94.7	99.7	97.4	676
PX215035.1	GU385898.1_Racocetra_tropicana	94.5	96.8	99.8	656
PX215035.1	AY900507.1_Racocetra_verrucosa	94.5	96.8	99.8	656
PX215035.1	Y12076.1_Racocetra_castanea	93.3	97.2	96.5	660
PX215035.1	MT832224_Racocetra_fulgida	93.3	92.0	100.0	627
PX215035.1	FR750167_Dentiscutata_heterogama	92.8	99.6	99.7	679
PX215035.1	JN971076.1_Paradentiscutata_martima	92.5	99.7	99.4	679
PX215035.1	MT832227_Dentiscutata_erythropus	92.4	92.2	99.7	629
PX215035.1	AF396782_Gigaspora_margarita	92.4	99.7	99.6	680
PX215035.1	MT832229_Dentiscutata_heterogama	92.2	92.2	99.7	629
PX215035.1	JN971073.1_Intraornatospora_intraornata	92.0	98.2	99.0	672
PX215035.1	FN547573_Gigaspora_rosea	91.9	99.7	99.6	680
PX215035.1	HQ871519.1_Orbispora_pernambucana	90.4	100.0	98.7	684
PX215040.1	MT832222_Cetraspora_pellucida	95.7	92.5	100.0	627
PX215040.1	MT832223_Cetraspora_pellucida	95.2	92.5	100.0	627
PX215040.1	FR750143_Racocetra_fulgida	94.7	99.9	100.0	677
PX215040.1	JN689226.1_Racocetra_alborosea	94.5	99.7	97.4	676
PX215040.1	GU385898.1_Racocetra_tropicana	94.4	96.8	99.8	656
PX215040.1	AY900507.1_Racocetra_verrucosa	94.4	96.8	99.8	656
PX215040.1	Y12076.1_Racocetra_castanea	93.2	97.2	96.5	660
PX215040.1	MT832224_Racocetra_fulgida	93.1	92.0	100.0	627
PX215040.1	FR750167_Dentiscutata_heterogama	92.6	99.6	99.7	679
PX215040.1	JN971076.1_Paradentiscutata_martima	92.3	99.7	99.4	679
PX215040.1	MT832227_Dentiscutata_erythropus	92.2	92.2	99.7	629
PX215040.1	AF396782_Gigaspora_margarita	92.1	99.7	99.6	680
PX215040.1	JN971073.1_Intraornatospora_intraornata	91.8	98.2	99.0	672
PX215040.1	FN547573_Gigaspora_rosea	91.6	99.7	99.6	680
PX215040.1	MT832226_Dentiscutata_erythropus	91.6	92.2	99.7	629
PX215040.1	FR750149_Scutellospora_spinosissima	90.1	99.9	99.9	678
PX215039.1	MT832222_Cetraspora_pellucida	95.9	92.5	100.0	627
PX215039.1	MT832223_Cetraspora_pellucida	95.4	92.5	100.0	627
PX215039.1	FR750143_Racocetra_fulgida	94.8	99.9	100.0	677
PX215039.1	JN689226.1_Racocetra_alborosea	94.7	99.7	97.4	676
PX215039.1	GU385898.1_Racocetra_tropicana	94.5	96.8	99.8	656
PX215039.1	AY900507.1_Racocetra_verrucosa	94.5	96.8	99.8	656
PX215039.1	Y12076.1_Racocetra_castanea	93.3	97.2	96.5	660
PX215039.1	MT832224_Racocetra_fulgida	93.3	92.0	100.0	627
PX215039.1	FR750167_Dentiscutata_heterogama	92.8	99.6	99.7	679
PX215039.1	JN971076.1_Paradentiscutata_martima	92.5	99.7	99.4	679
PX215039.1	MT832227_Dentiscutata_erythropus	92.4	92.2	99.7	629
PX215039.1	AF396782_Gigaspora_margarita	92.4	99.7	99.6	680
PX215039.1	MT832229_Dentiscutata_heterogama	92.2	92.2	99.7	629
PX215039.1	JN971073.1_Intraornatospora_intraornata	92.0	98.2	99.0	672
PX215039.1	FN547573_Gigaspora_rosea	91.9	99.7	99.6	680
PX215039.1	HQ871519.1_Orbispora_pernambucana	90.4	100.0	98.7	684
PX215038.1	MT832222_Cetraspora_pellucida	95.9	92.5	100.0	627
PX215038.1	MT832223_Cetraspora_pellucida	95.4	92.5	100.0	627
PX215038.1	FR750143_Racocetra_fulgida	94.8	99.9	100.0	677
PX215038.1	JN689226.1_Racocetra_alborosea	94.7	99.7	97.4	676
PX215038.1	GU385898.1_Racocetra_tropicana	94.5	96.8	99.8	656
PX215038.1	AY900507.1_Racocetra_verrucosa	94.5	96.8	99.8	656
PX215038.1	Y12076.1_Racocetra_castanea	93.3	97.2	96.5	660
PX215038.1	MT832224_Racocetra_fulgida	93.3	92.0	100.0	627
PX215038.1	FR750167_Dentiscutata_heterogama	92.8	99.6	99.7	679
PX215038.1	JN971076.1_Paradentiscutata_martima	92.5	99.7	99.4	679
PX215038.1	MT832227_Dentiscutata_erythropus	92.4	92.2	99.7	629
PX215038.1	AF396782_Gigaspora_margarita	92.4	99.7	99.6	680
PX215038.1	MT832229_Dentiscutata_heterogama	92.2	92.2	99.7	629
PX215038.1	JN971073.1_Intraornatospora_intraornata	92.0	98.2	99.0	672
PX215038.1	FN547573_Gigaspora_rosea	91.9	99.7	99.6	680
PX215038.1	HQ871519.1_Orbispora_pernambucana	90.4	100.0	98.7	684
PX215041.1	MT832222_Cetraspora_pellucida	95.7	92.5	100.0	627
PX215041.1	MT832223_Cetraspora_pellucida	95.2	92.5	100.0	627
PX215041.1	FR750143_Racocetra_fulgida	94.7	99.9	100.0	677
PX215041.1	JN689226.1_Racocetra_alborosea	94.5	99.7	97.4	676
PX215041.1	GU385898.1_Racocetra_tropicana	94.4	96.8	99.8	656
PX215041.1	AY900507.1_Racocetra_verrucosa	94.4	96.8	99.8	656
PX215041.1	Y12076.1_Racocetra_castanea	93.2	97.2	96.5	660
PX215041.1	MT832224_Racocetra_fulgida	93.1	92.0	100.0	627
PX215041.1	FR750167_Dentiscutata_heterogama	92.6	99.6	99.7	679
PX215041.1	JN971076.1_Paradentiscutata_martima	92.3	99.7	99.4	679
PX215041.1	MT832227_Dentiscutata_erythropus	92.2	92.2	99.7	629
PX215041.1	AF396782_Gigaspora_margarita	92.1	99.7	99.6	680
PX215041.1	JN971073.1_Intraornatospora_intraornata	91.8	98.2	99.0	672
PX215041.1	FN547573_Gigaspora_rosea	91.6	99.7	99.6	680
PX215041.1	MT832226_Dentiscutata_erythropus	91.6	92.2	99.7	629
PX215041.1	FR750149_Scutellospora_spinosissima	90.1	99.9	99.9	678
PX215042.1	MT832222_Cetraspora_pellucida	95.7	92.5	100.0	627
PX215042.1	MT832223_Cetraspora_pellucida	95.2	92.5	100.0	627
PX215042.1	FR750143_Racocetra_fulgida	94.7	99.9	100.0	677
PX215042.1	JN689226.1_Racocetra_alborosea	94.5	99.7	97.4	676
PX215042.1	GU385898.1_Racocetra_tropicana	94.4	96.8	99.8	656
PX215042.1	AY900507.1_Racocetra_verrucosa	94.4	96.8	99.8	656
PX215042.1	Y12076.1_Racocetra_castanea	93.2	97.2	96.5	660
PX215042.1	MT832224_Racocetra_fulgida	93.1	92.0	100.0	627
PX215042.1	FR750167_Dentiscutata_heterogama	92.6	99.6	99.7	679
PX215042.1	JN971076.1_Paradentiscutata_martima	92.3	99.7	99.4	679
PX215042.1	MT832227_Dentiscutata_erythropus	92.2	92.2	99.7	629
PX215042.1	AF396782_Gigaspora_margarita	92.1	99.7	99.6	680
PX215042.1	JN971073.1_Intraornatospora_intraornata	91.8	98.2	99.0	672
PX215042.1	FN547573_Gigaspora_rosea	91.6	99.7	99.6	680
PX215042.1	MT832226_Dentiscutata_erythropus	91.6	92.2	99.7	629
PX215042.1	FR750149_Scutellospora_spinosissima	90.1	99.9	99.9	678
PX215043.1	MT832222_Cetraspora_pellucida	95.7	92.5	100.0	627
PX215043.1	MT832223_Cetraspora_pellucida	95.2	92.5	100.0	627
PX215043.1	FR750143_Racocetra_fulgida	94.7	99.9	100.0	677
PX215043.1	JN689226.1_Racocetra_alborosea	94.5	99.7	97.4	676
PX215043.1	GU385898.1_Racocetra_tropicana	94.4	96.8	99.8	656
PX215043.1	AY900507.1_Racocetra_verrucosa	94.4	96.8	99.8	656
PX215043.1	Y12076.1_Racocetra_castanea	93.2	97.2	96.5	660
PX215043.1	MT832224_Racocetra_fulgida	93.1	92.0	100.0	627
PX215043.1	FR750167_Dentiscutata_heterogama	92.6	99.6	99.7	679
PX215043.1	JN971076.1_Paradentiscutata_martima	92.3	99.7	99.4	679
PX215043.1	MT832227_Dentiscutata_erythropus	92.2	92.2	99.7	629
PX215043.1	AF396782_Gigaspora_margarita	92.1	99.7	99.6	680
PX215043.1	JN971073.1_Intraornatospora_intraornata	91.8	98.2	99.0	672
PX215043.1	FN547573_Gigaspora_rosea	91.6	99.7	99.6	680
PX215043.1	MT832226_Dentiscutata_erythropus	91.6	92.2	99.7	629
PX215043.1	FR750149_Scutellospora_spinosissima	90.1	99.9	99.9	678
PX215044.1	MT832222_Cetraspora_pellucida	95.7	92.5	100.0	627
PX215044.1	MT832223_Cetraspora_pellucida	95.2	92.5	100.0	627
PX215044.1	FR750143_Racocetra_fulgida	94.7	99.9	100.0	677
PX215044.1	JN689226.1_Racocetra_alborosea	94.5	99.7	97.4	676
PX215044.1	GU385898.1_Racocetra_tropicana	94.4	96.8	99.8	656
PX215044.1	AY900507.1_Racocetra_verrucosa	94.4	96.8	99.8	656
PX215044.1	Y12076.1_Racocetra_castanea	93.2	97.2	96.5	660
PX215044.1	MT832224_Racocetra_fulgida	93.1	92.0	100.0	627
PX215044.1	FR750167_Dentiscutata_heterogama	92.6	99.6	99.7	679
PX215044.1	JN971076.1_Paradentiscutata_martima	92.3	99.7	99.4	679
PX215044.1	MT832227_Dentiscutata_erythropus	92.2	92.2	99.7	629
PX215044.1	AF396782_Gigaspora_margarita	92.1	99.7	99.6	680
PX215044.1	JN971073.1_Intraornatospora_intraornata	91.8	98.2	99.0	672
PX215044.1	FN547573_Gigaspora_rosea	91.6	99.7	99.6	680
PX215044.1	MT832226_Dentiscutata_erythropus	91.6	92.2	99.7	629
PX215044.1	FR750149_Scutellospora_spinosissima	90.1	99.9	99.9	678
PX215045.1	MT832222_Cetraspora_pellucida	96.0	92.5	100.0	627
PX215045.1	MT832223_Cetraspora_pellucida	95.5	92.5	100.0	627
PX215045.1	FR750143_Racocetra_fulgida	95.0	99.9	100.0	677
PX215045.1	JN689226.1_Racocetra_alborosea	94.8	99.7	97.4	676
PX215045.1	GU385898.1_Racocetra_tropicana	94.7	96.8	99.8	656
PX215045.1	AY900507.1_Racocetra_verrucosa	94.7	96.8	99.8	656
PX215045.1	Y12076.1_Racocetra_castanea	93.5	97.2	96.5	660
PX215045.1	MT832224_Racocetra_fulgida	93.5	92.0	100.0	627
PX215045.1	FR750167_Dentiscutata_heterogama	92.9	99.6	99.7	679
PX215045.1	JN971076.1_Paradentiscutata_martima	92.6	99.7	99.4	679
PX215045.1	MT832227_Dentiscutata_erythropus	92.5	92.2	99.7	629
PX215045.1	AF396782_Gigaspora_margarita	92.4	99.7	99.6	680
PX215045.1	MT832229_Dentiscutata_heterogama	92.2	92.2	99.7	629
PX215045.1	JN971073.1_Intraornatospora_intraornata	92.1	98.2	99.0	672
PX215045.1	FN547573_Gigaspora_rosea	91.9	99.7	99.6	680
PX215045.1	MT832226_Dentiscutata_erythropus	91.9	92.2	99.7	629
PX215046.1	MT832222_Cetraspora_pellucida	96.0	92.5	100.0	627
PX215046.1	MT832223_Cetraspora_pellucida	95.5	92.5	100.0	627
PX215046.1	FR750143_Racocetra_fulgida	95.0	99.9	100.0	677
PX215046.1	JN689226.1_Racocetra_alborosea	94.8	99.7	97.4	676
PX215046.1	GU385898.1_Racocetra_tropicana	94.7	96.8	99.8	656
PX215046.1	AY900507.1_Racocetra_verrucosa	94.7	96.8	99.8	656
PX215046.1	Y12076.1_Racocetra_castanea	93.5	97.2	96.5	660
PX215046.1	MT832224_Racocetra_fulgida	93.5	92.0	100.0	627
PX215046.1	FR750167_Dentiscutata_heterogama	92.9	99.6	99.7	679
PX215046.1	JN971076.1_Paradentiscutata_martima	92.6	99.7	99.4	679
PX215046.1	MT832227_Dentiscutata_erythropus	92.5	92.2	99.7	629
PX215046.1	AF396782_Gigaspora_margarita	92.4	99.7	99.6	680
PX215046.1	MT832229_Dentiscutata_heterogama	92.2	92.2	99.7	629
PX215046.1	JN971073.1_Intraornatospora_intraornata	92.1	98.2	99.0	672
PX215046.1	FN547573_Gigaspora_rosea	91.9	99.7	99.6	680
PX215046.1	MT832226_Dentiscutata_erythropus	91.9	92.2	99.7	629
PX215049.1	MT832222_Cetraspora_pellucida	96.0	92.5	100.0	627
PX215049.1	MT832223_Cetraspora_pellucida	95.5	92.5	100.0	627
PX215049.1	JN689226.1_Racocetra_alborosea	95.1	99.7	97.4	676
PX215049.1	FR750143_Racocetra_fulgida	95.0	99.9	100.0	677
PX215049.1	GU385898.1_Racocetra_tropicana	95.0	96.8	99.8	656
PX215049.1	AY900507.1_Racocetra_verrucosa	94.7	96.8	99.8	656
PX215049.1	Y12076.1_Racocetra_castanea	93.5	97.2	96.5	660
PX215049.1	MT832224_Racocetra_fulgida	93.5	92.0	100.0	627
PX215049.1	FR750167_Dentiscutata_heterogama	93.2	99.6	99.7	679
PX215049.1	MT832227_Dentiscutata_erythropus	92.8	92.2	99.7	629
PX215049.1	JN971076.1_Paradentiscutata_martima	92.6	99.7	99.4	679
PX215049.1	JN971073.1_Intraornatospora_intraornata	92.4	98.2	99.0	672
PX215049.1	AF396782_Gigaspora_margarita	92.4	99.7	99.6	680
PX215049.1	FN547573_Gigaspora_rosea	92.2	99.7	99.6	680
PX215049.1	JN971072.1_Paradentiscutata_baiana	91.9	96.2	99.4	657
PX215049.1	FR750149_Scutellospora_spinosissima	90.7	99.9	99.9	678
PX215048.1	MT832222_Cetraspora_pellucida	96.0	92.5	100.0	627
PX215048.1	MT832223_Cetraspora_pellucida	95.5	92.5	100.0	627
PX215048.1	FR750143_Racocetra_fulgida	95.0	99.9	100.0	677
PX215048.1	JN689226.1_Racocetra_alborosea	94.8	99.7	97.4	676
PX215048.1	GU385898.1_Racocetra_tropicana	94.7	96.8	99.8	656
PX215048.1	AY900507.1_Racocetra_verrucosa	94.7	96.8	99.8	656
PX215048.1	Y12076.1_Racocetra_castanea	93.5	97.2	96.5	660
PX215048.1	MT832224_Racocetra_fulgida	93.5	92.0	100.0	627
PX215048.1	FR750167_Dentiscutata_heterogama	92.9	99.6	99.7	679
PX215048.1	JN971076.1_Paradentiscutata_martima	92.6	99.7	99.4	679
PX215048.1	MT832227_Dentiscutata_erythropus	92.5	92.2	99.7	629
PX215048.1	AF396782_Gigaspora_margarita	92.4	99.7	99.6	680
PX215048.1	MT832229_Dentiscutata_heterogama	92.2	92.2	99.7	629
PX215048.1	JN971073.1_Intraornatospora_intraornata	92.1	98.2	99.0	672
PX215048.1	FN547573_Gigaspora_rosea	91.9	99.7	99.6	680
PX215048.1	MT832226_Dentiscutata_erythropus	91.9	92.2	99.7	629
PX215047.1	MT832222_Cetraspora_pellucida	96.0	92.5	100.0	627
PX215047.1	MT832223_Cetraspora_pellucida	95.5	92.5	100.0	627
PX215047.1	FR750143_Racocetra_fulgida	95.0	99.9	100.0	677
PX215047.1	JN689226.1_Racocetra_alborosea	94.8	99.7	97.4	676
PX215047.1	GU385898.1_Racocetra_tropicana	94.7	96.8	99.8	656
PX215047.1	AY900507.1_Racocetra_verrucosa	94.7	96.8	99.8	656
PX215047.1	Y12076.1_Racocetra_castanea	93.5	97.2	96.5	660
PX215047.1	MT832224_Racocetra_fulgida	93.5	92.0	100.0	627
PX215047.1	FR750167_Dentiscutata_heterogama	92.9	99.6	99.7	679
PX215047.1	JN971076.1_Paradentiscutata_martima	92.6	99.7	99.4	679
PX215047.1	MT832227_Dentiscutata_erythropus	92.5	92.2	99.7	629
PX215047.1	AF396782_Gigaspora_margarita	92.4	99.7	99.6	680
PX215047.1	MT832229_Dentiscutata_heterogama	92.2	92.2	99.7	629
PX215047.1	JN971073.1_Intraornatospora_intraornata	92.1	98.2	99.0	672
PX215047.1	FN547573_Gigaspora_rosea	91.9	99.7	99.6	680
PX215047.1	MT832226_Dentiscutata_erythropus	91.9	92.2	99.7	629
PX215050.1	MT832222_Cetraspora_pellucida	96.2	92.5	100.0	627
PX215050.1	MT832223_Cetraspora_pellucida	95.7	92.5	100.0	627
PX215050.1	JN689226.1_Racocetra_alborosea	95.3	99.7	97.4	676
PX215050.1	FR750143_Racocetra_fulgida	95.1	99.9	100.0	677
PX215050.1	GU385898.1_Racocetra_tropicana	95.1	96.8	99.8	656
PX215050.1	AY900507.1_Racocetra_verrucosa	94.8	96.8	99.8	656
PX215050.1	Y12076.1_Racocetra_castanea	93.6	97.2	96.5	660
PX215050.1	MT832224_Racocetra_fulgida	93.6	92.0	100.0	627
PX215050.1	FR750167_Dentiscutata_heterogama	93.4	99.6	99.7	679
PX215050.1	MT832227_Dentiscutata_erythropus	93.0	92.2	99.7	629
PX215050.1	JN971073.1_Intraornatospora_intraornata	92.6	98.2	99.0	672
PX215050.1	AF396782_Gigaspora_margarita	92.5	99.7	99.6	680
PX215050.1	JN971076.1_Paradentiscutata_martima	92.5	99.7	99.4	679
PX215050.1	FN547573_Gigaspora_rosea	92.4	99.7	99.6	680
PX215050.1	JN971072.1_Paradentiscutata_baiana	92.1	96.2	99.4	657
PX215050.1	FR750149_Scutellospora_spinosissima	90.9	99.9	99.9	678
PX215052.1	MT832222_Cetraspora_pellucida	96.5	92.5	100.0	627
PX215052.1	MT832223_Cetraspora_pellucida	95.7	92.5	100.0	627
PX215052.1	JN689226.1_Racocetra_alborosea	95.6	99.7	97.4	676
PX215052.1	GU385898.1_Racocetra_tropicana	95.4	96.8	99.8	656
PX215052.1	FR750143_Racocetra_fulgida	95.4	99.9	100.0	677
PX215052.1	AY900507.1_Racocetra_verrucosa	95.1	96.8	99.8	656
PX215052.1	MT832224_Racocetra_fulgida	93.9	92.0	100.0	627
PX215052.1	Y12076.1_Racocetra_castanea	93.9	97.2	96.5	660
PX215052.1	FR750167_Dentiscutata_heterogama	93.4	99.6	99.7	679
PX215052.1	MT832227_Dentiscutata_erythropus	93.0	92.2	99.7	629
PX215052.1	AF396782_Gigaspora_margarita	92.5	99.7	99.6	680
PX215052.1	JN971076.1_Paradentiscutata_martima	92.5	99.7	99.4	679
PX215052.1	FN547573_Gigaspora_rosea	92.4	99.7	99.6	680
PX215052.1	JN971073.1_Intraornatospora_intraornata	92.3	98.2	99.0	672
PX215052.1	JN971072.1_Paradentiscutata_baiana	92.1	96.2	99.4	657
PX215052.1	MT832221_Scutellospora_dipurpurascens	90.0	92.6	96.8	648
PX215051.1	MT832222_Cetraspora_pellucida	96.5	92.5	100.0	627
PX215051.1	MT832223_Cetraspora_pellucida	95.7	92.5	100.0	627
PX215051.1	JN689226.1_Racocetra_alborosea	95.6	99.7	97.4	676
PX215051.1	GU385898.1_Racocetra_tropicana	95.4	96.8	99.8	656
PX215051.1	FR750143_Racocetra_fulgida	95.4	99.9	100.0	677
PX215051.1	AY900507.1_Racocetra_verrucosa	95.1	96.8	99.8	656
PX215051.1	MT832224_Racocetra_fulgida	93.9	92.0	100.0	627
PX215051.1	Y12076.1_Racocetra_castanea	93.9	97.2	96.5	660
PX215051.1	FR750167_Dentiscutata_heterogama	93.4	99.6	99.7	679
PX215051.1	MT832227_Dentiscutata_erythropus	93.0	92.2	99.7	629
PX215051.1	AF396782_Gigaspora_margarita	92.5	99.7	99.6	680
PX215051.1	JN971076.1_Paradentiscutata_martima	92.5	99.7	99.4	679
PX215051.1	FN547573_Gigaspora_rosea	92.4	99.7	99.6	680
PX215051.1	JN971073.1_Intraornatospora_intraornata	92.3	98.2	99.0	672
PX215051.1	JN971072.1_Paradentiscutata_baiana	92.1	96.2	99.4	657
PX215051.1	MT832221_Scutellospora_dipurpurascens	90.0	92.6	96.8	648
PX215056.1	MT832222_Cetraspora_pellucida	96.3	92.3	100.0	628
PX215056.1	MT832223_Cetraspora_pellucida	95.5	92.3	100.0	628
PX215056.1	JN689226.1_Racocetra_alborosea	95.1	99.6	97.4	677
PX215056.1	GU385898.1_Racocetra_tropicana	95.0	96.6	99.8	657
PX215056.1	FR750143_Racocetra_fulgida	94.7	99.7	100.0	678
PX215056.1	AY900507.1_Racocetra_verrucosa	94.4	96.6	99.8	657
PX215056.1	FR750167_Dentiscutata_heterogama	93.5	99.4	99.7	680
PX215056.1	MT832224_Racocetra_fulgida	93.5	91.9	100.0	628
PX215056.1	Y12076.1_Racocetra_castanea	93.2	97.1	96.5	661
PX215056.1	MT832227_Dentiscutata_erythropus	93.2	92.0	99.7	630
PX215056.1	MT832226_Dentiscutata_erythropus	92.5	92.0	99.7	630
PX215056.1	JN971073.1_Intraornatospora_intraornata	92.4	98.1	99.0	673
PX215056.1	JN971076.1_Paradentiscutata_martima	92.4	99.6	99.4	680
PX215056.1	AF396782_Gigaspora_margarita	92.2	99.6	99.6	681
PX215056.1	FN547573_Gigaspora_rosea	92.1	99.6	99.6	681
PX215056.1	JN971072.1_Paradentiscutata_baiana	91.9	96.0	99.4	658
PX215058.1	MT832222_Cetraspora_pellucida	96.3	92.3	100.0	628
PX215058.1	MT832223_Cetraspora_pellucida	95.5	92.3	100.0	628
PX215058.1	JN689226.1_Racocetra_alborosea	95.1	99.6	97.4	677
PX215058.1	GU385898.1_Racocetra_tropicana	95.0	96.6	99.8	657
PX215058.1	FR750143_Racocetra_fulgida	94.7	99.7	100.0	678
PX215058.1	AY900507.1_Racocetra_verrucosa	94.4	96.6	99.8	657
PX215058.1	FR750167_Dentiscutata_heterogama	93.5	99.4	99.7	680
PX215058.1	MT832224_Racocetra_fulgida	93.5	91.9	100.0	628
PX215058.1	Y12076.1_Racocetra_castanea	93.2	97.1	96.5	661
PX215058.1	MT832227_Dentiscutata_erythropus	93.2	92.0	99.7	630
PX215058.1	MT832226_Dentiscutata_erythropus	92.5	92.0	99.7	630
PX215058.1	JN971073.1_Intraornatospora_intraornata	92.4	98.1	99.0	673
PX215058.1	JN971076.1_Paradentiscutata_martima	92.4	99.6	99.4	680
PX215058.1	AF396782_Gigaspora_margarita	92.2	99.6	99.6	681
PX215058.1	FN547573_Gigaspora_rosea	92.1	99.6	99.6	681
PX215058.1	JN971072.1_Paradentiscutata_baiana	91.9	96.0	99.4	658
PX215057.1	MT832222_Cetraspora_pellucida	96.2	92.3	100.0	628
PX215057.1	MT832223_Cetraspora_pellucida	95.4	92.3	100.0	628
PX215057.1	JN689226.1_Racocetra_alborosea	95.3	99.6	97.4	677
PX215057.1	FR750143_Racocetra_fulgida	95.1	99.7	100.0	678
PX215057.1	GU385898.1_Racocetra_tropicana	95.1	96.6	99.8	657
PX215057.1	AY900507.1_Racocetra_verrucosa	94.8	96.6	99.8	657
PX215057.1	Y12076.1_Racocetra_castanea	93.6	97.1	96.5	661
PX215057.1	MT832224_Racocetra_fulgida	93.6	91.9	100.0	628
PX215057.1	FR750167_Dentiscutata_heterogama	93.1	99.4	99.7	680
PX215057.1	MT832227_Dentiscutata_erythropus	92.7	92.0	99.7	630
PX215057.1	JN971076.1_Paradentiscutata_martima	92.2	99.6	99.4	680
PX215057.1	AF396782_Gigaspora_margarita	92.1	99.6	99.6	681
PX215057.1	JN971073.1_Intraornatospora_intraornata	92.0	98.1	99.0	673
PX215057.1	FN547573_Gigaspora_rosea	91.9	99.6	99.6	681
PX215057.1	JN971072.1_Paradentiscutata_baiana	91.8	96.0	99.4	658
PX215057.1	MT832221_Scutellospora_dipurpurascens	89.7	92.6	96.9	648
PX215055.1	MT832222_Cetraspora_pellucida	96.0	92.3	100.0	628
PX215055.1	MT832223_Cetraspora_pellucida	95.2	92.3	100.0	628
PX215055.1	JN689226.1_Racocetra_alborosea	94.8	99.6	97.4	677
PX215055.1	FR750143_Racocetra_fulgida	94.7	99.7	100.0	678
PX215055.1	GU385898.1_Racocetra_tropicana	94.7	96.6	99.8	657
PX215055.1	AY900507.1_Racocetra_verrucosa	94.1	96.6	99.8	657
PX215055.1	FR750167_Dentiscutata_heterogama	93.2	99.4	99.7	680
PX215055.1	MT832224_Racocetra_fulgida	93.2	91.9	100.0	628
PX215055.1	Y12076.1_Racocetra_castanea	92.9	97.1	96.5	661
PX215055.1	MT832227_Dentiscutata_erythropus	92.9	92.0	99.7	630
PX215055.1	JN971076.1_Paradentiscutata_martima	92.4	99.6	99.4	680
PX215055.1	MT832226_Dentiscutata_erythropus	92.2	92.0	99.7	630
PX215055.1	JN971073.1_Intraornatospora_intraornata	92.1	98.1	99.0	673
PX215055.1	AF396782_Gigaspora_margarita	91.9	99.6	99.6	681
PX215055.1	FN547573_Gigaspora_rosea	91.8	99.6	99.6	681
PX215055.1	JN971072.1_Paradentiscutata_baiana	91.6	96.0	99.4	658
PX215053.1	MT832222_Cetraspora_pellucida	96.3	92.5	100.0	627
PX215053.1	MT832223_Cetraspora_pellucida	95.2	92.5	100.0	627
PX215053.1	JN689226.1_Racocetra_alborosea	95.0	99.7	97.4	676
PX215053.1	FR750143_Racocetra_fulgida	94.8	99.9	100.0	677
PX215053.1	GU385898.1_Racocetra_tropicana	94.8	96.8	99.8	656
PX215053.1	AY900507.1_Racocetra_verrucosa	94.2	96.8	99.8	656
PX215053.1	MT832224_Racocetra_fulgida	93.5	92.0	100.0	627
PX215053.1	FR750167_Dentiscutata_heterogama	93.4	99.6	99.7	679
PX215053.1	MT832227_Dentiscutata_erythropus	93.2	92.2	99.7	629
PX215053.1	Y12076.1_Racocetra_castanea	93.0	97.2	96.5	660
PX215053.1	MT832229_Dentiscutata_heterogama	93.0	92.2	99.7	629
PX215053.1	MT832226_Dentiscutata_erythropus	92.5	92.2	99.7	629
PX215053.1	JN971076.1_Paradentiscutata_martima	92.5	99.7	99.4	679
PX215053.1	AF396782_Gigaspora_margarita	92.4	99.7	99.6	680
PX215053.1	FN547573_Gigaspora_rosea	92.2	99.7	99.6	680
PX215053.1	JN971073.1_Intraornatospora_intraornata	92.0	98.2	99.0	672
PX215054.1	MT832222_Cetraspora_pellucida	96.3	92.5	100.0	627
PX215054.1	MT832223_Cetraspora_pellucida	95.2	92.5	100.0	627
PX215054.1	JN689226.1_Racocetra_alborosea	95.1	99.7	97.4	676
PX215054.1	FR750143_Racocetra_fulgida	95.0	99.9	100.0	677
PX215054.1	GU385898.1_Racocetra_tropicana	95.0	96.8	99.8	656
PX215054.1	AY900507.1_Racocetra_verrucosa	94.4	96.8	99.8	656
PX215054.1	FR750167_Dentiscutata_heterogama	93.5	99.6	99.7	679
PX215054.1	MT832224_Racocetra_fulgida	93.5	92.0	100.0	627
PX215054.1	Y12076.1_Racocetra_castanea	93.2	97.2	96.5	660
PX215054.1	MT832227_Dentiscutata_erythropus	93.2	92.2	99.7	629
PX215054.1	JN971076.1_Paradentiscutata_martima	92.6	99.7	99.4	679
PX215054.1	MT832226_Dentiscutata_erythropus	92.5	92.2	99.7	629
PX215054.1	AF396782_Gigaspora_margarita	92.5	99.7	99.6	680
PX215054.1	FN547573_Gigaspora_rosea	92.4	99.7	99.6	680
PX215054.1	JN971073.1_Intraornatospora_intraornata	92.1	98.2	99.0	672
PX215054.1	JN971072.1_Paradentiscutata_baiana	91.9	96.2	99.4	657
PX215059.1	MT832222_Cetraspora_pellucida	96.0	92.5	100.0	627
PX215059.1	MT832223_Cetraspora_pellucida	95.2	92.5	100.0	627
PX215059.1	JN689226.1_Racocetra_alborosea	94.8	99.7	97.4	676
PX215059.1	FR750143_Racocetra_fulgida	94.7	99.9	100.0	677
PX215059.1	GU385898.1_Racocetra_tropicana	94.7	96.8	99.8	656
PX215059.1	AY900507.1_Racocetra_verrucosa	94.1	96.8	99.8	656
PX215059.1	FR750167_Dentiscutata_heterogama	93.2	99.6	99.7	679
PX215059.1	MT832224_Racocetra_fulgida	93.1	92.0	100.0	627
PX215059.1	Y12076.1_Racocetra_castanea	92.9	97.2	96.5	660
PX215059.1	MT832227_Dentiscutata_erythropus	92.8	92.2	99.7	629
PX215059.1	JN971076.1_Paradentiscutata_martima	92.3	99.7	99.4	679
PX215059.1	MT832226_Dentiscutata_erythropus	92.2	92.2	99.7	629
PX215059.1	AF396782_Gigaspora_margarita	92.2	99.7	99.6	680
PX215059.1	JN971073.1_Intraornatospora_intraornata	92.1	98.2	99.0	672
PX215059.1	FN547573_Gigaspora_rosea	92.1	99.7	99.6	680
PX215059.1	JN971072.1_Paradentiscutata_baiana	91.6	96.2	99.4	657
PX215063.1	MT832222_Cetraspora_pellucida	96.0	92.5	100.0	627
PX215063.1	MT832223_Cetraspora_pellucida	95.2	92.5	100.0	627
PX215063.1	JN689226.1_Racocetra_alborosea	94.8	99.7	97.4	676
PX215063.1	FR750143_Racocetra_fulgida	94.7	99.9	100.0	677
PX215063.1	GU385898.1_Racocetra_tropicana	94.7	96.8	99.8	656
PX215063.1	AY900507.1_Racocetra_verrucosa	94.1	96.8	99.8	656
PX215063.1	FR750167_Dentiscutata_heterogama	93.2	99.6	99.7	679
PX215063.1	MT832224_Racocetra_fulgida	93.1	92.0	100.0	627
PX215063.1	Y12076.1_Racocetra_castanea	92.9	97.2	96.5	660
PX215063.1	MT832227_Dentiscutata_erythropus	92.8	92.2	99.7	629
PX215063.1	JN971076.1_Paradentiscutata_martima	92.3	99.7	99.4	679
PX215063.1	MT832226_Dentiscutata_erythropus	92.2	92.2	99.7	629
PX215063.1	AF396782_Gigaspora_margarita	92.2	99.7	99.6	680
PX215063.1	JN971073.1_Intraornatospora_intraornata	92.1	98.2	99.0	672
PX215063.1	FN547573_Gigaspora_rosea	92.1	99.7	99.6	680
PX215063.1	JN971072.1_Paradentiscutata_baiana	91.6	96.2	99.4	657
PX215060.1	MT832222_Cetraspora_pellucida	96.0	92.5	100.0	627
PX215060.1	MT832223_Cetraspora_pellucida	95.2	92.5	100.0	627
PX215060.1	JN689226.1_Racocetra_alborosea	94.8	99.7	97.4	676
PX215060.1	FR750143_Racocetra_fulgida	94.7	99.9	100.0	677
PX215060.1	GU385898.1_Racocetra_tropicana	94.7	96.8	99.8	656
PX215060.1	AY900507.1_Racocetra_verrucosa	94.1	96.8	99.8	656
PX215060.1	FR750167_Dentiscutata_heterogama	93.2	99.6	99.7	679
PX215060.1	MT832224_Racocetra_fulgida	93.1	92.0	100.0	627
PX215060.1	Y12076.1_Racocetra_castanea	92.9	97.2	96.5	660
PX215060.1	MT832227_Dentiscutata_erythropus	92.8	92.2	99.7	629
PX215060.1	JN971076.1_Paradentiscutata_martima	92.3	99.7	99.4	679
PX215060.1	MT832226_Dentiscutata_erythropus	92.2	92.2	99.7	629
PX215060.1	AF396782_Gigaspora_margarita	92.2	99.7	99.6	680
PX215060.1	JN971073.1_Intraornatospora_intraornata	92.1	98.2	99.0	672
PX215060.1	FN547573_Gigaspora_rosea	92.1	99.7	99.6	680
PX215060.1	JN971072.1_Paradentiscutata_baiana	91.6	96.2	99.4	657
PX215062.1	MT832222_Cetraspora_pellucida	96.0	92.5	100.0	627
PX215062.1	MT832223_Cetraspora_pellucida	95.2	92.5	100.0	627
PX215062.1	JN689226.1_Racocetra_alborosea	94.8	99.7	97.4	676
PX215062.1	FR750143_Racocetra_fulgida	94.7	99.9	100.0	677
PX215062.1	GU385898.1_Racocetra_tropicana	94.7	96.8	99.8	656
PX215062.1	AY900507.1_Racocetra_verrucosa	94.1	96.8	99.8	656
PX215062.1	FR750167_Dentiscutata_heterogama	93.2	99.6	99.7	679
PX215062.1	MT832224_Racocetra_fulgida	93.1	92.0	100.0	627
PX215062.1	Y12076.1_Racocetra_castanea	92.9	97.2	96.5	660
PX215062.1	MT832227_Dentiscutata_erythropus	92.8	92.2	99.7	629
PX215062.1	JN971076.1_Paradentiscutata_martima	92.3	99.7	99.4	679
PX215062.1	MT832226_Dentiscutata_erythropus	92.2	92.2	99.7	629
PX215062.1	AF396782_Gigaspora_margarita	92.2	99.7	99.6	680
PX215062.1	JN971073.1_Intraornatospora_intraornata	92.1	98.2	99.0	672
PX215062.1	FN547573_Gigaspora_rosea	92.1	99.7	99.6	680
PX215062.1	JN971072.1_Paradentiscutata_baiana	91.6	96.2	99.4	657
PX215064.1	MT832222_Cetraspora_pellucida	96.0	92.5	100.0	627
PX215064.1	MT832223_Cetraspora_pellucida	95.2	92.5	100.0	627
PX215064.1	JN689226.1_Racocetra_alborosea	94.8	99.7	97.4	676
PX215064.1	FR750143_Racocetra_fulgida	94.7	99.9	100.0	677
PX215064.1	GU385898.1_Racocetra_tropicana	94.7	96.8	99.8	656
PX215064.1	AY900507.1_Racocetra_verrucosa	94.1	96.8	99.8	656
PX215064.1	FR750167_Dentiscutata_heterogama	93.2	99.6	99.7	679
PX215064.1	MT832224_Racocetra_fulgida	93.1	92.0	100.0	627
PX215064.1	Y12076.1_Racocetra_castanea	92.9	97.2	96.5	660
PX215064.1	MT832227_Dentiscutata_erythropus	92.8	92.2	99.7	629
PX215064.1	JN971076.1_Paradentiscutata_martima	92.3	99.7	99.4	679
PX215064.1	MT832226_Dentiscutata_erythropus	92.2	92.2	99.7	629
PX215064.1	AF396782_Gigaspora_margarita	92.2	99.7	99.6	680
PX215064.1	JN971073.1_Intraornatospora_intraornata	92.1	98.2	99.0	672
PX215064.1	FN547573_Gigaspora_rosea	92.1	99.7	99.6	680
PX215064.1	JN971072.1_Paradentiscutata_baiana	91.6	96.2	99.4	657
PX215061.1	MT832222_Cetraspora_pellucida	96.0	92.5	100.0	627
PX215061.1	MT832223_Cetraspora_pellucida	95.2	92.5	100.0	627
PX215061.1	JN689226.1_Racocetra_alborosea	94.8	99.7	97.4	676
PX215061.1	FR750143_Racocetra_fulgida	94.7	99.9	100.0	677
PX215061.1	GU385898.1_Racocetra_tropicana	94.7	96.8	99.8	656
PX215061.1	AY900507.1_Racocetra_verrucosa	94.1	96.8	99.8	656
PX215061.1	FR750167_Dentiscutata_heterogama	93.2	99.6	99.7	679
PX215061.1	MT832224_Racocetra_fulgida	93.1	92.0	100.0	627
PX215061.1	Y12076.1_Racocetra_castanea	92.9	97.2	96.5	660
PX215061.1	MT832227_Dentiscutata_erythropus	92.8	92.2	99.7	629
PX215061.1	JN971076.1_Paradentiscutata_martima	92.3	99.7	99.4	679
PX215061.1	MT832226_Dentiscutata_erythropus	92.2	92.2	99.7	629
PX215061.1	AF396782_Gigaspora_margarita	92.2	99.7	99.6	680
PX215061.1	JN971073.1_Intraornatospora_intraornata	92.1	98.2	99.0	672
PX215061.1	FN547573_Gigaspora_rosea	92.1	99.7	99.6	680
PX215061.1	JN971072.1_Paradentiscutata_baiana	91.6	96.2	99.4	657
PX215065.1	MT832222_Cetraspora_pellucida	95.9	92.3	100.0	628
PX215065.1	MT832223_Cetraspora_pellucida	95.4	92.3	100.0	628
PX215065.1	JN689226.1_Racocetra_alborosea	95.0	99.6	97.4	677
PX215065.1	FR750143_Racocetra_fulgida	94.8	99.7	100.0	678
PX215065.1	GU385898.1_Racocetra_tropicana	94.8	96.6	99.8	657
PX215065.1	AY900507.1_Racocetra_verrucosa	94.5	96.6	99.8	657
PX215065.1	Y12076.1_Racocetra_castanea	93.3	97.1	96.5	661
PX215065.1	MT832224_Racocetra_fulgida	93.3	91.9	100.0	628
PX215065.1	FR750167_Dentiscutata_heterogama	93.2	99.6	99.9	679
PX215065.1	MT832227_Dentiscutata_erythropus	92.8	92.2	99.8	629
PX215065.1	JN971076.1_Paradentiscutata_martima	92.6	99.7	99.6	679
PX215065.1	JN971073.1_Intraornatospora_intraornata	92.4	98.2	99.1	672
PX215065.1	AF396782_Gigaspora_margarita	92.4	99.7	99.7	680
PX215065.1	FN547573_Gigaspora_rosea	92.2	99.7	99.7	680
PX215065.1	JN971072.1_Paradentiscutata_baiana	91.9	96.2	99.5	657
PX215065.1	FR750149_Scutellospora_spinosissima	90.7	99.9	100.0	678
PX215066.1	MT832222_Cetraspora_pellucida	95.9	92.3	100.0	628
PX215066.1	MT832223_Cetraspora_pellucida	95.4	92.3	100.0	628
PX215066.1	JN689226.1_Racocetra_alborosea	95.0	99.6	97.4	677
PX215066.1	FR750143_Racocetra_fulgida	94.8	99.7	100.0	678
PX215066.1	GU385898.1_Racocetra_tropicana	94.8	96.6	99.8	657
PX215066.1	AY900507.1_Racocetra_verrucosa	94.5	96.6	99.8	657
PX215066.1	Y12076.1_Racocetra_castanea	93.3	97.1	96.5	661
PX215066.1	MT832224_Racocetra_fulgida	93.3	91.9	100.0	628
PX215066.1	FR750167_Dentiscutata_heterogama	93.2	99.6	99.9	679
PX215066.1	MT832227_Dentiscutata_erythropus	92.8	92.2	99.8	629
PX215066.1	JN971076.1_Paradentiscutata_martima	92.6	99.7	99.6	679
PX215066.1	JN971073.1_Intraornatospora_intraornata	92.4	98.2	99.1	672
PX215066.1	AF396782_Gigaspora_margarita	92.4	99.7	99.7	680
PX215066.1	FN547573_Gigaspora_rosea	92.2	99.7	99.7	680
PX215066.1	JN971072.1_Paradentiscutata_baiana	91.9	96.2	99.5	657
PX215066.1	FR750149_Scutellospora_spinosissima	90.7	99.9	100.0	678
PX215067.1	MT832222_Cetraspora_pellucida	96.3	92.5	100.0	627
PX215067.1	MT832223_Cetraspora_pellucida	95.2	92.5	100.0	627
PX215067.1	FR750143_Racocetra_fulgida	95.0	99.9	100.0	677
PX215067.1	JN689226.1_Racocetra_alborosea	94.8	99.7	97.4	676
PX215067.1	GU385898.1_Racocetra_tropicana	94.7	96.8	99.8	656
PX215067.1	AY900507.1_Racocetra_verrucosa	94.7	96.8	99.8	656
PX215067.1	Y12076.1_Racocetra_castanea	93.5	97.2	96.5	660
PX215067.1	MT832224_Racocetra_fulgida	93.5	92.0	100.0	627
PX215067.1	FR750167_Dentiscutata_heterogama	93.2	99.6	99.7	679
PX215067.1	JN971076.1_Paradentiscutata_martima	92.6	99.7	99.4	679
PX215067.1	MT832227_Dentiscutata_erythropus	92.5	92.2	99.7	629
PX215067.1	MT832229_Dentiscutata_heterogama	92.5	92.2	99.7	629
PX215067.1	AF396782_Gigaspora_margarita	92.4	99.7	99.6	680
PX215067.1	JN971073.1_Intraornatospora_intraornata	92.1	98.2	99.0	672
PX215067.1	FN547573_Gigaspora_rosea	91.9	99.7	99.6	680
PX215067.1	JQ231201.1_Paradentiscutata_baiana	90.9	97.0	99.7	660
PX215068.1	MT832222_Cetraspora_pellucida	96.3	92.3	100.0	628
PX215068.1	JN689226.1_Racocetra_alborosea	95.4	99.6	97.4	677
PX215068.1	GU385898.1_Racocetra_tropicana	95.3	96.6	99.8	657
PX215068.1	MT832223_Cetraspora_pellucida	95.2	92.3	100.0	628
PX215068.1	FR750143_Racocetra_fulgida	94.7	99.7	100.0	678
PX215068.1	AY900507.1_Racocetra_verrucosa	94.7	96.6	99.8	657
PX215068.1	MT832224_Racocetra_fulgida	93.6	91.9	100.0	628
PX215068.1	Y12076.1_Racocetra_castanea	93.0	97.1	96.5	661
PX215068.1	FR750167_Dentiscutata_heterogama	92.9	99.4	99.7	680
PX215068.1	MT832226_Dentiscutata_erythropus	92.5	92.0	99.7	630
PX215068.1	MT832227_Dentiscutata_erythropus	92.4	92.0	99.7	630
PX215068.1	JN971076.1_Paradentiscutata_martima	91.8	99.6	99.4	680
PX215068.1	AF396782_Gigaspora_margarita	91.6	99.6	99.6	681
PX215068.1	JN971073.1_Intraornatospora_intraornata	91.5	98.1	99.0	673
PX215068.1	FR750149_Scutellospora_spinosissima	90.4	99.7	99.9	679
PX215068.1	MT832221_Scutellospora_dipurpurascens	89.5	92.6	96.9	648
PX215072.1	MT832222_Cetraspora_pellucida	95.7	92.3	100.0	628
PX215072.1	MT832223_Cetraspora_pellucida	95.2	92.3	100.0	628
PX215072.1	JN689226.1_Racocetra_alborosea	94.8	99.6	97.4	677
PX215072.1	FR750143_Racocetra_fulgida	94.7	99.7	100.0	678
PX215072.1	GU385898.1_Racocetra_tropicana	94.7	96.6	99.8	657
PX215072.1	AY900507.1_Racocetra_verrucosa	94.1	96.6	99.8	657
PX215072.1	MT832224_Racocetra_fulgida	93.2	91.9	100.0	628
PX215072.1	FR750167_Dentiscutata_heterogama	93.1	99.6	99.9	679
PX215072.1	Y12076.1_Racocetra_castanea	92.9	97.1	96.5	661
PX215072.1	MT832227_Dentiscutata_erythropus	92.7	92.2	99.8	629
PX215072.1	JN971076.1_Paradentiscutata_martima	92.2	99.7	99.6	679
PX215072.1	JN971073.1_Intraornatospora_intraornata	92.0	98.2	99.1	672
PX215072.1	AF396782_Gigaspora_margarita	91.9	99.7	99.7	680
PX215072.1	FN547573_Gigaspora_rosea	91.8	99.7	99.7	680
PX215072.1	JN971072.1_Paradentiscutata_baiana	91.5	96.2	99.5	657
PX215072.1	JQ231201.1_Paradentiscutata_baiana	90.2	97.1	99.8	660
PX215071.1	MT832222_Cetraspora_pellucida	95.7	92.3	100.0	628
PX215071.1	MT832223_Cetraspora_pellucida	95.2	92.3	100.0	628
PX215071.1	JN689226.1_Racocetra_alborosea	94.8	99.6	97.4	677
PX215071.1	FR750143_Racocetra_fulgida	94.7	99.7	100.0	678
PX215071.1	GU385898.1_Racocetra_tropicana	94.7	96.6	99.8	657
PX215071.1	AY900507.1_Racocetra_verrucosa	94.1	96.6	99.8	657
PX215071.1	MT832224_Racocetra_fulgida	93.2	91.9	100.0	628
PX215071.1	FR750167_Dentiscutata_heterogama	93.1	99.6	99.9	679
PX215071.1	Y12076.1_Racocetra_castanea	92.9	97.1	96.5	661
PX215071.1	MT832227_Dentiscutata_erythropus	92.7	92.2	99.8	629
PX215071.1	JN971076.1_Paradentiscutata_martima	92.2	99.7	99.6	679
PX215071.1	JN971073.1_Intraornatospora_intraornata	92.0	98.2	99.1	672
PX215071.1	AF396782_Gigaspora_margarita	91.9	99.7	99.7	680
PX215071.1	FN547573_Gigaspora_rosea	91.8	99.7	99.7	680
PX215071.1	JN971072.1_Paradentiscutata_baiana	91.5	96.2	99.5	657
PX215071.1	JQ231201.1_Paradentiscutata_baiana	90.2	97.1	99.8	660
PX215070.1	MT832222_Cetraspora_pellucida	95.7	92.3	100.0	628
PX215070.1	MT832223_Cetraspora_pellucida	95.2	92.3	100.0	628
PX215070.1	JN689226.1_Racocetra_alborosea	94.8	99.6	97.4	677
PX215070.1	FR750143_Racocetra_fulgida	94.7	99.7	100.0	678
PX215070.1	GU385898.1_Racocetra_tropicana	94.7	96.6	99.8	657
PX215070.1	AY900507.1_Racocetra_verrucosa	94.1	96.6	99.8	657
PX215070.1	MT832224_Racocetra_fulgida	93.2	91.9	100.0	628
PX215070.1	FR750167_Dentiscutata_heterogama	93.1	99.6	99.9	679
PX215070.1	Y12076.1_Racocetra_castanea	92.9	97.1	96.5	661
PX215070.1	MT832227_Dentiscutata_erythropus	92.7	92.2	99.8	629
PX215070.1	JN971076.1_Paradentiscutata_martima	92.2	99.7	99.6	679
PX215070.1	JN971073.1_Intraornatospora_intraornata	92.0	98.2	99.1	672
PX215070.1	AF396782_Gigaspora_margarita	91.9	99.7	99.7	680
PX215070.1	FN547573_Gigaspora_rosea	91.8	99.7	99.7	680
PX215070.1	JN971072.1_Paradentiscutata_baiana	91.5	96.2	99.5	657
PX215070.1	JQ231201.1_Paradentiscutata_baiana	90.2	97.1	99.8	660
PX215069.1	MT832222_Cetraspora_pellucida	95.7	92.3	100.0	628
PX215069.1	MT832223_Cetraspora_pellucida	95.2	92.3	100.0	628
PX215069.1	JN689226.1_Racocetra_alborosea	94.8	99.6	97.4	677
PX215069.1	FR750143_Racocetra_fulgida	94.7	99.7	100.0	678
PX215069.1	GU385898.1_Racocetra_tropicana	94.7	96.6	99.8	657
PX215069.1	AY900507.1_Racocetra_verrucosa	94.1	96.6	99.8	657
PX215069.1	MT832224_Racocetra_fulgida	93.2	91.9	100.0	628
PX215069.1	FR750167_Dentiscutata_heterogama	93.1	99.6	99.9	679
PX215069.1	Y12076.1_Racocetra_castanea	92.9	97.1	96.5	661
PX215069.1	MT832227_Dentiscutata_erythropus	92.7	92.2	99.8	629
PX215069.1	JN971076.1_Paradentiscutata_martima	92.2	99.7	99.6	679
PX215069.1	JN971073.1_Intraornatospora_intraornata	92.0	98.2	99.1	672
PX215069.1	AF396782_Gigaspora_margarita	91.9	99.7	99.7	680
PX215069.1	FN547573_Gigaspora_rosea	91.8	99.7	99.7	680
PX215069.1	JN971072.1_Paradentiscutata_baiana	91.5	96.2	99.5	657
PX215069.1	JQ231201.1_Paradentiscutata_baiana	90.2	97.1	99.8	660
PX215074.1	FR750167_Dentiscutata_heterogama	98.1	100.0	100.0	676
PX215074.1	MT832227_Dentiscutata_erythropus	97.6	92.6	100.0	626
PX215074.1	MT832228_Dentiscutata_heterogama	97.4	92.5	100.0	626
PX215074.1	MT832226_Dentiscutata_erythropus	97.3	92.6	100.0	626
PX215074.1	MT832229_Dentiscutata_heterogama	97.3	92.6	100.0	626
PX215074.1	MT832225_Dentiscutata_nigra	96.3	92.5	100.0	626
PX215074.1	AF396782_Gigaspora_margarita	94.5	100.0	99.7	678
PX215074.1	JN971073.1_Intraornatospora_intraornata	94.2	98.5	99.1	670
PX215074.1	JN971076.1_Paradentiscutata_martima	93.8	99.9	99.4	678
PX215074.1	JN971072.1_Paradentiscutata_baiana	93.3	96.4	99.5	655
PX215074.1	MT832222_Cetraspora_pellucida	93.2	92.3	99.7	628
PX215074.1	FR750143_Racocetra_fulgida	92.6	99.7	99.7	678
PX215074.1	JQ231201.1_Paradentiscutata_baiana	92.6	97.0	99.5	660
PX215074.1	JN689226.1_Racocetra_alborosea	92.2	99.6	97.1	677
PX215074.1	GU385898.1_Racocetra_tropicana	91.9	96.6	99.5	657
PX215074.1	FR750149_Scutellospora_spinosissima	90.4	99.9	99.7	678
PX215079.1	MT832233_Gigaspora_rosea	96.8	92.3	100.0	628
PX215079.1	FN547573_Gigaspora_rosea	96.8	100.0	100.0	678
PX215079.1	AF396782_Gigaspora_margarita	94.7	100.0	100.0	678
PX215079.1	MT832230_Gigaspora_margarita	94.4	92.6	100.0	628
PX215079.1	MT832237_Gigaspora_gigantea	93.8	92.2	100.0	628
PX215079.1	MT832238_Gigaspora_gigantea	93.6	92.5	100.0	628
PX215079.1	MT832231_Gigaspora_margarita	93.3	92.6	100.0	628
PX215079.1	MT832235_Gigaspora_albida	93.2	92.5	100.0	629
PX215079.1	JN971073.1_Intraornatospora_intraornata	93.0	98.5	99.4	670
PX215079.1	MT832227_Dentiscutata_erythropus	92.7	92.3	100.0	628
PX215079.1	FR750167_Dentiscutata_heterogama	92.6	99.7	100.0	678
PX215079.1	JN971076.1_Paradentiscutata_martima	92.6	99.9	99.7	678
PX215079.1	MT832232_Gigaspora_margarita	92.5	92.5	100.0	628
PX215079.1	MT832236_Gigaspora_albida	92.2	92.5	100.0	629
PX215079.1	JN971072.1_Paradentiscutata_baiana	91.8	96.5	99.8	655
PX215079.1	FR750143_Racocetra_fulgida	91.0	99.6	99.9	679
PX215080.1	MT832233_Gigaspora_rosea	96.8	92.3	100.0	628
PX215080.1	FN547573_Gigaspora_rosea	96.8	100.0	100.0	678
PX215080.1	AF396782_Gigaspora_margarita	94.7	100.0	100.0	678
PX215080.1	MT832230_Gigaspora_margarita	94.4	92.6	100.0	628
PX215080.1	MT832237_Gigaspora_gigantea	93.8	92.2	100.0	628
PX215080.1	MT832238_Gigaspora_gigantea	93.6	92.5	100.0	628
PX215080.1	MT832231_Gigaspora_margarita	93.3	92.6	100.0	628
PX215080.1	MT832235_Gigaspora_albida	93.2	92.5	100.0	629
PX215080.1	JN971073.1_Intraornatospora_intraornata	93.0	98.5	99.4	670
PX215080.1	MT832227_Dentiscutata_erythropus	92.7	92.3	100.0	628
PX215080.1	FR750167_Dentiscutata_heterogama	92.6	99.7	100.0	678
PX215080.1	JN971076.1_Paradentiscutata_martima	92.6	99.9	99.7	678
PX215080.1	MT832232_Gigaspora_margarita	92.5	92.5	100.0	628
PX215080.1	MT832236_Gigaspora_albida	92.2	92.5	100.0	629
PX215080.1	JN971072.1_Paradentiscutata_baiana	91.8	96.5	99.8	655
PX215080.1	FR750143_Racocetra_fulgida	91.0	99.6	99.9	679
PX215073.1	FR750167_Dentiscutata_heterogama	98.5	100.0	100.0	676
PX215073.1	MT832227_Dentiscutata_erythropus	98.1	92.6	100.0	626
PX215073.1	MT832229_Dentiscutata_heterogama	98.1	92.6	100.0	626
PX215073.1	MT832228_Dentiscutata_heterogama	97.6	92.5	100.0	626
PX215073.1	MT832226_Dentiscutata_erythropus	97.4	92.6	100.0	626
PX215073.1	MT832225_Dentiscutata_nigra	97.1	92.5	100.0	626
PX215073.1	AF396782_Gigaspora_margarita	94.7	100.0	99.7	678
PX215073.1	JN971073.1_Intraornatospora_intraornata	94.3	98.5	99.1	670
PX215073.1	MT832232_Gigaspora_margarita	93.9	92.5	99.7	628
PX215073.1	JN971076.1_Paradentiscutata_martima	93.7	99.9	99.4	678
PX215073.1	MT832233_Gigaspora_rosea	93.5	92.5	99.8	627
PX215073.1	JN971072.1_Paradentiscutata_baiana	93.4	96.4	99.5	655
PX215073.1	FR750143_Racocetra_fulgida	93.1	99.7	99.7	678
PX215073.1	JN689226.1_Racocetra_alborosea	92.9	99.6	97.1	677
PX215073.1	GU385898.1_Racocetra_tropicana	92.7	96.6	99.5	657
PX215073.1	JQ231201.1_Paradentiscutata_baiana	92.4	97.0	99.5	660
PX215076.1	FR750167_Dentiscutata_heterogama	98.7	100.0	100.0	676
PX215076.1	MT832228_Dentiscutata_heterogama	98.4	92.5	100.0	626
PX215076.1	MT832227_Dentiscutata_erythropus	98.2	92.6	100.0	626
PX215076.1	MT832226_Dentiscutata_erythropus	97.9	92.6	100.0	626
PX215076.1	MT832229_Dentiscutata_heterogama	97.9	92.6	100.0	626
PX215076.1	MT832225_Dentiscutata_nigra	97.0	92.5	100.0	626
PX215076.1	AF396782_Gigaspora_margarita	94.5	100.0	99.7	678
PX215076.1	JN971073.1_Intraornatospora_intraornata	94.5	98.5	99.1	670
PX215076.1	JN971076.1_Paradentiscutata_martima	93.8	99.9	99.4	678
PX215076.1	MT832222_Cetraspora_pellucida	93.8	92.3	99.7	628
PX215076.1	JN971072.1_Paradentiscutata_baiana	93.6	96.4	99.5	655
PX215076.1	MT832233_Gigaspora_rosea	93.3	92.5	99.8	627
PX215076.1	FR750143_Racocetra_fulgida	92.9	99.7	99.7	678
PX215076.1	JN689226.1_Racocetra_alborosea	92.8	99.6	97.1	677
PX215076.1	JQ231201.1_Paradentiscutata_baiana	92.7	97.0	99.5	660
PX215076.1	GU385898.1_Racocetra_tropicana	92.5	96.6	99.5	657
PX215075.1	FR750167_Dentiscutata_heterogama	98.7	100.0	100.0	676
PX215075.1	MT832228_Dentiscutata_heterogama	98.4	92.5	100.0	626
PX215075.1	MT832227_Dentiscutata_erythropus	98.2	92.6	100.0	626
PX215075.1	MT832226_Dentiscutata_erythropus	97.9	92.6	100.0	626
PX215075.1	MT832229_Dentiscutata_heterogama	97.9	92.6	100.0	626
PX215075.1	MT832225_Dentiscutata_nigra	97.0	92.5	100.0	626
PX215075.1	AF396782_Gigaspora_margarita	94.8	100.0	99.7	678
PX215075.1	JN971073.1_Intraornatospora_intraornata	94.5	98.5	99.1	670
PX215075.1	MT832234_Gigaspora_albida	94.3	92.5	99.7	628
PX215075.1	JN971076.1_Paradentiscutata_martima	93.8	99.9	99.4	678
PX215075.1	JN971072.1_Paradentiscutata_baiana	93.6	96.4	99.5	655
PX215075.1	MT832233_Gigaspora_rosea	93.3	92.5	99.8	627
PX215075.1	FR750143_Racocetra_fulgida	92.9	99.7	99.7	678
PX215075.1	JN689226.1_Racocetra_alborosea	92.8	99.6	97.1	677
PX215075.1	JQ231201.1_Paradentiscutata_baiana	92.6	97.0	99.5	660
PX215075.1	GU385898.1_Racocetra_tropicana	92.5	96.6	99.5	657
PX215081.1	MT832233_Gigaspora_rosea	96.8	92.3	100.0	628
PX215081.1	FN547573_Gigaspora_rosea	96.8	100.0	100.0	678
PX215081.1	AF396782_Gigaspora_margarita	94.7	100.0	100.0	678
PX215081.1	MT832230_Gigaspora_margarita	94.4	92.6	100.0	628
PX215081.1	MT832237_Gigaspora_gigantea	93.8	92.2	100.0	628
PX215081.1	MT832238_Gigaspora_gigantea	93.6	92.5	100.0	628
PX215081.1	MT832231_Gigaspora_margarita	93.3	92.6	100.0	628
PX215081.1	MT832235_Gigaspora_albida	93.2	92.5	100.0	629
PX215081.1	JN971073.1_Intraornatospora_intraornata	93.0	98.5	99.4	670
PX215081.1	MT832227_Dentiscutata_erythropus	92.7	92.3	100.0	628
PX215081.1	FR750167_Dentiscutata_heterogama	92.6	99.7	100.0	678
PX215081.1	JN971076.1_Paradentiscutata_martima	92.6	99.9	99.7	678
PX215081.1	MT832232_Gigaspora_margarita	92.5	92.5	100.0	628
PX215081.1	MT832236_Gigaspora_albida	92.2	92.5	100.0	629
PX215081.1	JN971072.1_Paradentiscutata_baiana	91.8	96.5	99.8	655
PX215081.1	FR750143_Racocetra_fulgida	91.0	99.6	99.9	679
PX215083.1	MT832233_Gigaspora_rosea	96.8	92.3	100.0	628
PX215083.1	FN547573_Gigaspora_rosea	96.8	100.0	100.0	678
PX215083.1	AF396782_Gigaspora_margarita	94.7	100.0	100.0	678
PX215083.1	MT832230_Gigaspora_margarita	94.4	92.6	100.0	628
PX215083.1	MT832237_Gigaspora_gigantea	93.8	92.2	100.0	628
PX215083.1	MT832238_Gigaspora_gigantea	93.6	92.5	100.0	628
PX215083.1	MT832231_Gigaspora_margarita	93.3	92.6	100.0	628
PX215083.1	MT832235_Gigaspora_albida	93.2	92.5	100.0	629
PX215083.1	JN971073.1_Intraornatospora_intraornata	93.0	98.5	99.4	670
PX215083.1	MT832227_Dentiscutata_erythropus	92.7	92.3	100.0	628
PX215083.1	FR750167_Dentiscutata_heterogama	92.6	99.7	100.0	678
PX215083.1	JN971076.1_Paradentiscutata_martima	92.6	99.9	99.7	678
PX215083.1	MT832232_Gigaspora_margarita	92.5	92.5	100.0	628
PX215083.1	MT832236_Gigaspora_albida	92.2	92.5	100.0	629
PX215083.1	JN971072.1_Paradentiscutata_baiana	91.8	96.5	99.8	655
PX215083.1	FR750143_Racocetra_fulgida	91.0	99.6	99.9	679
PX215082.1	MT832233_Gigaspora_rosea	96.7	92.3	100.0	628
PX215082.1	FN547573_Gigaspora_rosea	96.6	100.0	100.0	678
PX215082.1	AF396782_Gigaspora_margarita	94.5	100.0	100.0	678
PX215082.1	MT832230_Gigaspora_margarita	94.3	92.6	100.0	628
PX215082.1	MT832237_Gigaspora_gigantea	93.6	92.2	100.0	628
PX215082.1	MT832238_Gigaspora_gigantea	93.6	92.5	100.0	628
PX215082.1	MT832231_Gigaspora_margarita	93.2	92.6	100.0	628
PX215082.1	MT832235_Gigaspora_albida	93.0	92.5	100.0	629
PX215082.1	JN971073.1_Intraornatospora_intraornata	92.8	98.5	99.4	670
PX215082.1	MT832227_Dentiscutata_erythropus	92.5	92.3	100.0	628
PX215082.1	FR750167_Dentiscutata_heterogama	92.5	99.7	100.0	678
PX215082.1	JN971076.1_Paradentiscutata_martima	92.5	99.9	99.7	678
PX215082.1	MT832232_Gigaspora_margarita	92.4	92.5	100.0	628
PX215082.1	MT832236_Gigaspora_albida	92.1	92.5	100.0	629
PX215082.1	JN971072.1_Paradentiscutata_baiana	91.6	96.5	99.8	655
PX215082.1	FR750143_Racocetra_fulgida	90.9	99.6	99.9	679
PX215078.1	MT832229_Dentiscutata_heterogama	99.0	92.6	100.0	626
PX215078.1	FR750167_Dentiscutata_heterogama	98.2	100.0	100.0	676
PX215078.1	MT832227_Dentiscutata_erythropus	97.8	92.6	100.0	626
PX215078.1	MT832225_Dentiscutata_nigra	97.1	92.5	100.0	626
PX215078.1	MT832226_Dentiscutata_erythropus	97.1	92.6	100.0	626
PX215078.1	MT832228_Dentiscutata_heterogama	97.0	92.5	100.0	626
PX215078.1	AF396782_Gigaspora_margarita	94.8	100.0	99.7	678
PX215078.1	JN971073.1_Intraornatospora_intraornata	94.3	98.5	99.1	670
PX215078.1	MT832232_Gigaspora_margarita	94.1	92.5	99.7	628
PX215078.1	JN971076.1_Paradentiscutata_martima	93.8	99.9	99.4	678
PX215078.1	MT832233_Gigaspora_rosea	93.8	92.5	99.8	627
PX215078.1	JN971072.1_Paradentiscutata_baiana	93.6	96.4	99.5	655
PX215078.1	FN547573_Gigaspora_rosea	93.2	100.0	99.7	678
PX215078.1	FR750143_Racocetra_fulgida	92.8	99.7	99.7	678
PX215078.1	JN689226.1_Racocetra_alborosea	92.8	99.6	97.1	677
PX215078.1	JQ231201.1_Paradentiscutata_baiana	92.6	97.0	99.5	660
PX215077.1	MT832229_Dentiscutata_heterogama	99.2	92.6	100.0	626
PX215077.1	FR750167_Dentiscutata_heterogama	98.4	100.0	100.0	676
PX215077.1	MT832227_Dentiscutata_erythropus	97.9	92.6	100.0	626
PX215077.1	MT832226_Dentiscutata_erythropus	97.3	92.6	100.0	626
PX215077.1	MT832228_Dentiscutata_heterogama	97.1	92.5	100.0	626
PX215077.1	MT832225_Dentiscutata_nigra	97.0	92.5	100.0	626
PX215077.1	AF396782_Gigaspora_margarita	95.0	100.0	99.7	678
PX215077.1	JN971073.1_Intraornatospora_intraornata	94.5	98.5	99.1	670
PX215077.1	MT832232_Gigaspora_margarita	94.3	92.5	99.7	628
PX215077.1	JN971076.1_Paradentiscutata_martima	94.0	99.9	99.4	678
PX215077.1	MT832233_Gigaspora_rosea	93.9	92.5	99.8	627
PX215077.1	JN971072.1_Paradentiscutata_baiana	93.7	96.4	99.5	655
PX215077.1	FN547573_Gigaspora_rosea	93.4	100.0	99.7	678
PX215077.1	FR750143_Racocetra_fulgida	92.9	99.7	99.7	678
PX215077.1	JN689226.1_Racocetra_alborosea	92.9	99.6	97.1	677
PX215077.1	JQ231201.1_Paradentiscutata_baiana	92.7	97.0	99.5	660
PX215084.1	FN547573_Gigaspora_rosea	97.2	100.0	100.0	678
PX215084.1	MT832233_Gigaspora_rosea	96.7	92.3	100.0	628
PX215084.1	AF396782_Gigaspora_margarita	94.8	100.0	100.0	678
PX215084.1	MT832230_Gigaspora_margarita	94.6	92.6	100.0	628
PX215084.1	MT832237_Gigaspora_gigantea	93.6	92.2	100.0	628
PX215084.1	MT832231_Gigaspora_margarita	93.5	92.6	100.0	628
PX215084.1	MT832238_Gigaspora_gigantea	93.5	92.5	100.0	628
PX215084.1	MT832235_Gigaspora_albida	93.0	92.5	100.0	629
PX215084.1	JN971073.1_Intraornatospora_intraornata	92.8	98.5	99.4	670
PX215084.1	MT832227_Dentiscutata_erythropus	92.8	92.3	100.0	628
PX215084.1	FR750167_Dentiscutata_heterogama	92.8	99.7	100.0	678
PX215084.1	JN971076.1_Paradentiscutata_martima	92.8	99.9	99.7	678
PX215084.1	MT832232_Gigaspora_margarita	92.7	92.5	100.0	628
PX215084.1	MT832236_Gigaspora_albida	92.1	92.5	100.0	629
PX215084.1	JN971072.1_Paradentiscutata_baiana	91.9	96.5	99.8	655
PX215084.1	FR750143_Racocetra_fulgida	91.2	99.6	99.9	679
PX215087.1	FN547573_Gigaspora_rosea	96.9	100.0	99.9	678
PX215087.1	MT832233_Gigaspora_rosea	96.7	92.3	99.8	628
PX215087.1	AF396782_Gigaspora_margarita	94.8	100.0	99.9	678
PX215087.1	MT832230_Gigaspora_margarita	94.6	92.6	99.8	628
PX215087.1	MT832231_Gigaspora_margarita	93.5	92.6	99.8	628
PX215087.1	MT832237_Gigaspora_gigantea	93.3	92.3	100.0	627
PX215087.1	MT832238_Gigaspora_gigantea	93.1	92.6	100.0	627
PX215087.1	MT832235_Gigaspora_albida	93.0	92.5	99.8	629
PX215087.1	MT832227_Dentiscutata_erythropus	92.8	92.3	99.8	628
PX215087.1	FR750167_Dentiscutata_heterogama	92.8	99.7	99.9	678
PX215087.1	JN971076.1_Paradentiscutata_martima	92.8	99.9	99.6	678
PX215087.1	JN971073.1_Intraornatospora_intraornata	92.4	98.5	99.3	670
PX215087.1	MT832232_Gigaspora_margarita	92.3	92.6	100.0	627
PX215087.1	JN971072.1_Paradentiscutata_baiana	91.9	96.5	99.7	655
PX215087.1	JQ231201.1_Paradentiscutata_baiana	91.5	97.0	99.7	660
PX215087.1	FR750143_Racocetra_fulgida	91.2	99.7	99.9	678
PX215086.1	FN547573_Gigaspora_rosea	96.9	100.0	100.0	678
PX215086.1	MT832233_Gigaspora_rosea	96.3	92.3	100.0	628
PX215086.1	AF396782_Gigaspora_margarita	94.5	100.0	100.0	678
PX215086.1	MT832230_Gigaspora_margarita	94.3	92.6	100.0	628
PX215086.1	MT832237_Gigaspora_gigantea	93.3	92.2	100.0	628
PX215086.1	MT832231_Gigaspora_margarita	93.2	92.6	100.0	628
PX215086.1	MT832238_Gigaspora_gigantea	93.2	92.5	100.0	628
PX215086.1	MT832235_Gigaspora_albida	92.7	92.5	100.0	629
PX215086.1	JN971073.1_Intraornatospora_intraornata	92.5	98.5	99.4	670
PX215086.1	MT832227_Dentiscutata_erythropus	92.5	92.3	100.0	628
PX215086.1	FR750167_Dentiscutata_heterogama	92.5	99.7	100.0	678
PX215086.1	JN971076.1_Paradentiscutata_martima	92.5	99.9	99.7	678
PX215086.1	MT832232_Gigaspora_margarita	92.4	92.5	100.0	628
PX215086.1	JN971072.1_Paradentiscutata_baiana	91.6	96.5	99.8	655
PX215086.1	JQ231201.1_Paradentiscutata_baiana	91.2	97.1	99.8	660
PX215086.1	FR750143_Racocetra_fulgida	90.9	99.6	99.9	679
PX215088.1	FN547573_Gigaspora_rosea	96.9	100.0	99.9	678
PX215088.1	MT832233_Gigaspora_rosea	96.7	92.3	99.8	628
PX215088.1	AF396782_Gigaspora_margarita	94.8	100.0	99.9	678
PX215088.1	MT832230_Gigaspora_margarita	94.6	92.6	99.8	628
PX215088.1	MT832231_Gigaspora_margarita	93.5	92.6	99.8	628
PX215088.1	MT832237_Gigaspora_gigantea	93.3	92.3	100.0	627
PX215088.1	MT832238_Gigaspora_gigantea	93.1	92.6	100.0	627
PX215088.1	MT832235_Gigaspora_albida	93.0	92.5	99.8	629
PX215088.1	MT832227_Dentiscutata_erythropus	92.8	92.3	99.8	628
PX215088.1	FR750167_Dentiscutata_heterogama	92.8	99.7	99.9	678
PX215088.1	JN971076.1_Paradentiscutata_martima	92.8	99.9	99.6	678
PX215088.1	JN971073.1_Intraornatospora_intraornata	92.4	98.5	99.3	670
PX215088.1	MT832232_Gigaspora_margarita	92.3	92.6	100.0	627
PX215088.1	JN971072.1_Paradentiscutata_baiana	91.9	96.5	99.7	655
PX215088.1	JQ231201.1_Paradentiscutata_baiana	91.5	97.0	99.7	660
PX215088.1	FR750143_Racocetra_fulgida	91.2	99.7	99.9	678
PX215085.1	FN547573_Gigaspora_rosea	97.2	100.0	100.0	678
PX215085.1	MT832233_Gigaspora_rosea	96.7	92.3	100.0	628
PX215085.1	AF396782_Gigaspora_margarita	94.8	100.0	100.0	678
PX215085.1	MT832230_Gigaspora_margarita	94.6	92.6	100.0	628
PX215085.1	MT832237_Gigaspora_gigantea	93.6	92.2	100.0	628
PX215085.1	MT832231_Gigaspora_margarita	93.5	92.6	100.0	628
PX215085.1	MT832238_Gigaspora_gigantea	93.5	92.5	100.0	628
PX215085.1	MT832235_Gigaspora_albida	93.0	92.5	100.0	629
PX215085.1	JN971073.1_Intraornatospora_intraornata	92.8	98.5	99.4	670
PX215085.1	MT832227_Dentiscutata_erythropus	92.8	92.3	100.0	628
PX215085.1	FR750167_Dentiscutata_heterogama	92.8	99.7	100.0	678
PX215085.1	JN971076.1_Paradentiscutata_martima	92.8	99.9	99.7	678
PX215085.1	MT832232_Gigaspora_margarita	92.7	92.5	100.0	628
PX215085.1	MT832236_Gigaspora_albida	92.1	92.5	100.0	629
PX215085.1	JN971072.1_Paradentiscutata_baiana	91.9	96.5	99.8	655
PX215085.1	FR750143_Racocetra_fulgida	91.2	99.6	99.9	679
PX215089.1	FN547573_Gigaspora_rosea	96.3	99.9	100.0	679
PX215089.1	MT832233_Gigaspora_rosea	96.0	92.2	100.0	629
PX215089.1	MT832230_Gigaspora_margarita	94.6	92.5	100.0	629
PX215089.1	AF396782_Gigaspora_margarita	94.6	99.9	100.0	679
PX215089.1	MT832237_Gigaspora_gigantea	94.0	92.0	100.0	629
PX215089.1	MT832238_Gigaspora_gigantea	93.8	92.3	100.0	629
PX215089.1	MT832235_Gigaspora_albida	93.7	92.3	100.0	630
PX215089.1	MT832231_Gigaspora_margarita	93.5	92.5	100.0	629
PX215089.1	JN971073.1_Intraornatospora_intraornata	93.3	98.4	99.4	671
PX215089.1	MT832227_Dentiscutata_erythropus	92.8	92.2	100.0	629
PX215089.1	FR750167_Dentiscutata_heterogama	92.8	99.6	100.0	679
PX215089.1	JN971076.1_Paradentiscutata_martima	92.8	99.7	99.7	679
PX215089.1	MT832236_Gigaspora_albida	92.4	92.3	100.0	630
PX215089.1	JN971072.1_Paradentiscutata_baiana	91.9	96.3	99.8	656
PX215089.1	FR750143_Racocetra_fulgida	91.2	99.4	99.9	680
PX215089.1	JN689226.1_Racocetra_alborosea	90.3	99.3	97.3	679
PX215093.1	MT832234_Gigaspora_albida	97.9	92.6	100.0	627
PX215093.1	MT832237_Gigaspora_gigantea	97.6	92.3	100.0	627
PX215093.1	FN547573_Gigaspora_rosea	96.8	100.0	99.9	678
PX215093.1	MT832233_Gigaspora_rosea	96.3	92.3	99.8	628
PX215093.1	AF396782_Gigaspora_margarita	96.3	100.0	99.9	678
PX215093.1	MT832236_Gigaspora_albida	96.2	92.3	99.7	629
PX215093.1	MT832238_Gigaspora_gigantea	95.5	92.6	100.0	627
PX215093.1	JN971073.1_Intraornatospora_intraornata	95.5	98.5	99.3	670
PX215093.1	MT832231_Gigaspora_margarita	95.4	92.6	99.8	628
PX215093.1	MT832235_Gigaspora_albida	95.1	92.3	99.7	629
PX215093.1	MT832232_Gigaspora_margarita	95.1	92.6	100.0	627
PX215093.1	MT832225_Dentiscutata_nigra	94.9	92.2	99.8	628
PX215093.1	MT832229_Dentiscutata_heterogama	94.7	92.3	99.8	628
PX215093.1	FR750167_Dentiscutata_heterogama	94.7	99.7	99.9	678
PX215093.1	MT832227_Dentiscutata_erythropus	94.6	92.3	99.8	628
PX215093.1	JN971076.1_Paradentiscutata_martima	94.0	99.9	99.6	678
PX215090.1	MT832234_Gigaspora_albida	97.9	92.6	100.0	627
PX215090.1	MT832237_Gigaspora_gigantea	97.6	92.3	100.0	627
PX215090.1	FN547573_Gigaspora_rosea	96.8	100.0	99.9	678
PX215090.1	MT832233_Gigaspora_rosea	96.3	92.3	99.8	628
PX215090.1	AF396782_Gigaspora_margarita	96.3	100.0	99.9	678
PX215090.1	MT832236_Gigaspora_albida	96.2	92.3	99.7	629
PX215090.1	MT832238_Gigaspora_gigantea	95.5	92.6	100.0	627
PX215090.1	JN971073.1_Intraornatospora_intraornata	95.5	98.5	99.3	670
PX215090.1	MT832231_Gigaspora_margarita	95.4	92.6	99.8	628
PX215090.1	MT832235_Gigaspora_albida	95.1	92.3	99.7	629
PX215090.1	MT832232_Gigaspora_margarita	95.1	92.6	100.0	627
PX215090.1	MT832225_Dentiscutata_nigra	94.9	92.2	99.8	628
PX215090.1	MT832229_Dentiscutata_heterogama	94.7	92.3	99.8	628
PX215090.1	FR750167_Dentiscutata_heterogama	94.7	99.7	99.9	678
PX215090.1	MT832227_Dentiscutata_erythropus	94.6	92.3	99.8	628
PX215090.1	JN971076.1_Paradentiscutata_martima	94.0	99.9	99.6	678
PX215092.1	MT832234_Gigaspora_albida	97.9	92.6	100.0	627
PX215092.1	MT832237_Gigaspora_gigantea	97.6	92.3	100.0	627
PX215092.1	FN547573_Gigaspora_rosea	96.8	100.0	99.9	678
PX215092.1	MT832233_Gigaspora_rosea	96.3	92.3	99.8	628
PX215092.1	AF396782_Gigaspora_margarita	96.3	100.0	99.9	678
PX215092.1	MT832236_Gigaspora_albida	96.2	92.3	99.7	629
PX215092.1	MT832238_Gigaspora_gigantea	95.5	92.6	100.0	627
PX215092.1	JN971073.1_Intraornatospora_intraornata	95.5	98.5	99.3	670
PX215092.1	MT832231_Gigaspora_margarita	95.4	92.6	99.8	628
PX215092.1	MT832235_Gigaspora_albida	95.1	92.3	99.7	629
PX215092.1	MT832232_Gigaspora_margarita	95.1	92.6	100.0	627
PX215092.1	MT832225_Dentiscutata_nigra	94.9	92.2	99.8	628
PX215092.1	MT832229_Dentiscutata_heterogama	94.7	92.3	99.8	628
PX215092.1	FR750167_Dentiscutata_heterogama	94.7	99.7	99.9	678
PX215092.1	MT832227_Dentiscutata_erythropus	94.6	92.3	99.8	628
PX215092.1	JN971076.1_Paradentiscutata_martima	94.0	99.9	99.6	678
PX215091.1	MT832234_Gigaspora_albida	97.9	92.6	100.0	627
PX215091.1	MT832237_Gigaspora_gigantea	97.6	92.3	100.0	627
PX215091.1	FN547573_Gigaspora_rosea	96.8	100.0	99.9	678
PX215091.1	MT832233_Gigaspora_rosea	96.3	92.3	99.8	628
PX215091.1	AF396782_Gigaspora_margarita	96.3	100.0	99.9	678
PX215091.1	MT832236_Gigaspora_albida	96.2	92.3	99.7	629
PX215091.1	MT832238_Gigaspora_gigantea	95.5	92.6	100.0	627
PX215091.1	JN971073.1_Intraornatospora_intraornata	95.5	98.5	99.3	670
PX215091.1	MT832231_Gigaspora_margarita	95.4	92.6	99.8	628
PX215091.1	MT832235_Gigaspora_albida	95.1	92.3	99.7	629
PX215091.1	MT832232_Gigaspora_margarita	95.1	92.6	100.0	627
PX215091.1	MT832225_Dentiscutata_nigra	94.9	92.2	99.8	628
PX215091.1	MT832229_Dentiscutata_heterogama	94.7	92.3	99.8	628
PX215091.1	FR750167_Dentiscutata_heterogama	94.7	99.7	99.9	678
PX215091.1	MT832227_Dentiscutata_erythropus	94.6	92.3	99.8	628
PX215091.1	JN971076.1_Paradentiscutata_martima	94.0	99.9	99.6	678
PX215094.1	MT832234_Gigaspora_albida	97.9	92.6	100.0	627
PX215094.1	MT832237_Gigaspora_gigantea	97.6	92.3	100.0	627
PX215094.1	FN547573_Gigaspora_rosea	96.8	100.0	99.9	678
PX215094.1	MT832233_Gigaspora_rosea	96.3	92.3	99.8	628
PX215094.1	AF396782_Gigaspora_margarita	96.3	100.0	99.9	678
PX215094.1	MT832236_Gigaspora_albida	96.2	92.3	99.7	629
PX215094.1	MT832238_Gigaspora_gigantea	95.5	92.6	100.0	627
PX215094.1	JN971073.1_Intraornatospora_intraornata	95.5	98.5	99.3	670
PX215094.1	MT832231_Gigaspora_margarita	95.4	92.6	99.8	628
PX215094.1	MT832235_Gigaspora_albida	95.1	92.3	99.7	629
PX215094.1	MT832232_Gigaspora_margarita	95.1	92.6	100.0	627
PX215094.1	MT832225_Dentiscutata_nigra	94.9	92.2	99.8	628
PX215094.1	MT832229_Dentiscutata_heterogama	94.7	92.3	99.8	628
PX215094.1	FR750167_Dentiscutata_heterogama	94.7	99.7	99.9	678
PX215094.1	MT832227_Dentiscutata_erythropus	94.6	92.3	99.8	628
PX215094.1	JN971076.1_Paradentiscutata_martima	94.0	99.9	99.6	678
PX215096.1	MT832234_Gigaspora_albida	98.1	92.6	100.0	627
PX215096.1	MT832237_Gigaspora_gigantea	97.8	92.3	100.0	627
PX215096.1	FN547573_Gigaspora_rosea	96.2	100.0	99.9	678
PX215096.1	MT832236_Gigaspora_albida	96.0	92.3	99.7	629
PX215096.1	AF396782_Gigaspora_margarita	95.9	100.0	99.9	678
PX215096.1	MT832238_Gigaspora_gigantea	95.7	92.6	100.0	627
PX215096.1	JN971073.1_Intraornatospora_intraornata	95.7	98.5	99.3	670
PX215096.1	MT832231_Gigaspora_margarita	95.5	92.6	99.8	628
PX215096.1	MT832232_Gigaspora_margarita	95.4	92.6	100.0	627
PX215096.1	MT832233_Gigaspora_rosea	95.2	92.3	99.8	628
PX215096.1	MT832225_Dentiscutata_nigra	94.7	92.2	99.8	628
PX215096.1	MT832229_Dentiscutata_heterogama	94.7	92.3	99.8	628
PX215096.1	FR750167_Dentiscutata_heterogama	94.5	99.7	99.9	678
PX215096.1	MT832227_Dentiscutata_erythropus	94.4	92.3	99.8	628
PX215096.1	MT832230_Gigaspora_margarita	94.4	92.6	99.8	628
PX215096.1	JN971076.1_Paradentiscutata_martima	94.1	99.9	99.6	678
PX215098.1	MT832234_Gigaspora_albida	97.4	92.6	100.0	627
PX215098.1	MT832237_Gigaspora_gigantea	97.4	92.3	100.0	627
PX215098.1	MT832238_Gigaspora_gigantea	95.7	92.6	100.0	627
PX215098.1	MT832231_Gigaspora_margarita	95.5	92.6	99.8	628
PX215098.1	FN547573_Gigaspora_rosea	95.3	100.0	99.9	678
PX215098.1	MT832236_Gigaspora_albida	95.2	92.5	99.8	629
PX215098.1	JN971073.1_Intraornatospora_intraornata	95.2	98.5	99.3	670
PX215098.1	AF396782_Gigaspora_margarita	95.0	100.0	99.9	678
PX215098.1	MT832233_Gigaspora_rosea	94.6	92.3	99.8	628
PX215098.1	FR750167_Dentiscutata_heterogama	94.2	99.7	99.9	678
PX215098.1	MT832235_Gigaspora_albida	94.1	92.5	99.8	629
PX215098.1	MT832225_Dentiscutata_nigra	94.1	92.2	99.8	628
PX215098.1	MT832230_Gigaspora_margarita	94.1	92.6	99.8	628
PX215098.1	MT832232_Gigaspora_margarita	94.1	92.6	100.0	627
PX215098.1	JN971076.1_Paradentiscutata_martima	93.8	99.9	99.6	678
PX215098.1	MT832227_Dentiscutata_erythropus	93.8	92.3	99.8	628
PX215095.1	MT832234_Gigaspora_albida	97.9	92.6	100.0	627
PX215095.1	MT832237_Gigaspora_gigantea	97.6	92.3	100.0	627
PX215095.1	FN547573_Gigaspora_rosea	96.8	100.0	99.9	678
PX215095.1	MT832233_Gigaspora_rosea	96.3	92.3	99.8	628
PX215095.1	AF396782_Gigaspora_margarita	96.3	100.0	99.9	678
PX215095.1	MT832236_Gigaspora_albida	96.2	92.3	99.7	629
PX215095.1	MT832238_Gigaspora_gigantea	95.5	92.6	100.0	627
PX215095.1	JN971073.1_Intraornatospora_intraornata	95.5	98.5	99.3	670
PX215095.1	MT832231_Gigaspora_margarita	95.4	92.6	99.8	628
PX215095.1	MT832235_Gigaspora_albida	95.1	92.3	99.7	629
PX215095.1	MT832232_Gigaspora_margarita	95.1	92.6	100.0	627
PX215095.1	MT832225_Dentiscutata_nigra	94.9	92.2	99.8	628
PX215095.1	MT832229_Dentiscutata_heterogama	94.7	92.3	99.8	628
PX215095.1	FR750167_Dentiscutata_heterogama	94.7	99.7	99.9	678
PX215095.1	MT832227_Dentiscutata_erythropus	94.6	92.3	99.8	628
PX215095.1	JN971076.1_Paradentiscutata_martima	94.0	99.9	99.6	678
PX215097.1	MT832234_Gigaspora_albida	98.1	92.6	100.0	627
PX215097.1	MT832237_Gigaspora_gigantea	97.8	92.3	100.0	627
PX215097.1	FN547573_Gigaspora_rosea	96.2	100.0	99.9	678
PX215097.1	MT832236_Gigaspora_albida	96.0	92.3	99.7	629
PX215097.1	AF396782_Gigaspora_margarita	95.9	100.0	99.9	678
PX215097.1	MT832238_Gigaspora_gigantea	95.7	92.6	100.0	627
PX215097.1	JN971073.1_Intraornatospora_intraornata	95.7	98.5	99.3	670
PX215097.1	MT832231_Gigaspora_margarita	95.5	92.6	99.8	628
PX215097.1	MT832232_Gigaspora_margarita	95.4	92.6	100.0	627
PX215097.1	MT832233_Gigaspora_rosea	95.2	92.3	99.8	628
PX215097.1	MT832225_Dentiscutata_nigra	94.7	92.2	99.8	628
PX215097.1	MT832229_Dentiscutata_heterogama	94.7	92.3	99.8	628
PX215097.1	FR750167_Dentiscutata_heterogama	94.5	99.7	99.9	678
PX215097.1	MT832227_Dentiscutata_erythropus	94.4	92.3	99.8	628
PX215097.1	MT832230_Gigaspora_margarita	94.4	92.6	99.8	628
PX215097.1	JN971076.1_Paradentiscutata_martima	94.1	99.9	99.6	678
PX215102.1	MT832234_Gigaspora_albida	97.3	92.6	100.0	627
PX215102.1	MT832237_Gigaspora_gigantea	97.3	92.3	100.0	627
PX215102.1	FN547573_Gigaspora_rosea	96.3	100.0	99.9	678
PX215102.1	MT832236_Gigaspora_albida	95.5	92.3	99.7	629
PX215102.1	AF396782_Gigaspora_margarita	95.4	100.0	99.9	678
PX215102.1	MT832231_Gigaspora_margarita	95.1	92.6	99.8	628
PX215102.1	JN971073.1_Intraornatospora_intraornata	94.9	98.5	99.3	670
PX215102.1	MT832238_Gigaspora_gigantea	94.9	92.6	100.0	627
PX215102.1	MT832235_Gigaspora_albida	94.8	92.3	99.7	629
PX215102.1	MT832233_Gigaspora_rosea	94.7	92.3	99.8	628
PX215102.1	MT832232_Gigaspora_margarita	94.6	92.6	100.0	627
PX215102.1	MT832225_Dentiscutata_nigra	94.3	92.2	99.8	628
PX215102.1	MT832230_Gigaspora_margarita	93.9	92.6	99.8	628
PX215102.1	FR750167_Dentiscutata_heterogama	93.8	99.7	99.9	678
PX215102.1	MT832227_Dentiscutata_erythropus	93.6	92.3	99.8	628
PX215102.1	JN971076.1_Paradentiscutata_martima	93.1	99.9	99.6	678
PX215099.1	MT832234_Gigaspora_albida	97.4	92.6	100.0	627
PX215099.1	MT832237_Gigaspora_gigantea	97.4	92.3	100.0	627
PX215099.1	MT832238_Gigaspora_gigantea	95.7	92.6	100.0	627
PX215099.1	MT832231_Gigaspora_margarita	95.5	92.6	99.8	628
PX215099.1	FN547573_Gigaspora_rosea	95.3	100.0	99.9	678
PX215099.1	MT832236_Gigaspora_albida	95.2	92.5	99.8	629
PX215099.1	JN971073.1_Intraornatospora_intraornata	95.2	98.5	99.3	670
PX215099.1	AF396782_Gigaspora_margarita	95.0	100.0	99.9	678
PX215099.1	MT832233_Gigaspora_rosea	94.6	92.3	99.8	628
PX215099.1	FR750167_Dentiscutata_heterogama	94.2	99.7	99.9	678
PX215099.1	MT832235_Gigaspora_albida	94.1	92.5	99.8	629
PX215099.1	MT832225_Dentiscutata_nigra	94.1	92.2	99.8	628
PX215099.1	MT832230_Gigaspora_margarita	94.1	92.6	99.8	628
PX215099.1	MT832232_Gigaspora_margarita	94.1	92.6	100.0	627
PX215099.1	JN971076.1_Paradentiscutata_martima	93.8	99.9	99.6	678
PX215099.1	MT832227_Dentiscutata_erythropus	93.8	92.3	99.8	628
PX215100.1	MT832234_Gigaspora_albida	98.4	92.6	100.0	627
PX215100.1	MT832237_Gigaspora_gigantea	97.8	92.3	100.0	627
PX215100.1	FN547573_Gigaspora_rosea	95.9	100.0	99.9	678
PX215100.1	MT832231_Gigaspora_margarita	95.9	92.6	99.8	628
PX215100.1	JN971073.1_Intraornatospora_intraornata	95.8	98.5	99.3	670
PX215100.1	MT832238_Gigaspora_gigantea	95.7	92.6	100.0	627
PX215100.1	AF396782_Gigaspora_margarita	95.6	100.0	99.9	678
PX215100.1	MT832236_Gigaspora_albida	95.5	92.5	99.8	629
PX215100.1	MT832232_Gigaspora_margarita	95.1	92.6	100.0	627
PX215100.1	MT832233_Gigaspora_rosea	94.9	92.3	99.8	628
PX215100.1	MT832225_Dentiscutata_nigra	94.7	92.2	99.8	628
PX215100.1	JN971076.1_Paradentiscutata_martima	94.7	99.9	99.6	678
PX215100.1	FR750167_Dentiscutata_heterogama	94.5	99.7	99.9	678
PX215100.1	JN971072.1_Paradentiscutata_baiana	94.5	96.5	99.7	655
PX215100.1	MT832227_Dentiscutata_erythropus	94.4	92.3	99.8	628
PX215100.1	MT832230_Gigaspora_margarita	94.4	92.6	99.8	628
PX215101.1	MT832237_Gigaspora_gigantea	98.2	92.3	100.0	627
PX215101.1	MT832234_Gigaspora_albida	97.9	92.6	100.0	627
PX215101.1	MT832236_Gigaspora_albida	96.5	92.3	99.7	629
PX215101.1	MT832231_Gigaspora_margarita	96.0	92.6	99.8	628
PX215101.1	FN547573_Gigaspora_rosea	96.0	100.0	99.9	678
PX215101.1	MT832238_Gigaspora_gigantea	95.9	92.6	100.0	627
PX215101.1	AF396782_Gigaspora_margarita	95.7	100.0	99.9	678
PX215101.1	JN971073.1_Intraornatospora_intraornata	95.5	98.5	99.3	670
PX215101.1	MT832235_Gigaspora_albida	95.4	92.3	99.7	629
PX215101.1	MT832233_Gigaspora_rosea	95.1	92.3	99.8	628
PX215101.1	FR750167_Dentiscutata_heterogama	95.0	99.7	99.9	678
PX215101.1	MT832225_Dentiscutata_nigra	94.6	92.2	99.8	628
PX215101.1	MT832230_Gigaspora_margarita	94.6	92.6	99.8	628
PX215101.1	MT832232_Gigaspora_margarita	94.6	92.6	100.0	627
PX215101.1	MT832227_Dentiscutata_erythropus	94.3	92.3	99.8	628
PX215101.1	JN971076.1_Paradentiscutata_martima	94.0	99.9	99.6	678
PX215103.1	MT832234_Gigaspora_albida	99.2	92.5	100.0	628
PX215103.1	MT832237_Gigaspora_gigantea	97.5	92.2	100.0	628
PX215103.1	MT832236_Gigaspora_albida	96.0	92.3	99.8	630
PX215103.1	FN547573_Gigaspora_rosea	96.0	99.9	99.9	679
PX215103.1	AF396782_Gigaspora_margarita	95.9	99.9	99.9	679
PX215103.1	JN971073.1_Intraornatospora_intraornata	95.7	98.4	99.3	671
PX215103.1	MT832232_Gigaspora_margarita	95.5	92.5	100.0	628
PX215103.1	MT832238_Gigaspora_gigantea	95.4	92.5	100.0	628
PX215103.1	MT832231_Gigaspora_margarita	95.2	92.5	99.8	629
PX215103.1	MT832233_Gigaspora_rosea	95.2	92.2	99.8	629
PX215103.1	MT832235_Gigaspora_albida	95.1	92.3	99.8	630
PX215103.1	MT832225_Dentiscutata_nigra	94.9	92.0	99.8	629
PX215103.1	MT832227_Dentiscutata_erythropus	94.8	92.2	99.8	629
PX215103.1	FR750167_Dentiscutata_heterogama	94.7	99.6	99.9	679
PX215103.1	JN971076.1_Paradentiscutata_martima	94.7	99.7	99.6	679
PX215103.1	JN971072.1_Paradentiscutata_baiana	94.7	96.3	99.7	656
PX215104.1	MT832234_Gigaspora_albida	98.1	92.6	100.0	627
PX215104.1	MT832237_Gigaspora_gigantea	97.9	92.3	100.0	627
PX215104.1	MT832236_Gigaspora_albida	96.5	92.3	99.7	629
PX215104.1	AF396782_Gigaspora_margarita	95.7	100.0	99.9	678
PX215104.1	FN547573_Gigaspora_rosea	95.7	100.0	99.9	678
PX215104.1	MT832231_Gigaspora_margarita	95.7	92.6	99.8	628
PX215104.1	MT832238_Gigaspora_gigantea	95.4	92.6	100.0	627
PX215104.1	JN971073.1_Intraornatospora_intraornata	95.1	98.5	99.3	670
PX215104.1	MT832235_Gigaspora_albida	95.1	92.3	99.7	629
PX215104.1	MT832233_Gigaspora_rosea	94.7	92.3	99.8	628
PX215104.1	FR750167_Dentiscutata_heterogama	94.5	99.7	99.9	678
PX215104.1	MT832225_Dentiscutata_nigra	94.1	92.2	99.8	628
PX215104.1	MT832232_Gigaspora_margarita	94.1	92.6	100.0	627
PX215104.1	JN971076.1_Paradentiscutata_martima	93.8	99.9	99.6	678
PX215104.1	MT832227_Dentiscutata_erythropus	93.8	92.3	99.8	628
PX215104.1	MT832229_Dentiscutata_heterogama	93.8	92.3	99.8	628
PX215106.1	MT832234_Gigaspora_albida	96.3	92.6	99.8	627
PX215106.1	MT832237_Gigaspora_gigantea	96.0	92.3	99.8	627
PX215106.1	JN971073.1_Intraornatospora_intraornata	94.3	98.5	99.1	670
PX215106.1	AF396782_Gigaspora_margarita	94.2	100.0	99.7	678
PX215106.1	FN547573_Gigaspora_rosea	94.2	100.0	99.7	678
PX215106.1	MT832236_Gigaspora_albida	94.1	92.5	99.7	629
PX215106.1	MT832231_Gigaspora_margarita	94.1	92.6	99.7	628
PX215106.1	MT832233_Gigaspora_rosea	93.8	92.3	99.7	628
PX215106.1	MT832238_Gigaspora_gigantea	93.8	92.6	99.8	627
PX215106.1	MT832230_Gigaspora_margarita	93.6	92.6	99.7	628
PX215106.1	FR750167_Dentiscutata_heterogama	93.5	99.7	99.7	678
PX215106.1	MT832232_Gigaspora_margarita	93.1	92.6	99.8	627
PX215106.1	MT832227_Dentiscutata_erythropus	93.0	92.3	99.7	628
PX215106.1	JN971072.1_Paradentiscutata_baiana	92.8	96.4	99.5	655
PX215106.1	JN971076.1_Paradentiscutata_martima	92.3	100.0	99.6	677
PX215106.1	FR750143_Racocetra_fulgida	90.9	99.7	99.7	678
PX215105.1	MT832234_Gigaspora_albida	97.8	92.5	100.0	628
PX215105.1	MT832237_Gigaspora_gigantea	97.0	92.2	100.0	628
PX215105.1	FN547573_Gigaspora_rosea	95.7	99.9	99.9	679
PX215105.1	AF396782_Gigaspora_margarita	95.1	99.9	99.9	679
PX215105.1	MT832236_Gigaspora_albida	95.1	92.3	99.8	630
PX215105.1	MT832231_Gigaspora_margarita	94.8	92.5	99.8	629
PX215105.1	MT832238_Gigaspora_gigantea	94.7	92.5	100.0	628
PX215105.1	JN971073.1_Intraornatospora_intraornata	94.6	98.4	99.3	671
PX215105.1	MT832233_Gigaspora_rosea	94.4	92.2	99.8	629
PX215105.1	MT832235_Gigaspora_albida	94.3	92.3	99.8	630
PX215105.1	FR750167_Dentiscutata_heterogama	94.3	99.6	99.9	679
PX215105.1	MT832225_Dentiscutata_nigra	93.8	92.0	99.8	629
PX215105.1	MT832232_Gigaspora_margarita	93.8	92.5	100.0	628
PX215105.1	JN971076.1_Paradentiscutata_martima	93.5	99.7	99.6	679
PX215105.1	MT832229_Dentiscutata_heterogama	93.5	92.2	99.8	629
PX215105.1	MT832227_Dentiscutata_erythropus	93.2	92.2	99.8	629
PX215111.1	MT832237_Gigaspora_gigantea	98.1	92.3	100.0	627
PX215111.1	MT832234_Gigaspora_albida	97.8	92.6	100.0	627
PX215111.1	MT832236_Gigaspora_albida	96.3	92.3	99.7	629
PX215111.1	FN547573_Gigaspora_rosea	96.3	100.0	99.9	678
PX215111.1	AF396782_Gigaspora_margarita	95.9	100.0	99.9	678
PX215111.1	MT832231_Gigaspora_margarita	95.5	92.6	99.8	628
PX215111.1	JN971073.1_Intraornatospora_intraornata	95.5	98.5	99.3	670
PX215111.1	MT832233_Gigaspora_rosea	95.4	92.3	99.8	628
PX215111.1	MT832238_Gigaspora_gigantea	95.2	92.6	100.0	627
PX215111.1	MT832232_Gigaspora_margarita	94.7	92.6	100.0	627
PX215111.1	MT832225_Dentiscutata_nigra	94.6	92.2	99.8	628
PX215111.1	MT832230_Gigaspora_margarita	94.6	92.6	99.8	628
PX215111.1	FR750167_Dentiscutata_heterogama	94.4	99.7	99.9	678
PX215111.1	MT832227_Dentiscutata_erythropus	94.3	92.3	99.8	628
PX215111.1	JN971076.1_Paradentiscutata_martima	94.1	99.9	99.6	678
PX215111.1	JN971072.1_Paradentiscutata_baiana	94.0	96.5	99.7	655
PX215110.1	MT832237_Gigaspora_gigantea	98.1	92.3	100.0	627
PX215110.1	MT832234_Gigaspora_albida	97.8	92.6	100.0	627
PX215110.1	MT832236_Gigaspora_albida	96.3	92.3	99.7	629
PX215110.1	FN547573_Gigaspora_rosea	96.3	100.0	99.9	678
PX215110.1	AF396782_Gigaspora_margarita	95.9	100.0	99.9	678
PX215110.1	MT832231_Gigaspora_margarita	95.5	92.6	99.8	628
PX215110.1	JN971073.1_Intraornatospora_intraornata	95.5	98.5	99.3	670
PX215110.1	MT832233_Gigaspora_rosea	95.4	92.3	99.8	628
PX215110.1	MT832238_Gigaspora_gigantea	95.2	92.6	100.0	627
PX215110.1	MT832232_Gigaspora_margarita	94.7	92.6	100.0	627
PX215110.1	MT832225_Dentiscutata_nigra	94.6	92.2	99.8	628
PX215110.1	MT832230_Gigaspora_margarita	94.6	92.6	99.8	628
PX215110.1	FR750167_Dentiscutata_heterogama	94.4	99.7	99.9	678
PX215110.1	MT832227_Dentiscutata_erythropus	94.3	92.3	99.8	628
PX215110.1	JN971076.1_Paradentiscutata_martima	94.1	99.9	99.6	678
PX215110.1	JN971072.1_Paradentiscutata_baiana	94.0	96.5	99.7	655
PX215109.1	MT832237_Gigaspora_gigantea	98.1	92.3	100.0	627
PX215109.1	MT832234_Gigaspora_albida	97.8	92.6	100.0	627
PX215109.1	MT832236_Gigaspora_albida	96.3	92.3	99.7	629
PX215109.1	FN547573_Gigaspora_rosea	96.3	100.0	99.9	678
PX215109.1	AF396782_Gigaspora_margarita	95.9	100.0	99.9	678
PX215109.1	MT832231_Gigaspora_margarita	95.5	92.6	99.8	628
PX215109.1	JN971073.1_Intraornatospora_intraornata	95.5	98.5	99.3	670
PX215109.1	MT832233_Gigaspora_rosea	95.4	92.3	99.8	628
PX215109.1	MT832238_Gigaspora_gigantea	95.2	92.6	100.0	627
PX215109.1	MT832232_Gigaspora_margarita	94.7	92.6	100.0	627
PX215109.1	MT832225_Dentiscutata_nigra	94.6	92.2	99.8	628
PX215109.1	MT832230_Gigaspora_margarita	94.6	92.6	99.8	628
PX215109.1	FR750167_Dentiscutata_heterogama	94.4	99.7	99.9	678
PX215109.1	MT832227_Dentiscutata_erythropus	94.3	92.3	99.8	628
PX215109.1	JN971076.1_Paradentiscutata_martima	94.1	99.9	99.6	678
PX215109.1	JN971072.1_Paradentiscutata_baiana	94.0	96.5	99.7	655
PX215107.1	MT832234_Gigaspora_albida	96.3	92.6	99.8	627
PX215107.1	MT832237_Gigaspora_gigantea	96.0	92.3	99.8	627
PX215107.1	JN971073.1_Intraornatospora_intraornata	94.3	98.5	99.1	670
PX215107.1	AF396782_Gigaspora_margarita	94.2	100.0	99.7	678
PX215107.1	FN547573_Gigaspora_rosea	94.2	100.0	99.7	678
PX215107.1	MT832236_Gigaspora_albida	94.1	92.5	99.7	629
PX215107.1	MT832231_Gigaspora_margarita	94.1	92.6	99.7	628
PX215107.1	MT832233_Gigaspora_rosea	93.8	92.3	99.7	628
PX215107.1	MT832238_Gigaspora_gigantea	93.8	92.6	99.8	627
PX215107.1	MT832230_Gigaspora_margarita	93.6	92.6	99.7	628
PX215107.1	FR750167_Dentiscutata_heterogama	93.5	99.7	99.7	678
PX215107.1	MT832232_Gigaspora_margarita	93.1	92.6	99.8	627
PX215107.1	MT832227_Dentiscutata_erythropus	93.0	92.3	99.7	628
PX215107.1	JN971072.1_Paradentiscutata_baiana	92.8	96.4	99.5	655
PX215107.1	JN971076.1_Paradentiscutata_martima	92.3	100.0	99.6	677
PX215107.1	FR750143_Racocetra_fulgida	90.9	99.7	99.7	678
PX215108.1	FN547573_Gigaspora_rosea	96.0	100.0	100.0	678
PX215108.1	MT832233_Gigaspora_rosea	95.4	92.3	100.0	628
PX215108.1	MT832238_Gigaspora_gigantea	95.4	92.5	100.0	628
PX215108.1	AF396782_Gigaspora_margarita	94.4	100.0	100.0	678
PX215108.1	MT832230_Gigaspora_margarita	94.1	92.6	100.0	628
PX215108.1	MT832237_Gigaspora_gigantea	93.5	92.2	100.0	628
PX215108.1	MT832235_Gigaspora_albida	93.2	92.5	100.0	629
PX215108.1	MT832231_Gigaspora_margarita	93.0	92.6	100.0	628
PX215108.1	JN971073.1_Intraornatospora_intraornata	92.4	98.5	99.4	670
PX215108.1	MT832236_Gigaspora_albida	92.2	92.5	100.0	629
PX215108.1	MT832227_Dentiscutata_erythropus	92.2	92.3	100.0	628
PX215108.1	FR750167_Dentiscutata_heterogama	92.2	99.7	100.0	678
PX215108.1	JN971076.1_Paradentiscutata_martima	92.2	99.9	99.7	678
PX215108.1	MT832226_Dentiscutata_erythropus	91.9	92.3	100.0	628
PX215108.1	JQ231201.1_Paradentiscutata_baiana	91.5	97.1	99.8	660
PX215108.1	FR750143_Racocetra_fulgida	90.4	99.6	99.9	679
PX215112.1	MT832237_Gigaspora_gigantea	98.1	92.3	100.0	627
PX215112.1	MT832234_Gigaspora_albida	97.8	92.6	100.0	627
PX215112.1	MT832236_Gigaspora_albida	96.3	92.3	99.7	629
PX215112.1	FN547573_Gigaspora_rosea	96.3	100.0	99.9	678
PX215112.1	AF396782_Gigaspora_margarita	95.9	100.0	99.9	678
PX215112.1	MT832231_Gigaspora_margarita	95.5	92.6	99.8	628
PX215112.1	JN971073.1_Intraornatospora_intraornata	95.5	98.5	99.3	670
PX215112.1	MT832233_Gigaspora_rosea	95.4	92.3	99.8	628
PX215112.1	MT832238_Gigaspora_gigantea	95.2	92.6	100.0	627
PX215112.1	MT832232_Gigaspora_margarita	94.7	92.6	100.0	627
PX215112.1	MT832225_Dentiscutata_nigra	94.6	92.2	99.8	628
PX215112.1	MT832230_Gigaspora_margarita	94.6	92.6	99.8	628
PX215112.1	FR750167_Dentiscutata_heterogama	94.4	99.7	99.9	678
PX215112.1	MT832227_Dentiscutata_erythropus	94.3	92.3	99.8	628
PX215112.1	JN971076.1_Paradentiscutata_martima	94.1	99.9	99.6	678
PX215112.1	JN971072.1_Paradentiscutata_baiana	94.0	96.5	99.7	655
PX215113.1	MT832237_Gigaspora_gigantea	98.1	92.3	100.0	627
PX215113.1	MT832234_Gigaspora_albida	97.8	92.6	100.0	627
PX215113.1	MT832236_Gigaspora_albida	96.3	92.3	99.7	629
PX215113.1	FN547573_Gigaspora_rosea	96.3	100.0	99.9	678
PX215113.1	AF396782_Gigaspora_margarita	95.9	100.0	99.9	678
PX215113.1	MT832231_Gigaspora_margarita	95.5	92.6	99.8	628
PX215113.1	JN971073.1_Intraornatospora_intraornata	95.5	98.5	99.3	670
PX215113.1	MT832233_Gigaspora_rosea	95.4	92.3	99.8	628
PX215113.1	MT832238_Gigaspora_gigantea	95.2	92.6	100.0	627
PX215113.1	MT832232_Gigaspora_margarita	94.7	92.6	100.0	627
PX215113.1	MT832225_Dentiscutata_nigra	94.6	92.2	99.8	628
PX215113.1	MT832230_Gigaspora_margarita	94.6	92.6	99.8	628
PX215113.1	FR750167_Dentiscutata_heterogama	94.4	99.7	99.9	678
PX215113.1	MT832227_Dentiscutata_erythropus	94.3	92.3	99.8	628
PX215113.1	JN971076.1_Paradentiscutata_martima	94.1	99.9	99.6	678
PX215113.1	JN971072.1_Paradentiscutata_baiana	94.0	96.5	99.7	655
PX215115.1	FN547573_Gigaspora_rosea	96.6	100.0	100.0	678
PX215115.1	MT832233_Gigaspora_rosea	96.0	92.3	100.0	628
PX215115.1	AF396782_Gigaspora_margarita	94.8	100.0	100.0	678
PX215115.1	MT832230_Gigaspora_margarita	94.6	92.6	100.0	628
PX215115.1	MT832238_Gigaspora_gigantea	94.3	92.5	100.0	628
PX215115.1	MT832237_Gigaspora_gigantea	94.1	92.2	100.0	628
PX215115.1	MT832231_Gigaspora_margarita	93.5	92.6	100.0	628
PX215115.1	MT832235_Gigaspora_albida	93.3	92.5	100.0	629
PX215115.1	JN971073.1_Intraornatospora_intraornata	93.1	98.5	99.4	670
PX215115.1	FR750167_Dentiscutata_heterogama	93.1	99.7	100.0	678
PX215115.1	MT832227_Dentiscutata_erythropus	92.8	92.3	100.0	628
PX215115.1	JN971076.1_Paradentiscutata_martima	92.6	99.9	99.7	678
PX215115.1	JQ231201.1_Paradentiscutata_baiana	92.1	97.1	99.8	660
PX215115.1	JN971072.1_Paradentiscutata_baiana	91.9	96.5	99.8	655
PX215115.1	FR750143_Racocetra_fulgida	91.2	99.6	99.9	679
PX215115.1	JN689226.1_Racocetra_alborosea	90.3	99.4	97.3	678
PX215114.1	MT832237_Gigaspora_gigantea	98.1	92.3	100.0	627
PX215114.1	MT832234_Gigaspora_albida	97.8	92.6	100.0	627
PX215114.1	MT832236_Gigaspora_albida	96.3	92.3	99.7	629
PX215114.1	FN547573_Gigaspora_rosea	96.3	100.0	99.9	678
PX215114.1	AF396782_Gigaspora_margarita	95.9	100.0	99.9	678
PX215114.1	MT832231_Gigaspora_margarita	95.5	92.6	99.8	628
PX215114.1	JN971073.1_Intraornatospora_intraornata	95.5	98.5	99.3	670
PX215114.1	MT832233_Gigaspora_rosea	95.4	92.3	99.8	628
PX215114.1	MT832238_Gigaspora_gigantea	95.2	92.6	100.0	627
PX215114.1	MT832232_Gigaspora_margarita	94.7	92.6	100.0	627
PX215114.1	MT832225_Dentiscutata_nigra	94.6	92.2	99.8	628
PX215114.1	MT832230_Gigaspora_margarita	94.6	92.6	99.8	628
PX215114.1	FR750167_Dentiscutata_heterogama	94.4	99.7	99.9	678
PX215114.1	MT832227_Dentiscutata_erythropus	94.3	92.3	99.8	628
PX215114.1	JN971076.1_Paradentiscutata_martima	94.1	99.9	99.6	678
PX215114.1	JN971072.1_Paradentiscutata_baiana	94.0	96.5	99.7	655
PX215116.1	FN547573_Gigaspora_rosea	96.3	100.0	100.0	678
PX215116.1	MT832233_Gigaspora_rosea	95.7	92.3	100.0	628
PX215116.1	AF396782_Gigaspora_margarita	94.5	100.0	100.0	678
PX215116.1	MT832230_Gigaspora_margarita	94.3	92.6	100.0	628
PX215116.1	MT832238_Gigaspora_gigantea	93.9	92.5	100.0	628
PX215116.1	MT832237_Gigaspora_gigantea	93.8	92.2	100.0	628
PX215116.1	MT832231_Gigaspora_margarita	93.2	92.6	100.0	628
PX215116.1	MT832235_Gigaspora_albida	93.0	92.5	100.0	629
PX215116.1	JN971073.1_Intraornatospora_intraornata	92.8	98.5	99.4	670
PX215116.1	FR750167_Dentiscutata_heterogama	92.8	99.7	100.0	678
PX215116.1	MT832227_Dentiscutata_erythropus	92.5	92.3	100.0	628
PX215116.1	JN971076.1_Paradentiscutata_martima	92.3	99.9	99.7	678
PX215116.1	JQ231201.1_Paradentiscutata_baiana	92.1	97.1	99.8	660
PX215116.1	JN971072.1_Paradentiscutata_baiana	91.6	96.5	99.8	655
PX215116.1	FR750143_Racocetra_fulgida	90.9	99.6	99.9	679
PX215116.1	JN689226.1_Racocetra_alborosea	90.1	99.4	97.3	678
PX215118.1	MT832166_Ambispora_leptoticha	97.6	92.5	100.0	631
PX215118.1	FN547531_Ambispora_leptoticha	94.9	100.0	98.7	681
PX215118.1	JF439210_Ambispora_gerdemannii	91.7	99.9	99.6	684
PX215118.1	MT832167_Ambispora_gerdemannii	91.6	92.4	99.7	633
PX215118.1	FN547544_Ambispora_fennica	91.1	99.9	99.3	686
PX215118.1	FN547539_Ambispora_fennica	91.0	99.6	99.3	686
PX215118.1	FR750020_Archaeospora_schencki	74.8	98.5	96.5	705
PX215118.1	FM876840_Geosiphon_pyriformis	74.2	99.7	93.3	730
PX215118.1	FN825908_Acaulospora_brasiliansis	74.0	98.5	99.0	688
PX215118.1	FR750170_Acaulospora_entreriana	73.7	99.7	97.3	700
PX215118.1	FN825910_Acaulospora_brasiliansis	73.4	98.5	98.8	689
PX215118.1	FN547517_Acaulospora_laevis	73.3	99.3	96.8	703
PX215118.1	FM876790_Acaulospora_cavernata	73.1	99.7	97.0	702
PX215118.1	FR750155_Acaulospora_spinosa	72.2	98.5	95.7	711
PX215118.1	AY639265_Acaulospora_paulinae	72.1	99.9	97.0	702
PX215118.1	FM876793_Acalospora_sieverdingii	71.9	99.7	97.0	702
PX215121.1	MT832166_Ambispora_leptoticha	98.1	92.5	100.0	631
PX215121.1	FN547531_Ambispora_leptoticha	95.0	100.0	98.7	681
PX215121.1	JF439210_Ambispora_gerdemannii	91.7	99.9	99.6	684
PX215121.1	MT832167_Ambispora_gerdemannii	91.6	92.4	99.7	633
PX215121.1	FN547544_Ambispora_fennica	91.3	99.9	99.3	686
PX215121.1	FN547539_Ambispora_fennica	91.1	99.6	99.3	686
PX215121.1	FR750020_Archaeospora_schencki	74.8	98.5	96.5	705
PX215121.1	FN825908_Acaulospora_brasiliansis	74.0	98.5	99.0	688
PX215121.1	FM876840_Geosiphon_pyriformis	73.7	99.7	93.3	730
PX215121.1	FN825910_Acaulospora_brasiliansis	73.4	98.5	98.8	689
PX215121.1	FR750170_Acaulospora_entreriana	73.4	99.7	97.3	700
PX215121.1	FM876790_Acaulospora_cavernata	73.2	99.7	97.0	702
PX215121.1	FN547517_Acaulospora_laevis	73.0	99.3	96.8	703
PX215121.1	AY639265_Acaulospora_paulinae	72.4	99.9	97.0	702
PX215121.1	FM876793_Acalospora_sieverdingii	72.2	99.7	97.0	702
PX215121.1	FR750155_Acaulospora_spinosa	72.2	98.5	95.7	711
PX215119.1	MT832166_Ambispora_leptoticha	97.6	92.5	100.0	631
PX215119.1	FN547531_Ambispora_leptoticha	94.9	100.0	98.7	681
PX215119.1	JF439210_Ambispora_gerdemannii	91.7	99.9	99.6	684
PX215119.1	MT832167_Ambispora_gerdemannii	91.6	92.4	99.7	633
PX215119.1	FN547544_Ambispora_fennica	91.1	99.9	99.3	686
PX215119.1	FN547539_Ambispora_fennica	91.0	99.6	99.3	686
PX215119.1	FR750020_Archaeospora_schencki	74.8	98.5	96.5	705
PX215119.1	FM876840_Geosiphon_pyriformis	74.2	99.7	93.3	730
PX215119.1	FN825908_Acaulospora_brasiliansis	74.0	98.5	99.0	688
PX215119.1	FR750170_Acaulospora_entreriana	73.7	99.7	97.3	700
PX215119.1	FN825910_Acaulospora_brasiliansis	73.4	98.5	98.8	689
PX215119.1	FN547517_Acaulospora_laevis	73.3	99.3	96.8	703
PX215119.1	FM876790_Acaulospora_cavernata	73.1	99.7	97.0	702
PX215119.1	FR750155_Acaulospora_spinosa	72.2	98.5	95.7	711
PX215119.1	AY639265_Acaulospora_paulinae	72.1	99.9	97.0	702
PX215119.1	FM876793_Acalospora_sieverdingii	71.9	99.7	97.0	702
PX215117.1	FN547573_Gigaspora_rosea	94.1	100.0	100.0	678
PX215117.1	MT832233_Gigaspora_rosea	93.6	92.3	100.0	628
PX215117.1	MT832230_Gigaspora_margarita	92.2	92.6	100.0	628
PX215117.1	MT832237_Gigaspora_gigantea	92.0	92.2	100.0	628
PX215117.1	AF396782_Gigaspora_margarita	92.0	100.0	100.0	678
PX215117.1	MT832236_Gigaspora_albida	91.9	92.5	100.0	629
PX215117.1	MT832238_Gigaspora_gigantea	91.9	92.5	100.0	628
PX215117.1	MT832235_Gigaspora_albida	91.3	92.5	100.0	629
PX215117.1	MT832231_Gigaspora_margarita	90.8	92.6	100.0	628
PX215117.1	MT832234_Gigaspora_albida	90.8	92.5	100.0	628
PX215117.1	JN971073.1_Intraornatospora_intraornata	90.7	98.5	99.4	670
PX215117.1	FR750167_Dentiscutata_heterogama	90.7	99.7	100.0	678
PX215117.1	JN971076.1_Paradentiscutata_martima	90.3	99.9	99.7	678
PX215117.1	MT832232_Gigaspora_margarita	90.1	92.5	100.0	628
PX215117.1	FR750143_Racocetra_fulgida	89.1	99.6	99.9	679
PX215117.1	JN689226.1_Racocetra_alborosea	88.2	99.4	97.3	678
PX215120.1	MT832166_Ambispora_leptoticha	97.6	92.4	100.0	632
PX215120.1	FN547531_Ambispora_leptoticha	94.9	99.9	98.7	682
PX215120.1	JF439210_Ambispora_gerdemannii	91.7	99.7	99.6	685
PX215120.1	MT832167_Ambispora_gerdemannii	91.6	92.2	99.7	634
PX215120.1	FN547544_Ambispora_fennica	91.1	99.7	99.3	687
PX215120.1	FN547539_Ambispora_fennica	91.0	99.4	99.3	687
PX215120.1	FR750020_Archaeospora_schencki	74.8	98.4	96.5	706
PX215120.1	FN825908_Acaulospora_brasiliansis	74.0	98.5	99.1	688
PX215120.1	FM876840_Geosiphon_pyriformis	73.9	99.6	93.3	731
PX215120.1	FR750170_Acaulospora_entreriana	73.8	99.6	97.3	701
PX215120.1	FN825910_Acaulospora_brasiliansis	73.6	98.4	98.8	690
PX215120.1	FN547517_Acaulospora_laevis	73.3	99.1	96.8	704
PX215120.1	FM876790_Acaulospora_cavernata	73.0	99.6	97.0	703
PX215120.1	FR750155_Acaulospora_spinosa	72.3	98.4	95.7	712
PX215120.1	AY639265_Acaulospora_paulinae	72.1	99.7	97.0	703
PX215120.1	FM876793_Acalospora_sieverdingii	72.0	99.6	97.0	703
PX215123.1	MT832166_Ambispora_leptoticha	97.5	92.5	100.0	631
PX215123.1	FN547531_Ambispora_leptoticha	94.7	100.0	98.7	681
PX215123.1	JF439210_Ambispora_gerdemannii	91.5	99.9	99.6	684
PX215123.1	MT832167_Ambispora_gerdemannii	91.5	92.4	99.7	633
PX215123.1	FN547544_Ambispora_fennica	91.0	99.9	99.3	686
PX215123.1	FN547539_Ambispora_fennica	90.8	99.6	99.3	686
PX215123.1	FR750020_Archaeospora_schencki	74.8	98.5	96.5	705
PX215123.1	FM876840_Geosiphon_pyriformis	74.4	99.7	93.3	730
PX215123.1	FN825908_Acaulospora_brasiliansis	74.1	98.5	99.0	688
PX215123.1	FR750170_Acaulospora_entreriana	73.7	99.7	97.3	700
PX215123.1	FN825910_Acaulospora_brasiliansis	73.6	98.5	98.8	689
PX215123.1	FN547517_Acaulospora_laevis	73.3	99.3	96.8	703
PX215123.1	FM876790_Acaulospora_cavernata	72.9	99.7	97.0	702
PX215123.1	FR750155_Acaulospora_spinosa	72.3	98.5	95.7	711
PX215123.1	AY639265_Acaulospora_paulinae	71.9	99.9	97.0	702
PX215123.1	FM876793_Acalospora_sieverdingii	71.8	99.7	97.0	702
PX215122.1	MT832166_Ambispora_leptoticha	97.5	92.5	100.0	631
PX215122.1	FN547531_Ambispora_leptoticha	94.7	100.0	98.7	681
PX215122.1	JF439210_Ambispora_gerdemannii	91.5	99.9	99.6	684
PX215122.1	MT832167_Ambispora_gerdemannii	91.5	92.4	99.7	633
PX215122.1	FN547544_Ambispora_fennica	91.0	99.9	99.3	686
PX215122.1	FN547539_Ambispora_fennica	90.8	99.6	99.3	686
PX215122.1	FR750020_Archaeospora_schencki	74.8	98.5	96.5	705
PX215122.1	FM876840_Geosiphon_pyriformis	74.4	99.7	93.3	730
PX215122.1	FN825908_Acaulospora_brasiliansis	74.1	98.5	99.0	688
PX215122.1	FR750170_Acaulospora_entreriana	73.7	99.7	97.3	700
PX215122.1	FN825910_Acaulospora_brasiliansis	73.6	98.5	98.8	689
PX215122.1	FN547517_Acaulospora_laevis	73.3	99.3	96.8	703
PX215122.1	FM876790_Acaulospora_cavernata	72.9	99.7	97.0	702
PX215122.1	FR750155_Acaulospora_spinosa	72.3	98.5	95.7	711
PX215122.1	AY639265_Acaulospora_paulinae	71.9	99.9	97.0	702
PX215122.1	FM876793_Acalospora_sieverdingii	71.8	99.7	97.0	702
PX215124.1	MT832166_Ambispora_leptoticha	97.6	92.5	100.0	631
PX215124.1	FN547531_Ambispora_leptoticha	94.9	100.0	98.7	681
PX215124.1	JF439210_Ambispora_gerdemannii	91.7	99.9	99.6	684
PX215124.1	MT832167_Ambispora_gerdemannii	91.6	92.4	99.7	633
PX215124.1	FN547544_Ambispora_fennica	91.1	99.9	99.3	686
PX215124.1	FN547539_Ambispora_fennica	91.0	99.6	99.3	686
PX215124.1	FR750020_Archaeospora_schencki	74.6	98.5	96.5	705
PX215124.1	FN825908_Acaulospora_brasiliansis	74.3	98.5	99.0	688
PX215124.1	FM876840_Geosiphon_pyriformis	74.0	99.7	93.3	730
PX215124.1	FN825910_Acaulospora_brasiliansis	73.7	98.5	98.8	689
PX215124.1	FR750170_Acaulospora_entreriana	73.7	99.7	97.3	700
PX215124.1	FN547517_Acaulospora_laevis	73.3	99.3	96.8	703
PX215124.1	FM876790_Acaulospora_cavernata	72.9	99.7	97.0	702
PX215124.1	FR750155_Acaulospora_spinosa	72.4	98.5	95.7	711
PX215124.1	AY639265_Acaulospora_paulinae	72.1	99.9	97.0	702
PX215124.1	FM876793_Acalospora_sieverdingii	71.9	99.7	97.0	702
PX215130.1	MT832166_Ambispora_leptoticha	97.5	92.5	100.0	631
PX215130.1	FN547531_Ambispora_leptoticha	94.7	100.0	98.7	681
PX215130.1	JF439210_Ambispora_gerdemannii	91.2	99.9	99.6	684
PX215130.1	MT832167_Ambispora_gerdemannii	91.2	92.4	99.7	633
PX215130.1	FN547544_Ambispora_fennica	91.0	99.9	99.3	686
PX215130.1	FN547539_Ambispora_fennica	90.8	99.6	99.3	686
PX215130.1	FR750020_Archaeospora_schencki	74.6	98.5	96.5	705
PX215130.1	FN825908_Acaulospora_brasiliansis	74.0	98.5	99.0	688
PX215130.1	FM876840_Geosiphon_pyriformis	74.0	99.7	93.3	730
PX215130.1	FN825910_Acaulospora_brasiliansis	73.4	98.5	98.8	689
PX215130.1	FR750170_Acaulospora_entreriana	73.1	99.7	97.3	700
PX215130.1	FN547517_Acaulospora_laevis	72.8	99.3	96.8	703
PX215130.1	FR750155_Acaulospora_spinosa	72.4	98.5	95.7	711
PX215130.1	FM876790_Acaulospora_cavernata	72.3	98.5	95.9	710
PX215130.1	AY639265_Acaulospora_paulinae	71.9	99.9	97.0	702
PX215130.1	FM876793_Acalospora_sieverdingii	71.8	99.7	97.0	702
PX215125.1	MT832166_Ambispora_leptoticha	97.6	92.5	100.0	631
PX215125.1	FN547531_Ambispora_leptoticha	94.9	100.0	98.7	681
PX215125.1	JF439210_Ambispora_gerdemannii	91.7	99.9	99.6	684
PX215125.1	MT832167_Ambispora_gerdemannii	91.6	92.4	99.7	633
PX215125.1	FN547544_Ambispora_fennica	91.1	99.9	99.3	686
PX215125.1	FN547539_Ambispora_fennica	91.0	99.6	99.3	686
PX215125.1	FR750020_Archaeospora_schencki	74.8	98.5	96.5	705
PX215125.1	FM876840_Geosiphon_pyriformis	74.2	99.7	93.3	730
PX215125.1	FN825908_Acaulospora_brasiliansis	74.0	98.5	99.0	688
PX215125.1	FR750170_Acaulospora_entreriana	73.7	99.7	97.3	700
PX215125.1	FN825910_Acaulospora_brasiliansis	73.4	98.5	98.8	689
PX215125.1	FN547517_Acaulospora_laevis	73.3	99.3	96.8	703
PX215125.1	FM876790_Acaulospora_cavernata	73.1	99.7	97.0	702
PX215125.1	FR750155_Acaulospora_spinosa	72.2	98.5	95.7	711
PX215125.1	AY639265_Acaulospora_paulinae	72.1	99.9	97.0	702
PX215125.1	FM876793_Acalospora_sieverdingii	71.9	99.7	97.0	702
PX215126.1	MT832166_Ambispora_leptoticha	97.5	92.5	100.0	631
PX215126.1	FN547531_Ambispora_leptoticha	94.7	100.0	98.7	681
PX215126.1	JF439210_Ambispora_gerdemannii	91.5	99.9	99.6	684
PX215126.1	MT832167_Ambispora_gerdemannii	91.5	92.4	99.7	633
PX215126.1	FN547544_Ambispora_fennica	91.0	99.9	99.3	686
PX215126.1	FN547539_Ambispora_fennica	90.8	99.6	99.3	686
PX215126.1	FR750020_Archaeospora_schencki	74.8	98.5	96.5	705
PX215126.1	FM876840_Geosiphon_pyriformis	74.4	99.7	93.3	730
PX215126.1	FN825908_Acaulospora_brasiliansis	74.1	98.5	99.0	688
PX215126.1	FR750170_Acaulospora_entreriana	73.7	99.7	97.3	700
PX215126.1	FN825910_Acaulospora_brasiliansis	73.6	98.5	98.8	689
PX215126.1	FN547517_Acaulospora_laevis	73.3	99.3	96.8	703
PX215126.1	FM876790_Acaulospora_cavernata	72.9	99.7	97.0	702
PX215126.1	FR750155_Acaulospora_spinosa	72.3	98.5	95.7	711
PX215126.1	AY639265_Acaulospora_paulinae	71.9	99.9	97.0	702
PX215126.1	FM876793_Acalospora_sieverdingii	71.8	99.7	97.0	702
PX215127.1	MT832166_Ambispora_leptoticha	97.6	92.5	100.0	631
PX215127.1	FN547531_Ambispora_leptoticha	94.9	100.0	98.7	681
PX215127.1	JF439210_Ambispora_gerdemannii	91.7	99.9	99.6	684
PX215127.1	MT832167_Ambispora_gerdemannii	91.6	92.4	99.7	633
PX215127.1	FN547544_Ambispora_fennica	91.1	99.9	99.3	686
PX215127.1	FN547539_Ambispora_fennica	91.0	99.6	99.3	686
PX215127.1	FR750020_Archaeospora_schencki	74.8	98.5	96.5	705
PX215127.1	FM876840_Geosiphon_pyriformis	74.2	99.7	93.3	730
PX215127.1	FN825908_Acaulospora_brasiliansis	74.0	98.5	99.0	688
PX215127.1	FR750170_Acaulospora_entreriana	73.7	99.7	97.3	700
PX215127.1	FN825910_Acaulospora_brasiliansis	73.4	98.5	98.8	689
PX215127.1	FN547517_Acaulospora_laevis	73.3	99.3	96.8	703
PX215127.1	FM876790_Acaulospora_cavernata	73.1	99.7	97.0	702
PX215127.1	FR750155_Acaulospora_spinosa	72.2	98.5	95.7	711
PX215127.1	AY639265_Acaulospora_paulinae	72.1	99.9	97.0	702
PX215127.1	FM876793_Acalospora_sieverdingii	71.9	99.7	97.0	702
PX215128.1	MT832166_Ambispora_leptoticha	97.6	92.5	100.0	631
PX215128.1	FN547531_Ambispora_leptoticha	94.9	100.0	98.7	681
PX215128.1	JF439210_Ambispora_gerdemannii	91.7	99.9	99.6	684
PX215128.1	MT832167_Ambispora_gerdemannii	91.6	92.4	99.7	633
PX215128.1	FN547544_Ambispora_fennica	91.1	99.9	99.3	686
PX215128.1	FN547539_Ambispora_fennica	91.0	99.6	99.3	686
PX215128.1	FR750020_Archaeospora_schencki	74.8	98.5	96.5	705
PX215128.1	FM876840_Geosiphon_pyriformis	74.2	99.7	93.3	730
PX215128.1	FN825908_Acaulospora_brasiliansis	74.0	98.5	99.0	688
PX215128.1	FR750170_Acaulospora_entreriana	73.7	99.7	97.3	700
PX215128.1	FN825910_Acaulospora_brasiliansis	73.4	98.5	98.8	689
PX215128.1	FN547517_Acaulospora_laevis	73.3	99.3	96.8	703
PX215128.1	FM876790_Acaulospora_cavernata	73.1	99.7	97.0	702
PX215128.1	FR750155_Acaulospora_spinosa	72.2	98.5	95.7	711
PX215128.1	AY639265_Acaulospora_paulinae	72.1	99.9	97.0	702
PX215128.1	FM876793_Acalospora_sieverdingii	71.9	99.7	97.0	702
PX215129.1	MT832166_Ambispora_leptoticha	97.5	92.5	100.0	631
PX215129.1	FN547531_Ambispora_leptoticha	94.7	100.0	98.7	681
PX215129.1	JF439210_Ambispora_gerdemannii	91.5	99.9	99.6	684
PX215129.1	MT832167_Ambispora_gerdemannii	91.5	92.4	99.7	633
PX215129.1	FN547544_Ambispora_fennica	91.0	99.9	99.3	686
PX215129.1	FN547539_Ambispora_fennica	90.8	99.6	99.3	686
PX215129.1	FR750020_Archaeospora_schencki	74.6	98.5	96.5	705
PX215129.1	FN825908_Acaulospora_brasiliansis	74.3	98.5	99.0	688
PX215129.1	FN825910_Acaulospora_brasiliansis	73.9	98.5	98.8	689
PX215129.1	FM876840_Geosiphon_pyriformis	73.8	99.7	93.3	730
PX215129.1	FR750170_Acaulospora_entreriana	73.7	99.7	97.3	700
PX215129.1	FN547517_Acaulospora_laevis	73.3	99.3	96.8	703
PX215129.1	FM876790_Acaulospora_cavernata	72.8	99.7	97.0	702
PX215129.1	FR750155_Acaulospora_spinosa	72.3	98.5	95.7	711
PX215129.1	AY639265_Acaulospora_paulinae	71.9	99.9	97.0	702
PX215129.1	FM876793_Acalospora_sieverdingii	71.8	99.7	97.0	702
PX215131.1	MT832166_Ambispora_leptoticha	97.5	92.5	100.0	631
PX215131.1	FN547531_Ambispora_leptoticha	94.7	100.0	98.7	681
PX215131.1	JF439210_Ambispora_gerdemannii	91.2	99.9	99.6	684
PX215131.1	MT832167_Ambispora_gerdemannii	91.2	92.4	99.7	633
PX215131.1	FN547544_Ambispora_fennica	91.0	99.9	99.3	686
PX215131.1	FN547539_Ambispora_fennica	90.8	99.6	99.3	686
PX215131.1	FR750020_Archaeospora_schencki	74.6	98.5	96.5	705
PX215131.1	FN825908_Acaulospora_brasiliansis	74.0	98.5	99.0	688
PX215131.1	FM876840_Geosiphon_pyriformis	74.0	99.7	93.3	730
PX215131.1	FN825910_Acaulospora_brasiliansis	73.4	98.5	98.8	689
PX215131.1	FR750170_Acaulospora_entreriana	73.1	99.7	97.3	700
PX215131.1	FN547517_Acaulospora_laevis	72.8	99.3	96.8	703
PX215131.1	FR750155_Acaulospora_spinosa	72.4	98.5	95.7	711
PX215131.1	FM876790_Acaulospora_cavernata	72.3	98.5	95.9	710
PX215131.1	AY639265_Acaulospora_paulinae	71.9	99.9	97.0	702
PX215131.1	FM876793_Acalospora_sieverdingii	71.8	99.7	97.0	702
PX215134.1	MT832166_Ambispora_leptoticha	97.5	92.5	100.0	631
PX215134.1	FN547531_Ambispora_leptoticha	95.0	100.0	98.7	681
PX215134.1	JF439210_Ambispora_gerdemannii	91.4	99.9	99.6	684
PX215134.1	MT832167_Ambispora_gerdemannii	91.3	92.4	99.7	633
PX215134.1	FN547544_Ambispora_fennica	91.1	99.9	99.3	686
PX215134.1	FN547539_Ambispora_fennica	91.0	99.6	99.3	686
PX215134.1	FR750020_Archaeospora_schencki	74.5	98.5	96.5	705
PX215134.1	FN825908_Acaulospora_brasiliansis	74.3	98.5	99.0	688
PX215134.1	FM876840_Geosiphon_pyriformis	74.1	99.7	93.3	730
PX215134.1	FN825910_Acaulospora_brasiliansis	73.7	98.5	98.8	689
PX215134.1	FR750170_Acaulospora_entreriana	73.6	99.7	97.3	700
PX215134.1	FM876790_Acaulospora_cavernata	73.2	99.7	97.0	702
PX215134.1	FN547517_Acaulospora_laevis	73.1	99.3	96.8	703
PX215134.1	FR750155_Acaulospora_spinosa	72.4	98.5	95.7	711
PX215134.1	AY639265_Acaulospora_paulinae	72.4	99.9	97.0	702
PX215134.1	FM876793_Acalospora_sieverdingii	72.2	99.7	97.0	702
PX215132.1	MT832166_Ambispora_leptoticha	97.6	92.5	100.0	631
PX215132.1	FN547531_Ambispora_leptoticha	95.2	100.0	98.7	681
PX215132.1	JF439210_Ambispora_gerdemannii	91.2	99.9	99.6	684
PX215132.1	MT832167_Ambispora_gerdemannii	91.2	92.4	99.7	633
PX215132.1	FN547544_Ambispora_fennica	91.0	99.9	99.3	686
PX215132.1	FN547539_Ambispora_fennica	90.8	99.6	99.3	686
PX215132.1	FR750020_Archaeospora_schencki	74.6	98.5	96.5	705
PX215132.1	FN825908_Acaulospora_brasiliansis	74.3	98.5	99.0	688
PX215132.1	FM876840_Geosiphon_pyriformis	73.8	99.7	93.3	730
PX215132.1	FN825910_Acaulospora_brasiliansis	73.7	98.5	98.8	689
PX215132.1	FR750170_Acaulospora_entreriana	73.3	99.7	97.3	700
PX215132.1	FM876790_Acaulospora_cavernata	73.2	99.7	97.0	702
PX215132.1	FN547517_Acaulospora_laevis	72.8	99.3	96.8	703
PX215132.1	FR750155_Acaulospora_spinosa	72.4	98.5	95.7	711
PX215132.1	AY639265_Acaulospora_paulinae	72.1	99.9	97.0	702
PX215132.1	FM876793_Acalospora_sieverdingii	71.9	99.7	97.0	702
PX215133.1	MT832166_Ambispora_leptoticha	97.6	92.5	100.0	631
PX215133.1	FN547531_Ambispora_leptoticha	94.9	100.0	98.7	681
PX215133.1	JF439210_Ambispora_gerdemannii	91.5	99.9	99.6	684
PX215133.1	MT832167_Ambispora_gerdemannii	91.5	92.4	99.7	633
PX215133.1	FN547544_Ambispora_fennica	91.3	99.9	99.3	686
PX215133.1	FN547539_Ambispora_fennica	91.1	99.6	99.3	686
PX215133.1	FR750020_Archaeospora_schencki	74.6	98.5	96.5	705
PX215133.1	FN825908_Acaulospora_brasiliansis	74.3	98.5	99.0	688
PX215133.1	FM876840_Geosiphon_pyriformis	74.1	99.7	93.3	730
PX215133.1	FN825910_Acaulospora_brasiliansis	73.7	98.5	98.8	689
PX215133.1	FR750170_Acaulospora_entreriana	73.6	99.7	97.3	700
PX215133.1	FM876790_Acaulospora_cavernata	73.2	99.7	97.0	702
PX215133.1	FN547517_Acaulospora_laevis	73.1	99.3	96.8	703
PX215133.1	FR750155_Acaulospora_spinosa	72.4	98.5	95.7	711
PX215133.1	AY639265_Acaulospora_paulinae	72.4	99.9	97.0	702
PX215133.1	FM876793_Acalospora_sieverdingii	72.2	99.7	97.0	702
PX215136.1	MT832166_Ambispora_leptoticha	97.6	92.5	100.0	631
PX215136.1	FN547531_Ambispora_leptoticha	95.2	100.0	98.7	681
PX215136.1	JF439210_Ambispora_gerdemannii	91.4	99.9	99.6	684
PX215136.1	MT832167_Ambispora_gerdemannii	91.2	92.4	99.7	633
PX215136.1	FN547544_Ambispora_fennica	91.0	99.9	99.3	686
PX215136.1	FN547539_Ambispora_fennica	90.8	99.6	99.3	686
PX215136.1	FR750020_Archaeospora_schencki	74.6	98.5	96.5	705
PX215136.1	FN825908_Acaulospora_brasiliansis	74.1	98.5	99.0	688
PX215136.1	FN825910_Acaulospora_brasiliansis	73.6	98.5	98.8	689
PX215136.1	FM876840_Geosiphon_pyriformis	73.4	99.9	93.4	729
PX215136.1	FR750170_Acaulospora_entreriana	73.3	99.7	97.3	700
PX215136.1	FM876790_Acaulospora_cavernata	73.1	99.7	97.0	702
PX215136.1	FN547517_Acaulospora_laevis	72.8	99.3	96.8	703
PX215136.1	FR750155_Acaulospora_spinosa	72.6	98.5	95.7	711
PX215136.1	AY639265_Acaulospora_paulinae	72.1	98.7	95.9	710
PX215136.1	FM876793_Acalospora_sieverdingii	71.8	99.7	97.0	702
PX215138.1	MT832166_Ambispora_leptoticha	97.3	92.5	100.0	631
PX215138.1	FN547531_Ambispora_leptoticha	94.9	100.0	98.7	681
PX215138.1	FN547544_Ambispora_fennica	91.1	99.9	99.3	686
PX215138.1	MT832167_Ambispora_gerdemannii	91.0	92.4	99.7	633
PX215138.1	FN547539_Ambispora_fennica	91.0	99.6	99.3	686
PX215138.1	JF439210_Ambispora_gerdemannii	90.8	99.9	99.6	684
PX215138.1	FR750020_Archaeospora_schencki	74.0	98.5	96.5	705
PX215138.1	FN825908_Acaulospora_brasiliansis	73.4	98.5	99.0	688
PX215138.1	FR750170_Acaulospora_entreriana	73.3	99.7	97.3	700
PX215138.1	FM876840_Geosiphon_pyriformis	73.0	99.7	93.3	730
PX215138.1	FN825910_Acaulospora_brasiliansis	73.0	98.5	98.8	689
PX215138.1	FN547517_Acaulospora_laevis	72.7	99.3	96.8	703
PX215138.1	FM876790_Acaulospora_cavernata	72.5	99.7	97.0	702
PX215138.1	AY639265_Acaulospora_paulinae	72.2	99.9	97.0	702
PX215138.1	FR750155_Acaulospora_spinosa	71.9	98.5	95.7	711
PX215138.1	FM876793_Acalospora_sieverdingii	71.5	99.7	97.0	702
PX215137.1	MT832166_Ambispora_leptoticha	97.5	92.5	100.0	631
PX215137.1	FN547531_Ambispora_leptoticha	94.7	100.0	98.7	681
PX215137.1	JF439210_Ambispora_gerdemannii	91.2	99.9	99.6	684
PX215137.1	MT832167_Ambispora_gerdemannii	91.0	92.4	99.7	633
PX215137.1	FN547544_Ambispora_fennica	90.8	99.9	99.3	686
PX215137.1	FN547539_Ambispora_fennica	90.7	99.6	99.3	686
PX215137.1	FR750020_Archaeospora_schencki	74.1	98.4	96.4	706
PX215137.1	FN825908_Acaulospora_brasiliansis	73.7	98.5	99.0	688
PX215137.1	FM876840_Geosiphon_pyriformis	73.3	99.9	93.4	729
PX215137.1	FN825910_Acaulospora_brasiliansis	73.1	98.5	98.8	689
PX215137.1	FR750170_Acaulospora_entreriana	73.1	99.7	97.3	700
PX215137.1	FN547517_Acaulospora_laevis	72.7	99.3	96.8	703
PX215137.1	FM876790_Acaulospora_cavernata	72.6	99.7	97.0	702
PX215137.1	FR750155_Acaulospora_spinosa	72.2	98.5	95.7	711
PX215137.1	AY639265_Acaulospora_paulinae	71.8	99.9	97.0	702
PX215137.1	FM876793_Acalospora_sieverdingii	71.7	99.7	97.0	702
PX215135.1	MT832166_Ambispora_leptoticha	97.8	92.5	100.0	631
PX215135.1	FN547531_Ambispora_leptoticha	95.0	100.0	98.7	681
PX215135.1	JF439210_Ambispora_gerdemannii	91.1	99.9	99.6	684
PX215135.1	MT832167_Ambispora_gerdemannii	91.0	92.4	99.7	633
PX215135.1	FN547544_Ambispora_fennica	90.8	99.9	99.3	686
PX215135.1	FN547539_Ambispora_fennica	90.7	99.6	99.3	686
PX215135.1	FR750020_Archaeospora_schencki	74.5	98.5	96.5	705
PX215135.1	FN825908_Acaulospora_brasiliansis	74.1	98.5	99.0	688
PX215135.1	FM876840_Geosiphon_pyriformis	73.7	99.7	93.3	730
PX215135.1	FN825910_Acaulospora_brasiliansis	73.6	98.5	98.8	689
PX215135.1	FR750170_Acaulospora_entreriana	73.1	99.7	97.3	700
PX215135.1	FM876790_Acaulospora_cavernata	73.1	99.7	97.0	702
PX215135.1	FN547517_Acaulospora_laevis	72.7	99.3	96.8	703
PX215135.1	FR750155_Acaulospora_spinosa	72.3	98.5	95.7	711
PX215135.1	AY639265_Acaulospora_paulinae	71.9	99.9	97.0	702
PX215135.1	FM876793_Acalospora_sieverdingii	71.8	99.7	97.0	702
PX215141.1	MT832166_Ambispora_leptoticha	98.1	92.5	100.0	631
PX215141.1	FN547531_Ambispora_leptoticha	95.3	100.0	98.7	681
PX215141.1	MT832167_Ambispora_gerdemannii	91.8	92.4	99.7	633
PX215141.1	FN547544_Ambispora_fennica	91.5	99.9	99.3	686
PX215141.1	FN547539_Ambispora_fennica	91.4	99.6	99.3	686
PX215141.1	JF439210_Ambispora_gerdemannii	91.4	99.9	99.6	684
PX215141.1	FR750020_Archaeospora_schencki	74.0	98.7	96.7	704
PX215141.1	FN825908_Acaulospora_brasiliansis	73.8	98.5	99.0	688
PX215141.1	FR750170_Acaulospora_entreriana	73.7	99.7	97.3	700
PX215141.1	FM876840_Geosiphon_pyriformis	73.4	99.7	93.3	730
PX215141.1	FN825910_Acaulospora_brasiliansis	73.3	98.5	98.8	689
PX215141.1	FM876790_Acaulospora_cavernata	73.1	99.7	97.0	702
PX215141.1	FN547517_Acaulospora_laevis	72.8	99.3	96.8	703
PX215141.1	AY639265_Acaulospora_paulinae	72.8	99.9	97.0	702
PX215141.1	FR750155_Acaulospora_spinosa	72.3	98.5	95.7	711
PX215141.1	FM876793_Acalospora_sieverdingii	72.1	99.7	97.0	702
PX215144.1	FR750049_Paraglomus_brasilianum	99.9	100.0	99.9	684
PX215144.1	MT832158_Paraglomus_brasilianum	99.2	92.4	100.0	633
PX215144.1	MT832157_Paraglomus_occultum	86.6	91.9	99.7	635
PX215144.1	MT832156_Paraglomus_occultum	86.5	92.4	99.2	638
PX215144.1	MT832155_Paraglomus_occultum	86.0	92.1	99.7	635
PX215144.1	KY630232.1_Innospora_majewskii	82.2	96.9	89.7	673
PX215144.1	JN131593.1_Innospora_majewskii	80.3	75.5	96.8	524
PX215144.1	JN971073.1_Intraornatospora_intraornata	74.5	97.2	98.8	679
PX215144.1	FN547544_Ambispora_fennica	73.4	97.8	97.5	700
PX215144.1	JN971076.1_Paradentiscutata_martima	73.2	98.7	99.3	686
PX215144.1	FN547539_Ambispora_fennica	73.1	97.5	97.5	700
PX215144.1	JF439210_Ambispora_gerdemannii	72.9	97.8	97.8	689
PX215144.1	FR750170_Acaulospora_entreriana	72.4	99.3	97.1	703
PX215144.1	FN547517_Acaulospora_laevis	71.8	99.0	96.8	705
PX215144.1	FM876793_Acalospora_sieverdingii	71.3	99.4	97.0	704
PX215144.1	FR865449.1_Sacculospora_baltica	70.8	96.3	88.7	681
PX215143.1	FR750049_Paraglomus_brasilianum	99.9	100.0	99.9	684
PX215143.1	MT832158_Paraglomus_brasilianum	99.2	92.4	100.0	633
PX215143.1	MT832157_Paraglomus_occultum	86.6	91.9	99.7	635
PX215143.1	MT832156_Paraglomus_occultum	86.5	92.4	99.2	638
PX215143.1	MT832155_Paraglomus_occultum	86.0	92.1	99.7	635
PX215143.1	KY630232.1_Innospora_majewskii	82.2	96.9	89.7	673
PX215143.1	JN131593.1_Innospora_majewskii	80.3	75.5	96.8	524
PX215143.1	JN971073.1_Intraornatospora_intraornata	74.5	97.2	98.8	679
PX215143.1	FN547544_Ambispora_fennica	73.4	97.8	97.5	700
PX215143.1	JN971076.1_Paradentiscutata_martima	73.2	98.7	99.3	686
PX215143.1	FN547539_Ambispora_fennica	73.1	97.5	97.5	700
PX215143.1	JF439210_Ambispora_gerdemannii	72.9	97.8	97.8	689
PX215143.1	FR750170_Acaulospora_entreriana	72.4	99.3	97.1	703
PX215143.1	FN547517_Acaulospora_laevis	71.8	99.0	96.8	705
PX215143.1	FM876793_Acalospora_sieverdingii	71.3	99.4	97.0	704
PX215143.1	FR865449.1_Sacculospora_baltica	70.8	96.3	88.7	681
PX215142.1	FR750049_Paraglomus_brasilianum	99.9	100.0	99.9	684
PX215142.1	MT832158_Paraglomus_brasilianum	99.2	92.4	100.0	633
PX215142.1	MT832157_Paraglomus_occultum	86.6	91.9	99.7	635
PX215142.1	MT832156_Paraglomus_occultum	86.5	92.4	99.2	638
PX215142.1	MT832155_Paraglomus_occultum	86.0	92.1	99.7	635
PX215142.1	KY630232.1_Innospora_majewskii	82.2	96.9	89.7	673
PX215142.1	JN131593.1_Innospora_majewskii	80.3	75.5	96.8	524
PX215142.1	JN971073.1_Intraornatospora_intraornata	74.5	97.2	98.8	679
PX215142.1	FN547544_Ambispora_fennica	73.4	97.8	97.5	700
PX215142.1	JN971076.1_Paradentiscutata_martima	73.2	98.7	99.3	686
PX215142.1	FN547539_Ambispora_fennica	73.1	97.5	97.5	700
PX215142.1	JF439210_Ambispora_gerdemannii	72.9	97.8	97.8	689
PX215142.1	FR750170_Acaulospora_entreriana	72.4	99.3	97.1	703
PX215142.1	FN547517_Acaulospora_laevis	71.8	99.0	96.8	705
PX215142.1	FM876793_Acalospora_sieverdingii	71.3	99.4	97.0	704
PX215142.1	FR865449.1_Sacculospora_baltica	70.8	96.3	88.7	681
PX215145.1	FR750049_Paraglomus_brasilianum	99.9	100.0	99.9	684
PX215145.1	MT832158_Paraglomus_brasilianum	99.2	92.4	100.0	633
PX215145.1	MT832157_Paraglomus_occultum	86.6	91.9	99.7	635
PX215145.1	MT832156_Paraglomus_occultum	86.5	92.4	99.2	638
PX215145.1	MT832155_Paraglomus_occultum	86.0	92.1	99.7	635
PX215145.1	KY630232.1_Innospora_majewskii	82.2	96.9	89.7	673
PX215145.1	JN131593.1_Innospora_majewskii	80.3	75.5	96.8	524
PX215145.1	JN971073.1_Intraornatospora_intraornata	74.5	97.2	98.8	679
PX215145.1	FN547544_Ambispora_fennica	73.4	97.8	97.5	700
PX215145.1	JN971076.1_Paradentiscutata_martima	73.2	98.7	99.3	686
PX215145.1	FN547539_Ambispora_fennica	73.1	97.5	97.5	700
PX215145.1	JF439210_Ambispora_gerdemannii	72.9	97.8	97.8	689
PX215145.1	FR750170_Acaulospora_entreriana	72.4	99.3	97.1	703
PX215145.1	FN547517_Acaulospora_laevis	71.8	99.0	96.8	705
PX215145.1	FM876793_Acalospora_sieverdingii	71.3	99.4	97.0	704
PX215145.1	FR865449.1_Sacculospora_baltica	70.8	96.3	88.7	681
PX215146.1	FR750049_Paraglomus_brasilianum	99.4	100.0	99.9	684
PX215146.1	MT832158_Paraglomus_brasilianum	99.1	92.4	100.0	633
PX215146.1	MT832157_Paraglomus_occultum	86.6	91.9	99.7	635
PX215146.1	MT832156_Paraglomus_occultum	86.5	92.4	99.2	638
PX215146.1	MT832155_Paraglomus_occultum	86.3	92.1	99.7	635
PX215146.1	KY630232.1_Innospora_majewskii	82.0	96.9	89.7	673
PX215146.1	JN131593.1_Innospora_majewskii	80.2	75.5	96.8	524
PX215146.1	JN971073.1_Intraornatospora_intraornata	74.7	97.2	98.8	679
PX215146.1	FN547544_Ambispora_fennica	73.4	97.8	97.5	700
PX215146.1	JN971076.1_Paradentiscutata_martima	73.2	98.7	99.3	686
PX215146.1	FN547539_Ambispora_fennica	73.1	97.5	97.5	700
PX215146.1	JF439210_Ambispora_gerdemannii	73.0	97.8	97.8	689
PX215146.1	FR750170_Acaulospora_entreriana	72.3	99.3	97.1	703
PX215146.1	FN547517_Acaulospora_laevis	71.6	99.0	96.8	705
PX215146.1	FR865449.1_Sacculospora_baltica	70.9	95.9	88.3	684
PX215146.1	FM876840_Geosiphon_pyriformis	70.1	99.3	93.1	733
PX215140.1	MT832166_Ambispora_leptoticha	98.7	92.5	100.0	631
PX215140.1	FN547531_Ambispora_leptoticha	95.7	100.0	98.7	681
PX215140.1	MT832167_Ambispora_gerdemannii	91.3	92.4	99.7	633
PX215140.1	JF439210_Ambispora_gerdemannii	91.2	99.9	99.6	684
PX215140.1	FN547544_Ambispora_fennica	91.1	99.9	99.3	686
PX215140.1	FN547539_Ambispora_fennica	91.0	99.6	99.3	686
PX215140.1	FR750020_Archaeospora_schencki	74.6	98.5	96.5	705
PX215140.1	FN825908_Acaulospora_brasiliansis	73.7	98.5	99.0	688
PX215140.1	FR750170_Acaulospora_entreriana	73.4	99.7	97.3	700
PX215140.1	FN825910_Acaulospora_brasiliansis	73.1	98.5	98.8	689
PX215140.1	FN547517_Acaulospora_laevis	73.0	99.3	96.8	703
PX215140.1	FM876790_Acaulospora_cavernata	72.9	99.7	97.0	702
PX215140.1	FM876840_Geosiphon_pyriformis	72.9	99.7	93.3	730
PX215140.1	FR750155_Acaulospora_spinosa	72.2	98.5	95.7	711
PX215140.1	AY639265_Acaulospora_paulinae	72.1	99.9	97.0	702
PX215140.1	FM876793_Acalospora_sieverdingii	71.9	99.7	97.0	702
PX215139.1	MT832166_Ambispora_leptoticha	98.7	92.5	100.0	631
PX215139.1	FN547531_Ambispora_leptoticha	95.7	100.0	98.7	681
PX215139.1	MT832167_Ambispora_gerdemannii	91.5	92.4	99.7	633
PX215139.1	FN547544_Ambispora_fennica	91.4	99.9	99.3	686
PX215139.1	JF439210_Ambispora_gerdemannii	91.4	99.9	99.6	684
PX215139.1	FN547539_Ambispora_fennica	91.3	99.6	99.3	686
PX215139.1	FR750020_Archaeospora_schencki	74.6	98.5	96.5	705
PX215139.1	FN825908_Acaulospora_brasiliansis	74.0	98.5	99.0	688
PX215139.1	FR750170_Acaulospora_entreriana	73.7	99.7	97.3	700
PX215139.1	FN825910_Acaulospora_brasiliansis	73.4	98.5	98.8	689
PX215139.1	FM876790_Acaulospora_cavernata	73.4	99.7	97.0	702
PX215139.1	FN547517_Acaulospora_laevis	73.3	99.3	96.8	703
PX215139.1	FM876840_Geosiphon_pyriformis	73.0	99.7	93.3	730
PX215139.1	FR750155_Acaulospora_spinosa	72.6	98.5	95.7	711
PX215139.1	AY639265_Acaulospora_paulinae	72.5	99.9	97.0	702
PX215139.1	FM876793_Acalospora_sieverdingii	72.4	99.7	97.0	702
PX215147.1	FR750049_Paraglomus_brasilianum	99.4	100.0	99.9	684
PX215147.1	MT832158_Paraglomus_brasilianum	99.1	92.4	100.0	633
PX215147.1	MT832157_Paraglomus_occultum	86.6	91.9	99.7	635
PX215147.1	MT832156_Paraglomus_occultum	86.5	92.4	99.2	638
PX215147.1	MT832155_Paraglomus_occultum	86.3	92.1	99.7	635
PX215147.1	KY630232.1_Innospora_majewskii	82.0	96.9	89.7	673
PX215147.1	JN131593.1_Innospora_majewskii	80.2	75.5	96.8	524
PX215147.1	JN971073.1_Intraornatospora_intraornata	74.7	97.2	98.8	679
PX215147.1	FN547544_Ambispora_fennica	73.4	97.8	97.5	700
PX215147.1	JN971076.1_Paradentiscutata_martima	73.2	98.7	99.3	686
PX215147.1	FN547539_Ambispora_fennica	73.1	97.5	97.5	700
PX215147.1	JF439210_Ambispora_gerdemannii	73.0	97.8	97.8	689
PX215147.1	FR750170_Acaulospora_entreriana	72.3	99.3	97.1	703
PX215147.1	FN547517_Acaulospora_laevis	71.6	99.0	96.8	705
PX215147.1	FR865449.1_Sacculospora_baltica	70.9	95.9	88.3	684
PX215147.1	FM876840_Geosiphon_pyriformis	70.1	99.3	93.1	733
PX215148.1	FR750049_Paraglomus_brasilianum	99.6	99.9	99.7	685
PX215148.1	MT832158_Paraglomus_brasilianum	98.9	92.2	99.8	634
PX215148.1	MT832156_Paraglomus_occultum	86.7	92.2	99.1	639
PX215148.1	MT832157_Paraglomus_occultum	86.0	91.8	99.5	636
PX215148.1	MT832155_Paraglomus_occultum	85.8	91.9	99.5	636
PX215148.1	KY630232.1_Innospora_majewskii	81.9	96.8	89.6	674
PX215148.1	JN131593.1_Innospora_majewskii	79.8	75.4	96.6	525
PX215148.1	JN971073.1_Intraornatospora_intraornata	74.1	97.8	99.4	675
PX215148.1	FN547544_Ambispora_fennica	73.5	98.0	97.7	699
PX215148.1	JF439210_Ambispora_gerdemannii	73.3	97.8	97.8	689
PX215148.1	FN547539_Ambispora_fennica	73.2	97.7	97.7	699
PX215148.1	FR750170_Acaulospora_entreriana	72.8	98.8	96.7	706
PX215148.1	JN971076.1_Paradentiscutata_martima	72.8	99.1	99.7	683
PX215148.1	FN547517_Acaulospora_laevis	71.9	99.0	96.8	705
PX215148.1	FR865449.1_Sacculospora_baltica	70.8	96.3	88.7	681
PX215148.1	FM876840_Geosiphon_pyriformis	70.1	99.3	93.1	733
PX215149.1	FR750049_Paraglomus_brasilianum	99.1	100.0	99.9	684
PX215149.1	MT832158_Paraglomus_brasilianum	98.7	92.4	100.0	633
PX215149.1	MT832157_Paraglomus_occultum	87.1	91.9	99.7	635
PX215149.1	MT832156_Paraglomus_occultum	86.7	92.4	99.2	638
PX215149.1	MT832155_Paraglomus_occultum	86.5	92.1	99.7	635
PX215149.1	KY630232.1_Innospora_majewskii	82.3	96.9	89.7	673
PX215149.1	JN131593.1_Innospora_majewskii	80.2	75.5	96.8	524
PX215149.1	JN971073.1_Intraornatospora_intraornata	75.0	97.2	98.8	679
PX215149.1	FN547544_Ambispora_fennica	73.9	97.8	97.5	700
PX215149.1	FN547539_Ambispora_fennica	73.6	97.5	97.5	700
PX215149.1	JN971076.1_Paradentiscutata_martima	73.3	98.7	99.3	686
PX215149.1	JF439210_Ambispora_gerdemannii	73.1	97.8	97.8	689
PX215149.1	FR750170_Acaulospora_entreriana	72.7	99.3	97.1	703
PX215149.1	FN547517_Acaulospora_laevis	72.1	99.0	96.8	705
PX215149.1	FR865449.1_Sacculospora_baltica	71.4	96.3	88.7	681
PX215149.1	FM876840_Geosiphon_pyriformis	70.3	99.3	93.1	733
PX215152.1	FR750049_Paraglomus_brasilianum	96.8	100.0	99.9	684
PX215152.1	MT832158_Paraglomus_brasilianum	96.2	92.4	100.0	633
PX215152.1	MT832157_Paraglomus_occultum	87.6	91.8	99.5	636
PX215152.1	MT832156_Paraglomus_occultum	86.4	92.4	99.2	638
PX215152.1	MT832155_Paraglomus_occultum	85.5	92.1	99.7	635
PX215152.1	KY630232.1_Innospora_majewskii	82.0	96.9	89.7	673
PX215152.1	JN131593.1_Innospora_majewskii	80.7	75.5	96.8	524
PX215152.1	JN971073.1_Intraornatospora_intraornata	73.8	97.2	98.8	688
PX215152.1	FN547544_Ambispora_fennica	73.4	97.8	97.5	700
PX215152.1	JN971076.1_Paradentiscutata_martima	73.3	98.2	98.8	689
PX215152.1	FN547539_Ambispora_fennica	73.1	97.5	97.5	700
PX215152.1	JF439210_Ambispora_gerdemannii	72.7	97.7	97.7	699
PX215152.1	FM876793_Acalospora_sieverdingii	72.0	99.4	97.0	704
PX215152.1	FR865449.1_Sacculospora_baltica	71.9	95.9	88.3	684
PX215152.1	FR750155_Acaulospora_spinosa	71.2	98.4	95.9	712
PX215152.1	FM876840_Geosiphon_pyriformis	70.4	99.1	93.0	734
PX215150.1	FR750049_Paraglomus_brasilianum	96.8	100.0	99.9	684
PX215150.1	MT832158_Paraglomus_brasilianum	96.2	92.4	100.0	633
PX215150.1	MT832157_Paraglomus_occultum	87.6	91.8	99.5	636
PX215150.1	MT832156_Paraglomus_occultum	86.4	92.4	99.2	638
PX215150.1	MT832155_Paraglomus_occultum	85.5	92.1	99.7	635
PX215150.1	KY630232.1_Innospora_majewskii	82.0	96.9	89.7	673
PX215150.1	JN131593.1_Innospora_majewskii	80.7	75.5	96.8	524
PX215150.1	JN971073.1_Intraornatospora_intraornata	73.8	97.2	98.8	688
PX215150.1	FN547544_Ambispora_fennica	73.4	97.8	97.5	700
PX215150.1	JN971076.1_Paradentiscutata_martima	73.3	98.2	98.8	689
PX215150.1	FN547539_Ambispora_fennica	73.1	97.5	97.5	700
PX215150.1	JF439210_Ambispora_gerdemannii	72.7	97.7	97.7	699
PX215150.1	FM876793_Acalospora_sieverdingii	72.0	99.4	97.0	704
PX215150.1	FR865449.1_Sacculospora_baltica	71.9	95.9	88.3	684
PX215150.1	FR750155_Acaulospora_spinosa	71.2	98.4	95.9	712
PX215150.1	FM876840_Geosiphon_pyriformis	70.4	99.1	93.0	734
PX215153.1	FR750049_Paraglomus_brasilianum	96.8	100.0	99.9	684
PX215153.1	MT832158_Paraglomus_brasilianum	96.2	92.4	100.0	633
PX215153.1	MT832157_Paraglomus_occultum	87.6	91.8	99.5	636
PX215153.1	MT832156_Paraglomus_occultum	86.4	92.4	99.2	638
PX215153.1	MT832155_Paraglomus_occultum	85.5	92.1	99.7	635
PX215153.1	KY630232.1_Innospora_majewskii	82.0	96.9	89.7	673
PX215153.1	JN131593.1_Innospora_majewskii	80.7	75.5	96.8	524
PX215153.1	JN971073.1_Intraornatospora_intraornata	73.8	97.2	98.8	688
PX215153.1	FN547544_Ambispora_fennica	73.4	97.8	97.5	700
PX215153.1	JN971076.1_Paradentiscutata_martima	73.3	98.2	98.8	689
PX215153.1	FN547539_Ambispora_fennica	73.1	97.5	97.5	700
PX215153.1	JF439210_Ambispora_gerdemannii	72.7	97.7	97.7	699
PX215153.1	FM876793_Acalospora_sieverdingii	72.0	99.4	97.0	704
PX215153.1	FR865449.1_Sacculospora_baltica	71.9	95.9	88.3	684
PX215153.1	FR750155_Acaulospora_spinosa	71.2	98.4	95.9	712
PX215153.1	FM876840_Geosiphon_pyriformis	70.4	99.1	93.0	734
PX215151.1	FR750049_Paraglomus_brasilianum	96.8	100.0	99.9	684
PX215151.1	MT832158_Paraglomus_brasilianum	96.2	92.4	100.0	633
PX215151.1	MT832157_Paraglomus_occultum	87.6	91.8	99.5	636
PX215151.1	MT832156_Paraglomus_occultum	86.4	92.4	99.2	638
PX215151.1	MT832155_Paraglomus_occultum	85.5	92.1	99.7	635
PX215151.1	KY630232.1_Innospora_majewskii	82.0	96.9	89.7	673
PX215151.1	JN131593.1_Innospora_majewskii	80.7	75.5	96.8	524
PX215151.1	JN971073.1_Intraornatospora_intraornata	73.8	97.2	98.8	688
PX215151.1	FN547544_Ambispora_fennica	73.4	97.8	97.5	700
PX215151.1	JN971076.1_Paradentiscutata_martima	73.3	98.2	98.8	689
PX215151.1	FN547539_Ambispora_fennica	73.1	97.5	97.5	700
PX215151.1	JF439210_Ambispora_gerdemannii	72.7	97.7	97.7	699
PX215151.1	FM876793_Acalospora_sieverdingii	72.0	99.4	97.0	704
PX215151.1	FR865449.1_Sacculospora_baltica	71.9	95.9	88.3	684
PX215151.1	FR750155_Acaulospora_spinosa	71.2	98.4	95.9	712
PX215151.1	FM876840_Geosiphon_pyriformis	70.4	99.1	93.0	734
PX215154.1	FR750049_Paraglomus_brasilianum	96.8	100.0	99.9	684
PX215154.1	MT832158_Paraglomus_brasilianum	96.2	92.4	100.0	633
PX215154.1	MT832157_Paraglomus_occultum	87.6	91.8	99.5	636
PX215154.1	MT832156_Paraglomus_occultum	86.4	92.4	99.2	638
PX215154.1	MT832155_Paraglomus_occultum	85.5	92.1	99.7	635
PX215154.1	KY630232.1_Innospora_majewskii	82.0	96.9	89.7	673
PX215154.1	JN131593.1_Innospora_majewskii	80.7	75.5	96.8	524
PX215154.1	JN971073.1_Intraornatospora_intraornata	73.8	97.2	98.8	688
PX215154.1	FN547544_Ambispora_fennica	73.4	97.8	97.5	700
PX215154.1	JN971076.1_Paradentiscutata_martima	73.3	98.2	98.8	689
PX215154.1	FN547539_Ambispora_fennica	73.1	97.5	97.5	700
PX215154.1	JF439210_Ambispora_gerdemannii	72.7	97.7	97.7	699
PX215154.1	FM876793_Acalospora_sieverdingii	72.0	99.4	97.0	704
PX215154.1	FR865449.1_Sacculospora_baltica	71.9	95.9	88.3	684
PX215154.1	FR750155_Acaulospora_spinosa	71.2	98.4	95.9	712
PX215154.1	FM876840_Geosiphon_pyriformis	70.4	99.1	93.0	734
PX215155.1	FR750049_Paraglomus_brasilianum	96.8	100.0	99.9	684
PX215155.1	MT832158_Paraglomus_brasilianum	96.2	92.4	100.0	633
PX215155.1	MT832157_Paraglomus_occultum	87.6	91.8	99.5	636
PX215155.1	MT832156_Paraglomus_occultum	86.4	92.4	99.2	638
PX215155.1	MT832155_Paraglomus_occultum	85.5	92.1	99.7	635
PX215155.1	KY630232.1_Innospora_majewskii	82.0	96.9	89.7	673
PX215155.1	JN131593.1_Innospora_majewskii	80.7	75.5	96.8	524
PX215155.1	JN971073.1_Intraornatospora_intraornata	73.8	97.2	98.8	688
PX215155.1	FN547544_Ambispora_fennica	73.4	97.8	97.5	700
PX215155.1	JN971076.1_Paradentiscutata_martima	73.3	98.2	98.8	689
PX215155.1	FN547539_Ambispora_fennica	73.1	97.5	97.5	700
PX215155.1	JF439210_Ambispora_gerdemannii	72.7	97.7	97.7	699
PX215155.1	FM876793_Acalospora_sieverdingii	72.0	99.4	97.0	704
PX215155.1	FR865449.1_Sacculospora_baltica	71.9	95.9	88.3	684
PX215155.1	FR750155_Acaulospora_spinosa	71.2	98.4	95.9	712
PX215155.1	FM876840_Geosiphon_pyriformis	70.4	99.1	93.0	734
PX215157.1	FR750049_Paraglomus_brasilianum	96.8	100.0	99.9	684
PX215157.1	MT832158_Paraglomus_brasilianum	96.2	92.4	100.0	633
PX215157.1	MT832157_Paraglomus_occultum	87.6	91.8	99.5	636
PX215157.1	MT832156_Paraglomus_occultum	86.4	92.4	99.2	638
PX215157.1	MT832155_Paraglomus_occultum	85.8	92.1	99.7	635
PX215157.1	KY630232.1_Innospora_majewskii	81.7	96.9	89.7	673
PX215157.1	JN131593.1_Innospora_majewskii	80.3	75.5	96.8	524
PX215157.1	JN971073.1_Intraornatospora_intraornata	74.0	97.2	98.8	688
PX215157.1	FN547544_Ambispora_fennica	73.7	97.8	97.5	700
PX215157.1	JN971076.1_Paradentiscutata_martima	73.4	98.2	98.8	689
PX215157.1	FN547539_Ambispora_fennica	73.4	97.5	97.5	700
PX215157.1	JF439210_Ambispora_gerdemannii	73.0	97.7	97.7	699
PX215157.1	FM876793_Acalospora_sieverdingii	72.7	99.1	96.7	706
PX215157.1	FR865449.1_Sacculospora_baltica	71.9	95.9	88.3	684
PX215157.1	FR750155_Acaulospora_spinosa	71.1	98.4	95.9	712
PX215157.1	FM876840_Geosiphon_pyriformis	70.4	99.1	93.0	734
PX215156.1	FR750049_Paraglomus_brasilianum	96.8	100.0	99.9	684
PX215156.1	MT832158_Paraglomus_brasilianum	96.2	92.4	100.0	633
PX215156.1	MT832157_Paraglomus_occultum	87.6	91.8	99.5	636
PX215156.1	MT832156_Paraglomus_occultum	86.4	92.4	99.2	638
PX215156.1	MT832155_Paraglomus_occultum	85.5	92.1	99.7	635
PX215156.1	KY630232.1_Innospora_majewskii	82.0	96.9	89.7	673
PX215156.1	JN131593.1_Innospora_majewskii	80.7	75.5	96.8	524
PX215156.1	JN971073.1_Intraornatospora_intraornata	73.8	97.2	98.8	688
PX215156.1	FN547544_Ambispora_fennica	73.4	97.8	97.5	700
PX215156.1	JN971076.1_Paradentiscutata_martima	73.3	98.2	98.8	689
PX215156.1	FN547539_Ambispora_fennica	73.1	97.5	97.5	700
PX215156.1	JF439210_Ambispora_gerdemannii	72.7	97.7	97.7	699
PX215156.1	FM876793_Acalospora_sieverdingii	72.0	99.4	97.0	704
PX215156.1	FR865449.1_Sacculospora_baltica	71.9	95.9	88.3	684
PX215156.1	FR750155_Acaulospora_spinosa	71.2	98.4	95.9	712
PX215156.1	FM876840_Geosiphon_pyriformis	70.4	99.1	93.0	734
PX215158.1	FR750049_Paraglomus_brasilianum	96.8	100.0	99.9	684
PX215158.1	MT832158_Paraglomus_brasilianum	96.2	92.4	100.0	633
PX215158.1	MT832157_Paraglomus_occultum	87.6	91.8	99.5	636
PX215158.1	MT832156_Paraglomus_occultum	86.4	92.4	99.2	638
PX215158.1	MT832155_Paraglomus_occultum	85.8	92.1	99.7	635
PX215158.1	KY630232.1_Innospora_majewskii	81.7	96.9	89.7	673
PX215158.1	JN131593.1_Innospora_majewskii	80.3	75.5	96.8	524
PX215158.1	JN971073.1_Intraornatospora_intraornata	74.0	97.2	98.8	688
PX215158.1	FN547544_Ambispora_fennica	73.7	97.8	97.5	700
PX215158.1	JN971076.1_Paradentiscutata_martima	73.4	98.2	98.8	689
PX215158.1	FN547539_Ambispora_fennica	73.4	97.5	97.5	700
PX215158.1	JF439210_Ambispora_gerdemannii	73.0	97.7	97.7	699
PX215158.1	FM876793_Acalospora_sieverdingii	72.7	99.1	96.7	706
PX215158.1	FR865449.1_Sacculospora_baltica	71.9	95.9	88.3	684
PX215158.1	FR750155_Acaulospora_spinosa	71.1	98.4	95.9	712
PX215158.1	FM876840_Geosiphon_pyriformis	70.4	99.1	93.0	734
PX215160.1	FR750049_Paraglomus_brasilianum	96.8	100.0	99.9	684
PX215160.1	MT832158_Paraglomus_brasilianum	96.2	92.4	100.0	633
PX215160.1	MT832157_Paraglomus_occultum	87.6	91.8	99.5	636
PX215160.1	MT832156_Paraglomus_occultum	86.4	92.4	99.2	638
PX215160.1	MT832155_Paraglomus_occultum	85.5	92.1	99.7	635
PX215160.1	KY630232.1_Innospora_majewskii	82.0	96.9	89.7	673
PX215160.1	JN131593.1_Innospora_majewskii	80.7	75.5	96.8	524
PX215160.1	JN971073.1_Intraornatospora_intraornata	73.8	97.2	98.8	688
PX215160.1	FN547544_Ambispora_fennica	73.4	97.8	97.5	700
PX215160.1	JN971076.1_Paradentiscutata_martima	73.3	98.2	98.8	689
PX215160.1	FN547539_Ambispora_fennica	73.1	97.5	97.5	700
PX215160.1	JF439210_Ambispora_gerdemannii	72.7	97.7	97.7	699
PX215160.1	FM876793_Acalospora_sieverdingii	72.0	99.4	97.0	704
PX215160.1	FR865449.1_Sacculospora_baltica	71.9	95.9	88.3	684
PX215160.1	FR750155_Acaulospora_spinosa	71.2	98.4	95.9	712
PX215160.1	FM876840_Geosiphon_pyriformis	70.4	99.1	93.0	734
PX215161.1	FR750049_Paraglomus_brasilianum	96.8	100.0	99.9	684
PX215161.1	MT832158_Paraglomus_brasilianum	96.2	92.4	100.0	633
PX215161.1	MT832157_Paraglomus_occultum	87.6	91.8	99.5	636
PX215161.1	MT832156_Paraglomus_occultum	86.4	92.4	99.2	638
PX215161.1	MT832155_Paraglomus_occultum	85.5	92.1	99.7	635
PX215161.1	KY630232.1_Innospora_majewskii	82.0	96.9	89.7	673
PX215161.1	JN131593.1_Innospora_majewskii	80.7	75.5	96.8	524
PX215161.1	JN971073.1_Intraornatospora_intraornata	73.8	97.2	98.8	688
PX215161.1	FN547544_Ambispora_fennica	73.4	97.8	97.5	700
PX215161.1	JN971076.1_Paradentiscutata_martima	73.3	98.2	98.8	689
PX215161.1	FN547539_Ambispora_fennica	73.1	97.5	97.5	700
PX215161.1	JF439210_Ambispora_gerdemannii	72.7	97.7	97.7	699
PX215161.1	FM876793_Acalospora_sieverdingii	72.0	99.4	97.0	704
PX215161.1	FR865449.1_Sacculospora_baltica	71.9	95.9	88.3	684
PX215161.1	FR750155_Acaulospora_spinosa	71.2	98.4	95.9	712
PX215161.1	FM876840_Geosiphon_pyriformis	70.4	99.1	93.0	734
PX215159.1	FR750049_Paraglomus_brasilianum	96.8	100.0	99.9	684
PX215159.1	MT832158_Paraglomus_brasilianum	96.2	92.4	100.0	633
PX215159.1	MT832157_Paraglomus_occultum	87.6	91.8	99.5	636
PX215159.1	MT832156_Paraglomus_occultum	86.4	92.4	99.2	638
PX215159.1	MT832155_Paraglomus_occultum	85.5	92.1	99.7	635
PX215159.1	KY630232.1_Innospora_majewskii	82.0	96.9	89.7	673
PX215159.1	JN131593.1_Innospora_majewskii	80.7	75.5	96.8	524
PX215159.1	JN971073.1_Intraornatospora_intraornata	73.8	97.2	98.8	688
PX215159.1	FN547544_Ambispora_fennica	73.4	97.8	97.5	700
PX215159.1	JN971076.1_Paradentiscutata_martima	73.3	98.2	98.8	689
PX215159.1	FN547539_Ambispora_fennica	73.1	97.5	97.5	700
PX215159.1	JF439210_Ambispora_gerdemannii	72.7	97.7	97.7	699
PX215159.1	FM876793_Acalospora_sieverdingii	72.0	99.4	97.0	704
PX215159.1	FR865449.1_Sacculospora_baltica	71.9	95.9	88.3	684
PX215159.1	FR750155_Acaulospora_spinosa	71.2	98.4	95.9	712
PX215159.1	FM876840_Geosiphon_pyriformis	70.4	99.1	93.0	734
PX215162.1	MT832157_Paraglomus_occultum	96.7	91.7	100.0	637
PX215162.1	MT832156_Paraglomus_occultum	90.5	92.0	99.4	641
PX215162.1	MT832155_Paraglomus_occultum	89.4	91.4	99.5	640
PX215162.1	FR750049_Paraglomus_brasilianum	87.1	99.1	99.6	690
PX215162.1	MT832158_Paraglomus_brasilianum	86.1	91.6	99.7	639
PX215162.1	KY630232.1_Innospora_majewskii	80.5	96.4	89.7	677
PX215162.1	JN131593.1_Innospora_majewskii	78.2	75.1	96.8	528
PX215162.1	FN547544_Ambispora_fennica	72.9	97.5	97.8	702
PX215162.1	JF439210_Ambispora_gerdemannii	72.1	97.5	98.1	700
PX215162.1	FR750170_Acaulospora_entreriana	72.1	98.8	97.3	706
PX215162.1	FM876790_Acaulospora_cavernata	71.3	98.5	96.7	710
PX215162.1	AY639265_Acaulospora_paulinae	71.1	98.7	96.7	710
PX215162.1	FM876793_Acalospora_sieverdingii	71.0	98.5	96.7	710
PX215162.1	FM876840_Geosiphon_pyriformis	70.8	99.7	94.1	730
PX215162.1	FN547517_Acaulospora_laevis	70.5	99.0	97.4	705
PX215162.1	FR865449.1_Sacculospora_baltica	70.3	96.7	89.5	679
PX215163.1	MT832157_Paraglomus_occultum	97.0	91.8	100.0	636
PX215163.1	MT832156_Paraglomus_occultum	90.6	92.1	99.4	640
PX215163.1	MT832155_Paraglomus_occultum	89.5	91.5	99.5	639
PX215163.1	FR750049_Paraglomus_brasilianum	87.4	99.3	99.6	689
PX215163.1	MT832158_Paraglomus_brasilianum	86.4	91.7	99.7	638
PX215163.1	KY630232.1_Innospora_majewskii	80.8	96.5	89.7	676
PX215163.1	JN131593.1_Innospora_majewskii	78.6	75.2	96.8	527
PX215163.1	FN547544_Ambispora_fennica	73.0	97.7	97.8	701
PX215163.1	JF439210_Ambispora_gerdemannii	72.4	97.7	98.1	699
PX215163.1	FR750170_Acaulospora_entreriana	72.2	99.0	97.3	705
PX215163.1	FM876790_Acaulospora_cavernata	71.2	98.7	96.7	709
PX215163.1	AY639265_Acaulospora_paulinae	71.1	98.8	96.7	709
PX215163.1	FM876840_Geosiphon_pyriformis	71.0	99.7	94.0	730
PX215163.1	FM876793_Acalospora_sieverdingii	70.9	98.7	96.7	709
PX215163.1	FR865449.1_Sacculospora_baltica	70.8	96.6	89.4	679
PX215163.1	FN547517_Acaulospora_laevis	70.6	99.1	97.4	704
PX215164.1	MT832157_Paraglomus_occultum	97.0	91.7	100.0	637
PX215164.1	MT832156_Paraglomus_occultum	90.3	92.0	99.4	641
PX215164.1	MT832155_Paraglomus_occultum	89.4	91.4	99.5	640
PX215164.1	FR750049_Paraglomus_brasilianum	87.2	99.1	99.6	690
PX215164.1	MT832158_Paraglomus_brasilianum	86.2	91.6	99.7	639
PX215164.1	KY630232.1_Innospora_majewskii	80.6	96.4	89.7	677
PX215164.1	JN131593.1_Innospora_majewskii	78.4	75.1	96.8	528
PX215164.1	FN547544_Ambispora_fennica	72.9	97.5	97.8	702
PX215164.1	JF439210_Ambispora_gerdemannii	72.1	97.5	98.1	700
PX215164.1	FR750170_Acaulospora_entreriana	72.1	98.8	97.3	706
PX215164.1	FM876790_Acaulospora_cavernata	71.1	98.5	96.7	710
PX215164.1	AY639265_Acaulospora_paulinae	71.0	98.7	96.7	710
PX215164.1	FM876840_Geosiphon_pyriformis	71.0	99.7	94.1	730
PX215164.1	FM876793_Acalospora_sieverdingii	70.8	98.5	96.7	710
PX215164.1	FN547517_Acaulospora_laevis	70.5	99.0	97.4	705
PX215164.1	FR865449.1_Sacculospora_baltica	70.3	96.7	89.5	679
