accession	organism	genus	isolate	strain	culture_collection	specimen_voucher	note	library	culture	culture_from
PX207096.1	Paraglomus laccatum	Paraglomus	P4_bc1083_SPU_5_13_1_CW0010_4009B_s2483	CW0010_4009B			From Att.960-68(55). Levington Alpine Compost used in mycorrhiza trials (and other routine use) at Horticulture Research International, Efford Research Station, Efford, Hampshire, UK.	Paraglomus laccatum | P4_bc1083_SPU_5_13_1_CW0010_4009B	Paraglomus laccatum | CW0010_4009B	strain
PX207097.1	Paraglomus laccatum	Paraglomus	P4_bc1083_SPU_5_13_1_CW0010_4009B_s1630	CW0010_4009B			From Att.960-68(55). Levington Alpine Compost used in mycorrhiza trials (and other routine use) at Horticulture Research International, Efford Research Station, Efford, Hampshire, UK.	Paraglomus laccatum | P4_bc1083_SPU_5_13_1_CW0010_4009B	Paraglomus laccatum | CW0010_4009B	strain
PX207098.1	Paraglomus laccatum	Paraglomus	P4_bc1083_SPU_5_13_1_CW0010_4009B_s802	CW0010_4009B			From Att.960-68(55). Levington Alpine Compost used in mycorrhiza trials (and other routine use) at Horticulture Research International, Efford Research Station, Efford, Hampshire, UK.	Paraglomus laccatum | P4_bc1083_SPU_5_13_1_CW0010_4009B	Paraglomus laccatum | CW0010_4009B	strain
PX207099.1	Paraglomus laccatum	Paraglomus	P4_bc1083_SPU_5_13_1_CW0010_4009B_s15657	CW0010_4009B			From Att.960-68(55). Levington Alpine Compost used in mycorrhiza trials (and other routine use) at Horticulture Research International, Efford Research Station, Efford, Hampshire, UK.	Paraglomus laccatum | P4_bc1083_SPU_5_13_1_CW0010_4009B	Paraglomus laccatum | CW0010_4009B	strain
PX207100.1	Paraglomus laccatum	Paraglomus	P4_bc1083_SPU_5_13_1_CW0010_4009B_s1001	CW0010_4009B			From Att.960-68(55). Levington Alpine Compost used in mycorrhiza trials (and other routine use) at Horticulture Research International, Efford Research Station, Efford, Hampshire, UK.	Paraglomus laccatum | P4_bc1083_SPU_5_13_1_CW0010_4009B	Paraglomus laccatum | CW0010_4009B	strain
PX207101.1	Ambispora leptoticha	Ambispora	P4_bc1093_SPU_6_11_9_ON205_s167	ON205A			INVAM ID : Ambispora gerdemannii, but conspecific with MAFF520090 identified as Ambispora leptoticha.	Ambispora leptoticha | P4_bc1093_SPU_6_11_9_ON205	Ambispora leptoticha | ON205A	strain
PX207102.1	Ambispora leptoticha	Ambispora	P4_bc1093_SPU_6_11_9_ON205_s82	ON205A			INVAM ID : Ambispora gerdemannii, but conspecific with MAFF520090 identified as Ambispora leptoticha.	Ambispora leptoticha | P4_bc1093_SPU_6_11_9_ON205	Ambispora leptoticha | ON205A	strain
PX207103.1	Ambispora leptoticha	Ambispora	P4_bc1093_SPU_6_11_9_ON205_s52	ON205A			INVAM ID : Ambispora gerdemannii, but conspecific with MAFF520090 identified as Ambispora leptoticha.	Ambispora leptoticha | P4_bc1093_SPU_6_11_9_ON205	Ambispora leptoticha | ON205A	strain
PX207104.1	Ambispora leptoticha	Ambispora	P4_bc1093_SPU_6_11_9_ON205_s60	ON205A			INVAM ID : Ambispora gerdemannii, but conspecific with MAFF520090 identified as Ambispora leptoticha.	Ambispora leptoticha | P4_bc1093_SPU_6_11_9_ON205	Ambispora leptoticha | ON205A	strain
PX207105.1	Ambispora leptoticha	Ambispora	P4_bc1093_SPU_6_11_9_ON205_s107	ON205A			INVAM ID : Ambispora gerdemannii, but conspecific with MAFF520090 identified as Ambispora leptoticha.	Ambispora leptoticha | P4_bc1093_SPU_6_11_9_ON205	Ambispora leptoticha | ON205A	strain
PX207106.1	Ambispora leptoticha	Ambispora	P4_bc1093_SPU_6_11_9_ON205_s59	ON205A			INVAM ID : Ambispora gerdemannii, but conspecific with MAFF520090 identified as Ambispora leptoticha.	Ambispora leptoticha | P4_bc1093_SPU_6_11_9_ON205	Ambispora leptoticha | ON205A	strain
PX207107.1	Diversispora spurca	Diversispora	P4_bc1086_SPU_5_6_2_CW0006_4005B_s332	CW0006_4005B			From Att.246-36(30). Type sample for Glomus spurcum.	Diversispora spurca | P4_bc1086_SPU_5_6_2_CW0006_4005B	Diversispora spurca | CW0006_4005B	strain
PX207108.1	Diversispora spurca	Diversispora	P4_bc1087_SPU_5_6_3_CW0006_4005B_s5050	CW0006_4005B			From Att.246-36(30). Type sample for Glomus spurcum.	Diversispora spurca | P4_bc1087_SPU_5_6_3_CW0006_4005B	Diversispora spurca | CW0006_4005B	strain
PX207109.1	Diversispora spurca	Diversispora	P4_bc1087_SPU_5_6_3_CW0006_4005B_s184	CW0006_4005B			From Att.246-36(30). Type sample for Glomus spurcum.	Diversispora spurca | P4_bc1087_SPU_5_6_3_CW0006_4005B	Diversispora spurca | CW0006_4005B	strain
PX207110.1	Diversispora spurca	Diversispora	P4_bc1087_SPU_5_6_3_CW0006_4005B_s284	CW0006_4005B			From Att.246-36(30). Type sample for Glomus spurcum.	Diversispora spurca | P4_bc1087_SPU_5_6_3_CW0006_4005B	Diversispora spurca | CW0006_4005B	strain
PX207111.1	Diversispora spurca	Diversispora	P4_bc1086_SPU_5_6_2_CW0006_4005B_s51	CW0006_4005B			From Att.246-36(30). Type sample for Glomus spurcum.	Diversispora spurca | P4_bc1086_SPU_5_6_2_CW0006_4005B	Diversispora spurca | CW0006_4005B	strain
PX207112.1	Diversispora spurca	Diversispora	P4_bc1087_SPU_5_6_3_CW0006_4005B_s181	CW0006_4005B			From Att.246-36(30). Type sample for Glomus spurcum.	Diversispora spurca | P4_bc1087_SPU_5_6_3_CW0006_4005B	Diversispora spurca | CW0006_4005B	strain
PX207113.1	Diversispora spurca	Diversispora	P4_bc1086_SPU_5_6_2_CW0006_4005B_s146	CW0006_4005B			From Att.246-36(30). Type sample for Glomus spurcum.	Diversispora spurca | P4_bc1086_SPU_5_6_2_CW0006_4005B	Diversispora spurca | CW0006_4005B	strain
PX207114.1	Diversispora spurca	Diversispora	P4_bc1087_SPU_5_6_3_CW0006_4005B_s943	CW0006_4005B			From Att.246-36(30). Type sample for Glomus spurcum.	Diversispora spurca | P4_bc1087_SPU_5_6_3_CW0006_4005B	Diversispora spurca | CW0006_4005B	strain
PX207115.1	Diversispora spurca	Diversispora	P4_bc1086_SPU_5_6_2_CW0006_4005B_s37	CW0006_4005B			From Att.246-36(30). Type sample for Glomus spurcum.	Diversispora spurca | P4_bc1086_SPU_5_6_2_CW0006_4005B	Diversispora spurca | CW0006_4005B	strain
PX207116.1	Diversispora spurca	Diversispora	P4_bc1087_SPU_5_6_3_CW0006_4005B_s3099	CW0006_4005B			From Att.246-36(30). Type sample for Glomus spurcum.	Diversispora spurca | P4_bc1087_SPU_5_6_3_CW0006_4005B	Diversispora spurca | CW0006_4005B	strain
PX207117.1	Diversispora spurca	Diversispora	P4_bc1087_SPU_5_6_3_CW0006_4005B_s194	CW0006_4005B			From Att.246-36(30). Type sample for Glomus spurcum.	Diversispora spurca | P4_bc1087_SPU_5_6_3_CW0006_4005B	Diversispora spurca | CW0006_4005B	strain
PX207118.1	Cetraspora gilmorei	Cetraspora	P4_bc1091_SPU_5_3_1_CW0008_2669B_s679	CW0008_2669B			From Att.590-17(16)	Cetraspora gilmorei | P4_bc1091_SPU_5_3_1_CW0008_2669B	Cetraspora gilmorei | CW0008_2669B	strain
PX207119.1	Cetraspora gilmorei	Cetraspora	P4_bc1092_SPU_5_3_2_CW0008_2669B_s2533	CW0008_2669B			From Att.590-17(16)	Cetraspora gilmorei | P4_bc1092_SPU_5_3_2_CW0008_2669B	Cetraspora gilmorei | CW0008_2669B	strain
PX207120.1	Cetraspora gilmorei	Cetraspora	P4_bc1091_SPU_5_3_1_CW0008_2669B_s153	CW0008_2669B			From Att.590-17(16)	Cetraspora gilmorei | P4_bc1091_SPU_5_3_1_CW0008_2669B	Cetraspora gilmorei | CW0008_2669B	strain
PX207121.1	Cetraspora gilmorei	Cetraspora	P4_bc1091_SPU_5_3_1_CW0008_2669B_s124	CW0008_2669B			From Att.590-17(16)	Cetraspora gilmorei | P4_bc1091_SPU_5_3_1_CW0008_2669B	Cetraspora gilmorei | CW0008_2669B	strain
PX207122.1	Cetraspora gilmorei	Cetraspora	P4_bc1091_SPU_5_3_1_CW0008_2669B_s92	CW0008_2669B			From Att.590-17(16)	Cetraspora gilmorei | P4_bc1091_SPU_5_3_1_CW0008_2669B	Cetraspora gilmorei | CW0008_2669B	strain
PX207123.1	Cetraspora gilmorei	Cetraspora	P4_bc1092_SPU_5_3_2_CW0008_2669B_s1137	CW0008_2669B			From Att.590-17(16)	Cetraspora gilmorei | P4_bc1092_SPU_5_3_2_CW0008_2669B	Cetraspora gilmorei | CW0008_2669B	strain
PX207124.1	Cetraspora gilmorei	Cetraspora	P4_bc1091_SPU_5_3_1_CW0008_2669B_s121	CW0008_2669B			From Att.590-17(16)	Cetraspora gilmorei | P4_bc1091_SPU_5_3_1_CW0008_2669B	Cetraspora gilmorei | CW0008_2669B	strain
PX207125.1	Cetraspora gilmorei	Cetraspora	P4_bc1091_SPU_5_3_1_CW0008_2669B_s5021	CW0008_2669B			From Att.590-17(16)	Cetraspora gilmorei | P4_bc1091_SPU_5_3_1_CW0008_2669B	Cetraspora gilmorei | CW0008_2669B	strain
PX207126.1	Cetraspora gilmorei	Cetraspora	P4_bc1092_SPU_5_3_2_CW0008_2669B_s10351	CW0008_2669B			From Att.590-17(16)	Cetraspora gilmorei | P4_bc1092_SPU_5_3_2_CW0008_2669B	Cetraspora gilmorei | CW0008_2669B	strain
PX207127.1	Cetraspora gilmorei	Cetraspora	P4_bc1091_SPU_5_3_1_CW0008_2669B_s93	CW0008_2669B			From Att.590-17(16)	Cetraspora gilmorei | P4_bc1091_SPU_5_3_1_CW0008_2669B	Cetraspora gilmorei | CW0008_2669B	strain
PX207128.1	Gigaspora rosea	Gigaspora	P2_bc1032_SPU4-25_4292_708F_s347	4292_708F				Gigaspora rosea | P2_bc1032_SPU4-25_4292_708F	Gigaspora rosea | 4292_708F	strain
PX207129.1	Gigaspora rosea	Gigaspora	P2_bc1033_SPU4-28_4292_708F_s149	4292_708F				Gigaspora rosea | P2_bc1033_SPU4-28_4292_708F	Gigaspora rosea | 4292_708F	strain
PX207130.1	Gigaspora rosea	Gigaspora	P2_bc1032_SPU4-25_4292_708F_s2131	4292_708F				Gigaspora rosea | P2_bc1032_SPU4-25_4292_708F	Gigaspora rosea | 4292_708F	strain
PX207131.1	Gigaspora rosea	Gigaspora	P2_bc1033_SPU4-28_4292_708F_s3609	4292_708F				Gigaspora rosea | P2_bc1033_SPU4-28_4292_708F	Gigaspora rosea | 4292_708F	strain
PX207132.1	Gigaspora rosea	Gigaspora	P2_bc1032_SPU4-25_4292_708F_s125	4292_708F				Gigaspora rosea | P2_bc1032_SPU4-25_4292_708F	Gigaspora rosea | 4292_708F	strain
PX207133.1	Gigaspora rosea	Gigaspora	P2_bc1033_SPU4-28_4292_708F_s112	4292_708F				Gigaspora rosea | P2_bc1033_SPU4-28_4292_708F	Gigaspora rosea | 4292_708F	strain
PX207134.1	Gigaspora rosea	Gigaspora	P2_bc1033_SPU4-28_4292_708F_s119	4292_708F				Gigaspora rosea | P2_bc1033_SPU4-28_4292_708F	Gigaspora rosea | 4292_708F	strain
PX207135.1	Gigaspora rosea	Gigaspora	P4_bc1089_SPU_5_4_1_CU131_1018E_s99	CU131_1018E			INVAM ID: G. albida.	Gigaspora rosea | P4_bc1089_SPU_5_4_1_CU131_1018E	Gigaspora rosea | CU131_1018E	strain
PX207136.1	Gigaspora rosea	Gigaspora	P2_bc1032_SPU4-25_4292_708F_s243	4292_708F				Gigaspora rosea | P2_bc1032_SPU4-25_4292_708F	Gigaspora rosea | 4292_708F	strain
PX207137.1	Gigaspora rosea	Gigaspora	P2_bc1033_SPU4-28_4292_708F_s255	4292_708F				Gigaspora rosea | P2_bc1033_SPU4-28_4292_708F	Gigaspora rosea | 4292_708F	strain
PX207138.1	Gigaspora rosea	Gigaspora	P2_bc1033_SPU4-28_4292_708F_s122	4292_708F				Gigaspora rosea | P2_bc1033_SPU4-28_4292_708F	Gigaspora rosea | 4292_708F	strain
PX207139.1	Gigaspora rosea	Gigaspora	P2_bc1032_SPU4-25_4292_708F_s143	4292_708F				Gigaspora rosea | P2_bc1032_SPU4-25_4292_708F	Gigaspora rosea | 4292_708F	strain
PX207140.1	Gigaspora rosea	Gigaspora	P2_bc1033_SPU4-28_4292_708F_s267	4292_708F				Gigaspora rosea | P2_bc1033_SPU4-28_4292_708F	Gigaspora rosea | 4292_708F	strain
PX207141.1	Gigaspora rosea	Gigaspora	P4_bc1089_SPU_5_4_1_CU131_1018E_s54	CU131_1018E			INVAM ID: G. albida.	Gigaspora rosea | P4_bc1089_SPU_5_4_1_CU131_1018E	Gigaspora rosea | CU131_1018E	strain
PX207142.1	Gigaspora rosea	Gigaspora	P4_bc1089_SPU_5_4_1_CU131_1018E_s70	CU131_1018E			INVAM ID: G. albida.	Gigaspora rosea | P4_bc1089_SPU_5_4_1_CU131_1018E	Gigaspora rosea | CU131_1018E	strain
PX207143.1	Gigaspora rosea	Gigaspora	P4_bc1089_SPU_5_4_1_CU131_1018E_s43	CU131_1018E			INVAM ID: G. albida.	Gigaspora rosea | P4_bc1089_SPU_5_4_1_CU131_1018E	Gigaspora rosea | CU131_1018E	strain
PX207144.1	Sclerocystis sinuosa	Sclerocystis	P4_bc1058_SPU_6_9_6_MT106A_s1766	MT106_2767A			INVAM ID: A. gerdemannii. Non-pure pot culture.	Sclerocystis sinuosa | P4_bc1058_SPU_6_9_6_MT106A	Sclerocystis sinuosa | MT106_2767A	strain
PX207145.1	Sclerocystis sinuosa	Sclerocystis	P4_bc1068_SPU_9_1_1_MT106_2767A_s5062	MT106_2767A			INVAM ID: A. gerdemannii. Non-pure pot culture.	Sclerocystis sinuosa | P4_bc1068_SPU_9_1_1_MT106_2767A	Sclerocystis sinuosa | MT106_2767A	strain
PX207146.1	Sclerocystis sinuosa	Sclerocystis	P4_bc1069_SPU_9_1_3_MT106_2767A_s1165	MT106_2767A			INVAM ID: A. gerdemannii. Non-pure pot culture.	Sclerocystis sinuosa | P4_bc1069_SPU_9_1_3_MT106_2767A	Sclerocystis sinuosa | MT106_2767A	strain
PX207147.1	Sclerocystis sinuosa	Sclerocystis	P4_bc1058_SPU_6_9_6_MT106A_s671	MT106_2767A			INVAM ID: A. gerdemannii. Non-pure pot culture.	Sclerocystis sinuosa | P4_bc1058_SPU_6_9_6_MT106A	Sclerocystis sinuosa | MT106_2767A	strain
PX207148.1	Sclerocystis sinuosa	Sclerocystis	P4_bc1068_SPU_9_1_1_MT106_2767A_s1384	MT106_2767A			INVAM ID: A. gerdemannii. Non-pure pot culture.	Sclerocystis sinuosa | P4_bc1068_SPU_9_1_1_MT106_2767A	Sclerocystis sinuosa | MT106_2767A	strain
PX207149.1	Sclerocystis sinuosa	Sclerocystis	P4_bc1069_SPU_9_1_3_MT106_2767A_s421	MT106_2767A			INVAM ID: A. gerdemannii. Non-pure pot culture.	Sclerocystis sinuosa | P4_bc1069_SPU_9_1_3_MT106_2767A	Sclerocystis sinuosa | MT106_2767A	strain
PX207150.1	Sclerocystis sinuosa	Sclerocystis	P4_bc1069_SPU_9_1_3_MT106_2767A_s618	MT106_2767A			INVAM ID: A. gerdemannii. Non-pure pot culture.	Sclerocystis sinuosa | P4_bc1069_SPU_9_1_3_MT106_2767A	Sclerocystis sinuosa | MT106_2767A	strain
PX207151.1	Sclerocystis sinuosa	Sclerocystis	P4_bc1058_SPU_6_9_6_MT106A_s539	MT106_2767A			INVAM ID: A. gerdemannii. Non-pure pot culture.	Sclerocystis sinuosa | P4_bc1058_SPU_6_9_6_MT106A	Sclerocystis sinuosa | MT106_2767A	strain
PX207152.1	Sclerocystis sinuosa	Sclerocystis	P4_bc1058_SPU_6_9_6_MT106A_s11870	MT106_2767A			INVAM ID: A. gerdemannii. Non-pure pot culture.	Sclerocystis sinuosa | P4_bc1058_SPU_6_9_6_MT106A	Sclerocystis sinuosa | MT106_2767A	strain
PX207153.1	Sclerocystis sinuosa	Sclerocystis	P4_bc1068_SPU_9_1_1_MT106_2767A_s15313	MT106_2767A			INVAM ID: A. gerdemannii. Non-pure pot culture.	Sclerocystis sinuosa | P4_bc1068_SPU_9_1_1_MT106_2767A	Sclerocystis sinuosa | MT106_2767A	strain
PX207154.1	Sclerocystis sinuosa	Sclerocystis	P4_bc1069_SPU_9_1_3_MT106_2767A_s12012	MT106_2767A			INVAM ID: A. gerdemannii. Non-pure pot culture.	Sclerocystis sinuosa | P4_bc1069_SPU_9_1_3_MT106_2767A	Sclerocystis sinuosa | MT106_2767A	strain
PX207155.1	Sclerocystis sinuosa	Sclerocystis	P4_bc1058_SPU_6_9_6_MT106A_s634	MT106_2767A			INVAM ID: A. gerdemannii. Non-pure pot culture.	Sclerocystis sinuosa | P4_bc1058_SPU_6_9_6_MT106A	Sclerocystis sinuosa | MT106_2767A	strain
PX207156.1	Sclerocystis sinuosa	Sclerocystis	P4_bc1058_SPU_6_9_6_MT106A_s901	MT106_2767A			INVAM ID: A. gerdemannii. Non-pure pot culture.	Sclerocystis sinuosa | P4_bc1058_SPU_6_9_6_MT106A	Sclerocystis sinuosa | MT106_2767A	strain
PX207157.1	Sclerocystis sinuosa	Sclerocystis	P4_bc1069_SPU_9_1_3_MT106_2767A_s499	MT106_2767A			INVAM ID: A. gerdemannii. Non-pure pot culture.	Sclerocystis sinuosa | P4_bc1069_SPU_9_1_3_MT106_2767A	Sclerocystis sinuosa | MT106_2767A	strain
PX207158.1	Sclerocystis sinuosa	Sclerocystis	P4_bc1058_SPU_6_9_6_MT106A_s703	MT106_2767A			INVAM ID: A. gerdemannii. Non-pure pot culture.	Sclerocystis sinuosa | P4_bc1058_SPU_6_9_6_MT106A	Sclerocystis sinuosa | MT106_2767A	strain
PX207159.1	Sclerocystis sinuosa	Sclerocystis	P4_bc1068_SPU_9_1_1_MT106_2767A_s2100	MT106_2767A			INVAM ID: A. gerdemannii. Non-pure pot culture.	Sclerocystis sinuosa | P4_bc1068_SPU_9_1_1_MT106_2767A	Sclerocystis sinuosa | MT106_2767A	strain
PX207160.1	Sclerocystis sinuosa	Sclerocystis	P4_bc1068_SPU_9_1_1_MT106_2767A_s1503	MT106_2767A			INVAM ID: A. gerdemannii. Non-pure pot culture.	Sclerocystis sinuosa | P4_bc1068_SPU_9_1_1_MT106_2767A	Sclerocystis sinuosa | MT106_2767A	strain
PX207161.1	Sclerocystis sinuosa	Sclerocystis	P4_bc1069_SPU_9_1_3_MT106_2767A_s509	MT106_2767A			INVAM ID: A. gerdemannii. Non-pure pot culture.	Sclerocystis sinuosa | P4_bc1069_SPU_9_1_3_MT106_2767A	Sclerocystis sinuosa | MT106_2767A	strain
PX207162.1	Rhizophagus irregularis	Rhizophagus	P2_bc1026_SPU4-59_GC-2_IVT11_s703	GC-2_IVT11			Other ID: DAOMC 300004	Rhizophagus irregularis | P2_bc1026_SPU4-59_GC-2_IVT11	Rhizophagus irregularis | GC-2_IVT11	strain
PX207163.1	Rhizophagus irregularis	Rhizophagus	P2_bc1027_SPU4-60_GC-2_IVT11_s673	GC-2_IVT11			Other ID: DAOMC 300004	Rhizophagus irregularis | P2_bc1027_SPU4-60_GC-2_IVT11	Rhizophagus irregularis | GC-2_IVT11	strain
PX207164.1	Rhizophagus irregularis	Rhizophagus	P4_bc1070_SPU_8_1_23_197198_s292	DAOMC 197198			Other ID: MUCL 46241	Rhizophagus irregularis | P4_bc1070_SPU_8_1_23_197198	Rhizophagus irregularis | DAOMC 197198	strain
PX207165.1	Rhizophagus irregularis	Rhizophagus	P4_bc1095_SPU_8_1_24_197198_s216	DAOMC 197198			Other ID: MUCL 46241	Rhizophagus irregularis | P4_bc1095_SPU_8_1_24_197198	Rhizophagus irregularis | DAOMC 197198	strain
PX207166.1	Rhizophagus irregularis	Rhizophagus	P2_bc1026_SPU4-59_GC-2_IVT11_s894	GC-2_IVT11			Other ID: DAOMC 300004	Rhizophagus irregularis | P2_bc1026_SPU4-59_GC-2_IVT11	Rhizophagus irregularis | GC-2_IVT11	strain
PX207167.1	Rhizophagus irregularis	Rhizophagus	P2_bc1027_SPU4-60_GC-2_IVT11_s596	GC-2_IVT11			Other ID: DAOMC 300004	Rhizophagus irregularis | P2_bc1027_SPU4-60_GC-2_IVT11	Rhizophagus irregularis | GC-2_IVT11	strain
PX207168.1	Rhizophagus irregularis	Rhizophagus	P4_bc1071_SPU_8_2_16_197198_s219	DAOMC 197198			Other ID: MUCL 46241	Rhizophagus irregularis | P4_bc1071_SPU_8_2_16_197198	Rhizophagus irregularis | DAOMC 197198	strain
PX207169.1	Rhizophagus irregularis	Rhizophagus	P4_bc1095_SPU_8_1_24_197198_s190	DAOMC 197198			Other ID: MUCL 46241	Rhizophagus irregularis | P4_bc1095_SPU_8_1_24_197198	Rhizophagus irregularis | DAOMC 197198	strain
PX207170.1	Rhizophagus irregularis	Rhizophagus	P4_bc1096_SPU_8_1_22_197198_s218	DAOMC 197198			Other ID: MUCL 46241	Rhizophagus irregularis | P4_bc1096_SPU_8_1_22_197198	Rhizophagus irregularis | DAOMC 197198	strain
PX207171.1	Rhizophagus irregularis	Rhizophagus	P2_bc1026_SPU4-59_GC-2_IVT11_s494	GC-2_IVT11			Other ID: DAOMC 300004	Rhizophagus irregularis | P2_bc1026_SPU4-59_GC-2_IVT11	Rhizophagus irregularis | GC-2_IVT11	strain
PX207172.1	Rhizophagus irregularis	Rhizophagus	P2_bc1027_SPU4-60_GC-2_IVT11_s377	GC-2_IVT11			Other ID: DAOMC 300004	Rhizophagus irregularis | P2_bc1027_SPU4-60_GC-2_IVT11	Rhizophagus irregularis | GC-2_IVT11	strain
PX207173.1	Rhizophagus irregularis	Rhizophagus	P4_bc1096_SPU_8_1_22_197198_s85	DAOMC 197198			Other ID: MUCL 46241	Rhizophagus irregularis | P4_bc1096_SPU_8_1_22_197198	Rhizophagus irregularis | DAOMC 197198	strain
PX207174.1	Rhizophagus irregularis	Rhizophagus	P4_bc1070_SPU_8_1_23_197198_s1322	DAOMC 197198			Other ID: MUCL 46241	Rhizophagus irregularis | P4_bc1070_SPU_8_1_23_197198	Rhizophagus irregularis | DAOMC 197198	strain
PX207175.1	Rhizophagus irregularis	Rhizophagus	P4_bc1071_SPU_8_2_16_197198_s644	DAOMC 197198			Other ID: MUCL 46241	Rhizophagus irregularis | P4_bc1071_SPU_8_2_16_197198	Rhizophagus irregularis | DAOMC 197198	strain
PX207176.1	Rhizophagus irregularis	Rhizophagus	P4_bc1095_SPU_8_1_24_197198_s472	DAOMC 197198			Other ID: MUCL 46241	Rhizophagus irregularis | P4_bc1095_SPU_8_1_24_197198	Rhizophagus irregularis | DAOMC 197198	strain
PX207177.1	Rhizophagus irregularis	Rhizophagus	P4_bc1096_SPU_8_1_22_197198_s286	DAOMC 197198			Other ID: MUCL 46241	Rhizophagus irregularis | P4_bc1096_SPU_8_1_22_197198	Rhizophagus irregularis | DAOMC 197198	strain
PX207178.1	Rhizophagus irregularis	Rhizophagus	P4_bc1070_SPU_8_1_23_197198_s405	DAOMC 197198			Other ID: MUCL 46241	Rhizophagus irregularis | P4_bc1070_SPU_8_1_23_197198	Rhizophagus irregularis | DAOMC 197198	strain
PX207179.1	Rhizophagus irregularis	Rhizophagus	P4_bc1071_SPU_8_2_16_197198_s85	DAOMC 197198			Other ID: MUCL 46241	Rhizophagus irregularis | P4_bc1071_SPU_8_2_16_197198	Rhizophagus irregularis | DAOMC 197198	strain
PX207180.1	Rhizophagus irregularis	Rhizophagus	P4_bc1095_SPU_8_1_24_197198_s156	DAOMC 197198			Other ID: MUCL 46241	Rhizophagus irregularis | P4_bc1095_SPU_8_1_24_197198	Rhizophagus irregularis | DAOMC 197198	strain
PX207181.1	Rhizophagus irregularis	Rhizophagus	P4_bc1096_SPU_8_1_22_197198_s359	DAOMC 197198			Other ID: MUCL 46241	Rhizophagus irregularis | P4_bc1096_SPU_8_1_22_197198	Rhizophagus irregularis | DAOMC 197198	strain
PX207182.1	Rhizophagus irregularis	Rhizophagus	P2_bc1026_SPU4-59_GC-2_IVT11_s2634	GC-2_IVT11			Other ID: DAOMC 300004	Rhizophagus irregularis | P2_bc1026_SPU4-59_GC-2_IVT11	Rhizophagus irregularis | GC-2_IVT11	strain
PX207183.1	Rhizophagus irregularis	Rhizophagus	P2_bc1027_SPU4-60_GC-2_IVT11_s2097	GC-2_IVT11			Other ID: DAOMC 300004	Rhizophagus irregularis | P2_bc1027_SPU4-60_GC-2_IVT11	Rhizophagus irregularis | GC-2_IVT11	strain
PX207184.1	Rhizophagus irregularis	Rhizophagus	P2_bc1026_SPU4-59_GC-2_IVT11_s1181	GC-2_IVT11			Other ID: DAOMC 300004	Rhizophagus irregularis | P2_bc1026_SPU4-59_GC-2_IVT11	Rhizophagus irregularis | GC-2_IVT11	strain
PX207185.1	Rhizophagus irregularis	Rhizophagus	P2_bc1027_SPU4-60_GC-2_IVT11_s1137	GC-2_IVT11			Other ID: DAOMC 300004	Rhizophagus irregularis | P2_bc1027_SPU4-60_GC-2_IVT11	Rhizophagus irregularis | GC-2_IVT11	strain
PX207186.1	Rhizophagus irregularis	Rhizophagus	P4_bc1070_SPU_8_1_23_197198_s461	DAOMC 197198			Other ID: MUCL 46241	Rhizophagus irregularis | P4_bc1070_SPU_8_1_23_197198	Rhizophagus irregularis | DAOMC 197198	strain
PX207187.1	Rhizophagus irregularis	Rhizophagus	P4_bc1071_SPU_8_2_16_197198_s485	DAOMC 197198			Other ID: MUCL 46241	Rhizophagus irregularis | P4_bc1071_SPU_8_2_16_197198	Rhizophagus irregularis | DAOMC 197198	strain
PX207188.1	Rhizophagus irregularis	Rhizophagus	P4_bc1095_SPU_8_1_24_197198_s629	DAOMC 197198			Other ID: MUCL 46241	Rhizophagus irregularis | P4_bc1095_SPU_8_1_24_197198	Rhizophagus irregularis | DAOMC 197198	strain
PX207189.1	Rhizophagus irregularis	Rhizophagus	P4_bc1096_SPU_8_1_22_197198_s816	DAOMC 197198			Other ID: MUCL 46241	Rhizophagus irregularis | P4_bc1096_SPU_8_1_22_197198	Rhizophagus irregularis | DAOMC 197198	strain
PX207190.1	Rhizophagus prolifer	Rhizophagus	P4_bc1076_SPU_5_18_2_SD_5_IVT32_s1737	SD5_IVT32			DAOMC 226389	Rhizophagus prolifer | P4_bc1076_SPU_5_18_2_SD_5_IVT32	Rhizophagus prolifer | SD5_IVT32	strain
PX207191.1	Rhizophagus prolifer	Rhizophagus	P4_bc1077_SPU_5_18_3_SD_5_IVT32_s1399	SD5_IVT32			DAOMC 226389	Rhizophagus prolifer | P4_bc1077_SPU_5_18_3_SD_5_IVT32	Rhizophagus prolifer | SD5_IVT32	strain
PX207192.1	Rhizophagus prolifer	Rhizophagus	P4_bc1076_SPU_5_18_2_SD_5_IVT32_s1447	SD5_IVT32			DAOMC 226389	Rhizophagus prolifer | P4_bc1076_SPU_5_18_2_SD_5_IVT32	Rhizophagus prolifer | SD5_IVT32	strain
PX207193.1	Rhizophagus prolifer	Rhizophagus	P4_bc1077_SPU_5_18_3_SD_5_IVT32_s1320	SD5_IVT32			DAOMC 226389	Rhizophagus prolifer | P4_bc1077_SPU_5_18_3_SD_5_IVT32	Rhizophagus prolifer | SD5_IVT32	strain
PX207194.1	Rhizophagus intraradices	Rhizophagus	P4_bc1016_SPU_7_2_4_UT126A_s1939	UT126A				Rhizophagus intraradices | P4_bc1016_SPU_7_2_4_UT126A	Rhizophagus intraradices | UT126A	strain
PX207195.1	Rhizophagus intraradices	Rhizophagus	P4_bc1015_SPU_7_2_3_UT126A_s2189	UT126A				Rhizophagus intraradices | P4_bc1015_SPU_7_2_3_UT126A	Rhizophagus intraradices | UT126A	strain
PX207196.1	Rhizophagus intraradices	Rhizophagus	P4_bc1016_SPU_7_2_4_UT126A_s3651	UT126A				Rhizophagus intraradices | P4_bc1016_SPU_7_2_4_UT126A	Rhizophagus intraradices | UT126A	strain
PX207197.1	Rhizophagus intraradices	Rhizophagus	P4_bc1080_SPU_5_16_1_KS906_IVT156_s1556	KS906_IVT156			DAOMC 300074	Rhizophagus intraradices | P4_bc1080_SPU_5_16_1_KS906_IVT156	Rhizophagus intraradices | KS906_IVT156	strain
PX207198.1	Rhizophagus intraradices	Rhizophagus	P4_bc1080_SPU_5_16_1_KS906_IVT156_s7829	KS906_IVT156			DAOMC 300074	Rhizophagus intraradices | P4_bc1080_SPU_5_16_1_KS906_IVT156	Rhizophagus intraradices | KS906_IVT156	strain
PX207199.1	Rhizophagus intraradices	Rhizophagus	P4_bc1015_SPU_7_2_3_UT126A_s10328	UT126A				Rhizophagus intraradices | P4_bc1015_SPU_7_2_3_UT126A	Rhizophagus intraradices | UT126A	strain
PX207200.1	Rhizophagus intraradices	Rhizophagus	P4_bc1015_SPU_7_2_3_UT126A_s283	UT126A				Rhizophagus intraradices | P4_bc1015_SPU_7_2_3_UT126A	Rhizophagus intraradices | UT126A	strain
PX207201.1	Rhizophagus intraradices	Rhizophagus	P4_bc1015_SPU_7_2_3_UT126A_s1212	UT126A				Rhizophagus intraradices | P4_bc1015_SPU_7_2_3_UT126A	Rhizophagus intraradices | UT126A	strain
PX207202.1	Rhizophagus intraradices	Rhizophagus	P4_bc1016_SPU_7_2_4_UT126A_s789	UT126A				Rhizophagus intraradices | P4_bc1016_SPU_7_2_4_UT126A	Rhizophagus intraradices | UT126A	strain
PX207203.1	Rhizophagus intraradices	Rhizophagus	P4_bc1080_SPU_5_16_1_KS906_IVT156_s4057	KS906_IVT156			DAOMC 300074	Rhizophagus intraradices | P4_bc1080_SPU_5_16_1_KS906_IVT156	Rhizophagus intraradices | KS906_IVT156	strain
PX207204.1	Rhizophagus intraradices	Rhizophagus	P4_bc1015_SPU_7_2_3_UT126A_s365	UT126A				Rhizophagus intraradices | P4_bc1015_SPU_7_2_3_UT126A	Rhizophagus intraradices | UT126A	strain
PX207205.1	Rhizophagus intraradices	Rhizophagus	P4_bc1080_SPU_5_16_1_KS906_IVT156_s2025	KS906_IVT156			DAOMC 300074	Rhizophagus intraradices | P4_bc1080_SPU_5_16_1_KS906_IVT156	Rhizophagus intraradices | KS906_IVT156	strain
PX207206.1	Rhizophagus prolifer	Rhizophagus	P4_bc1076_SPU_5_18_2_SD_5_IVT32_s611	SD5_IVT32			DAOMC 226389	Rhizophagus prolifer | P4_bc1076_SPU_5_18_2_SD_5_IVT32	Rhizophagus prolifer | SD5_IVT32	strain
PX207207.1	Rhizophagus prolifer	Rhizophagus	P4_bc1077_SPU_5_18_3_SD_5_IVT32_s694	SD5_IVT32			DAOMC 226389	Rhizophagus prolifer | P4_bc1077_SPU_5_18_3_SD_5_IVT32	Rhizophagus prolifer | SD5_IVT32	strain
PX207208.1	Rhizophagus prolifer	Rhizophagus	P4_bc1076_SPU_5_18_2_SD_5_IVT32_s142	SD5_IVT32			DAOMC 226389	Rhizophagus prolifer | P4_bc1076_SPU_5_18_2_SD_5_IVT32	Rhizophagus prolifer | SD5_IVT32	strain
PX207209.1	Rhizophagus prolifer	Rhizophagus	P4_bc1077_SPU_5_18_3_SD_5_IVT32_s280	SD5_IVT32			DAOMC 226389	Rhizophagus prolifer | P4_bc1077_SPU_5_18_3_SD_5_IVT32	Rhizophagus prolifer | SD5_IVT32	strain
PX207210.1	Rhizophagus prolifer	Rhizophagus	P4_bc1077_SPU_5_18_3_SD_5_IVT32_s965	SD5_IVT32			DAOMC 226389	Rhizophagus prolifer | P4_bc1077_SPU_5_18_3_SD_5_IVT32	Rhizophagus prolifer | SD5_IVT32	strain
PX207211.1	Rhizophagus prolifer	Rhizophagus	P4_bc1077_SPU_5_18_3_SD_5_IVT32_s236	SD5_IVT32			DAOMC 226389	Rhizophagus prolifer | P4_bc1077_SPU_5_18_3_SD_5_IVT32	Rhizophagus prolifer | SD5_IVT32	strain
PX207212.1	Glomus tetrastratosum	Glomus	P4_bc1084_SPU_5_12_3_5094_2349C_s351	5094_2349C				Glomus tetrastratosum | P4_bc1084_SPU_5_12_3_5094_2349C	Glomus tetrastratosum | 5094_2349C	strain
PX207213.1	Glomus tetrastratosum	Glomus	P4_bc1084_SPU_5_12_3_5094_2349C_s100	5094_2349C				Glomus tetrastratosum | P4_bc1084_SPU_5_12_3_5094_2349C	Glomus tetrastratosum | 5094_2349C	strain
PX207214.1	Glomus tetrastratosum	Glomus	P4_bc1084_SPU_5_12_3_5094_2349C_s138_1	5094_2349C				Glomus tetrastratosum | P4_bc1084_SPU_5_12_3_5094_2349C	Glomus tetrastratosum | 5094_2349C	strain
PX207215.1	Glomus tetrastratosum	Glomus	P4_bc1084_SPU_5_12_3_5094_2349C_s94	5094_2349C				Glomus tetrastratosum | P4_bc1084_SPU_5_12_3_5094_2349C	Glomus tetrastratosum | 5094_2349C	strain
PX207216.1	Glomus tetrastratosum	Glomus	P4_bc1084_SPU_5_12_3_5094_2349C_s138_2	5094_2349C				Glomus tetrastratosum | P4_bc1084_SPU_5_12_3_5094_2349C	Glomus tetrastratosum | 5094_2349C	strain
PX207217.1	Glomus tetrastratosum	Glomus	P4_bc1084_SPU_5_12_3_5094_2349C_s654	5094_2349C				Glomus tetrastratosum | P4_bc1084_SPU_5_12_3_5094_2349C	Glomus tetrastratosum | 5094_2349C	strain
PX207218.1	Glomus tetrastratosum	Glomus	P4_bc1084_SPU_5_12_3_5094_2349C_s148	5094_2349C				Glomus tetrastratosum | P4_bc1084_SPU_5_12_3_5094_2349C	Glomus tetrastratosum | 5094_2349C	strain
PX207219.1	Funneliformis mosseae	Funneliformis	P2_bc1030_SPU4-9_2231_1079F_s522	2231_1079F				Funneliformis mosseae | P2_bc1030_SPU4-9_2231_1079F	Funneliformis mosseae | 2231_1079F	strain
PX207220.1	Funneliformis mosseae	Funneliformis	P2_bc1031_SPU4-12_2231_1079F_s1051	2231_1079F				Funneliformis mosseae | P2_bc1031_SPU4-12_2231_1079F	Funneliformis mosseae | 2231_1079F	strain
PX207221.1	Funneliformis mosseae	Funneliformis	P2_bc1030_SPU4-9_2231_1079F_s239	2231_1079F				Funneliformis mosseae | P2_bc1030_SPU4-9_2231_1079F	Funneliformis mosseae | 2231_1079F	strain
PX207222.1	Funneliformis mosseae	Funneliformis	P2_bc1030_SPU4-9_2231_1079F_s214	2231_1079F				Funneliformis mosseae | P2_bc1030_SPU4-9_2231_1079F	Funneliformis mosseae | 2231_1079F	strain
PX207223.1	Funneliformis mosseae	Funneliformis	P2_bc1031_SPU4-12_2231_1079F_s242	2231_1079F				Funneliformis mosseae | P2_bc1031_SPU4-12_2231_1079F	Funneliformis mosseae | 2231_1079F	strain
PX207224.1	Funneliformis mosseae	Funneliformis	P2_bc1028_SPU4-89_FS-29_2726A_s163_1	FS-29_2726A				Funneliformis mosseae | P2_bc1028_SPU4-89_FS-29_2726A	Funneliformis mosseae | FS-29_2726A	strain
PX207225.1	Funneliformis mosseae	Funneliformis	P2_bc1029_SPU4-92_FS-29_2726A_s151	FS-29_2726A				Funneliformis mosseae | P2_bc1029_SPU4-92_FS-29_2726A	Funneliformis mosseae | FS-29_2726A	strain
PX207226.1	Funneliformis mosseae	Funneliformis	P2_bc1028_SPU4-89_FS-29_2726A_s194	FS-29_2726A				Funneliformis mosseae | P2_bc1028_SPU4-89_FS-29_2726A	Funneliformis mosseae | FS-29_2726A	strain
PX207227.1	Funneliformis mosseae	Funneliformis	P2_bc1029_SPU4-92_FS-29_2726A_s170	FS-29_2726A				Funneliformis mosseae | P2_bc1029_SPU4-92_FS-29_2726A	Funneliformis mosseae | FS-29_2726A	strain
PX207228.1	Funneliformis mosseae	Funneliformis	P2_bc1028_SPU4-89_FS-29_2726A_s525	FS-29_2726A				Funneliformis mosseae | P2_bc1028_SPU4-89_FS-29_2726A	Funneliformis mosseae | FS-29_2726A	strain
PX207229.1	Funneliformis mosseae	Funneliformis	P2_bc1029_SPU4-92_FS-29_2726A_s381	FS-29_2726A				Funneliformis mosseae | P2_bc1029_SPU4-92_FS-29_2726A	Funneliformis mosseae | FS-29_2726A	strain
PX207230.1	Funneliformis mosseae	Funneliformis	P2_bc1030_SPU4-9_2231_1079F_s629	2231_1079F				Funneliformis mosseae | P2_bc1030_SPU4-9_2231_1079F	Funneliformis mosseae | 2231_1079F	strain
PX207231.1	Funneliformis mosseae	Funneliformis	P2_bc1031_SPU4-12_2231_1079F_s1207	2231_1079F				Funneliformis mosseae | P2_bc1031_SPU4-12_2231_1079F	Funneliformis mosseae | 2231_1079F	strain
PX207232.1	Funneliformis mosseae	Funneliformis	P2_bc1030_SPU4-9_2231_1079F_s124	2231_1079F				Funneliformis mosseae | P2_bc1030_SPU4-9_2231_1079F	Funneliformis mosseae | 2231_1079F	strain
PX207233.1	Funneliformis mosseae	Funneliformis	P2_bc1031_SPU4-12_2231_1079F_s202	2231_1079F				Funneliformis mosseae | P2_bc1031_SPU4-12_2231_1079F	Funneliformis mosseae | 2231_1079F	strain
PX207234.1	Funneliformis mosseae	Funneliformis	P2_bc1030_SPU4-9_2231_1079F_s135	2231_1079F				Funneliformis mosseae | P2_bc1030_SPU4-9_2231_1079F	Funneliformis mosseae | 2231_1079F	strain
PX207235.1	Funneliformis mosseae	Funneliformis	P2_bc1031_SPU4-12_2231_1079F_s248_2	2231_1079F				Funneliformis mosseae | P2_bc1031_SPU4-12_2231_1079F	Funneliformis mosseae | 2231_1079F	strain
PX207236.1	Funneliformis mosseae	Funneliformis	P2_bc1028_SPU4-89_FS-29_2726A_s323	FS-29_2726A				Funneliformis mosseae | P2_bc1028_SPU4-89_FS-29_2726A	Funneliformis mosseae | FS-29_2726A	strain
PX207237.1	Funneliformis mosseae	Funneliformis	P2_bc1029_SPU4-92_FS-29_2726A_s186	FS-29_2726A				Funneliformis mosseae | P2_bc1029_SPU4-92_FS-29_2726A	Funneliformis mosseae | FS-29_2726A	strain
PX207238.1	Funneliformis mosseae	Funneliformis	P2_bc1028_SPU4-89_FS-29_2726A_s281	FS-29_2726A				Funneliformis mosseae | P2_bc1028_SPU4-89_FS-29_2726A	Funneliformis mosseae | FS-29_2726A	strain
PX207239.1	Funneliformis mosseae	Funneliformis	P2_bc1029_SPU4-92_FS-29_2726A_s259	FS-29_2726A				Funneliformis mosseae | P2_bc1029_SPU4-92_FS-29_2726A	Funneliformis mosseae | FS-29_2726A	strain
PX207240.1	Funneliformis mosseae	Funneliformis	P2_bc1028_SPU4-89_FS-29_2726A_s163_2	FS-29_2726A				Funneliformis mosseae | P2_bc1028_SPU4-89_FS-29_2726A	Funneliformis mosseae | FS-29_2726A	strain
PX207241.1	Funneliformis mosseae	Funneliformis	P2_bc1030_SPU4-9_2231_1079F_s132	2231_1079F				Funneliformis mosseae | P2_bc1030_SPU4-9_2231_1079F	Funneliformis mosseae | 2231_1079F	strain
PX207242.1	Funneliformis mosseae	Funneliformis	P2_bc1031_SPU4-12_2231_1079F_s189	2231_1079F				Funneliformis mosseae | P2_bc1031_SPU4-12_2231_1079F	Funneliformis mosseae | 2231_1079F	strain
PX207243.1	Funneliformis mosseae	Funneliformis	P2_bc1029_SPU4-92_FS-29_2726A_s181	FS-29_2726A				Funneliformis mosseae | P2_bc1029_SPU4-92_FS-29_2726A	Funneliformis mosseae | FS-29_2726A	strain
PX207244.1	Funneliformis mosseae	Funneliformis	P2_bc1028_SPU4-89_FS-29_2726A_s351	FS-29_2726A				Funneliformis mosseae | P2_bc1028_SPU4-89_FS-29_2726A	Funneliformis mosseae | FS-29_2726A	strain
PX207245.1	Funneliformis mosseae	Funneliformis	P2_bc1029_SPU4-92_FS-29_2726A_s374	FS-29_2726A				Funneliformis mosseae | P2_bc1029_SPU4-92_FS-29_2726A	Funneliformis mosseae | FS-29_2726A	strain
PX207246.1	Funneliformis mosseae	Funneliformis	P2_bc1029_SPU4-92_FS-29_2726A_s165	FS-29_2726A				Funneliformis mosseae | P2_bc1029_SPU4-92_FS-29_2726A	Funneliformis mosseae | FS-29_2726A	strain
PX207247.1	Funneliformis mosseae	Funneliformis	P2_bc1030_SPU4-9_2231_1079F_s446	2231_1079F				Funneliformis mosseae | P2_bc1030_SPU4-9_2231_1079F	Funneliformis mosseae | 2231_1079F	strain
PX207248.1	Funneliformis mosseae	Funneliformis	P2_bc1031_SPU4-12_2231_1079F_s607	2231_1079F				Funneliformis mosseae | P2_bc1031_SPU4-12_2231_1079F	Funneliformis mosseae | 2231_1079F	strain
PX207249.1	Funneliformis mosseae	Funneliformis	P2_bc1028_SPU4-89_FS-29_2726A_s205	FS-29_2726A				Funneliformis mosseae | P2_bc1028_SPU4-89_FS-29_2726A	Funneliformis mosseae | FS-29_2726A	strain
PX207250.1	Funneliformis mosseae	Funneliformis	P2_bc1029_SPU4-92_FS-29_2726A_s152	FS-29_2726A				Funneliformis mosseae | P2_bc1029_SPU4-92_FS-29_2726A	Funneliformis mosseae | FS-29_2726A	strain
PX207251.1	Funneliformis mosseae	Funneliformis	P2_bc1028_SPU4-89_FS-29_2726A_s1014	FS-29_2726A				Funneliformis mosseae | P2_bc1028_SPU4-89_FS-29_2726A	Funneliformis mosseae | FS-29_2726A	strain
PX207252.1	Funneliformis mosseae	Funneliformis	P2_bc1029_SPU4-92_FS-29_2726A_s1063	FS-29_2726A				Funneliformis mosseae | P2_bc1029_SPU4-92_FS-29_2726A	Funneliformis mosseae | FS-29_2726A	strain
PX207253.1	Funneliformis mosseae	Funneliformis	P2_bc1028_SPU4-89_FS-29_2726A_s183	FS-29_2726A				Funneliformis mosseae | P2_bc1028_SPU4-89_FS-29_2726A	Funneliformis mosseae | FS-29_2726A	strain
PX207254.1	Funneliformis mosseae	Funneliformis	P2_bc1030_SPU4-9_2231_1079F_s178	2231_1079F				Funneliformis mosseae | P2_bc1030_SPU4-9_2231_1079F	Funneliformis mosseae | 2231_1079F	strain
PX207255.1	Funneliformis mosseae	Funneliformis	P2_bc1031_SPU4-12_2231_1079F_s248_1	2231_1079F				Funneliformis mosseae | P2_bc1031_SPU4-12_2231_1079F	Funneliformis mosseae | 2231_1079F	strain
PX207256.1	Funneliformis mosseae	Funneliformis	P2_bc1030_SPU4-9_2231_1079F_s177	2231_1079F				Funneliformis mosseae | P2_bc1030_SPU4-9_2231_1079F	Funneliformis mosseae | 2231_1079F	strain
PX207257.1	Funneliformis mosseae	Funneliformis	P2_bc1031_SPU4-12_2231_1079F_s273	2231_1079F				Funneliformis mosseae | P2_bc1031_SPU4-12_2231_1079F	Funneliformis mosseae | 2231_1079F	strain
PX207258.1	Septoglomus turnauae	Septoglomus	P4_bc1088_SPU_5_5_1_Blasz_12_2272D_s820	Blasz_12_2272D				Septoglomus turnauae | P4_bc1088_SPU_5_5_1_Blasz_12_2272D	Septoglomus turnauae | Blasz_12_2272D	strain
PX207259.1	Septoglomus turnauae	Septoglomus	P4_bc1088_SPU_5_5_1_Blasz_12_2272D_s4314	Blasz_12_2272D				Septoglomus turnauae | P4_bc1088_SPU_5_5_1_Blasz_12_2272D	Septoglomus turnauae | Blasz_12_2272D	strain
PX207260.1	Septoglomus turnauae	Septoglomus	P4_bc1088_SPU_5_5_1_Blasz_12_2272D_s1052	Blasz_12_2272D				Septoglomus turnauae | P4_bc1088_SPU_5_5_1_Blasz_12_2272D	Septoglomus turnauae | Blasz_12_2272D	strain
PX207261.1	Septoglomus turnauae	Septoglomus	P4_bc1088_SPU_5_5_1_Blasz_12_2272D_s196	Blasz_12_2272D				Septoglomus turnauae | P4_bc1088_SPU_5_5_1_Blasz_12_2272D	Septoglomus turnauae | Blasz_12_2272D	strain
PX207262.1	Septoglomus turnauae	Septoglomus	P4_bc1088_SPU_5_5_1_Blasz_12_2272D_s172	Blasz_12_2272D				Septoglomus turnauae | P4_bc1088_SPU_5_5_1_Blasz_12_2272D	Septoglomus turnauae | Blasz_12_2272D	strain
PX207263.1	Septoglomus viscosum	Septoglomus	P4_bc1013_SPU_7_1_2_Att1910_1_s918	CW0026_Att1910-1			From Att.1910-1(0)	Septoglomus viscosum | P4_bc1013_SPU_7_1_2_Att1910_1	Septoglomus viscosum | CW0026_Att1910-1	strain
PX207264.1	Septoglomus viscosum	Septoglomus	P4_bc1014_SPU_7_1_3_Att1910_1_s1209	CW0026_Att1910-1			From Att.1910-1(0)	Septoglomus viscosum | P4_bc1014_SPU_7_1_3_Att1910_1	Septoglomus viscosum | CW0026_Att1910-1	strain
PX207265.1	Septoglomus viscosum	Septoglomus	P4_bc1013_SPU_7_1_2_Att1910_1_s346	CW0026_Att1910-1			From Att.1910-1(0)	Septoglomus viscosum | P4_bc1013_SPU_7_1_2_Att1910_1	Septoglomus viscosum | CW0026_Att1910-1	strain
PX207266.1	Septoglomus viscosum	Septoglomus	P4_bc1014_SPU_7_1_3_Att1910_1_s1019	CW0026_Att1910-1			From Att.1910-1(0)	Septoglomus viscosum | P4_bc1014_SPU_7_1_3_Att1910_1	Septoglomus viscosum | CW0026_Att1910-1	strain
PX207267.1	Septoglomus viscosum	Septoglomus	P4_bc1014_SPU_7_1_3_Att1910_1_s57	CW0026_Att1910-1			From Att.1910-1(0)	Septoglomus viscosum | P4_bc1014_SPU_7_1_3_Att1910_1	Septoglomus viscosum | CW0026_Att1910-1	strain
PX207268.1	Septoglomus viscosum	Septoglomus	P4_bc1013_SPU_7_1_2_Att1910_1_s483	CW0026_Att1910-1			From Att.1910-1(0)	Septoglomus viscosum | P4_bc1013_SPU_7_1_2_Att1910_1	Septoglomus viscosum | CW0026_Att1910-1	strain
PX207269.1	Septoglomus viscosum	Septoglomus	P4_bc1014_SPU_7_1_3_Att1910_1_s71	CW0026_Att1910-1			From Att.1910-1(0)	Septoglomus viscosum | P4_bc1014_SPU_7_1_3_Att1910_1	Septoglomus viscosum | CW0026_Att1910-1	strain
PX207270.1	Septoglomus viscosum	Septoglomus	P4_bc1013_SPU_7_1_2_Att1910_1_s1399	CW0026_Att1910-1			From Att.1910-1(0)	Septoglomus viscosum | P4_bc1013_SPU_7_1_2_Att1910_1	Septoglomus viscosum | CW0026_Att1910-1	strain
PX207271.1	Septoglomus viscosum	Septoglomus	P4_bc1014_SPU_7_1_3_Att1910_1_s281	CW0026_Att1910-1			From Att.1910-1(0)	Septoglomus viscosum | P4_bc1014_SPU_7_1_3_Att1910_1	Septoglomus viscosum | CW0026_Att1910-1	strain
PX207272.1	Septoglomus viscosum	Septoglomus	P4_bc1013_SPU_7_1_2_Att1910_1_s4078	CW0026_Att1910-1			From Att.1910-1(0)	Septoglomus viscosum | P4_bc1013_SPU_7_1_2_Att1910_1	Septoglomus viscosum | CW0026_Att1910-1	strain
PX207273.1	Septoglomus viscosum	Septoglomus	P4_bc1014_SPU_7_1_3_Att1910_1_s807	CW0026_Att1910-1			From Att.1910-1(0)	Septoglomus viscosum | P4_bc1014_SPU_7_1_3_Att1910_1	Septoglomus viscosum | CW0026_Att1910-1	strain
PX207274.1	Septoglomus viscosum	Septoglomus	P4_bc1014_SPU_7_1_3_Att1910_1_s78	CW0026_Att1910-1			From Att.1910-1(0)	Septoglomus viscosum | P4_bc1014_SPU_7_1_3_Att1910_1	Septoglomus viscosum | CW0026_Att1910-1	strain
PX214440.1	Funneliformis caledonium	Funneliformis	VDHK150A_21A					Funneliformis caledonium | VDHK150A_21A	Funneliformis caledonium | VDHK150A_21A	isolate
PX214441.1	Funneliformis caledonium	Funneliformis	VDHK150A_21A					Funneliformis caledonium | VDHK150A_21A	Funneliformis caledonium | VDHK150A_21A	isolate
PX214442.1	Funneliformis caledonium	Funneliformis	VDHK150A_21A					Funneliformis caledonium | VDHK150A_21A	Funneliformis caledonium | VDHK150A_21A	isolate
PX214443.1	Funneliformis caledonium	Funneliformis	CW0030_822A					Funneliformis caledonium | CW0030_822A	Funneliformis caledonium | CW0030_822A	isolate
PX214444.1	Funneliformis caledonium	Funneliformis	CW0030_822A					Funneliformis caledonium | CW0030_822A	Funneliformis caledonium | CW0030_822A	isolate
PX214445.1	Funneliformis caledonium	Funneliformis	CW0030_822A					Funneliformis caledonium | CW0030_822A	Funneliformis caledonium | CW0030_822A	isolate
PX214446.1	Funneliformis caledonium	Funneliformis	CW0030_822A					Funneliformis caledonium | CW0030_822A	Funneliformis caledonium | CW0030_822A	isolate
PX214447.1	Funneliformis caledonium	Funneliformis	VDHK150A_21A					Funneliformis caledonium | VDHK150A_21A	Funneliformis caledonium | VDHK150A_21A	isolate
PX214448.1	Funneliformis caledonium	Funneliformis	VDHK150A_21A					Funneliformis caledonium | VDHK150A_21A	Funneliformis caledonium | VDHK150A_21A	isolate
PX214449.1	Funneliformis geosporum	Funneliformis	ALBG_A3					Funneliformis geosporum | ALBG_A3	Funneliformis geosporum | ALBG_A3	isolate
PX214450.1	Funneliformis geosporum	Funneliformis	ALBG_A3					Funneliformis geosporum | ALBG_A3	Funneliformis geosporum | ALBG_A3	isolate
PX214451.1	Funneliformis geosporum	Funneliformis	ALBG_A3					Funneliformis geosporum | ALBG_A3	Funneliformis geosporum | ALBG_A3	isolate
PX214452.1	Funneliformis geosporum	Funneliformis	ALBG_A3					Funneliformis geosporum | ALBG_A3	Funneliformis geosporum | ALBG_A3	isolate
PX214453.1	Funneliformis geosporum	Funneliformis	ALBG_A3					Funneliformis geosporum | ALBG_A3	Funneliformis geosporum | ALBG_A3	isolate
PX214454.1	Funneliformis geosporum	Funneliformis	W681_7_10A					Funneliformis geosporum | W681_7_10A	Funneliformis geosporum | W681_7_10A	isolate
PX214455.1	Funneliformis geosporum	Funneliformis	W681_7_10A					Funneliformis geosporum | W681_7_10A	Funneliformis geosporum | W681_7_10A	isolate
PX214456.1	Funneliformis geosporum	Funneliformis	W681_7_10A					Funneliformis geosporum | W681_7_10A	Funneliformis geosporum | W681_7_10A	isolate
PX214457.1	Funneliformis coronatus	Funneliformis	Algerie_2_1072A					Funneliformis coronatus | Algerie_2_1072A	Funneliformis coronatus | Algerie_2_1072A	isolate
PX214458.1	Funneliformis coronatus	Funneliformis	Algerie_2_1072A					Funneliformis coronatus | Algerie_2_1072A	Funneliformis coronatus | Algerie_2_1072A	isolate
PX214459.1	Funneliformis coronatus	Funneliformis	Algerie_2_1072A					Funneliformis coronatus | Algerie_2_1072A	Funneliformis coronatus | Algerie_2_1072A	isolate
PX214460.1	Funneliformis coronatus	Funneliformis	Algerie_2_1072A					Funneliformis coronatus | Algerie_2_1072A	Funneliformis coronatus | Algerie_2_1072A	isolate
PX214461.1	Funneliformis coronatus	Funneliformis	Algerie_2_1072A					Funneliformis coronatus | Algerie_2_1072A	Funneliformis coronatus | Algerie_2_1072A	isolate
PX214462.1	Funneliformis coronatus	Funneliformis	W143_5_12A					Funneliformis coronatus | W143_5_12A	Funneliformis coronatus | W143_5_12A	isolate
PX214463.1	Funneliformis coronatus	Funneliformis	W143_5_12A					Funneliformis coronatus | W143_5_12A	Funneliformis coronatus | W143_5_12A	isolate
PX214464.1	Funneliformis coronatus	Funneliformis	W143_5_12A					Funneliformis coronatus | W143_5_12A	Funneliformis coronatus | W143_5_12A	isolate
PX214465.1	Funneliformis coronatus	Funneliformis	W143_5_12A					Funneliformis coronatus | W143_5_12A	Funneliformis coronatus | W143_5_12A	isolate
PX214466.1	Funneliformis coronatus	Funneliformis	W143_5_12A					Funneliformis coronatus | W143_5_12A	Funneliformis coronatus | W143_5_12A	isolate
PX214467.1	Funneliformis coronatus	Funneliformis	W143_5_12A					Funneliformis coronatus | W143_5_12A	Funneliformis coronatus | W143_5_12A	isolate
PX214468.1	Funneliformis coronatus	Funneliformis	W143_5_12A					Funneliformis coronatus | W143_5_12A	Funneliformis coronatus | W143_5_12A	isolate
PX214469.1	Funneliformis coronatus	Funneliformis	W699_21_3A					Funneliformis coronatus | W699_21_3A	Funneliformis coronatus | W699_21_3A	isolate
PX214470.1	Funneliformis coronatus	Funneliformis	W699_21_3A					Funneliformis coronatus | W699_21_3A	Funneliformis coronatus | W699_21_3A	isolate
PX214471.1	Funneliformis coronatus	Funneliformis	W699_21_3A					Funneliformis coronatus | W699_21_3A	Funneliformis coronatus | W699_21_3A	isolate
PX214472.1	Funneliformis coronatus	Funneliformis	W699_21_3A					Funneliformis coronatus | W699_21_3A	Funneliformis coronatus | W699_21_3A	isolate
PX214473.1	Funneliformis coronatus	Funneliformis	W111_12_886A					Funneliformis coronatus | W111_12_886A	Funneliformis coronatus | W111_12_886A	isolate
PX214474.1	Funneliformis coronatus	Funneliformis	W111_12_886A					Funneliformis coronatus | W111_12_886A	Funneliformis coronatus | W111_12_886A	isolate
PX214475.1	Funneliformis coronatus	Funneliformis	W111_12_886A					Funneliformis coronatus | W111_12_886A	Funneliformis coronatus | W111_12_886A	isolate
PX214476.1	Funneliformis coronatus	Funneliformis	W111_12_886A					Funneliformis coronatus | W111_12_886A	Funneliformis coronatus | W111_12_886A	isolate
PX214477.1	Funneliformis coronatus	Funneliformis	W111_12_886A					Funneliformis coronatus | W111_12_886A	Funneliformis coronatus | W111_12_886A	isolate
PX214478.1	Funneliformis coronatus	Funneliformis	W111_12_886A					Funneliformis coronatus | W111_12_886A	Funneliformis coronatus | W111_12_886A	isolate
PX214479.1	Funneliformis coronatus	Funneliformis	W111_12_886A					Funneliformis coronatus | W111_12_886A	Funneliformis coronatus | W111_12_886A	isolate
PX214480.1	Funneliformis coronatus	Funneliformis	W111_12_886A					Funneliformis coronatus | W111_12_886A	Funneliformis coronatus | W111_12_886A	isolate
PX214481.1	Funneliformis mosseae	Funneliformis	C2					Funneliformis mosseae | C2	Funneliformis mosseae | C2	isolate
PX214482.1	Funneliformis mosseae	Funneliformis	C2					Funneliformis mosseae | C2	Funneliformis mosseae | C2	isolate
PX214483.1	Funneliformis mosseae	Funneliformis	C2					Funneliformis mosseae | C2	Funneliformis mosseae | C2	isolate
PX214484.1	Funneliformis mosseae	Funneliformis	C2					Funneliformis mosseae | C2	Funneliformis mosseae | C2	isolate
PX214485.1	Funneliformis mosseae	Funneliformis	C2					Funneliformis mosseae | C2	Funneliformis mosseae | C2	isolate
PX214486.1	Funneliformis mosseae	Funneliformis	2101_50A					Funneliformis mosseae | 2101_50A	Funneliformis mosseae | 2101_50A	isolate
PX214487.1	Funneliformis mosseae	Funneliformis	2101_50A					Funneliformis mosseae | 2101_50A	Funneliformis mosseae | 2101_50A	isolate
PX214488.1	Funneliformis mosseae	Funneliformis	2101_50A					Funneliformis mosseae | 2101_50A	Funneliformis mosseae | 2101_50A	isolate
PX214489.1	Funneliformis mosseae	Funneliformis	3502					Funneliformis mosseae | 3502	Funneliformis mosseae | 3502	isolate
PX214490.1	Funneliformis mosseae	Funneliformis	FEC30_219A					Funneliformis mosseae | FEC30_219A	Funneliformis mosseae | FEC30_219A	isolate
PX214491.1	Funneliformis mosseae	Funneliformis	2101_50A					Funneliformis mosseae | 2101_50A	Funneliformis mosseae | 2101_50A	isolate
PX214492.1	Funneliformis mosseae	Funneliformis	W32_9_13A					Funneliformis mosseae | W32_9_13A	Funneliformis mosseae | W32_9_13A	isolate
PX214493.1	Funneliformis mosseae	Funneliformis	3502					Funneliformis mosseae | 3502	Funneliformis mosseae | 3502	isolate
PX214494.1	Funneliformis mosseae	Funneliformis	3502					Funneliformis mosseae | 3502	Funneliformis mosseae | 3502	isolate
PX214495.1	Funneliformis mosseae	Funneliformis	W32_9_13A					Funneliformis mosseae | W32_9_13A	Funneliformis mosseae | W32_9_13A	isolate
PX214496.1	Funneliformis mosseae	Funneliformis	W32_9_13A					Funneliformis mosseae | W32_9_13A	Funneliformis mosseae | W32_9_13A	isolate
PX214497.1	Funneliformis mosseae	Funneliformis	W32_9_13A					Funneliformis mosseae | W32_9_13A	Funneliformis mosseae | W32_9_13A	isolate
PX214498.1	Funneliformis mosseae	Funneliformis	W32_9_13A					Funneliformis mosseae | W32_9_13A	Funneliformis mosseae | W32_9_13A	isolate
PX214499.1	Funneliformis mosseae	Funneliformis	2101_50A					Funneliformis mosseae | 2101_50A	Funneliformis mosseae | 2101_50A	isolate
PX214500.1	Funneliformis mosseae	Funneliformis	2101_50A					Funneliformis mosseae | 2101_50A	Funneliformis mosseae | 2101_50A	isolate
PX214501.1	Funneliformis mosseae	Funneliformis	2101_50A					Funneliformis mosseae | 2101_50A	Funneliformis mosseae | 2101_50A	isolate
PX214502.1	Funneliformis mosseae	Funneliformis	198394_123A					Funneliformis mosseae | 198394_123A	Funneliformis mosseae | 198394_123A	isolate
PX214503.1	Funneliformis mosseae	Funneliformis	2252_723A					Funneliformis mosseae | 2252_723A	Funneliformis mosseae | 2252_723A	isolate
PX214504.1	Funneliformis mosseae	Funneliformis	2252_723A					Funneliformis mosseae | 2252_723A	Funneliformis mosseae | 2252_723A	isolate
PX214505.1	Funneliformis mosseae	Funneliformis	2252_723A					Funneliformis mosseae | 2252_723A	Funneliformis mosseae | 2252_723A	isolate
PX214506.1	Funneliformis mosseae	Funneliformis	198394_123A					Funneliformis mosseae | 198394_123A	Funneliformis mosseae | 198394_123A	isolate
PX214507.1	Funneliformis mosseae	Funneliformis	2252_723A					Funneliformis mosseae | 2252_723A	Funneliformis mosseae | 2252_723A	isolate
PX214508.1	Funneliformis mosseae	Funneliformis	2252_723A					Funneliformis mosseae | 2252_723A	Funneliformis mosseae | 2252_723A	isolate
PX214509.1	Funneliformis mosseae	Funneliformis	2252_723A					Funneliformis mosseae | 2252_723A	Funneliformis mosseae | 2252_723A	isolate
PX214510.1	Funneliformis mosseae	Funneliformis	2252_723A					Funneliformis mosseae | 2252_723A	Funneliformis mosseae | 2252_723A	isolate
PX214511.1	Funneliformis mosseae	Funneliformis	198394_123A					Funneliformis mosseae | 198394_123A	Funneliformis mosseae | 198394_123A	isolate
PX214512.1	Funneliformis mosseae	Funneliformis	198394_123A					Funneliformis mosseae | 198394_123A	Funneliformis mosseae | 198394_123A	isolate
PX214513.1	Funneliformis mosseae	Funneliformis	2252_723A					Funneliformis mosseae | 2252_723A	Funneliformis mosseae | 2252_723A	isolate
PX214514.1	Funneliformis mosseae	Funneliformis	198394_123A					Funneliformis mosseae | 198394_123A	Funneliformis mosseae | 198394_123A	isolate
PX214515.1	Funneliformis mosseae	Funneliformis	198394_123A					Funneliformis mosseae | 198394_123A	Funneliformis mosseae | 198394_123A	isolate
PX214516.1	Funneliformis mosseae	Funneliformis	198394_123A					Funneliformis mosseae | 198394_123A	Funneliformis mosseae | 198394_123A	isolate
PX214517.1	Funneliformis mosseae	Funneliformis	2252_723A					Funneliformis mosseae | 2252_723A	Funneliformis mosseae | 2252_723A	isolate
PX214518.1	Funneliformis mosseae	Funneliformis	W32_9_13A					Funneliformis mosseae | W32_9_13A	Funneliformis mosseae | W32_9_13A	isolate
PX214519.1	Funneliformis mosseae	Funneliformis	W32_9_13A					Funneliformis mosseae | W32_9_13A	Funneliformis mosseae | W32_9_13A	isolate
PX214520.1	Funneliformis mosseae	Funneliformis	W32_9_13A					Funneliformis mosseae | W32_9_13A	Funneliformis mosseae | W32_9_13A	isolate
PX214521.1	Funneliformis mosseae	Funneliformis	3502					Funneliformis mosseae | 3502	Funneliformis mosseae | 3502	isolate
PX214522.1	Funneliformis mosseae	Funneliformis	4344_272A					Funneliformis mosseae | 4344_272A	Funneliformis mosseae | 4344_272A	isolate
PX214523.1	Funneliformis mosseae	Funneliformis	4344_272A					Funneliformis mosseae | 4344_272A	Funneliformis mosseae | 4344_272A	isolate
PX214524.1	Funneliformis mosseae	Funneliformis	4344_272A					Funneliformis mosseae | 4344_272A	Funneliformis mosseae | 4344_272A	isolate
PX214525.1	Funneliformis mosseae	Funneliformis	4344_272A					Funneliformis mosseae | 4344_272A	Funneliformis mosseae | 4344_272A	isolate
PX214526.1	Funneliformis mosseae	Funneliformis	CHB4_Fmos					Funneliformis mosseae | CHB4_Fmos	Funneliformis mosseae | CHB4_Fmos	isolate
PX214527.1	Funneliformis mosseae	Funneliformis	CHB4_Fmos					Funneliformis mosseae | CHB4_Fmos	Funneliformis mosseae | CHB4_Fmos	isolate
PX214528.1	Funneliformis mosseae	Funneliformis	CHB4_Fmos					Funneliformis mosseae | CHB4_Fmos	Funneliformis mosseae | CHB4_Fmos	isolate
PX214529.1	Funneliformis mosseae	Funneliformis	CHB4_Fmos					Funneliformis mosseae | CHB4_Fmos	Funneliformis mosseae | CHB4_Fmos	isolate
PX214530.1	Funneliformis mosseae	Funneliformis	CHB4_Fmos					Funneliformis mosseae | CHB4_Fmos	Funneliformis mosseae | CHB4_Fmos	isolate
PX214531.1	Funneliformis mosseae	Funneliformis	CHB4_Fmos					Funneliformis mosseae | CHB4_Fmos	Funneliformis mosseae | CHB4_Fmos	isolate
PX214532.1	Funneliformis mosseae	Funneliformis	FEC30_219A					Funneliformis mosseae | FEC30_219A	Funneliformis mosseae | FEC30_219A	isolate
PX214533.1	Funneliformis mosseae	Funneliformis	FEC30_219A					Funneliformis mosseae | FEC30_219A	Funneliformis mosseae | FEC30_219A	isolate
PX214534.1	Funneliformis mosseae	Funneliformis	FEC30_219A					Funneliformis mosseae | FEC30_219A	Funneliformis mosseae | FEC30_219A	isolate
PX214535.1	Funneliformis mosseae	Funneliformis	FEC30_219A					Funneliformis mosseae | FEC30_219A	Funneliformis mosseae | FEC30_219A	isolate
PX214536.1	Funneliformis mosseae	Funneliformis	FEC30_219A					Funneliformis mosseae | FEC30_219A	Funneliformis mosseae | FEC30_219A	isolate
PX214537.1	Funneliformis mosseae	Funneliformis	CHB4_Fmos					Funneliformis mosseae | CHB4_Fmos	Funneliformis mosseae | CHB4_Fmos	isolate
PX214538.1	Funneliformis mosseae	Funneliformis	CHB4_Fmos					Funneliformis mosseae | CHB4_Fmos	Funneliformis mosseae | CHB4_Fmos	isolate
PX214539.1	Funneliformis mosseae	Funneliformis	CHB4_Fmos					Funneliformis mosseae | CHB4_Fmos	Funneliformis mosseae | CHB4_Fmos	isolate
PX214540.1	Funneliformis mosseae	Funneliformis	CHB4_Fmos					Funneliformis mosseae | CHB4_Fmos	Funneliformis mosseae | CHB4_Fmos	isolate
PX214541.1	Funneliformis mosseae	Funneliformis	3502					Funneliformis mosseae | 3502	Funneliformis mosseae | 3502	isolate
PX214542.1	Funneliformis mosseae	Funneliformis	2101_50A					Funneliformis mosseae | 2101_50A	Funneliformis mosseae | 2101_50A	isolate
PX214543.1	Funneliformis mosseae	Funneliformis	2101_50A					Funneliformis mosseae | 2101_50A	Funneliformis mosseae | 2101_50A	isolate
PX214544.1	Funneliformis mosseae	Funneliformis	CHB1_Fmos					Funneliformis mosseae | CHB1_Fmos	Funneliformis mosseae | CHB1_Fmos	isolate
PX214545.1	Funneliformis mosseae	Funneliformis	CHB1_Fmos					Funneliformis mosseae | CHB1_Fmos	Funneliformis mosseae | CHB1_Fmos	isolate
PX214546.1	Funneliformis mosseae	Funneliformis	CHB1_Fmos					Funneliformis mosseae | CHB1_Fmos	Funneliformis mosseae | CHB1_Fmos	isolate
PX214547.1	Funneliformis mosseae	Funneliformis	CHB1_Fmos					Funneliformis mosseae | CHB1_Fmos	Funneliformis mosseae | CHB1_Fmos	isolate
PX214548.1	Funneliformis mosseae	Funneliformis	CHB1_Fmos					Funneliformis mosseae | CHB1_Fmos	Funneliformis mosseae | CHB1_Fmos	isolate
PX214549.1	Funneliformis mosseae	Funneliformis	CHB1_Fmos					Funneliformis mosseae | CHB1_Fmos	Funneliformis mosseae | CHB1_Fmos	isolate
PX214550.1	Funneliformis mosseae	Funneliformis	CHB1_Fmos					Funneliformis mosseae | CHB1_Fmos	Funneliformis mosseae | CHB1_Fmos	isolate
PX214551.1	Funneliformis mosseae	Funneliformis	CHB1_Fmos					Funneliformis mosseae | CHB1_Fmos	Funneliformis mosseae | CHB1_Fmos	isolate
PX214552.1	Funneliformis mosseae	Funneliformis	CHB1_Fmos					Funneliformis mosseae | CHB1_Fmos	Funneliformis mosseae | CHB1_Fmos	isolate
PX214553.1	Funneliformis mosseae	Funneliformis	CHB1_Fmos					Funneliformis mosseae | CHB1_Fmos	Funneliformis mosseae | CHB1_Fmos	isolate
PX214554.1	Funneliformis mosseae	Funneliformis	CHB4_Fmos					Funneliformis mosseae | CHB4_Fmos	Funneliformis mosseae | CHB4_Fmos	isolate
PX214555.1	Funneliformis mosseae	Funneliformis	CHB1_Fmos					Funneliformis mosseae | CHB1_Fmos	Funneliformis mosseae | CHB1_Fmos	isolate
PX214556.1	Funneliformis mosseae	Funneliformis	CHB1_Fmos					Funneliformis mosseae | CHB1_Fmos	Funneliformis mosseae | CHB1_Fmos	isolate
PX214557.1	Funneliformis mosseae	Funneliformis	CHB1_Fmos					Funneliformis mosseae | CHB1_Fmos	Funneliformis mosseae | CHB1_Fmos	isolate
PX214558.1	Funneliformis mosseae	Funneliformis	CHB1_Fmos					Funneliformis mosseae | CHB1_Fmos	Funneliformis mosseae | CHB1_Fmos	isolate
PX214559.1	Funneliformis mosseae	Funneliformis	CHB3_Fmos					Funneliformis mosseae | CHB3_Fmos	Funneliformis mosseae | CHB3_Fmos	isolate
PX214560.1	Funneliformis mosseae	Funneliformis	CHB3_Fmos					Funneliformis mosseae | CHB3_Fmos	Funneliformis mosseae | CHB3_Fmos	isolate
PX214561.1	Funneliformis mosseae	Funneliformis	CHB3_Fmos					Funneliformis mosseae | CHB3_Fmos	Funneliformis mosseae | CHB3_Fmos	isolate
PX214562.1	Funneliformis mosseae	Funneliformis	4344_272A					Funneliformis mosseae | 4344_272A	Funneliformis mosseae | 4344_272A	isolate
PX214563.1	Funneliformis mosseae	Funneliformis	4344_272A					Funneliformis mosseae | 4344_272A	Funneliformis mosseae | 4344_272A	isolate
PX214564.1	Funneliformis mosseae	Funneliformis	4344_272A					Funneliformis mosseae | 4344_272A	Funneliformis mosseae | 4344_272A	isolate
PX214565.1	Funneliformis mosseae	Funneliformis	4344_272A					Funneliformis mosseae | 4344_272A	Funneliformis mosseae | 4344_272A	isolate
PX214566.1	Funneliformis mosseae	Funneliformis	4344_272A					Funneliformis mosseae | 4344_272A	Funneliformis mosseae | 4344_272A	isolate
PX214567.1	Funneliformis mosseae	Funneliformis	4344_272A					Funneliformis mosseae | 4344_272A	Funneliformis mosseae | 4344_272A	isolate
PX214568.1	Funneliformis mosseae	Funneliformis	CHB1_Fmos					Funneliformis mosseae | CHB1_Fmos	Funneliformis mosseae | CHB1_Fmos	isolate
PX214569.1	Funneliformis mosseae	Funneliformis	W32_9_13A					Funneliformis mosseae | W32_9_13A	Funneliformis mosseae | W32_9_13A	isolate
PX214570.1	Funneliformis mosseae	Funneliformis	CHB1_Fmos					Funneliformis mosseae | CHB1_Fmos	Funneliformis mosseae | CHB1_Fmos	isolate
PX214571.1	Funneliformis mosseae	Funneliformis	CHB1_Fmos					Funneliformis mosseae | CHB1_Fmos	Funneliformis mosseae | CHB1_Fmos	isolate
PX214572.1	Septoglomus viscosum	Septoglomus	CW0029_4028A				From Att.1913-3(0)	Septoglomus viscosum | CW0029_4028A	Septoglomus viscosum | CW0029_4028A	isolate
PX214573.1	Septoglomus viscosum	Septoglomus	MD215_360A					Septoglomus viscosum | MD215_360A	Septoglomus viscosum | MD215_360A	isolate
PX214574.1	Septoglomus viscosum	Septoglomus	MD215_360A					Septoglomus viscosum | MD215_360A	Septoglomus viscosum | MD215_360A	isolate
PX214575.1	Septoglomus viscosum	Septoglomus	MD215_360A					Septoglomus viscosum | MD215_360A	Septoglomus viscosum | MD215_360A	isolate
PX214576.1	Septoglomus viscosum	Septoglomus	W375_18_642E					Septoglomus viscosum | W375_18_642E	Septoglomus viscosum | W375_18_642E	isolate
PX214577.1	Septoglomus viscosum	Septoglomus	W375_18_642E					Septoglomus viscosum | W375_18_642E	Septoglomus viscosum | W375_18_642E	isolate
PX214578.1	Septoglomus viscosum	Septoglomus	CW0029_4028A				From Att.1913-3(0)	Septoglomus viscosum | CW0029_4028A	Septoglomus viscosum | CW0029_4028A	isolate
PX214579.1	Septoglomus viscosum	Septoglomus	W375_18_642E					Septoglomus viscosum | W375_18_642E	Septoglomus viscosum | W375_18_642E	isolate
PX214580.1	Septoglomus viscosum	Septoglomus	CW0002_4001A				From Att.179-15(12)	Septoglomus viscosum | CW0002_4001A	Septoglomus viscosum | CW0002_4001A	isolate
PX214581.1	Septoglomus viscosum	Septoglomus	CW0002_4001A				From Att.179-15(12)	Septoglomus viscosum | CW0002_4001A	Septoglomus viscosum | CW0002_4001A	isolate
PX214582.1	Septoglomus viscosum	Septoglomus	CW0002_4001A				From Att.179-15(12)	Septoglomus viscosum | CW0002_4001A	Septoglomus viscosum | CW0002_4001A	isolate
PX214583.1	Septoglomus viscosum	Septoglomus	W375_18_642E					Septoglomus viscosum | W375_18_642E	Septoglomus viscosum | W375_18_642E	isolate
PX214584.1	Septoglomus sp.	Septoglomus	5070_5024A					Septoglomus sp. | 5070_5024A	Septoglomus sp. | 5070_5024A	isolate
PX214585.1	Septoglomus sp.	Septoglomus	C4					Septoglomus sp. | C4	Septoglomus sp. | C4	isolate
PX214586.1	Septoglomus sp.	Septoglomus	5070_5024A					Septoglomus sp. | 5070_5024A	Septoglomus sp. | 5070_5024A	isolate
PX214587.1	Septoglomus sp.	Septoglomus	C4					Septoglomus sp. | C4	Septoglomus sp. | C4	isolate
PX214588.1	Septoglomus sp.	Septoglomus	C4					Septoglomus sp. | C4	Septoglomus sp. | C4	isolate
PX214589.1	Septoglomus sp.	Septoglomus	C4					Septoglomus sp. | C4	Septoglomus sp. | C4	isolate
PX214590.1	Septoglomus sp.	Septoglomus	C4					Septoglomus sp. | C4	Septoglomus sp. | C4	isolate
PX214591.1	Septoglomus sp.	Septoglomus	5070_5024A					Septoglomus sp. | 5070_5024A	Septoglomus sp. | 5070_5024A	isolate
PX214592.1	Septoglomus sp.	Septoglomus	C4					Septoglomus sp. | C4	Septoglomus sp. | C4	isolate
PX214593.1	Septoglomus sp.	Septoglomus	C4					Septoglomus sp. | C4	Septoglomus sp. | C4	isolate
PX214594.1	Septoglomus sp.	Septoglomus	C4					Septoglomus sp. | C4	Septoglomus sp. | C4	isolate
PX214595.1	Septoglomus sp.	Septoglomus	4404_2057A					Septoglomus sp. | 4404_2057A	Septoglomus sp. | 4404_2057A	isolate
PX214596.1	Septoglomus sp.	Septoglomus	FS_9_2328B					Septoglomus sp. | FS_9_2328B	Septoglomus sp. | FS_9_2328B	isolate
PX214597.1	Septoglomus sp.	Septoglomus	FS_9_2328B					Septoglomus sp. | FS_9_2328B	Septoglomus sp. | FS_9_2328B	isolate
PX214598.1	Septoglomus sp.	Septoglomus	FS_9_2328B					Septoglomus sp. | FS_9_2328B	Septoglomus sp. | FS_9_2328B	isolate
PX214599.1	Septoglomus sp.	Septoglomus	4404_2057A					Septoglomus sp. | 4404_2057A	Septoglomus sp. | 4404_2057A	isolate
PX214600.1	Septoglomus sp.	Septoglomus	4404_2057A					Septoglomus sp. | 4404_2057A	Septoglomus sp. | 4404_2057A	isolate
PX214601.1	Septoglomus sp.	Septoglomus	FS_9_2328B					Septoglomus sp. | FS_9_2328B	Septoglomus sp. | FS_9_2328B	isolate
PX214602.1	Septoglomus sp.	Septoglomus	FS_9_2328B					Septoglomus sp. | FS_9_2328B	Septoglomus sp. | FS_9_2328B	isolate
PX214603.1	Septoglomus sp.	Septoglomus	Blasz_17_2277A					Septoglomus sp. | Blasz_17_2277A	Septoglomus sp. | Blasz_17_2277A	isolate
PX214604.1	Septoglomus sp.	Septoglomus	Blasz_17_2277A					Septoglomus sp. | Blasz_17_2277A	Septoglomus sp. | Blasz_17_2277A	isolate
PX214605.1	Septoglomus sp.	Septoglomus	Blasz_17_2277A					Septoglomus sp. | Blasz_17_2277A	Septoglomus sp. | Blasz_17_2277A	isolate
PX214606.1	Septoglomus sp.	Septoglomus	Blasz_17_2277A					Septoglomus sp. | Blasz_17_2277A	Septoglomus sp. | Blasz_17_2277A	isolate
PX214607.1	Septoglomus sp.	Septoglomus	Blasz_17_2277A					Septoglomus sp. | Blasz_17_2277A	Septoglomus sp. | Blasz_17_2277A	isolate
PX214608.1	Septoglomus sp.	Septoglomus	SO43BL					Septoglomus sp. | SO43BL	Septoglomus sp. | SO43BL	isolate
PX214609.1	Septoglomus africanum	Septoglomus	Blasz_17_2277A					Septoglomus africanum | Blasz_17_2277A	Septoglomus africanum | Blasz_17_2277A	isolate
PX214610.1	Septoglomus africanum	Septoglomus	SO43BL					Septoglomus africanum | SO43BL	Septoglomus africanum | SO43BL	isolate
PX214611.1	Septoglomus africanum	Septoglomus	SO43BL					Septoglomus africanum | SO43BL	Septoglomus africanum | SO43BL	isolate
PX214612.1	Septoglomus africanum	Septoglomus	SO43BL					Septoglomus africanum | SO43BL	Septoglomus africanum | SO43BL	isolate
PX214613.1	Septoglomus africanum	Septoglomus	SO43BL					Septoglomus africanum | SO43BL	Septoglomus africanum | SO43BL	isolate
PX214614.1	Septoglomus africanum	Septoglomus	SO43BL					Septoglomus africanum | SO43BL	Septoglomus africanum | SO43BL	isolate
PX214615.1	Glomus tetrastratosum	Glomus	CW0020_4019A				From Att. 1672-8(7)	Glomus tetrastratosum | CW0020_4019A	Glomus tetrastratosum | CW0020_4019A	isolate
PX214616.1	Glomus tetrastratosum	Glomus	CW0020_4019A				From Att. 1672-8(7)	Glomus tetrastratosum | CW0020_4019A	Glomus tetrastratosum | CW0020_4019A	isolate
PX214617.1	Glomus tetrastratosum	Glomus	5105_2444A					Glomus tetrastratosum | 5105_2444A	Glomus tetrastratosum | 5105_2444A	isolate
PX214618.1	Glomus tetrastratosum	Glomus	4433_785B					Glomus tetrastratosum | 4433_785B	Glomus tetrastratosum | 4433_785B	isolate
PX214619.1	Glomus tetrastratosum	Glomus	SASK26_2406A					Glomus tetrastratosum | SASK26_2406A	Glomus tetrastratosum | SASK26_2406A	isolate
PX214620.1	Glomus tetrastratosum	Glomus	5105_2444A					Glomus tetrastratosum | 5105_2444A	Glomus tetrastratosum | 5105_2444A	isolate
PX214621.1	Glomus tetrastratosum	Glomus	CW0020_4019A				From Att. 1672-8(7)	Glomus tetrastratosum | CW0020_4019A	Glomus tetrastratosum | CW0020_4019A	isolate
PX214622.1	Glomus tetrastratosum	Glomus	5105_2444A					Glomus tetrastratosum | 5105_2444A	Glomus tetrastratosum | 5105_2444A	isolate
PX214623.1	Glomus tetrastratosum	Glomus	5105_2444A					Glomus tetrastratosum | 5105_2444A	Glomus tetrastratosum | 5105_2444A	isolate
PX214624.1	Glomus tetrastratosum	Glomus	5105_2444A					Glomus tetrastratosum | 5105_2444A	Glomus tetrastratosum | 5105_2444A	isolate
PX214625.1	Glomus tetrastratosum	Glomus	5105_2444A					Glomus tetrastratosum | 5105_2444A	Glomus tetrastratosum | 5105_2444A	isolate
PX214626.1	Glomus tetrastratosum	Glomus	4433_785B					Glomus tetrastratosum | 4433_785B	Glomus tetrastratosum | 4433_785B	isolate
PX214627.1	Glomus tetrastratosum	Glomus	4433_785B					Glomus tetrastratosum | 4433_785B	Glomus tetrastratosum | 4433_785B	isolate
PX214628.1	Glomus tetrastratosum	Glomus	4433_785B					Glomus tetrastratosum | 4433_785B	Glomus tetrastratosum | 4433_785B	isolate
PX214629.1	Glomus chinense	Glomus	4650_4654_2007C					Glomus chinense | 4650_4654_2007C	Glomus chinense | 4650_4654_2007C	isolate
PX214630.1	Glomus chinense	Glomus	4419_1047A					Glomus chinense | 4419_1047A	Glomus chinense | 4419_1047A	isolate
PX214631.1	Glomus chinense	Glomus	4419_1047A					Glomus chinense | 4419_1047A	Glomus chinense | 4419_1047A	isolate
PX214632.1	Glomus chinense	Glomus	4419_1047A					Glomus chinense | 4419_1047A	Glomus chinense | 4419_1047A	isolate
PX214633.1	Glomus chinense	Glomus	4419_1047A					Glomus chinense | 4419_1047A	Glomus chinense | 4419_1047A	isolate
PX214634.1	Glomus chinense	Glomus	4419_1047A					Glomus chinense | 4419_1047A	Glomus chinense | 4419_1047A	isolate
PX214635.1	Glomus chinense	Glomus	4419_1047A					Glomus chinense | 4419_1047A	Glomus chinense | 4419_1047A	isolate
PX214636.1	Glomus chinense	Glomus	4650_4654_2007C					Glomus chinense | 4650_4654_2007C	Glomus chinense | 4650_4654_2007C	isolate
PX214637.1	Glomus chinense	Glomus	4650_4654_2007C					Glomus chinense | 4650_4654_2007C	Glomus chinense | 4650_4654_2007C	isolate
PX214638.1	Glomus chinense	Glomus	4650_4654_2007C					Glomus chinense | 4650_4654_2007C	Glomus chinense | 4650_4654_2007C	isolate
PX214639.1	Glomus chinense	Glomus	4650_4654_2007C					Glomus chinense | 4650_4654_2007C	Glomus chinense | 4650_4654_2007C	isolate
PX214640.1	Glomus chinense	Glomus	4419_1047A					Glomus chinense | 4419_1047A	Glomus chinense | 4419_1047A	isolate
PX214641.1	Glomus chinense	Glomus	4419_1047A					Glomus chinense | 4419_1047A	Glomus chinense | 4419_1047A	isolate
PX214642.1	Glomus chinense	Glomus	4419_1047A					Glomus chinense | 4419_1047A	Glomus chinense | 4419_1047A	isolate
PX214643.1	Glomus chinense	Glomus	4650_4654_2007C					Glomus chinense | 4650_4654_2007C	Glomus chinense | 4650_4654_2007C	isolate
PX214644.1	Glomus chinense	Glomus	4419_1047A					Glomus chinense | 4419_1047A	Glomus chinense | 4419_1047A	isolate
PX214645.1	Glomus chinense	Glomus	4650_4654_2007C					Glomus chinense | 4650_4654_2007C	Glomus chinense | 4650_4654_2007C	isolate
PX214646.1	Glomus chinense	Glomus	4419_1047A					Glomus chinense | 4419_1047A	Glomus chinense | 4419_1047A	isolate
PX214647.1	Glomus chinense	Glomus	4419_1047A					Glomus chinense | 4419_1047A	Glomus chinense | 4419_1047A	isolate
PX214648.1	Glomus chinense	Glomus	4411_1096D					Glomus chinense | 4411_1096D	Glomus chinense | 4411_1096D	isolate
PX214649.1	Glomus chinense	Glomus	4411_1096D					Glomus chinense | 4411_1096D	Glomus chinense | 4411_1096D	isolate
PX214650.1	Glomus chinense	Glomus	4411_1096D					Glomus chinense | 4411_1096D	Glomus chinense | 4411_1096D	isolate
PX214651.1	Glomus chinense	Glomus	4411_1096D					Glomus chinense | 4411_1096D	Glomus chinense | 4411_1096D	isolate
PX214652.1	Glomus chinense	Glomus	4036_906B					Glomus chinense | 4036_906B	Glomus chinense | 4036_906B	isolate
PX214653.1	Glomus chinense	Glomus	4036_906B					Glomus chinense | 4036_906B	Glomus chinense | 4036_906B	isolate
PX214654.1	Glomus chinense	Glomus	4036_906B					Glomus chinense | 4036_906B	Glomus chinense | 4036_906B	isolate
PX214655.1	Glomus chinense	Glomus	4036_906B					Glomus chinense | 4036_906B	Glomus chinense | 4036_906B	isolate
PX214656.1	Glomus chinense	Glomus	4036_906B					Glomus chinense | 4036_906B	Glomus chinense | 4036_906B	isolate
PX214657.1	Glomus chinense	Glomus	4036_906B					Glomus chinense | 4036_906B	Glomus chinense | 4036_906B	isolate
PX214658.1	Glomus chinense	Glomus	4036_906B					Glomus chinense | 4036_906B	Glomus chinense | 4036_906B	isolate
PX214659.1	Glomus chinense	Glomus	4411_1096D					Glomus chinense | 4411_1096D	Glomus chinense | 4411_1096D	isolate
PX214660.1	Glomus chinense	Glomus	4036_906B					Glomus chinense | 4036_906B	Glomus chinense | 4036_906B	isolate
PX214661.1	Glomus chinense	Glomus	4036_906B					Glomus chinense | 4036_906B	Glomus chinense | 4036_906B	isolate
PX214662.1	Glomus chinense	Glomus	4419_1047A					Glomus chinense | 4419_1047A	Glomus chinense | 4419_1047A	isolate
PX214663.1	Glomus chinense	Glomus	4411_1096D					Glomus chinense | 4411_1096D	Glomus chinense | 4411_1096D	isolate
PX214664.1	Glomus macrocarpum	Glomus	W6285_2347C					Glomus macrocarpum | W6285_2347C	Glomus macrocarpum | W6285_2347C	isolate
PX214665.1	Glomus macrocarpum	Glomus	W6285_2347C					Glomus macrocarpum | W6285_2347C	Glomus macrocarpum | W6285_2347C	isolate
PX214666.1	Glomus macrocarpum	Glomus	W6285_2347C					Glomus macrocarpum | W6285_2347C	Glomus macrocarpum | W6285_2347C	isolate
PX214667.1	Glomus macrocarpum	Glomus	W6285_2347C					Glomus macrocarpum | W6285_2347C	Glomus macrocarpum | W6285_2347C	isolate
PX214668.1	Glomus macrocarpum	Glomus	W6285_2347C					Glomus macrocarpum | W6285_2347C	Glomus macrocarpum | W6285_2347C	isolate
PX214669.1	Glomus macrocarpum	Glomus	W6285_2347C					Glomus macrocarpum | W6285_2347C	Glomus macrocarpum | W6285_2347C	isolate
PX214670.1	Glomus macrocarpum	Glomus	W6285_2347C					Glomus macrocarpum | W6285_2347C	Glomus macrocarpum | W6285_2347C	isolate
PX214671.1	Glomus rugosae	Glomus	2101_IVT46					Glomus rugosae | 2101_IVT46	Glomus rugosae | 2101_IVT46	isolate
PX214672.1	Glomus rugosae	Glomus	2101_IVT46					Glomus rugosae | 2101_IVT46	Glomus rugosae | 2101_IVT46	isolate
PX214673.1	Glomus rugosae	Glomus	4420_683B					Glomus rugosae | 4420_683B	Glomus rugosae | 4420_683B	isolate
PX214674.1	Glomus rugosae	Glomus	4420_683B					Glomus rugosae | 4420_683B	Glomus rugosae | 4420_683B	isolate
PX214675.1	Glomus rugosae	Glomus	2101_IVT46					Glomus rugosae | 2101_IVT46	Glomus rugosae | 2101_IVT46	isolate
PX214676.1	Glomus rugosae	Glomus	2101_IVT46					Glomus rugosae | 2101_IVT46	Glomus rugosae | 2101_IVT46	isolate
PX214677.1	Glomus rugosae	Glomus	2101_IVT46					Glomus rugosae | 2101_IVT46	Glomus rugosae | 2101_IVT46	isolate
PX214678.1	Glomus rugosae	Glomus	4420_683B					Glomus rugosae | 4420_683B	Glomus rugosae | 4420_683B	isolate
PX214679.1	Glomus rugosae	Glomus	4431_805C					Glomus rugosae | 4431_805C	Glomus rugosae | 4431_805C	isolate
PX214680.1	Glomus rugosae	Glomus	2101_IVT46					Glomus rugosae | 2101_IVT46	Glomus rugosae | 2101_IVT46	isolate
PX214681.1	Glomus rugosae	Glomus	2101_IVT46					Glomus rugosae | 2101_IVT46	Glomus rugosae | 2101_IVT46	isolate
PX214682.1	Glomus rugosae	Glomus	2101_IVT46					Glomus rugosae | 2101_IVT46	Glomus rugosae | 2101_IVT46	isolate
PX214683.1	Glomus rugosae	Glomus	2101_IVT46					Glomus rugosae | 2101_IVT46	Glomus rugosae | 2101_IVT46	isolate
PX214684.1	Glomus rugosae	Glomus	4417_1160C					Glomus rugosae | 4417_1160C	Glomus rugosae | 4417_1160C	isolate
PX214685.1	Glomus rugosae	Glomus	4384_IVT98					Glomus rugosae | 4384_IVT98	Glomus rugosae | 4384_IVT98	isolate
PX214686.1	Glomus rugosae	Glomus	4431_805C					Glomus rugosae | 4431_805C	Glomus rugosae | 4431_805C	isolate
PX214687.1	Glomus rugosae	Glomus	4415_1174B					Glomus rugosae | 4415_1174B	Glomus rugosae | 4415_1174B	isolate
PX214688.1	Glomus rugosae	Glomus	4431_805C					Glomus rugosae | 4431_805C	Glomus rugosae | 4431_805C	isolate
PX214689.1	Glomus rugosae	Glomus	4431_805C					Glomus rugosae | 4431_805C	Glomus rugosae | 4431_805C	isolate
PX214690.1	Glomus rugosae	Glomus	4431_805C					Glomus rugosae | 4431_805C	Glomus rugosae | 4431_805C	isolate
PX214691.1	Glomus rugosae	Glomus	4431_805C					Glomus rugosae | 4431_805C	Glomus rugosae | 4431_805C	isolate
PX214692.1	Glomus rugosae	Glomus	4417_1160C					Glomus rugosae | 4417_1160C	Glomus rugosae | 4417_1160C	isolate
PX214693.1	Glomus rugosae	Glomus	4415_1174B					Glomus rugosae | 4415_1174B	Glomus rugosae | 4415_1174B	isolate
PX214694.1	Glomus rugosae	Glomus	4417_1160C					Glomus rugosae | 4417_1160C	Glomus rugosae | 4417_1160C	isolate
PX214695.1	Glomus rugosae	Glomus	4384_IVT98					Glomus rugosae | 4384_IVT98	Glomus rugosae | 4384_IVT98	isolate
PX214696.1	Glomus rugosae	Glomus	4431_805C					Glomus rugosae | 4431_805C	Glomus rugosae | 4431_805C	isolate
PX214697.1	Glomus rugosae	Glomus	4415_1174B					Glomus rugosae | 4415_1174B	Glomus rugosae | 4415_1174B	isolate
PX214698.1	Glomus rugosae	Glomus	4417_1160C					Glomus rugosae | 4417_1160C	Glomus rugosae | 4417_1160C	isolate
PX214699.1	Glomus rugosae	Glomus	4417_1160C					Glomus rugosae | 4417_1160C	Glomus rugosae | 4417_1160C	isolate
PX214700.1	Glomus rugosae	Glomus	4431_805C					Glomus rugosae | 4431_805C	Glomus rugosae | 4431_805C	isolate
PX214701.1	Glomus rugosae	Glomus	4431_805C					Glomus rugosae | 4431_805C	Glomus rugosae | 4431_805C	isolate
PX214702.1	Glomus rugosae	Glomus	4384_IVT98					Glomus rugosae | 4384_IVT98	Glomus rugosae | 4384_IVT98	isolate
PX214703.1	Glomus rugosae	Glomus	4417_1160C					Glomus rugosae | 4417_1160C	Glomus rugosae | 4417_1160C	isolate
PX214704.1	Glomus rugosae	Glomus	4384_IVT98					Glomus rugosae | 4384_IVT98	Glomus rugosae | 4384_IVT98	isolate
PX214705.1	Glomus rugosae	Glomus	4431_805C					Glomus rugosae | 4431_805C	Glomus rugosae | 4431_805C	isolate
PX214706.1	Glomus rugosae	Glomus	4415_1174B					Glomus rugosae | 4415_1174B	Glomus rugosae | 4415_1174B	isolate
PX214707.1	Glomus rugosae	Glomus	4417_1160C					Glomus rugosae | 4417_1160C	Glomus rugosae | 4417_1160C	isolate
PX214708.1	Glomus rugosae	Glomus	4384_IVT98					Glomus rugosae | 4384_IVT98	Glomus rugosae | 4384_IVT98	isolate
PX214709.1	Glomus rugosae	Glomus	4417_1160C					Glomus rugosae | 4417_1160C	Glomus rugosae | 4417_1160C	isolate
PX214710.1	Glomus rugosae	Glomus	4417_1160C					Glomus rugosae | 4417_1160C	Glomus rugosae | 4417_1160C	isolate
PX214711.1	Glomus rugosae	Glomus	4431_805C					Glomus rugosae | 4431_805C	Glomus rugosae | 4431_805C	isolate
PX214712.1	Glomus rugosae	Glomus	4384_IVT98					Glomus rugosae | 4384_IVT98	Glomus rugosae | 4384_IVT98	isolate
PX214713.1	Glomus rugosae	Glomus	4384_IVT98					Glomus rugosae | 4384_IVT98	Glomus rugosae | 4384_IVT98	isolate
PX214714.1	Glomus rugosae	Glomus	4431_805C					Glomus rugosae | 4431_805C	Glomus rugosae | 4431_805C	isolate
PX214715.1	Glomus rugosae	Glomus	4420_683B					Glomus rugosae | 4420_683B	Glomus rugosae | 4420_683B	isolate
PX214716.1	Glomus rugosae	Glomus	4420_683B					Glomus rugosae | 4420_683B	Glomus rugosae | 4420_683B	isolate
PX214717.1	Glomus rugosae	Glomus	4431_805C					Glomus rugosae | 4431_805C	Glomus rugosae | 4431_805C	isolate
PX214718.1	Glomus rugosae	Glomus	4420_683B					Glomus rugosae | 4420_683B	Glomus rugosae | 4420_683B	isolate
PX214719.1	Glomus rugosae	Glomus	4420_683B					Glomus rugosae | 4420_683B	Glomus rugosae | 4420_683B	isolate
PX214720.1	Glomus rugosae	Glomus	4431_805C					Glomus rugosae | 4431_805C	Glomus rugosae | 4431_805C	isolate
PX214721.1	Glomus rugosae	Glomus	4420_683B					Glomus rugosae | 4420_683B	Glomus rugosae | 4420_683B	isolate
PX214722.1	Glomus rugosae	Glomus	4420_683B					Glomus rugosae | 4420_683B	Glomus rugosae | 4420_683B	isolate
PX214723.1	Glomus rugosae	Glomus	4420_683B					Glomus rugosae | 4420_683B	Glomus rugosae | 4420_683B	isolate
PX214724.1	Glomus rugosae	Glomus	4431_805C					Glomus rugosae | 4431_805C	Glomus rugosae | 4431_805C	isolate
PX214725.1	Glomus rugosae	Glomus	4431_805C					Glomus rugosae | 4431_805C	Glomus rugosae | 4431_805C	isolate
PX214726.1	Glomus rugosae	Glomus	4420_683B					Glomus rugosae | 4420_683B	Glomus rugosae | 4420_683B	isolate
PX214727.1	Glomus rugosae	Glomus	2101_IVT46					Glomus rugosae | 2101_IVT46	Glomus rugosae | 2101_IVT46	isolate
PX214728.1	Glomus rugosae	Glomus	2101_IVT46					Glomus rugosae | 2101_IVT46	Glomus rugosae | 2101_IVT46	isolate
PX214729.1	Glomus rugosae	Glomus	4384_IVT98					Glomus rugosae | 4384_IVT98	Glomus rugosae | 4384_IVT98	isolate
PX214730.1	Glomus rugosae	Glomus	4384_IVT98					Glomus rugosae | 4384_IVT98	Glomus rugosae | 4384_IVT98	isolate
PX214731.1	Glomus rugosae	Glomus	2101_IVT46					Glomus rugosae | 2101_IVT46	Glomus rugosae | 2101_IVT46	isolate
PX214732.1	Glomus rugosae	Glomus	2101_IVT46					Glomus rugosae | 2101_IVT46	Glomus rugosae | 2101_IVT46	isolate
PX214733.1	Glomus rugosae	Glomus	2101_IVT46					Glomus rugosae | 2101_IVT46	Glomus rugosae | 2101_IVT46	isolate
PX214734.1	Glomus rugosae	Glomus	4420_683B					Glomus rugosae | 4420_683B	Glomus rugosae | 4420_683B	isolate
PX214735.1	Glomus rugosae	Glomus	5103_2445A					Glomus rugosae | 5103_2445A	Glomus rugosae | 5103_2445A	isolate
PX214736.1	Glomus rugosae	Glomus	5096_2452A					Glomus rugosae | 5096_2452A	Glomus rugosae | 5096_2452A	isolate
PX214737.1	Glomus rugosae	Glomus	5103_2445A					Glomus rugosae | 5103_2445A	Glomus rugosae | 5103_2445A	isolate
PX214738.1	Glomus rugosae	Glomus	5096_2452A					Glomus rugosae | 5096_2452A	Glomus rugosae | 5096_2452A	isolate
PX214739.1	Glomus rugosae	Glomus	5103_2445A					Glomus rugosae | 5103_2445A	Glomus rugosae | 5103_2445A	isolate
PX214740.1	Glomus rugosae	Glomus	5096_2452A					Glomus rugosae | 5096_2452A	Glomus rugosae | 5096_2452A	isolate
PX214741.1	Glomus rugosae	Glomus	5096_2452A					Glomus rugosae | 5096_2452A	Glomus rugosae | 5096_2452A	isolate
PX214742.1	Glomus rugosae	Glomus	5103_2445A					Glomus rugosae | 5103_2445A	Glomus rugosae | 5103_2445A	isolate
PX214743.1	Glomus rugosae	Glomus	2101_IVT46					Glomus rugosae | 2101_IVT46	Glomus rugosae | 2101_IVT46	isolate
PX214744.1	Glomus rugosae	Glomus	2101_IVT46					Glomus rugosae | 2101_IVT46	Glomus rugosae | 2101_IVT46	isolate
PX214745.1	Glomus rugosae	Glomus	4487_957C					Glomus rugosae | 4487_957C	Glomus rugosae | 4487_957C	isolate
PX214746.1	Dominikia duoreactiva	Dominikia	4412					Dominikia duoreactiva | 4412	Dominikia duoreactiva | 4412	isolate
PX214747.1	Dominikia duoreactiva	Dominikia	4392_1156C					Dominikia duoreactiva | 4392_1156C	Dominikia duoreactiva | 4392_1156C	isolate
PX214748.1	Dominikia duoreactiva	Dominikia	4412					Dominikia duoreactiva | 4412	Dominikia duoreactiva | 4412	isolate
PX214749.1	Dominikia duoreactiva	Dominikia	4392_1156C					Dominikia duoreactiva | 4392_1156C	Dominikia duoreactiva | 4392_1156C	isolate
PX214750.1	Dominikia duoreactiva	Dominikia	4412					Dominikia duoreactiva | 4412	Dominikia duoreactiva | 4412	isolate
PX214751.1	Dominikia duoreactiva	Dominikia	4392_1156C					Dominikia duoreactiva | 4392_1156C	Dominikia duoreactiva | 4392_1156C	isolate
PX214752.1	Dominikia duoreactiva	Dominikia	4412					Dominikia duoreactiva | 4412	Dominikia duoreactiva | 4412	isolate
PX214753.1	Dominikia duoreactiva	Dominikia	4392_1156C					Dominikia duoreactiva | 4392_1156C	Dominikia duoreactiva | 4392_1156C	isolate
PX214754.1	Dominikia duoreactiva	Dominikia	4412					Dominikia duoreactiva | 4412	Dominikia duoreactiva | 4412	isolate
PX214755.1	Dominikia bonfanteae	Dominikia	4351_1077A					Dominikia bonfanteae | 4351_1077A	Dominikia bonfanteae | 4351_1077A	isolate
PX214756.1	Dominikia bonfanteae	Dominikia	4351_1077A					Dominikia bonfanteae | 4351_1077A	Dominikia bonfanteae | 4351_1077A	isolate
PX214757.1	Dominikia bonfanteae	Dominikia	4351_1077A					Dominikia bonfanteae | 4351_1077A	Dominikia bonfanteae | 4351_1077A	isolate
PX214758.1	Dominikia bonfanteae	Dominikia	C10660_2264B					Dominikia bonfanteae | C10660_2264B	Dominikia bonfanteae | C10660_2264B	isolate
PX214759.1	Dominikia bonfanteae	Dominikia	C10660_2264B					Dominikia bonfanteae | C10660_2264B	Dominikia bonfanteae | C10660_2264B	isolate
PX214760.1	Dominikia bonfanteae	Dominikia	C10660_2264B					Dominikia bonfanteae | C10660_2264B	Dominikia bonfanteae | C10660_2264B	isolate
PX214761.1	Microdominikia litorea	Microdominikia	3647_963E					Microdominikia litorea | 3647_963E	Microdominikia litorea | 3647_963E	isolate
PX214762.1	Microdominikia litorea	Microdominikia	3647_963E					Microdominikia litorea | 3647_963E	Microdominikia litorea | 3647_963E	isolate
PX214763.1	Microdominikia litorea	Microdominikia	3647_963E					Microdominikia litorea | 3647_963E	Microdominikia litorea | 3647_963E	isolate
PX214764.1	Microdominikia litorea	Microdominikia	3647_963E					Microdominikia litorea | 3647_963E	Microdominikia litorea | 3647_963E	isolate
PX214765.1	Microdominikia litorea	Microdominikia	3647_963E					Microdominikia litorea | 3647_963E	Microdominikia litorea | 3647_963E	isolate
PX214766.1	Microdominikia litorea	Microdominikia	3647_963E					Microdominikia litorea | 3647_963E	Microdominikia litorea | 3647_963E	isolate
PX214767.1	Microdominikia litorea	Microdominikia	3647_963E					Microdominikia litorea | 3647_963E	Microdominikia litorea | 3647_963E	isolate
PX214768.1	Microdominikia litorea	Microdominikia	5274					Microdominikia litorea | 5274	Microdominikia litorea | 5274	isolate
PX214769.1	Microdominikia litorea	Microdominikia	5274					Microdominikia litorea | 5274	Microdominikia litorea | 5274	isolate
PX214770.1	Microdominikia litorea	Microdominikia	5274					Microdominikia litorea | 5274	Microdominikia litorea | 5274	isolate
PX214771.1	Microdominikia litorea	Microdominikia	5274					Microdominikia litorea | 5274	Microdominikia litorea | 5274	isolate
PX214772.1	Microdominikia litorea	Microdominikia	5274					Microdominikia litorea | 5274	Microdominikia litorea | 5274	isolate
PX214773.1	Glomus sp.	Glomus	4406					Glomus sp. | 4406	Glomus sp. | 4406	isolate
PX214774.1	Glomus sp.	Glomus	5089_2351A					Glomus sp. | 5089_2351A	Glomus sp. | 5089_2351A	isolate
PX214775.1	Glomus sp.	Glomus	5089_2351A					Glomus sp. | 5089_2351A	Glomus sp. | 5089_2351A	isolate
PX214776.1	Rhizophagus irregularis	Rhizophagus	4569_1185B					Rhizophagus irregularis | 4569_1185B	Rhizophagus irregularis | 4569_1185B	isolate
PX214777.1	Rhizophagus irregularis	Rhizophagus	4375_IVT88A					Rhizophagus irregularis | 4375_IVT88A	Rhizophagus irregularis | 4375_IVT88A	isolate
PX214778.1	Rhizophagus irregularis	Rhizophagus	4341_IVT72A					Rhizophagus irregularis | 4341_IVT72A	Rhizophagus irregularis | 4341_IVT72A	isolate
PX214779.1	Rhizophagus irregularis	Rhizophagus	4348_IVT77A					Rhizophagus irregularis | 4348_IVT77A	Rhizophagus irregularis | 4348_IVT77A	isolate
PX214780.1	Rhizophagus irregularis	Rhizophagus	4674_1184D					Rhizophagus irregularis | 4674_1184D	Rhizophagus irregularis | 4674_1184D	isolate
PX214781.1	Rhizophagus irregularis	Rhizophagus	4292_708C					Rhizophagus irregularis | 4292_708C	Rhizophagus irregularis | 4292_708C	isolate
PX214782.1	Rhizophagus irregularis	Rhizophagus	4375_IVT88A					Rhizophagus irregularis | 4375_IVT88A	Rhizophagus irregularis | 4375_IVT88A	isolate
PX214783.1	Rhizophagus irregularis	Rhizophagus	T3_IVT34A					Rhizophagus irregularis | T3_IVT34A	Rhizophagus irregularis | T3_IVT34A	isolate
PX214784.1	Rhizophagus irregularis	Rhizophagus	CC4_4A_IVT7A					Rhizophagus irregularis | CC4_4A_IVT7A	Rhizophagus irregularis | CC4_4A_IVT7A	isolate
PX214785.1	Rhizophagus irregularis	Rhizophagus	4569_1185B					Rhizophagus irregularis | 4569_1185B	Rhizophagus irregularis | 4569_1185B	isolate
PX214786.1	Rhizophagus irregularis	Rhizophagus	4375_IVT88A					Rhizophagus irregularis | 4375_IVT88A	Rhizophagus irregularis | 4375_IVT88A	isolate
PX214787.1	Rhizophagus irregularis	Rhizophagus	4375_IVT88A					Rhizophagus irregularis | 4375_IVT88A	Rhizophagus irregularis | 4375_IVT88A	isolate
PX214788.1	Rhizophagus irregularis	Rhizophagus	4341_IVT72A					Rhizophagus irregularis | 4341_IVT72A	Rhizophagus irregularis | 4341_IVT72A	isolate
PX214789.1	Rhizophagus irregularis	Rhizophagus	4348_IVT77A					Rhizophagus irregularis | 4348_IVT77A	Rhizophagus irregularis | 4348_IVT77A	isolate
PX214790.1	Rhizophagus irregularis	Rhizophagus	4674_1184D					Rhizophagus irregularis | 4674_1184D	Rhizophagus irregularis | 4674_1184D	isolate
PX214791.1	Rhizophagus irregularis	Rhizophagus	4292_708C					Rhizophagus irregularis | 4292_708C	Rhizophagus irregularis | 4292_708C	isolate
PX214792.1	Rhizophagus irregularis	Rhizophagus	4341_IVT72A					Rhizophagus irregularis | 4341_IVT72A	Rhizophagus irregularis | 4341_IVT72A	isolate
PX214793.1	Rhizophagus irregularis	Rhizophagus	4348_IVT77A					Rhizophagus irregularis | 4348_IVT77A	Rhizophagus irregularis | 4348_IVT77A	isolate
PX214794.1	Rhizophagus irregularis	Rhizophagus	4674_1184D					Rhizophagus irregularis | 4674_1184D	Rhizophagus irregularis | 4674_1184D	isolate
PX214795.1	Rhizophagus irregularis	Rhizophagus	4292_708C					Rhizophagus irregularis | 4292_708C	Rhizophagus irregularis | 4292_708C	isolate
PX214796.1	Rhizophagus irregularis	Rhizophagus	T3_IVT34A					Rhizophagus irregularis | T3_IVT34A	Rhizophagus irregularis | T3_IVT34A	isolate
PX214797.1	Rhizophagus irregularis	Rhizophagus	CC4_4A_IVT7A					Rhizophagus irregularis | CC4_4A_IVT7A	Rhizophagus irregularis | CC4_4A_IVT7A	isolate
PX214798.1	Rhizophagus irregularis	Rhizophagus	CC4_4A_IVT7A					Rhizophagus irregularis | CC4_4A_IVT7A	Rhizophagus irregularis | CC4_4A_IVT7A	isolate
PX214799.1	Rhizophagus irregularis	Rhizophagus	4375_IVT88A					Rhizophagus irregularis | 4375_IVT88A	Rhizophagus irregularis | 4375_IVT88A	isolate
PX214800.1	Rhizophagus irregularis	Rhizophagus	4375_IVT88A					Rhizophagus irregularis | 4375_IVT88A	Rhizophagus irregularis | 4375_IVT88A	isolate
PX214801.1	Rhizophagus irregularis	Rhizophagus	4375_IVT88A					Rhizophagus irregularis | 4375_IVT88A	Rhizophagus irregularis | 4375_IVT88A	isolate
PX214802.1	Rhizophagus irregularis	Rhizophagus	4375_IVT88A					Rhizophagus irregularis | 4375_IVT88A	Rhizophagus irregularis | 4375_IVT88A	isolate
PX214803.1	Rhizophagus irregularis	Rhizophagus	4674_1184D					Rhizophagus irregularis | 4674_1184D	Rhizophagus irregularis | 4674_1184D	isolate
PX214804.1	Rhizophagus irregularis	Rhizophagus	T3_IVT34A					Rhizophagus irregularis | T3_IVT34A	Rhizophagus irregularis | T3_IVT34A	isolate
PX214805.1	Rhizophagus irregularis	Rhizophagus	CC4_4A_IVT7A					Rhizophagus irregularis | CC4_4A_IVT7A	Rhizophagus irregularis | CC4_4A_IVT7A	isolate
PX214806.1	Rhizophagus irregularis	Rhizophagus	T3_IVT34A					Rhizophagus irregularis | T3_IVT34A	Rhizophagus irregularis | T3_IVT34A	isolate
PX214807.1	Rhizophagus irregularis	Rhizophagus	4375_IVT88A					Rhizophagus irregularis | 4375_IVT88A	Rhizophagus irregularis | 4375_IVT88A	isolate
PX214808.1	Rhizophagus irregularis	Rhizophagus	4341_IVT72A					Rhizophagus irregularis | 4341_IVT72A	Rhizophagus irregularis | 4341_IVT72A	isolate
PX214809.1	Rhizophagus irregularis	Rhizophagus	4348_IVT77A					Rhizophagus irregularis | 4348_IVT77A	Rhizophagus irregularis | 4348_IVT77A	isolate
PX214810.1	Rhizophagus irregularis	Rhizophagus	4375_IVT88A					Rhizophagus irregularis | 4375_IVT88A	Rhizophagus irregularis | 4375_IVT88A	isolate
PX214811.1	Rhizophagus irregularis	Rhizophagus	4674_1184D					Rhizophagus irregularis | 4674_1184D	Rhizophagus irregularis | 4674_1184D	isolate
PX214812.1	Rhizophagus irregularis	Rhizophagus	4292_708C					Rhizophagus irregularis | 4292_708C	Rhizophagus irregularis | 4292_708C	isolate
PX214813.1	Rhizophagus irregularis	Rhizophagus	SD1_IVT29A					Rhizophagus irregularis | SD1_IVT29A	Rhizophagus irregularis | SD1_IVT29A	isolate
PX214814.1	Rhizophagus irregularis	Rhizophagus	SD1_IVT29A					Rhizophagus irregularis | SD1_IVT29A	Rhizophagus irregularis | SD1_IVT29A	isolate
PX214815.1	Rhizophagus irregularis	Rhizophagus	SD1_IVT29A					Rhizophagus irregularis | SD1_IVT29A	Rhizophagus irregularis | SD1_IVT29A	isolate
PX214816.1	Rhizophagus sp. (in: glomeromycetes)	Rhizophagus	212607_IVT70A					Rhizophagus sp. (in: glomeromycetes) | 212607_IVT70A	Rhizophagus sp. (in: glomeromycetes) | 212607_IVT70A	isolate
PX214817.1	Rhizophagus irregularis	Rhizophagus	SD1_IVT29A					Rhizophagus irregularis | SD1_IVT29A	Rhizophagus irregularis | SD1_IVT29A	isolate
PX214818.1	[Rhizoglomus] vesiculiferum	Rhizoglomus	3029_660C					[Rhizoglomus] vesiculiferum | 3029_660C	[Rhizoglomus] vesiculiferum | 3029_660C	isolate
PX214819.1	[Rhizoglomus] vesiculiferum	Rhizoglomus	4374_IVT87A					[Rhizoglomus] vesiculiferum | 4374_IVT87A	[Rhizoglomus] vesiculiferum | 4374_IVT87A	isolate
PX214820.1	[Rhizoglomus] vesiculiferum	Rhizoglomus	4374_IVT87A					[Rhizoglomus] vesiculiferum | 4374_IVT87A	[Rhizoglomus] vesiculiferum | 4374_IVT87A	isolate
PX214821.1	[Rhizoglomus] vesiculiferum	Rhizoglomus	Gwalkeri_IVT132A					[Rhizoglomus] vesiculiferum | Gwalkeri_IVT132A	[Rhizoglomus] vesiculiferum | Gwalkeri_IVT132A	isolate
PX214822.1	[Rhizoglomus] vesiculiferum	Rhizoglomus	Gwalkeri_IVT132A					[Rhizoglomus] vesiculiferum | Gwalkeri_IVT132A	[Rhizoglomus] vesiculiferum | Gwalkeri_IVT132A	isolate
PX214823.1	[Rhizoglomus] vesiculiferum	Rhizoglomus	Gwalkeri_IVT132A					[Rhizoglomus] vesiculiferum | Gwalkeri_IVT132A	[Rhizoglomus] vesiculiferum | Gwalkeri_IVT132A	isolate
PX214824.1	[Rhizoglomus] vesiculiferum	Rhizoglomus	Gwalkeri_IVT132A					[Rhizoglomus] vesiculiferum | Gwalkeri_IVT132A	[Rhizoglomus] vesiculiferum | Gwalkeri_IVT132A	isolate
PX214825.1	[Rhizoglomus] vesiculiferum	Rhizoglomus	5074_2353A					[Rhizoglomus] vesiculiferum | 5074_2353A	[Rhizoglomus] vesiculiferum | 5074_2353A	isolate
PX214826.1	[Rhizoglomus] vesiculiferum	Rhizoglomus	5074_2353A					[Rhizoglomus] vesiculiferum | 5074_2353A	[Rhizoglomus] vesiculiferum | 5074_2353A	isolate
PX214827.1	[Rhizoglomus] vesiculiferum	Rhizoglomus	3628_IVT65A					[Rhizoglomus] vesiculiferum | 3628_IVT65A	[Rhizoglomus] vesiculiferum | 3628_IVT65A	isolate
PX214828.1	[Rhizoglomus] vesiculiferum	Rhizoglomus	3628_IVT65A					[Rhizoglomus] vesiculiferum | 3628_IVT65A	[Rhizoglomus] vesiculiferum | 3628_IVT65A	isolate
PX214829.1	[Rhizoglomus] vesiculiferum	Rhizoglomus	4086_IVT68A					[Rhizoglomus] vesiculiferum | 4086_IVT68A	[Rhizoglomus] vesiculiferum | 4086_IVT68A	isolate
PX214830.1	[Rhizoglomus] vesiculiferum	Rhizoglomus	3628_IVT65A					[Rhizoglomus] vesiculiferum | 3628_IVT65A	[Rhizoglomus] vesiculiferum | 3628_IVT65A	isolate
PX214831.1	[Rhizoglomus] vesiculiferum	Rhizoglomus	3628_IVT65A					[Rhizoglomus] vesiculiferum | 3628_IVT65A	[Rhizoglomus] vesiculiferum | 3628_IVT65A	isolate
PX214832.1	[Rhizoglomus] vesiculiferum	Rhizoglomus	4086_IVT68A					[Rhizoglomus] vesiculiferum | 4086_IVT68A	[Rhizoglomus] vesiculiferum | 4086_IVT68A	isolate
PX214833.1	[Rhizoglomus] vesiculiferum	Rhizoglomus	4369_IVT81A					[Rhizoglomus] vesiculiferum | 4369_IVT81A	[Rhizoglomus] vesiculiferum | 4369_IVT81A	isolate
PX214834.1	[Rhizoglomus] vesiculiferum	Rhizoglomus	4369_IVT81A					[Rhizoglomus] vesiculiferum | 4369_IVT81A	[Rhizoglomus] vesiculiferum | 4369_IVT81A	isolate
PX214835.1	[Rhizoglomus] vesiculiferum	Rhizoglomus	3628_IVT65A					[Rhizoglomus] vesiculiferum | 3628_IVT65A	[Rhizoglomus] vesiculiferum | 3628_IVT65A	isolate
PX214836.1	[Rhizoglomus] vesiculiferum	Rhizoglomus	4374_IVT87A					[Rhizoglomus] vesiculiferum | 4374_IVT87A	[Rhizoglomus] vesiculiferum | 4374_IVT87A	isolate
PX214837.1	[Rhizoglomus] vesiculiferum	Rhizoglomus	5074_2353A					[Rhizoglomus] vesiculiferum | 5074_2353A	[Rhizoglomus] vesiculiferum | 5074_2353A	isolate
PX214838.1	[Rhizoglomus] vesiculiferum	Rhizoglomus	Gwalkeri_IVT132A					[Rhizoglomus] vesiculiferum | Gwalkeri_IVT132A	[Rhizoglomus] vesiculiferum | Gwalkeri_IVT132A	isolate
PX214839.1	[Rhizoglomus] vesiculiferum	Rhizoglomus	212939_IVT38A					[Rhizoglomus] vesiculiferum | 212939_IVT38A	[Rhizoglomus] vesiculiferum | 212939_IVT38A	isolate
PX214840.1	[Rhizoglomus] vesiculiferum	Rhizoglomus	3628_IVT65A					[Rhizoglomus] vesiculiferum | 3628_IVT65A	[Rhizoglomus] vesiculiferum | 3628_IVT65A	isolate
PX214841.1	Rhizophagus irregularis	Rhizophagus	4292_708C					Rhizophagus irregularis | 4292_708C	Rhizophagus irregularis | 4292_708C	isolate
PX214842.1	[Rhizoglomus] vesiculiferum	Rhizoglomus	5074_2353A					[Rhizoglomus] vesiculiferum | 5074_2353A	[Rhizoglomus] vesiculiferum | 5074_2353A	isolate
PX214843.1	[Rhizoglomus] vesiculiferum	Rhizoglomus	212939_IVT38A					[Rhizoglomus] vesiculiferum | 212939_IVT38A	[Rhizoglomus] vesiculiferum | 212939_IVT38A	isolate
PX214844.1	[Rhizoglomus] vesiculiferum	Rhizoglomus	4086_IVT68A					[Rhizoglomus] vesiculiferum | 4086_IVT68A	[Rhizoglomus] vesiculiferum | 4086_IVT68A	isolate
PX214845.1	[Rhizoglomus] vesiculiferum	Rhizoglomus	Gwalkeri_IVT132A					[Rhizoglomus] vesiculiferum | Gwalkeri_IVT132A	[Rhizoglomus] vesiculiferum | Gwalkeri_IVT132A	isolate
PX214846.1	[Rhizoglomus] vesiculiferum	Rhizoglomus	Gwalkeri_IVT132A					[Rhizoglomus] vesiculiferum | Gwalkeri_IVT132A	[Rhizoglomus] vesiculiferum | Gwalkeri_IVT132A	isolate
PX214847.1	[Rhizoglomus] vesiculiferum	Rhizoglomus	5074_2353A					[Rhizoglomus] vesiculiferum | 5074_2353A	[Rhizoglomus] vesiculiferum | 5074_2353A	isolate
PX214848.1	[Rhizoglomus] vesiculiferum	Rhizoglomus	5074_2353A					[Rhizoglomus] vesiculiferum | 5074_2353A	[Rhizoglomus] vesiculiferum | 5074_2353A	isolate
PX214849.1	[Rhizoglomus] vesiculiferum	Rhizoglomus	212939_IVT38A					[Rhizoglomus] vesiculiferum | 212939_IVT38A	[Rhizoglomus] vesiculiferum | 212939_IVT38A	isolate
PX214850.1	[Rhizoglomus] vesiculiferum	Rhizoglomus	212939_IVT38A					[Rhizoglomus] vesiculiferum | 212939_IVT38A	[Rhizoglomus] vesiculiferum | 212939_IVT38A	isolate
PX214851.1	[Rhizoglomus] vesiculiferum	Rhizoglomus	212939_IVT38A					[Rhizoglomus] vesiculiferum | 212939_IVT38A	[Rhizoglomus] vesiculiferum | 212939_IVT38A	isolate
PX214852.1	[Rhizoglomus] vesiculiferum	Rhizoglomus	212939_IVT38A					[Rhizoglomus] vesiculiferum | 212939_IVT38A	[Rhizoglomus] vesiculiferum | 212939_IVT38A	isolate
PX214853.1	[Rhizoglomus] vesiculiferum	Rhizoglomus	212939_IVT38A					[Rhizoglomus] vesiculiferum | 212939_IVT38A	[Rhizoglomus] vesiculiferum | 212939_IVT38A	isolate
PX214854.1	[Rhizoglomus] vesiculiferum	Rhizoglomus	3628_IVT65A					[Rhizoglomus] vesiculiferum | 3628_IVT65A	[Rhizoglomus] vesiculiferum | 3628_IVT65A	isolate
PX214855.1	[Rhizoglomus] vesiculiferum	Rhizoglomus	Gwalkeri_IVT132A					[Rhizoglomus] vesiculiferum | Gwalkeri_IVT132A	[Rhizoglomus] vesiculiferum | Gwalkeri_IVT132A	isolate
PX214856.1	Rhizophagus silesianus	Rhizophagus	ECU32_IVT8A					Rhizophagus silesianus | ECU32_IVT8A	Rhizophagus silesianus | ECU32_IVT8A	isolate
PX214857.1	Rhizophagus silesianus	Rhizophagus	ECU32_IVT8A					Rhizophagus silesianus | ECU32_IVT8A	Rhizophagus silesianus | ECU32_IVT8A	isolate
PX214858.1	Rhizophagus silesianus	Rhizophagus	3628_206A					Rhizophagus silesianus | 3628_206A	Rhizophagus silesianus | 3628_206A	isolate
PX214859.1	Rhizophagus silesianus	Rhizophagus	3628_206A					Rhizophagus silesianus | 3628_206A	Rhizophagus silesianus | 3628_206A	isolate
PX214860.1	Rhizophagus silesianus	Rhizophagus	ECU32_IVT8A					Rhizophagus silesianus | ECU32_IVT8A	Rhizophagus silesianus | ECU32_IVT8A	isolate
PX214861.1	Rhizophagus silesianus	Rhizophagus	ECU32_IVT8A					Rhizophagus silesianus | ECU32_IVT8A	Rhizophagus silesianus | ECU32_IVT8A	isolate
PX214862.1	Rhizophagus silesianus	Rhizophagus	ECU32_IVT8A					Rhizophagus silesianus | ECU32_IVT8A	Rhizophagus silesianus | ECU32_IVT8A	isolate
PX214863.1	Rhizophagus silesianus	Rhizophagus	ECU32_IVT8A					Rhizophagus silesianus | ECU32_IVT8A	Rhizophagus silesianus | ECU32_IVT8A	isolate
PX214864.1	Rhizophagus silesianus	Rhizophagus	ECU32_IVT8A					Rhizophagus silesianus | ECU32_IVT8A	Rhizophagus silesianus | ECU32_IVT8A	isolate
PX214865.1	Rhizophagus silesianus	Rhizophagus	3628_206A					Rhizophagus silesianus | 3628_206A	Rhizophagus silesianus | 3628_206A	isolate
PX214866.1	Rhizophagus intraradices	Rhizophagus	FL208_553A					Rhizophagus intraradices | FL208_553A	Rhizophagus intraradices | FL208_553A	isolate
PX214867.1	Rhizophagus intraradices	Rhizophagus	KS906_IVT22A					Rhizophagus intraradices | KS906_IVT22A	Rhizophagus intraradices | KS906_IVT22A	isolate
PX214868.1	Rhizophagus intraradices	Rhizophagus	FL208_553A					Rhizophagus intraradices | FL208_553A	Rhizophagus intraradices | FL208_553A	isolate
PX214869.1	Rhizophagus intraradices	Rhizophagus	FL208_553A					Rhizophagus intraradices | FL208_553A	Rhizophagus intraradices | FL208_553A	isolate
PX214870.1	Rhizophagus intraradices	Rhizophagus	FL208_553A					Rhizophagus intraradices | FL208_553A	Rhizophagus intraradices | FL208_553A	isolate
PX214871.1	Rhizophagus sp. (in: glomeromycetes)	Rhizophagus	212607_IVT70A					Rhizophagus sp. (in: glomeromycetes) | 212607_IVT70A	Rhizophagus sp. (in: glomeromycetes) | 212607_IVT70A	isolate
PX214872.1	Rhizophagus sp. (in: glomeromycetes)	Rhizophagus	1399_IVT43A					Rhizophagus sp. (in: glomeromycetes) | 1399_IVT43A	Rhizophagus sp. (in: glomeromycetes) | 1399_IVT43A	isolate
PX214873.1	Rhizophagus sp. (in: glomeromycetes)	Rhizophagus	212607_IVT70A					Rhizophagus sp. (in: glomeromycetes) | 212607_IVT70A	Rhizophagus sp. (in: glomeromycetes) | 212607_IVT70A	isolate
PX214874.1	Rhizophagus sp. (in: glomeromycetes)	Rhizophagus	212607_IVT70A					Rhizophagus sp. (in: glomeromycetes) | 212607_IVT70A	Rhizophagus sp. (in: glomeromycetes) | 212607_IVT70A	isolate
PX214875.1	Rhizophagus sp. (in: glomeromycetes)	Rhizophagus	1399_IVT43A					Rhizophagus sp. (in: glomeromycetes) | 1399_IVT43A	Rhizophagus sp. (in: glomeromycetes) | 1399_IVT43A	isolate
PX214876.1	Rhizophagus sp. (in: glomeromycetes)	Rhizophagus	212607_IVT70A					Rhizophagus sp. (in: glomeromycetes) | 212607_IVT70A	Rhizophagus sp. (in: glomeromycetes) | 212607_IVT70A	isolate
PX214877.1	Rhizophagus sp. (in: glomeromycetes)	Rhizophagus	212607_IVT70A					Rhizophagus sp. (in: glomeromycetes) | 212607_IVT70A	Rhizophagus sp. (in: glomeromycetes) | 212607_IVT70A	isolate
PX214878.1	Rhizophagus sp. (in: glomeromycetes)	Rhizophagus	1399_IVT43A					Rhizophagus sp. (in: glomeromycetes) | 1399_IVT43A	Rhizophagus sp. (in: glomeromycetes) | 1399_IVT43A	isolate
PX214879.1	Rhizophagus sp. (in: glomeromycetes)	Rhizophagus	212607_IVT70A					Rhizophagus sp. (in: glomeromycetes) | 212607_IVT70A	Rhizophagus sp. (in: glomeromycetes) | 212607_IVT70A	isolate
PX214880.1	Oehlia diaphana	Oehlia	JS1_IVT19A					Oehlia diaphana | JS1_IVT19A	Oehlia diaphana | JS1_IVT19A	isolate
PX214881.1	Oehlia diaphana	Oehlia	4835_562B					Oehlia diaphana | 4835_562B	Oehlia diaphana | 4835_562B	isolate
PX214882.1	Oehlia diaphana	Oehlia	JS1_IVT19A					Oehlia diaphana | JS1_IVT19A	Oehlia diaphana | JS1_IVT19A	isolate
PX214883.1	Oehlia diaphana	Oehlia	WV579_765A					Oehlia diaphana | WV579_765A	Oehlia diaphana | WV579_765A	isolate
PX214884.1	Oehlia diaphana	Oehlia	4835_562B					Oehlia diaphana | 4835_562B	Oehlia diaphana | 4835_562B	isolate
PX214885.1	Oehlia diaphana	Oehlia	WV579_765A					Oehlia diaphana | WV579_765A	Oehlia diaphana | WV579_765A	isolate
PX214886.1	Oehlia diaphana	Oehlia	WV579_765A					Oehlia diaphana | WV579_765A	Oehlia diaphana | WV579_765A	isolate
PX214887.1	Oehlia diaphana	Oehlia	WV579_765A					Oehlia diaphana | WV579_765A	Oehlia diaphana | WV579_765A	isolate
PX214888.1	Oehlia diaphana	Oehlia	WV579_765B					Oehlia diaphana | WV579_765B	Oehlia diaphana | WV579_765B	isolate
PX214889.1	Oehlia diaphana	Oehlia	WV579_765B					Oehlia diaphana | WV579_765B	Oehlia diaphana | WV579_765B	isolate
PX214890.1	Oehlia diaphana	Oehlia	WV579_765B					Oehlia diaphana | WV579_765B	Oehlia diaphana | WV579_765B	isolate
PX214891.1	Oehlia diaphana	Oehlia	JS1_IVT19A					Oehlia diaphana | JS1_IVT19A	Oehlia diaphana | JS1_IVT19A	isolate
PX214892.1	Oehlia diaphana	Oehlia	WV579_765A					Oehlia diaphana | WV579_765A	Oehlia diaphana | WV579_765A	isolate
PX214893.1	Oehlia diaphana	Oehlia	JS1_IVT19A					Oehlia diaphana | JS1_IVT19A	Oehlia diaphana | JS1_IVT19A	isolate
PX214894.1	Oehlia diaphana	Oehlia	4835_562B					Oehlia diaphana | 4835_562B	Oehlia diaphana | 4835_562B	isolate
PX214895.1	Oehlia diaphana	Oehlia	WV579_765B					Oehlia diaphana | WV579_765B	Oehlia diaphana | WV579_765B	isolate
PX214896.1	Oehlia diaphana	Oehlia	4835_562B					Oehlia diaphana | 4835_562B	Oehlia diaphana | 4835_562B	isolate
PX214897.1	Oehlia diaphana	Oehlia	4835_562B					Oehlia diaphana | 4835_562B	Oehlia diaphana | 4835_562B	isolate
PX214898.1	Oehlia diaphana	Oehlia	WV579_765B					Oehlia diaphana | WV579_765B	Oehlia diaphana | WV579_765B	isolate
PX214899.1	Oehlia diaphana	Oehlia	JS1_IVT19A					Oehlia diaphana | JS1_IVT19A	Oehlia diaphana | JS1_IVT19A	isolate
PX214900.1	Oehlia diaphana	Oehlia	JS1_IVT19A					Oehlia diaphana | JS1_IVT19A	Oehlia diaphana | JS1_IVT19A	isolate
PX214901.1	Oehlia diaphana	Oehlia	4835_562B					Oehlia diaphana | 4835_562B	Oehlia diaphana | 4835_562B	isolate
PX214902.1	Oehlia diaphana	Oehlia	WV579_765A					Oehlia diaphana | WV579_765A	Oehlia diaphana | WV579_765A	isolate
PX214903.1	Oehlia diaphana	Oehlia	WV579_765B					Oehlia diaphana | WV579_765B	Oehlia diaphana | WV579_765B	isolate
PX214904.1	Oehlia diaphana	Oehlia	WV579_765B					Oehlia diaphana | WV579_765B	Oehlia diaphana | WV579_765B	isolate
PX214905.1	Oehlia diaphana	Oehlia	4835_562B					Oehlia diaphana | 4835_562B	Oehlia diaphana | 4835_562B	isolate
PX214906.1	Oehlia diaphana	Oehlia	WV579_765A					Oehlia diaphana | WV579_765A	Oehlia diaphana | WV579_765A	isolate
PX214907.1	Oehlia diaphana	Oehlia	WV579_765B					Oehlia diaphana | WV579_765B	Oehlia diaphana | WV579_765B	isolate
PX214908.1	Oehlia diaphana	Oehlia	WV579_765B					Oehlia diaphana | WV579_765B	Oehlia diaphana | WV579_765B	isolate
PX214909.1	Diversispora eburnea	Diversispora	FS_12_2334B					Diversispora eburnea | FS_12_2334B	Diversispora eburnea | FS_12_2334B	isolate
PX214910.1	Diversispora eburnea	Diversispora	FS_12_2334B					Diversispora eburnea | FS_12_2334B	Diversispora eburnea | FS_12_2334B	isolate
PX214911.1	Diversispora eburnea	Diversispora	AZ414A_356A					Diversispora eburnea | AZ414A_356A	Diversispora eburnea | AZ414A_356A	isolate
PX214912.1	Diversispora eburnea	Diversispora	AZ414A_356A					Diversispora eburnea | AZ414A_356A	Diversispora eburnea | AZ414A_356A	isolate
PX214913.1	Diversispora eburnea	Diversispora	FS_12_2334B					Diversispora eburnea | FS_12_2334B	Diversispora eburnea | FS_12_2334B	isolate
PX214914.1	Diversispora eburnea	Diversispora	AZ414A_356A					Diversispora eburnea | AZ414A_356A	Diversispora eburnea | AZ414A_356A	isolate
PX214915.1	Diversispora eburnea	Diversispora	AZ414A_356A					Diversispora eburnea | AZ414A_356A	Diversispora eburnea | AZ414A_356A	isolate
PX214916.1	Diversispora eburnea	Diversispora	AZ414A_356A					Diversispora eburnea | AZ414A_356A	Diversispora eburnea | AZ414A_356A	isolate
PX214917.1	Diversispora eburnea	Diversispora	AZ414A_356A					Diversispora eburnea | AZ414A_356A	Diversispora eburnea | AZ414A_356A	isolate
PX214918.1	Diversispora eburnea	Diversispora	AZ414A_356A					Diversispora eburnea | AZ414A_356A	Diversispora eburnea | AZ414A_356A	isolate
PX214919.1	Diversispora eburnea	Diversispora	AZ414A_356A					Diversispora eburnea | AZ414A_356A	Diversispora eburnea | AZ414A_356A	isolate
PX214920.1	Diversispora eburnea	Diversispora	AZ414A_356A					Diversispora eburnea | AZ414A_356A	Diversispora eburnea | AZ414A_356A	isolate
PX214921.1	Diversispora eburnea	Diversispora	AZ414A_356A					Diversispora eburnea | AZ414A_356A	Diversispora eburnea | AZ414A_356A	isolate
PX214922.1	Diversispora eburnea	Diversispora	FS_12_2334B					Diversispora eburnea | FS_12_2334B	Diversispora eburnea | FS_12_2334B	isolate
PX214923.1	Diversispora eburnea	Diversispora	FS_12_2334B					Diversispora eburnea | FS_12_2334B	Diversispora eburnea | FS_12_2334B	isolate
PX214924.1	Diversispora celata	Diversispora	4381_68A					Diversispora celata | 4381_68A	Diversispora celata | 4381_68A	isolate
PX214925.1	Diversispora celata	Diversispora	4381_68A					Diversispora celata | 4381_68A	Diversispora celata | 4381_68A	isolate
PX214926.1	Diversispora celata	Diversispora	4381_68A					Diversispora celata | 4381_68A	Diversispora celata | 4381_68A	isolate
PX214927.1	Diversispora celata	Diversispora	4381_68A					Diversispora celata | 4381_68A	Diversispora celata | 4381_68A	isolate
PX214928.1	Diversispora celata	Diversispora	4381_68A					Diversispora celata | 4381_68A	Diversispora celata | 4381_68A	isolate
PX214929.1	Diversispora celata	Diversispora	SC2					Diversispora celata | SC2	Diversispora celata | SC2	isolate
PX214930.1	Diversispora celata	Diversispora	SC2					Diversispora celata | SC2	Diversispora celata | SC2	isolate
PX214931.1	Diversispora celata	Diversispora	SC2					Diversispora celata | SC2	Diversispora celata | SC2	isolate
PX214932.1	Diversispora celata	Diversispora	SC2					Diversispora celata | SC2	Diversispora celata | SC2	isolate
PX214933.1	Diversispora celata	Diversispora	SC2					Diversispora celata | SC2	Diversispora celata | SC2	isolate
PX214934.1	Diversispora jakucsiae	Diversispora	Blasz_11_2271A					Diversispora jakucsiae | Blasz_11_2271A	Diversispora jakucsiae | Blasz_11_2271A	isolate
PX214935.1	Diversispora jakucsiae	Diversispora	Blasz_11_2271A					Diversispora jakucsiae | Blasz_11_2271A	Diversispora jakucsiae | Blasz_11_2271A	isolate
PX214936.1	Diversispora jakucsiae	Diversispora	Blasz_11_2271A					Diversispora jakucsiae | Blasz_11_2271A	Diversispora jakucsiae | Blasz_11_2271A	isolate
PX214937.1	Diversispora jakucsiae	Diversispora	Blasz_11_2271A					Diversispora jakucsiae | Blasz_11_2271A	Diversispora jakucsiae | Blasz_11_2271A	isolate
PX214938.1	Diversispora arenaria	Diversispora	Blasz_14_2274A					Diversispora arenaria | Blasz_14_2274A	Diversispora arenaria | Blasz_14_2274A	isolate
PX214939.1	Diversispora arenaria	Diversispora	Blasz_14_2274A					Diversispora arenaria | Blasz_14_2274A	Diversispora arenaria | Blasz_14_2274A	isolate
PX214940.1	Diversispora arenaria	Diversispora	Blasz_14_2274A					Diversispora arenaria | Blasz_14_2274A	Diversispora arenaria | Blasz_14_2274A	isolate
PX214941.1	Diversispora arenaria	Diversispora	Blasz_14_2274A					Diversispora arenaria | Blasz_14_2274A	Diversispora arenaria | Blasz_14_2274A	isolate
PX214942.1	Diversispora epigaea	Diversispora	BEG47_1140C					Diversispora epigaea | BEG47_1140C	Diversispora epigaea | BEG47_1140C	isolate
PX214943.1	Diversispora epigaea	Diversispora	BEG47_1140C					Diversispora epigaea | BEG47_1140C	Diversispora epigaea | BEG47_1140C	isolate
PX214944.1	Diversispora epigaea	Diversispora	FS16_2427A					Diversispora epigaea | FS16_2427A	Diversispora epigaea | FS16_2427A	isolate
PX214945.1	Diversispora epigaea	Diversispora	BEG47_1140C					Diversispora epigaea | BEG47_1140C	Diversispora epigaea | BEG47_1140C	isolate
PX214946.1	Diversispora epigaea	Diversispora	BEG47_1140C					Diversispora epigaea | BEG47_1140C	Diversispora epigaea | BEG47_1140C	isolate
PX214947.1	Diversispora epigaea	Diversispora	FS16_2427A					Diversispora epigaea | FS16_2427A	Diversispora epigaea | FS16_2427A	isolate
PX214948.1	Diversispora epigaea	Diversispora	FS16_2427A					Diversispora epigaea | FS16_2427A	Diversispora epigaea | FS16_2427A	isolate
PX214949.1	Diversispora epigaea	Diversispora	FS16_2427A					Diversispora epigaea | FS16_2427A	Diversispora epigaea | FS16_2427A	isolate
PX214950.1	Diversispora epigaea	Diversispora	FS16_2427A					Diversispora epigaea | FS16_2427A	Diversispora epigaea | FS16_2427A	isolate
PX214951.1	Diversispora epigaea	Diversispora	FS16_2427A					Diversispora epigaea | FS16_2427A	Diversispora epigaea | FS16_2427A	isolate
PX214952.1	Diversispora epigaea	Diversispora	FS16_2427A					Diversispora epigaea | FS16_2427A	Diversispora epigaea | FS16_2427A	isolate
PX214953.1	Diversispora epigaea	Diversispora	BEG47_1140C					Diversispora epigaea | BEG47_1140C	Diversispora epigaea | BEG47_1140C	isolate
PX214954.1	Diversispora epigaea	Diversispora	FS16_2427A					Diversispora epigaea | FS16_2427A	Diversispora epigaea | FS16_2427A	isolate
PX214955.1	Diversispora varaderana	Diversispora	4394_1010A					Diversispora varaderana | 4394_1010A	Diversispora varaderana | 4394_1010A	isolate
PX214956.1	Diversispora varaderana	Diversispora	3086_1170D					Diversispora varaderana | 3086_1170D	Diversispora varaderana | 3086_1170D	isolate
PX214957.1	Diversispora varaderana	Diversispora	4450_536A					Diversispora varaderana | 4450_536A	Diversispora varaderana | 4450_536A	isolate
PX214958.1	Diversispora varaderana	Diversispora	4394_1010A					Diversispora varaderana | 4394_1010A	Diversispora varaderana | 4394_1010A	isolate
PX214959.1	Diversispora varaderana	Diversispora	CW0016_4015A				From Att.1630-9(6)	Diversispora varaderana | CW0016_4015A	Diversispora varaderana | CW0016_4015A	isolate
PX214960.1	Diversispora varaderana	Diversispora	SASK_50					Diversispora varaderana | SASK_50	Diversispora varaderana | SASK_50	isolate
PX214961.1	Diversispora varaderana	Diversispora	3086_1170D					Diversispora varaderana | 3086_1170D	Diversispora varaderana | 3086_1170D	isolate
PX214962.1	Diversispora varaderana	Diversispora	3086_1170D					Diversispora varaderana | 3086_1170D	Diversispora varaderana | 3086_1170D	isolate
PX214963.1	Diversispora varaderana	Diversispora	4394_1010A					Diversispora varaderana | 4394_1010A	Diversispora varaderana | 4394_1010A	isolate
PX214964.1	Diversispora varaderana	Diversispora	4510_972A					Diversispora varaderana | 4510_972A	Diversispora varaderana | 4510_972A	isolate
PX214965.1	Diversispora varaderana	Diversispora	4450_536A					Diversispora varaderana | 4450_536A	Diversispora varaderana | 4450_536A	isolate
PX214966.1	Diversispora varaderana	Diversispora	SASK_50					Diversispora varaderana | SASK_50	Diversispora varaderana | SASK_50	isolate
PX214967.1	Diversispora varaderana	Diversispora	4393_830B					Diversispora varaderana | 4393_830B	Diversispora varaderana | 4393_830B	isolate
PX214968.1	Diversispora varaderana	Diversispora	3086_1170D					Diversispora varaderana | 3086_1170D	Diversispora varaderana | 3086_1170D	isolate
PX214969.1	Diversispora varaderana	Diversispora	4450_536A					Diversispora varaderana | 4450_536A	Diversispora varaderana | 4450_536A	isolate
PX214970.1	Diversispora varaderana	Diversispora	4393_830B					Diversispora varaderana | 4393_830B	Diversispora varaderana | 4393_830B	isolate
PX214971.1	Diversispora varaderana	Diversispora	3086_1170D					Diversispora varaderana | 3086_1170D	Diversispora varaderana | 3086_1170D	isolate
PX214972.1	Diversispora varaderana	Diversispora	4450_536A					Diversispora varaderana | 4450_536A	Diversispora varaderana | 4450_536A	isolate
PX214973.1	Diversispora varaderana	Diversispora	4450_536A					Diversispora varaderana | 4450_536A	Diversispora varaderana | 4450_536A	isolate
PX214974.1	Diversispora varaderana	Diversispora	4450_536A					Diversispora varaderana | 4450_536A	Diversispora varaderana | 4450_536A	isolate
PX214975.1	Diversispora varaderana	Diversispora	SASK_50					Diversispora varaderana | SASK_50	Diversispora varaderana | SASK_50	isolate
PX214976.1	Diversispora varaderana	Diversispora	3086_1170D					Diversispora varaderana | 3086_1170D	Diversispora varaderana | 3086_1170D	isolate
PX214977.1	Diversispora varaderana	Diversispora	4393_830B					Diversispora varaderana | 4393_830B	Diversispora varaderana | 4393_830B	isolate
PX214978.1	Diversispora varaderana	Diversispora	CW0016_4015A				From Att.1630-9(6)	Diversispora varaderana | CW0016_4015A	Diversispora varaderana | CW0016_4015A	isolate
PX214979.1	Diversispora varaderana	Diversispora	CW0016_4015A				From Att.1630-9(6)	Diversispora varaderana | CW0016_4015A	Diversispora varaderana | CW0016_4015A	isolate
PX214980.1	Diversispora varaderana	Diversispora	CW0016_4015A				From Att.1630-9(6)	Diversispora varaderana | CW0016_4015A	Diversispora varaderana | CW0016_4015A	isolate
PX214981.1	Diversispora varaderana	Diversispora	3086_1170D					Diversispora varaderana | 3086_1170D	Diversispora varaderana | 3086_1170D	isolate
PX214982.1	Diversispora varaderana	Diversispora	4393_830B					Diversispora varaderana | 4393_830B	Diversispora varaderana | 4393_830B	isolate
PX214983.1	Diversispora varaderana	Diversispora	3086_1170D					Diversispora varaderana | 3086_1170D	Diversispora varaderana | 3086_1170D	isolate
PX214984.1	Diversispora varaderana	Diversispora	4394_1010A					Diversispora varaderana | 4394_1010A	Diversispora varaderana | 4394_1010A	isolate
PX214985.1	Diversispora varaderana	Diversispora	SASK_50					Diversispora varaderana | SASK_50	Diversispora varaderana | SASK_50	isolate
PX214986.1	Diversispora aestuarii	Diversispora	4403_745C					Diversispora aestuarii | 4403_745C	Diversispora aestuarii | 4403_745C	isolate
PX214987.1	Diversispora aestuarii	Diversispora	4403_745C					Diversispora aestuarii | 4403_745C	Diversispora aestuarii | 4403_745C	isolate
PX214988.1	Diversispora aestuarii	Diversispora	4403_745C					Diversispora aestuarii | 4403_745C	Diversispora aestuarii | 4403_745C	isolate
PX214989.1	Diversispora aestuarii	Diversispora	4403_745C					Diversispora aestuarii | 4403_745C	Diversispora aestuarii | 4403_745C	isolate
PX214990.1	Diversispora aestuarii	Diversispora	4485_952D					Diversispora aestuarii | 4485_952D	Diversispora aestuarii | 4485_952D	isolate
PX214991.1	Diversispora aestuarii	Diversispora	4485_952D					Diversispora aestuarii | 4485_952D	Diversispora aestuarii | 4485_952D	isolate
PX214992.1	Diversispora aestuarii	Diversispora	4485_952D					Diversispora aestuarii | 4485_952D	Diversispora aestuarii | 4485_952D	isolate
PX214993.1	Diversispora aestuarii	Diversispora	4403_745C					Diversispora aestuarii | 4403_745C	Diversispora aestuarii | 4403_745C	isolate
PX214994.1	Diversispora aestuarii	Diversispora	4485_952D					Diversispora aestuarii | 4485_952D	Diversispora aestuarii | 4485_952D	isolate
PX214995.1	Diversispora aestuarii	Diversispora	4403_745C					Diversispora aestuarii | 4403_745C	Diversispora aestuarii | 4403_745C	isolate
PX214996.1	Diversispora aestuarii	Diversispora	4403_745C					Diversispora aestuarii | 4403_745C	Diversispora aestuarii | 4403_745C	isolate
PX214997.1	Diversispora aestuarii	Diversispora	4403_745C					Diversispora aestuarii | 4403_745C	Diversispora aestuarii | 4403_745C	isolate
PX214998.1	Diversispora aestuarii	Diversispora	4485_952D					Diversispora aestuarii | 4485_952D	Diversispora aestuarii | 4485_952D	isolate
PX214999.1	Diversispora aestuarii	Diversispora	4485_952D					Diversispora aestuarii | 4485_952D	Diversispora aestuarii | 4485_952D	isolate
PX215000.1	Diversispora aestuarii	Diversispora	4485_952D					Diversispora aestuarii | 4485_952D	Diversispora aestuarii | 4485_952D	isolate
PX215001.1	Diversispora aestuarii	Diversispora	4403_745C					Diversispora aestuarii | 4403_745C	Diversispora aestuarii | 4403_745C	isolate
PX215002.1	Diversispora aestuarii	Diversispora	4403_745C					Diversispora aestuarii | 4403_745C	Diversispora aestuarii | 4403_745C	isolate
PX215003.1	Diversispora aestuarii	Diversispora	4485_952D					Diversispora aestuarii | 4485_952D	Diversispora aestuarii | 4485_952D	isolate
PX215004.1	Diversispora aestuarii	Diversispora	4485_952D					Diversispora aestuarii | 4485_952D	Diversispora aestuarii | 4485_952D	isolate
PX215005.1	Diversispora aestuarii	Diversispora	4485_952D					Diversispora aestuarii | 4485_952D	Diversispora aestuarii | 4485_952D	isolate
PX215006.1	Diversispora spurca	Diversispora	Algerie_2_1072C					Diversispora spurca | Algerie_2_1072C	Diversispora spurca | Algerie_2_1072C	isolate
PX215007.1	Diversispora spurca	Diversispora	Algerie_2_1072C					Diversispora spurca | Algerie_2_1072C	Diversispora spurca | Algerie_2_1072C	isolate
PX215008.1	Diversispora spurca	Diversispora	Algerie_2_1072C					Diversispora spurca | Algerie_2_1072C	Diversispora spurca | Algerie_2_1072C	isolate
PX215009.1	Diversispora spurca	Diversispora	W246_28_9A					Diversispora spurca | W246_28_9A	Diversispora spurca | W246_28_9A	isolate
PX215010.1	Diversispora spurca	Diversispora	W246_28_9A					Diversispora spurca | W246_28_9A	Diversispora spurca | W246_28_9A	isolate
PX215011.1	Diversispora spurca	Diversispora	W246_28_9A					Diversispora spurca | W246_28_9A	Diversispora spurca | W246_28_9A	isolate
PX215012.1	Diversispora spurca	Diversispora	W246_28_9A					Diversispora spurca | W246_28_9A	Diversispora spurca | W246_28_9A	isolate
PX215013.1	Acaulospora morrowiae	Acaulospora	CR315B_2019A					Acaulospora morrowiae | CR315B_2019A	Acaulospora morrowiae | CR315B_2019A	isolate
PX215014.1	Acaulospora morrowiae	Acaulospora	CR315B_2019A					Acaulospora morrowiae | CR315B_2019A	Acaulospora morrowiae | CR315B_2019A	isolate
PX215015.1	Acaulospora morrowiae	Acaulospora	CR315B_2019A					Acaulospora morrowiae | CR315B_2019A	Acaulospora morrowiae | CR315B_2019A	isolate
PX215016.1	Acaulospora morrowiae	Acaulospora	BF_TM_1197A					Acaulospora morrowiae | BF_TM_1197A	Acaulospora morrowiae | BF_TM_1197A	isolate
PX215017.1	Acaulospora morrowiae	Acaulospora	BF_TM_1197A					Acaulospora morrowiae | BF_TM_1197A	Acaulospora morrowiae | BF_TM_1197A	isolate
PX215018.1	Acaulospora morrowiae	Acaulospora	BF_TM_1197A					Acaulospora morrowiae | BF_TM_1197A	Acaulospora morrowiae | BF_TM_1197A	isolate
PX215019.1	Acaulospora morrowiae	Acaulospora	BF_TM_1197A					Acaulospora morrowiae | BF_TM_1197A	Acaulospora morrowiae | BF_TM_1197A	isolate
PX215020.1	Acaulospora morrowiae	Acaulospora	BF_TM_1197A					Acaulospora morrowiae | BF_TM_1197A	Acaulospora morrowiae | BF_TM_1197A	isolate
PX215021.1	Acaulospora morrowiae	Acaulospora	BF_TM_1197A					Acaulospora morrowiae | BF_TM_1197A	Acaulospora morrowiae | BF_TM_1197A	isolate
PX215022.1	Acaulospora morrowiae	Acaulospora	BF_TM_1197A					Acaulospora morrowiae | BF_TM_1197A	Acaulospora morrowiae | BF_TM_1197A	isolate
PX215023.1	Cetraspora gilmorei	Cetraspora	4430_2047A					Cetraspora gilmorei | 4430_2047A	Cetraspora gilmorei | 4430_2047A	isolate
PX215024.1	Cetraspora gilmorei	Cetraspora	4430_2047A					Cetraspora gilmorei | 4430_2047A	Cetraspora gilmorei | 4430_2047A	isolate
PX215025.1	Cetraspora gilmorei	Cetraspora	4430_2047A					Cetraspora gilmorei | 4430_2047A	Cetraspora gilmorei | 4430_2047A	isolate
PX215026.1	Cetraspora gilmorei	Cetraspora	4397_453A					Cetraspora gilmorei | 4397_453A	Cetraspora gilmorei | 4397_453A	isolate
PX215027.1	Cetraspora gilmorei	Cetraspora	4414_1105C					Cetraspora gilmorei | 4414_1105C	Cetraspora gilmorei | 4414_1105C	isolate
PX215028.1	Cetraspora gilmorei	Cetraspora	4385					Cetraspora gilmorei | 4385	Cetraspora gilmorei | 4385	isolate
PX215029.1	Cetraspora gilmorei	Cetraspora	4398_831C					Cetraspora gilmorei | 4398_831C	Cetraspora gilmorei | 4398_831C	isolate
PX215030.1	Cetraspora gilmorei	Cetraspora	4419_860D					Cetraspora gilmorei | 4419_860D	Cetraspora gilmorei | 4419_860D	isolate
PX215031.1	Cetraspora gilmorei	Cetraspora	4414_1105C					Cetraspora gilmorei | 4414_1105C	Cetraspora gilmorei | 4414_1105C	isolate
PX215032.1	Cetraspora gilmorei	Cetraspora	4385					Cetraspora gilmorei | 4385	Cetraspora gilmorei | 4385	isolate
PX215033.1	Cetraspora gilmorei	Cetraspora	4419_860D					Cetraspora gilmorei | 4419_860D	Cetraspora gilmorei | 4419_860D	isolate
PX215034.1	Cetraspora gilmorei	Cetraspora	4414_1105C					Cetraspora gilmorei | 4414_1105C	Cetraspora gilmorei | 4414_1105C	isolate
PX215035.1	Cetraspora gilmorei	Cetraspora	4398_831C					Cetraspora gilmorei | 4398_831C	Cetraspora gilmorei | 4398_831C	isolate
PX215036.1	Cetraspora gilmorei	Cetraspora	4414_1105C					Cetraspora gilmorei | 4414_1105C	Cetraspora gilmorei | 4414_1105C	isolate
PX215037.1	Cetraspora gilmorei	Cetraspora	4385					Cetraspora gilmorei | 4385	Cetraspora gilmorei | 4385	isolate
PX215038.1	Cetraspora gilmorei	Cetraspora	4398_831C					Cetraspora gilmorei | 4398_831C	Cetraspora gilmorei | 4398_831C	isolate
PX215039.1	Cetraspora gilmorei	Cetraspora	4419_860D					Cetraspora gilmorei | 4419_860D	Cetraspora gilmorei | 4419_860D	isolate
PX215040.1	Cetraspora gilmorei	Cetraspora	4414_1105C					Cetraspora gilmorei | 4414_1105C	Cetraspora gilmorei | 4414_1105C	isolate
PX215041.1	Cetraspora gilmorei	Cetraspora	4385					Cetraspora gilmorei | 4385	Cetraspora gilmorei | 4385	isolate
PX215042.1	Cetraspora gilmorei	Cetraspora	4398_831C					Cetraspora gilmorei | 4398_831C	Cetraspora gilmorei | 4398_831C	isolate
PX215043.1	Cetraspora gilmorei	Cetraspora	4419_860D					Cetraspora gilmorei | 4419_860D	Cetraspora gilmorei | 4419_860D	isolate
PX215044.1	Cetraspora gilmorei	Cetraspora	4414_1105C					Cetraspora gilmorei | 4414_1105C	Cetraspora gilmorei | 4414_1105C	isolate
PX215045.1	Cetraspora gilmorei	Cetraspora	4414_1105C					Cetraspora gilmorei | 4414_1105C	Cetraspora gilmorei | 4414_1105C	isolate
PX215046.1	Cetraspora gilmorei	Cetraspora	4385					Cetraspora gilmorei | 4385	Cetraspora gilmorei | 4385	isolate
PX215047.1	Cetraspora gilmorei	Cetraspora	4398_831C					Cetraspora gilmorei | 4398_831C	Cetraspora gilmorei | 4398_831C	isolate
PX215048.1	Cetraspora gilmorei	Cetraspora	4419_860D					Cetraspora gilmorei | 4419_860D	Cetraspora gilmorei | 4419_860D	isolate
PX215049.1	Cetraspora gilmorei	Cetraspora	4430_2047A					Cetraspora gilmorei | 4430_2047A	Cetraspora gilmorei | 4430_2047A	isolate
PX215050.1	Cetraspora gilmorei	Cetraspora	4430_2047A					Cetraspora gilmorei | 4430_2047A	Cetraspora gilmorei | 4430_2047A	isolate
PX215051.1	Cetraspora gilmorei	Cetraspora	4436_787A					Cetraspora gilmorei | 4436_787A	Cetraspora gilmorei | 4436_787A	isolate
PX215052.1	Cetraspora gilmorei	Cetraspora	4436_787A					Cetraspora gilmorei | 4436_787A	Cetraspora gilmorei | 4436_787A	isolate
PX215053.1	Cetraspora gilmorei	Cetraspora	4436_787A					Cetraspora gilmorei | 4436_787A	Cetraspora gilmorei | 4436_787A	isolate
PX215054.1	Cetraspora gilmorei	Cetraspora	CW0008_4007A				From Att.590-17(16)	Cetraspora gilmorei | CW0008_4007A	Cetraspora gilmorei | CW0008_4007A	isolate
PX215055.1	Cetraspora gilmorei	Cetraspora	4436_787A					Cetraspora gilmorei | 4436_787A	Cetraspora gilmorei | 4436_787A	isolate
PX215056.1	Cetraspora gilmorei	Cetraspora	CW0008_4007A				From Att.590-17(16)	Cetraspora gilmorei | CW0008_4007A	Cetraspora gilmorei | CW0008_4007A	isolate
PX215057.1	Cetraspora gilmorei	Cetraspora	CW0008_4007A				From Att.590-17(16)	Cetraspora gilmorei | CW0008_4007A	Cetraspora gilmorei | CW0008_4007A	isolate
PX215058.1	Cetraspora gilmorei	Cetraspora	CW0008_4007A				From Att.590-17(16)	Cetraspora gilmorei | CW0008_4007A	Cetraspora gilmorei | CW0008_4007A	isolate
PX215059.1	Cetraspora gilmorei	Cetraspora	4397_453A					Cetraspora gilmorei | 4397_453A	Cetraspora gilmorei | 4397_453A	isolate
PX215060.1	Cetraspora gilmorei	Cetraspora	4414_1105C					Cetraspora gilmorei | 4414_1105C	Cetraspora gilmorei | 4414_1105C	isolate
PX215061.1	Cetraspora gilmorei	Cetraspora	4385					Cetraspora gilmorei | 4385	Cetraspora gilmorei | 4385	isolate
PX215062.1	Cetraspora gilmorei	Cetraspora	4398_831C					Cetraspora gilmorei | 4398_831C	Cetraspora gilmorei | 4398_831C	isolate
PX215063.1	Cetraspora gilmorei	Cetraspora	4419_860D					Cetraspora gilmorei | 4419_860D	Cetraspora gilmorei | 4419_860D	isolate
PX215064.1	Cetraspora gilmorei	Cetraspora	4419_860D					Cetraspora gilmorei | 4419_860D	Cetraspora gilmorei | 4419_860D	isolate
PX215065.1	Cetraspora gilmorei	Cetraspora	4414_1105C					Cetraspora gilmorei | 4414_1105C	Cetraspora gilmorei | 4414_1105C	isolate
PX215066.1	Cetraspora gilmorei	Cetraspora	4385					Cetraspora gilmorei | 4385	Cetraspora gilmorei | 4385	isolate
PX215067.1	Cetraspora gilmorei	Cetraspora	4419_860D					Cetraspora gilmorei | 4419_860D	Cetraspora gilmorei | 4419_860D	isolate
PX215068.1	Cetraspora gilmorei	Cetraspora	4436_787A					Cetraspora gilmorei | 4436_787A	Cetraspora gilmorei | 4436_787A	isolate
PX215069.1	Cetraspora gilmorei	Cetraspora	4414_1105C					Cetraspora gilmorei | 4414_1105C	Cetraspora gilmorei | 4414_1105C	isolate
PX215070.1	Cetraspora gilmorei	Cetraspora	4385					Cetraspora gilmorei | 4385	Cetraspora gilmorei | 4385	isolate
PX215071.1	Cetraspora gilmorei	Cetraspora	4398_831C					Cetraspora gilmorei | 4398_831C	Cetraspora gilmorei | 4398_831C	isolate
PX215072.1	Cetraspora gilmorei	Cetraspora	4419_860D					Cetraspora gilmorei | 4419_860D	Cetraspora gilmorei | 4419_860D	isolate
PX215073.1	Dentiscutata heterogama	Dentiscutata	BEG_35_2003A					Dentiscutata heterogama | BEG_35_2003A	Dentiscutata heterogama | BEG_35_2003A	isolate
PX215074.1	Dentiscutata heterogama	Dentiscutata	BEG_35_2003A					Dentiscutata heterogama | BEG_35_2003A	Dentiscutata heterogama | BEG_35_2003A	isolate
PX215075.1	Dentiscutata heterogama	Dentiscutata	CL157_2013B					Dentiscutata heterogama | CL157_2013B	Dentiscutata heterogama | CL157_2013B	isolate
PX215076.1	Dentiscutata heterogama	Dentiscutata	CL157_2013B					Dentiscutata heterogama | CL157_2013B	Dentiscutata heterogama | CL157_2013B	isolate
PX215077.1	Dentiscutata heterogama	Dentiscutata	BEG_35_2003A					Dentiscutata heterogama | BEG_35_2003A	Dentiscutata heterogama | BEG_35_2003A	isolate
PX215078.1	Dentiscutata heterogama	Dentiscutata	CL157_2013B					Dentiscutata heterogama | CL157_2013B	Dentiscutata heterogama | CL157_2013B	isolate
PX215079.1	Gigaspora rosea	Gigaspora	BEG9_770A					Gigaspora rosea | BEG9_770A	Gigaspora rosea | BEG9_770A	isolate
PX215080.1	Gigaspora rosea	Gigaspora	194757_703A					Gigaspora rosea | 194757_703A	Gigaspora rosea | 194757_703A	isolate
PX215081.1	Gigaspora rosea	Gigaspora	4511_973A					Gigaspora rosea | 4511_973A	Gigaspora rosea | 4511_973A	isolate
PX215082.1	Gigaspora rosea	Gigaspora	CW0011_4010A				From Att.1282-12(11)	Gigaspora rosea | CW0011_4010A	Gigaspora rosea | CW0011_4010A	isolate
PX215083.1	Gigaspora rosea	Gigaspora	194757_703A					Gigaspora rosea | 194757_703A	Gigaspora rosea | 194757_703A	isolate
PX215084.1	Gigaspora rosea	Gigaspora	BEG9_770A					Gigaspora rosea | BEG9_770A	Gigaspora rosea | BEG9_770A	isolate
PX215085.1	Gigaspora rosea	Gigaspora	194757_703A					Gigaspora rosea | 194757_703A	Gigaspora rosea | 194757_703A	isolate
PX215086.1	Gigaspora rosea	Gigaspora	CW0011_4010A				From Att.1282-12(11)	Gigaspora rosea | CW0011_4010A	Gigaspora rosea | CW0011_4010A	isolate
PX215087.1	Gigaspora rosea	Gigaspora	194757_703A					Gigaspora rosea | 194757_703A	Gigaspora rosea | 194757_703A	isolate
PX215088.1	Gigaspora rosea	Gigaspora	194757_703A					Gigaspora rosea | 194757_703A	Gigaspora rosea | 194757_703A	isolate
PX215089.1	Gigaspora rosea	Gigaspora	CU131_1018C					Gigaspora rosea | CU131_1018C	Gigaspora rosea | CU131_1018C	isolate
PX215090.1	Gigaspora rosea	Gigaspora	BEG9_770A					Gigaspora rosea | BEG9_770A	Gigaspora rosea | BEG9_770A	isolate
PX215091.1	Gigaspora rosea	Gigaspora	194757_703A					Gigaspora rosea | 194757_703A	Gigaspora rosea | 194757_703A	isolate
PX215092.1	Gigaspora rosea	Gigaspora	4511_973A					Gigaspora rosea | 4511_973A	Gigaspora rosea | 4511_973A	isolate
PX215093.1	Gigaspora rosea	Gigaspora	194757_703A					Gigaspora rosea | 194757_703A	Gigaspora rosea | 194757_703A	isolate
PX215094.1	Gigaspora rosea	Gigaspora	4511_973A					Gigaspora rosea | 4511_973A	Gigaspora rosea | 4511_973A	isolate
PX215095.1	Gigaspora rosea	Gigaspora	CW0011_4010A				From Att.1282-12(11)	Gigaspora rosea | CW0011_4010A	Gigaspora rosea | CW0011_4010A	isolate
PX215096.1	Gigaspora rosea	Gigaspora	woodslee_203A					Gigaspora rosea | woodslee_203A	Gigaspora rosea | woodslee_203A	isolate
PX215097.1	Gigaspora rosea	Gigaspora	woodslee_203A					Gigaspora rosea | woodslee_203A	Gigaspora rosea | woodslee_203A	isolate
PX215098.1	Gigaspora rosea	Gigaspora	woodslee_203A					Gigaspora rosea | woodslee_203A	Gigaspora rosea | woodslee_203A	isolate
PX215099.1	Gigaspora rosea	Gigaspora	woodslee_203A					Gigaspora rosea | woodslee_203A	Gigaspora rosea | woodslee_203A	isolate
PX215100.1	Gigaspora rosea	Gigaspora	woodslee_203A					Gigaspora rosea | woodslee_203A	Gigaspora rosea | woodslee_203A	isolate
PX215101.1	Gigaspora rosea	Gigaspora	4752_496A					Gigaspora rosea | 4752_496A	Gigaspora rosea | 4752_496A	isolate
PX215102.1	Gigaspora rosea	Gigaspora	4752_496A					Gigaspora rosea | 4752_496A	Gigaspora rosea | 4752_496A	isolate
PX215103.1	Gigaspora rosea	Gigaspora	CU131_1018C					Gigaspora rosea | CU131_1018C	Gigaspora rosea | CU131_1018C	isolate
PX215104.1	Gigaspora rosea	Gigaspora	4752_496A					Gigaspora rosea | 4752_496A	Gigaspora rosea | 4752_496A	isolate
PX215105.1	Gigaspora rosea	Gigaspora	4752_496A					Gigaspora rosea | 4752_496A	Gigaspora rosea | 4752_496A	isolate
PX215106.1	Gigaspora rosea	Gigaspora	BEG9_770A					Gigaspora rosea | BEG9_770A	Gigaspora rosea | BEG9_770A	isolate
PX215107.1	Gigaspora rosea	Gigaspora	4511_973A					Gigaspora rosea | 4511_973A	Gigaspora rosea | 4511_973A	isolate
PX215108.1	Gigaspora rosea	Gigaspora	woodslee_203A					Gigaspora rosea | woodslee_203A	Gigaspora rosea | woodslee_203A	isolate
PX215109.1	Gigaspora rosea	Gigaspora	BEG9_770A					Gigaspora rosea | BEG9_770A	Gigaspora rosea | BEG9_770A	isolate
PX215110.1	Gigaspora rosea	Gigaspora	194757_703A					Gigaspora rosea | 194757_703A	Gigaspora rosea | 194757_703A	isolate
PX215111.1	Gigaspora rosea	Gigaspora	194757_703A					Gigaspora rosea | 194757_703A	Gigaspora rosea | 194757_703A	isolate
PX215112.1	Gigaspora rosea	Gigaspora	4511_973A					Gigaspora rosea | 4511_973A	Gigaspora rosea | 4511_973A	isolate
PX215113.1	Gigaspora rosea	Gigaspora	CW0011_4010A				From Att.1282-12(11)	Gigaspora rosea | CW0011_4010A	Gigaspora rosea | CW0011_4010A	isolate
PX215114.1	Gigaspora rosea	Gigaspora	CW0011_4010A				From Att.1282-12(11)	Gigaspora rosea | CW0011_4010A	Gigaspora rosea | CW0011_4010A	isolate
PX215115.1	Gigaspora rosea	Gigaspora	4752_496A					Gigaspora rosea | 4752_496A	Gigaspora rosea | 4752_496A	isolate
PX215116.1	Gigaspora rosea	Gigaspora	4752_496A					Gigaspora rosea | 4752_496A	Gigaspora rosea | 4752_496A	isolate
PX215118.1	Ambispora callosa	Ambispora	JA116_2012B					Ambispora callosa | JA116_2012B	Ambispora callosa | JA116_2012B	isolate
PX215119.1	Ambispora callosa	Ambispora	MAFF520084_2504A					Ambispora callosa | MAFF520084_2504A	Ambispora callosa | MAFF520084_2504A	isolate
PX215120.1	Ambispora callosa	Ambispora	MAFF520084_2504A					Ambispora callosa | MAFF520084_2504A	Ambispora callosa | MAFF520084_2504A	isolate
PX215121.1	Ambispora callosa	Ambispora	MAFF520084_2504A					Ambispora callosa | MAFF520084_2504A	Ambispora callosa | MAFF520084_2504A	isolate
PX215122.1	Ambispora callosa	Ambispora	JA116_2012B					Ambispora callosa | JA116_2012B	Ambispora callosa | JA116_2012B	isolate
PX215123.1	Ambispora callosa	Ambispora	MAFF520084_2504A					Ambispora callosa | MAFF520084_2504A	Ambispora callosa | MAFF520084_2504A	isolate
PX215124.1	Ambispora callosa	Ambispora	MAFF520057_2499A					Ambispora callosa | MAFF520057_2499A	Ambispora callosa | MAFF520057_2499A	isolate
PX215125.1	Ambispora callosa	Ambispora	MAFF520084_2504A					Ambispora callosa | MAFF520084_2504A	Ambispora callosa | MAFF520084_2504A	isolate
PX215126.1	Ambispora callosa	Ambispora	JA116_2012B					Ambispora callosa | JA116_2012B	Ambispora callosa | JA116_2012B	isolate
PX215127.1	Ambispora callosa	Ambispora	MAFF520084_2504A					Ambispora callosa | MAFF520084_2504A	Ambispora callosa | MAFF520084_2504A	isolate
PX215128.1	Ambispora callosa	Ambispora	MAFF520084_2504A					Ambispora callosa | MAFF520084_2504A	Ambispora callosa | MAFF520084_2504A	isolate
PX215129.1	Ambispora callosa	Ambispora	MAFF520084_2504A					Ambispora callosa | MAFF520084_2504A	Ambispora callosa | MAFF520084_2504A	isolate
PX215130.1	Ambispora callosa	Ambispora	JA116_2012B					Ambispora callosa | JA116_2012B	Ambispora callosa | JA116_2012B	isolate
PX215131.1	Ambispora callosa	Ambispora	MAFF520084_2504A					Ambispora callosa | MAFF520084_2504A	Ambispora callosa | MAFF520084_2504A	isolate
PX215132.1	Ambispora callosa	Ambispora	JA116_2012B					Ambispora callosa | JA116_2012B	Ambispora callosa | JA116_2012B	isolate
PX215133.1	Ambispora callosa	Ambispora	MAFF520057_2499A					Ambispora callosa | MAFF520057_2499A	Ambispora callosa | MAFF520057_2499A	isolate
PX215134.1	Ambispora callosa	Ambispora	MAFF520057_2499A					Ambispora callosa | MAFF520057_2499A	Ambispora callosa | MAFF520057_2499A	isolate
PX215135.1	Ambispora callosa	Ambispora	MAFF520057_2499A					Ambispora callosa | MAFF520057_2499A	Ambispora callosa | MAFF520057_2499A	isolate
PX215136.1	Ambispora callosa	Ambispora	JA116_2012B					Ambispora callosa | JA116_2012B	Ambispora callosa | JA116_2012B	isolate
PX215137.1	Ambispora callosa	Ambispora	JA116_2012B					Ambispora callosa | JA116_2012B	Ambispora callosa | JA116_2012B	isolate
PX215138.1	Ambispora leptoticha	Ambispora	MAFF520090_2501A					Ambispora leptoticha | MAFF520090_2501A	Ambispora leptoticha | MAFF520090_2501A	isolate
PX215139.1	Ambispora leptoticha	Ambispora	ON205A					Ambispora leptoticha | ON205A	Ambispora leptoticha | ON205A	isolate
PX215140.1	Ambispora leptoticha	Ambispora	ON205A					Ambispora leptoticha | ON205A	Ambispora leptoticha | ON205A	isolate
PX215141.1	Ambispora leptoticha	Ambispora	ON205A					Ambispora leptoticha | ON205A	Ambispora leptoticha | ON205A	isolate
PX215142.1	Paraglomus brasilianum	Paraglomus	W960_3_902A					Paraglomus brasilianum | W960_3_902A	Paraglomus brasilianum | W960_3_902A	isolate
PX215143.1	Paraglomus brasilianum	Paraglomus	W960_3_902C					Paraglomus brasilianum | W960_3_902C	Paraglomus brasilianum | W960_3_902C	isolate
PX215144.1	Paraglomus brasilianum	Paraglomus	W260_5_933C					Paraglomus brasilianum | W260_5_933C	Paraglomus brasilianum | W260_5_933C	isolate
PX215145.1	Paraglomus brasilianum	Paraglomus	BR105_2435A					Paraglomus brasilianum | BR105_2435A	Paraglomus brasilianum | BR105_2435A	isolate
PX215146.1	Paraglomus brasilianum	Paraglomus	W260_5_933C					Paraglomus brasilianum | W260_5_933C	Paraglomus brasilianum | W260_5_933C	isolate
PX215147.1	Paraglomus brasilianum	Paraglomus	BR105_2435A					Paraglomus brasilianum | BR105_2435A	Paraglomus brasilianum | BR105_2435A	isolate
PX215148.1	Paraglomus brasilianum	Paraglomus	W260_5_933C					Paraglomus brasilianum | W260_5_933C	Paraglomus brasilianum | W260_5_933C	isolate
PX215149.1	Paraglomus brasilianum	Paraglomus	5274_2288B					Paraglomus brasilianum | 5274_2288B	Paraglomus brasilianum | 5274_2288B	isolate
PX215150.1	Paraglomus sp.	Paraglomus	5088_2360A					Paraglomus sp. | 5088_2360A	Paraglomus sp. | 5088_2360A	isolate
PX215151.1	Paraglomus sp.	Paraglomus	4423_1159D					Paraglomus sp. | 4423_1159D	Paraglomus sp. | 4423_1159D	isolate
PX215152.1	Paraglomus sp.	Paraglomus	4423_1159D					Paraglomus sp. | 4423_1159D	Paraglomus sp. | 4423_1159D	isolate
PX215153.1	Paraglomus sp.	Paraglomus	5088_2360A					Paraglomus sp. | 5088_2360A	Paraglomus sp. | 5088_2360A	isolate
PX215154.1	Paraglomus sp.	Paraglomus	4423_1159D					Paraglomus sp. | 4423_1159D	Paraglomus sp. | 4423_1159D	isolate
PX215155.1	Paraglomus sp.	Paraglomus	4423_1159D					Paraglomus sp. | 4423_1159D	Paraglomus sp. | 4423_1159D	isolate
PX215156.1	Paraglomus sp.	Paraglomus	4423_1159D					Paraglomus sp. | 4423_1159D	Paraglomus sp. | 4423_1159D	isolate
PX215157.1	Paraglomus sp.	Paraglomus	5088_2360A					Paraglomus sp. | 5088_2360A	Paraglomus sp. | 5088_2360A	isolate
PX215158.1	Paraglomus sp.	Paraglomus	4423_1159D					Paraglomus sp. | 4423_1159D	Paraglomus sp. | 4423_1159D	isolate
PX215159.1	Paraglomus sp.	Paraglomus	4423_1159D					Paraglomus sp. | 4423_1159D	Paraglomus sp. | 4423_1159D	isolate
PX215160.1	Paraglomus sp.	Paraglomus	4423_1159D					Paraglomus sp. | 4423_1159D	Paraglomus sp. | 4423_1159D	isolate
PX215161.1	Paraglomus sp.	Paraglomus	4423_1159D					Paraglomus sp. | 4423_1159D	Paraglomus sp. | 4423_1159D	isolate
PX215162.1	Paraglomus sp.	Paraglomus	BR105_2435A					Paraglomus sp. | BR105_2435A	Paraglomus sp. | BR105_2435A	isolate
PX215163.1	Paraglomus sp.	Paraglomus	BR105_2435A					Paraglomus sp. | BR105_2435A	Paraglomus sp. | BR105_2435A	isolate
PX215164.1	Paraglomus sp.	Paraglomus	BR105_2435A					Paraglomus sp. | BR105_2435A	Paraglomus sp. | BR105_2435A	isolate
