asv	organism	code	lab	collection	role	length	nearest_v4	nearest_its_pct	v18_best	v18_best_pct
Dentiscutata_heterogama_FL728_KU_ASV1168_INVAM	Dentiscutata heterogama	FL728	KU	INVAM	known species	2333	Dentiscutata heterogama | CL157_2013B	6.42	Dentiscutata Fuscutata	98.63
Rhizophagus_clarus_FL879N_KU_ASV1378_INVAM	Rhizophagus clarus	FL879N	KU	INVAM	novel species, genus in v4	2471	Rhizophagus intraradices | UT126A	15.95	Rhizophagus clarus	98.83
Rhizophagus_clarus_FL879N_KU_ASV1379_INVAM	Rhizophagus clarus	FL879N	KU	INVAM	novel species, genus in v4	2471	[Rhizoglomus] vesiculiferum | 4369_IVT81A	15.32	Rhizophagus clarus	98.98
Gigaspora_margarita_120_7A_KU_ASV1308_BeverSchultz	Gigaspora margarita	120_7A	KU	BeverSchultz	novel species, genus in v4	2343	Gigaspora rosea | CU131_1018E	10.03	Gigaspora margarita	98.41
Rhizophagus_clarus_FL879N_KU_ASV1380_INVAM	Rhizophagus clarus	FL879N	KU	INVAM	novel species, genus in v4	2477	Rhizophagus intraradices | UT126A	15.52	Rhizophagus clarus	98.69
Paraglomus_brasilianum_FL710_19_KU_ASV1331_INVAM	Paraglomus brasilianum	FL710_19	KU	INVAM	known species	2437	Paraglomus brasilianum | W960_3_902A	0.0	Paraglomus brasilianum	99.21
Rhizophagus_clarus_FL879N_KU_ASV1381_INVAM	Rhizophagus clarus	FL879N	KU	INVAM	novel species, genus in v4	2469	Rhizophagus intraradices | UT126A	15.52	Rhizophagus clarus	98.54
Rhizophagus_clarus_BR147B_KU_ASV1382_INVAM	Rhizophagus clarus	BR147B	KU	INVAM	novel species, genus in v4	2467	Rhizophagus prolifer | SD5_IVT32	15.55	Rhizophagus clarus	98.98
Rhizophagus_clarus_BR147B_KU_ASV1383_INVAM	Rhizophagus clarus	BR147B	KU	INVAM	novel species, genus in v4	2467	Rhizophagus intraradices | UT126A	15.95	Rhizophagus clarus	98.98
Funneliformis_mosseae_NC302C_KU_ASV1255_INVAM	Funneliformis mosseae	NC302C	KU	INVAM	known species	2503	Funneliformis mosseae | 4344_272A	0.41	Funneliformis caledonium	99.03
Gigaspora_gigantea_KS302_KU_ASV1304_INVAM	Gigaspora gigantea	KS302	KU	INVAM	novel species, genus in v4	2346	Gigaspora rosea | woodslee_203A	1.24	Gigaspora albida	98.25
Rhizophagus_dimorphicus_FL912N_KU_ASV1391_INVAM	Rhizophagus dimorphicus	FL912N	KU	INVAM	novel species, genus in v4	2450	Rhizophagus irregularis | CC4_4A_IVT7A	13.64	Rhizophagus irregularis	91.57
Dentiscutata_erythropa_RI275_31_KU_ASV1149_INVAM	Dentiscutata erythropa	RI275_31	KU	INVAM	novel species, genus in v4	2337	Dentiscutata heterogama | CL157_2013B	6.67	Dentiscutata erythropus	97.76
Gigaspora_margarita_NC114B_KU_ASV1053_INVAM	Gigaspora margarita	NC114B	KU	INVAM	novel species, genus in v4	2352	Gigaspora rosea | 4752_496A	8.89	Gigaspora decipiens	97.68
Gigaspora_gigantea_KS302_KU_ASV1305_INVAM	Gigaspora gigantea	KS302	KU	INVAM	novel species, genus in v4	2349	Gigaspora rosea | woodslee_203A	0.74	Gigaspora albida	98.09
Dentiscutata_erythropa_RI275_31_KU_ASV1150_INVAM	Dentiscutata erythropa	RI275_31	KU	INVAM	novel species, genus in v4	2337	Dentiscutata heterogama | CL157_2013B	7.16	Dentiscutata erythropus	99.52
Funneliformis_mosseae_510_4A_KU_ASV1256_BeverSchultz	Funneliformis mosseae	510_4A	KU	BeverSchultz	known species	2500	Funneliformis mosseae | CHB4_Fmos	0.0	Funneliformis coronatus	99.86
Rhizophagus_clarus_FL879N_KU_ASV1384_INVAM	Rhizophagus clarus	FL879N	KU	INVAM	novel species, genus in v4	2475	Rhizophagus intraradices | UT126A	15.3	Rhizophagus clarus	99.27
Rhizophagus_clarus_BR147B_KU_ASV1385_INVAM	Rhizophagus clarus	BR147B	KU	INVAM	novel species, genus in v4	2479	Rhizophagus intraradices | UT126A	15.3	Rhizophagus clarus	99.56
Rhizophagus_clarus_BR147B_KU_ASV1386_INVAM	Rhizophagus clarus	BR147B	KU	INVAM	novel species, genus in v4	2477	Rhizophagus intraradices | UT126A	15.52	Rhizophagus clarus	99.42
Dentiscutata_erythropa_RI275_31_KU_ASV1151_INVAM	Dentiscutata erythropa	RI275_31	KU	INVAM	novel species, genus in v4	2340	Dentiscutata heterogama | CL157_2013B	7.41	Dentiscutata erythropus	99.36
Funneliformis_coronatum_MR101_KU_ASV1218_INVAM	Funneliformis coronatus	MR101	KU	INVAM	known species	2500	Funneliformis mosseae | CHB4_Fmos	0.41	Funneliformis coronatus	100.0
Funneliformis_coronatum_MR101_KU_ASV1219_INVAM	Funneliformis coronatus	MR101	KU	INVAM	known species	2502	Funneliformis mosseae | CHB4_Fmos	0.0	Funneliformis coronatus	100.0
Funneliformis_coronatum_MR101_KU_ASV1220_INVAM	Funneliformis coronatus	MR101	KU	INVAM	known species	2500	Funneliformis mosseae | CHB4_Fmos	0.0	Funneliformis coronatus	99.86
Funneliformis_mosseae_510_4A_KU_ASV1257_BeverSchultz	Funneliformis mosseae	510_4A	KU	BeverSchultz	known species	2502	Funneliformis mosseae | CHB4_Fmos	0.2	Funneliformis coronatus	100.0
Rhizophagus_clarus_FL879N_KU_ASV1387_INVAM	Rhizophagus clarus	FL879N	KU	INVAM	novel species, genus in v4	2474	Rhizophagus intraradices | UT126A	14.66	Rhizophagus clarus	98.83
Dentiscutata_erythropa_RI275_31_KU_ASV1152_INVAM	Dentiscutata erythropa	RI275_31	KU	INVAM	novel species, genus in v4	2335	Dentiscutata heterogama | CL157_2013B	7.16	Dentiscutata erythropus	99.36
Rhizophagus_clarus_BR147B_KU_ASV1388_INVAM	Rhizophagus clarus	BR147B	KU	INVAM	novel species, genus in v4	2478	Rhizophagus intraradices | UT126A	15.3	Rhizophagus clarus	99.27
Gigaspora_margarita_NC114B_KU_ASV1003_INVAM	Gigaspora margarita	NC114B	KU	INVAM	novel species, genus in v4	2350	Gigaspora rosea | CU131_1018E	8.77	Gigaspora margarita	99.04
Funneliformis_mosseae_NC302C_KU_ASV1258_INVAM	Funneliformis mosseae	NC302C	KU	INVAM	known species	2503	Funneliformis mosseae | 4344_272A	0.0	Funneliformis coronatus	99.3
Dentiscutata_erythropa_RI275_31_KU_ASV1153_INVAM	Dentiscutata erythropa	RI275_31	KU	INVAM	novel species, genus in v4	2336	Dentiscutata heterogama | CL157_2013B	6.67	Dentiscutata erythropus	99.68
Funneliformis_mosseae_NC302C_KU_ASV1259_INVAM	Funneliformis mosseae	NC302C	KU	INVAM	known species	2504	Funneliformis mosseae | 4344_272A	0.0	Funneliformis caledonium	99.03
Paraglomus_brasilianum_FL710_19_KU_ASV1332_INVAM	Paraglomus brasilianum	FL710_19	KU	INVAM	known species	2435	Paraglomus brasilianum | W260_5_933C	0.0	Paraglomus brasilianum	99.05
Funneliformis_coronatum_MR101_KU_ASV1221_INVAM	Funneliformis coronatus	MR101	KU	INVAM	known species	2500	Funneliformis mosseae | CHB4_Fmos	0.61	Funneliformis coronatus	99.72
Funneliformis_mosseae_WY107_KU_ASV1228_INVAM	Funneliformis mosseae	WY107	KU	INVAM	known species	2501	Funneliformis mosseae | 2252_723A	0.61	Funneliformis coronatus	99.44
Rhizophagus_dimorphicus_FL912N_KU_ASV1392_INVAM	Rhizophagus dimorphicus	FL912N	KU	INVAM	novel species, genus in v4	2467	Rhizophagus silesianus | ECU32_IVT8A	13.68	Rhizophagus dimorphicus	99.42
Gigaspora_rosea_BR155B_KU_ASV1317_INVAM	Gigaspora rosea	BR155B	KU	INVAM	known species	2346	Gigaspora rosea | BEG9_770A	0.0	Gigaspora albida	97.93
Funneliformis_mosseae_87_11_KU_ASV1260_BeverSchultz	Funneliformis mosseae	87_11	KU	BeverSchultz	known species	2502	Funneliformis mosseae | CHB4_Fmos	0.0	Funneliformis coronatus	100.0
Funneliformis_mosseae_NC302C_KU_ASV1261_INVAM	Funneliformis mosseae	NC302C	KU	INVAM	known species	2504	Funneliformis mosseae | 4344_272A	0.2	Funneliformis coronatus	99.3
Funneliformis_mosseae_87_11_KU_ASV1262_BeverSchultz	Funneliformis mosseae	87_11	KU	BeverSchultz	known species	2501	Funneliformis mosseae | CHB4_Fmos	0.82	Funneliformis coronatus	99.86
Gigaspora_gigantea_KS302_KU_ASV1306_INVAM	Gigaspora gigantea	KS302	KU	INVAM	novel species, genus in v4	2350	Gigaspora rosea | woodslee_203A	0.49	Gigaspora albida	97.93
Funneliformis_mosseae_WY107_KU_ASV1229_INVAM	Funneliformis mosseae	WY107	KU	INVAM	known species	2501	Funneliformis mosseae | 2252_723A	0.0	Funneliformis coronatus	99.44
Gigaspora_decipiens_AU102_9_KU_ASV1301_INVAM	Gigaspora decipiens	AU102_9	KU	INVAM	novel species, genus in v4	2340	Gigaspora rosea | BEG9_770A	7.0	Gigaspora margarita	97.29
Dentiscutata_erythropa_RI275_31_KU_ASV1154_INVAM	Dentiscutata erythropa	RI275_31	KU	INVAM	novel species, genus in v4	2337	Dentiscutata heterogama | CL157_2013B	6.67	Dentiscutata erythropus	99.68
Funneliformis_mosseae_87_11_KU_ASV1263_BeverSchultz	Funneliformis mosseae	87_11	KU	BeverSchultz	known species	2502	Funneliformis mosseae | CHB4_Fmos	0.0	Funneliformis coronatus	99.86
Funneliformis_coronatum_MR101_KU_ASV1222_INVAM	Funneliformis coronatus	MR101	KU	INVAM	known species	2502	Funneliformis mosseae | CHB4_Fmos	0.2	Funneliformis coronatus	100.0
Funneliformis_mosseae_87_11_KU_ASV1264_BeverSchultz	Funneliformis mosseae	87_11	KU	BeverSchultz	known species	2500	Funneliformis mosseae | CHB4_Fmos	0.41	Funneliformis coronatus	99.58
Ambispora_leptoticha_MT106_KU_ASV1010_INVAM	Ambispora leptoticha	MT106	KU	INVAM	code shared with Stefani, names differ	2432	Ambispora leptoticha | ON205A	8.06	Ambispora leptoticha	98.25
Funneliformis_mosseae_87_11_KU_ASV1265_BeverSchultz	Funneliformis mosseae	87_11	KU	BeverSchultz	known species	2499	Funneliformis mosseae | CHB4_Fmos	0.21	Funneliformis coronatus	100.0
Funneliformis_mosseae_NC302C_KU_ASV1266_INVAM	Funneliformis mosseae	NC302C	KU	INVAM	known species	2504	Funneliformis mosseae | 4344_272A	0.2	Funneliformis caledonium	99.03
Funneliformis_mosseae_WY107_KU_ASV1230_INVAM	Funneliformis mosseae	WY107	KU	INVAM	known species	2505	Funneliformis mosseae | 198394_123A	0.2	Funneliformis caledonium	99.3
Funneliformis_mosseae_87_11_KU_ASV1267_BeverSchultz	Funneliformis mosseae	87_11	KU	BeverSchultz	known species	2501	Funneliformis mosseae | CHB4_Fmos	0.0	Funneliformis coronatus	99.86
Gigaspora_rosea_BR155B_KU_ASV1318_INVAM	Gigaspora rosea	BR155B	KU	INVAM	known species	2343	Gigaspora rosea | BEG9_770A	0.0	Gigaspora rosea	96.81
Funneliformis_mosseae_87_11_KU_ASV1268_BeverSchultz	Funneliformis mosseae	87_11	KU	BeverSchultz	known species	2502	Funneliformis mosseae | CHB4_Fmos	0.0	Funneliformis coronatus	99.86
Dentiscutata_erythropa_RI275_31_KU_ASV1155_INVAM	Dentiscutata erythropa	RI275_31	KU	INVAM	novel species, genus in v4	2332	Dentiscutata heterogama | CL157_2013B	8.15	Dentiscutata erythropus	99.04
Ambispora_leptoticha_MT106_KU_ASV1119_INVAM	Ambispora leptoticha	MT106	KU	INVAM	code shared with Stefani, names differ	2453	Ambispora leptoticha | ON205A	0.0	Ambispora leptoticha	98.73
Funneliformis_mosseae_WY107_KU_ASV1006_INVAM	Funneliformis mosseae	WY107	KU	INVAM	known species	2501	Funneliformis mosseae | 2252_723A	0.0	Funneliformis caledonium	99.3
Funneliformis_mosseae_WY107_KU_ASV1231_INVAM	Funneliformis mosseae	WY107	KU	INVAM	known species	2501	Funneliformis mosseae | 198394_123A	0.2	Funneliformis coronatus	99.16
Rhizophagus_dimorphicus_FL912N_KU_ASV1393_INVAM	Rhizophagus dimorphicus	FL912N	KU	INVAM	novel species, genus in v4	2462	Rhizophagus prolifer | SD5_IVT32	14.9	Rhizophagus dimorphicus	98.84
Funneliformis_mosseae_NC302C_KU_ASV1269_INVAM	Funneliformis mosseae	NC302C	KU	INVAM	known species	2503	Funneliformis mosseae | 4344_272A	0.2	Funneliformis caledonium	99.03
Dentiscutata_erythropa_RI275_31_KU_ASV1156_INVAM	Dentiscutata erythropa	RI275_31	KU	INVAM	novel species, genus in v4	2340	Dentiscutata heterogama | CL157_2013B	7.41	Dentiscutata erythropus	99.2
Funneliformis_mosseae_WY107_KU_ASV1232_INVAM	Funneliformis mosseae	WY107	KU	INVAM	known species	2501	Funneliformis mosseae | 198394_123A	0.61	Funneliformis caledonium	99.16
Funneliformis_mosseae_510_4A_KU_ASV1270_BeverSchultz	Funneliformis mosseae	510_4A	KU	BeverSchultz	known species	2502	Funneliformis mosseae | CHB4_Fmos	1.02	Funneliformis coronatus	99.3
Rhizophagus_dimorphicus_FL912N_KU_ASV1394_INVAM	Rhizophagus dimorphicus	FL912N	KU	INVAM	novel species, genus in v4	2467	Rhizophagus silesianus | ECU32_IVT8A	13.68	Rhizophagus dimorphicus	99.42
Funneliformis_mosseae_NC302C_KU_ASV1271_INVAM	Funneliformis mosseae	NC302C	KU	INVAM	known species	2504	Funneliformis mosseae | 4344_272A	0.2	Funneliformis caledonium	99.03
Ambispora_leptoticha_MT106_KU_ASV1023_INVAM	Ambispora leptoticha	MT106	KU	INVAM	code shared with Stefani, names differ	2449	Ambispora leptoticha | ON205A	0.0	Ambispora leptoticha	98.73
Funneliformis_mosseae_510_4A_KU_ASV1272_BeverSchultz	Funneliformis mosseae	510_4A	KU	BeverSchultz	known species	2496	Funneliformis mosseae | CHB4_Fmos	1.64	Funneliformis coronatus	99.72
Funneliformis_mosseae_510_4A_KU_ASV1273_BeverSchultz	Funneliformis mosseae	510_4A	KU	BeverSchultz	known species	2501	Funneliformis mosseae | CHB4_Fmos	0.41	Funneliformis coronatus	99.72
Funneliformis_mosseae_87_11_KU_ASV1274_BeverSchultz	Funneliformis mosseae	87_11	KU	BeverSchultz	known species	2501	Funneliformis mosseae | CHB4_Fmos	0.2	Funneliformis coronatus	100.0
Funneliformis_coronatum_MR101_KU_ASV1223_INVAM	Funneliformis coronatus	MR101	KU	INVAM	known species	2502	Funneliformis mosseae | CHB4_Fmos	0.0	Funneliformis coronatus	99.72
Dentiscutata_erythropa_RI275_31_KU_ASV1157_INVAM	Dentiscutata erythropa	RI275_31	KU	INVAM	novel species, genus in v4	2333	Dentiscutata heterogama | CL157_2013B	8.15	Dentiscutata erythropus	99.04
Gigaspora_margarita_NC114B_KU_ASV1045_INVAM	Gigaspora margarita	NC114B	KU	INVAM	novel species, genus in v4	2347	Gigaspora rosea | BEG9_770A	8.0	Gigaspora margarita	96.66
Gigaspora_sp._JAY1_KU_ASV1452_BeverSchultz	Gigaspora sp.	JAY1	KU	BeverSchultz	genus only	2340	Gigaspora rosea | BEG9_770A	7.0	Gigaspora margarita	97.29
Gigaspora_sp._JAY1_KU_ASV1453_BeverSchultz	Gigaspora sp.	JAY1	KU	BeverSchultz	genus only	2347	Gigaspora rosea | CU131_1018E	8.27	Gigaspora margarita	96.66
Sclerocystis_sinuosa_MD126_KU_ASV1401_INVAM	Sclerocystis sinuosa	MD126	KU	INVAM	known species	2478	Sclerocystis sinuosa | MT106_2767A	0.0	Sclerocystis sinuosa	99.42
Funneliformis_mosseae_NC302C_KU_ASV1275_INVAM	Funneliformis mosseae	NC302C	KU	INVAM	known species	2503	Funneliformis mosseae | 4344_272A	0.41	Funneliformis coronatus	99.03
Funneliformis_coronatum_MR101_KU_ASV1224_INVAM	Funneliformis coronatus	MR101	KU	INVAM	known species	2501	Funneliformis mosseae | CHB4_Fmos	0.2	Funneliformis coronatus	99.86
Gigaspora_decipiens_AU102_9_KU_ASV1302_INVAM	Gigaspora decipiens	AU102_9	KU	INVAM	novel species, genus in v4	2347	Gigaspora rosea | 4752_496A	8.89	Gigaspora margarita	98.89
Sclerocystis_sinuosa_MD126_KU_ASV1402_INVAM	Sclerocystis sinuosa	MD126	KU	INVAM	known species	2479	Sclerocystis sinuosa | MT106_2767A	1.92	Sclerocystis sinuosa	98.99
Rhizophagus_dimorphicus_FL912N_KU_ASV1395_INVAM	Rhizophagus dimorphicus	FL912N	KU	INVAM	novel species, genus in v4	2467	Rhizophagus silesianus | ECU32_IVT8A	13.89	Rhizophagus dimorphicus	99.42
Funneliformis_mosseae_WY107_KU_ASV1233_INVAM	Funneliformis mosseae	WY107	KU	INVAM	known species	2501	Funneliformis mosseae | 2252_723A	0.0	Funneliformis coronatus	99.44
Funneliformis_mosseae_510_4A_KU_ASV1276_BeverSchultz	Funneliformis mosseae	510_4A	KU	BeverSchultz	known species	2497	Funneliformis mosseae | CHB4_Fmos	1.44	Funneliformis coronatus	99.72
Funneliformis_mosseae_510_4A_KU_ASV1277_BeverSchultz	Funneliformis mosseae	510_4A	KU	BeverSchultz	known species	2501	Funneliformis mosseae | CHB4_Fmos	0.2	Funneliformis coronatus	99.58
Ambispora_leptoticha_MX982A_KU_ASV1126_INVAM	Ambispora leptoticha	MX982A	KU	INVAM	known species	2457	Ambispora leptoticha | ON205A	8.22	Ambispora leptoticha	96.98
Funneliformis_mosseae_NC302C_KU_ASV1278_INVAM	Funneliformis mosseae	NC302C	KU	INVAM	known species	2502	Funneliformis mosseae | 4344_272A	0.81	Funneliformis coronatus	99.16
Funneliformis_mosseae_NC302C_KU_ASV1279_INVAM	Funneliformis mosseae	NC302C	KU	INVAM	known species	2503	Funneliformis mosseae | 2101_50A	1.64	Funneliformis coronatus	99.3
Funneliformis_mosseae_NC302C_KU_ASV1280_INVAM	Funneliformis mosseae	NC302C	KU	INVAM	known species	2503	Funneliformis mosseae | 4344_272A	0.2	Funneliformis coronatus	99.03
Ambispora_leptoticha_MT106_KU_ASV1120_INVAM	Ambispora leptoticha	MT106	KU	INVAM	code shared with Stefani, names differ	2446	Ambispora leptoticha | ON205A	0.0	Ambispora leptoticha	98.1
Funneliformis_mosseae_WY107_KU_ASV1234_INVAM	Funneliformis mosseae	WY107	KU	INVAM	known species	2501	Funneliformis mosseae | 198394_123A	0.61	Funneliformis caledonium	99.16
Dentiscutata_heterogama_FL728_KU_ASV1170_INVAM	Dentiscutata heterogama	FL728	KU	INVAM	known species	2347	Dentiscutata heterogama | CL157_2013B	1.23	Dentiscutata heterogama	99.04
Funneliformis_mosseae_87_11_KU_ASV1281_BeverSchultz	Funneliformis mosseae	87_11	KU	BeverSchultz	known species	2500	Funneliformis mosseae | CHB4_Fmos	0.41	Funneliformis coronatus	99.58
Funneliformis_coronatum_MR101_KU_ASV1225_INVAM	Funneliformis coronatus	MR101	KU	INVAM	known species	2502	Funneliformis mosseae | CHB4_Fmos	0.0	Funneliformis coronatus	99.72
Funneliformis_mosseae_WY107_KU_ASV1235_INVAM	Funneliformis mosseae	WY107	KU	INVAM	known species	2501	Funneliformis mosseae | 2252_723A	0.2	Funneliformis coronatus	99.16
Funneliformis_mosseae_WY107_KU_ASV1236_INVAM	Funneliformis mosseae	WY107	KU	INVAM	known species	2501	Funneliformis mosseae | W32_9_13A	1.03	Funneliformis coronatus	99.3
Funneliformis_mosseae_NC302C_KU_ASV1282_INVAM	Funneliformis mosseae	NC302C	KU	INVAM	known species	2504	Funneliformis mosseae | 4344_272A	0.0	Funneliformis coronatus	99.44
Sclerocystis_sinuosa_MD126_KU_ASV1403_INVAM	Sclerocystis sinuosa	MD126	KU	INVAM	known species	2478	Sclerocystis sinuosa | MT106_2767A	0.0	Sclerocystis sinuosa	99.42
Ambispora_leptoticha_MT106_KU_ASV1121_INVAM	Ambispora leptoticha	MT106	KU	INVAM	code shared with Stefani, names differ	2450	Ambispora leptoticha | ON205A	1.2	Ambispora leptoticha	98.89
Funneliformis_mosseae_87_11_KU_ASV1283_BeverSchultz	Funneliformis mosseae	87_11	KU	BeverSchultz	known species	2500	Funneliformis mosseae | CHB4_Fmos	0.21	Funneliformis coronatus	99.72
Funneliformis_mosseae_NC302C_KU_ASV1284_INVAM	Funneliformis mosseae	NC302C	KU	INVAM	known species	2503	Funneliformis mosseae | 4344_272A	0.41	Funneliformis caledonium	99.03
Funneliformis_mosseae_WY107_KU_ASV1048_INVAM	Funneliformis mosseae	WY107	KU	INVAM	known species	2502	Funneliformis mosseae | 198394_123A	1.02	Funneliformis caledonium	99.44
Gigaspora_margarita_NC114B_KU_ASV1040_INVAM	Gigaspora margarita	NC114B	KU	INVAM	novel species, genus in v4	2340	Gigaspora rosea | BEG9_770A	6.93	Gigaspora margarita	96.82
Funneliformis_mosseae_87_11_KU_ASV1285_BeverSchultz	Funneliformis mosseae	87_11	KU	BeverSchultz	known species	2501	Funneliformis mosseae | CHB4_Fmos	0.41	Funneliformis coronatus	99.72
Funneliformis_mosseae_WY107_KU_ASV1237_INVAM	Funneliformis mosseae	WY107	KU	INVAM	known species	2504	Funneliformis mosseae | 2101_50A	0.61	Funneliformis caledonium	99.3
Funneliformis_mosseae_87_11_KU_ASV1286_BeverSchultz	Funneliformis mosseae	87_11	KU	BeverSchultz	known species	2502	Funneliformis mosseae | CHB4_Fmos	0.0	Funneliformis coronatus	99.86
Funneliformis_mosseae_WY107_KU_ASV1238_INVAM	Funneliformis mosseae	WY107	KU	INVAM	known species	2505	Funneliformis mosseae | 198394_123A	0.0	Funneliformis coronatus	99.16
Funneliformis_mosseae_87_11_KU_ASV1287_BeverSchultz	Funneliformis mosseae	87_11	KU	BeverSchultz	known species	2497	Funneliformis mosseae | CHB4_Fmos	0.0	Funneliformis coronatus	99.44
Gigaspora_rosea_BR155B_KU_ASV1319_INVAM	Gigaspora rosea	BR155B	KU	INVAM	known species	2343	Gigaspora rosea | BEG9_770A	0.0	Gigaspora rosea	96.65
Sclerocystis_sinuosa_MD126_KU_ASV1404_INVAM	Sclerocystis sinuosa	MD126	KU	INVAM	known species	2478	Sclerocystis sinuosa | MT106_2767A	0.0	Sclerocystis sinuosa	99.28
Funneliformis_mosseae_WY107_KU_ASV1018_INVAM	Funneliformis mosseae	WY107	KU	INVAM	known species	2502	Funneliformis mosseae | 2252_723A	0.61	Funneliformis caledonium	99.3
Ambispora_leptoticha_MX982A_KU_ASV1127_INVAM	Ambispora leptoticha	MX982A	KU	INVAM	known species	2456	Ambispora leptoticha | ON205A	8.62	Ambispora leptoticha	97.46
Paraglomus_brasilianum_FL710_19_KU_ASV1335_INVAM	Paraglomus brasilianum	FL710_19	KU	INVAM	known species	2436	Paraglomus brasilianum | W260_5_933C	0.0	Paraglomus brasilianum	99.21
Funneliformis_mosseae_WY107_KU_ASV1239_INVAM	Funneliformis mosseae	WY107	KU	INVAM	known species	2501	Funneliformis mosseae | 2252_723A	0.2	Funneliformis caledonium	99.16
Ambispora_leptoticha_MX982A_KU_ASV1128_INVAM	Ambispora leptoticha	MX982A	KU	INVAM	known species	2452	Ambispora leptoticha | ON205A	7.77	Ambispora leptoticha	97.46
Funneliformis_mosseae_NC302C_KU_ASV1288_INVAM	Funneliformis mosseae	NC302C	KU	INVAM	known species	2504	Funneliformis mosseae | 4344_272A	0.0	Funneliformis coronatus	99.44
Racocetra_gregaria_NC210_KU_ASV1370_INVAM	Racocetra gregaria	NC210	KU	INVAM	novel lineage, genus not in v4	2352	Cetraspora gilmorei | 4414_1105C	12.2	Racocetra alborosea	98.32
Ambispora_leptoticha_MX982A_KU_ASV1129_INVAM	Ambispora leptoticha	MX982A	KU	INVAM	known species	2460	Ambispora leptoticha | ON205A	9.42	Ambispora leptoticha	96.83
Archaeospora_trappei_SF124_22_KU_ASV1140_INVAM	Archaeospora trappei	SF124_22	KU	INVAM	novel lineage, genus not in v4	2433	Glomus rugosae | 2101_IVT46	32.44		
Gigaspora_margarita_120_7A_KU_ASV1309_BeverSchultz	Gigaspora margarita	120_7A	KU	BeverSchultz	novel species, genus in v4	2342	Gigaspora rosea | BEG9_770A	7.25	Gigaspora margarita	96.97
Racocetra_gregaria_NC210_KU_ASV1371_INVAM	Racocetra gregaria	NC210	KU	INVAM	novel lineage, genus not in v4	2350	Cetraspora gilmorei | 4414_1105C	12.44	Racocetra alborosea	98.48
Gigaspora_rosea_KS885_ZUII_ASV1032_INVAM	Gigaspora rosea	KS885	ZUII	INVAM	known species	2337	Gigaspora rosea | BEG9_770A	0.0	Gigaspora gigantea	98.08
Sclerocystis_sinuos_MD126_KU_ASV1405_INVAM	Sclerocystis sinuosa	MD126	KU	INVAM	known species	2477	Sclerocystis sinuosa | MT106_2767A	0.0	Sclerocystis sinuosa	99.13
Dentiscutata_heterogama_FL225_25_KU_ASV1171_INVAM	Dentiscutata heterogama	FL225_25	KU	INVAM	known species	2349	Dentiscutata heterogama | BEG_35_2003A	1.47	Dentiscutata Fuscutata	98.17
Sclerocystis_sinuosa_MD126_KU_ASV1406_INVAM	Sclerocystis sinuosa	MD126	KU	INVAM	known species	2478	Sclerocystis sinuosa | MT106_2767A	0.0	Sclerocystis sinuosa	98.99
Septoglomus_constrictum_KS890_KU_ASV1425_INVAM	Septoglomus constrictum	KS890	KU	INVAM	novel species, genus in v4	2485	Septoglomus sp. | FS_9_2328B	1.06	Septoglomus constrictum	97.98
Gigaspora_gigantea_KS302_KU_ASV1307_INVAM	Gigaspora gigantea	KS302	KU	INVAM	novel species, genus in v4	2347	Gigaspora rosea | BEG9_770A	1.98	Gigaspora gigantea	99.36
Sclerocystis_sinuosa_MD126_KU_ASV1407_INVAM	Sclerocystis sinuosa	MD126	KU	INVAM	known species	2478	Sclerocystis sinuosa | MT106_2767A	0.0	Sclerocystis sinuosa	98.99
Archaeospora_trappei_SF124_22_KU_ASV1141_INVAM	Archaeospora trappei	SF124_22	KU	INVAM	novel lineage, genus not in v4	2443	Dominikia duoreactiva | 4412	32.03		
Dentiscutata_heterogama_IL203A_ZU_ASV1001_INVAM	Dentiscutata heterogama	IL203A	ZU	INVAM	known species	2347	Dentiscutata heterogama | CL157_2013B	1.46	Dentiscutata Fuscutata	98.78
Gigaspora_margarita_NC114B_KU_ASV1310_INVAM	Gigaspora margarita	NC114B	KU	INVAM	novel species, genus in v4	2340	Gigaspora rosea | BEG9_770A	7.25	Gigaspora margarita	96.5
Archaeospora_trappei_SF124_22_KU_ASV1142_INVAM	Archaeospora trappei	SF124_22	KU	INVAM	novel lineage, genus not in v4	2431	Dominikia duoreactiva | 4412	32.72		
Ambispora_leptoticha_MX982A_KU_ASV1130_INVAM	Ambispora leptoticha	MX982A	KU	INVAM	known species	2451	Ambispora leptoticha | ON205A	7.82	Ambispora leptoticha	96.98
Ambispora_leptoticha_MX982A_KU_ASV1131_INVAM	Ambispora leptoticha	MX982A	KU	INVAM	known species	2460	Ambispora callosa | JA116_2012B	9.7	Ambispora leptoticha	96.98
Ambispora_leptoticha_MX982A_KU_ASV1132_INVAM	Ambispora leptoticha	MX982A	KU	INVAM	known species	2456	Ambispora leptoticha | ON205A	8.62	Ambispora leptoticha	96.83
Dentiscutata_heterogama_FL728_KU_ASV1172_INVAM	Dentiscutata heterogama	FL728	KU	INVAM	known species	2350	Dentiscutata heterogama | CL157_2013B	0.73	Dentiscutata Fuscutata	98.63
Ambispora_leptoticha_MX982A_KU_ASV1133_INVAM	Ambispora leptoticha	MX982A	KU	INVAM	known species	2461	Ambispora leptoticha | ON205A	9.22	Ambispora leptoticha	96.83
Gigaspora_decipiens_AU102_9_KU_ASV1303_INVAM	Gigaspora decipiens	AU102_9	KU	INVAM	novel species, genus in v4	2342	Gigaspora rosea | BEG9_770A	5.94	Gigaspora margarita	96.5
Dentiscutata_heterogama_FL728_KU_ASV1173_INVAM	Dentiscutata heterogama	FL728	KU	INVAM	known species	2349	Dentiscutata heterogama | CL157_2013B	0.73	Dentiscutata Fuscutata	98.63
Archaeospora_trappei_SF124_22_KU_ASV1143_INVAM	Archaeospora trappei	SF124_22	KU	INVAM	novel lineage, genus not in v4	2434	Dominikia duoreactiva | 4412	32.03		
Dentiscutata_heterogama_FL728_KU_ASV1174_INVAM	Dentiscutata heterogama	FL728	KU	INVAM	known species	2340	Dentiscutata heterogama | CL157_2013B	4.2	Dentiscutata Fuscutata	98.17
Archaeospora_schenckii_CL401_KU_ASV1137_INVAM	Archaeospora schenckii	CL401	KU	INVAM	novel lineage, genus not in v4	2475	Cetraspora gilmorei | 4436_787A	30.53	Archaeospora schenckii	99.53
Gigaspora_rosea_FL105_11_KU_ASV1320_INVAM	Gigaspora rosea	FL105_11	KU	INVAM	known species	2345	Gigaspora rosea | BEG9_770A	0.25	Gigaspora albida	97.93
Archaeospora_schenckii_CL401_KU_ASV1138_INVAM	Archaeospora schenckii	CL401	KU	INVAM	novel lineage, genus not in v4	2482	Gigaspora rosea | BEG9_770A	30.75	Archaeospora schenckii	99.22
Dentiscutata_heterogama_FL728_KU_ASV1175_INVAM	Dentiscutata heterogama	FL728	KU	INVAM	known species	2349	Dentiscutata heterogama | BEG_35_2003A	1.47	Dentiscutata Fuscutata	98.02
Acaulospora_kentinensis_FL709_10_KU_ASV1056_INVAM	Acaulospora kentinensis	FL709_10	KU	INVAM	novel species, genus in v4	2410	Acaulospora morrowiae | CR315B_2019A	16.74	Acaulospora kentinensis	99.54
Gigaspora_margarita_120_7A_KU_ASV1311_BeverSchultz	Gigaspora margarita	120_7A	KU	BeverSchultz	novel species, genus in v4	2340	Gigaspora rosea | BEG9_770A	7.0	Gigaspora margarita	97.29
Dentiscutata_heterogama_IL203A_ZUII_ASV1039_INVAM	Dentiscutata heterogama	IL203A	ZUII	INVAM	known species	2344	Dentiscutata heterogama | CL157_2013B	0.0	Dentiscutata heterogama	99.04
Dentiscutata_heterogama_IL203A_ZUII_ASV1054_INVAM	Dentiscutata heterogama	IL203A	ZUII	INVAM	known species	2349	Dentiscutata heterogama | CL157_2013B	0.0	Dentiscutata Fuscutata	98.63
Dentiscutata_heterogama_IL203A_ZUII_ASV1014_INVAM	Dentiscutata heterogama	IL203A	ZUII	INVAM	known species	2334	Dentiscutata heterogama | CL157_2013B	6.17	Dentiscutata Fuscutata	98.48
Dentiscutata_heterogama_IL203A_ZUII_ASV1049_INVAM	Dentiscutata heterogama	IL203A	ZUII	INVAM	known species	2340	Dentiscutata heterogama | CL157_2013B	4.2	Dentiscutata Fuscutata	98.02
Acaulospora_koskei_SC705_ZU_ASV1057_INVAM	Acaulospora koskei	SC705	ZU	INVAM	novel species, genus in v4	2390	Acaulospora morrowiae | BF_TM_1197A	20.14	Acaulospora intravesiculata	95.39
Racocetra_gregaria_BEG243_ZUII_ASV1051_BEG	Racocetra gregaria	BEG243	ZUII	BEG	novel lineage, genus not in v4	2352	Cetraspora gilmorei | 4414_1105C	11.46	Racocetra alborosea	98.93
Dentiscutata_heterogama_BR154_ZUII_ASV1033_INVAM	Dentiscutata heterogama	BR154	ZUII	INVAM	known species	2350	Dentiscutata heterogama | CL157_2013B	0.49	Dentiscutata Fuscutata	98.63
Dentiscutata_heterogama_BR154_ZUII_ASV1047_INVAM	Dentiscutata heterogama	BR154	ZUII	INVAM	known species	2346	Dentiscutata heterogama | CL157_2013B	0.99	Dentiscutata heterogama	99.04
Racocetra_gregaria_BEG243_ZUII_ASV1026_BEG	Racocetra gregaria	BEG243	ZUII	BEG	novel lineage, genus not in v4	2356	Cetraspora gilmorei | 4414_1105C	11.95	Racocetra alborosea	98.78
Racocetra_gregaria_BEG243_ZUII_ASV1002_BEG	Racocetra gregaria	BEG243	ZUII	BEG	novel lineage, genus not in v4	2355	Cetraspora gilmorei | 4414_1105C	10.98	Racocetra verrucosa	98.75
Acaulospora_morrowiae_BR983A_ZUII_ASV1028_INVAM	Acaulospora morrowiae	BR983A	ZUII	INVAM	known species	2415	Acaulospora morrowiae | CR315B_2019A	6.11	Acaulospora dilatata	97.33
Dentiscutata_heterogama_IL203A_ZUII_ASV1001_INVAM	Dentiscutata heterogama	IL203A	ZUII	INVAM	known species	2347	Dentiscutata heterogama | CL157_2013B	1.46	Dentiscutata Fuscutata	98.78
Racocetra_gregaria_BEG243_ZU_ASV1366_BEG	Racocetra gregaria	BEG243	ZU	BEG	novel lineage, genus not in v4	2357	Cetraspora gilmorei | 4414_1105C	11.95	Racocetra alborosea	98.63
Dentiscutata_heterogama_BR154_ZUII_ASV1030_INVAM	Dentiscutata heterogama	BR154	ZUII	INVAM	known species	2340	Dentiscutata heterogama | CL157_2013B	4.2	Dentiscutata Fuscutata	98.02
Dentiscutata_heterogama_IL203A_ZUII_ASV1031_INVAM	Dentiscutata heterogama	IL203A	ZUII	INVAM	known species	2351	Dentiscutata heterogama | CL157_2013B	0.0	Dentiscutata Fuscutata	98.63
Corymbiglomus_corymbiforme_Blaszk5_ZU_ASV1145_Blaszkowski	Corymbiglomus corymbiforme	Blaszk5	ZU	Blaszkowski	novel lineage, genus not in v4	2471	Diversispora celata | 4381_68A	23.37	Corymbiglomus corymbiforme	95.67
Funneliformis_mosseae_BEG161_ZU_ASV1240_BEG	Funneliformis mosseae	BEG161	ZU	BEG	known species	2500	Funneliformis mosseae | FEC30_219A	1.23	Funneliformis coronatus	99.3
Racocetra_gregaria_BEG243_ZUII_ASV1029_BEG	Racocetra gregaria	BEG243	ZUII	BEG	novel lineage, genus not in v4	2353	Cetraspora gilmorei | 4414_1105C	12.2	Racocetra alborosea	99.24
Dentiscutata_heterogama_IL203A_ZUII_ASV1009_INVAM	Dentiscutata heterogama	IL203A	ZUII	INVAM	known species	2350	Dentiscutata heterogama | BEG_35_2003A	1.71	Dentiscutata Fuscutata	98.17
Dentiscutata_heterogama_IL203A_ZUII_ASV1004_INVAM	Dentiscutata heterogama	IL203A	ZUII	INVAM	known species	2348	Dentiscutata heterogama | CL157_2013B	1.46	Dentiscutata Fuscutata	98.78
Racocetra_gregaria_BEG243_ZU_ASV1367_BEG	Racocetra gregaria	BEG243	ZU	BEG	novel lineage, genus not in v4	2352	Cetraspora gilmorei | 4414_1105C	11.71	Racocetra alborosea	98.93
Dentiscutata_heterogama_BEG35_ZUII_ASV1016_BEG	Dentiscutata heterogama	BEG35	ZUII	BEG	code shared with Stefani	2347	Dentiscutata heterogama | CL157_2013B	2.18	Dentiscutata Fuscutata	98.63
Dentiscutata_heterogama_IL203A_ZUII_ASV1052_INVAM	Dentiscutata heterogama	IL203A	ZUII	INVAM	known species	2349	Dentiscutata heterogama | CL157_2013B	0.73	Dentiscutata Fuscutata	98.78
Dentiscutata_heterogama_BR154_ZUII_ASV1015_INVAM	Dentiscutata heterogama	BR154	ZUII	INVAM	known species	2350	Dentiscutata heterogama | BEG_35_2003A	1.71	Dentiscutata Fuscutata	98.63
Racocetra_sp_179_Blask4_ZU_ASV1373_Blaszkowski	Racocetra sp.	179_Blask4	ZU	Blaszkowski	genus only	2356	Cetraspora gilmorei | 4414_1105C	11.95	Racocetra alborosea	98.78
Gigaspora_margarita_BEG9_ZUII_ASV1040_BEG	Gigaspora margarita	BEG9	ZUII	BEG	code shared with Stefani, names differ	2340	Gigaspora rosea | BEG9_770A	6.93	Gigaspora margarita	96.82
Dentiscutata_heterogama_BR154_ZUII_ASV1038_INVAM	Dentiscutata heterogama	BR154	ZUII	INVAM	known species	2349	Dentiscutata heterogama | CL157_2013B	0.73	Dentiscutata Fuscutata	98.78
Ambispora_gerdemannii_ON205A_ZUII_ASV1000_INVAM	Ambispora gerdemannii	ON205A	ZUII	INVAM	code shared with Stefani, names differ	2437	Ambispora callosa | MAFF520057_2499A	18.56	Ambispora gerdemannii	99.52
Funneliformis_mosseae_BEG12_ZUII_ASV1050_BEG	Funneliformis mosseae	BEG12	ZUII	BEG	known species	2504	Funneliformis mosseae | CHB1_Fmos	2.65	Funneliformis coronatus	98.89
Racocetra_gregaria_BEG243_ZUII_ASV1035_BEG	Racocetra gregaria	BEG243	ZUII	BEG	novel lineage, genus not in v4	2352	Cetraspora gilmorei | 4414_1105C	11.71	Racocetra alborosea	98.93
Ambispora_fennica_Af2_ZU_ASV1109_KrugerWalker	Ambispora fennica	Af2	ZU	KrugerWalker	novel species, genus in v4	2439	Ambispora callosa | MAFF520057_2499A	19.96	Ambispora fennica	96.64
Funneliformis_mosseae_BEG161_ZU_ASV1241_BEG	Funneliformis mosseae	BEG161	ZU	BEG	known species	2503	Funneliformis mosseae | 2101_50A	1.22	Funneliformis caledonium	99.16
Racocetra_gregaria_BEG243_ZU_ASV1368_BEG	Racocetra gregaria	BEG243	ZU	BEG	novel lineage, genus not in v4	2359	Cetraspora gilmorei | 4414_1105C	12.93	Racocetra alborosea	98.78
Scutellospora_calospora_IL209_ZU_ASV1415_INVAM	Scutellospora calospora	IL209	ZU	INVAM	novel lineage, genus not in v4	2377	Dentiscutata heterogama | CL157_2013B	14.07	Scutellospora dipurpurescens	98.07
Funneliformis_mosseae_BEG12_ZUII_ASV1020_BEG	Funneliformis mosseae	BEG12	ZUII	BEG	known species	2502	Funneliformis mosseae | CHB1_Fmos	1.65	Funneliformis coronatus	99.03
Dentiscutata_heterogama_BEG35_ZU_ASV1159_BEG	Dentiscutata heterogama	BEG35	ZU	BEG	code shared with Stefani	2351	Dentiscutata heterogama | BEG_35_2003A	0.0	Dentiscutata Fuscutata	98.02
Ambispora_gerdemannii_ON205A_ZUII_ASV1043_INVAM	Ambispora gerdemannii	ON205A	ZUII	INVAM	code shared with Stefani, names differ	2437	Ambispora callosa | MAFF520057_2499A	18.56	Ambispora gerdemannii	99.37
Ambispora_gerdemannii_ON205A_ZU_ASV1116_INVAM	Ambispora gerdemannii	ON205A	ZU	INVAM	code shared with Stefani, names differ	2437	Ambispora callosa | MAFF520057_2499A	18.76	Ambispora gerdemannii	99.37
Funneliformis_mosseae_BEG12_ZU_ASV1242_BEG	Funneliformis mosseae	BEG12	ZU	BEG	known species	2504	Funneliformis mosseae | CHB1_Fmos	1.63	Funneliformis coronatus	99.3
Gigaspora_margarita_BEG9_ZU_ASV1053_BEG	Gigaspora margarita	BEG9	ZU	BEG	code shared with Stefani, names differ	2352	Gigaspora rosea | 4752_496A	8.89	Gigaspora decipiens	97.68
Dentiscutata_heterogama_BEG35_ZU_ASV1160_BEG	Dentiscutata heterogama	BEG35	ZU	BEG	code shared with Stefani	2347	Dentiscutata heterogama | BEG_35_2003A	1.47	Dentiscutata heterogama	98.4
Dentiscutata_heterogama_BEG35_ZU_ASV1161_BEG	Dentiscutata heterogama	BEG35	ZU	BEG	code shared with Stefani	2345	Dentiscutata heterogama | CL157_2013B	2.91	Dentiscutata Fuscutata	98.63
Dentiscutata_heterogama_BEG35_ZUII_ASV1042_BEG	Dentiscutata heterogama	BEG35	ZUII	BEG	code shared with Stefani	2338	Dentiscutata heterogama | CL157_2013B	5.68	Dentiscutata heterogama	98.4
Dentiscutata_heterogama_BR154_ZUII_ASV1025_INVAM	Dentiscutata heterogama	BR154	ZUII	INVAM	known species	2351	Dentiscutata heterogama | BEG_35_2003A	1.96	Dentiscutata Fuscutata	98.32
Funneliformis_mosseae_BEG12_ZUII_ASV1007_BEG	Funneliformis mosseae	BEG12	ZUII	BEG	known species	2502	Funneliformis mosseae | CHB1_Fmos	1.64	Funneliformis coronatus	99.16
Scutellospora_calospora_IL209_ZU_ASV1416_INVAM	Scutellospora calospora	IL209	ZU	INVAM	novel lineage, genus not in v4	2375	Dentiscutata heterogama | CL157_2013B	13.83	Scutellospora dipurpurescens	98.07
Scutellospora_calospora_IL209_ZU_ASV1417_INVAM	Scutellospora calospora	IL209	ZU	INVAM	novel lineage, genus not in v4	2371	Dentiscutata heterogama | BEG_35_2003A	14.25	Scutellospora dipurpurescens	98.22
Acaulospora_sp._WV685_ZU_ASV1058_INVAM	Acaulospora sp.	WV685	ZU	INVAM	genus only	2402	Acaulospora morrowiae | CR315B_2019A	5.05	Acaulospora dilatata	96.14
Funneliformis_mosseae_BEG12_ZU_ASV1243_BEG	Funneliformis mosseae	BEG12	ZU	BEG	known species	2503	Funneliformis mosseae | CHB1_Fmos	1.02	Funneliformis coronatus	99.16
Dentiscutata_heterogama_BR154_ZU_ASV1162_INVAM	Dentiscutata heterogama	BR154	ZU	INVAM	known species	2351	Dentiscutata heterogama | CL157_2013B	0.0	Dentiscutata Fuscutata	98.63
Funneliformis_mosseae_BEG12_ZU_ASV1244_BEG	Funneliformis mosseae	BEG12	ZU	BEG	known species	2505	Funneliformis mosseae | CHB1_Fmos	2.04	Funneliformis coronatus	99.16
Dentiscutata_heterogama_BR154_ZU_ASV1163_INVAM	Dentiscutata heterogama	BR154	ZU	INVAM	known species	2351	Dentiscutata heterogama | CL157_2013B	1.46	Dentiscutata Fuscutata	98.78
Gigaspora_margarita_BEG9_ZU_ASV1045_BEG	Gigaspora margarita	BEG9	ZU	BEG	code shared with Stefani, names differ	2347	Gigaspora rosea | BEG9_770A	8.0	Gigaspora margarita	96.66
Ambispora_gerdemannii_ON205A_ZUII_ASV1013_INVAM	Ambispora gerdemannii	ON205A	ZUII	INVAM	code shared with Stefani, names differ	2437	Ambispora callosa | MAFF520057_2499A	18.36	Ambispora gerdemannii	99.52
Funneliformis_mosseae_BEG12_ZUII_ASV1041_BEG	Funneliformis mosseae	BEG12	ZUII	BEG	known species	2502	Funneliformis mosseae | CHB1_Fmos	2.27	Funneliformis coronatus	99.44
Funneliformis_mosseae_BEG12_ZUII_ASV1036_BEG	Funneliformis mosseae	BEG12	ZUII	BEG	known species	2502	Funneliformis mosseae | FEC30_219A	1.03	Funneliformis coronatus	99.3
Acaulospora_sp._WV685_ZU_ASV1060_INVAM	Acaulospora sp.	WV685	ZU	INVAM	genus only	2409	Acaulospora morrowiae | BF_TM_1197A	5.18	Acaulospora dilatata	95.4
Racocetra_gregaria_BEG243_ZU_ASV1369_BEG	Racocetra gregaria	BEG243	ZU	BEG	novel lineage, genus not in v4	2350	Cetraspora gilmorei | 4414_1105C	12.2	Racocetra alborosea	98.32
Ambispora_fennica_Af2_ZU_ASV1110_KrugerWalker	Ambispora fennica	Af2	ZU	KrugerWalker	novel species, genus in v4	2439	Ambispora callosa | MAFF520057_2499A	19.96	Ambispora fennica	96.79
Ambispora_fennica_Af2_ZU_ASV1111_KrugerWalker	Ambispora fennica	Af2	ZU	KrugerWalker	novel species, genus in v4	2439	Ambispora callosa | MAFF520057_2499A	19.56	Ambispora fennica	96.93
Acaulospora_sp._WV685_ZU_ASV1061_INVAM	Acaulospora sp.	WV685	ZU	INVAM	genus only	2408	Acaulospora morrowiae | CR315B_2019A	4.98	Acaulospora dilatata	96.29
Funneliformis_mosseae_BEG161_ZU_ASV1245_BEG	Funneliformis mosseae	BEG161	ZU	BEG	known species	2498	Funneliformis mosseae | W32_9_13A	1.23	Funneliformis caledonium	99.3
Scutellospora_calospora_IL209_ZU_ASV1418_INVAM	Scutellospora calospora	IL209	ZU	INVAM	novel lineage, genus not in v4	2375	Dentiscutata heterogama | CL157_2013B	14.08	Scutellospora dipurpurescens	99.11
Funneliformis_mosseae_BEG12_ZU_ASV1246_BEG	Funneliformis mosseae	BEG12	ZU	BEG	known species	2502	Funneliformis mosseae | CHB1_Fmos	1.86	Funneliformis coronatus	98.75
Funneliformis_mosseae_BEG161_ZU_ASV1247_BEG	Funneliformis mosseae	BEG161	ZU	BEG	known species	2498	Funneliformis mosseae | W32_9_13A	1.23	Funneliformis coronatus	99.44
Gigaspora_margarita_BEG9_ZU_ASV1003_BEG	Gigaspora margarita	BEG9	ZU	BEG	code shared with Stefani, names differ	2350	Gigaspora rosea | CU131_1018E	8.77	Gigaspora margarita	99.04
Corymbiglomus_corymbiforme_Blaszk5_ZU_ASV1146_Blaszkowski	Corymbiglomus corymbiforme	Blaszk5	ZU	Blaszkowski	novel lineage, genus not in v4	2460	Diversispora celata | 4381_68A	23.15	Corymbiglomus corymbiforme	95.38
Funneliformis_mosseae_BEG12_ZU_ASV1248_BEG	Funneliformis mosseae	BEG12	ZU	BEG	known species	2505	Funneliformis mosseae | CHB1_Fmos	2.44	Funneliformis coronatus	98.89
Corymbiglomus_corymbiforme_Blaszk5_ZU_ASV1147_Blaszkowski	Corymbiglomus corymbiforme	Blaszk5	ZU	Blaszkowski	novel lineage, genus not in v4	2466	Diversispora varaderana | 4450_536A	23.13	Corymbiglomus corymbiforme	95.39
Funneliformis_mosseae_BEG161_ZU_ASV1249_BEG	Funneliformis mosseae	BEG161	ZU	BEG	known species	2504	Funneliformis mosseae | 198394_123A	1.02	Funneliformis coronatus	99.3
Funneliformis_mosseae_BEG95_ZU_ASV1006_BEG	Funneliformis mosseae	BEG95	ZU	BEG	known species	2501	Funneliformis mosseae | 2252_723A	0.0	Funneliformis caledonium	99.3
Scutellospora_calospora_IL209_ZU_ASV1419_INVAM	Scutellospora calospora	IL209	ZU	INVAM	novel lineage, genus not in v4	2391	Dentiscutata heterogama | CL157_2013B	15.05	Scutellospora dipurpurescens	96.44
Funneliformis_mosseae_BEG12_ZU_ASV1250_BEG	Funneliformis mosseae	BEG12	ZU	BEG	known species	2499			Funneliformis coronatus	96.66
Funneliformis_mosseae_BEG95_ZU_ASV1251_BEG	Funneliformis mosseae	BEG95	ZU	BEG	known species	2502	Funneliformis mosseae | 2252_723A	0.2	Funneliformis caledonium	99.16
Scutellospora_calospora_IL209_ZU_ASV1420_INVAM	Scutellospora calospora	IL209	ZU	INVAM	novel lineage, genus not in v4	2370	Dentiscutata heterogama | BEG_35_2003A	14.25	Scutellospora dipurpurescens	98.07
Diversispora_epigaea_KS210_ZU_ASV1179_INVAM	Diversispora epigaea	KS210	ZU	INVAM	known species	2462	Diversispora epigaea | BEG47_1140C	0.88	Diversispora versiformis	98.44
Acaulospora_sp._WV685_ZU_ASV1065_INVAM	Acaulospora sp.	WV685	ZU	INVAM	genus only	2405	Acaulospora morrowiae | CR315B_2019A	6.11	Acaulospora dilatata	95.85
Acaulospora_sp._WV685_ZU_ASV1066_INVAM	Acaulospora sp.	WV685	ZU	INVAM	genus only	2408	Acaulospora morrowiae | CR315B_2019A	4.98	Acaulospora dilatata	95.85
Funneliformis_mosseae_BEG161_ZU_ASV1252_BEG	Funneliformis mosseae	BEG161	ZU	BEG	known species	2507	Funneliformis mosseae | 2101_50A	0.61	Funneliformis caledonium	99.16
Ambispora_gerdemannii_ON205A_ZU_ASV1117_INVAM	Ambispora gerdemannii	ON205A	ZU	INVAM	code shared with Stefani, names differ	2437	Ambispora callosa | MAFF520057_2499A	18.56	Ambispora gerdemannii	99.37
Diversispora_epigaea_KS210_ZU_ASV1180_INVAM	Diversispora epigaea	KS210	ZU	INVAM	known species	2464	Diversispora epigaea | FS16_2427A	1.97	Diversispora versiformis	98.73
Funneliformis_mosseae_BEG95_ZU_ASV1048_BEG	Funneliformis mosseae	BEG95	ZU	BEG	known species	2502	Funneliformis mosseae | 198394_123A	1.02	Funneliformis caledonium	99.44
Racocetra_sp._179_Blask4_ZU_ASV1374_Blaszkowski	Racocetra sp.	179_Blask4	ZU	Blaszkowski	genus only	2353	Cetraspora gilmorei | 4414_1105C	11.71	Racocetra alborosea	98.93
Dentiscutata_heterogama_BEG35_ZU_ASV1164_BEG	Dentiscutata heterogama	BEG35	ZU	BEG	code shared with Stefani	2348	Dentiscutata heterogama | BEG_35_2003A	0.0	Dentiscutata Fuscutata	98.48
Ambispora_gerdemannii_ON205A_ZU_ASV1118_INVAM	Ambispora gerdemannii	ON205A	ZU	INVAM	code shared with Stefani, names differ	2437	Ambispora callosa | MAFF520057_2499A	18.56	Ambispora gerdemannii	99.37
Dentiscutata_heterogama_BEG35_ZU_ASV1165_BEG	Dentiscutata heterogama	BEG35	ZU	BEG	code shared with Stefani	2346	Dentiscutata heterogama | BEG_35_2003A	0.0	Dentiscutata heterogama	99.2
Scutellospora_calospora_IL209_ZU_ASV1421_INVAM	Scutellospora calospora	IL209	ZU	INVAM	novel lineage, genus not in v4	2365	Dentiscutata heterogama | BEG_35_2003A	14.25	Scutellospora dipurpurescens	97.77
Diversispora_epigaea_KS210_ZU_ASV1181_INVAM	Diversispora epigaea	KS210	ZU	INVAM	known species	2457	Diversispora epigaea | BEG47_1140C	0.0	Diversispora versiformis	98.02
Funneliformis_mosseae_BEG95_ZU_ASV1018_BEG	Funneliformis mosseae	BEG95	ZU	BEG	known species	2502	Funneliformis mosseae | 2252_723A	0.61	Funneliformis caledonium	99.3
Gigaspora_margarita_BEG9_ZU_ASV1312_BEG	Gigaspora margarita	BEG9	ZU	BEG	code shared with Stefani, names differ	2346	Gigaspora rosea | 4752_496A	9.14	Gigaspora margarita	98.41
Racocetra_sp._179_Blask4_ZU_ASV1375_Blaszkowski	Racocetra sp.	179_Blask4	ZU	Blaszkowski	genus only	2358	Cetraspora gilmorei | 4414_1105C	11.22	Racocetra verrucosa	98.75
Funneliformis_mosseae_BEG161_ZU_ASV1253_BEG	Funneliformis mosseae	BEG161	ZU	BEG	known species	2506	Funneliformis mosseae | 2101_50A	0.61	Funneliformis caledonium	99.58
Ambispora_fennica_Af2_ZU_ASV1112_KrugerWalker	Ambispora fennica	Af2	ZU	KrugerWalker	novel species, genus in v4	2439	Ambispora callosa | MAFF520057_2499A	19.96	Ambispora fennica	96.64
Acaulospora_sp._WV685_ZU_ASV1069_INVAM	Acaulospora sp.	WV685	ZU	INVAM	genus only	2408	Acaulospora morrowiae | CR315B_2019A	4.75	Acaulospora dilatata	96.14
Acaulospora_sp._WV685_ZU_ASV1070_INVAM	Acaulospora sp.	WV685	ZU	INVAM	genus only	2408	Acaulospora morrowiae | CR315B_2019A	4.98	Acaulospora dilatata	95.99
Dentiscutata_heterogama_BR154_ZU_ASV1166_INVAM	Dentiscutata heterogama	BR154	ZU	INVAM	known species	2348	Dentiscutata heterogama | CL157_2013B	0.98	Dentiscutata Fuscutata	98.93
Corymbiglomus_corymbiforme_Blaszk5_ZU_ASV1148_Blaszkowski	Corymbiglomus corymbiforme	Blaszk5	ZU	Blaszkowski	novel lineage, genus not in v4	2471	Diversispora celata | 4381_68A	22.47	Corymbiglomus corymbiforme	95.14
Funneliformis_mosseae_BEG161_ZU_ASV1254_BEG	Funneliformis mosseae	BEG161	ZU	BEG	known species	2498	Funneliformis mosseae | W32_9_13A	1.03	Funneliformis coronatus	99.16
Scutellospora_calospora_IL209_ZU_ASV1422_INVAM	Scutellospora calospora	IL209	ZU	INVAM	novel lineage, genus not in v4	2378	Dentiscutata heterogama | CL157_2013B	14.81	Scutellospora dipurpurescens	98.96
Dentiscutata_heterogama_BEG35_ZU_ASV1167_BEG	Dentiscutata heterogama	BEG35	ZU	BEG	code shared with Stefani	2339	Dentiscutata heterogama | CL157_2013B	5.19	Dentiscutata Fuscutata	98.02
Gigaspora_margarita_BEG9_ZU_ASV1313_BEG	Gigaspora margarita	BEG9	ZU	BEG	code shared with Stefani, names differ	2347	Gigaspora rosea | CU131_1018E	7.04	Gigaspora margarita	96.5
Diversispora_epigaea_KS212_ZU_ASV1187_INVAM	Diversispora epigaea	KS212	ZU	INVAM	known species	2457	Diversispora epigaea | BEG47_1140C	0.0	Diversispora epigaea	97.24
Ambispora_fennica_Af2_ZU_ASV1113_KrugerWalker	Ambispora fennica	Af2	ZU	KrugerWalker	novel species, genus in v4	2438	Ambispora callosa | MAFF520057_2499A	19.56	Ambispora fennica	96.64
Gigaspora_margarita_BEG9_ZU_ASV1314_BEG	Gigaspora margarita	BEG9	ZU	BEG	code shared with Stefani, names differ	2340	Gigaspora rosea | woodslee_203A	10.17	Gigaspora margarita	97.13
Gigaspora_rosea_BR155B_ZU_ASV1315_INVAM	Gigaspora rosea	BR155B	ZU	INVAM	known species	2336	Gigaspora rosea | CU131_1018E	6.02	Gigaspora gigantea	95.84
Gigaspora_rosea_BR155B_ZU_ASV1316_INVAM	Gigaspora rosea	BR155B	ZU	INVAM	known species	2336	Gigaspora rosea | CU131_1018E	6.02	Gigaspora gigantea	95.36
Dentiscutata_heterogama_IL203A_ZU_ASV1039_INVAM	Dentiscutata heterogama	IL203A	ZU	INVAM	known species	2344	Dentiscutata heterogama | CL157_2013B	0.0	Dentiscutata heterogama	99.04
Entrophospora_lutea_CR308_ZUII_ASV1212_INVAM	Entrophospora lutea	CR308	ZUII	INVAM	novel lineage, genus not in v4	2511	Glomus tetrastratosum | 5105_2444A	30.02	Entrophospora lutea	99.85
Dentiscutata_heterogama_BR154_ZUII_ASV1158_INVAM	Dentiscutata heterogama	BR154	ZUII	INVAM	known species	2334	Dentiscutata heterogama | CL157_2013B	5.93	Dentiscutata Fuscutata	98.63
Dentiscutata_heterogama_BR154_ZU_ASV1033_INVAM	Dentiscutata heterogama	BR154	ZU	INVAM	known species	2350	Dentiscutata heterogama | CL157_2013B	0.49	Dentiscutata Fuscutata	98.63
Scutellospora_calospora_BEG245_ZUII_ASV1409_BEG	Scutellospora calospora	BEG245	ZUII	BEG	novel lineage, genus not in v4	2375	Dentiscutata heterogama | BEG_35_2003A	15.48	Scutellospora calospora	97.33
Ambispora_gerdemannii_ON205A_ZU_ASV1043_INVAM	Ambispora gerdemannii	ON205A	ZU	INVAM	code shared with Stefani, names differ	2437	Ambispora callosa | MAFF520057_2499A	18.56	Ambispora gerdemannii	99.37
Racocetra_gregaria_BEG243_ZU_ASV1026_BEG	Racocetra gregaria	BEG243	ZU	BEG	novel lineage, genus not in v4	2356	Cetraspora gilmorei | 4414_1105C	11.95	Racocetra alborosea	98.78
Acaulospora_laevis_BEG242_ZUII_ASV1081_BEG	Acaulospora laevis	BEG242	ZUII	BEG	novel species, genus in v4	2411	Acaulospora morrowiae | BF_TM_1197A	15.77	Acaulospora spinulifera	96.54
Dentiscutata_heterogama_IL203A_ZU_ASV1049_INVAM	Dentiscutata heterogama	IL203A	ZU	INVAM	known species	2340	Dentiscutata heterogama | CL157_2013B	4.2	Dentiscutata Fuscutata	98.02
Dentiscutata_heterogama_IL203A_ZU_ASV1054_INVAM	Dentiscutata heterogama	IL203A	ZU	INVAM	known species	2349	Dentiscutata heterogama | CL157_2013B	0.0	Dentiscutata Fuscutata	98.63
Scutellospora_calospora_BEG245_ZUII_ASV1410_BEG	Scutellospora calospora	BEG245	ZUII	BEG	novel lineage, genus not in v4	2375	Dentiscutata heterogama | BEG_35_2003A	14.74	Scutellospora calospora	98.22
Dentiscutata_heterogama_IL203A_ZU_ASV1014_INVAM	Dentiscutata heterogama	IL203A	ZU	INVAM	known species	2334	Dentiscutata heterogama | CL157_2013B	6.17	Dentiscutata Fuscutata	98.48
Dentiscutata_heterogama_BR154_ZU_ASV1047_INVAM	Dentiscutata heterogama	BR154	ZU	INVAM	known species	2346	Dentiscutata heterogama | CL157_2013B	0.99	Dentiscutata heterogama	99.04
Dentiscutata_heterogama_IL203A_ZU_ASV1052_INVAM	Dentiscutata heterogama	IL203A	ZU	INVAM	known species	2349	Dentiscutata heterogama | CL157_2013B	0.73	Dentiscutata Fuscutata	98.78
Ambispora_leptoticha_CR312_ZUII_ASV1123_INVAM	Ambispora leptoticha	CR312	ZUII	INVAM	known species	2449	Ambispora leptoticha | ON205A	0.0	Ambispora leptoticha	98.41
Scutellospora_calospora_BEG245_ZUII_ASV1411_BEG	Scutellospora calospora	BEG245	ZUII	BEG	novel lineage, genus not in v4	2386	Dentiscutata heterogama | CL157_2013B	15.53	Scutellospora deformata	99.39
Racocetra_gregaria_BEG243_ZU_ASV1051_BEG	Racocetra gregaria	BEG243	ZU	BEG	novel lineage, genus not in v4	2352	Cetraspora gilmorei | 4414_1105C	11.46	Racocetra alborosea	98.93
Racocetra_gregaria_BEG243_ZU_ASV1035_BEG	Racocetra gregaria	BEG243	ZU	BEG	novel lineage, genus not in v4	2352	Cetraspora gilmorei | 4414_1105C	11.71	Racocetra alborosea	98.93
Dentiscutata_heterogama_BR154_ZU_ASV1030_INVAM	Dentiscutata heterogama	BR154	ZU	INVAM	known species	2340	Dentiscutata heterogama | CL157_2013B	4.2	Dentiscutata Fuscutata	98.02
Dentiscutata_heterogama_BR154_ZU_ASV1038_INVAM	Dentiscutata heterogama	BR154	ZU	INVAM	known species	2349	Dentiscutata heterogama | CL157_2013B	0.73	Dentiscutata Fuscutata	98.78
Funneliformis_mosseae_BEG12_ZU_ASV1020_BEG	Funneliformis mosseae	BEG12	ZU	BEG	known species	2502	Funneliformis mosseae | CHB1_Fmos	1.65	Funneliformis coronatus	99.03
Dentiscutata_heterogama_FL728_KU_ASV1001_INVAM	Dentiscutata heterogama	FL728	KU	INVAM	known species	2347	Dentiscutata heterogama | CL157_2013B	1.46	Dentiscutata Fuscutata	98.78
Racocetra_gregaria_BEG243_ZUII_ASV1364_BEG	Racocetra gregaria	BEG243	ZUII	BEG	novel lineage, genus not in v4	2352	Cetraspora gilmorei | 4414_1105C	12.2	Racocetra alborosea	97.87
Ambispora_gerdemannii_ON205A_ZU_ASV1013_INVAM	Ambispora gerdemannii	ON205A	ZU	INVAM	code shared with Stefani, names differ	2437	Ambispora callosa | MAFF520057_2499A	18.36	Ambispora gerdemannii	99.52
Ambispora_gerdemannii_ON205A_ZU_ASV1000_INVAM	Ambispora gerdemannii	ON205A	ZU	INVAM	code shared with Stefani, names differ	2437	Ambispora callosa | MAFF520057_2499A	18.56	Ambispora gerdemannii	99.52
Scutellospora_calospora_BEG245_ZUII_ASV1412_BEG	Scutellospora calospora	BEG245	ZUII	BEG	novel lineage, genus not in v4	2378	Gigaspora rosea | woodslee_203A	14.93	Scutellospora deformata	99.39
Acaulospora_morrowiae_BR983A_ZU_ASV1028_INVAM	Acaulospora morrowiae	BR983A	ZU	INVAM	known species	2415	Acaulospora morrowiae | CR315B_2019A	6.11	Acaulospora dilatata	97.33
Funneliformis_mosseae_BEG12_ZU_ASV1050_BEG	Funneliformis mosseae	BEG12	ZU	BEG	known species	2504	Funneliformis mosseae | CHB1_Fmos	2.65	Funneliformis coronatus	98.89
Funneliformis_mosseae_BEG12_ZU_ASV1007_BEG	Funneliformis mosseae	BEG12	ZU	BEG	known species	2502	Funneliformis mosseae | CHB1_Fmos	1.64	Funneliformis coronatus	99.16
Dentiscutata_heterogama_BR154_ZU_ASV1015_INVAM	Dentiscutata heterogama	BR154	ZU	INVAM	known species	2350	Dentiscutata heterogama | BEG_35_2003A	1.71	Dentiscutata Fuscutata	98.63
Racocetra_gregaria_BEG243_ZU_ASV1002_BEG	Racocetra gregaria	BEG243	ZU	BEG	novel lineage, genus not in v4	2355	Cetraspora gilmorei | 4414_1105C	10.98	Racocetra verrucosa	98.75
Ambispora_leptoticha_CR312_ZUII_ASV1124_INVAM	Ambispora leptoticha	CR312	ZUII	INVAM	known species	2457	Ambispora leptoticha | ON205A	0.0	Ambispora leptoticha	98.89
Dentiscutata_heterogama_IL203A_ZU_ASV1031_INVAM	Dentiscutata heterogama	IL203A	ZU	INVAM	known species	2351	Dentiscutata heterogama | CL157_2013B	0.0	Dentiscutata Fuscutata	98.63
Diversispora_sp._W6227_ZUII_ASV1188_INVAM	Diversispora sp.	W6227	ZUII	INVAM	genus only	2465	Diversispora spurca | CW0006_4005B	0.0	Diversispora spurca	94.08
Funneliformis_mosseae_BEG12_ZU_ASV1036_BEG	Funneliformis mosseae	BEG12	ZU	BEG	known species	2502	Funneliformis mosseae | FEC30_219A	1.03	Funneliformis coronatus	99.3
Dentiscutata_heterogama_IL203A_ZU_ASV1004_INVAM	Dentiscutata heterogama	IL203A	ZU	INVAM	known species	2348	Dentiscutata heterogama | CL157_2013B	1.46	Dentiscutata Fuscutata	98.78
Ambispora_leptoticha_CR312_ZUII_ASV1010_INVAM	Ambispora leptoticha	CR312	ZUII	INVAM	known species	2432	Ambispora leptoticha | ON205A	8.06	Ambispora leptoticha	98.25
Ambispora_leptoticha_CR312_ZUII_ASV1023_INVAM	Ambispora leptoticha	CR312	ZUII	INVAM	known species	2449	Ambispora leptoticha | ON205A	0.0	Ambispora leptoticha	98.73
Acaulospora_laevis_BEG13_ZUII_ASV1083_BEG	Acaulospora laevis	BEG13	ZUII	BEG	novel species, genus in v4	2424	Acaulospora morrowiae | CR315B_2019A	22.15	Acaulospora laevis	98.3
Acaulospora_laevis_BEG26_ZUII_ASV1084_BEG	Acaulospora laevis	BEG26	ZUII	BEG	novel species, genus in v4	2421	Acaulospora morrowiae | CR315B_2019A	23.62	Acaulospora laevis	96.3
Dentiscutata_heterogama_IL203A_ZU_ASV1009_INVAM	Dentiscutata heterogama	IL203A	ZU	INVAM	known species	2350	Dentiscutata heterogama | BEG_35_2003A	1.71	Dentiscutata Fuscutata	98.17
Septoglomus_deserticola_NC302A_ZUII_ASV1438_INVAM	Septoglomus deserticola	NC302A	ZUII	INVAM	novel species, genus in v4	2531	Septoglomus viscosum | CW0026_Att1910-1	18.47	Septoglomus deserticola	99.56
Ambispora_leptoticha_CR312_ZUII_ASV1125_INVAM	Ambispora leptoticha	CR312	ZUII	INVAM	known species	2449	Ambispora leptoticha | ON205A	0.0	Ambispora leptoticha	98.41
Acaulospora_laevis_BEG242_ZUII_ASV1085_BEG	Acaulospora laevis	BEG242	ZUII	BEG	novel species, genus in v4	2410	Acaulospora morrowiae | BF_TM_1197A	15.91	Acaulospora spinulifera	96.54
Paraglomus_occultum_CU126_ZUII_ASV1356_INVAM	Paraglomus occultum	CU126	ZUII	INVAM	novel species, genus in v4	2470	Paraglomus sp. | BR105_2435A	20.69	Paraglomus laccatum	94.12
Racocetra_gregaria_BEG243_ZUII_ASV1365_BEG	Racocetra gregaria	BEG243	ZUII	BEG	novel lineage, genus not in v4	2354	Cetraspora gilmorei | 4414_1105C	12.2	Racocetra alborosea	98.93
Dentiscutata_heterogama_BR154_ZU_ASV1025_INVAM	Dentiscutata heterogama	BR154	ZU	INVAM	known species	2351	Dentiscutata heterogama | BEG_35_2003A	1.96	Dentiscutata Fuscutata	98.32
Gigaspora_rosea_FL105_11_KU_ASV1032_INVAM	Gigaspora rosea	FL105_11	KU	INVAM	known species	2337	Gigaspora rosea | BEG9_770A	0.0	Gigaspora gigantea	98.08
Racocetra_gregaria_BEG243_ZU_ASV1029_BEG	Racocetra gregaria	BEG243	ZU	BEG	novel lineage, genus not in v4	2353	Cetraspora gilmorei | 4414_1105C	12.2	Racocetra alborosea	99.24
Scutellospora_calospora_AU212B_ZUII_ASV1413_INVAM	Scutellospora calospora	AU212B	ZUII	INVAM	novel lineage, genus not in v4	2378	Dentiscutata heterogama | BEG_35_2003A	14.0	Scutellospora dipurpurescens	98.81
Acaulospora_laevis_BEG13_ZUII_ASV1086_BEG	Acaulospora laevis	BEG13	ZUII	BEG	novel species, genus in v4	2432	Acaulospora morrowiae | CR315B_2019A	21.33	Acaulospora laevis	96.91
Funneliformis_mosseae_BEG12_ZU_ASV1041_BEG	Funneliformis mosseae	BEG12	ZU	BEG	known species	2502	Funneliformis mosseae | CHB1_Fmos	2.27	Funneliformis coronatus	99.44
Paraglomus_occultum_CU126_ZUII_ASV1357_INVAM	Paraglomus occultum	CU126	ZUII	INVAM	novel species, genus in v4	2450	Paraglomus sp. | 4423_1159D	20.12	Paraglomus laccatum	94.12
Gigaspora_margarita_BEG9_ZU_ASV1040_BEG	Gigaspora margarita	BEG9	ZU	BEG	code shared with Stefani, names differ	2340	Gigaspora rosea | BEG9_770A	6.93	Gigaspora margarita	96.82
Acaulospora_laevis_BEG13_ZUII_ASV1087_BEG	Acaulospora laevis	BEG13	ZUII	BEG	novel species, genus in v4	2432	Acaulospora morrowiae | CR315B_2019A	21.33	Acaulospora laevis	96.91
Dentiscutata_heterogama_BEG35_ZU_ASV1016_BEG	Dentiscutata heterogama	BEG35	ZU	BEG	code shared with Stefani	2347	Dentiscutata heterogama | CL157_2013B	2.18	Dentiscutata Fuscutata	98.63
Dentiscutata_heterogama_BEG35_ZU_ASV1042_BEG	Dentiscutata heterogama	BEG35	ZU	BEG	code shared with Stefani	2338	Dentiscutata heterogama | CL157_2013B	5.68	Dentiscutata heterogama	98.4
Diversispora_sp._W6227_ZUII_ASV1189_INVAM	Diversispora sp.	W6227	ZUII	INVAM	genus only	2468	Diversispora spurca | CW0006_4005B	0.0	Diversispora spurca	94.79
Scutellospora_calospora_AU212B_ZUII_ASV1414_INVAM	Scutellospora calospora	AU212B	ZUII	INVAM	novel lineage, genus not in v4	2376	Dentiscutata heterogama | CL157_2013B	14.07	Scutellospora dipurpurescens	98.22
Septoglomus_deserticola_NC302A_ZUII_ASV1440_INVAM	Septoglomus deserticola	NC302A	ZUII	INVAM	novel species, genus in v4	2505	Septoglomus sp. | Blasz_17_2277A	19.92	Septoglomus deserticola	93.76
Septoglomus_deserticola_NC302A_ZUII_ASV1441_INVAM	Septoglomus deserticola	NC302A	ZUII	INVAM	novel species, genus in v4	2505	Septoglomus sp. | Blasz_17_2277A	19.92	Septoglomus deserticola	93.61
Paraglomus_laccatum_P4-bc1083-SPU-5-13-1-CW0010-4009B-s2483_STFI_ASV2112_CCAMF	Paraglomus laccatum	P4-bc1083-SPU-5-13-1-CW0010-4009B-s2483	STFI	CCAMF	Stefani reprocessed	2467	Paraglomus laccatum | CW0010_4009B	0.0	Paraglomus laccatum	98.93
Paraglomus_laccatum_P4-bc1083-SPU-5-13-1-CW0010-4009B-s1630_STFI_ASV2113_CCAMF	Paraglomus laccatum	P4-bc1083-SPU-5-13-1-CW0010-4009B-s1630	STFI	CCAMF	Stefani reprocessed	2464	Paraglomus laccatum | CW0010_4009B	0.0	Paraglomus laccatum	99.47
Paraglomus_laccatum_P4-bc1083-SPU-5-13-1-CW0010-4009B-s802_STFI_ASV2114_CCAMF	Paraglomus laccatum	P4-bc1083-SPU-5-13-1-CW0010-4009B-s802	STFI	CCAMF	Stefani reprocessed	2466	Paraglomus laccatum | CW0010_4009B	0.0	Paraglomus laccatum	98.93
Paraglomus_laccatum_P4-bc1083-SPU-5-13-1-CW0010-4009B-s15657_STFI_ASV2115_CCAMF	Paraglomus laccatum	P4-bc1083-SPU-5-13-1-CW0010-4009B-s15657	STFI	CCAMF	Stefani reprocessed	2463	Paraglomus laccatum | CW0010_4009B	0.0	Paraglomus laccatum	99.47
Paraglomus_laccatum_P4-bc1083-SPU-5-13-1-CW0010-4009B-s1001_STFI_ASV2116_CCAMF	Paraglomus laccatum	P4-bc1083-SPU-5-13-1-CW0010-4009B-s1001	STFI	CCAMF	Stefani reprocessed	2462	Paraglomus laccatum | CW0010_4009B	0.0	Paraglomus laccatum	99.47
Ambispora_sp._P4-bc1093-SPU-6-11-9-ON205-s167_STFI_ASV2049_CCAMF	Ambispora sp.	P4-bc1093-SPU-6-11-9-ON205-s167	STFI	CCAMF	Stefani reprocessed	2452	Ambispora leptoticha | ON205A	0.0	Ambispora leptoticha	98.73
Diversispora_spurca_P4-bc1086-SPU-5-6-2-CW0006-4005B-s332_STFI_ASV2105_CCAMF	Diversispora spurca	P4-bc1086-SPU-5-6-2-CW0006-4005B-s332	STFI	CCAMF	Stefani reprocessed	2461	Diversispora spurca | CW0006_4005B	0.0	Diversispora spurca	94.08
Diversispora_spurca_P4-bc1087-SPU-5-6-3-CW0006-4005B-s5050_STFI_ASV2105_CCAMF	Diversispora spurca	P4-bc1087-SPU-5-6-3-CW0006-4005B-s5050	STFI	CCAMF	Stefani reprocessed	2461	Diversispora spurca | CW0006_4005B	0.0	Diversispora spurca	94.08
Diversispora_spurca_P4-bc1087-SPU-5-6-3-CW0006-4005B-s184_STFI_ASV2117_CCAMF	Diversispora spurca	P4-bc1087-SPU-5-6-3-CW0006-4005B-s184	STFI	CCAMF	Stefani reprocessed	2463	Diversispora spurca | CW0006_4005B	0.0	Diversispora spurca	94.08
Diversispora_spurca_P4-bc1087-SPU-5-6-3-CW0006-4005B-s284_STFI_ASV2105_CCAMF	Diversispora spurca	P4-bc1087-SPU-5-6-3-CW0006-4005B-s284	STFI	CCAMF	Stefani reprocessed	2461	Diversispora spurca | CW0006_4005B	0.0	Diversispora spurca	94.08
Diversispora_spurca_P4-bc1087-SPU-5-6-3-CW0006-4005B-s181_STFI_ASV2118_CCAMF	Diversispora spurca	P4-bc1087-SPU-5-6-3-CW0006-4005B-s181	STFI	CCAMF	Stefani reprocessed	2459	Diversispora spurca | CW0006_4005B	0.0	Diversispora spurca	94.37
Diversispora_spurca_P4-bc1086-SPU-5-6-2-CW0006-4005B-s146_STFI_ASV2119_CCAMF	Diversispora spurca	P4-bc1086-SPU-5-6-2-CW0006-4005B-s146	STFI	CCAMF	Stefani reprocessed	2469	Diversispora spurca | CW0006_4005B	0.0	Diversispora spurca	94.79
Diversispora_spurca_P4-bc1087-SPU-5-6-3-CW0006-4005B-s943_STFI_ASV2100_CCAMF	Diversispora spurca	P4-bc1087-SPU-5-6-3-CW0006-4005B-s943	STFI	CCAMF	Stefani reprocessed	2463	Diversispora spurca | CW0006_4005B	0.0	Diversispora spurca	94.37
Diversispora_spurca_P4-bc1086-SPU-5-6-2-CW0006-4005B-s37_STFI_ASV2008_CCAMF	Diversispora spurca	P4-bc1086-SPU-5-6-2-CW0006-4005B-s37	STFI	CCAMF	Stefani reprocessed	2464	Diversispora spurca | CW0006_4005B	0.0	Diversispora spurca	94.23
Diversispora_spurca_P4-bc1087-SPU-5-6-3-CW0006-4005B-s3099_STFI_ASV2008_CCAMF	Diversispora spurca	P4-bc1087-SPU-5-6-3-CW0006-4005B-s3099	STFI	CCAMF	Stefani reprocessed	2464	Diversispora spurca | CW0006_4005B	0.0	Diversispora spurca	94.23
Diversispora_spurca_P4-bc1087-SPU-5-6-3-CW0006-4005B-s194_STFI_ASV2120_CCAMF	Diversispora spurca	P4-bc1087-SPU-5-6-3-CW0006-4005B-s194	STFI	CCAMF	Stefani reprocessed	2462	Diversispora spurca | CW0006_4005B	0.0	Diversispora spurca	94.23
Cetraspora_gilmorei_P4-bc1091-SPU-5-3-1-CW0008-2669B-s679_STFI_ASV2121_CCAMF	Cetraspora gilmorei	P4-bc1091-SPU-5-3-1-CW0008-2669B-s679	STFI	CCAMF	Stefani reprocessed	2355	Cetraspora gilmorei | CW0008_2669B	0.0	Cetraspora gilmorei	96.75
Cetraspora_gilmorei_P4-bc1092-SPU-5-3-2-CW0008-2669B-s2533_STFI_ASV2005_CCAMF	Cetraspora gilmorei	P4-bc1092-SPU-5-3-2-CW0008-2669B-s2533	STFI	CCAMF	Stefani reprocessed	2355	Cetraspora gilmorei | CW0008_2669B	0.0	Cetraspora gilmorei	96.75
Cetraspora_gilmorei_P4-bc1091-SPU-5-3-1-CW0008-2669B-s153_STFI_ASV2122_CCAMF	Cetraspora gilmorei	P4-bc1091-SPU-5-3-1-CW0008-2669B-s153	STFI	CCAMF	Stefani reprocessed	2355	Cetraspora gilmorei | CW0008_2669B	0.0	Cetraspora gilmorei	96.75
Cetraspora_gilmorei_P4-bc1091-SPU-5-3-1-CW0008-2669B-s124_STFI_ASV2123_CCAMF	Cetraspora gilmorei	P4-bc1091-SPU-5-3-1-CW0008-2669B-s124	STFI	CCAMF	Stefani reprocessed	2357	Cetraspora gilmorei | CW0008_2669B	0.0	Cetraspora pellucida	96.33
Cetraspora_gilmorei_P4-bc1091-SPU-5-3-1-CW0008-2669B-s92_STFI_ASV2124_CCAMF	Cetraspora gilmorei	P4-bc1091-SPU-5-3-1-CW0008-2669B-s92	STFI	CCAMF	Stefani reprocessed	2358	Cetraspora gilmorei | CW0008_2669B	0.0	Cetraspora pellucida	96.49
Cetraspora_gilmorei_P4-bc1092-SPU-5-3-2-CW0008-2669B-s1137_STFI_ASV2084_CCAMF	Cetraspora gilmorei	P4-bc1092-SPU-5-3-2-CW0008-2669B-s1137	STFI	CCAMF	Stefani reprocessed	2359	Cetraspora gilmorei | CW0008_2669B	0.0	Cetraspora gilmorei	96.9
Cetraspora_gilmorei_P4-bc1091-SPU-5-3-1-CW0008-2669B-s121_STFI_ASV2125_CCAMF	Cetraspora gilmorei	P4-bc1091-SPU-5-3-1-CW0008-2669B-s121	STFI	CCAMF	Stefani reprocessed	2358	Cetraspora gilmorei | CW0008_2669B	0.0	Cetraspora gilmorei	96.61
Cetraspora_gilmorei_P4-bc1091-SPU-5-3-1-CW0008-2669B-s5021_STFI_ASV2108_CCAMF	Cetraspora gilmorei	P4-bc1091-SPU-5-3-1-CW0008-2669B-s5021	STFI	CCAMF	Stefani reprocessed	2359	Cetraspora gilmorei | CW0008_2669B	0.0	Cetraspora gilmorei	96.61
Cetraspora_gilmorei_P4-bc1092-SPU-5-3-2-CW0008-2669B-s10351_STFI_ASV2108_CCAMF	Cetraspora gilmorei	P4-bc1092-SPU-5-3-2-CW0008-2669B-s10351	STFI	CCAMF	Stefani reprocessed	2359	Cetraspora gilmorei | CW0008_2669B	0.0	Cetraspora gilmorei	96.61
Cetraspora_gilmorei_P4-bc1091-SPU-5-3-1-CW0008-2669B-s93_STFI_ASV2126_CCAMF	Cetraspora gilmorei	P4-bc1091-SPU-5-3-1-CW0008-2669B-s93	STFI	CCAMF	Stefani reprocessed	2358	Cetraspora gilmorei | CW0008_2669B	0.0	Cetraspora pellucida	96.49
Gigaspora_rosea_P2-bc1032-SPU4-25-4292-708F-s347_STFI_ASV2036_CCAMF	Gigaspora rosea	P2-bc1032-SPU4-25-4292-708F-s347	STFI	CCAMF	Stefani reprocessed	2346	Gigaspora rosea | 4292_708F	0.0	Gigaspora rosea	96.01
Gigaspora_rosea_P2-bc1033-SPU4-28-4292-708F-s149_STFI_ASV2036_CCAMF	Gigaspora rosea	P2-bc1033-SPU4-28-4292-708F-s149	STFI	CCAMF	Stefani reprocessed	2346	Gigaspora rosea | 4292_708F	0.0	Gigaspora rosea	96.01
Gigaspora_rosea_P2-bc1032-SPU4-25-4292-708F-s2131_STFI_ASV2010_CCAMF	Gigaspora rosea	P2-bc1032-SPU4-25-4292-708F-s2131	STFI	CCAMF	Stefani reprocessed	2346	Gigaspora rosea | 4292_708F	0.0	Gigaspora rosea	96.01
Gigaspora_rosea_P2-bc1033-SPU4-28-4292-708F-s3609_STFI_ASV2010_CCAMF	Gigaspora rosea	P2-bc1033-SPU4-28-4292-708F-s3609	STFI	CCAMF	Stefani reprocessed	2346	Gigaspora rosea | 4292_708F	0.0	Gigaspora rosea	96.01
Gigaspora_rosea_P2-bc1032-SPU4-25-4292-708F-s125_STFI_ASV2069_CCAMF	Gigaspora rosea	P2-bc1032-SPU4-25-4292-708F-s125	STFI	CCAMF	Stefani reprocessed	2348	Gigaspora rosea | 4292_708F	0.0	Gigaspora rosea	96.01
Gigaspora_rosea_P2-bc1033-SPU4-28-4292-708F-s112_STFI_ASV2069_CCAMF	Gigaspora rosea	P2-bc1033-SPU4-28-4292-708F-s112	STFI	CCAMF	Stefani reprocessed	2348	Gigaspora rosea | 4292_708F	0.0	Gigaspora rosea	96.01
Gigaspora_rosea_P2-bc1033-SPU4-28-4292-708F-s119_STFI_ASV2127_CCAMF	Gigaspora rosea	P2-bc1033-SPU4-28-4292-708F-s119	STFI	CCAMF	Stefani reprocessed	2347	Gigaspora rosea | 4292_708F	0.0	Gigaspora rosea	96.01
Gigaspora_rosea_P4-bc1089-SPU-5-4-1-CU131-1018E-s99_STFI_ASV2050_CCAMF	Gigaspora rosea	P4-bc1089-SPU-5-4-1-CU131-1018E-s99	STFI	CCAMF	Stefani reprocessed	2355	Gigaspora rosea | CU131_1018E	0.0	Gigaspora albida	99.2
Gigaspora_rosea_P2-bc1032-SPU4-25-4292-708F-s243_STFI_ASV2058_CCAMF	Gigaspora rosea	P2-bc1032-SPU4-25-4292-708F-s243	STFI	CCAMF	Stefani reprocessed	2353	Gigaspora rosea | 4292_708F	0.0	Gigaspora albida	98.09
Gigaspora_rosea_P2-bc1033-SPU4-28-4292-708F-s255_STFI_ASV2058_CCAMF	Gigaspora rosea	P2-bc1033-SPU4-28-4292-708F-s255	STFI	CCAMF	Stefani reprocessed	2353	Gigaspora rosea | 4292_708F	0.0	Gigaspora albida	98.09
Gigaspora_rosea_P2-bc1033-SPU4-28-4292-708F-s122_STFI_ASV2128_CCAMF	Gigaspora rosea	P2-bc1033-SPU4-28-4292-708F-s122	STFI	CCAMF	Stefani reprocessed	2352	Gigaspora rosea | 4752_496A	0.24	Gigaspora albida	97.45
Gigaspora_rosea_P2-bc1032-SPU4-25-4292-708F-s143_STFI_ASV2065_CCAMF	Gigaspora rosea	P2-bc1032-SPU4-25-4292-708F-s143	STFI	CCAMF	Stefani reprocessed	2348	Gigaspora rosea | 4752_496A	0.0	Gigaspora gigantea	98.08
Gigaspora_rosea_P2-bc1033-SPU4-28-4292-708F-s267_STFI_ASV2065_CCAMF	Gigaspora rosea	P2-bc1033-SPU4-28-4292-708F-s267	STFI	CCAMF	Stefani reprocessed	2348	Gigaspora rosea | 4752_496A	0.0	Gigaspora gigantea	98.08
Gigaspora_rosea_P4-bc1089-SPU-5-4-1-CU131-1018E-s54_STFI_ASV2129_CCAMF	Gigaspora rosea	P4-bc1089-SPU-5-4-1-CU131-1018E-s54	STFI	CCAMF	Stefani reprocessed	2350	Gigaspora rosea | CU131_1018E	0.0	Gigaspora gigantea	97.6
Gigaspora_rosea_P4-bc1089-SPU-5-4-1-CU131-1018E-s70_STFI_ASV2098_CCAMF	Gigaspora rosea	P4-bc1089-SPU-5-4-1-CU131-1018E-s70	STFI	CCAMF	Stefani reprocessed	2343	Gigaspora rosea | CU131_1018E	0.0	Gigaspora rosea	96.01
Gigaspora_rosea_P4-bc1089-SPU-5-4-1-CU131-1018E-s43_STFI_ASV2130_CCAMF	Gigaspora rosea	P4-bc1089-SPU-5-4-1-CU131-1018E-s43	STFI	CCAMF	Stefani reprocessed	2343	Gigaspora rosea | CU131_1018E	0.0	Gigaspora albida	97.93
Sclerocystis_sinuosa_P4-bc1058-SPU-6-9-6-MT106A-s1766_STFI_ASV2051_CCAMF	Sclerocystis sinuosa	P4-bc1058-SPU-6-9-6-MT106A-s1766	STFI	CCAMF	Stefani reprocessed	2478	Sclerocystis sinuosa | MT106_2767A	0.0	Sclerocystis sinuosa	99.28
Sclerocystis_sinuosa_P4-bc1068-SPU-9-1-1-MT106-2767A-s5062_STFI_ASV2051_CCAMF	Sclerocystis sinuosa	P4-bc1068-SPU-9-1-1-MT106-2767A-s5062	STFI	CCAMF	Stefani reprocessed	2478	Sclerocystis sinuosa | MT106_2767A	0.0	Sclerocystis sinuosa	99.28
Sclerocystis_sinuosa_P4-bc1069-SPU-9-1-3-MT106-2767A-s1165_STFI_ASV2051_CCAMF	Sclerocystis sinuosa	P4-bc1069-SPU-9-1-3-MT106-2767A-s1165	STFI	CCAMF	Stefani reprocessed	2478	Sclerocystis sinuosa | MT106_2767A	0.0	Sclerocystis sinuosa	99.28
Sclerocystis_sinuosa_P4-bc1058-SPU-6-9-6-MT106A-s671_STFI_ASV2082_CCAMF	Sclerocystis sinuosa	P4-bc1058-SPU-6-9-6-MT106A-s671	STFI	CCAMF	Stefani reprocessed	2478	Sclerocystis sinuosa | MT106_2767A	0.0	Sclerocystis sinuosa	99.28
Sclerocystis_sinuosa_P4-bc1068-SPU-9-1-1-MT106-2767A-s1384_STFI_ASV2082_CCAMF	Sclerocystis sinuosa	P4-bc1068-SPU-9-1-1-MT106-2767A-s1384	STFI	CCAMF	Stefani reprocessed	2478	Sclerocystis sinuosa | MT106_2767A	0.0	Sclerocystis sinuosa	99.28
Sclerocystis_sinuosa_P4-bc1069-SPU-9-1-3-MT106-2767A-s421_STFI_ASV2082_CCAMF	Sclerocystis sinuosa	P4-bc1069-SPU-9-1-3-MT106-2767A-s421	STFI	CCAMF	Stefani reprocessed	2478	Sclerocystis sinuosa | MT106_2767A	0.0	Sclerocystis sinuosa	99.28
Sclerocystis_sinuosa_P4-bc1069-SPU-9-1-3-MT106-2767A-s618_STFI_ASV2131_CCAMF	Sclerocystis sinuosa	P4-bc1069-SPU-9-1-3-MT106-2767A-s618	STFI	CCAMF	Stefani reprocessed	2478	Sclerocystis sinuosa | MT106_2767A	0.0	Sclerocystis sinuosa	99.86
Sclerocystis_sinuosa_P4-bc1058-SPU-6-9-6-MT106A-s539_STFI_ASV2132_CCAMF	Sclerocystis sinuosa	P4-bc1058-SPU-6-9-6-MT106A-s539	STFI	CCAMF	Stefani reprocessed	2477	Sclerocystis sinuosa | MT106_2767A	0.0	Sclerocystis sinuosa	99.42
Sclerocystis_sinuosa_P4-bc1058-SPU-6-9-6-MT106A-s634_STFI_ASV2133_CCAMF	Sclerocystis sinuosa	P4-bc1058-SPU-6-9-6-MT106A-s634	STFI	CCAMF	Stefani reprocessed	2479	Sclerocystis sinuosa | MT106_2767A	0.0	Sclerocystis sinuosa	99.28
Rhizophagus_irregularis_P2-bc1026-SPU4-59-GC-2-IVT11-s703_STFI_ASV2000_CCAMF	Rhizophagus irregularis	P2-bc1026-SPU4-59-GC-2-IVT11-s703	STFI	CCAMF	Stefani reprocessed	2477	Rhizophagus irregularis | 4569_1185B	0.0	Rhizophagus irregularis	95.49
Rhizophagus_irregularis_P2-bc1027-SPU4-60-GC-2-IVT11-s673_STFI_ASV2000_CCAMF	Rhizophagus irregularis	P2-bc1027-SPU4-60-GC-2-IVT11-s673	STFI	CCAMF	Stefani reprocessed	2477	Rhizophagus irregularis | 4569_1185B	0.0	Rhizophagus irregularis	95.49
Rhizophagus_irregularis_P4-bc1070-SPU-8-1-23-197198-s292_STFI_ASV2000_CCAMF	Rhizophagus irregularis	P4-bc1070-SPU-8-1-23-197198-s292	STFI	CCAMF	Stefani reprocessed	2477	Rhizophagus irregularis | 4569_1185B	0.0	Rhizophagus irregularis	95.49
Rhizophagus_irregularis_P4-bc1095-SPU-8-1-24-197198-s216_STFI_ASV2000_CCAMF	Rhizophagus irregularis	P4-bc1095-SPU-8-1-24-197198-s216	STFI	CCAMF	Stefani reprocessed	2477	Rhizophagus irregularis | 4569_1185B	0.0	Rhizophagus irregularis	95.49
Rhizophagus_irregularis_P2-bc1026-SPU4-59-GC-2-IVT11-s894_STFI_ASV2047_CCAMF	Rhizophagus irregularis	P2-bc1026-SPU4-59-GC-2-IVT11-s894	STFI	CCAMF	Stefani reprocessed	2474	Rhizophagus irregularis | GC-2_IVT11	0.0	Rhizophagus irregularis	97.67
Rhizophagus_irregularis_P2-bc1027-SPU4-60-GC-2-IVT11-s596_STFI_ASV2047_CCAMF	Rhizophagus irregularis	P2-bc1027-SPU4-60-GC-2-IVT11-s596	STFI	CCAMF	Stefani reprocessed	2474	Rhizophagus irregularis | GC-2_IVT11	0.0	Rhizophagus irregularis	97.67
Rhizophagus_irregularis_P4-bc1071-SPU-8-2-16-197198-s219_STFI_ASV2063_CCAMF	Rhizophagus irregularis	P4-bc1071-SPU-8-2-16-197198-s219	STFI	CCAMF	Stefani reprocessed	2474	Rhizophagus irregularis | GC-2_IVT11	0.0	Rhizophagus irregularis	97.38
Rhizophagus_irregularis_P4-bc1095-SPU-8-1-24-197198-s190_STFI_ASV2063_CCAMF	Rhizophagus irregularis	P4-bc1095-SPU-8-1-24-197198-s190	STFI	CCAMF	Stefani reprocessed	2474	Rhizophagus irregularis | GC-2_IVT11	0.0	Rhizophagus irregularis	97.38
Rhizophagus_irregularis_P4-bc1096-SPU-8-1-22-197198-s218_STFI_ASV2063_CCAMF	Rhizophagus irregularis	P4-bc1096-SPU-8-1-22-197198-s218	STFI	CCAMF	Stefani reprocessed	2474	Rhizophagus irregularis | GC-2_IVT11	0.0	Rhizophagus irregularis	97.38
Rhizophagus_irregularis_P2-bc1026-SPU4-59-GC-2-IVT11-s494_STFI_ASV2096_CCAMF	Rhizophagus irregularis	P2-bc1026-SPU4-59-GC-2-IVT11-s494	STFI	CCAMF	Stefani reprocessed	2485	Rhizophagus irregularis | GC-2_IVT11	0.0	Rhizophagus irregularis	96.95
Rhizophagus_irregularis_P2-bc1027-SPU4-60-GC-2-IVT11-s377_STFI_ASV2096_CCAMF	Rhizophagus irregularis	P2-bc1027-SPU4-60-GC-2-IVT11-s377	STFI	CCAMF	Stefani reprocessed	2485	Rhizophagus irregularis | GC-2_IVT11	0.0	Rhizophagus irregularis	96.95
Rhizophagus_irregularis_P4-bc1096-SPU-8-1-22-197198-s85_STFI_ASV2134_CCAMF	Rhizophagus irregularis	P4-bc1096-SPU-8-1-22-197198-s85	STFI	CCAMF	Stefani reprocessed	2471	Rhizophagus irregularis | DAOMC 197198	0.0	Rhizophagus irregularis	97.24
Rhizophagus_irregularis_P4-bc1070-SPU-8-1-23-197198-s1322_STFI_ASV2015_CCAMF	Rhizophagus irregularis	P4-bc1070-SPU-8-1-23-197198-s1322	STFI	CCAMF	Stefani reprocessed	2472	Rhizophagus irregularis | DAOMC 197198	0.0	Rhizophagus irregularis	97.09
Rhizophagus_irregularis_P4-bc1071-SPU-8-2-16-197198-s644_STFI_ASV2015_CCAMF	Rhizophagus irregularis	P4-bc1071-SPU-8-2-16-197198-s644	STFI	CCAMF	Stefani reprocessed	2472	Rhizophagus irregularis | DAOMC 197198	0.0	Rhizophagus irregularis	97.09
Rhizophagus_irregularis_P4-bc1095-SPU-8-1-24-197198-s472_STFI_ASV2015_CCAMF	Rhizophagus irregularis	P4-bc1095-SPU-8-1-24-197198-s472	STFI	CCAMF	Stefani reprocessed	2472	Rhizophagus irregularis | DAOMC 197198	0.0	Rhizophagus irregularis	97.09
Rhizophagus_irregularis_P4-bc1096-SPU-8-1-22-197198-s286_STFI_ASV2015_CCAMF	Rhizophagus irregularis	P4-bc1096-SPU-8-1-22-197198-s286	STFI	CCAMF	Stefani reprocessed	2472	Rhizophagus irregularis | DAOMC 197198	0.0	Rhizophagus irregularis	97.09
Rhizophagus_irregularis_P4-bc1070-SPU-8-1-23-197198-s405_STFI_ASV2052_CCAMF	Rhizophagus irregularis	P4-bc1070-SPU-8-1-23-197198-s405	STFI	CCAMF	Stefani reprocessed	2472	Rhizophagus irregularis | DAOMC 197198	0.0	Rhizophagus irregularis	96.95
Rhizophagus_irregularis_P4-bc1071-SPU-8-2-16-197198-s85_STFI_ASV2052_CCAMF	Rhizophagus irregularis	P4-bc1071-SPU-8-2-16-197198-s85	STFI	CCAMF	Stefani reprocessed	2472	Rhizophagus irregularis | DAOMC 197198	0.0	Rhizophagus irregularis	96.95
Rhizophagus_irregularis_P4-bc1095-SPU-8-1-24-197198-s156_STFI_ASV2052_CCAMF	Rhizophagus irregularis	P4-bc1095-SPU-8-1-24-197198-s156	STFI	CCAMF	Stefani reprocessed	2472	Rhizophagus irregularis | DAOMC 197198	0.0	Rhizophagus irregularis	96.95
Rhizophagus_irregularis_P4-bc1096-SPU-8-1-22-197198-s359_STFI_ASV2052_CCAMF	Rhizophagus irregularis	P4-bc1096-SPU-8-1-22-197198-s359	STFI	CCAMF	Stefani reprocessed	2472	Rhizophagus irregularis | DAOMC 197198	0.0	Rhizophagus irregularis	96.95
Rhizophagus_irregularis_P2-bc1026-SPU4-59-GC-2-IVT11-s2634_STFI_ASV2103_CCAMF	Rhizophagus irregularis	P2-bc1026-SPU4-59-GC-2-IVT11-s2634	STFI	CCAMF	Stefani reprocessed	2472	Rhizophagus irregularis | GC-2_IVT11	0.0	Rhizophagus irregularis	96.95
Rhizophagus_irregularis_P2-bc1027-SPU4-60-GC-2-IVT11-s2097_STFI_ASV2103_CCAMF	Rhizophagus irregularis	P2-bc1027-SPU4-60-GC-2-IVT11-s2097	STFI	CCAMF	Stefani reprocessed	2472	Rhizophagus irregularis | GC-2_IVT11	0.0	Rhizophagus irregularis	96.95
Rhizophagus_irregularis_P2-bc1026-SPU4-59-GC-2-IVT11-s1181_STFI_ASV2030_CCAMF	Rhizophagus irregularis	P2-bc1026-SPU4-59-GC-2-IVT11-s1181	STFI	CCAMF	Stefani reprocessed	2472	Rhizophagus irregularis | GC-2_IVT11	0.0	Rhizophagus irregularis	97.53
Rhizophagus_irregularis_P2-bc1027-SPU4-60-GC-2-IVT11-s1137_STFI_ASV2030_CCAMF	Rhizophagus irregularis	P2-bc1027-SPU4-60-GC-2-IVT11-s1137	STFI	CCAMF	Stefani reprocessed	2472	Rhizophagus irregularis | GC-2_IVT11	0.0	Rhizophagus irregularis	97.53
Rhizophagus_irregularis_P4-bc1070-SPU-8-1-23-197198-s461_STFI_ASV2030_CCAMF	Rhizophagus irregularis	P4-bc1070-SPU-8-1-23-197198-s461	STFI	CCAMF	Stefani reprocessed	2472	Rhizophagus irregularis | GC-2_IVT11	0.0	Rhizophagus irregularis	97.53
Rhizophagus_irregularis_P4-bc1071-SPU-8-2-16-197198-s485_STFI_ASV2030_CCAMF	Rhizophagus irregularis	P4-bc1071-SPU-8-2-16-197198-s485	STFI	CCAMF	Stefani reprocessed	2472	Rhizophagus irregularis | GC-2_IVT11	0.0	Rhizophagus irregularis	97.53
Rhizophagus_irregularis_P4-bc1095-SPU-8-1-24-197198-s629_STFI_ASV2030_CCAMF	Rhizophagus irregularis	P4-bc1095-SPU-8-1-24-197198-s629	STFI	CCAMF	Stefani reprocessed	2472	Rhizophagus irregularis | GC-2_IVT11	0.0	Rhizophagus irregularis	97.53
Rhizophagus_irregularis_P4-bc1096-SPU-8-1-22-197198-s816_STFI_ASV2030_CCAMF	Rhizophagus irregularis	P4-bc1096-SPU-8-1-22-197198-s816	STFI	CCAMF	Stefani reprocessed	2472	Rhizophagus irregularis | GC-2_IVT11	0.0	Rhizophagus irregularis	97.53
Rhizophagus_prolifer_P4-bc1076-SPU-5-18-2-SD-5-IVT32-s1737_STFI_ASV2074_CCAMF	Rhizophagus prolifer	P4-bc1076-SPU-5-18-2-SD-5-IVT32-s1737	STFI	CCAMF	Stefani reprocessed	2464	Rhizophagus prolifer | SD5_IVT32	14.25	Rhizophagus intraradices	92.12
Rhizophagus_prolifer_P4-bc1077-SPU-5-18-3-SD-5-IVT32-s1399_STFI_ASV2074_CCAMF	Rhizophagus prolifer	P4-bc1077-SPU-5-18-3-SD-5-IVT32-s1399	STFI	CCAMF	Stefani reprocessed	2464	Rhizophagus prolifer | SD5_IVT32	14.25	Rhizophagus intraradices	92.12
Rhizophagus_prolifer_P4-bc1076-SPU-5-18-2-SD-5-IVT32-s1447_STFI_ASV2026_CCAMF	Rhizophagus prolifer	P4-bc1076-SPU-5-18-2-SD-5-IVT32-s1447	STFI	CCAMF	Stefani reprocessed	2464	Rhizophagus prolifer | SD5_IVT32	14.69	Rhizophagus intraradices	92.12
Rhizophagus_prolifer_P4-bc1077-SPU-5-18-3-SD-5-IVT32-s1320_STFI_ASV2026_CCAMF	Rhizophagus prolifer	P4-bc1077-SPU-5-18-3-SD-5-IVT32-s1320	STFI	CCAMF	Stefani reprocessed	2464	Rhizophagus prolifer | SD5_IVT32	14.69	Rhizophagus intraradices	92.12
Rhizophagus_intraradices_P4-bc1016-SPU-7-2-4-UT126A-s1939_STFI_ASV2135_CCAMF	Rhizophagus intraradices	P4-bc1016-SPU-7-2-4-UT126A-s1939	STFI	CCAMF	Stefani reprocessed	2460	Rhizophagus intraradices | KS906_IVT156	17.03	Rhizophagus intraradices	90.82
Rhizophagus_intraradices_P4-bc1015-SPU-7-2-3-UT126A-s2189_STFI_ASV2102_CCAMF	Rhizophagus intraradices	P4-bc1015-SPU-7-2-3-UT126A-s2189	STFI	CCAMF	Stefani reprocessed	2461	Rhizophagus prolifer | SD5_IVT32	15.33	Rhizophagus intraradices	94.01
Rhizophagus_intraradices_P4-bc1016-SPU-7-2-4-UT126A-s3651_STFI_ASV2102_CCAMF	Rhizophagus intraradices	P4-bc1016-SPU-7-2-4-UT126A-s3651	STFI	CCAMF	Stefani reprocessed	2461	Rhizophagus prolifer | SD5_IVT32	15.33	Rhizophagus intraradices	94.01
Rhizophagus_intraradices_P4-bc1080-SPU-5-16-1-KS906-IVT156-s1556_STFI_ASV2040_CCAMF	Rhizophagus intraradices	P4-bc1080-SPU-5-16-1-KS906-IVT156-s1556	STFI	CCAMF	Stefani reprocessed	2461	Rhizophagus prolifer | SD5_IVT32	15.33	Rhizophagus intraradices	94.16
Rhizophagus_intraradices_P4-bc1080-SPU-5-16-1-KS906-IVT156-s7829_STFI_ASV2018_CCAMF	Rhizophagus intraradices	P4-bc1080-SPU-5-16-1-KS906-IVT156-s7829	STFI	CCAMF	Stefani reprocessed	2468	Rhizophagus intraradices | KS906_IVT156	0.0	Rhizophagus intraradices	99.71
Rhizophagus_intraradices_P4-bc1015-SPU-7-2-3-UT126A-s10328_STFI_ASV2136_CCAMF	Rhizophagus intraradices	P4-bc1015-SPU-7-2-3-UT126A-s10328	STFI	CCAMF	Stefani reprocessed	2468	Rhizophagus intraradices | KS906_IVT156	0.0	Rhizophagus intraradices	99.71
Rhizophagus_intraradices_P4-bc1015-SPU-7-2-3-UT126A-s283_STFI_ASV2137_CCAMF	Rhizophagus intraradices	P4-bc1015-SPU-7-2-3-UT126A-s283	STFI	CCAMF	Stefani reprocessed	2469	Rhizophagus intraradices | KS906_IVT156	0.0	Rhizophagus intraradices	99.71
Rhizophagus_intraradices_P4-bc1015-SPU-7-2-3-UT126A-s1212_STFI_ASV2019_CCAMF	Rhizophagus intraradices	P4-bc1015-SPU-7-2-3-UT126A-s1212	STFI	CCAMF	Stefani reprocessed	2468	Rhizophagus intraradices | UT126A	0.0	Rhizophagus intraradices	99.85
Rhizophagus_intraradices_P4-bc1016-SPU-7-2-4-UT126A-s789_STFI_ASV2019_CCAMF	Rhizophagus intraradices	P4-bc1016-SPU-7-2-4-UT126A-s789	STFI	CCAMF	Stefani reprocessed	2468	Rhizophagus intraradices | UT126A	0.0	Rhizophagus intraradices	99.85
Rhizophagus_intraradices_P4-bc1080-SPU-5-16-1-KS906-IVT156-s4057_STFI_ASV2111_CCAMF	Rhizophagus intraradices	P4-bc1080-SPU-5-16-1-KS906-IVT156-s4057	STFI	CCAMF	Stefani reprocessed	2470	Rhizophagus intraradices | KS906_IVT156	0.0	Rhizophagus intraradices	99.85
Rhizophagus_intraradices_P4-bc1015-SPU-7-2-3-UT126A-s365_STFI_ASV2138_CCAMF	Rhizophagus intraradices	P4-bc1015-SPU-7-2-3-UT126A-s365	STFI	CCAMF	Stefani reprocessed	2472	Rhizophagus intraradices | UT126A	0.0	Rhizophagus intraradices	98.83
Rhizophagus_intraradices_P4-bc1080-SPU-5-16-1-KS906-IVT156-s2025_STFI_ASV2139_CCAMF	Rhizophagus intraradices	P4-bc1080-SPU-5-16-1-KS906-IVT156-s2025	STFI	CCAMF	Stefani reprocessed	2472	Rhizophagus intraradices | KS906_IVT156	0.0	Rhizophagus intraradices	98.98
Rhizophagus_prolifer_P4-bc1076-SPU-5-18-2-SD-5-IVT32-s611_STFI_ASV2061_CCAMF	Rhizophagus prolifer	P4-bc1076-SPU-5-18-2-SD-5-IVT32-s611	STFI	CCAMF	Stefani reprocessed	2478	Rhizophagus prolifer | SD5_IVT32	0.0	Rhizophagus proliferus	97.29
Rhizophagus_prolifer_P4-bc1077-SPU-5-18-3-SD-5-IVT32-s694_STFI_ASV2061_CCAMF	Rhizophagus prolifer	P4-bc1077-SPU-5-18-3-SD-5-IVT32-s694	STFI	CCAMF	Stefani reprocessed	2478	Rhizophagus prolifer | SD5_IVT32	0.0	Rhizophagus proliferus	97.29
Rhizophagus_prolifer_P4-bc1076-SPU-5-18-2-SD-5-IVT32-s142_STFI_ASV2140_CCAMF	Rhizophagus prolifer	P4-bc1076-SPU-5-18-2-SD-5-IVT32-s142	STFI	CCAMF	Stefani reprocessed	2478	Rhizophagus prolifer | SD5_IVT32	0.0	Rhizophagus proliferus	97.29
Rhizophagus_prolifer_P4-bc1077-SPU-5-18-3-SD-5-IVT32-s280_STFI_ASV2141_CCAMF	Rhizophagus prolifer	P4-bc1077-SPU-5-18-3-SD-5-IVT32-s280	STFI	CCAMF	Stefani reprocessed	2468	Rhizophagus prolifer | SD5_IVT32	0.0	Rhizophagus proliferus	95.93
Rhizophagus_prolifer_P4-bc1077-SPU-5-18-3-SD-5-IVT32-s965_STFI_ASV2142_CCAMF	Rhizophagus prolifer	P4-bc1077-SPU-5-18-3-SD-5-IVT32-s965	STFI	CCAMF	Stefani reprocessed	2477	Rhizophagus prolifer | SD5_IVT32	0.0	Rhizophagus proliferus	97.29
Rhizophagus_prolifer_P4-bc1077-SPU-5-18-3-SD-5-IVT32-s236_STFI_ASV2143_CCAMF	Rhizophagus prolifer	P4-bc1077-SPU-5-18-3-SD-5-IVT32-s236	STFI	CCAMF	Stefani reprocessed	2469	Rhizophagus prolifer | SD5_IVT32	0.0	Rhizophagus proliferus	97.29
Glomus_tetrastratosum_P4-bc1084-SPU-5-12-3-5094-2349C-s351_STFI_ASV2011_CCAMF	Glomus tetrastratosum	P4-bc1084-SPU-5-12-3-5094-2349C-s351	STFI	CCAMF	Stefani reprocessed	2447	Glomus tetrastratosum | 5094_2349C	0.0	Glomus tetrastratosum	96.59
Glomus_tetrastratosum_P4-bc1084-SPU-5-12-3-5094-2349C-s100_STFI_ASV2144_CCAMF	Glomus tetrastratosum	P4-bc1084-SPU-5-12-3-5094-2349C-s100	STFI	CCAMF	Stefani reprocessed	2450	Glomus tetrastratosum | 5094_2349C	0.0	Glomus tetrastratosum	96.73
Glomus_tetrastratosum_P4-bc1084-SPU-5-12-3-5094-2349C-s138-1_STFI_ASV2092_CCAMF	Glomus tetrastratosum	P4-bc1084-SPU-5-12-3-5094-2349C-s138-1	STFI	CCAMF	Stefani reprocessed	2482	Glomus tetrastratosum | 5094_2349C	0.0	Glomus tetrastratosum	95.36
Glomus_tetrastratosum_P4-bc1084-SPU-5-12-3-5094-2349C-s94_STFI_ASV2145_CCAMF	Glomus tetrastratosum	P4-bc1084-SPU-5-12-3-5094-2349C-s94	STFI	CCAMF	Stefani reprocessed	2452	Glomus tetrastratosum | 5094_2349C	0.0	Glomus tetrastratosum	96.58
Glomus_tetrastratosum_P4-bc1084-SPU-5-12-3-5094-2349C-s138-2_STFI_ASV2146_CCAMF	Glomus tetrastratosum	P4-bc1084-SPU-5-12-3-5094-2349C-s138-2	STFI	CCAMF	Stefani reprocessed	2452	Glomus tetrastratosum | 5094_2349C	0.0	Glomus tetrastratosum	96.59
Glomus_tetrastratosum_P4-bc1084-SPU-5-12-3-5094-2349C-s654_STFI_ASV2003_CCAMF	Glomus tetrastratosum	P4-bc1084-SPU-5-12-3-5094-2349C-s654	STFI	CCAMF	Stefani reprocessed	2452	Glomus tetrastratosum | 5094_2349C	0.0	Glomus tetrastratosum	96.73
Glomus_tetrastratosum_P4-bc1084-SPU-5-12-3-5094-2349C-s148_STFI_ASV2147_CCAMF	Glomus tetrastratosum	P4-bc1084-SPU-5-12-3-5094-2349C-s148	STFI	CCAMF	Stefani reprocessed	2454	Glomus tetrastratosum | 5094_2349C	0.0	Glomus tetrastratosum	96.73
Funneliformis_mosseae_P2-bc1030-SPU4-9-2231-1079F-s522_STFI_ASV2106_CCAMF	Funneliformis mosseae	P2-bc1030-SPU4-9-2231-1079F-s522	STFI	CCAMF	Stefani reprocessed	2501	Funneliformis mosseae | 2231_1079F	0.0	Funneliformis coronatus	99.44
Funneliformis_mosseae_P2-bc1031-SPU4-12-2231-1079F-s1051_STFI_ASV2106_CCAMF	Funneliformis mosseae	P2-bc1031-SPU4-12-2231-1079F-s1051	STFI	CCAMF	Stefani reprocessed	2501	Funneliformis mosseae | 2231_1079F	0.0	Funneliformis coronatus	99.44
Funneliformis_mosseae_P2-bc1030-SPU4-9-2231-1079F-s239_STFI_ASV2148_CCAMF	Funneliformis mosseae	P2-bc1030-SPU4-9-2231-1079F-s239	STFI	CCAMF	Stefani reprocessed	2502	Funneliformis mosseae | 2231_1079F	0.0	Funneliformis coronatus	99.03
Funneliformis_mosseae_P2-bc1030-SPU4-9-2231-1079F-s214_STFI_ASV2149_CCAMF	Funneliformis mosseae	P2-bc1030-SPU4-9-2231-1079F-s214	STFI	CCAMF	Stefani reprocessed	2502	Funneliformis mosseae | 2231_1079F	0.0	Funneliformis coronatus	99.16
Funneliformis_mosseae_P2-bc1031-SPU4-12-2231-1079F-s242_STFI_ASV2150_CCAMF	Funneliformis mosseae	P2-bc1031-SPU4-12-2231-1079F-s242	STFI	CCAMF	Stefani reprocessed	2502	Funneliformis mosseae | 2231_1079F	0.0	Funneliformis coronatus	99.16
Funneliformis_mosseae_P2-bc1028-SPU4-89-FS-29-2726A-s163-1_STFI_ASV2091_CCAMF	Funneliformis mosseae	P2-bc1028-SPU4-89-FS-29-2726A-s163-1	STFI	CCAMF	Stefani reprocessed	2501	Funneliformis mosseae | FS-29_2726A	0.0	Funneliformis coronatus	99.58
Funneliformis_mosseae_P2-bc1029-SPU4-92-FS-29-2726A-s151_STFI_ASV2091_CCAMF	Funneliformis mosseae	P2-bc1029-SPU4-92-FS-29-2726A-s151	STFI	CCAMF	Stefani reprocessed	2501	Funneliformis mosseae | FS-29_2726A	0.0	Funneliformis coronatus	99.58
Funneliformis_mosseae_P2-bc1028-SPU4-89-FS-29-2726A-s194_STFI_ASV2024_CCAMF	Funneliformis mosseae	P2-bc1028-SPU4-89-FS-29-2726A-s194	STFI	CCAMF	Stefani reprocessed	2500	Funneliformis mosseae | FS-29_2726A	0.0	Funneliformis coronatus	99.3
Funneliformis_mosseae_P2-bc1029-SPU4-92-FS-29-2726A-s170_STFI_ASV2024_CCAMF	Funneliformis mosseae	P2-bc1029-SPU4-92-FS-29-2726A-s170	STFI	CCAMF	Stefani reprocessed	2500	Funneliformis mosseae | FS-29_2726A	0.0	Funneliformis coronatus	99.3
Funneliformis_mosseae_P2-bc1028-SPU4-89-FS-29-2726A-s525_STFI_ASV2077_CCAMF	Funneliformis mosseae	P2-bc1028-SPU4-89-FS-29-2726A-s525	STFI	CCAMF	Stefani reprocessed	2500	Funneliformis mosseae | FS-29_2726A	0.0	Funneliformis coronatus	99.16
Funneliformis_mosseae_P2-bc1029-SPU4-92-FS-29-2726A-s381_STFI_ASV2077_CCAMF	Funneliformis mosseae	P2-bc1029-SPU4-92-FS-29-2726A-s381	STFI	CCAMF	Stefani reprocessed	2500	Funneliformis mosseae | FS-29_2726A	0.0	Funneliformis coronatus	99.16
Funneliformis_mosseae_P2-bc1030-SPU4-9-2231-1079F-s629_STFI_ASV2079_CCAMF	Funneliformis mosseae	P2-bc1030-SPU4-9-2231-1079F-s629	STFI	CCAMF	Stefani reprocessed	2499	Funneliformis mosseae | 2231_1079F	0.0	Funneliformis coronatus	99.16
Funneliformis_mosseae_P2-bc1031-SPU4-12-2231-1079F-s1207_STFI_ASV2079_CCAMF	Funneliformis mosseae	P2-bc1031-SPU4-12-2231-1079F-s1207	STFI	CCAMF	Stefani reprocessed	2499	Funneliformis mosseae | 2231_1079F	0.0	Funneliformis coronatus	99.16
Funneliformis_mosseae_P2-bc1030-SPU4-9-2231-1079F-s124_STFI_ASV2070_CCAMF	Funneliformis mosseae	P2-bc1030-SPU4-9-2231-1079F-s124	STFI	CCAMF	Stefani reprocessed	2501	Funneliformis mosseae | 2231_1079F	0.0	Funneliformis coronatus	99.16
Funneliformis_mosseae_P2-bc1031-SPU4-12-2231-1079F-s202_STFI_ASV2070_CCAMF	Funneliformis mosseae	P2-bc1031-SPU4-12-2231-1079F-s202	STFI	CCAMF	Stefani reprocessed	2501	Funneliformis mosseae | 2231_1079F	0.0	Funneliformis coronatus	99.16
Funneliformis_mosseae_P2-bc1030-SPU4-9-2231-1079F-s135_STFI_ASV2022_CCAMF	Funneliformis mosseae	P2-bc1030-SPU4-9-2231-1079F-s135	STFI	CCAMF	Stefani reprocessed	2502	Funneliformis mosseae | 2231_1079F	0.0	Funneliformis coronatus	99.3
Funneliformis_mosseae_P2-bc1031-SPU4-12-2231-1079F-s248-2_STFI_ASV2022_CCAMF	Funneliformis mosseae	P2-bc1031-SPU4-12-2231-1079F-s248-2	STFI	CCAMF	Stefani reprocessed	2502	Funneliformis mosseae | 2231_1079F	0.0	Funneliformis coronatus	99.3
Funneliformis_mosseae_P2-bc1028-SPU4-89-FS-29-2726A-s323_STFI_ASV2020_CCAMF	Funneliformis mosseae	P2-bc1028-SPU4-89-FS-29-2726A-s323	STFI	CCAMF	Stefani reprocessed	2501	Funneliformis mosseae | FS-29_2726A	0.0	Funneliformis coronatus	99.3
Funneliformis_mosseae_P2-bc1029-SPU4-92-FS-29-2726A-s186_STFI_ASV2020_CCAMF	Funneliformis mosseae	P2-bc1029-SPU4-92-FS-29-2726A-s186	STFI	CCAMF	Stefani reprocessed	2501	Funneliformis mosseae | FS-29_2726A	0.0	Funneliformis coronatus	99.3
Funneliformis_mosseae_P2-bc1028-SPU4-89-FS-29-2726A-s281_STFI_ASV2059_CCAMF	Funneliformis mosseae	P2-bc1028-SPU4-89-FS-29-2726A-s281	STFI	CCAMF	Stefani reprocessed	2498	Funneliformis mosseae | FS-29_2726A	0.0	Funneliformis coronatus	99.16
Funneliformis_mosseae_P2-bc1029-SPU4-92-FS-29-2726A-s259_STFI_ASV2059_CCAMF	Funneliformis mosseae	P2-bc1029-SPU4-92-FS-29-2726A-s259	STFI	CCAMF	Stefani reprocessed	2498	Funneliformis mosseae | FS-29_2726A	0.0	Funneliformis coronatus	99.16
Funneliformis_mosseae_P2-bc1028-SPU4-89-FS-29-2726A-s163-2_STFI_ASV2014_CCAMF	Funneliformis mosseae	P2-bc1028-SPU4-89-FS-29-2726A-s163-2	STFI	CCAMF	Stefani reprocessed	2503	Funneliformis mosseae | FS-29_2726A	0.0	Funneliformis coronatus	99.16
Funneliformis_mosseae_P2-bc1030-SPU4-9-2231-1079F-s132_STFI_ASV2014_CCAMF	Funneliformis mosseae	P2-bc1030-SPU4-9-2231-1079F-s132	STFI	CCAMF	Stefani reprocessed	2503	Funneliformis mosseae | FS-29_2726A	0.0	Funneliformis coronatus	99.16
Funneliformis_mosseae_P2-bc1031-SPU4-12-2231-1079F-s189_STFI_ASV2014_CCAMF	Funneliformis mosseae	P2-bc1031-SPU4-12-2231-1079F-s189	STFI	CCAMF	Stefani reprocessed	2503	Funneliformis mosseae | FS-29_2726A	0.0	Funneliformis coronatus	99.16
Funneliformis_mosseae_P2-bc1029-SPU4-92-FS-29-2726A-s181_STFI_ASV2151_CCAMF	Funneliformis mosseae	P2-bc1029-SPU4-92-FS-29-2726A-s181	STFI	CCAMF	Stefani reprocessed	2504	Funneliformis mosseae | FS-29_2726A	0.0	Funneliformis coronatus	99.72
Funneliformis_mosseae_P2-bc1028-SPU4-89-FS-29-2726A-s351_STFI_ASV2029_CCAMF	Funneliformis mosseae	P2-bc1028-SPU4-89-FS-29-2726A-s351	STFI	CCAMF	Stefani reprocessed	2501	Funneliformis mosseae | FS-29_2726A	0.0	Funneliformis coronatus	99.03
Funneliformis_mosseae_P2-bc1029-SPU4-92-FS-29-2726A-s374_STFI_ASV2029_CCAMF	Funneliformis mosseae	P2-bc1029-SPU4-92-FS-29-2726A-s374	STFI	CCAMF	Stefani reprocessed	2501	Funneliformis mosseae | FS-29_2726A	0.0	Funneliformis coronatus	99.03
Funneliformis_mosseae_P2-bc1029-SPU4-92-FS-29-2726A-s165_STFI_ASV2152_CCAMF	Funneliformis mosseae	P2-bc1029-SPU4-92-FS-29-2726A-s165	STFI	CCAMF	Stefani reprocessed	2501	Funneliformis mosseae | FS-29_2726A	0.0	Funneliformis caledonium	99.3
Funneliformis_mosseae_P2-bc1030-SPU4-9-2231-1079F-s446_STFI_ASV2007_CCAMF	Funneliformis mosseae	P2-bc1030-SPU4-9-2231-1079F-s446	STFI	CCAMF	Stefani reprocessed	2501	Funneliformis mosseae | FS-29_2726A	0.0	Funneliformis coronatus	99.16
Funneliformis_mosseae_P2-bc1031-SPU4-12-2231-1079F-s607_STFI_ASV2007_CCAMF	Funneliformis mosseae	P2-bc1031-SPU4-12-2231-1079F-s607	STFI	CCAMF	Stefani reprocessed	2501	Funneliformis mosseae | FS-29_2726A	0.0	Funneliformis coronatus	99.16
Funneliformis_mosseae_P2-bc1028-SPU4-89-FS-29-2726A-s205_STFI_ASV2027_CCAMF	Funneliformis mosseae	P2-bc1028-SPU4-89-FS-29-2726A-s205	STFI	CCAMF	Stefani reprocessed	2500	Funneliformis mosseae | FS-29_2726A	0.0	Funneliformis caledonium	99.3
Funneliformis_mosseae_P2-bc1029-SPU4-92-FS-29-2726A-s152_STFI_ASV2027_CCAMF	Funneliformis mosseae	P2-bc1029-SPU4-92-FS-29-2726A-s152	STFI	CCAMF	Stefani reprocessed	2500	Funneliformis mosseae | FS-29_2726A	0.0	Funneliformis caledonium	99.3
Funneliformis_mosseae_P2-bc1028-SPU4-89-FS-29-2726A-s1014_STFI_ASV2094_CCAMF	Funneliformis mosseae	P2-bc1028-SPU4-89-FS-29-2726A-s1014	STFI	CCAMF	Stefani reprocessed	2500	Funneliformis mosseae | FS-29_2726A	0.0	Funneliformis coronatus	99.58
Funneliformis_mosseae_P2-bc1029-SPU4-92-FS-29-2726A-s1063_STFI_ASV2094_CCAMF	Funneliformis mosseae	P2-bc1029-SPU4-92-FS-29-2726A-s1063	STFI	CCAMF	Stefani reprocessed	2500	Funneliformis mosseae | FS-29_2726A	0.0	Funneliformis coronatus	99.58
Funneliformis_mosseae_P2-bc1028-SPU4-89-FS-29-2726A-s183_STFI_ASV2153_CCAMF	Funneliformis mosseae	P2-bc1028-SPU4-89-FS-29-2726A-s183	STFI	CCAMF	Stefani reprocessed	2499	Funneliformis mosseae | FS-29_2726A	0.0	Funneliformis coronatus	99.58
Funneliformis_mosseae_P2-bc1030-SPU4-9-2231-1079F-s178_STFI_ASV2109_CCAMF	Funneliformis mosseae	P2-bc1030-SPU4-9-2231-1079F-s178	STFI	CCAMF	Stefani reprocessed	2499	Funneliformis mosseae | 2231_1079F	0.0	Funneliformis coronatus	99.03
Funneliformis_mosseae_P2-bc1031-SPU4-12-2231-1079F-s248-1_STFI_ASV2109_CCAMF	Funneliformis mosseae	P2-bc1031-SPU4-12-2231-1079F-s248-1	STFI	CCAMF	Stefani reprocessed	2499	Funneliformis mosseae | 2231_1079F	0.0	Funneliformis coronatus	99.03
Funneliformis_mosseae_P2-bc1030-SPU4-9-2231-1079F-s177_STFI_ASV2062_CCAMF	Funneliformis mosseae	P2-bc1030-SPU4-9-2231-1079F-s177	STFI	CCAMF	Stefani reprocessed	2499	Funneliformis mosseae | 2231_1079F	0.0	Funneliformis coronatus	99.16
Funneliformis_mosseae_P2-bc1031-SPU4-12-2231-1079F-s273_STFI_ASV2062_CCAMF	Funneliformis mosseae	P2-bc1031-SPU4-12-2231-1079F-s273	STFI	CCAMF	Stefani reprocessed	2499	Funneliformis mosseae | 2231_1079F	0.0	Funneliformis coronatus	99.16
Septoglomus_turnauae_P4-bc1088-SPU-5-5-1-Blasz-12-2272D-s820_STFI_ASV2154_CCAMF	Septoglomus turnauae	P4-bc1088-SPU-5-5-1-Blasz-12-2272D-s820	STFI	CCAMF	Stefani reprocessed	2495	Septoglomus turnauae | Blasz_12_2272D	9.48	Septoglomus xanthium	97.24
Septoglomus_turnauae_P4-bc1088-SPU-5-5-1-Blasz-12-2272D-s4314_STFI_ASV2155_CCAMF	Septoglomus turnauae	P4-bc1088-SPU-5-5-1-Blasz-12-2272D-s4314	STFI	CCAMF	Stefani reprocessed	2505	Septoglomus turnauae | Blasz_12_2272D	0.0	Septoglomus turnauae	97.44
Septoglomus_turnauae_P4-bc1088-SPU-5-5-1-Blasz-12-2272D-s1052_STFI_ASV2156_CCAMF	Septoglomus turnauae	P4-bc1088-SPU-5-5-1-Blasz-12-2272D-s1052	STFI	CCAMF	Stefani reprocessed	2508	Septoglomus turnauae | Blasz_12_2272D	0.0	Septoglomus xanthium	97.05
Septoglomus_turnauae_P4-bc1088-SPU-5-5-1-Blasz-12-2272D-s196_STFI_ASV2157_CCAMF	Septoglomus turnauae	P4-bc1088-SPU-5-5-1-Blasz-12-2272D-s196	STFI	CCAMF	Stefani reprocessed	2509	Septoglomus turnauae | Blasz_12_2272D	0.0	Septoglomus turnauae	96.91
Septoglomus_turnauae_P4-bc1088-SPU-5-5-1-Blasz-12-2272D-s172_STFI_ASV2158_CCAMF	Septoglomus turnauae	P4-bc1088-SPU-5-5-1-Blasz-12-2272D-s172	STFI	CCAMF	Stefani reprocessed	2508	Septoglomus turnauae | Blasz_12_2272D	0.0	Septoglomus turnauae	96.91
Septoglomus_viscosum_P4-bc1013-SPU-7-1-2-Att1910-1-s918_STFI_ASV2057_CCAMF	Septoglomus viscosum	P4-bc1013-SPU-7-1-2-Att1910-1-s918	STFI	CCAMF	Stefani reprocessed	2511	Septoglomus viscosum | W375_18_642E	5.53	Septoglomus Viscospora	97.35
Septoglomus_viscosum_P4-bc1014-SPU-7-1-3-Att1910-1-s1209_STFI_ASV2057_CCAMF	Septoglomus viscosum	P4-bc1014-SPU-7-1-3-Att1910-1-s1209	STFI	CCAMF	Stefani reprocessed	2511	Septoglomus viscosum | W375_18_642E	5.53	Septoglomus Viscospora	97.35
Septoglomus_viscosum_P4-bc1013-SPU-7-1-2-Att1910-1-s346_STFI_ASV2001_CCAMF	Septoglomus viscosum	P4-bc1013-SPU-7-1-2-Att1910-1-s346	STFI	CCAMF	Stefani reprocessed	2514	Septoglomus viscosum | CW0026_Att1910-1	0.0	Septoglomus Viscospora	97.49
Septoglomus_viscosum_P4-bc1014-SPU-7-1-3-Att1910-1-s1019_STFI_ASV2001_CCAMF	Septoglomus viscosum	P4-bc1014-SPU-7-1-3-Att1910-1-s1019	STFI	CCAMF	Stefani reprocessed	2514	Septoglomus viscosum | CW0026_Att1910-1	0.0	Septoglomus Viscospora	97.49
Septoglomus_viscosum_P4-bc1014-SPU-7-1-3-Att1910-1-s57_STFI_ASV2159_CCAMF	Septoglomus viscosum	P4-bc1014-SPU-7-1-3-Att1910-1-s57	STFI	CCAMF	Stefani reprocessed	2513	Septoglomus viscosum | CW0026_Att1910-1	0.0	Septoglomus Viscospora	97.49
Septoglomus_viscosum_P4-bc1013-SPU-7-1-2-Att1910-1-s483_STFI_ASV2101_CCAMF	Septoglomus viscosum	P4-bc1013-SPU-7-1-2-Att1910-1-s483	STFI	CCAMF	Stefani reprocessed	2519	Septoglomus viscosum | CW0026_Att1910-1	0.0	Septoglomus Viscospora	97.77
Septoglomus_viscosum_P4-bc1014-SPU-7-1-3-Att1910-1-s71_STFI_ASV2101_CCAMF	Septoglomus viscosum	P4-bc1014-SPU-7-1-3-Att1910-1-s71	STFI	CCAMF	Stefani reprocessed	2519	Septoglomus viscosum | CW0026_Att1910-1	0.0	Septoglomus Viscospora	97.77
Septoglomus_viscosum_P4-bc1013-SPU-7-1-2-Att1910-1-s1399_STFI_ASV2060_CCAMF	Septoglomus viscosum	P4-bc1013-SPU-7-1-2-Att1910-1-s1399	STFI	CCAMF	Stefani reprocessed	2519	Septoglomus viscosum | CW0026_Att1910-1	0.0	Septoglomus Viscospora	97.77
Septoglomus_viscosum_P4-bc1014-SPU-7-1-3-Att1910-1-s281_STFI_ASV2060_CCAMF	Septoglomus viscosum	P4-bc1014-SPU-7-1-3-Att1910-1-s281	STFI	CCAMF	Stefani reprocessed	2519	Septoglomus viscosum | CW0026_Att1910-1	0.0	Septoglomus Viscospora	97.77
Septoglomus_viscosum_P4-bc1013-SPU-7-1-2-Att1910-1-s4078_STFI_ASV2054_CCAMF	Septoglomus viscosum	P4-bc1013-SPU-7-1-2-Att1910-1-s4078	STFI	CCAMF	Stefani reprocessed	2519	Septoglomus viscosum | CW0026_Att1910-1	0.0	Septoglomus Viscospora	97.77
Septoglomus_viscosum_P4-bc1014-SPU-7-1-3-Att1910-1-s807_STFI_ASV2054_CCAMF	Septoglomus viscosum	P4-bc1014-SPU-7-1-3-Att1910-1-s807	STFI	CCAMF	Stefani reprocessed	2519	Septoglomus viscosum | CW0026_Att1910-1	0.0	Septoglomus Viscospora	97.77
Septoglomus_viscosum_P4-bc1014-SPU-7-1-3-Att1910-1-s78_STFI_ASV2160_CCAMF	Septoglomus viscosum	P4-bc1014-SPU-7-1-3-Att1910-1-s78	STFI	CCAMF	Stefani reprocessed	2517	Septoglomus viscosum | CW0026_Att1910-1	0.0	Septoglomus Viscospora	97.77
Funneliformis_caledonium_P1-bc1008-81-s129_STFP_ASV2161_CCAMF	Funneliformis caledonium	P1-bc1008-81-s129	STFP	CCAMF	Stefani reprocessed	2521	Funneliformis caledonium | VDHK150A_21A	0.0	Funneliformis fragilistratum	99.03
Funneliformis_caledonium_P1-bc1008-81-s114_STFP_ASV2162_CCAMF	Funneliformis caledonium	P1-bc1008-81-s114	STFP	CCAMF	Stefani reprocessed	2526	Funneliformis caledonium | VDHK150A_21A	0.0	Funneliformis fragilistratum	98.75
Funneliformis_caledonium_P1-bc1008-81-s73_STFP_ASV2163_CCAMF	Funneliformis caledonium	P1-bc1008-81-s73	STFP	CCAMF	Stefani reprocessed	2527	Funneliformis caledonium | VDHK150A_21A	0.0	Funneliformis fragilistratum	99.16
Funneliformis_caledonium_P1-bc1068-498-s138_STFP_ASV2164_CCAMF	Funneliformis caledonium	P1-bc1068-498-s138	STFP	CCAMF	Stefani reprocessed	2525	Funneliformis caledonium | CW0030_822A	0.0	Funneliformis fragilistratum	99.16
Funneliformis_caledonium_P1-bc1068-498-s68_STFP_ASV2165_CCAMF	Funneliformis caledonium	P1-bc1068-498-s68	STFP	CCAMF	Stefani reprocessed	2524	Funneliformis caledonium | CW0030_822A	0.0	Funneliformis fragilistratum	99.44
Funneliformis_caledonium_P1-bc1068-498-s107_STFP_ASV2166_CCAMF	Funneliformis caledonium	P1-bc1068-498-s107	STFP	CCAMF	Stefani reprocessed	2525	Funneliformis caledonium | CW0030_822A	0.0	Funneliformis fragilistratum	99.16
Funneliformis_caledonium_P1-bc1068-498-s70_STFP_ASV2167_CCAMF	Funneliformis caledonium	P1-bc1068-498-s70	STFP	CCAMF	Stefani reprocessed	2525	Funneliformis caledonium | CW0030_822A	0.0	Funneliformis fragilistratum	99.44
Funneliformis_caledonium_P1-bc1008-81-s59_STFP_ASV2168_CCAMF	Funneliformis caledonium	P1-bc1008-81-s59	STFP	CCAMF	Stefani reprocessed	2529	Funneliformis caledonium | VDHK150A_21A	0.0	Funneliformis fragilistratum	98.75
Funneliformis_caledonium_P1-bc1008-81-s61_STFP_ASV2169_CCAMF	Funneliformis caledonium	P1-bc1008-81-s61	STFP	CCAMF	Stefani reprocessed	2524	Funneliformis caledonium | VDHK150A_21A	0.0	Funneliformis fragilistratum	99.16
Funneliformis_geosporum_P1-bc1048-738-s177_STFP_ASV2170_CCAMF	Funneliformis geosporum	P1-bc1048-738-s177	STFP	CCAMF	Stefani reprocessed	2522	Funneliformis geosporum | ALBG_A3	0.0	Funneliformis geosporum	98.45
Funneliformis_geosporum_P1-bc1048-738-s123_STFP_ASV2171_CCAMF	Funneliformis geosporum	P1-bc1048-738-s123	STFP	CCAMF	Stefani reprocessed	2522	Funneliformis geosporum | ALBG_A3	0.0	Funneliformis geosporum	98.31
Funneliformis_geosporum_P1-bc1048-738-s70_STFP_ASV2172_CCAMF	Funneliformis geosporum	P1-bc1048-738-s70	STFP	CCAMF	Stefani reprocessed	2522	Funneliformis geosporum | ALBG_A3	0.0	Funneliformis geosporum	98.59
Funneliformis_geosporum_P1-bc1048-738-s75_STFP_ASV2173_CCAMF	Funneliformis geosporum	P1-bc1048-738-s75	STFP	CCAMF	Stefani reprocessed	2523	Funneliformis geosporum | ALBG_A3	0.0	Funneliformis geosporum	98.59
Funneliformis_geosporum_P1-bc1048-738-s61_STFP_ASV2174_CCAMF	Funneliformis geosporum	P1-bc1048-738-s61	STFP	CCAMF	Stefani reprocessed	2522	Funneliformis geosporum | ALBG_A3	0.0	Funneliformis geosporum	98.87
Funneliformis_geosporum_P1-bc1064-518-s125_STFP_ASV2175_CCAMF	Funneliformis geosporum	P1-bc1064-518-s125	STFP	CCAMF	Stefani reprocessed	2520	Funneliformis geosporum | W681_7_10A	0.0	Funneliformis geosporum	98.59
Funneliformis_geosporum_P1-bc1064-518-s89_STFP_ASV2176_CCAMF	Funneliformis geosporum	P1-bc1064-518-s89	STFP	CCAMF	Stefani reprocessed	2528	Funneliformis geosporum | W681_7_10A	0.0	Funneliformis geosporum	99.02
Funneliformis_geosporum_P1-bc1064-518-s87_STFP_ASV2177_CCAMF	Funneliformis geosporum	P1-bc1064-518-s87	STFP	CCAMF	Stefani reprocessed	2527	Funneliformis geosporum | W681_7_10A	0.0	Funneliformis geosporum	98.17
Funneliformis_coronatum_P1-bc1040-974-s201_STFP_ASV2178_CCAMF	Funneliformis coronatus	P1-bc1040-974-s201	STFP	CCAMF	Stefani reprocessed	2501	Funneliformis coronatus | Algerie_2_1072A	0.0	Funneliformis pilosus	97.16
Funneliformis_coronatum_P1-bc1040-974-s113_STFP_ASV2179_CCAMF	Funneliformis coronatus	P1-bc1040-974-s113	STFP	CCAMF	Stefani reprocessed	2503	Funneliformis coronatus | Algerie_2_1072A	0.0	Funneliformis pilosus	97.16
Funneliformis_coronatum_P1-bc1040-974-s133_STFP_ASV2180_CCAMF	Funneliformis coronatus	P1-bc1040-974-s133	STFP	CCAMF	Stefani reprocessed	2500	Funneliformis coronatus | Algerie_2_1072A	0.0	Funneliformis pilosus	97.16
Funneliformis_coronatum_P1-bc1040-974-s104_STFP_ASV2181_CCAMF	Funneliformis coronatus	P1-bc1040-974-s104	STFP	CCAMF	Stefani reprocessed	2501	Funneliformis coronatus | Algerie_2_1072A	0.0	Funneliformis pilosus	97.01
Funneliformis_coronatum_P1-bc1040-974-s84_STFP_ASV2182_CCAMF	Funneliformis coronatus	P1-bc1040-974-s84	STFP	CCAMF	Stefani reprocessed	2504	Funneliformis coronatus | Algerie_2_1072A	0.0	Funneliformis pilosus	96.87
Funneliformis_coronatum_P2-bc1005-405-s1546_STFP_ASV2183_CCAMF	Funneliformis coronatus	P2-bc1005-405-s1546	STFP	CCAMF	Stefani reprocessed	2501	Funneliformis coronatus | W143_5_12A	0.0	Funneliformis pilosus	97.31
Funneliformis_coronatum_P2-bc1005-405-s176_STFP_ASV2184_CCAMF	Funneliformis coronatus	P2-bc1005-405-s176	STFP	CCAMF	Stefani reprocessed	2503	Funneliformis coronatus | W143_5_12A	0.0	Funneliformis pilosus	97.31
Funneliformis_coronatum_P2-bc1005-405-s1335_STFP_ASV2185_CCAMF	Funneliformis coronatus	P2-bc1005-405-s1335	STFP	CCAMF	Stefani reprocessed	2503	Funneliformis coronatus | W143_5_12A	0.0	Funneliformis pilosus	97.46
Funneliformis_coronatum_P2-bc1005-405-s1117_STFP_ASV2186_CCAMF	Funneliformis coronatus	P2-bc1005-405-s1117	STFP	CCAMF	Stefani reprocessed	2502	Funneliformis coronatus | W143_5_12A	0.0	Funneliformis pilosus	97.46
Funneliformis_coronatum_P2-bc1005-405-s181_STFP_ASV2187_CCAMF	Funneliformis coronatus	P2-bc1005-405-s181	STFP	CCAMF	Stefani reprocessed	2502	Funneliformis coronatus | W143_5_12A	0.0	Funneliformis pilosus	97.46
Funneliformis_coronatum_P2-bc1005-405-s195_STFP_ASV2188_CCAMF	Funneliformis coronatus	P2-bc1005-405-s195	STFP	CCAMF	Stefani reprocessed	2503	Funneliformis coronatus | W143_5_12A	0.0	Funneliformis pilosus	97.46
Funneliformis_coronatum_P2-bc1005-405-s794_STFP_ASV2189_CCAMF	Funneliformis coronatus	P2-bc1005-405-s794	STFP	CCAMF	Stefani reprocessed	2503	Funneliformis coronatus | W143_5_12A	0.0	Funneliformis pilosus	97.31
Funneliformis_coronatum_P2-bc1007-408-s13291_STFP_ASV2190_CCAMF	Funneliformis coronatus	P2-bc1007-408-s13291	STFP	CCAMF	Stefani reprocessed	2503	Funneliformis coronatus | W699_21_3A	0.0	Funneliformis pilosus	97.76
Funneliformis_coronatum_P2-bc1007-408-s3658_STFP_ASV2191_CCAMF	Funneliformis coronatus	P2-bc1007-408-s3658	STFP	CCAMF	Stefani reprocessed	2503	Funneliformis coronatus | W699_21_3A	0.0	Funneliformis pilosus	97.61
Funneliformis_coronatum_P2-bc1007-408-s524_STFP_ASV2192_CCAMF	Funneliformis coronatus	P2-bc1007-408-s524	STFP	CCAMF	Stefani reprocessed	2503	Funneliformis coronatus | W699_21_3A	0.0	Funneliformis pilosus	97.61
Funneliformis_coronatum_P2-bc1007-408-s401_STFP_ASV2193_CCAMF	Funneliformis coronatus	P2-bc1007-408-s401	STFP	CCAMF	Stefani reprocessed	2502	Funneliformis coronatus | W699_21_3A	0.0	Funneliformis pilosus	97.46
Funneliformis_coronatum_P2-bc1004-402-s2396_STFP_ASV2194_CCAMF	Funneliformis coronatus	P2-bc1004-402-s2396	STFP	CCAMF	Stefani reprocessed	2520	Funneliformis coronatus | W111_12_886A	0.0	Funneliformis pilosus	98.06
Funneliformis_coronatum_P2-bc1004-402-s206_STFP_ASV2195_CCAMF	Funneliformis coronatus	P2-bc1004-402-s206	STFP	CCAMF	Stefani reprocessed	2520	Funneliformis coronatus | W111_12_886A	0.0	Funneliformis pilosus	97.91
Funneliformis_coronatum_P2-bc1004-402-s182_STFP_ASV2196_CCAMF	Funneliformis coronatus	P2-bc1004-402-s182	STFP	CCAMF	Stefani reprocessed	2519	Funneliformis coronatus | W111_12_886A	0.0	Funneliformis pilosus	97.76
Funneliformis_coronatum_P2-bc1004-402-s176_STFP_ASV2197_CCAMF	Funneliformis coronatus	P2-bc1004-402-s176	STFP	CCAMF	Stefani reprocessed	2518	Funneliformis coronatus | W111_12_886A	0.0	Funneliformis pilosus	97.91
Funneliformis_coronatum_P2-bc1004-402-s174_STFP_ASV2198_CCAMF	Funneliformis coronatus	P2-bc1004-402-s174	STFP	CCAMF	Stefani reprocessed	2519	Funneliformis coronatus | W111_12_886A	0.0	Funneliformis pilosus	98.06
Funneliformis_coronatum_P2-bc1004-402-s165_STFP_ASV2199_CCAMF	Funneliformis coronatus	P2-bc1004-402-s165	STFP	CCAMF	Stefani reprocessed	2516	Funneliformis coronatus | W111_12_886A	0.0	Funneliformis pilosus	98.21
Funneliformis_coronatum_P2-bc1004-402-s300_STFP_ASV2200_CCAMF	Funneliformis coronatus	P2-bc1004-402-s300	STFP	CCAMF	Stefani reprocessed	2520	Funneliformis coronatus | W111_12_886A	0.0	Funneliformis pilosus	97.91
Funneliformis_coronatum_P2-bc1004-402-s439_STFP_ASV2201_CCAMF	Funneliformis coronatus	P2-bc1004-402-s439	STFP	CCAMF	Stefani reprocessed	2522	Funneliformis coronatus | W111_12_886A	0.0	Funneliformis pilosus	98.21
Funneliformis_mosseae_P1-bc1070-483-s313_STFP_ASV2202_CCAMF	Funneliformis mosseae	P1-bc1070-483-s313	STFP	CCAMF	Stefani reprocessed	2504	Funneliformis mosseae | C2	0.0	Funneliformis coronatus	99.44
Funneliformis_mosseae_P1-bc1070-483-s212_STFP_ASV2203_CCAMF	Funneliformis mosseae	P1-bc1070-483-s212	STFP	CCAMF	Stefani reprocessed	2501	Funneliformis mosseae | C2	0.0	Funneliformis coronatus	99.44
Funneliformis_mosseae_P1-bc1070-483-s121_STFP_ASV2204_CCAMF	Funneliformis mosseae	P1-bc1070-483-s121	STFP	CCAMF	Stefani reprocessed	2498	Funneliformis mosseae | C2	0.0	Funneliformis coronatus	99.72
Funneliformis_mosseae_P1-bc1070-483-s94_STFP_ASV2205_CCAMF	Funneliformis mosseae	P1-bc1070-483-s94	STFP	CCAMF	Stefani reprocessed	2494	Funneliformis mosseae | C2	0.0	Funneliformis coronatus	99.86
Funneliformis_mosseae_P1-bc1070-483-s156_STFP_ASV2206_CCAMF	Funneliformis mosseae	P1-bc1070-483-s156	STFP	CCAMF	Stefani reprocessed	2502	Funneliformis mosseae | C2	0.0	Funneliformis coronatus	99.44
Funneliformis_mosseae_P2-bc1001-314-s4798_STFP_ASV2207_CCAMF	Funneliformis mosseae	P2-bc1001-314-s4798	STFP	CCAMF	Stefani reprocessed	2501	Funneliformis mosseae | 2101_50A	0.0	Funneliformis coronatus	98.89
Funneliformis_mosseae_P2-bc1001-314-s369_STFP_ASV2208_CCAMF	Funneliformis mosseae	P2-bc1001-314-s369	STFP	CCAMF	Stefani reprocessed	2501	Funneliformis mosseae | 2101_50A	0.0	Funneliformis coronatus	99.16
Funneliformis_mosseae_P2-bc1001-314-s452_STFP_ASV2209_CCAMF	Funneliformis mosseae	P2-bc1001-314-s452	STFP	CCAMF	Stefani reprocessed	2501	Funneliformis mosseae | 2101_50A	0.0	Funneliformis coronatus	99.16
Funneliformis_mosseae_P2-bc1010-180-s126_STFP_ASV2210_CCAMF	Funneliformis mosseae	P2-bc1010-180-s126	STFP	CCAMF	Stefani reprocessed	2501	Funneliformis mosseae | 2101_50A	0.0	Funneliformis coronatus	99.58
Funneliformis_mosseae_P4-bc1053-394-s3506_STFP_ASV2211_CCAMF	Funneliformis mosseae	P4-bc1053-394-s3506	STFP	CCAMF	Stefani reprocessed	2501	Funneliformis mosseae | FEC30_219A	0.0	Funneliformis coronatus	99.44
Funneliformis_mosseae_P2-bc1001-314-s462_STFP_ASV2212_CCAMF	Funneliformis mosseae	P2-bc1001-314-s462	STFP	CCAMF	Stefani reprocessed	2500	Funneliformis mosseae | 2101_50A	0.0	Funneliformis coronatus	99.3
Funneliformis_mosseae_P4-bc1030-448-s800_STFP_ASV2213_CCAMF	Funneliformis mosseae	P4-bc1030-448-s800	STFP	CCAMF	Stefani reprocessed	2500	Funneliformis mosseae | W32_9_13A	0.0	Funneliformis caledonium	99.3
Funneliformis_mosseae_P2-bc1010-180-s445_STFP_ASV2214_CCAMF	Funneliformis mosseae	P2-bc1010-180-s445	STFP	CCAMF	Stefani reprocessed	2501	Funneliformis mosseae | FS-29_2726A	0.0	Funneliformis caledonium	99.44
Funneliformis_mosseae_P2-bc1010-180-s146_STFP_ASV2215_CCAMF	Funneliformis mosseae	P2-bc1010-180-s146	STFP	CCAMF	Stefani reprocessed	2501	Funneliformis mosseae | 3502	0.0	Funneliformis coronatus	99.16
Funneliformis_mosseae_P4-bc1030-448-s1506_STFP_ASV2216_CCAMF	Funneliformis mosseae	P4-bc1030-448-s1506	STFP	CCAMF	Stefani reprocessed	2500	Funneliformis mosseae | W32_9_13A	0.0	Funneliformis caledonium	99.44
Funneliformis_mosseae_P4-bc1030-448-s418_STFP_ASV2217_CCAMF	Funneliformis mosseae	P4-bc1030-448-s418	STFP	CCAMF	Stefani reprocessed	2499	Funneliformis mosseae | W32_9_13A	0.0	Funneliformis caledonium	99.44
Funneliformis_mosseae_P4-bc1030-448-s342_STFP_ASV2218_CCAMF	Funneliformis mosseae	P4-bc1030-448-s342	STFP	CCAMF	Stefani reprocessed	2500	Funneliformis mosseae | W32_9_13A	0.0	Funneliformis caledonium	99.44
Funneliformis_mosseae_P4-bc1030-448-s315_STFP_ASV2219_CCAMF	Funneliformis mosseae	P4-bc1030-448-s315	STFP	CCAMF	Stefani reprocessed	2502	Funneliformis mosseae | W32_9_13A	0.0	Funneliformis caledonium	99.3
Funneliformis_mosseae_P2-bc1001-314-s1051_STFP_ASV2220_CCAMF	Funneliformis mosseae	P2-bc1001-314-s1051	STFP	CCAMF	Stefani reprocessed	2505	Funneliformis mosseae | 2101_50A	0.0	Funneliformis coronatus	99.44
Funneliformis_mosseae_P2-bc1001-314-s988_STFP_ASV2221_CCAMF	Funneliformis mosseae	P2-bc1001-314-s988	STFP	CCAMF	Stefani reprocessed	2504	Funneliformis mosseae | 2101_50A	0.0	Funneliformis coronatus	99.44
Funneliformis_mosseae_P2-bc1001-314-s406_STFP_ASV2222_CCAMF	Funneliformis mosseae	P2-bc1001-314-s406	STFP	CCAMF	Stefani reprocessed	2503	Funneliformis mosseae | 2101_50A	0.0	Funneliformis coronatus	99.3
Funneliformis_mosseae_P2-bc1012-306-s445_STFP_ASV2223_CCAMF	Funneliformis mosseae	P2-bc1012-306-s445	STFP	CCAMF	Stefani reprocessed	2502	Funneliformis mosseae | 198394_123A	0.0	Funneliformis coronatus	99.16
Funneliformis_mosseae_P4-bc1031-242-s655_STFP_ASV2224_CCAMF	Funneliformis mosseae	P4-bc1031-242-s655	STFP	CCAMF	Stefani reprocessed	2501	Funneliformis mosseae | 2252_723A	0.0	Funneliformis coronatus	99.16
Funneliformis_mosseae_P4-bc1031-242-s1979_STFP_ASV2225_CCAMF	Funneliformis mosseae	P4-bc1031-242-s1979	STFP	CCAMF	Stefani reprocessed	2502	Funneliformis mosseae | 2252_723A	0.0	Funneliformis caledonium	99.3
Funneliformis_mosseae_P2-bc1012-306-s502_STFP_ASV2031_CCAMF	Funneliformis mosseae	P2-bc1012-306-s502	STFP	CCAMF	Stefani reprocessed	2503	Funneliformis mosseae | 198394_123A	0.0	Funneliformis caledonium	99.16
Funneliformis_mosseae_P4-bc1031-242-s3231_STFP_ASV2031_CCAMF	Funneliformis mosseae	P4-bc1031-242-s3231	STFP	CCAMF	Stefani reprocessed	2503	Funneliformis mosseae | 198394_123A	0.0	Funneliformis caledonium	99.16
Funneliformis_mosseae_P4-bc1031-242-s21094_STFP_ASV2226_CCAMF	Funneliformis mosseae	P4-bc1031-242-s21094	STFP	CCAMF	Stefani reprocessed	2502	Funneliformis mosseae | 2252_723A	0.0	Funneliformis coronatus	99.44
Funneliformis_mosseae_P4-bc1031-242-s844_STFP_ASV2227_CCAMF	Funneliformis mosseae	P4-bc1031-242-s844	STFP	CCAMF	Stefani reprocessed	2501	Funneliformis mosseae | 2252_723A	0.0	Funneliformis coronatus	99.16
Funneliformis_mosseae_P2-bc1012-306-s7626_STFP_ASV2228_CCAMF	Funneliformis mosseae	P2-bc1012-306-s7626	STFP	CCAMF	Stefani reprocessed	2505	Funneliformis mosseae | 198394_123A	0.0	Funneliformis coronatus	99.16
Funneliformis_mosseae_P2-bc1012-306-s1320_STFP_ASV2229_CCAMF	Funneliformis mosseae	P2-bc1012-306-s1320	STFP	CCAMF	Stefani reprocessed	2505	Funneliformis mosseae | 198394_123A	0.0	Funneliformis caledonium	99.3
Funneliformis_mosseae_P4-bc1031-242-s944_STFP_ASV2230_CCAMF	Funneliformis mosseae	P4-bc1031-242-s944	STFP	CCAMF	Stefani reprocessed	2505	Funneliformis mosseae | 198394_123A	0.0	Funneliformis caledonium	99.16
Funneliformis_mosseae_P2-bc1012-306-s899_STFP_ASV2231_CCAMF	Funneliformis mosseae	P2-bc1012-306-s899	STFP	CCAMF	Stefani reprocessed	2504	Funneliformis mosseae | 198394_123A	0.0	Funneliformis coronatus	99.16
Funneliformis_mosseae_P2-bc1012-306-s373_STFP_ASV2232_CCAMF	Funneliformis mosseae	P2-bc1012-306-s373	STFP	CCAMF	Stefani reprocessed	2505	Funneliformis mosseae | 198394_123A	0.0	Funneliformis caledonium	99.3
Funneliformis_mosseae_P2-bc1012-306-s411_STFP_ASV2073_CCAMF	Funneliformis mosseae	P2-bc1012-306-s411	STFP	CCAMF	Stefani reprocessed	2503	Funneliformis mosseae | 198394_123A	0.0	Funneliformis caledonium	99.58
Funneliformis_mosseae_P4-bc1031-242-s636_STFP_ASV2073_CCAMF	Funneliformis mosseae	P4-bc1031-242-s636	STFP	CCAMF	Stefani reprocessed	2503	Funneliformis mosseae | 198394_123A	0.0	Funneliformis caledonium	99.58
Funneliformis_mosseae_P4-bc1030-448-s779_STFP_ASV2233_CCAMF	Funneliformis mosseae	P4-bc1030-448-s779	STFP	CCAMF	Stefani reprocessed	2503	Funneliformis mosseae | W32_9_13A	0.0	Funneliformis caledonium	99.44
Funneliformis_mosseae_P4-bc1030-448-s393_STFP_ASV2234_CCAMF	Funneliformis mosseae	P4-bc1030-448-s393	STFP	CCAMF	Stefani reprocessed	2500	Funneliformis mosseae | W32_9_13A	0.0	Funneliformis caledonium	99.44
Funneliformis_mosseae_P4-bc1030-448-s18163_STFP_ASV2235_CCAMF	Funneliformis mosseae	P4-bc1030-448-s18163	STFP	CCAMF	Stefani reprocessed	2499	Funneliformis mosseae | W32_9_13A	0.0	Funneliformis caledonium	99.44
Funneliformis_mosseae_P2-bc1010-180-s101_STFP_ASV2236_CCAMF	Funneliformis mosseae	P2-bc1010-180-s101	STFP	CCAMF	Stefani reprocessed	2501	Funneliformis mosseae | 3502	0.0	Funneliformis caledonium	99.58
Funneliformis_mosseae_P2-bc1003-398-s176_STFP_ASV2237_CCAMF	Funneliformis mosseae	P2-bc1003-398-s176	STFP	CCAMF	Stefani reprocessed	2503	Funneliformis mosseae | 4344_272A	0.0	Funneliformis caledonium	98.89
Funneliformis_mosseae_P2-bc1003-398-s170_STFP_ASV2238_CCAMF	Funneliformis mosseae	P2-bc1003-398-s170	STFP	CCAMF	Stefani reprocessed	2503	Funneliformis mosseae | 4344_272A	0.0	Funneliformis caledonium	98.89
Funneliformis_mosseae_P2-bc1003-398-s145_STFP_ASV2239_CCAMF	Funneliformis mosseae	P2-bc1003-398-s145	STFP	CCAMF	Stefani reprocessed	2503	Funneliformis mosseae | 4344_272A	0.0	Funneliformis coronatus	99.16
Funneliformis_mosseae_P2-bc1003-398-s156_STFP_ASV2240_CCAMF	Funneliformis mosseae	P2-bc1003-398-s156	STFP	CCAMF	Stefani reprocessed	2504	Funneliformis mosseae | 4344_272A	0.0	Funneliformis caledonium	98.89
Funneliformis_mosseae_P4-bc1032-CH-s205_STFP_ASV2241_CCAMF	Funneliformis mosseae	P4-bc1032-CH-s205	STFP	CCAMF	Stefani reprocessed	2502	Funneliformis mosseae | CHB4_Fmos	0.0	Funneliformis coronatus	99.86
Funneliformis_mosseae_P4-bc1032-CH-s477_STFP_ASV2242_CCAMF	Funneliformis mosseae	P4-bc1032-CH-s477	STFP	CCAMF	Stefani reprocessed	2502	Funneliformis mosseae | CHB4_Fmos	0.0	Funneliformis coronatus	99.86
Funneliformis_mosseae_P4-bc1032-CH-s418_STFP_ASV2243_CCAMF	Funneliformis mosseae	P4-bc1032-CH-s418	STFP	CCAMF	Stefani reprocessed	2504	Funneliformis mosseae | CHB4_Fmos	0.0	Funneliformis coronatus	99.3
Funneliformis_mosseae_P4-bc1053-394-s15679_STFP_ASV2244_CCAMF	Funneliformis mosseae	P4-bc1053-394-s15679	STFP	CCAMF	Stefani reprocessed	2500	Funneliformis mosseae | FEC30_219A	0.0	Funneliformis coronatus	99.3
Funneliformis_mosseae_P4-bc1053-394-s1888_STFP_ASV2245_CCAMF	Funneliformis mosseae	P4-bc1053-394-s1888	STFP	CCAMF	Stefani reprocessed	2499	Funneliformis mosseae | FEC30_219A	0.0	Funneliformis coronatus	99.44
Funneliformis_mosseae_P4-bc1053-394-s1540_STFP_ASV2246_CCAMF	Funneliformis mosseae	P4-bc1053-394-s1540	STFP	CCAMF	Stefani reprocessed	2499	Funneliformis mosseae | FEC30_219A	0.0	Funneliformis coronatus	99.44
Funneliformis_mosseae_P4-bc1053-394-s3772_STFP_ASV2247_CCAMF	Funneliformis mosseae	P4-bc1053-394-s3772	STFP	CCAMF	Stefani reprocessed	2500	Funneliformis mosseae | FEC30_219A	0.0	Funneliformis coronatus	99.58
Funneliformis_mosseae_P4-bc1053-394-s2081_STFP_ASV2248_CCAMF	Funneliformis mosseae	P4-bc1053-394-s2081	STFP	CCAMF	Stefani reprocessed	2502	Funneliformis mosseae | FEC30_219A	0.0	Funneliformis coronatus	99.3
Funneliformis_mosseae_P4-bc1032-CH-s170_STFP_ASV2249_CCAMF	Funneliformis mosseae	P4-bc1032-CH-s170	STFP	CCAMF	Stefani reprocessed	2500	Funneliformis mosseae | CHB4_Fmos	0.0	Funneliformis coronatus	99.58
Funneliformis_mosseae_P4-bc1032-CH-s96_STFP_ASV2250_CCAMF	Funneliformis mosseae	P4-bc1032-CH-s96	STFP	CCAMF	Stefani reprocessed	2501	Funneliformis mosseae | CHB4_Fmos	0.0	Funneliformis coronatus	99.86
Funneliformis_mosseae_P4-bc1032-CH-s122_STFP_ASV2251_CCAMF	Funneliformis mosseae	P4-bc1032-CH-s122	STFP	CCAMF	Stefani reprocessed	2502	Funneliformis mosseae | CHB4_Fmos	0.0	Funneliformis coronatus	99.3
Funneliformis_mosseae_P4-bc1032-CH-s89_STFP_ASV2252_CCAMF	Funneliformis mosseae	P4-bc1032-CH-s89	STFP	CCAMF	Stefani reprocessed	2500	Funneliformis mosseae | CHB4_Fmos	0.0	Funneliformis coronatus	99.86
Funneliformis_mosseae_P2-bc1010-180-s103_STFP_ASV2253_CCAMF	Funneliformis mosseae	P2-bc1010-180-s103	STFP	CCAMF	Stefani reprocessed	2502	Funneliformis mosseae | 3502	0.0	Funneliformis coronatus	99.16
Funneliformis_mosseae_P2-bc1001-314-s2024_STFP_ASV2254_CCAMF	Funneliformis mosseae	P2-bc1001-314-s2024	STFP	CCAMF	Stefani reprocessed	2494	Funneliformis mosseae | 2101_50A	0.0	Funneliformis coronatus	99.44
Funneliformis_mosseae_P2-bc1001-314-s765_STFP_ASV2255_CCAMF	Funneliformis mosseae	P2-bc1001-314-s765	STFP	CCAMF	Stefani reprocessed	2498	Funneliformis mosseae | 2101_50A	0.0	Funneliformis coronatus	99.44
Funneliformis_mosseae_P4-bc1027-CH-s541_STFP_ASV2256_CCAMF	Funneliformis mosseae	P4-bc1027-CH-s541	STFP	CCAMF	Stefani reprocessed	2499	Funneliformis mosseae | CHB1_Fmos	0.0	Funneliformis coronatus	98.47
Funneliformis_mosseae_P4-bc1027-CH-s164_STFP_ASV2257_CCAMF	Funneliformis mosseae	P4-bc1027-CH-s164	STFP	CCAMF	Stefani reprocessed	2501	Funneliformis mosseae | CHB1_Fmos	0.0	Funneliformis coronatus	98.61
Funneliformis_mosseae_P4-bc1027-CH-s91_STFP_ASV2258_CCAMF	Funneliformis mosseae	P4-bc1027-CH-s91	STFP	CCAMF	Stefani reprocessed	2500	Funneliformis mosseae | CHB1_Fmos	0.0	Funneliformis coronatus	98.89
Funneliformis_mosseae_P4-bc1027-CH-s426_STFP_ASV2259_CCAMF	Funneliformis mosseae	P4-bc1027-CH-s426	STFP	CCAMF	Stefani reprocessed	2503	Funneliformis mosseae | CHB1_Fmos	0.0	Funneliformis coronatus	98.89
Funneliformis_mosseae_P4-bc1027-CH-s93_STFP_ASV2260_CCAMF	Funneliformis mosseae	P4-bc1027-CH-s93	STFP	CCAMF	Stefani reprocessed	2502	Funneliformis mosseae | CHB1_Fmos	0.0	Funneliformis coronatus	98.75
Funneliformis_mosseae_P4-bc1027-CH-s499_STFP_ASV2261_CCAMF	Funneliformis mosseae	P4-bc1027-CH-s499	STFP	CCAMF	Stefani reprocessed	2498	Funneliformis mosseae | CHB1_Fmos	0.0	Funneliformis coronatus	99.16
Funneliformis_mosseae_P4-bc1027-CH-s96_STFP_ASV2262_CCAMF	Funneliformis mosseae	P4-bc1027-CH-s96	STFP	CCAMF	Stefani reprocessed	2497	Funneliformis mosseae | CHB1_Fmos	0.0	Funneliformis coronatus	99.16
Funneliformis_mosseae_P4-bc1027-CH-s237_STFP_ASV2263_CCAMF	Funneliformis mosseae	P4-bc1027-CH-s237	STFP	CCAMF	Stefani reprocessed	2501	Funneliformis mosseae | CHB1_Fmos	0.0	Funneliformis coronatus	99.03
Funneliformis_mosseae_P4-bc1027-CH-s99_STFP_ASV2264_CCAMF	Funneliformis mosseae	P4-bc1027-CH-s99	STFP	CCAMF	Stefani reprocessed	2500	Funneliformis mosseae | CHB1_Fmos	0.0	Funneliformis coronatus	99.03
Funneliformis_mosseae_P4-bc1027-CH-s415_STFP_ASV2265_CCAMF	Funneliformis mosseae	P4-bc1027-CH-s415	STFP	CCAMF	Stefani reprocessed	2502	Funneliformis mosseae | CHB1_Fmos	0.0	Funneliformis coronatus	98.89
Funneliformis_mosseae_P4-bc1032-CH-s117_STFP_ASV2266_CCAMF	Funneliformis mosseae	P4-bc1032-CH-s117	STFP	CCAMF	Stefani reprocessed	2501	Funneliformis mosseae | CHB4_Fmos	0.0	Funneliformis coronatus	98.89
Funneliformis_mosseae_P4-bc1027-CH-s259_STFP_ASV2267_CCAMF	Funneliformis mosseae	P4-bc1027-CH-s259	STFP	CCAMF	Stefani reprocessed	2503	Funneliformis mosseae | CHB1_Fmos	0.0	Funneliformis coronatus	98.89
Funneliformis_mosseae_P4-bc1027-CH-s208_STFP_ASV2268_CCAMF	Funneliformis mosseae	P4-bc1027-CH-s208	STFP	CCAMF	Stefani reprocessed	2501	Funneliformis mosseae | CHB1_Fmos	0.0	Funneliformis coronatus	99.03
Funneliformis_mosseae_P4-bc1027-CH-s133_STFP_ASV2269_CCAMF	Funneliformis mosseae	P4-bc1027-CH-s133	STFP	CCAMF	Stefani reprocessed	2504	Funneliformis mosseae | CHB1_Fmos	0.0	Funneliformis coronatus	99.03
Funneliformis_mosseae_P4-bc1027-CH-s115_STFP_ASV2270_CCAMF	Funneliformis mosseae	P4-bc1027-CH-s115	STFP	CCAMF	Stefani reprocessed	2503	Funneliformis mosseae | CHB1_Fmos	0.0	Funneliformis coronatus	99.03
Funneliformis_mosseae_P4-bc1026-CH-s7597_STFP_ASV2271_CCAMF	Funneliformis mosseae	P4-bc1026-CH-s7597	STFP	CCAMF	Stefani reprocessed	2503	Funneliformis mosseae | CHB3_Fmos	0.0	Funneliformis coronatus	99.58
Funneliformis_mosseae_P4-bc1026-CH-s1345_STFP_ASV2272_CCAMF	Funneliformis mosseae	P4-bc1026-CH-s1345	STFP	CCAMF	Stefani reprocessed	2504	Funneliformis mosseae | CHB3_Fmos	0.0	Funneliformis coronatus	99.58
Funneliformis_mosseae_P4-bc1026-CH-s3274_STFP_ASV2273_CCAMF	Funneliformis mosseae	P4-bc1026-CH-s3274	STFP	CCAMF	Stefani reprocessed	2504	Funneliformis mosseae | CHB3_Fmos	0.0	Funneliformis coronatus	99.86
Funneliformis_mosseae_P2-bc1003-398-s1825_STFP_ASV2274_CCAMF	Funneliformis mosseae	P2-bc1003-398-s1825	STFP	CCAMF	Stefani reprocessed	2504	Funneliformis mosseae | 4344_272A	0.0	Funneliformis coronatus	99.16
Funneliformis_mosseae_P2-bc1003-398-s1153_STFP_ASV2275_CCAMF	Funneliformis mosseae	P2-bc1003-398-s1153	STFP	CCAMF	Stefani reprocessed	2504	Funneliformis mosseae | 4344_272A	0.0	Funneliformis caledonium	98.89
Funneliformis_mosseae_P2-bc1003-398-s268_STFP_ASV2276_CCAMF	Funneliformis mosseae	P2-bc1003-398-s268	STFP	CCAMF	Stefani reprocessed	2504	Funneliformis mosseae | 4344_272A	0.0	Funneliformis coronatus	99.16
Funneliformis_mosseae_P2-bc1003-398-s632_STFP_ASV2277_CCAMF	Funneliformis mosseae	P2-bc1003-398-s632	STFP	CCAMF	Stefani reprocessed	2503	Funneliformis mosseae | 4344_272A	0.0	Funneliformis coronatus	99.44
Funneliformis_mosseae_P2-bc1003-398-s150_STFP_ASV2278_CCAMF	Funneliformis mosseae	P2-bc1003-398-s150	STFP	CCAMF	Stefani reprocessed	2506	Funneliformis mosseae | 4344_272A	0.0	Funneliformis coronatus	99.03
Funneliformis_mosseae_P4-bc1027-CH-s112_STFP_ASV2279_CCAMF	Funneliformis mosseae	P4-bc1027-CH-s112	STFP	CCAMF	Stefani reprocessed	2503	Funneliformis mosseae | CHB1_Fmos	0.0	Funneliformis coronatus	99.03
Funneliformis_mosseae_P4-bc1030-448-s258_STFP_ASV2280_CCAMF	Funneliformis mosseae	P4-bc1030-448-s258	STFP	CCAMF	Stefani reprocessed	2502	Funneliformis mosseae | W32_9_13A	0.0	Funneliformis caledonium	99.3
Funneliformis_mosseae_P4-bc1027-CH-s101_STFP_ASV2281_CCAMF	Funneliformis mosseae	P4-bc1027-CH-s101	STFP	CCAMF	Stefani reprocessed	2502	Funneliformis mosseae | CHB1_Fmos	0.0	Funneliformis coronatus	98.33
Funneliformis_mosseae_P4-bc1027-CH-s167_STFP_ASV2282_CCAMF	Funneliformis mosseae	P4-bc1027-CH-s167	STFP	CCAMF	Stefani reprocessed	2497	Funneliformis mosseae | CHB1_Fmos	0.0	Funneliformis coronatus	98.75
Septoglomus_viscosum_P2-bc1053-1618-s50_STFP_ASV2054_CCAMF	Septoglomus viscosum	P2-bc1053-1618-s50	STFP	CCAMF	Stefani reprocessed	2519	Septoglomus viscosum | CW0026_Att1910-1	0.0	Septoglomus Viscospora	97.77
Septoglomus_viscosum_P4-bc1036-514-s2579_STFP_ASV2283_CCAMF	Septoglomus viscosum	P4-bc1036-514-s2579	STFP	CCAMF	Stefani reprocessed	2511	Septoglomus viscosum | MD215_360A	0.0	Septoglomus Viscospora	97.91
Septoglomus_viscosum_P4-bc1036-514-s1456_STFP_ASV2284_CCAMF	Septoglomus viscosum	P4-bc1036-514-s1456	STFP	CCAMF	Stefani reprocessed	2511	Septoglomus viscosum | MD215_360A	0.0	Septoglomus Viscospora	97.91
Septoglomus_viscosum_P4-bc1036-514-s837_STFP_ASV2285_CCAMF	Septoglomus viscosum	P4-bc1036-514-s837	STFP	CCAMF	Stefani reprocessed	2518	Septoglomus viscosum | MD215_360A	0.0	Septoglomus Viscospora	97.77
Septoglomus_viscosum_P2-bc1055-1605-s247_STFP_ASV2286_CCAMF	Septoglomus viscosum	P2-bc1055-1605-s247	STFP	CCAMF	Stefani reprocessed	2515	Septoglomus viscosum | W375_18_642E	0.0	Septoglomus Viscospora	97.49
Septoglomus_viscosum_P2-bc1055-1605-s99_STFP_ASV2287_CCAMF	Septoglomus viscosum	P2-bc1055-1605-s99	STFP	CCAMF	Stefani reprocessed	2516	Septoglomus viscosum | W375_18_642E	0.0	Septoglomus Viscospora	98.05
Septoglomus_viscosum_P2-bc1053-1618-s45_STFP_ASV2001_CCAMF	Septoglomus viscosum	P2-bc1053-1618-s45	STFP	CCAMF	Stefani reprocessed	2514	Septoglomus viscosum | CW0026_Att1910-1	0.0	Septoglomus Viscospora	97.49
Septoglomus_viscosum_P2-bc1055-1605-s707_STFP_ASV2288_CCAMF	Septoglomus viscosum	P2-bc1055-1605-s707	STFP	CCAMF	Stefani reprocessed	2513	Septoglomus viscosum | W375_18_642E	0.0	Septoglomus Viscospora	98.05
Septoglomus_viscosum_P2-bc1056-1614-s2194_STFP_ASV2289_CCAMF	Septoglomus viscosum	P2-bc1056-1614-s2194	STFP	CCAMF	Stefani reprocessed	2510	Septoglomus viscosum | CW0002_4001A	0.0	Septoglomus Viscospora	96.82
Septoglomus_viscosum_P2-bc1056-1614-s324_STFP_ASV2290_CCAMF	Septoglomus viscosum	P2-bc1056-1614-s324	STFP	CCAMF	Stefani reprocessed	2510	Septoglomus viscosum | CW0002_4001A	0.0	Septoglomus Viscospora	96.82
Septoglomus_viscosum_P2-bc1056-1614-s161_STFP_ASV2291_CCAMF	Septoglomus viscosum	P2-bc1056-1614-s161	STFP	CCAMF	Stefani reprocessed	2513	Septoglomus viscosum | CW0002_4001A	0.0	Septoglomus Viscospora	96.82
Septoglomus_viscosum_P2-bc1055-1605-s91_STFP_ASV2292_CCAMF	Septoglomus viscosum	P2-bc1055-1605-s91	STFP	CCAMF	Stefani reprocessed	2513	Septoglomus viscosum | W375_18_642E	6.52	Septoglomus Viscospora	98.88
Septoglomus_sp._P2-bc1086-960-s229_STFP_ASV2293_CCAMF	Septoglomus sp.	P2-bc1086-960-s229	STFP	CCAMF	Stefani reprocessed	2511	Septoglomus sp. | 5070_5024A	0.0	Septoglomus Viscospora	95.3
Septoglomus_sp._P4-bc1047-484-s63_STFP_ASV2294_CCAMF	Septoglomus sp.	P4-bc1047-484-s63	STFP	CCAMF	Stefani reprocessed	2512	Septoglomus sp. | C4	0.0	Septoglomus Viscospora	95.3
Septoglomus_sp._P2-bc1086-960-s88_STFP_ASV2016_CCAMF	Septoglomus sp.	P2-bc1086-960-s88	STFP	CCAMF	Stefani reprocessed	2519	Septoglomus sp. | 5070_5024A	0.0	Septoglomus Viscospora	97.05
Septoglomus_sp._P4-bc1047-484-s2079_STFP_ASV2016_CCAMF	Septoglomus sp.	P4-bc1047-484-s2079	STFP	CCAMF	Stefani reprocessed	2519	Septoglomus sp. | 5070_5024A	0.0	Septoglomus Viscospora	97.05
Septoglomus_sp._P4-bc1047-484-s30_STFP_ASV2295_CCAMF	Septoglomus sp.	P4-bc1047-484-s30	STFP	CCAMF	Stefani reprocessed	2519	Septoglomus sp. | 5070_5024A	0.0	Septoglomus Viscospora	97.05
Septoglomus_sp._P4-bc1047-484-s54_STFP_ASV2296_CCAMF	Septoglomus sp.	P4-bc1047-484-s54	STFP	CCAMF	Stefani reprocessed	2519	Septoglomus sp. | 5070_5024A	0.0	Septoglomus Viscospora	97.05
Septoglomus_sp._P4-bc1047-484-s73_STFP_ASV2297_CCAMF	Septoglomus sp.	P4-bc1047-484-s73	STFP	CCAMF	Stefani reprocessed	2520	Septoglomus sp. | 5070_5024A	0.0	Septoglomus Viscospora	97.05
Septoglomus_sp._P2-bc1086-960-s35_STFP_ASV2298_CCAMF	Septoglomus sp.	P2-bc1086-960-s35	STFP	CCAMF	Stefani reprocessed	2514	Septoglomus sp. | 5070_5024A	0.0	Septoglomus Viscospora	97.04
Septoglomus_sp._P4-bc1047-484-s3584_STFP_ASV2299_CCAMF	Septoglomus sp.	P4-bc1047-484-s3584	STFP	CCAMF	Stefani reprocessed	2534	Septoglomus sp. | C4	0.0	Septoglomus Viscospora	95.19
Septoglomus_sp._P4-bc1047-484-s28_STFP_ASV2300_CCAMF	Septoglomus sp.	P4-bc1047-484-s28	STFP	CCAMF	Stefani reprocessed	2534	Septoglomus sp. | C4	0.0	Septoglomus Viscospora	95.59
Septoglomus_sp._P4-bc1047-484-s72_STFP_ASV2301_CCAMF	Septoglomus sp.	P4-bc1047-484-s72	STFP	CCAMF	Stefani reprocessed	2535	Septoglomus sp. | C4	0.0	Septoglomus Viscospora	95.47
Septoglomus_sp._P2-bc1084-652-s420_STFP_ASV2302_CCAMF	Septoglomus sp.	P2-bc1084-652-s420	STFP	CCAMF	Stefani reprocessed	2481	Septoglomus sp. | FS_9_2328B	5.53	Septoglomus constrictum	98.55
Septoglomus_sp._P3-bc1056-1387-s1715_STFP_ASV2303_CCAMF	Septoglomus sp.	P3-bc1056-1387-s1715	STFP	CCAMF	Stefani reprocessed	2484	Septoglomus sp. | FS_9_2328B	0.0	Septoglomus constrictum	97.69
Septoglomus_sp._P3-bc1056-1387-s156_STFP_ASV2304_CCAMF	Septoglomus sp.	P3-bc1056-1387-s156	STFP	CCAMF	Stefani reprocessed	2484	Septoglomus sp. | FS_9_2328B	0.0	Septoglomus constrictum	97.69
Septoglomus_sp._P3-bc1056-1387-s37_STFP_ASV2305_CCAMF	Septoglomus sp.	P3-bc1056-1387-s37	STFP	CCAMF	Stefani reprocessed	2484	Septoglomus sp. | FS_9_2328B	0.0	Septoglomus constrictum	97.69
Septoglomus_sp._P2-bc1084-652-s204_STFP_ASV2306_CCAMF	Septoglomus sp.	P2-bc1084-652-s204	STFP	CCAMF	Stefani reprocessed	2515	Septoglomus sp. | 4404_2057A	0.0	Septoglomus constrictum	97.4
Septoglomus_sp._P2-bc1084-652-s70_STFP_ASV2307_CCAMF	Septoglomus sp.	P2-bc1084-652-s70	STFP	CCAMF	Stefani reprocessed	2515	Septoglomus sp. | 4404_2057A	0.0	Septoglomus constrictum	97.4
Septoglomus_sp._P3-bc1056-1387-s184_STFP_ASV2308_CCAMF	Septoglomus sp.	P3-bc1056-1387-s184	STFP	CCAMF	Stefani reprocessed	2510	Septoglomus sp. | 4404_2057A	2.6	Septoglomus constrictum	97.69
Septoglomus_sp._P3-bc1056-1387-s56_STFP_ASV2309_CCAMF	Septoglomus sp.	P3-bc1056-1387-s56	STFP	CCAMF	Stefani reprocessed	2513	Septoglomus sp. | 4404_2057A	3.6	Septoglomus constrictum	97.69
Septoglomus_sp._P4-bc1042-1197-s11593_STFP_ASV2310_CCAMF	Septoglomus sp.	P4-bc1042-1197-s11593	STFP	CCAMF	Stefani reprocessed	2501	Septoglomus sp. | Blasz_17_2277A	0.0	Septoglomus altomontanum	96.77
Septoglomus_sp._P4-bc1042-1197-s77_STFP_ASV2311_CCAMF	Septoglomus sp.	P4-bc1042-1197-s77	STFP	CCAMF	Stefani reprocessed	2501	Septoglomus sp. | Blasz_17_2277A	0.0	Septoglomus constrictum	96.54
Septoglomus_sp._P4-bc1042-1197-s88_STFP_ASV2312_CCAMF	Septoglomus sp.	P4-bc1042-1197-s88	STFP	CCAMF	Stefani reprocessed	2501	Septoglomus sp. | Blasz_17_2277A	0.0	Septoglomus altomontanum	96.77
Septoglomus_sp._P4-bc1042-1197-s158_STFP_ASV2313_CCAMF	Septoglomus sp.	P4-bc1042-1197-s158	STFP	CCAMF	Stefani reprocessed	2502	Septoglomus sp. | Blasz_17_2277A	0.0	Septoglomus constrictum	96.97
Septoglomus_sp._P4-bc1042-1197-s100_STFP_ASV2314_CCAMF	Septoglomus sp.	P4-bc1042-1197-s100	STFP	CCAMF	Stefani reprocessed	2504	Septoglomus sp. | Blasz_17_2277A	0.0	Septoglomus constrictum	96.68
Septoglomus_sp._P4-bc1043-1218-s1506_STFP_ASV2315_CCAMF	Septoglomus sp.	P4-bc1043-1218-s1506	STFP	CCAMF	Stefani reprocessed	2502	Septoglomus sp. | SO43BL	0.0	Septoglomus altomontanum	96.77
Septoglomus_sp._P4-bc1042-1197-s83_STFP_ASV2316_CCAMF	Septoglomus sp.	P4-bc1042-1197-s83	STFP	CCAMF	Stefani reprocessed	2522	Septoglomus africanum | Blasz_17_2277A	0.0	Septoglomus africanum	97.31
Septoglomus_sp._P4-bc1043-1218-s3438_STFP_ASV2317_CCAMF	Septoglomus sp.	P4-bc1043-1218-s3438	STFP	CCAMF	Stefani reprocessed	2526	Septoglomus africanum | SO43BL	0.0	Septoglomus constrictum	97.11
Septoglomus_sp._P4-bc1043-1218-s1327_STFP_ASV2318_CCAMF	Septoglomus sp.	P4-bc1043-1218-s1327	STFP	CCAMF	Stefani reprocessed	2524	Septoglomus africanum | SO43BL	0.0	Septoglomus constrictum	97.4
Septoglomus_sp._P4-bc1043-1218-s688_STFP_ASV2319_CCAMF	Septoglomus sp.	P4-bc1043-1218-s688	STFP	CCAMF	Stefani reprocessed	2524	Septoglomus africanum | SO43BL	0.0	Septoglomus constrictum	97.26
Septoglomus_sp._P4-bc1043-1218-s1044_STFP_ASV2320_CCAMF	Septoglomus sp.	P4-bc1043-1218-s1044	STFP	CCAMF	Stefani reprocessed	2526	Septoglomus africanum | SO43BL	0.0	Septoglomus constrictum	97.26
Septoglomus_sp._P4-bc1043-1218-s541_STFP_ASV2321_CCAMF	Septoglomus sp.	P4-bc1043-1218-s541	STFP	CCAMF	Stefani reprocessed	2527	Septoglomus africanum | SO43BL	0.0	Septoglomus constrictum	97.4
Glomus_tetrastratosum_P2-bc1057-1631-s329_STFP_ASV2322_CCAMF	Glomus tetrastratosum	P2-bc1057-1631-s329	STFP	CCAMF	Stefani reprocessed	2448	Glomus tetrastratosum | CW0020_4019A	0.0	Glomus tetrastratosum	96.45
Glomus_tetrastratosum_P2-bc1057-1631-s37_STFP_ASV2323_CCAMF	Glomus tetrastratosum	P2-bc1057-1631-s37	STFP	CCAMF	Stefani reprocessed	2450	Glomus tetrastratosum | CW0020_4019A	0.0	Glomus tetrastratosum	96.86
Glomus_tetrastratosum_P4-bc1052-1413-s573_STFP_ASV2003_CCAMF	Glomus tetrastratosum	P4-bc1052-1413-s573	STFP	CCAMF	Stefani reprocessed	2452	Glomus tetrastratosum | 5094_2349C	0.0	Glomus tetrastratosum	96.73
Glomus_tetrastratosum_P4-bc1050-1004-s191_STFP_ASV2324_CCAMF	Glomus tetrastratosum	P4-bc1050-1004-s191	STFP	CCAMF	Stefani reprocessed	2452	Glomus tetrastratosum | 5094_2349C	0.0	Glomus tetrastratosum	96.86
Glomus_tetrastratosum_P4-bc1051-1240-s102_STFP_ASV2325_CCAMF	Glomus tetrastratosum	P4-bc1051-1240-s102	STFP	CCAMF	Stefani reprocessed	2452	Glomus tetrastratosum | 5094_2349C	0.0	Glomus tetrastratosum	96.59
Glomus_tetrastratosum_P4-bc1052-1413-s367_STFP_ASV2326_CCAMF	Glomus tetrastratosum	P4-bc1052-1413-s367	STFP	CCAMF	Stefani reprocessed	2451	Glomus tetrastratosum | 5105_2444A	0.0	Glomus tetrastratosum	96.18
Glomus_tetrastratosum_P2-bc1057-1631-s17_STFP_ASV2327_CCAMF	Glomus tetrastratosum	P2-bc1057-1631-s17	STFP	CCAMF	Stefani reprocessed	2448	Glomus tetrastratosum | CW0020_4019A	0.0	Glomus tetrastratosum	96.45
Glomus_tetrastratosum_P4-bc1052-1413-s90_STFP_ASV2011_CCAMF	Glomus tetrastratosum	P4-bc1052-1413-s90	STFP	CCAMF	Stefani reprocessed	2447	Glomus tetrastratosum | 5094_2349C	0.0	Glomus tetrastratosum	96.59
Glomus_tetrastratosum_P4-bc1052-1413-s30_STFP_ASV2328_CCAMF	Glomus tetrastratosum	P4-bc1052-1413-s30	STFP	CCAMF	Stefani reprocessed	2449	Glomus tetrastratosum | 5105_2444A	0.0	Glomus tetrastratosum	96.46
Glomus_tetrastratosum_P4-bc1052-1413-s29_STFP_ASV2329_CCAMF	Glomus tetrastratosum	P4-bc1052-1413-s29	STFP	CCAMF	Stefani reprocessed	2449	Glomus tetrastratosum | 5105_2444A	0.0	Glomus tetrastratosum	96.46
Glomus_tetrastratosum_P4-bc1052-1413-s39_STFP_ASV2330_CCAMF	Glomus tetrastratosum	P4-bc1052-1413-s39	STFP	CCAMF	Stefani reprocessed	2451	Glomus tetrastratosum | 5105_2444A	0.0	Glomus tetrastratosum	96.86
Glomus_tetrastratosum_P4-bc1050-1004-s4374_STFP_ASV2092_CCAMF	Glomus tetrastratosum	P4-bc1050-1004-s4374	STFP	CCAMF	Stefani reprocessed	2482	Glomus tetrastratosum | 5094_2349C	0.0	Glomus tetrastratosum	95.36
Glomus_tetrastratosum_P4-bc1050-1004-s66_STFP_ASV2331_CCAMF	Glomus tetrastratosum	P4-bc1050-1004-s66	STFP	CCAMF	Stefani reprocessed	2481	Glomus tetrastratosum | 5094_2349C	0.0	Glomus tetrastratosum	95.36
Glomus_tetrastratosum_P4-bc1050-1004-s71_STFP_ASV2332_CCAMF	Glomus tetrastratosum	P4-bc1050-1004-s71	STFP	CCAMF	Stefani reprocessed	2483	Glomus tetrastratosum | 5094_2349C	0.0	Glomus tetrastratosum	95.78
Glomus_chinense_P2-bc1087-1177-s1451_STFP_ASV2053_CCAMF	Glomus chinense	P2-bc1087-1177-s1451	STFP	CCAMF	Stefani reprocessed	2470	Glomus chinense | 4650_4654_2007C	0.0	Glomus mongioiense	98.88
Glomus_chinense_P3-bc1037-733-s1196_STFP_ASV2053_CCAMF	Glomus chinense	P3-bc1037-733-s1196	STFP	CCAMF	Stefani reprocessed	2470	Glomus chinense | 4650_4654_2007C	0.0	Glomus mongioiense	98.88
Glomus_chinense_P3-bc1083-733-s1940_STFP_ASV2053_CCAMF	Glomus chinense	P3-bc1083-733-s1940	STFP	CCAMF	Stefani reprocessed	2470	Glomus chinense | 4650_4654_2007C	0.0	Glomus mongioiense	98.88
Glomus_chinense_P4-bc1002-733-s197_STFP_ASV2053_CCAMF	Glomus chinense	P4-bc1002-733-s197	STFP	CCAMF	Stefani reprocessed	2470	Glomus chinense | 4650_4654_2007C	0.0	Glomus mongioiense	98.88
Glomus_chinense_P3-bc1083-733-s72_STFP_ASV2333_CCAMF	Glomus chinense	P3-bc1083-733-s72	STFP	CCAMF	Stefani reprocessed	2470	Glomus chinense | 4419_1047A	0.0	Glomus mongioiense	98.88
Glomus_chinense_P3-bc1037-733-s65_STFP_ASV2334_CCAMF	Glomus chinense	P3-bc1037-733-s65	STFP	CCAMF	Stefani reprocessed	2470	Glomus chinense | 4650_4654_2007C	0.0	Glomus mongioiense	98.88
Glomus_chinense_P3-bc1037-733-s37_STFP_ASV2335_CCAMF	Glomus chinense	P3-bc1037-733-s37	STFP	CCAMF	Stefani reprocessed	2470	Glomus chinense | 4650_4654_2007C	0.0	Glomus mongioiense	98.88
Glomus_chinense_P2-bc1087-1177-s407_STFP_ASV2336_CCAMF	Glomus chinense	P2-bc1087-1177-s407	STFP	CCAMF	Stefani reprocessed	2465	Glomus chinense | 4650_4654_2007C	0.0	Glomus mongioiense	98.88
Glomus_chinense_P2-bc1087-1177-s136_STFP_ASV2337_CCAMF	Glomus chinense	P2-bc1087-1177-s136	STFP	CCAMF	Stefani reprocessed	2465	Glomus chinense | 4650_4654_2007C	0.0	Glomus mongioiense	98.88
Glomus_chinense_P2-bc1087-1177-s165_STFP_ASV2338_CCAMF	Glomus chinense	P2-bc1087-1177-s165	STFP	CCAMF	Stefani reprocessed	2464	Glomus chinense | 4650_4654_2007C	0.0	Glomus mongioiense	98.88
Glomus_chinense_P2-bc1087-1177-s96_STFP_ASV2081_CCAMF	Glomus chinense	P2-bc1087-1177-s96	STFP	CCAMF	Stefani reprocessed	2465	Glomus chinense | 4650_4654_2007C	0.0	Glomus mongioiense	98.88
Glomus_chinense_P3-bc1083-733-s164_STFP_ASV2081_CCAMF	Glomus chinense	P3-bc1083-733-s164	STFP	CCAMF	Stefani reprocessed	2465	Glomus chinense | 4650_4654_2007C	0.0	Glomus mongioiense	98.88
Glomus_chinense_P4-bc1002-733-s269_STFP_ASV2081_CCAMF	Glomus chinense	P4-bc1002-733-s269	STFP	CCAMF	Stefani reprocessed	2465	Glomus chinense | 4650_4654_2007C	0.0	Glomus mongioiense	98.88
Glomus_chinense_P3-bc1083-733-s51_STFP_ASV2339_CCAMF	Glomus chinense	P3-bc1083-733-s51	STFP	CCAMF	Stefani reprocessed	2462	Glomus chinense | 4650_4654_2007C	0.0	Glomus mongioiense	98.88
Glomus_chinense_P2-bc1087-1177-s112_STFP_ASV2097_CCAMF	Glomus chinense	P2-bc1087-1177-s112	STFP	CCAMF	Stefani reprocessed	2463	Glomus chinense | 4650_4654_2007C	0.0	Glomus mongioiense	98.88
Glomus_chinense_P4-bc1002-733-s263_STFP_ASV2097_CCAMF	Glomus chinense	P4-bc1002-733-s263	STFP	CCAMF	Stefani reprocessed	2463	Glomus chinense | 4650_4654_2007C	0.0	Glomus mongioiense	98.88
Glomus_chinense_P2-bc1087-1177-s93_STFP_ASV2088_CCAMF	Glomus chinense	P2-bc1087-1177-s93	STFP	CCAMF	Stefani reprocessed	2443	Glomus chinense | 4650_4654_2007C	0.0	Glomus mongioiense	98.88
Glomus_chinense_P3-bc1083-733-s203_STFP_ASV2088_CCAMF	Glomus chinense	P3-bc1083-733-s203	STFP	CCAMF	Stefani reprocessed	2443	Glomus chinense | 4650_4654_2007C	0.0	Glomus mongioiense	98.88
Glomus_chinense_P4-bc1002-733-s86_STFP_ASV2088_CCAMF	Glomus chinense	P4-bc1002-733-s86	STFP	CCAMF	Stefani reprocessed	2443	Glomus chinense | 4650_4654_2007C	0.0	Glomus mongioiense	98.88
Glomus_chinense_P2-bc1088-1329-s706_STFP_ASV2340_CCAMF	Glomus chinense	P2-bc1088-1329-s706	STFP	CCAMF	Stefani reprocessed	2449	Glomus chinense | 4411_1096D	0.0	Glomus mongioiense	98.51
Glomus_chinense_P2-bc1088-1329-s105_STFP_ASV2341_CCAMF	Glomus chinense	P2-bc1088-1329-s105	STFP	CCAMF	Stefani reprocessed	2449	Glomus chinense | 4411_1096D	0.0	Glomus mongioiense	98.51
Glomus_chinense_P2-bc1088-1329-s49_STFP_ASV2342_CCAMF	Glomus chinense	P2-bc1088-1329-s49	STFP	CCAMF	Stefani reprocessed	2449	Glomus chinense | 4411_1096D	0.0	Glomus mongioiense	98.51
Glomus_chinense_P2-bc1088-1329-s417_STFP_ASV2343_CCAMF	Glomus chinense	P2-bc1088-1329-s417	STFP	CCAMF	Stefani reprocessed	2452	Glomus chinense | 4411_1096D	0.0	Glomus mongioiense	98.88
Glomus_chinense_P4-bc1001-1026-s251_STFP_ASV2344_CCAMF	Glomus chinense	P4-bc1001-1026-s251	STFP	CCAMF	Stefani reprocessed	2467	Glomus chinense | 4036_906B	0.0	Glomus mongioiense	98.88
Glomus_chinense_P4-bc1001-1026-s7031_STFP_ASV2345_CCAMF	Glomus chinense	P4-bc1001-1026-s7031	STFP	CCAMF	Stefani reprocessed	2463	Glomus chinense | 4036_906B	0.0	Glomus mongioiense	98.88
Glomus_chinense_P4-bc1001-1026-s266_STFP_ASV2346_CCAMF	Glomus chinense	P4-bc1001-1026-s266	STFP	CCAMF	Stefani reprocessed	2465	Glomus chinense | 4036_906B	0.0	Glomus mongioiense	98.88
Glomus_chinense_P4-bc1001-1026-s238_STFP_ASV2347_CCAMF	Glomus chinense	P4-bc1001-1026-s238	STFP	CCAMF	Stefani reprocessed	2464	Glomus chinense | 4036_906B	0.0	Glomus mongioiense	98.88
Glomus_chinense_P4-bc1001-1026-s198_STFP_ASV2348_CCAMF	Glomus chinense	P4-bc1001-1026-s198	STFP	CCAMF	Stefani reprocessed	2467	Glomus chinense | 4036_906B	0.0	Glomus mongioiense	98.88
Glomus_chinense_P4-bc1001-1026-s1045_STFP_ASV2349_CCAMF	Glomus chinense	P4-bc1001-1026-s1045	STFP	CCAMF	Stefani reprocessed	2468	Glomus chinense | 4036_906B	0.0	Glomus mongioiense	98.88
Glomus_chinense_P4-bc1001-1026-s289_STFP_ASV2350_CCAMF	Glomus chinense	P4-bc1001-1026-s289	STFP	CCAMF	Stefani reprocessed	2467	Glomus chinense | 4036_906B	0.0	Glomus mongioiense	98.51
Glomus_chinense_P4-bc1001-1026-s858_STFP_ASV2352_CCAMF	Glomus chinense	P4-bc1001-1026-s858	STFP	CCAMF	Stefani reprocessed	2508	Glomus chinense | 4036_906B	0.0	Glomus mongioiense	98.88
Glomus_chinense_P4-bc1001-1026-s194_STFP_ASV2353_CCAMF	Glomus chinense	P4-bc1001-1026-s194	STFP	CCAMF	Stefani reprocessed	2511	Glomus chinense | 4036_906B	0.0	Glomus mongioiense	98.88
Glomus_chinense_P4-bc1002-733-s88_STFP_ASV2354_CCAMF	Glomus chinense	P4-bc1002-733-s88	STFP	CCAMF	Stefani reprocessed	2511	Glomus chinense | 4419_1047A	0.0	Glomus mongioiense	98.88
Glomus_chinense_P2-bc1088-1329-s38_STFP_ASV2355_CCAMF	Glomus chinense	P2-bc1088-1329-s38	STFP	CCAMF	Stefani reprocessed	2503	Glomus chinense | 4411_1096D	0.0	Glomus ibericum	97.57
Glomus_macrocarpum_P3-bc1031-1214-s38_STFP_ASV2356_CCAMF	Glomus macrocarpum	P3-bc1031-1214-s38	STFP	CCAMF	Stefani reprocessed	2443	Glomus macrocarpum | W6285_2347C	0.0	Glomus mongioiense	99.63
Glomus_macrocarpum_P3-bc1094-1214-s54_STFP_ASV2357_CCAMF	Glomus macrocarpum	P3-bc1094-1214-s54	STFP	CCAMF	Stefani reprocessed	2445	Glomus macrocarpum | W6285_2347C	0.0	Glomus mongioiense	99.25
Glomus_macrocarpum_P3-bc1094-1214-s51_STFP_ASV2358_CCAMF	Glomus macrocarpum	P3-bc1094-1214-s51	STFP	CCAMF	Stefani reprocessed	2442	Glomus macrocarpum | W6285_2347C	0.0	Glomus mongioiense	99.63
Glomus_macrocarpum_P3-bc1031-1214-s13_STFP_ASV2012_CCAMF	Glomus macrocarpum	P3-bc1031-1214-s13	STFP	CCAMF	Stefani reprocessed	2447	Glomus macrocarpum | W6285_2347C	0.0	Glomus mongioiense	98.88
Glomus_macrocarpum_P3-bc1094-1214-s53_STFP_ASV2012_CCAMF	Glomus macrocarpum	P3-bc1094-1214-s53	STFP	CCAMF	Stefani reprocessed	2447	Glomus macrocarpum | W6285_2347C	0.0	Glomus mongioiense	98.88
Glomus_macrocarpum_P3-bc1094-1214-s140_STFP_ASV2359_CCAMF	Glomus macrocarpum	P3-bc1094-1214-s140	STFP	CCAMF	Stefani reprocessed	2443	Glomus macrocarpum | W6285_2347C	0.0	Glomus mongioiense	98.88
Glomus_macrocarpum_P3-bc1094-1214-s68_STFP_ASV2360_CCAMF	Glomus macrocarpum	P3-bc1094-1214-s68	STFP	CCAMF	Stefani reprocessed	2444	Glomus macrocarpum | W6285_2347C	0.0	Glomus mongioiense	98.88
Glomus_rugosae_P3-bc1033-65-s103_STFP_ASV2072_CCAMF	Glomus rugosae	P3-bc1033-65-s103	STFP	CCAMF	Stefani reprocessed	2440	Glomus rugosae | 2101_IVT46	0.0	Glomus mongioiense	98.13
Glomus_rugosae_P4-bc1012-65-s385_STFP_ASV2072_CCAMF	Glomus rugosae	P4-bc1012-65-s385	STFP	CCAMF	Stefani reprocessed	2440	Glomus rugosae | 2101_IVT46	0.0	Glomus mongioiense	98.13
Glomus_rugosae_P3-bc1078-1128-s42_STFP_ASV2361_CCAMF	Glomus rugosae	P3-bc1078-1128-s42	STFP	CCAMF	Stefani reprocessed	2440	Glomus rugosae | 4420_683B	0.0	Glomus mongioiense	98.13
Glomus_rugosae_P3-bc1078-1128-s13_STFP_ASV2362_CCAMF	Glomus rugosae	P3-bc1078-1128-s13	STFP	CCAMF	Stefani reprocessed	2440	Glomus rugosae | 4420_683B	0.0	Glomus mongioiense	98.13
Glomus_rugosae_P3-bc1033-65-s155_STFP_ASV2087_CCAMF	Glomus rugosae	P3-bc1033-65-s155	STFP	CCAMF	Stefani reprocessed	2463	Glomus rugosae | 2101_IVT46	0.0	Glomus mongioiense	99.25
Glomus_rugosae_P3-bc1095-65-s123_STFP_ASV2087_CCAMF	Glomus rugosae	P3-bc1095-65-s123	STFP	CCAMF	Stefani reprocessed	2463	Glomus rugosae | 2101_IVT46	0.0	Glomus mongioiense	99.25
Glomus_rugosae_P4-bc1012-65-s61_STFP_ASV2363_CCAMF	Glomus rugosae	P4-bc1012-65-s61	STFP	CCAMF	Stefani reprocessed	2463	Glomus rugosae | 2101_IVT46	0.0	Glomus mongioiense	99.25
Glomus_rugosae_P3-bc1078-1128-s47_STFP_ASV2085_CCAMF	Glomus rugosae	P3-bc1078-1128-s47	STFP	CCAMF	Stefani reprocessed	2445	Glomus rugosae | 4420_683B	0.0	Glomus mongioiense	98.88
Glomus_rugosae_P4-bc1017-1120-s269_STFP_ASV2085_CCAMF	Glomus rugosae	P4-bc1017-1120-s269	STFP	CCAMF	Stefani reprocessed	2445	Glomus rugosae | 4420_683B	0.0	Glomus mongioiense	98.88
Glomus_rugosae_P4-bc1012-65-s330_STFP_ASV2364_CCAMF	Glomus rugosae	P4-bc1012-65-s330	STFP	CCAMF	Stefani reprocessed	2444	Glomus rugosae | 2101_IVT46	0.0	Glomus mongioiense	99.25
Glomus_rugosae_P4-bc1012-65-s56_STFP_ASV2365_CCAMF	Glomus rugosae	P4-bc1012-65-s56	STFP	CCAMF	Stefani reprocessed	2447	Glomus rugosae | 2101_IVT46	0.0	Glomus mongioiense	99.25
Glomus_rugosae_P4-bc1012-65-s50_STFP_ASV2366_CCAMF	Glomus rugosae	P4-bc1012-65-s50	STFP	CCAMF	Stefani reprocessed	2449	Glomus rugosae | 2101_IVT46	0.0	Glomus mongioiense	99.25
Glomus_rugosae_P4-bc1012-65-s456_STFP_ASV2367_CCAMF	Glomus rugosae	P4-bc1012-65-s456	STFP	CCAMF	Stefani reprocessed	2454	Glomus rugosae | 2101_IVT46	0.0	Glomus mongioiense	99.63
Glomus_rugosae_P3-bc1063-1132-s2787_STFP_ASV2044_CCAMF	Glomus rugosae	P3-bc1063-1132-s2787	STFP	CCAMF	Stefani reprocessed	2447	Glomus rugosae | 4417_1160C	0.0	Glomus mongioiense	99.63
Glomus_rugosae_P3-bc1064-146-s253_STFP_ASV2044_CCAMF	Glomus rugosae	P3-bc1064-146-s253	STFP	CCAMF	Stefani reprocessed	2447	Glomus rugosae | 4417_1160C	0.0	Glomus mongioiense	99.63
Glomus_rugosae_P4-bc1011-1220-s18384_STFP_ASV2044_CCAMF	Glomus rugosae	P4-bc1011-1220-s18384	STFP	CCAMF	Stefani reprocessed	2447	Glomus rugosae | 4417_1160C	0.0	Glomus mongioiense	99.63
Glomus_rugosae_P4-bc1018-1005-s8010_STFP_ASV2044_CCAMF	Glomus rugosae	P4-bc1018-1005-s8010	STFP	CCAMF	Stefani reprocessed	2447	Glomus rugosae | 4417_1160C	0.0	Glomus mongioiense	99.63
Glomus_rugosae_P4-bc1011-1220-s3311_STFP_ASV2368_CCAMF	Glomus rugosae	P4-bc1011-1220-s3311	STFP	CCAMF	Stefani reprocessed	2447	Glomus rugosae | 4417_1160C	0.0	Glomus mongioiense	99.63
Glomus_rugosae_P4-bc1011-1220-s3037_STFP_ASV2369_CCAMF	Glomus rugosae	P4-bc1011-1220-s3037	STFP	CCAMF	Stefani reprocessed	2451	Glomus rugosae | 4417_1160C	0.0	Glomus mongioiense	99.63
Glomus_rugosae_P4-bc1011-1220-s2707_STFP_ASV2370_CCAMF	Glomus rugosae	P4-bc1011-1220-s2707	STFP	CCAMF	Stefani reprocessed	2449	Glomus rugosae | 4417_1160C	0.0	Glomus mongioiense	99.63
Glomus_rugosae_P4-bc1011-1220-s580_STFP_ASV2371_CCAMF	Glomus rugosae	P4-bc1011-1220-s580	STFP	CCAMF	Stefani reprocessed	2449	Glomus rugosae | 4417_1160C	0.0	Glomus mongioiense	99.63
Glomus_rugosae_P3-bc1063-1132-s380_STFP_ASV2372_CCAMF	Glomus rugosae	P3-bc1063-1132-s380	STFP	CCAMF	Stefani reprocessed	2446	Glomus rugosae | 4417_1160C	0.0	Glomus mongioiense	99.63
Glomus_rugosae_P4-bc1018-1005-s995_STFP_ASV2373_CCAMF	Glomus rugosae	P4-bc1018-1005-s995	STFP	CCAMF	Stefani reprocessed	2448	Glomus rugosae | 4415_1174B	0.0	Glomus mongioiense	99.63
Glomus_rugosae_P3-bc1063-1132-s377_STFP_ASV2041_CCAMF	Glomus rugosae	P3-bc1063-1132-s377	STFP	CCAMF	Stefani reprocessed	2446	Glomus rugosae | 4417_1160C	0.0	Glomus mongioiense	99.63
Glomus_rugosae_P3-bc1064-146-s119_STFP_ASV2041_CCAMF	Glomus rugosae	P3-bc1064-146-s119	STFP	CCAMF	Stefani reprocessed	2446	Glomus rugosae | 4417_1160C	0.0	Glomus mongioiense	99.63
Glomus_rugosae_P4-bc1011-1220-s3192_STFP_ASV2032_CCAMF	Glomus rugosae	P4-bc1011-1220-s3192	STFP	CCAMF	Stefani reprocessed	2447	Glomus rugosae | 4431_805C	0.0	Glomus mongioiense	99.63
Glomus_rugosae_P4-bc1018-1005-s1425_STFP_ASV2032_CCAMF	Glomus rugosae	P4-bc1018-1005-s1425	STFP	CCAMF	Stefani reprocessed	2447	Glomus rugosae | 4431_805C	0.0	Glomus mongioiense	99.63
Glomus_rugosae_P3-bc1063-1132-s67_STFP_ASV2374_CCAMF	Glomus rugosae	P3-bc1063-1132-s67	STFP	CCAMF	Stefani reprocessed	2448	Glomus rugosae | 4417_1160C	0.0	Glomus mongioiense	99.63
Glomus_rugosae_P3-bc1063-1132-s266_STFP_ASV2004_CCAMF	Glomus rugosae	P3-bc1063-1132-s266	STFP	CCAMF	Stefani reprocessed	2446	Glomus rugosae | 4417_1160C	0.0	Glomus mongioiense	99.63
Glomus_rugosae_P4-bc1011-1220-s870_STFP_ASV2004_CCAMF	Glomus rugosae	P4-bc1011-1220-s870	STFP	CCAMF	Stefani reprocessed	2446	Glomus rugosae | 4417_1160C	0.0	Glomus mongioiense	99.63
Glomus_rugosae_P4-bc1011-1220-s475_STFP_ASV2375_CCAMF	Glomus rugosae	P4-bc1011-1220-s475	STFP	CCAMF	Stefani reprocessed	2450	Glomus rugosae | 4431_805C	0.0	Glomus mongioiense	99.63
Glomus_rugosae_P3-bc1064-146-s38_STFP_ASV2376_CCAMF	Glomus rugosae	P3-bc1064-146-s38	STFP	CCAMF	Stefani reprocessed	2447	Glomus rugosae | 4417_1160C	0.0	Glomus mongioiense	99.63
Glomus_rugosae_P3-bc1063-1132-s444_STFP_ASV2083_CCAMF	Glomus rugosae	P3-bc1063-1132-s444	STFP	CCAMF	Stefani reprocessed	2447	Glomus rugosae | 4431_805C	0.0	Glomus mongioiense	99.63
Glomus_rugosae_P3-bc1064-146-s192_STFP_ASV2083_CCAMF	Glomus rugosae	P3-bc1064-146-s192	STFP	CCAMF	Stefani reprocessed	2447	Glomus rugosae | 4431_805C	0.0	Glomus mongioiense	99.63
Glomus_rugosae_P4-bc1011-1220-s8167_STFP_ASV2083_CCAMF	Glomus rugosae	P4-bc1011-1220-s8167	STFP	CCAMF	Stefani reprocessed	2447	Glomus rugosae | 4431_805C	0.0	Glomus mongioiense	99.63
Glomus_rugosae_P4-bc1018-1005-s2112_STFP_ASV2083_CCAMF	Glomus rugosae	P4-bc1018-1005-s2112	STFP	CCAMF	Stefani reprocessed	2447	Glomus rugosae | 4431_805C	0.0	Glomus mongioiense	99.63
Glomus_rugosae_P3-bc1063-1132-s63_STFP_ASV2377_CCAMF	Glomus rugosae	P3-bc1063-1132-s63	STFP	CCAMF	Stefani reprocessed	2445	Glomus rugosae | 4417_1160C	0.0	Glomus mongioiense	99.63
Glomus_rugosae_P3-bc1064-146-s39_STFP_ASV2378_CCAMF	Glomus rugosae	P3-bc1064-146-s39	STFP	CCAMF	Stefani reprocessed	2448	Glomus rugosae | 4415_1174B	0.0	Glomus mongioiense	99.63
Glomus_rugosae_P3-bc1063-1132-s71_STFP_ASV2379_CCAMF	Glomus rugosae	P3-bc1063-1132-s71	STFP	CCAMF	Stefani reprocessed	2449	Glomus rugosae | 4417_1160C	0.0	Glomus mongioiense	99.63
Glomus_rugosae_P3-bc1063-1132-s68_STFP_ASV2380_CCAMF	Glomus rugosae	P3-bc1063-1132-s68	STFP	CCAMF	Stefani reprocessed	2448	Glomus rugosae | 4417_1160C	0.0	Glomus mongioiense	99.25
Glomus_rugosae_P4-bc1011-1220-s636_STFP_ASV2381_CCAMF	Glomus rugosae	P4-bc1011-1220-s636	STFP	CCAMF	Stefani reprocessed	2448	Glomus rugosae | 4417_1160C	0.0	Glomus mongioiense	99.25
Glomus_rugosae_P3-bc1064-146-s133_STFP_ASV2382_CCAMF	Glomus rugosae	P3-bc1064-146-s133	STFP	CCAMF	Stefani reprocessed	2449	Glomus rugosae | 4384_IVT98	0.0	Glomus mongioiense	99.25
Glomus_rugosae_P3-bc1064-146-s35_STFP_ASV2383_CCAMF	Glomus rugosae	P3-bc1064-146-s35	STFP	CCAMF	Stefani reprocessed	2445	Glomus rugosae | 4384_IVT98	0.0	Glomus mongioiense	99.25
Glomus_rugosae_P4-bc1011-1220-s2443_STFP_ASV2384_CCAMF	Glomus rugosae	P4-bc1011-1220-s2443	STFP	CCAMF	Stefani reprocessed	2444	Glomus rugosae | 4384_IVT98	0.0	Glomus mongioiense	99.25
Glomus_rugosae_P3-bc1066-1128-s191_STFP_ASV2017_CCAMF	Glomus rugosae	P3-bc1066-1128-s191	STFP	CCAMF	Stefani reprocessed	2447	Glomus rugosae | 4420_683B	0.0	Glomus mongioiense	99.63
Glomus_rugosae_P3-bc1078-1128-s54_STFP_ASV2017_CCAMF	Glomus rugosae	P3-bc1078-1128-s54	STFP	CCAMF	Stefani reprocessed	2447	Glomus rugosae | 4420_683B	0.0	Glomus mongioiense	99.63
Glomus_rugosae_P4-bc1017-1120-s530_STFP_ASV2017_CCAMF	Glomus rugosae	P4-bc1017-1120-s530	STFP	CCAMF	Stefani reprocessed	2447	Glomus rugosae | 4420_683B	0.0	Glomus mongioiense	99.63
Glomus_rugosae_P3-bc1066-1128-s77_STFP_ASV2099_CCAMF	Glomus rugosae	P3-bc1066-1128-s77	STFP	CCAMF	Stefani reprocessed	2464	Glomus rugosae | 4420_683B	0.0	Glomus mongioiense	99.63
Glomus_rugosae_P3-bc1078-1128-s247_STFP_ASV2099_CCAMF	Glomus rugosae	P3-bc1078-1128-s247	STFP	CCAMF	Stefani reprocessed	2464	Glomus rugosae | 4420_683B	0.0	Glomus mongioiense	99.63
Glomus_rugosae_P4-bc1017-1120-s644_STFP_ASV2099_CCAMF	Glomus rugosae	P4-bc1017-1120-s644	STFP	CCAMF	Stefani reprocessed	2464	Glomus rugosae | 4420_683B	0.0	Glomus mongioiense	99.63
Glomus_rugosae_P3-bc1078-1128-s14_STFP_ASV2385_CCAMF	Glomus rugosae	P3-bc1078-1128-s14	STFP	CCAMF	Stefani reprocessed	2464	Glomus rugosae | 4420_683B	0.0	Glomus mongioiense	99.63
Glomus_rugosae_P3-bc1066-1128-s47_STFP_ASV2071_CCAMF	Glomus rugosae	P3-bc1066-1128-s47	STFP	CCAMF	Stefani reprocessed	2465	Glomus rugosae | 4420_683B	0.0	Glomus mongioiense	98.88
Glomus_rugosae_P3-bc1078-1128-s317_STFP_ASV2071_CCAMF	Glomus rugosae	P3-bc1078-1128-s317	STFP	CCAMF	Stefani reprocessed	2465	Glomus rugosae | 4420_683B	0.0	Glomus mongioiense	98.88
Glomus_rugosae_P4-bc1017-1120-s990_STFP_ASV2071_CCAMF	Glomus rugosae	P4-bc1017-1120-s990	STFP	CCAMF	Stefani reprocessed	2465	Glomus rugosae | 4420_683B	0.0	Glomus mongioiense	98.88
Glomus_rugosae_P4-bc1017-1120-s455_STFP_ASV2386_CCAMF	Glomus rugosae	P4-bc1017-1120-s455	STFP	CCAMF	Stefani reprocessed	2465	Glomus rugosae | 4420_683B	0.0	Glomus mongioiense	99.25
Glomus_rugosae_P3-bc1078-1128-s34_STFP_ASV2387_CCAMF	Glomus rugosae	P3-bc1078-1128-s34	STFP	CCAMF	Stefani reprocessed	2465	Glomus rugosae | 4420_683B	0.0	Glomus mongioiense	99.25
Glomus_rugosae_P3-bc1095-65-s35_STFP_ASV2056_CCAMF	Glomus rugosae	P3-bc1095-65-s35	STFP	CCAMF	Stefani reprocessed	2464	Glomus rugosae | 2101_IVT46	0.0	Glomus mongioiense	99.25
Glomus_rugosae_P4-bc1012-65-s44_STFP_ASV2056_CCAMF	Glomus rugosae	P4-bc1012-65-s44	STFP	CCAMF	Stefani reprocessed	2464	Glomus rugosae | 2101_IVT46	0.0	Glomus mongioiense	99.25
Glomus_rugosae_P3-bc1064-146-s57_STFP_ASV2388_CCAMF	Glomus rugosae	P3-bc1064-146-s57	STFP	CCAMF	Stefani reprocessed	2448	Glomus rugosae | 4384_IVT98	0.0	Glomus mongioiense	99.63
Glomus_rugosae_P3-bc1064-146-s41_STFP_ASV2389_CCAMF	Glomus rugosae	P3-bc1064-146-s41	STFP	CCAMF	Stefani reprocessed	2444	Glomus rugosae | 4384_IVT98	0.0	Glomus mongioiense	99.25
Glomus_rugosae_P4-bc1012-65-s715_STFP_ASV2390_CCAMF	Glomus rugosae	P4-bc1012-65-s715	STFP	CCAMF	Stefani reprocessed	2462	Glomus rugosae | 2101_IVT46	0.0	Glomus mongioiense	99.25
Glomus_rugosae_P4-bc1012-65-s41_STFP_ASV2391_CCAMF	Glomus rugosae	P4-bc1012-65-s41	STFP	CCAMF	Stefani reprocessed	2463	Glomus rugosae | 2101_IVT46	0.0	Glomus mongioiense	99.25
Glomus_rugosae_P4-bc1012-65-s424_STFP_ASV2392_CCAMF	Glomus rugosae	P4-bc1012-65-s424	STFP	CCAMF	Stefani reprocessed	2474	Glomus rugosae | 2101_IVT46	0.0	Glomus mongioiense	98.88
Glomus_rugosae_P3-bc1078-1128-s12_STFP_ASV2393_CCAMF	Glomus rugosae	P3-bc1078-1128-s12	STFP	CCAMF	Stefani reprocessed	2464	Glomus rugosae | 4420_683B	0.0	Glomus mongioiense	99.25
Glomus_rugosae_P3-bc1065-1419-s3513_STFP_ASV2038_CCAMF	Glomus rugosae	P3-bc1065-1419-s3513	STFP	CCAMF	Stefani reprocessed	2470	Glomus rugosae | 5103_2445A	0.0	Glomus mongioiense	99.63
Glomus_rugosae_P3-bc1068-1438-s4404_STFP_ASV2038_CCAMF	Glomus rugosae	P3-bc1068-1438-s4404	STFP	CCAMF	Stefani reprocessed	2470	Glomus rugosae | 5103_2445A	0.0	Glomus mongioiense	99.63
Glomus_rugosae_P3-bc1065-1419-s194_STFP_ASV2046_CCAMF	Glomus rugosae	P3-bc1065-1419-s194	STFP	CCAMF	Stefani reprocessed	2470	Glomus rugosae | 5103_2445A	0.0	Glomus mongioiense	99.63
Glomus_rugosae_P3-bc1068-1438-s232_STFP_ASV2046_CCAMF	Glomus rugosae	P3-bc1068-1438-s232	STFP	CCAMF	Stefani reprocessed	2470	Glomus rugosae | 5103_2445A	0.0	Glomus mongioiense	99.63
Glomus_rugosae_P3-bc1065-1419-s1474_STFP_ASV2067_CCAMF	Glomus rugosae	P3-bc1065-1419-s1474	STFP	CCAMF	Stefani reprocessed	2470	Glomus rugosae | 5103_2445A	0.0	Glomus mongioiense	99.63
Glomus_rugosae_P3-bc1068-1438-s2648_STFP_ASV2067_CCAMF	Glomus rugosae	P3-bc1068-1438-s2648	STFP	CCAMF	Stefani reprocessed	2470	Glomus rugosae | 5103_2445A	0.0	Glomus mongioiense	99.63
Glomus_rugosae_P3-bc1068-1438-s3346_STFP_ASV2394_CCAMF	Glomus rugosae	P3-bc1068-1438-s3346	STFP	CCAMF	Stefani reprocessed	2470	Glomus rugosae | 5103_2445A	0.0	Glomus mongioiense	99.25
Glomus_rugosae_P3-bc1065-1419-s3331_STFP_ASV2395_CCAMF	Glomus rugosae	P3-bc1065-1419-s3331	STFP	CCAMF	Stefani reprocessed	2471	Glomus rugosae | 5103_2445A	0.0	Glomus mongioiense	99.25
Glomus_rugosae_P3-bc1033-65-s40_STFP_ASV2068_CCAMF	Glomus rugosae	P3-bc1033-65-s40	STFP	CCAMF	Stefani reprocessed	2506	Glomus rugosae | 2101_IVT46	0.0	Glomus mongioiense	99.63
Glomus_rugosae_P4-bc1012-65-s561_STFP_ASV2068_CCAMF	Glomus rugosae	P4-bc1012-65-s561	STFP	CCAMF	Stefani reprocessed	2506	Glomus rugosae | 2101_IVT46	0.0	Glomus mongioiense	99.63
Glomus_rugosae_P4-bc1011-1220-s448_STFP_ASV2396_CCAMF	Glomus rugosae	P4-bc1011-1220-s448	STFP	CCAMF	Stefani reprocessed	2500	Glomus rugosae | 4487_957C	0.0	Glomus mongioiense	99.63
Dominikia_duoreactiva_P2-bc1080-348-s4127_STFP_ASV2397_CCAMF	Dominikia duoreactiva	P2-bc1080-348-s4127	STFP	CCAMF	Stefani reprocessed	2465	Dominikia duoreactiva | 4412	0.0	Dominikia duoreactiva	96.09
Dominikia_duoreactiva_P3-bc1062-1141-s469_STFP_ASV2398_CCAMF	Dominikia duoreactiva	P3-bc1062-1141-s469	STFP	CCAMF	Stefani reprocessed	2465	Dominikia duoreactiva | 4412	0.0	Dominikia duoreactiva	96.09
Dominikia_duoreactiva_P2-bc1080-348-s268_STFP_ASV2399_CCAMF	Dominikia duoreactiva	P2-bc1080-348-s268	STFP	CCAMF	Stefani reprocessed	2465	Dominikia duoreactiva | 4412	0.0	Dominikia duoreactiva	96.09
Dominikia_duoreactiva_P3-bc1062-1141-s8_STFP_ASV2400_CCAMF	Dominikia duoreactiva	P3-bc1062-1141-s8	STFP	CCAMF	Stefani reprocessed	2467	Dominikia duoreactiva | 4412	0.0	Dominikia duoreactiva	96.09
Dominikia_duoreactiva_P2-bc1080-348-s188_STFP_ASV2401_CCAMF	Dominikia duoreactiva	P2-bc1080-348-s188	STFP	CCAMF	Stefani reprocessed	2440	Dominikia duoreactiva | 4412	0.0	Dominikia duoreactiva	95.54
Dominikia_duoreactiva_P3-bc1062-1141-s9_STFP_ASV2402_CCAMF	Dominikia duoreactiva	P3-bc1062-1141-s9	STFP	CCAMF	Stefani reprocessed	2456	Dominikia duoreactiva | 4392_1156C	0.0	Dominikia achra	94.06
Dominikia_duoreactiva_P2-bc1080-348-s531_STFP_ASV2080_CCAMF	Dominikia duoreactiva	P2-bc1080-348-s531	STFP	CCAMF	Stefani reprocessed	2524	Dominikia duoreactiva | 4412	0.0	Dominikia duoreactiva	95.81
Dominikia_duoreactiva_P3-bc1062-1141-s21_STFP_ASV2080_CCAMF	Dominikia duoreactiva	P3-bc1062-1141-s21	STFP	CCAMF	Stefani reprocessed	2524	Dominikia duoreactiva | 4412	0.0	Dominikia duoreactiva	95.81
Dominikia_duoreactiva_P2-bc1080-348-s175_STFP_ASV2403_CCAMF	Dominikia duoreactiva	P2-bc1080-348-s175	STFP	CCAMF	Stefani reprocessed	2524	Dominikia duoreactiva | 4412	0.0	Dominikia duoreactiva	95.81
Dominikia_bonfanteae_P2-bc1095-754-s1072_STFP_ASV2404_CCAMF	Dominikia bonfanteae	P2-bc1095-754-s1072	STFP	CCAMF	Stefani reprocessed	2465	Dominikia bonfanteae | 4351_1077A	0.0	Dominikia bonfanteae	94.77
Dominikia_bonfanteae_P2-bc1095-754-s274_STFP_ASV2405_CCAMF	Dominikia bonfanteae	P2-bc1095-754-s274	STFP	CCAMF	Stefani reprocessed	2464	Dominikia bonfanteae | 4351_1077A	0.0	Dominikia bonfanteae	95.16
Dominikia_bonfanteae_P2-bc1095-754-s155_STFP_ASV2406_CCAMF	Dominikia bonfanteae	P2-bc1095-754-s155	STFP	CCAMF	Stefani reprocessed	2462	Dominikia bonfanteae | 4351_1077A	0.0	Dominikia bonfanteae	95.3
Dominikia_duoreactiva_P3-bc1062-1141-s21_STFP_ASV2407_CCAMF	Dominikia duoreactiva	P3-bc1062-1141-s21	STFP	CCAMF	Stefani reprocessed	2458	Dominikia bonfanteae | C10660_2264B	0.0	Dominikia bonfanteae	96.9
Dominikia_bonfanteae_P2-bc1096-1522-s46_STFP_ASV2408_CCAMF	Dominikia bonfanteae	P2-bc1096-1522-s46	STFP	CCAMF	Stefani reprocessed	2461	Dominikia bonfanteae | C10660_2264B	0.0	Dominikia bonfanteae	96.77
Dominikia_bonfanteae_P2-bc1096-1522-s69_STFP_ASV2409_CCAMF	Dominikia bonfanteae	P2-bc1096-1522-s69	STFP	CCAMF	Stefani reprocessed	2458	Dominikia bonfanteae | C10660_2264B	0.0	Dominikia bonfanteae	95.17
Microdominikia_litorea_P2-bc1092-1550-s333_STFP_ASV2410_CCAMF	Microdominikia litorea	P2-bc1092-1550-s333	STFP	CCAMF	Stefani reprocessed	2453	Microdominikia litorea | 3647_963E	0.0	Microdominikia litorea	95.66
Microdominikia_litorea_P2-bc1092-1550-s31_STFP_ASV2411_CCAMF	Microdominikia litorea	P2-bc1092-1550-s31	STFP	CCAMF	Stefani reprocessed	2452	Microdominikia litorea | 3647_963E	0.0	Microdominikia litorea	95.39
Microdominikia_litorea_P2-bc1092-1550-s302_STFP_ASV2412_CCAMF	Microdominikia litorea	P2-bc1092-1550-s302	STFP	CCAMF	Stefani reprocessed	2438	Microdominikia litorea | 3647_963E	0.0	Microdominikia litorea	93.84
Microdominikia_litorea_P2-bc1092-1550-s107_STFP_ASV2413_CCAMF	Microdominikia litorea	P2-bc1092-1550-s107	STFP	CCAMF	Stefani reprocessed	2438	Microdominikia litorea | 3647_963E	0.0	Microdominikia litorea	93.84
Microdominikia_litorea_P2-bc1092-1550-s228_STFP_ASV2414_CCAMF	Microdominikia litorea	P2-bc1092-1550-s228	STFP	CCAMF	Stefani reprocessed	2441	Microdominikia litorea | 3647_963E	0.0	Microdominikia litorea	93.84
Microdominikia_litorea_P2-bc1092-1550-s67_STFP_ASV2415_CCAMF	Microdominikia litorea	P2-bc1092-1550-s67	STFP	CCAMF	Stefani reprocessed	2438	Microdominikia litorea | 3647_963E	0.0	Microdominikia litorea	93.84
Microdominikia_litorea_P2-bc1092-1550-s28_STFP_ASV2416_CCAMF	Microdominikia litorea	P2-bc1092-1550-s28	STFP	CCAMF	Stefani reprocessed	2441	Microdominikia litorea | 3647_963E	0.0	Microdominikia litorea	93.84
Microdominikia_litorea_P2-bc1093-1557-s37_STFP_ASV2417_CCAMF	Microdominikia litorea	P2-bc1093-1557-s37	STFP	CCAMF	Stefani reprocessed	2442	Microdominikia litorea | 5274	0.0	Microdominikia litorea	93.31
Microdominikia_litorea_P2-bc1093-1557-s35_STFP_ASV2418_CCAMF	Microdominikia litorea	P2-bc1093-1557-s35	STFP	CCAMF	Stefani reprocessed	2438	Microdominikia litorea | 5274	0.0	Microdominikia litorea	94.25
Microdominikia_litorea_P2-bc1093-1557-s13_STFP_ASV2419_CCAMF	Microdominikia litorea	P2-bc1093-1557-s13	STFP	CCAMF	Stefani reprocessed	2442	Microdominikia litorea | 5274	0.0	Microdominikia litorea	93.69
Microdominikia_litorea_P2-bc1093-1557-s34_STFP_ASV2420_CCAMF	Microdominikia litorea	P2-bc1093-1557-s34	STFP	CCAMF	Stefani reprocessed	2437	Microdominikia litorea | 5274	0.0	Microdominikia litorea	93.97
Microdominikia_litorea_P2-bc1093-1557-2_STFP_ASV2421_CCAMF	Microdominikia litorea	P2-bc1093-1557-2	STFP	CCAMF	Stefani reprocessed	2563	Microdominikia litorea | 5274	0.0	Microdominikia litorea	96.35
Rhizophagus_irregularis_P1-bc1013-1002-s78_STFP_ASV2000_CCAMF	Rhizophagus irregularis	P1-bc1013-1002-s78	STFP	CCAMF	Stefani reprocessed	2477	Rhizophagus irregularis | 4569_1185B	0.0	Rhizophagus irregularis	95.49
Rhizophagus_irregularis_P1-bc1023-4341-s116_STFP_ASV2000_CCAMF	Rhizophagus irregularis	P1-bc1023-4341-s116	STFP	CCAMF	Stefani reprocessed	2477	Rhizophagus irregularis | 4569_1185B	0.0	Rhizophagus irregularis	95.49
Rhizophagus_irregularis_P1-bc1024-4348-s101_STFP_ASV2000_CCAMF	Rhizophagus irregularis	P1-bc1024-4348-s101	STFP	CCAMF	Stefani reprocessed	2477	Rhizophagus irregularis | 4569_1185B	0.0	Rhizophagus irregularis	95.49
Rhizophagus_irregularis_P1-bc1026-1454-s285_STFP_ASV2000_CCAMF	Rhizophagus irregularis	P1-bc1026-1454-s285	STFP	CCAMF	Stefani reprocessed	2477	Rhizophagus irregularis | 4569_1185B	0.0	Rhizophagus irregularis	95.49
Rhizophagus_irregularis_P1-bc1089-1105-s260_STFP_ASV2000_CCAMF	Rhizophagus irregularis	P1-bc1089-1105-s260	STFP	CCAMF	Stefani reprocessed	2477	Rhizophagus irregularis | 4569_1185B	0.0	Rhizophagus irregularis	95.49
Rhizophagus_irregularis_P4-bc1038-25-s186_STFP_ASV2000_CCAMF	Rhizophagus irregularis	P4-bc1038-25-s186	STFP	CCAMF	Stefani reprocessed	2477	Rhizophagus irregularis | 4569_1185B	0.0	Rhizophagus irregularis	95.49
Rhizophagus_irregularis_P1-bc1021-T3-s133_STFP_ASV2425_CCAMF	Rhizophagus irregularis	P1-bc1021-T3-s133	STFP	CCAMF	Stefani reprocessed	2480	Rhizophagus irregularis | 4569_1185B	2.98	Rhizophagus irregularis	95.78
Rhizophagus_irregularis_P1-bc1096-CC4-s161_STFP_ASV2426_CCAMF	Rhizophagus irregularis	P1-bc1096-CC4-s161	STFP	CCAMF	Stefani reprocessed	2478	Rhizophagus irregularis | 4569_1185B	2.55	Rhizophagus irregularis	95.78
Rhizophagus_irregularis_P1-bc1013-1002-s58_STFP_ASV2427_CCAMF	Rhizophagus irregularis	P1-bc1013-1002-s58	STFP	CCAMF	Stefani reprocessed	2471	Rhizophagus irregularis | 4569_1185B	0.0	Rhizophagus irregularis	97.38
Rhizophagus_irregularis_P4-bc1038-25-s1063_STFP_ASV2006_CCAMF	Rhizophagus irregularis	P4-bc1038-25-s1063	STFP	CCAMF	Stefani reprocessed	2472	Rhizophagus irregularis | GC-2_IVT11	0.0	Rhizophagus irregularis	97.38
Rhizophagus_irregularis_P1-bc1023-4341-s108_STFP_ASV2107_CCAMF	Rhizophagus irregularis	P1-bc1023-4341-s108	STFP	CCAMF	Stefani reprocessed	2472	Rhizophagus irregularis | GC-2_IVT11	0.0	Rhizophagus irregularis	97.38
Rhizophagus_irregularis_P1-bc1024-4348-s182_STFP_ASV2107_CCAMF	Rhizophagus irregularis	P1-bc1024-4348-s182	STFP	CCAMF	Stefani reprocessed	2472	Rhizophagus irregularis | GC-2_IVT11	0.0	Rhizophagus irregularis	97.38
Rhizophagus_irregularis_P1-bc1026-1454-s271_STFP_ASV2030_CCAMF	Rhizophagus irregularis	P1-bc1026-1454-s271	STFP	CCAMF	Stefani reprocessed	2472	Rhizophagus irregularis | GC-2_IVT11	0.0	Rhizophagus irregularis	97.53
Rhizophagus_irregularis_P1-bc1089-1105-s387_STFP_ASV2030_CCAMF	Rhizophagus irregularis	P1-bc1089-1105-s387	STFP	CCAMF	Stefani reprocessed	2472	Rhizophagus irregularis | GC-2_IVT11	0.0	Rhizophagus irregularis	97.53
Rhizophagus_irregularis_P1-bc1023-4341-s394_STFP_ASV2076_CCAMF	Rhizophagus irregularis	P1-bc1023-4341-s394	STFP	CCAMF	Stefani reprocessed	2472	Rhizophagus irregularis | GC-2_IVT11	0.0	Rhizophagus irregularis	97.09
Rhizophagus_irregularis_P1-bc1024-4348-s548_STFP_ASV2076_CCAMF	Rhizophagus irregularis	P1-bc1024-4348-s548	STFP	CCAMF	Stefani reprocessed	2472	Rhizophagus irregularis | GC-2_IVT11	0.0	Rhizophagus irregularis	97.09
Rhizophagus_irregularis_P1-bc1026-1454-s178_STFP_ASV2015_CCAMF	Rhizophagus irregularis	P1-bc1026-1454-s178	STFP	CCAMF	Stefani reprocessed	2472	Rhizophagus irregularis | DAOMC 197198	0.0	Rhizophagus irregularis	97.09
Rhizophagus_irregularis_P1-bc1089-1105-s253_STFP_ASV2015_CCAMF	Rhizophagus irregularis	P1-bc1089-1105-s253	STFP	CCAMF	Stefani reprocessed	2472	Rhizophagus irregularis | DAOMC 197198	0.0	Rhizophagus irregularis	97.09
Rhizophagus_irregularis_P1-bc1021-T3-s78_STFP_ASV2428_CCAMF	Rhizophagus irregularis	P1-bc1021-T3-s78	STFP	CCAMF	Stefani reprocessed	2469	Rhizophagus irregularis | T3_IVT34A	0.0	Rhizophagus irregularis	97.67
Rhizophagus_irregularis_P1-bc1096-CC4-s53_STFP_ASV2429_CCAMF	Rhizophagus irregularis	P1-bc1096-CC4-s53	STFP	CCAMF	Stefani reprocessed	2469	Rhizophagus irregularis | CC4_4A_IVT7A	0.0	Rhizophagus irregularis	97.09
Rhizophagus_irregularis_P1-bc1096-CC4-s162_STFP_ASV2430_CCAMF	Rhizophagus irregularis	P1-bc1096-CC4-s162	STFP	CCAMF	Stefani reprocessed	2468	Rhizophagus irregularis | CC4_4A_IVT7A	0.0	Rhizophagus irregularis	97.53
Rhizophagus_irregularis_P4-bc1038-25-s172_STFP_ASV2093_CCAMF	Rhizophagus irregularis	P4-bc1038-25-s172	STFP	CCAMF	Stefani reprocessed	2480	Rhizophagus irregularis | 4375_IVT88A	0.0	Rhizophagus irregularis	97.38
Rhizophagus_irregularis_P4-bc1038-25-s115_STFP_ASV2431_CCAMF	Rhizophagus irregularis	P4-bc1038-25-s115	STFP	CCAMF	Stefani reprocessed	2481	Rhizophagus irregularis | 4375_IVT88A	0.0	Rhizophagus irregularis	97.38
Rhizophagus_irregularis_P4-bc1038-25-s96_STFP_ASV2432_CCAMF	Rhizophagus irregularis	P4-bc1038-25-s96	STFP	CCAMF	Stefani reprocessed	2481	Rhizophagus irregularis | 4375_IVT88A	0.0	Rhizophagus irregularis	97.24
Rhizophagus_irregularis_P1-bc1026-1454-s115_STFP_ASV2433_CCAMF	Rhizophagus irregularis	P1-bc1026-1454-s115	STFP	CCAMF	Stefani reprocessed	2471	Rhizophagus irregularis | DAOMC 197198	0.0	Rhizophagus irregularis	97.24
Rhizophagus_irregularis_P1-bc1021-T3-s222_STFP_ASV2434_CCAMF	Rhizophagus irregularis	P1-bc1021-T3-s222	STFP	CCAMF	Stefani reprocessed	2478	Rhizophagus irregularis | T3_IVT34A	0.0	Rhizophagus irregularis	99.56
Rhizophagus_irregularis_P1-bc1096-CC4-s152_STFP_ASV2435_CCAMF	Rhizophagus irregularis	P1-bc1096-CC4-s152	STFP	CCAMF	Stefani reprocessed	2479	Rhizophagus irregularis | CC4_4A_IVT7A	0.0	Rhizophagus irregularis	99.42
Rhizophagus_irregularis_P1-bc1021-T3-s71_STFP_ASV2436_CCAMF	Rhizophagus irregularis	P1-bc1021-T3-s71	STFP	CCAMF	Stefani reprocessed	2478	Rhizophagus irregularis | T3_IVT34A	0.0	Rhizophagus irregularis	97.82
Rhizophagus_irregularis_P1-bc1023-4341-s51_STFP_ASV2047_CCAMF	Rhizophagus irregularis	P1-bc1023-4341-s51	STFP	CCAMF	Stefani reprocessed	2474	Rhizophagus irregularis | GC-2_IVT11	0.0	Rhizophagus irregularis	97.67
Rhizophagus_irregularis_P1-bc1024-4348-s82_STFP_ASV2047_CCAMF	Rhizophagus irregularis	P1-bc1024-4348-s82	STFP	CCAMF	Stefani reprocessed	2474	Rhizophagus irregularis | GC-2_IVT11	0.0	Rhizophagus irregularis	97.67
Rhizophagus_irregularis_P4-bc1038-25-s294_STFP_ASV2047_CCAMF	Rhizophagus irregularis	P4-bc1038-25-s294	STFP	CCAMF	Stefani reprocessed	2474	Rhizophagus irregularis | GC-2_IVT11	0.0	Rhizophagus irregularis	97.67
Rhizophagus_irregularis_P1-bc1026-1454-s107_STFP_ASV2063_CCAMF	Rhizophagus irregularis	P1-bc1026-1454-s107	STFP	CCAMF	Stefani reprocessed	2474	Rhizophagus irregularis | GC-2_IVT11	0.0	Rhizophagus irregularis	97.38
Rhizophagus_irregularis_P1-bc1089-1105-s219_STFP_ASV2063_CCAMF	Rhizophagus irregularis	P1-bc1089-1105-s219	STFP	CCAMF	Stefani reprocessed	2474	Rhizophagus irregularis | GC-2_IVT11	0.0	Rhizophagus irregularis	97.38
Rhizophagus_irregularis_P1-bc1019-SD-s141_STFP_ASV2437_CCAMF	Rhizophagus irregularis	P1-bc1019-SD-s141	STFP	CCAMF	Stefani reprocessed	2488	Rhizophagus irregularis | SD1_IVT29A	0.0	Rhizophagus irregularis	99.71
Rhizophagus_irregularis_P1-bc1019-SD-s118_STFP_ASV2438_CCAMF	Rhizophagus irregularis	P1-bc1019-SD-s118	STFP	CCAMF	Stefani reprocessed	2484	Rhizophagus irregularis | SD1_IVT29A	0.0	Rhizophagus irregularis	99.71
Rhizophagus_irregularis_P1-bc1019-SD-s120_STFP_ASV2439_CCAMF	Rhizophagus irregularis	P1-bc1019-SD-s120	STFP	CCAMF	Stefani reprocessed	2484	Rhizophagus irregularis | SD1_IVT29A	0.0	Rhizophagus irregularis	100.0
Rhizophagus_sp._P1-bc1018-212607-s18_STFP_ASV2104_CCAMF	Rhizophagus sp.	P1-bc1018-212607-s18	STFP	CCAMF	Stefani reprocessed	2469	Rhizophagus irregularis | T3_IVT34A	6.14	Rhizophagus irregularis	98.55
Rhizophagus_irregularis_P1-bc1019-SD-s136_STFP_ASV2104_CCAMF	Rhizophagus irregularis	P1-bc1019-SD-s136	STFP	CCAMF	Stefani reprocessed	2469	Rhizophagus irregularis | T3_IVT34A	6.14	Rhizophagus irregularis	98.55
Rhizophagus_irregularis_P1-bc1089-1105-s178_STFP_ASV2463_CCAMF	Rhizophagus irregularis	P1-bc1089-1105-s178	STFP	CCAMF	Stefani reprocessed	2460	Rhizophagus irregularis | GC-2_IVT11	10.06	Rhizophagus irregularis	97.67
Rhizophagus_silesianus_P1-bc1015-ECU32-s151_STFP_ASV2478_CCAMF	Rhizophagus silesianus	P1-bc1015-ECU32-s151	STFP	CCAMF	Stefani reprocessed	2473	Rhizophagus silesianus | ECU32_IVT8A	0.0	Rhizophagus natalensis	97.66
Rhizophagus_silesianus_P1-bc1015-ECU32-s30_STFP_ASV2479_CCAMF	Rhizophagus silesianus	P1-bc1015-ECU32-s30	STFP	CCAMF	Stefani reprocessed	2473	Rhizophagus silesianus | ECU32_IVT8A	0.0	Rhizophagus natalensis	97.66
Rhizophagus_silesianus_P4-bc1021-340-s12336_STFP_ASV2480_CCAMF	Rhizophagus silesianus	P4-bc1021-340-s12336	STFP	CCAMF	Stefani reprocessed	2474	Rhizophagus silesianus | 3628_206A	0.0	Rhizophagus natalensis	97.66
Rhizophagus_silesianus_P4-bc1021-340-s1131_STFP_ASV2481_CCAMF	Rhizophagus silesianus	P4-bc1021-340-s1131	STFP	CCAMF	Stefani reprocessed	2473	Rhizophagus silesianus | 3628_206A	0.0	Rhizophagus natalensis	97.86
Rhizophagus_silesianus_P1-bc1015-ECU32-s117_STFP_ASV2482_CCAMF	Rhizophagus silesianus	P1-bc1015-ECU32-s117	STFP	CCAMF	Stefani reprocessed	2477	Rhizophagus silesianus | ECU32_IVT8A	0.0	Rhizophagus natalensis	97.47
Rhizophagus_silesianus_P1-bc1015-ECU32-s43_STFP_ASV2483_CCAMF	Rhizophagus silesianus	P1-bc1015-ECU32-s43	STFP	CCAMF	Stefani reprocessed	2477	Rhizophagus silesianus | ECU32_IVT8A	0.0	Rhizophagus natalensis	97.47
Rhizophagus_silesianus_P1-bc1015-ECU32-s46_STFP_ASV2484_CCAMF	Rhizophagus silesianus	P1-bc1015-ECU32-s46	STFP	CCAMF	Stefani reprocessed	2475	Rhizophagus silesianus | ECU32_IVT8A	0.0	Rhizophagus natalensis	97.47
Rhizophagus_silesianus_P1-bc1015-ECU32-s120_STFP_ASV2485_CCAMF	Rhizophagus silesianus	P1-bc1015-ECU32-s120	STFP	CCAMF	Stefani reprocessed	2472	Rhizophagus irregularis | 4569_1185B	8.72	Rhizophagus natalensis	95.71
Rhizophagus_silesianus_P1-bc1015-ECU32-s33_STFP_ASV2486_CCAMF	Rhizophagus silesianus	P1-bc1015-ECU32-s33	STFP	CCAMF	Stefani reprocessed	2472	Rhizophagus irregularis | 4569_1185B	8.72	Rhizophagus natalensis	95.71
Rhizophagus_silesianus_P4-bc1021-340-s5410_STFP_ASV2487_CCAMF	Rhizophagus silesianus	P4-bc1021-340-s5410	STFP	CCAMF	Stefani reprocessed	2479	Rhizophagus irregularis | 4569_1185B	10.85	Rhizophagus natalensis	94.93
Rhizophagus_intraradices_P1-bc1017-FL208-s138_STFP_ASV2018_CCAMF	Rhizophagus intraradices	P1-bc1017-FL208-s138	STFP	CCAMF	Stefani reprocessed	2468	Rhizophagus intraradices | KS906_IVT156	0.0	Rhizophagus intraradices	99.71
Rhizophagus_intraradices_P3-bc1004-23-s60_STFP_ASV2488_CCAMF	Rhizophagus intraradices	P3-bc1004-23-s60	STFP	CCAMF	Stefani reprocessed	2468	Rhizophagus intraradices | KS906_IVT156	0.0	Rhizophagus intraradices	99.56
Rhizophagus_intraradices_P1-bc1017-FL208-s86_STFP_ASV2111_CCAMF	Rhizophagus intraradices	P1-bc1017-FL208-s86	STFP	CCAMF	Stefani reprocessed	2470	Rhizophagus intraradices | KS906_IVT156	0.0	Rhizophagus intraradices	99.85
Rhizophagus_intraradices_P1-bc1017-FL208-s127_STFP_ASV2489_CCAMF	Rhizophagus intraradices	P1-bc1017-FL208-s127	STFP	CCAMF	Stefani reprocessed	2472	Rhizophagus intraradices | FL208_553A	0.0	Rhizophagus intraradices	98.69
Rhizophagus_intraradices_P1-bc1017-FL208-s69_STFP_ASV2040_CCAMF	Rhizophagus intraradices	P1-bc1017-FL208-s69	STFP	CCAMF	Stefani reprocessed	2461	Rhizophagus prolifer | SD5_IVT32	15.33	Rhizophagus intraradices	94.16
Rhizophagus_sp._P1-bc1018-212607-s817_STFP_ASV2110_CCAMF	Rhizophagus sp.	P1-bc1018-212607-s817	STFP	CCAMF	Stefani reprocessed	2489	Rhizophagus sp. (in: glomeromycetes) | 212607_IVT70A	0.0	Rhizophagus fasciculatus	97.43
Rhizophagus_sp._P3-bc1005-74-s33_STFP_ASV2110_CCAMF	Rhizophagus sp.	P3-bc1005-74-s33	STFP	CCAMF	Stefani reprocessed	2489	Rhizophagus sp. (in: glomeromycetes) | 212607_IVT70A	0.0	Rhizophagus fasciculatus	97.43
Rhizophagus_sp._P1-bc1018-212607-s20_STFP_ASV2490_CCAMF	Rhizophagus sp.	P1-bc1018-212607-s20	STFP	CCAMF	Stefani reprocessed	2486	Rhizophagus sp. (in: glomeromycetes) | 212607_IVT70A	0.0	Rhizophagus fasciculatus	97.29
Rhizophagus_sp._P1-bc1018-212607-s438_STFP_ASV2042_CCAMF	Rhizophagus sp.	P1-bc1018-212607-s438	STFP	CCAMF	Stefani reprocessed	2487	Rhizophagus sp. (in: glomeromycetes) | 212607_IVT70A	0.0	Rhizophagus fasciculatus	97.15
Rhizophagus_sp._P3-bc1005-74-s151_STFP_ASV2042_CCAMF	Rhizophagus sp.	P3-bc1005-74-s151	STFP	CCAMF	Stefani reprocessed	2487	Rhizophagus sp. (in: glomeromycetes) | 212607_IVT70A	0.0	Rhizophagus fasciculatus	97.15
Rhizophagus_sp._P1-bc1018-212607-s28_STFP_ASV2491_CCAMF	Rhizophagus sp.	P1-bc1018-212607-s28	STFP	CCAMF	Stefani reprocessed	2489	Rhizophagus sp. (in: glomeromycetes) | 212607_IVT70A	0.0	Rhizophagus fasciculatus	97.29
Rhizophagus_sp._P1-bc1018-212607-s208_STFP_ASV2095_CCAMF	Rhizophagus sp.	P1-bc1018-212607-s208	STFP	CCAMF	Stefani reprocessed	2500	Rhizophagus sp. (in: glomeromycetes) | 212607_IVT70A	0.0	Rhizophagus fasciculatus	97.02
Rhizophagus_sp._P3-bc1005-74-s30_STFP_ASV2095_CCAMF	Rhizophagus sp.	P3-bc1005-74-s30	STFP	CCAMF	Stefani reprocessed	2500	Rhizophagus sp. (in: glomeromycetes) | 212607_IVT70A	0.0	Rhizophagus fasciculatus	97.02
Rhizophagus_sp._P1-bc1018-212607-s30_STFP_ASV2492_CCAMF	Rhizophagus sp.	P1-bc1018-212607-s30	STFP	CCAMF	Stefani reprocessed	2498	Rhizophagus sp. (in: glomeromycetes) | 212607_IVT70A	0.0	Rhizophagus fasciculatus	96.47
Oehlia_diaphana_P1-bc1020-JS-s58_STFP_ASV2493_CCAMF	Oehlia diaphana	P1-bc1020-JS-s58	STFP	CCAMF	Stefani reprocessed	2456	Oehlia diaphana | JS1_IVT19A	0.0	Oehlia diaphana	98.68
Oehlia_diaphana_P1-bc1039-976-s40_STFP_ASV2494_CCAMF	Oehlia diaphana	P1-bc1039-976-s40	STFP	CCAMF	Stefani reprocessed	2457	Oehlia diaphana | JS1_IVT19A	0.0	Oehlia diaphana	98.83
Oehlia_diaphana_P1-bc1020-JS-s36_STFP_ASV2013_CCAMF	Oehlia diaphana	P1-bc1020-JS-s36	STFP	CCAMF	Stefani reprocessed	2456	Oehlia diaphana | JS1_IVT19A	0.0	Oehlia diaphana	99.27
Oehlia_diaphana_P4-bc1023-594-s204_STFP_ASV2013_CCAMF	Oehlia diaphana	P4-bc1023-594-s204	STFP	CCAMF	Stefani reprocessed	2456	Oehlia diaphana | JS1_IVT19A	0.0	Oehlia diaphana	99.27
Oehlia_diaphana_P1-bc1039-976-s46_STFP_ASV2495_CCAMF	Oehlia diaphana	P1-bc1039-976-s46	STFP	CCAMF	Stefani reprocessed	2456	Oehlia diaphana | 4835_562B	0.0	Oehlia diaphana	99.27
Oehlia_diaphana_P4-bc1023-594-s250_STFP_ASV2496_CCAMF	Oehlia diaphana	P4-bc1023-594-s250	STFP	CCAMF	Stefani reprocessed	2456	Oehlia diaphana | JS1_IVT19A	0.0	Oehlia diaphana	99.27
Oehlia_diaphana_P4-bc1023-594-s155_STFP_ASV2497_CCAMF	Oehlia diaphana	P4-bc1023-594-s155	STFP	CCAMF	Stefani reprocessed	2456	Oehlia diaphana | WV579_765A	0.0	Oehlia diaphana	98.98
Oehlia_diaphana_P4-bc1023-594-s194_STFP_ASV2498_CCAMF	Oehlia diaphana	P4-bc1023-594-s194	STFP	CCAMF	Stefani reprocessed	2459	Oehlia diaphana | WV579_765A	0.0	Oehlia diaphana	99.56
Oehlia_diaphana_P4-bc1024-977-s170_STFP_ASV2499_CCAMF	Oehlia diaphana	P4-bc1024-977-s170	STFP	CCAMF	Stefani reprocessed	2459	Oehlia diaphana | WV579_765B	0.0	Oehlia diaphana	99.56
Oehlia_diaphana_P4-bc1024-977-s210_STFP_ASV2500_CCAMF	Oehlia diaphana	P4-bc1024-977-s210	STFP	CCAMF	Stefani reprocessed	2453	Oehlia diaphana | WV579_765B	0.0	Oehlia diaphana	98.83
Oehlia_diaphana_P4-bc1024-977-s144_STFP_ASV2501_CCAMF	Oehlia diaphana	P4-bc1024-977-s144	STFP	CCAMF	Stefani reprocessed	2453	Oehlia diaphana | WV579_765B	0.0	Oehlia diaphana	98.98
Oehlia_diaphana_P1-bc1020-JS-s55_STFP_ASV2502_CCAMF	Oehlia diaphana	P1-bc1020-JS-s55	STFP	CCAMF	Stefani reprocessed	2455	Oehlia diaphana | JS1_IVT19A	0.0	Oehlia diaphana	98.83
Oehlia_diaphana_P4-bc1023-594-s263_STFP_ASV2503_CCAMF	Oehlia diaphana	P4-bc1023-594-s263	STFP	CCAMF	Stefani reprocessed	2457	Oehlia diaphana | JS1_IVT19A	0.0	Oehlia diaphana	98.54
Oehlia_diaphana_P1-bc1020-JS-s32_STFP_ASV2504_CCAMF	Oehlia diaphana	P1-bc1020-JS-s32	STFP	CCAMF	Stefani reprocessed	2448	Oehlia diaphana | JS1_IVT19A	0.0	Oehlia diaphana	99.12
Oehlia_diaphana_P1-bc1039-976-s37_STFP_ASV2045_CCAMF	Oehlia diaphana	P1-bc1039-976-s37	STFP	CCAMF	Stefani reprocessed	2454	Oehlia diaphana | 4835_562B	0.0	Oehlia diaphana	98.98
Oehlia_diaphana_P4-bc1024-977-s148_STFP_ASV2045_CCAMF	Oehlia diaphana	P4-bc1024-977-s148	STFP	CCAMF	Stefani reprocessed	2454	Oehlia diaphana | 4835_562B	0.0	Oehlia diaphana	98.98
Oehlia_diaphana_P1-bc1039-976-2_STFP_ASV2505_CCAMF	Oehlia diaphana	P1-bc1039-976-2	STFP	CCAMF	Stefani reprocessed	2453	Oehlia diaphana | 4835_562B	0.0	Oehlia diaphana	98.39
Oehlia_diaphana_P1-bc1039-976-s47_STFP_ASV2506_CCAMF	Oehlia diaphana	P1-bc1039-976-s47	STFP	CCAMF	Stefani reprocessed	2452	Oehlia diaphana | 4835_562B	0.0	Oehlia diaphana	98.98
Oehlia_diaphana_P4-bc1024-977-s309_STFP_ASV2507_CCAMF	Oehlia diaphana	P4-bc1024-977-s309	STFP	CCAMF	Stefani reprocessed	2452	Oehlia diaphana | WV579_765B	0.0	Oehlia diaphana	98.98
Oehlia_diaphana_P1-bc1020-JS-s42_STFP_ASV2508_CCAMF	Oehlia diaphana	P1-bc1020-JS-s42	STFP	CCAMF	Stefani reprocessed	2449	Oehlia diaphana | JS1_IVT19A	0.0	Oehlia diaphana	98.83
Oehlia_diaphana_P1-bc1020-JS-s33_STFP_ASV2509_CCAMF	Oehlia diaphana	P1-bc1020-JS-s33	STFP	CCAMF	Stefani reprocessed	2447	Oehlia diaphana | JS1_IVT19A	0.0	Oehlia diaphana	98.68
Oehlia_diaphana_P1-bc1039-976-s38_STFP_ASV2510_CCAMF	Oehlia diaphana	P1-bc1039-976-s38	STFP	CCAMF	Stefani reprocessed	2446	Oehlia diaphana | 4835_562B	0.0	Oehlia diaphana	99.42
Oehlia_diaphana_P4-bc1023-594-s278_STFP_ASV2511_CCAMF	Oehlia diaphana	P4-bc1023-594-s278	STFP	CCAMF	Stefani reprocessed	2445	Oehlia diaphana | WV579_765A	0.0	Oehlia diaphana	98.98
Oehlia_diaphana_P4-bc1024-977-s128_STFP_ASV2512_CCAMF	Oehlia diaphana	P4-bc1024-977-s128	STFP	CCAMF	Stefani reprocessed	2454	Oehlia diaphana | WV579_765B	0.0	Oehlia diaphana	99.12
Oehlia_diaphana_P4-bc1024-977-s203_STFP_ASV2513_CCAMF	Oehlia diaphana	P4-bc1024-977-s203	STFP	CCAMF	Stefani reprocessed	2454	Oehlia diaphana | WV579_765B	0.0	Oehlia diaphana	98.98
Oehlia_diaphana_P1-bc1039-976-s75_STFP_ASV2514_CCAMF	Oehlia diaphana	P1-bc1039-976-s75	STFP	CCAMF	Stefani reprocessed	2456	Oehlia diaphana | 4835_562B	0.0	Oehlia diaphana	98.98
Oehlia_diaphana_P4-bc1023-594-s148_STFP_ASV2515_CCAMF	Oehlia diaphana	P4-bc1023-594-s148	STFP	CCAMF	Stefani reprocessed	2452	Oehlia diaphana | WV579_765A	0.0	Oehlia diaphana	99.13
Oehlia_diaphana_P4-bc1024-977-s233_STFP_ASV2516_CCAMF	Oehlia diaphana	P4-bc1024-977-s233	STFP	CCAMF	Stefani reprocessed	2450	Oehlia diaphana | WV579_765B	0.0	Oehlia diaphana	98.98
Oehlia_diaphana_P4-bc1024-977-s185_STFP_ASV2517_CCAMF	Oehlia diaphana	P4-bc1024-977-s185	STFP	CCAMF	Stefani reprocessed	2451	Oehlia diaphana | WV579_765B	0.0	Oehlia diaphana	98.98
Diversispora_eburnea_P1-bc1027-1384-s471_STFP_ASV2518_CCAMF	Diversispora eburnea	P1-bc1027-1384-s471	STFP	CCAMF	Stefani reprocessed	2459	Diversispora eburnea | FS_12_2334B	0.0	Diversispora eburnea	99.29
Diversispora_eburnea_P1-bc1027-1384-s167_STFP_ASV2519_CCAMF	Diversispora eburnea	P1-bc1027-1384-s167	STFP	CCAMF	Stefani reprocessed	2459	Diversispora eburnea | FS_12_2334B	0.0	Diversispora eburnea	98.87
Diversispora_eburnea_P1-bc1059-529-s161_STFP_ASV2520_CCAMF	Diversispora eburnea	P1-bc1059-529-s161	STFP	CCAMF	Stefani reprocessed	2456	Diversispora eburnea | AZ414A_356A	0.0	Diversispora eburnea	99.15
Diversispora_eburnea_P1-bc1059-529-s29_STFP_ASV2521_CCAMF	Diversispora eburnea	P1-bc1059-529-s29	STFP	CCAMF	Stefani reprocessed	2456	Diversispora eburnea | AZ414A_356A	0.0	Diversispora eburnea	99.15
Diversispora_eburnea_P1-bc1027-1384-s155_STFP_ASV2522_CCAMF	Diversispora eburnea	P1-bc1027-1384-s155	STFP	CCAMF	Stefani reprocessed	2459	Diversispora eburnea | FS_12_2334B	0.0	Diversispora eburnea	99.15
Diversispora_eburnea_P1-bc1059-529-s173_STFP_ASV2523_CCAMF	Diversispora eburnea	P1-bc1059-529-s173	STFP	CCAMF	Stefani reprocessed	2458	Diversispora eburnea | AZ414A_356A	0.0	Diversispora eburnea	99.44
Diversispora_eburnea_P1-bc1059-529-2_STFP_ASV2524_CCAMF	Diversispora eburnea	P1-bc1059-529-2	STFP	CCAMF	Stefani reprocessed	2457	Diversispora eburnea | AZ414A_356A	0.0	Diversispora eburnea	99.86
Diversispora_eburnea_P1-bc1059-529-s134_STFP_ASV2525_CCAMF	Diversispora eburnea	P1-bc1059-529-s134	STFP	CCAMF	Stefani reprocessed	2459	Diversispora eburnea | AZ414A_356A	0.0	Diversispora eburnea	99.58
Diversispora_eburnea_P1-bc1059-529-s36_STFP_ASV2526_CCAMF	Diversispora eburnea	P1-bc1059-529-s36	STFP	CCAMF	Stefani reprocessed	2459	Diversispora eburnea | AZ414A_356A	0.0	Diversispora eburnea	99.58
Diversispora_eburnea_P1-bc1059-529-s114_STFP_ASV2527_CCAMF	Diversispora eburnea	P1-bc1059-529-s114	STFP	CCAMF	Stefani reprocessed	2460	Diversispora eburnea | AZ414A_356A	0.0	Diversispora eburnea	99.58
Diversispora_eburnea_P1-bc1059-529-s37_STFP_ASV2528_CCAMF	Diversispora eburnea	P1-bc1059-529-s37	STFP	CCAMF	Stefani reprocessed	2460	Diversispora eburnea | AZ414A_356A	0.0	Diversispora eburnea	99.58
Diversispora_eburnea_P1-bc1059-529-s123_STFP_ASV2529_CCAMF	Diversispora eburnea	P1-bc1059-529-s123	STFP	CCAMF	Stefani reprocessed	2458	Diversispora eburnea | AZ414A_356A	0.0	Diversispora eburnea	99.29
Diversispora_eburnea_P1-bc1059-529-s23_STFP_ASV2530_CCAMF	Diversispora eburnea	P1-bc1059-529-s23	STFP	CCAMF	Stefani reprocessed	2458	Diversispora eburnea | AZ414A_356A	0.0	Diversispora eburnea	99.29
Diversispora_eburnea_P1-bc1027-1384-s218_STFP_ASV2531_CCAMF	Diversispora eburnea	P1-bc1027-1384-s218	STFP	CCAMF	Stefani reprocessed	2460	Diversispora eburnea | FS_12_2334B	0.0	Diversispora eburnea	99.29
Diversispora_eburnea_P1-bc1027-1384-s202_STFP_ASV2532_CCAMF	Diversispora eburnea	P1-bc1027-1384-s202	STFP	CCAMF	Stefani reprocessed	2460	Diversispora eburnea | FS_12_2334B	0.0	Diversispora eburnea	99.01
Diversispora_celata_P1-bc1069-487-s224_STFP_ASV2533_CCAMF	Diversispora celata	P1-bc1069-487-s224	STFP	CCAMF	Stefani reprocessed	2450	Diversispora celata | 4381_68A	0.0	Diversispora trimurales	98.98
Diversispora_celata_P1-bc1069-487-s218_STFP_ASV2534_CCAMF	Diversispora celata	P1-bc1069-487-s218	STFP	CCAMF	Stefani reprocessed	2456	Diversispora celata | 4381_68A	0.0	Diversispora trimurales	98.98
Diversispora_celata_P1-bc1069-487-s177_STFP_ASV2535_CCAMF	Diversispora celata	P1-bc1069-487-s177	STFP	CCAMF	Stefani reprocessed	2455	Diversispora celata | 4381_68A	0.0	Diversispora trimurales	98.84
Diversispora_celata_P1-bc1069-487-s162_STFP_ASV2536_CCAMF	Diversispora celata	P1-bc1069-487-s162	STFP	CCAMF	Stefani reprocessed	2455	Diversispora celata | 4381_68A	0.0	Diversispora trimurales	98.98
Diversispora_celata_P1-bc1069-487-s169_STFP_ASV2537_CCAMF	Diversispora celata	P1-bc1069-487-s169	STFP	CCAMF	Stefani reprocessed	2457	Diversispora celata | 4381_68A	0.0	Diversispora trimurales	98.84
Diversispora_celata_P3-bc1073-1107-s66_STFP_ASV2538_CCAMF	Diversispora celata	P3-bc1073-1107-s66	STFP	CCAMF	Stefani reprocessed	2460	Diversispora celata | SC2	0.0	Diversispora trimurales	98.98
Diversispora_celata_P3-bc1073-1107-s18_STFP_ASV2539_CCAMF	Diversispora celata	P3-bc1073-1107-s18	STFP	CCAMF	Stefani reprocessed	2460	Diversispora celata | SC2	0.0	Diversispora trimurales	98.84
Diversispora_celata_P3-bc1073-1107-s16_STFP_ASV2540_CCAMF	Diversispora celata	P3-bc1073-1107-s16	STFP	CCAMF	Stefani reprocessed	2459	Diversispora celata | SC2	0.0	Diversispora trimurales	98.84
Diversispora_celata_P3-bc1073-1107-s74_STFP_ASV2541_CCAMF	Diversispora celata	P3-bc1073-1107-s74	STFP	CCAMF	Stefani reprocessed	2450	Diversispora celata | SC2	0.0	Diversispora trimurales	96.07
Diversispora_celata_P3-bc1073-1107-2_STFP_ASV2542_CCAMF	Diversispora celata	P3-bc1073-1107-2	STFP	CCAMF	Stefani reprocessed	2451	Diversispora celata | SC2	0.0	Diversispora trimurales	96.07
Diversispora_jakucsiae_P2-bc1067-1020-s2399_STFP_ASV2543_CCAMF	Diversispora jakucsiae	P2-bc1067-1020-s2399	STFP	CCAMF	Stefani reprocessed	2456	Diversispora jakucsiae | Blasz_11_2271A	0.0	Diversispora jakucsiae	96.98
Diversispora_jakucsiae_P2-bc1067-1020-s142_STFP_ASV2544_CCAMF	Diversispora jakucsiae	P2-bc1067-1020-s142	STFP	CCAMF	Stefani reprocessed	2456	Diversispora jakucsiae | Blasz_11_2271A	0.0	Diversispora jakucsiae	97.26
Diversispora_jakucsiae_P2-bc1067-1020-s1514_STFP_ASV2545_CCAMF	Diversispora jakucsiae	P2-bc1067-1020-s1514	STFP	CCAMF	Stefani reprocessed	2456	Diversispora jakucsiae | Blasz_11_2271A	0.0	Diversispora jakucsiae	96.84
Diversispora_jakucsiae_P2-bc1067-1020-s237_STFP_ASV2546_CCAMF	Diversispora jakucsiae	P2-bc1067-1020-s237	STFP	CCAMF	Stefani reprocessed	2463	Diversispora jakucsiae | Blasz_11_2271A	0.0	Diversispora jakucsiae	97.26
Diversispora_arenaria_P2-bc1068-1135-s559_STFP_ASV2547_CCAMF	Diversispora arenaria	P2-bc1068-1135-s559	STFP	CCAMF	Stefani reprocessed	2460	Diversispora arenaria | Blasz_14_2274A	0.0	Diversispora arenaria	96.69
Diversispora_arenaria_P2-bc1068-1135-s92_STFP_ASV2548_CCAMF	Diversispora arenaria	P2-bc1068-1135-s92	STFP	CCAMF	Stefani reprocessed	2461	Diversispora arenaria | Blasz_14_2274A	0.0	Diversispora arenaria	96.69
Diversispora_arenaria_P2-bc1068-1135-s498_STFP_ASV2549_CCAMF	Diversispora arenaria	P2-bc1068-1135-s498	STFP	CCAMF	Stefani reprocessed	2465	Diversispora arenaria | Blasz_14_2274A	0.0	Diversispora arenaria	97.26
Diversispora_arenaria_P2-bc1068-1135-s52_STFP_ASV2550_CCAMF	Diversispora arenaria	P2-bc1068-1135-s52	STFP	CCAMF	Stefani reprocessed	2465	Diversispora arenaria | Blasz_14_2274A	0.0	Diversispora arenaria	97.26
Diversispora_epigaea_P2-bc1073-1145-s48_STFP_ASV2551_CCAMF	Diversispora epigaea	P2-bc1073-1145-s48	STFP	CCAMF	Stefani reprocessed	2458	Diversispora epigaea | BEG47_1140C	0.0	Diversispora epigaea	100.0
Diversispora_epigaea_P2-bc1073-1145-s44_STFP_ASV2552_CCAMF	Diversispora epigaea	P2-bc1073-1145-s44	STFP	CCAMF	Stefani reprocessed	2461	Diversispora epigaea | BEG47_1140C	0.0	Diversispora versiformis	98.3
Diversispora_epigaea_P3-bc1057-1525-s94_STFP_ASV2553_CCAMF	Diversispora epigaea	P3-bc1057-1525-s94	STFP	CCAMF	Stefani reprocessed	2462	Diversispora epigaea | FS16_2427A	0.0	Diversispora versiformis	97.88
Diversispora_epigaea_P2-bc1073-1145-s41_STFP_ASV2554_CCAMF	Diversispora epigaea	P2-bc1073-1145-s41	STFP	CCAMF	Stefani reprocessed	2463	Diversispora epigaea | BEG47_1140C	0.0	Diversispora versiformis	98.3
Diversispora_epigaea_P2-bc1073-1145-s22_STFP_ASV2555_CCAMF	Diversispora epigaea	P2-bc1073-1145-s22	STFP	CCAMF	Stefani reprocessed	2463	Diversispora epigaea | BEG47_1140C	0.0	Diversispora versiformis	98.44
Diversispora_epigaea_P3-bc1057-1525-s83_STFP_ASV2556_CCAMF	Diversispora epigaea	P3-bc1057-1525-s83	STFP	CCAMF	Stefani reprocessed	2465	Diversispora epigaea | FS16_2427A	0.0	Diversispora versiformis	98.73
Diversispora_epigaea_P3-bc1057-1525-s186_STFP_ASV2557_CCAMF	Diversispora epigaea	P3-bc1057-1525-s186	STFP	CCAMF	Stefani reprocessed	2461	Diversispora epigaea | FS16_2427A	0.0	Diversispora versiformis	98.44
Diversispora_epigaea_P3-bc1057-1525-s109_STFP_ASV2558_CCAMF	Diversispora epigaea	P3-bc1057-1525-s109	STFP	CCAMF	Stefani reprocessed	2461	Diversispora epigaea | FS16_2427A	0.0	Diversispora versiformis	98.87
Diversispora_epigaea_P3-bc1057-1525-s28_STFP_ASV2559_CCAMF	Diversispora epigaea	P3-bc1057-1525-s28	STFP	CCAMF	Stefani reprocessed	2459	Diversispora epigaea | FS16_2427A	0.0	Diversispora versiformis	98.87
Diversispora_epigaea_P3-bc1057-1525-s27_STFP_ASV2560_CCAMF	Diversispora epigaea	P3-bc1057-1525-s27	STFP	CCAMF	Stefani reprocessed	2460	Diversispora epigaea | FS16_2427A	0.0	Diversispora versiformis	98.87
Diversispora_epigaea_P3-bc1057-1525-2_STFP_ASV2561_CCAMF	Diversispora epigaea	P3-bc1057-1525-2	STFP	CCAMF	Stefani reprocessed	2463	Diversispora epigaea | FS16_2427A	0.0	Diversispora versiformis	98.16
Diversispora_epigaea_P2-bc1073-1145-2_STFP_ASV2562_CCAMF	Diversispora epigaea	P2-bc1073-1145-2	STFP	CCAMF	Stefani reprocessed	2460	Diversispora epigaea | BEG47_1140C	0.0	Diversispora versiformis	97.74
Diversispora_epigaea_P3-bc1057-1525-s98_STFP_ASV2563_CCAMF	Diversispora epigaea	P3-bc1057-1525-s98	STFP	CCAMF	Stefani reprocessed	2459	Diversispora epigaea | FS16_2427A	0.0	Diversispora versiformis	97.6
Diversispora_varaderana_P1-bc1042-903-s245_STFP_ASV2028_CCAMF	Diversispora varaderana	P1-bc1042-903-s245	STFP	CCAMF	Stefani reprocessed	2459	Diversispora varaderana | 4394_1010A	0.0	Diversispora insculpta	98.16
Diversispora_varaderana_P4-bc1063-1521-s1098_STFP_ASV2028_CCAMF	Diversispora varaderana	P4-bc1063-1521-s1098	STFP	CCAMF	Stefani reprocessed	2459	Diversispora varaderana | 4394_1010A	0.0	Diversispora insculpta	98.16
Diversispora_varaderana_P3-bc1060-513-s56_STFP_ASV2564_CCAMF	Diversispora varaderana	P3-bc1060-513-s56	STFP	CCAMF	Stefani reprocessed	2460	Diversispora varaderana | 4450_536A	0.0	Diversispora insculpta	97.6
Diversispora_varaderana_P1-bc1042-903-s108_STFP_ASV2086_CCAMF	Diversispora varaderana	P1-bc1042-903-s108	STFP	CCAMF	Stefani reprocessed	2464	Diversispora varaderana | 4394_1010A	0.0	Diversispora insculpta	98.02
Diversispora_varaderana_P2-bc1043-1630-s16_STFP_ASV2086_CCAMF	Diversispora varaderana	P2-bc1043-1630-s16	STFP	CCAMF	Stefani reprocessed	2464	Diversispora varaderana | 4394_1010A	0.0	Diversispora insculpta	98.02
Diversispora_varaderana_P4-bc1055-1217-s29_STFP_ASV2565_CCAMF	Diversispora varaderana	P4-bc1055-1217-s29	STFP	CCAMF	Stefani reprocessed	2465	Diversispora varaderana | SASK_50	0.0	Diversispora insculpta	98.02
Diversispora_varaderana_P4-bc1063-1521-s900_STFP_ASV2566_CCAMF	Diversispora varaderana	P4-bc1063-1521-s900	STFP	CCAMF	Stefani reprocessed	2465	Diversispora varaderana | SASK_50	0.0	Diversispora insculpta	98.02
Diversispora_varaderana_P4-bc1063-1521-s889_STFP_ASV2567_CCAMF	Diversispora varaderana	P4-bc1063-1521-s889	STFP	CCAMF	Stefani reprocessed	2460	Diversispora varaderana | 3086_1170D	0.0	Diversispora insculpta	98.02
Diversispora_varaderana_P1-bc1042-903-s103_STFP_ASV2039_CCAMF	Diversispora varaderana	P1-bc1042-903-s103	STFP	CCAMF	Stefani reprocessed	2468	Diversispora varaderana | 4394_1010A	0.0	Diversispora insculpta	97.74
Diversispora_varaderana_P3-bc1055-692-s533_STFP_ASV2039_CCAMF	Diversispora varaderana	P3-bc1055-692-s533	STFP	CCAMF	Stefani reprocessed	2468	Diversispora varaderana | 4394_1010A	0.0	Diversispora insculpta	97.74
Diversispora_varaderana_P3-bc1060-513-s1610_STFP_ASV2039_CCAMF	Diversispora varaderana	P3-bc1060-513-s1610	STFP	CCAMF	Stefani reprocessed	2468	Diversispora varaderana | 4394_1010A	0.0	Diversispora insculpta	97.74
Diversispora_varaderana_P4-bc1055-1217-s652_STFP_ASV2039_CCAMF	Diversispora varaderana	P4-bc1055-1217-s652	STFP	CCAMF	Stefani reprocessed	2468	Diversispora varaderana | 4394_1010A	0.0	Diversispora insculpta	97.74
Diversispora_varaderana_P4-bc1059-1015-s5890_STFP_ASV2039_CCAMF	Diversispora varaderana	P4-bc1059-1015-s5890	STFP	CCAMF	Stefani reprocessed	2468	Diversispora varaderana | 4394_1010A	0.0	Diversispora insculpta	97.74
Diversispora_varaderana_P4-bc1063-1521-s11021_STFP_ASV2039_CCAMF	Diversispora varaderana	P4-bc1063-1521-s11021	STFP	CCAMF	Stefani reprocessed	2468	Diversispora varaderana | 4394_1010A	0.0	Diversispora insculpta	97.74
Diversispora_varaderana_P3-bc1060-513-s26_STFP_ASV2034_CCAMF	Diversispora varaderana	P3-bc1060-513-s26	STFP	CCAMF	Stefani reprocessed	2470	Diversispora varaderana | 4394_1010A	0.0	Diversispora insculpta	97.31
Diversispora_varaderana_P4-bc1059-1015-s241_STFP_ASV2034_CCAMF	Diversispora varaderana	P4-bc1059-1015-s241	STFP	CCAMF	Stefani reprocessed	2470	Diversispora varaderana | 4394_1010A	0.0	Diversispora insculpta	97.31
Diversispora_varaderana_P4-bc1063-1521-s382_STFP_ASV2034_CCAMF	Diversispora varaderana	P4-bc1063-1521-s382	STFP	CCAMF	Stefani reprocessed	2470	Diversispora varaderana | 4394_1010A	0.0	Diversispora insculpta	97.31
Diversispora_varaderana_P3-bc1060-513-s21_STFP_ASV2568_CCAMF	Diversispora varaderana	P3-bc1060-513-s21	STFP	CCAMF	Stefani reprocessed	2470	Diversispora varaderana | 4394_1010A	0.0	Diversispora insculpta	97.31
Diversispora_varaderana_P3-bc1060-513-s30_STFP_ASV2569_CCAMF	Diversispora varaderana	P3-bc1060-513-s30	STFP	CCAMF	Stefani reprocessed	2464	Diversispora varaderana | 4450_536A	0.0	Diversispora insculpta	97.74
Diversispora_varaderana_P3-bc1060-513-s20_STFP_ASV2570_CCAMF	Diversispora varaderana	P3-bc1060-513-s20	STFP	CCAMF	Stefani reprocessed	2464	Diversispora varaderana | 4450_536A	0.0	Diversispora insculpta	97.74
Diversispora_varaderana_P4-bc1055-1217-s49_STFP_ASV2571_CCAMF	Diversispora varaderana	P4-bc1055-1217-s49	STFP	CCAMF	Stefani reprocessed	2465	Diversispora varaderana | SASK_50	0.0	Diversispora insculpta	97.74
Diversispora_varaderana_P4-bc1063-1521-s938_STFP_ASV2572_CCAMF	Diversispora varaderana	P4-bc1063-1521-s938	STFP	CCAMF	Stefani reprocessed	2466	Diversispora varaderana | 3086_1170D	0.0	Diversispora insculpta	97.74
Diversispora_varaderana_P4-bc1059-1015-s442_STFP_ASV2573_CCAMF	Diversispora varaderana	P4-bc1059-1015-s442	STFP	CCAMF	Stefani reprocessed	2465	Diversispora varaderana | 4393_830B	0.0	Diversispora insculpta	97.74
Diversispora_varaderana_P2-bc1043-1630-s390_STFP_ASV2574_CCAMF	Diversispora varaderana	P2-bc1043-1630-s390	STFP	CCAMF	Stefani reprocessed	2468	Diversispora varaderana | CW0016_4015A	0.0	Diversispora insculpta	97.88
Diversispora_varaderana_P2-bc1043-1630-s30_STFP_ASV2575_CCAMF	Diversispora varaderana	P2-bc1043-1630-s30	STFP	CCAMF	Stefani reprocessed	2468	Diversispora varaderana | CW0016_4015A	0.0	Diversispora insculpta	97.74
Diversispora_varaderana_P2-bc1043-1630-s15_STFP_ASV2576_CCAMF	Diversispora varaderana	P2-bc1043-1630-s15	STFP	CCAMF	Stefani reprocessed	2466	Diversispora varaderana | CW0016_4015A	0.0	Diversispora insculpta	97.74
Diversispora_varaderana_P4-bc1063-1521-s1076_STFP_ASV2577_CCAMF	Diversispora varaderana	P4-bc1063-1521-s1076	STFP	CCAMF	Stefani reprocessed	2460	Diversispora varaderana | 3086_1170D	0.0	Diversispora insculpta	97.74
Diversispora_varaderana_P4-bc1059-1015-s158_STFP_ASV2090_CCAMF	Diversispora varaderana	P4-bc1059-1015-s158	STFP	CCAMF	Stefani reprocessed	2460	Diversispora varaderana | 4393_830B	0.0	Diversispora insculpta	97.88
Diversispora_varaderana_P4-bc1063-1521-s1318_STFP_ASV2090_CCAMF	Diversispora varaderana	P4-bc1063-1521-s1318	STFP	CCAMF	Stefani reprocessed	2460	Diversispora varaderana | 4393_830B	0.0	Diversispora insculpta	97.88
Diversispora_varaderana_P1-bc1042-903-s76_STFP_ASV2578_CCAMF	Diversispora varaderana	P1-bc1042-903-s76	STFP	CCAMF	Stefani reprocessed	2459	Diversispora varaderana | 4394_1010A	0.0	Diversispora insculpta	97.88
Diversispora_varaderana_P4-bc1055-1217-s623_STFP_ASV2579_CCAMF	Diversispora varaderana	P4-bc1055-1217-s623	STFP	CCAMF	Stefani reprocessed	2459	Diversispora varaderana | 4394_1010A	0.0	Diversispora insculpta	97.88
Diversispora_aestuarii_P4-bc1041-1202-s2831_STFP_ASV2064_CCAMF	Diversispora aestuarii	P4-bc1041-1202-s2831	STFP	CCAMF	Stefani reprocessed	2462	Diversispora aestuarii | 4403_745C	0.0	Diversispora insculpta	97.88
Diversispora_aestuarii_P4-bc1061-1202-s27384_STFP_ASV2064_CCAMF	Diversispora aestuarii	P4-bc1061-1202-s27384	STFP	CCAMF	Stefani reprocessed	2462	Diversispora aestuarii | 4403_745C	0.0	Diversispora insculpta	97.88
Diversispora_aestuarii_P4-bc1061-1202-s124_STFP_ASV2580_CCAMF	Diversispora aestuarii	P4-bc1061-1202-s124	STFP	CCAMF	Stefani reprocessed	2460	Diversispora aestuarii | 4403_745C	0.0	Diversispora insculpta	97.88
Diversispora_aestuarii_P4-bc1061-1202-s134_STFP_ASV2581_CCAMF	Diversispora aestuarii	P4-bc1061-1202-s134	STFP	CCAMF	Stefani reprocessed	2463	Diversispora aestuarii | 4403_745C	0.0	Diversispora insculpta	97.88
Diversispora_aestuarii_P4-bc1062-1485-s1454_STFP_ASV2582_CCAMF	Diversispora aestuarii	P4-bc1062-1485-s1454	STFP	CCAMF	Stefani reprocessed	2461	Diversispora aestuarii | 4485_952D	0.0	Diversispora insculpta	97.88
Diversispora_aestuarii_P4-bc1062-1485-s390_STFP_ASV2583_CCAMF	Diversispora aestuarii	P4-bc1062-1485-s390	STFP	CCAMF	Stefani reprocessed	2460	Diversispora aestuarii | 4485_952D	0.0	Diversispora insculpta	98.16
Diversispora_aestuarii_P4-bc1062-1485-s656_STFP_ASV2584_CCAMF	Diversispora aestuarii	P4-bc1062-1485-s656	STFP	CCAMF	Stefani reprocessed	2462	Diversispora aestuarii | 4485_952D	0.0	Diversispora insculpta	98.16
Diversispora_aestuarii_P4-bc1041-1202-s13_STFP_ASV2585_CCAMF	Diversispora aestuarii	P4-bc1041-1202-s13	STFP	CCAMF	Stefani reprocessed	2461	Diversispora aestuarii | 4403_745C	0.0	Diversispora insculpta	97.88
Diversispora_aestuarii_P4-bc1062-1485-s534_STFP_ASV2586_CCAMF	Diversispora aestuarii	P4-bc1062-1485-s534	STFP	CCAMF	Stefani reprocessed	2461	Diversispora aestuarii | 4485_952D	0.0	Diversispora insculpta	97.45
Diversispora_aestuarii_P4-bc1041-1202-s21_STFP_ASV2587_CCAMF	Diversispora aestuarii	P4-bc1041-1202-s21	STFP	CCAMF	Stefani reprocessed	2462	Diversispora aestuarii | 4403_745C	0.0	Diversispora insculpta	97.31
Diversispora_aestuarii_P4-bc1061-1202-s138_STFP_ASV2588_CCAMF	Diversispora aestuarii	P4-bc1061-1202-s138	STFP	CCAMF	Stefani reprocessed	2462	Diversispora aestuarii | 4403_745C	0.0	Diversispora insculpta	97.45
Diversispora_aestuarii_P4-bc1061-1202-s102_STFP_ASV2589_CCAMF	Diversispora aestuarii	P4-bc1061-1202-s102	STFP	CCAMF	Stefani reprocessed	2459	Diversispora aestuarii | 4403_745C	0.0	Diversispora insculpta	97.74
Diversispora_aestuarii_P4-bc1062-1485-s957_STFP_ASV2590_CCAMF	Diversispora aestuarii	P4-bc1062-1485-s957	STFP	CCAMF	Stefani reprocessed	2459	Diversispora aestuarii | 4485_952D	0.0	Diversispora insculpta	97.03
Diversispora_aestuarii_P4-bc1062-1485-s954_STFP_ASV2591_CCAMF	Diversispora aestuarii	P4-bc1062-1485-s954	STFP	CCAMF	Stefani reprocessed	2458	Diversispora aestuarii | 4485_952D	0.0	Diversispora insculpta	96.89
Diversispora_aestuarii_P4-bc1062-1485-s198_STFP_ASV2592_CCAMF	Diversispora aestuarii	P4-bc1062-1485-s198	STFP	CCAMF	Stefani reprocessed	2458	Diversispora aestuarii | 4485_952D	0.0	Diversispora insculpta	96.89
Diversispora_aestuarii_P4-bc1061-1202-s76_STFP_ASV2593_CCAMF	Diversispora aestuarii	P4-bc1061-1202-s76	STFP	CCAMF	Stefani reprocessed	2461	Diversispora aestuarii | 4403_745C	0.0	Diversispora insculpta	97.6
Diversispora_aestuarii_P4-bc1061-1202-s55_STFP_ASV2594_CCAMF	Diversispora aestuarii	P4-bc1061-1202-s55	STFP	CCAMF	Stefani reprocessed	2461	Diversispora aestuarii | 4403_745C	0.0	Diversispora insculpta	97.6
Diversispora_aestuarii_P4-bc1062-1485-s478_STFP_ASV2595_CCAMF	Diversispora aestuarii	P4-bc1062-1485-s478	STFP	CCAMF	Stefani reprocessed	2456	Diversispora aestuarii | 4485_952D	0.0	Diversispora insculpta	97.31
Diversispora_aestuarii_P4-bc1062-1485-s230_STFP_ASV2596_CCAMF	Diversispora aestuarii	P4-bc1062-1485-s230	STFP	CCAMF	Stefani reprocessed	2455	Diversispora aestuarii | 4485_952D	0.0	Diversispora insculpta	97.31
Diversispora_aestuarii_P4-bc1062-1485-s209_STFP_ASV2597_CCAMF	Diversispora aestuarii	P4-bc1062-1485-s209	STFP	CCAMF	Stefani reprocessed	2458	Diversispora aestuarii | 4485_952D	0.0	Diversispora insculpta	97.45
Diversispora_spurca_P3-bc1059-1392-s84_STFP_ASV2598_CCAMF	Diversispora spurca	P3-bc1059-1392-s84	STFP	CCAMF	Stefani reprocessed	2462	Diversispora spurca | Algerie_2_1072C	0.0	Diversispora spurca	94.93
Diversispora_spurca_P3-bc1059-1392-s56_STFP_ASV2599_CCAMF	Diversispora spurca	P3-bc1059-1392-s56	STFP	CCAMF	Stefani reprocessed	2462	Diversispora spurca | Algerie_2_1072C	0.0	Diversispora spurca	94.79
Diversispora_spurca_P3-bc1059-1392-s40_STFP_ASV2600_CCAMF	Diversispora spurca	P3-bc1059-1392-s40	STFP	CCAMF	Stefani reprocessed	2464	Diversispora spurca | Algerie_2_1072C	0.0	Diversispora spurca	95.07
Diversispora_spurca_P4-bc1005-444-s210_STFP_ASV2008_CCAMF	Diversispora spurca	P4-bc1005-444-s210	STFP	CCAMF	Stefani reprocessed	2464	Diversispora spurca | CW0006_4005B	0.0	Diversispora spurca	94.23
Diversispora_spurca_P4-bc1005-444-s81_STFP_ASV2100_CCAMF	Diversispora spurca	P4-bc1005-444-s81	STFP	CCAMF	Stefani reprocessed	2463	Diversispora spurca | CW0006_4005B	0.0	Diversispora spurca	94.37
Diversispora_spurca_P4-bc1005-444-s34_STFP_ASV2105_CCAMF	Diversispora spurca	P4-bc1005-444-s34	STFP	CCAMF	Stefani reprocessed	2461	Diversispora spurca | CW0006_4005B	0.0	Diversispora spurca	94.08
Acaulospora_morrowiae_P1-bc1034-993-s105_STFP_ASV2601_CCAMF	Acaulospora morrowiae	P1-bc1034-993-s105	STFP	CCAMF	Stefani reprocessed	2412	Acaulospora morrowiae | CR315B_2019A	0.0	Acaulospora dilatata	95.55
Acaulospora_morrowiae_P1-bc1034-993-s90_STFP_ASV2602_CCAMF	Acaulospora morrowiae	P1-bc1034-993-s90	STFP	CCAMF	Stefani reprocessed	2413	Acaulospora morrowiae | CR315B_2019A	0.0	Acaulospora dilatata	95.99
Acaulospora_morrowiae_P1-bc1034-993-s53_STFP_ASV2603_CCAMF	Acaulospora morrowiae	P1-bc1034-993-s53	STFP	CCAMF	Stefani reprocessed	2416	Acaulospora morrowiae | CR315B_2019A	0.0	Acaulospora dilatata	95.85
Acaulospora_morrowiae_P1-bc1043-845-s152_STFP_ASV2604_CCAMF	Acaulospora morrowiae	P1-bc1043-845-s152	STFP	CCAMF	Stefani reprocessed	2422	Acaulospora morrowiae | BF_TM_1197A	0.0	Acaulospora dilatata	96.44
Acaulospora_morrowiae_P1-bc1043-845-s85_STFP_ASV2605_CCAMF	Acaulospora morrowiae	P1-bc1043-845-s85	STFP	CCAMF	Stefani reprocessed	2420	Acaulospora morrowiae | BF_TM_1197A	0.0	Acaulospora dilatata	96.44
Acaulospora_morrowiae_P1-bc1043-845-s139_STFP_ASV2606_CCAMF	Acaulospora morrowiae	P1-bc1043-845-s139	STFP	CCAMF	Stefani reprocessed	2418	Acaulospora morrowiae | BF_TM_1197A	0.0	Acaulospora papillosa	96.58
Acaulospora_morrowiae_P1-bc1043-845-s93_STFP_ASV2607_CCAMF	Acaulospora morrowiae	P1-bc1043-845-s93	STFP	CCAMF	Stefani reprocessed	2420	Acaulospora morrowiae | BF_TM_1197A	0.0	Acaulospora papillosa	96.87
Acaulospora_morrowiae_P1-bc1043-845-s75_STFP_ASV2608_CCAMF	Acaulospora morrowiae	P1-bc1043-845-s75	STFP	CCAMF	Stefani reprocessed	2417	Acaulospora morrowiae | BF_TM_1197A	0.0	Acaulospora dilatata	96.59
Acaulospora_morrowiae_P1-bc1043-845-s82_STFP_ASV2609_CCAMF	Acaulospora morrowiae	P1-bc1043-845-s82	STFP	CCAMF	Stefani reprocessed	2414	Acaulospora morrowiae | BF_TM_1197A	0.0	Acaulospora dilatata	96.74
Acaulospora_morrowiae_P1-bc1043-845-s60_STFP_ASV2610_CCAMF	Acaulospora morrowiae	P1-bc1043-845-s60	STFP	CCAMF	Stefani reprocessed	2418	Acaulospora morrowiae | BF_TM_1197A	0.0	Acaulospora dilatata	96.29
Cetraspora_gilmorei_P1-bc1049-651-s297_STFP_ASV2611_CCAMF	Cetraspora gilmorei	P1-bc1049-651-s297	STFP	CCAMF	Stefani reprocessed	2352	Cetraspora gilmorei | 4430_2047A	0.0	Cetraspora gilmorei	96.31
Cetraspora_gilmorei_P1-bc1049-651-s243_STFP_ASV2612_CCAMF	Cetraspora gilmorei	P1-bc1049-651-s243	STFP	CCAMF	Stefani reprocessed	2357	Cetraspora gilmorei | 4430_2047A	0.0	Cetraspora gilmorei	96.6
Cetraspora_gilmorei_P1-bc1049-651-s99_STFP_ASV2613_CCAMF	Cetraspora gilmorei	P1-bc1049-651-s99	STFP	CCAMF	Stefani reprocessed	2358	Cetraspora gilmorei | 4430_2047A	0.0	Cetraspora gilmorei	96.01
Cetraspora_gilmorei_P1-bc1067-501-s117_STFP_ASV2033_CCAMF	Cetraspora gilmorei	P1-bc1067-501-s117	STFP	CCAMF	Stefani reprocessed	2358	Cetraspora gilmorei | 4397_453A	0.0	Cetraspora gilmorei	96.6
Cetraspora_gilmorei_P1-bc1091-1080-s275_STFP_ASV2033_CCAMF	Cetraspora gilmorei	P1-bc1091-1080-s275	STFP	CCAMF	Stefani reprocessed	2358	Cetraspora gilmorei | 4397_453A	0.0	Cetraspora gilmorei	96.6
Cetraspora_gilmorei_P2-bc1009-172-s952_STFP_ASV2033_CCAMF	Cetraspora gilmorei	P2-bc1009-172-s952	STFP	CCAMF	Stefani reprocessed	2358	Cetraspora gilmorei | 4397_453A	0.0	Cetraspora gilmorei	96.6
Cetraspora_gilmorei_P2-bc1063-1193-s533_STFP_ASV2033_CCAMF	Cetraspora gilmorei	P2-bc1063-1193-s533	STFP	CCAMF	Stefani reprocessed	2358	Cetraspora gilmorei | 4397_453A	0.0	Cetraspora gilmorei	96.6
Cetraspora_gilmorei_P4-bc1040-1065-s3941_STFP_ASV2033_CCAMF	Cetraspora gilmorei	P4-bc1040-1065-s3941	STFP	CCAMF	Stefani reprocessed	2358	Cetraspora gilmorei | 4397_453A	0.0	Cetraspora gilmorei	96.6
Cetraspora_gilmorei_P1-bc1091-1080-s80_STFP_ASV2002_CCAMF	Cetraspora gilmorei	P1-bc1091-1080-s80	STFP	CCAMF	Stefani reprocessed	2358	Cetraspora gilmorei | 4397_453A	0.0	Cetraspora gilmorei	96.45
Cetraspora_gilmorei_P2-bc1009-172-s173_STFP_ASV2002_CCAMF	Cetraspora gilmorei	P2-bc1009-172-s173	STFP	CCAMF	Stefani reprocessed	2358	Cetraspora gilmorei | 4397_453A	0.0	Cetraspora gilmorei	96.45
Cetraspora_gilmorei_P4-bc1040-1065-s353_STFP_ASV2002_CCAMF	Cetraspora gilmorei	P4-bc1040-1065-s353	STFP	CCAMF	Stefani reprocessed	2358	Cetraspora gilmorei | 4397_453A	0.0	Cetraspora gilmorei	96.45
Cetraspora_gilmorei_P1-bc1091-1080-s33_STFP_ASV2025_CCAMF	Cetraspora gilmorei	P1-bc1091-1080-s33	STFP	CCAMF	Stefani reprocessed	2358	Cetraspora gilmorei | 4397_453A	0.0	Cetraspora gilmorei	96.45
Cetraspora_gilmorei_P2-bc1063-1193-s105_STFP_ASV2025_CCAMF	Cetraspora gilmorei	P2-bc1063-1193-s105	STFP	CCAMF	Stefani reprocessed	2358	Cetraspora gilmorei | 4397_453A	0.0	Cetraspora gilmorei	96.45
Cetraspora_gilmorei_P1-bc1091-1080-s180_STFP_ASV2089_CCAMF	Cetraspora gilmorei	P1-bc1091-1080-s180	STFP	CCAMF	Stefani reprocessed	2358	Cetraspora gilmorei | 4414_1105C	0.0	Cetraspora gilmorei	96.45
Cetraspora_gilmorei_P2-bc1009-172-s509_STFP_ASV2089_CCAMF	Cetraspora gilmorei	P2-bc1009-172-s509	STFP	CCAMF	Stefani reprocessed	2358	Cetraspora gilmorei | 4414_1105C	0.0	Cetraspora gilmorei	96.45
Cetraspora_gilmorei_P2-bc1063-1193-s492_STFP_ASV2089_CCAMF	Cetraspora gilmorei	P2-bc1063-1193-s492	STFP	CCAMF	Stefani reprocessed	2358	Cetraspora gilmorei | 4414_1105C	0.0	Cetraspora gilmorei	96.45
Cetraspora_gilmorei_P4-bc1040-1065-s1255_STFP_ASV2089_CCAMF	Cetraspora gilmorei	P4-bc1040-1065-s1255	STFP	CCAMF	Stefani reprocessed	2358	Cetraspora gilmorei | 4414_1105C	0.0	Cetraspora gilmorei	96.45
Cetraspora_gilmorei_P1-bc1091-1080-s282_STFP_ASV2075_CCAMF	Cetraspora gilmorei	P1-bc1091-1080-s282	STFP	CCAMF	Stefani reprocessed	2369	Cetraspora gilmorei | 4414_1105C	0.0	Cetraspora gilmorei	96.01
Cetraspora_gilmorei_P2-bc1009-172-s749_STFP_ASV2075_CCAMF	Cetraspora gilmorei	P2-bc1009-172-s749	STFP	CCAMF	Stefani reprocessed	2369	Cetraspora gilmorei | 4414_1105C	0.0	Cetraspora gilmorei	96.01
Cetraspora_gilmorei_P2-bc1063-1193-s955_STFP_ASV2075_CCAMF	Cetraspora gilmorei	P2-bc1063-1193-s955	STFP	CCAMF	Stefani reprocessed	2369	Cetraspora gilmorei | 4414_1105C	0.0	Cetraspora gilmorei	96.01
Cetraspora_gilmorei_P4-bc1040-1065-s3836_STFP_ASV2075_CCAMF	Cetraspora gilmorei	P4-bc1040-1065-s3836	STFP	CCAMF	Stefani reprocessed	2369	Cetraspora gilmorei | 4414_1105C	0.0	Cetraspora gilmorei	96.01
Cetraspora_gilmorei_P1-bc1091-1080-s32_STFP_ASV2614_CCAMF	Cetraspora gilmorei	P1-bc1091-1080-s32	STFP	CCAMF	Stefani reprocessed	2369	Cetraspora gilmorei | 4414_1105C	0.0	Cetraspora gilmorei	96.01
Cetraspora_gilmorei_P1-bc1091-1080-s31_STFP_ASV2043_CCAMF	Cetraspora gilmorei	P1-bc1091-1080-s31	STFP	CCAMF	Stefani reprocessed	2372	Cetraspora gilmorei | 4414_1105C	0.0	Cetraspora gilmorei	96.31
Cetraspora_gilmorei_P2-bc1009-172-s381_STFP_ASV2043_CCAMF	Cetraspora gilmorei	P2-bc1009-172-s381	STFP	CCAMF	Stefani reprocessed	2372	Cetraspora gilmorei | 4414_1105C	0.0	Cetraspora gilmorei	96.31
Cetraspora_gilmorei_P2-bc1063-1193-s476_STFP_ASV2043_CCAMF	Cetraspora gilmorei	P2-bc1063-1193-s476	STFP	CCAMF	Stefani reprocessed	2372	Cetraspora gilmorei | 4414_1105C	0.0	Cetraspora gilmorei	96.31
Cetraspora_gilmorei_P4-bc1040-1065-s1914_STFP_ASV2043_CCAMF	Cetraspora gilmorei	P4-bc1040-1065-s1914	STFP	CCAMF	Stefani reprocessed	2372	Cetraspora gilmorei | 4414_1105C	0.0	Cetraspora gilmorei	96.31
Cetraspora_gilmorei_P1-bc1049-651-s149_STFP_ASV2615_CCAMF	Cetraspora gilmorei	P1-bc1049-651-s149	STFP	CCAMF	Stefani reprocessed	2363	Cetraspora gilmorei | 4430_2047A	0.0	Cetraspora gilmorei	96.6
Cetraspora_gilmorei_P1-bc1049-651-s138_STFP_ASV2616_CCAMF	Cetraspora gilmorei	P1-bc1049-651-s138	STFP	CCAMF	Stefani reprocessed	2358	Cetraspora gilmorei | 4430_2047A	0.0	Cetraspora gilmorei	96.75
Cetraspora_gilmorei_P1-bc1053-605-s173_STFP_ASV2617_CCAMF	Cetraspora gilmorei	P1-bc1053-605-s173	STFP	CCAMF	Stefani reprocessed	2356	Cetraspora gilmorei | 4436_787A	0.0	Cetraspora gilmorei	97.05
Cetraspora_gilmorei_P1-bc1053-605-s163_STFP_ASV2618_CCAMF	Cetraspora gilmorei	P1-bc1053-605-s163	STFP	CCAMF	Stefani reprocessed	2354	Cetraspora gilmorei | 4436_787A	0.0	Cetraspora gilmorei	97.05
Cetraspora_gilmorei_P1-bc1053-605-s101_STFP_ASV2619_CCAMF	Cetraspora gilmorei	P1-bc1053-605-s101	STFP	CCAMF	Stefani reprocessed	2355	Cetraspora gilmorei | 4436_787A	0.0	Cetraspora gilmorei	96.6
Cetraspora_gilmorei_P2-bc1042-1613-s36_STFP_ASV2005_CCAMF	Cetraspora gilmorei	P2-bc1042-1613-s36	STFP	CCAMF	Stefani reprocessed	2355	Cetraspora gilmorei | CW0008_2669B	0.0	Cetraspora gilmorei	96.75
Cetraspora_gilmorei_P1-bc1053-605-s255_STFP_ASV2620_CCAMF	Cetraspora gilmorei	P1-bc1053-605-s255	STFP	CCAMF	Stefani reprocessed	2360	Cetraspora gilmorei | 4436_787A	0.0	Cetraspora gilmorei	96.9
Cetraspora_gilmorei_P2-bc1042-1613-s278_STFP_ASV2108_CCAMF	Cetraspora gilmorei	P2-bc1042-1613-s278	STFP	CCAMF	Stefani reprocessed	2359	Cetraspora gilmorei | CW0008_2669B	0.0	Cetraspora gilmorei	96.61
Cetraspora_gilmorei_P2-bc1042-1613-s65_STFP_ASV2084_CCAMF	Cetraspora gilmorei	P2-bc1042-1613-s65	STFP	CCAMF	Stefani reprocessed	2359	Cetraspora gilmorei | CW0008_2669B	0.0	Cetraspora gilmorei	96.9
Cetraspora_gilmorei_P2-bc1042-1613-s33_STFP_ASV2621_CCAMF	Cetraspora gilmorei	P2-bc1042-1613-s33	STFP	CCAMF	Stefani reprocessed	2360	Cetraspora gilmorei | CW0008_2669B	0.0	Cetraspora gilmorei	96.61
Cetraspora_gilmorei_P1-bc1067-501-s91_STFP_ASV2066_CCAMF	Cetraspora gilmorei	P1-bc1067-501-s91	STFP	CCAMF	Stefani reprocessed	2354	Cetraspora gilmorei | 4397_453A	0.0	Cetraspora gilmorei	96.45
Cetraspora_gilmorei_P1-bc1091-1080-s133_STFP_ASV2066_CCAMF	Cetraspora gilmorei	P1-bc1091-1080-s133	STFP	CCAMF	Stefani reprocessed	2354	Cetraspora gilmorei | 4397_453A	0.0	Cetraspora gilmorei	96.45
Cetraspora_gilmorei_P2-bc1009-172-s242_STFP_ASV2066_CCAMF	Cetraspora gilmorei	P2-bc1009-172-s242	STFP	CCAMF	Stefani reprocessed	2354	Cetraspora gilmorei | 4397_453A	0.0	Cetraspora gilmorei	96.45
Cetraspora_gilmorei_P2-bc1063-1193-s361_STFP_ASV2066_CCAMF	Cetraspora gilmorei	P2-bc1063-1193-s361	STFP	CCAMF	Stefani reprocessed	2354	Cetraspora gilmorei | 4397_453A	0.0	Cetraspora gilmorei	96.45
Cetraspora_gilmorei_P4-bc1040-1065-s3043_STFP_ASV2066_CCAMF	Cetraspora gilmorei	P4-bc1040-1065-s3043	STFP	CCAMF	Stefani reprocessed	2354	Cetraspora gilmorei | 4397_453A	0.0	Cetraspora gilmorei	96.45
Cetraspora_gilmorei_P4-bc1040-1065-s244_STFP_ASV2622_CCAMF	Cetraspora gilmorei	P4-bc1040-1065-s244	STFP	CCAMF	Stefani reprocessed	2353	Cetraspora gilmorei | 4419_860D	0.0	Cetraspora gilmorei	96.45
Cetraspora_gilmorei_P1-bc1091-1080-s55_STFP_ASV2078_CCAMF	Cetraspora gilmorei	P1-bc1091-1080-s55	STFP	CCAMF	Stefani reprocessed	2369	Cetraspora gilmorei | 4414_1105C	0.0	Cetraspora gilmorei	96.46
Cetraspora_gilmorei_P2-bc1009-172-s174_STFP_ASV2078_CCAMF	Cetraspora gilmorei	P2-bc1009-172-s174	STFP	CCAMF	Stefani reprocessed	2369	Cetraspora gilmorei | 4414_1105C	0.0	Cetraspora gilmorei	96.46
Cetraspora_gilmorei_P4-bc1040-1065-s1069_STFP_ASV2623_CCAMF	Cetraspora gilmorei	P4-bc1040-1065-s1069	STFP	CCAMF	Stefani reprocessed	2368	Cetraspora gilmorei | 4414_1105C	0.0	Cetraspora pellucida	96.33
Cetraspora_gilmorei_P1-bc1053-605-s193_STFP_ASV2624_CCAMF	Cetraspora gilmorei	P1-bc1053-605-s193	STFP	CCAMF	Stefani reprocessed	2357	Cetraspora gilmorei | 4436_787A	0.0	Cetraspora pellucida	96.49
Cetraspora_gilmorei_P1-bc1091-1080-s137_STFP_ASV2055_CCAMF	Cetraspora gilmorei	P1-bc1091-1080-s137	STFP	CCAMF	Stefani reprocessed	2360	Cetraspora gilmorei | 4414_1105C	0.0	Cetraspora gilmorei	96.31
Cetraspora_gilmorei_P2-bc1009-172-s392_STFP_ASV2055_CCAMF	Cetraspora gilmorei	P2-bc1009-172-s392	STFP	CCAMF	Stefani reprocessed	2360	Cetraspora gilmorei | 4414_1105C	0.0	Cetraspora gilmorei	96.31
Cetraspora_gilmorei_P2-bc1063-1193-s377_STFP_ASV2055_CCAMF	Cetraspora gilmorei	P2-bc1063-1193-s377	STFP	CCAMF	Stefani reprocessed	2360	Cetraspora gilmorei | 4414_1105C	0.0	Cetraspora gilmorei	96.31
Cetraspora_gilmorei_P4-bc1040-1065-s936_STFP_ASV2055_CCAMF	Cetraspora gilmorei	P4-bc1040-1065-s936	STFP	CCAMF	Stefani reprocessed	2360	Cetraspora gilmorei | 4414_1105C	0.0	Cetraspora gilmorei	96.31
Gigaspora_rosea_P2-bc1040-1625-s193_STFP_ASV2625_CCAMF	Gigaspora rosea	P2-bc1040-1625-s193	STFP	CCAMF	Stefani reprocessed	2343	Gigaspora rosea | BEG9_770A	0.0	Gigaspora rosea	96.65
Gigaspora_rosea_P3-bc1087-461-s26_STFP_ASV2626_CCAMF	Gigaspora rosea	P3-bc1087-461-s26	STFP	CCAMF	Stefani reprocessed	2343	Gigaspora rosea | BEG9_770A	0.0	Gigaspora rosea	96.81
Gigaspora_rosea_P1-bc1055-590-s74_STFP_ASV2627_CCAMF	Gigaspora rosea	P1-bc1055-590-s74	STFP	CCAMF	Stefani reprocessed	2343	Gigaspora rosea | BEG9_770A	0.0	Gigaspora rosea	96.65
Gigaspora_rosea_P2-bc1040-1625-s116_STFP_ASV2628_CCAMF	Gigaspora rosea	P2-bc1040-1625-s116	STFP	CCAMF	Stefani reprocessed	2343	Gigaspora rosea | BEG9_770A	0.0	Gigaspora rosea	96.33
Gigaspora_rosea_P3-bc1087-461-s17_STFP_ASV2629_CCAMF	Gigaspora rosea	P3-bc1087-461-s17	STFP	CCAMF	Stefani reprocessed	2342	Gigaspora rosea | BEG9_770A	0.0	Gigaspora rosea	96.65
Gigaspora_rosea_P3-bc1087-461-s20_STFP_ASV2630_CCAMF	Gigaspora rosea	P3-bc1087-461-s20	STFP	CCAMF	Stefani reprocessed	2342	Gigaspora rosea | BEG9_770A	0.0	Gigaspora rosea	96.65
Gigaspora_rosea_P1-bc1084-1155-s60_STFP_ASV2098_CCAMF	Gigaspora rosea	P1-bc1084-1155-s60	STFP	CCAMF	Stefani reprocessed	2343	Gigaspora rosea | CU131_1018E	0.0	Gigaspora rosea	96.01
Gigaspora_rosea_P2-bc1040-1625-s455_STFP_ASV2631_CCAMF	Gigaspora rosea	P2-bc1040-1625-s455	STFP	CCAMF	Stefani reprocessed	2346	Gigaspora rosea | BEG9_770A	0.0	Gigaspora albida	97.93
Gigaspora_rosea_P2-bc1006-407-s1076_STFP_ASV2632_CCAMF	Gigaspora rosea	P2-bc1006-407-s1076	STFP	CCAMF	Stefani reprocessed	2345	Gigaspora rosea | woodslee_203A	0.0	Gigaspora albida	98.09
Gigaspora_rosea_P2-bc1006-407-s66_STFP_ASV2633_CCAMF	Gigaspora rosea	P2-bc1006-407-s66	STFP	CCAMF	Stefani reprocessed	2346	Gigaspora rosea | woodslee_203A	0.0	Gigaspora albida	98.09
Gigaspora_rosea_P2-bc1006-407-s939_STFP_ASV2634_CCAMF	Gigaspora rosea	P2-bc1006-407-s939	STFP	CCAMF	Stefani reprocessed	2350	Gigaspora rosea | woodslee_203A	0.0	Gigaspora albida	97.45
Gigaspora_rosea_P2-bc1006-407-s54_STFP_ASV2635_CCAMF	Gigaspora rosea	P2-bc1006-407-s54	STFP	CCAMF	Stefani reprocessed	2349	Gigaspora rosea | woodslee_203A	0.0	Gigaspora albida	97.45
Gigaspora_rosea_P2-bc1006-407-s920_STFP_ASV2636_CCAMF	Gigaspora rosea	P2-bc1006-407-s920	STFP	CCAMF	Stefani reprocessed	2348	Gigaspora rosea | woodslee_203A	0.0	Gigaspora albida	98.41
Gigaspora_rosea_P1-bc1066-506-s126_STFP_ASV2637_CCAMF	Gigaspora rosea	P1-bc1066-506-s126	STFP	CCAMF	Stefani reprocessed	2348	Gigaspora rosea | 4752_496A	0.0	Gigaspora gigantea	98.24
Gigaspora_rosea_P1-bc1066-506-s103_STFP_ASV2638_CCAMF	Gigaspora rosea	P1-bc1066-506-s103	STFP	CCAMF	Stefani reprocessed	2351	Gigaspora rosea | 4752_496A	0.0	Gigaspora albida	97.29
Gigaspora_rosea_P1-bc1084-1155-s78_STFP_ASV2050_CCAMF	Gigaspora rosea	P1-bc1084-1155-s78	STFP	CCAMF	Stefani reprocessed	2355	Gigaspora rosea | CU131_1018E	0.0	Gigaspora albida	99.2
Gigaspora_rosea_P1-bc1066-506-s280_STFP_ASV2639_CCAMF	Gigaspora rosea	P1-bc1066-506-s280	STFP	CCAMF	Stefani reprocessed	2355	Gigaspora rosea | 4752_496A	0.0	Gigaspora albida	98.09
Gigaspora_rosea_P1-bc1066-506-s123_STFP_ASV2640_CCAMF	Gigaspora rosea	P1-bc1066-506-s123	STFP	CCAMF	Stefani reprocessed	2354	Gigaspora rosea | 4752_496A	0.0	Gigaspora albida	97.77
Gigaspora_rosea_P1-bc1055-590-s57_STFP_ASV2009_CCAMF	Gigaspora rosea	P1-bc1055-590-s57	STFP	CCAMF	Stefani reprocessed	2340	Gigaspora rosea | BEG9_770A	0.0	Gigaspora albida	96.33
Gigaspora_rosea_P3-bc1021-694-s22_STFP_ASV2009_CCAMF	Gigaspora rosea	P3-bc1021-694-s22	STFP	CCAMF	Stefani reprocessed	2340	Gigaspora rosea | BEG9_770A	0.0	Gigaspora albida	96.33
Gigaspora_rosea_P2-bc1006-407-s381_STFP_ASV2641_CCAMF	Gigaspora rosea	P2-bc1006-407-s381	STFP	CCAMF	Stefani reprocessed	2345	Gigaspora rosea | woodslee_203A	0.0	Gigaspora gigantea	95.37
Gigaspora_rosea_P2-bc1040-1625-s146_STFP_ASV2642_CCAMF	Gigaspora rosea	P2-bc1040-1625-s146	STFP	CCAMF	Stefani reprocessed	2337	Gigaspora rosea | BEG9_770A	0.0	Gigaspora gigantea	98.08
Gigaspora_rosea_P2-bc1040-1625-s45_STFP_ASV2643_CCAMF	Gigaspora rosea	P2-bc1040-1625-s45	STFP	CCAMF	Stefani reprocessed	2337	Gigaspora rosea | BEG9_770A	0.0	Gigaspora gigantea	98.08
Gigaspora_rosea_P1-bc1066-506-s155_STFP_ASV2644_CCAMF	Gigaspora rosea	P1-bc1066-506-s155	STFP	CCAMF	Stefani reprocessed	2348	Gigaspora rosea | 4752_496A	0.0	Gigaspora rosea	96.01
Gigaspora_rosea_P1-bc1066-506-s66_STFP_ASV2645_CCAMF	Gigaspora rosea	P1-bc1066-506-s66	STFP	CCAMF	Stefani reprocessed	2348	Gigaspora rosea | 4752_496A	0.0	Gigaspora rosea	95.69
Gigaspora_rosea_P1-bc1084-1155-s54_STFP_ASV2646_CCAMF	Gigaspora rosea	P1-bc1084-1155-s54	STFP	CCAMF	Stefani reprocessed	2295	Gigaspora rosea | 4752_496A	6.17	Gigaspora rosea	93.61
Ambispora_callosa_P1-bc1090-1100-s319_STFP_ASV2021_CCAMF	Ambispora callosa	P1-bc1090-1100-s319	STFP	CCAMF	Stefani reprocessed	2462	Ambispora callosa | JA116_2012B	0.0	Ambispora leptoticha	97.62
Ambispora_callosa_P2-bc1037-1584-s312_STFP_ASV2021_CCAMF	Ambispora callosa	P2-bc1037-1584-s312	STFP	CCAMF	Stefani reprocessed	2462	Ambispora callosa | JA116_2012B	0.0	Ambispora leptoticha	97.62
Ambispora_callosa_P2-bc1037-1584-s17_STFP_ASV2647_CCAMF	Ambispora callosa	P2-bc1037-1584-s17	STFP	CCAMF	Stefani reprocessed	2463	Ambispora callosa | JA116_2012B	0.0	Ambispora leptoticha	97.62
Ambispora_callosa_P2-bc1037-1584-s34_STFP_ASV2648_CCAMF	Ambispora callosa	P2-bc1037-1584-s34	STFP	CCAMF	Stefani reprocessed	2462	Ambispora callosa | JA116_2012B	0.0	Ambispora leptoticha	98.1
Ambispora_callosa_P1-bc1090-1100-s52_STFP_ASV2048_CCAMF	Ambispora callosa	P1-bc1090-1100-s52	STFP	CCAMF	Stefani reprocessed	2462	Ambispora callosa | JA116_2012B	0.0	Ambispora leptoticha	97.46
Ambispora_callosa_P2-bc1037-1584-s21_STFP_ASV2048_CCAMF	Ambispora callosa	P2-bc1037-1584-s21	STFP	CCAMF	Stefani reprocessed	2462	Ambispora callosa | JA116_2012B	0.0	Ambispora leptoticha	97.46
Ambispora_callosa_P2-bc1036-1582-s27_STFP_ASV2649_CCAMF	Ambispora callosa	P2-bc1036-1582-s27	STFP	CCAMF	Stefani reprocessed	2462	Ambispora callosa | JA116_2012B	0.0	Ambispora leptoticha	97.62
Ambispora_callosa_P2-bc1037-1584-s13_STFP_ASV2650_CCAMF	Ambispora callosa	P2-bc1037-1584-s13	STFP	CCAMF	Stefani reprocessed	2460	Ambispora callosa | MAFF520084_2504A	0.0	Ambispora leptoticha	97.62
Ambispora_callosa_P1-bc1090-1100-s200_STFP_ASV2651_CCAMF	Ambispora callosa	P1-bc1090-1100-s200	STFP	CCAMF	Stefani reprocessed	2463	Ambispora callosa | JA116_2012B	0.0	Ambispora leptoticha	97.46
Ambispora_callosa_P2-bc1037-1584-s14_STFP_ASV2652_CCAMF	Ambispora callosa	P2-bc1037-1584-s14	STFP	CCAMF	Stefani reprocessed	2462	Ambispora callosa | JA116_2012B	0.0	Ambispora leptoticha	97.62
Ambispora_callosa_P2-bc1037-1584-2_STFP_ASV2653_CCAMF	Ambispora callosa	P2-bc1037-1584-2	STFP	CCAMF	Stefani reprocessed	2462	Ambispora callosa | JA116_2012B	0.0	Ambispora leptoticha	97.62
Ambispora_callosa_P2-bc1037-1584-s57_STFP_ASV2654_CCAMF	Ambispora callosa	P2-bc1037-1584-s57	STFP	CCAMF	Stefani reprocessed	2461	Ambispora callosa | MAFF520084_2504A	0.0	Ambispora leptoticha	97.46
Ambispora_callosa_P1-bc1090-1100-s65_STFP_ASV2035_CCAMF	Ambispora callosa	P1-bc1090-1100-s65	STFP	CCAMF	Stefani reprocessed	2455	Ambispora callosa | JA116_2012B	0.0	Ambispora leptoticha	97.46
Ambispora_callosa_P2-bc1037-1584-s37_STFP_ASV2035_CCAMF	Ambispora callosa	P2-bc1037-1584-s37	STFP	CCAMF	Stefani reprocessed	2455	Ambispora callosa | JA116_2012B	0.0	Ambispora leptoticha	97.46
Ambispora_callosa_P1-bc1090-1100-s66_STFP_ASV2655_CCAMF	Ambispora callosa	P1-bc1090-1100-s66	STFP	CCAMF	Stefani reprocessed	2450	Ambispora callosa | JA116_2012B	0.0	Ambispora leptoticha	97.62
Ambispora_callosa_P2-bc1036-1582-s33_STFP_ASV2656_CCAMF	Ambispora callosa	P2-bc1036-1582-s33	STFP	CCAMF	Stefani reprocessed	2449	Ambispora callosa | MAFF520057_2499A	0.0	Ambispora leptoticha	97.62
Ambispora_callosa_P2-bc1036-1582-s11_STFP_ASV2657_CCAMF	Ambispora callosa	P2-bc1036-1582-s11	STFP	CCAMF	Stefani reprocessed	2451	Ambispora callosa | MAFF520057_2499A	0.0	Ambispora leptoticha	97.46
Ambispora_callosa_P2-bc1036-1582-s28_STFP_ASV2658_CCAMF	Ambispora callosa	P2-bc1036-1582-s28	STFP	CCAMF	Stefani reprocessed	2456	Ambispora callosa | MAFF520057_2499A	0.0	Ambispora leptoticha	97.78
Ambispora_callosa_P1-bc1090-1100-s30_STFP_ASV2659_CCAMF	Ambispora callosa	P1-bc1090-1100-s30	STFP	CCAMF	Stefani reprocessed	2457	Ambispora callosa | JA116_2012B	0.0	Ambispora leptoticha	97.62
Ambispora_callosa_P1-bc1090-1100-s28_STFP_ASV2660_CCAMF	Ambispora callosa	P1-bc1090-1100-s28	STFP	CCAMF	Stefani reprocessed	2459	Ambispora callosa | JA116_2012B	0.0	Ambispora leptoticha	97.46
Ambispora_leptoticha_P2-bc1038-1583-s199_STFP_ASV2661_CCAMF	Ambispora leptoticha	P2-bc1038-1583-s199	STFP	CCAMF	Stefani reprocessed	2451	Ambispora leptoticha | MAFF520090_2501A	0.0	Ambispora leptoticha	97.3
Ambispora_leptoticha_P2-bc1044-1635-s51_STFP_ASV2049_CCAMF	Ambispora leptoticha	P2-bc1044-1635-s51	STFP	CCAMF	Stefani reprocessed	2452	Ambispora leptoticha | ON205A	0.0	Ambispora leptoticha	98.73
Paraglomus_brasilianum_P1-bc1082-1203-s38_STFP_ASV2662_CCAMF	Paraglomus brasilianum	P1-bc1082-1203-s38	STFP	CCAMF	Stefani reprocessed	2436	Paraglomus brasilianum | W260_5_933C	0.0	Paraglomus brasilianum	98.89
Paraglomus_brasilianum_P1-bc1080-1306-s1963_STFP_ASV2663_CCAMF	Paraglomus brasilianum	P1-bc1080-1306-s1963	STFP	CCAMF	Stefani reprocessed	2438	Paraglomus brasilianum | 5274_2288B	0.0	Paraglomus brasilianum	98.73
Paraglomus_sp._P1-bc1079-1319-s1510_STFP_ASV2023_CCAMF	Paraglomus sp.	P1-bc1079-1319-s1510	STFP	CCAMF	Stefani reprocessed	2427	Paraglomus sp. | 5088_2360A	0.0	Paraglomus brasilianum	96.2
Paraglomus_sp._P3-bc1067-1569-s7043_STFP_ASV2023_CCAMF	Paraglomus sp.	P3-bc1067-1569-s7043	STFP	CCAMF	Stefani reprocessed	2427	Paraglomus sp. | 5088_2360A	0.0	Paraglomus brasilianum	96.2
Paraglomus_sp._P3-bc1067-1569-s554_STFP_ASV2664_CCAMF	Paraglomus sp.	P3-bc1067-1569-s554	STFP	CCAMF	Stefani reprocessed	2427	Paraglomus sp. | 4423_1159D	0.0	Paraglomus brasilianum	96.2
Paraglomus_sp._P1-bc1079-1319-s30_STFP_ASV2665_CCAMF	Paraglomus sp.	P1-bc1079-1319-s30	STFP	CCAMF	Stefani reprocessed	2428	Paraglomus sp. | 5088_2360A	0.0	Paraglomus brasilianum	96.2
Paraglomus_sp._P3-bc1067-1569-s276_STFP_ASV2666_CCAMF	Paraglomus sp.	P3-bc1067-1569-s276	STFP	CCAMF	Stefani reprocessed	2429	Paraglomus sp. | 4423_1159D	0.0	Paraglomus brasilianum	96.2
Paraglomus_sp._P3-bc1067-1569-s290_STFP_ASV2667_CCAMF	Paraglomus sp.	P3-bc1067-1569-s290	STFP	CCAMF	Stefani reprocessed	2435	Paraglomus sp. | 4423_1159D	0.0	Paraglomus brasilianum	96.2
Paraglomus_sp._P3-bc1067-1569-s221_STFP_ASV2668_CCAMF	Paraglomus sp.	P3-bc1067-1569-s221	STFP	CCAMF	Stefani reprocessed	2425	Paraglomus sp. | 4423_1159D	0.0	Paraglomus brasilianum	96.2
Paraglomus_sp._P1-bc1079-1319-s188_STFP_ASV2037_CCAMF	Paraglomus sp.	P1-bc1079-1319-s188	STFP	CCAMF	Stefani reprocessed	2442	Paraglomus sp. | 5088_2360A	0.0	Paraglomus brasilianum	96.2
Paraglomus_sp._P3-bc1067-1569-s490_STFP_ASV2037_CCAMF	Paraglomus sp.	P3-bc1067-1569-s490	STFP	CCAMF	Stefani reprocessed	2442	Paraglomus sp. | 5088_2360A	0.0	Paraglomus brasilianum	96.2
Paraglomus_sp._P3-bc1067-1569-s870_STFP_ASV2669_CCAMF	Paraglomus sp.	P3-bc1067-1569-s870	STFP	CCAMF	Stefani reprocessed	2442	Paraglomus sp. | 5088_2360A	0.0	Paraglomus brasilianum	96.2
Paraglomus_sp._P3-bc1067-1569-s286_STFP_ASV2670_CCAMF	Paraglomus sp.	P3-bc1067-1569-s286	STFP	CCAMF	Stefani reprocessed	2441	Paraglomus sp. | 4423_1159D	0.0	Paraglomus brasilianum	96.2
Paraglomus_sp._P3-bc1067-1569-s202_STFP_ASV2671_CCAMF	Paraglomus sp.	P3-bc1067-1569-s202	STFP	CCAMF	Stefani reprocessed	2431	Paraglomus sp. | 4423_1159D	0.0	Paraglomus brasilianum	96.2
Paraglomus_brasilianum_P3-bc1043-1464-s190_STFP_ASV2672_CCAMF	Paraglomus brasilianum	P3-bc1043-1464-s190	STFP	CCAMF	Stefani reprocessed	2474	Paraglomus sp. | BR105_2435A	0.0	Paraglomus laccatum	98.66
Paraglomus_brasilianum_P3-bc1043-1464-s54_STFP_ASV2673_CCAMF	Paraglomus brasilianum	P3-bc1043-1464-s54	STFP	CCAMF	Stefani reprocessed	2473	Paraglomus sp. | BR105_2435A	0.0	Paraglomus laccatum	98.66
Paraglomus_brasilianum_P3-bc1043-1464-s53_STFP_ASV2674_CCAMF	Paraglomus brasilianum	P3-bc1043-1464-s53	STFP	CCAMF	Stefani reprocessed	2453	Paraglomus sp. | BR105_2435A	0.0	Paraglomus laccatum	98.66
