accession	culture	organism	order	copy_class	flags	name_status	VT_call	VT_label	VT_pident	VT_cov	VT_margin	VT_tied	VT_best_label	VT_best_pident	VT_best_taxon	VT_best_genus	VT_dropped	VT_culture_modal	LSU_call	LSU_label	LSU_pident	LSU_cov	LSU_margin	LSU_tied	LSU_best_label	LSU_best_pident	LSU_best_taxon	LSU_best_genus	LSU_dropped	LSU_culture_modal
PX207096.1	Paraglomus laccatum | CW0010_4009B	Paraglomus laccatum	Paraglomerales	main		ok	assigned	VTX00281	99.81	1.0	0.96		VTX00281	99.81	Paraglomus Alguacil14b Para2	Paraglomus	0	VTX00281	assigned	Paraglomus laccatum	99.7	0.972	1.91		Paraglomus laccatum	99.7	Paraglomus laccatum	Paraglomus	0	Paraglomus laccatum
PX207097.1	Paraglomus laccatum | CW0010_4009B	Paraglomus laccatum	Paraglomerales	main		ok	assigned	VTX00281	99.81	1.0	0.96		VTX00281	99.81	Paraglomus Alguacil14b Para2	Paraglomus	0	VTX00281	assigned	Paraglomus laccatum	100.0	0.972	1.89		Paraglomus laccatum	100.0	Paraglomus laccatum	Paraglomus	0	Paraglomus laccatum
PX207098.1	Paraglomus laccatum | CW0010_4009B	Paraglomus laccatum	Paraglomerales	main		ok	assigned	VTX00281	99.81	1.0	0.96		VTX00281	99.81	Paraglomus Alguacil14b Para2	Paraglomus	0	VTX00281	assigned	Paraglomus laccatum	99.7	0.972	1.9		Paraglomus laccatum	99.7	Paraglomus laccatum	Paraglomus	0	Paraglomus laccatum
PX207099.1	Paraglomus laccatum | CW0010_4009B	Paraglomus laccatum	Paraglomerales	main		ok	assigned	VTX00281	99.81	1.0	0.96		VTX00281	99.81	Paraglomus Alguacil14b Para2	Paraglomus	0	VTX00281	assigned	Paraglomus laccatum	99.85	0.972	1.9		Paraglomus laccatum	99.85	Paraglomus laccatum	Paraglomus	0	Paraglomus laccatum
PX207100.1	Paraglomus laccatum | CW0010_4009B	Paraglomus laccatum	Paraglomerales	main		ok	assigned	VTX00281	99.81	1.0	0.96		VTX00281	99.81	Paraglomus Alguacil14b Para2	Paraglomus	0	VTX00281	assigned	Paraglomus laccatum	100.0	0.972	1.89		Paraglomus laccatum	100.0	Paraglomus laccatum	Paraglomus	0	Paraglomus laccatum
PX207101.1	Ambispora leptoticha | ON205A	Ambispora leptoticha	Archaeosporales	main		ok	assigned	VTX00242	99.81	1.0	2.69		VTX00242	99.81	Ambispora leptoticha T	Ambispora	0	VTX00242	assigned	Ambispora leptoticha	98.73	1.002	4.52		Ambispora leptoticha	98.73	Ambispora leptoticha	Ambispora	0	Ambispora leptoticha
PX207102.1	Ambispora leptoticha | ON205A	Ambispora leptoticha	Archaeosporales	main		ok	assigned	VTX00242	99.42	1.0	2.31		VTX00242	99.42	Ambispora leptoticha T	Ambispora	0	VTX00242	assigned	Ambispora leptoticha	98.89	1.002	4.68		Ambispora leptoticha	98.89	Ambispora leptoticha	Ambispora	0	Ambispora leptoticha
PX207103.1	Ambispora leptoticha | ON205A	Ambispora leptoticha	Archaeosporales	main		ok	assigned	VTX00242	99.81	1.0	2.69		VTX00242	99.81	Ambispora leptoticha T	Ambispora	0	VTX00242	assigned	Ambispora leptoticha	98.73	1.002	4.52		Ambispora leptoticha	98.73	Ambispora leptoticha	Ambispora	0	Ambispora leptoticha
PX207104.1	Ambispora leptoticha | ON205A	Ambispora leptoticha	Archaeosporales	main		ok	assigned	VTX00242	99.04	1.0	2.11		VTX00242	99.04	Ambispora leptoticha	Ambispora	0	VTX00242	assigned	Ambispora leptoticha	98.73	1.002	4.52		Ambispora leptoticha	98.73	Ambispora leptoticha	Ambispora	0	Ambispora leptoticha
PX207105.1	Ambispora leptoticha | ON205A	Ambispora leptoticha	Archaeosporales	main		ok	assigned	VTX00242	99.61	1.0	2.69		VTX00242	99.61	Ambispora leptoticha T	Ambispora	0	VTX00242	assigned	Ambispora leptoticha	98.42	1.002	4.2		Ambispora leptoticha	98.42	Ambispora leptoticha	Ambispora	0	Ambispora leptoticha
PX207106.1	Ambispora leptoticha | ON205A	Ambispora leptoticha	Archaeosporales	main		ok	assigned	VTX00242	99.04	1.0	2.11		VTX00242	99.04	Ambispora leptoticha	Ambispora	0	VTX00242	assigned	Ambispora leptoticha	98.42	1.002	4.2		Ambispora leptoticha	98.42	Ambispora leptoticha	Ambispora	0	Ambispora leptoticha
PX207107.1	Diversispora spurca | CW0006_4005B	Diversispora spurca	Diversisporales	main		ok	assigned	VTX00263	99.81	1.0	0.19		VTX00263	99.81	Diversispora spurca T	Diversispora	0	VTX00263	unassigned			0.978	0.71		Diversispora aurantia	95.84	Diversispora aurantia	Diversispora	0	
PX207108.1	Diversispora spurca | CW0006_4005B	Diversispora spurca	Diversisporales	main		ok	assigned	VTX00263	99.81	1.0	0.19		VTX00263	99.81	Diversispora spurca T	Diversispora	0	VTX00263	unassigned			0.978	0.71		Diversispora aurantia	95.84	Diversispora aurantia	Diversispora	0	
PX207109.1	Diversispora spurca | CW0006_4005B	Diversispora spurca	Diversisporales	main		ok	assigned	VTX00263	99.81	1.0	0.19		VTX00263	99.81	Diversispora spurca T	Diversispora	0	VTX00263	unassigned			0.978	0.71		Diversispora aurantia	95.84	Diversispora aurantia	Diversispora	0	
PX207110.1	Diversispora spurca | CW0006_4005B	Diversispora spurca	Diversisporales	main		ok	assigned	VTX00263	99.81	1.0	0.19		VTX00263	99.81	Diversispora spurca T	Diversispora	0	VTX00263	unassigned			0.978	0.71		Diversispora aurantia	95.84	Diversispora aurantia	Diversispora	0	
PX207111.1	Diversispora spurca | CW0006_4005B	Diversispora spurca	Diversisporales	main		ok	assigned	VTX00263	99.81	1.0	0.19		VTX00263	99.81	Diversispora spurca T	Diversispora	0	VTX00263	unassigned			0.978	0.71		Diversispora aurantia	95.84	Diversispora aurantia	Diversispora	0	
PX207112.1	Diversispora spurca | CW0006_4005B	Diversispora spurca	Diversisporales	main		ok	assigned	VTX00263	99.81	1.0	0.19		VTX00263	99.81	Diversispora spurca T	Diversispora	0	VTX00263	unassigned			0.978	0.85		Diversispora aurantia	96.25	Diversispora aurantia	Diversispora	0	
PX207113.1	Diversispora spurca | CW0006_4005B	Diversispora spurca	Diversisporales	main		ok	assigned	VTX00263	99.81	1.0	0.19		VTX00263	99.81	Diversispora spurca T	Diversispora	0	VTX00263	unassigned			0.974	1.52		Diversispora aurantia	96.39	Diversispora aurantia	Diversispora	0	
PX207114.1	Diversispora spurca | CW0006_4005B	Diversispora spurca	Diversisporales	main		ok	assigned	VTX00263	99.81	1.0	0.19		VTX00263	99.81	Diversispora spurca T	Diversispora	0	VTX00263	unassigned			0.978	0.98		Diversispora aurantia	96.25	Diversispora aurantia	Diversispora	0	
PX207115.1	Diversispora spurca | CW0006_4005B	Diversispora spurca	Diversisporales	main		ok	assigned	VTX00263	99.81	1.0	0.19		VTX00263	99.81	Diversispora spurca T	Diversispora	0	VTX00263	unassigned			0.978	0.85		Diversispora aurantia	95.98	Diversispora aurantia	Diversispora	0	
PX207116.1	Diversispora spurca | CW0006_4005B	Diversispora spurca	Diversisporales	main		ok	assigned	VTX00263	99.81	1.0	0.19		VTX00263	99.81	Diversispora spurca T	Diversispora	0	VTX00263	unassigned			0.978	0.85		Diversispora aurantia	95.98	Diversispora aurantia	Diversispora	0	
PX207117.1	Diversispora spurca | CW0006_4005B	Diversispora spurca	Diversisporales	main		ok	assigned	VTX00263	99.81	1.0	0.19		VTX00263	99.81	Diversispora spurca T	Diversispora	0	VTX00263	unassigned			0.978	0.85		Diversispora aurantia	95.98	Diversispora aurantia	Diversispora	0	
PX207118.1	Cetraspora gilmorei | CW0008_2669B	Cetraspora gilmorei	Diversisporales	main		ok	assigned	VTX00041	100.0	1.0	0.96		VTX00041	100.0	Racocetra tropicana	Racocetra	0	VTX00041	assigned	Cetraspora gilmorei	99.55	0.973	0.15		Cetraspora gilmorei	99.55	Cetraspora gilmorei	Cetraspora	0	Cetraspora gilmorei
PX207119.1	Cetraspora gilmorei | CW0008_2669B	Cetraspora gilmorei	Diversisporales	main		ok	assigned	VTX00041	100.0	1.0	1.02		VTX00041	100.0	Scutellospora gilmorei	Scutellospora	0	VTX00041	assigned	Cetraspora gilmorei	99.55	0.973	0.15		Cetraspora gilmorei	99.55	Cetraspora gilmorei	Cetraspora	0	Cetraspora gilmorei
PX207120.1	Cetraspora gilmorei | CW0008_2669B	Cetraspora gilmorei	Diversisporales	main		ok	assigned	VTX00041	99.81	1.0	0.83		VTX00041	99.81	Racocetra tropicana	Racocetra	0	VTX00041	assigned	Cetraspora gilmorei	99.55	0.973	0.15		Cetraspora gilmorei	99.55	Cetraspora gilmorei	Cetraspora	0	Cetraspora gilmorei
PX207121.1	Cetraspora gilmorei | CW0008_2669B	Cetraspora gilmorei	Diversisporales	main		ok	assigned	VTX00041	99.81	1.0	0.83		VTX00041	99.81	Racocetra tropicana	Racocetra	0	VTX00041	assigned	Cetraspora gilmorei	99.09	0.972	0.15		Cetraspora gilmorei	99.09	Cetraspora gilmorei	Cetraspora	0	Cetraspora gilmorei
PX207122.1	Cetraspora gilmorei | CW0008_2669B	Cetraspora gilmorei	Diversisporales	main		ok	assigned	VTX00041	99.81	1.002	0.83		VTX00041	99.81	Racocetra tropicana	Racocetra	0	VTX00041	assigned	Cetraspora gilmorei	99.24	0.973	0.31		Cetraspora gilmorei	99.24	Cetraspora gilmorei	Cetraspora	0	Cetraspora gilmorei
PX207123.1	Cetraspora gilmorei | CW0008_2669B	Cetraspora gilmorei	Diversisporales	main		ok	assigned	VTX00041	100.0	1.0	1.02		VTX00041	100.0	Scutellospora gilmorei	Scutellospora	0	VTX00041	assigned	Cetraspora gilmorei	99.7	0.972	1.06		Cetraspora gilmorei	99.7	Cetraspora gilmorei	Cetraspora	0	Cetraspora gilmorei
PX207124.1	Cetraspora gilmorei | CW0008_2669B	Cetraspora gilmorei	Diversisporales	main		ok	assigned	VTX00041	100.0	1.0	1.02		VTX00041	100.0	Scutellospora gilmorei	Scutellospora	0	VTX00041	assigned	Cetraspora gilmorei	99.39	0.972	0.61		Cetraspora gilmorei	99.39	Cetraspora gilmorei	Cetraspora	0	Cetraspora gilmorei
PX207125.1	Cetraspora gilmorei | CW0008_2669B	Cetraspora gilmorei	Diversisporales	main		ok	assigned	VTX00041	100.0	1.0	1.02		VTX00041	100.0	Scutellospora gilmorei	Scutellospora	0	VTX00041	assigned	Cetraspora gilmorei	99.39	0.972	0.61		Cetraspora gilmorei	99.39	Cetraspora gilmorei	Cetraspora	0	Cetraspora gilmorei
PX207126.1	Cetraspora gilmorei | CW0008_2669B	Cetraspora gilmorei	Diversisporales	main		ok	assigned	VTX00041	100.0	1.0	1.02		VTX00041	100.0	Scutellospora gilmorei	Scutellospora	0	VTX00041	assigned	Cetraspora gilmorei	99.39	0.972	0.61		Cetraspora gilmorei	99.39	Cetraspora gilmorei	Cetraspora	0	Cetraspora gilmorei
PX207127.1	Cetraspora gilmorei | CW0008_2669B	Cetraspora gilmorei	Diversisporales	main		ok	assigned	VTX00041	100.0	1.0	1.02		VTX00041	100.0	Scutellospora gilmorei	Scutellospora	0	VTX00041	assigned	Cetraspora gilmorei	99.24	0.972	0.3		Cetraspora gilmorei	99.24	Cetraspora gilmorei	Cetraspora	0	Cetraspora gilmorei
PX207128.1	Gigaspora rosea | 4292_708F	Gigaspora rosea	Diversisporales	main		ok	assigned	VTX00039	99.61	1.0	0.8		VTX00039	99.61	Gigaspora gigantea	Gigaspora	0	VTX00039	unassigned			1.003	1.43		Gigaspora rosea	96.02	Gigaspora rosea	Gigaspora	0	Gigaspora albida
PX207129.1	Gigaspora rosea | 4292_708F	Gigaspora rosea	Diversisporales	main		ok	assigned	VTX00039	99.61	1.0	0.8		VTX00039	99.61	Gigaspora gigantea	Gigaspora	0	VTX00039	unassigned			1.003	1.43		Gigaspora rosea	96.02	Gigaspora rosea	Gigaspora	0	Gigaspora albida
PX207130.1	Gigaspora rosea | 4292_708F	Gigaspora rosea	Diversisporales	main		ok	assigned	VTX00039	99.42	1.0	0.96		VTX00039	99.42	Gigaspora margarita	Gigaspora	0	VTX00039	unassigned			1.003	1.43		Gigaspora rosea	96.02	Gigaspora rosea	Gigaspora	0	Gigaspora albida
PX207131.1	Gigaspora rosea | 4292_708F	Gigaspora rosea	Diversisporales	main		ok	assigned	VTX00039	99.42	1.0	0.96		VTX00039	99.42	Gigaspora margarita	Gigaspora	0	VTX00039	unassigned			1.003	1.43		Gigaspora rosea	96.02	Gigaspora rosea	Gigaspora	0	Gigaspora albida
PX207132.1	Gigaspora rosea | 4292_708F	Gigaspora rosea	Diversisporales	main		ok	assigned	VTX00039	99.23	1.004	0.81		VTX00039	99.23	Gigaspora margarita	Gigaspora	0	VTX00039	unassigned			1.003	1.43		Gigaspora rosea	96.02	Gigaspora rosea	Gigaspora	0	Gigaspora albida
PX207133.1	Gigaspora rosea | 4292_708F	Gigaspora rosea	Diversisporales	main		ok	assigned	VTX00039	99.23	1.004	0.81		VTX00039	99.23	Gigaspora margarita	Gigaspora	0	VTX00039	unassigned			1.003	1.43		Gigaspora rosea	96.02	Gigaspora rosea	Gigaspora	0	Gigaspora albida
PX207134.1	Gigaspora rosea | 4292_708F	Gigaspora rosea	Diversisporales	main		ok	assigned	VTX00039	99.62	1.002	0.8		VTX00039	99.62	Gigaspora gigantea	Gigaspora	0	VTX00039	unassigned			1.003	1.43		Gigaspora rosea	96.02	Gigaspora rosea	Gigaspora	0	Gigaspora albida
PX207135.1	Gigaspora rosea | CU131_1018E	Gigaspora rosea	Diversisporales	main		ok	assigned	VTX00039	100.0	1.0	0.99		VTX00039	100.0	Gigaspora margarita	Gigaspora	0	VTX00039	assigned	Gigaspora albida	99.2	1.002	1.75		Gigaspora albida	99.2	Gigaspora albida	Gigaspora	0	Gigaspora albida
PX207136.1	Gigaspora rosea | 4292_708F	Gigaspora rosea	Diversisporales	main		ok	assigned	VTX00039	99.61	1.0	0.8		VTX00039	99.61	Gigaspora gigantea	Gigaspora	0	VTX00039	assigned	Gigaspora albida	98.09	1.0	0.8		Gigaspora albida	98.09	Gigaspora albida	Gigaspora	0	Gigaspora albida
PX207137.1	Gigaspora rosea | 4292_708F	Gigaspora rosea	Diversisporales	main		ok	assigned	VTX00039	99.61	1.0	0.8		VTX00039	99.61	Gigaspora gigantea	Gigaspora	0	VTX00039	assigned	Gigaspora albida	98.09	1.0	0.8		Gigaspora albida	98.09	Gigaspora albida	Gigaspora	0	Gigaspora albida
PX207138.1	Gigaspora rosea | 4292_708F	Gigaspora rosea	Diversisporales	divergent	divergent_5.8S	ok	assigned	VTX00039	100.0	1.0	0.79		VTX00039	100.0	Gigaspora gigantea	Gigaspora	0	VTX00039	assigned	Gigaspora albida	97.45	0.992	-0.58		Gigaspora rosea	96.87	Gigaspora rosea	Gigaspora	0	Gigaspora albida
PX207139.1	Gigaspora rosea | 4292_708F	Gigaspora rosea	Diversisporales	divergent	divergent_5.8S	ok	assigned	VTX00039	99.61	1.0	0.8		VTX00039	99.61	Gigaspora gigantea	Gigaspora	0	VTX00039	assigned	Gigaspora rosea	97.03	0.992	-1.06		Gigaspora rosea	97.03	Gigaspora rosea	Gigaspora	0	Gigaspora albida
PX207140.1	Gigaspora rosea | 4292_708F	Gigaspora rosea	Diversisporales	divergent	divergent_5.8S	ok	assigned	VTX00039	99.61	1.0	0.8		VTX00039	99.61	Gigaspora gigantea	Gigaspora	0	VTX00039	assigned	Gigaspora rosea	97.03	0.992	-1.06		Gigaspora rosea	97.03	Gigaspora rosea	Gigaspora	0	Gigaspora albida
PX207141.1	Gigaspora rosea | CU131_1018E	Gigaspora rosea	Diversisporales	main		ok	assigned	VTX00039	99.81	1.0	1.0		VTX00039	99.81	Gigaspora margarita	Gigaspora	0	VTX00039	assigned	Gigaspora gigantea	97.61	1.003	0.8		Gigaspora gigantea	97.61	Gigaspora gigantea	Gigaspora	0	Gigaspora albida
PX207142.1	Gigaspora rosea | CU131_1018E	Gigaspora rosea	Diversisporales	main		ok	assigned	VTX00039	99.81	1.0	1.0		VTX00039	99.81	Gigaspora margarita	Gigaspora	0	VTX00039	unassigned			0.998	-1.25		Gigaspora decipiens	94.78	Gigaspora decipiens	Gigaspora	0	Gigaspora albida
PX207143.1	Gigaspora rosea | CU131_1018E	Gigaspora rosea	Diversisporales	main		ok	assigned	VTX00039	99.42	1.0	1.01		VTX00039	99.42	Gigaspora margarita	Gigaspora	0	VTX00039	assigned	Gigaspora albida	97.77	0.992	-1.05		Gigaspora rosea	96.71	Gigaspora rosea	Gigaspora	0	Gigaspora albida
PX207144.1	Sclerocystis sinuosa | MT106_2767A	Sclerocystis sinuosa	Glomerales	main		ok	assigned	VTX00069	100.0	1.0	2.31		VTX00069	100.0	Glomus Glo5	Glomus	0	VTX00069	assigned	Sclerocystis sinuosa	99.42	0.999	9.48		Sclerocystis sinuosa	99.42	Sclerocystis sinuosa	Sclerocystis	0	Sclerocystis sinuosa
PX207145.1	Sclerocystis sinuosa | MT106_2767A	Sclerocystis sinuosa	Glomerales	main		ok	assigned	VTX00069	100.0	1.0	2.31		VTX00069	100.0	Glomus Glo5	Glomus	0	VTX00069	assigned	Sclerocystis sinuosa	99.42	0.999	9.48		Sclerocystis sinuosa	99.42	Sclerocystis sinuosa	Sclerocystis	0	Sclerocystis sinuosa
PX207146.1	Sclerocystis sinuosa | MT106_2767A	Sclerocystis sinuosa	Glomerales	main		ok	assigned	VTX00069	100.0	1.0	2.31		VTX00069	100.0	Glomus Glo5	Glomus	0	VTX00069	assigned	Sclerocystis sinuosa	99.42	0.999	9.48		Sclerocystis sinuosa	99.42	Sclerocystis sinuosa	Sclerocystis	0	Sclerocystis sinuosa
PX207147.1	Sclerocystis sinuosa | MT106_2767A	Sclerocystis sinuosa	Glomerales	main		ok	assigned	VTX00069	100.0	1.0	2.31		VTX00069	100.0	Glomus Glo5	Glomus	0	VTX00069	assigned	Sclerocystis sinuosa	99.42	0.999	9.61		Sclerocystis sinuosa	99.42	Sclerocystis sinuosa	Sclerocystis	0	Sclerocystis sinuosa
PX207148.1	Sclerocystis sinuosa | MT106_2767A	Sclerocystis sinuosa	Glomerales	main		ok	assigned	VTX00069	100.0	1.0	2.31		VTX00069	100.0	Glomus Glo5	Glomus	0	VTX00069	assigned	Sclerocystis sinuosa	99.42	0.999	9.61		Sclerocystis sinuosa	99.42	Sclerocystis sinuosa	Sclerocystis	0	Sclerocystis sinuosa
PX207149.1	Sclerocystis sinuosa | MT106_2767A	Sclerocystis sinuosa	Glomerales	main		ok	assigned	VTX00069	100.0	1.0	2.31		VTX00069	100.0	Glomus Glo5	Glomus	0	VTX00069	assigned	Sclerocystis sinuosa	99.42	0.999	9.61		Sclerocystis sinuosa	99.42	Sclerocystis sinuosa	Sclerocystis	0	Sclerocystis sinuosa
PX207150.1	Sclerocystis sinuosa | MT106_2767A	Sclerocystis sinuosa	Glomerales	main		ok	assigned	VTX00069	100.0	1.0	2.31		VTX00069	100.0	Glomus Glo5	Glomus	0	VTX00069	assigned	Sclerocystis sinuosa	100.0	0.999	10.19		Sclerocystis sinuosa	100.0	Sclerocystis sinuosa	Sclerocystis	0	Sclerocystis sinuosa
PX207151.1	Sclerocystis sinuosa | MT106_2767A	Sclerocystis sinuosa	Glomerales	main		ok	assigned	VTX00069	100.0	1.0	2.31		VTX00069	100.0	Glomus Glo5	Glomus	0	VTX00069	assigned	Sclerocystis sinuosa	99.57	0.999	9.76		Sclerocystis sinuosa	99.57	Sclerocystis sinuosa	Sclerocystis	0	Sclerocystis sinuosa
PX207152.1	Sclerocystis sinuosa | MT106_2767A	Sclerocystis sinuosa	Glomerales	main		ok	assigned	VTX00069	100.0	1.0	2.31		VTX00069	100.0	Glomus Glo5	Glomus	0	VTX00069	assigned	Sclerocystis sinuosa	99.57	0.999	9.76		Sclerocystis sinuosa	99.57	Sclerocystis sinuosa	Sclerocystis	0	Sclerocystis sinuosa
PX207153.1	Sclerocystis sinuosa | MT106_2767A	Sclerocystis sinuosa	Glomerales	main		ok	assigned	VTX00069	100.0	1.0	2.31		VTX00069	100.0	Glomus Glo5	Glomus	0	VTX00069	assigned	Sclerocystis sinuosa	99.57	0.999	9.76		Sclerocystis sinuosa	99.57	Sclerocystis sinuosa	Sclerocystis	0	Sclerocystis sinuosa
PX207154.1	Sclerocystis sinuosa | MT106_2767A	Sclerocystis sinuosa	Glomerales	main		ok	assigned	VTX00069	100.0	1.0	2.31		VTX00069	100.0	Glomus Glo5	Glomus	0	VTX00069	assigned	Sclerocystis sinuosa	99.57	0.999	9.76		Sclerocystis sinuosa	99.57	Sclerocystis sinuosa	Sclerocystis	0	Sclerocystis sinuosa
PX207155.1	Sclerocystis sinuosa | MT106_2767A	Sclerocystis sinuosa	Glomerales	main		ok	assigned	VTX00069	100.0	1.0	2.31		VTX00069	100.0	Glomus Glo5	Glomus	0	VTX00069	assigned	Sclerocystis sinuosa	99.42	1.0	9.6		Sclerocystis sinuosa	99.42	Sclerocystis sinuosa	Sclerocystis	0	Sclerocystis sinuosa
PX207156.1	Sclerocystis sinuosa | MT106_2767A	Sclerocystis sinuosa	Glomerales	main		ok	assigned	VTX00069	100.0	1.0	2.31		VTX00069	100.0	Glomus Glo5	Glomus	0	VTX00069	assigned	Sclerocystis sinuosa	99.13	0.999	9.74		Sclerocystis sinuosa	99.13	Sclerocystis sinuosa	Sclerocystis	0	Sclerocystis sinuosa
PX207157.1	Sclerocystis sinuosa | MT106_2767A	Sclerocystis sinuosa	Glomerales	main		ok	assigned	VTX00069	100.0	1.0	2.31		VTX00069	100.0	Glomus Glo5	Glomus	0	VTX00069	assigned	Sclerocystis sinuosa	99.13	0.999	9.74		Sclerocystis sinuosa	99.13	Sclerocystis sinuosa	Sclerocystis	0	Sclerocystis sinuosa
PX207158.1	Sclerocystis sinuosa | MT106_2767A	Sclerocystis sinuosa	Glomerales	main		ok	assigned	VTX00069	100.0	1.0	2.31		VTX00069	100.0	Glomus Glo5	Glomus	0	VTX00069	assigned	Sclerocystis sinuosa	99.28	0.999	9.33		Sclerocystis sinuosa	99.28	Sclerocystis sinuosa	Sclerocystis	0	Sclerocystis sinuosa
PX207159.1	Sclerocystis sinuosa | MT106_2767A	Sclerocystis sinuosa	Glomerales	main		ok	assigned	VTX00069	100.0	1.0	2.31		VTX00069	100.0	Glomus Glo5	Glomus	0	VTX00069	assigned	Sclerocystis sinuosa	99.28	0.999	9.33		Sclerocystis sinuosa	99.28	Sclerocystis sinuosa	Sclerocystis	0	Sclerocystis sinuosa
PX207160.1	Sclerocystis sinuosa | MT106_2767A	Sclerocystis sinuosa	Glomerales	main		ok	assigned	VTX00069	100.0	1.0	2.31		VTX00069	100.0	Glomus Glo5	Glomus	0	VTX00069	assigned	Sclerocystis sinuosa	99.13	0.999	9.19		Sclerocystis sinuosa	99.13	Sclerocystis sinuosa	Sclerocystis	0	Sclerocystis sinuosa
PX207161.1	Sclerocystis sinuosa | MT106_2767A	Sclerocystis sinuosa	Glomerales	main		ok	assigned	VTX00069	100.0	1.0	2.31		VTX00069	100.0	Glomus Glo5	Glomus	0	VTX00069	assigned	Sclerocystis sinuosa	99.13	0.999	9.19		Sclerocystis sinuosa	99.13	Sclerocystis sinuosa	Sclerocystis	0	Sclerocystis sinuosa
PX207162.1	Rhizophagus irregularis | GC-2_IVT11	Rhizophagus irregularis	Glomerales	divergent	divergent_5.8S	ok	assigned	VTX00114	100.0	1.0	0.58		VTX00114	100.0	Glomus Glo8	Glomus	0	VTX00114	unassigned			0.976	-0.63		Rhizophagus venetianum	94.87	Rhizophagus venetianum	Rhizophagus	0	Rhizophagus irregularis
PX207163.1	Rhizophagus irregularis | GC-2_IVT11	Rhizophagus irregularis	Glomerales	divergent	divergent_5.8S	ok	assigned	VTX00114	100.0	1.0	0.58		VTX00114	100.0	Glomus Glo8	Glomus	0	VTX00114	unassigned			0.976	-0.63		Rhizophagus venetianum	94.87	Rhizophagus venetianum	Rhizophagus	0	Rhizophagus irregularis
PX207164.1	Rhizophagus irregularis | DAOMC 197198	Rhizophagus irregularis	Glomerales	divergent	divergent_5.8S	ok	assigned	VTX00114	100.0	1.0	0.58		VTX00114	100.0	Glomus Glo8	Glomus	0	VTX00114	unassigned			0.976	-0.63		Rhizophagus venetianum	94.87	Rhizophagus venetianum	Rhizophagus	0	Rhizophagus irregularis
PX207165.1	Rhizophagus irregularis | DAOMC 197198	Rhizophagus irregularis	Glomerales	divergent	divergent_5.8S	ok	assigned	VTX00114	100.0	1.0	0.58		VTX00114	100.0	Glomus Glo8	Glomus	0	VTX00114	unassigned			0.976	-0.63		Rhizophagus venetianum	94.87	Rhizophagus venetianum	Rhizophagus	0	Rhizophagus irregularis
PX207166.1	Rhizophagus irregularis | GC-2_IVT11	Rhizophagus irregularis	Glomerales	main		ok	assigned	VTX00114	100.0	1.0	0.58		VTX00114	100.0	Glomus Glo8	Glomus	0	VTX00114	assigned	Rhizophagus irregularis	97.68	1.001	1.84		Rhizophagus irregularis	97.68	Rhizophagus irregularis	Rhizophagus	0	Rhizophagus irregularis
PX207167.1	Rhizophagus irregularis | GC-2_IVT11	Rhizophagus irregularis	Glomerales	main		ok	assigned	VTX00114	100.0	1.0	0.58		VTX00114	100.0	Glomus Glo8	Glomus	0	VTX00114	assigned	Rhizophagus irregularis	97.68	1.001	1.84		Rhizophagus irregularis	97.68	Rhizophagus irregularis	Rhizophagus	0	Rhizophagus irregularis
PX207168.1	Rhizophagus irregularis | DAOMC 197198	Rhizophagus irregularis	Glomerales	main		ok	assigned	VTX00114	100.0	1.0	0.58		VTX00114	100.0	Glomus Glo8	Glomus	0	VTX00114	assigned	Rhizophagus irregularis	97.39	0.974	-1.42		Rhizophagus venetianum	95.97	Rhizophagus venetianum	Rhizophagus	0	Rhizophagus irregularis
PX207169.1	Rhizophagus irregularis | DAOMC 197198	Rhizophagus irregularis	Glomerales	main		ok	assigned	VTX00114	100.0	1.0	0.58		VTX00114	100.0	Glomus Glo8	Glomus	0	VTX00114	assigned	Rhizophagus irregularis	97.39	0.974	-1.42		Rhizophagus venetianum	95.97	Rhizophagus venetianum	Rhizophagus	0	Rhizophagus irregularis
PX207170.1	Rhizophagus irregularis | DAOMC 197198	Rhizophagus irregularis	Glomerales	main		ok	assigned	VTX00114	100.0	1.0	0.58		VTX00114	100.0	Glomus Glo8	Glomus	0	VTX00114	assigned	Rhizophagus irregularis	97.39	0.974	-1.42		Rhizophagus venetianum	95.97	Rhizophagus venetianum	Rhizophagus	0	Rhizophagus irregularis
PX207171.1	Rhizophagus irregularis | GC-2_IVT11	Rhizophagus irregularis	Glomerales	main		ok	assigned	VTX00114	100.0	1.0	0.58		VTX00114	100.0	Glomus Glo8	Glomus	0	VTX00114	unassigned			1.006	2.5		Rhizophagus irregularis	96.97	Rhizophagus irregularis	Rhizophagus	0	Rhizophagus irregularis
PX207172.1	Rhizophagus irregularis | GC-2_IVT11	Rhizophagus irregularis	Glomerales	main		ok	assigned	VTX00114	100.0	1.0	0.58		VTX00114	100.0	Glomus Glo8	Glomus	0	VTX00114	unassigned			1.006	2.5		Rhizophagus irregularis	96.97	Rhizophagus irregularis	Rhizophagus	0	Rhizophagus irregularis
PX207173.1	Rhizophagus irregularis | DAOMC 197198	Rhizophagus irregularis	Glomerales	main		ok	assigned	VTX00114	99.61	1.0	0.4		VTX00114	99.61	Glomus Glo8	Glomus	0	VTX00114	assigned	Rhizophagus irregularis	97.25	1.003	1.96		Rhizophagus irregularis	97.25	Rhizophagus irregularis	Rhizophagus	0	Rhizophagus irregularis
PX207174.1	Rhizophagus irregularis | DAOMC 197198	Rhizophagus irregularis	Glomerales	main		ok	assigned	VTX00114	100.0	1.0	0.58		VTX00114	100.0	Glomus Glo8	Glomus	0	VTX00114	assigned	Rhizophagus irregularis	97.1	0.976	-0.56		Rhizophagus venetianum	96.53	Rhizophagus venetianum	Rhizophagus	0	Rhizophagus irregularis
PX207175.1	Rhizophagus irregularis | DAOMC 197198	Rhizophagus irregularis	Glomerales	main		ok	assigned	VTX00114	100.0	1.0	0.58		VTX00114	100.0	Glomus Glo8	Glomus	0	VTX00114	assigned	Rhizophagus irregularis	97.1	0.976	-0.56		Rhizophagus venetianum	96.53	Rhizophagus venetianum	Rhizophagus	0	Rhizophagus irregularis
PX207176.1	Rhizophagus irregularis | DAOMC 197198	Rhizophagus irregularis	Glomerales	main		ok	assigned	VTX00114	100.0	1.0	0.58		VTX00114	100.0	Glomus Glo8	Glomus	0	VTX00114	assigned	Rhizophagus irregularis	97.1	0.976	-0.56		Rhizophagus venetianum	96.53	Rhizophagus venetianum	Rhizophagus	0	Rhizophagus irregularis
PX207177.1	Rhizophagus irregularis | DAOMC 197198	Rhizophagus irregularis	Glomerales	main		ok	assigned	VTX00114	100.0	1.0	0.58		VTX00114	100.0	Glomus Glo8	Glomus	0	VTX00114	assigned	Rhizophagus irregularis	97.1	0.976	-0.56		Rhizophagus venetianum	96.53	Rhizophagus venetianum	Rhizophagus	0	Rhizophagus irregularis
PX207178.1	Rhizophagus irregularis | DAOMC 197198	Rhizophagus irregularis	Glomerales	main		ok	assigned	VTX00114	100.0	1.0	0.58		VTX00114	100.0	Glomus Glo8	Glomus	0	VTX00114	unassigned			0.976	-0.56		Rhizophagus venetianum	96.39	Rhizophagus venetianum	Rhizophagus	0	Rhizophagus irregularis
PX207179.1	Rhizophagus irregularis | DAOMC 197198	Rhizophagus irregularis	Glomerales	main		ok	assigned	VTX00114	100.0	1.0	0.58		VTX00114	100.0	Glomus Glo8	Glomus	0	VTX00114	unassigned			0.976	-0.56		Rhizophagus venetianum	96.39	Rhizophagus venetianum	Rhizophagus	0	Rhizophagus irregularis
PX207180.1	Rhizophagus irregularis | DAOMC 197198	Rhizophagus irregularis	Glomerales	main		ok	assigned	VTX00114	100.0	1.0	0.58		VTX00114	100.0	Glomus Glo8	Glomus	0	VTX00114	unassigned			0.976	-0.56		Rhizophagus venetianum	96.39	Rhizophagus venetianum	Rhizophagus	0	Rhizophagus irregularis
PX207181.1	Rhizophagus irregularis | DAOMC 197198	Rhizophagus irregularis	Glomerales	main		ok	assigned	VTX00114	100.0	1.0	0.58		VTX00114	100.0	Glomus Glo8	Glomus	0	VTX00114	unassigned			0.976	-0.56		Rhizophagus venetianum	96.39	Rhizophagus venetianum	Rhizophagus	0	Rhizophagus irregularis
PX207182.1	Rhizophagus irregularis | GC-2_IVT11	Rhizophagus irregularis	Glomerales	main		ok	assigned	VTX00114	100.0	1.0	0.58		VTX00114	100.0	Glomus Glo8	Glomus	0	VTX00114	unassigned			0.976	-0.42		Rhizophagus venetianum	96.53	Rhizophagus venetianum	Rhizophagus	0	Rhizophagus irregularis
PX207183.1	Rhizophagus irregularis | GC-2_IVT11	Rhizophagus irregularis	Glomerales	main		ok	assigned	VTX00114	100.0	1.0	0.58		VTX00114	100.0	Glomus Glo8	Glomus	0	VTX00114	unassigned			0.976	-0.42		Rhizophagus venetianum	96.53	Rhizophagus venetianum	Rhizophagus	0	Rhizophagus irregularis
PX207184.1	Rhizophagus irregularis | GC-2_IVT11	Rhizophagus irregularis	Glomerales	main		ok	assigned	VTX00114	100.0	1.0	0.58		VTX00114	100.0	Glomus Glo8	Glomus	0	VTX00114	assigned	Rhizophagus irregularis	97.53	0.976	-0.58		Rhizophagus venetianum	96.95	Rhizophagus venetianum	Rhizophagus	0	Rhizophagus irregularis
PX207185.1	Rhizophagus irregularis | GC-2_IVT11	Rhizophagus irregularis	Glomerales	main		ok	assigned	VTX00114	100.0	1.0	0.58		VTX00114	100.0	Glomus Glo8	Glomus	0	VTX00114	assigned	Rhizophagus irregularis	97.53	0.976	-0.58		Rhizophagus venetianum	96.95	Rhizophagus venetianum	Rhizophagus	0	Rhizophagus irregularis
PX207186.1	Rhizophagus irregularis | DAOMC 197198	Rhizophagus irregularis	Glomerales	main		ok	assigned	VTX00114	100.0	1.0	0.58		VTX00114	100.0	Glomus Glo8	Glomus	0	VTX00114	assigned	Rhizophagus irregularis	97.53	0.976	-0.58		Rhizophagus venetianum	96.95	Rhizophagus venetianum	Rhizophagus	0	Rhizophagus irregularis
PX207187.1	Rhizophagus irregularis | DAOMC 197198	Rhizophagus irregularis	Glomerales	main		ok	assigned	VTX00114	100.0	1.0	0.58		VTX00114	100.0	Glomus Glo8	Glomus	0	VTX00114	assigned	Rhizophagus irregularis	97.53	0.976	-0.58		Rhizophagus venetianum	96.95	Rhizophagus venetianum	Rhizophagus	0	Rhizophagus irregularis
PX207188.1	Rhizophagus irregularis | DAOMC 197198	Rhizophagus irregularis	Glomerales	main		ok	assigned	VTX00114	100.0	1.0	0.58		VTX00114	100.0	Glomus Glo8	Glomus	0	VTX00114	assigned	Rhizophagus irregularis	97.53	0.976	-0.58		Rhizophagus venetianum	96.95	Rhizophagus venetianum	Rhizophagus	0	Rhizophagus irregularis
PX207189.1	Rhizophagus irregularis | DAOMC 197198	Rhizophagus irregularis	Glomerales	main		ok	assigned	VTX00114	100.0	1.0	0.58		VTX00114	100.0	Glomus Glo8	Glomus	0	VTX00114	assigned	Rhizophagus irregularis	97.53	0.976	-0.58		Rhizophagus venetianum	96.95	Rhizophagus venetianum	Rhizophagus	0	Rhizophagus irregularis
PX207190.1	Rhizophagus prolifer | SD5_IVT32	Rhizophagus prolifer	Glomerales	divergent		ok	assigned	VTX00099	100.0	1.0	1.35		VTX00099	100.0	Glomus proliferum T	Glomus	0	VTX00099	unassigned			0.976	-0.36		Rhizoglomus cacao	91.78	Rhizoglomus cacao	Rhizoglomus	0	Rhizophagus proliferus
PX207191.1	Rhizophagus prolifer | SD5_IVT32	Rhizophagus prolifer	Glomerales	divergent		ok	assigned	VTX00099	100.0	1.0	1.35		VTX00099	100.0	Glomus proliferum T	Glomus	0	VTX00099	unassigned			0.976	-0.36		Rhizoglomus cacao	91.78	Rhizoglomus cacao	Rhizoglomus	0	Rhizophagus proliferus
PX207192.1	Rhizophagus prolifer | SD5_IVT32	Rhizophagus prolifer	Glomerales	divergent		ok	assigned	VTX00099	100.0	1.0	1.35		VTX00099	100.0	Glomus proliferum T	Glomus	0	VTX00099	unassigned			0.976	-0.36		Rhizoglomus cacao	91.78	Rhizoglomus cacao	Rhizoglomus	0	Rhizophagus proliferus
PX207193.1	Rhizophagus prolifer | SD5_IVT32	Rhizophagus prolifer	Glomerales	divergent		ok	assigned	VTX00099	100.0	1.0	1.35		VTX00099	100.0	Glomus proliferum T	Glomus	0	VTX00099	unassigned			0.976	-0.36		Rhizoglomus cacao	91.78	Rhizoglomus cacao	Rhizoglomus	0	Rhizophagus proliferus
PX207194.1	Rhizophagus intraradices | UT126A	Rhizophagus intraradices	Glomerales	divergent	divergent_5.8S	ok	assigned	VTX00100	99.42	1.0	0.58		VTX00100	99.42	Glomus intraradices	Glomus	0	VTX00100	unassigned			0.974	0.96		Rhizophagus proliferus	92.36	Rhizophagus proliferus	Rhizophagus	0	Rhizophagus intraradices
PX207195.1	Rhizophagus intraradices | UT126A	Rhizophagus intraradices	Glomerales	divergent	divergent_5.8S	ok	assigned	VTX00100	100.0	1.0	0.79		VTX00100	100.0	Glomus Glo G1	Glomus	0	VTX00100	unassigned			1.001	2.09		Rhizophagus intraradices	94.02	Rhizophagus intraradices	Rhizophagus	0	Rhizophagus intraradices
PX207196.1	Rhizophagus intraradices | UT126A	Rhizophagus intraradices	Glomerales	divergent	divergent_5.8S	ok	assigned	VTX00100	100.0	1.0	0.79		VTX00100	100.0	Glomus Glo G1	Glomus	0	VTX00100	unassigned			1.001	2.09		Rhizophagus intraradices	94.02	Rhizophagus intraradices	Rhizophagus	0	Rhizophagus intraradices
PX207197.1	Rhizophagus intraradices | KS906_IVT156	Rhizophagus intraradices	Glomerales	divergent	divergent_5.8S	ok	assigned	VTX00100	100.0	1.0	0.79		VTX00100	100.0	Glomus Glo G1	Glomus	0	VTX00100	unassigned			1.001	2.24		Rhizophagus intraradices	94.17	Rhizophagus intraradices	Rhizophagus	0	Rhizophagus intraradices
PX207198.1	Rhizophagus intraradices | KS906_IVT156	Rhizophagus intraradices	Glomerales	main		ok	assigned	VTX00100	100.0	1.0	0.59		VTX00100	100.0	Glomus intraradices	Glomus	0	VTX00100	assigned	Rhizophagus intraradices	99.71	1.0	3.89		Rhizophagus intraradices	99.71	Rhizophagus intraradices	Rhizophagus	0	Rhizophagus intraradices
PX207199.1	Rhizophagus intraradices | UT126A	Rhizophagus intraradices	Glomerales	main		ok	assigned	VTX00100	100.0	1.0	0.59		VTX00100	100.0	Glomus intraradices	Glomus	0	VTX00100	assigned	Rhizophagus intraradices	99.71	1.0	3.89		Rhizophagus intraradices	99.71	Rhizophagus intraradices	Rhizophagus	0	Rhizophagus intraradices
PX207200.1	Rhizophagus intraradices | UT126A	Rhizophagus intraradices	Glomerales	main		ok	assigned	VTX00100	99.81	1.002	0.79		VTX00100	99.81	Glomus Glo G1	Glomus	0	VTX00100	assigned	Rhizophagus intraradices	99.71	1.0	3.89		Rhizophagus intraradices	99.71	Rhizophagus intraradices	Rhizophagus	0	Rhizophagus intraradices
PX207201.1	Rhizophagus intraradices | UT126A	Rhizophagus intraradices	Glomerales	main		ok	assigned	VTX00100	100.0	1.0	0.59		VTX00100	100.0	Glomus intraradices	Glomus	0	VTX00100	assigned	Rhizophagus intraradices	99.85	1.0	4.17		Rhizophagus intraradices	99.85	Rhizophagus intraradices	Rhizophagus	0	Rhizophagus intraradices
PX207202.1	Rhizophagus intraradices | UT126A	Rhizophagus intraradices	Glomerales	main		ok	assigned	VTX00100	100.0	1.0	0.59		VTX00100	100.0	Glomus intraradices	Glomus	0	VTX00100	assigned	Rhizophagus intraradices	99.85	1.0	4.17		Rhizophagus intraradices	99.85	Rhizophagus intraradices	Rhizophagus	0	Rhizophagus intraradices
PX207203.1	Rhizophagus intraradices | KS906_IVT156	Rhizophagus intraradices	Glomerales	main		ok	assigned	VTX00100	100.0	1.0	0.59		VTX00100	100.0	Glomus intraradices	Glomus	0	VTX00100	assigned	Rhizophagus intraradices	99.85	1.0	4.17		Rhizophagus intraradices	99.85	Rhizophagus intraradices	Rhizophagus	0	Rhizophagus intraradices
PX207204.1	Rhizophagus intraradices | UT126A	Rhizophagus intraradices	Glomerales	main		ok	assigned	VTX00100	100.0	1.0	0.39		VTX00100	100.0	Glomus Goomaral13b Glo 5	Glomus	0	VTX00100	assigned	Rhizophagus intraradices	98.83	1.0	3.29		Rhizophagus intraradices	98.83	Rhizophagus intraradices	Rhizophagus	0	Rhizophagus intraradices
PX207205.1	Rhizophagus intraradices | KS906_IVT156	Rhizophagus intraradices	Glomerales	main		ok	assigned	VTX00100	100.0	1.0	0.59		VTX00100	100.0	Glomus intraradices	Glomus	0	VTX00100	assigned	Rhizophagus intraradices	98.98	1.0	3.02		Rhizophagus intraradices	98.98	Rhizophagus intraradices	Rhizophagus	0	Rhizophagus intraradices
PX207206.1	Rhizophagus prolifer | SD5_IVT32	Rhizophagus prolifer	Glomerales	main	divergent_5.8S	ok	assigned	VTX00099	99.81	1.0	1.54		VTX00099	99.81	Glomus Kottke08-5	Glomus	0	VTX00099	assigned	Rhizophagus proliferus	99.86	0.974	5.83		Rhizophagus proliferus	99.86	Rhizophagus proliferus	Rhizophagus	0	Rhizophagus proliferus
PX207207.1	Rhizophagus prolifer | SD5_IVT32	Rhizophagus prolifer	Glomerales	main	divergent_5.8S	ok	assigned	VTX00099	99.81	1.0	1.54		VTX00099	99.81	Glomus Kottke08-5	Glomus	0	VTX00099	assigned	Rhizophagus proliferus	99.86	0.974	5.83		Rhizophagus proliferus	99.86	Rhizophagus proliferus	Rhizophagus	0	Rhizophagus proliferus
PX207208.1	Rhizophagus prolifer | SD5_IVT32	Rhizophagus prolifer	Glomerales	main	divergent_5.8S	ok	assigned	VTX00099	100.0	1.0	1.35		VTX00099	100.0	Glomus proliferum T	Glomus	0	VTX00099	assigned	Rhizophagus proliferus	99.86	0.974	5.83		Rhizophagus proliferus	99.86	Rhizophagus proliferus	Rhizophagus	0	Rhizophagus proliferus
PX207209.1	Rhizophagus prolifer | SD5_IVT32	Rhizophagus prolifer	Glomerales	main	divergent_5.8S	ok	assigned	VTX00099	100.0	1.0	1.35		VTX00099	100.0	Glomus proliferum T	Glomus	0	VTX00099	assigned	Rhizophagus proliferus	98.47	0.974	3.13		Rhizophagus proliferus	98.47	Rhizophagus proliferus	Rhizophagus	0	Rhizophagus proliferus
PX207210.1	Rhizophagus prolifer | SD5_IVT32	Rhizophagus prolifer	Glomerales	main	divergent_5.8S	ok	assigned	VTX00099	100.0	1.0	1.35		VTX00099	100.0	Glomus proliferum T	Glomus	0	VTX00099	assigned	Rhizophagus proliferus	99.86	0.974	4.23		Rhizophagus proliferus	99.86	Rhizophagus proliferus	Rhizophagus	0	Rhizophagus proliferus
PX207211.1	Rhizophagus prolifer | SD5_IVT32	Rhizophagus prolifer	Glomerales	main	divergent_5.8S	ok	assigned	VTX00099	100.0	1.0	1.35		VTX00099	100.0	Glomus proliferum T	Glomus	0	VTX00099	assigned	Rhizophagus proliferus	99.86	0.974	4.23		Rhizophagus proliferus	99.86	Rhizophagus proliferus	Rhizophagus	0	Rhizophagus proliferus
PX207212.1	Glomus tetrastratosum | 5094_2349C	Glomus tetrastratosum	Glomerales	main		ok	assigned	VTX00199	99.61	1.0	0.79		VTX00199	99.61	Glomus hoi	Glomus	0	VTX00199	assigned	Glomus tetrastratosum	99.16	0.975	1.82		Glomus tetrastratosum	99.16	Glomus tetrastratosum	Glomus	0	Glomus tetrastratosum
PX207213.1	Glomus tetrastratosum | 5094_2349C	Glomus tetrastratosum	Glomerales	main		ok	assigned	VTX00199	99.81	1.0	1.15		VTX00199	99.81	Glomus hoi	Glomus	0	VTX00199	assigned	Glomus tetrastratosum	99.3	0.975	1.54		Glomus tetrastratosum	99.3	Glomus tetrastratosum	Glomus	0	Glomus tetrastratosum
PX207214.1	Glomus tetrastratosum | 5094_2349C	Glomus tetrastratosum	Glomerales	main		ok	assigned	VTX00199	99.81	1.0	0.98		VTX00199	99.81	Glomus sp.	Glomus	0	VTX00199	assigned	Glomus tetrastratosum	97.9	0.975	1.26		Glomus tetrastratosum	97.9	Glomus tetrastratosum	Glomus	0	Glomus tetrastratosum
PX207215.1	Glomus tetrastratosum | 5094_2349C	Glomus tetrastratosum	Glomerales	main		ok	assigned	VTX00199	99.81	1.002	1.18		VTX00199	99.81	Glomus hoi	Glomus	0	VTX00199	assigned	Glomus tetrastratosum	99.16	0.977	1.68		Glomus tetrastratosum	99.16	Glomus tetrastratosum	Glomus	0	Glomus tetrastratosum
PX207216.1	Glomus tetrastratosum | 5094_2349C	Glomus tetrastratosum	Glomerales	main		ok	assigned	VTX00199	99.81	1.0	1.18		VTX00199	99.81	Glomus hoi	Glomus	0	VTX00199	assigned	Glomus tetrastratosum	99.16	0.975	1.54		Glomus tetrastratosum	99.16	Glomus tetrastratosum	Glomus	0	Glomus tetrastratosum
PX207217.1	Glomus tetrastratosum | 5094_2349C	Glomus tetrastratosum	Glomerales	main		ok	assigned	VTX00199	100.0	1.0	1.18		VTX00199	100.0	Glomus hoi	Glomus	0	VTX00199	assigned	Glomus tetrastratosum	99.3	0.975	1.54		Glomus tetrastratosum	99.3	Glomus tetrastratosum	Glomus	0	Glomus tetrastratosum
PX207218.1	Glomus tetrastratosum | 5094_2349C	Glomus tetrastratosum	Glomerales	main		ok	assigned	VTX00199	99.81	1.0	0.98		VTX00199	99.81	Glomus sp.	Glomus	0	VTX00199	assigned	Glomus tetrastratosum	99.3	0.975	1.54		Glomus tetrastratosum	99.3	Glomus tetrastratosum	Glomus	0	Glomus tetrastratosum
PX207219.1	Funneliformis mosseae | 2231_1079F	Funneliformis mosseae	Glomerales	main		ok	assigned	VTX00067	100.0	1.0	0.96		VTX00067	100.0	Glomus mosseae	Glomus	0	VTX00067	assigned	Funneliformis coronatus	99.44	1.0	0.28		Funneliformis coronatus	99.44	Funneliformis coronatus	Funneliformis	0	Funneliformis coronatus
PX207220.1	Funneliformis mosseae | 2231_1079F	Funneliformis mosseae	Glomerales	main		ok	assigned	VTX00067	100.0	1.0	0.96		VTX00067	100.0	Glomus mosseae	Glomus	0	VTX00067	assigned	Funneliformis coronatus	99.44	1.0	0.28		Funneliformis coronatus	99.44	Funneliformis coronatus	Funneliformis	0	Funneliformis coronatus
PX207221.1	Funneliformis mosseae | 2231_1079F	Funneliformis mosseae	Glomerales	main		ok	assigned	VTX00067	100.0	1.0	0.96		VTX00067	100.0	Glomus mosseae	Glomus	0	VTX00067	assigned	Funneliformis coronatus	99.03	1.001	0.28		Funneliformis coronatus	99.03	Funneliformis coronatus	Funneliformis	0	Funneliformis coronatus
PX207222.1	Funneliformis mosseae | 2231_1079F	Funneliformis mosseae	Glomerales	main		ok	assigned	VTX00067	100.0	1.0	0.77		VTX00067	100.0	Glomus mosseae	Glomus	0	VTX00067	assigned	Funneliformis coronatus	99.17	1.001	0.28		Funneliformis coronatus	99.17	Funneliformis coronatus	Funneliformis	0	Funneliformis coronatus
PX207223.1	Funneliformis mosseae | 2231_1079F	Funneliformis mosseae	Glomerales	main		ok	assigned	VTX00067	100.0	1.0	0.96		VTX00067	100.0	Glomus mosseae	Glomus	0	VTX00067	assigned	Funneliformis coronatus	99.17	1.001	0.28		Funneliformis coronatus	99.17	Funneliformis coronatus	Funneliformis	0	Funneliformis coronatus
PX207224.1	Funneliformis mosseae | FS-29_2726A	Funneliformis mosseae	Glomerales	main		ok	assigned	VTX00067	100.0	1.0	0.96		VTX00067	100.0	Glomus mosseae	Glomus	0	VTX00067	assigned	Funneliformis coronatus	99.58	1.001	0.28		Funneliformis coronatus	99.58	Funneliformis coronatus	Funneliformis	0	Funneliformis coronatus
PX207225.1	Funneliformis mosseae | FS-29_2726A	Funneliformis mosseae	Glomerales	main		ok	assigned	VTX00067	100.0	1.0	0.96		VTX00067	100.0	Glomus mosseae	Glomus	0	VTX00067	assigned	Funneliformis coronatus	99.58	1.001	0.28		Funneliformis coronatus	99.58	Funneliformis coronatus	Funneliformis	0	Funneliformis coronatus
PX207226.1	Funneliformis mosseae | FS-29_2726A	Funneliformis mosseae	Glomerales	main		ok	assigned	VTX00067	100.0	1.0	0.96		VTX00067	100.0	Glomus mosseae	Glomus	0	VTX00067	assigned	Funneliformis coronatus	99.3	1.0	0.56		Funneliformis coronatus	99.3	Funneliformis coronatus	Funneliformis	0	Funneliformis coronatus
PX207227.1	Funneliformis mosseae | FS-29_2726A	Funneliformis mosseae	Glomerales	main		ok	assigned	VTX00067	100.0	1.0	0.96		VTX00067	100.0	Glomus mosseae	Glomus	0	VTX00067	assigned	Funneliformis coronatus	99.3	1.0	0.56		Funneliformis coronatus	99.3	Funneliformis coronatus	Funneliformis	0	Funneliformis coronatus
PX207228.1	Funneliformis mosseae | FS-29_2726A	Funneliformis mosseae	Glomerales	main		ok	assigned	VTX00067	100.0	1.0	0.96		VTX00067	100.0	Glomus mosseae	Glomus	0	VTX00067	assigned	Funneliformis coronatus	99.16	1.0	0.28		Funneliformis coronatus	99.16	Funneliformis coronatus	Funneliformis	0	Funneliformis coronatus
PX207229.1	Funneliformis mosseae | FS-29_2726A	Funneliformis mosseae	Glomerales	main		ok	assigned	VTX00067	100.0	1.0	0.96		VTX00067	100.0	Glomus mosseae	Glomus	0	VTX00067	assigned	Funneliformis coronatus	99.16	1.0	0.28		Funneliformis coronatus	99.16	Funneliformis coronatus	Funneliformis	0	Funneliformis coronatus
PX207230.1	Funneliformis mosseae | 2231_1079F	Funneliformis mosseae	Glomerales	main		ok	assigned	VTX00067	100.0	1.0	0.96		VTX00067	100.0	Glomus mosseae	Glomus	0	VTX00067	assigned	Funneliformis coronatus	99.16	1.0	0.28		Funneliformis coronatus	99.16	Funneliformis coronatus	Funneliformis	0	Funneliformis coronatus
PX207231.1	Funneliformis mosseae | 2231_1079F	Funneliformis mosseae	Glomerales	main		ok	assigned	VTX00067	100.0	1.0	0.96		VTX00067	100.0	Glomus mosseae	Glomus	0	VTX00067	assigned	Funneliformis coronatus	99.16	1.0	0.28		Funneliformis coronatus	99.16	Funneliformis coronatus	Funneliformis	0	Funneliformis coronatus
PX207232.1	Funneliformis mosseae | 2231_1079F	Funneliformis mosseae	Glomerales	main		ok	assigned	VTX00067	100.0	1.0	0.96		VTX00067	100.0	Glomus mosseae	Glomus	0	VTX00067	assigned	Funneliformis coronatus	99.16	1.0	0.28		Funneliformis coronatus	99.16	Funneliformis coronatus	Funneliformis	0	Funneliformis coronatus
PX207233.1	Funneliformis mosseae | 2231_1079F	Funneliformis mosseae	Glomerales	main		ok	assigned	VTX00067	100.0	1.0	0.96		VTX00067	100.0	Glomus mosseae	Glomus	0	VTX00067	assigned	Funneliformis coronatus	99.16	1.0	0.28		Funneliformis coronatus	99.16	Funneliformis coronatus	Funneliformis	0	Funneliformis coronatus
PX207234.1	Funneliformis mosseae | 2231_1079F	Funneliformis mosseae	Glomerales	main		ok	assigned	VTX00067	100.0	1.0	0.96		VTX00067	100.0	Glomus mosseae	Glomus	0	VTX00067	assigned	Funneliformis coronatus	99.3	1.0	0.28		Funneliformis coronatus	99.3	Funneliformis coronatus	Funneliformis	0	Funneliformis coronatus
PX207235.1	Funneliformis mosseae | 2231_1079F	Funneliformis mosseae	Glomerales	main		ok	assigned	VTX00067	100.0	1.0	0.96		VTX00067	100.0	Glomus mosseae	Glomus	0	VTX00067	assigned	Funneliformis coronatus	99.3	1.0	0.28		Funneliformis coronatus	99.3	Funneliformis coronatus	Funneliformis	0	Funneliformis coronatus
PX207236.1	Funneliformis mosseae | FS-29_2726A	Funneliformis mosseae	Glomerales	main		ok	assigned	VTX00067	100.0	1.0	0.96		VTX00067	100.0	Glomus mosseae	Glomus	0	VTX00067	assigned	Funneliformis coronatus	99.3	1.0	0.28		Funneliformis coronatus	99.3	Funneliformis coronatus	Funneliformis	0	Funneliformis coronatus
PX207237.1	Funneliformis mosseae | FS-29_2726A	Funneliformis mosseae	Glomerales	main		ok	assigned	VTX00067	100.0	1.0	0.96		VTX00067	100.0	Glomus mosseae	Glomus	0	VTX00067	assigned	Funneliformis coronatus	99.3	1.0	0.28		Funneliformis coronatus	99.3	Funneliformis coronatus	Funneliformis	0	Funneliformis coronatus
PX207238.1	Funneliformis mosseae | FS-29_2726A	Funneliformis mosseae	Glomerales	main		ok	assigned	VTX00067	100.0	1.0	0.96		VTX00067	100.0	Glomus mosseae	Glomus	0	VTX00067	assigned	Funneliformis coronatus	99.16	1.0	0.28		Funneliformis coronatus	99.16	Funneliformis coronatus	Funneliformis	0	Funneliformis coronatus
PX207239.1	Funneliformis mosseae | FS-29_2726A	Funneliformis mosseae	Glomerales	main		ok	assigned	VTX00067	100.0	1.0	0.96		VTX00067	100.0	Glomus mosseae	Glomus	0	VTX00067	assigned	Funneliformis coronatus	99.16	1.0	0.28		Funneliformis coronatus	99.16	Funneliformis coronatus	Funneliformis	0	Funneliformis coronatus
PX207240.1	Funneliformis mosseae | FS-29_2726A	Funneliformis mosseae	Glomerales	main		ok	assigned	VTX00067	100.0	1.0	0.96		VTX00067	100.0	Glomus mosseae	Glomus	0	VTX00067	assigned	Funneliformis coronatus	99.16	1.0	0.28		Funneliformis coronatus	99.16	Funneliformis coronatus	Funneliformis	0	Funneliformis coronatus
PX207241.1	Funneliformis mosseae | 2231_1079F	Funneliformis mosseae	Glomerales	main		ok	assigned	VTX00067	100.0	1.0	0.96		VTX00067	100.0	Glomus mosseae	Glomus	0	VTX00067	assigned	Funneliformis coronatus	99.16	1.0	0.28		Funneliformis coronatus	99.16	Funneliformis coronatus	Funneliformis	0	Funneliformis coronatus
PX207242.1	Funneliformis mosseae | 2231_1079F	Funneliformis mosseae	Glomerales	main		ok	assigned	VTX00067	100.0	1.0	0.96		VTX00067	100.0	Glomus mosseae	Glomus	0	VTX00067	assigned	Funneliformis coronatus	99.16	1.0	0.28		Funneliformis coronatus	99.16	Funneliformis coronatus	Funneliformis	0	Funneliformis coronatus
PX207243.1	Funneliformis mosseae | FS-29_2726A	Funneliformis mosseae	Glomerales	main		ok	assigned	VTX00067	100.0	1.0	0.96		VTX00067	100.0	Glomus mosseae	Glomus	0	VTX00067	assigned	Funneliformis coronatus	99.72	1.0	0.56		Funneliformis coronatus	99.72	Funneliformis coronatus	Funneliformis	0	Funneliformis coronatus
PX207244.1	Funneliformis mosseae | FS-29_2726A	Funneliformis mosseae	Glomerales	main		ok	assigned	VTX00067	100.0	1.0	0.96		VTX00067	100.0	Glomus mosseae	Glomus	0	VTX00067	assigned	Funneliformis coronatus	99.03	1.0	0.28		Funneliformis coronatus	99.03	Funneliformis coronatus	Funneliformis	0	Funneliformis coronatus
PX207245.1	Funneliformis mosseae | FS-29_2726A	Funneliformis mosseae	Glomerales	main		ok	assigned	VTX00067	100.0	1.0	0.96		VTX00067	100.0	Glomus mosseae	Glomus	0	VTX00067	assigned	Funneliformis coronatus	99.03	1.0	0.28		Funneliformis coronatus	99.03	Funneliformis coronatus	Funneliformis	0	Funneliformis coronatus
PX207246.1	Funneliformis mosseae | FS-29_2726A	Funneliformis mosseae	Glomerales	main		ok	assigned	VTX00067	100.0	1.0	0.96		VTX00067	100.0	Glomus mosseae	Glomus	0	VTX00067	ambiguous		99.3	1.0	0.0	Funneliformis caledonium,Funneliformis coronatus	Funneliformis coronatus	99.3	Funneliformis coronatus	Funneliformis	0	Funneliformis coronatus
PX207247.1	Funneliformis mosseae | 2231_1079F	Funneliformis mosseae	Glomerales	main		ok	assigned	VTX00067	100.0	1.0	0.96		VTX00067	100.0	Glomus mosseae	Glomus	0	VTX00067	assigned	Funneliformis coronatus	99.16	1.0	0.28		Funneliformis coronatus	99.16	Funneliformis coronatus	Funneliformis	0	Funneliformis coronatus
PX207248.1	Funneliformis mosseae | 2231_1079F	Funneliformis mosseae	Glomerales	main		ok	assigned	VTX00067	100.0	1.0	0.96		VTX00067	100.0	Glomus mosseae	Glomus	0	VTX00067	assigned	Funneliformis coronatus	99.16	1.0	0.28		Funneliformis coronatus	99.16	Funneliformis coronatus	Funneliformis	0	Funneliformis coronatus
PX207249.1	Funneliformis mosseae | FS-29_2726A	Funneliformis mosseae	Glomerales	main		ok	assigned	VTX00067	100.0	1.0	0.96		VTX00067	100.0	Glomus mosseae	Glomus	0	VTX00067	ambiguous		99.3	1.0	0.0	Funneliformis caledonium,Funneliformis coronatus	Funneliformis coronatus	99.3	Funneliformis coronatus	Funneliformis	0	Funneliformis coronatus
PX207250.1	Funneliformis mosseae | FS-29_2726A	Funneliformis mosseae	Glomerales	main		ok	assigned	VTX00067	100.0	1.0	0.96		VTX00067	100.0	Glomus mosseae	Glomus	0	VTX00067	ambiguous		99.3	1.0	0.0	Funneliformis caledonium,Funneliformis coronatus	Funneliformis coronatus	99.3	Funneliformis coronatus	Funneliformis	0	Funneliformis coronatus
PX207251.1	Funneliformis mosseae | FS-29_2726A	Funneliformis mosseae	Glomerales	main		ok	assigned	VTX00067	100.0	1.0	0.96		VTX00067	100.0	Glomus mosseae	Glomus	0	VTX00067	assigned	Funneliformis coronatus	99.58	1.0	0.56		Funneliformis coronatus	99.58	Funneliformis coronatus	Funneliformis	0	Funneliformis coronatus
PX207252.1	Funneliformis mosseae | FS-29_2726A	Funneliformis mosseae	Glomerales	main		ok	assigned	VTX00067	100.0	1.0	0.96		VTX00067	100.0	Glomus mosseae	Glomus	0	VTX00067	assigned	Funneliformis coronatus	99.58	1.0	0.56		Funneliformis coronatus	99.58	Funneliformis coronatus	Funneliformis	0	Funneliformis coronatus
PX207253.1	Funneliformis mosseae | FS-29_2726A	Funneliformis mosseae	Glomerales	main		ok	assigned	VTX00067	100.0	1.0	0.96		VTX00067	100.0	Glomus mosseae	Glomus	0	VTX00067	assigned	Funneliformis coronatus	99.58	1.0	0.56		Funneliformis coronatus	99.58	Funneliformis coronatus	Funneliformis	0	Funneliformis coronatus
PX207254.1	Funneliformis mosseae | 2231_1079F	Funneliformis mosseae	Glomerales	main		ok	assigned	VTX00067	100.0	1.0	0.96		VTX00067	100.0	Glomus mosseae	Glomus	0	VTX00067	assigned	Funneliformis coronatus	99.03	1.0	0.28		Funneliformis coronatus	99.03	Funneliformis coronatus	Funneliformis	0	Funneliformis coronatus
PX207255.1	Funneliformis mosseae | 2231_1079F	Funneliformis mosseae	Glomerales	main		ok	assigned	VTX00067	100.0	1.0	0.96		VTX00067	100.0	Glomus mosseae	Glomus	0	VTX00067	assigned	Funneliformis coronatus	99.03	1.0	0.28		Funneliformis coronatus	99.03	Funneliformis coronatus	Funneliformis	0	Funneliformis coronatus
PX207256.1	Funneliformis mosseae | 2231_1079F	Funneliformis mosseae	Glomerales	main		ok	assigned	VTX00067	100.0	1.0	0.96		VTX00067	100.0	Glomus mosseae	Glomus	0	VTX00067	assigned	Funneliformis coronatus	99.16	1.0	0.28		Funneliformis coronatus	99.16	Funneliformis coronatus	Funneliformis	0	Funneliformis coronatus
PX207257.1	Funneliformis mosseae | 2231_1079F	Funneliformis mosseae	Glomerales	main		ok	assigned	VTX00067	100.0	1.0	0.96		VTX00067	100.0	Glomus mosseae	Glomus	0	VTX00067	assigned	Funneliformis coronatus	99.16	1.0	0.28		Funneliformis coronatus	99.16	Funneliformis coronatus	Funneliformis	0	Funneliformis coronatus
PX207258.1	Septoglomus turnauae | Blasz_12_2272D	Septoglomus turnauae	Glomerales	divergent	divergent_5.8S	ok	assigned	VTX00064	99.42	1.0	1.35		VTX00064	99.42	Glomus Glo G5	Glomus	0	VTX00064	assigned	Septoglomus turnauae	97.38	0.976	0.12		Septoglomus turnauae	97.38	Septoglomus turnauae	Septoglomus	0	Septoglomus turnauae
PX207259.1	Septoglomus turnauae | Blasz_12_2272D	Septoglomus turnauae	Glomerales	main		ok	assigned	VTX00064	99.81	1.0	1.73		VTX00064	99.81	Glomus Glo G5	Glomus	0	VTX00064	assigned	Septoglomus turnauae	100.0	0.974	2.9		Septoglomus turnauae	100.0	Septoglomus turnauae	Septoglomus	0	Septoglomus turnauae
PX207260.1	Septoglomus turnauae | Blasz_12_2272D	Septoglomus turnauae	Glomerales	main		ok	assigned	VTX00064	100.0	1.0	1.73		VTX00064	100.0	Glomus Glo G5	Glomus	0	VTX00064	assigned	Septoglomus turnauae	99.31	0.974	2.25		Septoglomus turnauae	99.31	Septoglomus turnauae	Septoglomus	0	Septoglomus turnauae
PX207261.1	Septoglomus turnauae | Blasz_12_2272D	Septoglomus turnauae	Glomerales	main		ok	assigned	VTX00064	100.0	1.0	1.73		VTX00064	100.0	Glomus Glo G5	Glomus	0	VTX00064	assigned	Septoglomus turnauae	99.45	0.974	2.47		Septoglomus turnauae	99.45	Septoglomus turnauae	Septoglomus	0	Septoglomus turnauae
PX207262.1	Septoglomus turnauae | Blasz_12_2272D	Septoglomus turnauae	Glomerales	main		ok	assigned	VTX00064	100.0	1.0	1.73		VTX00064	100.0	Glomus Glo G5	Glomus	0	VTX00064	assigned	Septoglomus turnauae	99.45	0.974	2.47		Septoglomus turnauae	99.45	Septoglomus turnauae	Septoglomus	0	Septoglomus turnauae
PX207263.1	Septoglomus viscosum | CW0026_Att1910-1	Septoglomus viscosum	Glomerales	divergent	divergent_5.8S	ok	assigned	VTX00409	99.42	1.0	1.92		VTX00409	99.42	Glomus Goomaral13b Glo 6	Glomus	0	VTX00063	assigned	Septoglomus Viscospora viscosa	97.35	1.0	5.68		Septoglomus Viscospora viscosa	97.35	Septoglomus Viscospora viscosa	Septoglomus	0	Septoglomus Viscospora viscosa
PX207264.1	Septoglomus viscosum | CW0026_Att1910-1	Septoglomus viscosum	Glomerales	divergent	divergent_5.8S	ok	assigned	VTX00409	99.42	1.0	1.92		VTX00409	99.42	Glomus Goomaral13b Glo 6	Glomus	0	VTX00063	assigned	Septoglomus Viscospora viscosa	97.35	1.0	5.68		Septoglomus Viscospora viscosa	97.35	Septoglomus Viscospora viscosa	Septoglomus	0	Septoglomus Viscospora viscosa
PX207265.1	Septoglomus viscosum | CW0026_Att1910-1	Septoglomus viscosum	Glomerales	main		ok	assigned	VTX00063	99.42	1.004	1.92		VTX00063	99.42	Glomus NES05	Glomus	0	VTX00063	assigned	Septoglomus Viscospora viscosa	97.49	1.001	5.81		Septoglomus Viscospora viscosa	97.49	Septoglomus Viscospora viscosa	Septoglomus	0	Septoglomus Viscospora viscosa
PX207266.1	Septoglomus viscosum | CW0026_Att1910-1	Septoglomus viscosum	Glomerales	main		ok	assigned	VTX00063	99.42	1.004	1.92		VTX00063	99.42	Glomus NES05	Glomus	0	VTX00063	assigned	Septoglomus Viscospora viscosa	97.49	1.001	5.81		Septoglomus Viscospora viscosa	97.49	Septoglomus Viscospora viscosa	Septoglomus	0	Septoglomus Viscospora viscosa
PX207267.1	Septoglomus viscosum | CW0026_Att1910-1	Septoglomus viscosum	Glomerales	main		ok	assigned	VTX00063	99.04	1.0	1.37		VTX00063	99.04	Glomus sp.	Glomus	0	VTX00063	assigned	Septoglomus Viscospora viscosa	97.49	1.001	5.81		Septoglomus Viscospora viscosa	97.49	Septoglomus Viscospora viscosa	Septoglomus	0	Septoglomus Viscospora viscosa
PX207268.1	Septoglomus viscosum | CW0026_Att1910-1	Septoglomus viscosum	Glomerales	main		ok	assigned	VTX00063	98.85	1.002	1.53		VTX00063	98.85	Glomus Goomaral13a Glo1	Glomus	0	VTX00063	assigned	Septoglomus Viscospora viscosa	97.77	1.0	5.44		Septoglomus Viscospora viscosa	97.77	Septoglomus Viscospora viscosa	Septoglomus	0	Septoglomus Viscospora viscosa
PX207269.1	Septoglomus viscosum | CW0026_Att1910-1	Septoglomus viscosum	Glomerales	main		ok	assigned	VTX00063	98.85	1.002	1.53		VTX00063	98.85	Glomus Goomaral13a Glo1	Glomus	0	VTX00063	assigned	Septoglomus Viscospora viscosa	97.77	1.0	5.44		Septoglomus Viscospora viscosa	97.77	Septoglomus Viscospora viscosa	Septoglomus	0	Septoglomus Viscospora viscosa
PX207270.1	Septoglomus viscosum | CW0026_Att1910-1	Septoglomus viscosum	Glomerales	main		ok	assigned	VTX00063	99.23	1.0	1.53		VTX00063	99.23	Glomus sp.	Glomus	0	VTX00063	assigned	Septoglomus Viscospora viscosa	97.77	1.0	5.44		Septoglomus Viscospora viscosa	97.77	Septoglomus Viscospora viscosa	Septoglomus	0	Septoglomus Viscospora viscosa
PX207271.1	Septoglomus viscosum | CW0026_Att1910-1	Septoglomus viscosum	Glomerales	main		ok	assigned	VTX00063	99.23	1.0	1.53		VTX00063	99.23	Glomus sp.	Glomus	0	VTX00063	assigned	Septoglomus Viscospora viscosa	97.77	1.0	5.44		Septoglomus Viscospora viscosa	97.77	Septoglomus Viscospora viscosa	Septoglomus	0	Septoglomus Viscospora viscosa
PX207272.1	Septoglomus viscosum | CW0026_Att1910-1	Septoglomus viscosum	Glomerales	main		ok	assigned	VTX00063	99.23	1.0	1.92		VTX00063	99.23	Glomus Goomaral13a Glo1	Glomus	0	VTX00063	assigned	Septoglomus Viscospora viscosa	97.77	1.0	5.44		Septoglomus Viscospora viscosa	97.77	Septoglomus Viscospora viscosa	Septoglomus	0	Septoglomus Viscospora viscosa
PX207273.1	Septoglomus viscosum | CW0026_Att1910-1	Septoglomus viscosum	Glomerales	main		ok	assigned	VTX00063	99.23	1.0	1.92		VTX00063	99.23	Glomus Goomaral13a Glo1	Glomus	0	VTX00063	assigned	Septoglomus Viscospora viscosa	97.77	1.0	5.44		Septoglomus Viscospora viscosa	97.77	Septoglomus Viscospora viscosa	Septoglomus	0	Septoglomus Viscospora viscosa
PX207274.1	Septoglomus viscosum | CW0026_Att1910-1	Septoglomus viscosum	Glomerales	main		ok	assigned	VTX00063	99.42	1.0	1.92		VTX00063	99.42	Glomus Goomaral13a Glo1	Glomus	0	VTX00063	assigned	Septoglomus Viscospora viscosa	97.77	1.0	5.44		Septoglomus Viscospora viscosa	97.77	Septoglomus Viscospora viscosa	Septoglomus	0	Septoglomus Viscospora viscosa
PX214440.1	Funneliformis caledonium | VDHK150A_21A	Funneliformis caledonium	Glomerales	main		ok	assigned	VTX00065	100.0	1.0	0.96		VTX00065	100.0	Glomus caledonium T	Glomus	0	VTX00065	assigned	Funneliformis caledonium	100.0	0.974	0.55		Funneliformis caledonium	100.0	Funneliformis caledonium	Funneliformis	0	Funneliformis caledonium
PX214441.1	Funneliformis caledonium | VDHK150A_21A	Funneliformis caledonium	Glomerales	main		ok	assigned	VTX00065	99.81	1.0	0.96		VTX00065	99.81	Glomus caledonium T	Glomus	0	VTX00065	assigned	Funneliformis caledonium	99.72	0.975	0.55		Funneliformis caledonium	99.72	Funneliformis caledonium	Funneliformis	0	Funneliformis caledonium
PX214442.1	Funneliformis caledonium | VDHK150A_21A	Funneliformis caledonium	Glomerales	main		ok	assigned	VTX00065	100.0	1.0	0.96		VTX00065	100.0	Glomus caledonium T	Glomus	0	VTX00065	assigned	Funneliformis fragilistratum	99.59	0.975	0.28		Funneliformis fragilistratum	99.59	Funneliformis fragilistratum	Funneliformis	0	Funneliformis caledonium
PX214443.1	Funneliformis caledonium | CW0030_822A	Funneliformis caledonium	Glomerales	main		ok	assigned	VTX00065	99.81	1.0	0.96		VTX00065	99.81	Glomus caledonium T	Glomus	0	VTX00065	assigned	Funneliformis fragilistratum	99.86	0.974	0.55		Funneliformis fragilistratum	99.86	Funneliformis fragilistratum	Funneliformis	0	Funneliformis fragilistratum
PX214444.1	Funneliformis caledonium | CW0030_822A	Funneliformis caledonium	Glomerales	main		ok	assigned	VTX00065	100.0	1.0	0.96		VTX00065	100.0	Glomus caledonium T	Glomus	0	VTX00065	assigned	Funneliformis fragilistratum	99.86	0.974	0.55		Funneliformis fragilistratum	99.86	Funneliformis fragilistratum	Funneliformis	0	Funneliformis fragilistratum
PX214445.1	Funneliformis caledonium | CW0030_822A	Funneliformis caledonium	Glomerales	main		ok	assigned	VTX00065	99.81	1.0	0.96		VTX00065	99.81	Glomus caledonium T	Glomus	0	VTX00065	assigned	Funneliformis fragilistratum	99.86	0.974	0.55		Funneliformis fragilistratum	99.86	Funneliformis fragilistratum	Funneliformis	0	Funneliformis fragilistratum
PX214446.1	Funneliformis caledonium | CW0030_822A	Funneliformis caledonium	Glomerales	main		ok	assigned	VTX00065	99.81	1.002	0.96		VTX00065	99.81	Glomus caledonium T	Glomus	0	VTX00065	assigned	Funneliformis fragilistratum	99.86	0.974	0.28		Funneliformis fragilistratum	99.86	Funneliformis fragilistratum	Funneliformis	0	Funneliformis fragilistratum
PX214447.1	Funneliformis caledonium | VDHK150A_21A	Funneliformis caledonium	Glomerales	main		ok	assigned	VTX00065	100.0	1.0	0.96		VTX00065	100.0	Glomus caledonium T	Glomus	0	VTX00065	ambiguous		99.17	0.975	0.0	Funneliformis caledonium,Funneliformis fragilistratum	Funneliformis fragilistratum	99.17	Funneliformis fragilistratum	Funneliformis	0	Funneliformis caledonium
PX214448.1	Funneliformis caledonium | VDHK150A_21A	Funneliformis caledonium	Glomerales	main		ok	assigned	VTX00065	99.81	1.0	0.96		VTX00065	99.81	Glomus caledonium T	Glomus	0	VTX00065	assigned	Funneliformis fragilistratum	99.59	0.975	0.28		Funneliformis fragilistratum	99.59	Funneliformis fragilistratum	Funneliformis	0	Funneliformis caledonium
PX214449.1	Funneliformis geosporum | ALBG_A3	Funneliformis geosporum	Glomerales	main		ok	assigned	VTX00065	99.42	1.0	0.86		VTX00065	99.42	Glomus caledonium T	Glomus	0	VTX00065	assigned	Funneliformis caledonium	97.94	0.975	-0.52		Funneliformis caledonium	97.94	Funneliformis caledonium	Funneliformis	0	Funneliformis geosporum
PX214450.1	Funneliformis geosporum | ALBG_A3	Funneliformis geosporum	Glomerales	main		ok	assigned	VTX00065	99.61	1.0	0.96		VTX00065	99.61	Glomus caledonium T	Glomus	0	VTX00065	assigned	Funneliformis geosporum	98.31	1.003	0.79		Funneliformis geosporum	98.31	Funneliformis geosporum	Funneliformis	0	Funneliformis geosporum
PX214451.1	Funneliformis geosporum | ALBG_A3	Funneliformis geosporum	Glomerales	main		ok	assigned	VTX00065	99.81	1.0	0.96		VTX00065	99.81	Glomus caledonium T	Glomus	0	VTX00065	assigned	Funneliformis geosporum	98.6	1.003	0.8		Funneliformis geosporum	98.6	Funneliformis geosporum	Funneliformis	0	Funneliformis geosporum
PX214452.1	Funneliformis geosporum | ALBG_A3	Funneliformis geosporum	Glomerales	main		ok	assigned	VTX00065	99.42	1.0	0.8		VTX00065	99.42	Glomus caledonium T	Glomus	0	VTX00065	assigned	Funneliformis geosporum	98.6	1.003	0.8		Funneliformis geosporum	98.6	Funneliformis geosporum	Funneliformis	0	Funneliformis geosporum
PX214453.1	Funneliformis geosporum | ALBG_A3	Funneliformis geosporum	Glomerales	main		ok	assigned	VTX00065	99.61	1.0	0.96		VTX00065	99.61	Glomus caledonium T	Glomus	0	VTX00065	assigned	Funneliformis geosporum	98.88	1.004	1.08		Funneliformis geosporum	98.88	Funneliformis geosporum	Funneliformis	0	Funneliformis geosporum
PX214454.1	Funneliformis geosporum | W681_7_10A	Funneliformis geosporum	Glomerales	main		ok	assigned	VTX00065	100.0	1.0	0.96		VTX00065	100.0	Glomus caledonium T	Glomus	0	VTX00065	assigned	Funneliformis geosporum	98.6	1.003	1.48		Funneliformis geosporum	98.6	Funneliformis geosporum	Funneliformis	0	Funneliformis geosporum
PX214455.1	Funneliformis geosporum | W681_7_10A	Funneliformis geosporum	Glomerales	main		ok	assigned	VTX00065	99.81	1.0	0.96		VTX00065	99.81	Glomus caledonium T	Glomus	0	VTX00065	assigned	Funneliformis geosporum	99.02	1.003	1.91		Funneliformis geosporum	99.02	Funneliformis geosporum	Funneliformis	0	Funneliformis geosporum
PX214456.1	Funneliformis geosporum | W681_7_10A	Funneliformis geosporum	Glomerales	main		ok	assigned	VTX00065	100.0	1.0	0.96		VTX00065	100.0	Glomus caledonium T	Glomus	0	VTX00065	assigned	Funneliformis geosporum	98.17	1.003	1.06		Funneliformis geosporum	98.17	Funneliformis geosporum	Funneliformis	0	Funneliformis geosporum
PX214457.1	Funneliformis coronatus | Algerie_2_1072A	Funneliformis coronatus	Glomerales	main		ok	assigned	VTX00265	100.0	1.0	0.77		VTX00265	100.0	Glomus coronatum	Glomus	0	VTX00265	assigned	Funneliformis coronatus	98.21	0.975	1.04		Funneliformis coronatus	98.21	Funneliformis coronatus	Funneliformis	0	Funneliformis coronatus
PX214458.1	Funneliformis coronatus | Algerie_2_1072A	Funneliformis coronatus	Glomerales	main		ok	assigned	VTX00265	100.0	1.0	0.77		VTX00265	100.0	Glomus coronatum	Glomus	0	VTX00265	assigned	Funneliformis coronatus	98.08	0.975	1.05		Funneliformis coronatus	98.08	Funneliformis coronatus	Funneliformis	0	Funneliformis coronatus
PX214459.1	Funneliformis coronatus | Algerie_2_1072A	Funneliformis coronatus	Glomerales	main		ok	assigned	VTX00265	100.0	1.0	0.77		VTX00265	100.0	Glomus coronatum	Glomus	0	VTX00265	assigned	Funneliformis coronatus	98.21	0.974	1.05		Funneliformis coronatus	98.21	Funneliformis coronatus	Funneliformis	0	Funneliformis coronatus
PX214460.1	Funneliformis coronatus | Algerie_2_1072A	Funneliformis coronatus	Glomerales	main		ok	assigned	VTX00265	100.0	1.0	0.77		VTX00265	100.0	Glomus coronatum	Glomus	0	VTX00265	assigned	Funneliformis coronatus	98.07	0.974	1.06		Funneliformis coronatus	98.07	Funneliformis coronatus	Funneliformis	0	Funneliformis coronatus
PX214461.1	Funneliformis coronatus | Algerie_2_1072A	Funneliformis coronatus	Glomerales	main		ok	assigned	VTX00265	100.0	1.0	0.77		VTX00265	100.0	Glomus coronatum	Glomus	0	VTX00265	assigned	Funneliformis coronatus	97.94	0.975	1.06		Funneliformis coronatus	97.94	Funneliformis coronatus	Funneliformis	0	Funneliformis coronatus
PX214462.1	Funneliformis coronatus | W143_5_12A	Funneliformis coronatus	Glomerales	main		ok	assigned	VTX00265	99.81	1.0	0.77		VTX00265	99.81	Glomus coronatum	Glomus	0	VTX00265	assigned	Funneliformis coronatus	98.48	0.976	1.17		Funneliformis coronatus	98.48	Funneliformis coronatus	Funneliformis	0	Funneliformis coronatus
PX214463.1	Funneliformis coronatus | W143_5_12A	Funneliformis coronatus	Glomerales	main		ok	assigned	VTX00265	99.81	1.0	0.77		VTX00265	99.81	Glomus coronatum	Glomus	0	VTX00265	assigned	Funneliformis coronatus	98.48	0.974	1.17		Funneliformis coronatus	98.48	Funneliformis coronatus	Funneliformis	0	Funneliformis coronatus
PX214464.1	Funneliformis coronatus | W143_5_12A	Funneliformis coronatus	Glomerales	main		ok	assigned	VTX00265	99.81	1.0	0.77		VTX00265	99.81	Glomus coronatum	Glomus	0	VTX00265	assigned	Funneliformis coronatus	98.62	0.974	1.16		Funneliformis coronatus	98.62	Funneliformis coronatus	Funneliformis	0	Funneliformis coronatus
PX214465.1	Funneliformis coronatus | W143_5_12A	Funneliformis coronatus	Glomerales	main		ok	assigned	VTX00265	99.81	1.0	0.77		VTX00265	99.81	Glomus coronatum	Glomus	0	VTX00265	assigned	Funneliformis coronatus	98.62	0.974	1.16		Funneliformis coronatus	98.62	Funneliformis coronatus	Funneliformis	0	Funneliformis coronatus
PX214466.1	Funneliformis coronatus | W143_5_12A	Funneliformis coronatus	Glomerales	main		ok	assigned	VTX00265	99.81	1.0	0.77		VTX00265	99.81	Glomus coronatum	Glomus	0	VTX00265	assigned	Funneliformis coronatus	98.62	0.974	1.16		Funneliformis coronatus	98.62	Funneliformis coronatus	Funneliformis	0	Funneliformis coronatus
PX214467.1	Funneliformis coronatus | W143_5_12A	Funneliformis coronatus	Glomerales	main		ok	assigned	VTX00265	99.81	1.0	0.77		VTX00265	99.81	Glomus coronatum	Glomus	0	VTX00265	assigned	Funneliformis coronatus	98.62	0.974	1.16		Funneliformis coronatus	98.62	Funneliformis coronatus	Funneliformis	0	Funneliformis coronatus
PX214468.1	Funneliformis coronatus | W143_5_12A	Funneliformis coronatus	Glomerales	main		ok	assigned	VTX00265	99.81	1.0	0.77		VTX00265	99.81	Glomus coronatum	Glomus	0	VTX00265	assigned	Funneliformis coronatus	98.48	0.974	1.02		Funneliformis coronatus	98.48	Funneliformis coronatus	Funneliformis	0	Funneliformis coronatus
PX214469.1	Funneliformis coronatus | W699_21_3A	Funneliformis coronatus	Glomerales	main		ok	assigned	VTX00265	99.81	1.0	0.77		VTX00265	99.81	Glomus coronatum	Glomus	0	VTX00265	assigned	Funneliformis coronatus	98.9	0.974	1.14		Funneliformis coronatus	98.9	Funneliformis coronatus	Funneliformis	0	Funneliformis coronatus
PX214470.1	Funneliformis coronatus | W699_21_3A	Funneliformis coronatus	Glomerales	main		ok	assigned	VTX00265	99.81	1.0	0.77		VTX00265	99.81	Glomus coronatum	Glomus	0	VTX00265	assigned	Funneliformis coronatus	98.76	0.974	1.15		Funneliformis coronatus	98.76	Funneliformis coronatus	Funneliformis	0	Funneliformis coronatus
PX214471.1	Funneliformis coronatus | W699_21_3A	Funneliformis coronatus	Glomerales	main		ok	assigned	VTX00265	99.81	1.0	0.77		VTX00265	99.81	Glomus coronatum	Glomus	0	VTX00265	assigned	Funneliformis coronatus	98.76	0.974	1.15		Funneliformis coronatus	98.76	Funneliformis coronatus	Funneliformis	0	Funneliformis coronatus
PX214472.1	Funneliformis coronatus | W699_21_3A	Funneliformis coronatus	Glomerales	main		ok	assigned	VTX00265	99.81	1.0	0.77		VTX00265	99.81	Glomus coronatum	Glomus	0	VTX00265	assigned	Funneliformis coronatus	98.62	0.974	1.16		Funneliformis coronatus	98.62	Funneliformis coronatus	Funneliformis	0	Funneliformis coronatus
PX214473.1	Funneliformis coronatus | W111_12_886A	Funneliformis coronatus	Glomerales	main		ok	assigned	VTX00265	100.0	1.0	0.77		VTX00265	100.0	Glomus coronatum	Glomus	0	VTX00265	assigned	Funneliformis coronatus	99.17	0.976	0.97		Funneliformis coronatus	99.17	Funneliformis coronatus	Funneliformis	0	Funneliformis coronatus
PX214474.1	Funneliformis coronatus | W111_12_886A	Funneliformis coronatus	Glomerales	main		ok	assigned	VTX00265	100.0	1.0	0.77		VTX00265	100.0	Glomus coronatum	Glomus	0	VTX00265	assigned	Funneliformis coronatus	99.04	0.976	0.98		Funneliformis coronatus	99.04	Funneliformis coronatus	Funneliformis	0	Funneliformis coronatus
PX214475.1	Funneliformis coronatus | W111_12_886A	Funneliformis coronatus	Glomerales	main		ok	assigned	VTX00265	100.0	1.0	0.77		VTX00265	100.0	Glomus coronatum	Glomus	0	VTX00265	assigned	Funneliformis coronatus	98.9	0.976	0.99		Funneliformis coronatus	98.9	Funneliformis coronatus	Funneliformis	0	Funneliformis coronatus
PX214476.1	Funneliformis coronatus | W111_12_886A	Funneliformis coronatus	Glomerales	main		ok	assigned	VTX00265	100.0	1.0	0.77		VTX00265	100.0	Glomus coronatum	Glomus	0	VTX00265	assigned	Funneliformis coronatus	98.9	0.976	0.84		Funneliformis coronatus	98.9	Funneliformis coronatus	Funneliformis	0	Funneliformis coronatus
PX214477.1	Funneliformis coronatus | W111_12_886A	Funneliformis coronatus	Glomerales	main		ok	assigned	VTX00265	100.0	1.0	0.77		VTX00265	100.0	Glomus coronatum	Glomus	0	VTX00265	assigned	Funneliformis coronatus	99.17	0.976	0.97		Funneliformis coronatus	99.17	Funneliformis coronatus	Funneliformis	0	Funneliformis coronatus
PX214478.1	Funneliformis coronatus | W111_12_886A	Funneliformis coronatus	Glomerales	main		ok	assigned	VTX00265	100.0	1.0	0.77		VTX00265	100.0	Glomus coronatum	Glomus	0	VTX00265	assigned	Funneliformis coronatus	99.31	0.976	0.95		Funneliformis coronatus	99.31	Funneliformis coronatus	Funneliformis	0	Funneliformis coronatus
PX214479.1	Funneliformis coronatus | W111_12_886A	Funneliformis coronatus	Glomerales	main		ok	assigned	VTX00265	100.0	1.0	0.77		VTX00265	100.0	Glomus coronatum	Glomus	0	VTX00265	assigned	Funneliformis coronatus	99.04	0.976	0.98		Funneliformis coronatus	99.04	Funneliformis coronatus	Funneliformis	0	Funneliformis coronatus
PX214480.1	Funneliformis coronatus | W111_12_886A	Funneliformis coronatus	Glomerales	main		ok	assigned	VTX00265	100.0	1.0	0.77		VTX00265	100.0	Glomus coronatum	Glomus	0	VTX00265	assigned	Funneliformis coronatus	99.31	0.976	0.95		Funneliformis coronatus	99.31	Funneliformis coronatus	Funneliformis	0	Funneliformis coronatus
PX214481.1	Funneliformis mosseae | C2	Funneliformis mosseae	Glomerales	main		ok	assigned	VTX00067	100.0	1.0	0.77		VTX00067	100.0	Glomus mosseae	Glomus	0	VTX00067	assigned	Funneliformis coronatus	99.44	1.0	0.28		Funneliformis coronatus	99.44	Funneliformis coronatus	Funneliformis	0	Funneliformis coronatus
PX214482.1	Funneliformis mosseae | C2	Funneliformis mosseae	Glomerales	main		ok	assigned	VTX00067	100.0	1.0	0.77		VTX00067	100.0	Glomus mosseae	Glomus	0	VTX00067	assigned	Funneliformis coronatus	99.44	1.0	0.28		Funneliformis coronatus	99.44	Funneliformis coronatus	Funneliformis	0	Funneliformis coronatus
PX214483.1	Funneliformis mosseae | C2	Funneliformis mosseae	Glomerales	main		ok	assigned	VTX00067	100.0	1.0	0.77		VTX00067	100.0	Glomus mosseae	Glomus	0	VTX00067	assigned	Funneliformis coronatus	99.72	1.0	0.56		Funneliformis coronatus	99.72	Funneliformis coronatus	Funneliformis	0	Funneliformis coronatus
PX214484.1	Funneliformis mosseae | C2	Funneliformis mosseae	Glomerales	main		ok	assigned	VTX00067	99.81	1.0	0.77		VTX00067	99.81	Glomus mosseae	Glomus	0	VTX00067	assigned	Funneliformis coronatus	99.86	1.0	0.56		Funneliformis coronatus	99.86	Funneliformis coronatus	Funneliformis	0	Funneliformis coronatus
PX214485.1	Funneliformis mosseae | C2	Funneliformis mosseae	Glomerales	main		ok	assigned	VTX00067	100.0	1.0	0.77		VTX00067	100.0	Glomus mosseae	Glomus	0	VTX00067	assigned	Funneliformis coronatus	99.44	1.0	0.28		Funneliformis coronatus	99.44	Funneliformis coronatus	Funneliformis	0	Funneliformis coronatus
PX214486.1	Funneliformis mosseae | 2101_50A	Funneliformis mosseae	Glomerales	main		ok	assigned	VTX00067	100.0	1.0	0.77		VTX00067	100.0	Glomus mosseae	Glomus	0	VTX00067	assigned	Funneliformis coronatus	98.89	1.0	0.28		Funneliformis coronatus	98.89	Funneliformis coronatus	Funneliformis	0	Funneliformis coronatus
PX214487.1	Funneliformis mosseae | 2101_50A	Funneliformis mosseae	Glomerales	main		ok	assigned	VTX00067	100.0	1.0	0.77		VTX00067	100.0	Glomus mosseae	Glomus	0	VTX00067	assigned	Funneliformis coronatus	99.16	1.0	0.56		Funneliformis coronatus	99.16	Funneliformis coronatus	Funneliformis	0	Funneliformis coronatus
PX214488.1	Funneliformis mosseae | 2101_50A	Funneliformis mosseae	Glomerales	main		ok	assigned	VTX00067	100.0	1.0	0.77		VTX00067	100.0	Glomus mosseae	Glomus	0	VTX00067	assigned	Funneliformis coronatus	99.16	1.0	0.56		Funneliformis coronatus	99.16	Funneliformis coronatus	Funneliformis	0	Funneliformis coronatus
PX214489.1	Funneliformis mosseae | 3502	Funneliformis mosseae	Glomerales	main		ok	assigned	VTX00067	100.0	1.0	0.77		VTX00067	100.0	Glomus mosseae	Glomus	0	VTX00067	assigned	Funneliformis coronatus	99.58	1.0	0.56		Funneliformis coronatus	99.58	Funneliformis coronatus	Funneliformis	0	Funneliformis coronatus
PX214490.1	Funneliformis mosseae | FEC30_219A	Funneliformis mosseae	Glomerales	main		ok	assigned	VTX00067	100.0	1.0	0.96		VTX00067	100.0	Glomus mosseae	Glomus	0	VTX00067	assigned	Funneliformis coronatus	99.44	1.0	0.28		Funneliformis coronatus	99.44	Funneliformis coronatus	Funneliformis	0	Funneliformis coronatus
PX214491.1	Funneliformis mosseae | 2101_50A	Funneliformis mosseae	Glomerales	main		ok	assigned	VTX00067	100.0	1.0	0.77		VTX00067	100.0	Glomus mosseae	Glomus	0	VTX00067	assigned	Funneliformis coronatus	99.3	1.0	0.28		Funneliformis coronatus	99.3	Funneliformis coronatus	Funneliformis	0	Funneliformis coronatus
PX214492.1	Funneliformis mosseae | W32_9_13A	Funneliformis mosseae	Glomerales	main		ok	assigned	VTX00067	100.0	1.0	0.96		VTX00067	100.0	Glomus mosseae	Glomus	0	VTX00067	ambiguous		99.3	1.0	0.0	Funneliformis caledonium,Funneliformis coronatus	Funneliformis coronatus	99.3	Funneliformis coronatus	Funneliformis	0	
PX214493.1	Funneliformis mosseae | 3502	Funneliformis mosseae	Glomerales	main		ok	assigned	VTX00067	100.0	1.0	0.96		VTX00067	100.0	Glomus mosseae	Glomus	0	VTX00067	ambiguous		99.44	1.0	0.0	Funneliformis caledonium,Funneliformis coronatus	Funneliformis coronatus	99.44	Funneliformis coronatus	Funneliformis	0	Funneliformis coronatus
PX214494.1	Funneliformis mosseae | 3502	Funneliformis mosseae	Glomerales	main		ok	assigned	VTX00067	100.0	1.0	0.77		VTX00067	100.0	Glomus mosseae	Glomus	0	VTX00067	assigned	Funneliformis coronatus	99.16	1.0	0.28		Funneliformis coronatus	99.16	Funneliformis coronatus	Funneliformis	0	Funneliformis coronatus
PX214495.1	Funneliformis mosseae | W32_9_13A	Funneliformis mosseae	Glomerales	main		ok	assigned	VTX00067	100.0	1.0	0.96		VTX00067	100.0	Glomus mosseae	Glomus	0	VTX00067	ambiguous		99.44	1.0	0.0	Funneliformis caledonium,Funneliformis coronatus	Funneliformis coronatus	99.44	Funneliformis coronatus	Funneliformis	0	
PX214496.1	Funneliformis mosseae | W32_9_13A	Funneliformis mosseae	Glomerales	main		ok	assigned	VTX00067	100.0	1.0	0.96		VTX00067	100.0	Glomus mosseae	Glomus	0	VTX00067	ambiguous		99.44	1.0	0.0	Funneliformis caledonium,Funneliformis coronatus	Funneliformis coronatus	99.44	Funneliformis coronatus	Funneliformis	0	
PX214497.1	Funneliformis mosseae | W32_9_13A	Funneliformis mosseae	Glomerales	main		ok	assigned	VTX00067	100.0	1.0	0.96		VTX00067	100.0	Glomus mosseae	Glomus	0	VTX00067	ambiguous		99.44	1.0	0.0	Funneliformis caledonium,Funneliformis coronatus	Funneliformis coronatus	99.44	Funneliformis coronatus	Funneliformis	0	
PX214498.1	Funneliformis mosseae | W32_9_13A	Funneliformis mosseae	Glomerales	main		ok	assigned	VTX00067	100.0	1.0	0.77		VTX00067	100.0	Glomus mosseae	Glomus	0	VTX00067	ambiguous		99.3	1.0	0.0	Funneliformis caledonium,Funneliformis coronatus	Funneliformis coronatus	99.3	Funneliformis coronatus	Funneliformis	0	
PX214499.1	Funneliformis mosseae | 2101_50A	Funneliformis mosseae	Glomerales	main		ok	assigned	VTX00067	100.0	1.0	0.77		VTX00067	100.0	Glomus mosseae	Glomus	0	VTX00067	assigned	Funneliformis coronatus	99.44	1.0	0.28		Funneliformis coronatus	99.44	Funneliformis coronatus	Funneliformis	0	Funneliformis coronatus
PX214500.1	Funneliformis mosseae | 2101_50A	Funneliformis mosseae	Glomerales	main		ok	assigned	VTX00067	100.0	1.0	0.77		VTX00067	100.0	Glomus mosseae	Glomus	0	VTX00067	assigned	Funneliformis coronatus	99.44	1.0	0.28		Funneliformis coronatus	99.44	Funneliformis coronatus	Funneliformis	0	Funneliformis coronatus
PX214501.1	Funneliformis mosseae | 2101_50A	Funneliformis mosseae	Glomerales	main		ok	assigned	VTX00067	100.0	1.0	0.77		VTX00067	100.0	Glomus mosseae	Glomus	0	VTX00067	assigned	Funneliformis coronatus	99.3	1.0	0.28		Funneliformis coronatus	99.3	Funneliformis coronatus	Funneliformis	0	Funneliformis coronatus
PX214502.1	Funneliformis mosseae | 198394_123A	Funneliformis mosseae	Glomerales	main		ok	assigned	VTX00067	100.0	1.0	0.77		VTX00067	100.0	Glomus mosseae	Glomus	0	VTX00067	assigned	Funneliformis coronatus	99.16	1.0	0.28		Funneliformis coronatus	99.16	Funneliformis coronatus	Funneliformis	0	Funneliformis coronatus
PX214503.1	Funneliformis mosseae | 2252_723A	Funneliformis mosseae	Glomerales	main		ok	assigned	VTX00067	100.0	1.0	0.77		VTX00067	100.0	Glomus mosseae	Glomus	0	VTX00067	assigned	Funneliformis coronatus	99.16	1.0	0.28		Funneliformis coronatus	99.16	Funneliformis coronatus	Funneliformis	0	Funneliformis coronatus
PX214504.1	Funneliformis mosseae | 2252_723A	Funneliformis mosseae	Glomerales	main		ok	assigned	VTX00067	100.0	1.0	0.77		VTX00067	100.0	Glomus mosseae	Glomus	0	VTX00067	ambiguous		99.3	1.0	0.0	Funneliformis caledonium,Funneliformis coronatus	Funneliformis coronatus	99.3	Funneliformis coronatus	Funneliformis	0	Funneliformis coronatus
PX214505.1	Funneliformis mosseae | 2252_723A	Funneliformis mosseae	Glomerales	main		ok	assigned	VTX00067	100.0	1.0	0.77		VTX00067	100.0	Glomus mosseae	Glomus	0	VTX00067	assigned	Funneliformis coronatus	99.44	1.0	0.28		Funneliformis coronatus	99.44	Funneliformis coronatus	Funneliformis	0	Funneliformis coronatus
PX214506.1	Funneliformis mosseae | 198394_123A	Funneliformis mosseae	Glomerales	main		ok	assigned	VTX00067	100.0	1.0	0.77		VTX00067	100.0	Glomus mosseae	Glomus	0	VTX00067	ambiguous		99.16	1.0	0.0	Funneliformis caledonium,Funneliformis coronatus	Funneliformis coronatus	99.16	Funneliformis coronatus	Funneliformis	0	Funneliformis coronatus
PX214507.1	Funneliformis mosseae | 2252_723A	Funneliformis mosseae	Glomerales	main		ok	assigned	VTX00067	100.0	1.0	0.77		VTX00067	100.0	Glomus mosseae	Glomus	0	VTX00067	ambiguous		99.16	1.0	0.0	Funneliformis caledonium,Funneliformis coronatus	Funneliformis coronatus	99.16	Funneliformis coronatus	Funneliformis	0	Funneliformis coronatus
PX214508.1	Funneliformis mosseae | 2252_723A	Funneliformis mosseae	Glomerales	main		ok	assigned	VTX00067	100.0	1.0	0.77		VTX00067	100.0	Glomus mosseae	Glomus	0	VTX00067	ambiguous		99.3	1.0	0.0	Funneliformis caledonium,Funneliformis coronatus	Funneliformis coronatus	99.3	Funneliformis coronatus	Funneliformis	0	Funneliformis coronatus
PX214509.1	Funneliformis mosseae | 2252_723A	Funneliformis mosseae	Glomerales	main		ok	assigned	VTX00067	100.0	1.0	0.77		VTX00067	100.0	Glomus mosseae	Glomus	0	VTX00067	assigned	Funneliformis coronatus	99.44	1.0	0.28		Funneliformis coronatus	99.44	Funneliformis coronatus	Funneliformis	0	Funneliformis coronatus
PX214510.1	Funneliformis mosseae | 2252_723A	Funneliformis mosseae	Glomerales	main		ok	assigned	VTX00067	100.0	1.0	0.77		VTX00067	100.0	Glomus mosseae	Glomus	0	VTX00067	assigned	Funneliformis coronatus	99.16	1.0	0.28		Funneliformis coronatus	99.16	Funneliformis coronatus	Funneliformis	0	Funneliformis coronatus
PX214511.1	Funneliformis mosseae | 198394_123A	Funneliformis mosseae	Glomerales	main		ok	assigned	VTX00067	100.0	1.0	0.77		VTX00067	100.0	Glomus mosseae	Glomus	0	VTX00067	assigned	Funneliformis coronatus	99.16	1.0	0.28		Funneliformis coronatus	99.16	Funneliformis coronatus	Funneliformis	0	Funneliformis coronatus
PX214512.1	Funneliformis mosseae | 198394_123A	Funneliformis mosseae	Glomerales	main		ok	assigned	VTX00067	100.0	1.0	0.77		VTX00067	100.0	Glomus mosseae	Glomus	0	VTX00067	ambiguous		99.3	1.0	0.0	Funneliformis caledonium,Funneliformis coronatus	Funneliformis coronatus	99.3	Funneliformis coronatus	Funneliformis	0	Funneliformis coronatus
PX214513.1	Funneliformis mosseae | 2252_723A	Funneliformis mosseae	Glomerales	main		ok	assigned	VTX00067	100.0	1.0	0.77		VTX00067	100.0	Glomus mosseae	Glomus	0	VTX00067	ambiguous		99.16	1.0	0.0	Funneliformis caledonium,Funneliformis coronatus	Funneliformis coronatus	99.16	Funneliformis coronatus	Funneliformis	0	Funneliformis coronatus
PX214514.1	Funneliformis mosseae | 198394_123A	Funneliformis mosseae	Glomerales	main		ok	assigned	VTX00067	100.0	1.0	0.77		VTX00067	100.0	Glomus mosseae	Glomus	0	VTX00067	assigned	Funneliformis coronatus	99.16	1.0	0.28		Funneliformis coronatus	99.16	Funneliformis coronatus	Funneliformis	0	Funneliformis coronatus
PX214515.1	Funneliformis mosseae | 198394_123A	Funneliformis mosseae	Glomerales	main		ok	assigned	VTX00067	100.0	1.0	0.77		VTX00067	100.0	Glomus mosseae	Glomus	0	VTX00067	ambiguous		99.3	1.0	0.0	Funneliformis caledonium,Funneliformis coronatus	Funneliformis coronatus	99.3	Funneliformis coronatus	Funneliformis	0	Funneliformis coronatus
PX214516.1	Funneliformis mosseae | 198394_123A	Funneliformis mosseae	Glomerales	main		ok	assigned	VTX00067	100.0	1.0	0.77		VTX00067	100.0	Glomus mosseae	Glomus	0	VTX00067	ambiguous		99.58	1.0	0.0	Funneliformis caledonium,Funneliformis coronatus	Funneliformis coronatus	99.58	Funneliformis coronatus	Funneliformis	0	Funneliformis coronatus
PX214517.1	Funneliformis mosseae | 2252_723A	Funneliformis mosseae	Glomerales	main		ok	assigned	VTX00067	100.0	1.0	0.77		VTX00067	100.0	Glomus mosseae	Glomus	0	VTX00067	ambiguous		99.58	1.0	0.0	Funneliformis caledonium,Funneliformis coronatus	Funneliformis coronatus	99.58	Funneliformis coronatus	Funneliformis	0	Funneliformis coronatus
PX214518.1	Funneliformis mosseae | W32_9_13A	Funneliformis mosseae	Glomerales	main		ok	assigned	VTX00067	100.0	1.0	0.96		VTX00067	100.0	Glomus mosseae	Glomus	0	VTX00067	ambiguous		99.44	1.0	0.0	Funneliformis caledonium,Funneliformis coronatus	Funneliformis coronatus	99.44	Funneliformis coronatus	Funneliformis	0	
PX214519.1	Funneliformis mosseae | W32_9_13A	Funneliformis mosseae	Glomerales	main		ok	assigned	VTX00067	100.0	1.0	0.77		VTX00067	100.0	Glomus mosseae	Glomus	0	VTX00067	ambiguous		99.44	1.0	0.0	Funneliformis caledonium,Funneliformis coronatus	Funneliformis coronatus	99.44	Funneliformis coronatus	Funneliformis	0	
PX214520.1	Funneliformis mosseae | W32_9_13A	Funneliformis mosseae	Glomerales	main		ok	assigned	VTX00067	100.0	1.0	0.96		VTX00067	100.0	Glomus mosseae	Glomus	0	VTX00067	ambiguous		99.44	1.0	0.0	Funneliformis caledonium,Funneliformis coronatus	Funneliformis coronatus	99.44	Funneliformis coronatus	Funneliformis	0	
PX214521.1	Funneliformis mosseae | 3502	Funneliformis mosseae	Glomerales	main		ok	assigned	VTX00067	100.0	1.0	0.96		VTX00067	100.0	Glomus mosseae	Glomus	0	VTX00067	ambiguous		99.58	1.0	0.0	Funneliformis caledonium,Funneliformis coronatus	Funneliformis coronatus	99.58	Funneliformis coronatus	Funneliformis	0	Funneliformis coronatus
PX214522.1	Funneliformis mosseae | 4344_272A	Funneliformis mosseae	Glomerales	main		ok	assigned	VTX00067	99.81	1.0	0.77		VTX00067	99.81	Glomus mosseae	Glomus	0	VTX00067	ambiguous		98.89	1.0	0.0	Funneliformis caledonium,Funneliformis coronatus	Funneliformis coronatus	98.89	Funneliformis coronatus	Funneliformis	0	Funneliformis coronatus
PX214523.1	Funneliformis mosseae | 4344_272A	Funneliformis mosseae	Glomerales	main		ok	assigned	VTX00067	99.81	1.0	0.39		VTX00067	99.81	Glomus mosseae	Glomus	0	VTX00067	ambiguous		98.89	1.0	0.0	Funneliformis caledonium,Funneliformis coronatus	Funneliformis coronatus	98.89	Funneliformis coronatus	Funneliformis	0	Funneliformis coronatus
PX214524.1	Funneliformis mosseae | 4344_272A	Funneliformis mosseae	Glomerales	main		ok	assigned	VTX00067	99.81	1.0	0.39		VTX00067	99.81	Glomus mosseae	Glomus	0	VTX00067	assigned	Funneliformis coronatus	99.16	1.0	0.28		Funneliformis coronatus	99.16	Funneliformis coronatus	Funneliformis	0	Funneliformis coronatus
PX214525.1	Funneliformis mosseae | 4344_272A	Funneliformis mosseae	Glomerales	main		ok	assigned	VTX00067	99.81	1.0	0.39		VTX00067	99.81	Glomus mosseae	Glomus	0	VTX00067	ambiguous		98.89	1.0	0.0	Funneliformis caledonium,Funneliformis coronatus	Funneliformis coronatus	98.89	Funneliformis coronatus	Funneliformis	0	Funneliformis coronatus
PX214526.1	Funneliformis mosseae | CHB4_Fmos	Funneliformis mosseae	Glomerales	main		ok	assigned	VTX00067	100.0	1.0	0.77		VTX00067	100.0	Glomus mosseae	Glomus	0	VTX00067	assigned	Funneliformis coronatus	100.0	1.0	0.56		Funneliformis coronatus	100.0	Funneliformis coronatus	Funneliformis	0	Funneliformis coronatus
PX214527.1	Funneliformis mosseae | CHB4_Fmos	Funneliformis mosseae	Glomerales	main		ok	assigned	VTX00067	100.0	1.0	0.77		VTX00067	100.0	Glomus mosseae	Glomus	0	VTX00067	assigned	Funneliformis coronatus	99.86	1.0	0.56		Funneliformis coronatus	99.86	Funneliformis coronatus	Funneliformis	0	Funneliformis coronatus
PX214528.1	Funneliformis mosseae | CHB4_Fmos	Funneliformis mosseae	Glomerales	main		ok	assigned	VTX00067	100.0	1.0	0.77		VTX00067	100.0	Glomus mosseae	Glomus	0	VTX00067	assigned	Funneliformis coronatus	99.86	1.0	0.56		Funneliformis coronatus	99.86	Funneliformis coronatus	Funneliformis	0	Funneliformis coronatus
PX214529.1	Funneliformis mosseae | CHB4_Fmos	Funneliformis mosseae	Glomerales	main		ok	assigned	VTX00067	100.0	1.0	0.77		VTX00067	100.0	Glomus mosseae	Glomus	0	VTX00067	assigned	Funneliformis coronatus	99.72	1.0	0.56		Funneliformis coronatus	99.72	Funneliformis coronatus	Funneliformis	0	Funneliformis coronatus
PX214530.1	Funneliformis mosseae | CHB4_Fmos	Funneliformis mosseae	Glomerales	main		ok	assigned	VTX00067	100.0	1.0	0.77		VTX00067	100.0	Glomus mosseae	Glomus	0	VTX00067	assigned	Funneliformis coronatus	99.86	1.0	0.56		Funneliformis coronatus	99.86	Funneliformis coronatus	Funneliformis	0	Funneliformis coronatus
PX214531.1	Funneliformis mosseae | CHB4_Fmos	Funneliformis mosseae	Glomerales	main		ok	assigned	VTX00067	100.0	1.0	0.77		VTX00067	100.0	Glomus mosseae	Glomus	0	VTX00067	assigned	Funneliformis coronatus	99.31	1.001	0.56		Funneliformis coronatus	99.31	Funneliformis coronatus	Funneliformis	0	Funneliformis coronatus
PX214532.1	Funneliformis mosseae | FEC30_219A	Funneliformis mosseae	Glomerales	main		ok	assigned	VTX00067	100.0	1.0	0.77		VTX00067	100.0	Glomus mosseae	Glomus	0	VTX00067	assigned	Funneliformis coronatus	99.3	1.0	0.28		Funneliformis coronatus	99.3	Funneliformis coronatus	Funneliformis	0	Funneliformis coronatus
PX214533.1	Funneliformis mosseae | FEC30_219A	Funneliformis mosseae	Glomerales	main		ok	assigned	VTX00067	100.0	1.0	0.77		VTX00067	100.0	Glomus mosseae	Glomus	0	VTX00067	assigned	Funneliformis coronatus	99.44	1.0	0.28		Funneliformis coronatus	99.44	Funneliformis coronatus	Funneliformis	0	Funneliformis coronatus
PX214534.1	Funneliformis mosseae | FEC30_219A	Funneliformis mosseae	Glomerales	main		ok	assigned	VTX00067	100.0	1.0	0.96		VTX00067	100.0	Glomus mosseae	Glomus	0	VTX00067	assigned	Funneliformis coronatus	99.44	1.0	0.28		Funneliformis coronatus	99.44	Funneliformis coronatus	Funneliformis	0	Funneliformis coronatus
PX214535.1	Funneliformis mosseae | FEC30_219A	Funneliformis mosseae	Glomerales	main		ok	assigned	VTX00067	100.0	1.0	0.96		VTX00067	100.0	Glomus mosseae	Glomus	0	VTX00067	assigned	Funneliformis coronatus	99.58	1.0	0.28		Funneliformis coronatus	99.58	Funneliformis coronatus	Funneliformis	0	Funneliformis coronatus
PX214536.1	Funneliformis mosseae | FEC30_219A	Funneliformis mosseae	Glomerales	main		ok	assigned	VTX00067	100.0	1.0	0.77		VTX00067	100.0	Glomus mosseae	Glomus	0	VTX00067	assigned	Funneliformis coronatus	99.31	1.001	0.28		Funneliformis coronatus	99.31	Funneliformis coronatus	Funneliformis	0	Funneliformis coronatus
PX214537.1	Funneliformis mosseae | CHB4_Fmos	Funneliformis mosseae	Glomerales	main		ok	assigned	VTX00067	99.81	1.0	0.39		VTX00067	99.81	Glomus mosseae	Glomus	0	VTX00067	assigned	Funneliformis coronatus	99.58	1.0	0.56		Funneliformis coronatus	99.58	Funneliformis coronatus	Funneliformis	0	Funneliformis coronatus
PX214538.1	Funneliformis mosseae | CHB4_Fmos	Funneliformis mosseae	Glomerales	main		ok	assigned	VTX00067	99.81	1.0	0.77		VTX00067	99.81	Glomus mosseae	Glomus	0	VTX00067	assigned	Funneliformis coronatus	99.86	1.0	0.56		Funneliformis coronatus	99.86	Funneliformis coronatus	Funneliformis	0	Funneliformis coronatus
PX214539.1	Funneliformis mosseae | CHB4_Fmos	Funneliformis mosseae	Glomerales	main		ok	assigned	VTX00067	99.81	1.0	0.39		VTX00067	99.81	Glomus mosseae	Glomus	0	VTX00067	assigned	Funneliformis coronatus	99.31	1.001	0.56		Funneliformis coronatus	99.31	Funneliformis coronatus	Funneliformis	0	Funneliformis coronatus
PX214540.1	Funneliformis mosseae | CHB4_Fmos	Funneliformis mosseae	Glomerales	main		ok	assigned	VTX00067	100.0	1.0	0.77		VTX00067	100.0	Glomus mosseae	Glomus	0	VTX00067	assigned	Funneliformis coronatus	99.86	1.0	0.56		Funneliformis coronatus	99.86	Funneliformis coronatus	Funneliformis	0	Funneliformis coronatus
PX214541.1	Funneliformis mosseae | 3502	Funneliformis mosseae	Glomerales	main		ok	assigned	VTX00067	100.0	1.0	0.77		VTX00067	100.0	Glomus mosseae	Glomus	0	VTX00067	assigned	Funneliformis coronatus	99.16	1.0	0.56		Funneliformis coronatus	99.16	Funneliformis coronatus	Funneliformis	0	Funneliformis coronatus
PX214542.1	Funneliformis mosseae | 2101_50A	Funneliformis mosseae	Glomerales	main		ok	assigned	VTX00067	100.0	1.0	0.77		VTX00067	100.0	Glomus mosseae	Glomus	0	VTX00067	assigned	Funneliformis coronatus	99.44	1.0	0.28		Funneliformis coronatus	99.44	Funneliformis coronatus	Funneliformis	0	Funneliformis coronatus
PX214543.1	Funneliformis mosseae | 2101_50A	Funneliformis mosseae	Glomerales	main		ok	assigned	VTX00067	100.0	1.0	0.77		VTX00067	100.0	Glomus mosseae	Glomus	0	VTX00067	assigned	Funneliformis coronatus	99.44	1.0	0.28		Funneliformis coronatus	99.44	Funneliformis coronatus	Funneliformis	0	Funneliformis coronatus
PX214544.1	Funneliformis mosseae | CHB1_Fmos	Funneliformis mosseae	Glomerales	main		ok	assigned	VTX00067	100.0	1.0	0.77		VTX00067	100.0	Glomus mosseae	Glomus	0	VTX00067	assigned	Funneliformis coronatus	98.47	1.0	0.28		Funneliformis coronatus	98.47	Funneliformis coronatus	Funneliformis	0	Funneliformis coronatus
PX214545.1	Funneliformis mosseae | CHB1_Fmos	Funneliformis mosseae	Glomerales	main		ok	assigned	VTX00067	99.81	1.0	0.77		VTX00067	99.81	Glomus mosseae	Glomus	0	VTX00067	assigned	Funneliformis coronatus	98.61	1.003	0.28		Funneliformis coronatus	98.61	Funneliformis coronatus	Funneliformis	0	Funneliformis coronatus
PX214546.1	Funneliformis mosseae | CHB1_Fmos	Funneliformis mosseae	Glomerales	main		ok	assigned	VTX00067	100.0	1.0	0.77		VTX00067	100.0	Glomus mosseae	Glomus	0	VTX00067	assigned	Funneliformis coronatus	98.89	1.001	0.28		Funneliformis coronatus	98.89	Funneliformis coronatus	Funneliformis	0	Funneliformis coronatus
PX214547.1	Funneliformis mosseae | CHB1_Fmos	Funneliformis mosseae	Glomerales	main		ok	assigned	VTX00067	100.0	1.0	0.77		VTX00067	100.0	Glomus mosseae	Glomus	0	VTX00067	assigned	Funneliformis coronatus	98.89	1.0	0.28		Funneliformis coronatus	98.89	Funneliformis coronatus	Funneliformis	0	Funneliformis coronatus
PX214548.1	Funneliformis mosseae | CHB1_Fmos	Funneliformis mosseae	Glomerales	main		ok	assigned	VTX00067	100.0	1.0	0.77		VTX00067	100.0	Glomus mosseae	Glomus	0	VTX00067	assigned	Funneliformis coronatus	98.75	1.0	0.28		Funneliformis coronatus	98.75	Funneliformis coronatus	Funneliformis	0	Funneliformis coronatus
PX214549.1	Funneliformis mosseae | CHB1_Fmos	Funneliformis mosseae	Glomerales	main		ok	assigned	VTX00067	100.0	1.0	0.77		VTX00067	100.0	Glomus mosseae	Glomus	0	VTX00067	assigned	Funneliformis coronatus	99.16	1.0	0.28		Funneliformis coronatus	99.16	Funneliformis coronatus	Funneliformis	0	Funneliformis coronatus
PX214550.1	Funneliformis mosseae | CHB1_Fmos	Funneliformis mosseae	Glomerales	main		ok	assigned	VTX00067	100.0	1.0	0.77		VTX00067	100.0	Glomus mosseae	Glomus	0	VTX00067	assigned	Funneliformis coronatus	99.16	1.0	0.28		Funneliformis coronatus	99.16	Funneliformis coronatus	Funneliformis	0	Funneliformis coronatus
PX214551.1	Funneliformis mosseae | CHB1_Fmos	Funneliformis mosseae	Glomerales	main		ok	assigned	VTX00067	99.81	1.0	0.77		VTX00067	99.81	Glomus mosseae	Glomus	0	VTX00067	assigned	Funneliformis coronatus	99.03	1.0	0.28		Funneliformis coronatus	99.03	Funneliformis coronatus	Funneliformis	0	Funneliformis coronatus
PX214552.1	Funneliformis mosseae | CHB1_Fmos	Funneliformis mosseae	Glomerales	main		ok	assigned	VTX00067	99.81	1.0	0.77		VTX00067	99.81	Glomus mosseae	Glomus	0	VTX00067	assigned	Funneliformis coronatus	99.03	1.0	0.28		Funneliformis coronatus	99.03	Funneliformis coronatus	Funneliformis	0	Funneliformis coronatus
PX214553.1	Funneliformis mosseae | CHB1_Fmos	Funneliformis mosseae	Glomerales	main		ok	assigned	VTX00067	100.0	1.0	0.77		VTX00067	100.0	Glomus mosseae	Glomus	0	VTX00067	assigned	Funneliformis coronatus	98.89	1.0	0.28		Funneliformis coronatus	98.89	Funneliformis coronatus	Funneliformis	0	Funneliformis coronatus
PX214554.1	Funneliformis mosseae | CHB4_Fmos	Funneliformis mosseae	Glomerales	main		ok	assigned	VTX00067	100.0	1.0	0.77		VTX00067	100.0	Glomus mosseae	Glomus	0	VTX00067	assigned	Funneliformis coronatus	98.89	1.0	0.28		Funneliformis coronatus	98.89	Funneliformis coronatus	Funneliformis	0	Funneliformis coronatus
PX214555.1	Funneliformis mosseae | CHB1_Fmos	Funneliformis mosseae	Glomerales	main		ok	assigned	VTX00067	99.81	1.0	0.77		VTX00067	99.81	Glomus mosseae	Glomus	0	VTX00067	assigned	Funneliformis coronatus	98.89	1.0	0.28		Funneliformis coronatus	98.89	Funneliformis coronatus	Funneliformis	0	Funneliformis coronatus
PX214556.1	Funneliformis mosseae | CHB1_Fmos	Funneliformis mosseae	Glomerales	main		ok	assigned	VTX00067	100.0	1.0	0.77		VTX00067	100.0	Glomus mosseae	Glomus	0	VTX00067	assigned	Funneliformis coronatus	99.03	1.0	0.28		Funneliformis coronatus	99.03	Funneliformis coronatus	Funneliformis	0	Funneliformis coronatus
PX214557.1	Funneliformis mosseae | CHB1_Fmos	Funneliformis mosseae	Glomerales	main		ok	assigned	VTX00067	100.0	1.0	0.77		VTX00067	100.0	Glomus mosseae	Glomus	0	VTX00067	assigned	Funneliformis coronatus	99.03	1.0	0.28		Funneliformis coronatus	99.03	Funneliformis coronatus	Funneliformis	0	Funneliformis coronatus
PX214558.1	Funneliformis mosseae | CHB1_Fmos	Funneliformis mosseae	Glomerales	main		ok	assigned	VTX00067	100.0	1.0	0.77		VTX00067	100.0	Glomus mosseae	Glomus	0	VTX00067	assigned	Funneliformis coronatus	99.03	1.0	0.28		Funneliformis coronatus	99.03	Funneliformis coronatus	Funneliformis	0	Funneliformis coronatus
PX214559.1	Funneliformis mosseae | CHB3_Fmos	Funneliformis mosseae	Glomerales	main		ok	assigned	VTX00067	100.0	1.0	0.77		VTX00067	100.0	Glomus mosseae	Glomus	0	VTX00067	assigned	Funneliformis coronatus	99.58	1.0	0.28		Funneliformis coronatus	99.58	Funneliformis coronatus	Funneliformis	0	Funneliformis coronatus
PX214560.1	Funneliformis mosseae | CHB3_Fmos	Funneliformis mosseae	Glomerales	main		ok	assigned	VTX00067	100.0	1.0	0.77		VTX00067	100.0	Glomus mosseae	Glomus	0	VTX00067	assigned	Funneliformis coronatus	99.58	1.0	0.28		Funneliformis coronatus	99.58	Funneliformis coronatus	Funneliformis	0	Funneliformis coronatus
PX214561.1	Funneliformis mosseae | CHB3_Fmos	Funneliformis mosseae	Glomerales	main		ok	assigned	VTX00067	99.81	1.0	0.39		VTX00067	99.81	Glomus mosseae	Glomus	0	VTX00067	assigned	Funneliformis coronatus	99.86	1.0	0.56		Funneliformis coronatus	99.86	Funneliformis coronatus	Funneliformis	0	Funneliformis coronatus
PX214562.1	Funneliformis mosseae | 4344_272A	Funneliformis mosseae	Glomerales	main		ok	assigned	VTX00067	100.0	1.0	0.77		VTX00067	100.0	Glomus mosseae	Glomus	0	VTX00067	assigned	Funneliformis coronatus	99.16	1.0	0.28		Funneliformis coronatus	99.16	Funneliformis coronatus	Funneliformis	0	Funneliformis coronatus
PX214563.1	Funneliformis mosseae | 4344_272A	Funneliformis mosseae	Glomerales	main		ok	assigned	VTX00067	99.81	1.0	0.77		VTX00067	99.81	Glomus mosseae	Glomus	0	VTX00067	ambiguous		98.89	1.0	0.0	Funneliformis caledonium,Funneliformis coronatus	Funneliformis coronatus	98.89	Funneliformis coronatus	Funneliformis	0	Funneliformis coronatus
PX214564.1	Funneliformis mosseae | 4344_272A	Funneliformis mosseae	Glomerales	main		ok	assigned	VTX00067	100.0	1.0	0.77		VTX00067	100.0	Glomus mosseae	Glomus	0	VTX00067	ambiguous		99.03	1.0	0.0	Funneliformis caledonium,Funneliformis coronatus	Funneliformis coronatus	99.03	Funneliformis coronatus	Funneliformis	0	Funneliformis coronatus
PX214565.1	Funneliformis mosseae | 4344_272A	Funneliformis mosseae	Glomerales	main		ok	assigned	VTX00067	100.0	1.0	0.77		VTX00067	100.0	Glomus mosseae	Glomus	0	VTX00067	assigned	Funneliformis coronatus	99.16	1.0	0.28		Funneliformis coronatus	99.16	Funneliformis coronatus	Funneliformis	0	Funneliformis coronatus
PX214566.1	Funneliformis mosseae | 4344_272A	Funneliformis mosseae	Glomerales	main		ok	assigned	VTX00067	99.81	1.0	0.39		VTX00067	99.81	Glomus mosseae	Glomus	0	VTX00067	assigned	Funneliformis coronatus	99.44	1.0	0.28		Funneliformis coronatus	99.44	Funneliformis coronatus	Funneliformis	0	Funneliformis coronatus
PX214567.1	Funneliformis mosseae | 4344_272A	Funneliformis mosseae	Glomerales	main		ok	assigned	VTX00067	99.81	1.0	0.39		VTX00067	99.81	Glomus mosseae	Glomus	0	VTX00067	assigned	Funneliformis coronatus	99.03	1.0	0.28		Funneliformis coronatus	99.03	Funneliformis coronatus	Funneliformis	0	Funneliformis coronatus
PX214568.1	Funneliformis mosseae | CHB1_Fmos	Funneliformis mosseae	Glomerales	main		ok	assigned	VTX00067	100.0	1.0	0.77		VTX00067	100.0	Glomus mosseae	Glomus	0	VTX00067	assigned	Funneliformis coronatus	99.03	1.0	0.28		Funneliformis coronatus	99.03	Funneliformis coronatus	Funneliformis	0	Funneliformis coronatus
PX214569.1	Funneliformis mosseae | W32_9_13A	Funneliformis mosseae	Glomerales	main		ok	assigned	VTX00067	100.0	1.0	0.96		VTX00067	100.0	Glomus mosseae	Glomus	0	VTX00067	ambiguous		99.31	1.001	0.0	Funneliformis caledonium,Funneliformis coronatus	Funneliformis coronatus	99.31	Funneliformis coronatus	Funneliformis	0	
PX214570.1	Funneliformis mosseae | CHB1_Fmos	Funneliformis mosseae	Glomerales	main		ok	assigned	VTX00067	100.0	1.0	0.77		VTX00067	100.0	Glomus mosseae	Glomus	0	VTX00067	assigned	Funneliformis coronatus	98.33	1.0	0.28		Funneliformis coronatus	98.33	Funneliformis coronatus	Funneliformis	0	Funneliformis coronatus
PX214571.1	Funneliformis mosseae | CHB1_Fmos	Funneliformis mosseae	Glomerales	main		ok	assigned	VTX00067	99.81	1.0	0.77		VTX00067	99.81	Glomus mosseae	Glomus	0	VTX00067	assigned	Funneliformis coronatus	98.75	1.0	0.28		Funneliformis coronatus	98.75	Funneliformis coronatus	Funneliformis	0	Funneliformis coronatus
PX214572.1	Septoglomus viscosum | CW0029_4028A	Septoglomus viscosum	Glomerales	main		ok	assigned	VTX00063	99.23	1.0	1.92		VTX00063	99.23	Glomus Goomaral13a Glo1	Glomus	0	VTX00063	assigned	Septoglomus Viscospora viscosa	97.77	1.0	5.44		Septoglomus Viscospora viscosa	97.77	Septoglomus Viscospora viscosa	Septoglomus	0	Septoglomus Viscospora viscosa
PX214573.1	Septoglomus viscosum | MD215_360A	Septoglomus viscosum	Glomerales	main		ok	assigned	VTX00063	99.23	1.0	1.92		VTX00063	99.23	Glomus Goomaral13a Glo1	Glomus	0	VTX00063	assigned	Septoglomus Viscospora viscosa	97.91	1.0	5.58		Septoglomus Viscospora viscosa	97.91	Septoglomus Viscospora viscosa	Septoglomus	0	Septoglomus Viscospora viscosa
PX214574.1	Septoglomus viscosum | MD215_360A	Septoglomus viscosum	Glomerales	main		ok	assigned	VTX00063	99.23	1.0	1.92		VTX00063	99.23	Glomus Goomaral13a Glo1	Glomus	0	VTX00063	assigned	Septoglomus Viscospora viscosa	97.91	1.0	5.14		Septoglomus Viscospora viscosa	97.91	Septoglomus Viscospora viscosa	Septoglomus	0	Septoglomus Viscospora viscosa
PX214575.1	Septoglomus viscosum | MD215_360A	Septoglomus viscosum	Glomerales	main		ok	assigned	VTX00063	99.23	1.0	1.53		VTX00063	99.23	Glomus sp.	Glomus	0	VTX00063	assigned	Septoglomus Viscospora viscosa	97.77	1.0	5.44		Septoglomus Viscospora viscosa	97.77	Septoglomus Viscospora viscosa	Septoglomus	0	Septoglomus Viscospora viscosa
PX214576.1	Septoglomus viscosum | W375_18_642E	Septoglomus viscosum	Glomerales	main		ok	assigned	VTX00063	99.61	1.0	1.92		VTX00063	99.61	Glomus Torrecillas12b Glo G15	Glomus	0	VTX00063	assigned	Septoglomus Viscospora viscosa	97.35	1.001	5.61		Septoglomus Viscospora viscosa	97.35	Septoglomus Viscospora viscosa	Septoglomus	0	Septoglomus Viscospora viscosa
PX214577.1	Septoglomus viscosum | W375_18_642E	Septoglomus viscosum	Glomerales	main		ok	assigned	VTX00063	99.81	1.0	2.3		VTX00063	99.81	Glomus Torrecillas12b Glo G15	Glomus	0	VTX00063	assigned	Septoglomus Viscospora viscosa	98.05	1.001	6.16		Septoglomus Viscospora viscosa	98.05	Septoglomus Viscospora viscosa	Septoglomus	0	Septoglomus Viscospora viscosa
PX214578.1	Septoglomus viscosum | CW0029_4028A	Septoglomus viscosum	Glomerales	main		ok	assigned	VTX00063	99.42	1.004	1.92		VTX00063	99.42	Glomus NES05	Glomus	0	VTX00063	assigned	Septoglomus Viscospora viscosa	97.49	1.001	5.81		Septoglomus Viscospora viscosa	97.49	Septoglomus Viscospora viscosa	Septoglomus	0	Septoglomus Viscospora viscosa
PX214579.1	Septoglomus viscosum | W375_18_642E	Septoglomus viscosum	Glomerales	main		ok	assigned	VTX00063	100.0	1.0	2.11		VTX00063	100.0	Glomus sp.	Glomus	0	VTX00063	assigned	Septoglomus Viscospora viscosa	98.05	1.001	6.17		Septoglomus Viscospora viscosa	98.05	Septoglomus Viscospora viscosa	Septoglomus	0	Septoglomus Viscospora viscosa
PX214580.1	Septoglomus viscosum | CW0002_4001A	Septoglomus viscosum	Glomerales	main		ok	assigned	VTX00063	99.61	1.0	2.31		VTX00063	99.61	Glomus sp.	Glomus	0	VTX00063	unassigned			1.003	4.68		Septoglomus Viscospora viscosa	96.8	Septoglomus Viscospora viscosa	Septoglomus	0	
PX214581.1	Septoglomus viscosum | CW0002_4001A	Septoglomus viscosum	Glomerales	main		ok	assigned	VTX00063	99.81	1.0	2.11		VTX00063	99.81	Glomus sp.	Glomus	0	VTX00063	unassigned			1.003	4.68		Septoglomus Viscospora viscosa	96.8	Septoglomus Viscospora viscosa	Septoglomus	0	
PX214582.1	Septoglomus viscosum | CW0002_4001A	Septoglomus viscosum	Glomerales	main		ok	assigned	VTX00063	98.86	1.008	1.91		VTX00063	98.86	Glomus sp.	Glomus	0	VTX00063	unassigned			1.003	4.68		Septoglomus Viscospora viscosa	96.8	Septoglomus Viscospora viscosa	Septoglomus	0	
PX214583.1	Septoglomus viscosum | W375_18_642E	Septoglomus viscosum	Glomerales	divergent	divergent_5.8S,ssu_outlier	ok	assigned	VTX00409	98.46	1.0	2.31		VTX00409	98.46	Glomus Torrecillas12b Glo G13 T	Glomus	0	VTX00063	assigned	Septoglomus Viscospora viscosa	98.89	1.003	8.1		Septoglomus Viscospora viscosa	98.89	Septoglomus Viscospora viscosa	Septoglomus	0	Septoglomus Viscospora viscosa
PX214584.1	Septoglomus sp. | 5070_5024A	Septoglomus sp.	Glomerales	main		ok	assigned	VTX00063	97.31	1.002	0.76		VTX00063	97.31	Glomus Goomaral13a Glo1	Glomus	0	VTX00063	assigned	Septoglomus Viscospora peruviscosa	97.8	0.978	4.5		Septoglomus Viscospora peruviscosa	97.8	Septoglomus Viscospora peruviscosa	Septoglomus	0	Septoglomus Viscospora peruviscosa
PX214585.1	Septoglomus sp. | C4	Septoglomus sp.	Glomerales	main		ok	assigned	VTX00063	97.31	1.002	0.76		VTX00063	97.31	Glomus Goomaral13a Glo1	Glomus	0	VTX00063	assigned	Septoglomus Viscospora peruviscosa	97.8	0.978	4.5		Septoglomus Viscospora peruviscosa	97.8	Septoglomus Viscospora peruviscosa	Septoglomus	0	Septoglomus Viscospora peruviscosa
PX214586.1	Septoglomus sp. | 5070_5024A	Septoglomus sp.	Glomerales	main		ok	assigned	VTX00063	97.12	1.002	0.37		VTX00063	97.12	Glomus Goomaral13a Glo1	Glomus	0	VTX00063	assigned	Septoglomus Viscospora peruviscosa	99.59	0.975	6.69		Septoglomus Viscospora peruviscosa	99.59	Septoglomus Viscospora peruviscosa	Septoglomus	0	Septoglomus Viscospora peruviscosa
PX214587.1	Septoglomus sp. | C4	Septoglomus sp.	Glomerales	main		ok	assigned	VTX00063	97.12	1.002	0.37		VTX00063	97.12	Glomus Goomaral13a Glo1	Glomus	0	VTX00063	assigned	Septoglomus Viscospora peruviscosa	99.59	0.975	6.69		Septoglomus Viscospora peruviscosa	99.59	Septoglomus Viscospora peruviscosa	Septoglomus	0	Septoglomus Viscospora peruviscosa
PX214588.1	Septoglomus sp. | C4	Septoglomus sp.	Glomerales	main		ok	unassigned			1.002	0.56		VTX00063	96.93	Glomus sp.	Glomus	0	VTX00063	assigned	Septoglomus Viscospora peruviscosa	99.59	0.975	6.69		Septoglomus Viscospora peruviscosa	99.59	Septoglomus Viscospora peruviscosa	Septoglomus	0	Septoglomus Viscospora peruviscosa
PX214589.1	Septoglomus sp. | C4	Septoglomus sp.	Glomerales	main		ok	assigned	VTX00063	97.06	1.002	0.37		VTX00063	96.93	Glomus Goomaral13a Glo1	Glomus	0	VTX00063	assigned	Septoglomus Viscospora peruviscosa	99.59	0.975	6.69		Septoglomus Viscospora peruviscosa	99.59	Septoglomus Viscospora peruviscosa	Septoglomus	0	Septoglomus Viscospora peruviscosa
PX214590.1	Septoglomus sp. | C4	Septoglomus sp.	Glomerales	main		ok	assigned	VTX00063	97.06	1.004	0.37		VTX00063	96.94	Glomus Goomaral13a Glo1	Glomus	0	VTX00063	assigned	Septoglomus Viscospora peruviscosa	99.59	0.975	6.69		Septoglomus Viscospora peruviscosa	99.59	Septoglomus Viscospora peruviscosa	Septoglomus	0	Septoglomus Viscospora peruviscosa
PX214591.1	Septoglomus sp. | 5070_5024A	Septoglomus sp.	Glomerales	main		ok	unassigned			1.002	0.37		VTX00063	96.93	Glomus Goomaral13a Glo1	Glomus	0	VTX00063	assigned	Septoglomus Viscospora peruviscosa	99.59	0.974	6.69		Septoglomus Viscospora peruviscosa	99.59	Septoglomus Viscospora peruviscosa	Septoglomus	0	Septoglomus Viscospora peruviscosa
PX214592.1	Septoglomus sp. | C4	Septoglomus sp.	Glomerales	main		ok	unassigned			1.002	0.56		VTX00063	96.93	Glomus sp.	Glomus	0	VTX00063	assigned	Septoglomus Viscospora peruviscosa	97.68	0.977	4.38		Septoglomus Viscospora peruviscosa	97.68	Septoglomus Viscospora peruviscosa	Septoglomus	0	Septoglomus Viscospora peruviscosa
PX214593.1	Septoglomus sp. | C4	Septoglomus sp.	Glomerales	main		ok	unassigned			1.002	0.56		VTX00063	96.93	Glomus sp.	Glomus	0	VTX00063	assigned	Septoglomus Viscospora peruviscosa	98.08	0.976	4.79		Septoglomus Viscospora peruviscosa	98.08	Septoglomus Viscospora peruviscosa	Septoglomus	0	Septoglomus Viscospora peruviscosa
PX214594.1	Septoglomus sp. | C4	Septoglomus sp.	Glomerales	main		ok	unassigned			1.002	0.56		VTX00063	96.93	Glomus sp.	Glomus	0	VTX00063	assigned	Septoglomus Viscospora peruviscosa	97.95	0.976	4.65		Septoglomus Viscospora peruviscosa	97.95	Septoglomus Viscospora peruviscosa	Septoglomus	0	Septoglomus Viscospora peruviscosa
PX214595.1	Septoglomus sp. | 4404_2057A	Septoglomus sp.	Glomerales	divergent	divergent_5.8S	ok	assigned	VTX00064	99.04	1.0	1.35		VTX00064	99.04	Glomus constrictum	Glomus	0	VTX00064	assigned	Septoglomus nigrum	99.58	0.958	1.02		Septoglomus nigrum	99.58	Septoglomus nigrum	Septoglomus	0	Septoglomus africanum
PX214596.1	Septoglomus sp. | FS_9_2328B	Septoglomus sp.	Glomerales	main		ok	assigned	VTX00064	98.85	1.0	1.21		VTX00064	98.85	Glomus constrictum	Glomus	0	VTX00064	assigned	Septoglomus nigrum	99.02	0.958	1.32		Septoglomus nigrum	99.02	Septoglomus nigrum	Septoglomus	0	Septoglomus nigrum
PX214597.1	Septoglomus sp. | FS_9_2328B	Septoglomus sp.	Glomerales	main		ok	assigned	VTX00064	99.04	1.0	1.35		VTX00064	99.04	Glomus Glo G5	Glomus	0	VTX00064	assigned	Septoglomus nigrum	99.02	0.958	1.32		Septoglomus nigrum	99.02	Septoglomus nigrum	Septoglomus	0	Septoglomus nigrum
PX214598.1	Septoglomus sp. | FS_9_2328B	Septoglomus sp.	Glomerales	main		ok	assigned	VTX00064	99.42	1.0	1.73		VTX00064	99.42	Glomus Glo G5	Glomus	0	VTX00064	assigned	Septoglomus nigrum	99.02	0.958	1.32		Septoglomus nigrum	99.02	Septoglomus nigrum	Septoglomus	0	Septoglomus nigrum
PX214599.1	Septoglomus sp. | 4404_2057A	Septoglomus sp.	Glomerales	main		ok	assigned	VTX00064	99.42	1.0	1.35		VTX00064	99.42	Glomus Glo G5	Glomus	0	VTX00064	assigned	Septoglomus africanum	98.07	0.977	0.28		Septoglomus africanum	98.07	Septoglomus africanum	Septoglomus	0	Septoglomus africanum
PX214600.1	Septoglomus sp. | 4404_2057A	Septoglomus sp.	Glomerales	main		ok	assigned	VTX00064	99.42	1.0	1.35		VTX00064	99.42	Glomus Glo G5	Glomus	0	VTX00064	assigned	Septoglomus africanum	98.07	0.977	0.28		Septoglomus africanum	98.07	Septoglomus africanum	Septoglomus	0	Septoglomus africanum
PX214601.1	Septoglomus sp. | FS_9_2328B	Septoglomus sp.	Glomerales	divergent	divergent_5.8S	ok	assigned	VTX00064	99.61	1.0	1.73		VTX00064	99.61	Glomus Glo G5	Glomus	0	VTX00064	assigned	Septoglomus africanum	98.07	0.977	0.28		Septoglomus africanum	98.07	Septoglomus africanum	Septoglomus	0	Septoglomus nigrum
PX214602.1	Septoglomus sp. | FS_9_2328B	Septoglomus sp.	Glomerales	divergent	divergent_5.8S	ok	assigned	VTX00064	99.42	1.0	1.35		VTX00064	99.42	Glomus Glo G5	Glomus	0	VTX00064	assigned	Septoglomus africanum	98.35	0.977	0.27		Septoglomus africanum	98.35	Septoglomus africanum	Septoglomus	0	Septoglomus nigrum
PX214603.1	Septoglomus sp. | Blasz_17_2277A	Septoglomus sp.	Glomerales	main		ok	assigned	VTX00064	98.85	1.0	1.15		VTX00064	98.85	Glomus Glo G5	Glomus	0	VTX00064	assigned	Septoglomus altomontanum	99.31	0.976	0.96		Septoglomus altomontanum	99.31	Septoglomus altomontanum	Septoglomus	0	Septoglomus altomontanum
PX214604.1	Septoglomus sp. | Blasz_17_2277A	Septoglomus sp.	Glomerales	main		ok	assigned	VTX00064	98.85	1.0	1.15		VTX00064	98.85	Glomus Glo G5	Glomus	0	VTX00064	assigned	Septoglomus altomontanum	99.04	0.976	0.69		Septoglomus altomontanum	99.04	Septoglomus altomontanum	Septoglomus	0	Septoglomus altomontanum
PX214605.1	Septoglomus sp. | Blasz_17_2277A	Septoglomus sp.	Glomerales	main		ok	assigned	VTX00064	99.42	1.0	1.54		VTX00064	99.42	Glomus VeGloC	Glomus	0	VTX00064	assigned	Septoglomus altomontanum	99.31	0.976	0.96		Septoglomus altomontanum	99.31	Septoglomus altomontanum	Septoglomus	0	Septoglomus altomontanum
PX214606.1	Septoglomus sp. | Blasz_17_2277A	Septoglomus sp.	Glomerales	main		ok	assigned	VTX00064	98.85	1.0	1.15		VTX00064	98.85	Glomus Glo G5	Glomus	0	VTX00064	assigned	Septoglomus altomontanum	98.9	0.976	0.28		Septoglomus altomontanum	98.9	Septoglomus altomontanum	Septoglomus	0	Septoglomus altomontanum
PX214607.1	Septoglomus sp. | Blasz_17_2277A	Septoglomus sp.	Glomerales	main		ok	assigned	VTX00064	98.85	1.0	1.15		VTX00064	98.85	Glomus Glo G5	Glomus	0	VTX00064	assigned	Septoglomus africanum	98.77	0.976	0.27		Septoglomus africanum	98.77	Septoglomus africanum	Septoglomus	0	Septoglomus altomontanum
PX214608.1	Septoglomus sp. | SO43BL	Septoglomus sp.	Glomerales	divergent	divergent_5.8S	ok	assigned	VTX00064	98.85	1.0	1.15		VTX00064	98.85	Glomus Glo G5	Glomus	0	VTX00064	assigned	Septoglomus altomontanum	99.31	0.976	0.96		Septoglomus altomontanum	99.31	Septoglomus altomontanum	Septoglomus	0	Septoglomus africanum
PX214609.1	Septoglomus sp. | Blasz_17_2277A	Septoglomus sp.	Glomerales	divergent	divergent_5.8S	ok	assigned	VTX00064	99.42	1.0	1.54		VTX00064	99.42	Glomus VeGloC	Glomus	0	VTX00064	assigned	Septoglomus africanum	99.86	0.976	1.24		Septoglomus africanum	99.86	Septoglomus africanum	Septoglomus	0	Septoglomus altomontanum
PX214610.1	Septoglomus sp. | SO43BL	Septoglomus sp.	Glomerales	main		ok	assigned	VTX00064	99.42	1.0	1.54		VTX00064	99.42	Glomus VeGloC	Glomus	0	VTX00064	assigned	Septoglomus africanum	99.59	0.976	1.24		Septoglomus africanum	99.59	Septoglomus africanum	Septoglomus	0	Septoglomus africanum
PX214611.1	Septoglomus sp. | SO43BL	Septoglomus sp.	Glomerales	main		ok	assigned	VTX00064	99.42	1.0	1.54		VTX00064	99.42	Glomus VeGloC	Glomus	0	VTX00064	assigned	Septoglomus africanum	99.86	0.974	1.24		Septoglomus africanum	99.86	Septoglomus africanum	Septoglomus	0	Septoglomus africanum
PX214612.1	Septoglomus sp. | SO43BL	Septoglomus sp.	Glomerales	main		ok	assigned	VTX00064	99.42	1.0	1.54		VTX00064	99.42	Glomus VeGloC	Glomus	0	VTX00064	assigned	Septoglomus africanum	99.72	0.974	1.24		Septoglomus africanum	99.72	Septoglomus africanum	Septoglomus	0	Septoglomus africanum
PX214613.1	Septoglomus sp. | SO43BL	Septoglomus sp.	Glomerales	main		ok	assigned	VTX00064	99.42	1.0	1.54		VTX00064	99.42	Glomus VeGloC	Glomus	0	VTX00064	assigned	Septoglomus africanum	99.72	0.974	1.24		Septoglomus africanum	99.72	Septoglomus africanum	Septoglomus	0	Septoglomus africanum
PX214614.1	Septoglomus sp. | SO43BL	Septoglomus sp.	Glomerales	main		ok	assigned	VTX00064	99.42	1.0	1.54		VTX00064	99.42	Glomus VeGloC	Glomus	0	VTX00064	assigned	Septoglomus africanum	99.86	0.974	1.24		Septoglomus africanum	99.86	Septoglomus africanum	Septoglomus	0	Septoglomus africanum
PX214615.1	Glomus tetrastratosum | CW0020_4019A	Glomus tetrastratosum	Glomerales	main		ok	assigned	VTX00199	100.0	1.0	1.35		VTX00199	100.0	Glomus sp.	Glomus	0	VTX00199	assigned	Glomus tetrastratosum	99.02	0.975	1.26		Glomus tetrastratosum	99.02	Glomus tetrastratosum	Glomus	0	Glomus tetrastratosum
PX214616.1	Glomus tetrastratosum | CW0020_4019A	Glomus tetrastratosum	Glomerales	main		ok	assigned	VTX00199	100.0	1.0	1.35		VTX00199	100.0	Glomus sp.	Glomus	0	VTX00199	assigned	Glomus tetrastratosum	99.44	0.975	1.68		Glomus tetrastratosum	99.44	Glomus tetrastratosum	Glomus	0	Glomus tetrastratosum
PX214617.1	Glomus tetrastratosum | 5105_2444A	Glomus tetrastratosum	Glomerales	main		ok	assigned	VTX00199	100.0	1.0	1.18		VTX00199	100.0	Glomus hoi	Glomus	0	VTX00199	assigned	Glomus tetrastratosum	99.3	0.975	1.54		Glomus tetrastratosum	99.3	Glomus tetrastratosum	Glomus	0	Glomus tetrastratosum
PX214618.1	Glomus tetrastratosum | 4433_785B	Glomus tetrastratosum	Glomerales	main		ok	assigned	VTX00199	99.81	1.0	0.79		VTX00199	99.81	Glomus hoi	Glomus	0	VTX00199	assigned	Glomus tetrastratosum	99.44	0.975	1.82		Glomus tetrastratosum	99.44	Glomus tetrastratosum	Glomus	0	Glomus tetrastratosum
PX214619.1	Glomus tetrastratosum | SASK26_2406A	Glomus tetrastratosum	Glomerales	main		ok	assigned	VTX00199	99.81	1.0	1.18		VTX00199	99.81	Glomus hoi	Glomus	0	VTX00199	assigned	Glomus tetrastratosum	99.16	0.975	1.54		Glomus tetrastratosum	99.16	Glomus tetrastratosum	Glomus	0	Glomus tetrastratosum
PX214620.1	Glomus tetrastratosum | 5105_2444A	Glomus tetrastratosum	Glomerales	main		ok	assigned	VTX00199	99.61	1.0	0.99		VTX00199	99.61	Glomus sp.	Glomus	0	VTX00199	assigned	Glomus tetrastratosum	98.74	0.975	1.82		Glomus tetrastratosum	98.74	Glomus tetrastratosum	Glomus	0	Glomus tetrastratosum
PX214621.1	Glomus tetrastratosum | CW0020_4019A	Glomus tetrastratosum	Glomerales	main		ok	assigned	VTX00199	100.0	1.0	1.35		VTX00199	100.0	Glomus sp.	Glomus	0	VTX00199	assigned	Glomus tetrastratosum	99.02	0.977	1.4		Glomus tetrastratosum	99.02	Glomus tetrastratosum	Glomus	0	Glomus tetrastratosum
PX214622.1	Glomus tetrastratosum | 5105_2444A	Glomus tetrastratosum	Glomerales	main		ok	assigned	VTX00199	99.61	1.0	0.79		VTX00199	99.61	Glomus hoi	Glomus	0	VTX00199	assigned	Glomus tetrastratosum	99.16	0.975	1.82		Glomus tetrastratosum	99.16	Glomus tetrastratosum	Glomus	0	Glomus tetrastratosum
PX214623.1	Glomus tetrastratosum | 5105_2444A	Glomus tetrastratosum	Glomerales	main		ok	assigned	VTX00199	99.61	1.0	0.79		VTX00199	99.61	Glomus hoi	Glomus	0	VTX00199	assigned	Glomus tetrastratosum	99.02	0.975	1.68		Glomus tetrastratosum	99.02	Glomus tetrastratosum	Glomus	0	Glomus tetrastratosum
PX214624.1	Glomus tetrastratosum | 5105_2444A	Glomus tetrastratosum	Glomerales	main		ok	assigned	VTX00199	99.81	1.0	0.98		VTX00199	99.81	Glomus hoi	Glomus	0	VTX00199	assigned	Glomus tetrastratosum	99.02	0.975	1.68		Glomus tetrastratosum	99.02	Glomus tetrastratosum	Glomus	0	Glomus tetrastratosum
PX214625.1	Glomus tetrastratosum | 5105_2444A	Glomus tetrastratosum	Glomerales	main		ok	assigned	VTX00199	99.42	1.0	0.8		VTX00199	99.42	Glomus hoi	Glomus	0	VTX00199	assigned	Glomus tetrastratosum	99.44	0.975	1.82		Glomus tetrastratosum	99.44	Glomus tetrastratosum	Glomus	0	Glomus tetrastratosum
PX214626.1	Glomus tetrastratosum | 4433_785B	Glomus tetrastratosum	Glomerales	main		ok	assigned	VTX00199	99.81	1.0	0.98		VTX00199	99.81	Glomus sp.	Glomus	0	VTX00199	assigned	Glomus tetrastratosum	97.9	0.975	1.26		Glomus tetrastratosum	97.9	Glomus tetrastratosum	Glomus	0	Glomus tetrastratosum
PX214627.1	Glomus tetrastratosum | 4433_785B	Glomus tetrastratosum	Glomerales	main		ok	assigned	VTX00199	99.81	1.0	1.18		VTX00199	99.81	Glomus sp.	Glomus	0	VTX00199	assigned	Glomus tetrastratosum	97.9	0.975	1.26		Glomus tetrastratosum	97.9	Glomus tetrastratosum	Glomus	0	Glomus tetrastratosum
PX214628.1	Glomus tetrastratosum | 4433_785B	Glomus tetrastratosum	Glomerales	main		ok	assigned	VTX00199	99.81	1.0	0.98		VTX00199	99.81	Glomus sp.	Glomus	0	VTX00199	assigned	Glomus tetrastratosum	98.18	0.975	1.54		Glomus tetrastratosum	98.18	Glomus tetrastratosum	Glomus	0	Glomus tetrastratosum
PX214629.1	Glomus chinense | 4650_4654_2007C	Glomus chinense	Glomerales	main		ok	assigned	VTX00199	99.23	1.0	0.39		VTX00199	99.23	Glomus Torrecillas12b Glo G21	Glomus	0	VTX00199	assigned	Glomus chinense	98.18	0.974	-0.7		Glomus chinense	98.18	Glomus chinense	Glomus	0	Glomus chinense
PX214630.1	Glomus chinense | 4419_1047A	Glomus chinense	Glomerales	main		ok	assigned	VTX00199	99.23	1.0	0.39		VTX00199	99.23	Glomus Torrecillas12b Glo G21	Glomus	0	VTX00199	assigned	Glomus chinense	98.18	0.974	-0.7		Glomus chinense	98.18	Glomus chinense	Glomus	0	Glomus chinense
PX214631.1	Glomus chinense | 4419_1047A	Glomus chinense	Glomerales	main		ok	assigned	VTX00199	99.23	1.0	0.39		VTX00199	99.23	Glomus Torrecillas12b Glo G21	Glomus	0	VTX00199	assigned	Glomus chinense	98.18	0.974	-0.7		Glomus chinense	98.18	Glomus chinense	Glomus	0	Glomus chinense
PX214632.1	Glomus chinense | 4419_1047A	Glomus chinense	Glomerales	main		ok	assigned	VTX00199	99.23	1.0	0.39		VTX00199	99.23	Glomus Torrecillas12b Glo G21	Glomus	0	VTX00199	assigned	Glomus chinense	98.18	0.974	-0.7		Glomus chinense	98.18	Glomus chinense	Glomus	0	Glomus chinense
PX214633.1	Glomus chinense | 4419_1047A	Glomus chinense	Glomerales	main		ok	assigned	VTX00199	99.23	1.0	0.39		VTX00199	99.23	Glomus Torrecillas12b Glo G21	Glomus	0	VTX00199	assigned	Glomus chinense	98.04	0.974	-0.84		Glomus chinense	98.04	Glomus chinense	Glomus	0	Glomus chinense
PX214634.1	Glomus chinense | 4419_1047A	Glomus chinense	Glomerales	main		ok	assigned	VTX00199	99.23	1.0	0.39		VTX00199	99.23	Glomus Torrecillas12b Glo G21	Glomus	0	VTX00199	assigned	Glomus chinense	98.32	0.974	-0.56		Glomus chinense	98.32	Glomus chinense	Glomus	0	Glomus chinense
PX214635.1	Glomus chinense | 4419_1047A	Glomus chinense	Glomerales	main		ok	assigned	VTX00199	99.04	1.0	0.39		VTX00199	99.04	Glomus Torrecillas12b Glo G21	Glomus	0	VTX00199	assigned	Glomus chinense	98.18	0.974	-0.7		Glomus chinense	98.18	Glomus chinense	Glomus	0	Glomus chinense
PX214636.1	Glomus chinense | 4650_4654_2007C	Glomus chinense	Glomerales	main		ok	assigned	VTX00199	99.23	1.0	0.39		VTX00199	99.23	Glomus Torrecillas12b Glo G21	Glomus	0	VTX00199	assigned	Glomus chinense	98.46	0.974	-0.42		Glomus chinense	98.46	Glomus chinense	Glomus	0	Glomus chinense
PX214637.1	Glomus chinense | 4650_4654_2007C	Glomus chinense	Glomerales	main		ok	assigned	VTX00199	99.23	1.0	0.39		VTX00199	99.23	Glomus Torrecillas12b Glo G21	Glomus	0	VTX00199	assigned	Glomus chinense	98.18	0.974	-0.7		Glomus chinense	98.18	Glomus chinense	Glomus	0	Glomus chinense
PX214638.1	Glomus chinense | 4650_4654_2007C	Glomus chinense	Glomerales	main		ok	assigned	VTX00199	99.23	1.0	0.39		VTX00199	99.23	Glomus Torrecillas12b Glo G21	Glomus	0	VTX00199	assigned	Glomus chinense	98.18	0.974	-0.7		Glomus chinense	98.18	Glomus chinense	Glomus	0	Glomus chinense
PX214639.1	Glomus chinense | 4650_4654_2007C	Glomus chinense	Glomerales	main		ok	assigned	VTX00199	99.23	1.0	0.39		VTX00199	99.23	Glomus Torrecillas12b Glo G21	Glomus	0	VTX00199	assigned	Glomus chinense	98.46	0.974	-0.42		Glomus chinense	98.46	Glomus chinense	Glomus	0	Glomus chinense
PX214640.1	Glomus chinense | 4419_1047A	Glomus chinense	Glomerales	main		ok	assigned	VTX00199	99.23	1.0	0.39		VTX00199	99.23	Glomus Torrecillas12b Glo G21	Glomus	0	VTX00199	assigned	Glomus chinense	98.46	0.974	-0.42		Glomus chinense	98.46	Glomus chinense	Glomus	0	Glomus chinense
PX214641.1	Glomus chinense | 4419_1047A	Glomus chinense	Glomerales	main		ok	assigned	VTX00199	99.23	1.0	0.39		VTX00199	99.23	Glomus Torrecillas12b Glo G21	Glomus	0	VTX00199	assigned	Glomus chinense	98.46	0.974	-0.42		Glomus chinense	98.46	Glomus chinense	Glomus	0	Glomus chinense
PX214642.1	Glomus chinense | 4419_1047A	Glomus chinense	Glomerales	main		ok	assigned	VTX00199	99.23	1.0	0.39		VTX00199	99.23	Glomus Torrecillas12b Glo G21	Glomus	0	VTX00199	assigned	Glomus chinense	98.46	0.978	-0.42		Glomus chinense	98.46	Glomus chinense	Glomus	0	Glomus chinense
PX214643.1	Glomus chinense | 4650_4654_2007C	Glomus chinense	Glomerales	main		ok	assigned	VTX00199	99.23	1.0	0.39		VTX00199	99.23	Glomus Torrecillas12b Glo G21	Glomus	0	VTX00199	assigned	Glomus chinense	98.46	0.974	-0.42		Glomus chinense	98.46	Glomus chinense	Glomus	0	Glomus chinense
PX214644.1	Glomus chinense | 4419_1047A	Glomus chinense	Glomerales	main		ok	assigned	VTX00199	99.23	1.0	0.39		VTX00199	99.23	Glomus Torrecillas12b Glo G21	Glomus	0	VTX00199	assigned	Glomus chinense	98.46	0.974	-0.42		Glomus chinense	98.46	Glomus chinense	Glomus	0	Glomus chinense
PX214645.1	Glomus chinense | 4650_4654_2007C	Glomus chinense	Glomerales	main		ok	assigned	VTX00199	99.23	1.0	0.39		VTX00199	99.23	Glomus Torrecillas12b Glo G21	Glomus	0	VTX00199	assigned	Glomus chinense	98.18	0.974	-0.7		Glomus chinense	98.18	Glomus chinense	Glomus	0	Glomus chinense
PX214646.1	Glomus chinense | 4419_1047A	Glomus chinense	Glomerales	main		ok	assigned	VTX00199	99.23	1.0	0.39		VTX00199	99.23	Glomus Torrecillas12b Glo G21	Glomus	0	VTX00199	assigned	Glomus chinense	98.18	0.974	-0.7		Glomus chinense	98.18	Glomus chinense	Glomus	0	Glomus chinense
PX214647.1	Glomus chinense | 4419_1047A	Glomus chinense	Glomerales	main		ok	assigned	VTX00199	99.23	1.0	0.39		VTX00199	99.23	Glomus Torrecillas12b Glo G21	Glomus	0	VTX00199	assigned	Glomus chinense	98.18	0.974	-0.7		Glomus chinense	98.18	Glomus chinense	Glomus	0	Glomus chinense
PX214648.1	Glomus chinense | 4411_1096D	Glomus chinense	Glomerales	main		ok	assigned	VTX00199	99.23	1.0	0.39		VTX00199	99.23	Glomus Torrecillas12b Glo G21	Glomus	0	VTX00199	assigned	Glomus chinense	98.32	0.974	-0.19		Glomus chinense	98.32	Glomus chinense	Glomus	0	Glomus chinense
PX214649.1	Glomus chinense | 4411_1096D	Glomus chinense	Glomerales	main		ok	assigned	VTX00199	99.23	1.0	0.39		VTX00199	99.23	Glomus Torrecillas12b Glo G21	Glomus	0	VTX00199	assigned	Glomus chinense	98.18	0.974	-0.33		Glomus chinense	98.18	Glomus chinense	Glomus	0	Glomus chinense
PX214650.1	Glomus chinense | 4411_1096D	Glomus chinense	Glomerales	main		ok	assigned	VTX00199	99.61	1.0	0.58		VTX00199	99.61	Glomus Torrecillas12b Glo G21	Glomus	0	VTX00199	assigned	Glomus chinense	98.18	0.974	-0.33		Glomus chinense	98.18	Glomus chinense	Glomus	0	Glomus chinense
PX214651.1	Glomus chinense | 4411_1096D	Glomus chinense	Glomerales	main		ok	assigned	VTX00199	99.23	1.0	0.39		VTX00199	99.23	Glomus Torrecillas12b Glo G21	Glomus	0	VTX00199	assigned	Glomus chinense	98.61	0.978	-0.28		Glomus chinense	98.61	Glomus chinense	Glomus	0	Glomus chinense
PX214652.1	Glomus chinense | 4036_906B	Glomus chinense	Glomerales	main		ok	assigned	VTX00199	99.23	1.0	0.58		VTX00199	99.23	Glomus Torrecillas12b Glo G21	Glomus	0	VTX00199	assigned	Glomus chinense	99.02	0.974	0.14		Glomus chinense	99.02	Glomus chinense	Glomus	0	Glomus chinense
PX214653.1	Glomus chinense | 4036_906B	Glomus chinense	Glomerales	main		ok	assigned	VTX00199	99.23	1.0	0.58		VTX00199	99.23	Glomus Torrecillas12b Glo G21	Glomus	0	VTX00199	assigned	Glomus chinense	98.89	0.978	0.0		Glomus chinense	98.89	Glomus chinense	Glomus	0	Glomus chinense
PX214654.1	Glomus chinense | 4036_906B	Glomus chinense	Glomerales	main		ok	assigned	VTX00199	98.85	1.004	0.77		VTX00199	98.85	Glomus hoi	Glomus	0	VTX00199	assigned	Glomus chinense	98.89	0.978	0.0		Glomus chinense	98.89	Glomus chinense	Glomus	0	Glomus chinense
PX214655.1	Glomus chinense | 4036_906B	Glomus chinense	Glomerales	main		ok	assigned	VTX00199	99.23	1.0	0.58		VTX00199	99.23	Glomus Torrecillas12b Glo G21	Glomus	0	VTX00199	assigned	Glomus chinense	98.19	0.978	-0.69		Glomus chinense	98.19	Glomus chinense	Glomus	0	Glomus chinense
PX214656.1	Glomus chinense | 4036_906B	Glomus chinense	Glomerales	main		ok	assigned	VTX00199	99.23	1.0	0.58		VTX00199	99.23	Glomus Torrecillas12b Glo G21	Glomus	0	VTX00199	assigned	Glomus chinense	98.75	0.978	-0.14		Glomus chinense	98.75	Glomus chinense	Glomus	0	Glomus chinense
PX214657.1	Glomus chinense | 4036_906B	Glomus chinense	Glomerales	main		ok	assigned	VTX00199	99.23	1.0	0.58		VTX00199	99.23	Glomus Torrecillas12b Glo G21	Glomus	0	VTX00199	assigned	Glomus chinense	98.88	0.974	-0.0		Glomus chinense	98.88	Glomus chinense	Glomus	0	Glomus chinense
PX214658.1	Glomus chinense | 4036_906B	Glomus chinense	Glomerales	main		ok	assigned	VTX00199	99.23	1.0	0.58		VTX00199	99.23	Glomus Torrecillas12b Glo G21	Glomus	0	VTX00199	assigned	Glomus chinense	98.88	0.974	0.37		Glomus chinense	98.88	Glomus chinense	Glomus	0	Glomus chinense
PX214659.1	Glomus chinense | 4411_1096D	Glomus chinense	Glomerales	main		ok	assigned	VTX00199	98.85	1.0	0.58		VTX00199	98.85	Glomus Torrecillas12b Glo G21	Glomus	0	VTX00199	assigned	Glomus chinense	98.46	0.974	-0.05		Glomus chinense	98.46	Glomus chinense	Glomus	0	Glomus chinense
PX214660.1	Glomus chinense | 4036_906B	Glomus chinense	Glomerales	main		ok	assigned	VTX00199	99.23	1.0	0.58		VTX00199	99.23	Glomus Torrecillas12b Glo G21	Glomus	0	VTX00199	assigned	Glomus chinense	98.32	0.974	-0.56		Glomus chinense	98.32	Glomus chinense	Glomus	0	Glomus chinense
PX214661.1	Glomus chinense | 4036_906B	Glomus chinense	Glomerales	main		ok	assigned	VTX00199	99.23	1.0	0.58		VTX00199	99.23	Glomus Torrecillas12b Glo G21	Glomus	0	VTX00199	assigned	Glomus chinense	99.02	0.974	0.14		Glomus chinense	99.02	Glomus chinense	Glomus	0	Glomus chinense
PX214662.1	Glomus chinense | 4419_1047A	Glomus chinense	Glomerales	main		ok	assigned	VTX00199	99.23	1.0	0.39		VTX00199	99.23	Glomus Torrecillas12b Glo G21	Glomus	0	VTX00199	assigned	Glomus chinense	98.46	0.974	-0.42		Glomus chinense	98.46	Glomus chinense	Glomus	0	Glomus chinense
PX214663.1	Glomus chinense | 4411_1096D	Glomus chinense	Glomerales	main		ok	assigned	VTX00199	99.04	1.0	0.96		VTX00199	99.04	Glomus Torrecillas12b Glo G21	Glomus	0	VTX00199	assigned	Glomus chinense	98.17	0.97	0.44		Glomus chinense	98.17	Glomus chinense	Glomus	0	Glomus chinense
PX214664.1	Glomus macrocarpum | W6285_2347C	Glomus macrocarpum	Glomerales	main		ok	assigned	VTX00199	100.0	1.0	1.35		VTX00199	100.0	Glomus macrocarpum	Glomus	0	VTX00199	assigned	Glomus macrocarpum	99.02	0.974	-0.61		Glomus macrocarpum	99.02	Glomus macrocarpum	Glomus	0	Glomus macrocarpum
PX214665.1	Glomus macrocarpum | W6285_2347C	Glomus macrocarpum	Glomerales	main		ok	assigned	VTX00199	99.81	1.0	0.96		VTX00199	99.81	Glomus macrocarpum	Glomus	0	VTX00199	assigned	Glomus macrocarpum	99.86	0.974	0.61		Glomus macrocarpum	99.86	Glomus macrocarpum	Glomus	0	Glomus macrocarpum
PX214666.1	Glomus macrocarpum | W6285_2347C	Glomus macrocarpum	Glomerales	main		ok	assigned	VTX00199	99.81	1.0	0.96		VTX00199	99.81	Glomus macrocarpum	Glomus	0	VTX00199	assigned	Glomus macrocarpum	98.88	0.974	-0.75		Glomus macrocarpum	98.88	Glomus macrocarpum	Glomus	0	Glomus macrocarpum
PX214667.1	Glomus macrocarpum | W6285_2347C	Glomus macrocarpum	Glomerales	main		ok	assigned	VTX00199	99.81	1.0	0.96		VTX00199	99.81	Glomus Torrecillas12b Glo G21	Glomus	0	VTX00199	assigned	Glomus macrocarpum	99.3	0.974	0.42		Glomus macrocarpum	99.3	Glomus macrocarpum	Glomus	0	Glomus macrocarpum
PX214668.1	Glomus macrocarpum | W6285_2347C	Glomus macrocarpum	Glomerales	main		ok	assigned	VTX00199	99.81	1.0	0.96		VTX00199	99.81	Glomus Torrecillas12b Glo G21	Glomus	0	VTX00199	assigned	Glomus macrocarpum	99.3	0.974	0.42		Glomus macrocarpum	99.3	Glomus macrocarpum	Glomus	0	Glomus macrocarpum
PX214669.1	Glomus macrocarpum | W6285_2347C	Glomus macrocarpum	Glomerales	main		ok	assigned	VTX00199	99.81	1.0	0.96		VTX00199	99.81	Glomus macrocarpum	Glomus	0	VTX00199	assigned	Glomus macrocarpum	99.02	0.974	0.14		Glomus macrocarpum	99.02	Glomus macrocarpum	Glomus	0	Glomus macrocarpum
PX214670.1	Glomus macrocarpum | W6285_2347C	Glomus macrocarpum	Glomerales	main		ok	assigned	VTX00199	100.0	1.0	1.35		VTX00199	100.0	Glomus macrocarpum	Glomus	0	VTX00199	assigned	Glomus macrocarpum	98.74	0.974	-0.14		Glomus macrocarpum	98.74	Glomus macrocarpum	Glomus	0	Glomus macrocarpum
PX214671.1	Glomus rugosae | 2101_IVT46	Glomus rugosae	Glomerales	main		ok	assigned	VTX00199	99.81	1.0	1.18		VTX00199	99.81	Glomus macrocarpum	Glomus	0	VTX00199	assigned	Glomus mongioiense	97.9	0.974	0.0		Glomus mongioiense	97.9	Glomus mongioiense	Glomus	0	Glomus rugosae
PX214672.1	Glomus rugosae | 2101_IVT46	Glomus rugosae	Glomerales	main		ok	assigned	VTX00199	99.81	1.0	1.18		VTX00199	99.81	Glomus macrocarpum	Glomus	0	VTX00199	assigned	Glomus mongioiense	97.9	0.974	0.0		Glomus mongioiense	97.9	Glomus mongioiense	Glomus	0	Glomus rugosae
PX214673.1	Glomus rugosae | 4420_683B	Glomus rugosae	Glomerales	main		ok	assigned	VTX00199	99.61	1.0	1.18		VTX00199	99.61	Glomus macrocarpum	Glomus	0	VTX00199	assigned	Glomus mongioiense	97.9	0.974	0.0		Glomus mongioiense	97.9	Glomus mongioiense	Glomus	0	Glomus rugosae
PX214674.1	Glomus rugosae | 4420_683B	Glomus rugosae	Glomerales	main		ok	assigned	VTX00199	99.42	1.002	1.15		VTX00199	99.42	Glomus macrocarpum	Glomus	0	VTX00199	assigned	Glomus mongioiense	97.9	0.974	0.0		Glomus mongioiense	97.9	Glomus mongioiense	Glomus	0	Glomus rugosae
PX214675.1	Glomus rugosae | 2101_IVT46	Glomus rugosae	Glomerales	main		ok	assigned	VTX00199	99.61	1.0	1.18		VTX00199	99.61	Glomus macrocarpum	Glomus	0	VTX00199	assigned	Glomus rugosae	98.74	0.974	-0.52		Glomus rugosae	98.74	Glomus rugosae	Glomus	0	Glomus rugosae
PX214676.1	Glomus rugosae | 2101_IVT46	Glomus rugosae	Glomerales	main		ok	assigned	VTX00199	99.61	1.0	1.18		VTX00199	99.61	Glomus macrocarpum	Glomus	0	VTX00199	assigned	Glomus rugosae	98.74	0.974	-0.52		Glomus rugosae	98.74	Glomus rugosae	Glomus	0	Glomus rugosae
PX214677.1	Glomus rugosae | 2101_IVT46	Glomus rugosae	Glomerales	main		ok	assigned	VTX00199	99.42	1.0	0.96		VTX00199	99.42	Glomus macrocarpum	Glomus	0	VTX00199	assigned	Glomus rugosae	98.74	0.974	-0.52		Glomus rugosae	98.74	Glomus rugosae	Glomus	0	Glomus rugosae
PX214678.1	Glomus rugosae | 4420_683B	Glomus rugosae	Glomerales	main		ok	assigned	VTX00199	99.61	1.0	0.96		VTX00199	99.61	Glomus macrocarpum	Glomus	0	VTX00199	assigned	Glomus rugosae	98.6	0.974	-0.28		Glomus rugosae	98.6	Glomus rugosae	Glomus	0	Glomus rugosae
PX214679.1	Glomus rugosae | 4431_805C	Glomus rugosae	Glomerales	main		ok	assigned	VTX00199	99.61	1.0	0.96		VTX00199	99.61	Glomus macrocarpum	Glomus	0	VTX00199	assigned	Glomus rugosae	98.6	0.974	-0.28		Glomus rugosae	98.6	Glomus rugosae	Glomus	0	Glomus rugosae
PX214680.1	Glomus rugosae | 2101_IVT46	Glomus rugosae	Glomerales	main		ok	assigned	VTX00199	99.81	1.0	0.96		VTX00199	99.81	Glomus macrocarpum	Glomus	0	VTX00199	assigned	Glomus rugosae	98.74	0.974	-0.52		Glomus rugosae	98.74	Glomus rugosae	Glomus	0	Glomus rugosae
PX214681.1	Glomus rugosae | 2101_IVT46	Glomus rugosae	Glomerales	main		ok	assigned	VTX00199	99.81	1.0	0.96		VTX00199	99.81	Glomus macrocarpum	Glomus	0	VTX00199	assigned	Glomus rugosae	98.74	0.974	-0.52		Glomus rugosae	98.74	Glomus rugosae	Glomus	0	Glomus rugosae
PX214682.1	Glomus rugosae | 2101_IVT46	Glomus rugosae	Glomerales	main		ok	assigned	VTX00199	99.81	1.0	0.96		VTX00199	99.81	Glomus macrocarpum	Glomus	0	VTX00199	assigned	Glomus rugosae	98.74	0.974	-0.52		Glomus rugosae	98.74	Glomus rugosae	Glomus	0	Glomus rugosae
PX214683.1	Glomus rugosae | 2101_IVT46	Glomus rugosae	Glomerales	main		ok	assigned	VTX00199	99.81	1.0	0.96		VTX00199	99.81	Glomus macrocarpum	Glomus	0	VTX00199	assigned	Glomus rugosae	98.88	0.974	-0.75		Glomus rugosae	98.88	Glomus rugosae	Glomus	0	Glomus rugosae
PX214684.1	Glomus rugosae | 4417_1160C	Glomus rugosae	Glomerales	main		ok	assigned	VTX00199	99.61	1.0	0.96		VTX00199	99.61	Glomus Torrecillas12b Glo G21	Glomus	0	VTX00199	assigned	Glomus rugosae	99.44	0.974	-0.19		Glomus rugosae	99.44	Glomus rugosae	Glomus	0	Glomus rugosae
PX214685.1	Glomus rugosae | 4384_IVT98	Glomus rugosae	Glomerales	main		ok	assigned	VTX00199	99.61	1.0	0.96		VTX00199	99.61	Glomus Torrecillas12b Glo G21	Glomus	0	VTX00199	assigned	Glomus rugosae	99.44	0.974	-0.19		Glomus rugosae	99.44	Glomus rugosae	Glomus	0	Glomus rugosae
PX214686.1	Glomus rugosae | 4431_805C	Glomus rugosae	Glomerales	main		ok	assigned	VTX00199	99.61	1.0	0.96		VTX00199	99.61	Glomus Torrecillas12b Glo G21	Glomus	0	VTX00199	assigned	Glomus rugosae	99.44	0.974	-0.19		Glomus rugosae	99.44	Glomus rugosae	Glomus	0	Glomus rugosae
PX214687.1	Glomus rugosae | 4415_1174B	Glomus rugosae	Glomerales	main		ok	assigned	VTX00199	99.61	1.0	0.96		VTX00199	99.61	Glomus Torrecillas12b Glo G21	Glomus	0	VTX00199	assigned	Glomus rugosae	99.44	0.974	-0.19		Glomus rugosae	99.44	Glomus rugosae	Glomus	0	Glomus rugosae
PX214688.1	Glomus rugosae | 4431_805C	Glomus rugosae	Glomerales	main		ok	assigned	VTX00199	99.61	1.0	0.96		VTX00199	99.61	Glomus Torrecillas12b Glo G21	Glomus	0	VTX00199	assigned	Glomus rugosae	99.44	0.974	-0.19		Glomus rugosae	99.44	Glomus rugosae	Glomus	0	Glomus rugosae
PX214689.1	Glomus rugosae | 4431_805C	Glomus rugosae	Glomerales	main		ok	assigned	VTX00199	99.61	1.0	0.96		VTX00199	99.61	Glomus Torrecillas12b Glo G21	Glomus	0	VTX00199	assigned	Glomus rugosae	98.89	0.974	-0.74		Glomus rugosae	98.89	Glomus rugosae	Glomus	0	Glomus rugosae
PX214690.1	Glomus rugosae | 4431_805C	Glomus rugosae	Glomerales	main		ok	assigned	VTX00199	99.61	1.0	0.96		VTX00199	99.61	Glomus Torrecillas12b Glo G21	Glomus	0	VTX00199	assigned	Glomus rugosae	99.16	0.974	-0.46		Glomus rugosae	99.16	Glomus rugosae	Glomus	0	Glomus rugosae
PX214691.1	Glomus rugosae | 4431_805C	Glomus rugosae	Glomerales	main		ok	assigned	VTX00199	99.61	1.0	0.96		VTX00199	99.61	Glomus Torrecillas12b Glo G21	Glomus	0	VTX00199	assigned	Glomus rugosae	99.16	0.974	-0.46		Glomus rugosae	99.16	Glomus rugosae	Glomus	0	Glomus rugosae
PX214692.1	Glomus rugosae | 4417_1160C	Glomus rugosae	Glomerales	main		ok	assigned	VTX00199	99.61	1.0	0.96		VTX00199	99.61	Glomus Torrecillas12b Glo G21	Glomus	0	VTX00199	assigned	Glomus rugosae	99.3	0.975	-0.33		Glomus rugosae	99.3	Glomus rugosae	Glomus	0	Glomus rugosae
PX214693.1	Glomus rugosae | 4415_1174B	Glomus rugosae	Glomerales	main		ok	assigned	VTX00199	99.61	1.0	0.96		VTX00199	99.61	Glomus Torrecillas12b Glo G21	Glomus	0	VTX00199	assigned	Glomus rugosae	99.44	0.974	-0.19		Glomus rugosae	99.44	Glomus rugosae	Glomus	0	Glomus rugosae
PX214694.1	Glomus rugosae | 4417_1160C	Glomus rugosae	Glomerales	main		ok	assigned	VTX00199	99.81	1.0	0.96		VTX00199	99.81	Glomus Torrecillas12b Glo G21	Glomus	0	VTX00199	assigned	Glomus rugosae	99.16	0.974	-0.47		Glomus rugosae	99.16	Glomus rugosae	Glomus	0	Glomus rugosae
PX214695.1	Glomus rugosae | 4384_IVT98	Glomus rugosae	Glomerales	main		ok	assigned	VTX00199	99.81	1.0	0.96		VTX00199	99.81	Glomus Torrecillas12b Glo G21	Glomus	0	VTX00199	assigned	Glomus rugosae	99.16	0.974	-0.47		Glomus rugosae	99.16	Glomus rugosae	Glomus	0	Glomus rugosae
PX214696.1	Glomus rugosae | 4431_805C	Glomus rugosae	Glomerales	main		ok	assigned	VTX00199	99.81	1.0	0.96		VTX00199	99.81	Glomus Torrecillas12b Glo G21	Glomus	0	VTX00199	assigned	Glomus rugosae	99.16	0.974	-0.47		Glomus rugosae	99.16	Glomus rugosae	Glomus	0	Glomus rugosae
PX214697.1	Glomus rugosae | 4415_1174B	Glomus rugosae	Glomerales	main		ok	assigned	VTX00199	99.81	1.0	0.96		VTX00199	99.81	Glomus Torrecillas12b Glo G21	Glomus	0	VTX00199	assigned	Glomus rugosae	99.16	0.974	-0.47		Glomus rugosae	99.16	Glomus rugosae	Glomus	0	Glomus rugosae
PX214698.1	Glomus rugosae | 4417_1160C	Glomus rugosae	Glomerales	main		ok	assigned	VTX00199	99.23	1.002	0.96		VTX00199	99.23	Glomus Torrecillas12b Glo G21	Glomus	0	VTX00199	assigned	Glomus rugosae	99.44	0.974	-0.19		Glomus rugosae	99.44	Glomus rugosae	Glomus	0	Glomus rugosae
PX214699.1	Glomus rugosae | 4417_1160C	Glomus rugosae	Glomerales	main		ok	assigned	VTX00199	99.42	1.0	0.96		VTX00199	99.42	Glomus macrocarpum	Glomus	0	VTX00199	assigned	Glomus rugosae	99.44	0.974	-0.19		Glomus rugosae	99.44	Glomus rugosae	Glomus	0	Glomus rugosae
PX214700.1	Glomus rugosae | 4431_805C	Glomus rugosae	Glomerales	main		ok	assigned	VTX00199	99.42	1.0	0.96		VTX00199	99.42	Glomus macrocarpum	Glomus	0	VTX00199	assigned	Glomus rugosae	99.44	0.974	-0.19		Glomus rugosae	99.44	Glomus rugosae	Glomus	0	Glomus rugosae
PX214701.1	Glomus rugosae | 4431_805C	Glomus rugosae	Glomerales	main		ok	assigned	VTX00199	99.81	1.0	0.96		VTX00199	99.81	Glomus Torrecillas12b Glo G21	Glomus	0	VTX00199	assigned	Glomus rugosae	98.88	0.974	-0.74		Glomus rugosae	98.88	Glomus rugosae	Glomus	0	Glomus rugosae
PX214702.1	Glomus rugosae | 4384_IVT98	Glomus rugosae	Glomerales	main		ok	assigned	VTX00199	99.61	1.0	0.96		VTX00199	99.61	Glomus Torrecillas12b Glo G21	Glomus	0	VTX00199	assigned	Glomus rugosae	99.16	0.975	-0.47		Glomus rugosae	99.16	Glomus rugosae	Glomus	0	Glomus rugosae
PX214703.1	Glomus rugosae | 4417_1160C	Glomus rugosae	Glomerales	main		ok	assigned	VTX00199	99.81	1.0	0.96		VTX00199	99.81	Glomus Torrecillas12b Glo G21	Glomus	0	VTX00199	assigned	Glomus rugosae	99.16	0.974	-0.47		Glomus rugosae	99.16	Glomus rugosae	Glomus	0	Glomus rugosae
PX214704.1	Glomus rugosae | 4384_IVT98	Glomus rugosae	Glomerales	main		ok	assigned	VTX00199	99.81	1.0	0.96		VTX00199	99.81	Glomus Torrecillas12b Glo G21	Glomus	0	VTX00199	assigned	Glomus rugosae	99.16	0.974	-0.47		Glomus rugosae	99.16	Glomus rugosae	Glomus	0	Glomus rugosae
PX214705.1	Glomus rugosae | 4431_805C	Glomus rugosae	Glomerales	main		ok	assigned	VTX00199	99.81	1.0	0.96		VTX00199	99.81	Glomus Torrecillas12b Glo G21	Glomus	0	VTX00199	assigned	Glomus rugosae	99.16	0.974	-0.47		Glomus rugosae	99.16	Glomus rugosae	Glomus	0	Glomus rugosae
PX214706.1	Glomus rugosae | 4415_1174B	Glomus rugosae	Glomerales	main		ok	assigned	VTX00199	99.81	1.0	0.96		VTX00199	99.81	Glomus Torrecillas12b Glo G21	Glomus	0	VTX00199	assigned	Glomus rugosae	99.16	0.974	-0.47		Glomus rugosae	99.16	Glomus rugosae	Glomus	0	Glomus rugosae
PX214707.1	Glomus rugosae | 4417_1160C	Glomus rugosae	Glomerales	main		ok	assigned	VTX00199	99.81	1.0	0.96		VTX00199	99.81	Glomus Torrecillas12b Glo G21	Glomus	0	VTX00199	assigned	Glomus rugosae	99.16	0.974	-0.47		Glomus rugosae	99.16	Glomus rugosae	Glomus	0	Glomus rugosae
PX214708.1	Glomus rugosae | 4384_IVT98	Glomus rugosae	Glomerales	main		ok	assigned	VTX00199	99.61	1.0	0.96		VTX00199	99.61	Glomus Torrecillas12b Glo G21	Glomus	0	VTX00199	assigned	Glomus rugosae	99.3	0.974	-0.33		Glomus rugosae	99.3	Glomus rugosae	Glomus	0	Glomus rugosae
PX214709.1	Glomus rugosae | 4417_1160C	Glomus rugosae	Glomerales	main		ok	assigned	VTX00199	99.61	1.0	0.96		VTX00199	99.61	Glomus Torrecillas12b Glo G21	Glomus	0	VTX00199	assigned	Glomus rugosae	99.44	0.974	-0.19		Glomus rugosae	99.44	Glomus rugosae	Glomus	0	Glomus rugosae
PX214710.1	Glomus rugosae | 4417_1160C	Glomus rugosae	Glomerales	main		ok	assigned	VTX00199	99.42	1.0	0.96		VTX00199	99.42	Glomus macrocarpum	Glomus	0	VTX00199	assigned	Glomus rugosae	99.3	0.974	0.05		Glomus rugosae	99.3	Glomus rugosae	Glomus	0	Glomus rugosae
PX214711.1	Glomus rugosae | 4431_805C	Glomus rugosae	Glomerales	main		ok	assigned	VTX00199	99.42	1.0	0.96		VTX00199	99.42	Glomus macrocarpum	Glomus	0	VTX00199	assigned	Glomus rugosae	99.3	0.974	0.05		Glomus rugosae	99.3	Glomus rugosae	Glomus	0	Glomus rugosae
PX214712.1	Glomus rugosae | 4384_IVT98	Glomus rugosae	Glomerales	main		ok	assigned	VTX00199	99.42	1.0	0.96		VTX00199	99.42	Glomus macrocarpum	Glomus	0	VTX00199	assigned	Glomus rugosae	99.3	0.974	0.05		Glomus rugosae	99.3	Glomus rugosae	Glomus	0	Glomus rugosae
PX214713.1	Glomus rugosae | 4384_IVT98	Glomus rugosae	Glomerales	main		ok	assigned	VTX00199	99.81	1.0	0.96		VTX00199	99.81	Glomus macrocarpum	Glomus	0	VTX00199	assigned	Glomus rugosae	99.44	0.974	0.19		Glomus rugosae	99.44	Glomus rugosae	Glomus	0	Glomus rugosae
PX214714.1	Glomus rugosae | 4431_805C	Glomus rugosae	Glomerales	main		ok	assigned	VTX00199	99.81	1.0	0.96		VTX00199	99.81	Glomus macrocarpum	Glomus	0	VTX00199	assigned	Glomus rugosae	99.16	0.974	-0.1		Glomus rugosae	99.16	Glomus rugosae	Glomus	0	Glomus rugosae
PX214715.1	Glomus rugosae | 4420_683B	Glomus rugosae	Glomerales	main		ok	assigned	VTX00199	99.81	1.0	0.96		VTX00199	99.81	Glomus macrocarpum	Glomus	0	VTX00199	assigned	Glomus rugosae	99.16	0.974	-0.47		Glomus rugosae	99.16	Glomus rugosae	Glomus	0	Glomus rugosae
PX214716.1	Glomus rugosae | 4420_683B	Glomus rugosae	Glomerales	main		ok	assigned	VTX00199	99.81	1.0	0.96		VTX00199	99.81	Glomus macrocarpum	Glomus	0	VTX00199	assigned	Glomus rugosae	99.16	0.974	-0.47		Glomus rugosae	99.16	Glomus rugosae	Glomus	0	Glomus rugosae
PX214717.1	Glomus rugosae | 4431_805C	Glomus rugosae	Glomerales	main		ok	assigned	VTX00199	99.81	1.0	0.96		VTX00199	99.81	Glomus macrocarpum	Glomus	0	VTX00199	assigned	Glomus rugosae	99.16	0.974	-0.47		Glomus rugosae	99.16	Glomus rugosae	Glomus	0	Glomus rugosae
PX214718.1	Glomus rugosae | 4420_683B	Glomus rugosae	Glomerales	main		ok	assigned	VTX00199	99.81	1.0	0.96		VTX00199	99.81	Glomus macrocarpum	Glomus	0	VTX00199	assigned	Glomus rugosae	99.72	0.974	0.09		Glomus rugosae	99.72	Glomus rugosae	Glomus	0	Glomus rugosae
PX214719.1	Glomus rugosae | 4420_683B	Glomus rugosae	Glomerales	main		ok	assigned	VTX00199	99.81	1.0	0.96		VTX00199	99.81	Glomus macrocarpum	Glomus	0	VTX00199	assigned	Glomus rugosae	99.72	0.974	0.09		Glomus rugosae	99.72	Glomus rugosae	Glomus	0	Glomus rugosae
PX214720.1	Glomus rugosae | 4431_805C	Glomus rugosae	Glomerales	main		ok	assigned	VTX00199	99.81	1.0	0.96		VTX00199	99.81	Glomus macrocarpum	Glomus	0	VTX00199	assigned	Glomus rugosae	99.72	0.974	0.09		Glomus rugosae	99.72	Glomus rugosae	Glomus	0	Glomus rugosae
PX214721.1	Glomus rugosae | 4420_683B	Glomus rugosae	Glomerales	main		ok	assigned	VTX00199	99.81	1.0	0.96		VTX00199	99.81	Glomus macrocarpum	Glomus	0	VTX00199	assigned	Glomus rugosae	99.44	0.975	-0.19		Glomus rugosae	99.44	Glomus rugosae	Glomus	0	Glomus rugosae
PX214722.1	Glomus rugosae | 4420_683B	Glomus rugosae	Glomerales	main		ok	assigned	VTX00199	99.81	1.0	0.96		VTX00199	99.81	Glomus macrocarpum	Glomus	0	VTX00199	assigned	Glomus rugosae	99.02	0.974	0.14		Glomus rugosae	99.02	Glomus rugosae	Glomus	0	Glomus rugosae
PX214723.1	Glomus rugosae | 4420_683B	Glomus rugosae	Glomerales	main		ok	assigned	VTX00199	99.81	1.0	0.96		VTX00199	99.81	Glomus macrocarpum	Glomus	0	VTX00199	assigned	Glomus rugosae	99.02	0.974	0.14		Glomus rugosae	99.02	Glomus rugosae	Glomus	0	Glomus rugosae
PX214724.1	Glomus rugosae | 4431_805C	Glomus rugosae	Glomerales	main		ok	assigned	VTX00199	99.81	1.0	0.96		VTX00199	99.81	Glomus macrocarpum	Glomus	0	VTX00199	assigned	Glomus rugosae	99.02	0.974	0.14		Glomus rugosae	99.02	Glomus rugosae	Glomus	0	Glomus rugosae
PX214725.1	Glomus rugosae | 4431_805C	Glomus rugosae	Glomerales	main		ok	assigned	VTX00199	99.81	1.0	0.96		VTX00199	99.81	Glomus macrocarpum	Glomus	0	VTX00199	assigned	Glomus rugosae	99.3	0.974	0.05		Glomus rugosae	99.3	Glomus rugosae	Glomus	0	Glomus rugosae
PX214726.1	Glomus rugosae | 4420_683B	Glomus rugosae	Glomerales	main		ok	assigned	VTX00199	99.81	1.0	0.96		VTX00199	99.81	Glomus macrocarpum	Glomus	0	VTX00199	assigned	Glomus rugosae	99.16	0.974	-0.1		Glomus rugosae	99.16	Glomus rugosae	Glomus	0	Glomus rugosae
PX214727.1	Glomus rugosae | 2101_IVT46	Glomus rugosae	Glomerales	main		ok	assigned	VTX00199	99.81	1.0	0.96		VTX00199	99.81	Glomus macrocarpum	Glomus	0	VTX00199	assigned	Glomus rugosae	99.02	0.974	-0.24		Glomus rugosae	99.02	Glomus rugosae	Glomus	0	Glomus rugosae
PX214728.1	Glomus rugosae | 2101_IVT46	Glomus rugosae	Glomerales	main		ok	assigned	VTX00199	99.81	1.0	0.96		VTX00199	99.81	Glomus macrocarpum	Glomus	0	VTX00199	assigned	Glomus rugosae	99.02	0.974	-0.24		Glomus rugosae	99.02	Glomus rugosae	Glomus	0	Glomus rugosae
PX214729.1	Glomus rugosae | 4384_IVT98	Glomus rugosae	Glomerales	main		ok	assigned	VTX00199	99.61	1.0	0.96		VTX00199	99.61	Glomus Torrecillas12b Glo G21	Glomus	0	VTX00199	assigned	Glomus rugosae	99.02	0.974	-0.61		Glomus rugosae	99.02	Glomus rugosae	Glomus	0	Glomus rugosae
PX214730.1	Glomus rugosae | 4384_IVT98	Glomus rugosae	Glomerales	main		ok	assigned	VTX00199	99.81	1.0	0.96		VTX00199	99.81	Glomus Torrecillas12b Glo G21	Glomus	0	VTX00199	assigned	Glomus rugosae	99.44	0.974	0.19		Glomus rugosae	99.44	Glomus rugosae	Glomus	0	Glomus rugosae
PX214731.1	Glomus rugosae | 2101_IVT46	Glomus rugosae	Glomerales	main		ok	assigned	VTX00199	99.81	1.0	0.96		VTX00199	99.81	Glomus macrocarpum	Glomus	0	VTX00199	assigned	Glomus rugosae	99.58	0.974	0.32		Glomus rugosae	99.58	Glomus rugosae	Glomus	0	Glomus rugosae
PX214732.1	Glomus rugosae | 2101_IVT46	Glomus rugosae	Glomerales	main		ok	assigned	VTX00199	99.81	1.0	0.96		VTX00199	99.81	Glomus macrocarpum	Glomus	0	VTX00199	assigned	Glomus rugosae	99.3	0.975	0.05		Glomus rugosae	99.3	Glomus rugosae	Glomus	0	Glomus rugosae
PX214733.1	Glomus rugosae | 2101_IVT46	Glomus rugosae	Glomerales	main		ok	assigned	VTX00199	99.61	1.0	0.96		VTX00199	99.61	Glomus macrocarpum	Glomus	0	VTX00199	assigned	Glomus rugosae	99.02	0.974	0.14		Glomus rugosae	99.02	Glomus rugosae	Glomus	0	Glomus rugosae
PX214734.1	Glomus rugosae | 4420_683B	Glomus rugosae	Glomerales	main		ok	assigned	VTX00199	99.81	1.0	0.96		VTX00199	99.81	Glomus macrocarpum	Glomus	0	VTX00199	assigned	Glomus rugosae	99.58	0.975	0.32		Glomus rugosae	99.58	Glomus rugosae	Glomus	0	Glomus rugosae
PX214735.1	Glomus rugosae | 5103_2445A	Glomus rugosae	Glomerales	main		ok	assigned	VTX00199	99.81	1.0	0.96		VTX00199	99.81	Glomus macrocarpum	Glomus	0	VTX00199	assigned	Glomus rugosae	98.74	0.974	-0.89		Glomus rugosae	98.74	Glomus rugosae	Glomus	0	Glomus rugosae
PX214736.1	Glomus rugosae | 5096_2452A	Glomus rugosae	Glomerales	main		ok	assigned	VTX00199	99.81	1.0	0.96		VTX00199	99.81	Glomus macrocarpum	Glomus	0	VTX00199	assigned	Glomus rugosae	98.74	0.974	-0.89		Glomus rugosae	98.74	Glomus rugosae	Glomus	0	Glomus rugosae
PX214737.1	Glomus rugosae | 5103_2445A	Glomus rugosae	Glomerales	main		ok	assigned	VTX00199	99.81	1.0	0.96		VTX00199	99.81	Glomus macrocarpum	Glomus	0	VTX00199	assigned	Glomus rugosae	98.74	0.974	-0.89		Glomus rugosae	98.74	Glomus rugosae	Glomus	0	Glomus rugosae
PX214738.1	Glomus rugosae | 5096_2452A	Glomus rugosae	Glomerales	main		ok	assigned	VTX00199	99.81	1.0	0.96		VTX00199	99.81	Glomus macrocarpum	Glomus	0	VTX00199	assigned	Glomus rugosae	98.74	0.974	-0.89		Glomus rugosae	98.74	Glomus rugosae	Glomus	0	Glomus rugosae
PX214739.1	Glomus rugosae | 5103_2445A	Glomus rugosae	Glomerales	main		ok	assigned	VTX00199	99.81	1.0	0.96		VTX00199	99.81	Glomus macrocarpum	Glomus	0	VTX00199	assigned	Glomus rugosae	99.16	0.974	-0.47		Glomus rugosae	99.16	Glomus rugosae	Glomus	0	Glomus rugosae
PX214740.1	Glomus rugosae | 5096_2452A	Glomus rugosae	Glomerales	main		ok	assigned	VTX00199	99.81	1.0	0.96		VTX00199	99.81	Glomus macrocarpum	Glomus	0	VTX00199	assigned	Glomus rugosae	99.16	0.974	-0.47		Glomus rugosae	99.16	Glomus rugosae	Glomus	0	Glomus rugosae
PX214741.1	Glomus rugosae | 5096_2452A	Glomus rugosae	Glomerales	main		ok	assigned	VTX00199	99.81	1.0	0.96		VTX00199	99.81	Glomus macrocarpum	Glomus	0	VTX00199	assigned	Glomus rugosae	98.74	0.974	-0.52		Glomus rugosae	98.74	Glomus rugosae	Glomus	0	Glomus rugosae
PX214742.1	Glomus rugosae | 5103_2445A	Glomus rugosae	Glomerales	main		ok	assigned	VTX00199	99.81	1.0	0.96		VTX00199	99.81	Glomus macrocarpum	Glomus	0	VTX00199	assigned	Glomus rugosae	98.6	0.974	-0.65		Glomus rugosae	98.6	Glomus rugosae	Glomus	0	Glomus rugosae
PX214743.1	Glomus rugosae | 2101_IVT46	Glomus rugosae	Glomerales	main		ok	assigned	VTX00199	99.42	1.0	0.96		VTX00199	99.42	Glomus macrocarpum	Glomus	0	VTX00199	assigned	Glomus rugosae	99.16	0.974	-0.47		Glomus rugosae	99.16	Glomus rugosae	Glomus	0	Glomus rugosae
PX214744.1	Glomus rugosae | 2101_IVT46	Glomus rugosae	Glomerales	main		ok	assigned	VTX00199	99.42	1.0	0.96		VTX00199	99.42	Glomus macrocarpum	Glomus	0	VTX00199	assigned	Glomus rugosae	99.16	0.974	-0.47		Glomus rugosae	99.16	Glomus rugosae	Glomus	0	Glomus rugosae
PX214745.1	Glomus rugosae | 4487_957C	Glomus rugosae	Glomerales	main		ok	assigned	VTX00199	99.42	1.0	0.96		VTX00199	99.42	Glomus macrocarpum	Glomus	0	VTX00199	assigned	Glomus rugosae	99.16	0.974	-0.47		Glomus rugosae	99.16	Glomus rugosae	Glomus	0	Glomus rugosae
PX214746.1	Dominikia duoreactiva | 4412	Dominikia duoreactiva	Glomerales	main		ok	assigned	VTX00153	99.81	1.0	0.96		VTX00153	99.81	Glomus Torrecillas 13 Glo G4	Glomus	0	VTX00153	assigned	Dominikia duoreactiva	98.62	0.974	2.76		Dominikia duoreactiva	98.62	Dominikia duoreactiva	Dominikia	0	Dominikia duoreactiva
PX214747.1	Dominikia duoreactiva | 4392_1156C	Dominikia duoreactiva	Glomerales	main		ok	assigned	VTX00153	99.81	1.0	0.96		VTX00153	99.81	Glomus Torrecillas 13 Glo G4	Glomus	0	VTX00153	assigned	Dominikia duoreactiva	98.62	0.974	2.76		Dominikia duoreactiva	98.62	Dominikia duoreactiva	Dominikia	0	Dominikia duoreactiva
PX214748.1	Dominikia duoreactiva | 4412	Dominikia duoreactiva	Glomerales	main		ok	assigned	VTX00153	99.42	1.0	0.96		VTX00153	99.42	Glomus JP1	Glomus	0	VTX00153	assigned	Dominikia duoreactiva	98.62	0.974	2.76		Dominikia duoreactiva	98.62	Dominikia duoreactiva	Dominikia	0	Dominikia duoreactiva
PX214749.1	Dominikia duoreactiva | 4392_1156C	Dominikia duoreactiva	Glomerales	main		ok	assigned	VTX00153	99.04	1.004	0.96		VTX00153	99.04	Glomus Torrecillas 13 Glo G4	Glomus	0	VTX00153	assigned	Dominikia duoreactiva	98.62	0.974	2.76		Dominikia duoreactiva	98.62	Dominikia duoreactiva	Dominikia	0	Dominikia duoreactiva
PX214750.1	Dominikia duoreactiva | 4412	Dominikia duoreactiva	Glomerales	main		ok	assigned	VTX00153	99.81	1.0	0.96		VTX00153	99.81	Glomus Torrecillas 13 Glo G4	Glomus	0	VTX00153	assigned	Dominikia duoreactiva	98.06	0.974	2.2		Dominikia duoreactiva	98.06	Dominikia duoreactiva	Dominikia	0	Dominikia duoreactiva
PX214751.1	Dominikia duoreactiva | 4392_1156C	Dominikia duoreactiva	Glomerales	main		ok	assigned	VTX00153	98.85	1.0	0.96		VTX00153	98.85	Glomus JP1	Glomus	0	VTX00153	unassigned			0.98	1.82		Dominikia achra	96.56	Dominikia achra	Dominikia	0	Dominikia duoreactiva
PX214752.1	Dominikia duoreactiva | 4412	Dominikia duoreactiva	Glomerales	main		ok	assigned	VTX00153	99.42	1.0	0.96		VTX00153	99.42	Glomus JP1	Glomus	0	VTX00153	assigned	Dominikia duoreactiva	98.34	0.974	2.21		Dominikia duoreactiva	98.34	Dominikia duoreactiva	Dominikia	0	Dominikia duoreactiva
PX214753.1	Dominikia duoreactiva | 4392_1156C	Dominikia duoreactiva	Glomerales	main		ok	assigned	VTX00153	99.42	1.0	0.96		VTX00153	99.42	Glomus JP1	Glomus	0	VTX00153	assigned	Dominikia duoreactiva	98.34	0.974	2.21		Dominikia duoreactiva	98.34	Dominikia duoreactiva	Dominikia	0	Dominikia duoreactiva
PX214754.1	Dominikia duoreactiva | 4412	Dominikia duoreactiva	Glomerales	main		ok	assigned	VTX00153	99.81	1.0	0.96		VTX00153	99.81	Glomus Torrecillas 13 Glo G4	Glomus	0	VTX00153	assigned	Dominikia duoreactiva	98.34	0.974	2.21		Dominikia duoreactiva	98.34	Dominikia duoreactiva	Dominikia	0	Dominikia duoreactiva
PX214755.1	Dominikia bonfanteae | 4351_1077A	Dominikia bonfanteae	Glomerales	main		ok	assigned	VTX00143	99.81	1.0	1.13		VTX00143	99.81	Glomus Liu2012b Phylo-12	Glomus	0	VTX00143	assigned	Dominikia bonfanteae	97.25	0.976	1.93		Dominikia bonfanteae	97.25	Dominikia bonfanteae	Dominikia	0	Dominikia bonfanteae
PX214756.1	Dominikia bonfanteae | 4351_1077A	Dominikia bonfanteae	Glomerales	main		ok	assigned	VTX00143	99.81	1.0	1.13		VTX00143	99.81	Glomus sp.	Glomus	0	VTX00143	assigned	Dominikia bonfanteae	97.66	0.976	1.66		Dominikia bonfanteae	97.66	Dominikia bonfanteae	Dominikia	0	Dominikia bonfanteae
PX214757.1	Dominikia bonfanteae | 4351_1077A	Dominikia bonfanteae	Glomerales	main		ok	assigned	VTX00143	99.81	1.0	1.13		VTX00143	99.81	Glomus sp.	Glomus	0	VTX00143	assigned	Dominikia bonfanteae	97.8	0.976	1.8		Dominikia bonfanteae	97.8	Dominikia bonfanteae	Dominikia	0	Dominikia bonfanteae
PX214758.1	Dominikia bonfanteae | C10660_2264B	Dominikia bonfanteae	Glomerales	main		ok	assigned	VTX00143	99.04	1.0	0.8		VTX00143	99.04	Glomus Glom 1B.3	Glomus	0	VTX00143	assigned	Dominikia bonfanteae	99.45	0.974	3.18		Dominikia bonfanteae	99.45	Dominikia bonfanteae	Dominikia	0	Dominikia bonfanteae
PX214759.1	Dominikia bonfanteae | C10660_2264B	Dominikia bonfanteae	Glomerales	main		ok	assigned	VTX00143	99.04	1.0	1.02		VTX00143	99.04	Glomus Glom 1B.3	Glomus	0	VTX00143	assigned	Dominikia bonfanteae	99.31	0.974	3.18		Dominikia bonfanteae	99.31	Dominikia bonfanteae	Dominikia	0	Dominikia bonfanteae
PX214760.1	Dominikia bonfanteae | C10660_2264B	Dominikia bonfanteae	Glomerales	main		ok	assigned	VTX00143	99.42	1.0	1.34		VTX00143	99.42	Glomus Glom 1B.3	Glomus	0	VTX00143	assigned	Dominikia bonfanteae	97.79	0.973	0.97		Dominikia bonfanteae	97.79	Dominikia bonfanteae	Dominikia	0	Dominikia bonfanteae
PX214761.1	Microdominikia litorea | 3647_963E	Microdominikia litorea	Glomerales	main		ok	assigned	VTX00222	99.81	1.0	1.35		VTX00222	99.81	Glomus Glom 1B.2	Glomus	0	VTX00222	assigned	Microdominikia litorea	98.19	0.976	7.45		Microdominikia litorea	98.19	Microdominikia litorea	Microdominikia	0	Microdominikia litorea
PX214762.1	Microdominikia litorea | 3647_963E	Microdominikia litorea	Glomerales	main		ok	assigned	VTX00125	99.61	1.0	0.58		VTX00125	99.61	Glomus Liu2012b Phylo-9	Glomus	0	VTX00222	assigned	Microdominikia litorea	97.92	0.976	7.59		Microdominikia litorea	97.92	Microdominikia litorea	Microdominikia	0	Microdominikia litorea
PX214763.1	Microdominikia litorea | 3647_963E	Microdominikia litorea	Glomerales	main		ok	assigned	VTX00222	99.23	1.0	0.58		VTX00222	99.23	Glomus Glom 1B.2	Glomus	0	VTX00222	unassigned			0.986	6.39		Microdominikia litorea	96.39	Microdominikia litorea	Microdominikia	0	Microdominikia litorea
PX214764.1	Microdominikia litorea | 3647_963E	Microdominikia litorea	Glomerales	main		ok	assigned	VTX00222	99.61	1.0	1.15		VTX00222	99.61	Glomus Glom 1B.2	Glomus	0	VTX00222	unassigned			0.986	6.39		Microdominikia litorea	96.39	Microdominikia litorea	Microdominikia	0	Microdominikia litorea
PX214765.1	Microdominikia litorea | 3647_963E	Microdominikia litorea	Glomerales	main		ok	assigned	VTX00222	99.61	1.0	1.15		VTX00222	99.61	Glomus Glom 1B.2	Glomus	0	VTX00222	unassigned			0.986	6.39		Microdominikia litorea	96.39	Microdominikia litorea	Microdominikia	0	Microdominikia litorea
PX214766.1	Microdominikia litorea | 3647_963E	Microdominikia litorea	Glomerales	main		ok	assigned	VTX00222	99.23	1.002	0.96		VTX00222	99.23	Glomus Glom 1B.2	Glomus	0	VTX00222	unassigned			0.986	6.39		Microdominikia litorea	96.39	Microdominikia litorea	Microdominikia	0	Microdominikia litorea
PX214767.1	Microdominikia litorea | 3647_963E	Microdominikia litorea	Glomerales	main		ok	assigned	VTX00222	99.23	1.002	0.96		VTX00222	99.23	Glomus Glom 1B.2	Glomus	0	VTX00222	unassigned			0.986	6.39		Microdominikia litorea	96.39	Microdominikia litorea	Microdominikia	0	Microdominikia litorea
PX214768.1	Microdominikia litorea | 5274	Microdominikia litorea	Glomerales	main		ok	assigned	VTX00125	99.81	1.0	0.96		VTX00125	99.81	Glomus Glom 1B.2	Glomus	0	VTX00125	unassigned			0.986	6.22		Microdominikia litorea	95.84	Microdominikia litorea	Microdominikia	0	Microdominikia litorea
PX214769.1	Microdominikia litorea | 5274	Microdominikia litorea	Glomerales	main		ok	assigned	VTX00125	100.0	1.0	0.96		VTX00125	100.0	Glomus Liu2012b Phylo-9	Glomus	0	VTX00125	unassigned			0.986	6.81		Microdominikia litorea	96.81	Microdominikia litorea	Microdominikia	0	Microdominikia litorea
PX214770.1	Microdominikia litorea | 5274	Microdominikia litorea	Glomerales	main		ok	assigned	VTX00125	100.0	1.0	0.96		VTX00125	100.0	Glomus Liu2012b Phylo-9	Glomus	0	VTX00125	unassigned			0.988	6.25		Microdominikia litorea	96.25	Microdominikia litorea	Microdominikia	0	Microdominikia litorea
PX214771.1	Microdominikia litorea | 5274	Microdominikia litorea	Glomerales	main		ok	assigned	VTX00222	99.81	1.0	1.15		VTX00222	99.81	Glomus LES30	Glomus	0	VTX00125	unassigned			0.986	7.03		Microdominikia litorea	96.53	Microdominikia litorea	Microdominikia	0	Microdominikia litorea
PX214772.1	Microdominikia litorea | 5274	Microdominikia litorea	Glomerales	main		ok	assigned	VTX00222	99.03	1.004	0.88		VTX00222	99.03	Glomus sp.	Glomus	0	VTX00125	assigned	Microdominikia litorea	98.89	0.974	8.42		Microdominikia litorea	98.89	Microdominikia litorea	Microdominikia	0	Microdominikia litorea
PX214773.1	Glomus sp. | 4406	Glomus sp.	Glomerales	main		ok	assigned	VTX00219	99.81	1.0	1.15		VTX00219	99.81	Glomus sp.	Glomus	0	VTX00219	unassigned			0.977	4.1		Nanoglomus plukenetiae	91.27	Nanoglomus plukenetiae	Nanoglomus	0	
PX214774.1	Glomus sp. | 5089_2351A	Glomus sp.	Glomerales	main		ok	assigned	VTX00219	99.81	1.0	1.15		VTX00219	99.81	Glomus sp.	Glomus	0	VTX00219	unassigned			0.978	4.1		Nanoglomus plukenetiae	91.0	Nanoglomus plukenetiae	Nanoglomus	0	
PX214775.1	Glomus sp. | 5089_2351A	Glomus sp.	Glomerales	main		ok	assigned	VTX00219	100.0	1.0	1.35		VTX00219	100.0	Glomus sp.	Glomus	0	VTX00219	unassigned			0.976	3.38		Nanoglomus plukenetiae	91.27	Nanoglomus plukenetiae	Nanoglomus	0	
PX214776.1	Rhizophagus irregularis | 4569_1185B	Rhizophagus irregularis	Glomerales	main		ok	assigned	VTX00114	100.0	1.0	0.58		VTX00114	100.0	Glomus Glo8	Glomus	0	VTX00114	unassigned			0.976	-0.63		Rhizophagus venetianum	94.87	Rhizophagus venetianum	Rhizophagus	0	Rhizophagus irregularis
PX214777.1	Rhizophagus irregularis | 4375_IVT88A	Rhizophagus irregularis	Glomerales	divergent	divergent_5.8S	ok	assigned	VTX00114	100.0	1.0	0.58		VTX00114	100.0	Glomus Glo8	Glomus	0	VTX00114	unassigned			0.976	-0.63		Rhizophagus venetianum	94.87	Rhizophagus venetianum	Rhizophagus	0	Rhizophagus irregularis
PX214778.1	Rhizophagus irregularis | 4341_IVT72A	Rhizophagus irregularis	Glomerales	divergent	divergent_5.8S	ok	assigned	VTX00114	100.0	1.0	0.58		VTX00114	100.0	Glomus Glo8	Glomus	0	VTX00114	unassigned			0.976	-0.63		Rhizophagus venetianum	94.87	Rhizophagus venetianum	Rhizophagus	0	Rhizophagus irregularis
PX214779.1	Rhizophagus irregularis | 4348_IVT77A	Rhizophagus irregularis	Glomerales	divergent	divergent_5.8S	ok	assigned	VTX00114	100.0	1.0	0.58		VTX00114	100.0	Glomus Glo8	Glomus	0	VTX00114	unassigned			0.976	-0.63		Rhizophagus venetianum	94.87	Rhizophagus venetianum	Rhizophagus	0	Rhizophagus irregularis
PX214780.1	Rhizophagus irregularis | 4674_1184D	Rhizophagus irregularis	Glomerales	divergent	divergent_5.8S	ok	assigned	VTX00114	100.0	1.0	0.58		VTX00114	100.0	Glomus Glo8	Glomus	0	VTX00114	unassigned			0.976	-0.63		Rhizophagus venetianum	94.87	Rhizophagus venetianum	Rhizophagus	0	Rhizophagus irregularis
PX214781.1	Rhizophagus irregularis | 4292_708C	Rhizophagus irregularis	Glomerales	divergent	divergent_5.8S	ok	assigned	VTX00114	100.0	1.0	0.58		VTX00114	100.0	Glomus Glo8	Glomus	0	VTX00114	unassigned			0.976	-0.63		Rhizophagus venetianum	94.87	Rhizophagus venetianum	Rhizophagus	0	Rhizophagus irregularis
PX214782.1	Rhizophagus irregularis | 4375_IVT88A	Rhizophagus irregularis	Glomerales	divergent	divergent_5.8S	ok	assigned	VTX00114	100.0	1.0	0.58		VTX00114	100.0	Glomus Glo8	Glomus	0	VTX00114	unassigned			0.976	-0.63		Rhizophagus venetianum	94.87	Rhizophagus venetianum	Rhizophagus	0	Rhizophagus irregularis
PX214783.1	Rhizophagus irregularis | T3_IVT34A	Rhizophagus irregularis	Glomerales	divergent	divergent_5.8S	ok	assigned	VTX00113	99.81	1.0	0.19		VTX00113	99.81	Glomus sp.	Glomus	0	VTX00113	unassigned			0.976	-0.92		Rhizophagus venetianum	94.87	Rhizophagus venetianum	Rhizophagus	0	Rhizophagus irregularis
PX214784.1	Rhizophagus irregularis | CC4_4A_IVT7A	Rhizophagus irregularis	Glomerales	divergent	divergent_5.8S	ok	ambiguous		99.61	1.0	0.0	VTX00113,VTX00115	VTX00113	99.61	Glomus sp.	Glomus	0	VTX00113	unassigned			0.976	-0.78		Rhizophagus venetianum	95.0	Rhizophagus venetianum	Rhizophagus	0	Rhizophagus irregularis
PX214785.1	Rhizophagus irregularis | 4569_1185B	Rhizophagus irregularis	Glomerales	main		ok	assigned	VTX00114	100.0	1.0	0.58		VTX00114	100.0	Glomus Glo8	Glomus	0	VTX00114	assigned	Rhizophagus irregularis	97.39	0.976	-0.58		Rhizophagus venetianum	96.81	Rhizophagus venetianum	Rhizophagus	0	Rhizophagus irregularis
PX214786.1	Rhizophagus irregularis | 4375_IVT88A	Rhizophagus irregularis	Glomerales	main		ok	assigned	VTX00114	100.0	1.0	0.58		VTX00114	100.0	Glomus Glo8	Glomus	0	VTX00114	assigned	Rhizophagus irregularis	97.39	0.976	-0.58		Rhizophagus venetianum	96.81	Rhizophagus venetianum	Rhizophagus	0	Rhizophagus irregularis
PX214787.1	Rhizophagus irregularis | 4375_IVT88A	Rhizophagus irregularis	Glomerales	main		ok	assigned	VTX00114	100.0	1.0	0.58		VTX00114	100.0	Glomus Glo8	Glomus	0	VTX00114	assigned	Rhizophagus irregularis	97.39	0.976	-0.58		Rhizophagus venetianum	96.81	Rhizophagus venetianum	Rhizophagus	0	Rhizophagus irregularis
PX214788.1	Rhizophagus irregularis | 4341_IVT72A	Rhizophagus irregularis	Glomerales	main		ok	assigned	VTX00114	100.0	1.0	0.58		VTX00114	100.0	Glomus Glo8	Glomus	0	VTX00114	assigned	Rhizophagus irregularis	97.39	0.976	-0.58		Rhizophagus venetianum	96.81	Rhizophagus venetianum	Rhizophagus	0	Rhizophagus irregularis
PX214789.1	Rhizophagus irregularis | 4348_IVT77A	Rhizophagus irregularis	Glomerales	main		ok	assigned	VTX00114	100.0	1.0	0.58		VTX00114	100.0	Glomus Glo8	Glomus	0	VTX00114	assigned	Rhizophagus irregularis	97.39	0.976	-0.58		Rhizophagus venetianum	96.81	Rhizophagus venetianum	Rhizophagus	0	Rhizophagus irregularis
PX214790.1	Rhizophagus irregularis | 4674_1184D	Rhizophagus irregularis	Glomerales	main		ok	assigned	VTX00114	100.0	1.0	0.58		VTX00114	100.0	Glomus Glo8	Glomus	0	VTX00114	assigned	Rhizophagus irregularis	97.53	0.976	-0.58		Rhizophagus venetianum	96.95	Rhizophagus venetianum	Rhizophagus	0	Rhizophagus irregularis
PX214791.1	Rhizophagus irregularis | 4292_708C	Rhizophagus irregularis	Glomerales	main		ok	assigned	VTX00114	100.0	1.0	0.58		VTX00114	100.0	Glomus Glo8	Glomus	0	VTX00114	assigned	Rhizophagus irregularis	97.53	0.976	-0.58		Rhizophagus venetianum	96.95	Rhizophagus venetianum	Rhizophagus	0	Rhizophagus irregularis
PX214792.1	Rhizophagus irregularis | 4341_IVT72A	Rhizophagus irregularis	Glomerales	main		ok	assigned	VTX00114	100.0	1.0	0.58		VTX00114	100.0	Glomus Glo8	Glomus	0	VTX00114	assigned	Rhizophagus irregularis	97.1	0.976	-0.56		Rhizophagus venetianum	96.53	Rhizophagus venetianum	Rhizophagus	0	Rhizophagus irregularis
PX214793.1	Rhizophagus irregularis | 4348_IVT77A	Rhizophagus irregularis	Glomerales	main		ok	assigned	VTX00114	100.0	1.0	0.58		VTX00114	100.0	Glomus Glo8	Glomus	0	VTX00114	assigned	Rhizophagus irregularis	97.1	0.976	-0.56		Rhizophagus venetianum	96.53	Rhizophagus venetianum	Rhizophagus	0	Rhizophagus irregularis
PX214794.1	Rhizophagus irregularis | 4674_1184D	Rhizophagus irregularis	Glomerales	main		ok	assigned	VTX00114	100.0	1.0	0.58		VTX00114	100.0	Glomus Glo8	Glomus	0	VTX00114	assigned	Rhizophagus irregularis	97.1	0.976	-0.56		Rhizophagus venetianum	96.53	Rhizophagus venetianum	Rhizophagus	0	Rhizophagus irregularis
PX214795.1	Rhizophagus irregularis | 4292_708C	Rhizophagus irregularis	Glomerales	main		ok	assigned	VTX00114	100.0	1.0	0.58		VTX00114	100.0	Glomus Glo8	Glomus	0	VTX00114	assigned	Rhizophagus irregularis	97.1	0.976	-0.56		Rhizophagus venetianum	96.53	Rhizophagus venetianum	Rhizophagus	0	Rhizophagus irregularis
PX214796.1	Rhizophagus irregularis | T3_IVT34A	Rhizophagus irregularis	Glomerales	main		ok	assigned	VTX00113	99.81	1.0	0.19		VTX00113	99.81	Glomus sp.	Glomus	0	VTX00113	assigned	Rhizophagus venetianum	97.09	0.976	-0.59		Rhizophagus venetianum	97.09	Rhizophagus venetianum	Rhizophagus	0	Rhizophagus irregularis
PX214797.1	Rhizophagus irregularis | CC4_4A_IVT7A	Rhizophagus irregularis	Glomerales	main		ok	assigned	VTX00113	99.81	1.0	0.19		VTX00113	99.81	Glomus sp.	Glomus	0	VTX00113	assigned	Rhizophagus irregularis	97.1	0.976	-0.7		Rhizophagus venetianum	96.39	Rhizophagus venetianum	Rhizophagus	0	Rhizophagus irregularis
PX214798.1	Rhizophagus irregularis | CC4_4A_IVT7A	Rhizophagus irregularis	Glomerales	main		ok	ambiguous		99.61	1.0	0.0	VTX00113,VTX00115	VTX00113	99.61	Glomus sp.	Glomus	0	VTX00113	assigned	Rhizophagus irregularis	97.53	0.976	-0.58		Rhizophagus venetianum	96.95	Rhizophagus venetianum	Rhizophagus	0	Rhizophagus irregularis
PX214799.1	Rhizophagus irregularis | 4375_IVT88A	Rhizophagus irregularis	Glomerales	main		ok	assigned	VTX00114	100.0	1.0	0.58		VTX00114	100.0	Glomus Glo8	Glomus	0	VTX00114	assigned	Rhizophagus irregularis	97.39	0.976	-0.44		Rhizophagus venetianum	96.95	Rhizophagus venetianum	Rhizophagus	0	Rhizophagus irregularis
PX214800.1	Rhizophagus irregularis | 4375_IVT88A	Rhizophagus irregularis	Glomerales	main		ok	assigned	VTX00114	100.0	1.0	0.58		VTX00114	100.0	Glomus Glo8	Glomus	0	VTX00114	assigned	Rhizophagus irregularis	97.39	0.976	-0.44		Rhizophagus venetianum	96.95	Rhizophagus venetianum	Rhizophagus	0	Rhizophagus irregularis
PX214801.1	Rhizophagus irregularis | 4375_IVT88A	Rhizophagus irregularis	Glomerales	main		ok	assigned	VTX00114	100.0	1.0	0.58		VTX00114	100.0	Glomus Glo8	Glomus	0	VTX00114	assigned	Rhizophagus irregularis	97.39	0.976	-0.58		Rhizophagus venetianum	96.81	Rhizophagus venetianum	Rhizophagus	0	Rhizophagus irregularis
PX214802.1	Rhizophagus irregularis | 4375_IVT88A	Rhizophagus irregularis	Glomerales	main		ok	assigned	VTX00114	100.0	1.0	0.58		VTX00114	100.0	Glomus Glo8	Glomus	0	VTX00114	assigned	Rhizophagus irregularis	97.25	1.003	2.24		Rhizophagus irregularis	97.25	Rhizophagus irregularis	Rhizophagus	0	Rhizophagus irregularis
PX214803.1	Rhizophagus irregularis | 4674_1184D	Rhizophagus irregularis	Glomerales	main		ok	assigned	VTX00114	100.0	1.0	0.58		VTX00114	100.0	Glomus Glo8	Glomus	0	VTX00114	assigned	Rhizophagus irregularis	97.25	1.003	1.96		Rhizophagus irregularis	97.25	Rhizophagus irregularis	Rhizophagus	0	Rhizophagus irregularis
PX214804.1	Rhizophagus irregularis | T3_IVT34A	Rhizophagus irregularis	Glomerales	main		ok	assigned	VTX00113	99.81	1.0	0.19		VTX00113	99.81	Glomus sp.	Glomus	0	VTX00113	assigned	Rhizophagus irregularis	99.56	1.0	2.9		Rhizophagus irregularis	99.56	Rhizophagus irregularis	Rhizophagus	0	Rhizophagus irregularis
PX214805.1	Rhizophagus irregularis | CC4_4A_IVT7A	Rhizophagus irregularis	Glomerales	main		ok	ambiguous		99.61	1.0	0.0	VTX00113,VTX00115	VTX00113	99.61	Glomus sp.	Glomus	0	VTX00113	assigned	Rhizophagus irregularis	99.42	1.0	2.9		Rhizophagus irregularis	99.42	Rhizophagus irregularis	Rhizophagus	0	Rhizophagus irregularis
PX214806.1	Rhizophagus irregularis | T3_IVT34A	Rhizophagus irregularis	Glomerales	main		ok	assigned	VTX00113	99.61	1.0	0.19		VTX00113	99.61	Glomus sp.	Glomus	0	VTX00113	assigned	Rhizophagus irregularis	97.82	1.001	1.57		Rhizophagus irregularis	97.82	Rhizophagus irregularis	Rhizophagus	0	Rhizophagus irregularis
PX214807.1	Rhizophagus irregularis | 4375_IVT88A	Rhizophagus irregularis	Glomerales	main		ok	assigned	VTX00114	100.0	1.0	0.58		VTX00114	100.0	Glomus Glo8	Glomus	0	VTX00114	assigned	Rhizophagus irregularis	97.68	1.001	1.84		Rhizophagus irregularis	97.68	Rhizophagus irregularis	Rhizophagus	0	Rhizophagus irregularis
PX214808.1	Rhizophagus irregularis | 4341_IVT72A	Rhizophagus irregularis	Glomerales	main		ok	assigned	VTX00114	100.0	1.0	0.58		VTX00114	100.0	Glomus Glo8	Glomus	0	VTX00114	assigned	Rhizophagus irregularis	97.68	1.001	1.84		Rhizophagus irregularis	97.68	Rhizophagus irregularis	Rhizophagus	0	Rhizophagus irregularis
PX214809.1	Rhizophagus irregularis | 4348_IVT77A	Rhizophagus irregularis	Glomerales	main		ok	assigned	VTX00114	100.0	1.0	0.58		VTX00114	100.0	Glomus Glo8	Glomus	0	VTX00114	assigned	Rhizophagus irregularis	97.68	1.001	1.84		Rhizophagus irregularis	97.68	Rhizophagus irregularis	Rhizophagus	0	Rhizophagus irregularis
PX214810.1	Rhizophagus irregularis | 4375_IVT88A	Rhizophagus irregularis	Glomerales	main		ok	assigned	VTX00114	100.0	1.0	0.58		VTX00114	100.0	Glomus Glo8	Glomus	0	VTX00114	assigned	Rhizophagus irregularis	97.68	1.001	1.84		Rhizophagus irregularis	97.68	Rhizophagus irregularis	Rhizophagus	0	Rhizophagus irregularis
PX214811.1	Rhizophagus irregularis | 4674_1184D	Rhizophagus irregularis	Glomerales	main		ok	assigned	VTX00114	100.0	1.0	0.58		VTX00114	100.0	Glomus Glo8	Glomus	0	VTX00114	assigned	Rhizophagus irregularis	97.39	0.974	-1.42		Rhizophagus venetianum	95.97	Rhizophagus venetianum	Rhizophagus	0	Rhizophagus irregularis
PX214812.1	Rhizophagus irregularis | 4292_708C	Rhizophagus irregularis	Glomerales	main		ok	assigned	VTX00114	100.0	1.0	0.58		VTX00114	100.0	Glomus Glo8	Glomus	0	VTX00114	assigned	Rhizophagus irregularis	97.39	0.974	-1.42		Rhizophagus venetianum	95.97	Rhizophagus venetianum	Rhizophagus	0	Rhizophagus irregularis
PX214813.1	Rhizophagus irregularis | SD1_IVT29A	Rhizophagus irregularis	Glomerales	main		ok	assigned	VTX00114	99.81	1.0	0.58		VTX00114	99.81	Glomus VeGlo8	Glomus	0	VTX00114	assigned	Rhizophagus irregularis	99.71	1.0	2.9		Rhizophagus irregularis	99.71	Rhizophagus irregularis	Rhizophagus	0	Rhizophagus irregularis
PX214814.1	Rhizophagus irregularis | SD1_IVT29A	Rhizophagus irregularis	Glomerales	main		ok	assigned	VTX00114	99.81	1.0	0.58		VTX00114	99.81	Glomus VeGlo8	Glomus	0	VTX00114	assigned	Rhizophagus irregularis	99.71	1.0	2.9		Rhizophagus irregularis	99.71	Rhizophagus irregularis	Rhizophagus	0	Rhizophagus irregularis
PX214815.1	Rhizophagus irregularis | SD1_IVT29A	Rhizophagus irregularis	Glomerales	main		ok	assigned	VTX00114	99.81	1.0	0.58		VTX00114	99.81	Glomus VeGlo8	Glomus	0	VTX00114	assigned	Rhizophagus irregularis	100.0	1.0	3.47		Rhizophagus irregularis	100.0	Rhizophagus irregularis	Rhizophagus	0	Rhizophagus irregularis
PX214816.1	Rhizophagus sp. (in: glomeromycetes) | 212607_IVT70A	Rhizophagus sp. (in: glomeromycetes)	Glomerales	divergent	divergent_5.8S	ok	assigned	VTX00114	99.81	1.0	0.58		VTX00114	99.81	Glomus VeGlo8	Glomus	0	VTX00248	assigned	Rhizophagus irregularis	98.55	1.0	1.88		Rhizophagus irregularis	98.55	Rhizophagus irregularis	Rhizophagus	0	Rhizophagus fasciculatus
PX214817.1	Rhizophagus irregularis | SD1_IVT29A	Rhizophagus irregularis	Glomerales	divergent	divergent_5.8S	ok	assigned	VTX00114	99.81	1.0	0.58		VTX00114	99.81	Glomus VeGlo8	Glomus	0	VTX00114	assigned	Rhizophagus irregularis	98.55	1.0	1.88		Rhizophagus irregularis	98.55	Rhizophagus irregularis	Rhizophagus	0	Rhizophagus irregularis
PX214818.1	[Rhizoglomus] vesiculiferum | 3029_660C	[Rhizoglomus] vesiculiferum	Glomerales	main		ok	assigned	VTX00113	100.0	1.0	0.39		VTX00113	100.0	Glomus sp.	Glomus	0	VTX00113	assigned	Rhizophagus vesiculiferus	99.16	0.974	2.22		Rhizophagus vesiculiferus	99.16	Rhizophagus vesiculiferus	Rhizophagus	0	Rhizophagus vesiculiferus
PX214819.1	[Rhizoglomus] vesiculiferum | 4374_IVT87A	[Rhizoglomus] vesiculiferum	Glomerales	main		ok	assigned	VTX00113	100.0	1.0	0.39		VTX00113	100.0	Glomus sp.	Glomus	0	VTX00113	assigned	Rhizophagus vesiculiferus	99.02	0.974	1.95		Rhizophagus vesiculiferus	99.02	Rhizophagus vesiculiferus	Rhizophagus	0	Rhizophagus vesiculiferus
PX214820.1	[Rhizoglomus] vesiculiferum | 4374_IVT87A	[Rhizoglomus] vesiculiferum	Glomerales	main		ok	assigned	VTX00113	100.0	1.0	0.39		VTX00113	100.0	Glomus sp.	Glomus	0	VTX00113	assigned	Rhizophagus vesiculiferus	98.19	0.974	1.66		Rhizophagus vesiculiferus	98.19	Rhizophagus vesiculiferus	Rhizophagus	0	Rhizophagus vesiculiferus
PX214821.1	[Rhizoglomus] vesiculiferum | Gwalkeri_IVT132A	[Rhizoglomus] vesiculiferum	Glomerales	main		ok	assigned	VTX00113	99.42	1.0	0.39		VTX00113	99.42	Glomus sp.	Glomus	0	VTX00113	assigned	Rhizophagus vesiculiferus	98.61	0.974	2.22		Rhizophagus vesiculiferus	98.61	Rhizophagus vesiculiferus	Rhizophagus	0	Rhizophagus vesiculiferus
PX214822.1	[Rhizoglomus] vesiculiferum | Gwalkeri_IVT132A	[Rhizoglomus] vesiculiferum	Glomerales	main		ok	assigned	VTX00113	100.0	1.0	0.39		VTX00113	100.0	Glomus sp.	Glomus	0	VTX00113	assigned	Rhizophagus vesiculiferus	98.88	0.974	2.22		Rhizophagus vesiculiferus	98.88	Rhizophagus vesiculiferus	Rhizophagus	0	Rhizophagus vesiculiferus
PX214823.1	[Rhizoglomus] vesiculiferum | Gwalkeri_IVT132A	[Rhizoglomus] vesiculiferum	Glomerales	main		ok	assigned	VTX00113	100.0	1.0	0.39		VTX00113	100.0	Glomus sp.	Glomus	0	VTX00113	assigned	Rhizophagus vesiculiferus	98.86	0.968	2.27		Rhizophagus vesiculiferus	98.86	Rhizophagus vesiculiferus	Rhizophagus	0	Rhizophagus vesiculiferus
PX214824.1	[Rhizoglomus] vesiculiferum | Gwalkeri_IVT132A	[Rhizoglomus] vesiculiferum	Glomerales	main		ok	assigned	VTX00113	100.0	1.0	0.39		VTX00113	100.0	Glomus sp.	Glomus	0	VTX00113	assigned	Rhizophagus vesiculiferus	98.33	0.974	1.94		Rhizophagus vesiculiferus	98.33	Rhizophagus vesiculiferus	Rhizophagus	0	Rhizophagus vesiculiferus
PX214825.1	[Rhizoglomus] vesiculiferum | 5074_2353A	[Rhizoglomus] vesiculiferum	Glomerales	main		ok	assigned	VTX00115	100.0	1.0	0.77		VTX00115	100.0	Glomus sp.	Glomus	0	VTX00115	assigned	Rhizophagus vesiculiferus	98.88	0.974	2.5		Rhizophagus vesiculiferus	98.88	Rhizophagus vesiculiferus	Rhizophagus	0	Rhizophagus vesiculiferus
PX214826.1	[Rhizoglomus] vesiculiferum | 5074_2353A	[Rhizoglomus] vesiculiferum	Glomerales	main		ok	assigned	VTX00115	100.0	1.0	0.77		VTX00115	100.0	Glomus sp.	Glomus	0	VTX00115	assigned	Rhizophagus vesiculiferus	98.75	0.974	1.94		Rhizophagus vesiculiferus	98.75	Rhizophagus vesiculiferus	Rhizophagus	0	Rhizophagus vesiculiferus
PX214827.1	[Rhizoglomus] vesiculiferum | 3628_IVT65A	[Rhizoglomus] vesiculiferum	Glomerales	main		ok	assigned	VTX00113	100.0	1.0	0.39		VTX00113	100.0	Glomus sp.	Glomus	0	VTX00113	assigned	Rhizophagus vesiculiferus	99.02	0.974	2.22		Rhizophagus vesiculiferus	99.02	Rhizophagus vesiculiferus	Rhizophagus	0	Rhizophagus vesiculiferus
PX214828.1	[Rhizoglomus] vesiculiferum | 3628_IVT65A	[Rhizoglomus] vesiculiferum	Glomerales	main		ok	assigned	VTX00113	100.0	1.0	0.39		VTX00113	100.0	Glomus sp.	Glomus	0	VTX00113	assigned	Rhizophagus vesiculiferus	98.88	0.974	2.08		Rhizophagus vesiculiferus	98.88	Rhizophagus vesiculiferus	Rhizophagus	0	Rhizophagus vesiculiferus
PX214829.1	[Rhizoglomus] vesiculiferum | 4086_IVT68A	[Rhizoglomus] vesiculiferum	Glomerales	main		ok	assigned	VTX00113	100.0	1.0	0.39		VTX00113	100.0	Glomus sp.	Glomus	0	VTX00113	assigned	Rhizophagus vesiculiferus	98.88	0.974	2.22		Rhizophagus vesiculiferus	98.88	Rhizophagus vesiculiferus	Rhizophagus	0	Rhizophagus vesiculiferus
PX214830.1	[Rhizoglomus] vesiculiferum | 3628_IVT65A	[Rhizoglomus] vesiculiferum	Glomerales	main		ok	assigned	VTX00113	100.0	1.0	0.39		VTX00113	100.0	Glomus sp.	Glomus	0	VTX00113	assigned	Rhizophagus vesiculiferus	99.02	0.974	2.22		Rhizophagus vesiculiferus	99.02	Rhizophagus vesiculiferus	Rhizophagus	0	Rhizophagus vesiculiferus
PX214831.1	[Rhizoglomus] vesiculiferum | 3628_IVT65A	[Rhizoglomus] vesiculiferum	Glomerales	main		ok	assigned	VTX00113	100.0	1.0	0.39		VTX00113	100.0	Glomus sp.	Glomus	0	VTX00113	assigned	Rhizophagus vesiculiferus	98.88	0.974	2.08		Rhizophagus vesiculiferus	98.88	Rhizophagus vesiculiferus	Rhizophagus	0	Rhizophagus vesiculiferus
PX214832.1	[Rhizoglomus] vesiculiferum | 4086_IVT68A	[Rhizoglomus] vesiculiferum	Glomerales	main		ok	assigned	VTX00113	99.61	1.0	0.38		VTX00113	99.61	Glomus sp.	Glomus	0	VTX00113	assigned	Rhizophagus vesiculiferus	98.88	0.974	2.22		Rhizophagus vesiculiferus	98.88	Rhizophagus vesiculiferus	Rhizophagus	0	Rhizophagus vesiculiferus
PX214833.1	[Rhizoglomus] vesiculiferum | 4369_IVT81A	[Rhizoglomus] vesiculiferum	Glomerales	main		ok	assigned	VTX00113	99.61	1.0	0.19		VTX00113	99.61	Glomus sp.	Glomus	0	VTX00113	assigned	Rhizophagus vesiculiferus	98.47	0.974	1.66		Rhizophagus vesiculiferus	98.47	Rhizophagus vesiculiferus	Rhizophagus	0	Rhizophagus vesiculiferus
PX214834.1	[Rhizoglomus] vesiculiferum | 4369_IVT81A	[Rhizoglomus] vesiculiferum	Glomerales	main		ok	assigned	VTX00113	99.61	1.0	0.19		VTX00113	99.61	Glomus sp.	Glomus	0	VTX00113	assigned	Rhizophagus vesiculiferus	98.47	0.974	1.66		Rhizophagus vesiculiferus	98.47	Rhizophagus vesiculiferus	Rhizophagus	0	Rhizophagus vesiculiferus
PX214835.1	[Rhizoglomus] vesiculiferum | 3628_IVT65A	[Rhizoglomus] vesiculiferum	Glomerales	main		ok	assigned	VTX00113	99.61	1.0	0.38		VTX00113	99.61	Glomus sp.	Glomus	0	VTX00113	assigned	Rhizophagus vesiculiferus	98.75	0.974	1.94		Rhizophagus vesiculiferus	98.75	Rhizophagus vesiculiferus	Rhizophagus	0	Rhizophagus vesiculiferus
PX214836.1	[Rhizoglomus] vesiculiferum | 4374_IVT87A	[Rhizoglomus] vesiculiferum	Glomerales	main		ok	assigned	VTX00115	100.0	1.0	0.77		VTX00115	100.0	Glomus sp.	Glomus	0	VTX00113	unassigned			0.974	0.15		Rhizophagus vesiculiferus	96.66	Rhizophagus vesiculiferus	Rhizophagus	0	Rhizophagus vesiculiferus
PX214837.1	[Rhizoglomus] vesiculiferum | 5074_2353A	[Rhizoglomus] vesiculiferum	Glomerales	main		ok	assigned	VTX00115	100.0	1.0	0.77		VTX00115	100.0	Glomus sp.	Glomus	0	VTX00115	unassigned			0.974	0.44		Rhizophagus vesiculiferus	96.52	Rhizophagus vesiculiferus	Rhizophagus	0	Rhizophagus vesiculiferus
PX214838.1	[Rhizoglomus] vesiculiferum | Gwalkeri_IVT132A	[Rhizoglomus] vesiculiferum	Glomerales	main		ok	assigned	VTX00115	99.61	1.0	0.77		VTX00115	99.61	Glomus sp.	Glomus	0	VTX00113	unassigned			0.974	0.96		Rhizophagus vesiculiferus	96.94	Rhizophagus vesiculiferus	Rhizophagus	0	Rhizophagus vesiculiferus
PX214839.1	[Rhizoglomus] vesiculiferum | 212939_IVT38A	[Rhizoglomus] vesiculiferum	Glomerales	divergent	divergent_5.8S	ok	assigned	VTX00115	100.0	1.0	0.77		VTX00115	100.0	Glomus sp.	Glomus	0	VTX00115	unassigned			0.974	0.73		Rhizophagus vesiculiferus	96.53	Rhizophagus vesiculiferus	Rhizophagus	0	
PX214840.1	[Rhizoglomus] vesiculiferum | 3628_IVT65A	[Rhizoglomus] vesiculiferum	Glomerales	main		ok	assigned	VTX00115	99.81	1.0	0.77		VTX00115	99.81	Glomus sp.	Glomus	0	VTX00113	unassigned			0.974	0.88		Rhizophagus vesiculiferus	96.52	Rhizophagus vesiculiferus	Rhizophagus	0	Rhizophagus vesiculiferus
PX214841.1	Rhizophagus irregularis | 4292_708C	Rhizophagus irregularis	Glomerales	divergent	divergent_5.8S	ok	assigned	VTX00114	100.0	1.0	0.58		VTX00114	100.0	Glomus Glo8	Glomus	0	VTX00114	assigned	Rhizophagus irregularis	97.68	1.001	1.84		Rhizophagus irregularis	97.68	Rhizophagus irregularis	Rhizophagus	0	Rhizophagus irregularis
PX214842.1	[Rhizoglomus] vesiculiferum | 5074_2353A	[Rhizoglomus] vesiculiferum	Glomerales	divergent	divergent_5.8S	ok	assigned	VTX00113	99.62	1.002	0.77		VTX00113	99.62	Glomus sp.	Glomus	0	VTX00115	unassigned			0.976	0.75		Rhizophagus vesiculiferus	96.24	Rhizophagus vesiculiferus	Rhizophagus	0	Rhizophagus vesiculiferus
PX214843.1	[Rhizoglomus] vesiculiferum | 212939_IVT38A	[Rhizoglomus] vesiculiferum	Glomerales	main		ok	assigned	VTX00115	100.0	1.0	0.77		VTX00115	100.0	Glomus sp.	Glomus	0	VTX00115	unassigned			0.976	0.82		Rhizophagus vesiculiferus	96.24	Rhizophagus vesiculiferus	Rhizophagus	0	
PX214844.1	[Rhizoglomus] vesiculiferum | 4086_IVT68A	[Rhizoglomus] vesiculiferum	Glomerales	divergent	divergent_5.8S	ok	assigned	VTX00113	99.61	1.0	0.38		VTX00113	99.61	Glomus sp.	Glomus	0	VTX00113	unassigned			0.977	-0.03		Rhizophagus venetianum	94.45	Rhizophagus venetianum	Rhizophagus	0	Rhizophagus vesiculiferus
PX214845.1	[Rhizoglomus] vesiculiferum | Gwalkeri_IVT132A	[Rhizoglomus] vesiculiferum	Glomerales	divergent	divergent_5.8S	ok	assigned	VTX00113	100.0	1.0	0.39		VTX00113	100.0	Glomus sp.	Glomus	0	VTX00113	unassigned			0.977	-0.2		Rhizophagus venetianum	94.87	Rhizophagus venetianum	Rhizophagus	0	Rhizophagus vesiculiferus
PX214846.1	[Rhizoglomus] vesiculiferum | Gwalkeri_IVT132A	[Rhizoglomus] vesiculiferum	Glomerales	divergent	divergent_5.8S	ok	assigned	VTX00113	100.0	1.0	0.39		VTX00113	100.0	Glomus sp.	Glomus	0	VTX00113	unassigned			0.977	-0.2		Rhizophagus venetianum	94.87	Rhizophagus venetianum	Rhizophagus	0	Rhizophagus vesiculiferus
PX214847.1	[Rhizoglomus] vesiculiferum | 5074_2353A	[Rhizoglomus] vesiculiferum	Glomerales	divergent	divergent_5.8S	ok	assigned	VTX00115	100.0	1.0	0.77		VTX00115	100.0	Glomus sp.	Glomus	0	VTX00115	unassigned			0.976	0.41		Rhizophagus vesiculiferus	93.88	Rhizophagus vesiculiferus	Rhizophagus	0	Rhizophagus vesiculiferus
PX214848.1	[Rhizoglomus] vesiculiferum | 5074_2353A	[Rhizoglomus] vesiculiferum	Glomerales	divergent	divergent_5.8S	ok	assigned	VTX00115	100.0	1.0	0.77		VTX00115	100.0	Glomus sp.	Glomus	0	VTX00115	unassigned			0.976	0.41		Rhizophagus vesiculiferus	93.88	Rhizophagus vesiculiferus	Rhizophagus	0	Rhizophagus vesiculiferus
PX214849.1	[Rhizoglomus] vesiculiferum | 212939_IVT38A	[Rhizoglomus] vesiculiferum	Glomerales	main		ok	assigned	VTX00115	100.0	1.0	0.77		VTX00115	100.0	Glomus sp.	Glomus	0	VTX00115	unassigned			0.976	0.13		Rhizophagus vesiculiferus	94.02	Rhizophagus vesiculiferus	Rhizophagus	0	
PX214850.1	[Rhizoglomus] vesiculiferum | 212939_IVT38A	[Rhizoglomus] vesiculiferum	Glomerales	main		ok	assigned	VTX00115	100.0	1.0	0.77		VTX00115	100.0	Glomus sp.	Glomus	0	VTX00115	unassigned			0.976	0.13		Rhizophagus vesiculiferus	94.44	Rhizophagus vesiculiferus	Rhizophagus	0	
PX214851.1	[Rhizoglomus] vesiculiferum | 212939_IVT38A	[Rhizoglomus] vesiculiferum	Glomerales	main		ok	assigned	VTX00115	100.0	1.0	0.77		VTX00115	100.0	Glomus sp.	Glomus	0	VTX00115	unassigned			0.976	0.13		Rhizophagus vesiculiferus	94.16	Rhizophagus vesiculiferus	Rhizophagus	0	
PX214852.1	[Rhizoglomus] vesiculiferum | 212939_IVT38A	[Rhizoglomus] vesiculiferum	Glomerales	main		ok	assigned	VTX00115	100.0	1.0	0.77		VTX00115	100.0	Glomus sp.	Glomus	0	VTX00115	unassigned			0.976	0.13		Rhizophagus vesiculiferus	94.02	Rhizophagus vesiculiferus	Rhizophagus	0	
PX214853.1	[Rhizoglomus] vesiculiferum | 212939_IVT38A	[Rhizoglomus] vesiculiferum	Glomerales	main		ok	assigned	VTX00115	100.0	1.0	0.77		VTX00115	100.0	Glomus sp.	Glomus	0	VTX00115	unassigned			0.976	0.13		Rhizophagus vesiculiferus	94.02	Rhizophagus vesiculiferus	Rhizophagus	0	
PX214854.1	[Rhizoglomus] vesiculiferum | 3628_IVT65A	[Rhizoglomus] vesiculiferum	Glomerales	divergent	divergent_5.8S	ok	assigned	VTX00115	99.81	1.0	0.77		VTX00115	99.81	Glomus sp.	Glomus	0	VTX00113	unassigned			0.977	0.41		Rhizophagus vesiculiferus	94.01	Rhizophagus vesiculiferus	Rhizophagus	0	Rhizophagus vesiculiferus
PX214855.1	[Rhizoglomus] vesiculiferum | Gwalkeri_IVT132A	[Rhizoglomus] vesiculiferum	Glomerales	divergent	divergent_5.8S	ok	assigned	VTX00115	100.0	1.0	0.59		VTX00115	100.0	Glomus sp.	Glomus	0	VTX00113	unassigned			0.976	0.97		Rhizophagus vesiculiferus	95.12	Rhizophagus vesiculiferus	Rhizophagus	0	Rhizophagus vesiculiferus
PX214856.1	Rhizophagus silesianus | ECU32_IVT8A	Rhizophagus silesianus	Glomerales	main		ok	assigned	VTX00105	99.62	1.004	0.2		VTX00105	99.62	Glomus sp.	Glomus	0	VTX00105	assigned	Rhizophagus silesianus	99.44	0.976	0.99		Rhizophagus silesianus	99.44	Rhizophagus silesianus	Rhizophagus	0	Rhizophagus silesianus
PX214857.1	Rhizophagus silesianus | ECU32_IVT8A	Rhizophagus silesianus	Glomerales	main		ok	assigned	VTX00105	99.61	1.0	0.38		VTX00105	99.61	Glomus sp.	Glomus	0	VTX00105	assigned	Rhizophagus silesianus	99.44	0.976	0.99		Rhizophagus silesianus	99.44	Rhizophagus silesianus	Rhizophagus	0	Rhizophagus silesianus
PX214858.1	Rhizophagus silesianus | 3628_206A	Rhizophagus silesianus	Glomerales	main		ok	assigned	VTX00105	99.42	1.004	0.0		VTX00105	99.42	Glomus sp.	Glomus	0	VTX00105	assigned	Rhizophagus silesianus	99.72	0.974	1.26		Rhizophagus silesianus	99.72	Rhizophagus silesianus	Rhizophagus	0	Rhizophagus silesianus
PX214859.1	Rhizophagus silesianus | 3628_206A	Rhizophagus silesianus	Glomerales	main		ok	assigned	VTX00105	99.61	1.0	0.38		VTX00105	99.61	Glomus sp.	Glomus	0	VTX00105	assigned	Rhizophagus silesianus	99.58	0.976	0.93		Rhizophagus silesianus	99.58	Rhizophagus silesianus	Rhizophagus	0	Rhizophagus silesianus
PX214860.1	Rhizophagus silesianus | ECU32_IVT8A	Rhizophagus silesianus	Glomerales	main		ok	assigned	VTX00105	99.62	1.004	0.2		VTX00105	99.62	Glomus sp.	Glomus	0	VTX00105	assigned	Rhizophagus silesianus	99.31	0.976	1.04		Rhizophagus silesianus	99.31	Rhizophagus silesianus	Rhizophagus	0	Rhizophagus silesianus
PX214861.1	Rhizophagus silesianus | ECU32_IVT8A	Rhizophagus silesianus	Glomerales	main		ok	assigned	VTX00105	99.61	1.0	0.38		VTX00105	99.61	Glomus sp.	Glomus	0	VTX00105	assigned	Rhizophagus silesianus	99.31	0.976	1.04		Rhizophagus silesianus	99.31	Rhizophagus silesianus	Rhizophagus	0	Rhizophagus silesianus
PX214862.1	Rhizophagus silesianus | ECU32_IVT8A	Rhizophagus silesianus	Glomerales	main		ok	assigned	VTX00105	99.61	1.0	0.38		VTX00105	99.61	Glomus sp.	Glomus	0	VTX00105	assigned	Rhizophagus silesianus	99.17	0.976	1.1		Rhizophagus silesianus	99.17	Rhizophagus silesianus	Rhizophagus	0	Rhizophagus silesianus
PX214863.1	Rhizophagus silesianus | ECU32_IVT8A	Rhizophagus silesianus	Glomerales	divergent	divergent_5.8S	ok	assigned	VTX00105	99.42	1.0	0.39		VTX00105	99.42	Glomus sp.	Glomus	0	VTX00105	unassigned			0.978	-2.08		Rhizophagus silesianus	94.44	Rhizophagus silesianus	Rhizophagus	0	Rhizophagus silesianus
PX214864.1	Rhizophagus silesianus | ECU32_IVT8A	Rhizophagus silesianus	Glomerales	divergent	divergent_5.8S	ok	assigned	VTX00105	99.62	1.004	0.2		VTX00105	99.62	Glomus sp.	Glomus	0	VTX00105	unassigned			0.978	-2.08		Rhizophagus silesianus	94.44	Rhizophagus silesianus	Rhizophagus	0	Rhizophagus silesianus
PX214865.1	Rhizophagus silesianus | 3628_206A	Rhizophagus silesianus	Glomerales	divergent	divergent_5.8S	ok	assigned	VTX00105	99.42	1.004	0.0		VTX00105	99.42	Glomus sp.	Glomus	0	VTX00105	unassigned			0.978	-1.31		Rhizophagus silesianus	94.44	Rhizophagus silesianus	Rhizophagus	0	Rhizophagus silesianus
PX214866.1	Rhizophagus intraradices | FL208_553A	Rhizophagus intraradices	Glomerales	main		ok	assigned	VTX00100	100.0	1.0	0.59		VTX00100	100.0	Glomus intraradices	Glomus	0	VTX00100	assigned	Rhizophagus intraradices	99.71	1.0	3.89		Rhizophagus intraradices	99.71	Rhizophagus intraradices	Rhizophagus	0	Rhizophagus intraradices
PX214867.1	Rhizophagus intraradices | KS906_IVT22A	Rhizophagus intraradices	Glomerales	main		ok	assigned	VTX00100	100.0	1.0	0.59		VTX00100	100.0	Glomus intraradices	Glomus	0	VTX00100	assigned	Rhizophagus intraradices	99.56	1.0	3.88		Rhizophagus intraradices	99.56	Rhizophagus intraradices	Rhizophagus	0	Rhizophagus intraradices
PX214868.1	Rhizophagus intraradices | FL208_553A	Rhizophagus intraradices	Glomerales	main		ok	assigned	VTX00100	100.0	1.0	0.59		VTX00100	100.0	Glomus intraradices	Glomus	0	VTX00100	assigned	Rhizophagus intraradices	99.85	1.0	4.17		Rhizophagus intraradices	99.85	Rhizophagus intraradices	Rhizophagus	0	Rhizophagus intraradices
PX214869.1	Rhizophagus intraradices | FL208_553A	Rhizophagus intraradices	Glomerales	main		ok	assigned	VTX00100	100.0	1.0	0.39		VTX00100	100.0	Glomus Goomaral13b Glo 5	Glomus	0	VTX00100	assigned	Rhizophagus intraradices	98.69	1.0	3.01		Rhizophagus intraradices	98.69	Rhizophagus intraradices	Rhizophagus	0	Rhizophagus intraradices
PX214870.1	Rhizophagus intraradices | FL208_553A	Rhizophagus intraradices	Glomerales	divergent	divergent_5.8S	ok	assigned	VTX00100	100.0	1.0	0.79		VTX00100	100.0	Glomus Glo G1	Glomus	0	VTX00100	unassigned			1.001	2.24		Rhizophagus intraradices	94.17	Rhizophagus intraradices	Rhizophagus	0	Rhizophagus intraradices
PX214871.1	Rhizophagus sp. (in: glomeromycetes) | 212607_IVT70A	Rhizophagus sp. (in: glomeromycetes)	Glomerales	main		ok	assigned	VTX00248	100.0	1.0	1.15		VTX00248	100.0	Glomus sp.	Glomus	0	VTX00248	assigned	Rhizophagus fasciculatus	100.0	0.974	4.72		Rhizophagus fasciculatus	100.0	Rhizophagus fasciculatus	Rhizophagus	0	Rhizophagus fasciculatus
PX214872.1	Rhizophagus sp. (in: glomeromycetes) | 1399_IVT43A	Rhizophagus sp. (in: glomeromycetes)	Glomerales	main		ok	assigned	VTX00248	100.0	1.0	1.15		VTX00248	100.0	Glomus sp.	Glomus	0	VTX00248	assigned	Rhizophagus fasciculatus	100.0	0.974	4.72		Rhizophagus fasciculatus	100.0	Rhizophagus fasciculatus	Rhizophagus	0	Rhizophagus fasciculatus
PX214873.1	Rhizophagus sp. (in: glomeromycetes) | 212607_IVT70A	Rhizophagus sp. (in: glomeromycetes)	Glomerales	main		ok	assigned	VTX00248	100.0	1.0	1.15		VTX00248	100.0	Glomus sp.	Glomus	0	VTX00248	assigned	Rhizophagus fasciculatus	99.86	0.974	4.44		Rhizophagus fasciculatus	99.86	Rhizophagus fasciculatus	Rhizophagus	0	Rhizophagus fasciculatus
PX214874.1	Rhizophagus sp. (in: glomeromycetes) | 212607_IVT70A	Rhizophagus sp. (in: glomeromycetes)	Glomerales	main		ok	assigned	VTX00248	100.0	1.0	1.15		VTX00248	100.0	Glomus sp.	Glomus	0	VTX00248	assigned	Rhizophagus fasciculatus	99.72	0.976	4.17		Rhizophagus fasciculatus	99.72	Rhizophagus fasciculatus	Rhizophagus	0	Rhizophagus fasciculatus
PX214875.1	Rhizophagus sp. (in: glomeromycetes) | 1399_IVT43A	Rhizophagus sp. (in: glomeromycetes)	Glomerales	main		ok	assigned	VTX00248	100.0	1.0	1.15		VTX00248	100.0	Glomus sp.	Glomus	0	VTX00248	assigned	Rhizophagus fasciculatus	99.72	0.976	4.17		Rhizophagus fasciculatus	99.72	Rhizophagus fasciculatus	Rhizophagus	0	Rhizophagus fasciculatus
PX214876.1	Rhizophagus sp. (in: glomeromycetes) | 212607_IVT70A	Rhizophagus sp. (in: glomeromycetes)	Glomerales	main		ok	assigned	VTX00248	100.0	1.0	1.15		VTX00248	100.0	Glomus sp.	Glomus	0	VTX00248	assigned	Rhizophagus fasciculatus	99.86	0.976	4.45		Rhizophagus fasciculatus	99.86	Rhizophagus fasciculatus	Rhizophagus	0	Rhizophagus fasciculatus
PX214877.1	Rhizophagus sp. (in: glomeromycetes) | 212607_IVT70A	Rhizophagus sp. (in: glomeromycetes)	Glomerales	main		ok	assigned	VTX00248	100.0	1.0	1.15		VTX00248	100.0	Glomus sp.	Glomus	0	VTX00248	assigned	Rhizophagus fasciculatus	99.58	0.974	4.3		Rhizophagus fasciculatus	99.58	Rhizophagus fasciculatus	Rhizophagus	0	Rhizophagus fasciculatus
PX214878.1	Rhizophagus sp. (in: glomeromycetes) | 1399_IVT43A	Rhizophagus sp. (in: glomeromycetes)	Glomerales	main		ok	assigned	VTX00248	100.0	1.0	1.15		VTX00248	100.0	Glomus sp.	Glomus	0	VTX00248	assigned	Rhizophagus fasciculatus	99.58	0.974	4.3		Rhizophagus fasciculatus	99.58	Rhizophagus fasciculatus	Rhizophagus	0	Rhizophagus fasciculatus
PX214879.1	Rhizophagus sp. (in: glomeromycetes) | 212607_IVT70A	Rhizophagus sp. (in: glomeromycetes)	Glomerales	main		ok	assigned	VTX00248	100.0	1.0	1.15		VTX00248	100.0	Glomus sp.	Glomus	0	VTX00248	assigned	Rhizophagus fasciculatus	99.03	0.976	3.62		Rhizophagus fasciculatus	99.03	Rhizophagus fasciculatus	Rhizophagus	0	Rhizophagus fasciculatus
PX214880.1	Oehlia diaphana | JS1_IVT19A	Oehlia diaphana	Glomerales	main		ok	assigned	VTX00309	100.0	1.0	2.56		VTX00309	100.0	Glomus sp.	Glomus	0	VTX00309	assigned	Oehlia diaphana	98.68	1.0	7.64		Oehlia diaphana	98.68	Oehlia diaphana	Oehlia	0	Oehlia diaphana
PX214881.1	Oehlia diaphana | 4835_562B	Oehlia diaphana	Glomerales	main		ok	assigned	VTX00309	99.81	1.0	2.17		VTX00309	99.81	Glomus LES08	Glomus	0	VTX00309	assigned	Oehlia diaphana	98.83	1.0	7.78		Oehlia diaphana	98.83	Oehlia diaphana	Oehlia	0	Oehlia diaphana
PX214882.1	Oehlia diaphana | JS1_IVT19A	Oehlia diaphana	Glomerales	main		ok	assigned	VTX00309	99.81	1.0	2.17		VTX00309	99.81	Glomus LES08	Glomus	0	VTX00309	assigned	Oehlia diaphana	99.27	1.0	8.22		Oehlia diaphana	99.27	Oehlia diaphana	Oehlia	0	Oehlia diaphana
PX214883.1	Oehlia diaphana | WV579_765A	Oehlia diaphana	Glomerales	main		ok	assigned	VTX00309	99.81	1.0	2.17		VTX00309	99.81	Glomus LES08	Glomus	0	VTX00309	assigned	Oehlia diaphana	99.27	1.0	8.22		Oehlia diaphana	99.27	Oehlia diaphana	Oehlia	0	Oehlia diaphana
PX214884.1	Oehlia diaphana | 4835_562B	Oehlia diaphana	Glomerales	main		ok	assigned	VTX00309	99.81	1.0	2.17		VTX00309	99.81	Glomus LES08	Glomus	0	VTX00309	assigned	Oehlia diaphana	99.27	1.0	8.22		Oehlia diaphana	99.27	Oehlia diaphana	Oehlia	0	Oehlia diaphana
PX214885.1	Oehlia diaphana | WV579_765A	Oehlia diaphana	Glomerales	main		ok	assigned	VTX00309	99.81	1.0	2.17		VTX00309	99.81	Glomus LES08	Glomus	0	VTX00309	assigned	Oehlia diaphana	99.27	1.0	8.22		Oehlia diaphana	99.27	Oehlia diaphana	Oehlia	0	Oehlia diaphana
PX214886.1	Oehlia diaphana | WV579_765A	Oehlia diaphana	Glomerales	main		ok	assigned	VTX00309	99.81	1.0	2.17		VTX00309	99.81	Glomus LES08	Glomus	0	VTX00309	assigned	Oehlia diaphana	98.98	1.0	7.93		Oehlia diaphana	98.98	Oehlia diaphana	Oehlia	0	Oehlia diaphana
PX214887.1	Oehlia diaphana | WV579_765A	Oehlia diaphana	Glomerales	main		ok	assigned	VTX00309	99.62	1.002	2.17		VTX00309	99.62	Glomus sp.	Glomus	0	VTX00309	assigned	Oehlia diaphana	99.56	1.0	8.52		Oehlia diaphana	99.56	Oehlia diaphana	Oehlia	0	Oehlia diaphana
PX214888.1	Oehlia diaphana | WV579_765B	Oehlia diaphana	Glomerales	main		ok	assigned	VTX00309	99.81	1.0	2.17		VTX00309	99.81	Glomus LES08	Glomus	0	VTX00309	assigned	Oehlia diaphana	99.56	1.0	8.89		Oehlia diaphana	99.56	Oehlia diaphana	Oehlia	0	Oehlia diaphana
PX214889.1	Oehlia diaphana | WV579_765B	Oehlia diaphana	Glomerales	main		ok	assigned	VTX00309	99.81	1.0	2.17		VTX00309	99.81	Glomus LES08	Glomus	0	VTX00309	assigned	Oehlia diaphana	98.83	1.0	7.78		Oehlia diaphana	98.83	Oehlia diaphana	Oehlia	0	Oehlia diaphana
PX214890.1	Oehlia diaphana | WV579_765B	Oehlia diaphana	Glomerales	main		ok	assigned	VTX00309	99.42	1.002	1.92		VTX00309	99.42	Glomus sp.	Glomus	0	VTX00309	assigned	Oehlia diaphana	98.98	1.0	7.93		Oehlia diaphana	98.98	Oehlia diaphana	Oehlia	0	Oehlia diaphana
PX214891.1	Oehlia diaphana | JS1_IVT19A	Oehlia diaphana	Glomerales	main		ok	assigned	VTX00309	99.81	1.0	2.17		VTX00309	99.81	Glomus LES08	Glomus	0	VTX00309	assigned	Oehlia diaphana	98.83	1.0	7.78		Oehlia diaphana	98.83	Oehlia diaphana	Oehlia	0	Oehlia diaphana
PX214892.1	Oehlia diaphana | WV579_765A	Oehlia diaphana	Glomerales	main		ok	assigned	VTX00309	99.81	1.0	2.17		VTX00309	99.81	Glomus LES08	Glomus	0	VTX00309	assigned	Oehlia diaphana	98.54	1.0	7.5		Oehlia diaphana	98.54	Oehlia diaphana	Oehlia	0	Oehlia diaphana
PX214893.1	Oehlia diaphana | JS1_IVT19A	Oehlia diaphana	Glomerales	main		ok	assigned	VTX00309	99.81	1.0	2.17		VTX00309	99.81	Glomus LES08	Glomus	0	VTX00309	assigned	Oehlia diaphana	99.12	1.0	8.08		Oehlia diaphana	99.12	Oehlia diaphana	Oehlia	0	Oehlia diaphana
PX214894.1	Oehlia diaphana | 4835_562B	Oehlia diaphana	Glomerales	main		ok	assigned	VTX00309	99.62	1.002	2.17		VTX00309	99.62	Glomus sp.	Glomus	0	VTX00309	assigned	Oehlia diaphana	98.98	1.0	7.56		Oehlia diaphana	98.98	Oehlia diaphana	Oehlia	0	Oehlia diaphana
PX214895.1	Oehlia diaphana | WV579_765B	Oehlia diaphana	Glomerales	main		ok	assigned	VTX00309	99.62	1.002	2.17		VTX00309	99.62	Glomus sp.	Glomus	0	VTX00309	assigned	Oehlia diaphana	98.98	1.0	7.56		Oehlia diaphana	98.98	Oehlia diaphana	Oehlia	0	Oehlia diaphana
PX214896.1	Oehlia diaphana | 4835_562B	Oehlia diaphana	Glomerales	main		ok	assigned	VTX00309	100.0	1.0	2.56		VTX00309	100.0	Glomus sp.	Glomus	0	VTX00309	assigned	Oehlia diaphana	98.39	1.0	7.35		Oehlia diaphana	98.39	Oehlia diaphana	Oehlia	0	Oehlia diaphana
PX214897.1	Oehlia diaphana | 4835_562B	Oehlia diaphana	Glomerales	main		ok	assigned	VTX00309	99.81	1.0	2.17		VTX00309	99.81	Glomus LES08	Glomus	0	VTX00309	assigned	Oehlia diaphana	98.98	1.0	8.31		Oehlia diaphana	98.98	Oehlia diaphana	Oehlia	0	Oehlia diaphana
PX214898.1	Oehlia diaphana | WV579_765B	Oehlia diaphana	Glomerales	main		ok	assigned	VTX00309	100.0	1.0	2.56		VTX00309	100.0	Glomus sp.	Glomus	0	VTX00309	assigned	Oehlia diaphana	98.98	1.0	7.93		Oehlia diaphana	98.98	Oehlia diaphana	Oehlia	0	Oehlia diaphana
PX214899.1	Oehlia diaphana | JS1_IVT19A	Oehlia diaphana	Glomerales	main		ok	assigned	VTX00309	99.62	1.002	2.17		VTX00309	99.62	Glomus sp.	Glomus	0	VTX00309	assigned	Oehlia diaphana	98.83	1.0	8.53		Oehlia diaphana	98.83	Oehlia diaphana	Oehlia	0	Oehlia diaphana
PX214900.1	Oehlia diaphana | JS1_IVT19A	Oehlia diaphana	Glomerales	main		ok	assigned	VTX00309	99.62	1.002	2.17		VTX00309	99.62	Glomus sp.	Glomus	0	VTX00309	assigned	Oehlia diaphana	98.68	1.0	8.38		Oehlia diaphana	98.68	Oehlia diaphana	Oehlia	0	Oehlia diaphana
PX214901.1	Oehlia diaphana | 4835_562B	Oehlia diaphana	Glomerales	main		ok	assigned	VTX00309	99.23	1.0	1.4		VTX00309	99.23	Glomus LER08	Glomus	0	VTX00309	assigned	Oehlia diaphana	99.42	1.0	8.75		Oehlia diaphana	99.42	Oehlia diaphana	Oehlia	0	Oehlia diaphana
PX214902.1	Oehlia diaphana | WV579_765A	Oehlia diaphana	Glomerales	main		ok	assigned	VTX00309	99.81	1.0	2.17		VTX00309	99.81	Glomus LES08	Glomus	0	VTX00309	assigned	Oehlia diaphana	98.98	1.0	8.31		Oehlia diaphana	98.98	Oehlia diaphana	Oehlia	0	Oehlia diaphana
PX214903.1	Oehlia diaphana | WV579_765B	Oehlia diaphana	Glomerales	main		ok	assigned	VTX00309	99.81	1.0	2.17		VTX00309	99.81	Glomus LES08	Glomus	0	VTX00309	assigned	Oehlia diaphana	99.12	1.0	8.45		Oehlia diaphana	99.12	Oehlia diaphana	Oehlia	0	Oehlia diaphana
PX214904.1	Oehlia diaphana | WV579_765B	Oehlia diaphana	Glomerales	main		ok	assigned	VTX00309	99.81	1.0	2.17		VTX00309	99.81	Glomus LES08	Glomus	0	VTX00309	assigned	Oehlia diaphana	98.98	1.0	7.93		Oehlia diaphana	98.98	Oehlia diaphana	Oehlia	0	Oehlia diaphana
PX214905.1	Oehlia diaphana | 4835_562B	Oehlia diaphana	Glomerales	main		ok	assigned	VTX00309	100.0	1.0	2.56		VTX00309	100.0	Glomus sp.	Glomus	0	VTX00309	assigned	Oehlia diaphana	98.98	1.0	8.68		Oehlia diaphana	98.98	Oehlia diaphana	Oehlia	0	Oehlia diaphana
PX214906.1	Oehlia diaphana | WV579_765A	Oehlia diaphana	Glomerales	main		ok	assigned	VTX00309	99.81	1.0	2.17		VTX00309	99.81	Glomus LES08	Glomus	0	VTX00309	assigned	Oehlia diaphana	99.12	1.0	8.08		Oehlia diaphana	99.12	Oehlia diaphana	Oehlia	0	Oehlia diaphana
PX214907.1	Oehlia diaphana | WV579_765B	Oehlia diaphana	Glomerales	main		ok	assigned	VTX00309	99.81	1.0	2.17		VTX00309	99.81	Glomus LES08	Glomus	0	VTX00309	assigned	Oehlia diaphana	98.98	1.0	7.94		Oehlia diaphana	98.98	Oehlia diaphana	Oehlia	0	Oehlia diaphana
PX214908.1	Oehlia diaphana | WV579_765B	Oehlia diaphana	Glomerales	main		ok	assigned	VTX00309	99.81	1.0	2.37		VTX00309	99.81	Glomus LES08	Glomus	0	VTX00309	assigned	Oehlia diaphana	98.98	1.0	8.68		Oehlia diaphana	98.98	Oehlia diaphana	Oehlia	0	Oehlia diaphana
PX214909.1	Diversispora eburnea | FS_12_2334B	Diversispora eburnea	Diversisporales	main		ok	assigned	VTX00060	100.0	1.0	0.96		VTX00060	100.0	Diversispora eburnea	Diversispora	0	VTX00060	assigned	Diversispora eburnea	99.29	1.0	2.37		Diversispora eburnea	99.29	Diversispora eburnea	Diversispora	0	Diversispora eburnea
PX214910.1	Diversispora eburnea | FS_12_2334B	Diversispora eburnea	Diversisporales	main		ok	assigned	VTX00060	100.0	1.0	0.96		VTX00060	100.0	Diversispora eburnea	Diversispora	0	VTX00060	assigned	Diversispora eburnea	98.87	1.0	2.08		Diversispora eburnea	98.87	Diversispora eburnea	Diversispora	0	Diversispora eburnea
PX214911.1	Diversispora eburnea | AZ414A_356A	Diversispora eburnea	Diversisporales	main		ok	assigned	VTX00060	100.0	1.0	0.96		VTX00060	100.0	Diversispora eburnea	Diversispora	0	VTX00060	assigned	Diversispora eburnea	99.15	1.0	2.92		Diversispora eburnea	99.15	Diversispora eburnea	Diversispora	0	Diversispora eburnea
PX214912.1	Diversispora eburnea | AZ414A_356A	Diversispora eburnea	Diversisporales	main		ok	assigned	VTX00060	99.61	1.0	0.77		VTX00060	99.61	Diversispora eburnea	Diversispora	0	VTX00060	assigned	Diversispora eburnea	99.15	1.0	2.92		Diversispora eburnea	99.15	Diversispora eburnea	Diversispora	0	Diversispora eburnea
PX214913.1	Diversispora eburnea | FS_12_2334B	Diversispora eburnea	Diversisporales	main		ok	assigned	VTX00060	99.81	1.0	0.96		VTX00060	99.81	Diversispora eburnea	Diversispora	0	VTX00060	assigned	Diversispora eburnea	99.15	1.0	2.37		Diversispora eburnea	99.15	Diversispora eburnea	Diversispora	0	Diversispora eburnea
PX214914.1	Diversispora eburnea | AZ414A_356A	Diversispora eburnea	Diversisporales	main		ok	assigned	VTX00060	99.81	1.0	0.77		VTX00060	99.81	Diversispora eburnea	Diversispora	0	VTX00060	assigned	Diversispora eburnea	99.44	1.0	2.92		Diversispora eburnea	99.44	Diversispora eburnea	Diversispora	0	Diversispora eburnea
PX214915.1	Diversispora eburnea | AZ414A_356A	Diversispora eburnea	Diversisporales	main		ok	assigned	VTX00060	100.0	1.0	0.96		VTX00060	100.0	Diversispora eburnea	Diversispora	0	VTX00060	assigned	Diversispora eburnea	99.86	1.0	3.48		Diversispora eburnea	99.86	Diversispora eburnea	Diversispora	0	Diversispora eburnea
PX214916.1	Diversispora eburnea | AZ414A_356A	Diversispora eburnea	Diversisporales	main		ok	assigned	VTX00060	100.0	1.0	0.96		VTX00060	100.0	Diversispora eburnea	Diversispora	0	VTX00060	assigned	Diversispora eburnea	99.58	1.001	2.92		Diversispora eburnea	99.58	Diversispora eburnea	Diversispora	0	Diversispora eburnea
PX214917.1	Diversispora eburnea | AZ414A_356A	Diversispora eburnea	Diversisporales	main		ok	assigned	VTX00060	99.61	1.0	0.77		VTX00060	99.61	Diversispora eburnea	Diversispora	0	VTX00060	assigned	Diversispora eburnea	99.58	1.001	2.92		Diversispora eburnea	99.58	Diversispora eburnea	Diversispora	0	Diversispora eburnea
PX214918.1	Diversispora eburnea | AZ414A_356A	Diversispora eburnea	Diversisporales	main		ok	assigned	VTX00060	99.61	1.0	0.77		VTX00060	99.61	Diversispora eburnea	Diversispora	0	VTX00060	assigned	Diversispora eburnea	99.58	1.001	2.92		Diversispora eburnea	99.58	Diversispora eburnea	Diversispora	0	Diversispora eburnea
PX214919.1	Diversispora eburnea | AZ414A_356A	Diversispora eburnea	Diversisporales	main		ok	assigned	VTX00060	100.0	1.0	0.96		VTX00060	100.0	Diversispora eburnea	Diversispora	0	VTX00060	assigned	Diversispora eburnea	99.58	1.001	2.92		Diversispora eburnea	99.58	Diversispora eburnea	Diversispora	0	Diversispora eburnea
PX214920.1	Diversispora eburnea | AZ414A_356A	Diversispora eburnea	Diversisporales	main		ok	assigned	VTX00060	99.61	1.0	0.77		VTX00060	99.61	Diversispora eburnea	Diversispora	0	VTX00060	assigned	Diversispora eburnea	99.3	0.974	3.21		Diversispora eburnea	99.3	Diversispora eburnea	Diversispora	0	Diversispora eburnea
PX214921.1	Diversispora eburnea | AZ414A_356A	Diversispora eburnea	Diversisporales	main		ok	assigned	VTX00060	100.0	1.0	0.96		VTX00060	100.0	Diversispora eburnea	Diversispora	0	VTX00060	assigned	Diversispora eburnea	99.3	0.974	3.21		Diversispora eburnea	99.3	Diversispora eburnea	Diversispora	0	Diversispora eburnea
PX214922.1	Diversispora eburnea | FS_12_2334B	Diversispora eburnea	Diversisporales	main		ok	assigned	VTX00060	100.0	1.0	0.96		VTX00060	100.0	Diversispora eburnea	Diversispora	0	VTX00060	assigned	Diversispora eburnea	99.29	1.0	2.37		Diversispora eburnea	99.29	Diversispora eburnea	Diversispora	0	Diversispora eburnea
PX214923.1	Diversispora eburnea | FS_12_2334B	Diversispora eburnea	Diversisporales	main		ok	assigned	VTX00060	100.0	1.0	0.96		VTX00060	100.0	Diversispora eburnea	Diversispora	0	VTX00060	assigned	Diversispora eburnea	99.01	1.0	2.08		Diversispora eburnea	99.01	Diversispora eburnea	Diversispora	0	Diversispora eburnea
PX214924.1	Diversispora celata | 4381_68A	Diversispora celata	Diversisporales	main		ok	assigned	VTX00060	99.81	1.0	0.97		VTX00060	99.81	Diversispora celata	Diversispora	0	VTX00060	assigned	Diversispora celata	99.02	0.978	0.04		Diversispora celata	99.02	Diversispora celata	Diversispora	0	Diversispora celata
PX214925.1	Diversispora celata | 4381_68A	Diversispora celata	Diversisporales	main		ok	assigned	VTX00060	100.0	1.0	0.97		VTX00060	100.0	Diversispora celata	Diversispora	0	VTX00060	assigned	Diversispora celata	99.02	0.977	0.04		Diversispora celata	99.02	Diversispora celata	Diversispora	0	Diversispora celata
PX214926.1	Diversispora celata | 4381_68A	Diversispora celata	Diversisporales	main		ok	assigned	VTX00060	100.0	1.0	0.97		VTX00060	100.0	Diversispora celata	Diversispora	0	VTX00060	assigned	Diversispora celata	98.88	0.978	0.05		Diversispora celata	98.88	Diversispora celata	Diversispora	0	Diversispora celata
PX214927.1	Diversispora celata | 4381_68A	Diversispora celata	Diversisporales	main		ok	assigned	VTX00060	99.81	1.002	0.97		VTX00060	99.81	Diversispora celata	Diversispora	0	VTX00060	assigned	Diversispora celata	99.02	0.978	0.04		Diversispora celata	99.02	Diversispora celata	Diversispora	0	Diversispora celata
PX214928.1	Diversispora celata | 4381_68A	Diversispora celata	Diversisporales	main		ok	assigned	VTX00060	100.0	1.0	0.97		VTX00060	100.0	Diversispora celata	Diversispora	0	VTX00060	assigned	Diversispora celata	98.88	0.977	0.05		Diversispora celata	98.88	Diversispora celata	Diversispora	0	Diversispora celata
PX214929.1	Diversispora celata | SC2	Diversispora celata	Diversisporales	main		ok	assigned	VTX00060	99.61	1.0	0.96		VTX00060	99.61	Diversispora celata	Diversispora	0	VTX00060	assigned	Diversispora celata	98.74	0.977	-0.24		Diversispora celata	98.74	Diversispora celata	Diversispora	0	Diversispora celata
PX214930.1	Diversispora celata | SC2	Diversispora celata	Diversisporales	main		ok	assigned	VTX00060	99.81	1.0	0.96		VTX00060	99.81	Diversispora eburnea	Diversispora	0	VTX00060	assigned	Diversispora celata	98.6	0.977	-0.23		Diversispora celata	98.6	Diversispora celata	Diversispora	0	Diversispora celata
PX214931.1	Diversispora celata | SC2	Diversispora celata	Diversisporales	main		ok	assigned	VTX00060	100.0	1.0	0.96		VTX00060	100.0	Diversispora eburnea	Diversispora	0	VTX00060	assigned	Diversispora celata	98.6	0.977	-0.23		Diversispora celata	98.6	Diversispora celata	Diversispora	0	Diversispora celata
PX214932.1	Diversispora celata | SC2	Diversispora celata	Diversisporales	main		ok	assigned	VTX00060	100.0	1.0	0.96		VTX00060	100.0	Diversispora eburnea	Diversispora	0	VTX00060	unassigned			0.978	-0.12		Diversispora celata	95.96	Diversispora celata	Diversispora	0	Diversispora celata
PX214933.1	Diversispora celata | SC2	Diversispora celata	Diversisporales	main		ok	assigned	VTX00060	99.81	1.0	0.96		VTX00060	99.81	Diversispora eburnea	Diversispora	0	VTX00060	unassigned			0.978	-0.12		Diversispora celata	95.96	Diversispora celata	Diversispora	0	Diversispora celata
PX214934.1	Diversispora jakucsiae | Blasz_11_2271A	Diversispora jakucsiae	Diversisporales	main		ok	assigned	VTX00054	99.81	0.992	0.58		VTX00054	99.81	Diversispora sp. T	Diversispora	0	VTX00054	assigned	Diversispora jakucsiae	99.58	0.975	0.42		Diversispora jakucsiae	99.58	Diversispora jakucsiae	Diversispora	0	Diversispora jakucsiae
PX214935.1	Diversispora jakucsiae | Blasz_11_2271A	Diversispora jakucsiae	Diversisporales	main		ok	assigned	VTX00054	99.81	0.992	0.58		VTX00054	99.81	Diversispora sp. T	Diversispora	0	VTX00054	assigned	Diversispora jakucsiae	99.86	0.975	0.7		Diversispora jakucsiae	99.86	Diversispora jakucsiae	Diversispora	0	Diversispora jakucsiae
PX214936.1	Diversispora jakucsiae | Blasz_11_2271A	Diversispora jakucsiae	Diversisporales	main		ok	assigned	VTX00054	99.81	0.992	0.58		VTX00054	99.81	Diversispora sp. T	Diversispora	0	VTX00054	assigned	Diversispora jakucsiae	99.44	0.975	0.42		Diversispora jakucsiae	99.44	Diversispora jakucsiae	Diversispora	0	Diversispora jakucsiae
PX214937.1	Diversispora jakucsiae | Blasz_11_2271A	Diversispora jakucsiae	Diversisporales	main		ok	assigned	VTX00054	99.81	0.992	0.58		VTX00054	99.81	Diversispora sp. T	Diversispora	0	VTX00054	assigned	Diversispora jakucsiae	99.86	0.975	0.7		Diversispora jakucsiae	99.86	Diversispora jakucsiae	Diversispora	0	Diversispora jakucsiae
PX214938.1	Diversispora arenaria | Blasz_14_2274A	Diversispora arenaria	Diversisporales	main		ok	assigned	VTX00054	99.81	0.992	0.58		VTX00054	99.81	Diversispora sp. T	Diversispora	0	VTX00054	assigned	Diversispora arenaria	99.3	0.978	0.28		Diversispora arenaria	99.3	Diversispora arenaria	Diversispora	0	Diversispora arenaria
PX214939.1	Diversispora arenaria | Blasz_14_2274A	Diversispora arenaria	Diversisporales	main		ok	assigned	VTX00054	99.61	0.994	0.38		VTX00054	99.61	Diversispora sp. T	Diversispora	0	VTX00054	assigned	Diversispora arenaria	99.3	0.978	0.28		Diversispora arenaria	99.3	Diversispora arenaria	Diversispora	0	Diversispora arenaria
PX214940.1	Diversispora arenaria | Blasz_14_2274A	Diversispora arenaria	Diversisporales	main		ok	assigned	VTX00054	99.81	0.992	0.38		VTX00054	99.81	Diversispora sp.	Diversispora	0	VTX00054	assigned	Diversispora arenaria	99.86	0.974	0.98		Diversispora arenaria	99.86	Diversispora arenaria	Diversispora	0	Diversispora arenaria
PX214941.1	Diversispora arenaria | Blasz_14_2274A	Diversispora arenaria	Diversisporales	main		ok	assigned	VTX00054	99.81	0.992	0.38		VTX00054	99.81	Diversispora sp.	Diversispora	0	VTX00054	assigned	Diversispora arenaria	99.86	0.974	0.98		Diversispora arenaria	99.86	Diversispora arenaria	Diversispora	0	Diversispora arenaria
PX214942.1	Diversispora epigaea | BEG47_1140C	Diversispora epigaea	Diversisporales	main		ok	assigned	VTX00061	100.0	1.0	1.15		VTX00061	100.0	Diversispora epigaea T	Diversispora	0	VTX00061	assigned	Diversispora epigaea	100.0	1.0	3.63		Diversispora epigaea	100.0	Diversispora epigaea	Diversispora	0	Diversispora epigaea
PX214943.1	Diversispora epigaea | BEG47_1140C	Diversispora epigaea	Diversisporales	main		ok	assigned	VTX00061	99.81	1.0	1.15		VTX00061	99.81	Diversispora epigaea T	Diversispora	0	VTX00061	assigned	Diversispora epigaea	100.0	0.974	1.7		Diversispora epigaea	100.0	Diversispora epigaea	Diversispora	0	Diversispora epigaea
PX214944.1	Diversispora epigaea | FS16_2427A	Diversispora epigaea	Diversisporales	main		ok	assigned	VTX00061	99.81	1.0	1.15		VTX00061	99.81	Diversispora epigaea T	Diversispora	0	VTX00061	assigned	Diversispora epigaea	98.74	0.974	0.86		Diversispora epigaea	98.74	Diversispora epigaea	Diversispora	0	Diversispora epigaea
PX214945.1	Diversispora epigaea | BEG47_1140C	Diversispora epigaea	Diversisporales	main		ok	assigned	VTX00061	99.81	1.0	1.15		VTX00061	99.81	Diversispora epigaea T	Diversispora	0	VTX00061	assigned	Diversispora epigaea	99.72	0.974	1.42		Diversispora epigaea	99.72	Diversispora epigaea	Diversispora	0	Diversispora epigaea
PX214946.1	Diversispora epigaea | BEG47_1140C	Diversispora epigaea	Diversisporales	main		ok	assigned	VTX00061	100.0	1.0	1.15		VTX00061	100.0	Diversispora epigaea T	Diversispora	0	VTX00061	assigned	Diversispora epigaea	98.18	0.974	-0.27		Diversispora epigaea	98.18	Diversispora epigaea	Diversispora	0	Diversispora epigaea
PX214947.1	Diversispora epigaea | FS16_2427A	Diversispora epigaea	Diversisporales	main		ok	assigned	VTX00061	100.0	1.0	1.35		VTX00061	100.0	Diversispora sp. W4568	Diversispora	0	VTX00061	assigned	Diversispora epigaea	98.74	0.974	0.01		Diversispora epigaea	98.74	Diversispora epigaea	Diversispora	0	Diversispora epigaea
PX214948.1	Diversispora epigaea | FS16_2427A	Diversispora epigaea	Diversisporales	main		ok	assigned	VTX00061	100.0	1.0	1.15		VTX00061	100.0	Diversispora epigaea T	Diversispora	0	VTX00061	assigned	Diversispora epigaea	98.46	0.974	0.02		Diversispora epigaea	98.46	Diversispora epigaea	Diversispora	0	Diversispora epigaea
PX214949.1	Diversispora epigaea | FS16_2427A	Diversispora epigaea	Diversisporales	main		ok	assigned	VTX00061	99.81	1.0	1.35		VTX00061	99.81	Diversispora sp. W4568	Diversispora	0	VTX00061	assigned	Diversispora epigaea	99.16	0.974	0.29		Diversispora epigaea	99.16	Diversispora epigaea	Diversispora	0	Diversispora epigaea
PX214950.1	Diversispora epigaea | FS16_2427A	Diversispora epigaea	Diversisporales	main		ok	assigned	VTX00061	99.81	1.0	1.35		VTX00061	99.81	Diversispora sp. W4568	Diversispora	0	VTX00061	assigned	Diversispora epigaea	99.16	0.974	0.29		Diversispora epigaea	99.16	Diversispora epigaea	Diversispora	0	Diversispora epigaea
PX214951.1	Diversispora epigaea | FS16_2427A	Diversispora epigaea	Diversisporales	main		ok	assigned	VTX00061	99.81	1.0	1.35		VTX00061	99.81	Diversispora sp. W4568	Diversispora	0	VTX00061	assigned	Diversispora epigaea	99.16	0.974	0.29		Diversispora epigaea	99.16	Diversispora epigaea	Diversispora	0	Diversispora epigaea
PX214952.1	Diversispora epigaea | FS16_2427A	Diversispora epigaea	Diversisporales	main		ok	assigned	VTX00061	100.0	1.0	1.35		VTX00061	100.0	Diversispora sp. W4568	Diversispora	0	VTX00061	assigned	Diversispora epigaea	99.02	0.974	0.86		Diversispora epigaea	99.02	Diversispora epigaea	Diversispora	0	Diversispora epigaea
PX214953.1	Diversispora epigaea | BEG47_1140C	Diversispora epigaea	Diversisporales	main		ok	assigned	VTX00061	99.42	1.0	0.58		VTX00061	99.42	Diversispora sp.	Diversispora	0	VTX00061	assigned	Diversispora versiformis	99.02	0.974	0.98		Diversispora versiformis	99.02	Diversispora versiformis	Diversispora	0	Diversispora epigaea
PX214954.1	Diversispora epigaea | FS16_2427A	Diversispora epigaea	Diversisporales	main		ok	assigned	VTX00061	99.61	1.0	0.58		VTX00061	99.61	Diversispora sp.	Diversispora	0	VTX00061	assigned	Diversispora epigaea	98.18	0.974	-0.14		Diversispora epigaea	98.18	Diversispora epigaea	Diversispora	0	Diversispora epigaea
PX214955.1	Diversispora varaderana | 4394_1010A	Diversispora varaderana	Diversisporales	main		ok	assigned	VTX00306	99.81	0.994	-0.19		VTX00306	99.81	Diversispora sp. T	Diversispora	0	VTX00306	assigned	Diversispora varaderana	98.6	0.975	0.14		Diversispora varaderana	98.6	Diversispora varaderana	Diversispora	0	Diversispora varaderana
PX214956.1	Diversispora varaderana | 3086_1170D	Diversispora varaderana	Diversisporales	main		ok	assigned	VTX00306	99.81	0.994	-0.19		VTX00306	99.81	Diversispora sp. T	Diversispora	0	VTX00306	assigned	Diversispora varaderana	98.6	0.975	0.14		Diversispora varaderana	98.6	Diversispora varaderana	Diversispora	0	Diversispora varaderana
PX214957.1	Diversispora varaderana | 4450_536A	Diversispora varaderana	Diversisporales	main		ok	assigned	VTX00306	99.81	0.994	-0.19		VTX00306	99.81	Diversispora sp. T	Diversispora	0	VTX00306	assigned	Diversispora varaderana	98.04	0.975	0.14		Diversispora varaderana	98.04	Diversispora varaderana	Diversispora	0	Diversispora varaderana
PX214958.1	Diversispora varaderana | 4394_1010A	Diversispora varaderana	Diversisporales	main		ok	assigned	VTX00306	99.81	0.994	-0.19		VTX00306	99.81	Diversispora sp. T	Diversispora	0	VTX00306	assigned	Diversispora varaderana	98.46	0.975	0.14		Diversispora varaderana	98.46	Diversispora varaderana	Diversispora	0	Diversispora varaderana
PX214959.1	Diversispora varaderana | CW0016_4015A	Diversispora varaderana	Diversisporales	main		ok	assigned	VTX00306	99.81	0.994	-0.19		VTX00306	99.81	Diversispora sp. T	Diversispora	0	VTX00306	assigned	Diversispora varaderana	98.46	0.975	0.14		Diversispora varaderana	98.46	Diversispora varaderana	Diversispora	0	Diversispora bareai
PX214960.1	Diversispora varaderana | SASK_50	Diversispora varaderana	Diversisporales	main		ok	assigned	VTX00306	99.81	0.994	-0.19		VTX00306	99.81	Diversispora sp. T	Diversispora	0	VTX00306	assigned	Diversispora varaderana	98.46	0.975	0.14		Diversispora varaderana	98.46	Diversispora varaderana	Diversispora	0	Diversispora varaderana
PX214961.1	Diversispora varaderana | 3086_1170D	Diversispora varaderana	Diversisporales	main		ok	assigned	VTX00306	99.81	0.994	-0.19		VTX00306	99.81	Diversispora sp. T	Diversispora	0	VTX00306	assigned	Diversispora varaderana	98.46	0.975	0.14		Diversispora varaderana	98.46	Diversispora varaderana	Diversispora	0	Diversispora varaderana
PX214962.1	Diversispora varaderana | 3086_1170D	Diversispora varaderana	Diversisporales	main		ok	assigned	VTX00306	99.61	0.994	-0.19		VTX00306	99.61	Diversispora sp. T	Diversispora	0	VTX00306	assigned	Diversispora varaderana	98.46	0.975	0.14		Diversispora varaderana	98.46	Diversispora varaderana	Diversispora	0	Diversispora varaderana
PX214963.1	Diversispora varaderana | 4394_1010A	Diversispora varaderana	Diversisporales	main		ok	assigned	VTX00306	99.61	0.994	-0.19		VTX00306	99.61	Diversispora sp. T	Diversispora	0	VTX00306	assigned	Diversispora varaderana	98.18	0.975	0.0		Diversispora varaderana	98.18	Diversispora varaderana	Diversispora	0	Diversispora varaderana
PX214964.1	Diversispora varaderana | 4510_972A	Diversispora varaderana	Diversisporales	main		ok	assigned	VTX00306	99.61	0.994	-0.19		VTX00306	99.61	Diversispora sp. T	Diversispora	0	VTX00306	assigned	Diversispora varaderana	98.18	0.975	0.0		Diversispora varaderana	98.18	Diversispora varaderana	Diversispora	0	Diversispora varaderana
PX214965.1	Diversispora varaderana | 4450_536A	Diversispora varaderana	Diversisporales	main		ok	assigned	VTX00306	99.61	0.994	-0.19		VTX00306	99.61	Diversispora sp. T	Diversispora	0	VTX00306	assigned	Diversispora varaderana	98.18	0.975	0.0		Diversispora varaderana	98.18	Diversispora varaderana	Diversispora	0	Diversispora varaderana
PX214966.1	Diversispora varaderana | SASK_50	Diversispora varaderana	Diversisporales	main		ok	assigned	VTX00306	99.61	0.994	-0.19		VTX00306	99.61	Diversispora sp. T	Diversispora	0	VTX00306	assigned	Diversispora varaderana	98.18	0.975	0.0		Diversispora varaderana	98.18	Diversispora varaderana	Diversispora	0	Diversispora varaderana
PX214967.1	Diversispora varaderana | 4393_830B	Diversispora varaderana	Diversisporales	main		ok	assigned	VTX00306	99.61	0.994	-0.19		VTX00306	99.61	Diversispora sp. T	Diversispora	0	VTX00306	assigned	Diversispora varaderana	98.18	0.975	0.0		Diversispora varaderana	98.18	Diversispora varaderana	Diversispora	0	Diversispora varaderana
PX214968.1	Diversispora varaderana | 3086_1170D	Diversispora varaderana	Diversisporales	main		ok	assigned	VTX00306	99.61	0.994	-0.19		VTX00306	99.61	Diversispora sp. T	Diversispora	0	VTX00306	assigned	Diversispora varaderana	98.18	0.975	0.0		Diversispora varaderana	98.18	Diversispora varaderana	Diversispora	0	Diversispora varaderana
PX214969.1	Diversispora varaderana | 4450_536A	Diversispora varaderana	Diversisporales	main		ok	assigned	VTX00306	99.61	0.994	-0.19		VTX00306	99.61	Diversispora sp. T	Diversispora	0	VTX00306	assigned	Diversispora varaderana	97.77	0.976	0.0		Diversispora varaderana	97.77	Diversispora varaderana	Diversispora	0	Diversispora varaderana
PX214970.1	Diversispora varaderana | 4393_830B	Diversispora varaderana	Diversisporales	main		ok	assigned	VTX00306	99.61	0.994	-0.19		VTX00306	99.61	Diversispora sp. T	Diversispora	0	VTX00306	assigned	Diversispora varaderana	97.77	0.976	0.0		Diversispora varaderana	97.77	Diversispora varaderana	Diversispora	0	Diversispora varaderana
PX214971.1	Diversispora varaderana | 3086_1170D	Diversispora varaderana	Diversisporales	main		ok	assigned	VTX00306	99.61	0.994	-0.19		VTX00306	99.61	Diversispora sp. T	Diversispora	0	VTX00306	assigned	Diversispora varaderana	97.77	0.976	0.0		Diversispora varaderana	97.77	Diversispora varaderana	Diversispora	0	Diversispora varaderana
PX214972.1	Diversispora varaderana | 4450_536A	Diversispora varaderana	Diversisporales	main		ok	assigned	VTX00306	99.61	0.994	-0.19		VTX00306	99.61	Diversispora sp. T	Diversispora	0	VTX00306	assigned	Diversispora varaderana	97.77	0.976	0.0		Diversispora varaderana	97.77	Diversispora varaderana	Diversispora	0	Diversispora varaderana
PX214973.1	Diversispora varaderana | 4450_536A	Diversispora varaderana	Diversisporales	main		ok	assigned	VTX00306	99.81	0.994	-0.19		VTX00306	99.81	Diversispora sp. T	Diversispora	0	VTX00306	assigned	Diversispora varaderana	98.18	0.975	0.0		Diversispora varaderana	98.18	Diversispora varaderana	Diversispora	0	Diversispora varaderana
PX214974.1	Diversispora varaderana | 4450_536A	Diversispora varaderana	Diversisporales	main		ok	assigned	VTX00306	99.61	0.994	-0.19		VTX00306	99.61	Diversispora sp. T	Diversispora	0	VTX00306	assigned	Diversispora varaderana	98.18	0.975	0.0		Diversispora varaderana	98.18	Diversispora varaderana	Diversispora	0	Diversispora varaderana
PX214975.1	Diversispora varaderana | SASK_50	Diversispora varaderana	Diversisporales	main		ok	assigned	VTX00306	99.61	0.994	-0.19		VTX00306	99.61	Diversispora sp. T	Diversispora	0	VTX00306	assigned	Diversispora varaderana	98.18	0.975	0.0		Diversispora varaderana	98.18	Diversispora varaderana	Diversispora	0	Diversispora varaderana
PX214976.1	Diversispora varaderana | 3086_1170D	Diversispora varaderana	Diversisporales	main		ok	assigned	VTX00306	99.81	0.994	-0.19		VTX00306	99.81	Diversispora sp. T	Diversispora	0	VTX00306	assigned	Diversispora varaderana	98.18	0.975	0.0		Diversispora varaderana	98.18	Diversispora varaderana	Diversispora	0	Diversispora varaderana
PX214977.1	Diversispora varaderana | 4393_830B	Diversispora varaderana	Diversisporales	main		ok	assigned	VTX00306	99.81	0.994	-0.19		VTX00306	99.81	Diversispora sp. T	Diversispora	0	VTX00306	assigned	Diversispora varaderana	98.18	0.975	0.0		Diversispora varaderana	98.18	Diversispora varaderana	Diversispora	0	Diversispora varaderana
PX214978.1	Diversispora varaderana | CW0016_4015A	Diversispora varaderana	Diversisporales	main		ok	assigned	VTX00306	99.61	0.994	-0.19		VTX00306	99.61	Diversispora sp. T	Diversispora	0	VTX00306	assigned	Diversispora varaderana	98.32	0.975	0.0		Diversispora varaderana	98.32	Diversispora varaderana	Diversispora	0	Diversispora bareai
PX214979.1	Diversispora varaderana | CW0016_4015A	Diversispora varaderana	Diversisporales	main		ok	assigned	VTX00306	99.61	0.994	-0.19		VTX00306	99.61	Diversispora sp. T	Diversispora	0	VTX00306	assigned	Diversispora bareai	98.32	0.974	0.14		Diversispora bareai	98.32	Diversispora bareai	Diversispora	0	Diversispora bareai
PX214980.1	Diversispora varaderana | CW0016_4015A	Diversispora varaderana	Diversisporales	main		ok	assigned	VTX00306	99.61	0.994	-0.19		VTX00306	99.61	Diversispora sp. T	Diversispora	0	VTX00306	assigned	Diversispora bareai	98.46	0.975	0.27		Diversispora bareai	98.46	Diversispora bareai	Diversispora	0	Diversispora bareai
PX214981.1	Diversispora varaderana | 3086_1170D	Diversispora varaderana	Diversisporales	main		ok	assigned	VTX00306	99.81	0.994	-0.19		VTX00306	99.81	Diversispora sp. T	Diversispora	0	VTX00306	assigned	Diversispora varaderana	98.18	0.975	0.0		Diversispora varaderana	98.18	Diversispora varaderana	Diversispora	0	Diversispora varaderana
PX214982.1	Diversispora varaderana | 4393_830B	Diversispora varaderana	Diversisporales	main		ok	assigned	VTX00306	99.81	0.994	-0.19		VTX00306	99.81	Diversispora sp. T	Diversispora	0	VTX00306	assigned	Diversispora varaderana	98.04	0.975	0.0		Diversispora varaderana	98.04	Diversispora varaderana	Diversispora	0	Diversispora varaderana
PX214983.1	Diversispora varaderana | 3086_1170D	Diversispora varaderana	Diversisporales	main		ok	assigned	VTX00306	99.81	0.994	-0.19		VTX00306	99.81	Diversispora sp. T	Diversispora	0	VTX00306	assigned	Diversispora varaderana	98.04	0.975	0.0		Diversispora varaderana	98.04	Diversispora varaderana	Diversispora	0	Diversispora varaderana
PX214984.1	Diversispora varaderana | 4394_1010A	Diversispora varaderana	Diversisporales	main		ok	assigned	VTX00306	99.81	0.994	-0.19		VTX00306	99.81	Diversispora sp. T	Diversispora	0	VTX00306	assigned	Diversispora bareai	98.32	0.975	-0.01		Diversispora bareai	98.32	Diversispora bareai	Diversispora	0	Diversispora varaderana
PX214985.1	Diversispora varaderana | SASK_50	Diversispora varaderana	Diversisporales	main		ok	assigned	VTX00306	99.81	0.994	-0.19		VTX00306	99.81	Diversispora sp. T	Diversispora	0	VTX00306	assigned	Diversispora bareai	98.32	0.975	-0.01		Diversispora bareai	98.32	Diversispora bareai	Diversispora	0	Diversispora varaderana
PX214986.1	Diversispora aestuarii | 4403_745C	Diversispora aestuarii	Diversisporales	main		ok	assigned	VTX00306	99.81	0.994	-0.19		VTX00306	99.81	Diversispora sp. T	Diversispora	0	VTX00306	assigned	Diversispora varaderana	98.32	0.975	0.28		Diversispora varaderana	98.32	Diversispora varaderana	Diversispora	0	Diversispora varaderana
PX214987.1	Diversispora aestuarii | 4403_745C	Diversispora aestuarii	Diversisporales	main		ok	assigned	VTX00306	99.81	0.994	-0.19		VTX00306	99.81	Diversispora sp. T	Diversispora	0	VTX00306	assigned	Diversispora varaderana	98.32	0.975	0.28		Diversispora varaderana	98.32	Diversispora varaderana	Diversispora	0	Diversispora varaderana
PX214988.1	Diversispora aestuarii | 4403_745C	Diversispora aestuarii	Diversisporales	main		ok	assigned	VTX00306	99.81	0.994	-0.19		VTX00306	99.81	Diversispora sp. T	Diversispora	0	VTX00306	assigned	Diversispora varaderana	98.32	0.975	0.28		Diversispora varaderana	98.32	Diversispora varaderana	Diversispora	0	Diversispora varaderana
PX214989.1	Diversispora aestuarii | 4403_745C	Diversispora aestuarii	Diversisporales	main		ok	assigned	VTX00306	99.81	0.994	-0.19		VTX00306	99.81	Diversispora sp. T	Diversispora	0	VTX00306	assigned	Diversispora varaderana	98.32	0.975	0.14		Diversispora varaderana	98.32	Diversispora varaderana	Diversispora	0	Diversispora varaderana
PX214990.1	Diversispora aestuarii | 4485_952D	Diversispora aestuarii	Diversisporales	main		ok	assigned	VTX00306	99.81	0.994	-0.19		VTX00306	99.81	Diversispora sp. T	Diversispora	0	VTX00306	assigned	Diversispora varaderana	98.32	0.975	0.28		Diversispora varaderana	98.32	Diversispora varaderana	Diversispora	0	Diversispora varaderana
PX214991.1	Diversispora aestuarii | 4485_952D	Diversispora aestuarii	Diversisporales	main		ok	assigned	VTX00306	99.81	0.994	-0.19		VTX00306	99.81	Diversispora sp. T	Diversispora	0	VTX00306	assigned	Diversispora varaderana	98.32	0.975	-0.0		Diversispora varaderana	98.32	Diversispora varaderana	Diversispora	0	Diversispora varaderana
PX214992.1	Diversispora aestuarii | 4485_952D	Diversispora aestuarii	Diversisporales	main		ok	assigned	VTX00306	99.61	0.994	-0.19		VTX00306	99.61	Diversispora sp. T	Diversispora	0	VTX00306	assigned	Diversispora varaderana	98.32	0.975	-0.0		Diversispora varaderana	98.32	Diversispora varaderana	Diversispora	0	Diversispora varaderana
PX214993.1	Diversispora aestuarii | 4403_745C	Diversispora aestuarii	Diversisporales	main		ok	assigned	VTX00306	99.81	0.994	-0.19		VTX00306	99.81	Diversispora sp. T	Diversispora	0	VTX00306	assigned	Diversispora varaderana	98.32	0.975	0.28		Diversispora varaderana	98.32	Diversispora varaderana	Diversispora	0	Diversispora varaderana
PX214994.1	Diversispora aestuarii | 4485_952D	Diversispora aestuarii	Diversisporales	main		ok	assigned	VTX00306	99.81	0.994	-0.19		VTX00306	99.81	Diversispora sp. T	Diversispora	0	VTX00306	assigned	Diversispora varaderana	97.9	0.975	0.28		Diversispora varaderana	97.9	Diversispora varaderana	Diversispora	0	Diversispora varaderana
PX214995.1	Diversispora aestuarii | 4403_745C	Diversispora aestuarii	Diversisporales	main		ok	assigned	VTX00306	99.81	0.994	-0.19		VTX00306	99.81	Diversispora sp. T	Diversispora	0	VTX00306	assigned	Diversispora varaderana	97.77	0.977	0.28		Diversispora varaderana	97.77	Diversispora varaderana	Diversispora	0	Diversispora varaderana
PX214996.1	Diversispora aestuarii | 4403_745C	Diversispora aestuarii	Diversisporales	main		ok	assigned	VTX00306	99.81	0.994	-0.19		VTX00306	99.81	Diversispora sp. T	Diversispora	0	VTX00306	assigned	Diversispora varaderana	97.91	0.977	0.28		Diversispora varaderana	97.91	Diversispora varaderana	Diversispora	0	Diversispora varaderana
PX214997.1	Diversispora aestuarii | 4403_745C	Diversispora aestuarii	Diversisporales	main		ok	assigned	VTX00306	99.81	0.994	-0.19		VTX00306	99.81	Diversispora sp. T	Diversispora	0	VTX00306	assigned	Diversispora varaderana	98.18	0.975	-0.0		Diversispora varaderana	98.18	Diversispora varaderana	Diversispora	0	Diversispora varaderana
PX214998.1	Diversispora aestuarii | 4485_952D	Diversispora aestuarii	Diversisporales	main		ok	assigned	VTX00306	99.81	0.994	-0.19		VTX00306	99.81	Diversispora sp. T	Diversispora	0	VTX00306	assigned	Diversispora varaderana	98.04	0.977	0.29		Diversispora varaderana	98.04	Diversispora varaderana	Diversispora	0	Diversispora varaderana
PX214999.1	Diversispora aestuarii | 4485_952D	Diversispora aestuarii	Diversisporales	main		ok	assigned	VTX00306	99.81	0.994	-0.19		VTX00306	99.81	Diversispora sp. T	Diversispora	0	VTX00306	assigned	Diversispora varaderana	97.62	0.977	0.29		Diversispora varaderana	97.62	Diversispora varaderana	Diversispora	0	Diversispora varaderana
PX215000.1	Diversispora aestuarii | 4485_952D	Diversispora aestuarii	Diversisporales	main		ok	assigned	VTX00306	99.81	0.994	-0.19		VTX00306	99.81	Diversispora sp. T	Diversispora	0	VTX00306	assigned	Diversispora varaderana	97.62	0.977	0.29		Diversispora varaderana	97.62	Diversispora varaderana	Diversispora	0	Diversispora varaderana
PX215001.1	Diversispora aestuarii | 4403_745C	Diversispora aestuarii	Diversisporales	main		ok	assigned	VTX00306	99.81	0.994	-0.19		VTX00306	99.81	Diversispora sp. T	Diversispora	0	VTX00306	assigned	Diversispora varaderana	98.05	0.976	-0.0		Diversispora varaderana	98.05	Diversispora varaderana	Diversispora	0	Diversispora varaderana
PX215002.1	Diversispora aestuarii | 4403_745C	Diversispora aestuarii	Diversisporales	main		ok	assigned	VTX00306	99.81	0.994	-0.19		VTX00306	99.81	Diversispora sp. T	Diversispora	0	VTX00306	assigned	Diversispora varaderana	98.05	0.976	-0.0		Diversispora varaderana	98.05	Diversispora varaderana	Diversispora	0	Diversispora varaderana
PX215003.1	Diversispora aestuarii | 4485_952D	Diversispora aestuarii	Diversisporales	main		ok	assigned	VTX00306	99.61	0.994	-0.19		VTX00306	99.61	Diversispora sp. T	Diversispora	0	VTX00306	assigned	Diversispora varaderana	98.32	0.977	0.29		Diversispora varaderana	98.32	Diversispora varaderana	Diversispora	0	Diversispora varaderana
PX215004.1	Diversispora aestuarii | 4485_952D	Diversispora aestuarii	Diversisporales	main		ok	assigned	VTX00306	99.81	0.994	-0.19		VTX00306	99.81	Diversispora sp. T	Diversispora	0	VTX00306	assigned	Diversispora varaderana	98.32	0.977	0.29		Diversispora varaderana	98.32	Diversispora varaderana	Diversispora	0	Diversispora varaderana
PX215005.1	Diversispora aestuarii | 4485_952D	Diversispora aestuarii	Diversisporales	main		ok	assigned	VTX00306	99.23	0.994	-0.19		VTX00306	99.23	Diversispora sp. T	Diversispora	0	VTX00306	assigned	Diversispora bareai	98.18	0.974	-0.0		Diversispora bareai	98.18	Diversispora bareai	Diversispora	0	Diversispora varaderana
PX215006.1	Diversispora spurca | Algerie_2_1072C	Diversispora spurca	Diversisporales	main		ok	assigned	VTX00263	99.81	1.0	0.19		VTX00263	99.81	Diversispora spurca T	Diversispora	0	VTX00263	unassigned			0.977	0.43		Diversispora aurantia	95.7	Diversispora aurantia	Diversispora	0	
PX215007.1	Diversispora spurca | Algerie_2_1072C	Diversispora spurca	Diversisporales	main		ok	assigned	VTX00263	99.81	1.0	0.19		VTX00263	99.81	Diversispora spurca T	Diversispora	0	VTX00263	unassigned			0.978	0.42		Diversispora aurantia	95.43	Diversispora aurantia	Diversispora	0	
PX215008.1	Diversispora spurca | Algerie_2_1072C	Diversispora spurca	Diversisporales	main		ok	assigned	VTX00263	99.62	1.002	0.19		VTX00263	99.62	Diversispora spurca T	Diversispora	0	VTX00263	unassigned			0.977	0.56		Diversispora aurantia	95.84	Diversispora aurantia	Diversispora	0	
PX215009.1	Diversispora spurca | W246_28_9A	Diversispora spurca	Diversisporales	main		ok	assigned	VTX00263	99.81	1.0	0.19		VTX00263	99.81	Diversispora spurca T	Diversispora	0	VTX00263	unassigned			0.974	1.52		Diversispora aurantia	96.39	Diversispora aurantia	Diversispora	0	
PX215010.1	Diversispora spurca | W246_28_9A	Diversispora spurca	Diversisporales	main		ok	assigned	VTX00263	99.81	1.0	0.19		VTX00263	99.81	Diversispora spurca T	Diversispora	0	VTX00263	unassigned			0.978	0.85		Diversispora aurantia	95.98	Diversispora aurantia	Diversispora	0	
PX215011.1	Diversispora spurca | W246_28_9A	Diversispora spurca	Diversisporales	main		ok	assigned	VTX00263	99.81	1.0	0.19		VTX00263	99.81	Diversispora spurca T	Diversispora	0	VTX00263	unassigned			0.978	0.98		Diversispora aurantia	96.25	Diversispora aurantia	Diversispora	0	
PX215012.1	Diversispora spurca | W246_28_9A	Diversispora spurca	Diversisporales	main		ok	assigned	VTX00263	99.81	1.0	0.19		VTX00263	99.81	Diversispora spurca T	Diversispora	0	VTX00263	unassigned			0.978	0.71		Diversispora aurantia	95.84	Diversispora aurantia	Diversispora	0	
PX215013.1	Acaulospora morrowiae | CR315B_2019A	Acaulospora morrowiae	Diversisporales	main		ok	assigned	VTX00028	99.61	1.0	1.58		VTX00028	99.61	Acaulospora Desiro13a MIB 8848	Acaulospora	0	VTX00028	assigned	Acaulospora papillosa	98.11	0.976	0.44		Acaulospora papillosa	98.11	Acaulospora papillosa	Acaulospora	0	Acaulospora papillosa
PX215014.1	Acaulospora morrowiae | CR315B_2019A	Acaulospora morrowiae	Diversisporales	main		ok	assigned	VTX00028	99.42	1.0	1.19		VTX00028	99.42	Acaulospora Desiro13a MIB 8848	Acaulospora	0	VTX00028	assigned	Acaulospora papillosa	98.39	0.976	0.44		Acaulospora papillosa	98.39	Acaulospora papillosa	Acaulospora	0	Acaulospora papillosa
PX215015.1	Acaulospora morrowiae | CR315B_2019A	Acaulospora morrowiae	Diversisporales	main		ok	assigned	VTX00028	99.42	1.0	1.19		VTX00028	99.42	Acaulospora Desiro13a MIB 8848	Acaulospora	0	VTX00028	assigned	Acaulospora papillosa	97.95	0.977	0.44		Acaulospora papillosa	97.95	Acaulospora papillosa	Acaulospora	0	Acaulospora papillosa
PX215016.1	Acaulospora morrowiae | BF_TM_1197A	Acaulospora morrowiae	Diversisporales	main		ok	assigned	VTX00028	99.81	1.0	1.57		VTX00028	99.81	Acaulospora sp.	Acaulospora	0	VTX00028	assigned	Acaulospora papillosa	99.12	0.976	0.44		Acaulospora papillosa	99.12	Acaulospora papillosa	Acaulospora	0	Acaulospora papillosa
PX215017.1	Acaulospora morrowiae | BF_TM_1197A	Acaulospora morrowiae	Diversisporales	main		ok	assigned	VTX00028	99.42	1.0	1.58		VTX00028	99.42	Acaulospora Desiro13a MIB 8848	Acaulospora	0	VTX00028	assigned	Acaulospora papillosa	98.83	0.976	1.02		Acaulospora papillosa	98.83	Acaulospora papillosa	Acaulospora	0	Acaulospora papillosa
PX215018.1	Acaulospora morrowiae | BF_TM_1197A	Acaulospora morrowiae	Diversisporales	main		ok	assigned	VTX00028	99.81	1.0	1.57		VTX00028	99.81	Acaulospora sp.	Acaulospora	0	VTX00028	assigned	Acaulospora papillosa	99.27	0.974	0.44		Acaulospora papillosa	99.27	Acaulospora papillosa	Acaulospora	0	Acaulospora papillosa
PX215019.1	Acaulospora morrowiae | BF_TM_1197A	Acaulospora morrowiae	Diversisporales	main		ok	assigned	VTX00028	99.42	1.0	1.58		VTX00028	99.42	Acaulospora Desiro13a MIB 8848	Acaulospora	0	VTX00028	assigned	Acaulospora papillosa	99.56	0.974	0.44		Acaulospora papillosa	99.56	Acaulospora papillosa	Acaulospora	0	Acaulospora papillosa
PX215020.1	Acaulospora morrowiae | BF_TM_1197A	Acaulospora morrowiae	Diversisporales	main		ok	assigned	VTX00028	99.81	1.0	1.97		VTX00028	99.81	Acaulospora sp.	Acaulospora	0	VTX00028	assigned	Acaulospora papillosa	99.27	0.976	0.44		Acaulospora papillosa	99.27	Acaulospora papillosa	Acaulospora	0	Acaulospora papillosa
PX215021.1	Acaulospora morrowiae | BF_TM_1197A	Acaulospora morrowiae	Diversisporales	main		ok	assigned	VTX00028	99.81	1.0	1.57		VTX00028	99.81	Acaulospora sp.	Acaulospora	0	VTX00028	assigned	Acaulospora papillosa	99.12	0.976	0.44		Acaulospora papillosa	99.12	Acaulospora papillosa	Acaulospora	0	Acaulospora papillosa
PX215022.1	Acaulospora morrowiae | BF_TM_1197A	Acaulospora morrowiae	Diversisporales	main		ok	assigned	VTX00028	99.81	1.0	1.97		VTX00028	99.81	Acaulospora sp.	Acaulospora	0	VTX00028	assigned	Acaulospora papillosa	98.68	0.976	0.44		Acaulospora papillosa	98.68	Acaulospora papillosa	Acaulospora	0	Acaulospora papillosa
PX215023.1	Cetraspora gilmorei | 4430_2047A	Cetraspora gilmorei	Diversisporales	main		ok	assigned	VTX00041	99.81	1.0	0.96		VTX00041	99.81	Racocetra tropicana	Racocetra	0	VTX00041	assigned	Cetraspora gilmorei	99.09	0.972	0.61		Cetraspora gilmorei	99.09	Cetraspora gilmorei	Cetraspora	0	Cetraspora gilmorei
PX215024.1	Cetraspora gilmorei | 4430_2047A	Cetraspora gilmorei	Diversisporales	main		ok	assigned	VTX00041	100.0	1.0	1.02		VTX00041	100.0	Scutellospora gilmorei	Scutellospora	0	VTX00041	assigned	Cetraspora gilmorei	99.39	0.972	0.61		Cetraspora gilmorei	99.39	Cetraspora gilmorei	Cetraspora	0	Cetraspora gilmorei
PX215025.1	Cetraspora gilmorei | 4430_2047A	Cetraspora gilmorei	Diversisporales	main		ok	assigned	VTX00041	99.81	1.0	1.04		VTX00041	99.81	Scutellospora gilmorei	Scutellospora	0	VTX00041	assigned	Cetraspora gilmorei	98.78	0.972	0.46		Cetraspora gilmorei	98.78	Cetraspora gilmorei	Cetraspora	0	Cetraspora gilmorei
PX215026.1	Cetraspora gilmorei | 4397_453A	Cetraspora gilmorei	Diversisporales	main		ok	assigned	VTX00041	100.0	1.0	1.02		VTX00041	100.0	Scutellospora gilmorei	Scutellospora	0	VTX00041	assigned	Cetraspora gilmorei	99.39	0.972	0.61		Cetraspora gilmorei	99.39	Cetraspora gilmorei	Cetraspora	0	Cetraspora gilmorei
PX215027.1	Cetraspora gilmorei | 4414_1105C	Cetraspora gilmorei	Diversisporales	main		ok	assigned	VTX00041	100.0	1.0	1.02		VTX00041	100.0	Scutellospora gilmorei	Scutellospora	0	VTX00041	assigned	Cetraspora gilmorei	99.39	0.972	0.61		Cetraspora gilmorei	99.39	Cetraspora gilmorei	Cetraspora	0	Cetraspora gilmorei
PX215028.1	Cetraspora gilmorei | 4385	Cetraspora gilmorei	Diversisporales	main		ok	assigned	VTX00041	100.0	1.0	1.02		VTX00041	100.0	Scutellospora gilmorei	Scutellospora	0	VTX00041	assigned	Cetraspora gilmorei	99.39	0.972	0.61		Cetraspora gilmorei	99.39	Cetraspora gilmorei	Cetraspora	0	Cetraspora gilmorei
PX215029.1	Cetraspora gilmorei | 4398_831C	Cetraspora gilmorei	Diversisporales	main		ok	assigned	VTX00041	100.0	1.0	1.02		VTX00041	100.0	Scutellospora gilmorei	Scutellospora	0	VTX00041	assigned	Cetraspora gilmorei	99.39	0.972	0.61		Cetraspora gilmorei	99.39	Cetraspora gilmorei	Cetraspora	0	Cetraspora gilmorei
PX215030.1	Cetraspora gilmorei | 4419_860D	Cetraspora gilmorei	Diversisporales	main		ok	assigned	VTX00041	100.0	1.0	1.02		VTX00041	100.0	Scutellospora gilmorei	Scutellospora	0	VTX00041	assigned	Cetraspora gilmorei	99.39	0.972	0.61		Cetraspora gilmorei	99.39	Cetraspora gilmorei	Cetraspora	0	Cetraspora gilmorei
PX215031.1	Cetraspora gilmorei | 4414_1105C	Cetraspora gilmorei	Diversisporales	main		ok	assigned	VTX00041	100.0	1.0	1.02		VTX00041	100.0	Scutellospora gilmorei	Scutellospora	0	VTX00041	assigned	Cetraspora gilmorei	99.24	0.972	0.61		Cetraspora gilmorei	99.24	Cetraspora gilmorei	Cetraspora	0	Cetraspora gilmorei
PX215032.1	Cetraspora gilmorei | 4385	Cetraspora gilmorei	Diversisporales	main		ok	assigned	VTX00041	100.0	1.0	1.02		VTX00041	100.0	Scutellospora gilmorei	Scutellospora	0	VTX00041	assigned	Cetraspora gilmorei	99.24	0.972	0.61		Cetraspora gilmorei	99.24	Cetraspora gilmorei	Cetraspora	0	Cetraspora gilmorei
PX215033.1	Cetraspora gilmorei | 4419_860D	Cetraspora gilmorei	Diversisporales	main		ok	assigned	VTX00041	100.0	1.0	1.02		VTX00041	100.0	Scutellospora gilmorei	Scutellospora	0	VTX00041	assigned	Cetraspora gilmorei	99.24	0.972	0.61		Cetraspora gilmorei	99.24	Cetraspora gilmorei	Cetraspora	0	Cetraspora gilmorei
PX215034.1	Cetraspora gilmorei | 4414_1105C	Cetraspora gilmorei	Diversisporales	main		ok	assigned	VTX00041	100.0	1.0	1.02		VTX00041	100.0	Scutellospora gilmorei	Scutellospora	0	VTX00041	assigned	Cetraspora gilmorei	99.24	0.972	0.61		Cetraspora gilmorei	99.24	Cetraspora gilmorei	Cetraspora	0	Cetraspora gilmorei
PX215035.1	Cetraspora gilmorei | 4398_831C	Cetraspora gilmorei	Diversisporales	main		ok	assigned	VTX00041	100.0	1.0	1.02		VTX00041	100.0	Scutellospora gilmorei	Scutellospora	0	VTX00041	assigned	Cetraspora gilmorei	99.24	0.972	0.61		Cetraspora gilmorei	99.24	Cetraspora gilmorei	Cetraspora	0	Cetraspora gilmorei
PX215036.1	Cetraspora gilmorei | 4414_1105C	Cetraspora gilmorei	Diversisporales	main		ok	assigned	VTX00041	99.81	1.0	0.63		VTX00041	99.81	Scutellospora gilmorei	Scutellospora	0	VTX00041	assigned	Cetraspora gilmorei	99.24	0.972	0.61		Cetraspora gilmorei	99.24	Cetraspora gilmorei	Cetraspora	0	Cetraspora gilmorei
PX215037.1	Cetraspora gilmorei | 4385	Cetraspora gilmorei	Diversisporales	main		ok	assigned	VTX00041	99.81	1.0	0.63		VTX00041	99.81	Scutellospora gilmorei	Scutellospora	0	VTX00041	assigned	Cetraspora gilmorei	99.24	0.972	0.61		Cetraspora gilmorei	99.24	Cetraspora gilmorei	Cetraspora	0	Cetraspora gilmorei
PX215038.1	Cetraspora gilmorei | 4398_831C	Cetraspora gilmorei	Diversisporales	main		ok	assigned	VTX00041	99.81	1.0	0.63		VTX00041	99.81	Scutellospora gilmorei	Scutellospora	0	VTX00041	assigned	Cetraspora gilmorei	99.24	0.972	0.61		Cetraspora gilmorei	99.24	Cetraspora gilmorei	Cetraspora	0	Cetraspora gilmorei
PX215039.1	Cetraspora gilmorei | 4419_860D	Cetraspora gilmorei	Diversisporales	main		ok	assigned	VTX00041	99.81	1.0	0.63		VTX00041	99.81	Scutellospora gilmorei	Scutellospora	0	VTX00041	assigned	Cetraspora gilmorei	99.24	0.972	0.61		Cetraspora gilmorei	99.24	Cetraspora gilmorei	Cetraspora	0	Cetraspora gilmorei
PX215040.1	Cetraspora gilmorei | 4414_1105C	Cetraspora gilmorei	Diversisporales	main		ok	assigned	VTX00041	100.0	1.0	0.96		VTX00041	100.0	Racocetra tropicana	Racocetra	0	VTX00041	assigned	Cetraspora gilmorei	98.78	0.972	0.46		Cetraspora gilmorei	98.78	Cetraspora gilmorei	Cetraspora	0	Cetraspora gilmorei
PX215041.1	Cetraspora gilmorei | 4385	Cetraspora gilmorei	Diversisporales	main		ok	assigned	VTX00041	100.0	1.0	0.96		VTX00041	100.0	Racocetra tropicana	Racocetra	0	VTX00041	assigned	Cetraspora gilmorei	98.78	0.972	0.46		Cetraspora gilmorei	98.78	Cetraspora gilmorei	Cetraspora	0	Cetraspora gilmorei
PX215042.1	Cetraspora gilmorei | 4398_831C	Cetraspora gilmorei	Diversisporales	main		ok	assigned	VTX00041	100.0	1.0	0.96		VTX00041	100.0	Racocetra tropicana	Racocetra	0	VTX00041	assigned	Cetraspora gilmorei	98.78	0.972	0.46		Cetraspora gilmorei	98.78	Cetraspora gilmorei	Cetraspora	0	Cetraspora gilmorei
PX215043.1	Cetraspora gilmorei | 4419_860D	Cetraspora gilmorei	Diversisporales	main		ok	assigned	VTX00041	100.0	1.0	0.96		VTX00041	100.0	Racocetra tropicana	Racocetra	0	VTX00041	assigned	Cetraspora gilmorei	98.78	0.972	0.46		Cetraspora gilmorei	98.78	Cetraspora gilmorei	Cetraspora	0	Cetraspora gilmorei
PX215044.1	Cetraspora gilmorei | 4414_1105C	Cetraspora gilmorei	Diversisporales	main		ok	assigned	VTX00041	99.81	1.0	0.63		VTX00041	99.81	Scutellospora gilmorei	Scutellospora	0	VTX00041	assigned	Cetraspora gilmorei	98.78	0.972	0.46		Cetraspora gilmorei	98.78	Cetraspora gilmorei	Cetraspora	0	Cetraspora gilmorei
PX215045.1	Cetraspora gilmorei | 4414_1105C	Cetraspora gilmorei	Diversisporales	main		ok	assigned	VTX00041	100.0	1.0	0.96		VTX00041	100.0	Racocetra tropicana	Racocetra	0	VTX00041	assigned	Cetraspora gilmorei	99.09	0.972	0.46		Cetraspora gilmorei	99.09	Cetraspora gilmorei	Cetraspora	0	Cetraspora gilmorei
PX215046.1	Cetraspora gilmorei | 4385	Cetraspora gilmorei	Diversisporales	main		ok	assigned	VTX00041	100.0	1.0	0.96		VTX00041	100.0	Racocetra tropicana	Racocetra	0	VTX00041	assigned	Cetraspora gilmorei	99.09	0.972	0.46		Cetraspora gilmorei	99.09	Cetraspora gilmorei	Cetraspora	0	Cetraspora gilmorei
PX215047.1	Cetraspora gilmorei | 4398_831C	Cetraspora gilmorei	Diversisporales	main		ok	assigned	VTX00041	100.0	1.0	0.96		VTX00041	100.0	Racocetra tropicana	Racocetra	0	VTX00041	assigned	Cetraspora gilmorei	99.09	0.972	0.46		Cetraspora gilmorei	99.09	Cetraspora gilmorei	Cetraspora	0	Cetraspora gilmorei
PX215048.1	Cetraspora gilmorei | 4419_860D	Cetraspora gilmorei	Diversisporales	main		ok	assigned	VTX00041	100.0	1.0	0.96		VTX00041	100.0	Racocetra tropicana	Racocetra	0	VTX00041	assigned	Cetraspora gilmorei	99.09	0.972	0.46		Cetraspora gilmorei	99.09	Cetraspora gilmorei	Cetraspora	0	Cetraspora gilmorei
PX215049.1	Cetraspora gilmorei | 4430_2047A	Cetraspora gilmorei	Diversisporales	main		ok	assigned	VTX00041	99.81	1.0	0.96		VTX00041	99.81	Racocetra tropicana	Racocetra	0	VTX00041	assigned	Cetraspora gilmorei	99.39	0.972	0.46		Cetraspora gilmorei	99.39	Cetraspora gilmorei	Cetraspora	0	Cetraspora gilmorei
PX215050.1	Cetraspora gilmorei | 4430_2047A	Cetraspora gilmorei	Diversisporales	main		ok	assigned	VTX00041	100.0	1.0	0.96		VTX00041	100.0	Racocetra tropicana	Racocetra	0	VTX00041	assigned	Cetraspora gilmorei	99.54	0.972	0.76		Cetraspora gilmorei	99.54	Cetraspora gilmorei	Cetraspora	0	Cetraspora gilmorei
PX215051.1	Cetraspora gilmorei | 4436_787A	Cetraspora gilmorei	Diversisporales	main		ok	assigned	VTX00041	100.0	1.0	1.02		VTX00041	100.0	Scutellospora gilmorei	Scutellospora	0	VTX00041	assigned	Cetraspora gilmorei	99.85	0.972	1.06		Cetraspora gilmorei	99.85	Cetraspora gilmorei	Cetraspora	0	Cetraspora gilmorei
PX215052.1	Cetraspora gilmorei | 4436_787A	Cetraspora gilmorei	Diversisporales	main		ok	assigned	VTX00041	100.0	1.0	1.02		VTX00041	100.0	Scutellospora gilmorei	Scutellospora	0	VTX00041	assigned	Cetraspora gilmorei	99.85	0.972	1.06		Cetraspora gilmorei	99.85	Cetraspora gilmorei	Cetraspora	0	Cetraspora gilmorei
PX215053.1	Cetraspora gilmorei | 4436_787A	Cetraspora gilmorei	Diversisporales	main		ok	assigned	VTX00041	100.0	1.0	0.96		VTX00041	100.0	Racocetra tropicana	Racocetra	0	VTX00041	assigned	Cetraspora gilmorei	99.39	0.973	0.15		Cetraspora gilmorei	99.39	Cetraspora gilmorei	Cetraspora	0	Cetraspora gilmorei
PX215054.1	Cetraspora gilmorei | CW0008_4007A	Cetraspora gilmorei	Diversisporales	main		ok	assigned	VTX00041	100.0	1.0	1.02		VTX00041	100.0	Scutellospora gilmorei	Scutellospora	0	VTX00041	assigned	Cetraspora gilmorei	99.55	0.973	0.15		Cetraspora gilmorei	99.55	Cetraspora gilmorei	Cetraspora	0	Cetraspora gilmorei
PX215055.1	Cetraspora gilmorei | 4436_787A	Cetraspora gilmorei	Diversisporales	main		ok	assigned	VTX00041	100.0	1.0	1.02		VTX00041	100.0	Scutellospora gilmorei	Scutellospora	0	VTX00041	assigned	Cetraspora gilmorei	99.7	0.972	0.61		Cetraspora gilmorei	99.7	Cetraspora gilmorei	Cetraspora	0	Cetraspora gilmorei
PX215056.1	Cetraspora gilmorei | CW0008_4007A	Cetraspora gilmorei	Diversisporales	main		ok	assigned	VTX00041	100.0	1.0	1.02		VTX00041	100.0	Scutellospora gilmorei	Scutellospora	0	VTX00041	assigned	Cetraspora gilmorei	99.39	0.972	0.61		Cetraspora gilmorei	99.39	Cetraspora gilmorei	Cetraspora	0	Cetraspora gilmorei
PX215057.1	Cetraspora gilmorei | CW0008_4007A	Cetraspora gilmorei	Diversisporales	main		ok	assigned	VTX00041	100.0	1.0	1.02		VTX00041	100.0	Scutellospora gilmorei	Scutellospora	0	VTX00041	assigned	Cetraspora gilmorei	99.7	0.972	1.06		Cetraspora gilmorei	99.7	Cetraspora gilmorei	Cetraspora	0	Cetraspora gilmorei
PX215058.1	Cetraspora gilmorei | CW0008_4007A	Cetraspora gilmorei	Diversisporales	main		ok	assigned	VTX00041	99.62	1.002	0.64		VTX00041	99.62	Scutellospora gilmorei	Scutellospora	0	VTX00041	assigned	Cetraspora gilmorei	99.39	0.972	0.61		Cetraspora gilmorei	99.39	Cetraspora gilmorei	Cetraspora	0	Cetraspora gilmorei
PX215059.1	Cetraspora gilmorei | 4397_453A	Cetraspora gilmorei	Diversisporales	main		ok	assigned	VTX00041	99.81	1.0	0.96		VTX00041	99.81	Racocetra tropicana	Racocetra	0	VTX00041	assigned	Cetraspora gilmorei	99.24	0.973	0.15		Cetraspora gilmorei	99.24	Cetraspora gilmorei	Cetraspora	0	Cetraspora gilmorei
PX215060.1	Cetraspora gilmorei | 4414_1105C	Cetraspora gilmorei	Diversisporales	main		ok	assigned	VTX00041	99.81	1.0	0.96		VTX00041	99.81	Racocetra tropicana	Racocetra	0	VTX00041	assigned	Cetraspora gilmorei	99.24	0.973	0.15		Cetraspora gilmorei	99.24	Cetraspora gilmorei	Cetraspora	0	Cetraspora gilmorei
PX215061.1	Cetraspora gilmorei | 4385	Cetraspora gilmorei	Diversisporales	main		ok	assigned	VTX00041	99.81	1.0	0.96		VTX00041	99.81	Racocetra tropicana	Racocetra	0	VTX00041	assigned	Cetraspora gilmorei	99.24	0.973	0.15		Cetraspora gilmorei	99.24	Cetraspora gilmorei	Cetraspora	0	Cetraspora gilmorei
PX215062.1	Cetraspora gilmorei | 4398_831C	Cetraspora gilmorei	Diversisporales	main		ok	assigned	VTX00041	99.81	1.0	0.96		VTX00041	99.81	Racocetra tropicana	Racocetra	0	VTX00041	assigned	Cetraspora gilmorei	99.24	0.973	0.15		Cetraspora gilmorei	99.24	Cetraspora gilmorei	Cetraspora	0	Cetraspora gilmorei
PX215063.1	Cetraspora gilmorei | 4419_860D	Cetraspora gilmorei	Diversisporales	main		ok	assigned	VTX00041	99.81	1.0	0.96		VTX00041	99.81	Racocetra tropicana	Racocetra	0	VTX00041	assigned	Cetraspora gilmorei	99.24	0.973	0.15		Cetraspora gilmorei	99.24	Cetraspora gilmorei	Cetraspora	0	Cetraspora gilmorei
PX215064.1	Cetraspora gilmorei | 4419_860D	Cetraspora gilmorei	Diversisporales	main		ok	assigned	VTX00041	99.81	1.0	0.96		VTX00041	99.81	Racocetra tropicana	Racocetra	0	VTX00041	assigned	Cetraspora gilmorei	99.24	0.973	0.15		Cetraspora gilmorei	99.24	Cetraspora gilmorei	Cetraspora	0	Cetraspora gilmorei
PX215065.1	Cetraspora gilmorei | 4414_1105C	Cetraspora gilmorei	Diversisporales	main		ok	assigned	VTX00041	100.0	1.0	1.02		VTX00041	100.0	Scutellospora gilmorei	Scutellospora	0	VTX00041	assigned	Cetraspora gilmorei	99.24	0.972	0.45		Cetraspora gilmorei	99.24	Cetraspora gilmorei	Cetraspora	0	Cetraspora gilmorei
PX215066.1	Cetraspora gilmorei | 4385	Cetraspora gilmorei	Diversisporales	main		ok	assigned	VTX00041	100.0	1.0	1.02		VTX00041	100.0	Scutellospora gilmorei	Scutellospora	0	VTX00041	assigned	Cetraspora gilmorei	99.24	0.972	0.45		Cetraspora gilmorei	99.24	Cetraspora gilmorei	Cetraspora	0	Cetraspora gilmorei
PX215067.1	Cetraspora gilmorei | 4419_860D	Cetraspora gilmorei	Diversisporales	main		ok	assigned	VTX00041	100.0	1.0	1.02		VTX00041	100.0	Scutellospora gilmorei	Scutellospora	0	VTX00041	assigned	Cetraspora gilmorei	99.09	0.972	0.46		Cetraspora gilmorei	99.09	Cetraspora gilmorei	Cetraspora	0	Cetraspora gilmorei
PX215068.1	Cetraspora gilmorei | 4436_787A	Cetraspora gilmorei	Diversisporales	main		ok	assigned	VTX00041	99.81	1.0	0.63		VTX00041	99.81	Scutellospora gilmorei	Scutellospora	0	VTX00041	assigned	Cetraspora gilmorei	98.79	0.972	0.61		Cetraspora gilmorei	98.79	Cetraspora gilmorei	Cetraspora	0	Cetraspora gilmorei
PX215069.1	Cetraspora gilmorei | 4414_1105C	Cetraspora gilmorei	Diversisporales	main		ok	assigned	VTX00041	99.81	1.0	0.63		VTX00041	99.81	Scutellospora gilmorei	Scutellospora	0	VTX00041	assigned	Cetraspora gilmorei	99.09	0.973	0.15		Cetraspora gilmorei	99.09	Cetraspora gilmorei	Cetraspora	0	Cetraspora gilmorei
PX215070.1	Cetraspora gilmorei | 4385	Cetraspora gilmorei	Diversisporales	main		ok	assigned	VTX00041	99.81	1.0	0.63		VTX00041	99.81	Scutellospora gilmorei	Scutellospora	0	VTX00041	assigned	Cetraspora gilmorei	99.09	0.973	0.15		Cetraspora gilmorei	99.09	Cetraspora gilmorei	Cetraspora	0	Cetraspora gilmorei
PX215071.1	Cetraspora gilmorei | 4398_831C	Cetraspora gilmorei	Diversisporales	main		ok	assigned	VTX00041	99.81	1.0	0.63		VTX00041	99.81	Scutellospora gilmorei	Scutellospora	0	VTX00041	assigned	Cetraspora gilmorei	99.09	0.973	0.15		Cetraspora gilmorei	99.09	Cetraspora gilmorei	Cetraspora	0	Cetraspora gilmorei
PX215072.1	Cetraspora gilmorei | 4419_860D	Cetraspora gilmorei	Diversisporales	main		ok	assigned	VTX00041	99.81	1.0	0.63		VTX00041	99.81	Scutellospora gilmorei	Scutellospora	0	VTX00041	assigned	Cetraspora gilmorei	99.09	0.973	0.15		Cetraspora gilmorei	99.09	Cetraspora gilmorei	Cetraspora	0	Cetraspora gilmorei
PX215073.1	Dentiscutata heterogama | BEG_35_2003A	Dentiscutata heterogama	Diversisporales	main		ok	assigned	VTX00255	99.81	1.0	1.35		VTX00255	99.81	Scutellospora heterogama	Scutellospora	0	VTX00255	assigned	Dentiscutata Fuscutata aurea	98.78	0.995	0.54		Dentiscutata Fuscutata aurea	98.78	Dentiscutata Fuscutata aurea	Dentiscutata	0	Dentiscutata Fuscutata aurea
PX215074.1	Dentiscutata heterogama | BEG_35_2003A	Dentiscutata heterogama	Diversisporales	main		ok	assigned	VTX00255	100.0	1.0	1.35		VTX00255	100.0	Scutellospora heterogama	Scutellospora	0	VTX00255	assigned	Dentiscutata Fuscutata aurea	98.31	0.995	0.71		Dentiscutata Fuscutata aurea	98.31	Dentiscutata Fuscutata aurea	Dentiscutata	0	Dentiscutata Fuscutata aurea
PX215075.1	Dentiscutata heterogama | CL157_2013B	Dentiscutata heterogama	Diversisporales	main		ok	assigned	VTX00255	99.61	1.0	1.35		VTX00255	99.61	Scutellospora heterogama T	Scutellospora	0	VTX00255	assigned	Dentiscutata Fuscutata aurea	98.93	0.995	0.52		Dentiscutata Fuscutata aurea	98.93	Dentiscutata Fuscutata aurea	Dentiscutata	0	Dentiscutata Fuscutata aurea
PX215076.1	Dentiscutata heterogama | CL157_2013B	Dentiscutata heterogama	Diversisporales	main		ok	assigned	VTX00255	100.0	1.0	1.35		VTX00255	100.0	Scutellospora heterogama	Scutellospora	0	VTX00255	assigned	Dentiscutata Fuscutata aurea	98.93	0.995	0.52		Dentiscutata Fuscutata aurea	98.93	Dentiscutata Fuscutata aurea	Dentiscutata	0	Dentiscutata Fuscutata aurea
PX215077.1	Dentiscutata heterogama | BEG_35_2003A	Dentiscutata heterogama	Diversisporales	main		ok	assigned	VTX00255	99.61	1.0	1.15		VTX00255	99.61	Scutellospora sp.	Scutellospora	0	VTX00255	assigned	Dentiscutata Fuscutata aurea	98.93	1.0	-0.27		Dentiscutata Fuscutata aurea	98.93	Dentiscutata Fuscutata aurea	Dentiscutata	0	Dentiscutata Fuscutata aurea
PX215078.1	Dentiscutata heterogama | CL157_2013B	Dentiscutata heterogama	Diversisporales	main		ok	assigned	VTX00255	99.81	1.0	1.35		VTX00255	99.81	Scutellospora heterogama	Scutellospora	0	VTX00255	assigned	Dentiscutata Fuscutata aurea	98.78	1.0	-0.26		Dentiscutata Fuscutata aurea	98.78	Dentiscutata Fuscutata aurea	Dentiscutata	0	Dentiscutata Fuscutata aurea
PX215079.1	Gigaspora rosea | BEG9_770A	Gigaspora rosea	Diversisporales	main		ok	assigned	VTX00039	99.61	1.0	0.96		VTX00039	99.61	Gigaspora margarita	Gigaspora	0	VTX00039	unassigned			1.003	2.39		Gigaspora rosea	96.81	Gigaspora rosea	Gigaspora	0	Gigaspora rosea
PX215080.1	Gigaspora rosea | 194757_703A	Gigaspora rosea	Diversisporales	main		ok	assigned	VTX00039	99.61	1.0	0.96		VTX00039	99.61	Gigaspora margarita	Gigaspora	0	VTX00039	unassigned			1.003	2.39		Gigaspora rosea	96.81	Gigaspora rosea	Gigaspora	0	Gigaspora rosea
PX215081.1	Gigaspora rosea | 4511_973A	Gigaspora rosea	Diversisporales	main		ok	assigned	VTX00039	99.61	1.0	0.96		VTX00039	99.61	Gigaspora margarita	Gigaspora	0	VTX00039	unassigned			1.003	2.39		Gigaspora rosea	96.81	Gigaspora rosea	Gigaspora	0	Gigaspora rosea
PX215082.1	Gigaspora rosea | CW0011_4010A	Gigaspora rosea	Diversisporales	main		ok	assigned	VTX00039	99.61	1.0	0.96		VTX00039	99.61	Gigaspora margarita	Gigaspora	0	VTX00039	unassigned			1.003	2.39		Gigaspora rosea	96.66	Gigaspora rosea	Gigaspora	0	Gigaspora rosea
PX215083.1	Gigaspora rosea | 194757_703A	Gigaspora rosea	Diversisporales	main		ok	assigned	VTX00039	99.61	1.0	1.0		VTX00039	99.61	Gigaspora margarita	Gigaspora	0	VTX00039	unassigned			1.003	2.39		Gigaspora rosea	96.81	Gigaspora rosea	Gigaspora	0	Gigaspora rosea
PX215084.1	Gigaspora rosea | BEG9_770A	Gigaspora rosea	Diversisporales	main		ok	assigned	VTX00039	99.61	1.0	1.0		VTX00039	99.61	Gigaspora margarita	Gigaspora	0	VTX00039	unassigned			1.003	2.07		Gigaspora rosea	96.66	Gigaspora rosea	Gigaspora	0	Gigaspora rosea
PX215085.1	Gigaspora rosea | 194757_703A	Gigaspora rosea	Diversisporales	main		ok	assigned	VTX00039	99.42	1.0	1.01		VTX00039	99.42	Gigaspora margarita	Gigaspora	0	VTX00039	unassigned			1.003	2.07		Gigaspora rosea	96.66	Gigaspora rosea	Gigaspora	0	Gigaspora rosea
PX215086.1	Gigaspora rosea | CW0011_4010A	Gigaspora rosea	Diversisporales	main		ok	assigned	VTX00039	99.81	1.0	1.0		VTX00039	99.81	Gigaspora margarita	Gigaspora	0	VTX00039	unassigned			1.003	2.07		Gigaspora rosea	96.34	Gigaspora rosea	Gigaspora	0	Gigaspora rosea
PX215087.1	Gigaspora rosea | 194757_703A	Gigaspora rosea	Diversisporales	main		ok	assigned	VTX00039	99.61	1.0	1.0		VTX00039	99.61	Gigaspora margarita	Gigaspora	0	VTX00039	unassigned			1.003	2.07		Gigaspora rosea	96.66	Gigaspora rosea	Gigaspora	0	Gigaspora rosea
PX215088.1	Gigaspora rosea | 194757_703A	Gigaspora rosea	Diversisporales	main		ok	assigned	VTX00039	99.42	1.002	1.01		VTX00039	99.42	Gigaspora margarita	Gigaspora	0	VTX00039	unassigned			1.003	2.07		Gigaspora rosea	96.66	Gigaspora rosea	Gigaspora	0	Gigaspora rosea
PX215089.1	Gigaspora rosea | CU131_1018C	Gigaspora rosea	Diversisporales	main		ok	assigned	VTX00039	99.81	1.0	1.0		VTX00039	99.81	Gigaspora margarita	Gigaspora	0	VTX00039	unassigned			0.998	-1.25		Gigaspora decipiens	94.78	Gigaspora decipiens	Gigaspora	0	Gigaspora albida
PX215090.1	Gigaspora rosea | BEG9_770A	Gigaspora rosea	Diversisporales	main		ok	assigned	VTX00039	99.81	1.0	1.0		VTX00039	99.81	Gigaspora margarita	Gigaspora	0	VTX00039	assigned	Gigaspora rosea	97.65	0.992	-0.27		Gigaspora rosea	97.65	Gigaspora rosea	Gigaspora	0	Gigaspora rosea
PX215091.1	Gigaspora rosea | 194757_703A	Gigaspora rosea	Diversisporales	main		ok	assigned	VTX00039	99.81	1.0	1.0		VTX00039	99.81	Gigaspora margarita	Gigaspora	0	VTX00039	assigned	Gigaspora rosea	97.65	0.992	-0.27		Gigaspora rosea	97.65	Gigaspora rosea	Gigaspora	0	Gigaspora rosea
PX215092.1	Gigaspora rosea | 4511_973A	Gigaspora rosea	Diversisporales	main		ok	assigned	VTX00039	99.81	1.0	1.0		VTX00039	99.81	Gigaspora margarita	Gigaspora	0	VTX00039	assigned	Gigaspora rosea	97.65	0.992	-0.27		Gigaspora rosea	97.65	Gigaspora rosea	Gigaspora	0	Gigaspora rosea
PX215093.1	Gigaspora rosea | 194757_703A	Gigaspora rosea	Diversisporales	main		ok	assigned	VTX00039	99.81	1.0	1.0		VTX00039	99.81	Gigaspora margarita	Gigaspora	0	VTX00039	assigned	Gigaspora rosea	97.65	0.992	-0.27		Gigaspora rosea	97.65	Gigaspora rosea	Gigaspora	0	Gigaspora rosea
PX215094.1	Gigaspora rosea | 4511_973A	Gigaspora rosea	Diversisporales	main		ok	assigned	VTX00039	99.81	1.0	1.0		VTX00039	99.81	Gigaspora margarita	Gigaspora	0	VTX00039	assigned	Gigaspora rosea	97.65	0.992	-0.27		Gigaspora rosea	97.65	Gigaspora rosea	Gigaspora	0	Gigaspora rosea
PX215095.1	Gigaspora rosea | CW0011_4010A	Gigaspora rosea	Diversisporales	main		ok	assigned	VTX00039	99.81	1.0	1.0		VTX00039	99.81	Gigaspora margarita	Gigaspora	0	VTX00039	assigned	Gigaspora rosea	97.65	0.992	-0.27		Gigaspora rosea	97.65	Gigaspora rosea	Gigaspora	0	Gigaspora rosea
PX215096.1	Gigaspora rosea | woodslee_203A	Gigaspora rosea	Diversisporales	main		ok	assigned	VTX00039	99.61	1.0	0.8		VTX00039	99.61	Gigaspora gigantea	Gigaspora	0	VTX00039	assigned	Gigaspora rosea	97.18	0.992	-0.9		Gigaspora rosea	97.18	Gigaspora rosea	Gigaspora	0	Gigaspora rosea
PX215097.1	Gigaspora rosea | woodslee_203A	Gigaspora rosea	Diversisporales	main		ok	assigned	VTX00039	99.81	1.002	0.8		VTX00039	99.81	Gigaspora gigantea	Gigaspora	0	VTX00039	assigned	Gigaspora rosea	97.18	0.992	-0.9		Gigaspora rosea	97.18	Gigaspora rosea	Gigaspora	0	Gigaspora rosea
PX215098.1	Gigaspora rosea | woodslee_203A	Gigaspora rosea	Diversisporales	main		ok	assigned	VTX00039	99.42	1.0	0.77		VTX00039	99.42	Gigaspora gigantea	Gigaspora	0	VTX00039	assigned	Gigaspora albida	97.76	0.992	-1.2		Gigaspora rosea	96.56	Gigaspora rosea	Gigaspora	0	Gigaspora rosea
PX215099.1	Gigaspora rosea | woodslee_203A	Gigaspora rosea	Diversisporales	main		ok	assigned	VTX00039	99.81	1.0	0.8		VTX00039	99.81	Gigaspora gigantea	Gigaspora	0	VTX00039	assigned	Gigaspora albida	97.76	0.992	-1.2		Gigaspora rosea	96.56	Gigaspora rosea	Gigaspora	0	Gigaspora rosea
PX215100.1	Gigaspora rosea | woodslee_203A	Gigaspora rosea	Diversisporales	main		ok	assigned	VTX00039	100.0	1.0	0.79		VTX00039	100.0	Gigaspora gigantea	Gigaspora	0	VTX00039	assigned	Gigaspora rosea	97.18	0.991	-1.23		Gigaspora rosea	97.18	Gigaspora rosea	Gigaspora	0	Gigaspora rosea
PX215101.1	Gigaspora rosea | 4752_496A	Gigaspora rosea	Diversisporales	main		ok	assigned	VTX00039	99.61	1.0	0.8		VTX00039	99.61	Gigaspora gigantea	Gigaspora	0	VTX00039	assigned	Gigaspora rosea	97.18	0.992	-1.06		Gigaspora rosea	97.18	Gigaspora rosea	Gigaspora	0	Gigaspora albida
PX215102.1	Gigaspora rosea | 4752_496A	Gigaspora rosea	Diversisporales	main		ok	assigned	VTX00039	100.0	1.0	0.79		VTX00039	100.0	Gigaspora gigantea	Gigaspora	0	VTX00039	assigned	Gigaspora albida	97.29	0.992	-0.58		Gigaspora rosea	96.71	Gigaspora rosea	Gigaspora	0	Gigaspora albida
PX215103.1	Gigaspora rosea | CU131_1018C	Gigaspora rosea	Diversisporales	main		ok	assigned	VTX00039	100.0	1.0	0.99		VTX00039	100.0	Gigaspora margarita	Gigaspora	0	VTX00039	assigned	Gigaspora albida	99.2	1.002	1.75		Gigaspora albida	99.2	Gigaspora albida	Gigaspora	0	Gigaspora albida
PX215104.1	Gigaspora rosea | 4752_496A	Gigaspora rosea	Diversisporales	main		ok	assigned	VTX00039	99.81	1.0	0.8		VTX00039	99.81	Gigaspora gigantea	Gigaspora	0	VTX00039	assigned	Gigaspora albida	98.09	1.0	0.16		Gigaspora albida	98.09	Gigaspora albida	Gigaspora	0	Gigaspora albida
PX215105.1	Gigaspora rosea | 4752_496A	Gigaspora rosea	Diversisporales	main		ok	assigned	VTX00039	99.61	1.0	0.61		VTX00039	99.61	Gigaspora gigantea	Gigaspora	0	VTX00039	assigned	Gigaspora albida	97.77	1.002	0.8		Gigaspora albida	97.77	Gigaspora albida	Gigaspora	0	Gigaspora albida
PX215106.1	Gigaspora rosea | BEG9_770A	Gigaspora rosea	Diversisporales	main		ok	assigned	VTX00039	100.0	1.0	0.99		VTX00039	100.0	Gigaspora margarita	Gigaspora	0	VTX00039	unassigned			0.992	-1.33		Gigaspora rosea	95.31	Gigaspora rosea	Gigaspora	0	Gigaspora rosea
PX215107.1	Gigaspora rosea | 4511_973A	Gigaspora rosea	Diversisporales	main		ok	assigned	VTX00039	100.0	1.0	0.99		VTX00039	100.0	Gigaspora margarita	Gigaspora	0	VTX00039	unassigned			0.992	-1.33		Gigaspora rosea	95.31	Gigaspora rosea	Gigaspora	0	Gigaspora rosea
PX215108.1	Gigaspora rosea | woodslee_203A	Gigaspora rosea	Diversisporales	main		ok	assigned	VTX00039	99.81	1.0	0.8		VTX00039	99.81	Gigaspora gigantea	Gigaspora	0	VTX00039	unassigned			0.998	0.3		Gigaspora gigantea	95.69	Gigaspora gigantea	Gigaspora	0	Gigaspora rosea
PX215109.1	Gigaspora rosea | BEG9_770A	Gigaspora rosea	Diversisporales	main		ok	assigned	VTX00039	99.42	1.0	1.01		VTX00039	99.42	Gigaspora margarita	Gigaspora	0	VTX00039	assigned	Gigaspora rosea	97.34	0.992	-0.75		Gigaspora rosea	97.34	Gigaspora rosea	Gigaspora	0	Gigaspora rosea
PX215110.1	Gigaspora rosea | 194757_703A	Gigaspora rosea	Diversisporales	main		ok	assigned	VTX00039	99.42	1.0	1.01		VTX00039	99.42	Gigaspora margarita	Gigaspora	0	VTX00039	assigned	Gigaspora rosea	97.34	0.992	-0.75		Gigaspora rosea	97.34	Gigaspora rosea	Gigaspora	0	Gigaspora rosea
PX215111.1	Gigaspora rosea | 194757_703A	Gigaspora rosea	Diversisporales	main		ok	assigned	VTX00039	99.42	1.0	1.01		VTX00039	99.42	Gigaspora margarita	Gigaspora	0	VTX00039	assigned	Gigaspora rosea	97.34	0.992	-0.75		Gigaspora rosea	97.34	Gigaspora rosea	Gigaspora	0	Gigaspora rosea
PX215112.1	Gigaspora rosea | 4511_973A	Gigaspora rosea	Diversisporales	main		ok	assigned	VTX00039	99.42	1.0	1.01		VTX00039	99.42	Gigaspora margarita	Gigaspora	0	VTX00039	assigned	Gigaspora rosea	97.34	0.992	-0.75		Gigaspora rosea	97.34	Gigaspora rosea	Gigaspora	0	Gigaspora rosea
PX215113.1	Gigaspora rosea | CW0011_4010A	Gigaspora rosea	Diversisporales	main		ok	assigned	VTX00039	99.61	1.0	1.0		VTX00039	99.61	Gigaspora margarita	Gigaspora	0	VTX00039	assigned	Gigaspora rosea	97.34	0.992	-0.75		Gigaspora rosea	97.34	Gigaspora rosea	Gigaspora	0	Gigaspora rosea
PX215114.1	Gigaspora rosea | CW0011_4010A	Gigaspora rosea	Diversisporales	main		ok	assigned	VTX00039	99.81	1.0	1.0		VTX00039	99.81	Gigaspora margarita	Gigaspora	0	VTX00039	assigned	Gigaspora rosea	97.34	0.992	-0.75		Gigaspora rosea	97.34	Gigaspora rosea	Gigaspora	0	Gigaspora rosea
PX215115.1	Gigaspora rosea | 4752_496A	Gigaspora rosea	Diversisporales	main		ok	assigned	VTX00039	99.61	1.0	0.96		VTX00039	99.61	Gigaspora margarita	Gigaspora	0	VTX00039	unassigned			1.003	1.43		Gigaspora rosea	96.02	Gigaspora rosea	Gigaspora	0	Gigaspora albida
PX215116.1	Gigaspora rosea | 4752_496A	Gigaspora rosea	Diversisporales	main		ok	assigned	VTX00039	99.61	1.0	0.96		VTX00039	99.61	Gigaspora margarita	Gigaspora	0	VTX00039	unassigned			1.003	1.43		Gigaspora rosea	95.7	Gigaspora rosea	Gigaspora	0	Gigaspora albida
PX215118.1	Ambispora callosa | JA116_2012B	Ambispora callosa	Archaeosporales	main		ok	assigned	VTX00242	100.0	1.0	2.5		VTX00242	100.0	Ambispora callosa	Ambispora	0	VTX00242	assigned	Ambispora leptoticha	97.62	1.002	3.41		Ambispora leptoticha	97.62	Ambispora leptoticha	Ambispora	0	Ambispora leptoticha
PX215119.1	Ambispora callosa | MAFF520084_2504A	Ambispora callosa	Archaeosporales	main		ok	assigned	VTX00242	100.0	1.0	2.5		VTX00242	100.0	Ambispora callosa	Ambispora	0	VTX00242	assigned	Ambispora leptoticha	97.62	1.002	3.41		Ambispora leptoticha	97.62	Ambispora leptoticha	Ambispora	0	Ambispora leptoticha
PX215120.1	Ambispora callosa | MAFF520084_2504A	Ambispora callosa	Archaeosporales	main		ok	assigned	VTX00242	100.0	1.0	2.5		VTX00242	100.0	Ambispora callosa	Ambispora	0	VTX00242	assigned	Ambispora leptoticha	97.63	1.003	3.42		Ambispora leptoticha	97.63	Ambispora leptoticha	Ambispora	0	Ambispora leptoticha
PX215121.1	Ambispora callosa | MAFF520084_2504A	Ambispora callosa	Archaeosporales	main		ok	assigned	VTX00242	100.0	1.0	2.5		VTX00242	100.0	Ambispora callosa	Ambispora	0	VTX00242	assigned	Ambispora leptoticha	98.1	1.002	3.89		Ambispora leptoticha	98.1	Ambispora leptoticha	Ambispora	0	Ambispora leptoticha
PX215122.1	Ambispora callosa | JA116_2012B	Ambispora callosa	Archaeosporales	main		ok	assigned	VTX00242	100.0	1.0	2.5		VTX00242	100.0	Ambispora callosa	Ambispora	0	VTX00242	assigned	Ambispora leptoticha	97.46	1.002	3.25		Ambispora leptoticha	97.46	Ambispora leptoticha	Ambispora	0	Ambispora leptoticha
PX215123.1	Ambispora callosa | MAFF520084_2504A	Ambispora callosa	Archaeosporales	main		ok	assigned	VTX00242	100.0	1.0	2.5		VTX00242	100.0	Ambispora callosa	Ambispora	0	VTX00242	assigned	Ambispora leptoticha	97.46	1.002	3.25		Ambispora leptoticha	97.46	Ambispora leptoticha	Ambispora	0	Ambispora leptoticha
PX215124.1	Ambispora callosa | MAFF520057_2499A	Ambispora callosa	Archaeosporales	main		ok	assigned	VTX00242	100.0	1.0	2.5		VTX00242	100.0	Ambispora callosa	Ambispora	0	VTX00242	assigned	Ambispora leptoticha	97.62	1.002	3.41		Ambispora leptoticha	97.62	Ambispora leptoticha	Ambispora	0	Ambispora leptoticha
PX215125.1	Ambispora callosa | MAFF520084_2504A	Ambispora callosa	Archaeosporales	main		ok	assigned	VTX00242	100.0	1.0	2.5		VTX00242	100.0	Ambispora callosa	Ambispora	0	VTX00242	assigned	Ambispora leptoticha	97.62	1.002	3.41		Ambispora leptoticha	97.62	Ambispora leptoticha	Ambispora	0	Ambispora leptoticha
PX215126.1	Ambispora callosa | JA116_2012B	Ambispora callosa	Archaeosporales	main		ok	assigned	VTX00242	100.0	1.0	2.5		VTX00242	100.0	Ambispora callosa	Ambispora	0	VTX00242	assigned	Ambispora leptoticha	97.46	1.002	3.25		Ambispora leptoticha	97.46	Ambispora leptoticha	Ambispora	0	Ambispora leptoticha
PX215127.1	Ambispora callosa | MAFF520084_2504A	Ambispora callosa	Archaeosporales	main		ok	assigned	VTX00242	99.62	1.002	2.5		VTX00242	99.62	Ambispora callosa	Ambispora	0	VTX00242	assigned	Ambispora leptoticha	97.62	1.002	3.41		Ambispora leptoticha	97.62	Ambispora leptoticha	Ambispora	0	Ambispora leptoticha
PX215128.1	Ambispora callosa | MAFF520084_2504A	Ambispora callosa	Archaeosporales	main		ok	assigned	VTX00242	99.62	1.002	2.5		VTX00242	99.62	Ambispora callosa	Ambispora	0	VTX00242	assigned	Ambispora leptoticha	97.62	1.002	3.41		Ambispora leptoticha	97.62	Ambispora leptoticha	Ambispora	0	Ambispora leptoticha
PX215129.1	Ambispora callosa | MAFF520084_2504A	Ambispora callosa	Archaeosporales	main		ok	assigned	VTX00242	100.0	1.0	2.5		VTX00242	100.0	Ambispora callosa	Ambispora	0	VTX00242	assigned	Ambispora leptoticha	97.46	1.002	3.25		Ambispora leptoticha	97.46	Ambispora leptoticha	Ambispora	0	Ambispora leptoticha
PX215130.1	Ambispora callosa | JA116_2012B	Ambispora callosa	Archaeosporales	main		ok	assigned	VTX00242	100.0	1.0	2.5		VTX00242	100.0	Ambispora callosa	Ambispora	0	VTX00242	assigned	Ambispora leptoticha	97.46	1.002	3.25		Ambispora leptoticha	97.46	Ambispora leptoticha	Ambispora	0	Ambispora leptoticha
PX215131.1	Ambispora callosa | MAFF520084_2504A	Ambispora callosa	Archaeosporales	main		ok	assigned	VTX00242	100.0	1.0	2.5		VTX00242	100.0	Ambispora callosa	Ambispora	0	VTX00242	assigned	Ambispora leptoticha	97.46	1.002	3.25		Ambispora leptoticha	97.46	Ambispora leptoticha	Ambispora	0	Ambispora leptoticha
PX215132.1	Ambispora callosa | JA116_2012B	Ambispora callosa	Archaeosporales	main		ok	assigned	VTX00242	99.61	1.0	2.5		VTX00242	99.61	Ambispora callosa	Ambispora	0	VTX00242	assigned	Ambispora leptoticha	97.62	1.002	3.41		Ambispora leptoticha	97.62	Ambispora leptoticha	Ambispora	0	Ambispora leptoticha
PX215133.1	Ambispora callosa | MAFF520057_2499A	Ambispora callosa	Archaeosporales	main		ok	assigned	VTX00242	99.42	1.0	2.5		VTX00242	99.42	Ambispora callosa	Ambispora	0	VTX00242	assigned	Ambispora leptoticha	97.62	1.002	3.41		Ambispora leptoticha	97.62	Ambispora leptoticha	Ambispora	0	Ambispora leptoticha
PX215134.1	Ambispora callosa | MAFF520057_2499A	Ambispora callosa	Archaeosporales	main		ok	assigned	VTX00242	99.61	1.0	2.5		VTX00242	99.61	Ambispora callosa	Ambispora	0	VTX00242	assigned	Ambispora leptoticha	97.46	1.002	3.25		Ambispora leptoticha	97.46	Ambispora leptoticha	Ambispora	0	Ambispora leptoticha
PX215135.1	Ambispora callosa | MAFF520057_2499A	Ambispora callosa	Archaeosporales	main		ok	assigned	VTX00242	100.0	1.0	2.5		VTX00242	100.0	Ambispora callosa	Ambispora	0	VTX00242	assigned	Ambispora leptoticha	97.78	1.002	3.57		Ambispora leptoticha	97.78	Ambispora leptoticha	Ambispora	0	Ambispora leptoticha
PX215136.1	Ambispora callosa | JA116_2012B	Ambispora callosa	Archaeosporales	main		ok	assigned	VTX00242	99.81	1.0	2.89		VTX00242	99.81	Ambispora sp.	Ambispora	0	VTX00242	assigned	Ambispora leptoticha	97.62	1.002	3.41		Ambispora leptoticha	97.62	Ambispora leptoticha	Ambispora	0	Ambispora leptoticha
PX215137.1	Ambispora callosa | JA116_2012B	Ambispora callosa	Archaeosporales	main		ok	assigned	VTX00242	99.42	1.0	2.89		VTX00242	99.42	Ambispora sp.	Ambispora	0	VTX00242	assigned	Ambispora leptoticha	97.46	1.002	3.25		Ambispora leptoticha	97.46	Ambispora leptoticha	Ambispora	0	Ambispora leptoticha
PX215138.1	Ambispora leptoticha | MAFF520090_2501A	Ambispora leptoticha	Archaeosporales	main		ok	assigned	VTX00242	99.81	1.0	2.69		VTX00242	99.81	Ambispora leptoticha T	Ambispora	0	VTX00242	assigned	Ambispora leptoticha	97.31	1.002	4.18		Ambispora leptoticha	97.31	Ambispora leptoticha	Ambispora	0	Ambispora leptoticha
PX215139.1	Ambispora leptoticha | ON205A	Ambispora leptoticha	Archaeosporales	main		ok	assigned	VTX00242	99.81	1.0	2.69		VTX00242	99.81	Ambispora leptoticha T	Ambispora	0	VTX00242	assigned	Ambispora leptoticha	98.73	1.002	4.52		Ambispora leptoticha	98.73	Ambispora leptoticha	Ambispora	0	Ambispora leptoticha
PX215140.1	Ambispora leptoticha | ON205A	Ambispora leptoticha	Archaeosporales	main		ok	assigned	VTX00242	99.81	1.0	2.69		VTX00242	99.81	Ambispora leptoticha T	Ambispora	0	VTX00242	assigned	Ambispora leptoticha	98.73	1.002	4.52		Ambispora leptoticha	98.73	Ambispora leptoticha	Ambispora	0	Ambispora leptoticha
PX215141.1	Ambispora leptoticha | ON205A	Ambispora leptoticha	Archaeosporales	main		ok	assigned	VTX00242	99.81	1.0	2.69		VTX00242	99.81	Ambispora leptoticha T	Ambispora	0	VTX00242	assigned	Ambispora leptoticha	98.1	1.002	4.41		Ambispora leptoticha	98.1	Ambispora leptoticha	Ambispora	0	Ambispora leptoticha
PX215142.1	Paraglomus brasilianum | W960_3_902A	Paraglomus brasilianum	Paraglomerales	main		ok	assigned	VTX00239	100.0	1.0	1.34		VTX00239	100.0	Paraglomus sp.	Paraglomus	0	VTX00239	assigned	Paraglomus brasilianum	99.85	0.974	4.93		Paraglomus brasilianum	99.85	Paraglomus brasilianum	Paraglomus	0	Paraglomus brasilianum
PX215143.1	Paraglomus brasilianum | W960_3_902C	Paraglomus brasilianum	Paraglomerales	main		ok	assigned	VTX00239	100.0	1.0	1.34		VTX00239	100.0	Paraglomus sp.	Paraglomus	0	VTX00239	assigned	Paraglomus brasilianum	99.85	0.974	4.93		Paraglomus brasilianum	99.85	Paraglomus brasilianum	Paraglomus	0	Paraglomus brasilianum
PX215144.1	Paraglomus brasilianum | W260_5_933C	Paraglomus brasilianum	Paraglomerales	main		ok	assigned	VTX00239	100.0	1.0	1.34		VTX00239	100.0	Paraglomus sp.	Paraglomus	0	VTX00239	assigned	Paraglomus brasilianum	99.85	0.974	4.93		Paraglomus brasilianum	99.85	Paraglomus brasilianum	Paraglomus	0	Paraglomus brasilianum
PX215145.1	Paraglomus brasilianum | BR105_2435A	Paraglomus brasilianum	Paraglomerales	main		ok	assigned	VTX00239	100.0	1.0	1.34		VTX00239	100.0	Paraglomus sp.	Paraglomus	0	VTX00239	assigned	Paraglomus brasilianum	99.85	0.974	4.93		Paraglomus brasilianum	99.85	Paraglomus brasilianum	Paraglomus	0	Paraglomus brasilianum
PX215146.1	Paraglomus brasilianum | W260_5_933C	Paraglomus brasilianum	Paraglomerales	main		ok	assigned	VTX00239	100.0	1.0	1.34		VTX00239	100.0	Paraglomus sp.	Paraglomus	0	VTX00239	assigned	Paraglomus brasilianum	99.4	0.974	4.48		Paraglomus brasilianum	99.4	Paraglomus brasilianum	Paraglomus	0	Paraglomus brasilianum
PX215147.1	Paraglomus brasilianum | BR105_2435A	Paraglomus brasilianum	Paraglomerales	main		ok	assigned	VTX00239	100.0	1.0	1.34		VTX00239	100.0	Paraglomus sp.	Paraglomus	0	VTX00239	assigned	Paraglomus brasilianum	99.4	0.974	4.48		Paraglomus brasilianum	99.4	Paraglomus brasilianum	Paraglomus	0	Paraglomus brasilianum
PX215148.1	Paraglomus brasilianum | W260_5_933C	Paraglomus brasilianum	Paraglomerales	main		ok	assigned	VTX00239	100.0	1.0	1.34		VTX00239	100.0	Paraglomus sp.	Paraglomus	0	VTX00239	assigned	Paraglomus brasilianum	99.55	0.975	4.63		Paraglomus brasilianum	99.55	Paraglomus brasilianum	Paraglomus	0	Paraglomus brasilianum
PX215149.1	Paraglomus brasilianum | 5274_2288B	Paraglomus brasilianum	Paraglomerales	main		ok	assigned	VTX00239	100.0	1.0	1.34		VTX00239	100.0	Paraglomus sp.	Paraglomus	0	VTX00239	assigned	Paraglomus brasilianum	99.1	0.974	4.18		Paraglomus brasilianum	99.1	Paraglomus brasilianum	Paraglomus	0	Paraglomus brasilianum
PX215150.1	Paraglomus sp. | 5088_2360A	Paraglomus sp.	Paraglomerales	main		ok	assigned	VTX00239	99.23	1.0	0.81		VTX00239	99.23	Paraglomus sp.	Paraglomus	0	VTX00239	unassigned			0.974	1.78		Paraglomus brasilianum	96.69	Paraglomus brasilianum	Paraglomus	0	
PX215151.1	Paraglomus sp. | 4423_1159D	Paraglomus sp.	Paraglomerales	main		ok	assigned	VTX00239	99.23	1.0	0.81		VTX00239	99.23	Paraglomus sp.	Paraglomus	0	VTX00239	unassigned			0.974	1.78		Paraglomus brasilianum	96.69	Paraglomus brasilianum	Paraglomus	0	
PX215152.1	Paraglomus sp. | 4423_1159D	Paraglomus sp.	Paraglomerales	main		ok	assigned	VTX00239	99.23	1.0	0.81		VTX00239	99.23	Paraglomus sp.	Paraglomus	0	VTX00239	unassigned			0.974	1.78		Paraglomus brasilianum	96.69	Paraglomus brasilianum	Paraglomus	0	
PX215153.1	Paraglomus sp. | 5088_2360A	Paraglomus sp.	Paraglomerales	main		ok	assigned	VTX00239	99.42	1.0	0.96		VTX00239	99.42	Paraglomus sp.	Paraglomus	0	VTX00239	unassigned			0.974	1.78		Paraglomus brasilianum	96.69	Paraglomus brasilianum	Paraglomus	0	
PX215154.1	Paraglomus sp. | 4423_1159D	Paraglomus sp.	Paraglomerales	main		ok	assigned	VTX00239	99.42	1.0	0.96		VTX00239	99.42	Paraglomus sp.	Paraglomus	0	VTX00239	unassigned			0.974	1.78		Paraglomus brasilianum	96.69	Paraglomus brasilianum	Paraglomus	0	
PX215155.1	Paraglomus sp. | 4423_1159D	Paraglomus sp.	Paraglomerales	main		ok	assigned	VTX00239	99.23	1.0	0.81		VTX00239	99.23	Paraglomus sp.	Paraglomus	0	VTX00239	unassigned			0.974	1.78		Paraglomus brasilianum	96.69	Paraglomus brasilianum	Paraglomus	0	
PX215156.1	Paraglomus sp. | 4423_1159D	Paraglomus sp.	Paraglomerales	main		ok	assigned	VTX00239	99.23	1.0	0.81		VTX00239	99.23	Paraglomus sp.	Paraglomus	0	VTX00239	unassigned			0.974	1.78		Paraglomus brasilianum	96.69	Paraglomus brasilianum	Paraglomus	0	
PX215157.1	Paraglomus sp. | 5088_2360A	Paraglomus sp.	Paraglomerales	main		ok	assigned	VTX00239	99.42	1.0	0.96		VTX00239	99.42	Paraglomus sp.	Paraglomus	0	VTX00239	unassigned			0.974	1.78		Paraglomus brasilianum	96.69	Paraglomus brasilianum	Paraglomus	0	
PX215158.1	Paraglomus sp. | 4423_1159D	Paraglomus sp.	Paraglomerales	main		ok	assigned	VTX00239	99.42	1.0	0.96		VTX00239	99.42	Paraglomus sp.	Paraglomus	0	VTX00239	unassigned			0.974	1.78		Paraglomus brasilianum	96.69	Paraglomus brasilianum	Paraglomus	0	
PX215159.1	Paraglomus sp. | 4423_1159D	Paraglomus sp.	Paraglomerales	main		ok	assigned	VTX00239	99.42	1.0	0.96		VTX00239	99.42	Paraglomus sp.	Paraglomus	0	VTX00239	unassigned			0.974	1.78		Paraglomus brasilianum	96.69	Paraglomus brasilianum	Paraglomus	0	
PX215160.1	Paraglomus sp. | 4423_1159D	Paraglomus sp.	Paraglomerales	main		ok	assigned	VTX00239	99.23	1.0	0.81		VTX00239	99.23	Paraglomus sp.	Paraglomus	0	VTX00239	unassigned			0.974	1.78		Paraglomus brasilianum	96.69	Paraglomus brasilianum	Paraglomus	0	
PX215161.1	Paraglomus sp. | 4423_1159D	Paraglomus sp.	Paraglomerales	main		ok	assigned	VTX00239	99.23	1.0	0.81		VTX00239	99.23	Paraglomus sp.	Paraglomus	0	VTX00239	unassigned			0.974	1.78		Paraglomus brasilianum	96.69	Paraglomus brasilianum	Paraglomus	0	
PX215162.1	Paraglomus sp. | BR105_2435A	Paraglomus sp.	Paraglomerales	main		ok	assigned	VTX00281	99.81	1.0	0.96		VTX00281	99.81	Paraglomus Alguacil14b Para2	Paraglomus	0	VTX00281	assigned	Paraglomus laccatum	97.31	0.972	0.6		Paraglomus laccatum	97.31	Paraglomus laccatum	Paraglomus	0	Paraglomus laccatum
PX215163.1	Paraglomus sp. | BR105_2435A	Paraglomus sp.	Paraglomerales	main		ok	assigned	VTX00281	99.81	1.0	0.96		VTX00281	99.81	Paraglomus Alguacil14b Para2	Paraglomus	0	VTX00281	assigned	Paraglomus laccatum	97.6	0.972	0.59		Paraglomus laccatum	97.6	Paraglomus laccatum	Paraglomus	0	Paraglomus laccatum
PX215164.1	Paraglomus sp. | BR105_2435A	Paraglomus sp.	Paraglomerales	main		ok	assigned	VTX00281	99.81	1.0	0.96		VTX00281	99.81	Paraglomus Alguacil14b Para2	Paraglomus	0	VTX00281	assigned	Paraglomus laccatum	97.61	0.972	0.59		Paraglomus laccatum	97.61	Paraglomus laccatum	Paraglomus	0	Paraglomus laccatum
