accession	culture	organism	copy_class	div_kind	group	status	placement	reasons	flags	nearest_culture	nearest_ssu_pct	nearest_its_pct	best_vt	best_vt_pident	reconcile_rank	unmatched_arms
PX207096.1	Paraglomus laccatum | CW0010_4009B	Paraglomus laccatum	main		named, species held out	novel species, genus known	Paraglomus	N3 no species shared by the arms		Paraglomus sp. | BR105_2435A	0.07	5.8	VTX00281	100.0	genus	SH
PX207097.1	Paraglomus laccatum | CW0010_4009B	Paraglomus laccatum	main		named, species held out	novel species, genus known	Paraglomus	N3 no species shared by the arms		Paraglomus sp. | BR105_2435A	0.14	6.81	VTX00281	100.0	genus	SH
PX207098.1	Paraglomus laccatum | CW0010_4009B	Paraglomus laccatum	main		named, species held out	novel species, genus known	Paraglomus	N3 no species shared by the arms		Paraglomus sp. | BR105_2435A	0.07	6.02	VTX00281	100.0	genus	SH
PX207099.1	Paraglomus laccatum | CW0010_4009B	Paraglomus laccatum	main		named, species held out	novel species, genus known	Paraglomus	N3 no species shared by the arms		Paraglomus sp. | BR105_2435A	0.07	6.04	VTX00281	100.0	genus	SH
PX207100.1	Paraglomus laccatum | CW0010_4009B	Paraglomus laccatum	main		named, species held out	novel species, genus known	Paraglomus	N3 no species shared by the arms		Paraglomus sp. | BR105_2435A	0.07	6.25	VTX00281	100.0	genus	SH
PX207101.1	Ambispora leptoticha | ON205A	Ambispora leptoticha	main		named, species elsewhere	known species group	Ambispora callosa;Ambispora leptoticha	K1		Ambispora leptoticha | MAFF520090_2501A	0.07	3.99	VTX00242	99.81	species group	
PX207102.1	Ambispora leptoticha | ON205A	Ambispora leptoticha	main		named, species elsewhere	known species group	Ambispora callosa;Ambispora leptoticha	K1		Ambispora leptoticha | MAFF520090_2501A	0.27	4.39	VTX00242	99.79	species group	
PX207103.1	Ambispora leptoticha | ON205A	Ambispora leptoticha	main		named, species elsewhere	known species group	Ambispora callosa;Ambispora leptoticha	K1		Ambispora leptoticha | MAFF520090_2501A	0.07	4.39	VTX00242	99.81	species group	
PX207104.1	Ambispora leptoticha | ON205A	Ambispora leptoticha	main		named, species elsewhere	known species group	Ambispora callosa;Ambispora leptoticha	K1		Ambispora leptoticha | MAFF520090_2501A	0.41	3.81	VTX00242	99.58	species group	
PX207105.1	Ambispora leptoticha | ON205A	Ambispora leptoticha	main		named, species elsewhere	known species group	Ambispora callosa;Ambispora leptoticha	K1		Ambispora leptoticha | MAFF520090_2501A	0.14	3.21	VTX00242	99.61	species group	
PX207106.1	Ambispora leptoticha | ON205A	Ambispora leptoticha	main		named, species elsewhere	known species group	Ambispora callosa;Ambispora leptoticha	K1		Ambispora leptoticha | MAFF520090_2501A	0.34	3.21	VTX00242	99.58	species group	
PX207107.1	Diversispora spurca | CW0006_4005B	Diversispora spurca	main		named, species elsewhere	known species	Diversispora spurca	K1		Diversispora spurca | W246_28_9A	0.0	0.0	VTX00263	99.81	species	
PX207108.1	Diversispora spurca | CW0006_4005B	Diversispora spurca	main		named, species elsewhere	known species	Diversispora spurca	K1		Diversispora spurca | W246_28_9A	0.0	0.0	VTX00263	99.81	species	
PX207109.1	Diversispora spurca | CW0006_4005B	Diversispora spurca	main		named, species elsewhere	known species	Diversispora spurca	K1		Diversispora spurca | W246_28_9A	0.0	0.44	VTX00263	99.81	species	
PX207110.1	Diversispora spurca | CW0006_4005B	Diversispora spurca	main		named, species elsewhere	known species	Diversispora spurca	K1		Diversispora spurca | W246_28_9A	0.07	4.86	VTX00263	99.81	species	
PX207111.1	Diversispora spurca | CW0006_4005B	Diversispora spurca	main		named, species elsewhere	known species	Diversispora spurca	K1		Diversispora spurca | W246_28_9A	0.07	5.25	VTX00263	99.81	species	
PX207112.1	Diversispora spurca | CW0006_4005B	Diversispora spurca	main		named, species elsewhere	known species	Diversispora spurca	K1		Diversispora spurca | W246_28_9A	0.0	0.0	VTX00263	99.81	species	
PX207113.1	Diversispora spurca | CW0006_4005B	Diversispora spurca	main		named, species elsewhere	known species group	Diversispora arenaria;Diversispora epigaea;Diversispora jakucsiae;Diversispora spurca	K1		Diversispora spurca | W246_28_9A	0.07	0.0	VTX00263	99.81	species group	
PX207114.1	Diversispora spurca | CW0006_4005B	Diversispora spurca	main		named, species elsewhere	known species	Diversispora spurca	K1		Diversispora spurca | W246_28_9A	0.0	0.0	VTX00263	99.81	species	
PX207115.1	Diversispora spurca | CW0006_4005B	Diversispora spurca	main		named, species elsewhere	known species	Diversispora spurca	K1		Diversispora spurca | W246_28_9A	0.0	0.0	VTX00263	99.81	species	
PX207116.1	Diversispora spurca | CW0006_4005B	Diversispora spurca	main		named, species elsewhere	known species	Diversispora spurca	K1		Diversispora spurca | W246_28_9A	0.0	0.0	VTX00263	99.81	species	
PX207117.1	Diversispora spurca | CW0006_4005B	Diversispora spurca	main		named, species elsewhere	known species	Diversispora spurca	K1		Diversispora spurca | W246_28_9A	0.0	0.44	VTX00263	99.81	species	
PX207118.1	Cetraspora gilmorei | CW0008_2669B	Cetraspora gilmorei	main		named, species elsewhere	known species	Cetraspora gilmorei	K1		Cetraspora gilmorei | 4414_1105C	0.0	5.05	VTX00041	100.0	species	
PX207119.1	Cetraspora gilmorei | CW0008_2669B	Cetraspora gilmorei	main		named, species elsewhere	known species	Cetraspora gilmorei	K1		Cetraspora gilmorei | 4430_2047A	0.0	2.4	VTX00041	100.0	species	
PX207120.1	Cetraspora gilmorei | CW0008_2669B	Cetraspora gilmorei	main		named, species elsewhere	known species	Cetraspora gilmorei	K1		Cetraspora gilmorei | 4430_2047A	0.07	2.4	VTX00041	99.81	species	
PX207121.1	Cetraspora gilmorei | CW0008_2669B	Cetraspora gilmorei	main		named, species elsewhere	known species	Cetraspora gilmorei	K1		Cetraspora gilmorei | 4430_2047A	0.07	2.4	VTX00041	99.81	species	
PX207122.1	Cetraspora gilmorei | CW0008_2669B	Cetraspora gilmorei	main		named, species elsewhere	known species	Cetraspora gilmorei	K1		Cetraspora gilmorei | 4430_2047A	0.07	2.64	VTX00041	99.81	species	
PX207123.1	Cetraspora gilmorei | CW0008_2669B	Cetraspora gilmorei	main		named, species elsewhere	known species	Cetraspora gilmorei	K1		Cetraspora gilmorei | 4436_787A	0.0	1.68	VTX00041	100.0	species	
PX207124.1	Cetraspora gilmorei | CW0008_2669B	Cetraspora gilmorei	main		named, species elsewhere	known species	Cetraspora gilmorei	K1		Cetraspora gilmorei | 4430_2047A	0.0	2.39	VTX00041	100.0	species	
PX207125.1	Cetraspora gilmorei | CW0008_2669B	Cetraspora gilmorei	main		named, species elsewhere	known species	Cetraspora gilmorei	K1		Cetraspora gilmorei | 4430_2047A	0.0	2.39	VTX00041	100.0	species	
PX207126.1	Cetraspora gilmorei | CW0008_2669B	Cetraspora gilmorei	main		named, species elsewhere	known species	Cetraspora gilmorei	K1		Cetraspora gilmorei | 4430_2047A	0.0	2.39	VTX00041	100.0	species	
PX207127.1	Cetraspora gilmorei | CW0008_2669B	Cetraspora gilmorei	main		named, species elsewhere	known species	Cetraspora gilmorei	K1		Cetraspora gilmorei | 4430_2047A	0.0	2.39	VTX00041	100.0	species	
PX207128.1	Gigaspora rosea | 4292_708F	Gigaspora rosea	main		named, species elsewhere	known species	Gigaspora rosea	K1		Gigaspora rosea | 4752_496A	0.41	0.99	VTX00039	99.61	species	
PX207129.1	Gigaspora rosea | 4292_708F	Gigaspora rosea	main		named, species elsewhere	known species	Gigaspora rosea	K1		Gigaspora rosea | 4752_496A	0.41	0.99	VTX00039	99.61	species	
PX207130.1	Gigaspora rosea | 4292_708F	Gigaspora rosea	main		named, species elsewhere	known species	Gigaspora rosea	K1		Gigaspora rosea | 4752_496A	0.14	0.99	VTX00039	99.42	species	
PX207131.1	Gigaspora rosea | 4292_708F	Gigaspora rosea	main		named, species elsewhere	known species	Gigaspora rosea	K1		Gigaspora rosea | 4752_496A	0.14	0.99	VTX00039	99.42	species	
PX207132.1	Gigaspora rosea | 4292_708F	Gigaspora rosea	main		named, species elsewhere	known species	Gigaspora rosea	K1		Gigaspora rosea | 4752_496A	0.34	0.99	VTX00039	99.23	species	
PX207133.1	Gigaspora rosea | 4292_708F	Gigaspora rosea	main		named, species elsewhere	known species	Gigaspora rosea	K1		Gigaspora rosea | 4752_496A	0.34	0.99	VTX00039	99.23	species	
PX207134.1	Gigaspora rosea | 4292_708F	Gigaspora rosea	main		named, species elsewhere	known species	Gigaspora rosea	K1		Gigaspora rosea | 4752_496A	0.27	0.99	VTX00039	99.62	species	
PX207135.1	Gigaspora rosea | CU131_1018E	Gigaspora rosea	main		named, species elsewhere	known species	Gigaspora rosea	K1		Gigaspora rosea | CU131_1018C	0.0	0.0	VTX00039	100.0	species	
PX207136.1	Gigaspora rosea | 4292_708F	Gigaspora rosea	main		named, species elsewhere	known species	Gigaspora rosea	K1		Gigaspora rosea | 4752_496A	0.14	0.24	VTX00039	99.61	species	
PX207137.1	Gigaspora rosea | 4292_708F	Gigaspora rosea	main		named, species elsewhere	known species	Gigaspora rosea	K1		Gigaspora rosea | 4752_496A	0.14	0.24	VTX00039	99.61	species	
PX207138.1	Gigaspora rosea | 4292_708F	Gigaspora rosea	divergent	same_length	named, species elsewhere	known species	Gigaspora rosea	K1		Gigaspora rosea | 4752_496A	0.0	0.24	VTX00039	100.0	species	
PX207139.1	Gigaspora rosea | 4292_708F	Gigaspora rosea	divergent	same_length	named, species elsewhere	known species	Gigaspora rosea	K1		Gigaspora rosea | 4752_496A	0.0	0.0	VTX00039	99.61	species	
PX207140.1	Gigaspora rosea | 4292_708F	Gigaspora rosea	divergent	same_length	named, species elsewhere	known species	Gigaspora rosea	K1		Gigaspora rosea | 4752_496A	0.0	0.0	VTX00039	99.61	species	
PX207141.1	Gigaspora rosea | CU131_1018E	Gigaspora rosea	main		named, species elsewhere	known species	Gigaspora rosea	K1		Gigaspora rosea | woodslee_203A	0.27	9.36	VTX00039	99.81	species	
PX207142.1	Gigaspora rosea | CU131_1018E	Gigaspora rosea	main		named, species elsewhere	known species	Gigaspora rosea	K1		Gigaspora rosea | CU131_1018C	0.0	0.0	VTX00039	99.81	species	
PX207143.1	Gigaspora rosea | CU131_1018E	Gigaspora rosea	main		named, species elsewhere	known species	Gigaspora rosea	K1		Gigaspora rosea | CW0011_4010A	0.48	3.5	VTX00039	99.42	species	
PX207144.1	Sclerocystis sinuosa | MT106_2767A	Sclerocystis sinuosa	main		named, species held out	novel lineage		N4 no arm matched	D3 5.8S 4.5% from T3_IVT34A, same length	Rhizophagus irregularis | T3_IVT34A	2.17	21.43	VTX00069	100.0	unplaced	VT;LSU
PX207145.1	Sclerocystis sinuosa | MT106_2767A	Sclerocystis sinuosa	main		named, species held out	novel lineage		N4 no arm matched	D3 5.8S 4.5% from T3_IVT34A, same length	Rhizophagus irregularis | T3_IVT34A	2.17	21.43	VTX00069	100.0	unplaced	VT;LSU
PX207146.1	Sclerocystis sinuosa | MT106_2767A	Sclerocystis sinuosa	main		named, species held out	novel lineage		N4 no arm matched	D3 5.8S 4.5% from T3_IVT34A, same length	Rhizophagus irregularis | T3_IVT34A	2.17	21.43	VTX00069	100.0	unplaced	VT;LSU
PX207147.1	Sclerocystis sinuosa | MT106_2767A	Sclerocystis sinuosa	main		named, species held out	novel lineage		N4 no arm matched	D3 5.8S 4.5% from T3_IVT34A, same length	Rhizophagus irregularis | T3_IVT34A	2.17	21.43	VTX00069	100.0	unplaced	VT;LSU
PX207148.1	Sclerocystis sinuosa | MT106_2767A	Sclerocystis sinuosa	main		named, species held out	novel lineage		N4 no arm matched	D3 5.8S 4.5% from T3_IVT34A, same length	Rhizophagus irregularis | T3_IVT34A	2.17	21.43	VTX00069	100.0	unplaced	VT;LSU
PX207149.1	Sclerocystis sinuosa | MT106_2767A	Sclerocystis sinuosa	main		named, species held out	novel lineage		N4 no arm matched	D3 5.8S 4.5% from T3_IVT34A, same length	Rhizophagus irregularis | T3_IVT34A	2.17	21.43	VTX00069	100.0	unplaced	VT;LSU
PX207150.1	Sclerocystis sinuosa | MT106_2767A	Sclerocystis sinuosa	main		named, species held out	novel lineage		N4 no arm matched	D3 5.8S 4.5% from T3_IVT34A, same length	Rhizophagus irregularis | T3_IVT34A	2.1	21.43	VTX00069	100.0	unplaced	VT;LSU
PX207151.1	Sclerocystis sinuosa | MT106_2767A	Sclerocystis sinuosa	main		named, species held out	novel lineage		N4 no arm matched	D3 5.8S 4.5% from T3_IVT34A, same length	Rhizophagus irregularis | T3_IVT34A	2.17	21.43	VTX00069	100.0	unplaced	VT;LSU
PX207152.1	Sclerocystis sinuosa | MT106_2767A	Sclerocystis sinuosa	main		named, species held out	novel lineage		N4 no arm matched	D3 5.8S 4.5% from T3_IVT34A, same length	Rhizophagus irregularis | T3_IVT34A	2.17	21.43	VTX00069	100.0	unplaced	VT;LSU
PX207153.1	Sclerocystis sinuosa | MT106_2767A	Sclerocystis sinuosa	main		named, species held out	novel lineage		N4 no arm matched	D3 5.8S 4.5% from T3_IVT34A, same length	Rhizophagus irregularis | T3_IVT34A	2.17	21.43	VTX00069	100.0	unplaced	VT;LSU
PX207154.1	Sclerocystis sinuosa | MT106_2767A	Sclerocystis sinuosa	main		named, species held out	novel lineage		N4 no arm matched	D3 5.8S 4.5% from T3_IVT34A, same length	Rhizophagus irregularis | T3_IVT34A	2.17	21.43	VTX00069	100.0	unplaced	VT;LSU
PX207155.1	Sclerocystis sinuosa | MT106_2767A	Sclerocystis sinuosa	main		named, species held out	novel lineage		N4 no arm matched	D3 5.8S 4.5% from T3_IVT34A, same length	Rhizophagus irregularis | T3_IVT34A	2.17	21.43	VTX00069	100.0	unplaced	VT;LSU
PX207156.1	Sclerocystis sinuosa | MT106_2767A	Sclerocystis sinuosa	main		named, species held out	novel lineage		N4 no arm matched	D3 5.8S 4.5% from T3_IVT34A, same length	Rhizophagus irregularis | T3_IVT34A	2.24	21.43	VTX00069	100.0	unplaced	VT;LSU
PX207157.1	Sclerocystis sinuosa | MT106_2767A	Sclerocystis sinuosa	main		named, species held out	novel lineage		N4 no arm matched	D3 5.8S 4.5% from T3_IVT34A, same length	Rhizophagus irregularis | T3_IVT34A	2.24	21.43	VTX00069	100.0	unplaced	VT;LSU
PX207158.1	Sclerocystis sinuosa | MT106_2767A	Sclerocystis sinuosa	main		named, species held out	novel lineage		N4 no arm matched	D3 5.8S 4.5% from T3_IVT34A, same length	Rhizophagus irregularis | T3_IVT34A	2.31	21.86	VTX00069	100.0	unplaced	VT;LSU
PX207159.1	Sclerocystis sinuosa | MT106_2767A	Sclerocystis sinuosa	main		named, species held out	novel lineage		N4 no arm matched	D3 5.8S 4.5% from T3_IVT34A, same length	Rhizophagus irregularis | T3_IVT34A	2.31	21.86	VTX00069	100.0	unplaced	VT;LSU
PX207160.1	Sclerocystis sinuosa | MT106_2767A	Sclerocystis sinuosa	main		named, species held out	novel lineage		N4 no arm matched	D3 5.8S 4.5% from T3_IVT34A, same length	Rhizophagus irregularis | T3_IVT34A	2.31	21.65	VTX00069	100.0	unplaced	VT;LSU
PX207161.1	Sclerocystis sinuosa | MT106_2767A	Sclerocystis sinuosa	main		named, species held out	novel lineage		N4 no arm matched	D3 5.8S 4.5% from T3_IVT34A, same length	Rhizophagus irregularis | T3_IVT34A	2.31	21.65	VTX00069	100.0	unplaced	VT;LSU
PX207162.1	Rhizophagus irregularis | GC-2_IVT11	Rhizophagus irregularis	divergent	short_5.8S	named, species elsewhere	known species	Rhizophagus irregularis	K1		Rhizophagus irregularis | 4569_1185B	0.0	0.0	VTX00114	100.0	species	
PX207163.1	Rhizophagus irregularis | GC-2_IVT11	Rhizophagus irregularis	divergent	short_5.8S	named, species elsewhere	known species	Rhizophagus irregularis	K1		Rhizophagus irregularis | 4569_1185B	0.0	0.0	VTX00114	100.0	species	
PX207164.1	Rhizophagus irregularis | DAOMC 197198	Rhizophagus irregularis	divergent	short_5.8S	named, species elsewhere	known species	Rhizophagus irregularis	K1		Rhizophagus irregularis | 4569_1185B	0.0	0.0	VTX00114	100.0	species	
PX207165.1	Rhizophagus irregularis | DAOMC 197198	Rhizophagus irregularis	divergent	short_5.8S	named, species elsewhere	known species	Rhizophagus irregularis	K1		Rhizophagus irregularis | 4569_1185B	0.0	0.0	VTX00114	100.0	species	
PX207166.1	Rhizophagus irregularis | GC-2_IVT11	Rhizophagus irregularis	main		named, species elsewhere	known species	Rhizophagus irregularis	K1		Rhizophagus irregularis | DAOMC 197198	0.0	0.0	VTX00114	100.0	species	
PX207167.1	Rhizophagus irregularis | GC-2_IVT11	Rhizophagus irregularis	main		named, species elsewhere	known species	Rhizophagus irregularis	K1		Rhizophagus irregularis | DAOMC 197198	0.0	0.0	VTX00114	100.0	species	
PX207168.1	Rhizophagus irregularis | DAOMC 197198	Rhizophagus irregularis	main		named, species elsewhere	known species	Rhizophagus irregularis	K1		Rhizophagus irregularis | GC-2_IVT11	0.0	0.0	VTX00114	100.0	species	
PX207169.1	Rhizophagus irregularis | DAOMC 197198	Rhizophagus irregularis	main		named, species elsewhere	known species	Rhizophagus irregularis	K1		Rhizophagus irregularis | GC-2_IVT11	0.0	0.0	VTX00114	100.0	species	
PX207170.1	Rhizophagus irregularis | DAOMC 197198	Rhizophagus irregularis	main		named, species elsewhere	known species	Rhizophagus irregularis	K1		Rhizophagus irregularis | GC-2_IVT11	0.0	0.0	VTX00114	100.0	species	
PX207171.1	Rhizophagus irregularis | GC-2_IVT11	Rhizophagus irregularis	main		named, species elsewhere	known species	Rhizophagus irregularis	K1		Rhizophagus irregularis | DAOMC 197198	0.0	4.71	VTX00114	100.0	species	
PX207172.1	Rhizophagus irregularis | GC-2_IVT11	Rhizophagus irregularis	main		named, species elsewhere	known species	Rhizophagus irregularis	K1		Rhizophagus irregularis | DAOMC 197198	0.0	4.71	VTX00114	100.0	species	
PX207173.1	Rhizophagus irregularis | DAOMC 197198	Rhizophagus irregularis	main		named, species elsewhere	known species	Rhizophagus irregularis	K1		Rhizophagus irregularis | GC-2_IVT11	0.14	2.37	VTX00114	99.8	species	
PX207174.1	Rhizophagus irregularis | DAOMC 197198	Rhizophagus irregularis	main		named, species elsewhere	known species	Rhizophagus irregularis	K1		Rhizophagus irregularis | 4674_1184D	0.0	0.0	VTX00114	100.0	species	
PX207175.1	Rhizophagus irregularis | DAOMC 197198	Rhizophagus irregularis	main		named, species elsewhere	known species	Rhizophagus irregularis	K1		Rhizophagus irregularis | 4674_1184D	0.0	0.0	VTX00114	100.0	species	
PX207176.1	Rhizophagus irregularis | DAOMC 197198	Rhizophagus irregularis	main		named, species elsewhere	known species	Rhizophagus irregularis	K1		Rhizophagus irregularis | 4674_1184D	0.0	0.0	VTX00114	100.0	species	
PX207177.1	Rhizophagus irregularis | DAOMC 197198	Rhizophagus irregularis	main		named, species elsewhere	known species	Rhizophagus irregularis	K1		Rhizophagus irregularis | 4674_1184D	0.0	0.0	VTX00114	100.0	species	
PX207178.1	Rhizophagus irregularis | DAOMC 197198	Rhizophagus irregularis	main		named, species elsewhere	known species	Rhizophagus irregularis	K1		Rhizophagus irregularis | GC-2_IVT11	0.0	1.72	VTX00114	100.0	species	
PX207179.1	Rhizophagus irregularis | DAOMC 197198	Rhizophagus irregularis	main		named, species elsewhere	known species	Rhizophagus irregularis	K1		Rhizophagus irregularis | GC-2_IVT11	0.0	1.72	VTX00114	100.0	species	
PX207180.1	Rhizophagus irregularis | DAOMC 197198	Rhizophagus irregularis	main		named, species elsewhere	known species	Rhizophagus irregularis	K1		Rhizophagus irregularis | GC-2_IVT11	0.0	1.72	VTX00114	100.0	species	
PX207181.1	Rhizophagus irregularis | DAOMC 197198	Rhizophagus irregularis	main		named, species elsewhere	known species	Rhizophagus irregularis	K1		Rhizophagus irregularis | GC-2_IVT11	0.0	1.72	VTX00114	100.0	species	
PX207182.1	Rhizophagus irregularis | GC-2_IVT11	Rhizophagus irregularis	main		named, species elsewhere	known species	Rhizophagus irregularis	K1		Rhizophagus irregularis | DAOMC 197198	0.0	1.72	VTX00114	100.0	species	
PX207183.1	Rhizophagus irregularis | GC-2_IVT11	Rhizophagus irregularis	main		named, species elsewhere	known species	Rhizophagus irregularis	K1		Rhizophagus irregularis | DAOMC 197198	0.0	1.72	VTX00114	100.0	species	
PX207184.1	Rhizophagus irregularis | GC-2_IVT11	Rhizophagus irregularis	main		named, species elsewhere	known species	Rhizophagus irregularis	K1		Rhizophagus irregularis | DAOMC 197198	0.0	1.51	VTX00114	100.0	species	
PX207185.1	Rhizophagus irregularis | GC-2_IVT11	Rhizophagus irregularis	main		named, species elsewhere	known species	Rhizophagus irregularis	K1		Rhizophagus irregularis | DAOMC 197198	0.0	1.51	VTX00114	100.0	species	
PX207186.1	Rhizophagus irregularis | DAOMC 197198	Rhizophagus irregularis	main		named, species elsewhere	known species	Rhizophagus irregularis	K1		Rhizophagus irregularis | GC-2_IVT11	0.0	1.51	VTX00114	100.0	species	
PX207187.1	Rhizophagus irregularis | DAOMC 197198	Rhizophagus irregularis	main		named, species elsewhere	known species	Rhizophagus irregularis	K1		Rhizophagus irregularis | GC-2_IVT11	0.0	1.51	VTX00114	100.0	species	
PX207188.1	Rhizophagus irregularis | DAOMC 197198	Rhizophagus irregularis	main		named, species elsewhere	known species	Rhizophagus irregularis	K1		Rhizophagus irregularis | GC-2_IVT11	0.0	1.51	VTX00114	100.0	species	
PX207189.1	Rhizophagus irregularis | DAOMC 197198	Rhizophagus irregularis	main		named, species elsewhere	known species	Rhizophagus irregularis	K1		Rhizophagus irregularis | GC-2_IVT11	0.0	1.51	VTX00114	100.0	species	
PX207190.1	Rhizophagus prolifer | SD5_IVT32	Rhizophagus prolifer	divergent	short_5.8S	named, species held out	divergent class		D1 5.8S 152 bp, 5 bp shorter than KS906_IVT156; placed by VT: no VT match		Rhizophagus intraradices | KS906_IVT156	1.22	16.74	VTX00099	100.0	unplaced	VT;SH
PX207191.1	Rhizophagus prolifer | SD5_IVT32	Rhizophagus prolifer	divergent	short_5.8S	named, species held out	divergent class		D1 5.8S 152 bp, 5 bp shorter than KS906_IVT156; placed by VT: no VT match		Rhizophagus intraradices | KS906_IVT156	1.22	16.74	VTX00099	100.0	unplaced	VT;SH
PX207192.1	Rhizophagus prolifer | SD5_IVT32	Rhizophagus prolifer	divergent	short_5.8S	named, species held out	divergent class		D1 5.8S 152 bp, 5 bp shorter than KS906_IVT156; placed by VT: no VT match		Rhizophagus intraradices | KS906_IVT156	1.22	17.17	VTX00099	100.0	unplaced	VT;SH
PX207193.1	Rhizophagus prolifer | SD5_IVT32	Rhizophagus prolifer	divergent	short_5.8S	named, species held out	divergent class		D1 5.8S 152 bp, 5 bp shorter than KS906_IVT156; placed by VT: no VT match		Rhizophagus intraradices | KS906_IVT156	1.22	17.17	VTX00099	100.0	unplaced	VT;SH
PX207194.1	Rhizophagus intraradices | UT126A	Rhizophagus intraradices	divergent	same_length	named, species elsewhere	known species	Rhizophagus intraradices	K1	D3 5.8S 7.0% from KS906_IVT156, same length	Rhizophagus intraradices | KS906_IVT156	0.48	17.44	VTX00100	99.42	species	SH
PX207195.1	Rhizophagus intraradices | UT126A	Rhizophagus intraradices	divergent	short_5.8S	named, species elsewhere	divergent class	Rhizophagus intraradices	D1 5.8S 152 bp, 5 bp shorter than KS906_IVT156; D2 paralog unit SH1081557.10FU (SH); placed by VT: Rhizophagus intraradices		Rhizophagus intraradices | KS906_IVT156	0.2	16.59	VTX00100	100.0	species	SH
PX207196.1	Rhizophagus intraradices | UT126A	Rhizophagus intraradices	divergent	short_5.8S	named, species elsewhere	divergent class	Rhizophagus intraradices	D1 5.8S 152 bp, 5 bp shorter than KS906_IVT156; D2 paralog unit SH1081557.10FU (SH); placed by VT: Rhizophagus intraradices		Rhizophagus intraradices | KS906_IVT156	0.2	16.59	VTX00100	100.0	species	SH
PX207197.1	Rhizophagus intraradices | KS906_IVT156	Rhizophagus intraradices	divergent	short_5.8S	named, species elsewhere	divergent class	Rhizophagus intraradices	D1 5.8S 152 bp, 5 bp shorter than UT126A; D2 paralog unit SH1081557.10FU (SH); placed by VT: Rhizophagus intraradices		Rhizophagus intraradices | UT126A	0.14	16.59	VTX00100	100.0	species	SH
PX207198.1	Rhizophagus intraradices | KS906_IVT156	Rhizophagus intraradices	main		named, species elsewhere	known species	Rhizophagus intraradices	K1		Rhizophagus intraradices | UT126A	0.0	0.0	VTX00100	100.0	species	
PX207199.1	Rhizophagus intraradices | UT126A	Rhizophagus intraradices	main		named, species elsewhere	known species	Rhizophagus intraradices	K1		Rhizophagus intraradices | KS906_IVT156	0.0	0.0	VTX00100	100.0	species	
PX207200.1	Rhizophagus intraradices | UT126A	Rhizophagus intraradices	main		named, species elsewhere	known species	Rhizophagus intraradices	K1		Rhizophagus intraradices | KS906_IVT156	0.14	0.0	VTX00100	99.81	species	
PX207201.1	Rhizophagus intraradices | UT126A	Rhizophagus intraradices	main		named, species elsewhere	known species	Rhizophagus intraradices	K1		Rhizophagus intraradices | KS906_IVT156	0.0	0.65	VTX00100	100.0	species	
PX207202.1	Rhizophagus intraradices | UT126A	Rhizophagus intraradices	main		named, species elsewhere	known species	Rhizophagus intraradices	K1		Rhizophagus intraradices | KS906_IVT156	0.0	0.65	VTX00100	100.0	species	
PX207203.1	Rhizophagus intraradices | KS906_IVT156	Rhizophagus intraradices	main		named, species elsewhere	known species	Rhizophagus intraradices	K1		Rhizophagus intraradices | UT126A	0.0	0.86	VTX00100	100.0	species	
PX207204.1	Rhizophagus intraradices | UT126A	Rhizophagus intraradices	main		named, species elsewhere	known species	Rhizophagus intraradices	K1		Rhizophagus intraradices | FL208_553A	0.0	0.21	VTX00100	100.0	species	
PX207205.1	Rhizophagus intraradices | KS906_IVT156	Rhizophagus intraradices	main		named, species elsewhere	known species	Rhizophagus intraradices	K1		Rhizophagus intraradices | UT126A	0.0	2.8	VTX00100	100.0	species	
PX207206.1	Rhizophagus prolifer | SD5_IVT32	Rhizophagus prolifer	main		named, species held out	novel lineage		N4 no arm matched	D3 5.8S 5.1% from KS906_IVT156, same length	Rhizophagus intraradices | KS906_IVT156	1.43	12.28	VTX00099	99.81	unplaced	VT;SH;LSU
PX207207.1	Rhizophagus prolifer | SD5_IVT32	Rhizophagus prolifer	main		named, species held out	novel lineage		N4 no arm matched	D3 5.8S 5.1% from KS906_IVT156, same length	Rhizophagus intraradices | KS906_IVT156	1.43	12.28	VTX00099	99.81	unplaced	VT;SH;LSU
PX207208.1	Rhizophagus prolifer | SD5_IVT32	Rhizophagus prolifer	main		named, species held out	novel lineage		N4 no arm matched	D3 5.8S 5.1% from KS906_IVT156, same length	Rhizophagus intraradices | KS906_IVT156	1.22	12.28	VTX00099	100.0	unplaced	VT;SH;LSU
PX207209.1	Rhizophagus prolifer | SD5_IVT32	Rhizophagus prolifer	main		named, species held out	novel lineage		N4 no arm matched		Rhizophagus intraradices | KS906_IVT156	1.09	8.42	VTX00099	100.0	unplaced	VT;LSU
PX207210.1	Rhizophagus prolifer | SD5_IVT32	Rhizophagus prolifer	main		named, species held out	novel lineage		N4 no arm matched		Rhizophagus intraradices | KS906_IVT156	1.09	12.07	VTX00099	100.0	unplaced	VT;LSU
PX207211.1	Rhizophagus prolifer | SD5_IVT32	Rhizophagus prolifer	main		named, species held out	novel lineage		N4 no arm matched		Rhizophagus intraradices | KS906_IVT156	1.09	10.78	VTX00099	100.0	unplaced	VT;SH;LSU
PX207212.1	Glomus tetrastratosum | 5094_2349C	Glomus tetrastratosum	main		named, species elsewhere	known species	Glomus tetrastratosum	K1		Glomus tetrastratosum | 5105_2444A	0.0	0.0	VTX00199	99.61	species	
PX207213.1	Glomus tetrastratosum | 5094_2349C	Glomus tetrastratosum	main		named, species elsewhere	known species	Glomus tetrastratosum	K1		Glomus tetrastratosum | 5105_2444A	0.07	1.33	VTX00199	99.81	species	
PX207214.1	Glomus tetrastratosum | 5094_2349C	Glomus tetrastratosum	main		named, species elsewhere	known species	Glomus tetrastratosum	K1		Glomus tetrastratosum | 4433_785B	0.0	0.0	VTX00199	99.81	species	
PX207215.1	Glomus tetrastratosum | 5094_2349C	Glomus tetrastratosum	main		named, species elsewhere	known species	Glomus tetrastratosum	K1		Glomus tetrastratosum | 5105_2444A	0.07	0.88	VTX00199	99.81	species	
PX207216.1	Glomus tetrastratosum | 5094_2349C	Glomus tetrastratosum	main		named, species elsewhere	known species	Glomus tetrastratosum	K1		Glomus tetrastratosum | 5105_2444A	0.07	1.55	VTX00199	99.81	species	
PX207217.1	Glomus tetrastratosum | 5094_2349C	Glomus tetrastratosum	main		named, species elsewhere	known species	Glomus tetrastratosum	K1		Glomus tetrastratosum | 5105_2444A	0.0	0.0	VTX00199	100.0	species	
PX207218.1	Glomus tetrastratosum | 5094_2349C	Glomus tetrastratosum	main		named, species elsewhere	known species	Glomus tetrastratosum	K1		Glomus tetrastratosum | CW0020_4019A	0.07	2.23	VTX00199	99.81	species	
PX207219.1	Funneliformis mosseae | 2231_1079F	Funneliformis mosseae	main		named, species elsewhere	known species	Funneliformis mosseae	K1		Funneliformis mosseae | FS-29_2726A	0.0	2.05	VTX00067	100.0	species	
PX207220.1	Funneliformis mosseae | 2231_1079F	Funneliformis mosseae	main		named, species elsewhere	known species	Funneliformis mosseae	K1		Funneliformis mosseae | FS-29_2726A	0.0	2.05	VTX00067	100.0	species	
PX207221.1	Funneliformis mosseae | 2231_1079F	Funneliformis mosseae	main		named, species elsewhere	known species	Funneliformis mosseae	K1		Funneliformis mosseae | FS-29_2726A	0.0	2.67	VTX00067	100.0	species	
PX207222.1	Funneliformis mosseae | 2231_1079F	Funneliformis mosseae	main		named, species elsewhere	known species	Funneliformis mosseae	K1		Funneliformis mosseae | C2	0.0	3.48	VTX00067	100.0	species	
PX207223.1	Funneliformis mosseae | 2231_1079F	Funneliformis mosseae	main		named, species elsewhere	known species	Funneliformis mosseae	K1		Funneliformis mosseae | FS-29_2726A	0.0	2.67	VTX00067	100.0	species	
PX207224.1	Funneliformis mosseae | FS-29_2726A	Funneliformis mosseae	main		named, species elsewhere	known species	Funneliformis mosseae	K1		Funneliformis mosseae | 2231_1079F	0.0	2.05	VTX00067	100.0	species	
PX207225.1	Funneliformis mosseae | FS-29_2726A	Funneliformis mosseae	main		named, species elsewhere	known species	Funneliformis mosseae	K1		Funneliformis mosseae | 2231_1079F	0.0	2.05	VTX00067	100.0	species	
PX207226.1	Funneliformis mosseae | FS-29_2726A	Funneliformis mosseae	main		named, species elsewhere	known species	Funneliformis mosseae	K1		Funneliformis mosseae | 2231_1079F	0.0	2.05	VTX00067	100.0	species	
PX207227.1	Funneliformis mosseae | FS-29_2726A	Funneliformis mosseae	main		named, species elsewhere	known species	Funneliformis mosseae	K1		Funneliformis mosseae | 2231_1079F	0.0	2.05	VTX00067	100.0	species	
PX207228.1	Funneliformis mosseae | FS-29_2726A	Funneliformis mosseae	main		named, species elsewhere	known species	Funneliformis mosseae	K1		Funneliformis mosseae | 2231_1079F	0.0	1.23	VTX00067	100.0	species	
PX207229.1	Funneliformis mosseae | FS-29_2726A	Funneliformis mosseae	main		named, species elsewhere	known species	Funneliformis mosseae	K1		Funneliformis mosseae | 2231_1079F	0.0	1.23	VTX00067	100.0	species	
PX207230.1	Funneliformis mosseae | 2231_1079F	Funneliformis mosseae	main		named, species elsewhere	known species	Funneliformis mosseae	K1		Funneliformis mosseae | FS-29_2726A	0.0	1.85	VTX00067	100.0	species	
PX207231.1	Funneliformis mosseae | 2231_1079F	Funneliformis mosseae	main		named, species elsewhere	known species	Funneliformis mosseae	K1		Funneliformis mosseae | FS-29_2726A	0.0	1.85	VTX00067	100.0	species	
PX207232.1	Funneliformis mosseae | 2231_1079F	Funneliformis mosseae	main		named, species elsewhere	known species	Funneliformis mosseae	K1		Funneliformis mosseae | FS-29_2726A	0.0	1.64	VTX00067	100.0	species	
PX207233.1	Funneliformis mosseae | 2231_1079F	Funneliformis mosseae	main		named, species elsewhere	known species	Funneliformis mosseae	K1		Funneliformis mosseae | FS-29_2726A	0.0	1.64	VTX00067	100.0	species	
PX207234.1	Funneliformis mosseae | 2231_1079F	Funneliformis mosseae	main		named, species elsewhere	known species	Funneliformis mosseae	K1		Funneliformis mosseae | FS-29_2726A	0.0	1.44	VTX00067	100.0	species	
PX207235.1	Funneliformis mosseae | 2231_1079F	Funneliformis mosseae	main		named, species elsewhere	known species	Funneliformis mosseae	K1		Funneliformis mosseae | FS-29_2726A	0.0	1.44	VTX00067	100.0	species	
PX207236.1	Funneliformis mosseae | FS-29_2726A	Funneliformis mosseae	main		named, species elsewhere	known species	Funneliformis mosseae	K1		Funneliformis mosseae | 2231_1079F	0.0	1.23	VTX00067	100.0	species	
PX207237.1	Funneliformis mosseae | FS-29_2726A	Funneliformis mosseae	main		named, species elsewhere	known species	Funneliformis mosseae	K1		Funneliformis mosseae | 2231_1079F	0.0	1.23	VTX00067	100.0	species	
PX207238.1	Funneliformis mosseae | FS-29_2726A	Funneliformis mosseae	main		named, species elsewhere	known species	Funneliformis mosseae	K1		Funneliformis mosseae | 2231_1079F	0.0	1.65	VTX00067	100.0	species	
PX207239.1	Funneliformis mosseae | FS-29_2726A	Funneliformis mosseae	main		named, species elsewhere	known species	Funneliformis mosseae	K1		Funneliformis mosseae | 2231_1079F	0.0	1.65	VTX00067	100.0	species	
PX207240.1	Funneliformis mosseae | FS-29_2726A	Funneliformis mosseae	main		named, species elsewhere	known species	Funneliformis mosseae	K1		Funneliformis mosseae | 2231_1079F	0.0	1.84	VTX00067	100.0	species	
PX207241.1	Funneliformis mosseae | 2231_1079F	Funneliformis mosseae	main		named, species elsewhere	known species	Funneliformis mosseae	K1		Funneliformis mosseae | FS-29_2726A	0.0	1.85	VTX00067	100.0	species	
PX207242.1	Funneliformis mosseae | 2231_1079F	Funneliformis mosseae	main		named, species elsewhere	known species	Funneliformis mosseae	K1		Funneliformis mosseae | FS-29_2726A	0.0	1.85	VTX00067	100.0	species	
PX207243.1	Funneliformis mosseae | FS-29_2726A	Funneliformis mosseae	main		named, species elsewhere	known species	Funneliformis mosseae	K1		Funneliformis mosseae | 2231_1079F	0.0	2.05	VTX00067	100.0	species	
PX207244.1	Funneliformis mosseae | FS-29_2726A	Funneliformis mosseae	main		named, species elsewhere	known species	Funneliformis mosseae	K1		Funneliformis mosseae | 2231_1079F	0.0	2.46	VTX00067	100.0	species	
PX207245.1	Funneliformis mosseae | FS-29_2726A	Funneliformis mosseae	main		named, species elsewhere	known species	Funneliformis mosseae	K1		Funneliformis mosseae | 2231_1079F	0.0	2.46	VTX00067	100.0	species	
PX207246.1	Funneliformis mosseae | FS-29_2726A	Funneliformis mosseae	main		named, species elsewhere	known species	Funneliformis mosseae	K1		Funneliformis mosseae | 2231_1079F	0.0	2.46	VTX00067	100.0	species	
PX207247.1	Funneliformis mosseae | 2231_1079F	Funneliformis mosseae	main		named, species elsewhere	known species	Funneliformis mosseae	K1		Funneliformis mosseae | FS-29_2726A	0.0	2.05	VTX00067	100.0	species	
PX207248.1	Funneliformis mosseae | 2231_1079F	Funneliformis mosseae	main		named, species elsewhere	known species	Funneliformis mosseae	K1		Funneliformis mosseae | FS-29_2726A	0.0	2.05	VTX00067	100.0	species	
PX207249.1	Funneliformis mosseae | FS-29_2726A	Funneliformis mosseae	main		named, species elsewhere	known species	Funneliformis mosseae	K1		Funneliformis mosseae | 2231_1079F	0.0	1.85	VTX00067	100.0	species	
PX207250.1	Funneliformis mosseae | FS-29_2726A	Funneliformis mosseae	main		named, species elsewhere	known species	Funneliformis mosseae	K1		Funneliformis mosseae | 2231_1079F	0.0	1.85	VTX00067	100.0	species	
PX207251.1	Funneliformis mosseae | FS-29_2726A	Funneliformis mosseae	main		named, species elsewhere	known species	Funneliformis mosseae	K1		Funneliformis mosseae | 2231_1079F	0.0	2.05	VTX00067	100.0	species	
PX207252.1	Funneliformis mosseae | FS-29_2726A	Funneliformis mosseae	main		named, species elsewhere	known species	Funneliformis mosseae	K1		Funneliformis mosseae | 2231_1079F	0.0	2.05	VTX00067	100.0	species	
PX207253.1	Funneliformis mosseae | FS-29_2726A	Funneliformis mosseae	main		named, species elsewhere	known species	Funneliformis mosseae	K1		Funneliformis mosseae | 2231_1079F	0.0	1.65	VTX00067	100.0	species	
PX207254.1	Funneliformis mosseae | 2231_1079F	Funneliformis mosseae	main		named, species elsewhere	known species	Funneliformis mosseae	K1		Funneliformis mosseae | FS-29_2726A	0.0	2.47	VTX00067	100.0	species	
PX207255.1	Funneliformis mosseae | 2231_1079F	Funneliformis mosseae	main		named, species elsewhere	known species	Funneliformis mosseae	K1		Funneliformis mosseae | FS-29_2726A	0.0	2.47	VTX00067	100.0	species	
PX207256.1	Funneliformis mosseae | 2231_1079F	Funneliformis mosseae	main		named, species elsewhere	known species	Funneliformis mosseae	K1		Funneliformis mosseae | FS-29_2726A	0.0	2.47	VTX00067	100.0	species	
PX207257.1	Funneliformis mosseae | 2231_1079F	Funneliformis mosseae	main		named, species elsewhere	known species	Funneliformis mosseae	K1		Funneliformis mosseae | FS-29_2726A	0.0	2.47	VTX00067	100.0	species	
PX207258.1	Septoglomus turnauae | Blasz_12_2272D	Septoglomus turnauae	divergent	same_length	named, species held out	novel species, genus known	Septoglomus	N2 LSU unmatched		Septoglomus sp. | Blasz_17_2277A	0.68	10.31	VTX00064	99.42	species	LSU
PX207259.1	Septoglomus turnauae | Blasz_12_2272D	Septoglomus turnauae	main		named, species held out	novel species, genus known	Septoglomus	N2 LSU unmatched		Septoglomus sp. | 4404_2057A	0.82	10.69	VTX00064	99.81	species	SH;LSU
PX207260.1	Septoglomus turnauae | Blasz_12_2272D	Septoglomus turnauae	main		named, species held out	novel species, genus known	Septoglomus	N2 LSU unmatched		Septoglomus sp. | 4404_2057A	0.68	10.26	VTX00064	100.0	species	LSU
PX207261.1	Septoglomus turnauae | Blasz_12_2272D	Septoglomus turnauae	main		named, species held out	novel species, genus known	Septoglomus	N2 LSU unmatched		Septoglomus sp. | 4404_2057A	0.68	10.26	VTX00064	100.0	species	SH;LSU
PX207262.1	Septoglomus turnauae | Blasz_12_2272D	Septoglomus turnauae	main		named, species held out	novel species, genus known	Septoglomus	N2 LSU unmatched		Septoglomus sp. | 4404_2057A	0.68	10.08	VTX00064	100.0	species	SH;LSU
PX207263.1	Septoglomus viscosum | CW0026_Att1910-1	Septoglomus viscosum	divergent	short_5.8S	named, species elsewhere	divergent class		D1 5.8S 155 bp, 3 bp shorter than W375_18_642E; D2 paralog unit VTX00409 (VT); placed by VT: no VT match		Septoglomus viscosum | W375_18_642E	1.09	7.78	VTX00409	99.42	species	VT;SH
PX207264.1	Septoglomus viscosum | CW0026_Att1910-1	Septoglomus viscosum	divergent	short_5.8S	named, species elsewhere	divergent class		D1 5.8S 155 bp, 3 bp shorter than W375_18_642E; D2 paralog unit VTX00409 (VT); placed by VT: no VT match		Septoglomus viscosum | W375_18_642E	1.09	7.78	VTX00409	99.42	species	VT;SH
PX207265.1	Septoglomus viscosum | CW0026_Att1910-1	Septoglomus viscosum	main		named, species elsewhere	known species	Septoglomus viscosum	K1		Septoglomus viscosum | CW0029_4028A	0.0	0.0	VTX00063	99.42	species	
PX207266.1	Septoglomus viscosum | CW0026_Att1910-1	Septoglomus viscosum	main		named, species elsewhere	known species	Septoglomus viscosum	K1		Septoglomus viscosum | CW0029_4028A	0.0	0.0	VTX00063	99.42	species	
PX207267.1	Septoglomus viscosum | CW0026_Att1910-1	Septoglomus viscosum	main		named, species elsewhere	known species	Septoglomus viscosum	K1		Septoglomus viscosum | CW0029_4028A	0.27	0.0	VTX00063	99.04	species	
PX207268.1	Septoglomus viscosum | CW0026_Att1910-1	Septoglomus viscosum	main		named, species elsewhere	known species	Septoglomus viscosum	K1		Septoglomus viscosum | CW0029_4028A	0.2	0.0	VTX00063	98.85	species	
PX207269.1	Septoglomus viscosum | CW0026_Att1910-1	Septoglomus viscosum	main		named, species elsewhere	known species	Septoglomus viscosum	K1		Septoglomus viscosum | CW0029_4028A	0.2	0.0	VTX00063	98.85	species	
PX207270.1	Septoglomus viscosum | CW0026_Att1910-1	Septoglomus viscosum	main		named, species elsewhere	known species	Septoglomus viscosum	K1		Septoglomus viscosum | MD215_360A	0.0	1.57	VTX00063	99.36	species	
PX207271.1	Septoglomus viscosum | CW0026_Att1910-1	Septoglomus viscosum	main		named, species elsewhere	known species	Septoglomus viscosum	K1		Septoglomus viscosum | MD215_360A	0.0	1.57	VTX00063	99.36	species	
PX207272.1	Septoglomus viscosum | CW0026_Att1910-1	Septoglomus viscosum	main		named, species elsewhere	known species	Septoglomus viscosum	K1		Septoglomus viscosum | CW0029_4028A	0.0	0.0	VTX00063	99.23	species	
PX207273.1	Septoglomus viscosum | CW0026_Att1910-1	Septoglomus viscosum	main		named, species elsewhere	known species	Septoglomus viscosum	K1		Septoglomus viscosum | CW0029_4028A	0.0	0.0	VTX00063	99.23	species	
PX207274.1	Septoglomus viscosum | CW0026_Att1910-1	Septoglomus viscosum	main		named, species elsewhere	known species	Septoglomus viscosum	K1		Septoglomus viscosum | CW0029_4028A	0.07	0.39	VTX00063	99.42	species	
PX214440.1	Funneliformis caledonium | VDHK150A_21A	Funneliformis caledonium	main		named, species elsewhere	known species	Funneliformis caledonium	K1		Funneliformis caledonium | CW0030_822A	0.0	1.97	VTX00065	100.0	species	
PX214441.1	Funneliformis caledonium | VDHK150A_21A	Funneliformis caledonium	main		named, species elsewhere	known species	Funneliformis caledonium	K1		Funneliformis caledonium | CW0030_822A	0.07	2.94	VTX00065	100.0	species	
PX214442.1	Funneliformis caledonium | VDHK150A_21A	Funneliformis caledonium	main		named, species elsewhere	known species	Funneliformis caledonium	K1		Funneliformis caledonium | CW0030_822A	0.0	0.98	VTX00065	100.0	species	
PX214443.1	Funneliformis caledonium | CW0030_822A	Funneliformis caledonium	main		named, species elsewhere	known species	Funneliformis caledonium	K1		Funneliformis caledonium | VDHK150A_21A	0.07	2.36	VTX00065	99.81	species	
PX214444.1	Funneliformis caledonium | CW0030_822A	Funneliformis caledonium	main		named, species elsewhere	known species	Funneliformis caledonium	K1		Funneliformis caledonium | VDHK150A_21A	0.0	1.97	VTX00065	100.0	species	
PX214445.1	Funneliformis caledonium | CW0030_822A	Funneliformis caledonium	main		named, species elsewhere	known species	Funneliformis caledonium	K1		Funneliformis caledonium | VDHK150A_21A	0.07	2.36	VTX00065	99.81	species	
PX214446.1	Funneliformis caledonium | CW0030_822A	Funneliformis caledonium	main		named, species elsewhere	known species	Funneliformis caledonium	K1		Funneliformis caledonium | VDHK150A_21A	0.07	2.36	VTX00065	99.81	species	
PX214447.1	Funneliformis caledonium | VDHK150A_21A	Funneliformis caledonium	main		named, species elsewhere	known species	Funneliformis caledonium	K1		Funneliformis caledonium | CW0030_822A	0.07	3.52	VTX00065	100.0	species	
PX214448.1	Funneliformis caledonium | VDHK150A_21A	Funneliformis caledonium	main		named, species elsewhere	known species	Funneliformis caledonium	K1		Funneliformis caledonium | CW0030_822A	0.07	2.75	VTX00065	100.0	species	
PX214449.1	Funneliformis geosporum | ALBG_A3	Funneliformis geosporum	main		named, species elsewhere	known species group	Funneliformis caledonium;Funneliformis geosporum	K1		Funneliformis caledonium | CW0030_822A	0.2	8.28	VTX00065	99.8	species group	
PX214450.1	Funneliformis geosporum | ALBG_A3	Funneliformis geosporum	main		named, species elsewhere	known species	Funneliformis geosporum	K1		Funneliformis caledonium | CW0030_822A	0.14	9.07	VTX00065	100.0	species	
PX214451.1	Funneliformis geosporum | ALBG_A3	Funneliformis geosporum	main		named, species elsewhere	known species	Funneliformis geosporum	K1		Funneliformis geosporum | W681_7_10A	0.07	4.93	VTX00065	99.81	species	
PX214452.1	Funneliformis geosporum | ALBG_A3	Funneliformis geosporum	main		named, species elsewhere	known species	Funneliformis geosporum	K1		Funneliformis caledonium | CW0030_822A	0.2	9.25	VTX00065	100.0	species	
PX214453.1	Funneliformis geosporum | ALBG_A3	Funneliformis geosporum	main		named, species elsewhere	known species	Funneliformis geosporum	K1		Funneliformis caledonium | CW0030_822A	0.2	8.89	VTX00065	100.0	species	
PX214454.1	Funneliformis geosporum | W681_7_10A	Funneliformis geosporum	main		named, species elsewhere	known species	Funneliformis geosporum	K1		Funneliformis caledonium | VDHK150A_21A	0.14	7.91	VTX00065	100.0	species	SH
PX214455.1	Funneliformis geosporum | W681_7_10A	Funneliformis geosporum	main		named, species elsewhere	known species	Funneliformis geosporum	K1		Funneliformis caledonium | VDHK150A_21A	0.14	8.86	VTX00065	99.81	species	SH
PX214456.1	Funneliformis geosporum | W681_7_10A	Funneliformis geosporum	main		named, species elsewhere	known species	Funneliformis geosporum	K1		Funneliformis caledonium | VDHK150A_21A	0.07	8.46	VTX00065	100.0	species	SH
PX214457.1	Funneliformis coronatus | Algerie_2_1072A	Funneliformis coronatus	main		named, species elsewhere	known species	Funneliformis coronatus	K1		Funneliformis coronatus | W111_12_886A	0.0	5.76	VTX00265	100.0	species	
PX214458.1	Funneliformis coronatus | Algerie_2_1072A	Funneliformis coronatus	main		named, species elsewhere	known species	Funneliformis coronatus	K1		Funneliformis coronatus | W111_12_886A	0.0	5.56	VTX00265	100.0	species	
PX214459.1	Funneliformis coronatus | Algerie_2_1072A	Funneliformis coronatus	main		named, species elsewhere	known species	Funneliformis coronatus	K1		Funneliformis coronatus | W111_12_886A	0.0	5.76	VTX00265	100.0	species	
PX214460.1	Funneliformis coronatus | Algerie_2_1072A	Funneliformis coronatus	main		named, species elsewhere	known species	Funneliformis coronatus	K1		Funneliformis coronatus | W111_12_886A	0.0	5.75	VTX00265	100.0	species	
PX214461.1	Funneliformis coronatus | Algerie_2_1072A	Funneliformis coronatus	main		named, species elsewhere	known species	Funneliformis coronatus	K1		Funneliformis coronatus | W111_12_886A	0.07	5.97	VTX00265	100.0	species	
PX214462.1	Funneliformis coronatus | W143_5_12A	Funneliformis coronatus	main		named, species elsewhere	known species	Funneliformis coronatus	K1		Funneliformis coronatus | W699_21_3A	0.07	3.27	VTX00265	99.81	species	
PX214463.1	Funneliformis coronatus | W143_5_12A	Funneliformis coronatus	main		named, species elsewhere	known species	Funneliformis coronatus	K1		Funneliformis coronatus | W699_21_3A	0.07	3.27	VTX00265	99.81	species	
PX214464.1	Funneliformis coronatus | W143_5_12A	Funneliformis coronatus	main		named, species elsewhere	known species	Funneliformis coronatus	K1		Funneliformis coronatus | W699_21_3A	0.07	2.86	VTX00265	99.81	species	
PX214465.1	Funneliformis coronatus | W143_5_12A	Funneliformis coronatus	main		named, species elsewhere	known species	Funneliformis coronatus	K1		Funneliformis coronatus | W699_21_3A	0.07	3.27	VTX00265	99.81	species	
PX214466.1	Funneliformis coronatus | W143_5_12A	Funneliformis coronatus	main		named, species elsewhere	known species	Funneliformis coronatus	K1		Funneliformis coronatus | W699_21_3A	0.07	2.86	VTX00265	99.81	species	
PX214467.1	Funneliformis coronatus | W143_5_12A	Funneliformis coronatus	main		named, species elsewhere	known species	Funneliformis coronatus	K1		Funneliformis coronatus | W699_21_3A	0.07	2.25	VTX00265	99.81	species	
PX214468.1	Funneliformis coronatus | W143_5_12A	Funneliformis coronatus	main		named, species elsewhere	known species	Funneliformis coronatus	K1		Funneliformis coronatus | W699_21_3A	0.07	2.86	VTX00265	99.81	species	
PX214469.1	Funneliformis coronatus | W699_21_3A	Funneliformis coronatus	main		named, species elsewhere	known species	Funneliformis coronatus	K1		Funneliformis coronatus | Algerie_2_1072A	0.07	2.26	VTX00265	99.81	species	
PX214470.1	Funneliformis coronatus | W699_21_3A	Funneliformis coronatus	main		named, species elsewhere	known species	Funneliformis coronatus	K1		Funneliformis coronatus | Algerie_2_1072A	0.07	2.06	VTX00265	99.81	species	
PX214471.1	Funneliformis coronatus | W699_21_3A	Funneliformis coronatus	main		named, species elsewhere	known species	Funneliformis coronatus	K1		Funneliformis coronatus | Algerie_2_1072A	0.07	2.47	VTX00265	99.81	species	
PX214472.1	Funneliformis coronatus | W699_21_3A	Funneliformis coronatus	main		named, species elsewhere	known species	Funneliformis coronatus	K1		Funneliformis coronatus | Algerie_2_1072A	0.07	2.26	VTX00265	99.81	species	
PX214473.1	Funneliformis coronatus | W111_12_886A	Funneliformis coronatus	main		named, species elsewhere	known species	Funneliformis coronatus	K1		Funneliformis coronatus | Algerie_2_1072A	0.0	5.76	VTX00265	100.0	species	SH
PX214474.1	Funneliformis coronatus | W111_12_886A	Funneliformis coronatus	main		named, species elsewhere	known species	Funneliformis coronatus	K1		Funneliformis coronatus | Algerie_2_1072A	0.0	5.56	VTX00265	100.0	species	SH
PX214475.1	Funneliformis coronatus | W111_12_886A	Funneliformis coronatus	main		named, species elsewhere	known species	Funneliformis coronatus	K1		Funneliformis coronatus | Algerie_2_1072A	0.0	5.76	VTX00265	100.0	species	SH
PX214476.1	Funneliformis coronatus | W111_12_886A	Funneliformis coronatus	main		named, species elsewhere	known species	Funneliformis coronatus	K1		Funneliformis coronatus | Algerie_2_1072A	0.0	5.14	VTX00265	100.0	species	SH
PX214477.1	Funneliformis coronatus | W111_12_886A	Funneliformis coronatus	main		named, species elsewhere	known species	Funneliformis coronatus	K1		Funneliformis coronatus | Algerie_2_1072A	0.0	5.35	VTX00265	100.0	species	SH
PX214478.1	Funneliformis coronatus | W111_12_886A	Funneliformis coronatus	main		named, species elsewhere	known species	Funneliformis coronatus	K1		Funneliformis coronatus | Algerie_2_1072A	0.0	5.35	VTX00265	100.0	species	SH
PX214479.1	Funneliformis coronatus | W111_12_886A	Funneliformis coronatus	main		named, species elsewhere	known species	Funneliformis coronatus	K1		Funneliformis coronatus | Algerie_2_1072A	0.0	5.56	VTX00265	100.0	species	SH
PX214480.1	Funneliformis coronatus | W111_12_886A	Funneliformis coronatus	main		named, species elsewhere	known species	Funneliformis coronatus	K1		Funneliformis coronatus | Algerie_2_1072A	0.0	6.58	VTX00265	100.0	species	SH
PX214481.1	Funneliformis mosseae | C2	Funneliformis mosseae	main		named, species elsewhere	known species	Funneliformis mosseae	K1		Funneliformis mosseae | 2231_1079F	0.0	3.48	VTX00067	100.0	species	
PX214482.1	Funneliformis mosseae | C2	Funneliformis mosseae	main		named, species elsewhere	known species	Funneliformis mosseae	K1		Funneliformis mosseae | 2231_1079F	0.0	3.28	VTX00067	100.0	species	
PX214483.1	Funneliformis mosseae | C2	Funneliformis mosseae	main		named, species elsewhere	known species	Funneliformis mosseae	K1		Funneliformis mosseae | 2231_1079F	0.0	5.36	VTX00067	100.0	species	
PX214484.1	Funneliformis mosseae | C2	Funneliformis mosseae	main		named, species elsewhere	known species	Funneliformis mosseae	K1		Funneliformis mosseae | 2231_1079F	0.07	4.57	VTX00067	99.81	species	
PX214485.1	Funneliformis mosseae | C2	Funneliformis mosseae	main		named, species elsewhere	known species	Funneliformis mosseae	K1		Funneliformis mosseae | 2231_1079F	0.0	3.69	VTX00067	100.0	species	
PX214486.1	Funneliformis mosseae | 2101_50A	Funneliformis mosseae	main		named, species elsewhere	known species	Funneliformis mosseae	K1		Funneliformis mosseae | 2231_1079F	0.0	1.84	VTX00067	100.0	species	
PX214487.1	Funneliformis mosseae | 2101_50A	Funneliformis mosseae	main		named, species elsewhere	known species	Funneliformis mosseae	K1		Funneliformis mosseae | 2231_1079F	0.0	2.05	VTX00067	100.0	species	
PX214488.1	Funneliformis mosseae | 2101_50A	Funneliformis mosseae	main		named, species elsewhere	known species	Funneliformis mosseae	K1		Funneliformis mosseae | 2231_1079F	0.0	1.84	VTX00067	100.0	species	
PX214489.1	Funneliformis mosseae | 3502	Funneliformis mosseae	main		named, species elsewhere	known species	Funneliformis mosseae	K1		Funneliformis mosseae | 2231_1079F	0.0	1.84	VTX00067	100.0	species	
PX214490.1	Funneliformis mosseae | FEC30_219A	Funneliformis mosseae	main		named, species elsewhere	known species	Funneliformis mosseae	K1		Funneliformis mosseae | 2231_1079F	0.0	1.64	VTX00067	100.0	species	
PX214491.1	Funneliformis mosseae | 2101_50A	Funneliformis mosseae	main		named, species elsewhere	known species	Funneliformis mosseae	K1		Funneliformis mosseae | 2231_1079F	0.0	1.85	VTX00067	100.0	species	
PX214492.1	Funneliformis mosseae | W32_9_13A	Funneliformis mosseae	main		named, species elsewhere	known species	Funneliformis mosseae	K1		Funneliformis mosseae | 2231_1079F	0.0	1.44	VTX00067	100.0	species	
PX214493.1	Funneliformis mosseae | 3502	Funneliformis mosseae	main		named, species elsewhere	known species	Funneliformis mosseae	K1		Funneliformis mosseae | 2231_1079F	0.0	1.23	VTX00067	100.0	species	
PX214494.1	Funneliformis mosseae | 3502	Funneliformis mosseae	main		named, species elsewhere	known species	Funneliformis mosseae	K1		Funneliformis mosseae | 2231_1079F	0.0	2.05	VTX00067	100.0	species	
PX214495.1	Funneliformis mosseae | W32_9_13A	Funneliformis mosseae	main		named, species elsewhere	known species	Funneliformis mosseae	K1		Funneliformis mosseae | 2231_1079F	0.0	1.43	VTX00067	100.0	species	
PX214496.1	Funneliformis mosseae | W32_9_13A	Funneliformis mosseae	main		named, species elsewhere	known species	Funneliformis mosseae	K1		Funneliformis mosseae | 2231_1079F	0.0	1.03	VTX00067	100.0	species	
PX214497.1	Funneliformis mosseae | W32_9_13A	Funneliformis mosseae	main		named, species elsewhere	known species	Funneliformis mosseae	K1		Funneliformis mosseae | 2231_1079F	0.0	2.26	VTX00067	100.0	species	
PX214498.1	Funneliformis mosseae | W32_9_13A	Funneliformis mosseae	main		named, species elsewhere	known species	Funneliformis mosseae	K1		Funneliformis mosseae | 2231_1079F	0.0	2.05	VTX00067	100.0	species	
PX214499.1	Funneliformis mosseae | 2101_50A	Funneliformis mosseae	main		named, species elsewhere	known species	Funneliformis mosseae	K1		Funneliformis mosseae | 2231_1079F	0.0	2.87	VTX00067	100.0	species	
PX214500.1	Funneliformis mosseae | 2101_50A	Funneliformis mosseae	main		named, species elsewhere	known species	Funneliformis mosseae	K1		Funneliformis mosseae | 2231_1079F	0.0	2.66	VTX00067	100.0	species	
PX214501.1	Funneliformis mosseae | 2101_50A	Funneliformis mosseae	main		named, species elsewhere	known species	Funneliformis mosseae	K1		Funneliformis mosseae | 2231_1079F	0.0	2.66	VTX00067	100.0	species	
PX214502.1	Funneliformis mosseae | 198394_123A	Funneliformis mosseae	main		named, species elsewhere	known species	Funneliformis mosseae	K1		Funneliformis mosseae | 2231_1079F	0.0	2.25	VTX00067	100.0	species	
PX214503.1	Funneliformis mosseae | 2252_723A	Funneliformis mosseae	main		named, species elsewhere	known species	Funneliformis mosseae	K1		Funneliformis mosseae | 2231_1079F	0.0	2.25	VTX00067	100.0	species	
PX214504.1	Funneliformis mosseae | 2252_723A	Funneliformis mosseae	main		named, species elsewhere	known species	Funneliformis mosseae	K1		Funneliformis mosseae | 2231_1079F	0.0	2.05	VTX00067	100.0	species	
PX214505.1	Funneliformis mosseae | 2252_723A	Funneliformis mosseae	main		named, species elsewhere	known species	Funneliformis mosseae	K1		Funneliformis mosseae | 2231_1079F	0.0	2.05	VTX00067	100.0	species	
PX214506.1	Funneliformis mosseae | 198394_123A	Funneliformis mosseae	main		named, species elsewhere	known species	Funneliformis mosseae	K1		Funneliformis mosseae | 2231_1079F	0.0	2.46	VTX00067	100.0	species	
PX214507.1	Funneliformis mosseae | 2252_723A	Funneliformis mosseae	main		named, species elsewhere	known species	Funneliformis mosseae	K1		Funneliformis mosseae | 2231_1079F	0.0	2.46	VTX00067	100.0	species	
PX214508.1	Funneliformis mosseae | 2252_723A	Funneliformis mosseae	main		named, species elsewhere	known species	Funneliformis mosseae	K1		Funneliformis mosseae | 2231_1079F	0.0	2.46	VTX00067	100.0	species	
PX214509.1	Funneliformis mosseae | 2252_723A	Funneliformis mosseae	main		named, species elsewhere	known species	Funneliformis mosseae	K1		Funneliformis mosseae | 2231_1079F	0.0	2.46	VTX00067	100.0	species	
PX214510.1	Funneliformis mosseae | 2252_723A	Funneliformis mosseae	main		named, species elsewhere	known species	Funneliformis mosseae	K1		Funneliformis mosseae | 2231_1079F	0.0	2.25	VTX00067	100.0	species	
PX214511.1	Funneliformis mosseae | 198394_123A	Funneliformis mosseae	main		named, species elsewhere	known species	Funneliformis mosseae	K1		Funneliformis mosseae | 2231_1079F	0.0	3.07	VTX00067	100.0	species	
PX214512.1	Funneliformis mosseae | 198394_123A	Funneliformis mosseae	main		named, species elsewhere	known species	Funneliformis mosseae	K1		Funneliformis mosseae | 2231_1079F	0.0	3.07	VTX00067	100.0	species	
PX214513.1	Funneliformis mosseae | 2252_723A	Funneliformis mosseae	main		named, species elsewhere	known species	Funneliformis mosseae	K1		Funneliformis mosseae | 198394_123A	0.0	0.61	VTX00067	100.0	species	
PX214514.1	Funneliformis mosseae | 198394_123A	Funneliformis mosseae	main		named, species elsewhere	known species	Funneliformis mosseae	K1		Funneliformis mosseae | 2231_1079F	0.0	2.46	VTX00067	100.0	species	
PX214515.1	Funneliformis mosseae | 198394_123A	Funneliformis mosseae	main		named, species elsewhere	known species	Funneliformis mosseae	K1		Funneliformis mosseae | 2231_1079F	0.0	2.66	VTX00067	100.0	species	
PX214516.1	Funneliformis mosseae | 198394_123A	Funneliformis mosseae	main		named, species elsewhere	known species	Funneliformis mosseae	K1		Funneliformis mosseae | 2252_723A	0.0	0.61	VTX00067	100.0	species	
PX214517.1	Funneliformis mosseae | 2252_723A	Funneliformis mosseae	main		named, species elsewhere	known species	Funneliformis mosseae	K1		Funneliformis mosseae | 198394_123A	0.0	0.0	VTX00067	100.0	species	
PX214518.1	Funneliformis mosseae | W32_9_13A	Funneliformis mosseae	main		named, species elsewhere	known species	Funneliformis mosseae	K1		Funneliformis mosseae | 2231_1079F	0.0	1.84	VTX00067	100.0	species	
PX214519.1	Funneliformis mosseae | W32_9_13A	Funneliformis mosseae	main		named, species elsewhere	known species	Funneliformis mosseae	K1		Funneliformis mosseae | 2231_1079F	0.0	2.26	VTX00067	100.0	species	
PX214520.1	Funneliformis mosseae | W32_9_13A	Funneliformis mosseae	main		named, species elsewhere	known species	Funneliformis mosseae	K1		Funneliformis mosseae | 2231_1079F	0.0	1.85	VTX00067	100.0	species	
PX214521.1	Funneliformis mosseae | 3502	Funneliformis mosseae	main		named, species elsewhere	known species	Funneliformis mosseae	K1		Funneliformis mosseae | 2231_1079F	0.0	1.84	VTX00067	100.0	species	
PX214522.1	Funneliformis mosseae | 4344_272A	Funneliformis mosseae	main		named, species elsewhere	known species	Funneliformis mosseae	K1		Funneliformis mosseae | 2231_1079F	0.07	3.28	VTX00067	99.81	species	
PX214523.1	Funneliformis mosseae | 4344_272A	Funneliformis mosseae	main		named, species elsewhere	known species	Funneliformis mosseae	K1		Funneliformis mosseae | CHB3_Fmos	0.0	2.86	VTX00067	99.81	species	
PX214524.1	Funneliformis mosseae | 4344_272A	Funneliformis mosseae	main		named, species elsewhere	known species	Funneliformis mosseae	K1		Funneliformis mosseae | CHB3_Fmos	0.0	2.86	VTX00067	99.81	species	
PX214525.1	Funneliformis mosseae | 4344_272A	Funneliformis mosseae	main		named, species elsewhere	known species	Funneliformis mosseae	K1		Funneliformis mosseae | CHB3_Fmos	0.0	2.85	VTX00067	99.81	species	
PX214526.1	Funneliformis mosseae | CHB4_Fmos	Funneliformis mosseae	main		named, species elsewhere	known species	Funneliformis mosseae	K1		Funneliformis mosseae | 2231_1079F	0.0	2.66	VTX00067	100.0	species	
PX214527.1	Funneliformis mosseae | CHB4_Fmos	Funneliformis mosseae	main		named, species elsewhere	known species	Funneliformis mosseae	K1		Funneliformis mosseae | 2231_1079F	0.07	2.66	VTX00067	100.0	species	
PX214528.1	Funneliformis mosseae | CHB4_Fmos	Funneliformis mosseae	main		named, species elsewhere	known species	Funneliformis mosseae	K1		Funneliformis mosseae | 2231_1079F	0.0	2.87	VTX00067	100.0	species	
PX214529.1	Funneliformis mosseae | CHB4_Fmos	Funneliformis mosseae	main		named, species elsewhere	known species	Funneliformis mosseae	K1		Funneliformis mosseae | 2231_1079F	0.0	3.07	VTX00067	100.0	species	
PX214530.1	Funneliformis mosseae | CHB4_Fmos	Funneliformis mosseae	main		named, species elsewhere	known species	Funneliformis mosseae	K1		Funneliformis mosseae | 2231_1079F	0.0	2.87	VTX00067	100.0	species	
PX214531.1	Funneliformis mosseae | CHB4_Fmos	Funneliformis mosseae	main		named, species elsewhere	known species	Funneliformis mosseae	K1		Funneliformis mosseae | 2231_1079F	0.0	3.48	VTX00067	100.0	species	
PX214532.1	Funneliformis mosseae | FEC30_219A	Funneliformis mosseae	main		named, species elsewhere	known species	Funneliformis mosseae	K1		Funneliformis mosseae | 2231_1079F	0.0	3.08	VTX00067	100.0	species	
PX214533.1	Funneliformis mosseae | FEC30_219A	Funneliformis mosseae	main		named, species elsewhere	known species	Funneliformis mosseae	K1		Funneliformis mosseae | 2231_1079F	0.0	3.08	VTX00067	100.0	species	
PX214534.1	Funneliformis mosseae | FEC30_219A	Funneliformis mosseae	main		named, species elsewhere	known species	Funneliformis mosseae	K1		Funneliformis mosseae | 2231_1079F	0.0	2.05	VTX00067	100.0	species	
PX214535.1	Funneliformis mosseae | FEC30_219A	Funneliformis mosseae	main		named, species elsewhere	known species	Funneliformis mosseae	K1		Funneliformis mosseae | 2231_1079F	0.0	2.26	VTX00067	100.0	species	
PX214536.1	Funneliformis mosseae | FEC30_219A	Funneliformis mosseae	main		named, species elsewhere	known species	Funneliformis mosseae	K1		Funneliformis mosseae | 2231_1079F	0.0	3.28	VTX00067	100.0	species	
PX214537.1	Funneliformis mosseae | CHB4_Fmos	Funneliformis mosseae	main		named, species elsewhere	known species	Funneliformis mosseae	K1		Funneliformis mosseae | 2231_1079F	0.07	3.49	VTX00067	99.81	species	
PX214538.1	Funneliformis mosseae | CHB4_Fmos	Funneliformis mosseae	main		named, species elsewhere	known species	Funneliformis mosseae	K1		Funneliformis mosseae | 2231_1079F	0.07	3.89	VTX00067	99.81	species	
PX214539.1	Funneliformis mosseae | CHB4_Fmos	Funneliformis mosseae	main		named, species elsewhere	known species	Funneliformis mosseae	K1		Funneliformis mosseae | 2231_1079F	0.07	3.07	VTX00067	99.81	species	
PX214540.1	Funneliformis mosseae | CHB4_Fmos	Funneliformis mosseae	main		named, species elsewhere	known species	Funneliformis mosseae	K1		Funneliformis mosseae | 2231_1079F	0.0	3.49	VTX00067	100.0	species	
PX214541.1	Funneliformis mosseae | 3502	Funneliformis mosseae	main		named, species elsewhere	known species	Funneliformis mosseae	K1		Funneliformis mosseae | 2231_1079F	0.0	3.07	VTX00067	100.0	species	
PX214542.1	Funneliformis mosseae | 2101_50A	Funneliformis mosseae	main		named, species elsewhere	known species	Funneliformis mosseae	K1		Funneliformis mosseae | 2231_1079F	0.0	4.37	VTX00067	100.0	species	
PX214543.1	Funneliformis mosseae | 2101_50A	Funneliformis mosseae	main		named, species elsewhere	known species	Funneliformis mosseae	K1		Funneliformis mosseae | 2231_1079F	0.0	3.51	VTX00067	100.0	species	
PX214544.1	Funneliformis mosseae | CHB1_Fmos	Funneliformis mosseae	main		named, species elsewhere	known species	Funneliformis mosseae	K1		Funneliformis mosseae | 2231_1079F	0.0	3.7	VTX00067	100.0	species	
PX214545.1	Funneliformis mosseae | CHB1_Fmos	Funneliformis mosseae	main		named, species elsewhere	known species	Funneliformis mosseae	K1		Funneliformis mosseae | 2231_1079F	0.07	3.91	VTX00067	99.81	species	
PX214546.1	Funneliformis mosseae | CHB1_Fmos	Funneliformis mosseae	main		named, species elsewhere	known species	Funneliformis mosseae	K1		Funneliformis mosseae | 2231_1079F	0.0	4.11	VTX00067	100.0	species	
PX214547.1	Funneliformis mosseae | CHB1_Fmos	Funneliformis mosseae	main		named, species elsewhere	known species	Funneliformis mosseae	K1		Funneliformis mosseae | 2231_1079F	0.0	4.1	VTX00067	100.0	species	
PX214548.1	Funneliformis mosseae | CHB1_Fmos	Funneliformis mosseae	main		named, species elsewhere	known species	Funneliformis mosseae	K1		Funneliformis mosseae | 2231_1079F	0.0	3.69	VTX00067	100.0	species	
PX214549.1	Funneliformis mosseae | CHB1_Fmos	Funneliformis mosseae	main		named, species elsewhere	known species	Funneliformis mosseae	K1		Funneliformis mosseae | 2231_1079F	0.0	4.12	VTX00067	100.0	species	
PX214550.1	Funneliformis mosseae | CHB1_Fmos	Funneliformis mosseae	main		named, species elsewhere	known species	Funneliformis mosseae	K1		Funneliformis mosseae | 2231_1079F	0.0	3.93	VTX00067	100.0	species	
PX214551.1	Funneliformis mosseae | CHB1_Fmos	Funneliformis mosseae	main		named, species elsewhere	known species	Funneliformis mosseae	K1		Funneliformis mosseae | 2231_1079F	0.07	4.3	VTX00067	99.81	species	
PX214552.1	Funneliformis mosseae | CHB1_Fmos	Funneliformis mosseae	main		named, species elsewhere	known species	Funneliformis mosseae	K1		Funneliformis mosseae | 2231_1079F	0.07	4.31	VTX00067	99.81	species	
PX214553.1	Funneliformis mosseae | CHB1_Fmos	Funneliformis mosseae	main		named, species elsewhere	known species	Funneliformis mosseae	K1		Funneliformis mosseae | 2231_1079F	0.0	2.87	VTX00067	100.0	species	
PX214554.1	Funneliformis mosseae | CHB4_Fmos	Funneliformis mosseae	main		named, species elsewhere	known species	Funneliformis mosseae	K1		Funneliformis mosseae | 2231_1079F	0.07	3.07	VTX00067	100.0	species	
PX214555.1	Funneliformis mosseae | CHB1_Fmos	Funneliformis mosseae	main		named, species elsewhere	known species	Funneliformis mosseae	K1		Funneliformis mosseae | 2231_1079F	0.14	4.1	VTX00067	99.81	species	
PX214556.1	Funneliformis mosseae | CHB1_Fmos	Funneliformis mosseae	main		named, species elsewhere	known species	Funneliformis mosseae	K1		Funneliformis mosseae | 2231_1079F	0.0	4.71	VTX00067	100.0	species	
PX214557.1	Funneliformis mosseae | CHB1_Fmos	Funneliformis mosseae	main		named, species elsewhere	known species	Funneliformis mosseae	K1		Funneliformis mosseae | 2231_1079F	0.0	4.1	VTX00067	100.0	species	
PX214558.1	Funneliformis mosseae | CHB1_Fmos	Funneliformis mosseae	main		named, species elsewhere	known species	Funneliformis mosseae	K1		Funneliformis mosseae | 2231_1079F	0.0	4.1	VTX00067	100.0	species	
PX214559.1	Funneliformis mosseae | CHB3_Fmos	Funneliformis mosseae	main		named, species elsewhere	known species	Funneliformis mosseae	K1		Funneliformis mosseae | 2231_1079F	0.0	4.71	VTX00067	100.0	species	SH
PX214560.1	Funneliformis mosseae | CHB3_Fmos	Funneliformis mosseae	main		named, species elsewhere	known species	Funneliformis mosseae	K1		Funneliformis mosseae | 2231_1079F	0.0	4.3	VTX00067	100.0	species	SH
PX214561.1	Funneliformis mosseae | CHB3_Fmos	Funneliformis mosseae	main		named, species elsewhere	known species group	Funneliformis coronatus;Funneliformis mosseae	K1		Funneliformis mosseae | 4344_272A	0.0	2.86	VTX00067	99.81	species group	SH
PX214562.1	Funneliformis mosseae | 4344_272A	Funneliformis mosseae	main		named, species elsewhere	known species	Funneliformis mosseae	K1		Funneliformis mosseae | 2231_1079F	0.07	3.48	VTX00067	100.0	species	
PX214563.1	Funneliformis mosseae | 4344_272A	Funneliformis mosseae	main		named, species elsewhere	known species	Funneliformis mosseae	K1		Funneliformis mosseae | 2231_1079F	0.07	3.28	VTX00067	99.81	species	
PX214564.1	Funneliformis mosseae | 4344_272A	Funneliformis mosseae	main		named, species elsewhere	known species	Funneliformis mosseae	K1		Funneliformis mosseae | 2231_1079F	0.0	3.28	VTX00067	100.0	species	
PX214565.1	Funneliformis mosseae | 4344_272A	Funneliformis mosseae	main		named, species elsewhere	known species	Funneliformis mosseae	K1		Funneliformis mosseae | 2231_1079F	0.0	3.48	VTX00067	100.0	species	
PX214566.1	Funneliformis mosseae | 4344_272A	Funneliformis mosseae	main		named, species elsewhere	known species	Funneliformis mosseae	K1		Funneliformis mosseae | CHB3_Fmos	0.0	2.65	VTX00067	99.81	species	
PX214567.1	Funneliformis mosseae | 4344_272A	Funneliformis mosseae	main		named, species elsewhere	known species	Funneliformis mosseae	K1		Funneliformis mosseae | CHB3_Fmos	0.0	3.05	VTX00067	99.81	species	
PX214568.1	Funneliformis mosseae | CHB1_Fmos	Funneliformis mosseae	main		named, species elsewhere	known species	Funneliformis mosseae	K1		Funneliformis mosseae | 2231_1079F	0.0	4.1	VTX00067	100.0	species	
PX214569.1	Funneliformis mosseae | W32_9_13A	Funneliformis mosseae	main		named, species elsewhere	known species	Funneliformis mosseae	K1		Funneliformis mosseae | 2231_1079F	0.0	2.05	VTX00067	100.0	species	
PX214570.1	Funneliformis mosseae | CHB1_Fmos	Funneliformis mosseae	main		named, species elsewhere	known species	Funneliformis mosseae	K1		Funneliformis mosseae | 2231_1079F	0.0	4.51	VTX00067	100.0	species	
PX214571.1	Funneliformis mosseae | CHB1_Fmos	Funneliformis mosseae	main		named, species elsewhere	known species	Funneliformis mosseae	K1		Funneliformis mosseae | 2231_1079F	0.07	4.74	VTX00067	99.81	species	
PX214572.1	Septoglomus viscosum | CW0029_4028A	Septoglomus viscosum	main		named, species elsewhere	known species	Septoglomus viscosum	K1		Septoglomus viscosum | CW0026_Att1910-1	0.0	0.0	VTX00063	99.23	species	
PX214573.1	Septoglomus viscosum | MD215_360A	Septoglomus viscosum	main		named, species elsewhere	known species	Septoglomus viscosum	K1		Septoglomus viscosum | CW0026_Att1910-1	0.0	2.79	VTX00063	99.23	species	
PX214574.1	Septoglomus viscosum | MD215_360A	Septoglomus viscosum	main		named, species elsewhere	known species	Septoglomus viscosum	K1		Septoglomus viscosum | CW0026_Att1910-1	0.0	2.79	VTX00063	99.23	species	
PX214575.1	Septoglomus viscosum | MD215_360A	Septoglomus viscosum	main		named, species elsewhere	known species	Septoglomus viscosum	K1		Septoglomus viscosum | CW0026_Att1910-1	0.0	1.57	VTX00063	99.36	species	
PX214576.1	Septoglomus viscosum | W375_18_642E	Septoglomus viscosum	main		named, species elsewhere	known species	Septoglomus viscosum	K1		Septoglomus viscosum | CW0026_Att1910-1	0.54	2.37	VTX00063	99.61	species	SH
PX214577.1	Septoglomus viscosum | W375_18_642E	Septoglomus viscosum	main		named, species elsewhere	known species	Septoglomus viscosum	K1		Septoglomus viscosum | CW0026_Att1910-1	0.41	2.77	VTX00063	99.81	species	SH
PX214578.1	Septoglomus viscosum | CW0029_4028A	Septoglomus viscosum	main		named, species elsewhere	known species	Septoglomus viscosum	K1		Septoglomus viscosum | CW0026_Att1910-1	0.0	0.0	VTX00063	99.42	species	
PX214579.1	Septoglomus viscosum | W375_18_642E	Septoglomus viscosum	main		named, species elsewhere	known species	Septoglomus viscosum	K1		Septoglomus viscosum | CW0026_Att1910-1	0.34	3.98	VTX00063	100.0	species	SH
PX214580.1	Septoglomus viscosum | CW0002_4001A	Septoglomus viscosum	main		named, species elsewhere	known species	Septoglomus viscosum	K1		Septoglomus viscosum | CW0026_Att1910-1	0.61	5.02	VTX00063	99.61	species	SH
PX214581.1	Septoglomus viscosum | CW0002_4001A	Septoglomus viscosum	main		named, species elsewhere	known species	Septoglomus viscosum	K1		Septoglomus viscosum | CW0026_Att1910-1	0.61	5.02	VTX00063	99.81	species	SH
PX214582.1	Septoglomus viscosum | CW0002_4001A	Septoglomus viscosum	main		named, species elsewhere	known species	Septoglomus viscosum	K1		Septoglomus viscosum | CW0026_Att1910-1	0.75	5.02	VTX00063	98.86	species	SH
PX214583.1	Septoglomus viscosum | W375_18_642E	Septoglomus viscosum	divergent	short_5.8S	named, species elsewhere	divergent class		D1 5.8S 153 bp, 5 bp shorter than CW0026_Att1910-1; D2 paralog unit VTX00409 (VT); placed by VT: no VT match		Septoglomus viscosum | CW0026_Att1910-1	4.01	8.18	VTX00409	98.46	species	VT
PX214584.1	Septoglomus sp. | 5070_5024A	Septoglomus sp.	main		unnamed ('sp.')	known species	Septoglomus viscosum	K1		Septoglomus sp. | C4	0.0	0.2	VTX00063	97.31	species	
PX214585.1	Septoglomus sp. | C4	Septoglomus sp.	main		unnamed ('sp.')	known species	Septoglomus viscosum	K1		Septoglomus sp. | 5070_5024A	0.0	0.2	VTX00063	97.31	species	
PX214586.1	Septoglomus sp. | 5070_5024A	Septoglomus sp.	main		unnamed ('sp.')	known species	Septoglomus viscosum	K1		Septoglomus sp. | C4	0.0	0.0	VTX00063	97.12	species	
PX214587.1	Septoglomus sp. | C4	Septoglomus sp.	main		unnamed ('sp.')	known species	Septoglomus viscosum	K1		Septoglomus sp. | 5070_5024A	0.0	0.0	VTX00063	97.12	species	
PX214588.1	Septoglomus sp. | C4	Septoglomus sp.	main		unnamed ('sp.')	boundary		B1 best VT VTX00063 96.93%		Septoglomus sp. | 5070_5024A	0.14	1.0	VTX00063	96.93	genus	
PX214589.1	Septoglomus sp. | C4	Septoglomus sp.	main		unnamed ('sp.')	known species	Septoglomus viscosum	K1		Septoglomus sp. | 5070_5024A	0.14	1.0	VTX00063	97.06	species	
PX214590.1	Septoglomus sp. | C4	Septoglomus sp.	main		unnamed ('sp.')	known species	Septoglomus viscosum	K1		Septoglomus sp. | 5070_5024A	0.14	0.0	VTX00063	97.06	species	
PX214591.1	Septoglomus sp. | 5070_5024A	Septoglomus sp.	main		unnamed ('sp.')	boundary		B1 best VT VTX00063 96.93%		Septoglomus sp. | C4	0.07	1.0	VTX00063	96.93	genus	
PX214592.1	Septoglomus sp. | C4	Septoglomus sp.	main		unnamed ('sp.')	boundary		B1 best VT VTX00063 96.93%		Septoglomus sp. | 5070_5024A	0.2	8.78	VTX00063	96.93	genus	
PX214593.1	Septoglomus sp. | C4	Septoglomus sp.	main		unnamed ('sp.')	boundary		B1 best VT VTX00063 96.93%		Septoglomus sp. | 5070_5024A	0.2	8.78	VTX00063	96.93	genus	
PX214594.1	Septoglomus sp. | C4	Septoglomus sp.	main		unnamed ('sp.')	boundary		B1 best VT VTX00063 96.93%		Septoglomus sp. | 5070_5024A	0.2	8.78	VTX00063	96.93	genus	
PX214595.1	Septoglomus sp. | 4404_2057A	Septoglomus sp.	divergent	same_length	unnamed ('sp.')	known species group	Septoglomus africanum;Septoglomus turnauae	K1		Septoglomus sp. | FS_9_2328B	0.07	5.36	VTX00064	99.04	species group	
PX214596.1	Septoglomus sp. | FS_9_2328B	Septoglomus sp.	main		unnamed ('sp.')	divergent class	Septoglomus africanum;Septoglomus turnauae	D2 paralog unit Septoglomus nigrum (LSU); placed by VT: Septoglomus africanum;Septoglomus turnauae	D3 5.8S 5.1% from 4404_2057A, same length	Septoglomus sp. | 4404_2057A	0.48	11.06	VTX00064	98.85	species group	LSU
PX214597.1	Septoglomus sp. | FS_9_2328B	Septoglomus sp.	main		unnamed ('sp.')	divergent class	Septoglomus africanum;Septoglomus turnauae	D2 paralog unit Septoglomus nigrum (LSU); placed by VT: Septoglomus africanum;Septoglomus turnauae	D3 5.8S 5.1% from 4404_2057A, same length	Septoglomus sp. | 4404_2057A	0.34	11.06	VTX00064	99.04	species group	LSU
PX214598.1	Septoglomus sp. | FS_9_2328B	Septoglomus sp.	main		unnamed ('sp.')	divergent class	Septoglomus africanum;Septoglomus turnauae	D2 paralog unit Septoglomus nigrum (LSU); placed by VT: Septoglomus africanum;Septoglomus turnauae	D3 5.8S 5.1% from 4404_2057A, same length	Septoglomus sp. | 4404_2057A	0.34	11.06	VTX00064	99.42	species group	LSU
PX214599.1	Septoglomus sp. | 4404_2057A	Septoglomus sp.	main		unnamed ('sp.')	known species	Septoglomus africanum	K1	D3 5.8S 5.1% from FS_9_2328B, same length	Septoglomus sp. | FS_9_2328B	0.34	11.06	VTX00064	99.42	species	
PX214600.1	Septoglomus sp. | 4404_2057A	Septoglomus sp.	main		unnamed ('sp.')	known species	Septoglomus africanum	K1	D3 5.8S 5.1% from FS_9_2328B, same length	Septoglomus sp. | FS_9_2328B	0.34	10.85	VTX00064	99.42	species	
PX214601.1	Septoglomus sp. | FS_9_2328B	Septoglomus sp.	divergent	same_length	unnamed ('sp.')	known species	Septoglomus africanum	K1		Septoglomus sp. | 4404_2057A	0.27	3.02	VTX00064	99.61	species	
PX214602.1	Septoglomus sp. | FS_9_2328B	Septoglomus sp.	divergent	same_length	unnamed ('sp.')	known species	Septoglomus africanum	K1		Septoglomus sp. | 4404_2057A	0.2	4.0	VTX00064	99.42	species	
PX214603.1	Septoglomus sp. | Blasz_17_2277A	Septoglomus sp.	main		unnamed ('sp.')	known species	Septoglomus africanum	K1		Septoglomus sp. | SO43BL	0.0	2.05	VTX00064	98.85	species	SH
PX214604.1	Septoglomus sp. | Blasz_17_2277A	Septoglomus sp.	main		unnamed ('sp.')	known species	Septoglomus africanum	K1		Septoglomus sp. | SO43BL	0.0	2.05	VTX00064	98.85	species	SH
PX214605.1	Septoglomus sp. | Blasz_17_2277A	Septoglomus sp.	main		unnamed ('sp.')	known species	Septoglomus africanum	K1	D3 5.8S 5.7% from Blasz_17_2277A, same length	Septoglomus africanum | Blasz_17_2277A	0.07	10.27	VTX00064	99.42	species	SH
PX214606.1	Septoglomus sp. | Blasz_17_2277A	Septoglomus sp.	main		unnamed ('sp.')	known species	Septoglomus africanum	K1		Septoglomus sp. | SO43BL	0.0	2.05	VTX00064	98.85	species	SH
PX214607.1	Septoglomus sp. | Blasz_17_2277A	Septoglomus sp.	main		unnamed ('sp.')	known species	Septoglomus africanum	K1		Septoglomus sp. | SO43BL	0.0	2.05	VTX00064	98.85	species	SH
PX214608.1	Septoglomus sp. | SO43BL	Septoglomus sp.	main		unnamed ('sp.')	known species	Septoglomus africanum	K1		Septoglomus sp. | Blasz_17_2277A	0.0	2.05	VTX00064	98.85	species	SH
PX214609.1	Septoglomus africanum | Blasz_17_2277A	Septoglomus africanum	main		named, species elsewhere	known species	Septoglomus africanum	K1		Septoglomus africanum | SO43BL	0.0	0.78	VTX00064	99.42	species	SH
PX214610.1	Septoglomus africanum | SO43BL	Septoglomus africanum	main		named, species elsewhere	known species	Septoglomus africanum	K1		Septoglomus africanum | Blasz_17_2277A	0.0	0.78	VTX00064	99.42	species	SH
PX214611.1	Septoglomus africanum | SO43BL	Septoglomus africanum	main		named, species elsewhere	known species	Septoglomus africanum	K1		Septoglomus africanum | Blasz_17_2277A	0.0	0.98	VTX00064	99.42	species	SH
PX214612.1	Septoglomus africanum | SO43BL	Septoglomus africanum	main		named, species elsewhere	known species	Septoglomus africanum	K1		Septoglomus africanum | Blasz_17_2277A	0.0	0.78	VTX00064	99.42	species	SH
PX214613.1	Septoglomus africanum | SO43BL	Septoglomus africanum	main		named, species elsewhere	known species	Septoglomus africanum	K1		Septoglomus africanum | Blasz_17_2277A	0.0	0.98	VTX00064	99.42	species	SH
PX214614.1	Septoglomus africanum | SO43BL	Septoglomus africanum	main		named, species elsewhere	known species	Septoglomus africanum	K1		Septoglomus africanum | Blasz_17_2277A	0.0	1.18	VTX00064	99.42	species	SH
PX214615.1	Glomus tetrastratosum | CW0020_4019A	Glomus tetrastratosum	main		named, species elsewhere	known species	Glomus tetrastratosum	K1		Glomus tetrastratosum | 5094_2349C	0.07	1.11	VTX00199	100.0	species	
PX214616.1	Glomus tetrastratosum | CW0020_4019A	Glomus tetrastratosum	main		named, species elsewhere	known species	Glomus tetrastratosum	K1		Glomus tetrastratosum | 5094_2349C	0.07	0.89	VTX00199	100.0	species	
PX214617.1	Glomus tetrastratosum | 5105_2444A	Glomus tetrastratosum	main		named, species elsewhere	known species	Glomus tetrastratosum	K1		Glomus tetrastratosum | 5094_2349C	0.0	0.0	VTX00199	100.0	species	
PX214618.1	Glomus tetrastratosum | 4433_785B	Glomus tetrastratosum	main		named, species elsewhere	known species	Glomus tetrastratosum	K1		Glomus tetrastratosum | 5094_2349C	0.14	1.55	VTX00199	99.81	species	
PX214619.1	Glomus tetrastratosum | SASK26_2406A	Glomus tetrastratosum	main		named, species elsewhere	known species	Glomus tetrastratosum	K1		Glomus tetrastratosum | 5094_2349C	0.07	0.0	VTX00199	99.81	species	
PX214620.1	Glomus tetrastratosum | 5105_2444A	Glomus tetrastratosum	main		named, species elsewhere	known species	Glomus tetrastratosum	K1		Glomus tetrastratosum | 5094_2349C	0.41	1.99	VTX00199	99.61	species	
PX214621.1	Glomus tetrastratosum | CW0020_4019A	Glomus tetrastratosum	main		named, species elsewhere	known species	Glomus tetrastratosum	K1		Glomus tetrastratosum | 5094_2349C	0.07	1.11	VTX00199	100.0	species	
PX214622.1	Glomus tetrastratosum | 5105_2444A	Glomus tetrastratosum	main		named, species elsewhere	known species	Glomus tetrastratosum	K1		Glomus tetrastratosum | 5094_2349C	0.0	0.0	VTX00199	99.61	species	
PX214623.1	Glomus tetrastratosum | 5105_2444A	Glomus tetrastratosum	main		named, species elsewhere	known species	Glomus tetrastratosum	K1		Glomus tetrastratosum | 5094_2349C	0.0	0.89	VTX00199	99.61	species	
PX214624.1	Glomus tetrastratosum | 5105_2444A	Glomus tetrastratosum	main		named, species elsewhere	known species	Glomus tetrastratosum	K1		Glomus tetrastratosum | 5094_2349C	0.07	1.33	VTX00199	99.81	species	
PX214625.1	Glomus tetrastratosum | 5105_2444A	Glomus tetrastratosum	main		named, species elsewhere	known species	Glomus tetrastratosum	K1		Glomus tetrastratosum | 5094_2349C	0.07	3.34	VTX00199	99.42	species	
PX214626.1	Glomus tetrastratosum | 4433_785B	Glomus tetrastratosum	main		named, species elsewhere	known species	Glomus tetrastratosum	K1		Glomus tetrastratosum | 5094_2349C	0.0	0.0	VTX00199	99.81	species	
PX214627.1	Glomus tetrastratosum | 4433_785B	Glomus tetrastratosum	main		named, species elsewhere	known species	Glomus tetrastratosum	K1		Glomus tetrastratosum | 5094_2349C	0.14	0.0	VTX00199	99.81	species	
PX214628.1	Glomus tetrastratosum | 4433_785B	Glomus tetrastratosum	main		named, species elsewhere	known species	Glomus tetrastratosum	K1		Glomus tetrastratosum | 5094_2349C	0.0	0.0	VTX00199	99.81	species	
PX214629.1	Glomus chinense | 4650_4654_2007C	Glomus chinense	main		named, species elsewhere	known species group	Glomus chinense;Glomus rugosae	K1		Glomus chinense | 4419_1047A	0.0	0.0	VTX00199	99.23	species group	
PX214630.1	Glomus chinense | 4419_1047A	Glomus chinense	main		named, species elsewhere	known species group	Glomus chinense;Glomus rugosae	K1		Glomus chinense | 4650_4654_2007C	0.0	0.0	VTX00199	99.23	species group	
PX214631.1	Glomus chinense | 4419_1047A	Glomus chinense	main		named, species elsewhere	known species group	Glomus chinense;Glomus rugosae	K1		Glomus chinense | 4650_4654_2007C	0.0	0.0	VTX00199	99.23	species group	
PX214632.1	Glomus chinense | 4419_1047A	Glomus chinense	main		named, species elsewhere	known species group	Glomus chinense;Glomus rugosae	K1		Glomus chinense | 4650_4654_2007C	0.0	0.0	VTX00199	99.23	species group	
PX214633.1	Glomus chinense | 4419_1047A	Glomus chinense	main		named, species elsewhere	known species group	Glomus chinense;Glomus rugosae	K1		Glomus chinense | 4650_4654_2007C	0.0	0.21	VTX00199	99.23	species group	
PX214634.1	Glomus chinense | 4419_1047A	Glomus chinense	main		named, species elsewhere	known species group	Glomus chinense;Glomus rugosae	K1		Glomus chinense | 4650_4654_2007C	0.14	0.0	VTX00199	99.23	species group	
PX214635.1	Glomus chinense | 4419_1047A	Glomus chinense	main		named, species elsewhere	known species group	Glomus chinense;Glomus rugosae	K1		Glomus chinense | 4650_4654_2007C	0.14	0.0	VTX00199	99.04	species group	
PX214636.1	Glomus chinense | 4650_4654_2007C	Glomus chinense	main		named, species elsewhere	known species group	Glomus chinense;Glomus rugosae	K1		Glomus chinense | 4419_1047A	0.0	0.43	VTX00199	99.23	species group	
PX214637.1	Glomus chinense | 4650_4654_2007C	Glomus chinense	main		named, species elsewhere	known species group	Glomus chinense;Glomus rugosae	K1		Glomus chinense | 4419_1047A	0.0	4.09	VTX00199	99.23	species group	
PX214638.1	Glomus chinense | 4650_4654_2007C	Glomus chinense	main		named, species elsewhere	known species group	Glomus chinense;Glomus rugosae	K1		Glomus chinense | 4419_1047A	0.0	3.23	VTX00199	99.23	species group	
PX214639.1	Glomus chinense | 4650_4654_2007C	Glomus chinense	main		named, species elsewhere	known species group	Glomus chinense;Glomus rugosae	K1		Glomus chinense | 4419_1047A	0.0	0.0	VTX00199	99.23	species group	
PX214640.1	Glomus chinense | 4419_1047A	Glomus chinense	main		named, species elsewhere	known species group	Glomus chinense;Glomus rugosae	K1		Glomus chinense | 4650_4654_2007C	0.0	0.43	VTX00199	99.23	species group	
PX214641.1	Glomus chinense | 4419_1047A	Glomus chinense	main		named, species elsewhere	known species group	Glomus chinense;Glomus rugosae	K1		Glomus chinense | 4650_4654_2007C	0.0	0.43	VTX00199	99.23	species group	
PX214642.1	Glomus chinense | 4419_1047A	Glomus chinense	main		named, species elsewhere	known species group	Glomus chinense;Glomus rugosae	K1		Glomus chinense | 4650_4654_2007C	0.0	0.43	VTX00199	99.23	species group	
PX214643.1	Glomus chinense | 4650_4654_2007C	Glomus chinense	main		named, species elsewhere	known species group	Glomus chinense;Glomus rugosae	K1		Glomus chinense | 4419_1047A	0.0	3.46	VTX00199	99.23	species group	
PX214644.1	Glomus chinense | 4419_1047A	Glomus chinense	main		named, species elsewhere	known species group	Glomus chinense;Glomus rugosae	K1		Glomus chinense | 4650_4654_2007C	0.0	3.46	VTX00199	99.23	species group	
PX214645.1	Glomus chinense | 4650_4654_2007C	Glomus chinense	main		named, species elsewhere	known species group	Glomus chinense;Glomus rugosae	K1		Glomus chinense | 4419_1047A	0.0	7.45	VTX00199	99.23	species group	
PX214646.1	Glomus chinense | 4419_1047A	Glomus chinense	main		named, species elsewhere	known species group	Glomus chinense;Glomus rugosae	K1		Glomus chinense | 4650_4654_2007C	0.0	7.22	VTX00199	99.23	species group	
PX214647.1	Glomus chinense | 4419_1047A	Glomus chinense	main		named, species elsewhere	known species group	Glomus chinense;Glomus rugosae	K1		Glomus chinense | 4650_4654_2007C	0.0	7.22	VTX00199	99.23	species group	
PX214648.1	Glomus chinense | 4411_1096D	Glomus chinense	main		named, species elsewhere	known species group	Glomus chinense;Glomus rugosae	K1		Glomus chinense | 4650_4654_2007C	0.0	5.11	VTX00199	99.23	species group	
PX214649.1	Glomus chinense | 4411_1096D	Glomus chinense	main		named, species elsewhere	known species group	Glomus chinense;Glomus rugosae	K1		Glomus chinense | 4650_4654_2007C	0.0	4.89	VTX00199	99.23	species group	
PX214650.1	Glomus chinense | 4411_1096D	Glomus chinense	main		named, species elsewhere	known species group	Glomus chinense;Glomus rugosae	K1		Glomus chinense | 4650_4654_2007C	0.14	4.89	VTX00199	99.61	species group	
PX214651.1	Glomus chinense | 4411_1096D	Glomus chinense	main		named, species elsewhere	known species group	Glomus chinense;Glomus rugosae	K1		Glomus chinense | 4650_4654_2007C	0.07	4.65	VTX00199	99.23	species group	
PX214652.1	Glomus chinense | 4036_906B	Glomus chinense	main		named, species elsewhere	known species	Glomus chinense	K1		Glomus chinense | 4411_1096D	0.14	3.11	VTX00199	99.23	species	
PX214653.1	Glomus chinense | 4036_906B	Glomus chinense	main		named, species elsewhere	known species	Glomus chinense	K1		Glomus chinense | 4411_1096D	0.14	8.67	VTX00199	99.23	species	
PX214654.1	Glomus chinense | 4036_906B	Glomus chinense	main		named, species elsewhere	known species	Glomus chinense	K1		Glomus chinense | 4411_1096D	0.34	8.67	VTX00199	98.85	species	
PX214655.1	Glomus chinense | 4036_906B	Glomus chinense	main		named, species elsewhere	known species group	Glomus chinense;Glomus rugosae	K1		Glomus chinense | 4411_1096D	0.14	8.67	VTX00199	99.23	species group	
PX214656.1	Glomus chinense | 4036_906B	Glomus chinense	main		named, species elsewhere	known species group	Glomus chinense;Glomus rugosae	K1		Glomus chinense | 4411_1096D	0.14	6.89	VTX00199	99.23	species group	
PX214657.1	Glomus chinense | 4036_906B	Glomus chinense	main		named, species elsewhere	known species group	Glomus chinense;Glomus rugosae	K1		Glomus chinense | 4411_1096D	0.14	6.89	VTX00199	99.23	species group	
PX214658.1	Glomus chinense | 4036_906B	Glomus chinense	main		named, species elsewhere	known species	Glomus chinense	K1		Glomus chinense | 4411_1096D	0.14	8.44	VTX00199	99.23	species	
PX214659.1	Glomus chinense | 4411_1096D	Glomus chinense	main		named, species elsewhere	known species group	Glomus chinense;Glomus rugosae	K1		Glomus rugosae | 4417_1160C	0.75	10.54	VTX00199	98.85	species group	
PX214660.1	Glomus chinense | 4036_906B	Glomus chinense	main		named, species elsewhere	known species group	Glomus chinense;Glomus rugosae	K1		Glomus chinense | 4411_1096D	0.14	6.22	VTX00199	99.23	species group	
PX214661.1	Glomus chinense | 4036_906B	Glomus chinense	main		named, species elsewhere	known species	Glomus chinense	K1		Glomus chinense | 4411_1096D	0.14	6.67	VTX00199	99.23	species	
PX214662.1	Glomus chinense | 4419_1047A	Glomus chinense	main		named, species elsewhere	known species group	Glomus chinense;Glomus rugosae	K1		Glomus chinense | 4650_4654_2007C	0.0	9.46	VTX00199	99.23	species group	
PX214663.1	Glomus chinense | 4411_1096D	Glomus chinense	main		named, species elsewhere	known species	Glomus chinense	K1		Glomus rugosae | 4417_1160C	1.22	12.11	VTX00199	99.04	species	
PX214664.1	Glomus macrocarpum | W6285_2347C	Glomus macrocarpum	main		named, species held out	known species group	Glomus chinense;Glomus rugosae	K1		Glomus rugosae | 2101_IVT46	0.14	5.05	VTX00199	100.0	species group	
PX214665.1	Glomus macrocarpum | W6285_2347C	Glomus macrocarpum	main		named, species held out	novel species, genus known	Glomus	N2 LSU unmatched		Glomus rugosae | 2101_IVT46	0.07	2.69	VTX00199	99.81	species	LSU
PX214666.1	Glomus macrocarpum | W6285_2347C	Glomus macrocarpum	main		named, species held out	known species	Glomus rugosae	K1		Glomus rugosae | 2101_IVT46	0.07	1.61	VTX00199	99.81	species	
PX214667.1	Glomus macrocarpum | W6285_2347C	Glomus macrocarpum	main		named, species held out	novel species, genus known	Glomus	N2 LSU unmatched		Glomus rugosae | 4417_1160C	0.07	5.01	VTX00199	99.81	species	LSU
PX214668.1	Glomus macrocarpum | W6285_2347C	Glomus macrocarpum	main		named, species held out	novel species, genus known	Glomus	N2 LSU unmatched		Glomus rugosae | 4417_1160C	0.07	5.01	VTX00199	99.81	species	LSU
PX214669.1	Glomus macrocarpum | W6285_2347C	Glomus macrocarpum	main		named, species held out	novel species, genus known	Glomus	N2 LSU unmatched		Glomus rugosae | 2101_IVT46	0.14	2.25	VTX00199	99.81	species	LSU
PX214670.1	Glomus macrocarpum | W6285_2347C	Glomus macrocarpum	main		named, species held out	known species	Glomus rugosae	K1		Glomus rugosae | 2101_IVT46	0.2	5.44	VTX00199	100.0	species	
PX214671.1	Glomus rugosae | 2101_IVT46	Glomus rugosae	main		named, species elsewhere	known species group	Glomus chinense;Glomus rugosae	K1		Glomus rugosae | 4420_683B	0.07	0.68	VTX00199	99.81	species group	
PX214672.1	Glomus rugosae | 2101_IVT46	Glomus rugosae	main		named, species elsewhere	known species group	Glomus chinense;Glomus rugosae	K1		Glomus rugosae | 4420_683B	0.07	0.68	VTX00199	99.81	species group	
PX214673.1	Glomus rugosae | 4420_683B	Glomus rugosae	main		named, species elsewhere	known species group	Glomus chinense;Glomus rugosae	K1		Glomus rugosae | 2101_IVT46	0.0	7.03	VTX00199	99.61	species group	
PX214674.1	Glomus rugosae | 4420_683B	Glomus rugosae	main		named, species elsewhere	known species group	Glomus chinense;Glomus rugosae	K1		Glomus rugosae | 2101_IVT46	0.14	0.68	VTX00199	99.42	species group	
PX214675.1	Glomus rugosae | 2101_IVT46	Glomus rugosae	main		named, species elsewhere	known species group	Glomus chinense;Glomus rugosae	K1		Glomus rugosae | 4420_683B	0.0	7.03	VTX00199	99.61	species group	
PX214676.1	Glomus rugosae | 2101_IVT46	Glomus rugosae	main		named, species elsewhere	known species group	Glomus chinense;Glomus rugosae	K1		Glomus rugosae | 4420_683B	0.0	7.03	VTX00199	99.61	species group	
PX214677.1	Glomus rugosae | 2101_IVT46	Glomus rugosae	main		named, species elsewhere	known species group	Glomus chinense;Glomus rugosae	K1		Glomus rugosae | 4420_683B	0.07	5.16	VTX00199	99.42	species group	
PX214678.1	Glomus rugosae | 4420_683B	Glomus rugosae	main		named, species elsewhere	known species	Glomus rugosae	K1		Glomus rugosae | 4431_805C	0.0	0.0	VTX00199	99.61	species	
PX214679.1	Glomus rugosae | 4431_805C	Glomus rugosae	main		named, species elsewhere	known species	Glomus rugosae	K1		Glomus rugosae | 4420_683B	0.0	0.0	VTX00199	99.61	species	
PX214680.1	Glomus rugosae | 2101_IVT46	Glomus rugosae	main		named, species elsewhere	known species	Glomus rugosae	K1		Glomus rugosae | 4384_IVT98	0.0	4.04	VTX00199	99.81	species	
PX214681.1	Glomus rugosae | 2101_IVT46	Glomus rugosae	main		named, species elsewhere	known species group	Glomus chinense;Glomus rugosae	K1		Glomus rugosae | 4384_IVT98	0.0	4.93	VTX00199	99.81	species group	
PX214682.1	Glomus rugosae | 2101_IVT46	Glomus rugosae	main		named, species elsewhere	known species group	Glomus chinense;Glomus rugosae	K1		Glomus rugosae | 4384_IVT98	0.0	5.16	VTX00199	99.81	species group	
PX214683.1	Glomus rugosae | 2101_IVT46	Glomus rugosae	main		named, species elsewhere	known species group	Glomus chinense;Glomus rugosae	K1		Glomus rugosae | 4384_IVT98	0.0	6.5	VTX00199	99.81	species group	
PX214684.1	Glomus rugosae | 4417_1160C	Glomus rugosae	main		named, species elsewhere	known species group	Glomus chinense;Glomus rugosae	K1		Glomus rugosae | 4384_IVT98	0.0	0.0	VTX00199	99.61	species group	
PX214685.1	Glomus rugosae | 4384_IVT98	Glomus rugosae	main		named, species elsewhere	known species group	Glomus chinense;Glomus rugosae	K1		Glomus rugosae | 4417_1160C	0.0	0.0	VTX00199	99.61	species group	
PX214686.1	Glomus rugosae | 4431_805C	Glomus rugosae	main		named, species elsewhere	known species group	Glomus chinense;Glomus rugosae	K1		Glomus rugosae | 4417_1160C	0.0	0.0	VTX00199	99.61	species group	
PX214687.1	Glomus rugosae | 4415_1174B	Glomus rugosae	main		named, species elsewhere	known species group	Glomus chinense;Glomus rugosae	K1		Glomus rugosae | 4417_1160C	0.0	0.0	VTX00199	99.61	species group	
PX214688.1	Glomus rugosae | 4431_805C	Glomus rugosae	main		named, species elsewhere	known species group	Glomus chinense;Glomus rugosae	K1		Glomus rugosae | 4417_1160C	0.0	0.0	VTX00199	99.61	species group	
PX214689.1	Glomus rugosae | 4431_805C	Glomus rugosae	main		named, species elsewhere	known species group	Glomus chinense;Glomus rugosae	K1		Glomus rugosae | 4417_1160C	0.0	0.0	VTX00199	99.61	species group	
PX214690.1	Glomus rugosae | 4431_805C	Glomus rugosae	main		named, species elsewhere	known species group	Glomus chinense;Glomus rugosae	K1		Glomus rugosae | 4417_1160C	0.0	0.0	VTX00199	99.61	species group	
PX214691.1	Glomus rugosae | 4431_805C	Glomus rugosae	main		named, species elsewhere	known species group	Glomus chinense;Glomus rugosae	K1		Glomus rugosae | 4417_1160C	0.0	0.0	VTX00199	99.61	species group	
PX214692.1	Glomus rugosae | 4417_1160C	Glomus rugosae	main		named, species elsewhere	known species group	Glomus chinense;Glomus rugosae	K1		Glomus rugosae | 4384_IVT98	0.0	0.0	VTX00199	99.61	species group	
PX214693.1	Glomus rugosae | 4415_1174B	Glomus rugosae	main		named, species elsewhere	known species group	Glomus chinense;Glomus rugosae	K1		Glomus rugosae | 4417_1160C	0.0	0.22	VTX00199	99.61	species group	
PX214694.1	Glomus rugosae | 4417_1160C	Glomus rugosae	main		named, species elsewhere	known species group	Glomus chinense;Glomus rugosae	K1		Glomus rugosae | 4384_IVT98	0.0	0.0	VTX00199	99.81	species group	
PX214695.1	Glomus rugosae | 4384_IVT98	Glomus rugosae	main		named, species elsewhere	known species group	Glomus chinense;Glomus rugosae	K1		Glomus rugosae | 4417_1160C	0.0	0.0	VTX00199	99.81	species group	
PX214696.1	Glomus rugosae | 4431_805C	Glomus rugosae	main		named, species elsewhere	known species group	Glomus chinense;Glomus rugosae	K1		Glomus rugosae | 4417_1160C	0.0	0.22	VTX00199	99.81	species group	
PX214697.1	Glomus rugosae | 4415_1174B	Glomus rugosae	main		named, species elsewhere	known species group	Glomus chinense;Glomus rugosae	K1		Glomus rugosae | 4417_1160C	0.0	0.22	VTX00199	99.81	species group	
PX214698.1	Glomus rugosae | 4417_1160C	Glomus rugosae	main		named, species elsewhere	known species group	Glomus chinense;Glomus rugosae	K1		Glomus rugosae | 4384_IVT98	0.14	0.0	VTX00199	99.23	species group	
PX214699.1	Glomus rugosae | 4417_1160C	Glomus rugosae	main		named, species elsewhere	known species group	Glomus chinense;Glomus rugosae	K1		Glomus rugosae | 4431_805C	0.0	0.0	VTX00199	99.42	species group	
PX214700.1	Glomus rugosae | 4431_805C	Glomus rugosae	main		named, species elsewhere	known species group	Glomus chinense;Glomus rugosae	K1		Glomus rugosae | 4417_1160C	0.0	0.0	VTX00199	99.42	species group	
PX214701.1	Glomus rugosae | 4431_805C	Glomus rugosae	main		named, species elsewhere	known species group	Glomus chinense;Glomus rugosae	K1		Glomus rugosae | 4417_1160C	0.0	0.45	VTX00199	99.81	species group	
PX214702.1	Glomus rugosae | 4384_IVT98	Glomus rugosae	main		named, species elsewhere	known species group	Glomus chinense;Glomus rugosae	K1		Glomus rugosae | 4417_1160C	0.0	0.0	VTX00199	99.61	species group	
PX214703.1	Glomus rugosae | 4417_1160C	Glomus rugosae	main		named, species elsewhere	known species group	Glomus chinense;Glomus rugosae	K1		Glomus rugosae | 4384_IVT98	0.0	0.45	VTX00199	99.81	species group	
PX214704.1	Glomus rugosae | 4384_IVT98	Glomus rugosae	main		named, species elsewhere	known species group	Glomus chinense;Glomus rugosae	K1		Glomus rugosae | 4417_1160C	0.0	0.45	VTX00199	99.81	species group	
PX214705.1	Glomus rugosae | 4431_805C	Glomus rugosae	main		named, species elsewhere	known species group	Glomus chinense;Glomus rugosae	K1		Glomus rugosae | 4417_1160C	0.0	0.45	VTX00199	99.81	species group	
PX214706.1	Glomus rugosae | 4415_1174B	Glomus rugosae	main		named, species elsewhere	known species group	Glomus chinense;Glomus rugosae	K1		Glomus rugosae | 4417_1160C	0.0	0.45	VTX00199	99.81	species group	
PX214707.1	Glomus rugosae | 4417_1160C	Glomus rugosae	main		named, species elsewhere	known species group	Glomus chinense;Glomus rugosae	K1		Glomus rugosae | 4384_IVT98	0.0	0.0	VTX00199	99.81	species group	
PX214708.1	Glomus rugosae | 4384_IVT98	Glomus rugosae	main		named, species elsewhere	known species group	Glomus chinense;Glomus rugosae	K1		Glomus rugosae | 4417_1160C	0.0	0.22	VTX00199	99.61	species group	
PX214709.1	Glomus rugosae | 4417_1160C	Glomus rugosae	main		named, species elsewhere	known species group	Glomus chinense;Glomus rugosae	K1		Glomus rugosae | 4384_IVT98	0.0	0.89	VTX00199	99.61	species group	
PX214710.1	Glomus rugosae | 4417_1160C	Glomus rugosae	main		named, species elsewhere	known species	Glomus rugosae	K1		Glomus rugosae | 4384_IVT98	0.0	0.89	VTX00199	99.42	species	
PX214711.1	Glomus rugosae | 4431_805C	Glomus rugosae	main		named, species elsewhere	known species	Glomus rugosae	K1		Glomus rugosae | 4417_1160C	0.07	0.0	VTX00199	99.42	species	
PX214712.1	Glomus rugosae | 4384_IVT98	Glomus rugosae	main		named, species elsewhere	known species	Glomus rugosae	K1		Glomus rugosae | 4417_1160C	0.0	0.89	VTX00199	99.42	species	
PX214713.1	Glomus rugosae | 4384_IVT98	Glomus rugosae	main		named, species elsewhere	known species	Glomus rugosae	K1		Glomus rugosae | 2101_IVT46	0.0	4.04	VTX00199	99.81	species	
PX214714.1	Glomus rugosae | 4431_805C	Glomus rugosae	main		named, species elsewhere	known species group	Glomus chinense;Glomus rugosae	K1		Glomus rugosae | 2101_IVT46	0.0	4.04	VTX00199	99.81	species group	
PX214715.1	Glomus rugosae | 4420_683B	Glomus rugosae	main		named, species elsewhere	known species group	Glomus chinense;Glomus rugosae	K1		Glomus rugosae | 2101_IVT46	0.0	3.81	VTX00199	99.81	species group	
PX214716.1	Glomus rugosae | 4420_683B	Glomus rugosae	main		named, species elsewhere	known species group	Glomus chinense;Glomus rugosae	K1		Glomus rugosae | 2101_IVT46	0.0	3.81	VTX00199	99.81	species group	
PX214717.1	Glomus rugosae | 4431_805C	Glomus rugosae	main		named, species elsewhere	known species group	Glomus chinense;Glomus rugosae	K1		Glomus rugosae | 2101_IVT46	0.0	3.81	VTX00199	99.81	species group	
PX214718.1	Glomus rugosae | 4420_683B	Glomus rugosae	main		named, species elsewhere	known species	Glomus rugosae	K1		Glomus rugosae | 2101_IVT46	0.0	6.28	VTX00199	99.81	species	
PX214719.1	Glomus rugosae | 4420_683B	Glomus rugosae	main		named, species elsewhere	known species	Glomus rugosae	K1		Glomus rugosae | 2101_IVT46	0.0	6.28	VTX00199	99.81	species	
PX214720.1	Glomus rugosae | 4431_805C	Glomus rugosae	main		named, species elsewhere	known species	Glomus rugosae	K1		Glomus rugosae | 2101_IVT46	0.0	6.28	VTX00199	99.81	species	
PX214721.1	Glomus rugosae | 4420_683B	Glomus rugosae	main		named, species elsewhere	known species group	Glomus chinense;Glomus rugosae	K1		Glomus rugosae | 2101_IVT46	0.0	6.28	VTX00199	99.81	species group	
PX214722.1	Glomus rugosae | 4420_683B	Glomus rugosae	main		named, species elsewhere	known species	Glomus rugosae	K1		Glomus rugosae | 2101_IVT46	0.0	5.83	VTX00199	99.81	species	
PX214723.1	Glomus rugosae | 4420_683B	Glomus rugosae	main		named, species elsewhere	known species	Glomus rugosae	K1		Glomus rugosae | 2101_IVT46	0.0	5.83	VTX00199	99.81	species	
PX214724.1	Glomus rugosae | 4431_805C	Glomus rugosae	main		named, species elsewhere	known species	Glomus rugosae	K1		Glomus rugosae | 2101_IVT46	0.0	5.83	VTX00199	99.81	species	
PX214725.1	Glomus rugosae | 4431_805C	Glomus rugosae	main		named, species elsewhere	known species	Glomus rugosae	K1		Glomus rugosae | 2101_IVT46	0.0	5.83	VTX00199	99.81	species	
PX214726.1	Glomus rugosae | 4420_683B	Glomus rugosae	main		named, species elsewhere	known species group	Glomus chinense;Glomus rugosae	K1		Glomus rugosae | 2101_IVT46	0.0	6.05	VTX00199	99.81	species group	
PX214727.1	Glomus rugosae | 2101_IVT46	Glomus rugosae	main		named, species elsewhere	known species	Glomus rugosae	K1		Glomus rugosae | 4384_IVT98	0.0	3.59	VTX00199	99.81	species	
PX214728.1	Glomus rugosae | 2101_IVT46	Glomus rugosae	main		named, species elsewhere	known species	Glomus rugosae	K1		Glomus rugosae | 4384_IVT98	0.0	3.59	VTX00199	99.81	species	
PX214729.1	Glomus rugosae | 4384_IVT98	Glomus rugosae	main		named, species elsewhere	known species group	Glomus chinense;Glomus rugosae	K1		Glomus rugosae | 4417_1160C	0.0	0.22	VTX00199	99.61	species group	
PX214730.1	Glomus rugosae | 4384_IVT98	Glomus rugosae	main		named, species elsewhere	known species	Glomus rugosae	K1		Glomus rugosae | 4417_1160C	0.07	1.8	VTX00199	99.81	species	
PX214731.1	Glomus rugosae | 2101_IVT46	Glomus rugosae	main		named, species elsewhere	known species	Glomus rugosae	K1		Glomus rugosae | 4384_IVT98	0.0	4.71	VTX00199	99.81	species	
PX214732.1	Glomus rugosae | 2101_IVT46	Glomus rugosae	main		named, species elsewhere	known species	Glomus rugosae	K1		Glomus rugosae | 4384_IVT98	0.0	4.71	VTX00199	99.81	species	
PX214733.1	Glomus rugosae | 2101_IVT46	Glomus rugosae	main		named, species elsewhere	known species	Glomus rugosae	K1		Glomus rugosae | 4420_683B	0.0	8.07	VTX00199	99.61	species	
PX214734.1	Glomus rugosae | 4420_683B	Glomus rugosae	main		named, species elsewhere	known species	Glomus rugosae	K1		Glomus rugosae | 2101_IVT46	0.0	6.73	VTX00199	99.81	species	
PX214735.1	Glomus rugosae | 5103_2445A	Glomus rugosae	main		named, species elsewhere	known species group	Glomus chinense;Glomus rugosae	K1		Glomus rugosae | 2101_IVT46	0.0	7.17	VTX00199	99.81	species group	
PX214736.1	Glomus rugosae | 5096_2452A	Glomus rugosae	main		named, species elsewhere	known species group	Glomus chinense;Glomus rugosae	K1		Glomus rugosae | 2101_IVT46	0.0	7.17	VTX00199	99.81	species group	
PX214737.1	Glomus rugosae | 5103_2445A	Glomus rugosae	main		named, species elsewhere	known species group	Glomus chinense;Glomus rugosae	K1		Glomus rugosae | 5096_2452A	0.0	0.0	VTX00199	99.81	species group	
PX214738.1	Glomus rugosae | 5096_2452A	Glomus rugosae	main		named, species elsewhere	known species group	Glomus chinense;Glomus rugosae	K1		Glomus rugosae | 5103_2445A	0.0	0.0	VTX00199	99.81	species group	
PX214739.1	Glomus rugosae | 5103_2445A	Glomus rugosae	main		named, species elsewhere	known species group	Glomus chinense;Glomus rugosae	K1		Glomus rugosae | 5096_2452A	0.0	0.0	VTX00199	99.81	species group	
PX214740.1	Glomus rugosae | 5096_2452A	Glomus rugosae	main		named, species elsewhere	known species group	Glomus chinense;Glomus rugosae	K1		Glomus rugosae | 5103_2445A	0.0	0.0	VTX00199	99.81	species group	
PX214741.1	Glomus rugosae | 5096_2452A	Glomus rugosae	main		named, species elsewhere	known species group	Glomus chinense;Glomus rugosae	K1		Glomus rugosae | 5103_2445A	0.0	0.0	VTX00199	99.81	species group	
PX214742.1	Glomus rugosae | 5103_2445A	Glomus rugosae	main		named, species elsewhere	known species group	Glomus chinense;Glomus rugosae	K1		Glomus rugosae | 5096_2452A	0.0	0.0	VTX00199	99.81	species group	
PX214743.1	Glomus rugosae | 2101_IVT46	Glomus rugosae	main		named, species elsewhere	known species group	Glomus chinense;Glomus rugosae	K1		Glomus macrocarpum | W6285_2347C	0.14	9.17	VTX00199	99.61	species group	
PX214744.1	Glomus rugosae | 2101_IVT46	Glomus rugosae	main		named, species elsewhere	known species group	Glomus chinense;Glomus rugosae	K1		Glomus macrocarpum | W6285_2347C	0.14	9.17	VTX00199	99.61	species group	
PX214745.1	Glomus rugosae | 4487_957C	Glomus rugosae	main		named, species elsewhere	known species group	Glomus chinense;Glomus rugosae	K1		Glomus rugosae | 2101_IVT46	0.07	12.9	VTX00199	99.42	species group	
PX214746.1	Dominikia duoreactiva | 4412	Dominikia duoreactiva	main		named, species elsewhere	known species	Dominikia duoreactiva	K1		Dominikia duoreactiva | 4392_1156C	0.07	0.0	VTX00153	99.81	species	
PX214747.1	Dominikia duoreactiva | 4392_1156C	Dominikia duoreactiva	main		named, species elsewhere	known species	Dominikia duoreactiva	K1		Dominikia duoreactiva | 4412	0.0	6.22	VTX00153	99.81	species	
PX214748.1	Dominikia duoreactiva | 4412	Dominikia duoreactiva	main		named, species elsewhere	known species	Dominikia duoreactiva	K1		Dominikia duoreactiva | 4392_1156C	0.2	0.0	VTX00153	99.42	species	
PX214749.1	Dominikia duoreactiva | 4392_1156C	Dominikia duoreactiva	main		named, species elsewhere	known species	Dominikia duoreactiva	K1		Dominikia duoreactiva | 4412	0.27	6.22	VTX00153	99.21	species	
PX214750.1	Dominikia duoreactiva | 4412	Dominikia duoreactiva	main		named, species elsewhere	known species	Dominikia duoreactiva	K1		Dominikia duoreactiva | 4392_1156C	0.0	6.22	VTX00153	99.81	species	
PX214751.1	Dominikia duoreactiva | 4392_1156C	Dominikia duoreactiva	main		named, species elsewhere	known species	Dominikia duoreactiva	K1		Dominikia duoreactiva | 4412	0.48	5.76	VTX00153	99.21	species	
PX214752.1	Dominikia duoreactiva | 4412	Dominikia duoreactiva	main		named, species elsewhere	known species	Dominikia duoreactiva	K1		Dominikia duoreactiva | 4392_1156C	0.0	0.0	VTX00153	99.42	species	
PX214753.1	Dominikia duoreactiva | 4392_1156C	Dominikia duoreactiva	main		named, species elsewhere	known species	Dominikia duoreactiva	K1		Dominikia duoreactiva | 4412	0.0	0.0	VTX00153	99.42	species	
PX214754.1	Dominikia duoreactiva | 4412	Dominikia duoreactiva	main		named, species elsewhere	known species	Dominikia duoreactiva	K1		Dominikia duoreactiva | 4392_1156C	0.14	0.0	VTX00153	99.81	species	
PX214755.1	Dominikia bonfanteae | 4351_1077A	Dominikia bonfanteae	main		named, species elsewhere	known species	Dominikia bonfanteae	K1		Dominikia bonfanteae | C10660_2264B	0.61	5.63	VTX00143	99.81	species	SH
PX214756.1	Dominikia bonfanteae | 4351_1077A	Dominikia bonfanteae	main		named, species elsewhere	known species	Dominikia bonfanteae	K1		Dominikia bonfanteae | C10660_2264B	0.68	5.35	VTX00143	99.81	species	SH
PX214757.1	Dominikia bonfanteae | 4351_1077A	Dominikia bonfanteae	main		named, species elsewhere	known species	Dominikia bonfanteae	K1		Dominikia bonfanteae | C10660_2264B	0.68	4.68	VTX00143	99.81	species	SH
PX214758.1	Dominikia bonfanteae | C10660_2264B	Dominikia bonfanteae	main		named, species elsewhere	known species	Dominikia bonfanteae	K1		Dominikia bonfanteae | 4351_1077A	0.68	5.35	VTX00143	99.33	species	SH
PX214759.1	Dominikia bonfanteae | C10660_2264B	Dominikia bonfanteae	main		named, species elsewhere	known species	Dominikia bonfanteae	K1		Dominikia bonfanteae | 4351_1077A	0.75	6.64	VTX00143	99.56	species	SH
PX214760.1	Dominikia bonfanteae | C10660_2264B	Dominikia bonfanteae	main		named, species elsewhere	known species	Dominikia bonfanteae	K1		Dominikia bonfanteae | 4351_1077A	0.61	5.63	VTX00143	99.56	species	SH
PX214761.1	Microdominikia litorea | 3647_963E	Microdominikia litorea	main		named, species elsewhere	known species	Microdominikia litorea	K1		Microdominikia litorea | 5274	0.82	3.17	VTX00222	99.81	species	
PX214762.1	Microdominikia litorea | 3647_963E	Microdominikia litorea	main		named, species elsewhere	known species	Microdominikia litorea	K1		Microdominikia litorea | 5274	0.27	3.64	VTX00125	99.61	species	
PX214763.1	Microdominikia litorea | 3647_963E	Microdominikia litorea	main		named, species elsewhere	known species	Microdominikia litorea	K1		Microdominikia litorea | 5274	0.48	5.02	VTX00222	99.41	species	SH
PX214764.1	Microdominikia litorea | 3647_963E	Microdominikia litorea	main		named, species elsewhere	known species	Microdominikia litorea	K1		Microdominikia litorea | 5274	0.48	5.02	VTX00222	99.8	species	SH
PX214765.1	Microdominikia litorea | 3647_963E	Microdominikia litorea	main		named, species elsewhere	known species	Microdominikia litorea	K1		Microdominikia litorea | 5274	0.48	5.71	VTX00222	99.8	species	
PX214766.1	Microdominikia litorea | 3647_963E	Microdominikia litorea	main		named, species elsewhere	known species	Microdominikia litorea	K1		Microdominikia litorea | 5274	0.54	5.02	VTX00222	99.41	species	SH
PX214767.1	Microdominikia litorea | 3647_963E	Microdominikia litorea	main		named, species elsewhere	known species	Microdominikia litorea	K1		Microdominikia litorea | 5274	0.54	5.71	VTX00222	99.41	species	
PX214768.1	Microdominikia litorea | 5274	Microdominikia litorea	main		named, species elsewhere	known species	Microdominikia litorea	K1		Microdominikia litorea | 3647_963E	0.41	4.3	VTX00125	99.81	species	SH
PX214769.1	Microdominikia litorea | 5274	Microdominikia litorea	main		named, species elsewhere	known species	Microdominikia litorea	K1		Microdominikia litorea | 3647_963E	0.27	3.64	VTX00125	100.0	species	SH
PX214770.1	Microdominikia litorea | 5274	Microdominikia litorea	main		named, species elsewhere	known species	Microdominikia litorea	K1		Microdominikia litorea | 3647_963E	0.27	3.6	VTX00125	100.0	species	SH
PX214771.1	Microdominikia litorea | 5274	Microdominikia litorea	main		named, species elsewhere	known species	Microdominikia litorea	K1		Microdominikia litorea | 3647_963E	0.48	5.02	VTX00222	99.81	species	SH
PX214772.1	Microdominikia litorea | 5274	Microdominikia litorea	main		named, species elsewhere	known species	Microdominikia litorea	K1		Microdominikia litorea | 3647_963E	1.29	13.45	VTX00222	99.03	species	
PX214773.1	Glomus sp. | 4406	Glomus sp.	main		unnamed ('sp.')	novel species, genus known	Glomus	N3 no species shared by the arms		Glomus sp. | 5089_2351A	0.0	0.21	VTX00219	99.81	genus	
PX214774.1	Glomus sp. | 5089_2351A	Glomus sp.	main		unnamed ('sp.')	novel species, genus known	Glomus	N3 no species shared by the arms		Glomus sp. | 4406	0.0	0.21	VTX00219	99.81	genus	
PX214775.1	Glomus sp. | 5089_2351A	Glomus sp.	main		unnamed ('sp.')	divergent class	Glomus	D1 5.8S 151 bp, 8 bp shorter than 4406; placed by VT: Glomus		Glomus sp. | 4406	0.54	13.16	VTX00219	100.0	genus	
PX214776.1	Rhizophagus irregularis | 4569_1185B	Rhizophagus irregularis	main		named, species elsewhere	divergent class	Rhizophagus irregularis;[Rhizoglomus] vesiculiferum	D1 5.8S 152 bp, 4.5 bp shorter than 4375_IVT88A; placed by VT: Rhizophagus irregularis;[Rhizoglomus] vesiculiferum		Rhizophagus irregularis | 4375_IVT88A	0.0	9.15	VTX00114	100.0	species	
PX214777.1	Rhizophagus irregularis | 4375_IVT88A	Rhizophagus irregularis	divergent	short_5.8S	named, species elsewhere	known species	Rhizophagus irregularis	K1		Rhizophagus irregularis | 4569_1185B	0.0	0.0	VTX00114	100.0	species	
PX214778.1	Rhizophagus irregularis | 4341_IVT72A	Rhizophagus irregularis	divergent	short_5.8S	named, species elsewhere	known species	Rhizophagus irregularis	K1		Rhizophagus irregularis | 4569_1185B	0.0	0.0	VTX00114	100.0	species	
PX214779.1	Rhizophagus irregularis | 4348_IVT77A	Rhizophagus irregularis	divergent	short_5.8S	named, species elsewhere	known species	Rhizophagus irregularis	K1		Rhizophagus irregularis | 4569_1185B	0.0	0.0	VTX00114	100.0	species	
PX214780.1	Rhizophagus irregularis | 4674_1184D	Rhizophagus irregularis	divergent	short_5.8S	named, species elsewhere	known species	Rhizophagus irregularis	K1		Rhizophagus irregularis | 4569_1185B	0.0	0.0	VTX00114	100.0	species	
PX214781.1	Rhizophagus irregularis | 4292_708C	Rhizophagus irregularis	divergent	short_5.8S	named, species elsewhere	known species	Rhizophagus irregularis	K1		Rhizophagus irregularis | 4569_1185B	0.0	0.0	VTX00114	100.0	species	
PX214782.1	Rhizophagus irregularis | 4375_IVT88A	Rhizophagus irregularis	divergent	short_5.8S	named, species elsewhere	known species	Rhizophagus irregularis	K1		Rhizophagus irregularis | 4569_1185B	0.0	0.0	VTX00114	100.0	species	
PX214783.1	Rhizophagus irregularis | T3_IVT34A	Rhizophagus irregularis	divergent	short_5.8S	named, species elsewhere	divergent class	Rhizophagus irregularis;Rhizophagus silesianus;[Rhizoglomus] vesiculiferum	D1 5.8S 152 bp, 4 bp shorter than CC4_4A_IVT7A; placed by VT: Rhizophagus irregularis;Rhizophagus silesianus;[Rhizoglomus] vesiculiferum		Rhizophagus irregularis | CC4_4A_IVT7A	0.07	9.74	VTX00113	99.81	species group	SH
PX214784.1	Rhizophagus irregularis | CC4_4A_IVT7A	Rhizophagus irregularis	divergent	short_5.8S	named, species elsewhere	divergent class	Rhizophagus irregularis;Rhizophagus silesianus;[Rhizoglomus] vesiculiferum	D1 5.8S 152 bp, 5 bp shorter than T3_IVT34A; placed by VT: Rhizophagus irregularis;Rhizophagus silesianus;[Rhizoglomus] vesiculiferum		Rhizophagus irregularis | T3_IVT34A	0.07	9.31	VTX00113	99.61	species group	SH
PX214785.1	Rhizophagus irregularis | 4569_1185B	Rhizophagus irregularis	main		named, species elsewhere	known species	Rhizophagus irregularis	K1		Rhizophagus irregularis | 4375_IVT88A	0.0	3.02	VTX00114	100.0	species	
PX214786.1	Rhizophagus irregularis | 4375_IVT88A	Rhizophagus irregularis	main		named, species elsewhere	known species	Rhizophagus irregularis	K1		Rhizophagus irregularis | GC-2_IVT11	0.0	1.51	VTX00114	100.0	species	
PX214787.1	Rhizophagus irregularis | 4375_IVT88A	Rhizophagus irregularis	main		named, species elsewhere	known species	Rhizophagus irregularis	K1		Rhizophagus irregularis | GC-2_IVT11	0.0	1.51	VTX00114	100.0	species	
PX214788.1	Rhizophagus irregularis | 4341_IVT72A	Rhizophagus irregularis	main		named, species elsewhere	known species	Rhizophagus irregularis	K1		Rhizophagus irregularis | GC-2_IVT11	0.0	1.51	VTX00114	100.0	species	
PX214789.1	Rhizophagus irregularis | 4348_IVT77A	Rhizophagus irregularis	main		named, species elsewhere	known species	Rhizophagus irregularis	K1		Rhizophagus irregularis | GC-2_IVT11	0.0	1.51	VTX00114	100.0	species	
PX214790.1	Rhizophagus irregularis | 4674_1184D	Rhizophagus irregularis	main		named, species elsewhere	known species	Rhizophagus irregularis	K1		Rhizophagus irregularis | GC-2_IVT11	0.0	1.51	VTX00114	100.0	species	
PX214791.1	Rhizophagus irregularis | 4292_708C	Rhizophagus irregularis	main		named, species elsewhere	known species	Rhizophagus irregularis	K1		Rhizophagus irregularis | GC-2_IVT11	0.0	1.51	VTX00114	100.0	species	
PX214792.1	Rhizophagus irregularis | 4341_IVT72A	Rhizophagus irregularis	main		named, species elsewhere	known species	Rhizophagus irregularis	K1		Rhizophagus irregularis | GC-2_IVT11	0.0	1.72	VTX00114	100.0	species	
PX214793.1	Rhizophagus irregularis | 4348_IVT77A	Rhizophagus irregularis	main		named, species elsewhere	known species	Rhizophagus irregularis	K1		Rhizophagus irregularis | GC-2_IVT11	0.0	1.72	VTX00114	100.0	species	
PX214794.1	Rhizophagus irregularis | 4674_1184D	Rhizophagus irregularis	main		named, species elsewhere	known species	Rhizophagus irregularis	K1		Rhizophagus irregularis | DAOMC 197198	0.0	0.0	VTX00114	100.0	species	
PX214795.1	Rhizophagus irregularis | 4292_708C	Rhizophagus irregularis	main		named, species elsewhere	known species	Rhizophagus irregularis	K1		Rhizophagus irregularis | DAOMC 197198	0.0	0.0	VTX00114	100.0	species	
PX214796.1	Rhizophagus irregularis | T3_IVT34A	Rhizophagus irregularis	main		named, species elsewhere	known species	Rhizophagus irregularis	K1		Rhizophagus irregularis | CC4_4A_IVT7A	0.07	1.52	VTX00113	99.81	species	
PX214797.1	Rhizophagus irregularis | CC4_4A_IVT7A	Rhizophagus irregularis	main		named, species elsewhere	known species	Rhizophagus irregularis	K1		Rhizophagus irregularis | T3_IVT34A	0.07	1.52	VTX00113	99.81	species	
PX214798.1	Rhizophagus irregularis | CC4_4A_IVT7A	Rhizophagus irregularis	main		named, species elsewhere	known species	Rhizophagus irregularis	K1		Rhizophagus irregularis | T3_IVT34A	0.07	2.6	VTX00113	99.61	species	
PX214799.1	Rhizophagus irregularis | 4375_IVT88A	Rhizophagus irregularis	main		named, species elsewhere	known species	Rhizophagus irregularis	K1		Rhizophagus irregularis | 4569_1185B	0.0	9.15	VTX00114	100.0	species	
PX214800.1	Rhizophagus irregularis | 4375_IVT88A	Rhizophagus irregularis	main		named, species elsewhere	known species	Rhizophagus irregularis	K1		Rhizophagus irregularis | 4569_1185B	0.0	9.15	VTX00114	100.0	species	
PX214801.1	Rhizophagus irregularis | 4375_IVT88A	Rhizophagus irregularis	main		named, species elsewhere	known species	Rhizophagus irregularis	K1		Rhizophagus irregularis | GC-2_IVT11	0.0	4.07	VTX00114	100.0	species	
PX214802.1	Rhizophagus irregularis | 4375_IVT88A	Rhizophagus irregularis	main		named, species elsewhere	known species	Rhizophagus irregularis	K1		Rhizophagus irregularis | GC-2_IVT11	0.0	4.07	VTX00114	100.0	species	
PX214803.1	Rhizophagus irregularis | 4674_1184D	Rhizophagus irregularis	main		named, species elsewhere	known species	Rhizophagus irregularis	K1		Rhizophagus irregularis | GC-2_IVT11	0.0	2.37	VTX00114	100.0	species	
PX214804.1	Rhizophagus irregularis | T3_IVT34A	Rhizophagus irregularis	main		named, species elsewhere	known species	Rhizophagus irregularis	K1		Rhizophagus irregularis | CC4_4A_IVT7A	0.07	3.9	VTX00113	99.81	species	
PX214805.1	Rhizophagus irregularis | CC4_4A_IVT7A	Rhizophagus irregularis	main		named, species elsewhere	known species	Rhizophagus irregularis	K1		Rhizophagus irregularis | T3_IVT34A	0.07	4.76	VTX00113	99.61	species	
PX214806.1	Rhizophagus irregularis | T3_IVT34A	Rhizophagus irregularis	main		named, species elsewhere	divergent class	Rhizophagus irregularis;Rhizophagus silesianus;[Rhizoglomus] vesiculiferum	D2 paralog unit VTX00092 (VT); placed by VT: Rhizophagus irregularis;Rhizophagus silesianus;[Rhizoglomus] vesiculiferum		Rhizophagus irregularis | CC4_4A_IVT7A	0.14	4.11	VTX00113	99.61	species	
PX214807.1	Rhizophagus irregularis | 4375_IVT88A	Rhizophagus irregularis	main		named, species elsewhere	known species	Rhizophagus irregularis	K1		Rhizophagus irregularis | GC-2_IVT11	0.0	0.0	VTX00114	100.0	species	
PX214808.1	Rhizophagus irregularis | 4341_IVT72A	Rhizophagus irregularis	main		named, species elsewhere	known species	Rhizophagus irregularis	K1		Rhizophagus irregularis | GC-2_IVT11	0.0	0.0	VTX00114	100.0	species	
PX214809.1	Rhizophagus irregularis | 4348_IVT77A	Rhizophagus irregularis	main		named, species elsewhere	known species	Rhizophagus irregularis	K1		Rhizophagus irregularis | GC-2_IVT11	0.0	0.0	VTX00114	100.0	species	
PX214810.1	Rhizophagus irregularis | 4375_IVT88A	Rhizophagus irregularis	main		named, species elsewhere	known species	Rhizophagus irregularis	K1		Rhizophagus irregularis | GC-2_IVT11	0.0	0.0	VTX00114	100.0	species	
PX214811.1	Rhizophagus irregularis | 4674_1184D	Rhizophagus irregularis	main		named, species elsewhere	known species	Rhizophagus irregularis	K1		Rhizophagus irregularis | GC-2_IVT11	0.0	0.0	VTX00114	100.0	species	
PX214812.1	Rhizophagus irregularis | 4292_708C	Rhizophagus irregularis	main		named, species elsewhere	known species	Rhizophagus irregularis	K1		Rhizophagus irregularis | GC-2_IVT11	0.0	0.0	VTX00114	100.0	species	
PX214813.1	Rhizophagus irregularis | SD1_IVT29A	Rhizophagus irregularis	main		named, species elsewhere	known species	Rhizophagus irregularis	K1		Rhizophagus irregularis | 4569_1185B	0.2	11.06	VTX00114	99.81	species	SH
PX214814.1	Rhizophagus irregularis | SD1_IVT29A	Rhizophagus irregularis	main		named, species elsewhere	known species	Rhizophagus irregularis	K1		Rhizophagus irregularis | DAOMC 197198	0.27	7.1	VTX00114	99.81	species	SH
PX214815.1	Rhizophagus irregularis | SD1_IVT29A	Rhizophagus irregularis	main		named, species elsewhere	known species	Rhizophagus irregularis	K1		Rhizophagus irregularis | DAOMC 197198	0.27	7.1	VTX00114	99.81	species	SH
PX214816.1	Rhizophagus sp. (in: glomeromycetes) | 212607_IVT70A	Rhizophagus sp. (in: glomeromycetes)	divergent	short_5.8S	unnamed ('sp.')	divergent class	Rhizophagus irregularis;[Rhizoglomus] vesiculiferum	D1 5.8S 152 bp, 5 bp shorter than SD1_IVT29A; D2 paralog unit SH1337340.10FU (SH); placed by VT: Rhizophagus irregularis;[Rhizoglomus] vesiculiferum		Rhizophagus irregularis | SD1_IVT29A	0.14	8.21	VTX00114	99.81	species	SH
PX214817.1	Rhizophagus irregularis | SD1_IVT29A	Rhizophagus irregularis	divergent	short_5.8S	named, species elsewhere	divergent class	Rhizophagus irregularis;[Rhizoglomus] vesiculiferum	D1 5.8S 152 bp, 4 bp shorter than DAOMC 197198; D2 paralog unit SH1337340.10FU (SH); placed by VT: Rhizophagus irregularis;[Rhizoglomus] vesiculiferum		Rhizophagus irregularis | DAOMC 197198	0.2	7.78	VTX00114	99.81	species	SH
PX214818.1	[Rhizoglomus] vesiculiferum | 3029_660C	[Rhizoglomus] vesiculiferum	main		named, species elsewhere	known species	[Rhizoglomus] vesiculiferum	K1		[Rhizoglomus] vesiculiferum | 4374_IVT87A	0.07	2.58	VTX00113	100.0	species	
PX214819.1	[Rhizoglomus] vesiculiferum | 4374_IVT87A	[Rhizoglomus] vesiculiferum	main		named, species elsewhere	known species	[Rhizoglomus] vesiculiferum	K1		[Rhizoglomus] vesiculiferum | 3029_660C	0.07	2.58	VTX00113	100.0	species	SH
PX214820.1	[Rhizoglomus] vesiculiferum | 4374_IVT87A	[Rhizoglomus] vesiculiferum	main		named, species elsewhere	known species	[Rhizoglomus] vesiculiferum	K1		[Rhizoglomus] vesiculiferum | 3029_660C	0.07	2.36	VTX00113	100.0	species	SH
PX214821.1	[Rhizoglomus] vesiculiferum | Gwalkeri_IVT132A	[Rhizoglomus] vesiculiferum	main		named, species elsewhere	known species	[Rhizoglomus] vesiculiferum	K1		[Rhizoglomus] vesiculiferum | 4374_IVT87A	0.61	3.43	VTX00113	99.42	species	SH
PX214822.1	[Rhizoglomus] vesiculiferum | Gwalkeri_IVT132A	[Rhizoglomus] vesiculiferum	main		named, species elsewhere	known species	[Rhizoglomus] vesiculiferum	K1		[Rhizoglomus] vesiculiferum | 4374_IVT87A	0.2	3.43	VTX00113	100.0	species	SH
PX214823.1	[Rhizoglomus] vesiculiferum | Gwalkeri_IVT132A	[Rhizoglomus] vesiculiferum	main		named, species elsewhere	known species	[Rhizoglomus] vesiculiferum	K1		[Rhizoglomus] vesiculiferum | 4374_IVT87A	0.2	3.22	VTX00113	100.0	species	SH
PX214824.1	[Rhizoglomus] vesiculiferum | Gwalkeri_IVT132A	[Rhizoglomus] vesiculiferum	main		named, species elsewhere	known species	[Rhizoglomus] vesiculiferum	K1		[Rhizoglomus] vesiculiferum | 4374_IVT87A	0.2	4.08	VTX00113	100.0	species	
PX214825.1	[Rhizoglomus] vesiculiferum | 5074_2353A	[Rhizoglomus] vesiculiferum	main		named, species elsewhere	known species	[Rhizoglomus] vesiculiferum	K1		[Rhizoglomus] vesiculiferum | 4374_IVT87A	0.0	6.32	VTX00115	100.0	species	
PX214826.1	[Rhizoglomus] vesiculiferum | 5074_2353A	[Rhizoglomus] vesiculiferum	main		named, species elsewhere	known species	[Rhizoglomus] vesiculiferum	K1		[Rhizoglomus] vesiculiferum | 4374_IVT87A	0.0	6.97	VTX00115	100.0	species	SH
PX214827.1	[Rhizoglomus] vesiculiferum | 3628_IVT65A	[Rhizoglomus] vesiculiferum	main		named, species elsewhere	known species	[Rhizoglomus] vesiculiferum	K1		[Rhizoglomus] vesiculiferum | 4086_IVT68A	0.0	2.34	VTX00113	100.0	species	
PX214828.1	[Rhizoglomus] vesiculiferum | 3628_IVT65A	[Rhizoglomus] vesiculiferum	main		named, species elsewhere	known species	[Rhizoglomus] vesiculiferum	K1		[Rhizoglomus] vesiculiferum | 4086_IVT68A	0.0	1.06	VTX00113	100.0	species	
PX214829.1	[Rhizoglomus] vesiculiferum | 4086_IVT68A	[Rhizoglomus] vesiculiferum	main		named, species elsewhere	known species	[Rhizoglomus] vesiculiferum	K1		[Rhizoglomus] vesiculiferum | 3628_IVT65A	0.0	2.34	VTX00113	100.0	species	
PX214830.1	[Rhizoglomus] vesiculiferum | 3628_IVT65A	[Rhizoglomus] vesiculiferum	main		named, species elsewhere	known species	[Rhizoglomus] vesiculiferum	K1		[Rhizoglomus] vesiculiferum | 4086_IVT68A	0.0	1.9	VTX00113	100.0	species	
PX214831.1	[Rhizoglomus] vesiculiferum | 3628_IVT65A	[Rhizoglomus] vesiculiferum	main		named, species elsewhere	known species	[Rhizoglomus] vesiculiferum	K1		[Rhizoglomus] vesiculiferum | 4086_IVT68A	0.0	1.71	VTX00113	100.0	species	
PX214832.1	[Rhizoglomus] vesiculiferum | 4086_IVT68A	[Rhizoglomus] vesiculiferum	main		named, species elsewhere	known species	[Rhizoglomus] vesiculiferum	K1		[Rhizoglomus] vesiculiferum | 3628_IVT65A	0.0	5.18	VTX00113	99.61	species	
PX214833.1	[Rhizoglomus] vesiculiferum | 4369_IVT81A	[Rhizoglomus] vesiculiferum	main		named, species elsewhere	known species	[Rhizoglomus] vesiculiferum	K1		[Rhizoglomus] vesiculiferum | 4374_IVT87A	0.2	3.0	VTX00113	99.61	species	SH
PX214834.1	[Rhizoglomus] vesiculiferum | 4369_IVT81A	[Rhizoglomus] vesiculiferum	main		named, species elsewhere	known species	[Rhizoglomus] vesiculiferum	K1		[Rhizoglomus] vesiculiferum | 4374_IVT87A	0.2	3.22	VTX00113	99.61	species	SH
PX214835.1	[Rhizoglomus] vesiculiferum | 3628_IVT65A	[Rhizoglomus] vesiculiferum	main		named, species elsewhere	known species	[Rhizoglomus] vesiculiferum	K1		[Rhizoglomus] vesiculiferum | 4086_IVT68A	0.0	5.18	VTX00113	99.61	species	
PX214836.1	[Rhizoglomus] vesiculiferum | 4374_IVT87A	[Rhizoglomus] vesiculiferum	main		named, species elsewhere	known species group	Rhizophagus irregularis;[Rhizoglomus] vesiculiferum	K1		[Rhizoglomus] vesiculiferum | 5074_2353A	0.0	6.32	VTX00115	100.0	species group	
PX214837.1	[Rhizoglomus] vesiculiferum | 5074_2353A	[Rhizoglomus] vesiculiferum	main		named, species elsewhere	known species group	Rhizophagus irregularis;[Rhizoglomus] vesiculiferum	K1		[Rhizoglomus] vesiculiferum | 4374_IVT87A	0.2	3.27	VTX00115	100.0	species group	
PX214838.1	[Rhizoglomus] vesiculiferum | Gwalkeri_IVT132A	[Rhizoglomus] vesiculiferum	main		named, species elsewhere	known species group	Rhizophagus irregularis;[Rhizoglomus] vesiculiferum	K1		[Rhizoglomus] vesiculiferum | 5074_2353A	0.2	3.01	VTX00115	99.61	species group	SH
PX214839.1	[Rhizoglomus] vesiculiferum | 212939_IVT38A	[Rhizoglomus] vesiculiferum	main		named, species elsewhere	known species group	Rhizophagus irregularis;[Rhizoglomus] vesiculiferum	K1		[Rhizoglomus] vesiculiferum | 5074_2353A	0.2	2.37	VTX00115	100.0	species group	
PX214840.1	[Rhizoglomus] vesiculiferum | 3628_IVT65A	[Rhizoglomus] vesiculiferum	main		named, species elsewhere	known species group	Rhizophagus irregularis;[Rhizoglomus] vesiculiferum	K1		[Rhizoglomus] vesiculiferum | 5074_2353A	0.2	5.88	VTX00115	99.81	species group	
PX214841.1	Rhizophagus irregularis | 4292_708C	Rhizophagus irregularis	divergent	short_5.8S	named, species elsewhere	divergent class	Rhizophagus irregularis;[Rhizoglomus] vesiculiferum	D1 5.8S 151 bp, 5 bp shorter than GC-2_IVT11; placed by VT: Rhizophagus irregularis;[Rhizoglomus] vesiculiferum		Rhizophagus irregularis | GC-2_IVT11	0.0	10.38	VTX00114	100.0	species	SH
PX214842.1	[Rhizoglomus] vesiculiferum | 5074_2353A	[Rhizoglomus] vesiculiferum	divergent	short_5.8S	named, species elsewhere	divergent class	Rhizophagus irregularis;[Rhizoglomus] vesiculiferum	D1 5.8S 152 bp, 5 bp shorter than 4086_IVT68A; placed by VT: Rhizophagus irregularis;[Rhizoglomus] vesiculiferum		[Rhizoglomus] vesiculiferum | 4086_IVT68A	0.27	12.74	VTX00113	99.62	species group	
PX214843.1	[Rhizoglomus] vesiculiferum | 212939_IVT38A	[Rhizoglomus] vesiculiferum	divergent	short_5.8S	named, species elsewhere	divergent class	Rhizophagus irregularis;[Rhizoglomus] vesiculiferum	D1 5.8S 152 bp, 5 bp shorter than 3628_IVT65A; placed by VT: Rhizophagus irregularis;[Rhizoglomus] vesiculiferum		[Rhizoglomus] vesiculiferum | 3628_IVT65A	0.07	12.9	VTX00115	100.0	species group	
PX214844.1	[Rhizoglomus] vesiculiferum | 4086_IVT68A	[Rhizoglomus] vesiculiferum	divergent	short_5.8S	named, species elsewhere	divergent class	Rhizophagus irregularis;Rhizophagus silesianus;[Rhizoglomus] vesiculiferum	D1 5.8S 152 bp, 5 bp shorter than 3628_IVT65A; placed by VT: Rhizophagus irregularis;Rhizophagus silesianus;[Rhizoglomus] vesiculiferum		[Rhizoglomus] vesiculiferum | 3628_IVT65A	0.0	10.49	VTX00113	99.61	species group	SH
PX214845.1	[Rhizoglomus] vesiculiferum | Gwalkeri_IVT132A	[Rhizoglomus] vesiculiferum	divergent	short_5.8S	named, species elsewhere	divergent class	Rhizophagus irregularis;Rhizophagus silesianus;[Rhizoglomus] vesiculiferum	D1 5.8S 152 bp, 5 bp shorter than 4374_IVT87A; placed by VT: Rhizophagus irregularis;Rhizophagus silesianus;[Rhizoglomus] vesiculiferum		[Rhizoglomus] vesiculiferum | 4374_IVT87A	0.2	10.73	VTX00113	100.0	species group	
PX214846.1	[Rhizoglomus] vesiculiferum | Gwalkeri_IVT132A	[Rhizoglomus] vesiculiferum	divergent	short_5.8S	named, species elsewhere	divergent class	Rhizophagus irregularis;Rhizophagus silesianus;[Rhizoglomus] vesiculiferum	D1 5.8S 152 bp, 5 bp shorter than 4374_IVT87A; placed by VT: Rhizophagus irregularis;Rhizophagus silesianus;[Rhizoglomus] vesiculiferum		[Rhizoglomus] vesiculiferum | 4374_IVT87A	0.2	10.73	VTX00113	100.0	species group	
PX214847.1	[Rhizoglomus] vesiculiferum | 5074_2353A	[Rhizoglomus] vesiculiferum	divergent	short_5.8S	named, species elsewhere	divergent class	Rhizophagus irregularis;[Rhizoglomus] vesiculiferum	D1 5.8S 151 bp, 6 bp shorter than 212939_IVT38A; D2 paralog unit SH1364117.10FU (SH); placed by VT: Rhizophagus irregularis;[Rhizoglomus] vesiculiferum		[Rhizoglomus] vesiculiferum | 212939_IVT38A	0.14	15.2	VTX00115	100.0	species group	SH
PX214848.1	[Rhizoglomus] vesiculiferum | 5074_2353A	[Rhizoglomus] vesiculiferum	divergent	short_5.8S	named, species elsewhere	divergent class	Rhizophagus irregularis;[Rhizoglomus] vesiculiferum	D1 5.8S 151 bp, 6 bp shorter than 4374_IVT87A; D2 paralog unit SH1364117.10FU (SH); placed by VT: Rhizophagus irregularis;[Rhizoglomus] vesiculiferum		[Rhizoglomus] vesiculiferum | 4374_IVT87A	0.2	15.03	VTX00115	100.0	species group	SH
PX214849.1	[Rhizoglomus] vesiculiferum | 212939_IVT38A	[Rhizoglomus] vesiculiferum	divergent	short_5.8S	named, species elsewhere	divergent class	Rhizophagus irregularis;[Rhizoglomus] vesiculiferum	D1 5.8S 151 bp, 6 bp shorter than 5074_2353A; D2 paralog unit SH1364117.10FU (SH); placed by VT: Rhizophagus irregularis;[Rhizoglomus] vesiculiferum		[Rhizoglomus] vesiculiferum | 5074_2353A	0.14	15.3	VTX00115	100.0	species group	SH
PX214850.1	[Rhizoglomus] vesiculiferum | 212939_IVT38A	[Rhizoglomus] vesiculiferum	divergent	short_5.8S	named, species elsewhere	divergent class	Rhizophagus irregularis;[Rhizoglomus] vesiculiferum	D1 5.8S 151 bp, 6 bp shorter than 5074_2353A; D2 paralog unit SH1364117.10FU (SH); placed by VT: Rhizophagus irregularis;[Rhizoglomus] vesiculiferum		[Rhizoglomus] vesiculiferum | 5074_2353A	0.14	15.3	VTX00115	100.0	species group	SH
PX214851.1	[Rhizoglomus] vesiculiferum | 212939_IVT38A	[Rhizoglomus] vesiculiferum	divergent	short_5.8S	named, species elsewhere	divergent class	Rhizophagus irregularis;[Rhizoglomus] vesiculiferum	D1 5.8S 151 bp, 6 bp shorter than 5074_2353A; D2 paralog unit SH1364117.10FU (SH); placed by VT: Rhizophagus irregularis;[Rhizoglomus] vesiculiferum		[Rhizoglomus] vesiculiferum | 5074_2353A	0.14	15.3	VTX00115	100.0	species group	SH
PX214852.1	[Rhizoglomus] vesiculiferum | 212939_IVT38A	[Rhizoglomus] vesiculiferum	divergent	short_5.8S	named, species elsewhere	divergent class	Rhizophagus irregularis;[Rhizoglomus] vesiculiferum	D1 5.8S 151 bp, 6 bp shorter than 5074_2353A; D2 paralog unit SH1364117.10FU (SH); placed by VT: Rhizophagus irregularis;[Rhizoglomus] vesiculiferum		[Rhizoglomus] vesiculiferum | 5074_2353A	0.14	14.38	VTX00115	100.0	species group	SH
PX214853.1	[Rhizoglomus] vesiculiferum | 212939_IVT38A	[Rhizoglomus] vesiculiferum	divergent	short_5.8S	named, species elsewhere	divergent class	Rhizophagus irregularis;[Rhizoglomus] vesiculiferum	D1 5.8S 151 bp, 6 bp shorter than 5074_2353A; D2 paralog unit SH1364117.10FU (SH); placed by VT: Rhizophagus irregularis;[Rhizoglomus] vesiculiferum		[Rhizoglomus] vesiculiferum | 5074_2353A	0.27	15.3	VTX00115	100.0	species group	SH
PX214854.1	[Rhizoglomus] vesiculiferum | 3628_IVT65A	[Rhizoglomus] vesiculiferum	divergent	short_5.8S	named, species elsewhere	divergent class	Rhizophagus irregularis;[Rhizoglomus] vesiculiferum	D1 5.8S 151 bp, 6 bp shorter than 212939_IVT38A; placed by VT: Rhizophagus irregularis;[Rhizoglomus] vesiculiferum		[Rhizoglomus] vesiculiferum | 212939_IVT38A	0.2	15.81	VTX00115	99.81	species group	
PX214855.1	[Rhizoglomus] vesiculiferum | Gwalkeri_IVT132A	[Rhizoglomus] vesiculiferum	divergent	short_5.8S	named, species elsewhere	divergent class	Rhizophagus irregularis;[Rhizoglomus] vesiculiferum	D1 5.8S 151 bp, 6 bp shorter than 5074_2353A; placed by VT: Rhizophagus irregularis;[Rhizoglomus] vesiculiferum		[Rhizoglomus] vesiculiferum | 5074_2353A	0.14	13.98	VTX00115	100.0	species group	
PX214856.1	Rhizophagus silesianus | ECU32_IVT8A	Rhizophagus silesianus	main		named, species elsewhere	known species	Rhizophagus silesianus	K1		Rhizophagus silesianus | 3628_206A	0.07	2.14	VTX00105	99.62	species	SH
PX214857.1	Rhizophagus silesianus | ECU32_IVT8A	Rhizophagus silesianus	main		named, species elsewhere	known species	Rhizophagus silesianus	K1		Rhizophagus silesianus | 3628_206A	0.0	2.35	VTX00105	99.61	species	SH
PX214858.1	Rhizophagus silesianus | 3628_206A	Rhizophagus silesianus	main		named, species elsewhere	known species	Rhizophagus silesianus	K1		Rhizophagus silesianus | ECU32_IVT8A	0.07	2.14	VTX00105	99.8	species	SH
PX214859.1	Rhizophagus silesianus | 3628_206A	Rhizophagus silesianus	main		named, species elsewhere	known species	Rhizophagus silesianus	K1		Rhizophagus silesianus | ECU32_IVT8A	0.0	2.35	VTX00105	99.61	species	SH
PX214860.1	Rhizophagus silesianus | ECU32_IVT8A	Rhizophagus silesianus	main		named, species elsewhere	known species	Rhizophagus silesianus	K1		Rhizophagus silesianus | 3628_206A	0.07	2.78	VTX00105	99.62	species	SH
PX214861.1	Rhizophagus silesianus | ECU32_IVT8A	Rhizophagus silesianus	main		named, species elsewhere	known species	Rhizophagus silesianus	K1		Rhizophagus silesianus | 3628_206A	0.0	2.99	VTX00105	99.61	species	SH
PX214862.1	Rhizophagus silesianus | ECU32_IVT8A	Rhizophagus silesianus	main		named, species elsewhere	known species	Rhizophagus silesianus	K1		Rhizophagus silesianus | 3628_206A	0.0	4.06	VTX00105	99.61	species	
PX214863.1	Rhizophagus silesianus | ECU32_IVT8A	Rhizophagus silesianus	divergent	short_5.8S	named, species elsewhere	divergent class	Rhizophagus irregularis;Rhizophagus silesianus;[Rhizoglomus] vesiculiferum	D1 5.8S 152 bp, 6 bp shorter than 3628_206A; placed by VT: Rhizophagus irregularis;Rhizophagus silesianus;[Rhizoglomus] vesiculiferum		Rhizophagus silesianus | 3628_206A	0.14	10.47	VTX00105	99.42	species group	SH
PX214864.1	Rhizophagus silesianus | ECU32_IVT8A	Rhizophagus silesianus	divergent	short_5.8S	named, species elsewhere	divergent class	Rhizophagus irregularis;Rhizophagus silesianus;[Rhizoglomus] vesiculiferum	D1 5.8S 152 bp, 6 bp shorter than 3628_206A; placed by VT: Rhizophagus irregularis;Rhizophagus silesianus;[Rhizoglomus] vesiculiferum		Rhizophagus silesianus | 3628_206A	0.14	10.26	VTX00105	99.62	species group	SH
PX214865.1	Rhizophagus silesianus | 3628_206A	Rhizophagus silesianus	divergent	short_5.8S	named, species elsewhere	divergent class	Rhizophagus irregularis;Rhizophagus silesianus;[Rhizoglomus] vesiculiferum	D1 5.8S 152 bp, 6 bp shorter than ECU32_IVT8A; placed by VT: Rhizophagus irregularis;Rhizophagus silesianus;[Rhizoglomus] vesiculiferum		Rhizophagus silesianus | ECU32_IVT8A	0.14	12.82	VTX00105	99.8	species group	
PX214866.1	Rhizophagus intraradices | FL208_553A	Rhizophagus intraradices	main		named, species elsewhere	known species	Rhizophagus intraradices	K1		Rhizophagus intraradices | KS906_IVT156	0.0	0.0	VTX00100	100.0	species	
PX214867.1	Rhizophagus intraradices | KS906_IVT22A	Rhizophagus intraradices	main		named, species elsewhere	known species	Rhizophagus intraradices	K1		Rhizophagus intraradices | KS906_IVT156	0.0	0.0	VTX00100	100.0	species	
PX214868.1	Rhizophagus intraradices | FL208_553A	Rhizophagus intraradices	main		named, species elsewhere	known species	Rhizophagus intraradices	K1		Rhizophagus intraradices | KS906_IVT156	0.0	0.86	VTX00100	100.0	species	
PX214869.1	Rhizophagus intraradices | FL208_553A	Rhizophagus intraradices	main		named, species elsewhere	known species	Rhizophagus intraradices	K1		Rhizophagus intraradices | UT126A	0.0	0.21	VTX00100	100.0	species	
PX214870.1	Rhizophagus intraradices | FL208_553A	Rhizophagus intraradices	divergent	short_5.8S	named, species elsewhere	divergent class	Rhizophagus intraradices	D1 5.8S 152 bp, 5 bp shorter than UT126A; D2 paralog unit SH1081557.10FU (SH); placed by VT: Rhizophagus intraradices		Rhizophagus intraradices | UT126A	0.14	16.59	VTX00100	100.0	species	SH
PX214871.1	Rhizophagus sp. (in: glomeromycetes) | 212607_IVT70A	Rhizophagus sp. (in: glomeromycetes)	main		unnamed ('sp.')	novel species, genus known	Rhizophagus	N3 no species shared by the arms		Rhizophagus sp. (in: glomeromycetes) | 1399_IVT43A	0.0	0.0	VTX00248	100.0	genus	
PX214872.1	Rhizophagus sp. (in: glomeromycetes) | 1399_IVT43A	Rhizophagus sp. (in: glomeromycetes)	main		unnamed ('sp.')	novel species, genus known	Rhizophagus	N3 no species shared by the arms		Rhizophagus sp. (in: glomeromycetes) | 212607_IVT70A	0.0	0.0	VTX00248	100.0	genus	
PX214873.1	Rhizophagus sp. (in: glomeromycetes) | 212607_IVT70A	Rhizophagus sp. (in: glomeromycetes)	main		unnamed ('sp.')	novel species, genus known	Rhizophagus	N3 no species shared by the arms		Rhizophagus sp. (in: glomeromycetes) | 1399_IVT43A	0.0	1.04	VTX00248	100.0	genus	
PX214874.1	Rhizophagus sp. (in: glomeromycetes) | 212607_IVT70A	Rhizophagus sp. (in: glomeromycetes)	main		unnamed ('sp.')	novel species, genus known	Rhizophagus	N3 no species shared by the arms		Rhizophagus sp. (in: glomeromycetes) | 1399_IVT43A	0.0	2.49	VTX00248	100.0	genus	
PX214875.1	Rhizophagus sp. (in: glomeromycetes) | 1399_IVT43A	Rhizophagus sp. (in: glomeromycetes)	main		unnamed ('sp.')	novel species, genus known	Rhizophagus	N3 no species shared by the arms		Rhizophagus sp. (in: glomeromycetes) | 212607_IVT70A	0.0	2.49	VTX00248	100.0	genus	
PX214876.1	Rhizophagus sp. (in: glomeromycetes) | 212607_IVT70A	Rhizophagus sp. (in: glomeromycetes)	main		unnamed ('sp.')	novel species, genus known	Rhizophagus	N3 no species shared by the arms		Rhizophagus sp. (in: glomeromycetes) | 1399_IVT43A	0.0	1.66	VTX00248	100.0	genus	
PX214877.1	Rhizophagus sp. (in: glomeromycetes) | 212607_IVT70A	Rhizophagus sp. (in: glomeromycetes)	main		unnamed ('sp.')	novel species, genus known	Rhizophagus	N3 no species shared by the arms		Rhizophagus sp. (in: glomeromycetes) | 1399_IVT43A	0.0	3.52	VTX00248	100.0	genus	
PX214878.1	Rhizophagus sp. (in: glomeromycetes) | 1399_IVT43A	Rhizophagus sp. (in: glomeromycetes)	main		unnamed ('sp.')	novel species, genus known	Rhizophagus	N3 no species shared by the arms		Rhizophagus sp. (in: glomeromycetes) | 212607_IVT70A	0.0	3.52	VTX00248	100.0	genus	
PX214879.1	Rhizophagus sp. (in: glomeromycetes) | 212607_IVT70A	Rhizophagus sp. (in: glomeromycetes)	main		unnamed ('sp.')	novel species, genus known	Rhizophagus	N3 no species shared by the arms		Rhizophagus sp. (in: glomeromycetes) | 1399_IVT43A	0.07	4.14	VTX00248	100.0	genus	
PX214880.1	Oehlia diaphana | JS1_IVT19A	Oehlia diaphana	main		named, species elsewhere	known species	Oehlia diaphana	K1		Oehlia diaphana | 4835_562B	0.0	3.35	VTX00309	100.0	species	
PX214881.1	Oehlia diaphana | 4835_562B	Oehlia diaphana	main		named, species elsewhere	known species	Oehlia diaphana	K1		Oehlia diaphana | WV579_765B	0.0	3.08	VTX00309	100.0	species	
PX214882.1	Oehlia diaphana | JS1_IVT19A	Oehlia diaphana	main		named, species elsewhere	known species	Oehlia diaphana	K1		Oehlia diaphana | WV579_765A	0.07	0.0	VTX00309	100.0	species	
PX214883.1	Oehlia diaphana | WV579_765A	Oehlia diaphana	main		named, species elsewhere	known species	Oehlia diaphana	K1		Oehlia diaphana | JS1_IVT19A	0.07	0.0	VTX00309	100.0	species	
PX214884.1	Oehlia diaphana | 4835_562B	Oehlia diaphana	main		named, species elsewhere	known species	Oehlia diaphana	K1		Oehlia diaphana | JS1_IVT19A	0.07	0.22	VTX00309	100.0	species	
PX214885.1	Oehlia diaphana | WV579_765A	Oehlia diaphana	main		named, species elsewhere	known species	Oehlia diaphana	K1		Oehlia diaphana | JS1_IVT19A	0.07	4.47	VTX00309	100.0	species	
PX214886.1	Oehlia diaphana | WV579_765A	Oehlia diaphana	main		named, species elsewhere	known species	Oehlia diaphana	K1		Oehlia diaphana | WV579_765B	0.0	2.42	VTX00309	100.0	species	
PX214887.1	Oehlia diaphana | WV579_765A	Oehlia diaphana	main		named, species elsewhere	known species	Oehlia diaphana	K1		Oehlia diaphana | JS1_IVT19A	0.07	4.47	VTX00309	99.78	species	
PX214888.1	Oehlia diaphana | WV579_765B	Oehlia diaphana	main		named, species elsewhere	known species	Oehlia diaphana	K1		Oehlia diaphana | WV579_765A	0.0	2.42	VTX00309	100.0	species	SH
PX214889.1	Oehlia diaphana | WV579_765B	Oehlia diaphana	main		named, species elsewhere	known species	Oehlia diaphana	K1		Oehlia diaphana | 4835_562B	0.0	3.08	VTX00309	100.0	species	SH
PX214890.1	Oehlia diaphana | WV579_765B	Oehlia diaphana	main		named, species elsewhere	known species	Oehlia diaphana	K1		Oehlia diaphana | JS1_IVT19A	0.14	2.91	VTX00309	99.8	species	SH
PX214891.1	Oehlia diaphana | JS1_IVT19A	Oehlia diaphana	main		named, species elsewhere	known species	Oehlia diaphana	K1		Oehlia diaphana | 4835_562B	0.0	1.97	VTX00309	100.0	species	
PX214892.1	Oehlia diaphana | WV579_765A	Oehlia diaphana	main		named, species elsewhere	known species	Oehlia diaphana	K1		Oehlia diaphana | 4835_562B	0.0	1.97	VTX00309	100.0	species	
PX214893.1	Oehlia diaphana | JS1_IVT19A	Oehlia diaphana	main		named, species elsewhere	known species	Oehlia diaphana	K1		Oehlia diaphana | WV579_765B	0.0	4.03	VTX00309	100.0	species	
PX214894.1	Oehlia diaphana | 4835_562B	Oehlia diaphana	main		named, species elsewhere	known species	Oehlia diaphana	K1		Oehlia diaphana | WV579_765B	0.0	0.0	VTX00309	99.78	species	
PX214895.1	Oehlia diaphana | WV579_765B	Oehlia diaphana	main		named, species elsewhere	known species	Oehlia diaphana	K1		Oehlia diaphana | 4835_562B	0.0	0.0	VTX00309	99.78	species	
PX214896.1	Oehlia diaphana | 4835_562B	Oehlia diaphana	main		named, species elsewhere	known species	Oehlia diaphana	K1		Oehlia diaphana | WV579_765B	0.0	1.99	VTX00309	100.0	species	
PX214897.1	Oehlia diaphana | 4835_562B	Oehlia diaphana	main		named, species elsewhere	known species	Oehlia diaphana	K1		Oehlia diaphana | WV579_765A	0.07	5.08	VTX00309	100.0	species	
PX214898.1	Oehlia diaphana | WV579_765B	Oehlia diaphana	main		named, species elsewhere	known species	Oehlia diaphana	K1		Oehlia diaphana | 4835_562B	0.0	1.99	VTX00309	100.0	species	
PX214899.1	Oehlia diaphana | JS1_IVT19A	Oehlia diaphana	main		named, species elsewhere	known species	Oehlia diaphana	K1		Oehlia diaphana | WV579_765B	0.14	4.22	VTX00309	99.78	species	
PX214900.1	Oehlia diaphana | JS1_IVT19A	Oehlia diaphana	main		named, species elsewhere	known species	Oehlia diaphana	K1		Oehlia diaphana | WV579_765B	0.14	5.38	VTX00309	99.78	species	
PX214901.1	Oehlia diaphana | 4835_562B	Oehlia diaphana	main		named, species elsewhere	known species	Oehlia diaphana	K1		Oehlia diaphana | WV579_765B	0.34	4.97	VTX00309	100.0	species	
PX214902.1	Oehlia diaphana | WV579_765A	Oehlia diaphana	main		named, species elsewhere	known species	Oehlia diaphana	K1		Oehlia diaphana | WV579_765B	0.0	7.21	VTX00309	100.0	species	
PX214903.1	Oehlia diaphana | WV579_765B	Oehlia diaphana	main		named, species elsewhere	known species	Oehlia diaphana	K1		Oehlia diaphana | 4835_562B	0.14	3.08	VTX00309	100.0	species	
PX214904.1	Oehlia diaphana | WV579_765B	Oehlia diaphana	main		named, species elsewhere	known species	Oehlia diaphana	K1		Oehlia diaphana | JS1_IVT19A	0.0	4.03	VTX00309	100.0	species	
PX214905.1	Oehlia diaphana | 4835_562B	Oehlia diaphana	main		named, species elsewhere	known species	Oehlia diaphana	K1		Oehlia diaphana | JS1_IVT19A	0.0	3.35	VTX00309	100.0	species	
PX214906.1	Oehlia diaphana | WV579_765A	Oehlia diaphana	main		named, species elsewhere	known species	Oehlia diaphana	K1		Oehlia diaphana | JS1_IVT19A	0.0	4.25	VTX00309	100.0	species	
PX214907.1	Oehlia diaphana | WV579_765B	Oehlia diaphana	main		named, species elsewhere	known species	Oehlia diaphana	K1		Oehlia diaphana | JS1_IVT19A	0.07	4.47	VTX00309	100.0	species	SH
PX214908.1	Oehlia diaphana | WV579_765B	Oehlia diaphana	main		named, species elsewhere	known species	Oehlia diaphana	K1		Oehlia diaphana | WV579_765A	0.14	7.52	VTX00309	99.81	species	
PX214909.1	Diversispora eburnea | FS_12_2334B	Diversispora eburnea	main		named, species elsewhere	known species	Diversispora eburnea	K1		Diversispora eburnea | AZ414A_356A	0.0	1.34	VTX00060	100.0	species	
PX214910.1	Diversispora eburnea | FS_12_2334B	Diversispora eburnea	main		named, species elsewhere	known species	Diversispora eburnea	K1		Diversispora eburnea | AZ414A_356A	0.0	1.34	VTX00060	100.0	species	
PX214911.1	Diversispora eburnea | AZ414A_356A	Diversispora eburnea	main		named, species elsewhere	known species	Diversispora eburnea	K1		Diversispora eburnea | FS_12_2334B	0.0	1.34	VTX00060	100.0	species	
PX214912.1	Diversispora eburnea | AZ414A_356A	Diversispora eburnea	main		named, species elsewhere	known species	Diversispora eburnea	K1		Diversispora eburnea | FS_12_2334B	0.14	1.34	VTX00060	99.61	species	
PX214913.1	Diversispora eburnea | FS_12_2334B	Diversispora eburnea	main		named, species elsewhere	known species	Diversispora eburnea	K1		Diversispora eburnea | AZ414A_356A	0.07	2.45	VTX00060	99.81	species	
PX214914.1	Diversispora eburnea | AZ414A_356A	Diversispora eburnea	main		named, species elsewhere	known species	Diversispora eburnea	K1		Diversispora eburnea | FS_12_2334B	0.07	2.0	VTX00060	99.81	species	
PX214915.1	Diversispora eburnea | AZ414A_356A	Diversispora eburnea	main		named, species elsewhere	known species	Diversispora eburnea	K1		Diversispora eburnea | FS_12_2334B	0.0	2.0	VTX00060	100.0	species	
PX214916.1	Diversispora eburnea | AZ414A_356A	Diversispora eburnea	main		named, species elsewhere	known species	Diversispora eburnea	K1		Diversispora eburnea | FS_12_2334B	0.0	2.44	VTX00060	100.0	species	
PX214917.1	Diversispora eburnea | AZ414A_356A	Diversispora eburnea	main		named, species elsewhere	known species	Diversispora eburnea	K1		Diversispora eburnea | FS_12_2334B	0.14	2.44	VTX00060	99.61	species	
PX214918.1	Diversispora eburnea | AZ414A_356A	Diversispora eburnea	main		named, species elsewhere	known species	Diversispora eburnea	K1		Diversispora eburnea | FS_12_2334B	0.14	1.11	VTX00060	99.61	species	
PX214919.1	Diversispora eburnea | AZ414A_356A	Diversispora eburnea	main		named, species elsewhere	known species	Diversispora eburnea	K1		Diversispora eburnea | FS_12_2334B	0.0	1.11	VTX00060	100.0	species	
PX214920.1	Diversispora eburnea | AZ414A_356A	Diversispora eburnea	main		named, species elsewhere	known species	Diversispora eburnea	K1		Diversispora eburnea | FS_12_2334B	0.14	1.56	VTX00060	99.61	species	
PX214921.1	Diversispora eburnea | AZ414A_356A	Diversispora eburnea	main		named, species elsewhere	known species	Diversispora eburnea	K1		Diversispora eburnea | FS_12_2334B	0.0	1.56	VTX00060	100.0	species	
PX214922.1	Diversispora eburnea | FS_12_2334B	Diversispora eburnea	main		named, species elsewhere	known species	Diversispora eburnea	K1		Diversispora eburnea | AZ414A_356A	0.0	5.12	VTX00060	100.0	species	
PX214923.1	Diversispora eburnea | FS_12_2334B	Diversispora eburnea	main		named, species elsewhere	known species	Diversispora eburnea	K1		Diversispora eburnea | AZ414A_356A	0.07	5.12	VTX00060	100.0	species	
PX214924.1	Diversispora celata | 4381_68A	Diversispora celata	main		named, species elsewhere	known species	Diversispora celata	K1		Diversispora celata | SC2	0.14	3.15	VTX00060	99.81	species	SH
PX214925.1	Diversispora celata | 4381_68A	Diversispora celata	main		named, species elsewhere	known species	Diversispora celata	K1		Diversispora celata | SC2	0.14	3.33	VTX00060	100.0	species	SH
PX214926.1	Diversispora celata | 4381_68A	Diversispora celata	main		named, species elsewhere	known species	Diversispora celata	K1		Diversispora celata | SC2	0.14	3.55	VTX00060	100.0	species	
PX214927.1	Diversispora celata | 4381_68A	Diversispora celata	main		named, species elsewhere	known species	Diversispora celata	K1		Diversispora celata | SC2	0.14	4.23	VTX00060	99.81	species	
PX214928.1	Diversispora celata | 4381_68A	Diversispora celata	main		named, species elsewhere	known species	Diversispora celata	K1		Diversispora celata | SC2	0.14	3.1	VTX00060	100.0	species	
PX214929.1	Diversispora celata | SC2	Diversispora celata	main		named, species elsewhere	known species	Diversispora celata	K1		Diversispora celata | 4381_68A	0.2	3.15	VTX00060	99.61	species	
PX214930.1	Diversispora celata | SC2	Diversispora celata	main		named, species elsewhere	known species	Diversispora celata	K1		Diversispora eburnea | FS_12_2334B	0.2	6.19	VTX00060	99.81	species	
PX214931.1	Diversispora celata | SC2	Diversispora celata	main		named, species elsewhere	known species	Diversispora celata	K1		Diversispora eburnea | FS_12_2334B	0.14	5.75	VTX00060	100.0	species	
PX214932.1	Diversispora celata | SC2	Diversispora celata	main		named, species elsewhere	known species group	Diversispora celata;Diversispora eburnea	K1		Diversispora eburnea | FS_12_2334B	0.14	5.66	VTX00060	100.0	species group	
PX214933.1	Diversispora celata | SC2	Diversispora celata	main		named, species elsewhere	known species group	Diversispora celata;Diversispora eburnea	K1		Diversispora eburnea | FS_12_2334B	0.2	6.08	VTX00060	99.81	species group	
PX214934.1	Diversispora jakucsiae | Blasz_11_2271A	Diversispora jakucsiae	main		named, species held out	novel species, genus known	Diversispora	N2 LSU unmatched		Diversispora arenaria | Blasz_14_2274A	0.07	3.75	VTX00054	99.81	species group	SH;LSU
PX214935.1	Diversispora jakucsiae | Blasz_11_2271A	Diversispora jakucsiae	main		named, species held out	novel species, genus known	Diversispora	N2 LSU unmatched		Diversispora arenaria | Blasz_14_2274A	0.07	3.75	VTX00054	99.81	species group	SH;LSU
PX214936.1	Diversispora jakucsiae | Blasz_11_2271A	Diversispora jakucsiae	main		named, species held out	novel species, genus known	Diversispora	N2 LSU unmatched		Diversispora arenaria | Blasz_14_2274A	0.14	3.97	VTX00054	99.81	species group	SH;LSU
PX214937.1	Diversispora jakucsiae | Blasz_11_2271A	Diversispora jakucsiae	main		named, species held out	novel species, genus known	Diversispora	N2 LSU unmatched		Diversispora arenaria | Blasz_14_2274A	0.14	3.91	VTX00054	99.81	species group	SH;LSU
PX214938.1	Diversispora arenaria | Blasz_14_2274A	Diversispora arenaria	main		named, species held out	novel species, genus known	Diversispora	N2 LSU unmatched		Diversispora jakucsiae | Blasz_11_2271A	0.07	3.75	VTX00054	99.81	species group	LSU
PX214939.1	Diversispora arenaria | Blasz_14_2274A	Diversispora arenaria	main		named, species held out	novel species, genus known	Diversispora	N2 LSU unmatched		Diversispora jakucsiae | Blasz_11_2271A	0.14	4.42	VTX00054	99.61	species group	SH;LSU
PX214940.1	Diversispora arenaria | Blasz_14_2274A	Diversispora arenaria	main		named, species held out	novel species, genus known	Diversispora	N2 LSU unmatched		Diversispora jakucsiae | Blasz_11_2271A	0.14	4.64	VTX00054	99.81	species group	SH;LSU
PX214941.1	Diversispora arenaria | Blasz_14_2274A	Diversispora arenaria	main		named, species held out	novel species, genus known	Diversispora	N2 LSU unmatched		Diversispora jakucsiae | Blasz_11_2271A	0.14	3.75	VTX00054	99.81	species group	SH;LSU
PX214942.1	Diversispora epigaea | BEG47_1140C	Diversispora epigaea	main		named, species elsewhere	known species	Diversispora epigaea	K1		Diversispora epigaea | FS16_2427A	0.0	4.0	VTX00061	100.0	species	
PX214943.1	Diversispora epigaea | BEG47_1140C	Diversispora epigaea	main		named, species elsewhere	known species	Diversispora epigaea	K1		Diversispora epigaea | FS16_2427A	0.0	0.44	VTX00061	99.81	species	
PX214944.1	Diversispora epigaea | FS16_2427A	Diversispora epigaea	main		named, species elsewhere	known species	Diversispora epigaea	K1		Diversispora epigaea | BEG47_1140C	0.0	0.66	VTX00061	99.81	species	
PX214945.1	Diversispora epigaea | BEG47_1140C	Diversispora epigaea	main		named, species elsewhere	known species	Diversispora epigaea	K1		Diversispora epigaea | FS16_2427A	0.07	1.98	VTX00061	99.81	species	
PX214946.1	Diversispora epigaea | BEG47_1140C	Diversispora epigaea	main		named, species elsewhere	known species	Diversispora epigaea	K1		Diversispora epigaea | FS16_2427A	0.07	3.3	VTX00061	100.0	species	
PX214947.1	Diversispora epigaea | FS16_2427A	Diversispora epigaea	main		named, species elsewhere	known species	Diversispora epigaea	K1		Diversispora epigaea | BEG47_1140C	0.07	3.78	VTX00061	100.0	species	
PX214948.1	Diversispora epigaea | FS16_2427A	Diversispora epigaea	main		named, species elsewhere	known species	Diversispora epigaea	K1		Diversispora epigaea | BEG47_1140C	0.0	4.0	VTX00061	100.0	species	
PX214949.1	Diversispora epigaea | FS16_2427A	Diversispora epigaea	main		named, species elsewhere	known species	Diversispora epigaea	K1		Diversispora epigaea | BEG47_1140C	0.27	4.67	VTX00061	99.81	species	
PX214950.1	Diversispora epigaea | FS16_2427A	Diversispora epigaea	main		named, species elsewhere	known species	Diversispora epigaea	K1		Diversispora epigaea | BEG47_1140C	0.27	4.67	VTX00061	99.81	species	
PX214951.1	Diversispora epigaea | FS16_2427A	Diversispora epigaea	main		named, species elsewhere	known species	Diversispora epigaea	K1		Diversispora epigaea | BEG47_1140C	0.34	4.67	VTX00061	99.81	species	
PX214952.1	Diversispora epigaea | FS16_2427A	Diversispora epigaea	main		named, species elsewhere	known species	Diversispora epigaea	K1		Diversispora epigaea | BEG47_1140C	0.2	4.0	VTX00061	100.0	species	
PX214953.1	Diversispora epigaea | BEG47_1140C	Diversispora epigaea	main		named, species elsewhere	known species	Diversispora epigaea	K1		Diversispora epigaea | FS16_2427A	0.14	0.88	VTX00061	99.42	species	
PX214954.1	Diversispora epigaea | FS16_2427A	Diversispora epigaea	main		named, species elsewhere	known species	Diversispora epigaea	K1		Diversispora epigaea | BEG47_1140C	0.14	0.88	VTX00061	99.61	species	
PX214955.1	Diversispora varaderana | 4394_1010A	Diversispora varaderana	main		named, species elsewhere	known species	Diversispora varaderana	K1		Diversispora varaderana | 3086_1170D	0.0	0.0	VTX00062	100.0	species	
PX214956.1	Diversispora varaderana | 3086_1170D	Diversispora varaderana	main		named, species elsewhere	known species	Diversispora varaderana	K1		Diversispora varaderana | 4394_1010A	0.0	0.0	VTX00062	100.0	species	
PX214957.1	Diversispora varaderana | 4450_536A	Diversispora varaderana	main		named, species elsewhere	known species	Diversispora varaderana	K1		Diversispora varaderana | 4394_1010A	0.07	1.55	VTX00062	100.0	species	
PX214958.1	Diversispora varaderana | 4394_1010A	Diversispora varaderana	main		named, species elsewhere	known species	Diversispora varaderana	K1		Diversispora varaderana | 3086_1170D	0.0	3.09	VTX00062	100.0	species	
PX214959.1	Diversispora varaderana | CW0016_4015A	Diversispora varaderana	main		named, species elsewhere	known species	Diversispora varaderana	K1		Diversispora varaderana | 4394_1010A	0.0	3.09	VTX00062	100.0	species	
PX214960.1	Diversispora varaderana | SASK_50	Diversispora varaderana	main		named, species elsewhere	known species	Diversispora varaderana	K1		Diversispora varaderana | 4394_1010A	0.0	3.31	VTX00062	100.0	species	
PX214961.1	Diversispora varaderana | 3086_1170D	Diversispora varaderana	main		named, species elsewhere	known species	Diversispora varaderana	K1		Diversispora varaderana | 4394_1010A	0.0	3.31	VTX00062	100.0	species	
PX214962.1	Diversispora varaderana | 3086_1170D	Diversispora varaderana	main		named, species elsewhere	known species	Diversispora varaderana	K1		Diversispora varaderana | 4394_1010A	0.14	5.51	VTX00062	99.8	species	
PX214963.1	Diversispora varaderana | 4394_1010A	Diversispora varaderana	main		named, species elsewhere	known species	Diversispora varaderana	K1		Diversispora varaderana | 4510_972A	0.0	0.0	VTX00062	99.8	species	
PX214964.1	Diversispora varaderana | 4510_972A	Diversispora varaderana	main		named, species elsewhere	known species	Diversispora varaderana	K1		Diversispora varaderana | 4394_1010A	0.0	0.0	VTX00062	99.8	species	
PX214965.1	Diversispora varaderana | 4450_536A	Diversispora varaderana	main		named, species elsewhere	known species	Diversispora varaderana	K1		Diversispora varaderana | 4394_1010A	0.0	0.0	VTX00062	99.8	species	
PX214966.1	Diversispora varaderana | SASK_50	Diversispora varaderana	main		named, species elsewhere	known species	Diversispora varaderana	K1		Diversispora varaderana | 4394_1010A	0.0	0.0	VTX00062	99.8	species	
PX214967.1	Diversispora varaderana | 4393_830B	Diversispora varaderana	main		named, species elsewhere	known species	Diversispora varaderana	K1		Diversispora varaderana | 4394_1010A	0.0	0.0	VTX00062	99.8	species	
PX214968.1	Diversispora varaderana | 3086_1170D	Diversispora varaderana	main		named, species elsewhere	known species	Diversispora varaderana	K1		Diversispora varaderana | 4394_1010A	0.0	0.0	VTX00062	99.8	species	
PX214969.1	Diversispora varaderana | 4450_536A	Diversispora varaderana	main		named, species elsewhere	known species	Diversispora varaderana	K1		Diversispora varaderana | 4394_1010A	0.0	0.0	VTX00062	99.8	species	
PX214970.1	Diversispora varaderana | 4393_830B	Diversispora varaderana	main		named, species elsewhere	known species	Diversispora varaderana	K1		Diversispora varaderana | 4394_1010A	0.0	0.0	VTX00062	99.8	species	
PX214971.1	Diversispora varaderana | 3086_1170D	Diversispora varaderana	main		named, species elsewhere	known species	Diversispora varaderana	K1		Diversispora varaderana | 4394_1010A	0.0	0.0	VTX00062	99.8	species	
PX214972.1	Diversispora varaderana | 4450_536A	Diversispora varaderana	main		named, species elsewhere	known species	Diversispora varaderana	K1		Diversispora varaderana | 4394_1010A	0.0	0.0	VTX00062	99.8	species	
PX214973.1	Diversispora varaderana | 4450_536A	Diversispora varaderana	main		named, species elsewhere	known species	Diversispora varaderana	K1		Diversispora varaderana | 4394_1010A	0.07	4.19	VTX00062	100.0	species	
PX214974.1	Diversispora varaderana | 4450_536A	Diversispora varaderana	main		named, species elsewhere	known species group	Diversispora aestuarii;Diversispora varaderana	K1		Diversispora varaderana | 4394_1010A	0.0	1.52	VTX00062	99.8	species group	
PX214975.1	Diversispora varaderana | SASK_50	Diversispora varaderana	main		named, species elsewhere	known species	Diversispora varaderana	K1		Diversispora varaderana | 4394_1010A	0.0	1.51	VTX00062	99.8	species	
PX214976.1	Diversispora varaderana | 3086_1170D	Diversispora varaderana	main		named, species elsewhere	known species group	Diversispora aestuarii;Diversispora varaderana	K1		Diversispora varaderana | 4394_1010A	0.0	3.97	VTX00062	100.0	species group	
PX214977.1	Diversispora varaderana | 4393_830B	Diversispora varaderana	main		named, species elsewhere	known species group	Diversispora aestuarii;Diversispora varaderana	K1		Diversispora varaderana | 4394_1010A	0.0	4.19	VTX00062	100.0	species group	
PX214978.1	Diversispora varaderana | CW0016_4015A	Diversispora varaderana	main		named, species elsewhere	known species	Diversispora varaderana	K1		Diversispora aestuarii | 4485_952D	0.0	5.71	VTX00062	99.8	species	
PX214979.1	Diversispora varaderana | CW0016_4015A	Diversispora varaderana	main		named, species elsewhere	known species	Diversispora varaderana	K1		Diversispora aestuarii | 4485_952D	0.0	5.71	VTX00062	99.8	species	
PX214980.1	Diversispora varaderana | CW0016_4015A	Diversispora varaderana	main		named, species elsewhere	known species	Diversispora varaderana	K1		Diversispora aestuarii | 4485_952D	0.0	5.71	VTX00062	99.8	species	
PX214981.1	Diversispora varaderana | 3086_1170D	Diversispora varaderana	main		named, species elsewhere	known species	Diversispora varaderana	K1		Diversispora varaderana | 4393_830B	0.0	1.54	VTX00062	100.0	species	
PX214982.1	Diversispora varaderana | 4393_830B	Diversispora varaderana	main		named, species elsewhere	known species	Diversispora varaderana	K1		Diversispora varaderana | 3086_1170D	0.0	1.54	VTX00062	100.0	species	
PX214983.1	Diversispora varaderana | 3086_1170D	Diversispora varaderana	main		named, species elsewhere	known species	Diversispora varaderana	K1		Diversispora varaderana | 4393_830B	0.0	0.0	VTX00062	100.0	species	
PX214984.1	Diversispora varaderana | 4394_1010A	Diversispora varaderana	main		named, species elsewhere	known species	Diversispora varaderana	K1		Diversispora varaderana | 3086_1170D	0.0	3.31	VTX00062	100.0	species	
PX214985.1	Diversispora varaderana | SASK_50	Diversispora varaderana	main		named, species elsewhere	known species	Diversispora varaderana	K1		Diversispora varaderana | 4394_1010A	0.0	3.31	VTX00062	100.0	species	
PX214986.1	Diversispora aestuarii | 4403_745C	Diversispora aestuarii	main		named, species elsewhere	known species group	Diversispora aestuarii;Diversispora varaderana	K1		Diversispora varaderana | 4394_1010A	0.0	1.99	VTX00062	100.0	species group	
PX214987.1	Diversispora aestuarii | 4403_745C	Diversispora aestuarii	main		named, species elsewhere	known species group	Diversispora aestuarii;Diversispora varaderana	K1		Diversispora varaderana | 4394_1010A	0.0	1.99	VTX00062	100.0	species group	
PX214988.1	Diversispora aestuarii | 4403_745C	Diversispora aestuarii	main		named, species elsewhere	known species group	Diversispora aestuarii;Diversispora varaderana	K1		Diversispora varaderana | 4394_1010A	0.0	2.43	VTX00062	100.0	species group	
PX214989.1	Diversispora aestuarii | 4403_745C	Diversispora aestuarii	main		named, species elsewhere	known species group	Diversispora aestuarii;Diversispora varaderana	K1		Diversispora varaderana | 4394_1010A	0.0	1.99	VTX00062	100.0	species group	
PX214990.1	Diversispora aestuarii | 4485_952D	Diversispora aestuarii	main		named, species elsewhere	known species group	Diversispora aestuarii;Diversispora varaderana	K1		Diversispora varaderana | 4394_1010A	0.0	1.32	VTX00062	100.0	species group	SH
PX214991.1	Diversispora aestuarii | 4485_952D	Diversispora aestuarii	main		named, species elsewhere	known species group	Diversispora aestuarii;Diversispora varaderana	K1		Diversispora varaderana | 4394_1010A	0.0	1.55	VTX00062	100.0	species group	SH
PX214992.1	Diversispora aestuarii | 4485_952D	Diversispora aestuarii	main		named, species elsewhere	known species group	Diversispora aestuarii;Diversispora varaderana	K1		Diversispora varaderana | CW0016_4015A	0.0	5.71	VTX00062	99.8	species group	SH
PX214993.1	Diversispora aestuarii | 4403_745C	Diversispora aestuarii	main		named, species elsewhere	known species group	Diversispora aestuarii;Diversispora varaderana	K1		Diversispora varaderana | 4394_1010A	0.0	1.99	VTX00062	100.0	species group	
PX214994.1	Diversispora aestuarii | 4485_952D	Diversispora aestuarii	main		named, species elsewhere	known species group	Diversispora aestuarii;Diversispora varaderana	K1		Diversispora varaderana | 4394_1010A	0.0	1.32	VTX00062	100.0	species group	SH
PX214995.1	Diversispora aestuarii | 4403_745C	Diversispora aestuarii	main		named, species elsewhere	known species group	Diversispora aestuarii;Diversispora varaderana	K1		Diversispora varaderana | 4394_1010A	0.0	1.99	VTX00062	100.0	species group	
PX214996.1	Diversispora aestuarii | 4403_745C	Diversispora aestuarii	main		named, species elsewhere	known species group	Diversispora aestuarii;Diversispora varaderana	K1		Diversispora varaderana | 4394_1010A	0.0	1.99	VTX00062	100.0	species group	
PX214997.1	Diversispora aestuarii | 4403_745C	Diversispora aestuarii	main		named, species elsewhere	known species group	Diversispora aestuarii;Diversispora varaderana	K1		Diversispora varaderana | 4394_1010A	0.0	2.65	VTX00062	100.0	species group	
PX214998.1	Diversispora aestuarii | 4485_952D	Diversispora aestuarii	main		named, species elsewhere	known species group	Diversispora aestuarii;Diversispora varaderana	K1		Diversispora varaderana | 4394_1010A	0.0	1.1	VTX00062	100.0	species group	SH
PX214999.1	Diversispora aestuarii | 4485_952D	Diversispora aestuarii	main		named, species elsewhere	known species group	Diversispora aestuarii;Diversispora varaderana	K1		Diversispora varaderana | 4394_1010A	0.0	1.32	VTX00062	100.0	species group	SH
PX215000.1	Diversispora aestuarii | 4485_952D	Diversispora aestuarii	main		named, species elsewhere	known species group	Diversispora aestuarii;Diversispora varaderana	K1		Diversispora varaderana | 4394_1010A	0.14	1.32	VTX00062	100.0	species group	SH
PX215001.1	Diversispora aestuarii | 4403_745C	Diversispora aestuarii	main		named, species elsewhere	known species group	Diversispora aestuarii;Diversispora varaderana	K1		Diversispora varaderana | 4394_1010A	0.0	2.43	VTX00062	100.0	species group	
PX215002.1	Diversispora aestuarii | 4403_745C	Diversispora aestuarii	main		named, species elsewhere	known species group	Diversispora aestuarii;Diversispora varaderana	K1		Diversispora varaderana | 4394_1010A	0.0	2.43	VTX00062	100.0	species group	
PX215003.1	Diversispora aestuarii | 4485_952D	Diversispora aestuarii	main		named, species elsewhere	known species group	Diversispora aestuarii;Diversispora varaderana	K1		Diversispora varaderana | CW0016_4015A	0.14	5.07	VTX00062	99.8	species group	
PX215004.1	Diversispora aestuarii | 4485_952D	Diversispora aestuarii	main		named, species elsewhere	known species group	Diversispora aestuarii;Diversispora varaderana	K1		Diversispora varaderana | 4394_1010A	0.0	2.87	VTX00062	100.0	species group	
PX215005.1	Diversispora aestuarii | 4485_952D	Diversispora aestuarii	main		named, species elsewhere	known species group	Diversispora aestuarii;Diversispora varaderana	K1		Diversispora varaderana | 4394_1010A	0.2	5.25	VTX00062	99.41	species group	
PX215006.1	Diversispora spurca | Algerie_2_1072C	Diversispora spurca	main		named, species elsewhere	known species group	Diversispora arenaria;Diversispora epigaea;Diversispora jakucsiae;Diversispora spurca	K1		Diversispora spurca | CW0006_4005B	0.14	5.47	VTX00263	99.81	species group	
PX215007.1	Diversispora spurca | Algerie_2_1072C	Diversispora spurca	main		named, species elsewhere	known species group	Diversispora arenaria;Diversispora epigaea;Diversispora jakucsiae;Diversispora spurca	K1		Diversispora spurca | CW0006_4005B	0.27	5.47	VTX00263	99.81	species group	
PX215008.1	Diversispora spurca | Algerie_2_1072C	Diversispora spurca	main		named, species elsewhere	known species group	Diversispora arenaria;Diversispora epigaea;Diversispora jakucsiae;Diversispora spurca	K1		Diversispora spurca | CW0006_4005B	0.47	4.38	VTX00263	99.62	species group	
PX215009.1	Diversispora spurca | W246_28_9A	Diversispora spurca	main		named, species elsewhere	known species group	Diversispora arenaria;Diversispora epigaea;Diversispora jakucsiae;Diversispora spurca	K1		Diversispora spurca | CW0006_4005B	0.07	5.25	VTX00263	99.81	species group	
PX215010.1	Diversispora spurca | W246_28_9A	Diversispora spurca	main		named, species elsewhere	known species	Diversispora spurca	K1		Diversispora spurca | CW0006_4005B	0.0	0.0	VTX00263	99.81	species	
PX215011.1	Diversispora spurca | W246_28_9A	Diversispora spurca	main		named, species elsewhere	known species	Diversispora spurca	K1		Diversispora spurca | CW0006_4005B	0.0	0.0	VTX00263	99.81	species	
PX215012.1	Diversispora spurca | W246_28_9A	Diversispora spurca	main		named, species elsewhere	known species	Diversispora spurca	K1		Diversispora spurca | CW0006_4005B	0.0	0.0	VTX00263	99.81	species	
PX215013.1	Acaulospora morrowiae | CR315B_2019A	Acaulospora morrowiae	main		named, species elsewhere	known species	Acaulospora morrowiae	K1		Acaulospora morrowiae | BF_TM_1197A	0.14	4.36	VTX00028	99.81	species	
PX215014.1	Acaulospora morrowiae | CR315B_2019A	Acaulospora morrowiae	main		named, species elsewhere	known species	Acaulospora morrowiae	K1		Acaulospora morrowiae | BF_TM_1197A	0.34	4.11	VTX00028	99.61	species	SH
PX215015.1	Acaulospora morrowiae | CR315B_2019A	Acaulospora morrowiae	main		named, species elsewhere	known species	Acaulospora morrowiae	K1		Acaulospora morrowiae | BF_TM_1197A	0.34	3.39	VTX00028	99.61	species	
PX215016.1	Acaulospora morrowiae | BF_TM_1197A	Acaulospora morrowiae	main		named, species elsewhere	known species	Acaulospora morrowiae	K1		Acaulospora morrowiae | CR315B_2019A	0.14	4.36	VTX00028	99.81	species	
PX215017.1	Acaulospora morrowiae | BF_TM_1197A	Acaulospora morrowiae	main		named, species elsewhere	known species	Acaulospora morrowiae	K1		Acaulospora morrowiae | CR315B_2019A	0.14	4.36	VTX00028	99.61	species	
PX215018.1	Acaulospora morrowiae | BF_TM_1197A	Acaulospora morrowiae	main		named, species elsewhere	known species	Acaulospora morrowiae	K1		Acaulospora morrowiae | CR315B_2019A	0.14	3.67	VTX00028	99.81	species	SH
PX215019.1	Acaulospora morrowiae | BF_TM_1197A	Acaulospora morrowiae	main		named, species elsewhere	known species	Acaulospora morrowiae	K1		Acaulospora morrowiae | CR315B_2019A	0.2	4.13	VTX00028	99.61	species	SH
PX215020.1	Acaulospora morrowiae | BF_TM_1197A	Acaulospora morrowiae	main		named, species elsewhere	known species	Acaulospora morrowiae	K1		Acaulospora morrowiae | CR315B_2019A	0.14	4.13	VTX00028	99.81	species	SH
PX215021.1	Acaulospora morrowiae | BF_TM_1197A	Acaulospora morrowiae	main		named, species elsewhere	known species	Acaulospora morrowiae	K1		Acaulospora morrowiae | CR315B_2019A	0.14	3.67	VTX00028	99.81	species	SH
PX215022.1	Acaulospora morrowiae | BF_TM_1197A	Acaulospora morrowiae	main		named, species elsewhere	known species	Acaulospora morrowiae	K1		Acaulospora morrowiae | CR315B_2019A	0.2	4.36	VTX00028	99.81	species	
PX215023.1	Cetraspora gilmorei | 4430_2047A	Cetraspora gilmorei	main		named, species elsewhere	known species	Cetraspora gilmorei	K1		Cetraspora gilmorei | CW0008_2669B	0.07	2.66	VTX00041	99.81	species	
PX215024.1	Cetraspora gilmorei | 4430_2047A	Cetraspora gilmorei	main		named, species elsewhere	known species	Cetraspora gilmorei	K1		Cetraspora gilmorei | CW0008_2669B	0.0	2.4	VTX00041	100.0	species	
PX215025.1	Cetraspora gilmorei | 4430_2047A	Cetraspora gilmorei	main		named, species elsewhere	known species	Cetraspora gilmorei	K1		Cetraspora gilmorei | CW0008_2669B	0.07	2.16	VTX00041	99.81	species	
PX215026.1	Cetraspora gilmorei | 4397_453A	Cetraspora gilmorei	main		named, species elsewhere	known species	Cetraspora gilmorei	K1		Cetraspora gilmorei | CW0008_2669B	0.0	2.4	VTX00041	100.0	species	
PX215027.1	Cetraspora gilmorei | 4414_1105C	Cetraspora gilmorei	main		named, species elsewhere	known species	Cetraspora gilmorei	K1		Cetraspora gilmorei | CW0008_2669B	0.0	2.4	VTX00041	100.0	species	
PX215028.1	Cetraspora gilmorei | 4385	Cetraspora gilmorei	main		named, species elsewhere	known species	Cetraspora gilmorei	K1		Cetraspora gilmorei | CW0008_2669B	0.0	2.4	VTX00041	100.0	species	
PX215029.1	Cetraspora gilmorei | 4398_831C	Cetraspora gilmorei	main		named, species elsewhere	known species	Cetraspora gilmorei	K1		Cetraspora gilmorei | CW0008_2669B	0.0	2.4	VTX00041	100.0	species	
PX215030.1	Cetraspora gilmorei | 4419_860D	Cetraspora gilmorei	main		named, species elsewhere	known species	Cetraspora gilmorei	K1		Cetraspora gilmorei | CW0008_2669B	0.0	2.4	VTX00041	100.0	species	
PX215031.1	Cetraspora gilmorei | 4414_1105C	Cetraspora gilmorei	main		named, species elsewhere	known species	Cetraspora gilmorei	K1		Cetraspora gilmorei | CW0008_2669B	0.0	2.4	VTX00041	100.0	species	
PX215032.1	Cetraspora gilmorei | 4385	Cetraspora gilmorei	main		named, species elsewhere	known species	Cetraspora gilmorei	K1		Cetraspora gilmorei | CW0008_2669B	0.0	2.4	VTX00041	100.0	species	
PX215033.1	Cetraspora gilmorei | 4419_860D	Cetraspora gilmorei	main		named, species elsewhere	known species	Cetraspora gilmorei	K1		Cetraspora gilmorei | CW0008_2669B	0.0	2.4	VTX00041	100.0	species	
PX215034.1	Cetraspora gilmorei | 4414_1105C	Cetraspora gilmorei	main		named, species elsewhere	known species	Cetraspora gilmorei	K1		Cetraspora gilmorei | CW0008_2669B	0.0	2.4	VTX00041	100.0	species	
PX215035.1	Cetraspora gilmorei | 4398_831C	Cetraspora gilmorei	main		named, species elsewhere	known species	Cetraspora gilmorei	K1		Cetraspora gilmorei | CW0008_2669B	0.0	2.4	VTX00041	100.0	species	
PX215036.1	Cetraspora gilmorei | 4414_1105C	Cetraspora gilmorei	main		named, species elsewhere	known species	Cetraspora gilmorei	K1		Cetraspora gilmorei | 4385	0.0	0.0	VTX00041	99.81	species	
PX215037.1	Cetraspora gilmorei | 4385	Cetraspora gilmorei	main		named, species elsewhere	known species	Cetraspora gilmorei	K1		Cetraspora gilmorei | 4414_1105C	0.0	0.0	VTX00041	99.81	species	
PX215038.1	Cetraspora gilmorei | 4398_831C	Cetraspora gilmorei	main		named, species elsewhere	known species	Cetraspora gilmorei	K1		Cetraspora gilmorei | 4414_1105C	0.0	0.0	VTX00041	99.81	species	
PX215039.1	Cetraspora gilmorei | 4419_860D	Cetraspora gilmorei	main		named, species elsewhere	known species	Cetraspora gilmorei	K1		Cetraspora gilmorei | 4414_1105C	0.0	0.0	VTX00041	99.81	species	
PX215040.1	Cetraspora gilmorei | 4414_1105C	Cetraspora gilmorei	main		named, species elsewhere	known species	Cetraspora gilmorei	K1		Cetraspora gilmorei | CW0008_2669B	0.0	5.05	VTX00041	100.0	species	
PX215041.1	Cetraspora gilmorei | 4385	Cetraspora gilmorei	main		named, species elsewhere	known species	Cetraspora gilmorei	K1		Cetraspora gilmorei | CW0008_2669B	0.0	5.05	VTX00041	100.0	species	
PX215042.1	Cetraspora gilmorei | 4398_831C	Cetraspora gilmorei	main		named, species elsewhere	known species	Cetraspora gilmorei	K1		Cetraspora gilmorei | CW0008_2669B	0.0	5.05	VTX00041	100.0	species	
PX215043.1	Cetraspora gilmorei | 4419_860D	Cetraspora gilmorei	main		named, species elsewhere	known species	Cetraspora gilmorei	K1		Cetraspora gilmorei | CW0008_2669B	0.0	5.05	VTX00041	100.0	species	
PX215044.1	Cetraspora gilmorei | 4414_1105C	Cetraspora gilmorei	main		named, species elsewhere	known species	Cetraspora gilmorei	K1		Cetraspora gilmorei | 4385	0.0	4.53	VTX00041	99.81	species	
PX215045.1	Cetraspora gilmorei | 4414_1105C	Cetraspora gilmorei	main		named, species elsewhere	known species	Cetraspora gilmorei	K1		Cetraspora gilmorei | CW0008_2669B	0.0	5.29	VTX00041	100.0	species	
PX215046.1	Cetraspora gilmorei | 4385	Cetraspora gilmorei	main		named, species elsewhere	known species	Cetraspora gilmorei	K1		Cetraspora gilmorei | CW0008_2669B	0.0	5.29	VTX00041	100.0	species	
PX215047.1	Cetraspora gilmorei | 4398_831C	Cetraspora gilmorei	main		named, species elsewhere	known species	Cetraspora gilmorei	K1		Cetraspora gilmorei | CW0008_2669B	0.0	5.29	VTX00041	100.0	species	
PX215048.1	Cetraspora gilmorei | 4419_860D	Cetraspora gilmorei	main		named, species elsewhere	known species	Cetraspora gilmorei	K1		Cetraspora gilmorei | CW0008_2669B	0.0	5.29	VTX00041	100.0	species	
PX215049.1	Cetraspora gilmorei | 4430_2047A	Cetraspora gilmorei	main		named, species elsewhere	known species	Cetraspora gilmorei	K1		Cetraspora gilmorei | CW0008_2669B	0.14	4.81	VTX00041	99.81	species	
PX215050.1	Cetraspora gilmorei | 4430_2047A	Cetraspora gilmorei	main		named, species elsewhere	known species	Cetraspora gilmorei	K1		Cetraspora gilmorei | CW0008_2669B	0.0	2.4	VTX00041	100.0	species	
PX215051.1	Cetraspora gilmorei | 4436_787A	Cetraspora gilmorei	main		named, species elsewhere	known species	Cetraspora gilmorei	K1		Cetraspora gilmorei | CW0008_2669B	0.0	1.68	VTX00041	100.0	species	
PX215052.1	Cetraspora gilmorei | 4436_787A	Cetraspora gilmorei	main		named, species elsewhere	known species	Cetraspora gilmorei	K1		Cetraspora gilmorei | CW0008_2669B	0.0	3.13	VTX00041	100.0	species	
PX215053.1	Cetraspora gilmorei | 4436_787A	Cetraspora gilmorei	main		named, species elsewhere	known species	Cetraspora gilmorei	K1		Cetraspora gilmorei | CW0008_2669B	0.0	0.24	VTX00041	100.0	species	
PX215054.1	Cetraspora gilmorei | CW0008_4007A	Cetraspora gilmorei	main		named, species elsewhere	known species	Cetraspora gilmorei	K1		Cetraspora gilmorei | CW0008_2669B	0.0	0.0	VTX00041	100.0	species	
PX215055.1	Cetraspora gilmorei | 4436_787A	Cetraspora gilmorei	main		named, species elsewhere	known species	Cetraspora gilmorei	K1		Cetraspora gilmorei | CW0008_2669B	0.0	2.16	VTX00041	100.0	species	
PX215056.1	Cetraspora gilmorei | CW0008_4007A	Cetraspora gilmorei	main		named, species elsewhere	known species	Cetraspora gilmorei	K1		Cetraspora gilmorei | CW0008_2669B	0.0	2.4	VTX00041	100.0	species	
PX215057.1	Cetraspora gilmorei | CW0008_4007A	Cetraspora gilmorei	main		named, species elsewhere	known species	Cetraspora gilmorei	K1		Cetraspora gilmorei | CW0008_2669B	0.0	2.16	VTX00041	100.0	species	
PX215058.1	Cetraspora gilmorei | CW0008_4007A	Cetraspora gilmorei	main		named, species elsewhere	known species	Cetraspora gilmorei	K1		Cetraspora gilmorei | 4414_1105C	0.07	2.39	VTX00041	99.62	species	
PX215059.1	Cetraspora gilmorei | 4397_453A	Cetraspora gilmorei	main		named, species elsewhere	known species	Cetraspora gilmorei	K1		Cetraspora gilmorei | 4414_1105C	0.0	0.0	VTX00041	99.81	species	
PX215060.1	Cetraspora gilmorei | 4414_1105C	Cetraspora gilmorei	main		named, species elsewhere	known species	Cetraspora gilmorei	K1		Cetraspora gilmorei | 4397_453A	0.0	0.0	VTX00041	99.81	species	
PX215061.1	Cetraspora gilmorei | 4385	Cetraspora gilmorei	main		named, species elsewhere	known species	Cetraspora gilmorei	K1		Cetraspora gilmorei | 4397_453A	0.0	0.0	VTX00041	99.81	species	
PX215062.1	Cetraspora gilmorei | 4398_831C	Cetraspora gilmorei	main		named, species elsewhere	known species	Cetraspora gilmorei	K1		Cetraspora gilmorei | 4397_453A	0.0	0.0	VTX00041	99.81	species	
PX215063.1	Cetraspora gilmorei | 4419_860D	Cetraspora gilmorei	main		named, species elsewhere	known species	Cetraspora gilmorei	K1		Cetraspora gilmorei | 4397_453A	0.0	0.0	VTX00041	99.81	species	
PX215064.1	Cetraspora gilmorei | 4419_860D	Cetraspora gilmorei	main		named, species elsewhere	known species	Cetraspora gilmorei	K1		Cetraspora gilmorei | 4397_453A	0.0	0.48	VTX00041	99.81	species	
PX215065.1	Cetraspora gilmorei | 4414_1105C	Cetraspora gilmorei	main		named, species elsewhere	known species	Cetraspora gilmorei	K1		Cetraspora gilmorei | 4385	0.0	0.0	VTX00041	100.0	species	
PX215066.1	Cetraspora gilmorei | 4385	Cetraspora gilmorei	main		named, species elsewhere	known species	Cetraspora gilmorei	K1		Cetraspora gilmorei | 4414_1105C	0.0	0.0	VTX00041	100.0	species	
PX215067.1	Cetraspora gilmorei | 4419_860D	Cetraspora gilmorei	main		named, species elsewhere	known species	Cetraspora gilmorei	K1		Cetraspora gilmorei | 4414_1105C	0.0	0.0	VTX00041	100.0	species	
PX215068.1	Cetraspora gilmorei | 4436_787A	Cetraspora gilmorei	main		named, species elsewhere	known species	Cetraspora gilmorei	K1		Cetraspora gilmorei | 4414_1105C	0.0	2.88	VTX00041	99.81	species	
PX215069.1	Cetraspora gilmorei | 4414_1105C	Cetraspora gilmorei	main		named, species elsewhere	known species	Cetraspora gilmorei	K1		Cetraspora gilmorei | 4385	0.0	3.41	VTX00041	99.81	species	
PX215070.1	Cetraspora gilmorei | 4385	Cetraspora gilmorei	main		named, species elsewhere	known species	Cetraspora gilmorei	K1		Cetraspora gilmorei | 4414_1105C	0.0	3.41	VTX00041	99.81	species	
PX215071.1	Cetraspora gilmorei | 4398_831C	Cetraspora gilmorei	main		named, species elsewhere	known species	Cetraspora gilmorei	K1		Cetraspora gilmorei | 4414_1105C	0.0	3.41	VTX00041	99.81	species	
PX215072.1	Cetraspora gilmorei | 4419_860D	Cetraspora gilmorei	main		named, species elsewhere	known species	Cetraspora gilmorei	K1		Cetraspora gilmorei | 4414_1105C	0.0	3.41	VTX00041	99.81	species	
PX215073.1	Dentiscutata heterogama | BEG_35_2003A	Dentiscutata heterogama	main		named, species elsewhere	known species	Dentiscutata heterogama	K1		Dentiscutata heterogama | CL157_2013B	0.0	3.95	VTX00255	99.81	species	
PX215074.1	Dentiscutata heterogama | BEG_35_2003A	Dentiscutata heterogama	main		named, species elsewhere	known species	Dentiscutata heterogama	K1		Dentiscutata heterogama | CL157_2013B	0.0	3.66	VTX00255	100.0	species	
PX215075.1	Dentiscutata heterogama | CL157_2013B	Dentiscutata heterogama	main		named, species elsewhere	known species	Dentiscutata heterogama	K1		Dentiscutata heterogama | BEG_35_2003A	0.14	1.46	VTX00255	99.61	species	
PX215076.1	Dentiscutata heterogama | CL157_2013B	Dentiscutata heterogama	main		named, species elsewhere	known species	Dentiscutata heterogama	K1		Dentiscutata heterogama | BEG_35_2003A	0.0	3.66	VTX00255	100.0	species	
PX215077.1	Dentiscutata heterogama | BEG_35_2003A	Dentiscutata heterogama	main		named, species elsewhere	known species	Dentiscutata heterogama	K1		Dentiscutata heterogama | CL157_2013B	0.07	1.48	VTX00255	99.61	species	
PX215078.1	Dentiscutata heterogama | CL157_2013B	Dentiscutata heterogama	main		named, species elsewhere	known species	Dentiscutata heterogama	K1		Dentiscutata heterogama | BEG_35_2003A	0.0	3.95	VTX00255	99.81	species	
PX215079.1	Gigaspora rosea | BEG9_770A	Gigaspora rosea	main		named, species elsewhere	known species	Gigaspora rosea	K1		Gigaspora rosea | 194757_703A	0.0	0.0	VTX00039	99.61	species	
PX215080.1	Gigaspora rosea | 194757_703A	Gigaspora rosea	main		named, species elsewhere	known species	Gigaspora rosea	K1		Gigaspora rosea | BEG9_770A	0.0	0.0	VTX00039	99.61	species	
PX215081.1	Gigaspora rosea | 4511_973A	Gigaspora rosea	main		named, species elsewhere	known species	Gigaspora rosea	K1		Gigaspora rosea | BEG9_770A	0.0	0.0	VTX00039	99.61	species	
PX215082.1	Gigaspora rosea | CW0011_4010A	Gigaspora rosea	main		named, species elsewhere	known species	Gigaspora rosea	K1		Gigaspora rosea | BEG9_770A	0.14	0.0	VTX00039	99.61	species	
PX215083.1	Gigaspora rosea | 194757_703A	Gigaspora rosea	main		named, species elsewhere	known species	Gigaspora rosea	K1		Gigaspora rosea | BEG9_770A	0.27	0.5	VTX00039	99.61	species	
PX215084.1	Gigaspora rosea | BEG9_770A	Gigaspora rosea	main		named, species elsewhere	known species	Gigaspora rosea	K1		Gigaspora rosea | 194757_703A	0.0	0.5	VTX00039	99.61	species	
PX215085.1	Gigaspora rosea | 194757_703A	Gigaspora rosea	main		named, species elsewhere	known species	Gigaspora rosea	K1		Gigaspora rosea | BEG9_770A	0.07	0.0	VTX00039	99.42	species	
PX215086.1	Gigaspora rosea | CW0011_4010A	Gigaspora rosea	main		named, species elsewhere	known species	Gigaspora rosea	K1		Gigaspora rosea | BEG9_770A	0.14	0.0	VTX00039	99.81	species	
PX215087.1	Gigaspora rosea | 194757_703A	Gigaspora rosea	main		named, species elsewhere	known species	Gigaspora rosea	K1		Gigaspora rosea | BEG9_770A	0.0	0.5	VTX00039	99.61	species	
PX215088.1	Gigaspora rosea | 194757_703A	Gigaspora rosea	main		named, species elsewhere	known species	Gigaspora rosea	K1		Gigaspora rosea | BEG9_770A	0.34	0.0	VTX00039	99.42	species	
PX215089.1	Gigaspora rosea | CU131_1018C	Gigaspora rosea	main		named, species elsewhere	known species	Gigaspora rosea	K1		Gigaspora rosea | CU131_1018E	0.0	0.0	VTX00039	99.81	species	
PX215090.1	Gigaspora rosea | BEG9_770A	Gigaspora rosea	main		named, species elsewhere	known species	Gigaspora rosea	K1		Gigaspora rosea | 194757_703A	0.0	0.0	VTX00039	99.81	species	
PX215091.1	Gigaspora rosea | 194757_703A	Gigaspora rosea	main		named, species elsewhere	known species	Gigaspora rosea	K1		Gigaspora rosea | BEG9_770A	0.0	0.0	VTX00039	99.81	species	
PX215092.1	Gigaspora rosea | 4511_973A	Gigaspora rosea	main		named, species elsewhere	known species	Gigaspora rosea	K1		Gigaspora rosea | BEG9_770A	0.0	0.0	VTX00039	99.81	species	
PX215093.1	Gigaspora rosea | 194757_703A	Gigaspora rosea	main		named, species elsewhere	known species	Gigaspora rosea	K1		Gigaspora rosea | BEG9_770A	0.0	0.0	VTX00039	99.81	species	
PX215094.1	Gigaspora rosea | 4511_973A	Gigaspora rosea	main		named, species elsewhere	known species	Gigaspora rosea	K1		Gigaspora rosea | BEG9_770A	0.0	0.0	VTX00039	99.81	species	
PX215095.1	Gigaspora rosea | CW0011_4010A	Gigaspora rosea	main		named, species elsewhere	known species	Gigaspora rosea	K1		Gigaspora rosea | BEG9_770A	0.0	0.0	VTX00039	99.81	species	
PX215096.1	Gigaspora rosea | woodslee_203A	Gigaspora rosea	main		named, species elsewhere	known species	Gigaspora rosea	K1		Gigaspora rosea | 4752_496A	0.2	4.22	VTX00039	99.61	species	SH
PX215097.1	Gigaspora rosea | woodslee_203A	Gigaspora rosea	main		named, species elsewhere	known species	Gigaspora rosea	K1		Gigaspora rosea | 4752_496A	0.2	3.97	VTX00039	99.81	species	SH
PX215098.1	Gigaspora rosea | woodslee_203A	Gigaspora rosea	main		named, species elsewhere	known species	Gigaspora rosea	K1		Gigaspora rosea | 4752_496A	0.48	5.39	VTX00039	99.42	species	SH
PX215099.1	Gigaspora rosea | woodslee_203A	Gigaspora rosea	main		named, species elsewhere	known species	Gigaspora rosea	K1		Gigaspora rosea | 4752_496A	0.34	5.39	VTX00039	99.81	species	SH
PX215100.1	Gigaspora rosea | woodslee_203A	Gigaspora rosea	main		named, species elsewhere	known species	Gigaspora rosea	K1		Gigaspora rosea | 4752_496A	0.14	5.42	VTX00039	100.0	species	SH
PX215101.1	Gigaspora rosea | 4752_496A	Gigaspora rosea	main		named, species elsewhere	divergent class	Gigaspora rosea	D2 paralog unit SH1076762.10FU (SH); placed by VT: Gigaspora rosea		Gigaspora rosea | woodslee_203A	0.2	4.22	VTX00039	99.61	species	SH
PX215102.1	Gigaspora rosea | 4752_496A	Gigaspora rosea	main		named, species elsewhere	divergent class	Gigaspora rosea	D2 paralog unit SH1076712.10FU (SH); placed by VT: Gigaspora rosea		Gigaspora rosea | woodslee_203A	0.14	5.42	VTX00039	100.0	species	SH
PX215103.1	Gigaspora rosea | CU131_1018C	Gigaspora rosea	main		named, species elsewhere	known species	Gigaspora rosea	K1		Gigaspora rosea | CU131_1018E	0.0	0.0	VTX00039	100.0	species	
PX215104.1	Gigaspora rosea | 4752_496A	Gigaspora rosea	main		named, species elsewhere	known species	Gigaspora rosea	K1		Gigaspora rosea | 4292_708F	0.2	3.41	VTX00039	99.81	species	
PX215105.1	Gigaspora rosea | 4752_496A	Gigaspora rosea	main		named, species elsewhere	known species	Gigaspora rosea	K1		Gigaspora rosea | 4292_708F	0.14	0.24	VTX00039	99.8	species	
PX215106.1	Gigaspora rosea | BEG9_770A	Gigaspora rosea	main		named, species elsewhere	known species	Gigaspora rosea	K1		Gigaspora rosea | 4511_973A	0.0	0.0	VTX00039	100.0	species	
PX215107.1	Gigaspora rosea | 4511_973A	Gigaspora rosea	main		named, species elsewhere	known species	Gigaspora rosea	K1		Gigaspora rosea | BEG9_770A	0.0	0.0	VTX00039	100.0	species	
PX215108.1	Gigaspora rosea | woodslee_203A	Gigaspora rosea	main		named, species elsewhere	known species	Gigaspora rosea	K1		Gigaspora rosea | 4752_496A	0.34	4.48	VTX00039	99.81	species	SH
PX215109.1	Gigaspora rosea | BEG9_770A	Gigaspora rosea	main		named, species elsewhere	known species	Gigaspora rosea	K1		Gigaspora rosea | 194757_703A	0.0	0.0	VTX00039	99.42	species	
PX215110.1	Gigaspora rosea | 194757_703A	Gigaspora rosea	main		named, species elsewhere	known species	Gigaspora rosea	K1		Gigaspora rosea | BEG9_770A	0.0	0.0	VTX00039	99.42	species	
PX215111.1	Gigaspora rosea | 194757_703A	Gigaspora rosea	main		named, species elsewhere	known species	Gigaspora rosea	K1		Gigaspora rosea | BEG9_770A	0.0	0.0	VTX00039	99.42	species	
PX215112.1	Gigaspora rosea | 4511_973A	Gigaspora rosea	main		named, species elsewhere	known species	Gigaspora rosea	K1		Gigaspora rosea | BEG9_770A	0.0	0.0	VTX00039	99.42	species	
PX215113.1	Gigaspora rosea | CW0011_4010A	Gigaspora rosea	main		named, species elsewhere	known species	Gigaspora rosea	K1		Gigaspora rosea | BEG9_770A	0.07	0.0	VTX00039	99.61	species	
PX215114.1	Gigaspora rosea | CW0011_4010A	Gigaspora rosea	main		named, species elsewhere	known species	Gigaspora rosea	K1		Gigaspora rosea | CU131_1018E	0.34	3.8	VTX00039	99.81	species	
PX215115.1	Gigaspora rosea | 4752_496A	Gigaspora rosea	main		named, species elsewhere	known species	Gigaspora rosea	K1		Gigaspora rosea | 4292_708F	0.14	0.99	VTX00039	99.61	species	
PX215116.1	Gigaspora rosea | 4752_496A	Gigaspora rosea	main		named, species elsewhere	known species	Gigaspora rosea	K1		Gigaspora rosea | 4292_708F	0.14	0.99	VTX00039	99.61	species	
PX215118.1	Ambispora callosa | JA116_2012B	Ambispora callosa	main		named, species elsewhere	known species	Ambispora callosa	K1		Ambispora callosa | MAFF520084_2504A	0.0	0.0	VTX00242	100.0	species	
PX215119.1	Ambispora callosa | MAFF520084_2504A	Ambispora callosa	main		named, species elsewhere	known species	Ambispora callosa	K1		Ambispora callosa | JA116_2012B	0.0	0.0	VTX00242	100.0	species	
PX215120.1	Ambispora callosa | MAFF520084_2504A	Ambispora callosa	main		named, species elsewhere	known species	Ambispora callosa	K1		Ambispora callosa | JA116_2012B	0.0	0.0	VTX00242	100.0	species	
PX215121.1	Ambispora callosa | MAFF520084_2504A	Ambispora callosa	main		named, species elsewhere	known species	Ambispora callosa	K1		Ambispora callosa | JA116_2012B	0.0	0.0	VTX00242	100.0	species	
PX215122.1	Ambispora callosa | JA116_2012B	Ambispora callosa	main		named, species elsewhere	known species	Ambispora callosa	K1		Ambispora callosa | MAFF520084_2504A	0.0	0.59	VTX00242	100.0	species	
PX215123.1	Ambispora callosa | MAFF520084_2504A	Ambispora callosa	main		named, species elsewhere	known species	Ambispora callosa	K1		Ambispora callosa | JA116_2012B	0.0	0.59	VTX00242	100.0	species	
PX215124.1	Ambispora callosa | MAFF520057_2499A	Ambispora callosa	main		named, species elsewhere	known species	Ambispora callosa	K1		Ambispora callosa | JA116_2012B	0.0	0.59	VTX00242	100.0	species	
PX215125.1	Ambispora callosa | MAFF520084_2504A	Ambispora callosa	main		named, species elsewhere	known species	Ambispora callosa	K1		Ambispora callosa | JA116_2012B	0.0	0.59	VTX00242	100.0	species	
PX215126.1	Ambispora callosa | JA116_2012B	Ambispora callosa	main		named, species elsewhere	known species	Ambispora callosa	K1		Ambispora callosa | MAFF520084_2504A	0.0	0.78	VTX00242	100.0	species	
PX215127.1	Ambispora callosa | MAFF520084_2504A	Ambispora callosa	main		named, species elsewhere	known species	Ambispora callosa	K1		Ambispora callosa | JA116_2012B	0.07	3.0	VTX00242	99.62	species	
PX215128.1	Ambispora callosa | MAFF520084_2504A	Ambispora callosa	main		named, species elsewhere	known species	Ambispora callosa	K1		Ambispora callosa | JA116_2012B	0.07	3.0	VTX00242	99.62	species	
PX215129.1	Ambispora callosa | MAFF520084_2504A	Ambispora callosa	main		named, species elsewhere	known species	Ambispora callosa	K1		Ambispora callosa | JA116_2012B	0.0	2.54	VTX00242	100.0	species	
PX215130.1	Ambispora callosa | JA116_2012B	Ambispora callosa	main		named, species elsewhere	known species	Ambispora callosa	K1		Ambispora callosa | MAFF520084_2504A	0.0	2.77	VTX00242	100.0	species	
PX215131.1	Ambispora callosa | MAFF520084_2504A	Ambispora callosa	main		named, species elsewhere	known species	Ambispora callosa	K1		Ambispora callosa | JA116_2012B	0.0	2.77	VTX00242	100.0	species	
PX215132.1	Ambispora callosa | JA116_2012B	Ambispora callosa	main		named, species elsewhere	known species	Ambispora callosa	K1		Ambispora callosa | MAFF520084_2504A	0.07	3.0	VTX00242	99.61	species	
PX215133.1	Ambispora callosa | MAFF520057_2499A	Ambispora callosa	main		named, species elsewhere	known species	Ambispora callosa	K1		Ambispora callosa | JA116_2012B	0.2	3.01	VTX00242	99.42	species	
PX215134.1	Ambispora callosa | MAFF520057_2499A	Ambispora callosa	main		named, species elsewhere	known species	Ambispora callosa	K1		Ambispora callosa | JA116_2012B	0.07	2.0	VTX00242	99.61	species	
PX215135.1	Ambispora callosa | MAFF520057_2499A	Ambispora callosa	main		named, species elsewhere	known species	Ambispora callosa	K1		Ambispora callosa | JA116_2012B	0.07	2.18	VTX00242	100.0	species	
PX215136.1	Ambispora callosa | JA116_2012B	Ambispora callosa	main		named, species elsewhere	known species	Ambispora callosa	K1		Ambispora callosa | MAFF520084_2504A	0.34	5.52	VTX00242	99.81	species	
PX215137.1	Ambispora callosa | JA116_2012B	Ambispora callosa	main		named, species elsewhere	known species	Ambispora callosa	K1		Ambispora callosa | MAFF520084_2504A	0.54	4.32	VTX00242	99.42	species	
PX215138.1	Ambispora leptoticha | MAFF520090_2501A	Ambispora leptoticha	main		named, species elsewhere	known species group	Ambispora callosa;Ambispora leptoticha	K1		Ambispora leptoticha | ON205A	0.07	3.99	VTX00242	99.81	species group	SH
PX215139.1	Ambispora leptoticha | ON205A	Ambispora leptoticha	main		named, species elsewhere	known species group	Ambispora callosa;Ambispora leptoticha	K1		Ambispora leptoticha | MAFF520090_2501A	0.07	3.99	VTX00242	99.81	species group	
PX215140.1	Ambispora leptoticha | ON205A	Ambispora leptoticha	main		named, species elsewhere	known species group	Ambispora callosa;Ambispora leptoticha	K1		Ambispora leptoticha | MAFF520090_2501A	0.07	4.39	VTX00242	99.81	species group	
PX215141.1	Ambispora leptoticha | ON205A	Ambispora leptoticha	main		named, species elsewhere	known species group	Ambispora callosa;Ambispora leptoticha	K1		Ambispora leptoticha | MAFF520090_2501A	0.14	3.43	VTX00242	99.81	species group	
PX215142.1	Paraglomus brasilianum | W960_3_902A	Paraglomus brasilianum	main		named, species elsewhere	known species	Paraglomus brasilianum	K1		Paraglomus brasilianum | W960_3_902C	0.0	0.0	VTX00239	100.0	species	
PX215143.1	Paraglomus brasilianum | W960_3_902C	Paraglomus brasilianum	main		named, species elsewhere	known species	Paraglomus brasilianum	K1		Paraglomus brasilianum | W960_3_902A	0.0	0.0	VTX00239	100.0	species	
PX215144.1	Paraglomus brasilianum | W260_5_933C	Paraglomus brasilianum	main		named, species elsewhere	known species	Paraglomus brasilianum	K1		Paraglomus brasilianum | W960_3_902A	0.0	0.0	VTX00239	100.0	species	
PX215145.1	Paraglomus brasilianum | BR105_2435A	Paraglomus brasilianum	main		named, species elsewhere	known species	Paraglomus brasilianum	K1		Paraglomus brasilianum | W960_3_902A	0.0	0.0	VTX00239	100.0	species	
PX215146.1	Paraglomus brasilianum | W260_5_933C	Paraglomus brasilianum	main		named, species elsewhere	known species	Paraglomus brasilianum	K1		Paraglomus brasilianum | BR105_2435A	0.0	0.0	VTX00239	100.0	species	
PX215147.1	Paraglomus brasilianum | BR105_2435A	Paraglomus brasilianum	main		named, species elsewhere	known species	Paraglomus brasilianum	K1		Paraglomus brasilianum | W260_5_933C	0.0	0.0	VTX00239	100.0	species	
PX215148.1	Paraglomus brasilianum | W260_5_933C	Paraglomus brasilianum	main		named, species elsewhere	known species	Paraglomus brasilianum	K1		Paraglomus brasilianum | W960_3_902A	0.0	0.21	VTX00239	100.0	species	
PX215149.1	Paraglomus brasilianum | 5274_2288B	Paraglomus brasilianum	main		named, species elsewhere	known species	Paraglomus brasilianum	K1		Paraglomus brasilianum | W960_3_902A	0.0	2.48	VTX00239	100.0	species	SH
PX215150.1	Paraglomus sp. | 5088_2360A	Paraglomus sp.	main		unnamed ('sp.')	known species	Paraglomus brasilianum	K1		Paraglomus sp. | 4423_1159D	0.0	0.0	VTX00239	99.23	species	
PX215151.1	Paraglomus sp. | 4423_1159D	Paraglomus sp.	main		unnamed ('sp.')	known species	Paraglomus brasilianum	K1		Paraglomus sp. | 5088_2360A	0.0	0.0	VTX00239	99.23	species	
PX215152.1	Paraglomus sp. | 4423_1159D	Paraglomus sp.	main		unnamed ('sp.')	known species	Paraglomus brasilianum	K1		Paraglomus sp. | 5088_2360A	0.0	0.42	VTX00239	99.23	species	
PX215153.1	Paraglomus sp. | 5088_2360A	Paraglomus sp.	main		unnamed ('sp.')	known species	Paraglomus brasilianum	K1		Paraglomus sp. | 4423_1159D	0.0	0.42	VTX00239	99.42	species	
PX215154.1	Paraglomus sp. | 4423_1159D	Paraglomus sp.	main		unnamed ('sp.')	known species	Paraglomus brasilianum	K1		Paraglomus sp. | 5088_2360A	0.0	0.42	VTX00239	99.42	species	
PX215155.1	Paraglomus sp. | 4423_1159D	Paraglomus sp.	main		unnamed ('sp.')	known species	Paraglomus brasilianum	K1		Paraglomus sp. | 5088_2360A	0.0	3.38	VTX00239	99.23	species	
PX215156.1	Paraglomus sp. | 4423_1159D	Paraglomus sp.	main		unnamed ('sp.')	known species	Paraglomus brasilianum	K1		Paraglomus sp. | 5088_2360A	0.0	0.64	VTX00239	99.23	species	
PX215157.1	Paraglomus sp. | 5088_2360A	Paraglomus sp.	main		unnamed ('sp.')	known species	Paraglomus brasilianum	K1		Paraglomus sp. | 4423_1159D	0.0	5.05	VTX00239	99.42	species	
PX215158.1	Paraglomus sp. | 4423_1159D	Paraglomus sp.	main		unnamed ('sp.')	known species	Paraglomus brasilianum	K1		Paraglomus sp. | 5088_2360A	0.0	4.64	VTX00239	99.42	species	
PX215159.1	Paraglomus sp. | 4423_1159D	Paraglomus sp.	main		unnamed ('sp.')	known species	Paraglomus brasilianum	K1		Paraglomus sp. | 5088_2360A	0.0	4.64	VTX00239	99.42	species	
PX215160.1	Paraglomus sp. | 4423_1159D	Paraglomus sp.	main		unnamed ('sp.')	known species	Paraglomus brasilianum	K1		Paraglomus sp. | 5088_2360A	0.0	4.65	VTX00239	99.23	species	
PX215161.1	Paraglomus sp. | 4423_1159D	Paraglomus sp.	main		unnamed ('sp.')	known species	Paraglomus brasilianum	K1		Paraglomus sp. | 5088_2360A	0.0	2.75	VTX00239	99.23	species	
PX215162.1	Paraglomus sp. | BR105_2435A	Paraglomus sp.	main		unnamed ('sp.')	known species	Paraglomus laccatum	K1		Paraglomus laccatum | CW0010_4009B	0.07	5.8	VTX00281	100.0	species	SH
PX215163.1	Paraglomus sp. | BR105_2435A	Paraglomus sp.	main		unnamed ('sp.')	known species	Paraglomus laccatum	K1		Paraglomus laccatum | CW0010_4009B	0.07	6.25	VTX00281	100.0	species	
PX215164.1	Paraglomus sp. | BR105_2435A	Paraglomus sp.	main		unnamed ('sp.')	known species	Paraglomus laccatum	K1		Paraglomus laccatum | CW0010_4009B	0.07	4.79	VTX00281	100.0	species	
