accession	culture	organism	genus	copy_class	div_kind	group	other_cultures_of_species	VT_state	VT_species	VT_genera	SH_state	SH_species	SH_genera	LSU_state	LSU_species	LSU_genera	rank	call_species	call_genera	correct	causes	unmatched_arms
PX207096.1	Paraglomus laccatum | CW0010_4009B	Paraglomus laccatum	Paraglomus	main		named, species held out	0	matched		Paraglomus	unmatched			matched		Paraglomus	genus		Paraglomus	genus	held out	SH
PX207097.1	Paraglomus laccatum | CW0010_4009B	Paraglomus laccatum	Paraglomus	main		named, species held out	0	matched		Paraglomus	unmatched			matched		Paraglomus	genus		Paraglomus	genus	held out	SH
PX207098.1	Paraglomus laccatum | CW0010_4009B	Paraglomus laccatum	Paraglomus	main		named, species held out	0	matched		Paraglomus	unmatched			matched		Paraglomus	genus		Paraglomus	genus	held out	SH
PX207099.1	Paraglomus laccatum | CW0010_4009B	Paraglomus laccatum	Paraglomus	main		named, species held out	0	matched		Paraglomus	unmatched			matched		Paraglomus	genus		Paraglomus	genus	held out	SH
PX207100.1	Paraglomus laccatum | CW0010_4009B	Paraglomus laccatum	Paraglomus	main		named, species held out	0	matched		Paraglomus	unmatched			matched		Paraglomus	genus		Paraglomus	genus	held out	SH
PX207101.1	Ambispora leptoticha | ON205A	Ambispora leptoticha	Ambispora	main		named, species elsewhere	1	matched	Ambispora callosa;Ambispora leptoticha	Ambispora	no call			matched	Ambispora callosa;Ambispora leptoticha	Ambispora	species group	Ambispora callosa;Ambispora leptoticha	Ambispora	contains		
PX207102.1	Ambispora leptoticha | ON205A	Ambispora leptoticha	Ambispora	main		named, species elsewhere	1	matched	Ambispora callosa;Ambispora leptoticha	Ambispora	no call			matched	Ambispora callosa;Ambispora leptoticha	Ambispora	species group	Ambispora callosa;Ambispora leptoticha	Ambispora	contains		
PX207103.1	Ambispora leptoticha | ON205A	Ambispora leptoticha	Ambispora	main		named, species elsewhere	1	matched	Ambispora callosa;Ambispora leptoticha	Ambispora	no call			matched	Ambispora callosa;Ambispora leptoticha	Ambispora	species group	Ambispora callosa;Ambispora leptoticha	Ambispora	contains		
PX207104.1	Ambispora leptoticha | ON205A	Ambispora leptoticha	Ambispora	main		named, species elsewhere	1	matched	Ambispora callosa;Ambispora leptoticha	Ambispora	no call			matched	Ambispora callosa;Ambispora leptoticha	Ambispora	species group	Ambispora callosa;Ambispora leptoticha	Ambispora	contains		
PX207105.1	Ambispora leptoticha | ON205A	Ambispora leptoticha	Ambispora	main		named, species elsewhere	1	matched	Ambispora callosa;Ambispora leptoticha	Ambispora	no call			matched	Ambispora callosa;Ambispora leptoticha	Ambispora	species group	Ambispora callosa;Ambispora leptoticha	Ambispora	contains		
PX207106.1	Ambispora leptoticha | ON205A	Ambispora leptoticha	Ambispora	main		named, species elsewhere	1	matched	Ambispora callosa;Ambispora leptoticha	Ambispora	no call			matched	Ambispora callosa;Ambispora leptoticha	Ambispora	species group	Ambispora callosa;Ambispora leptoticha	Ambispora	contains		
PX207107.1	Diversispora spurca | CW0006_4005B	Diversispora spurca	Diversispora	main		named, species elsewhere	2	matched	Diversispora arenaria;Diversispora epigaea;Diversispora jakucsiae;Diversispora spurca	Diversispora	matched	Diversispora spurca	Diversispora	no call			species	Diversispora spurca	Diversispora	yes		
PX207108.1	Diversispora spurca | CW0006_4005B	Diversispora spurca	Diversispora	main		named, species elsewhere	2	matched	Diversispora arenaria;Diversispora epigaea;Diversispora jakucsiae;Diversispora spurca	Diversispora	matched	Diversispora spurca	Diversispora	no call			species	Diversispora spurca	Diversispora	yes		
PX207109.1	Diversispora spurca | CW0006_4005B	Diversispora spurca	Diversispora	main		named, species elsewhere	2	matched	Diversispora arenaria;Diversispora epigaea;Diversispora jakucsiae;Diversispora spurca	Diversispora	matched	Diversispora spurca	Diversispora	no call			species	Diversispora spurca	Diversispora	yes		
PX207110.1	Diversispora spurca | CW0006_4005B	Diversispora spurca	Diversispora	main		named, species elsewhere	2	matched	Diversispora arenaria;Diversispora epigaea;Diversispora jakucsiae;Diversispora spurca	Diversispora	matched	Diversispora spurca	Diversispora	no call			species	Diversispora spurca	Diversispora	yes		
PX207111.1	Diversispora spurca | CW0006_4005B	Diversispora spurca	Diversispora	main		named, species elsewhere	2	matched	Diversispora arenaria;Diversispora epigaea;Diversispora jakucsiae;Diversispora spurca	Diversispora	matched	Diversispora spurca	Diversispora	no call			species	Diversispora spurca	Diversispora	yes		
PX207112.1	Diversispora spurca | CW0006_4005B	Diversispora spurca	Diversispora	main		named, species elsewhere	2	matched	Diversispora arenaria;Diversispora epigaea;Diversispora jakucsiae;Diversispora spurca	Diversispora	matched	Diversispora spurca	Diversispora	no call			species	Diversispora spurca	Diversispora	yes		
PX207113.1	Diversispora spurca | CW0006_4005B	Diversispora spurca	Diversispora	main		named, species elsewhere	2	matched	Diversispora arenaria;Diversispora epigaea;Diversispora jakucsiae;Diversispora spurca	Diversispora	no call			no call			species group	Diversispora arenaria;Diversispora epigaea;Diversispora jakucsiae;Diversispora spurca	Diversispora	contains		
PX207114.1	Diversispora spurca | CW0006_4005B	Diversispora spurca	Diversispora	main		named, species elsewhere	2	matched	Diversispora arenaria;Diversispora epigaea;Diversispora jakucsiae;Diversispora spurca	Diversispora	matched	Diversispora spurca	Diversispora	no call			species	Diversispora spurca	Diversispora	yes		
PX207115.1	Diversispora spurca | CW0006_4005B	Diversispora spurca	Diversispora	main		named, species elsewhere	2	matched	Diversispora arenaria;Diversispora epigaea;Diversispora jakucsiae;Diversispora spurca	Diversispora	matched	Diversispora spurca	Diversispora	no call			species	Diversispora spurca	Diversispora	yes		
PX207116.1	Diversispora spurca | CW0006_4005B	Diversispora spurca	Diversispora	main		named, species elsewhere	2	matched	Diversispora arenaria;Diversispora epigaea;Diversispora jakucsiae;Diversispora spurca	Diversispora	matched	Diversispora spurca	Diversispora	no call			species	Diversispora spurca	Diversispora	yes		
PX207117.1	Diversispora spurca | CW0006_4005B	Diversispora spurca	Diversispora	main		named, species elsewhere	2	matched	Diversispora arenaria;Diversispora epigaea;Diversispora jakucsiae;Diversispora spurca	Diversispora	matched	Diversispora spurca	Diversispora	no call			species	Diversispora spurca	Diversispora	yes		
PX207118.1	Cetraspora gilmorei | CW0008_2669B	Cetraspora gilmorei	Cetraspora	main		named, species elsewhere	8	matched	Cetraspora gilmorei	Cetraspora	matched	Cetraspora gilmorei	Cetraspora	matched	Cetraspora gilmorei	Cetraspora	species	Cetraspora gilmorei	Cetraspora	yes		
PX207119.1	Cetraspora gilmorei | CW0008_2669B	Cetraspora gilmorei	Cetraspora	main		named, species elsewhere	8	matched	Cetraspora gilmorei	Cetraspora	matched	Cetraspora gilmorei	Cetraspora	matched	Cetraspora gilmorei	Cetraspora	species	Cetraspora gilmorei	Cetraspora	yes		
PX207120.1	Cetraspora gilmorei | CW0008_2669B	Cetraspora gilmorei	Cetraspora	main		named, species elsewhere	8	matched	Cetraspora gilmorei	Cetraspora	matched	Cetraspora gilmorei	Cetraspora	matched	Cetraspora gilmorei	Cetraspora	species	Cetraspora gilmorei	Cetraspora	yes		
PX207121.1	Cetraspora gilmorei | CW0008_2669B	Cetraspora gilmorei	Cetraspora	main		named, species elsewhere	8	matched	Cetraspora gilmorei	Cetraspora	matched	Cetraspora gilmorei	Cetraspora	matched	Cetraspora gilmorei	Cetraspora	species	Cetraspora gilmorei	Cetraspora	yes		
PX207122.1	Cetraspora gilmorei | CW0008_2669B	Cetraspora gilmorei	Cetraspora	main		named, species elsewhere	8	matched	Cetraspora gilmorei	Cetraspora	matched	Cetraspora gilmorei	Cetraspora	matched	Cetraspora gilmorei	Cetraspora	species	Cetraspora gilmorei	Cetraspora	yes		
PX207123.1	Cetraspora gilmorei | CW0008_2669B	Cetraspora gilmorei	Cetraspora	main		named, species elsewhere	8	matched	Cetraspora gilmorei	Cetraspora	matched	Cetraspora gilmorei	Cetraspora	matched	Cetraspora gilmorei	Cetraspora	species	Cetraspora gilmorei	Cetraspora	yes		
PX207124.1	Cetraspora gilmorei | CW0008_2669B	Cetraspora gilmorei	Cetraspora	main		named, species elsewhere	8	matched	Cetraspora gilmorei	Cetraspora	matched	Cetraspora gilmorei	Cetraspora	matched	Cetraspora gilmorei	Cetraspora	species	Cetraspora gilmorei	Cetraspora	yes		
PX207125.1	Cetraspora gilmorei | CW0008_2669B	Cetraspora gilmorei	Cetraspora	main		named, species elsewhere	8	matched	Cetraspora gilmorei	Cetraspora	matched	Cetraspora gilmorei	Cetraspora	matched	Cetraspora gilmorei	Cetraspora	species	Cetraspora gilmorei	Cetraspora	yes		
PX207126.1	Cetraspora gilmorei | CW0008_2669B	Cetraspora gilmorei	Cetraspora	main		named, species elsewhere	8	matched	Cetraspora gilmorei	Cetraspora	matched	Cetraspora gilmorei	Cetraspora	matched	Cetraspora gilmorei	Cetraspora	species	Cetraspora gilmorei	Cetraspora	yes		
PX207127.1	Cetraspora gilmorei | CW0008_2669B	Cetraspora gilmorei	Cetraspora	main		named, species elsewhere	8	matched	Cetraspora gilmorei	Cetraspora	matched	Cetraspora gilmorei	Cetraspora	matched	Cetraspora gilmorei	Cetraspora	species	Cetraspora gilmorei	Cetraspora	yes		
PX207128.1	Gigaspora rosea | 4292_708F	Gigaspora rosea	Gigaspora	main		named, species elsewhere	8	matched	Gigaspora rosea	Gigaspora	matched	Gigaspora rosea	Gigaspora	no call			species	Gigaspora rosea	Gigaspora	yes		
PX207129.1	Gigaspora rosea | 4292_708F	Gigaspora rosea	Gigaspora	main		named, species elsewhere	8	matched	Gigaspora rosea	Gigaspora	matched	Gigaspora rosea	Gigaspora	no call			species	Gigaspora rosea	Gigaspora	yes		
PX207130.1	Gigaspora rosea | 4292_708F	Gigaspora rosea	Gigaspora	main		named, species elsewhere	8	matched	Gigaspora rosea	Gigaspora	matched	Gigaspora rosea	Gigaspora	no call			species	Gigaspora rosea	Gigaspora	yes		
PX207131.1	Gigaspora rosea | 4292_708F	Gigaspora rosea	Gigaspora	main		named, species elsewhere	8	matched	Gigaspora rosea	Gigaspora	matched	Gigaspora rosea	Gigaspora	no call			species	Gigaspora rosea	Gigaspora	yes		
PX207132.1	Gigaspora rosea | 4292_708F	Gigaspora rosea	Gigaspora	main		named, species elsewhere	8	matched	Gigaspora rosea	Gigaspora	matched	Gigaspora rosea	Gigaspora	no call			species	Gigaspora rosea	Gigaspora	yes		
PX207133.1	Gigaspora rosea | 4292_708F	Gigaspora rosea	Gigaspora	main		named, species elsewhere	8	matched	Gigaspora rosea	Gigaspora	matched	Gigaspora rosea	Gigaspora	no call			species	Gigaspora rosea	Gigaspora	yes		
PX207134.1	Gigaspora rosea | 4292_708F	Gigaspora rosea	Gigaspora	main		named, species elsewhere	8	matched	Gigaspora rosea	Gigaspora	matched	Gigaspora rosea	Gigaspora	no call			species	Gigaspora rosea	Gigaspora	yes		
PX207135.1	Gigaspora rosea | CU131_1018E	Gigaspora rosea	Gigaspora	main		named, species elsewhere	8	matched	Gigaspora rosea	Gigaspora	matched	Gigaspora rosea	Gigaspora	matched	Gigaspora rosea	Gigaspora	species	Gigaspora rosea	Gigaspora	yes		
PX207136.1	Gigaspora rosea | 4292_708F	Gigaspora rosea	Gigaspora	main		named, species elsewhere	8	matched	Gigaspora rosea	Gigaspora	no call			matched	Gigaspora rosea	Gigaspora	species	Gigaspora rosea	Gigaspora	yes		
PX207137.1	Gigaspora rosea | 4292_708F	Gigaspora rosea	Gigaspora	main		named, species elsewhere	8	matched	Gigaspora rosea	Gigaspora	no call			matched	Gigaspora rosea	Gigaspora	species	Gigaspora rosea	Gigaspora	yes		
PX207138.1	Gigaspora rosea | 4292_708F	Gigaspora rosea	Gigaspora	divergent	same_length	named, species elsewhere	8	matched	Gigaspora rosea	Gigaspora	matched	Gigaspora rosea	Gigaspora	matched	Gigaspora rosea	Gigaspora	species	Gigaspora rosea	Gigaspora	yes	divergent (same_length)	
PX207139.1	Gigaspora rosea | 4292_708F	Gigaspora rosea	Gigaspora	divergent	same_length	named, species elsewhere	8	matched	Gigaspora rosea	Gigaspora	matched	Gigaspora rosea	Gigaspora	matched	Gigaspora rosea	Gigaspora	species	Gigaspora rosea	Gigaspora	yes	divergent (same_length)	
PX207140.1	Gigaspora rosea | 4292_708F	Gigaspora rosea	Gigaspora	divergent	same_length	named, species elsewhere	8	matched	Gigaspora rosea	Gigaspora	matched	Gigaspora rosea	Gigaspora	matched	Gigaspora rosea	Gigaspora	species	Gigaspora rosea	Gigaspora	yes	divergent (same_length)	
PX207141.1	Gigaspora rosea | CU131_1018E	Gigaspora rosea	Gigaspora	main		named, species elsewhere	8	matched	Gigaspora rosea	Gigaspora	matched	Gigaspora rosea	Gigaspora	matched	Gigaspora rosea	Gigaspora	species	Gigaspora rosea	Gigaspora	yes		
PX207142.1	Gigaspora rosea | CU131_1018E	Gigaspora rosea	Gigaspora	main		named, species elsewhere	8	matched	Gigaspora rosea	Gigaspora	matched	Gigaspora rosea	Gigaspora	no call			species	Gigaspora rosea	Gigaspora	yes		
PX207143.1	Gigaspora rosea | CU131_1018E	Gigaspora rosea	Gigaspora	main		named, species elsewhere	8	matched	Gigaspora rosea	Gigaspora	matched	Gigaspora rosea	Gigaspora	matched	Gigaspora rosea	Gigaspora	species	Gigaspora rosea	Gigaspora	yes		
PX207144.1	Sclerocystis sinuosa | MT106_2767A	Sclerocystis sinuosa	Sclerocystis	main		named, species held out	0	unmatched			no call			unmatched			unplaced				held out	VT;LSU
PX207145.1	Sclerocystis sinuosa | MT106_2767A	Sclerocystis sinuosa	Sclerocystis	main		named, species held out	0	unmatched			no call			unmatched			unplaced				held out	VT;LSU
PX207146.1	Sclerocystis sinuosa | MT106_2767A	Sclerocystis sinuosa	Sclerocystis	main		named, species held out	0	unmatched			no call			unmatched			unplaced				held out	VT;LSU
PX207147.1	Sclerocystis sinuosa | MT106_2767A	Sclerocystis sinuosa	Sclerocystis	main		named, species held out	0	unmatched			no call			unmatched			unplaced				held out	VT;LSU
PX207148.1	Sclerocystis sinuosa | MT106_2767A	Sclerocystis sinuosa	Sclerocystis	main		named, species held out	0	unmatched			no call			unmatched			unplaced				held out	VT;LSU
PX207149.1	Sclerocystis sinuosa | MT106_2767A	Sclerocystis sinuosa	Sclerocystis	main		named, species held out	0	unmatched			no call			unmatched			unplaced				held out	VT;LSU
PX207150.1	Sclerocystis sinuosa | MT106_2767A	Sclerocystis sinuosa	Sclerocystis	main		named, species held out	0	unmatched			no call			unmatched			unplaced				held out	VT;LSU
PX207151.1	Sclerocystis sinuosa | MT106_2767A	Sclerocystis sinuosa	Sclerocystis	main		named, species held out	0	unmatched			no call			unmatched			unplaced				held out	VT;LSU
PX207152.1	Sclerocystis sinuosa | MT106_2767A	Sclerocystis sinuosa	Sclerocystis	main		named, species held out	0	unmatched			no call			unmatched			unplaced				held out	VT;LSU
PX207153.1	Sclerocystis sinuosa | MT106_2767A	Sclerocystis sinuosa	Sclerocystis	main		named, species held out	0	unmatched			no call			unmatched			unplaced				held out	VT;LSU
PX207154.1	Sclerocystis sinuosa | MT106_2767A	Sclerocystis sinuosa	Sclerocystis	main		named, species held out	0	unmatched			no call			unmatched			unplaced				held out	VT;LSU
PX207155.1	Sclerocystis sinuosa | MT106_2767A	Sclerocystis sinuosa	Sclerocystis	main		named, species held out	0	unmatched			no call			unmatched			unplaced				held out	VT;LSU
PX207156.1	Sclerocystis sinuosa | MT106_2767A	Sclerocystis sinuosa	Sclerocystis	main		named, species held out	0	unmatched			no call			unmatched			unplaced				held out	VT;LSU
PX207157.1	Sclerocystis sinuosa | MT106_2767A	Sclerocystis sinuosa	Sclerocystis	main		named, species held out	0	unmatched			no call			unmatched			unplaced				held out	VT;LSU
PX207158.1	Sclerocystis sinuosa | MT106_2767A	Sclerocystis sinuosa	Sclerocystis	main		named, species held out	0	unmatched			no call			unmatched			unplaced				held out	VT;LSU
PX207159.1	Sclerocystis sinuosa | MT106_2767A	Sclerocystis sinuosa	Sclerocystis	main		named, species held out	0	unmatched			no call			unmatched			unplaced				held out	VT;LSU
PX207160.1	Sclerocystis sinuosa | MT106_2767A	Sclerocystis sinuosa	Sclerocystis	main		named, species held out	0	unmatched			no call			unmatched			unplaced				held out	VT;LSU
PX207161.1	Sclerocystis sinuosa | MT106_2767A	Sclerocystis sinuosa	Sclerocystis	main		named, species held out	0	unmatched			no call			unmatched			unplaced				held out	VT;LSU
PX207162.1	Rhizophagus irregularis | GC-2_IVT11	Rhizophagus irregularis	Rhizophagus	divergent	short_5.8S	named, species elsewhere	10	matched	Rhizophagus irregularis;[Rhizoglomus] vesiculiferum	Rhizophagus	matched	Rhizophagus irregularis	Rhizophagus	no call			species	Rhizophagus irregularis	Rhizophagus	yes	divergent (short_5.8S)	
PX207163.1	Rhizophagus irregularis | GC-2_IVT11	Rhizophagus irregularis	Rhizophagus	divergent	short_5.8S	named, species elsewhere	10	matched	Rhizophagus irregularis;[Rhizoglomus] vesiculiferum	Rhizophagus	matched	Rhizophagus irregularis	Rhizophagus	no call			species	Rhizophagus irregularis	Rhizophagus	yes	divergent (short_5.8S)	
PX207164.1	Rhizophagus irregularis | DAOMC 197198	Rhizophagus irregularis	Rhizophagus	divergent	short_5.8S	named, species elsewhere	10	matched	Rhizophagus irregularis;[Rhizoglomus] vesiculiferum	Rhizophagus	matched	Rhizophagus irregularis	Rhizophagus	no call			species	Rhizophagus irregularis	Rhizophagus	yes	divergent (short_5.8S)	
PX207165.1	Rhizophagus irregularis | DAOMC 197198	Rhizophagus irregularis	Rhizophagus	divergent	short_5.8S	named, species elsewhere	10	matched	Rhizophagus irregularis;[Rhizoglomus] vesiculiferum	Rhizophagus	matched	Rhizophagus irregularis	Rhizophagus	no call			species	Rhizophagus irregularis	Rhizophagus	yes	divergent (short_5.8S)	
PX207166.1	Rhizophagus irregularis | GC-2_IVT11	Rhizophagus irregularis	Rhizophagus	main		named, species elsewhere	10	matched	Rhizophagus irregularis;[Rhizoglomus] vesiculiferum	Rhizophagus	matched	Rhizophagus irregularis	Rhizophagus	matched	Rhizophagus irregularis	Rhizophagus	species	Rhizophagus irregularis	Rhizophagus	yes		
PX207167.1	Rhizophagus irregularis | GC-2_IVT11	Rhizophagus irregularis	Rhizophagus	main		named, species elsewhere	10	matched	Rhizophagus irregularis;[Rhizoglomus] vesiculiferum	Rhizophagus	matched	Rhizophagus irregularis	Rhizophagus	matched	Rhizophagus irregularis	Rhizophagus	species	Rhizophagus irregularis	Rhizophagus	yes		
PX207168.1	Rhizophagus irregularis | DAOMC 197198	Rhizophagus irregularis	Rhizophagus	main		named, species elsewhere	10	matched	Rhizophagus irregularis;[Rhizoglomus] vesiculiferum	Rhizophagus	matched	Rhizophagus irregularis	Rhizophagus	matched	Rhizophagus irregularis	Rhizophagus	species	Rhizophagus irregularis	Rhizophagus	yes		
PX207169.1	Rhizophagus irregularis | DAOMC 197198	Rhizophagus irregularis	Rhizophagus	main		named, species elsewhere	10	matched	Rhizophagus irregularis;[Rhizoglomus] vesiculiferum	Rhizophagus	matched	Rhizophagus irregularis	Rhizophagus	matched	Rhizophagus irregularis	Rhizophagus	species	Rhizophagus irregularis	Rhizophagus	yes		
PX207170.1	Rhizophagus irregularis | DAOMC 197198	Rhizophagus irregularis	Rhizophagus	main		named, species elsewhere	10	matched	Rhizophagus irregularis;[Rhizoglomus] vesiculiferum	Rhizophagus	matched	Rhizophagus irregularis	Rhizophagus	matched	Rhizophagus irregularis	Rhizophagus	species	Rhizophagus irregularis	Rhizophagus	yes		
PX207171.1	Rhizophagus irregularis | GC-2_IVT11	Rhizophagus irregularis	Rhizophagus	main		named, species elsewhere	10	matched	Rhizophagus irregularis;[Rhizoglomus] vesiculiferum	Rhizophagus	matched	Rhizophagus irregularis	Rhizophagus	no call			species	Rhizophagus irregularis	Rhizophagus	yes		
PX207172.1	Rhizophagus irregularis | GC-2_IVT11	Rhizophagus irregularis	Rhizophagus	main		named, species elsewhere	10	matched	Rhizophagus irregularis;[Rhizoglomus] vesiculiferum	Rhizophagus	matched	Rhizophagus irregularis	Rhizophagus	no call			species	Rhizophagus irregularis	Rhizophagus	yes		
PX207173.1	Rhizophagus irregularis | DAOMC 197198	Rhizophagus irregularis	Rhizophagus	main		named, species elsewhere	10	matched	Rhizophagus irregularis;[Rhizoglomus] vesiculiferum	Rhizophagus	matched	Rhizophagus irregularis	Rhizophagus	matched	Rhizophagus irregularis	Rhizophagus	species	Rhizophagus irregularis	Rhizophagus	yes		
PX207174.1	Rhizophagus irregularis | DAOMC 197198	Rhizophagus irregularis	Rhizophagus	main		named, species elsewhere	10	matched	Rhizophagus irregularis;[Rhizoglomus] vesiculiferum	Rhizophagus	matched	Rhizophagus irregularis	Rhizophagus	matched	Rhizophagus irregularis	Rhizophagus	species	Rhizophagus irregularis	Rhizophagus	yes		
PX207175.1	Rhizophagus irregularis | DAOMC 197198	Rhizophagus irregularis	Rhizophagus	main		named, species elsewhere	10	matched	Rhizophagus irregularis;[Rhizoglomus] vesiculiferum	Rhizophagus	matched	Rhizophagus irregularis	Rhizophagus	matched	Rhizophagus irregularis	Rhizophagus	species	Rhizophagus irregularis	Rhizophagus	yes		
PX207176.1	Rhizophagus irregularis | DAOMC 197198	Rhizophagus irregularis	Rhizophagus	main		named, species elsewhere	10	matched	Rhizophagus irregularis;[Rhizoglomus] vesiculiferum	Rhizophagus	matched	Rhizophagus irregularis	Rhizophagus	matched	Rhizophagus irregularis	Rhizophagus	species	Rhizophagus irregularis	Rhizophagus	yes		
PX207177.1	Rhizophagus irregularis | DAOMC 197198	Rhizophagus irregularis	Rhizophagus	main		named, species elsewhere	10	matched	Rhizophagus irregularis;[Rhizoglomus] vesiculiferum	Rhizophagus	matched	Rhizophagus irregularis	Rhizophagus	matched	Rhizophagus irregularis	Rhizophagus	species	Rhizophagus irregularis	Rhizophagus	yes		
PX207178.1	Rhizophagus irregularis | DAOMC 197198	Rhizophagus irregularis	Rhizophagus	main		named, species elsewhere	10	matched	Rhizophagus irregularis;[Rhizoglomus] vesiculiferum	Rhizophagus	matched	Rhizophagus irregularis	Rhizophagus	no call			species	Rhizophagus irregularis	Rhizophagus	yes		
PX207179.1	Rhizophagus irregularis | DAOMC 197198	Rhizophagus irregularis	Rhizophagus	main		named, species elsewhere	10	matched	Rhizophagus irregularis;[Rhizoglomus] vesiculiferum	Rhizophagus	matched	Rhizophagus irregularis	Rhizophagus	no call			species	Rhizophagus irregularis	Rhizophagus	yes		
PX207180.1	Rhizophagus irregularis | DAOMC 197198	Rhizophagus irregularis	Rhizophagus	main		named, species elsewhere	10	matched	Rhizophagus irregularis;[Rhizoglomus] vesiculiferum	Rhizophagus	matched	Rhizophagus irregularis	Rhizophagus	no call			species	Rhizophagus irregularis	Rhizophagus	yes		
PX207181.1	Rhizophagus irregularis | DAOMC 197198	Rhizophagus irregularis	Rhizophagus	main		named, species elsewhere	10	matched	Rhizophagus irregularis;[Rhizoglomus] vesiculiferum	Rhizophagus	matched	Rhizophagus irregularis	Rhizophagus	no call			species	Rhizophagus irregularis	Rhizophagus	yes		
PX207182.1	Rhizophagus irregularis | GC-2_IVT11	Rhizophagus irregularis	Rhizophagus	main		named, species elsewhere	10	matched	Rhizophagus irregularis;[Rhizoglomus] vesiculiferum	Rhizophagus	matched	Rhizophagus irregularis	Rhizophagus	no call			species	Rhizophagus irregularis	Rhizophagus	yes		
PX207183.1	Rhizophagus irregularis | GC-2_IVT11	Rhizophagus irregularis	Rhizophagus	main		named, species elsewhere	10	matched	Rhizophagus irregularis;[Rhizoglomus] vesiculiferum	Rhizophagus	matched	Rhizophagus irregularis	Rhizophagus	no call			species	Rhizophagus irregularis	Rhizophagus	yes		
PX207184.1	Rhizophagus irregularis | GC-2_IVT11	Rhizophagus irregularis	Rhizophagus	main		named, species elsewhere	10	matched	Rhizophagus irregularis;[Rhizoglomus] vesiculiferum	Rhizophagus	matched	Rhizophagus irregularis	Rhizophagus	matched	Rhizophagus irregularis	Rhizophagus	species	Rhizophagus irregularis	Rhizophagus	yes		
PX207185.1	Rhizophagus irregularis | GC-2_IVT11	Rhizophagus irregularis	Rhizophagus	main		named, species elsewhere	10	matched	Rhizophagus irregularis;[Rhizoglomus] vesiculiferum	Rhizophagus	matched	Rhizophagus irregularis	Rhizophagus	matched	Rhizophagus irregularis	Rhizophagus	species	Rhizophagus irregularis	Rhizophagus	yes		
PX207186.1	Rhizophagus irregularis | DAOMC 197198	Rhizophagus irregularis	Rhizophagus	main		named, species elsewhere	10	matched	Rhizophagus irregularis;[Rhizoglomus] vesiculiferum	Rhizophagus	matched	Rhizophagus irregularis	Rhizophagus	matched	Rhizophagus irregularis	Rhizophagus	species	Rhizophagus irregularis	Rhizophagus	yes		
PX207187.1	Rhizophagus irregularis | DAOMC 197198	Rhizophagus irregularis	Rhizophagus	main		named, species elsewhere	10	matched	Rhizophagus irregularis;[Rhizoglomus] vesiculiferum	Rhizophagus	matched	Rhizophagus irregularis	Rhizophagus	matched	Rhizophagus irregularis	Rhizophagus	species	Rhizophagus irregularis	Rhizophagus	yes		
PX207188.1	Rhizophagus irregularis | DAOMC 197198	Rhizophagus irregularis	Rhizophagus	main		named, species elsewhere	10	matched	Rhizophagus irregularis;[Rhizoglomus] vesiculiferum	Rhizophagus	matched	Rhizophagus irregularis	Rhizophagus	matched	Rhizophagus irregularis	Rhizophagus	species	Rhizophagus irregularis	Rhizophagus	yes		
PX207189.1	Rhizophagus irregularis | DAOMC 197198	Rhizophagus irregularis	Rhizophagus	main		named, species elsewhere	10	matched	Rhizophagus irregularis;[Rhizoglomus] vesiculiferum	Rhizophagus	matched	Rhizophagus irregularis	Rhizophagus	matched	Rhizophagus irregularis	Rhizophagus	species	Rhizophagus irregularis	Rhizophagus	yes		
PX207190.1	Rhizophagus prolifer | SD5_IVT32	Rhizophagus prolifer	Rhizophagus	divergent	short_5.8S	named, species held out	0	unmatched			unmatched			no call			unplaced				divergent (short_5.8S);held out	VT;SH
PX207191.1	Rhizophagus prolifer | SD5_IVT32	Rhizophagus prolifer	Rhizophagus	divergent	short_5.8S	named, species held out	0	unmatched			unmatched			no call			unplaced				divergent (short_5.8S);held out	VT;SH
PX207192.1	Rhizophagus prolifer | SD5_IVT32	Rhizophagus prolifer	Rhizophagus	divergent	short_5.8S	named, species held out	0	unmatched			unmatched			no call			unplaced				divergent (short_5.8S);held out	VT;SH
PX207193.1	Rhizophagus prolifer | SD5_IVT32	Rhizophagus prolifer	Rhizophagus	divergent	short_5.8S	named, species held out	0	unmatched			unmatched			no call			unplaced				divergent (short_5.8S);held out	VT;SH
PX207194.1	Rhizophagus intraradices | UT126A	Rhizophagus intraradices	Rhizophagus	divergent	same_length	named, species elsewhere	3	matched	Rhizophagus intraradices	Rhizophagus	unmatched			no call			species	Rhizophagus intraradices	Rhizophagus	yes	divergent (same_length)	SH
PX207195.1	Rhizophagus intraradices | UT126A	Rhizophagus intraradices	Rhizophagus	divergent	short_5.8S	named, species elsewhere	3	matched	Rhizophagus intraradices	Rhizophagus	unmatched			no call			species	Rhizophagus intraradices	Rhizophagus	yes	divergent (short_5.8S)	SH
PX207196.1	Rhizophagus intraradices | UT126A	Rhizophagus intraradices	Rhizophagus	divergent	short_5.8S	named, species elsewhere	3	matched	Rhizophagus intraradices	Rhizophagus	unmatched			no call			species	Rhizophagus intraradices	Rhizophagus	yes	divergent (short_5.8S)	SH
PX207197.1	Rhizophagus intraradices | KS906_IVT156	Rhizophagus intraradices	Rhizophagus	divergent	short_5.8S	named, species elsewhere	3	matched	Rhizophagus intraradices	Rhizophagus	unmatched			no call			species	Rhizophagus intraradices	Rhizophagus	yes	divergent (short_5.8S)	SH
PX207198.1	Rhizophagus intraradices | KS906_IVT156	Rhizophagus intraradices	Rhizophagus	main		named, species elsewhere	3	matched	Rhizophagus intraradices	Rhizophagus	matched	Rhizophagus intraradices	Rhizophagus	matched	Rhizophagus intraradices	Rhizophagus	species	Rhizophagus intraradices	Rhizophagus	yes		
PX207199.1	Rhizophagus intraradices | UT126A	Rhizophagus intraradices	Rhizophagus	main		named, species elsewhere	3	matched	Rhizophagus intraradices	Rhizophagus	matched	Rhizophagus intraradices	Rhizophagus	matched	Rhizophagus intraradices	Rhizophagus	species	Rhizophagus intraradices	Rhizophagus	yes		
PX207200.1	Rhizophagus intraradices | UT126A	Rhizophagus intraradices	Rhizophagus	main		named, species elsewhere	3	matched	Rhizophagus intraradices	Rhizophagus	matched	Rhizophagus intraradices	Rhizophagus	matched	Rhizophagus intraradices	Rhizophagus	species	Rhizophagus intraradices	Rhizophagus	yes		
PX207201.1	Rhizophagus intraradices | UT126A	Rhizophagus intraradices	Rhizophagus	main		named, species elsewhere	3	matched	Rhizophagus intraradices	Rhizophagus	matched	Rhizophagus intraradices	Rhizophagus	matched	Rhizophagus intraradices	Rhizophagus	species	Rhizophagus intraradices	Rhizophagus	yes		
PX207202.1	Rhizophagus intraradices | UT126A	Rhizophagus intraradices	Rhizophagus	main		named, species elsewhere	3	matched	Rhizophagus intraradices	Rhizophagus	matched	Rhizophagus intraradices	Rhizophagus	matched	Rhizophagus intraradices	Rhizophagus	species	Rhizophagus intraradices	Rhizophagus	yes		
PX207203.1	Rhizophagus intraradices | KS906_IVT156	Rhizophagus intraradices	Rhizophagus	main		named, species elsewhere	3	matched	Rhizophagus intraradices	Rhizophagus	matched	Rhizophagus intraradices	Rhizophagus	matched	Rhizophagus intraradices	Rhizophagus	species	Rhizophagus intraradices	Rhizophagus	yes		
PX207204.1	Rhizophagus intraradices | UT126A	Rhizophagus intraradices	Rhizophagus	main		named, species elsewhere	3	matched	Rhizophagus intraradices	Rhizophagus	matched	Rhizophagus intraradices	Rhizophagus	matched	Rhizophagus intraradices	Rhizophagus	species	Rhizophagus intraradices	Rhizophagus	yes		
PX207205.1	Rhizophagus intraradices | KS906_IVT156	Rhizophagus intraradices	Rhizophagus	main		named, species elsewhere	3	matched	Rhizophagus intraradices	Rhizophagus	matched	Rhizophagus intraradices	Rhizophagus	matched	Rhizophagus intraradices	Rhizophagus	species	Rhizophagus intraradices	Rhizophagus	yes		
PX207206.1	Rhizophagus prolifer | SD5_IVT32	Rhizophagus prolifer	Rhizophagus	main		named, species held out	0	unmatched			unmatched			unmatched			unplaced				held out	VT;SH;LSU
PX207207.1	Rhizophagus prolifer | SD5_IVT32	Rhizophagus prolifer	Rhizophagus	main		named, species held out	0	unmatched			unmatched			unmatched			unplaced				held out	VT;SH;LSU
PX207208.1	Rhizophagus prolifer | SD5_IVT32	Rhizophagus prolifer	Rhizophagus	main		named, species held out	0	unmatched			unmatched			unmatched			unplaced				held out	VT;SH;LSU
PX207209.1	Rhizophagus prolifer | SD5_IVT32	Rhizophagus prolifer	Rhizophagus	main		named, species held out	0	unmatched			no call			unmatched			unplaced				held out	VT;LSU
PX207210.1	Rhizophagus prolifer | SD5_IVT32	Rhizophagus prolifer	Rhizophagus	main		named, species held out	0	unmatched			no call			unmatched			unplaced				held out	VT;LSU
PX207211.1	Rhizophagus prolifer | SD5_IVT32	Rhizophagus prolifer	Rhizophagus	main		named, species held out	0	unmatched			unmatched			unmatched			unplaced				held out	VT;SH;LSU
PX207212.1	Glomus tetrastratosum | 5094_2349C	Glomus tetrastratosum	Glomus	main		named, species elsewhere	4	matched	Glomus chinense;Glomus macrocarpum;Glomus rugosae;Glomus tetrastratosum	Glomus	matched	Glomus tetrastratosum	Glomus	matched	Glomus tetrastratosum	Glomus	species	Glomus tetrastratosum	Glomus	yes		
PX207213.1	Glomus tetrastratosum | 5094_2349C	Glomus tetrastratosum	Glomus	main		named, species elsewhere	4	matched	Glomus chinense;Glomus macrocarpum;Glomus rugosae;Glomus tetrastratosum	Glomus	matched	Glomus tetrastratosum	Glomus	matched	Glomus tetrastratosum	Glomus	species	Glomus tetrastratosum	Glomus	yes		
PX207214.1	Glomus tetrastratosum | 5094_2349C	Glomus tetrastratosum	Glomus	main		named, species elsewhere	4	matched	Glomus chinense;Glomus macrocarpum;Glomus rugosae;Glomus tetrastratosum	Glomus	matched	Glomus tetrastratosum	Glomus	matched	Glomus tetrastratosum	Glomus	species	Glomus tetrastratosum	Glomus	yes		
PX207215.1	Glomus tetrastratosum | 5094_2349C	Glomus tetrastratosum	Glomus	main		named, species elsewhere	4	matched	Glomus chinense;Glomus macrocarpum;Glomus rugosae;Glomus tetrastratosum	Glomus	matched	Glomus tetrastratosum	Glomus	matched	Glomus tetrastratosum	Glomus	species	Glomus tetrastratosum	Glomus	yes		
PX207216.1	Glomus tetrastratosum | 5094_2349C	Glomus tetrastratosum	Glomus	main		named, species elsewhere	4	matched	Glomus chinense;Glomus macrocarpum;Glomus rugosae;Glomus tetrastratosum	Glomus	no call			matched	Glomus tetrastratosum	Glomus	species	Glomus tetrastratosum	Glomus	yes		
PX207217.1	Glomus tetrastratosum | 5094_2349C	Glomus tetrastratosum	Glomus	main		named, species elsewhere	4	matched	Glomus chinense;Glomus macrocarpum;Glomus rugosae;Glomus tetrastratosum	Glomus	matched	Glomus tetrastratosum	Glomus	matched	Glomus tetrastratosum	Glomus	species	Glomus tetrastratosum	Glomus	yes		
PX207218.1	Glomus tetrastratosum | 5094_2349C	Glomus tetrastratosum	Glomus	main		named, species elsewhere	4	matched	Glomus chinense;Glomus macrocarpum;Glomus rugosae;Glomus tetrastratosum	Glomus	matched	Glomus tetrastratosum	Glomus	matched	Glomus tetrastratosum	Glomus	species	Glomus tetrastratosum	Glomus	yes		
PX207219.1	Funneliformis mosseae | 2231_1079F	Funneliformis mosseae	Funneliformis	main		named, species elsewhere	12	matched	Funneliformis mosseae	Funneliformis	matched	Funneliformis mosseae	Funneliformis	matched	Funneliformis coronatus;Funneliformis mosseae	Funneliformis	species	Funneliformis mosseae	Funneliformis	yes		
PX207220.1	Funneliformis mosseae | 2231_1079F	Funneliformis mosseae	Funneliformis	main		named, species elsewhere	12	matched	Funneliformis mosseae	Funneliformis	matched	Funneliformis mosseae	Funneliformis	matched	Funneliformis coronatus;Funneliformis mosseae	Funneliformis	species	Funneliformis mosseae	Funneliformis	yes		
PX207221.1	Funneliformis mosseae | 2231_1079F	Funneliformis mosseae	Funneliformis	main		named, species elsewhere	12	matched	Funneliformis mosseae	Funneliformis	no call			matched	Funneliformis coronatus;Funneliformis mosseae	Funneliformis	species	Funneliformis mosseae	Funneliformis	yes		
PX207222.1	Funneliformis mosseae | 2231_1079F	Funneliformis mosseae	Funneliformis	main		named, species elsewhere	12	matched	Funneliformis mosseae	Funneliformis	no call			matched	Funneliformis coronatus;Funneliformis mosseae	Funneliformis	species	Funneliformis mosseae	Funneliformis	yes		
PX207223.1	Funneliformis mosseae | 2231_1079F	Funneliformis mosseae	Funneliformis	main		named, species elsewhere	12	matched	Funneliformis mosseae	Funneliformis	no call			matched	Funneliformis coronatus;Funneliformis mosseae	Funneliformis	species	Funneliformis mosseae	Funneliformis	yes		
PX207224.1	Funneliformis mosseae | FS-29_2726A	Funneliformis mosseae	Funneliformis	main		named, species elsewhere	12	matched	Funneliformis mosseae	Funneliformis	matched	Funneliformis mosseae	Funneliformis	matched	Funneliformis coronatus;Funneliformis mosseae	Funneliformis	species	Funneliformis mosseae	Funneliformis	yes		
PX207225.1	Funneliformis mosseae | FS-29_2726A	Funneliformis mosseae	Funneliformis	main		named, species elsewhere	12	matched	Funneliformis mosseae	Funneliformis	matched	Funneliformis mosseae	Funneliformis	matched	Funneliformis coronatus;Funneliformis mosseae	Funneliformis	species	Funneliformis mosseae	Funneliformis	yes		
PX207226.1	Funneliformis mosseae | FS-29_2726A	Funneliformis mosseae	Funneliformis	main		named, species elsewhere	12	matched	Funneliformis mosseae	Funneliformis	matched	Funneliformis mosseae	Funneliformis	matched	Funneliformis coronatus;Funneliformis mosseae	Funneliformis	species	Funneliformis mosseae	Funneliformis	yes		
PX207227.1	Funneliformis mosseae | FS-29_2726A	Funneliformis mosseae	Funneliformis	main		named, species elsewhere	12	matched	Funneliformis mosseae	Funneliformis	matched	Funneliformis mosseae	Funneliformis	matched	Funneliformis coronatus;Funneliformis mosseae	Funneliformis	species	Funneliformis mosseae	Funneliformis	yes		
PX207228.1	Funneliformis mosseae | FS-29_2726A	Funneliformis mosseae	Funneliformis	main		named, species elsewhere	12	matched	Funneliformis mosseae	Funneliformis	matched	Funneliformis mosseae	Funneliformis	matched	Funneliformis coronatus;Funneliformis mosseae	Funneliformis	species	Funneliformis mosseae	Funneliformis	yes		
PX207229.1	Funneliformis mosseae | FS-29_2726A	Funneliformis mosseae	Funneliformis	main		named, species elsewhere	12	matched	Funneliformis mosseae	Funneliformis	matched	Funneliformis mosseae	Funneliformis	matched	Funneliformis coronatus;Funneliformis mosseae	Funneliformis	species	Funneliformis mosseae	Funneliformis	yes		
PX207230.1	Funneliformis mosseae | 2231_1079F	Funneliformis mosseae	Funneliformis	main		named, species elsewhere	12	matched	Funneliformis mosseae	Funneliformis	matched	Funneliformis mosseae	Funneliformis	matched	Funneliformis coronatus;Funneliformis mosseae	Funneliformis	species	Funneliformis mosseae	Funneliformis	yes		
PX207231.1	Funneliformis mosseae | 2231_1079F	Funneliformis mosseae	Funneliformis	main		named, species elsewhere	12	matched	Funneliformis mosseae	Funneliformis	matched	Funneliformis mosseae	Funneliformis	matched	Funneliformis coronatus;Funneliformis mosseae	Funneliformis	species	Funneliformis mosseae	Funneliformis	yes		
PX207232.1	Funneliformis mosseae | 2231_1079F	Funneliformis mosseae	Funneliformis	main		named, species elsewhere	12	matched	Funneliformis mosseae	Funneliformis	matched	Funneliformis mosseae	Funneliformis	matched	Funneliformis coronatus;Funneliformis mosseae	Funneliformis	species	Funneliformis mosseae	Funneliformis	yes		
PX207233.1	Funneliformis mosseae | 2231_1079F	Funneliformis mosseae	Funneliformis	main		named, species elsewhere	12	matched	Funneliformis mosseae	Funneliformis	matched	Funneliformis mosseae	Funneliformis	matched	Funneliformis coronatus;Funneliformis mosseae	Funneliformis	species	Funneliformis mosseae	Funneliformis	yes		
PX207234.1	Funneliformis mosseae | 2231_1079F	Funneliformis mosseae	Funneliformis	main		named, species elsewhere	12	matched	Funneliformis mosseae	Funneliformis	matched	Funneliformis mosseae	Funneliformis	matched	Funneliformis coronatus;Funneliformis mosseae	Funneliformis	species	Funneliformis mosseae	Funneliformis	yes		
PX207235.1	Funneliformis mosseae | 2231_1079F	Funneliformis mosseae	Funneliformis	main		named, species elsewhere	12	matched	Funneliformis mosseae	Funneliformis	matched	Funneliformis mosseae	Funneliformis	matched	Funneliformis coronatus;Funneliformis mosseae	Funneliformis	species	Funneliformis mosseae	Funneliformis	yes		
PX207236.1	Funneliformis mosseae | FS-29_2726A	Funneliformis mosseae	Funneliformis	main		named, species elsewhere	12	matched	Funneliformis mosseae	Funneliformis	matched	Funneliformis mosseae	Funneliformis	matched	Funneliformis coronatus;Funneliformis mosseae	Funneliformis	species	Funneliformis mosseae	Funneliformis	yes		
PX207237.1	Funneliformis mosseae | FS-29_2726A	Funneliformis mosseae	Funneliformis	main		named, species elsewhere	12	matched	Funneliformis mosseae	Funneliformis	matched	Funneliformis mosseae	Funneliformis	matched	Funneliformis coronatus;Funneliformis mosseae	Funneliformis	species	Funneliformis mosseae	Funneliformis	yes		
PX207238.1	Funneliformis mosseae | FS-29_2726A	Funneliformis mosseae	Funneliformis	main		named, species elsewhere	12	matched	Funneliformis mosseae	Funneliformis	matched	Funneliformis mosseae	Funneliformis	matched	Funneliformis coronatus;Funneliformis mosseae	Funneliformis	species	Funneliformis mosseae	Funneliformis	yes		
PX207239.1	Funneliformis mosseae | FS-29_2726A	Funneliformis mosseae	Funneliformis	main		named, species elsewhere	12	matched	Funneliformis mosseae	Funneliformis	matched	Funneliformis mosseae	Funneliformis	matched	Funneliformis coronatus;Funneliformis mosseae	Funneliformis	species	Funneliformis mosseae	Funneliformis	yes		
PX207240.1	Funneliformis mosseae | FS-29_2726A	Funneliformis mosseae	Funneliformis	main		named, species elsewhere	12	matched	Funneliformis mosseae	Funneliformis	matched	Funneliformis mosseae	Funneliformis	matched	Funneliformis coronatus;Funneliformis mosseae	Funneliformis	species	Funneliformis mosseae	Funneliformis	yes		
PX207241.1	Funneliformis mosseae | 2231_1079F	Funneliformis mosseae	Funneliformis	main		named, species elsewhere	12	matched	Funneliformis mosseae	Funneliformis	matched	Funneliformis mosseae	Funneliformis	matched	Funneliformis coronatus;Funneliformis mosseae	Funneliformis	species	Funneliformis mosseae	Funneliformis	yes		
PX207242.1	Funneliformis mosseae | 2231_1079F	Funneliformis mosseae	Funneliformis	main		named, species elsewhere	12	matched	Funneliformis mosseae	Funneliformis	matched	Funneliformis mosseae	Funneliformis	matched	Funneliformis coronatus;Funneliformis mosseae	Funneliformis	species	Funneliformis mosseae	Funneliformis	yes		
PX207243.1	Funneliformis mosseae | FS-29_2726A	Funneliformis mosseae	Funneliformis	main		named, species elsewhere	12	matched	Funneliformis mosseae	Funneliformis	matched	Funneliformis mosseae	Funneliformis	matched	Funneliformis coronatus;Funneliformis mosseae	Funneliformis	species	Funneliformis mosseae	Funneliformis	yes		
PX207244.1	Funneliformis mosseae | FS-29_2726A	Funneliformis mosseae	Funneliformis	main		named, species elsewhere	12	matched	Funneliformis mosseae	Funneliformis	matched	Funneliformis mosseae	Funneliformis	matched	Funneliformis coronatus;Funneliformis mosseae	Funneliformis	species	Funneliformis mosseae	Funneliformis	yes		
PX207245.1	Funneliformis mosseae | FS-29_2726A	Funneliformis mosseae	Funneliformis	main		named, species elsewhere	12	matched	Funneliformis mosseae	Funneliformis	matched	Funneliformis mosseae	Funneliformis	matched	Funneliformis coronatus;Funneliformis mosseae	Funneliformis	species	Funneliformis mosseae	Funneliformis	yes		
PX207246.1	Funneliformis mosseae | FS-29_2726A	Funneliformis mosseae	Funneliformis	main		named, species elsewhere	12	matched	Funneliformis mosseae	Funneliformis	matched	Funneliformis mosseae	Funneliformis	matched	Funneliformis caledonium;Funneliformis coronatus;Funneliformis mosseae	Funneliformis	species	Funneliformis mosseae	Funneliformis	yes		
PX207247.1	Funneliformis mosseae | 2231_1079F	Funneliformis mosseae	Funneliformis	main		named, species elsewhere	12	matched	Funneliformis mosseae	Funneliformis	matched	Funneliformis mosseae	Funneliformis	matched	Funneliformis coronatus;Funneliformis mosseae	Funneliformis	species	Funneliformis mosseae	Funneliformis	yes		
PX207248.1	Funneliformis mosseae | 2231_1079F	Funneliformis mosseae	Funneliformis	main		named, species elsewhere	12	matched	Funneliformis mosseae	Funneliformis	matched	Funneliformis mosseae	Funneliformis	matched	Funneliformis coronatus;Funneliformis mosseae	Funneliformis	species	Funneliformis mosseae	Funneliformis	yes		
PX207249.1	Funneliformis mosseae | FS-29_2726A	Funneliformis mosseae	Funneliformis	main		named, species elsewhere	12	matched	Funneliformis mosseae	Funneliformis	matched	Funneliformis mosseae	Funneliformis	matched	Funneliformis caledonium;Funneliformis coronatus;Funneliformis mosseae	Funneliformis	species	Funneliformis mosseae	Funneliformis	yes		
PX207250.1	Funneliformis mosseae | FS-29_2726A	Funneliformis mosseae	Funneliformis	main		named, species elsewhere	12	matched	Funneliformis mosseae	Funneliformis	matched	Funneliformis mosseae	Funneliformis	matched	Funneliformis caledonium;Funneliformis coronatus;Funneliformis mosseae	Funneliformis	species	Funneliformis mosseae	Funneliformis	yes		
PX207251.1	Funneliformis mosseae | FS-29_2726A	Funneliformis mosseae	Funneliformis	main		named, species elsewhere	12	matched	Funneliformis mosseae	Funneliformis	matched	Funneliformis mosseae	Funneliformis	matched	Funneliformis coronatus;Funneliformis mosseae	Funneliformis	species	Funneliformis mosseae	Funneliformis	yes		
PX207252.1	Funneliformis mosseae | FS-29_2726A	Funneliformis mosseae	Funneliformis	main		named, species elsewhere	12	matched	Funneliformis mosseae	Funneliformis	matched	Funneliformis mosseae	Funneliformis	matched	Funneliformis coronatus;Funneliformis mosseae	Funneliformis	species	Funneliformis mosseae	Funneliformis	yes		
PX207253.1	Funneliformis mosseae | FS-29_2726A	Funneliformis mosseae	Funneliformis	main		named, species elsewhere	12	matched	Funneliformis mosseae	Funneliformis	matched	Funneliformis mosseae	Funneliformis	matched	Funneliformis coronatus;Funneliformis mosseae	Funneliformis	species	Funneliformis mosseae	Funneliformis	yes		
PX207254.1	Funneliformis mosseae | 2231_1079F	Funneliformis mosseae	Funneliformis	main		named, species elsewhere	12	matched	Funneliformis mosseae	Funneliformis	matched	Funneliformis mosseae	Funneliformis	matched	Funneliformis coronatus;Funneliformis mosseae	Funneliformis	species	Funneliformis mosseae	Funneliformis	yes		
PX207255.1	Funneliformis mosseae | 2231_1079F	Funneliformis mosseae	Funneliformis	main		named, species elsewhere	12	matched	Funneliformis mosseae	Funneliformis	matched	Funneliformis mosseae	Funneliformis	matched	Funneliformis coronatus;Funneliformis mosseae	Funneliformis	species	Funneliformis mosseae	Funneliformis	yes		
PX207256.1	Funneliformis mosseae | 2231_1079F	Funneliformis mosseae	Funneliformis	main		named, species elsewhere	12	matched	Funneliformis mosseae	Funneliformis	matched	Funneliformis mosseae	Funneliformis	matched	Funneliformis coronatus;Funneliformis mosseae	Funneliformis	species	Funneliformis mosseae	Funneliformis	yes		
PX207257.1	Funneliformis mosseae | 2231_1079F	Funneliformis mosseae	Funneliformis	main		named, species elsewhere	12	matched	Funneliformis mosseae	Funneliformis	matched	Funneliformis mosseae	Funneliformis	matched	Funneliformis coronatus;Funneliformis mosseae	Funneliformis	species	Funneliformis mosseae	Funneliformis	yes		
PX207258.1	Septoglomus turnauae | Blasz_12_2272D	Septoglomus turnauae	Septoglomus	divergent	same_length	named, species held out	0	matched	Septoglomus africanum	Septoglomus	no call			unmatched			species	Septoglomus africanum	Septoglomus	genus only	divergent (same_length);held out	LSU
PX207259.1	Septoglomus turnauae | Blasz_12_2272D	Septoglomus turnauae	Septoglomus	main		named, species held out	0	matched	Septoglomus africanum	Septoglomus	unmatched			unmatched			species	Septoglomus africanum	Septoglomus	genus only	held out	SH;LSU
PX207260.1	Septoglomus turnauae | Blasz_12_2272D	Septoglomus turnauae	Septoglomus	main		named, species held out	0	matched	Septoglomus africanum	Septoglomus	no call			unmatched			species	Septoglomus africanum	Septoglomus	genus only	held out	LSU
PX207261.1	Septoglomus turnauae | Blasz_12_2272D	Septoglomus turnauae	Septoglomus	main		named, species held out	0	matched	Septoglomus africanum	Septoglomus	unmatched			unmatched			species	Septoglomus africanum	Septoglomus	genus only	held out	SH;LSU
PX207262.1	Septoglomus turnauae | Blasz_12_2272D	Septoglomus turnauae	Septoglomus	main		named, species held out	0	matched	Septoglomus africanum	Septoglomus	unmatched			unmatched			species	Septoglomus africanum	Septoglomus	genus only	held out	SH;LSU
PX207263.1	Septoglomus viscosum | CW0026_Att1910-1	Septoglomus viscosum	Septoglomus	divergent	short_5.8S	named, species elsewhere	4	unmatched			unmatched			matched	Septoglomus viscosum	Septoglomus	species	Septoglomus viscosum	Septoglomus	yes	divergent (short_5.8S)	VT;SH
PX207264.1	Septoglomus viscosum | CW0026_Att1910-1	Septoglomus viscosum	Septoglomus	divergent	short_5.8S	named, species elsewhere	4	unmatched			unmatched			matched	Septoglomus viscosum	Septoglomus	species	Septoglomus viscosum	Septoglomus	yes	divergent (short_5.8S)	VT;SH
PX207265.1	Septoglomus viscosum | CW0026_Att1910-1	Septoglomus viscosum	Septoglomus	main		named, species elsewhere	4	matched	Septoglomus viscosum	Septoglomus	no call			matched	Septoglomus viscosum	Septoglomus	species	Septoglomus viscosum	Septoglomus	yes		
PX207266.1	Septoglomus viscosum | CW0026_Att1910-1	Septoglomus viscosum	Septoglomus	main		named, species elsewhere	4	matched	Septoglomus viscosum	Septoglomus	no call			matched	Septoglomus viscosum	Septoglomus	species	Septoglomus viscosum	Septoglomus	yes		
PX207267.1	Septoglomus viscosum | CW0026_Att1910-1	Septoglomus viscosum	Septoglomus	main		named, species elsewhere	4	matched	Septoglomus viscosum	Septoglomus	no call			matched	Septoglomus viscosum	Septoglomus	species	Septoglomus viscosum	Septoglomus	yes		
PX207268.1	Septoglomus viscosum | CW0026_Att1910-1	Septoglomus viscosum	Septoglomus	main		named, species elsewhere	4	matched	Septoglomus viscosum	Septoglomus	no call			matched	Septoglomus viscosum	Septoglomus	species	Septoglomus viscosum	Septoglomus	yes		
PX207269.1	Septoglomus viscosum | CW0026_Att1910-1	Septoglomus viscosum	Septoglomus	main		named, species elsewhere	4	matched	Septoglomus viscosum	Septoglomus	no call			matched	Septoglomus viscosum	Septoglomus	species	Septoglomus viscosum	Septoglomus	yes		
PX207270.1	Septoglomus viscosum | CW0026_Att1910-1	Septoglomus viscosum	Septoglomus	main		named, species elsewhere	4	matched	Septoglomus viscosum	Septoglomus	no call			matched	Septoglomus viscosum	Septoglomus	species	Septoglomus viscosum	Septoglomus	yes		
PX207271.1	Septoglomus viscosum | CW0026_Att1910-1	Septoglomus viscosum	Septoglomus	main		named, species elsewhere	4	matched	Septoglomus viscosum	Septoglomus	no call			matched	Septoglomus viscosum	Septoglomus	species	Septoglomus viscosum	Septoglomus	yes		
PX207272.1	Septoglomus viscosum | CW0026_Att1910-1	Septoglomus viscosum	Septoglomus	main		named, species elsewhere	4	matched	Septoglomus viscosum	Septoglomus	no call			matched	Septoglomus viscosum	Septoglomus	species	Septoglomus viscosum	Septoglomus	yes		
PX207273.1	Septoglomus viscosum | CW0026_Att1910-1	Septoglomus viscosum	Septoglomus	main		named, species elsewhere	4	matched	Septoglomus viscosum	Septoglomus	no call			matched	Septoglomus viscosum	Septoglomus	species	Septoglomus viscosum	Septoglomus	yes		
PX207274.1	Septoglomus viscosum | CW0026_Att1910-1	Septoglomus viscosum	Septoglomus	main		named, species elsewhere	4	matched	Septoglomus viscosum	Septoglomus	no call			matched	Septoglomus viscosum	Septoglomus	species	Septoglomus viscosum	Septoglomus	yes		
PX214440.1	Funneliformis caledonium | VDHK150A_21A	Funneliformis caledonium	Funneliformis	main		named, species elsewhere	1	matched	Funneliformis caledonium;Funneliformis geosporum	Funneliformis	matched	Funneliformis caledonium	Funneliformis	matched	Funneliformis caledonium;Funneliformis mosseae	Funneliformis	species	Funneliformis caledonium	Funneliformis	yes		
PX214441.1	Funneliformis caledonium | VDHK150A_21A	Funneliformis caledonium	Funneliformis	main		named, species elsewhere	1	matched	Funneliformis caledonium;Funneliformis geosporum	Funneliformis	matched	Funneliformis caledonium	Funneliformis	matched	Funneliformis caledonium;Funneliformis mosseae	Funneliformis	species	Funneliformis caledonium	Funneliformis	yes		
PX214442.1	Funneliformis caledonium | VDHK150A_21A	Funneliformis caledonium	Funneliformis	main		named, species elsewhere	1	matched	Funneliformis caledonium;Funneliformis geosporum	Funneliformis	matched	Funneliformis caledonium	Funneliformis	matched	Funneliformis caledonium;Funneliformis mosseae	Funneliformis	species	Funneliformis caledonium	Funneliformis	yes		
PX214443.1	Funneliformis caledonium | CW0030_822A	Funneliformis caledonium	Funneliformis	main		named, species elsewhere	1	matched	Funneliformis caledonium;Funneliformis geosporum	Funneliformis	matched	Funneliformis caledonium	Funneliformis	matched	Funneliformis caledonium;Funneliformis mosseae	Funneliformis	species	Funneliformis caledonium	Funneliformis	yes		
PX214444.1	Funneliformis caledonium | CW0030_822A	Funneliformis caledonium	Funneliformis	main		named, species elsewhere	1	matched	Funneliformis caledonium;Funneliformis geosporum	Funneliformis	matched	Funneliformis caledonium	Funneliformis	matched	Funneliformis caledonium;Funneliformis mosseae	Funneliformis	species	Funneliformis caledonium	Funneliformis	yes		
PX214445.1	Funneliformis caledonium | CW0030_822A	Funneliformis caledonium	Funneliformis	main		named, species elsewhere	1	matched	Funneliformis caledonium;Funneliformis geosporum	Funneliformis	matched	Funneliformis caledonium	Funneliformis	matched	Funneliformis caledonium;Funneliformis mosseae	Funneliformis	species	Funneliformis caledonium	Funneliformis	yes		
PX214446.1	Funneliformis caledonium | CW0030_822A	Funneliformis caledonium	Funneliformis	main		named, species elsewhere	1	matched	Funneliformis caledonium;Funneliformis geosporum	Funneliformis	matched	Funneliformis caledonium	Funneliformis	matched	Funneliformis caledonium;Funneliformis mosseae	Funneliformis	species	Funneliformis caledonium	Funneliformis	yes		
PX214447.1	Funneliformis caledonium | VDHK150A_21A	Funneliformis caledonium	Funneliformis	main		named, species elsewhere	1	matched	Funneliformis caledonium;Funneliformis geosporum	Funneliformis	matched	Funneliformis caledonium	Funneliformis	matched	Funneliformis caledonium;Funneliformis mosseae	Funneliformis	species	Funneliformis caledonium	Funneliformis	yes		
PX214448.1	Funneliformis caledonium | VDHK150A_21A	Funneliformis caledonium	Funneliformis	main		named, species elsewhere	1	matched	Funneliformis caledonium;Funneliformis geosporum	Funneliformis	matched	Funneliformis caledonium	Funneliformis	matched	Funneliformis caledonium;Funneliformis mosseae	Funneliformis	species	Funneliformis caledonium	Funneliformis	yes		
PX214449.1	Funneliformis geosporum | ALBG_A3	Funneliformis geosporum	Funneliformis	main		named, species elsewhere	1	matched	Funneliformis caledonium;Funneliformis geosporum	Funneliformis	no call			matched	Funneliformis caledonium;Funneliformis geosporum;Funneliformis mosseae	Funneliformis	species group	Funneliformis caledonium;Funneliformis geosporum	Funneliformis	contains		
PX214450.1	Funneliformis geosporum | ALBG_A3	Funneliformis geosporum	Funneliformis	main		named, species elsewhere	1	matched	Funneliformis caledonium;Funneliformis geosporum	Funneliformis	no call			matched	Funneliformis geosporum	Funneliformis	species	Funneliformis geosporum	Funneliformis	yes		
PX214451.1	Funneliformis geosporum | ALBG_A3	Funneliformis geosporum	Funneliformis	main		named, species elsewhere	1	matched	Funneliformis caledonium;Funneliformis geosporum	Funneliformis	no call			matched	Funneliformis geosporum	Funneliformis	species	Funneliformis geosporum	Funneliformis	yes		
PX214452.1	Funneliformis geosporum | ALBG_A3	Funneliformis geosporum	Funneliformis	main		named, species elsewhere	1	matched	Funneliformis caledonium;Funneliformis geosporum	Funneliformis	no call			matched	Funneliformis geosporum	Funneliformis	species	Funneliformis geosporum	Funneliformis	yes		
PX214453.1	Funneliformis geosporum | ALBG_A3	Funneliformis geosporum	Funneliformis	main		named, species elsewhere	1	matched	Funneliformis caledonium;Funneliformis geosporum	Funneliformis	no call			matched	Funneliformis geosporum	Funneliformis	species	Funneliformis geosporum	Funneliformis	yes		
PX214454.1	Funneliformis geosporum | W681_7_10A	Funneliformis geosporum	Funneliformis	main		named, species elsewhere	1	matched	Funneliformis caledonium;Funneliformis geosporum	Funneliformis	unmatched			matched	Funneliformis geosporum	Funneliformis	species	Funneliformis geosporum	Funneliformis	yes		SH
PX214455.1	Funneliformis geosporum | W681_7_10A	Funneliformis geosporum	Funneliformis	main		named, species elsewhere	1	matched	Funneliformis caledonium;Funneliformis geosporum	Funneliformis	unmatched			matched	Funneliformis geosporum	Funneliformis	species	Funneliformis geosporum	Funneliformis	yes		SH
PX214456.1	Funneliformis geosporum | W681_7_10A	Funneliformis geosporum	Funneliformis	main		named, species elsewhere	1	matched	Funneliformis caledonium;Funneliformis geosporum	Funneliformis	unmatched			matched	Funneliformis geosporum	Funneliformis	species	Funneliformis geosporum	Funneliformis	yes		SH
PX214457.1	Funneliformis coronatus | Algerie_2_1072A	Funneliformis coronatus	Funneliformis	main		named, species elsewhere	3	matched	Funneliformis coronatus	Funneliformis	matched	Funneliformis coronatus	Funneliformis	matched	Funneliformis coronatus;Funneliformis mosseae	Funneliformis	species	Funneliformis coronatus	Funneliformis	yes		
PX214458.1	Funneliformis coronatus | Algerie_2_1072A	Funneliformis coronatus	Funneliformis	main		named, species elsewhere	3	matched	Funneliformis coronatus	Funneliformis	matched	Funneliformis coronatus	Funneliformis	matched	Funneliformis coronatus;Funneliformis mosseae	Funneliformis	species	Funneliformis coronatus	Funneliformis	yes		
PX214459.1	Funneliformis coronatus | Algerie_2_1072A	Funneliformis coronatus	Funneliformis	main		named, species elsewhere	3	matched	Funneliformis coronatus	Funneliformis	matched	Funneliformis coronatus	Funneliformis	matched	Funneliformis coronatus;Funneliformis mosseae	Funneliformis	species	Funneliformis coronatus	Funneliformis	yes		
PX214460.1	Funneliformis coronatus | Algerie_2_1072A	Funneliformis coronatus	Funneliformis	main		named, species elsewhere	3	matched	Funneliformis coronatus	Funneliformis	no call			matched	Funneliformis coronatus;Funneliformis mosseae	Funneliformis	species	Funneliformis coronatus	Funneliformis	yes		
PX214461.1	Funneliformis coronatus | Algerie_2_1072A	Funneliformis coronatus	Funneliformis	main		named, species elsewhere	3	matched	Funneliformis coronatus	Funneliformis	matched	Funneliformis coronatus	Funneliformis	matched	Funneliformis coronatus;Funneliformis mosseae	Funneliformis	species	Funneliformis coronatus	Funneliformis	yes		
PX214462.1	Funneliformis coronatus | W143_5_12A	Funneliformis coronatus	Funneliformis	main		named, species elsewhere	3	matched	Funneliformis coronatus	Funneliformis	matched	Funneliformis coronatus	Funneliformis	matched	Funneliformis coronatus;Funneliformis mosseae	Funneliformis	species	Funneliformis coronatus	Funneliformis	yes		
PX214463.1	Funneliformis coronatus | W143_5_12A	Funneliformis coronatus	Funneliformis	main		named, species elsewhere	3	matched	Funneliformis coronatus	Funneliformis	matched	Funneliformis coronatus	Funneliformis	matched	Funneliformis coronatus;Funneliformis mosseae	Funneliformis	species	Funneliformis coronatus	Funneliformis	yes		
PX214464.1	Funneliformis coronatus | W143_5_12A	Funneliformis coronatus	Funneliformis	main		named, species elsewhere	3	matched	Funneliformis coronatus	Funneliformis	matched	Funneliformis coronatus	Funneliformis	matched	Funneliformis coronatus;Funneliformis mosseae	Funneliformis	species	Funneliformis coronatus	Funneliformis	yes		
PX214465.1	Funneliformis coronatus | W143_5_12A	Funneliformis coronatus	Funneliformis	main		named, species elsewhere	3	matched	Funneliformis coronatus	Funneliformis	matched	Funneliformis coronatus	Funneliformis	matched	Funneliformis coronatus;Funneliformis mosseae	Funneliformis	species	Funneliformis coronatus	Funneliformis	yes		
PX214466.1	Funneliformis coronatus | W143_5_12A	Funneliformis coronatus	Funneliformis	main		named, species elsewhere	3	matched	Funneliformis coronatus	Funneliformis	matched	Funneliformis coronatus	Funneliformis	matched	Funneliformis coronatus;Funneliformis mosseae	Funneliformis	species	Funneliformis coronatus	Funneliformis	yes		
PX214467.1	Funneliformis coronatus | W143_5_12A	Funneliformis coronatus	Funneliformis	main		named, species elsewhere	3	matched	Funneliformis coronatus	Funneliformis	matched	Funneliformis coronatus	Funneliformis	matched	Funneliformis coronatus;Funneliformis mosseae	Funneliformis	species	Funneliformis coronatus	Funneliformis	yes		
PX214468.1	Funneliformis coronatus | W143_5_12A	Funneliformis coronatus	Funneliformis	main		named, species elsewhere	3	matched	Funneliformis coronatus	Funneliformis	matched	Funneliformis coronatus	Funneliformis	matched	Funneliformis coronatus;Funneliformis mosseae	Funneliformis	species	Funneliformis coronatus	Funneliformis	yes		
PX214469.1	Funneliformis coronatus | W699_21_3A	Funneliformis coronatus	Funneliformis	main		named, species elsewhere	3	matched	Funneliformis coronatus	Funneliformis	no call			matched	Funneliformis coronatus;Funneliformis mosseae	Funneliformis	species	Funneliformis coronatus	Funneliformis	yes		
PX214470.1	Funneliformis coronatus | W699_21_3A	Funneliformis coronatus	Funneliformis	main		named, species elsewhere	3	matched	Funneliformis coronatus	Funneliformis	no call			matched	Funneliformis coronatus;Funneliformis mosseae	Funneliformis	species	Funneliformis coronatus	Funneliformis	yes		
PX214471.1	Funneliformis coronatus | W699_21_3A	Funneliformis coronatus	Funneliformis	main		named, species elsewhere	3	matched	Funneliformis coronatus	Funneliformis	no call			matched	Funneliformis coronatus;Funneliformis mosseae	Funneliformis	species	Funneliformis coronatus	Funneliformis	yes		
PX214472.1	Funneliformis coronatus | W699_21_3A	Funneliformis coronatus	Funneliformis	main		named, species elsewhere	3	matched	Funneliformis coronatus	Funneliformis	no call			matched	Funneliformis coronatus;Funneliformis mosseae	Funneliformis	species	Funneliformis coronatus	Funneliformis	yes		
PX214473.1	Funneliformis coronatus | W111_12_886A	Funneliformis coronatus	Funneliformis	main		named, species elsewhere	3	matched	Funneliformis coronatus	Funneliformis	unmatched			matched	Funneliformis coronatus;Funneliformis mosseae	Funneliformis	species	Funneliformis coronatus	Funneliformis	yes		SH
PX214474.1	Funneliformis coronatus | W111_12_886A	Funneliformis coronatus	Funneliformis	main		named, species elsewhere	3	matched	Funneliformis coronatus	Funneliformis	unmatched			matched	Funneliformis coronatus;Funneliformis mosseae	Funneliformis	species	Funneliformis coronatus	Funneliformis	yes		SH
PX214475.1	Funneliformis coronatus | W111_12_886A	Funneliformis coronatus	Funneliformis	main		named, species elsewhere	3	matched	Funneliformis coronatus	Funneliformis	unmatched			matched	Funneliformis coronatus;Funneliformis mosseae	Funneliformis	species	Funneliformis coronatus	Funneliformis	yes		SH
PX214476.1	Funneliformis coronatus | W111_12_886A	Funneliformis coronatus	Funneliformis	main		named, species elsewhere	3	matched	Funneliformis coronatus	Funneliformis	unmatched			matched	Funneliformis coronatus;Funneliformis mosseae	Funneliformis	species	Funneliformis coronatus	Funneliformis	yes		SH
PX214477.1	Funneliformis coronatus | W111_12_886A	Funneliformis coronatus	Funneliformis	main		named, species elsewhere	3	matched	Funneliformis coronatus	Funneliformis	unmatched			matched	Funneliformis coronatus;Funneliformis mosseae	Funneliformis	species	Funneliformis coronatus	Funneliformis	yes		SH
PX214478.1	Funneliformis coronatus | W111_12_886A	Funneliformis coronatus	Funneliformis	main		named, species elsewhere	3	matched	Funneliformis coronatus	Funneliformis	unmatched			matched	Funneliformis coronatus;Funneliformis mosseae	Funneliformis	species	Funneliformis coronatus	Funneliformis	yes		SH
PX214479.1	Funneliformis coronatus | W111_12_886A	Funneliformis coronatus	Funneliformis	main		named, species elsewhere	3	matched	Funneliformis coronatus	Funneliformis	unmatched			matched	Funneliformis coronatus;Funneliformis mosseae	Funneliformis	species	Funneliformis coronatus	Funneliformis	yes		SH
PX214480.1	Funneliformis coronatus | W111_12_886A	Funneliformis coronatus	Funneliformis	main		named, species elsewhere	3	matched	Funneliformis coronatus	Funneliformis	unmatched			matched	Funneliformis coronatus;Funneliformis mosseae	Funneliformis	species	Funneliformis coronatus	Funneliformis	yes		SH
PX214481.1	Funneliformis mosseae | C2	Funneliformis mosseae	Funneliformis	main		named, species elsewhere	12	matched	Funneliformis mosseae	Funneliformis	matched	Funneliformis mosseae	Funneliformis	matched	Funneliformis coronatus;Funneliformis mosseae	Funneliformis	species	Funneliformis mosseae	Funneliformis	yes		
PX214482.1	Funneliformis mosseae | C2	Funneliformis mosseae	Funneliformis	main		named, species elsewhere	12	matched	Funneliformis mosseae	Funneliformis	matched	Funneliformis mosseae	Funneliformis	matched	Funneliformis coronatus;Funneliformis mosseae	Funneliformis	species	Funneliformis mosseae	Funneliformis	yes		
PX214483.1	Funneliformis mosseae | C2	Funneliformis mosseae	Funneliformis	main		named, species elsewhere	12	matched	Funneliformis mosseae	Funneliformis	matched	Funneliformis mosseae	Funneliformis	matched	Funneliformis coronatus;Funneliformis mosseae	Funneliformis	species	Funneliformis mosseae	Funneliformis	yes		
PX214484.1	Funneliformis mosseae | C2	Funneliformis mosseae	Funneliformis	main		named, species elsewhere	12	matched	Funneliformis mosseae	Funneliformis	matched	Funneliformis mosseae	Funneliformis	matched	Funneliformis coronatus;Funneliformis mosseae	Funneliformis	species	Funneliformis mosseae	Funneliformis	yes		
PX214485.1	Funneliformis mosseae | C2	Funneliformis mosseae	Funneliformis	main		named, species elsewhere	12	matched	Funneliformis mosseae	Funneliformis	matched	Funneliformis mosseae	Funneliformis	matched	Funneliformis coronatus;Funneliformis mosseae	Funneliformis	species	Funneliformis mosseae	Funneliformis	yes		
PX214486.1	Funneliformis mosseae | 2101_50A	Funneliformis mosseae	Funneliformis	main		named, species elsewhere	12	matched	Funneliformis mosseae	Funneliformis	matched	Funneliformis mosseae	Funneliformis	matched	Funneliformis coronatus;Funneliformis mosseae	Funneliformis	species	Funneliformis mosseae	Funneliformis	yes		
PX214487.1	Funneliformis mosseae | 2101_50A	Funneliformis mosseae	Funneliformis	main		named, species elsewhere	12	matched	Funneliformis mosseae	Funneliformis	matched	Funneliformis mosseae	Funneliformis	matched	Funneliformis coronatus;Funneliformis mosseae	Funneliformis	species	Funneliformis mosseae	Funneliformis	yes		
PX214488.1	Funneliformis mosseae | 2101_50A	Funneliformis mosseae	Funneliformis	main		named, species elsewhere	12	matched	Funneliformis mosseae	Funneliformis	matched	Funneliformis mosseae	Funneliformis	matched	Funneliformis coronatus;Funneliformis mosseae	Funneliformis	species	Funneliformis mosseae	Funneliformis	yes		
PX214489.1	Funneliformis mosseae | 3502	Funneliformis mosseae	Funneliformis	main		named, species elsewhere	12	matched	Funneliformis mosseae	Funneliformis	matched	Funneliformis mosseae	Funneliformis	matched	Funneliformis coronatus;Funneliformis mosseae	Funneliformis	species	Funneliformis mosseae	Funneliformis	yes		
PX214490.1	Funneliformis mosseae | FEC30_219A	Funneliformis mosseae	Funneliformis	main		named, species elsewhere	12	matched	Funneliformis mosseae	Funneliformis	matched	Funneliformis mosseae	Funneliformis	matched	Funneliformis coronatus;Funneliformis mosseae	Funneliformis	species	Funneliformis mosseae	Funneliformis	yes		
PX214491.1	Funneliformis mosseae | 2101_50A	Funneliformis mosseae	Funneliformis	main		named, species elsewhere	12	matched	Funneliformis mosseae	Funneliformis	matched	Funneliformis mosseae	Funneliformis	matched	Funneliformis coronatus;Funneliformis mosseae	Funneliformis	species	Funneliformis mosseae	Funneliformis	yes		
PX214492.1	Funneliformis mosseae | W32_9_13A	Funneliformis mosseae	Funneliformis	main		named, species elsewhere	12	matched	Funneliformis mosseae	Funneliformis	matched	Funneliformis mosseae	Funneliformis	matched	Funneliformis caledonium;Funneliformis coronatus;Funneliformis mosseae	Funneliformis	species	Funneliformis mosseae	Funneliformis	yes		
PX214493.1	Funneliformis mosseae | 3502	Funneliformis mosseae	Funneliformis	main		named, species elsewhere	12	matched	Funneliformis mosseae	Funneliformis	matched	Funneliformis mosseae	Funneliformis	matched	Funneliformis caledonium;Funneliformis coronatus;Funneliformis mosseae	Funneliformis	species	Funneliformis mosseae	Funneliformis	yes		
PX214494.1	Funneliformis mosseae | 3502	Funneliformis mosseae	Funneliformis	main		named, species elsewhere	12	matched	Funneliformis mosseae	Funneliformis	matched	Funneliformis mosseae	Funneliformis	matched	Funneliformis coronatus;Funneliformis mosseae	Funneliformis	species	Funneliformis mosseae	Funneliformis	yes		
PX214495.1	Funneliformis mosseae | W32_9_13A	Funneliformis mosseae	Funneliformis	main		named, species elsewhere	12	matched	Funneliformis mosseae	Funneliformis	matched	Funneliformis mosseae	Funneliformis	matched	Funneliformis caledonium;Funneliformis coronatus;Funneliformis mosseae	Funneliformis	species	Funneliformis mosseae	Funneliformis	yes		
PX214496.1	Funneliformis mosseae | W32_9_13A	Funneliformis mosseae	Funneliformis	main		named, species elsewhere	12	matched	Funneliformis mosseae	Funneliformis	matched	Funneliformis mosseae	Funneliformis	matched	Funneliformis caledonium;Funneliformis coronatus;Funneliformis mosseae	Funneliformis	species	Funneliformis mosseae	Funneliformis	yes		
PX214497.1	Funneliformis mosseae | W32_9_13A	Funneliformis mosseae	Funneliformis	main		named, species elsewhere	12	matched	Funneliformis mosseae	Funneliformis	matched	Funneliformis mosseae	Funneliformis	matched	Funneliformis caledonium;Funneliformis coronatus;Funneliformis mosseae	Funneliformis	species	Funneliformis mosseae	Funneliformis	yes		
PX214498.1	Funneliformis mosseae | W32_9_13A	Funneliformis mosseae	Funneliformis	main		named, species elsewhere	12	matched	Funneliformis mosseae	Funneliformis	matched	Funneliformis mosseae	Funneliformis	matched	Funneliformis caledonium;Funneliformis coronatus;Funneliformis mosseae	Funneliformis	species	Funneliformis mosseae	Funneliformis	yes		
PX214499.1	Funneliformis mosseae | 2101_50A	Funneliformis mosseae	Funneliformis	main		named, species elsewhere	12	matched	Funneliformis mosseae	Funneliformis	matched	Funneliformis mosseae	Funneliformis	matched	Funneliformis coronatus;Funneliformis mosseae	Funneliformis	species	Funneliformis mosseae	Funneliformis	yes		
PX214500.1	Funneliformis mosseae | 2101_50A	Funneliformis mosseae	Funneliformis	main		named, species elsewhere	12	matched	Funneliformis mosseae	Funneliformis	matched	Funneliformis mosseae	Funneliformis	matched	Funneliformis coronatus;Funneliformis mosseae	Funneliformis	species	Funneliformis mosseae	Funneliformis	yes		
PX214501.1	Funneliformis mosseae | 2101_50A	Funneliformis mosseae	Funneliformis	main		named, species elsewhere	12	matched	Funneliformis mosseae	Funneliformis	matched	Funneliformis mosseae	Funneliformis	matched	Funneliformis coronatus;Funneliformis mosseae	Funneliformis	species	Funneliformis mosseae	Funneliformis	yes		
PX214502.1	Funneliformis mosseae | 198394_123A	Funneliformis mosseae	Funneliformis	main		named, species elsewhere	12	matched	Funneliformis mosseae	Funneliformis	matched	Funneliformis mosseae	Funneliformis	matched	Funneliformis coronatus;Funneliformis mosseae	Funneliformis	species	Funneliformis mosseae	Funneliformis	yes		
PX214503.1	Funneliformis mosseae | 2252_723A	Funneliformis mosseae	Funneliformis	main		named, species elsewhere	12	matched	Funneliformis mosseae	Funneliformis	matched	Funneliformis mosseae	Funneliformis	matched	Funneliformis coronatus;Funneliformis mosseae	Funneliformis	species	Funneliformis mosseae	Funneliformis	yes		
PX214504.1	Funneliformis mosseae | 2252_723A	Funneliformis mosseae	Funneliformis	main		named, species elsewhere	12	matched	Funneliformis mosseae	Funneliformis	matched	Funneliformis mosseae	Funneliformis	matched	Funneliformis caledonium;Funneliformis coronatus;Funneliformis mosseae	Funneliformis	species	Funneliformis mosseae	Funneliformis	yes		
PX214505.1	Funneliformis mosseae | 2252_723A	Funneliformis mosseae	Funneliformis	main		named, species elsewhere	12	matched	Funneliformis mosseae	Funneliformis	matched	Funneliformis mosseae	Funneliformis	matched	Funneliformis coronatus;Funneliformis mosseae	Funneliformis	species	Funneliformis mosseae	Funneliformis	yes		
PX214506.1	Funneliformis mosseae | 198394_123A	Funneliformis mosseae	Funneliformis	main		named, species elsewhere	12	matched	Funneliformis mosseae	Funneliformis	matched	Funneliformis mosseae	Funneliformis	matched	Funneliformis caledonium;Funneliformis coronatus;Funneliformis mosseae	Funneliformis	species	Funneliformis mosseae	Funneliformis	yes		
PX214507.1	Funneliformis mosseae | 2252_723A	Funneliformis mosseae	Funneliformis	main		named, species elsewhere	12	matched	Funneliformis mosseae	Funneliformis	matched	Funneliformis mosseae	Funneliformis	matched	Funneliformis caledonium;Funneliformis coronatus;Funneliformis mosseae	Funneliformis	species	Funneliformis mosseae	Funneliformis	yes		
PX214508.1	Funneliformis mosseae | 2252_723A	Funneliformis mosseae	Funneliformis	main		named, species elsewhere	12	matched	Funneliformis mosseae	Funneliformis	matched	Funneliformis mosseae	Funneliformis	matched	Funneliformis caledonium;Funneliformis coronatus;Funneliformis mosseae	Funneliformis	species	Funneliformis mosseae	Funneliformis	yes		
PX214509.1	Funneliformis mosseae | 2252_723A	Funneliformis mosseae	Funneliformis	main		named, species elsewhere	12	matched	Funneliformis mosseae	Funneliformis	matched	Funneliformis mosseae	Funneliformis	matched	Funneliformis coronatus;Funneliformis mosseae	Funneliformis	species	Funneliformis mosseae	Funneliformis	yes		
PX214510.1	Funneliformis mosseae | 2252_723A	Funneliformis mosseae	Funneliformis	main		named, species elsewhere	12	matched	Funneliformis mosseae	Funneliformis	matched	Funneliformis mosseae	Funneliformis	matched	Funneliformis coronatus;Funneliformis mosseae	Funneliformis	species	Funneliformis mosseae	Funneliformis	yes		
PX214511.1	Funneliformis mosseae | 198394_123A	Funneliformis mosseae	Funneliformis	main		named, species elsewhere	12	matched	Funneliformis mosseae	Funneliformis	matched	Funneliformis mosseae	Funneliformis	matched	Funneliformis coronatus;Funneliformis mosseae	Funneliformis	species	Funneliformis mosseae	Funneliformis	yes		
PX214512.1	Funneliformis mosseae | 198394_123A	Funneliformis mosseae	Funneliformis	main		named, species elsewhere	12	matched	Funneliformis mosseae	Funneliformis	matched	Funneliformis mosseae	Funneliformis	matched	Funneliformis caledonium;Funneliformis coronatus;Funneliformis mosseae	Funneliformis	species	Funneliformis mosseae	Funneliformis	yes		
PX214513.1	Funneliformis mosseae | 2252_723A	Funneliformis mosseae	Funneliformis	main		named, species elsewhere	12	matched	Funneliformis mosseae	Funneliformis	matched	Funneliformis mosseae	Funneliformis	matched	Funneliformis caledonium;Funneliformis coronatus;Funneliformis mosseae	Funneliformis	species	Funneliformis mosseae	Funneliformis	yes		
PX214514.1	Funneliformis mosseae | 198394_123A	Funneliformis mosseae	Funneliformis	main		named, species elsewhere	12	matched	Funneliformis mosseae	Funneliformis	matched	Funneliformis mosseae	Funneliformis	matched	Funneliformis coronatus;Funneliformis mosseae	Funneliformis	species	Funneliformis mosseae	Funneliformis	yes		
PX214515.1	Funneliformis mosseae | 198394_123A	Funneliformis mosseae	Funneliformis	main		named, species elsewhere	12	matched	Funneliformis mosseae	Funneliformis	matched	Funneliformis mosseae	Funneliformis	matched	Funneliformis caledonium;Funneliformis coronatus;Funneliformis mosseae	Funneliformis	species	Funneliformis mosseae	Funneliformis	yes		
PX214516.1	Funneliformis mosseae | 198394_123A	Funneliformis mosseae	Funneliformis	main		named, species elsewhere	12	matched	Funneliformis mosseae	Funneliformis	matched	Funneliformis mosseae	Funneliformis	matched	Funneliformis caledonium;Funneliformis coronatus;Funneliformis mosseae	Funneliformis	species	Funneliformis mosseae	Funneliformis	yes		
PX214517.1	Funneliformis mosseae | 2252_723A	Funneliformis mosseae	Funneliformis	main		named, species elsewhere	12	matched	Funneliformis mosseae	Funneliformis	matched	Funneliformis mosseae	Funneliformis	matched	Funneliformis caledonium;Funneliformis coronatus;Funneliformis mosseae	Funneliformis	species	Funneliformis mosseae	Funneliformis	yes		
PX214518.1	Funneliformis mosseae | W32_9_13A	Funneliformis mosseae	Funneliformis	main		named, species elsewhere	12	matched	Funneliformis mosseae	Funneliformis	matched	Funneliformis mosseae	Funneliformis	matched	Funneliformis caledonium;Funneliformis coronatus;Funneliformis mosseae	Funneliformis	species	Funneliformis mosseae	Funneliformis	yes		
PX214519.1	Funneliformis mosseae | W32_9_13A	Funneliformis mosseae	Funneliformis	main		named, species elsewhere	12	matched	Funneliformis mosseae	Funneliformis	matched	Funneliformis mosseae	Funneliformis	matched	Funneliformis caledonium;Funneliformis coronatus;Funneliformis mosseae	Funneliformis	species	Funneliformis mosseae	Funneliformis	yes		
PX214520.1	Funneliformis mosseae | W32_9_13A	Funneliformis mosseae	Funneliformis	main		named, species elsewhere	12	matched	Funneliformis mosseae	Funneliformis	matched	Funneliformis mosseae	Funneliformis	matched	Funneliformis caledonium;Funneliformis coronatus;Funneliformis mosseae	Funneliformis	species	Funneliformis mosseae	Funneliformis	yes		
PX214521.1	Funneliformis mosseae | 3502	Funneliformis mosseae	Funneliformis	main		named, species elsewhere	12	matched	Funneliformis mosseae	Funneliformis	matched	Funneliformis mosseae	Funneliformis	matched	Funneliformis caledonium;Funneliformis coronatus;Funneliformis mosseae	Funneliformis	species	Funneliformis mosseae	Funneliformis	yes		
PX214522.1	Funneliformis mosseae | 4344_272A	Funneliformis mosseae	Funneliformis	main		named, species elsewhere	12	matched	Funneliformis mosseae	Funneliformis	matched	Funneliformis mosseae	Funneliformis	matched	Funneliformis caledonium;Funneliformis coronatus;Funneliformis mosseae	Funneliformis	species	Funneliformis mosseae	Funneliformis	yes		
PX214523.1	Funneliformis mosseae | 4344_272A	Funneliformis mosseae	Funneliformis	main		named, species elsewhere	12	matched	Funneliformis coronatus;Funneliformis mosseae	Funneliformis	matched	Funneliformis mosseae	Funneliformis	matched	Funneliformis caledonium;Funneliformis coronatus;Funneliformis mosseae	Funneliformis	species	Funneliformis mosseae	Funneliformis	yes		
PX214524.1	Funneliformis mosseae | 4344_272A	Funneliformis mosseae	Funneliformis	main		named, species elsewhere	12	matched	Funneliformis coronatus;Funneliformis mosseae	Funneliformis	matched	Funneliformis mosseae	Funneliformis	matched	Funneliformis coronatus;Funneliformis mosseae	Funneliformis	species	Funneliformis mosseae	Funneliformis	yes		
PX214525.1	Funneliformis mosseae | 4344_272A	Funneliformis mosseae	Funneliformis	main		named, species elsewhere	12	matched	Funneliformis coronatus;Funneliformis mosseae	Funneliformis	matched	Funneliformis mosseae	Funneliformis	matched	Funneliformis caledonium;Funneliformis coronatus;Funneliformis mosseae	Funneliformis	species	Funneliformis mosseae	Funneliformis	yes		
PX214526.1	Funneliformis mosseae | CHB4_Fmos	Funneliformis mosseae	Funneliformis	main		named, species elsewhere	12	matched	Funneliformis mosseae	Funneliformis	matched	Funneliformis mosseae	Funneliformis	matched	Funneliformis coronatus;Funneliformis mosseae	Funneliformis	species	Funneliformis mosseae	Funneliformis	yes		
PX214527.1	Funneliformis mosseae | CHB4_Fmos	Funneliformis mosseae	Funneliformis	main		named, species elsewhere	12	matched	Funneliformis mosseae	Funneliformis	matched	Funneliformis mosseae	Funneliformis	matched	Funneliformis coronatus;Funneliformis mosseae	Funneliformis	species	Funneliformis mosseae	Funneliformis	yes		
PX214528.1	Funneliformis mosseae | CHB4_Fmos	Funneliformis mosseae	Funneliformis	main		named, species elsewhere	12	matched	Funneliformis mosseae	Funneliformis	matched	Funneliformis mosseae	Funneliformis	matched	Funneliformis coronatus;Funneliformis mosseae	Funneliformis	species	Funneliformis mosseae	Funneliformis	yes		
PX214529.1	Funneliformis mosseae | CHB4_Fmos	Funneliformis mosseae	Funneliformis	main		named, species elsewhere	12	matched	Funneliformis mosseae	Funneliformis	matched	Funneliformis mosseae	Funneliformis	matched	Funneliformis coronatus;Funneliformis mosseae	Funneliformis	species	Funneliformis mosseae	Funneliformis	yes		
PX214530.1	Funneliformis mosseae | CHB4_Fmos	Funneliformis mosseae	Funneliformis	main		named, species elsewhere	12	matched	Funneliformis mosseae	Funneliformis	matched	Funneliformis mosseae	Funneliformis	matched	Funneliformis coronatus;Funneliformis mosseae	Funneliformis	species	Funneliformis mosseae	Funneliformis	yes		
PX214531.1	Funneliformis mosseae | CHB4_Fmos	Funneliformis mosseae	Funneliformis	main		named, species elsewhere	12	matched	Funneliformis mosseae	Funneliformis	matched	Funneliformis mosseae	Funneliformis	matched	Funneliformis coronatus;Funneliformis mosseae	Funneliformis	species	Funneliformis mosseae	Funneliformis	yes		
PX214532.1	Funneliformis mosseae | FEC30_219A	Funneliformis mosseae	Funneliformis	main		named, species elsewhere	12	matched	Funneliformis mosseae	Funneliformis	matched	Funneliformis mosseae	Funneliformis	matched	Funneliformis coronatus;Funneliformis mosseae	Funneliformis	species	Funneliformis mosseae	Funneliformis	yes		
PX214533.1	Funneliformis mosseae | FEC30_219A	Funneliformis mosseae	Funneliformis	main		named, species elsewhere	12	matched	Funneliformis mosseae	Funneliformis	matched	Funneliformis mosseae	Funneliformis	matched	Funneliformis coronatus;Funneliformis mosseae	Funneliformis	species	Funneliformis mosseae	Funneliformis	yes		
PX214534.1	Funneliformis mosseae | FEC30_219A	Funneliformis mosseae	Funneliformis	main		named, species elsewhere	12	matched	Funneliformis mosseae	Funneliformis	matched	Funneliformis mosseae	Funneliformis	matched	Funneliformis coronatus;Funneliformis mosseae	Funneliformis	species	Funneliformis mosseae	Funneliformis	yes		
PX214535.1	Funneliformis mosseae | FEC30_219A	Funneliformis mosseae	Funneliformis	main		named, species elsewhere	12	matched	Funneliformis mosseae	Funneliformis	matched	Funneliformis mosseae	Funneliformis	matched	Funneliformis coronatus;Funneliformis mosseae	Funneliformis	species	Funneliformis mosseae	Funneliformis	yes		
PX214536.1	Funneliformis mosseae | FEC30_219A	Funneliformis mosseae	Funneliformis	main		named, species elsewhere	12	matched	Funneliformis mosseae	Funneliformis	matched	Funneliformis mosseae	Funneliformis	matched	Funneliformis coronatus;Funneliformis mosseae	Funneliformis	species	Funneliformis mosseae	Funneliformis	yes		
PX214537.1	Funneliformis mosseae | CHB4_Fmos	Funneliformis mosseae	Funneliformis	main		named, species elsewhere	12	matched	Funneliformis caledonium;Funneliformis coronatus;Funneliformis geosporum;Funneliformis mosseae	Funneliformis	matched	Funneliformis mosseae	Funneliformis	matched	Funneliformis coronatus;Funneliformis mosseae	Funneliformis	species	Funneliformis mosseae	Funneliformis	yes		
PX214538.1	Funneliformis mosseae | CHB4_Fmos	Funneliformis mosseae	Funneliformis	main		named, species elsewhere	12	matched	Funneliformis mosseae	Funneliformis	matched	Funneliformis mosseae	Funneliformis	matched	Funneliformis coronatus;Funneliformis mosseae	Funneliformis	species	Funneliformis mosseae	Funneliformis	yes		
PX214539.1	Funneliformis mosseae | CHB4_Fmos	Funneliformis mosseae	Funneliformis	main		named, species elsewhere	12	matched	Funneliformis caledonium;Funneliformis coronatus;Funneliformis geosporum;Funneliformis mosseae	Funneliformis	matched	Funneliformis mosseae	Funneliformis	matched	Funneliformis coronatus;Funneliformis mosseae	Funneliformis	species	Funneliformis mosseae	Funneliformis	yes		
PX214540.1	Funneliformis mosseae | CHB4_Fmos	Funneliformis mosseae	Funneliformis	main		named, species elsewhere	12	matched	Funneliformis mosseae	Funneliformis	matched	Funneliformis mosseae	Funneliformis	matched	Funneliformis coronatus;Funneliformis mosseae	Funneliformis	species	Funneliformis mosseae	Funneliformis	yes		
PX214541.1	Funneliformis mosseae | 3502	Funneliformis mosseae	Funneliformis	main		named, species elsewhere	12	matched	Funneliformis mosseae	Funneliformis	matched	Funneliformis mosseae	Funneliformis	matched	Funneliformis coronatus;Funneliformis mosseae	Funneliformis	species	Funneliformis mosseae	Funneliformis	yes		
PX214542.1	Funneliformis mosseae | 2101_50A	Funneliformis mosseae	Funneliformis	main		named, species elsewhere	12	matched	Funneliformis mosseae	Funneliformis	no call			matched	Funneliformis coronatus;Funneliformis mosseae	Funneliformis	species	Funneliformis mosseae	Funneliformis	yes		
PX214543.1	Funneliformis mosseae | 2101_50A	Funneliformis mosseae	Funneliformis	main		named, species elsewhere	12	matched	Funneliformis mosseae	Funneliformis	matched	Funneliformis mosseae	Funneliformis	matched	Funneliformis coronatus;Funneliformis mosseae	Funneliformis	species	Funneliformis mosseae	Funneliformis	yes		
PX214544.1	Funneliformis mosseae | CHB1_Fmos	Funneliformis mosseae	Funneliformis	main		named, species elsewhere	12	matched	Funneliformis mosseae	Funneliformis	no call			matched	Funneliformis coronatus;Funneliformis mosseae	Funneliformis	species	Funneliformis mosseae	Funneliformis	yes		
PX214545.1	Funneliformis mosseae | CHB1_Fmos	Funneliformis mosseae	Funneliformis	main		named, species elsewhere	12	matched	Funneliformis mosseae	Funneliformis	no call			matched	Funneliformis coronatus;Funneliformis mosseae	Funneliformis	species	Funneliformis mosseae	Funneliformis	yes		
PX214546.1	Funneliformis mosseae | CHB1_Fmos	Funneliformis mosseae	Funneliformis	main		named, species elsewhere	12	matched	Funneliformis mosseae	Funneliformis	no call			matched	Funneliformis coronatus;Funneliformis mosseae	Funneliformis	species	Funneliformis mosseae	Funneliformis	yes		
PX214547.1	Funneliformis mosseae | CHB1_Fmos	Funneliformis mosseae	Funneliformis	main		named, species elsewhere	12	matched	Funneliformis mosseae	Funneliformis	matched	Funneliformis mosseae	Funneliformis	matched	Funneliformis coronatus;Funneliformis mosseae	Funneliformis	species	Funneliformis mosseae	Funneliformis	yes		
PX214548.1	Funneliformis mosseae | CHB1_Fmos	Funneliformis mosseae	Funneliformis	main		named, species elsewhere	12	matched	Funneliformis mosseae	Funneliformis	matched	Funneliformis mosseae	Funneliformis	matched	Funneliformis coronatus;Funneliformis mosseae	Funneliformis	species	Funneliformis mosseae	Funneliformis	yes		
PX214549.1	Funneliformis mosseae | CHB1_Fmos	Funneliformis mosseae	Funneliformis	main		named, species elsewhere	12	matched	Funneliformis mosseae	Funneliformis	no call			matched	Funneliformis coronatus;Funneliformis mosseae	Funneliformis	species	Funneliformis mosseae	Funneliformis	yes		
PX214550.1	Funneliformis mosseae | CHB1_Fmos	Funneliformis mosseae	Funneliformis	main		named, species elsewhere	12	matched	Funneliformis mosseae	Funneliformis	no call			matched	Funneliformis coronatus;Funneliformis mosseae	Funneliformis	species	Funneliformis mosseae	Funneliformis	yes		
PX214551.1	Funneliformis mosseae | CHB1_Fmos	Funneliformis mosseae	Funneliformis	main		named, species elsewhere	12	matched	Funneliformis mosseae	Funneliformis	no call			matched	Funneliformis coronatus;Funneliformis mosseae	Funneliformis	species	Funneliformis mosseae	Funneliformis	yes		
PX214552.1	Funneliformis mosseae | CHB1_Fmos	Funneliformis mosseae	Funneliformis	main		named, species elsewhere	12	matched	Funneliformis mosseae	Funneliformis	no call			matched	Funneliformis coronatus;Funneliformis mosseae	Funneliformis	species	Funneliformis mosseae	Funneliformis	yes		
PX214553.1	Funneliformis mosseae | CHB1_Fmos	Funneliformis mosseae	Funneliformis	main		named, species elsewhere	12	matched	Funneliformis mosseae	Funneliformis	matched	Funneliformis mosseae	Funneliformis	matched	Funneliformis coronatus;Funneliformis mosseae	Funneliformis	species	Funneliformis mosseae	Funneliformis	yes		
PX214554.1	Funneliformis mosseae | CHB4_Fmos	Funneliformis mosseae	Funneliformis	main		named, species elsewhere	12	matched	Funneliformis mosseae	Funneliformis	matched	Funneliformis mosseae	Funneliformis	matched	Funneliformis coronatus;Funneliformis mosseae	Funneliformis	species	Funneliformis mosseae	Funneliformis	yes		
PX214555.1	Funneliformis mosseae | CHB1_Fmos	Funneliformis mosseae	Funneliformis	main		named, species elsewhere	12	matched	Funneliformis mosseae	Funneliformis	matched	Funneliformis mosseae	Funneliformis	matched	Funneliformis coronatus;Funneliformis mosseae	Funneliformis	species	Funneliformis mosseae	Funneliformis	yes		
PX214556.1	Funneliformis mosseae | CHB1_Fmos	Funneliformis mosseae	Funneliformis	main		named, species elsewhere	12	matched	Funneliformis mosseae	Funneliformis	no call			matched	Funneliformis coronatus;Funneliformis mosseae	Funneliformis	species	Funneliformis mosseae	Funneliformis	yes		
PX214557.1	Funneliformis mosseae | CHB1_Fmos	Funneliformis mosseae	Funneliformis	main		named, species elsewhere	12	matched	Funneliformis mosseae	Funneliformis	matched	Funneliformis mosseae	Funneliformis	matched	Funneliformis coronatus;Funneliformis mosseae	Funneliformis	species	Funneliformis mosseae	Funneliformis	yes		
PX214558.1	Funneliformis mosseae | CHB1_Fmos	Funneliformis mosseae	Funneliformis	main		named, species elsewhere	12	matched	Funneliformis mosseae	Funneliformis	matched	Funneliformis mosseae	Funneliformis	matched	Funneliformis coronatus;Funneliformis mosseae	Funneliformis	species	Funneliformis mosseae	Funneliformis	yes		
PX214559.1	Funneliformis mosseae | CHB3_Fmos	Funneliformis mosseae	Funneliformis	main		named, species elsewhere	12	matched	Funneliformis mosseae	Funneliformis	unmatched			matched	Funneliformis coronatus;Funneliformis mosseae	Funneliformis	species	Funneliformis mosseae	Funneliformis	yes		SH
PX214560.1	Funneliformis mosseae | CHB3_Fmos	Funneliformis mosseae	Funneliformis	main		named, species elsewhere	12	matched	Funneliformis mosseae	Funneliformis	unmatched			matched	Funneliformis coronatus;Funneliformis mosseae	Funneliformis	species	Funneliformis mosseae	Funneliformis	yes		SH
PX214561.1	Funneliformis mosseae | CHB3_Fmos	Funneliformis mosseae	Funneliformis	main		named, species elsewhere	12	matched	Funneliformis coronatus;Funneliformis mosseae	Funneliformis	unmatched			matched	Funneliformis coronatus;Funneliformis mosseae	Funneliformis	species group	Funneliformis coronatus;Funneliformis mosseae	Funneliformis	contains		SH
PX214562.1	Funneliformis mosseae | 4344_272A	Funneliformis mosseae	Funneliformis	main		named, species elsewhere	12	matched	Funneliformis mosseae	Funneliformis	matched	Funneliformis mosseae	Funneliformis	matched	Funneliformis coronatus;Funneliformis mosseae	Funneliformis	species	Funneliformis mosseae	Funneliformis	yes		
PX214563.1	Funneliformis mosseae | 4344_272A	Funneliformis mosseae	Funneliformis	main		named, species elsewhere	12	matched	Funneliformis mosseae	Funneliformis	matched	Funneliformis mosseae	Funneliformis	matched	Funneliformis caledonium;Funneliformis coronatus;Funneliformis mosseae	Funneliformis	species	Funneliformis mosseae	Funneliformis	yes		
PX214564.1	Funneliformis mosseae | 4344_272A	Funneliformis mosseae	Funneliformis	main		named, species elsewhere	12	matched	Funneliformis mosseae	Funneliformis	matched	Funneliformis mosseae	Funneliformis	matched	Funneliformis caledonium;Funneliformis coronatus;Funneliformis mosseae	Funneliformis	species	Funneliformis mosseae	Funneliformis	yes		
PX214565.1	Funneliformis mosseae | 4344_272A	Funneliformis mosseae	Funneliformis	main		named, species elsewhere	12	matched	Funneliformis mosseae	Funneliformis	matched	Funneliformis mosseae	Funneliformis	matched	Funneliformis coronatus;Funneliformis mosseae	Funneliformis	species	Funneliformis mosseae	Funneliformis	yes		
PX214566.1	Funneliformis mosseae | 4344_272A	Funneliformis mosseae	Funneliformis	main		named, species elsewhere	12	matched	Funneliformis coronatus;Funneliformis mosseae	Funneliformis	matched	Funneliformis mosseae	Funneliformis	matched	Funneliformis coronatus;Funneliformis mosseae	Funneliformis	species	Funneliformis mosseae	Funneliformis	yes		
PX214567.1	Funneliformis mosseae | 4344_272A	Funneliformis mosseae	Funneliformis	main		named, species elsewhere	12	matched	Funneliformis coronatus;Funneliformis mosseae	Funneliformis	matched	Funneliformis mosseae	Funneliformis	matched	Funneliformis coronatus;Funneliformis mosseae	Funneliformis	species	Funneliformis mosseae	Funneliformis	yes		
PX214568.1	Funneliformis mosseae | CHB1_Fmos	Funneliformis mosseae	Funneliformis	main		named, species elsewhere	12	matched	Funneliformis mosseae	Funneliformis	matched	Funneliformis mosseae	Funneliformis	matched	Funneliformis coronatus;Funneliformis mosseae	Funneliformis	species	Funneliformis mosseae	Funneliformis	yes		
PX214569.1	Funneliformis mosseae | W32_9_13A	Funneliformis mosseae	Funneliformis	main		named, species elsewhere	12	matched	Funneliformis mosseae	Funneliformis	matched	Funneliformis mosseae	Funneliformis	matched	Funneliformis caledonium;Funneliformis coronatus;Funneliformis mosseae	Funneliformis	species	Funneliformis mosseae	Funneliformis	yes		
PX214570.1	Funneliformis mosseae | CHB1_Fmos	Funneliformis mosseae	Funneliformis	main		named, species elsewhere	12	matched	Funneliformis mosseae	Funneliformis	no call			matched	Funneliformis coronatus;Funneliformis mosseae	Funneliformis	species	Funneliformis mosseae	Funneliformis	yes		
PX214571.1	Funneliformis mosseae | CHB1_Fmos	Funneliformis mosseae	Funneliformis	main		named, species elsewhere	12	matched	Funneliformis mosseae	Funneliformis	no call			matched	Funneliformis coronatus;Funneliformis mosseae	Funneliformis	species	Funneliformis mosseae	Funneliformis	yes		
PX214572.1	Septoglomus viscosum | CW0029_4028A	Septoglomus viscosum	Septoglomus	main		named, species elsewhere	4	matched	Septoglomus viscosum	Septoglomus	no call			matched	Septoglomus viscosum	Septoglomus	species	Septoglomus viscosum	Septoglomus	yes		
PX214573.1	Septoglomus viscosum | MD215_360A	Septoglomus viscosum	Septoglomus	main		named, species elsewhere	4	matched	Septoglomus viscosum	Septoglomus	no call			matched	Septoglomus viscosum	Septoglomus	species	Septoglomus viscosum	Septoglomus	yes		
PX214574.1	Septoglomus viscosum | MD215_360A	Septoglomus viscosum	Septoglomus	main		named, species elsewhere	4	matched	Septoglomus viscosum	Septoglomus	no call			matched	Septoglomus viscosum	Septoglomus	species	Septoglomus viscosum	Septoglomus	yes		
PX214575.1	Septoglomus viscosum | MD215_360A	Septoglomus viscosum	Septoglomus	main		named, species elsewhere	4	matched	Septoglomus viscosum	Septoglomus	no call			matched	Septoglomus viscosum	Septoglomus	species	Septoglomus viscosum	Septoglomus	yes		
PX214576.1	Septoglomus viscosum | W375_18_642E	Septoglomus viscosum	Septoglomus	main		named, species elsewhere	4	matched	Septoglomus viscosum	Septoglomus	unmatched			matched	Septoglomus viscosum	Septoglomus	species	Septoglomus viscosum	Septoglomus	yes		SH
PX214577.1	Septoglomus viscosum | W375_18_642E	Septoglomus viscosum	Septoglomus	main		named, species elsewhere	4	matched	Septoglomus viscosum	Septoglomus	unmatched			matched	Septoglomus viscosum	Septoglomus	species	Septoglomus viscosum	Septoglomus	yes		SH
PX214578.1	Septoglomus viscosum | CW0029_4028A	Septoglomus viscosum	Septoglomus	main		named, species elsewhere	4	matched	Septoglomus viscosum	Septoglomus	no call			matched	Septoglomus viscosum	Septoglomus	species	Septoglomus viscosum	Septoglomus	yes		
PX214579.1	Septoglomus viscosum | W375_18_642E	Septoglomus viscosum	Septoglomus	main		named, species elsewhere	4	matched	Septoglomus viscosum	Septoglomus	unmatched			matched	Septoglomus viscosum	Septoglomus	species	Septoglomus viscosum	Septoglomus	yes		SH
PX214580.1	Septoglomus viscosum | CW0002_4001A	Septoglomus viscosum	Septoglomus	main		named, species elsewhere	4	matched	Septoglomus viscosum	Septoglomus	unmatched			no call			species	Septoglomus viscosum	Septoglomus	yes		SH
PX214581.1	Septoglomus viscosum | CW0002_4001A	Septoglomus viscosum	Septoglomus	main		named, species elsewhere	4	matched	Septoglomus viscosum	Septoglomus	unmatched			no call			species	Septoglomus viscosum	Septoglomus	yes		SH
PX214582.1	Septoglomus viscosum | CW0002_4001A	Septoglomus viscosum	Septoglomus	main		named, species elsewhere	4	matched	Septoglomus viscosum	Septoglomus	unmatched			no call			species	Septoglomus viscosum	Septoglomus	yes		SH
PX214583.1	Septoglomus viscosum | W375_18_642E	Septoglomus viscosum	Septoglomus	divergent	short_5.8S	named, species elsewhere	4	unmatched			no call			matched	Septoglomus viscosum	Septoglomus	species	Septoglomus viscosum	Septoglomus	yes	divergent (short_5.8S)	VT
PX214584.1	Septoglomus sp. | 5070_5024A	Septoglomus sp.	Septoglomus	main		unnamed ('sp.')	0	matched	Septoglomus viscosum	Septoglomus	matched		Septoglomus	matched		Septoglomus	species	Septoglomus viscosum	Septoglomus	genus only		
PX214585.1	Septoglomus sp. | C4	Septoglomus sp.	Septoglomus	main		unnamed ('sp.')	0	matched	Septoglomus viscosum	Septoglomus	matched		Septoglomus	matched		Septoglomus	species	Septoglomus viscosum	Septoglomus	genus only		
PX214586.1	Septoglomus sp. | 5070_5024A	Septoglomus sp.	Septoglomus	main		unnamed ('sp.')	0	matched	Septoglomus viscosum	Septoglomus	matched		Septoglomus	matched		Septoglomus	species	Septoglomus viscosum	Septoglomus	genus only		
PX214587.1	Septoglomus sp. | C4	Septoglomus sp.	Septoglomus	main		unnamed ('sp.')	0	matched	Septoglomus viscosum	Septoglomus	matched		Septoglomus	matched		Septoglomus	species	Septoglomus viscosum	Septoglomus	genus only		
PX214588.1	Septoglomus sp. | C4	Septoglomus sp.	Septoglomus	main		unnamed ('sp.')	0	no call			matched		Septoglomus	matched		Septoglomus	genus		Septoglomus	genus		
PX214589.1	Septoglomus sp. | C4	Septoglomus sp.	Septoglomus	main		unnamed ('sp.')	0	matched	Septoglomus viscosum	Septoglomus	matched		Septoglomus	matched		Septoglomus	species	Septoglomus viscosum	Septoglomus	genus only		
PX214590.1	Septoglomus sp. | C4	Septoglomus sp.	Septoglomus	main		unnamed ('sp.')	0	matched	Septoglomus viscosum	Septoglomus	matched		Septoglomus	matched		Septoglomus	species	Septoglomus viscosum	Septoglomus	genus only		
PX214591.1	Septoglomus sp. | 5070_5024A	Septoglomus sp.	Septoglomus	main		unnamed ('sp.')	0	no call			matched		Septoglomus	matched		Septoglomus	genus		Septoglomus	genus		
PX214592.1	Septoglomus sp. | C4	Septoglomus sp.	Septoglomus	main		unnamed ('sp.')	0	no call			matched		Septoglomus	matched		Septoglomus	genus		Septoglomus	genus		
PX214593.1	Septoglomus sp. | C4	Septoglomus sp.	Septoglomus	main		unnamed ('sp.')	0	no call			matched		Septoglomus	matched		Septoglomus	genus		Septoglomus	genus		
PX214594.1	Septoglomus sp. | C4	Septoglomus sp.	Septoglomus	main		unnamed ('sp.')	0	no call			matched		Septoglomus	matched		Septoglomus	genus		Septoglomus	genus		
PX214595.1	Septoglomus sp. | 4404_2057A	Septoglomus sp.	Septoglomus	divergent	same_length	unnamed ('sp.')	0	matched	Septoglomus africanum;Septoglomus turnauae	Septoglomus	no call			matched		Septoglomus	species group	Septoglomus africanum;Septoglomus turnauae	Septoglomus	genus only	divergent (same_length)	
PX214596.1	Septoglomus sp. | FS_9_2328B	Septoglomus sp.	Septoglomus	main		unnamed ('sp.')	0	matched	Septoglomus africanum;Septoglomus turnauae	Septoglomus	no call			unmatched			species group	Septoglomus africanum;Septoglomus turnauae	Septoglomus	genus only		LSU
PX214597.1	Septoglomus sp. | FS_9_2328B	Septoglomus sp.	Septoglomus	main		unnamed ('sp.')	0	matched	Septoglomus africanum;Septoglomus turnauae	Septoglomus	no call			unmatched			species group	Septoglomus africanum;Septoglomus turnauae	Septoglomus	genus only		LSU
PX214598.1	Septoglomus sp. | FS_9_2328B	Septoglomus sp.	Septoglomus	main		unnamed ('sp.')	0	matched	Septoglomus africanum;Septoglomus turnauae	Septoglomus	no call			unmatched			species group	Septoglomus africanum;Septoglomus turnauae	Septoglomus	genus only		LSU
PX214599.1	Septoglomus sp. | 4404_2057A	Septoglomus sp.	Septoglomus	main		unnamed ('sp.')	0	matched	Septoglomus africanum;Septoglomus turnauae	Septoglomus	no call			matched	Septoglomus africanum	Septoglomus	species	Septoglomus africanum	Septoglomus	genus only		
PX214600.1	Septoglomus sp. | 4404_2057A	Septoglomus sp.	Septoglomus	main		unnamed ('sp.')	0	matched	Septoglomus africanum;Septoglomus turnauae	Septoglomus	no call			matched	Septoglomus africanum	Septoglomus	species	Septoglomus africanum	Septoglomus	genus only		
PX214601.1	Septoglomus sp. | FS_9_2328B	Septoglomus sp.	Septoglomus	divergent	same_length	unnamed ('sp.')	0	matched	Septoglomus africanum;Septoglomus turnauae	Septoglomus	no call			matched	Septoglomus africanum	Septoglomus	species	Septoglomus africanum	Septoglomus	genus only	divergent (same_length)	
PX214602.1	Septoglomus sp. | FS_9_2328B	Septoglomus sp.	Septoglomus	divergent	same_length	unnamed ('sp.')	0	matched	Septoglomus africanum;Septoglomus turnauae	Septoglomus	no call			matched	Septoglomus africanum	Septoglomus	species	Septoglomus africanum	Septoglomus	genus only	divergent (same_length)	
PX214603.1	Septoglomus sp. | Blasz_17_2277A	Septoglomus sp.	Septoglomus	main		unnamed ('sp.')	0	matched	Septoglomus africanum;Septoglomus turnauae	Septoglomus	unmatched			matched	Septoglomus africanum	Septoglomus	species	Septoglomus africanum	Septoglomus	genus only		SH
PX214604.1	Septoglomus sp. | Blasz_17_2277A	Septoglomus sp.	Septoglomus	main		unnamed ('sp.')	0	matched	Septoglomus africanum;Septoglomus turnauae	Septoglomus	unmatched			matched	Septoglomus africanum	Septoglomus	species	Septoglomus africanum	Septoglomus	genus only		SH
PX214605.1	Septoglomus sp. | Blasz_17_2277A	Septoglomus sp.	Septoglomus	main		unnamed ('sp.')	0	matched	Septoglomus africanum;Septoglomus turnauae	Septoglomus	unmatched			matched	Septoglomus africanum	Septoglomus	species	Septoglomus africanum	Septoglomus	genus only		SH
PX214606.1	Septoglomus sp. | Blasz_17_2277A	Septoglomus sp.	Septoglomus	main		unnamed ('sp.')	0	matched	Septoglomus africanum;Septoglomus turnauae	Septoglomus	unmatched			matched	Septoglomus africanum	Septoglomus	species	Septoglomus africanum	Septoglomus	genus only		SH
PX214607.1	Septoglomus sp. | Blasz_17_2277A	Septoglomus sp.	Septoglomus	main		unnamed ('sp.')	0	matched	Septoglomus africanum;Septoglomus turnauae	Septoglomus	unmatched			matched	Septoglomus africanum	Septoglomus	species	Septoglomus africanum	Septoglomus	genus only		SH
PX214608.1	Septoglomus sp. | SO43BL	Septoglomus sp.	Septoglomus	main		unnamed ('sp.')	0	matched	Septoglomus africanum;Septoglomus turnauae	Septoglomus	unmatched			matched	Septoglomus africanum	Septoglomus	species	Septoglomus africanum	Septoglomus	genus only		SH
PX214609.1	Septoglomus africanum | Blasz_17_2277A	Septoglomus africanum	Septoglomus	main		named, species elsewhere	1	matched	Septoglomus africanum;Septoglomus turnauae	Septoglomus	unmatched			matched	Septoglomus africanum	Septoglomus	species	Septoglomus africanum	Septoglomus	yes		SH
PX214610.1	Septoglomus africanum | SO43BL	Septoglomus africanum	Septoglomus	main		named, species elsewhere	1	matched	Septoglomus africanum;Septoglomus turnauae	Septoglomus	unmatched			matched	Septoglomus africanum	Septoglomus	species	Septoglomus africanum	Septoglomus	yes		SH
PX214611.1	Septoglomus africanum | SO43BL	Septoglomus africanum	Septoglomus	main		named, species elsewhere	1	matched	Septoglomus africanum;Septoglomus turnauae	Septoglomus	unmatched			matched	Septoglomus africanum	Septoglomus	species	Septoglomus africanum	Septoglomus	yes		SH
PX214612.1	Septoglomus africanum | SO43BL	Septoglomus africanum	Septoglomus	main		named, species elsewhere	1	matched	Septoglomus africanum;Septoglomus turnauae	Septoglomus	unmatched			matched	Septoglomus africanum	Septoglomus	species	Septoglomus africanum	Septoglomus	yes		SH
PX214613.1	Septoglomus africanum | SO43BL	Septoglomus africanum	Septoglomus	main		named, species elsewhere	1	matched	Septoglomus africanum;Septoglomus turnauae	Septoglomus	unmatched			matched	Septoglomus africanum	Septoglomus	species	Septoglomus africanum	Septoglomus	yes		SH
PX214614.1	Septoglomus africanum | SO43BL	Septoglomus africanum	Septoglomus	main		named, species elsewhere	1	matched	Septoglomus africanum;Septoglomus turnauae	Septoglomus	unmatched			matched	Septoglomus africanum	Septoglomus	species	Septoglomus africanum	Septoglomus	yes		SH
PX214615.1	Glomus tetrastratosum | CW0020_4019A	Glomus tetrastratosum	Glomus	main		named, species elsewhere	4	matched	Glomus chinense;Glomus macrocarpum;Glomus rugosae;Glomus tetrastratosum	Glomus	matched	Glomus tetrastratosum	Glomus	matched	Glomus tetrastratosum	Glomus	species	Glomus tetrastratosum	Glomus	yes		
PX214616.1	Glomus tetrastratosum | CW0020_4019A	Glomus tetrastratosum	Glomus	main		named, species elsewhere	4	matched	Glomus chinense;Glomus macrocarpum;Glomus rugosae;Glomus tetrastratosum	Glomus	matched	Glomus tetrastratosum	Glomus	matched	Glomus tetrastratosum	Glomus	species	Glomus tetrastratosum	Glomus	yes		
PX214617.1	Glomus tetrastratosum | 5105_2444A	Glomus tetrastratosum	Glomus	main		named, species elsewhere	4	matched	Glomus chinense;Glomus macrocarpum;Glomus rugosae;Glomus tetrastratosum	Glomus	matched	Glomus tetrastratosum	Glomus	matched	Glomus tetrastratosum	Glomus	species	Glomus tetrastratosum	Glomus	yes		
PX214618.1	Glomus tetrastratosum | 4433_785B	Glomus tetrastratosum	Glomus	main		named, species elsewhere	4	matched	Glomus chinense;Glomus macrocarpum;Glomus rugosae;Glomus tetrastratosum	Glomus	no call			matched	Glomus tetrastratosum	Glomus	species	Glomus tetrastratosum	Glomus	yes		
PX214619.1	Glomus tetrastratosum | SASK26_2406A	Glomus tetrastratosum	Glomus	main		named, species elsewhere	4	matched	Glomus chinense;Glomus macrocarpum;Glomus rugosae;Glomus tetrastratosum	Glomus	no call			matched	Glomus tetrastratosum	Glomus	species	Glomus tetrastratosum	Glomus	yes		
PX214620.1	Glomus tetrastratosum | 5105_2444A	Glomus tetrastratosum	Glomus	main		named, species elsewhere	4	matched	Glomus chinense;Glomus macrocarpum;Glomus rugosae;Glomus tetrastratosum	Glomus	matched	Glomus tetrastratosum	Glomus	matched	Glomus tetrastratosum	Glomus	species	Glomus tetrastratosum	Glomus	yes		
PX214621.1	Glomus tetrastratosum | CW0020_4019A	Glomus tetrastratosum	Glomus	main		named, species elsewhere	4	matched	Glomus chinense;Glomus macrocarpum;Glomus rugosae;Glomus tetrastratosum	Glomus	matched	Glomus tetrastratosum	Glomus	matched	Glomus tetrastratosum	Glomus	species	Glomus tetrastratosum	Glomus	yes		
PX214622.1	Glomus tetrastratosum | 5105_2444A	Glomus tetrastratosum	Glomus	main		named, species elsewhere	4	matched	Glomus chinense;Glomus macrocarpum;Glomus rugosae;Glomus tetrastratosum	Glomus	matched	Glomus tetrastratosum	Glomus	matched	Glomus tetrastratosum	Glomus	species	Glomus tetrastratosum	Glomus	yes		
PX214623.1	Glomus tetrastratosum | 5105_2444A	Glomus tetrastratosum	Glomus	main		named, species elsewhere	4	matched	Glomus chinense;Glomus macrocarpum;Glomus rugosae;Glomus tetrastratosum	Glomus	matched	Glomus tetrastratosum	Glomus	matched	Glomus tetrastratosum	Glomus	species	Glomus tetrastratosum	Glomus	yes		
PX214624.1	Glomus tetrastratosum | 5105_2444A	Glomus tetrastratosum	Glomus	main		named, species elsewhere	4	matched	Glomus chinense;Glomus macrocarpum;Glomus rugosae;Glomus tetrastratosum	Glomus	matched	Glomus tetrastratosum	Glomus	matched	Glomus tetrastratosum	Glomus	species	Glomus tetrastratosum	Glomus	yes		
PX214625.1	Glomus tetrastratosum | 5105_2444A	Glomus tetrastratosum	Glomus	main		named, species elsewhere	4	matched	Glomus chinense;Glomus macrocarpum;Glomus rugosae;Glomus tetrastratosum	Glomus	matched	Glomus tetrastratosum	Glomus	matched	Glomus tetrastratosum	Glomus	species	Glomus tetrastratosum	Glomus	yes		
PX214626.1	Glomus tetrastratosum | 4433_785B	Glomus tetrastratosum	Glomus	main		named, species elsewhere	4	matched	Glomus chinense;Glomus macrocarpum;Glomus rugosae;Glomus tetrastratosum	Glomus	matched	Glomus tetrastratosum	Glomus	matched	Glomus tetrastratosum	Glomus	species	Glomus tetrastratosum	Glomus	yes		
PX214627.1	Glomus tetrastratosum | 4433_785B	Glomus tetrastratosum	Glomus	main		named, species elsewhere	4	matched	Glomus chinense;Glomus macrocarpum;Glomus rugosae;Glomus tetrastratosum	Glomus	matched	Glomus tetrastratosum	Glomus	matched	Glomus tetrastratosum	Glomus	species	Glomus tetrastratosum	Glomus	yes		
PX214628.1	Glomus tetrastratosum | 4433_785B	Glomus tetrastratosum	Glomus	main		named, species elsewhere	4	matched	Glomus chinense;Glomus macrocarpum;Glomus rugosae;Glomus tetrastratosum	Glomus	matched	Glomus tetrastratosum	Glomus	matched	Glomus tetrastratosum	Glomus	species	Glomus tetrastratosum	Glomus	yes		
PX214629.1	Glomus chinense | 4650_4654_2007C	Glomus chinense	Glomus	main		named, species elsewhere	3	matched	Glomus chinense;Glomus macrocarpum;Glomus rugosae;Glomus tetrastratosum	Glomus	no call			matched	Glomus chinense;Glomus rugosae	Glomus	species group	Glomus chinense;Glomus rugosae	Glomus	contains		
PX214630.1	Glomus chinense | 4419_1047A	Glomus chinense	Glomus	main		named, species elsewhere	3	matched	Glomus chinense;Glomus macrocarpum;Glomus rugosae;Glomus tetrastratosum	Glomus	no call			matched	Glomus chinense;Glomus rugosae	Glomus	species group	Glomus chinense;Glomus rugosae	Glomus	contains		
PX214631.1	Glomus chinense | 4419_1047A	Glomus chinense	Glomus	main		named, species elsewhere	3	matched	Glomus chinense;Glomus macrocarpum;Glomus rugosae;Glomus tetrastratosum	Glomus	no call			matched	Glomus chinense;Glomus rugosae	Glomus	species group	Glomus chinense;Glomus rugosae	Glomus	contains		
PX214632.1	Glomus chinense | 4419_1047A	Glomus chinense	Glomus	main		named, species elsewhere	3	matched	Glomus chinense;Glomus macrocarpum;Glomus rugosae;Glomus tetrastratosum	Glomus	no call			matched	Glomus chinense;Glomus rugosae	Glomus	species group	Glomus chinense;Glomus rugosae	Glomus	contains		
PX214633.1	Glomus chinense | 4419_1047A	Glomus chinense	Glomus	main		named, species elsewhere	3	matched	Glomus chinense;Glomus macrocarpum;Glomus rugosae;Glomus tetrastratosum	Glomus	no call			matched	Glomus chinense;Glomus rugosae	Glomus	species group	Glomus chinense;Glomus rugosae	Glomus	contains		
PX214634.1	Glomus chinense | 4419_1047A	Glomus chinense	Glomus	main		named, species elsewhere	3	matched	Glomus chinense;Glomus macrocarpum;Glomus rugosae;Glomus tetrastratosum	Glomus	no call			matched	Glomus chinense;Glomus rugosae	Glomus	species group	Glomus chinense;Glomus rugosae	Glomus	contains		
PX214635.1	Glomus chinense | 4419_1047A	Glomus chinense	Glomus	main		named, species elsewhere	3	matched	Glomus chinense;Glomus macrocarpum;Glomus rugosae;Glomus tetrastratosum	Glomus	no call			matched	Glomus chinense;Glomus rugosae	Glomus	species group	Glomus chinense;Glomus rugosae	Glomus	contains		
PX214636.1	Glomus chinense | 4650_4654_2007C	Glomus chinense	Glomus	main		named, species elsewhere	3	matched	Glomus chinense;Glomus macrocarpum;Glomus rugosae;Glomus tetrastratosum	Glomus	no call			matched	Glomus chinense;Glomus rugosae	Glomus	species group	Glomus chinense;Glomus rugosae	Glomus	contains		
PX214637.1	Glomus chinense | 4650_4654_2007C	Glomus chinense	Glomus	main		named, species elsewhere	3	matched	Glomus chinense;Glomus macrocarpum;Glomus rugosae;Glomus tetrastratosum	Glomus	no call			matched	Glomus chinense;Glomus rugosae	Glomus	species group	Glomus chinense;Glomus rugosae	Glomus	contains		
PX214638.1	Glomus chinense | 4650_4654_2007C	Glomus chinense	Glomus	main		named, species elsewhere	3	matched	Glomus chinense;Glomus macrocarpum;Glomus rugosae;Glomus tetrastratosum	Glomus	no call			matched	Glomus chinense;Glomus rugosae	Glomus	species group	Glomus chinense;Glomus rugosae	Glomus	contains		
PX214639.1	Glomus chinense | 4650_4654_2007C	Glomus chinense	Glomus	main		named, species elsewhere	3	matched	Glomus chinense;Glomus macrocarpum;Glomus rugosae;Glomus tetrastratosum	Glomus	no call			matched	Glomus chinense;Glomus rugosae	Glomus	species group	Glomus chinense;Glomus rugosae	Glomus	contains		
PX214640.1	Glomus chinense | 4419_1047A	Glomus chinense	Glomus	main		named, species elsewhere	3	matched	Glomus chinense;Glomus macrocarpum;Glomus rugosae;Glomus tetrastratosum	Glomus	no call			matched	Glomus chinense;Glomus rugosae	Glomus	species group	Glomus chinense;Glomus rugosae	Glomus	contains		
PX214641.1	Glomus chinense | 4419_1047A	Glomus chinense	Glomus	main		named, species elsewhere	3	matched	Glomus chinense;Glomus macrocarpum;Glomus rugosae;Glomus tetrastratosum	Glomus	no call			matched	Glomus chinense;Glomus rugosae	Glomus	species group	Glomus chinense;Glomus rugosae	Glomus	contains		
PX214642.1	Glomus chinense | 4419_1047A	Glomus chinense	Glomus	main		named, species elsewhere	3	matched	Glomus chinense;Glomus macrocarpum;Glomus rugosae;Glomus tetrastratosum	Glomus	no call			matched	Glomus chinense;Glomus rugosae	Glomus	species group	Glomus chinense;Glomus rugosae	Glomus	contains		
PX214643.1	Glomus chinense | 4650_4654_2007C	Glomus chinense	Glomus	main		named, species elsewhere	3	matched	Glomus chinense;Glomus macrocarpum;Glomus rugosae;Glomus tetrastratosum	Glomus	no call			matched	Glomus chinense;Glomus rugosae	Glomus	species group	Glomus chinense;Glomus rugosae	Glomus	contains		
PX214644.1	Glomus chinense | 4419_1047A	Glomus chinense	Glomus	main		named, species elsewhere	3	matched	Glomus chinense;Glomus macrocarpum;Glomus rugosae;Glomus tetrastratosum	Glomus	no call			matched	Glomus chinense;Glomus rugosae	Glomus	species group	Glomus chinense;Glomus rugosae	Glomus	contains		
PX214645.1	Glomus chinense | 4650_4654_2007C	Glomus chinense	Glomus	main		named, species elsewhere	3	matched	Glomus chinense;Glomus macrocarpum;Glomus rugosae;Glomus tetrastratosum	Glomus	no call			matched	Glomus chinense;Glomus rugosae	Glomus	species group	Glomus chinense;Glomus rugosae	Glomus	contains		
PX214646.1	Glomus chinense | 4419_1047A	Glomus chinense	Glomus	main		named, species elsewhere	3	matched	Glomus chinense;Glomus macrocarpum;Glomus rugosae;Glomus tetrastratosum	Glomus	no call			matched	Glomus chinense;Glomus rugosae	Glomus	species group	Glomus chinense;Glomus rugosae	Glomus	contains		
PX214647.1	Glomus chinense | 4419_1047A	Glomus chinense	Glomus	main		named, species elsewhere	3	matched	Glomus chinense;Glomus macrocarpum;Glomus rugosae;Glomus tetrastratosum	Glomus	no call			matched	Glomus chinense;Glomus rugosae	Glomus	species group	Glomus chinense;Glomus rugosae	Glomus	contains		
PX214648.1	Glomus chinense | 4411_1096D	Glomus chinense	Glomus	main		named, species elsewhere	3	matched	Glomus chinense;Glomus macrocarpum;Glomus rugosae;Glomus tetrastratosum	Glomus	no call			matched	Glomus chinense;Glomus rugosae	Glomus	species group	Glomus chinense;Glomus rugosae	Glomus	contains		
PX214649.1	Glomus chinense | 4411_1096D	Glomus chinense	Glomus	main		named, species elsewhere	3	matched	Glomus chinense;Glomus macrocarpum;Glomus rugosae;Glomus tetrastratosum	Glomus	no call			matched	Glomus chinense;Glomus rugosae	Glomus	species group	Glomus chinense;Glomus rugosae	Glomus	contains		
PX214650.1	Glomus chinense | 4411_1096D	Glomus chinense	Glomus	main		named, species elsewhere	3	matched	Glomus chinense;Glomus macrocarpum;Glomus rugosae;Glomus tetrastratosum	Glomus	no call			matched	Glomus chinense;Glomus rugosae	Glomus	species group	Glomus chinense;Glomus rugosae	Glomus	contains		
PX214651.1	Glomus chinense | 4411_1096D	Glomus chinense	Glomus	main		named, species elsewhere	3	matched	Glomus chinense;Glomus macrocarpum;Glomus rugosae;Glomus tetrastratosum	Glomus	no call			matched	Glomus chinense;Glomus rugosae	Glomus	species group	Glomus chinense;Glomus rugosae	Glomus	contains		
PX214652.1	Glomus chinense | 4036_906B	Glomus chinense	Glomus	main		named, species elsewhere	3	matched	Glomus chinense;Glomus macrocarpum;Glomus rugosae;Glomus tetrastratosum	Glomus	no call			matched	Glomus chinense	Glomus	species	Glomus chinense	Glomus	yes		
PX214653.1	Glomus chinense | 4036_906B	Glomus chinense	Glomus	main		named, species elsewhere	3	matched	Glomus chinense;Glomus macrocarpum;Glomus rugosae;Glomus tetrastratosum	Glomus	no call			matched	Glomus chinense	Glomus	species	Glomus chinense	Glomus	yes		
PX214654.1	Glomus chinense | 4036_906B	Glomus chinense	Glomus	main		named, species elsewhere	3	matched	Glomus chinense;Glomus macrocarpum;Glomus rugosae;Glomus tetrastratosum	Glomus	no call			matched	Glomus chinense	Glomus	species	Glomus chinense	Glomus	yes		
PX214655.1	Glomus chinense | 4036_906B	Glomus chinense	Glomus	main		named, species elsewhere	3	matched	Glomus chinense;Glomus macrocarpum;Glomus rugosae;Glomus tetrastratosum	Glomus	no call			matched	Glomus chinense;Glomus rugosae	Glomus	species group	Glomus chinense;Glomus rugosae	Glomus	contains		
PX214656.1	Glomus chinense | 4036_906B	Glomus chinense	Glomus	main		named, species elsewhere	3	matched	Glomus chinense;Glomus macrocarpum;Glomus rugosae;Glomus tetrastratosum	Glomus	no call			matched	Glomus chinense;Glomus rugosae	Glomus	species group	Glomus chinense;Glomus rugosae	Glomus	contains		
PX214657.1	Glomus chinense | 4036_906B	Glomus chinense	Glomus	main		named, species elsewhere	3	matched	Glomus chinense;Glomus macrocarpum;Glomus rugosae;Glomus tetrastratosum	Glomus	no call			matched	Glomus chinense;Glomus rugosae	Glomus	species group	Glomus chinense;Glomus rugosae	Glomus	contains		
PX214658.1	Glomus chinense | 4036_906B	Glomus chinense	Glomus	main		named, species elsewhere	3	matched	Glomus chinense;Glomus macrocarpum;Glomus rugosae;Glomus tetrastratosum	Glomus	no call			matched	Glomus chinense	Glomus	species	Glomus chinense	Glomus	yes		
PX214659.1	Glomus chinense | 4411_1096D	Glomus chinense	Glomus	main		named, species elsewhere	3	matched	Glomus chinense;Glomus macrocarpum;Glomus rugosae;Glomus tetrastratosum	Glomus	no call			matched	Glomus chinense;Glomus rugosae	Glomus	species group	Glomus chinense;Glomus rugosae	Glomus	contains		
PX214660.1	Glomus chinense | 4036_906B	Glomus chinense	Glomus	main		named, species elsewhere	3	matched	Glomus chinense;Glomus macrocarpum;Glomus rugosae;Glomus tetrastratosum	Glomus	no call			matched	Glomus chinense;Glomus rugosae	Glomus	species group	Glomus chinense;Glomus rugosae	Glomus	contains		
PX214661.1	Glomus chinense | 4036_906B	Glomus chinense	Glomus	main		named, species elsewhere	3	matched	Glomus chinense;Glomus macrocarpum;Glomus rugosae;Glomus tetrastratosum	Glomus	no call			matched	Glomus chinense	Glomus	species	Glomus chinense	Glomus	yes		
PX214662.1	Glomus chinense | 4419_1047A	Glomus chinense	Glomus	main		named, species elsewhere	3	matched	Glomus chinense;Glomus macrocarpum;Glomus rugosae;Glomus tetrastratosum	Glomus	no call			matched	Glomus chinense;Glomus rugosae	Glomus	species group	Glomus chinense;Glomus rugosae	Glomus	contains		
PX214663.1	Glomus chinense | 4411_1096D	Glomus chinense	Glomus	main		named, species elsewhere	3	matched	Glomus chinense;Glomus macrocarpum;Glomus rugosae;Glomus tetrastratosum	Glomus	no call			matched	Glomus chinense	Glomus	species	Glomus chinense	Glomus	yes		
PX214664.1	Glomus macrocarpum | W6285_2347C	Glomus macrocarpum	Glomus	main		named, species held out	0	matched	Glomus chinense;Glomus rugosae;Glomus tetrastratosum	Glomus	no call			matched	Glomus chinense;Glomus rugosae	Glomus	species group	Glomus chinense;Glomus rugosae	Glomus	genus only	held out	
PX214665.1	Glomus macrocarpum | W6285_2347C	Glomus macrocarpum	Glomus	main		named, species held out	0	matched	Glomus chinense;Glomus rugosae;Glomus tetrastratosum	Glomus	matched	Glomus rugosae	Glomus	unmatched			species	Glomus rugosae	Glomus	genus only	held out	LSU
PX214666.1	Glomus macrocarpum | W6285_2347C	Glomus macrocarpum	Glomus	main		named, species held out	0	matched	Glomus chinense;Glomus rugosae;Glomus tetrastratosum	Glomus	matched	Glomus rugosae	Glomus	matched	Glomus chinense;Glomus rugosae	Glomus	species	Glomus rugosae	Glomus	genus only	held out	
PX214667.1	Glomus macrocarpum | W6285_2347C	Glomus macrocarpum	Glomus	main		named, species held out	0	matched	Glomus chinense;Glomus rugosae;Glomus tetrastratosum	Glomus	matched	Glomus rugosae	Glomus	unmatched			species	Glomus rugosae	Glomus	genus only	held out	LSU
PX214668.1	Glomus macrocarpum | W6285_2347C	Glomus macrocarpum	Glomus	main		named, species held out	0	matched	Glomus chinense;Glomus rugosae;Glomus tetrastratosum	Glomus	matched	Glomus rugosae	Glomus	unmatched			species	Glomus rugosae	Glomus	genus only	held out	LSU
PX214669.1	Glomus macrocarpum | W6285_2347C	Glomus macrocarpum	Glomus	main		named, species held out	0	matched	Glomus chinense;Glomus rugosae;Glomus tetrastratosum	Glomus	matched	Glomus rugosae	Glomus	unmatched			species	Glomus rugosae	Glomus	genus only	held out	LSU
PX214670.1	Glomus macrocarpum | W6285_2347C	Glomus macrocarpum	Glomus	main		named, species held out	0	matched	Glomus chinense;Glomus rugosae;Glomus tetrastratosum	Glomus	matched	Glomus rugosae	Glomus	matched	Glomus chinense;Glomus rugosae	Glomus	species	Glomus rugosae	Glomus	genus only	held out	
PX214671.1	Glomus rugosae | 2101_IVT46	Glomus rugosae	Glomus	main		named, species elsewhere	8	matched	Glomus chinense;Glomus macrocarpum;Glomus rugosae;Glomus tetrastratosum	Glomus	no call			matched	Glomus chinense;Glomus rugosae	Glomus	species group	Glomus chinense;Glomus rugosae	Glomus	contains		
PX214672.1	Glomus rugosae | 2101_IVT46	Glomus rugosae	Glomus	main		named, species elsewhere	8	matched	Glomus chinense;Glomus macrocarpum;Glomus rugosae;Glomus tetrastratosum	Glomus	no call			matched	Glomus chinense;Glomus rugosae	Glomus	species group	Glomus chinense;Glomus rugosae	Glomus	contains		
PX214673.1	Glomus rugosae | 4420_683B	Glomus rugosae	Glomus	main		named, species elsewhere	8	matched	Glomus chinense;Glomus macrocarpum;Glomus rugosae;Glomus tetrastratosum	Glomus	no call			matched	Glomus chinense;Glomus rugosae	Glomus	species group	Glomus chinense;Glomus rugosae	Glomus	contains		
PX214674.1	Glomus rugosae | 4420_683B	Glomus rugosae	Glomus	main		named, species elsewhere	8	matched	Glomus chinense;Glomus macrocarpum;Glomus rugosae;Glomus tetrastratosum	Glomus	no call			matched	Glomus chinense;Glomus rugosae	Glomus	species group	Glomus chinense;Glomus rugosae	Glomus	contains		
PX214675.1	Glomus rugosae | 2101_IVT46	Glomus rugosae	Glomus	main		named, species elsewhere	8	matched	Glomus chinense;Glomus macrocarpum;Glomus rugosae;Glomus tetrastratosum	Glomus	no call			matched	Glomus chinense;Glomus rugosae	Glomus	species group	Glomus chinense;Glomus rugosae	Glomus	contains		
PX214676.1	Glomus rugosae | 2101_IVT46	Glomus rugosae	Glomus	main		named, species elsewhere	8	matched	Glomus chinense;Glomus macrocarpum;Glomus rugosae;Glomus tetrastratosum	Glomus	no call			matched	Glomus chinense;Glomus rugosae	Glomus	species group	Glomus chinense;Glomus rugosae	Glomus	contains		
PX214677.1	Glomus rugosae | 2101_IVT46	Glomus rugosae	Glomus	main		named, species elsewhere	8	matched	Glomus chinense;Glomus macrocarpum;Glomus rugosae;Glomus tetrastratosum	Glomus	no call			matched	Glomus chinense;Glomus rugosae	Glomus	species group	Glomus chinense;Glomus rugosae	Glomus	contains		
PX214678.1	Glomus rugosae | 4420_683B	Glomus rugosae	Glomus	main		named, species elsewhere	8	matched	Glomus chinense;Glomus macrocarpum;Glomus rugosae;Glomus tetrastratosum	Glomus	matched	Glomus macrocarpum;Glomus rugosae	Glomus	matched	Glomus chinense;Glomus rugosae	Glomus	species	Glomus rugosae	Glomus	yes		
PX214679.1	Glomus rugosae | 4431_805C	Glomus rugosae	Glomus	main		named, species elsewhere	8	matched	Glomus chinense;Glomus macrocarpum;Glomus rugosae;Glomus tetrastratosum	Glomus	matched	Glomus macrocarpum;Glomus rugosae	Glomus	matched	Glomus chinense;Glomus rugosae	Glomus	species	Glomus rugosae	Glomus	yes		
PX214680.1	Glomus rugosae | 2101_IVT46	Glomus rugosae	Glomus	main		named, species elsewhere	8	matched	Glomus chinense;Glomus macrocarpum;Glomus rugosae;Glomus tetrastratosum	Glomus	matched	Glomus macrocarpum;Glomus rugosae	Glomus	matched	Glomus chinense;Glomus rugosae	Glomus	species	Glomus rugosae	Glomus	yes		
PX214681.1	Glomus rugosae | 2101_IVT46	Glomus rugosae	Glomus	main		named, species elsewhere	8	matched	Glomus chinense;Glomus macrocarpum;Glomus rugosae;Glomus tetrastratosum	Glomus	no call			matched	Glomus chinense;Glomus rugosae	Glomus	species group	Glomus chinense;Glomus rugosae	Glomus	contains		
PX214682.1	Glomus rugosae | 2101_IVT46	Glomus rugosae	Glomus	main		named, species elsewhere	8	matched	Glomus chinense;Glomus macrocarpum;Glomus rugosae;Glomus tetrastratosum	Glomus	no call			matched	Glomus chinense;Glomus rugosae	Glomus	species group	Glomus chinense;Glomus rugosae	Glomus	contains		
PX214683.1	Glomus rugosae | 2101_IVT46	Glomus rugosae	Glomus	main		named, species elsewhere	8	matched	Glomus chinense;Glomus macrocarpum;Glomus rugosae;Glomus tetrastratosum	Glomus	no call			matched	Glomus chinense;Glomus rugosae	Glomus	species group	Glomus chinense;Glomus rugosae	Glomus	contains		
PX214684.1	Glomus rugosae | 4417_1160C	Glomus rugosae	Glomus	main		named, species elsewhere	8	matched	Glomus chinense;Glomus macrocarpum;Glomus rugosae;Glomus tetrastratosum	Glomus	no call			matched	Glomus chinense;Glomus rugosae	Glomus	species group	Glomus chinense;Glomus rugosae	Glomus	contains		
PX214685.1	Glomus rugosae | 4384_IVT98	Glomus rugosae	Glomus	main		named, species elsewhere	8	matched	Glomus chinense;Glomus macrocarpum;Glomus rugosae;Glomus tetrastratosum	Glomus	no call			matched	Glomus chinense;Glomus rugosae	Glomus	species group	Glomus chinense;Glomus rugosae	Glomus	contains		
PX214686.1	Glomus rugosae | 4431_805C	Glomus rugosae	Glomus	main		named, species elsewhere	8	matched	Glomus chinense;Glomus macrocarpum;Glomus rugosae;Glomus tetrastratosum	Glomus	no call			matched	Glomus chinense;Glomus rugosae	Glomus	species group	Glomus chinense;Glomus rugosae	Glomus	contains		
PX214687.1	Glomus rugosae | 4415_1174B	Glomus rugosae	Glomus	main		named, species elsewhere	8	matched	Glomus chinense;Glomus macrocarpum;Glomus rugosae;Glomus tetrastratosum	Glomus	no call			matched	Glomus chinense;Glomus rugosae	Glomus	species group	Glomus chinense;Glomus rugosae	Glomus	contains		
PX214688.1	Glomus rugosae | 4431_805C	Glomus rugosae	Glomus	main		named, species elsewhere	8	matched	Glomus chinense;Glomus macrocarpum;Glomus rugosae;Glomus tetrastratosum	Glomus	no call			matched	Glomus chinense;Glomus rugosae	Glomus	species group	Glomus chinense;Glomus rugosae	Glomus	contains		
PX214689.1	Glomus rugosae | 4431_805C	Glomus rugosae	Glomus	main		named, species elsewhere	8	matched	Glomus chinense;Glomus macrocarpum;Glomus rugosae;Glomus tetrastratosum	Glomus	no call			matched	Glomus chinense;Glomus rugosae	Glomus	species group	Glomus chinense;Glomus rugosae	Glomus	contains		
PX214690.1	Glomus rugosae | 4431_805C	Glomus rugosae	Glomus	main		named, species elsewhere	8	matched	Glomus chinense;Glomus macrocarpum;Glomus rugosae;Glomus tetrastratosum	Glomus	no call			matched	Glomus chinense;Glomus rugosae	Glomus	species group	Glomus chinense;Glomus rugosae	Glomus	contains		
PX214691.1	Glomus rugosae | 4431_805C	Glomus rugosae	Glomus	main		named, species elsewhere	8	matched	Glomus chinense;Glomus macrocarpum;Glomus rugosae;Glomus tetrastratosum	Glomus	no call			matched	Glomus chinense;Glomus rugosae	Glomus	species group	Glomus chinense;Glomus rugosae	Glomus	contains		
PX214692.1	Glomus rugosae | 4417_1160C	Glomus rugosae	Glomus	main		named, species elsewhere	8	matched	Glomus chinense;Glomus macrocarpum;Glomus rugosae;Glomus tetrastratosum	Glomus	no call			matched	Glomus chinense;Glomus rugosae	Glomus	species group	Glomus chinense;Glomus rugosae	Glomus	contains		
PX214693.1	Glomus rugosae | 4415_1174B	Glomus rugosae	Glomus	main		named, species elsewhere	8	matched	Glomus chinense;Glomus macrocarpum;Glomus rugosae;Glomus tetrastratosum	Glomus	no call			matched	Glomus chinense;Glomus rugosae	Glomus	species group	Glomus chinense;Glomus rugosae	Glomus	contains		
PX214694.1	Glomus rugosae | 4417_1160C	Glomus rugosae	Glomus	main		named, species elsewhere	8	matched	Glomus chinense;Glomus macrocarpum;Glomus rugosae;Glomus tetrastratosum	Glomus	no call			matched	Glomus chinense;Glomus rugosae	Glomus	species group	Glomus chinense;Glomus rugosae	Glomus	contains		
PX214695.1	Glomus rugosae | 4384_IVT98	Glomus rugosae	Glomus	main		named, species elsewhere	8	matched	Glomus chinense;Glomus macrocarpum;Glomus rugosae;Glomus tetrastratosum	Glomus	no call			matched	Glomus chinense;Glomus rugosae	Glomus	species group	Glomus chinense;Glomus rugosae	Glomus	contains		
PX214696.1	Glomus rugosae | 4431_805C	Glomus rugosae	Glomus	main		named, species elsewhere	8	matched	Glomus chinense;Glomus macrocarpum;Glomus rugosae;Glomus tetrastratosum	Glomus	no call			matched	Glomus chinense;Glomus rugosae	Glomus	species group	Glomus chinense;Glomus rugosae	Glomus	contains		
PX214697.1	Glomus rugosae | 4415_1174B	Glomus rugosae	Glomus	main		named, species elsewhere	8	matched	Glomus chinense;Glomus macrocarpum;Glomus rugosae;Glomus tetrastratosum	Glomus	no call			matched	Glomus chinense;Glomus rugosae	Glomus	species group	Glomus chinense;Glomus rugosae	Glomus	contains		
PX214698.1	Glomus rugosae | 4417_1160C	Glomus rugosae	Glomus	main		named, species elsewhere	8	matched	Glomus chinense;Glomus macrocarpum;Glomus rugosae;Glomus tetrastratosum	Glomus	no call			matched	Glomus chinense;Glomus rugosae	Glomus	species group	Glomus chinense;Glomus rugosae	Glomus	contains		
PX214699.1	Glomus rugosae | 4417_1160C	Glomus rugosae	Glomus	main		named, species elsewhere	8	matched	Glomus chinense;Glomus macrocarpum;Glomus rugosae;Glomus tetrastratosum	Glomus	no call			matched	Glomus chinense;Glomus rugosae	Glomus	species group	Glomus chinense;Glomus rugosae	Glomus	contains		
PX214700.1	Glomus rugosae | 4431_805C	Glomus rugosae	Glomus	main		named, species elsewhere	8	matched	Glomus chinense;Glomus macrocarpum;Glomus rugosae;Glomus tetrastratosum	Glomus	no call			matched	Glomus chinense;Glomus rugosae	Glomus	species group	Glomus chinense;Glomus rugosae	Glomus	contains		
PX214701.1	Glomus rugosae | 4431_805C	Glomus rugosae	Glomus	main		named, species elsewhere	8	matched	Glomus chinense;Glomus macrocarpum;Glomus rugosae;Glomus tetrastratosum	Glomus	no call			matched	Glomus chinense;Glomus rugosae	Glomus	species group	Glomus chinense;Glomus rugosae	Glomus	contains		
PX214702.1	Glomus rugosae | 4384_IVT98	Glomus rugosae	Glomus	main		named, species elsewhere	8	matched	Glomus chinense;Glomus macrocarpum;Glomus rugosae;Glomus tetrastratosum	Glomus	no call			matched	Glomus chinense;Glomus rugosae	Glomus	species group	Glomus chinense;Glomus rugosae	Glomus	contains		
PX214703.1	Glomus rugosae | 4417_1160C	Glomus rugosae	Glomus	main		named, species elsewhere	8	matched	Glomus chinense;Glomus macrocarpum;Glomus rugosae;Glomus tetrastratosum	Glomus	no call			matched	Glomus chinense;Glomus rugosae	Glomus	species group	Glomus chinense;Glomus rugosae	Glomus	contains		
PX214704.1	Glomus rugosae | 4384_IVT98	Glomus rugosae	Glomus	main		named, species elsewhere	8	matched	Glomus chinense;Glomus macrocarpum;Glomus rugosae;Glomus tetrastratosum	Glomus	no call			matched	Glomus chinense;Glomus rugosae	Glomus	species group	Glomus chinense;Glomus rugosae	Glomus	contains		
PX214705.1	Glomus rugosae | 4431_805C	Glomus rugosae	Glomus	main		named, species elsewhere	8	matched	Glomus chinense;Glomus macrocarpum;Glomus rugosae;Glomus tetrastratosum	Glomus	no call			matched	Glomus chinense;Glomus rugosae	Glomus	species group	Glomus chinense;Glomus rugosae	Glomus	contains		
PX214706.1	Glomus rugosae | 4415_1174B	Glomus rugosae	Glomus	main		named, species elsewhere	8	matched	Glomus chinense;Glomus macrocarpum;Glomus rugosae;Glomus tetrastratosum	Glomus	no call			matched	Glomus chinense;Glomus rugosae	Glomus	species group	Glomus chinense;Glomus rugosae	Glomus	contains		
PX214707.1	Glomus rugosae | 4417_1160C	Glomus rugosae	Glomus	main		named, species elsewhere	8	matched	Glomus chinense;Glomus macrocarpum;Glomus rugosae;Glomus tetrastratosum	Glomus	no call			matched	Glomus chinense;Glomus rugosae	Glomus	species group	Glomus chinense;Glomus rugosae	Glomus	contains		
PX214708.1	Glomus rugosae | 4384_IVT98	Glomus rugosae	Glomus	main		named, species elsewhere	8	matched	Glomus chinense;Glomus macrocarpum;Glomus rugosae;Glomus tetrastratosum	Glomus	no call			matched	Glomus chinense;Glomus rugosae	Glomus	species group	Glomus chinense;Glomus rugosae	Glomus	contains		
PX214709.1	Glomus rugosae | 4417_1160C	Glomus rugosae	Glomus	main		named, species elsewhere	8	matched	Glomus chinense;Glomus macrocarpum;Glomus rugosae;Glomus tetrastratosum	Glomus	no call			matched	Glomus chinense;Glomus rugosae	Glomus	species group	Glomus chinense;Glomus rugosae	Glomus	contains		
PX214710.1	Glomus rugosae | 4417_1160C	Glomus rugosae	Glomus	main		named, species elsewhere	8	matched	Glomus chinense;Glomus macrocarpum;Glomus rugosae;Glomus tetrastratosum	Glomus	no call			matched	Glomus rugosae	Glomus	species	Glomus rugosae	Glomus	yes		
PX214711.1	Glomus rugosae | 4431_805C	Glomus rugosae	Glomus	main		named, species elsewhere	8	matched	Glomus chinense;Glomus macrocarpum;Glomus rugosae;Glomus tetrastratosum	Glomus	no call			matched	Glomus rugosae	Glomus	species	Glomus rugosae	Glomus	yes		
PX214712.1	Glomus rugosae | 4384_IVT98	Glomus rugosae	Glomus	main		named, species elsewhere	8	matched	Glomus chinense;Glomus macrocarpum;Glomus rugosae;Glomus tetrastratosum	Glomus	no call			matched	Glomus rugosae	Glomus	species	Glomus rugosae	Glomus	yes		
PX214713.1	Glomus rugosae | 4384_IVT98	Glomus rugosae	Glomus	main		named, species elsewhere	8	matched	Glomus chinense;Glomus macrocarpum;Glomus rugosae;Glomus tetrastratosum	Glomus	no call			matched	Glomus rugosae	Glomus	species	Glomus rugosae	Glomus	yes		
PX214714.1	Glomus rugosae | 4431_805C	Glomus rugosae	Glomus	main		named, species elsewhere	8	matched	Glomus chinense;Glomus macrocarpum;Glomus rugosae;Glomus tetrastratosum	Glomus	no call			matched	Glomus chinense;Glomus rugosae	Glomus	species group	Glomus chinense;Glomus rugosae	Glomus	contains		
PX214715.1	Glomus rugosae | 4420_683B	Glomus rugosae	Glomus	main		named, species elsewhere	8	matched	Glomus chinense;Glomus macrocarpum;Glomus rugosae;Glomus tetrastratosum	Glomus	no call			matched	Glomus chinense;Glomus rugosae	Glomus	species group	Glomus chinense;Glomus rugosae	Glomus	contains		
PX214716.1	Glomus rugosae | 4420_683B	Glomus rugosae	Glomus	main		named, species elsewhere	8	matched	Glomus chinense;Glomus macrocarpum;Glomus rugosae;Glomus tetrastratosum	Glomus	no call			matched	Glomus chinense;Glomus rugosae	Glomus	species group	Glomus chinense;Glomus rugosae	Glomus	contains		
PX214717.1	Glomus rugosae | 4431_805C	Glomus rugosae	Glomus	main		named, species elsewhere	8	matched	Glomus chinense;Glomus macrocarpum;Glomus rugosae;Glomus tetrastratosum	Glomus	no call			matched	Glomus chinense;Glomus rugosae	Glomus	species group	Glomus chinense;Glomus rugosae	Glomus	contains		
PX214718.1	Glomus rugosae | 4420_683B	Glomus rugosae	Glomus	main		named, species elsewhere	8	matched	Glomus chinense;Glomus macrocarpum;Glomus rugosae;Glomus tetrastratosum	Glomus	no call			matched	Glomus rugosae	Glomus	species	Glomus rugosae	Glomus	yes		
PX214719.1	Glomus rugosae | 4420_683B	Glomus rugosae	Glomus	main		named, species elsewhere	8	matched	Glomus chinense;Glomus macrocarpum;Glomus rugosae;Glomus tetrastratosum	Glomus	no call			matched	Glomus rugosae	Glomus	species	Glomus rugosae	Glomus	yes		
PX214720.1	Glomus rugosae | 4431_805C	Glomus rugosae	Glomus	main		named, species elsewhere	8	matched	Glomus chinense;Glomus macrocarpum;Glomus rugosae;Glomus tetrastratosum	Glomus	no call			matched	Glomus rugosae	Glomus	species	Glomus rugosae	Glomus	yes		
PX214721.1	Glomus rugosae | 4420_683B	Glomus rugosae	Glomus	main		named, species elsewhere	8	matched	Glomus chinense;Glomus macrocarpum;Glomus rugosae;Glomus tetrastratosum	Glomus	no call			matched	Glomus chinense;Glomus rugosae	Glomus	species group	Glomus chinense;Glomus rugosae	Glomus	contains		
PX214722.1	Glomus rugosae | 4420_683B	Glomus rugosae	Glomus	main		named, species elsewhere	8	matched	Glomus chinense;Glomus macrocarpum;Glomus rugosae;Glomus tetrastratosum	Glomus	no call			matched	Glomus rugosae	Glomus	species	Glomus rugosae	Glomus	yes		
PX214723.1	Glomus rugosae | 4420_683B	Glomus rugosae	Glomus	main		named, species elsewhere	8	matched	Glomus chinense;Glomus macrocarpum;Glomus rugosae;Glomus tetrastratosum	Glomus	no call			matched	Glomus rugosae	Glomus	species	Glomus rugosae	Glomus	yes		
PX214724.1	Glomus rugosae | 4431_805C	Glomus rugosae	Glomus	main		named, species elsewhere	8	matched	Glomus chinense;Glomus macrocarpum;Glomus rugosae;Glomus tetrastratosum	Glomus	no call			matched	Glomus rugosae	Glomus	species	Glomus rugosae	Glomus	yes		
PX214725.1	Glomus rugosae | 4431_805C	Glomus rugosae	Glomus	main		named, species elsewhere	8	matched	Glomus chinense;Glomus macrocarpum;Glomus rugosae;Glomus tetrastratosum	Glomus	no call			matched	Glomus rugosae	Glomus	species	Glomus rugosae	Glomus	yes		
PX214726.1	Glomus rugosae | 4420_683B	Glomus rugosae	Glomus	main		named, species elsewhere	8	matched	Glomus chinense;Glomus macrocarpum;Glomus rugosae;Glomus tetrastratosum	Glomus	no call			matched	Glomus chinense;Glomus rugosae	Glomus	species group	Glomus chinense;Glomus rugosae	Glomus	contains		
PX214727.1	Glomus rugosae | 2101_IVT46	Glomus rugosae	Glomus	main		named, species elsewhere	8	matched	Glomus chinense;Glomus macrocarpum;Glomus rugosae;Glomus tetrastratosum	Glomus	matched	Glomus macrocarpum;Glomus rugosae	Glomus	matched	Glomus chinense;Glomus rugosae	Glomus	species	Glomus rugosae	Glomus	yes		
PX214728.1	Glomus rugosae | 2101_IVT46	Glomus rugosae	Glomus	main		named, species elsewhere	8	matched	Glomus chinense;Glomus macrocarpum;Glomus rugosae;Glomus tetrastratosum	Glomus	matched	Glomus macrocarpum;Glomus rugosae	Glomus	matched	Glomus chinense;Glomus rugosae	Glomus	species	Glomus rugosae	Glomus	yes		
PX214729.1	Glomus rugosae | 4384_IVT98	Glomus rugosae	Glomus	main		named, species elsewhere	8	matched	Glomus chinense;Glomus macrocarpum;Glomus rugosae;Glomus tetrastratosum	Glomus	no call			matched	Glomus chinense;Glomus rugosae	Glomus	species group	Glomus chinense;Glomus rugosae	Glomus	contains		
PX214730.1	Glomus rugosae | 4384_IVT98	Glomus rugosae	Glomus	main		named, species elsewhere	8	matched	Glomus chinense;Glomus macrocarpum;Glomus rugosae;Glomus tetrastratosum	Glomus	no call			matched	Glomus rugosae	Glomus	species	Glomus rugosae	Glomus	yes		
PX214731.1	Glomus rugosae | 2101_IVT46	Glomus rugosae	Glomus	main		named, species elsewhere	8	matched	Glomus chinense;Glomus macrocarpum;Glomus rugosae;Glomus tetrastratosum	Glomus	no call			matched	Glomus rugosae	Glomus	species	Glomus rugosae	Glomus	yes		
PX214732.1	Glomus rugosae | 2101_IVT46	Glomus rugosae	Glomus	main		named, species elsewhere	8	matched	Glomus chinense;Glomus macrocarpum;Glomus rugosae;Glomus tetrastratosum	Glomus	no call			matched	Glomus rugosae	Glomus	species	Glomus rugosae	Glomus	yes		
PX214733.1	Glomus rugosae | 2101_IVT46	Glomus rugosae	Glomus	main		named, species elsewhere	8	matched	Glomus chinense;Glomus macrocarpum;Glomus rugosae;Glomus tetrastratosum	Glomus	no call			matched	Glomus rugosae	Glomus	species	Glomus rugosae	Glomus	yes		
PX214734.1	Glomus rugosae | 4420_683B	Glomus rugosae	Glomus	main		named, species elsewhere	8	matched	Glomus chinense;Glomus macrocarpum;Glomus rugosae;Glomus tetrastratosum	Glomus	no call			matched	Glomus rugosae	Glomus	species	Glomus rugosae	Glomus	yes		
PX214735.1	Glomus rugosae | 5103_2445A	Glomus rugosae	Glomus	main		named, species elsewhere	8	matched	Glomus chinense;Glomus macrocarpum;Glomus rugosae;Glomus tetrastratosum	Glomus	no call			matched	Glomus chinense;Glomus rugosae	Glomus	species group	Glomus chinense;Glomus rugosae	Glomus	contains		
PX214736.1	Glomus rugosae | 5096_2452A	Glomus rugosae	Glomus	main		named, species elsewhere	8	matched	Glomus chinense;Glomus macrocarpum;Glomus rugosae;Glomus tetrastratosum	Glomus	no call			matched	Glomus chinense;Glomus rugosae	Glomus	species group	Glomus chinense;Glomus rugosae	Glomus	contains		
PX214737.1	Glomus rugosae | 5103_2445A	Glomus rugosae	Glomus	main		named, species elsewhere	8	matched	Glomus chinense;Glomus macrocarpum;Glomus rugosae;Glomus tetrastratosum	Glomus	no call			matched	Glomus chinense;Glomus rugosae	Glomus	species group	Glomus chinense;Glomus rugosae	Glomus	contains		
PX214738.1	Glomus rugosae | 5096_2452A	Glomus rugosae	Glomus	main		named, species elsewhere	8	matched	Glomus chinense;Glomus macrocarpum;Glomus rugosae;Glomus tetrastratosum	Glomus	no call			matched	Glomus chinense;Glomus rugosae	Glomus	species group	Glomus chinense;Glomus rugosae	Glomus	contains		
PX214739.1	Glomus rugosae | 5103_2445A	Glomus rugosae	Glomus	main		named, species elsewhere	8	matched	Glomus chinense;Glomus macrocarpum;Glomus rugosae;Glomus tetrastratosum	Glomus	no call			matched	Glomus chinense;Glomus rugosae	Glomus	species group	Glomus chinense;Glomus rugosae	Glomus	contains		
PX214740.1	Glomus rugosae | 5096_2452A	Glomus rugosae	Glomus	main		named, species elsewhere	8	matched	Glomus chinense;Glomus macrocarpum;Glomus rugosae;Glomus tetrastratosum	Glomus	no call			matched	Glomus chinense;Glomus rugosae	Glomus	species group	Glomus chinense;Glomus rugosae	Glomus	contains		
PX214741.1	Glomus rugosae | 5096_2452A	Glomus rugosae	Glomus	main		named, species elsewhere	8	matched	Glomus chinense;Glomus macrocarpum;Glomus rugosae;Glomus tetrastratosum	Glomus	no call			matched	Glomus chinense;Glomus rugosae	Glomus	species group	Glomus chinense;Glomus rugosae	Glomus	contains		
PX214742.1	Glomus rugosae | 5103_2445A	Glomus rugosae	Glomus	main		named, species elsewhere	8	matched	Glomus chinense;Glomus macrocarpum;Glomus rugosae;Glomus tetrastratosum	Glomus	no call			matched	Glomus chinense;Glomus rugosae	Glomus	species group	Glomus chinense;Glomus rugosae	Glomus	contains		
PX214743.1	Glomus rugosae | 2101_IVT46	Glomus rugosae	Glomus	main		named, species elsewhere	8	matched	Glomus chinense;Glomus macrocarpum;Glomus rugosae;Glomus tetrastratosum	Glomus	no call			matched	Glomus chinense;Glomus rugosae	Glomus	species group	Glomus chinense;Glomus rugosae	Glomus	contains		
PX214744.1	Glomus rugosae | 2101_IVT46	Glomus rugosae	Glomus	main		named, species elsewhere	8	matched	Glomus chinense;Glomus macrocarpum;Glomus rugosae;Glomus tetrastratosum	Glomus	no call			matched	Glomus chinense;Glomus rugosae	Glomus	species group	Glomus chinense;Glomus rugosae	Glomus	contains		
PX214745.1	Glomus rugosae | 4487_957C	Glomus rugosae	Glomus	main		named, species elsewhere	8	matched	Glomus chinense;Glomus macrocarpum;Glomus rugosae;Glomus tetrastratosum	Glomus	no call			matched	Glomus chinense;Glomus rugosae	Glomus	species group	Glomus chinense;Glomus rugosae	Glomus	contains		
PX214746.1	Dominikia duoreactiva | 4412	Dominikia duoreactiva	Dominikia	main		named, species elsewhere	1	matched	Dominikia duoreactiva	Dominikia	no call			matched	Dominikia duoreactiva	Dominikia	species	Dominikia duoreactiva	Dominikia	yes		
PX214747.1	Dominikia duoreactiva | 4392_1156C	Dominikia duoreactiva	Dominikia	main		named, species elsewhere	1	matched	Dominikia duoreactiva	Dominikia	no call			matched	Dominikia duoreactiva	Dominikia	species	Dominikia duoreactiva	Dominikia	yes		
PX214748.1	Dominikia duoreactiva | 4412	Dominikia duoreactiva	Dominikia	main		named, species elsewhere	1	matched	Dominikia duoreactiva	Dominikia	no call			matched	Dominikia duoreactiva	Dominikia	species	Dominikia duoreactiva	Dominikia	yes		
PX214749.1	Dominikia duoreactiva | 4392_1156C	Dominikia duoreactiva	Dominikia	main		named, species elsewhere	1	matched	Dominikia duoreactiva	Dominikia	no call			matched	Dominikia duoreactiva	Dominikia	species	Dominikia duoreactiva	Dominikia	yes		
PX214750.1	Dominikia duoreactiva | 4412	Dominikia duoreactiva	Dominikia	main		named, species elsewhere	1	matched	Dominikia duoreactiva	Dominikia	no call			matched	Dominikia duoreactiva	Dominikia	species	Dominikia duoreactiva	Dominikia	yes		
PX214751.1	Dominikia duoreactiva | 4392_1156C	Dominikia duoreactiva	Dominikia	main		named, species elsewhere	1	matched	Dominikia duoreactiva	Dominikia	no call			no call			species	Dominikia duoreactiva	Dominikia	yes		
PX214752.1	Dominikia duoreactiva | 4412	Dominikia duoreactiva	Dominikia	main		named, species elsewhere	1	matched	Dominikia duoreactiva	Dominikia	no call			matched	Dominikia duoreactiva	Dominikia	species	Dominikia duoreactiva	Dominikia	yes		
PX214753.1	Dominikia duoreactiva | 4392_1156C	Dominikia duoreactiva	Dominikia	main		named, species elsewhere	1	matched	Dominikia duoreactiva	Dominikia	no call			matched	Dominikia duoreactiva	Dominikia	species	Dominikia duoreactiva	Dominikia	yes		
PX214754.1	Dominikia duoreactiva | 4412	Dominikia duoreactiva	Dominikia	main		named, species elsewhere	1	matched	Dominikia duoreactiva	Dominikia	no call			matched	Dominikia duoreactiva	Dominikia	species	Dominikia duoreactiva	Dominikia	yes		
PX214755.1	Dominikia bonfanteae | 4351_1077A	Dominikia bonfanteae	Dominikia	main		named, species elsewhere	1	matched	Dominikia bonfanteae	Dominikia	unmatched			matched	Dominikia bonfanteae	Dominikia	species	Dominikia bonfanteae	Dominikia	yes		SH
PX214756.1	Dominikia bonfanteae | 4351_1077A	Dominikia bonfanteae	Dominikia	main		named, species elsewhere	1	matched	Dominikia bonfanteae	Dominikia	unmatched			matched	Dominikia bonfanteae	Dominikia	species	Dominikia bonfanteae	Dominikia	yes		SH
PX214757.1	Dominikia bonfanteae | 4351_1077A	Dominikia bonfanteae	Dominikia	main		named, species elsewhere	1	matched	Dominikia bonfanteae	Dominikia	unmatched			matched	Dominikia bonfanteae	Dominikia	species	Dominikia bonfanteae	Dominikia	yes		SH
PX214758.1	Dominikia bonfanteae | C10660_2264B	Dominikia bonfanteae	Dominikia	main		named, species elsewhere	1	matched	Dominikia bonfanteae	Dominikia	unmatched			matched	Dominikia bonfanteae	Dominikia	species	Dominikia bonfanteae	Dominikia	yes		SH
PX214759.1	Dominikia bonfanteae | C10660_2264B	Dominikia bonfanteae	Dominikia	main		named, species elsewhere	1	matched	Dominikia bonfanteae	Dominikia	unmatched			matched	Dominikia bonfanteae	Dominikia	species	Dominikia bonfanteae	Dominikia	yes		SH
PX214760.1	Dominikia bonfanteae | C10660_2264B	Dominikia bonfanteae	Dominikia	main		named, species elsewhere	1	matched	Dominikia bonfanteae	Dominikia	unmatched			matched	Dominikia bonfanteae	Dominikia	species	Dominikia bonfanteae	Dominikia	yes		SH
PX214761.1	Microdominikia litorea | 3647_963E	Microdominikia litorea	Microdominikia	main		named, species elsewhere	1	matched	Microdominikia litorea	Microdominikia	no call			matched	Microdominikia litorea	Microdominikia	species	Microdominikia litorea	Microdominikia	yes		
PX214762.1	Microdominikia litorea | 3647_963E	Microdominikia litorea	Microdominikia	main		named, species elsewhere	1	matched	Microdominikia litorea	Microdominikia	no call			matched	Microdominikia litorea	Microdominikia	species	Microdominikia litorea	Microdominikia	yes		
PX214763.1	Microdominikia litorea | 3647_963E	Microdominikia litorea	Microdominikia	main		named, species elsewhere	1	matched	Microdominikia litorea	Microdominikia	unmatched			no call			species	Microdominikia litorea	Microdominikia	yes		SH
PX214764.1	Microdominikia litorea | 3647_963E	Microdominikia litorea	Microdominikia	main		named, species elsewhere	1	matched	Microdominikia litorea	Microdominikia	unmatched			no call			species	Microdominikia litorea	Microdominikia	yes		SH
PX214765.1	Microdominikia litorea | 3647_963E	Microdominikia litorea	Microdominikia	main		named, species elsewhere	1	matched	Microdominikia litorea	Microdominikia	no call			no call			species	Microdominikia litorea	Microdominikia	yes		
PX214766.1	Microdominikia litorea | 3647_963E	Microdominikia litorea	Microdominikia	main		named, species elsewhere	1	matched	Microdominikia litorea	Microdominikia	unmatched			no call			species	Microdominikia litorea	Microdominikia	yes		SH
PX214767.1	Microdominikia litorea | 3647_963E	Microdominikia litorea	Microdominikia	main		named, species elsewhere	1	matched	Microdominikia litorea	Microdominikia	no call			no call			species	Microdominikia litorea	Microdominikia	yes		
PX214768.1	Microdominikia litorea | 5274	Microdominikia litorea	Microdominikia	main		named, species elsewhere	1	matched	Microdominikia litorea	Microdominikia	unmatched			no call			species	Microdominikia litorea	Microdominikia	yes		SH
PX214769.1	Microdominikia litorea | 5274	Microdominikia litorea	Microdominikia	main		named, species elsewhere	1	matched	Microdominikia litorea	Microdominikia	unmatched			no call			species	Microdominikia litorea	Microdominikia	yes		SH
PX214770.1	Microdominikia litorea | 5274	Microdominikia litorea	Microdominikia	main		named, species elsewhere	1	matched	Microdominikia litorea	Microdominikia	unmatched			no call			species	Microdominikia litorea	Microdominikia	yes		SH
PX214771.1	Microdominikia litorea | 5274	Microdominikia litorea	Microdominikia	main		named, species elsewhere	1	matched	Microdominikia litorea	Microdominikia	unmatched			no call			species	Microdominikia litorea	Microdominikia	yes		SH
PX214772.1	Microdominikia litorea | 5274	Microdominikia litorea	Microdominikia	main		named, species elsewhere	1	matched	Microdominikia litorea	Microdominikia	no call			matched	Microdominikia litorea	Microdominikia	species	Microdominikia litorea	Microdominikia	yes		
PX214773.1	Glomus sp. | 4406	Glomus sp.	Glomus	main		unnamed ('sp.')	0	matched		Glomus	matched		Glomus	no call			genus		Glomus	genus		
PX214774.1	Glomus sp. | 5089_2351A	Glomus sp.	Glomus	main		unnamed ('sp.')	0	matched		Glomus	matched		Glomus	no call			genus		Glomus	genus		
PX214775.1	Glomus sp. | 5089_2351A	Glomus sp.	Glomus	main		unnamed ('sp.')	0	matched		Glomus	matched		Glomus	no call			genus		Glomus	genus		
PX214776.1	Rhizophagus irregularis | 4569_1185B	Rhizophagus irregularis	Rhizophagus	main		named, species elsewhere	10	matched	Rhizophagus irregularis;[Rhizoglomus] vesiculiferum	Rhizophagus	matched	Rhizophagus irregularis	Rhizophagus	no call			species	Rhizophagus irregularis	Rhizophagus	yes		
PX214777.1	Rhizophagus irregularis | 4375_IVT88A	Rhizophagus irregularis	Rhizophagus	divergent	short_5.8S	named, species elsewhere	10	matched	Rhizophagus irregularis;[Rhizoglomus] vesiculiferum	Rhizophagus	matched	Rhizophagus irregularis	Rhizophagus	no call			species	Rhizophagus irregularis	Rhizophagus	yes	divergent (short_5.8S)	
PX214778.1	Rhizophagus irregularis | 4341_IVT72A	Rhizophagus irregularis	Rhizophagus	divergent	short_5.8S	named, species elsewhere	10	matched	Rhizophagus irregularis;[Rhizoglomus] vesiculiferum	Rhizophagus	matched	Rhizophagus irregularis	Rhizophagus	no call			species	Rhizophagus irregularis	Rhizophagus	yes	divergent (short_5.8S)	
PX214779.1	Rhizophagus irregularis | 4348_IVT77A	Rhizophagus irregularis	Rhizophagus	divergent	short_5.8S	named, species elsewhere	10	matched	Rhizophagus irregularis;[Rhizoglomus] vesiculiferum	Rhizophagus	matched	Rhizophagus irregularis	Rhizophagus	no call			species	Rhizophagus irregularis	Rhizophagus	yes	divergent (short_5.8S)	
PX214780.1	Rhizophagus irregularis | 4674_1184D	Rhizophagus irregularis	Rhizophagus	divergent	short_5.8S	named, species elsewhere	10	matched	Rhizophagus irregularis;[Rhizoglomus] vesiculiferum	Rhizophagus	matched	Rhizophagus irregularis	Rhizophagus	no call			species	Rhizophagus irregularis	Rhizophagus	yes	divergent (short_5.8S)	
PX214781.1	Rhizophagus irregularis | 4292_708C	Rhizophagus irregularis	Rhizophagus	divergent	short_5.8S	named, species elsewhere	10	matched	Rhizophagus irregularis;[Rhizoglomus] vesiculiferum	Rhizophagus	matched	Rhizophagus irregularis	Rhizophagus	no call			species	Rhizophagus irregularis	Rhizophagus	yes	divergent (short_5.8S)	
PX214782.1	Rhizophagus irregularis | 4375_IVT88A	Rhizophagus irregularis	Rhizophagus	divergent	short_5.8S	named, species elsewhere	10	matched	Rhizophagus irregularis;[Rhizoglomus] vesiculiferum	Rhizophagus	matched	Rhizophagus irregularis	Rhizophagus	no call			species	Rhizophagus irregularis	Rhizophagus	yes	divergent (short_5.8S)	
PX214783.1	Rhizophagus irregularis | T3_IVT34A	Rhizophagus irregularis	Rhizophagus	divergent	short_5.8S	named, species elsewhere	10	matched	Rhizophagus irregularis;Rhizophagus silesianus;[Rhizoglomus] vesiculiferum	Rhizophagus	unmatched			no call			species group	Rhizophagus irregularis;Rhizophagus silesianus;[Rhizoglomus] vesiculiferum	Rhizophagus	contains	divergent (short_5.8S)	SH
PX214784.1	Rhizophagus irregularis | CC4_4A_IVT7A	Rhizophagus irregularis	Rhizophagus	divergent	short_5.8S	named, species elsewhere	10	matched	Rhizophagus irregularis;Rhizophagus silesianus;[Rhizoglomus] vesiculiferum	Rhizophagus	unmatched			no call			species group	Rhizophagus irregularis;Rhizophagus silesianus;[Rhizoglomus] vesiculiferum	Rhizophagus	contains	divergent (short_5.8S)	SH
PX214785.1	Rhizophagus irregularis | 4569_1185B	Rhizophagus irregularis	Rhizophagus	main		named, species elsewhere	10	matched	Rhizophagus irregularis;[Rhizoglomus] vesiculiferum	Rhizophagus	matched	Rhizophagus irregularis	Rhizophagus	matched	Rhizophagus irregularis	Rhizophagus	species	Rhizophagus irregularis	Rhizophagus	yes		
PX214786.1	Rhizophagus irregularis | 4375_IVT88A	Rhizophagus irregularis	Rhizophagus	main		named, species elsewhere	10	matched	Rhizophagus irregularis;[Rhizoglomus] vesiculiferum	Rhizophagus	matched	Rhizophagus irregularis	Rhizophagus	matched	Rhizophagus irregularis	Rhizophagus	species	Rhizophagus irregularis	Rhizophagus	yes		
PX214787.1	Rhizophagus irregularis | 4375_IVT88A	Rhizophagus irregularis	Rhizophagus	main		named, species elsewhere	10	matched	Rhizophagus irregularis;[Rhizoglomus] vesiculiferum	Rhizophagus	matched	Rhizophagus irregularis	Rhizophagus	matched	Rhizophagus irregularis	Rhizophagus	species	Rhizophagus irregularis	Rhizophagus	yes		
PX214788.1	Rhizophagus irregularis | 4341_IVT72A	Rhizophagus irregularis	Rhizophagus	main		named, species elsewhere	10	matched	Rhizophagus irregularis;[Rhizoglomus] vesiculiferum	Rhizophagus	matched	Rhizophagus irregularis	Rhizophagus	matched	Rhizophagus irregularis	Rhizophagus	species	Rhizophagus irregularis	Rhizophagus	yes		
PX214789.1	Rhizophagus irregularis | 4348_IVT77A	Rhizophagus irregularis	Rhizophagus	main		named, species elsewhere	10	matched	Rhizophagus irregularis;[Rhizoglomus] vesiculiferum	Rhizophagus	matched	Rhizophagus irregularis	Rhizophagus	matched	Rhizophagus irregularis	Rhizophagus	species	Rhizophagus irregularis	Rhizophagus	yes		
PX214790.1	Rhizophagus irregularis | 4674_1184D	Rhizophagus irregularis	Rhizophagus	main		named, species elsewhere	10	matched	Rhizophagus irregularis;[Rhizoglomus] vesiculiferum	Rhizophagus	matched	Rhizophagus irregularis	Rhizophagus	matched	Rhizophagus irregularis	Rhizophagus	species	Rhizophagus irregularis	Rhizophagus	yes		
PX214791.1	Rhizophagus irregularis | 4292_708C	Rhizophagus irregularis	Rhizophagus	main		named, species elsewhere	10	matched	Rhizophagus irregularis;[Rhizoglomus] vesiculiferum	Rhizophagus	matched	Rhizophagus irregularis	Rhizophagus	matched	Rhizophagus irregularis	Rhizophagus	species	Rhizophagus irregularis	Rhizophagus	yes		
PX214792.1	Rhizophagus irregularis | 4341_IVT72A	Rhizophagus irregularis	Rhizophagus	main		named, species elsewhere	10	matched	Rhizophagus irregularis;[Rhizoglomus] vesiculiferum	Rhizophagus	matched	Rhizophagus irregularis	Rhizophagus	matched	Rhizophagus irregularis	Rhizophagus	species	Rhizophagus irregularis	Rhizophagus	yes		
PX214793.1	Rhizophagus irregularis | 4348_IVT77A	Rhizophagus irregularis	Rhizophagus	main		named, species elsewhere	10	matched	Rhizophagus irregularis;[Rhizoglomus] vesiculiferum	Rhizophagus	matched	Rhizophagus irregularis	Rhizophagus	matched	Rhizophagus irregularis	Rhizophagus	species	Rhizophagus irregularis	Rhizophagus	yes		
PX214794.1	Rhizophagus irregularis | 4674_1184D	Rhizophagus irregularis	Rhizophagus	main		named, species elsewhere	10	matched	Rhizophagus irregularis;[Rhizoglomus] vesiculiferum	Rhizophagus	matched	Rhizophagus irregularis	Rhizophagus	matched	Rhizophagus irregularis	Rhizophagus	species	Rhizophagus irregularis	Rhizophagus	yes		
PX214795.1	Rhizophagus irregularis | 4292_708C	Rhizophagus irregularis	Rhizophagus	main		named, species elsewhere	10	matched	Rhizophagus irregularis;[Rhizoglomus] vesiculiferum	Rhizophagus	matched	Rhizophagus irregularis	Rhizophagus	matched	Rhizophagus irregularis	Rhizophagus	species	Rhizophagus irregularis	Rhizophagus	yes		
PX214796.1	Rhizophagus irregularis | T3_IVT34A	Rhizophagus irregularis	Rhizophagus	main		named, species elsewhere	10	matched	Rhizophagus irregularis;Rhizophagus silesianus;[Rhizoglomus] vesiculiferum	Rhizophagus	matched	Rhizophagus irregularis	Rhizophagus	matched	Rhizophagus irregularis	Rhizophagus	species	Rhizophagus irregularis	Rhizophagus	yes		
PX214797.1	Rhizophagus irregularis | CC4_4A_IVT7A	Rhizophagus irregularis	Rhizophagus	main		named, species elsewhere	10	matched	Rhizophagus irregularis;Rhizophagus silesianus;[Rhizoglomus] vesiculiferum	Rhizophagus	matched	Rhizophagus irregularis	Rhizophagus	matched	Rhizophagus irregularis	Rhizophagus	species	Rhizophagus irregularis	Rhizophagus	yes		
PX214798.1	Rhizophagus irregularis | CC4_4A_IVT7A	Rhizophagus irregularis	Rhizophagus	main		named, species elsewhere	10	matched	Rhizophagus irregularis;Rhizophagus silesianus;[Rhizoglomus] vesiculiferum	Rhizophagus	matched	Rhizophagus irregularis	Rhizophagus	matched	Rhizophagus irregularis	Rhizophagus	species	Rhizophagus irregularis	Rhizophagus	yes		
PX214799.1	Rhizophagus irregularis | 4375_IVT88A	Rhizophagus irregularis	Rhizophagus	main		named, species elsewhere	10	matched	Rhizophagus irregularis;[Rhizoglomus] vesiculiferum	Rhizophagus	matched	Rhizophagus irregularis	Rhizophagus	matched	Rhizophagus irregularis	Rhizophagus	species	Rhizophagus irregularis	Rhizophagus	yes		
PX214800.1	Rhizophagus irregularis | 4375_IVT88A	Rhizophagus irregularis	Rhizophagus	main		named, species elsewhere	10	matched	Rhizophagus irregularis;[Rhizoglomus] vesiculiferum	Rhizophagus	matched	Rhizophagus irregularis	Rhizophagus	matched	Rhizophagus irregularis	Rhizophagus	species	Rhizophagus irregularis	Rhizophagus	yes		
PX214801.1	Rhizophagus irregularis | 4375_IVT88A	Rhizophagus irregularis	Rhizophagus	main		named, species elsewhere	10	matched	Rhizophagus irregularis;[Rhizoglomus] vesiculiferum	Rhizophagus	matched	Rhizophagus irregularis	Rhizophagus	matched	Rhizophagus irregularis	Rhizophagus	species	Rhizophagus irregularis	Rhizophagus	yes		
PX214802.1	Rhizophagus irregularis | 4375_IVT88A	Rhizophagus irregularis	Rhizophagus	main		named, species elsewhere	10	matched	Rhizophagus irregularis;[Rhizoglomus] vesiculiferum	Rhizophagus	matched	Rhizophagus irregularis	Rhizophagus	matched	Rhizophagus irregularis	Rhizophagus	species	Rhizophagus irregularis	Rhizophagus	yes		
PX214803.1	Rhizophagus irregularis | 4674_1184D	Rhizophagus irregularis	Rhizophagus	main		named, species elsewhere	10	matched	Rhizophagus irregularis;[Rhizoglomus] vesiculiferum	Rhizophagus	matched	Rhizophagus irregularis	Rhizophagus	matched	Rhizophagus irregularis	Rhizophagus	species	Rhizophagus irregularis	Rhizophagus	yes		
PX214804.1	Rhizophagus irregularis | T3_IVT34A	Rhizophagus irregularis	Rhizophagus	main		named, species elsewhere	10	matched	Rhizophagus irregularis;Rhizophagus silesianus;[Rhizoglomus] vesiculiferum	Rhizophagus	matched	Rhizophagus irregularis	Rhizophagus	matched	Rhizophagus irregularis	Rhizophagus	species	Rhizophagus irregularis	Rhizophagus	yes		
PX214805.1	Rhizophagus irregularis | CC4_4A_IVT7A	Rhizophagus irregularis	Rhizophagus	main		named, species elsewhere	10	matched	Rhizophagus irregularis;Rhizophagus silesianus;[Rhizoglomus] vesiculiferum	Rhizophagus	matched	Rhizophagus irregularis	Rhizophagus	matched	Rhizophagus irregularis	Rhizophagus	species	Rhizophagus irregularis	Rhizophagus	yes		
PX214806.1	Rhizophagus irregularis | T3_IVT34A	Rhizophagus irregularis	Rhizophagus	main		named, species elsewhere	10	matched	Rhizophagus irregularis;Rhizophagus silesianus;[Rhizoglomus] vesiculiferum	Rhizophagus	matched	Rhizophagus irregularis	Rhizophagus	matched	Rhizophagus irregularis	Rhizophagus	species	Rhizophagus irregularis	Rhizophagus	yes		
PX214807.1	Rhizophagus irregularis | 4375_IVT88A	Rhizophagus irregularis	Rhizophagus	main		named, species elsewhere	10	matched	Rhizophagus irregularis;[Rhizoglomus] vesiculiferum	Rhizophagus	matched	Rhizophagus irregularis	Rhizophagus	matched	Rhizophagus irregularis	Rhizophagus	species	Rhizophagus irregularis	Rhizophagus	yes		
PX214808.1	Rhizophagus irregularis | 4341_IVT72A	Rhizophagus irregularis	Rhizophagus	main		named, species elsewhere	10	matched	Rhizophagus irregularis;[Rhizoglomus] vesiculiferum	Rhizophagus	matched	Rhizophagus irregularis	Rhizophagus	matched	Rhizophagus irregularis	Rhizophagus	species	Rhizophagus irregularis	Rhizophagus	yes		
PX214809.1	Rhizophagus irregularis | 4348_IVT77A	Rhizophagus irregularis	Rhizophagus	main		named, species elsewhere	10	matched	Rhizophagus irregularis;[Rhizoglomus] vesiculiferum	Rhizophagus	matched	Rhizophagus irregularis	Rhizophagus	matched	Rhizophagus irregularis	Rhizophagus	species	Rhizophagus irregularis	Rhizophagus	yes		
PX214810.1	Rhizophagus irregularis | 4375_IVT88A	Rhizophagus irregularis	Rhizophagus	main		named, species elsewhere	10	matched	Rhizophagus irregularis;[Rhizoglomus] vesiculiferum	Rhizophagus	matched	Rhizophagus irregularis	Rhizophagus	matched	Rhizophagus irregularis	Rhizophagus	species	Rhizophagus irregularis	Rhizophagus	yes		
PX214811.1	Rhizophagus irregularis | 4674_1184D	Rhizophagus irregularis	Rhizophagus	main		named, species elsewhere	10	matched	Rhizophagus irregularis;[Rhizoglomus] vesiculiferum	Rhizophagus	matched	Rhizophagus irregularis	Rhizophagus	matched	Rhizophagus irregularis	Rhizophagus	species	Rhizophagus irregularis	Rhizophagus	yes		
PX214812.1	Rhizophagus irregularis | 4292_708C	Rhizophagus irregularis	Rhizophagus	main		named, species elsewhere	10	matched	Rhizophagus irregularis;[Rhizoglomus] vesiculiferum	Rhizophagus	matched	Rhizophagus irregularis	Rhizophagus	matched	Rhizophagus irregularis	Rhizophagus	species	Rhizophagus irregularis	Rhizophagus	yes		
PX214813.1	Rhizophagus irregularis | SD1_IVT29A	Rhizophagus irregularis	Rhizophagus	main		named, species elsewhere	10	matched	Rhizophagus irregularis;[Rhizoglomus] vesiculiferum	Rhizophagus	unmatched			matched	Rhizophagus irregularis	Rhizophagus	species	Rhizophagus irregularis	Rhizophagus	yes		SH
PX214814.1	Rhizophagus irregularis | SD1_IVT29A	Rhizophagus irregularis	Rhizophagus	main		named, species elsewhere	10	matched	Rhizophagus irregularis;[Rhizoglomus] vesiculiferum	Rhizophagus	unmatched			matched	Rhizophagus irregularis	Rhizophagus	species	Rhizophagus irregularis	Rhizophagus	yes		SH
PX214815.1	Rhizophagus irregularis | SD1_IVT29A	Rhizophagus irregularis	Rhizophagus	main		named, species elsewhere	10	matched	Rhizophagus irregularis;[Rhizoglomus] vesiculiferum	Rhizophagus	unmatched			matched	Rhizophagus irregularis	Rhizophagus	species	Rhizophagus irregularis	Rhizophagus	yes		SH
PX214816.1	Rhizophagus sp. (in: glomeromycetes) | 212607_IVT70A	Rhizophagus sp. (in: glomeromycetes)	Rhizophagus	divergent	short_5.8S	unnamed ('sp.')	0	matched	Rhizophagus irregularis;[Rhizoglomus] vesiculiferum	Rhizophagus	unmatched			matched	Rhizophagus irregularis	Rhizophagus	species	Rhizophagus irregularis	Rhizophagus	genus only	divergent (short_5.8S)	SH
PX214817.1	Rhizophagus irregularis | SD1_IVT29A	Rhizophagus irregularis	Rhizophagus	divergent	short_5.8S	named, species elsewhere	10	matched	Rhizophagus irregularis;[Rhizoglomus] vesiculiferum	Rhizophagus	unmatched			matched	Rhizophagus irregularis	Rhizophagus	species	Rhizophagus irregularis	Rhizophagus	yes	divergent (short_5.8S)	SH
PX214818.1	[Rhizoglomus] vesiculiferum | 3029_660C	[Rhizoglomus] vesiculiferum	Rhizophagus	main		named, species elsewhere	7	matched	Rhizophagus irregularis;Rhizophagus silesianus;[Rhizoglomus] vesiculiferum	Rhizophagus	no call			matched	[Rhizoglomus] vesiculiferum	Rhizophagus	species	[Rhizoglomus] vesiculiferum	Rhizophagus	yes		
PX214819.1	[Rhizoglomus] vesiculiferum | 4374_IVT87A	[Rhizoglomus] vesiculiferum	Rhizophagus	main		named, species elsewhere	7	matched	Rhizophagus irregularis;Rhizophagus silesianus;[Rhizoglomus] vesiculiferum	Rhizophagus	unmatched			matched	[Rhizoglomus] vesiculiferum	Rhizophagus	species	[Rhizoglomus] vesiculiferum	Rhizophagus	yes		SH
PX214820.1	[Rhizoglomus] vesiculiferum | 4374_IVT87A	[Rhizoglomus] vesiculiferum	Rhizophagus	main		named, species elsewhere	7	matched	Rhizophagus irregularis;Rhizophagus silesianus;[Rhizoglomus] vesiculiferum	Rhizophagus	unmatched			matched	[Rhizoglomus] vesiculiferum	Rhizophagus	species	[Rhizoglomus] vesiculiferum	Rhizophagus	yes		SH
PX214821.1	[Rhizoglomus] vesiculiferum | Gwalkeri_IVT132A	[Rhizoglomus] vesiculiferum	Rhizophagus	main		named, species elsewhere	7	matched	Rhizophagus irregularis;Rhizophagus silesianus;[Rhizoglomus] vesiculiferum	Rhizophagus	unmatched			matched	[Rhizoglomus] vesiculiferum	Rhizophagus	species	[Rhizoglomus] vesiculiferum	Rhizophagus	yes		SH
PX214822.1	[Rhizoglomus] vesiculiferum | Gwalkeri_IVT132A	[Rhizoglomus] vesiculiferum	Rhizophagus	main		named, species elsewhere	7	matched	Rhizophagus irregularis;Rhizophagus silesianus;[Rhizoglomus] vesiculiferum	Rhizophagus	unmatched			matched	[Rhizoglomus] vesiculiferum	Rhizophagus	species	[Rhizoglomus] vesiculiferum	Rhizophagus	yes		SH
PX214823.1	[Rhizoglomus] vesiculiferum | Gwalkeri_IVT132A	[Rhizoglomus] vesiculiferum	Rhizophagus	main		named, species elsewhere	7	matched	Rhizophagus irregularis;Rhizophagus silesianus;[Rhizoglomus] vesiculiferum	Rhizophagus	unmatched			matched	[Rhizoglomus] vesiculiferum	Rhizophagus	species	[Rhizoglomus] vesiculiferum	Rhizophagus	yes		SH
PX214824.1	[Rhizoglomus] vesiculiferum | Gwalkeri_IVT132A	[Rhizoglomus] vesiculiferum	Rhizophagus	main		named, species elsewhere	7	matched	Rhizophagus irregularis;Rhizophagus silesianus;[Rhizoglomus] vesiculiferum	Rhizophagus	no call			matched	[Rhizoglomus] vesiculiferum	Rhizophagus	species	[Rhizoglomus] vesiculiferum	Rhizophagus	yes		
PX214825.1	[Rhizoglomus] vesiculiferum | 5074_2353A	[Rhizoglomus] vesiculiferum	Rhizophagus	main		named, species elsewhere	7	matched	Rhizophagus irregularis;[Rhizoglomus] vesiculiferum	Rhizophagus	no call			matched	[Rhizoglomus] vesiculiferum	Rhizophagus	species	[Rhizoglomus] vesiculiferum	Rhizophagus	yes		
PX214826.1	[Rhizoglomus] vesiculiferum | 5074_2353A	[Rhizoglomus] vesiculiferum	Rhizophagus	main		named, species elsewhere	7	matched	Rhizophagus irregularis;[Rhizoglomus] vesiculiferum	Rhizophagus	unmatched			matched	[Rhizoglomus] vesiculiferum	Rhizophagus	species	[Rhizoglomus] vesiculiferum	Rhizophagus	yes		SH
PX214827.1	[Rhizoglomus] vesiculiferum | 3628_IVT65A	[Rhizoglomus] vesiculiferum	Rhizophagus	main		named, species elsewhere	7	matched	Rhizophagus irregularis;Rhizophagus silesianus;[Rhizoglomus] vesiculiferum	Rhizophagus	matched	[Rhizoglomus] vesiculiferum	Rhizophagus	matched	[Rhizoglomus] vesiculiferum	Rhizophagus	species	[Rhizoglomus] vesiculiferum	Rhizophagus	yes		
PX214828.1	[Rhizoglomus] vesiculiferum | 3628_IVT65A	[Rhizoglomus] vesiculiferum	Rhizophagus	main		named, species elsewhere	7	matched	Rhizophagus irregularis;Rhizophagus silesianus;[Rhizoglomus] vesiculiferum	Rhizophagus	matched	[Rhizoglomus] vesiculiferum	Rhizophagus	matched	[Rhizoglomus] vesiculiferum	Rhizophagus	species	[Rhizoglomus] vesiculiferum	Rhizophagus	yes		
PX214829.1	[Rhizoglomus] vesiculiferum | 4086_IVT68A	[Rhizoglomus] vesiculiferum	Rhizophagus	main		named, species elsewhere	7	matched	Rhizophagus irregularis;Rhizophagus silesianus;[Rhizoglomus] vesiculiferum	Rhizophagus	matched	[Rhizoglomus] vesiculiferum	Rhizophagus	matched	[Rhizoglomus] vesiculiferum	Rhizophagus	species	[Rhizoglomus] vesiculiferum	Rhizophagus	yes		
PX214830.1	[Rhizoglomus] vesiculiferum | 3628_IVT65A	[Rhizoglomus] vesiculiferum	Rhizophagus	main		named, species elsewhere	7	matched	Rhizophagus irregularis;Rhizophagus silesianus;[Rhizoglomus] vesiculiferum	Rhizophagus	matched	[Rhizoglomus] vesiculiferum	Rhizophagus	matched	[Rhizoglomus] vesiculiferum	Rhizophagus	species	[Rhizoglomus] vesiculiferum	Rhizophagus	yes		
PX214831.1	[Rhizoglomus] vesiculiferum | 3628_IVT65A	[Rhizoglomus] vesiculiferum	Rhizophagus	main		named, species elsewhere	7	matched	Rhizophagus irregularis;Rhizophagus silesianus;[Rhizoglomus] vesiculiferum	Rhizophagus	matched	[Rhizoglomus] vesiculiferum	Rhizophagus	matched	[Rhizoglomus] vesiculiferum	Rhizophagus	species	[Rhizoglomus] vesiculiferum	Rhizophagus	yes		
PX214832.1	[Rhizoglomus] vesiculiferum | 4086_IVT68A	[Rhizoglomus] vesiculiferum	Rhizophagus	main		named, species elsewhere	7	matched	Rhizophagus irregularis;Rhizophagus silesianus;[Rhizoglomus] vesiculiferum	Rhizophagus	no call			matched	[Rhizoglomus] vesiculiferum	Rhizophagus	species	[Rhizoglomus] vesiculiferum	Rhizophagus	yes		
PX214833.1	[Rhizoglomus] vesiculiferum | 4369_IVT81A	[Rhizoglomus] vesiculiferum	Rhizophagus	main		named, species elsewhere	7	matched	Rhizophagus irregularis;Rhizophagus silesianus;[Rhizoglomus] vesiculiferum	Rhizophagus	unmatched			matched	[Rhizoglomus] vesiculiferum	Rhizophagus	species	[Rhizoglomus] vesiculiferum	Rhizophagus	yes		SH
PX214834.1	[Rhizoglomus] vesiculiferum | 4369_IVT81A	[Rhizoglomus] vesiculiferum	Rhizophagus	main		named, species elsewhere	7	matched	Rhizophagus irregularis;Rhizophagus silesianus;[Rhizoglomus] vesiculiferum	Rhizophagus	unmatched			matched	[Rhizoglomus] vesiculiferum	Rhizophagus	species	[Rhizoglomus] vesiculiferum	Rhizophagus	yes		SH
PX214835.1	[Rhizoglomus] vesiculiferum | 3628_IVT65A	[Rhizoglomus] vesiculiferum	Rhizophagus	main		named, species elsewhere	7	matched	Rhizophagus irregularis;Rhizophagus silesianus;[Rhizoglomus] vesiculiferum	Rhizophagus	matched	[Rhizoglomus] vesiculiferum	Rhizophagus	matched	[Rhizoglomus] vesiculiferum	Rhizophagus	species	[Rhizoglomus] vesiculiferum	Rhizophagus	yes		
PX214836.1	[Rhizoglomus] vesiculiferum | 4374_IVT87A	[Rhizoglomus] vesiculiferum	Rhizophagus	main		named, species elsewhere	7	matched	Rhizophagus irregularis;[Rhizoglomus] vesiculiferum	Rhizophagus	no call			no call			species group	Rhizophagus irregularis;[Rhizoglomus] vesiculiferum	Rhizophagus	contains		
PX214837.1	[Rhizoglomus] vesiculiferum | 5074_2353A	[Rhizoglomus] vesiculiferum	Rhizophagus	main		named, species elsewhere	7	matched	Rhizophagus irregularis;[Rhizoglomus] vesiculiferum	Rhizophagus	no call			no call			species group	Rhizophagus irregularis;[Rhizoglomus] vesiculiferum	Rhizophagus	contains		
PX214838.1	[Rhizoglomus] vesiculiferum | Gwalkeri_IVT132A	[Rhizoglomus] vesiculiferum	Rhizophagus	main		named, species elsewhere	7	matched	Rhizophagus irregularis;[Rhizoglomus] vesiculiferum	Rhizophagus	unmatched			no call			species group	Rhizophagus irregularis;[Rhizoglomus] vesiculiferum	Rhizophagus	contains		SH
PX214839.1	[Rhizoglomus] vesiculiferum | 212939_IVT38A	[Rhizoglomus] vesiculiferum	Rhizophagus	main		named, species elsewhere	7	matched	Rhizophagus irregularis;[Rhizoglomus] vesiculiferum	Rhizophagus	no call			no call			species group	Rhizophagus irregularis;[Rhizoglomus] vesiculiferum	Rhizophagus	contains		
PX214840.1	[Rhizoglomus] vesiculiferum | 3628_IVT65A	[Rhizoglomus] vesiculiferum	Rhizophagus	main		named, species elsewhere	7	matched	Rhizophagus irregularis;[Rhizoglomus] vesiculiferum	Rhizophagus	no call			no call			species group	Rhizophagus irregularis;[Rhizoglomus] vesiculiferum	Rhizophagus	contains		
PX214841.1	Rhizophagus irregularis | 4292_708C	Rhizophagus irregularis	Rhizophagus	divergent	short_5.8S	named, species elsewhere	10	matched	Rhizophagus irregularis;[Rhizoglomus] vesiculiferum	Rhizophagus	unmatched			matched	Rhizophagus irregularis	Rhizophagus	species	Rhizophagus irregularis	Rhizophagus	yes	divergent (short_5.8S)	SH
PX214842.1	[Rhizoglomus] vesiculiferum | 5074_2353A	[Rhizoglomus] vesiculiferum	Rhizophagus	divergent	short_5.8S	named, species elsewhere	7	matched	Rhizophagus irregularis;[Rhizoglomus] vesiculiferum	Rhizophagus	no call			no call			species group	Rhizophagus irregularis;[Rhizoglomus] vesiculiferum	Rhizophagus	contains	divergent (short_5.8S)	
PX214843.1	[Rhizoglomus] vesiculiferum | 212939_IVT38A	[Rhizoglomus] vesiculiferum	Rhizophagus	divergent	short_5.8S	named, species elsewhere	7	matched	Rhizophagus irregularis;[Rhizoglomus] vesiculiferum	Rhizophagus	no call			no call			species group	Rhizophagus irregularis;[Rhizoglomus] vesiculiferum	Rhizophagus	contains	divergent (short_5.8S)	
PX214844.1	[Rhizoglomus] vesiculiferum | 4086_IVT68A	[Rhizoglomus] vesiculiferum	Rhizophagus	divergent	short_5.8S	named, species elsewhere	7	matched	Rhizophagus irregularis;Rhizophagus silesianus;[Rhizoglomus] vesiculiferum	Rhizophagus	unmatched			no call			species group	Rhizophagus irregularis;Rhizophagus silesianus;[Rhizoglomus] vesiculiferum	Rhizophagus	contains	divergent (short_5.8S)	SH
PX214845.1	[Rhizoglomus] vesiculiferum | Gwalkeri_IVT132A	[Rhizoglomus] vesiculiferum	Rhizophagus	divergent	short_5.8S	named, species elsewhere	7	matched	Rhizophagus irregularis;Rhizophagus silesianus;[Rhizoglomus] vesiculiferum	Rhizophagus	no call			no call			species group	Rhizophagus irregularis;Rhizophagus silesianus;[Rhizoglomus] vesiculiferum	Rhizophagus	contains	divergent (short_5.8S)	
PX214846.1	[Rhizoglomus] vesiculiferum | Gwalkeri_IVT132A	[Rhizoglomus] vesiculiferum	Rhizophagus	divergent	short_5.8S	named, species elsewhere	7	matched	Rhizophagus irregularis;Rhizophagus silesianus;[Rhizoglomus] vesiculiferum	Rhizophagus	no call			no call			species group	Rhizophagus irregularis;Rhizophagus silesianus;[Rhizoglomus] vesiculiferum	Rhizophagus	contains	divergent (short_5.8S)	
PX214847.1	[Rhizoglomus] vesiculiferum | 5074_2353A	[Rhizoglomus] vesiculiferum	Rhizophagus	divergent	short_5.8S	named, species elsewhere	7	matched	Rhizophagus irregularis;[Rhizoglomus] vesiculiferum	Rhizophagus	unmatched			no call			species group	Rhizophagus irregularis;[Rhizoglomus] vesiculiferum	Rhizophagus	contains	divergent (short_5.8S)	SH
PX214848.1	[Rhizoglomus] vesiculiferum | 5074_2353A	[Rhizoglomus] vesiculiferum	Rhizophagus	divergent	short_5.8S	named, species elsewhere	7	matched	Rhizophagus irregularis;[Rhizoglomus] vesiculiferum	Rhizophagus	unmatched			no call			species group	Rhizophagus irregularis;[Rhizoglomus] vesiculiferum	Rhizophagus	contains	divergent (short_5.8S)	SH
PX214849.1	[Rhizoglomus] vesiculiferum | 212939_IVT38A	[Rhizoglomus] vesiculiferum	Rhizophagus	divergent	short_5.8S	named, species elsewhere	7	matched	Rhizophagus irregularis;[Rhizoglomus] vesiculiferum	Rhizophagus	unmatched			no call			species group	Rhizophagus irregularis;[Rhizoglomus] vesiculiferum	Rhizophagus	contains	divergent (short_5.8S)	SH
PX214850.1	[Rhizoglomus] vesiculiferum | 212939_IVT38A	[Rhizoglomus] vesiculiferum	Rhizophagus	divergent	short_5.8S	named, species elsewhere	7	matched	Rhizophagus irregularis;[Rhizoglomus] vesiculiferum	Rhizophagus	unmatched			no call			species group	Rhizophagus irregularis;[Rhizoglomus] vesiculiferum	Rhizophagus	contains	divergent (short_5.8S)	SH
PX214851.1	[Rhizoglomus] vesiculiferum | 212939_IVT38A	[Rhizoglomus] vesiculiferum	Rhizophagus	divergent	short_5.8S	named, species elsewhere	7	matched	Rhizophagus irregularis;[Rhizoglomus] vesiculiferum	Rhizophagus	unmatched			no call			species group	Rhizophagus irregularis;[Rhizoglomus] vesiculiferum	Rhizophagus	contains	divergent (short_5.8S)	SH
PX214852.1	[Rhizoglomus] vesiculiferum | 212939_IVT38A	[Rhizoglomus] vesiculiferum	Rhizophagus	divergent	short_5.8S	named, species elsewhere	7	matched	Rhizophagus irregularis;[Rhizoglomus] vesiculiferum	Rhizophagus	unmatched			no call			species group	Rhizophagus irregularis;[Rhizoglomus] vesiculiferum	Rhizophagus	contains	divergent (short_5.8S)	SH
PX214853.1	[Rhizoglomus] vesiculiferum | 212939_IVT38A	[Rhizoglomus] vesiculiferum	Rhizophagus	divergent	short_5.8S	named, species elsewhere	7	matched	Rhizophagus irregularis;[Rhizoglomus] vesiculiferum	Rhizophagus	unmatched			no call			species group	Rhizophagus irregularis;[Rhizoglomus] vesiculiferum	Rhizophagus	contains	divergent (short_5.8S)	SH
PX214854.1	[Rhizoglomus] vesiculiferum | 3628_IVT65A	[Rhizoglomus] vesiculiferum	Rhizophagus	divergent	short_5.8S	named, species elsewhere	7	matched	Rhizophagus irregularis;[Rhizoglomus] vesiculiferum	Rhizophagus	no call			no call			species group	Rhizophagus irregularis;[Rhizoglomus] vesiculiferum	Rhizophagus	contains	divergent (short_5.8S)	
PX214855.1	[Rhizoglomus] vesiculiferum | Gwalkeri_IVT132A	[Rhizoglomus] vesiculiferum	Rhizophagus	divergent	short_5.8S	named, species elsewhere	7	matched	Rhizophagus irregularis;[Rhizoglomus] vesiculiferum	Rhizophagus	no call			no call			species group	Rhizophagus irregularis;[Rhizoglomus] vesiculiferum	Rhizophagus	contains	divergent (short_5.8S)	
PX214856.1	Rhizophagus silesianus | ECU32_IVT8A	Rhizophagus silesianus	Rhizophagus	main		named, species elsewhere	1	matched	Rhizophagus irregularis;Rhizophagus silesianus;[Rhizoglomus] vesiculiferum	Rhizophagus	unmatched			matched	Rhizophagus silesianus	Rhizophagus	species	Rhizophagus silesianus	Rhizophagus	yes		SH
PX214857.1	Rhizophagus silesianus | ECU32_IVT8A	Rhizophagus silesianus	Rhizophagus	main		named, species elsewhere	1	matched	Rhizophagus irregularis;Rhizophagus silesianus;[Rhizoglomus] vesiculiferum	Rhizophagus	unmatched			matched	Rhizophagus silesianus	Rhizophagus	species	Rhizophagus silesianus	Rhizophagus	yes		SH
PX214858.1	Rhizophagus silesianus | 3628_206A	Rhizophagus silesianus	Rhizophagus	main		named, species elsewhere	1	matched	Rhizophagus irregularis;Rhizophagus silesianus;[Rhizoglomus] vesiculiferum	Rhizophagus	unmatched			matched	Rhizophagus silesianus	Rhizophagus	species	Rhizophagus silesianus	Rhizophagus	yes		SH
PX214859.1	Rhizophagus silesianus | 3628_206A	Rhizophagus silesianus	Rhizophagus	main		named, species elsewhere	1	matched	Rhizophagus irregularis;Rhizophagus silesianus;[Rhizoglomus] vesiculiferum	Rhizophagus	unmatched			matched	Rhizophagus silesianus	Rhizophagus	species	Rhizophagus silesianus	Rhizophagus	yes		SH
PX214860.1	Rhizophagus silesianus | ECU32_IVT8A	Rhizophagus silesianus	Rhizophagus	main		named, species elsewhere	1	matched	Rhizophagus irregularis;Rhizophagus silesianus;[Rhizoglomus] vesiculiferum	Rhizophagus	unmatched			matched	Rhizophagus silesianus	Rhizophagus	species	Rhizophagus silesianus	Rhizophagus	yes		SH
PX214861.1	Rhizophagus silesianus | ECU32_IVT8A	Rhizophagus silesianus	Rhizophagus	main		named, species elsewhere	1	matched	Rhizophagus irregularis;Rhizophagus silesianus;[Rhizoglomus] vesiculiferum	Rhizophagus	unmatched			matched	Rhizophagus silesianus	Rhizophagus	species	Rhizophagus silesianus	Rhizophagus	yes		SH
PX214862.1	Rhizophagus silesianus | ECU32_IVT8A	Rhizophagus silesianus	Rhizophagus	main		named, species elsewhere	1	matched	Rhizophagus irregularis;Rhizophagus silesianus;[Rhizoglomus] vesiculiferum	Rhizophagus	no call			matched	Rhizophagus silesianus	Rhizophagus	species	Rhizophagus silesianus	Rhizophagus	yes		
PX214863.1	Rhizophagus silesianus | ECU32_IVT8A	Rhizophagus silesianus	Rhizophagus	divergent	short_5.8S	named, species elsewhere	1	matched	Rhizophagus irregularis;Rhizophagus silesianus;[Rhizoglomus] vesiculiferum	Rhizophagus	unmatched			no call			species group	Rhizophagus irregularis;Rhizophagus silesianus;[Rhizoglomus] vesiculiferum	Rhizophagus	contains	divergent (short_5.8S)	SH
PX214864.1	Rhizophagus silesianus | ECU32_IVT8A	Rhizophagus silesianus	Rhizophagus	divergent	short_5.8S	named, species elsewhere	1	matched	Rhizophagus irregularis;Rhizophagus silesianus;[Rhizoglomus] vesiculiferum	Rhizophagus	unmatched			no call			species group	Rhizophagus irregularis;Rhizophagus silesianus;[Rhizoglomus] vesiculiferum	Rhizophagus	contains	divergent (short_5.8S)	SH
PX214865.1	Rhizophagus silesianus | 3628_206A	Rhizophagus silesianus	Rhizophagus	divergent	short_5.8S	named, species elsewhere	1	matched	Rhizophagus irregularis;Rhizophagus silesianus;[Rhizoglomus] vesiculiferum	Rhizophagus	no call			no call			species group	Rhizophagus irregularis;Rhizophagus silesianus;[Rhizoglomus] vesiculiferum	Rhizophagus	contains	divergent (short_5.8S)	
PX214866.1	Rhizophagus intraradices | FL208_553A	Rhizophagus intraradices	Rhizophagus	main		named, species elsewhere	3	matched	Rhizophagus intraradices	Rhizophagus	matched	Rhizophagus intraradices	Rhizophagus	matched	Rhizophagus intraradices	Rhizophagus	species	Rhizophagus intraradices	Rhizophagus	yes		
PX214867.1	Rhizophagus intraradices | KS906_IVT22A	Rhizophagus intraradices	Rhizophagus	main		named, species elsewhere	3	matched	Rhizophagus intraradices	Rhizophagus	matched	Rhizophagus intraradices	Rhizophagus	matched	Rhizophagus intraradices	Rhizophagus	species	Rhizophagus intraradices	Rhizophagus	yes		
PX214868.1	Rhizophagus intraradices | FL208_553A	Rhizophagus intraradices	Rhizophagus	main		named, species elsewhere	3	matched	Rhizophagus intraradices	Rhizophagus	matched	Rhizophagus intraradices	Rhizophagus	matched	Rhizophagus intraradices	Rhizophagus	species	Rhizophagus intraradices	Rhizophagus	yes		
PX214869.1	Rhizophagus intraradices | FL208_553A	Rhizophagus intraradices	Rhizophagus	main		named, species elsewhere	3	matched	Rhizophagus intraradices	Rhizophagus	matched	Rhizophagus intraradices	Rhizophagus	matched	Rhizophagus intraradices	Rhizophagus	species	Rhizophagus intraradices	Rhizophagus	yes		
PX214870.1	Rhizophagus intraradices | FL208_553A	Rhizophagus intraradices	Rhizophagus	divergent	short_5.8S	named, species elsewhere	3	matched	Rhizophagus intraradices	Rhizophagus	unmatched			no call			species	Rhizophagus intraradices	Rhizophagus	yes	divergent (short_5.8S)	SH
PX214871.1	Rhizophagus sp. (in: glomeromycetes) | 212607_IVT70A	Rhizophagus sp. (in: glomeromycetes)	Rhizophagus	main		unnamed ('sp.')	0	matched		Rhizophagus	matched		Rhizophagus	matched		Rhizophagus	genus		Rhizophagus	genus		
PX214872.1	Rhizophagus sp. (in: glomeromycetes) | 1399_IVT43A	Rhizophagus sp. (in: glomeromycetes)	Rhizophagus	main		unnamed ('sp.')	0	matched		Rhizophagus	matched		Rhizophagus	matched		Rhizophagus	genus		Rhizophagus	genus		
PX214873.1	Rhizophagus sp. (in: glomeromycetes) | 212607_IVT70A	Rhizophagus sp. (in: glomeromycetes)	Rhizophagus	main		unnamed ('sp.')	0	matched		Rhizophagus	matched		Rhizophagus	matched		Rhizophagus	genus		Rhizophagus	genus		
PX214874.1	Rhizophagus sp. (in: glomeromycetes) | 212607_IVT70A	Rhizophagus sp. (in: glomeromycetes)	Rhizophagus	main		unnamed ('sp.')	0	matched		Rhizophagus	no call			matched		Rhizophagus	genus		Rhizophagus	genus		
PX214875.1	Rhizophagus sp. (in: glomeromycetes) | 1399_IVT43A	Rhizophagus sp. (in: glomeromycetes)	Rhizophagus	main		unnamed ('sp.')	0	matched		Rhizophagus	no call			matched		Rhizophagus	genus		Rhizophagus	genus		
PX214876.1	Rhizophagus sp. (in: glomeromycetes) | 212607_IVT70A	Rhizophagus sp. (in: glomeromycetes)	Rhizophagus	main		unnamed ('sp.')	0	matched		Rhizophagus	no call			matched		Rhizophagus	genus		Rhizophagus	genus		
PX214877.1	Rhizophagus sp. (in: glomeromycetes) | 212607_IVT70A	Rhizophagus sp. (in: glomeromycetes)	Rhizophagus	main		unnamed ('sp.')	0	matched		Rhizophagus	matched		Rhizophagus	matched		Rhizophagus	genus		Rhizophagus	genus		
PX214878.1	Rhizophagus sp. (in: glomeromycetes) | 1399_IVT43A	Rhizophagus sp. (in: glomeromycetes)	Rhizophagus	main		unnamed ('sp.')	0	matched		Rhizophagus	matched		Rhizophagus	matched		Rhizophagus	genus		Rhizophagus	genus		
PX214879.1	Rhizophagus sp. (in: glomeromycetes) | 212607_IVT70A	Rhizophagus sp. (in: glomeromycetes)	Rhizophagus	main		unnamed ('sp.')	0	matched		Rhizophagus	matched		Rhizophagus	matched		Rhizophagus	genus		Rhizophagus	genus		
PX214880.1	Oehlia diaphana | JS1_IVT19A	Oehlia diaphana	Oehlia	main		named, species elsewhere	3	matched	Oehlia diaphana	Oehlia	no call			matched	Oehlia diaphana	Oehlia	species	Oehlia diaphana	Oehlia	yes		
PX214881.1	Oehlia diaphana | 4835_562B	Oehlia diaphana	Oehlia	main		named, species elsewhere	3	matched	Oehlia diaphana	Oehlia	no call			matched	Oehlia diaphana	Oehlia	species	Oehlia diaphana	Oehlia	yes		
PX214882.1	Oehlia diaphana | JS1_IVT19A	Oehlia diaphana	Oehlia	main		named, species elsewhere	3	matched	Oehlia diaphana	Oehlia	matched	Oehlia diaphana	Oehlia	matched	Oehlia diaphana	Oehlia	species	Oehlia diaphana	Oehlia	yes		
PX214883.1	Oehlia diaphana | WV579_765A	Oehlia diaphana	Oehlia	main		named, species elsewhere	3	matched	Oehlia diaphana	Oehlia	matched	Oehlia diaphana	Oehlia	matched	Oehlia diaphana	Oehlia	species	Oehlia diaphana	Oehlia	yes		
PX214884.1	Oehlia diaphana | 4835_562B	Oehlia diaphana	Oehlia	main		named, species elsewhere	3	matched	Oehlia diaphana	Oehlia	matched	Oehlia diaphana	Oehlia	matched	Oehlia diaphana	Oehlia	species	Oehlia diaphana	Oehlia	yes		
PX214885.1	Oehlia diaphana | WV579_765A	Oehlia diaphana	Oehlia	main		named, species elsewhere	3	matched	Oehlia diaphana	Oehlia	matched	Oehlia diaphana	Oehlia	matched	Oehlia diaphana	Oehlia	species	Oehlia diaphana	Oehlia	yes		
PX214886.1	Oehlia diaphana | WV579_765A	Oehlia diaphana	Oehlia	main		named, species elsewhere	3	matched	Oehlia diaphana	Oehlia	no call			matched	Oehlia diaphana	Oehlia	species	Oehlia diaphana	Oehlia	yes		
PX214887.1	Oehlia diaphana | WV579_765A	Oehlia diaphana	Oehlia	main		named, species elsewhere	3	matched	Oehlia diaphana	Oehlia	matched	Oehlia diaphana	Oehlia	matched	Oehlia diaphana	Oehlia	species	Oehlia diaphana	Oehlia	yes		
PX214888.1	Oehlia diaphana | WV579_765B	Oehlia diaphana	Oehlia	main		named, species elsewhere	3	matched	Oehlia diaphana	Oehlia	unmatched			matched	Oehlia diaphana	Oehlia	species	Oehlia diaphana	Oehlia	yes		SH
PX214889.1	Oehlia diaphana | WV579_765B	Oehlia diaphana	Oehlia	main		named, species elsewhere	3	matched	Oehlia diaphana	Oehlia	unmatched			matched	Oehlia diaphana	Oehlia	species	Oehlia diaphana	Oehlia	yes		SH
PX214890.1	Oehlia diaphana | WV579_765B	Oehlia diaphana	Oehlia	main		named, species elsewhere	3	matched	Oehlia diaphana	Oehlia	unmatched			matched	Oehlia diaphana	Oehlia	species	Oehlia diaphana	Oehlia	yes		SH
PX214891.1	Oehlia diaphana | JS1_IVT19A	Oehlia diaphana	Oehlia	main		named, species elsewhere	3	matched	Oehlia diaphana	Oehlia	matched	Oehlia diaphana	Oehlia	matched	Oehlia diaphana	Oehlia	species	Oehlia diaphana	Oehlia	yes		
PX214892.1	Oehlia diaphana | WV579_765A	Oehlia diaphana	Oehlia	main		named, species elsewhere	3	matched	Oehlia diaphana	Oehlia	matched	Oehlia diaphana	Oehlia	matched	Oehlia diaphana	Oehlia	species	Oehlia diaphana	Oehlia	yes		
PX214893.1	Oehlia diaphana | JS1_IVT19A	Oehlia diaphana	Oehlia	main		named, species elsewhere	3	matched	Oehlia diaphana	Oehlia	matched	Oehlia diaphana	Oehlia	matched	Oehlia diaphana	Oehlia	species	Oehlia diaphana	Oehlia	yes		
PX214894.1	Oehlia diaphana | 4835_562B	Oehlia diaphana	Oehlia	main		named, species elsewhere	3	matched	Oehlia diaphana	Oehlia	no call			matched	Oehlia diaphana	Oehlia	species	Oehlia diaphana	Oehlia	yes		
PX214895.1	Oehlia diaphana | WV579_765B	Oehlia diaphana	Oehlia	main		named, species elsewhere	3	matched	Oehlia diaphana	Oehlia	no call			matched	Oehlia diaphana	Oehlia	species	Oehlia diaphana	Oehlia	yes		
PX214896.1	Oehlia diaphana | 4835_562B	Oehlia diaphana	Oehlia	main		named, species elsewhere	3	matched	Oehlia diaphana	Oehlia	no call			matched	Oehlia diaphana	Oehlia	species	Oehlia diaphana	Oehlia	yes		
PX214897.1	Oehlia diaphana | 4835_562B	Oehlia diaphana	Oehlia	main		named, species elsewhere	3	matched	Oehlia diaphana	Oehlia	no call			matched	Oehlia diaphana	Oehlia	species	Oehlia diaphana	Oehlia	yes		
PX214898.1	Oehlia diaphana | WV579_765B	Oehlia diaphana	Oehlia	main		named, species elsewhere	3	matched	Oehlia diaphana	Oehlia	no call			matched	Oehlia diaphana	Oehlia	species	Oehlia diaphana	Oehlia	yes		
PX214899.1	Oehlia diaphana | JS1_IVT19A	Oehlia diaphana	Oehlia	main		named, species elsewhere	3	matched	Oehlia diaphana	Oehlia	matched	Oehlia diaphana	Oehlia	matched	Oehlia diaphana	Oehlia	species	Oehlia diaphana	Oehlia	yes		
PX214900.1	Oehlia diaphana | JS1_IVT19A	Oehlia diaphana	Oehlia	main		named, species elsewhere	3	matched	Oehlia diaphana	Oehlia	no call			matched	Oehlia diaphana	Oehlia	species	Oehlia diaphana	Oehlia	yes		
PX214901.1	Oehlia diaphana | 4835_562B	Oehlia diaphana	Oehlia	main		named, species elsewhere	3	matched	Oehlia diaphana	Oehlia	matched	Oehlia diaphana	Oehlia	matched	Oehlia diaphana	Oehlia	species	Oehlia diaphana	Oehlia	yes		
PX214902.1	Oehlia diaphana | WV579_765A	Oehlia diaphana	Oehlia	main		named, species elsewhere	3	matched	Oehlia diaphana	Oehlia	no call			matched	Oehlia diaphana	Oehlia	species	Oehlia diaphana	Oehlia	yes		
PX214903.1	Oehlia diaphana | WV579_765B	Oehlia diaphana	Oehlia	main		named, species elsewhere	3	matched	Oehlia diaphana	Oehlia	no call			matched	Oehlia diaphana	Oehlia	species	Oehlia diaphana	Oehlia	yes		
PX214904.1	Oehlia diaphana | WV579_765B	Oehlia diaphana	Oehlia	main		named, species elsewhere	3	matched	Oehlia diaphana	Oehlia	no call			matched	Oehlia diaphana	Oehlia	species	Oehlia diaphana	Oehlia	yes		
PX214905.1	Oehlia diaphana | 4835_562B	Oehlia diaphana	Oehlia	main		named, species elsewhere	3	matched	Oehlia diaphana	Oehlia	no call			matched	Oehlia diaphana	Oehlia	species	Oehlia diaphana	Oehlia	yes		
PX214906.1	Oehlia diaphana | WV579_765A	Oehlia diaphana	Oehlia	main		named, species elsewhere	3	matched	Oehlia diaphana	Oehlia	matched	Oehlia diaphana	Oehlia	matched	Oehlia diaphana	Oehlia	species	Oehlia diaphana	Oehlia	yes		
PX214907.1	Oehlia diaphana | WV579_765B	Oehlia diaphana	Oehlia	main		named, species elsewhere	3	matched	Oehlia diaphana	Oehlia	unmatched			matched	Oehlia diaphana	Oehlia	species	Oehlia diaphana	Oehlia	yes		SH
PX214908.1	Oehlia diaphana | WV579_765B	Oehlia diaphana	Oehlia	main		named, species elsewhere	3	matched	Oehlia diaphana	Oehlia	no call			matched	Oehlia diaphana	Oehlia	species	Oehlia diaphana	Oehlia	yes		
PX214909.1	Diversispora eburnea | FS_12_2334B	Diversispora eburnea	Diversispora	main		named, species elsewhere	1	matched	Diversispora celata;Diversispora eburnea	Diversispora	matched	Diversispora eburnea	Diversispora	matched	Diversispora eburnea	Diversispora	species	Diversispora eburnea	Diversispora	yes		
PX214910.1	Diversispora eburnea | FS_12_2334B	Diversispora eburnea	Diversispora	main		named, species elsewhere	1	matched	Diversispora celata;Diversispora eburnea	Diversispora	matched	Diversispora eburnea	Diversispora	matched	Diversispora eburnea	Diversispora	species	Diversispora eburnea	Diversispora	yes		
PX214911.1	Diversispora eburnea | AZ414A_356A	Diversispora eburnea	Diversispora	main		named, species elsewhere	1	matched	Diversispora celata;Diversispora eburnea	Diversispora	matched	Diversispora eburnea	Diversispora	matched	Diversispora eburnea	Diversispora	species	Diversispora eburnea	Diversispora	yes		
PX214912.1	Diversispora eburnea | AZ414A_356A	Diversispora eburnea	Diversispora	main		named, species elsewhere	1	matched	Diversispora celata;Diversispora eburnea	Diversispora	matched	Diversispora eburnea	Diversispora	matched	Diversispora eburnea	Diversispora	species	Diversispora eburnea	Diversispora	yes		
PX214913.1	Diversispora eburnea | FS_12_2334B	Diversispora eburnea	Diversispora	main		named, species elsewhere	1	matched	Diversispora celata;Diversispora eburnea	Diversispora	no call			matched	Diversispora eburnea	Diversispora	species	Diversispora eburnea	Diversispora	yes		
PX214914.1	Diversispora eburnea | AZ414A_356A	Diversispora eburnea	Diversispora	main		named, species elsewhere	1	matched	Diversispora celata;Diversispora eburnea	Diversispora	matched	Diversispora eburnea	Diversispora	matched	Diversispora eburnea	Diversispora	species	Diversispora eburnea	Diversispora	yes		
PX214915.1	Diversispora eburnea | AZ414A_356A	Diversispora eburnea	Diversispora	main		named, species elsewhere	1	matched	Diversispora celata;Diversispora eburnea	Diversispora	matched	Diversispora eburnea	Diversispora	matched	Diversispora eburnea	Diversispora	species	Diversispora eburnea	Diversispora	yes		
PX214916.1	Diversispora eburnea | AZ414A_356A	Diversispora eburnea	Diversispora	main		named, species elsewhere	1	matched	Diversispora celata;Diversispora eburnea	Diversispora	matched	Diversispora eburnea	Diversispora	matched	Diversispora eburnea	Diversispora	species	Diversispora eburnea	Diversispora	yes		
PX214917.1	Diversispora eburnea | AZ414A_356A	Diversispora eburnea	Diversispora	main		named, species elsewhere	1	matched	Diversispora celata;Diversispora eburnea	Diversispora	matched	Diversispora eburnea	Diversispora	matched	Diversispora eburnea	Diversispora	species	Diversispora eburnea	Diversispora	yes		
PX214918.1	Diversispora eburnea | AZ414A_356A	Diversispora eburnea	Diversispora	main		named, species elsewhere	1	matched	Diversispora celata;Diversispora eburnea	Diversispora	matched	Diversispora eburnea	Diversispora	matched	Diversispora eburnea	Diversispora	species	Diversispora eburnea	Diversispora	yes		
PX214919.1	Diversispora eburnea | AZ414A_356A	Diversispora eburnea	Diversispora	main		named, species elsewhere	1	matched	Diversispora celata;Diversispora eburnea	Diversispora	matched	Diversispora eburnea	Diversispora	matched	Diversispora eburnea	Diversispora	species	Diversispora eburnea	Diversispora	yes		
PX214920.1	Diversispora eburnea | AZ414A_356A	Diversispora eburnea	Diversispora	main		named, species elsewhere	1	matched	Diversispora celata;Diversispora eburnea	Diversispora	matched	Diversispora eburnea	Diversispora	matched	Diversispora eburnea	Diversispora	species	Diversispora eburnea	Diversispora	yes		
PX214921.1	Diversispora eburnea | AZ414A_356A	Diversispora eburnea	Diversispora	main		named, species elsewhere	1	matched	Diversispora celata;Diversispora eburnea	Diversispora	matched	Diversispora eburnea	Diversispora	matched	Diversispora eburnea	Diversispora	species	Diversispora eburnea	Diversispora	yes		
PX214922.1	Diversispora eburnea | FS_12_2334B	Diversispora eburnea	Diversispora	main		named, species elsewhere	1	matched	Diversispora celata;Diversispora eburnea	Diversispora	no call			matched	Diversispora eburnea	Diversispora	species	Diversispora eburnea	Diversispora	yes		
PX214923.1	Diversispora eburnea | FS_12_2334B	Diversispora eburnea	Diversispora	main		named, species elsewhere	1	matched	Diversispora celata;Diversispora eburnea	Diversispora	no call			matched	Diversispora eburnea	Diversispora	species	Diversispora eburnea	Diversispora	yes		
PX214924.1	Diversispora celata | 4381_68A	Diversispora celata	Diversispora	main		named, species elsewhere	1	matched	Diversispora celata;Diversispora eburnea	Diversispora	unmatched			matched	Diversispora celata	Diversispora	species	Diversispora celata	Diversispora	yes		SH
PX214925.1	Diversispora celata | 4381_68A	Diversispora celata	Diversispora	main		named, species elsewhere	1	matched	Diversispora celata;Diversispora eburnea	Diversispora	unmatched			matched	Diversispora celata	Diversispora	species	Diversispora celata	Diversispora	yes		SH
PX214926.1	Diversispora celata | 4381_68A	Diversispora celata	Diversispora	main		named, species elsewhere	1	matched	Diversispora celata;Diversispora eburnea	Diversispora	no call			matched	Diversispora celata	Diversispora	species	Diversispora celata	Diversispora	yes		
PX214927.1	Diversispora celata | 4381_68A	Diversispora celata	Diversispora	main		named, species elsewhere	1	matched	Diversispora celata;Diversispora eburnea	Diversispora	no call			matched	Diversispora celata	Diversispora	species	Diversispora celata	Diversispora	yes		
PX214928.1	Diversispora celata | 4381_68A	Diversispora celata	Diversispora	main		named, species elsewhere	1	matched	Diversispora celata;Diversispora eburnea	Diversispora	no call			matched	Diversispora celata	Diversispora	species	Diversispora celata	Diversispora	yes		
PX214929.1	Diversispora celata | SC2	Diversispora celata	Diversispora	main		named, species elsewhere	1	matched	Diversispora celata;Diversispora eburnea	Diversispora	no call			matched	Diversispora celata	Diversispora	species	Diversispora celata	Diversispora	yes		
PX214930.1	Diversispora celata | SC2	Diversispora celata	Diversispora	main		named, species elsewhere	1	matched	Diversispora celata;Diversispora eburnea	Diversispora	no call			matched	Diversispora celata	Diversispora	species	Diversispora celata	Diversispora	yes		
PX214931.1	Diversispora celata | SC2	Diversispora celata	Diversispora	main		named, species elsewhere	1	matched	Diversispora celata;Diversispora eburnea	Diversispora	no call			matched	Diversispora celata	Diversispora	species	Diversispora celata	Diversispora	yes		
PX214932.1	Diversispora celata | SC2	Diversispora celata	Diversispora	main		named, species elsewhere	1	matched	Diversispora celata;Diversispora eburnea	Diversispora	no call			no call			species group	Diversispora celata;Diversispora eburnea	Diversispora	contains		
PX214933.1	Diversispora celata | SC2	Diversispora celata	Diversispora	main		named, species elsewhere	1	matched	Diversispora celata;Diversispora eburnea	Diversispora	no call			no call			species group	Diversispora celata;Diversispora eburnea	Diversispora	contains		
PX214934.1	Diversispora jakucsiae | Blasz_11_2271A	Diversispora jakucsiae	Diversispora	main		named, species held out	0	matched	Diversispora arenaria;Diversispora spurca	Diversispora	unmatched			unmatched			species group	Diversispora arenaria;Diversispora spurca	Diversispora	genus only	held out	SH;LSU
PX214935.1	Diversispora jakucsiae | Blasz_11_2271A	Diversispora jakucsiae	Diversispora	main		named, species held out	0	matched	Diversispora arenaria;Diversispora spurca	Diversispora	unmatched			unmatched			species group	Diversispora arenaria;Diversispora spurca	Diversispora	genus only	held out	SH;LSU
PX214936.1	Diversispora jakucsiae | Blasz_11_2271A	Diversispora jakucsiae	Diversispora	main		named, species held out	0	matched	Diversispora arenaria;Diversispora spurca	Diversispora	unmatched			unmatched			species group	Diversispora arenaria;Diversispora spurca	Diversispora	genus only	held out	SH;LSU
PX214937.1	Diversispora jakucsiae | Blasz_11_2271A	Diversispora jakucsiae	Diversispora	main		named, species held out	0	matched	Diversispora arenaria;Diversispora spurca	Diversispora	unmatched			unmatched			species group	Diversispora arenaria;Diversispora spurca	Diversispora	genus only	held out	SH;LSU
PX214938.1	Diversispora arenaria | Blasz_14_2274A	Diversispora arenaria	Diversispora	main		named, species held out	0	matched	Diversispora jakucsiae;Diversispora spurca	Diversispora	no call			unmatched			species group	Diversispora jakucsiae;Diversispora spurca	Diversispora	genus only	held out	LSU
PX214939.1	Diversispora arenaria | Blasz_14_2274A	Diversispora arenaria	Diversispora	main		named, species held out	0	matched	Diversispora celata;Diversispora eburnea;Diversispora epigaea;Diversispora jakucsiae;Diversispora spurca	Diversispora	unmatched			unmatched			species group	Diversispora celata;Diversispora eburnea;Diversispora epigaea;Diversispora jakucsiae;Diversispora spurca	Diversispora	genus only	held out	SH;LSU
PX214940.1	Diversispora arenaria | Blasz_14_2274A	Diversispora arenaria	Diversispora	main		named, species held out	0	matched	Diversispora celata;Diversispora eburnea;Diversispora epigaea;Diversispora jakucsiae;Diversispora spurca	Diversispora	unmatched			unmatched			species group	Diversispora celata;Diversispora eburnea;Diversispora epigaea;Diversispora jakucsiae;Diversispora spurca	Diversispora	genus only	held out	SH;LSU
PX214941.1	Diversispora arenaria | Blasz_14_2274A	Diversispora arenaria	Diversispora	main		named, species held out	0	matched	Diversispora celata;Diversispora eburnea;Diversispora epigaea;Diversispora jakucsiae;Diversispora spurca	Diversispora	unmatched			unmatched			species group	Diversispora celata;Diversispora eburnea;Diversispora epigaea;Diversispora jakucsiae;Diversispora spurca	Diversispora	genus only	held out	SH;LSU
PX214942.1	Diversispora epigaea | BEG47_1140C	Diversispora epigaea	Diversispora	main		named, species elsewhere	1	matched	Diversispora epigaea;Diversispora spurca	Diversispora	matched	Diversispora epigaea	Diversispora	matched	Diversispora epigaea	Diversispora	species	Diversispora epigaea	Diversispora	yes		
PX214943.1	Diversispora epigaea | BEG47_1140C	Diversispora epigaea	Diversispora	main		named, species elsewhere	1	matched	Diversispora epigaea;Diversispora spurca	Diversispora	matched	Diversispora epigaea	Diversispora	matched	Diversispora epigaea	Diversispora	species	Diversispora epigaea	Diversispora	yes		
PX214944.1	Diversispora epigaea | FS16_2427A	Diversispora epigaea	Diversispora	main		named, species elsewhere	1	matched	Diversispora epigaea;Diversispora spurca	Diversispora	matched	Diversispora epigaea	Diversispora	matched	Diversispora epigaea	Diversispora	species	Diversispora epigaea	Diversispora	yes		
PX214945.1	Diversispora epigaea | BEG47_1140C	Diversispora epigaea	Diversispora	main		named, species elsewhere	1	matched	Diversispora epigaea;Diversispora spurca	Diversispora	matched	Diversispora epigaea	Diversispora	matched	Diversispora epigaea	Diversispora	species	Diversispora epigaea	Diversispora	yes		
PX214946.1	Diversispora epigaea | BEG47_1140C	Diversispora epigaea	Diversispora	main		named, species elsewhere	1	matched	Diversispora epigaea;Diversispora spurca	Diversispora	matched	Diversispora epigaea	Diversispora	matched	Diversispora epigaea	Diversispora	species	Diversispora epigaea	Diversispora	yes		
PX214947.1	Diversispora epigaea | FS16_2427A	Diversispora epigaea	Diversispora	main		named, species elsewhere	1	matched	Diversispora epigaea;Diversispora spurca	Diversispora	no call			matched	Diversispora epigaea	Diversispora	species	Diversispora epigaea	Diversispora	yes		
PX214948.1	Diversispora epigaea | FS16_2427A	Diversispora epigaea	Diversispora	main		named, species elsewhere	1	matched	Diversispora epigaea;Diversispora spurca	Diversispora	matched	Diversispora epigaea	Diversispora	matched	Diversispora epigaea	Diversispora	species	Diversispora epigaea	Diversispora	yes		
PX214949.1	Diversispora epigaea | FS16_2427A	Diversispora epigaea	Diversispora	main		named, species elsewhere	1	matched	Diversispora epigaea;Diversispora spurca	Diversispora	matched	Diversispora epigaea	Diversispora	matched	Diversispora epigaea	Diversispora	species	Diversispora epigaea	Diversispora	yes		
PX214950.1	Diversispora epigaea | FS16_2427A	Diversispora epigaea	Diversispora	main		named, species elsewhere	1	matched	Diversispora epigaea;Diversispora spurca	Diversispora	matched	Diversispora epigaea	Diversispora	matched	Diversispora epigaea	Diversispora	species	Diversispora epigaea	Diversispora	yes		
PX214951.1	Diversispora epigaea | FS16_2427A	Diversispora epigaea	Diversispora	main		named, species elsewhere	1	matched	Diversispora epigaea;Diversispora spurca	Diversispora	matched	Diversispora epigaea	Diversispora	matched	Diversispora epigaea	Diversispora	species	Diversispora epigaea	Diversispora	yes		
PX214952.1	Diversispora epigaea | FS16_2427A	Diversispora epigaea	Diversispora	main		named, species elsewhere	1	matched	Diversispora epigaea;Diversispora spurca	Diversispora	matched	Diversispora epigaea	Diversispora	matched	Diversispora epigaea	Diversispora	species	Diversispora epigaea	Diversispora	yes		
PX214953.1	Diversispora epigaea | BEG47_1140C	Diversispora epigaea	Diversispora	main		named, species elsewhere	1	matched	Diversispora arenaria;Diversispora epigaea;Diversispora jakucsiae;Diversispora spurca	Diversispora	matched	Diversispora epigaea	Diversispora	matched	Diversispora epigaea	Diversispora	species	Diversispora epigaea	Diversispora	yes		
PX214954.1	Diversispora epigaea | FS16_2427A	Diversispora epigaea	Diversispora	main		named, species elsewhere	1	matched	Diversispora arenaria;Diversispora epigaea;Diversispora jakucsiae;Diversispora spurca	Diversispora	matched	Diversispora epigaea	Diversispora	matched	Diversispora epigaea	Diversispora	species	Diversispora epigaea	Diversispora	yes		
PX214955.1	Diversispora varaderana | 4394_1010A	Diversispora varaderana	Diversispora	main		named, species elsewhere	6	matched	Diversispora aestuarii;Diversispora varaderana	Diversispora	matched	Diversispora varaderana	Diversispora	matched	Diversispora aestuarii;Diversispora varaderana	Diversispora	species	Diversispora varaderana	Diversispora	yes		
PX214956.1	Diversispora varaderana | 3086_1170D	Diversispora varaderana	Diversispora	main		named, species elsewhere	6	matched	Diversispora aestuarii;Diversispora varaderana	Diversispora	matched	Diversispora varaderana	Diversispora	matched	Diversispora aestuarii;Diversispora varaderana	Diversispora	species	Diversispora varaderana	Diversispora	yes		
PX214957.1	Diversispora varaderana | 4450_536A	Diversispora varaderana	Diversispora	main		named, species elsewhere	6	matched	Diversispora aestuarii;Diversispora varaderana	Diversispora	matched	Diversispora varaderana	Diversispora	matched	Diversispora aestuarii;Diversispora varaderana	Diversispora	species	Diversispora varaderana	Diversispora	yes		
PX214958.1	Diversispora varaderana | 4394_1010A	Diversispora varaderana	Diversispora	main		named, species elsewhere	6	matched	Diversispora aestuarii;Diversispora varaderana	Diversispora	matched	Diversispora varaderana	Diversispora	matched	Diversispora aestuarii;Diversispora varaderana	Diversispora	species	Diversispora varaderana	Diversispora	yes		
PX214959.1	Diversispora varaderana | CW0016_4015A	Diversispora varaderana	Diversispora	main		named, species elsewhere	6	matched	Diversispora aestuarii;Diversispora varaderana	Diversispora	matched	Diversispora varaderana	Diversispora	matched	Diversispora aestuarii;Diversispora varaderana	Diversispora	species	Diversispora varaderana	Diversispora	yes		
PX214960.1	Diversispora varaderana | SASK_50	Diversispora varaderana	Diversispora	main		named, species elsewhere	6	matched	Diversispora aestuarii;Diversispora varaderana	Diversispora	matched	Diversispora varaderana	Diversispora	matched	Diversispora aestuarii;Diversispora varaderana	Diversispora	species	Diversispora varaderana	Diversispora	yes		
PX214961.1	Diversispora varaderana | 3086_1170D	Diversispora varaderana	Diversispora	main		named, species elsewhere	6	matched	Diversispora aestuarii;Diversispora varaderana	Diversispora	matched	Diversispora varaderana	Diversispora	matched	Diversispora aestuarii;Diversispora varaderana	Diversispora	species	Diversispora varaderana	Diversispora	yes		
PX214962.1	Diversispora varaderana | 3086_1170D	Diversispora varaderana	Diversispora	main		named, species elsewhere	6	matched	Diversispora aestuarii;Diversispora varaderana	Diversispora	matched	Diversispora varaderana	Diversispora	matched	Diversispora aestuarii;Diversispora varaderana	Diversispora	species	Diversispora varaderana	Diversispora	yes		
PX214963.1	Diversispora varaderana | 4394_1010A	Diversispora varaderana	Diversispora	main		named, species elsewhere	6	matched	Diversispora aestuarii;Diversispora varaderana	Diversispora	matched	Diversispora varaderana	Diversispora	matched	Diversispora aestuarii;Diversispora varaderana	Diversispora	species	Diversispora varaderana	Diversispora	yes		
PX214964.1	Diversispora varaderana | 4510_972A	Diversispora varaderana	Diversispora	main		named, species elsewhere	6	matched	Diversispora aestuarii;Diversispora varaderana	Diversispora	matched	Diversispora varaderana	Diversispora	matched	Diversispora aestuarii;Diversispora varaderana	Diversispora	species	Diversispora varaderana	Diversispora	yes		
PX214965.1	Diversispora varaderana | 4450_536A	Diversispora varaderana	Diversispora	main		named, species elsewhere	6	matched	Diversispora aestuarii;Diversispora varaderana	Diversispora	matched	Diversispora varaderana	Diversispora	matched	Diversispora aestuarii;Diversispora varaderana	Diversispora	species	Diversispora varaderana	Diversispora	yes		
PX214966.1	Diversispora varaderana | SASK_50	Diversispora varaderana	Diversispora	main		named, species elsewhere	6	matched	Diversispora aestuarii;Diversispora varaderana	Diversispora	matched	Diversispora varaderana	Diversispora	matched	Diversispora aestuarii;Diversispora varaderana	Diversispora	species	Diversispora varaderana	Diversispora	yes		
PX214967.1	Diversispora varaderana | 4393_830B	Diversispora varaderana	Diversispora	main		named, species elsewhere	6	matched	Diversispora aestuarii;Diversispora varaderana	Diversispora	matched	Diversispora varaderana	Diversispora	matched	Diversispora aestuarii;Diversispora varaderana	Diversispora	species	Diversispora varaderana	Diversispora	yes		
PX214968.1	Diversispora varaderana | 3086_1170D	Diversispora varaderana	Diversispora	main		named, species elsewhere	6	matched	Diversispora aestuarii;Diversispora varaderana	Diversispora	matched	Diversispora varaderana	Diversispora	matched	Diversispora aestuarii;Diversispora varaderana	Diversispora	species	Diversispora varaderana	Diversispora	yes		
PX214969.1	Diversispora varaderana | 4450_536A	Diversispora varaderana	Diversispora	main		named, species elsewhere	6	matched	Diversispora aestuarii;Diversispora varaderana	Diversispora	matched	Diversispora varaderana	Diversispora	matched	Diversispora aestuarii;Diversispora varaderana	Diversispora	species	Diversispora varaderana	Diversispora	yes		
PX214970.1	Diversispora varaderana | 4393_830B	Diversispora varaderana	Diversispora	main		named, species elsewhere	6	matched	Diversispora aestuarii;Diversispora varaderana	Diversispora	matched	Diversispora varaderana	Diversispora	matched	Diversispora aestuarii;Diversispora varaderana	Diversispora	species	Diversispora varaderana	Diversispora	yes		
PX214971.1	Diversispora varaderana | 3086_1170D	Diversispora varaderana	Diversispora	main		named, species elsewhere	6	matched	Diversispora aestuarii;Diversispora varaderana	Diversispora	matched	Diversispora varaderana	Diversispora	matched	Diversispora aestuarii;Diversispora varaderana	Diversispora	species	Diversispora varaderana	Diversispora	yes		
PX214972.1	Diversispora varaderana | 4450_536A	Diversispora varaderana	Diversispora	main		named, species elsewhere	6	matched	Diversispora aestuarii;Diversispora varaderana	Diversispora	matched	Diversispora varaderana	Diversispora	matched	Diversispora aestuarii;Diversispora varaderana	Diversispora	species	Diversispora varaderana	Diversispora	yes		
PX214973.1	Diversispora varaderana | 4450_536A	Diversispora varaderana	Diversispora	main		named, species elsewhere	6	matched	Diversispora aestuarii;Diversispora varaderana	Diversispora	matched	Diversispora varaderana	Diversispora	matched	Diversispora aestuarii;Diversispora varaderana	Diversispora	species	Diversispora varaderana	Diversispora	yes		
PX214974.1	Diversispora varaderana | 4450_536A	Diversispora varaderana	Diversispora	main		named, species elsewhere	6	matched	Diversispora aestuarii;Diversispora varaderana	Diversispora	no call			matched	Diversispora aestuarii;Diversispora varaderana	Diversispora	species group	Diversispora aestuarii;Diversispora varaderana	Diversispora	contains		
PX214975.1	Diversispora varaderana | SASK_50	Diversispora varaderana	Diversispora	main		named, species elsewhere	6	matched	Diversispora aestuarii;Diversispora varaderana	Diversispora	matched	Diversispora varaderana	Diversispora	matched	Diversispora aestuarii;Diversispora varaderana	Diversispora	species	Diversispora varaderana	Diversispora	yes		
PX214976.1	Diversispora varaderana | 3086_1170D	Diversispora varaderana	Diversispora	main		named, species elsewhere	6	matched	Diversispora aestuarii;Diversispora varaderana	Diversispora	no call			matched	Diversispora aestuarii;Diversispora varaderana	Diversispora	species group	Diversispora aestuarii;Diversispora varaderana	Diversispora	contains		
PX214977.1	Diversispora varaderana | 4393_830B	Diversispora varaderana	Diversispora	main		named, species elsewhere	6	matched	Diversispora aestuarii;Diversispora varaderana	Diversispora	no call			matched	Diversispora aestuarii;Diversispora varaderana	Diversispora	species group	Diversispora aestuarii;Diversispora varaderana	Diversispora	contains		
PX214978.1	Diversispora varaderana | CW0016_4015A	Diversispora varaderana	Diversispora	main		named, species elsewhere	6	matched	Diversispora aestuarii;Diversispora varaderana	Diversispora	matched	Diversispora varaderana	Diversispora	matched	Diversispora aestuarii;Diversispora varaderana	Diversispora	species	Diversispora varaderana	Diversispora	yes		
PX214979.1	Diversispora varaderana | CW0016_4015A	Diversispora varaderana	Diversispora	main		named, species elsewhere	6	matched	Diversispora aestuarii;Diversispora varaderana	Diversispora	matched	Diversispora varaderana	Diversispora	matched	Diversispora aestuarii;Diversispora varaderana	Diversispora	species	Diversispora varaderana	Diversispora	yes		
PX214980.1	Diversispora varaderana | CW0016_4015A	Diversispora varaderana	Diversispora	main		named, species elsewhere	6	matched	Diversispora aestuarii;Diversispora varaderana	Diversispora	matched	Diversispora varaderana	Diversispora	matched	Diversispora aestuarii;Diversispora varaderana	Diversispora	species	Diversispora varaderana	Diversispora	yes		
PX214981.1	Diversispora varaderana | 3086_1170D	Diversispora varaderana	Diversispora	main		named, species elsewhere	6	matched	Diversispora aestuarii;Diversispora varaderana	Diversispora	matched	Diversispora varaderana	Diversispora	matched	Diversispora aestuarii;Diversispora varaderana	Diversispora	species	Diversispora varaderana	Diversispora	yes		
PX214982.1	Diversispora varaderana | 4393_830B	Diversispora varaderana	Diversispora	main		named, species elsewhere	6	matched	Diversispora aestuarii;Diversispora varaderana	Diversispora	matched	Diversispora varaderana	Diversispora	matched	Diversispora aestuarii;Diversispora varaderana	Diversispora	species	Diversispora varaderana	Diversispora	yes		
PX214983.1	Diversispora varaderana | 3086_1170D	Diversispora varaderana	Diversispora	main		named, species elsewhere	6	matched	Diversispora aestuarii;Diversispora varaderana	Diversispora	matched	Diversispora varaderana	Diversispora	matched	Diversispora aestuarii;Diversispora varaderana	Diversispora	species	Diversispora varaderana	Diversispora	yes		
PX214984.1	Diversispora varaderana | 4394_1010A	Diversispora varaderana	Diversispora	main		named, species elsewhere	6	matched	Diversispora aestuarii;Diversispora varaderana	Diversispora	matched	Diversispora varaderana	Diversispora	matched	Diversispora aestuarii;Diversispora varaderana	Diversispora	species	Diversispora varaderana	Diversispora	yes		
PX214985.1	Diversispora varaderana | SASK_50	Diversispora varaderana	Diversispora	main		named, species elsewhere	6	matched	Diversispora aestuarii;Diversispora varaderana	Diversispora	matched	Diversispora varaderana	Diversispora	matched	Diversispora aestuarii;Diversispora varaderana	Diversispora	species	Diversispora varaderana	Diversispora	yes		
PX214986.1	Diversispora aestuarii | 4403_745C	Diversispora aestuarii	Diversispora	main		named, species elsewhere	1	matched	Diversispora aestuarii;Diversispora varaderana	Diversispora	no call			matched	Diversispora aestuarii;Diversispora varaderana	Diversispora	species group	Diversispora aestuarii;Diversispora varaderana	Diversispora	contains		
PX214987.1	Diversispora aestuarii | 4403_745C	Diversispora aestuarii	Diversispora	main		named, species elsewhere	1	matched	Diversispora aestuarii;Diversispora varaderana	Diversispora	no call			matched	Diversispora aestuarii;Diversispora varaderana	Diversispora	species group	Diversispora aestuarii;Diversispora varaderana	Diversispora	contains		
PX214988.1	Diversispora aestuarii | 4403_745C	Diversispora aestuarii	Diversispora	main		named, species elsewhere	1	matched	Diversispora aestuarii;Diversispora varaderana	Diversispora	no call			matched	Diversispora aestuarii;Diversispora varaderana	Diversispora	species group	Diversispora aestuarii;Diversispora varaderana	Diversispora	contains		
PX214989.1	Diversispora aestuarii | 4403_745C	Diversispora aestuarii	Diversispora	main		named, species elsewhere	1	matched	Diversispora aestuarii;Diversispora varaderana	Diversispora	no call			matched	Diversispora aestuarii;Diversispora varaderana	Diversispora	species group	Diversispora aestuarii;Diversispora varaderana	Diversispora	contains		
PX214990.1	Diversispora aestuarii | 4485_952D	Diversispora aestuarii	Diversispora	main		named, species elsewhere	1	matched	Diversispora aestuarii;Diversispora varaderana	Diversispora	unmatched			matched	Diversispora aestuarii;Diversispora varaderana	Diversispora	species group	Diversispora aestuarii;Diversispora varaderana	Diversispora	contains		SH
PX214991.1	Diversispora aestuarii | 4485_952D	Diversispora aestuarii	Diversispora	main		named, species elsewhere	1	matched	Diversispora aestuarii;Diversispora varaderana	Diversispora	unmatched			matched	Diversispora aestuarii;Diversispora varaderana	Diversispora	species group	Diversispora aestuarii;Diversispora varaderana	Diversispora	contains		SH
PX214992.1	Diversispora aestuarii | 4485_952D	Diversispora aestuarii	Diversispora	main		named, species elsewhere	1	matched	Diversispora aestuarii;Diversispora varaderana	Diversispora	unmatched			matched	Diversispora aestuarii;Diversispora varaderana	Diversispora	species group	Diversispora aestuarii;Diversispora varaderana	Diversispora	contains		SH
PX214993.1	Diversispora aestuarii | 4403_745C	Diversispora aestuarii	Diversispora	main		named, species elsewhere	1	matched	Diversispora aestuarii;Diversispora varaderana	Diversispora	no call			matched	Diversispora aestuarii;Diversispora varaderana	Diversispora	species group	Diversispora aestuarii;Diversispora varaderana	Diversispora	contains		
PX214994.1	Diversispora aestuarii | 4485_952D	Diversispora aestuarii	Diversispora	main		named, species elsewhere	1	matched	Diversispora aestuarii;Diversispora varaderana	Diversispora	unmatched			matched	Diversispora aestuarii;Diversispora varaderana	Diversispora	species group	Diversispora aestuarii;Diversispora varaderana	Diversispora	contains		SH
PX214995.1	Diversispora aestuarii | 4403_745C	Diversispora aestuarii	Diversispora	main		named, species elsewhere	1	matched	Diversispora aestuarii;Diversispora varaderana	Diversispora	no call			matched	Diversispora aestuarii;Diversispora varaderana	Diversispora	species group	Diversispora aestuarii;Diversispora varaderana	Diversispora	contains		
PX214996.1	Diversispora aestuarii | 4403_745C	Diversispora aestuarii	Diversispora	main		named, species elsewhere	1	matched	Diversispora aestuarii;Diversispora varaderana	Diversispora	no call			matched	Diversispora aestuarii;Diversispora varaderana	Diversispora	species group	Diversispora aestuarii;Diversispora varaderana	Diversispora	contains		
PX214997.1	Diversispora aestuarii | 4403_745C	Diversispora aestuarii	Diversispora	main		named, species elsewhere	1	matched	Diversispora aestuarii;Diversispora varaderana	Diversispora	no call			matched	Diversispora aestuarii;Diversispora varaderana	Diversispora	species group	Diversispora aestuarii;Diversispora varaderana	Diversispora	contains		
PX214998.1	Diversispora aestuarii | 4485_952D	Diversispora aestuarii	Diversispora	main		named, species elsewhere	1	matched	Diversispora aestuarii;Diversispora varaderana	Diversispora	unmatched			matched	Diversispora aestuarii;Diversispora varaderana	Diversispora	species group	Diversispora aestuarii;Diversispora varaderana	Diversispora	contains		SH
PX214999.1	Diversispora aestuarii | 4485_952D	Diversispora aestuarii	Diversispora	main		named, species elsewhere	1	matched	Diversispora aestuarii;Diversispora varaderana	Diversispora	unmatched			matched	Diversispora aestuarii;Diversispora varaderana	Diversispora	species group	Diversispora aestuarii;Diversispora varaderana	Diversispora	contains		SH
PX215000.1	Diversispora aestuarii | 4485_952D	Diversispora aestuarii	Diversispora	main		named, species elsewhere	1	matched	Diversispora aestuarii;Diversispora varaderana	Diversispora	unmatched			matched	Diversispora aestuarii;Diversispora varaderana	Diversispora	species group	Diversispora aestuarii;Diversispora varaderana	Diversispora	contains		SH
PX215001.1	Diversispora aestuarii | 4403_745C	Diversispora aestuarii	Diversispora	main		named, species elsewhere	1	matched	Diversispora aestuarii;Diversispora varaderana	Diversispora	no call			matched	Diversispora aestuarii;Diversispora varaderana	Diversispora	species group	Diversispora aestuarii;Diversispora varaderana	Diversispora	contains		
PX215002.1	Diversispora aestuarii | 4403_745C	Diversispora aestuarii	Diversispora	main		named, species elsewhere	1	matched	Diversispora aestuarii;Diversispora varaderana	Diversispora	no call			matched	Diversispora aestuarii;Diversispora varaderana	Diversispora	species group	Diversispora aestuarii;Diversispora varaderana	Diversispora	contains		
PX215003.1	Diversispora aestuarii | 4485_952D	Diversispora aestuarii	Diversispora	main		named, species elsewhere	1	matched	Diversispora aestuarii;Diversispora varaderana	Diversispora	no call			matched	Diversispora aestuarii;Diversispora varaderana	Diversispora	species group	Diversispora aestuarii;Diversispora varaderana	Diversispora	contains		
PX215004.1	Diversispora aestuarii | 4485_952D	Diversispora aestuarii	Diversispora	main		named, species elsewhere	1	matched	Diversispora aestuarii;Diversispora varaderana	Diversispora	no call			matched	Diversispora aestuarii;Diversispora varaderana	Diversispora	species group	Diversispora aestuarii;Diversispora varaderana	Diversispora	contains		
PX215005.1	Diversispora aestuarii | 4485_952D	Diversispora aestuarii	Diversispora	main		named, species elsewhere	1	matched	Diversispora aestuarii;Diversispora arenaria;Diversispora jakucsiae;Diversispora spurca;Diversispora varaderana	Diversispora	no call			matched	Diversispora aestuarii;Diversispora varaderana	Diversispora	species group	Diversispora aestuarii;Diversispora varaderana	Diversispora	contains		
PX215006.1	Diversispora spurca | Algerie_2_1072C	Diversispora spurca	Diversispora	main		named, species elsewhere	2	matched	Diversispora arenaria;Diversispora epigaea;Diversispora jakucsiae;Diversispora spurca	Diversispora	no call			no call			species group	Diversispora arenaria;Diversispora epigaea;Diversispora jakucsiae;Diversispora spurca	Diversispora	contains		
PX215007.1	Diversispora spurca | Algerie_2_1072C	Diversispora spurca	Diversispora	main		named, species elsewhere	2	matched	Diversispora arenaria;Diversispora epigaea;Diversispora jakucsiae;Diversispora spurca	Diversispora	no call			no call			species group	Diversispora arenaria;Diversispora epigaea;Diversispora jakucsiae;Diversispora spurca	Diversispora	contains		
PX215008.1	Diversispora spurca | Algerie_2_1072C	Diversispora spurca	Diversispora	main		named, species elsewhere	2	matched	Diversispora arenaria;Diversispora epigaea;Diversispora jakucsiae;Diversispora spurca	Diversispora	no call			no call			species group	Diversispora arenaria;Diversispora epigaea;Diversispora jakucsiae;Diversispora spurca	Diversispora	contains		
PX215009.1	Diversispora spurca | W246_28_9A	Diversispora spurca	Diversispora	main		named, species elsewhere	2	matched	Diversispora arenaria;Diversispora epigaea;Diversispora jakucsiae;Diversispora spurca	Diversispora	no call			no call			species group	Diversispora arenaria;Diversispora epigaea;Diversispora jakucsiae;Diversispora spurca	Diversispora	contains		
PX215010.1	Diversispora spurca | W246_28_9A	Diversispora spurca	Diversispora	main		named, species elsewhere	2	matched	Diversispora arenaria;Diversispora epigaea;Diversispora jakucsiae;Diversispora spurca	Diversispora	matched	Diversispora spurca	Diversispora	no call			species	Diversispora spurca	Diversispora	yes		
PX215011.1	Diversispora spurca | W246_28_9A	Diversispora spurca	Diversispora	main		named, species elsewhere	2	matched	Diversispora arenaria;Diversispora epigaea;Diversispora jakucsiae;Diversispora spurca	Diversispora	matched	Diversispora spurca	Diversispora	no call			species	Diversispora spurca	Diversispora	yes		
PX215012.1	Diversispora spurca | W246_28_9A	Diversispora spurca	Diversispora	main		named, species elsewhere	2	matched	Diversispora arenaria;Diversispora epigaea;Diversispora jakucsiae;Diversispora spurca	Diversispora	matched	Diversispora spurca	Diversispora	no call			species	Diversispora spurca	Diversispora	yes		
PX215013.1	Acaulospora morrowiae | CR315B_2019A	Acaulospora morrowiae	Acaulospora	main		named, species elsewhere	1	matched	Acaulospora morrowiae	Acaulospora	no call			matched	Acaulospora morrowiae	Acaulospora	species	Acaulospora morrowiae	Acaulospora	yes		
PX215014.1	Acaulospora morrowiae | CR315B_2019A	Acaulospora morrowiae	Acaulospora	main		named, species elsewhere	1	matched	Acaulospora morrowiae	Acaulospora	unmatched			matched	Acaulospora morrowiae	Acaulospora	species	Acaulospora morrowiae	Acaulospora	yes		SH
PX215015.1	Acaulospora morrowiae | CR315B_2019A	Acaulospora morrowiae	Acaulospora	main		named, species elsewhere	1	matched	Acaulospora morrowiae	Acaulospora	no call			matched	Acaulospora morrowiae	Acaulospora	species	Acaulospora morrowiae	Acaulospora	yes		
PX215016.1	Acaulospora morrowiae | BF_TM_1197A	Acaulospora morrowiae	Acaulospora	main		named, species elsewhere	1	matched	Acaulospora morrowiae	Acaulospora	no call			matched	Acaulospora morrowiae	Acaulospora	species	Acaulospora morrowiae	Acaulospora	yes		
PX215017.1	Acaulospora morrowiae | BF_TM_1197A	Acaulospora morrowiae	Acaulospora	main		named, species elsewhere	1	matched	Acaulospora morrowiae	Acaulospora	no call			matched	Acaulospora morrowiae	Acaulospora	species	Acaulospora morrowiae	Acaulospora	yes		
PX215018.1	Acaulospora morrowiae | BF_TM_1197A	Acaulospora morrowiae	Acaulospora	main		named, species elsewhere	1	matched	Acaulospora morrowiae	Acaulospora	unmatched			matched	Acaulospora morrowiae	Acaulospora	species	Acaulospora morrowiae	Acaulospora	yes		SH
PX215019.1	Acaulospora morrowiae | BF_TM_1197A	Acaulospora morrowiae	Acaulospora	main		named, species elsewhere	1	matched	Acaulospora morrowiae	Acaulospora	unmatched			matched	Acaulospora morrowiae	Acaulospora	species	Acaulospora morrowiae	Acaulospora	yes		SH
PX215020.1	Acaulospora morrowiae | BF_TM_1197A	Acaulospora morrowiae	Acaulospora	main		named, species elsewhere	1	matched	Acaulospora morrowiae	Acaulospora	unmatched			matched	Acaulospora morrowiae	Acaulospora	species	Acaulospora morrowiae	Acaulospora	yes		SH
PX215021.1	Acaulospora morrowiae | BF_TM_1197A	Acaulospora morrowiae	Acaulospora	main		named, species elsewhere	1	matched	Acaulospora morrowiae	Acaulospora	unmatched			matched	Acaulospora morrowiae	Acaulospora	species	Acaulospora morrowiae	Acaulospora	yes		SH
PX215022.1	Acaulospora morrowiae | BF_TM_1197A	Acaulospora morrowiae	Acaulospora	main		named, species elsewhere	1	matched	Acaulospora morrowiae	Acaulospora	no call			matched	Acaulospora morrowiae	Acaulospora	species	Acaulospora morrowiae	Acaulospora	yes		
PX215023.1	Cetraspora gilmorei | 4430_2047A	Cetraspora gilmorei	Cetraspora	main		named, species elsewhere	8	matched	Cetraspora gilmorei	Cetraspora	matched	Cetraspora gilmorei	Cetraspora	matched	Cetraspora gilmorei	Cetraspora	species	Cetraspora gilmorei	Cetraspora	yes		
PX215024.1	Cetraspora gilmorei | 4430_2047A	Cetraspora gilmorei	Cetraspora	main		named, species elsewhere	8	matched	Cetraspora gilmorei	Cetraspora	matched	Cetraspora gilmorei	Cetraspora	matched	Cetraspora gilmorei	Cetraspora	species	Cetraspora gilmorei	Cetraspora	yes		
PX215025.1	Cetraspora gilmorei | 4430_2047A	Cetraspora gilmorei	Cetraspora	main		named, species elsewhere	8	matched	Cetraspora gilmorei	Cetraspora	matched	Cetraspora gilmorei	Cetraspora	matched	Cetraspora gilmorei	Cetraspora	species	Cetraspora gilmorei	Cetraspora	yes		
PX215026.1	Cetraspora gilmorei | 4397_453A	Cetraspora gilmorei	Cetraspora	main		named, species elsewhere	8	matched	Cetraspora gilmorei	Cetraspora	matched	Cetraspora gilmorei	Cetraspora	matched	Cetraspora gilmorei	Cetraspora	species	Cetraspora gilmorei	Cetraspora	yes		
PX215027.1	Cetraspora gilmorei | 4414_1105C	Cetraspora gilmorei	Cetraspora	main		named, species elsewhere	8	matched	Cetraspora gilmorei	Cetraspora	matched	Cetraspora gilmorei	Cetraspora	matched	Cetraspora gilmorei	Cetraspora	species	Cetraspora gilmorei	Cetraspora	yes		
PX215028.1	Cetraspora gilmorei | 4385	Cetraspora gilmorei	Cetraspora	main		named, species elsewhere	8	matched	Cetraspora gilmorei	Cetraspora	matched	Cetraspora gilmorei	Cetraspora	matched	Cetraspora gilmorei	Cetraspora	species	Cetraspora gilmorei	Cetraspora	yes		
PX215029.1	Cetraspora gilmorei | 4398_831C	Cetraspora gilmorei	Cetraspora	main		named, species elsewhere	8	matched	Cetraspora gilmorei	Cetraspora	matched	Cetraspora gilmorei	Cetraspora	matched	Cetraspora gilmorei	Cetraspora	species	Cetraspora gilmorei	Cetraspora	yes		
PX215030.1	Cetraspora gilmorei | 4419_860D	Cetraspora gilmorei	Cetraspora	main		named, species elsewhere	8	matched	Cetraspora gilmorei	Cetraspora	matched	Cetraspora gilmorei	Cetraspora	matched	Cetraspora gilmorei	Cetraspora	species	Cetraspora gilmorei	Cetraspora	yes		
PX215031.1	Cetraspora gilmorei | 4414_1105C	Cetraspora gilmorei	Cetraspora	main		named, species elsewhere	8	matched	Cetraspora gilmorei	Cetraspora	matched	Cetraspora gilmorei	Cetraspora	matched	Cetraspora gilmorei	Cetraspora	species	Cetraspora gilmorei	Cetraspora	yes		
PX215032.1	Cetraspora gilmorei | 4385	Cetraspora gilmorei	Cetraspora	main		named, species elsewhere	8	matched	Cetraspora gilmorei	Cetraspora	matched	Cetraspora gilmorei	Cetraspora	matched	Cetraspora gilmorei	Cetraspora	species	Cetraspora gilmorei	Cetraspora	yes		
PX215033.1	Cetraspora gilmorei | 4419_860D	Cetraspora gilmorei	Cetraspora	main		named, species elsewhere	8	matched	Cetraspora gilmorei	Cetraspora	matched	Cetraspora gilmorei	Cetraspora	matched	Cetraspora gilmorei	Cetraspora	species	Cetraspora gilmorei	Cetraspora	yes		
PX215034.1	Cetraspora gilmorei | 4414_1105C	Cetraspora gilmorei	Cetraspora	main		named, species elsewhere	8	matched	Cetraspora gilmorei	Cetraspora	matched	Cetraspora gilmorei	Cetraspora	matched	Cetraspora gilmorei	Cetraspora	species	Cetraspora gilmorei	Cetraspora	yes		
PX215035.1	Cetraspora gilmorei | 4398_831C	Cetraspora gilmorei	Cetraspora	main		named, species elsewhere	8	matched	Cetraspora gilmorei	Cetraspora	matched	Cetraspora gilmorei	Cetraspora	matched	Cetraspora gilmorei	Cetraspora	species	Cetraspora gilmorei	Cetraspora	yes		
PX215036.1	Cetraspora gilmorei | 4414_1105C	Cetraspora gilmorei	Cetraspora	main		named, species elsewhere	8	matched	Cetraspora gilmorei	Cetraspora	matched	Cetraspora gilmorei	Cetraspora	matched	Cetraspora gilmorei	Cetraspora	species	Cetraspora gilmorei	Cetraspora	yes		
PX215037.1	Cetraspora gilmorei | 4385	Cetraspora gilmorei	Cetraspora	main		named, species elsewhere	8	matched	Cetraspora gilmorei	Cetraspora	matched	Cetraspora gilmorei	Cetraspora	matched	Cetraspora gilmorei	Cetraspora	species	Cetraspora gilmorei	Cetraspora	yes		
PX215038.1	Cetraspora gilmorei | 4398_831C	Cetraspora gilmorei	Cetraspora	main		named, species elsewhere	8	matched	Cetraspora gilmorei	Cetraspora	matched	Cetraspora gilmorei	Cetraspora	matched	Cetraspora gilmorei	Cetraspora	species	Cetraspora gilmorei	Cetraspora	yes		
PX215039.1	Cetraspora gilmorei | 4419_860D	Cetraspora gilmorei	Cetraspora	main		named, species elsewhere	8	matched	Cetraspora gilmorei	Cetraspora	matched	Cetraspora gilmorei	Cetraspora	matched	Cetraspora gilmorei	Cetraspora	species	Cetraspora gilmorei	Cetraspora	yes		
PX215040.1	Cetraspora gilmorei | 4414_1105C	Cetraspora gilmorei	Cetraspora	main		named, species elsewhere	8	matched	Cetraspora gilmorei	Cetraspora	no call			matched	Cetraspora gilmorei	Cetraspora	species	Cetraspora gilmorei	Cetraspora	yes		
PX215041.1	Cetraspora gilmorei | 4385	Cetraspora gilmorei	Cetraspora	main		named, species elsewhere	8	matched	Cetraspora gilmorei	Cetraspora	no call			matched	Cetraspora gilmorei	Cetraspora	species	Cetraspora gilmorei	Cetraspora	yes		
PX215042.1	Cetraspora gilmorei | 4398_831C	Cetraspora gilmorei	Cetraspora	main		named, species elsewhere	8	matched	Cetraspora gilmorei	Cetraspora	no call			matched	Cetraspora gilmorei	Cetraspora	species	Cetraspora gilmorei	Cetraspora	yes		
PX215043.1	Cetraspora gilmorei | 4419_860D	Cetraspora gilmorei	Cetraspora	main		named, species elsewhere	8	matched	Cetraspora gilmorei	Cetraspora	no call			matched	Cetraspora gilmorei	Cetraspora	species	Cetraspora gilmorei	Cetraspora	yes		
PX215044.1	Cetraspora gilmorei | 4414_1105C	Cetraspora gilmorei	Cetraspora	main		named, species elsewhere	8	matched	Cetraspora gilmorei	Cetraspora	no call			matched	Cetraspora gilmorei	Cetraspora	species	Cetraspora gilmorei	Cetraspora	yes		
PX215045.1	Cetraspora gilmorei | 4414_1105C	Cetraspora gilmorei	Cetraspora	main		named, species elsewhere	8	matched	Cetraspora gilmorei	Cetraspora	no call			matched	Cetraspora gilmorei	Cetraspora	species	Cetraspora gilmorei	Cetraspora	yes		
PX215046.1	Cetraspora gilmorei | 4385	Cetraspora gilmorei	Cetraspora	main		named, species elsewhere	8	matched	Cetraspora gilmorei	Cetraspora	no call			matched	Cetraspora gilmorei	Cetraspora	species	Cetraspora gilmorei	Cetraspora	yes		
PX215047.1	Cetraspora gilmorei | 4398_831C	Cetraspora gilmorei	Cetraspora	main		named, species elsewhere	8	matched	Cetraspora gilmorei	Cetraspora	no call			matched	Cetraspora gilmorei	Cetraspora	species	Cetraspora gilmorei	Cetraspora	yes		
PX215048.1	Cetraspora gilmorei | 4419_860D	Cetraspora gilmorei	Cetraspora	main		named, species elsewhere	8	matched	Cetraspora gilmorei	Cetraspora	no call			matched	Cetraspora gilmorei	Cetraspora	species	Cetraspora gilmorei	Cetraspora	yes		
PX215049.1	Cetraspora gilmorei | 4430_2047A	Cetraspora gilmorei	Cetraspora	main		named, species elsewhere	8	matched	Cetraspora gilmorei	Cetraspora	no call			matched	Cetraspora gilmorei	Cetraspora	species	Cetraspora gilmorei	Cetraspora	yes		
PX215050.1	Cetraspora gilmorei | 4430_2047A	Cetraspora gilmorei	Cetraspora	main		named, species elsewhere	8	matched	Cetraspora gilmorei	Cetraspora	no call			matched	Cetraspora gilmorei	Cetraspora	species	Cetraspora gilmorei	Cetraspora	yes		
PX215051.1	Cetraspora gilmorei | 4436_787A	Cetraspora gilmorei	Cetraspora	main		named, species elsewhere	8	matched	Cetraspora gilmorei	Cetraspora	matched	Cetraspora gilmorei	Cetraspora	matched	Cetraspora gilmorei	Cetraspora	species	Cetraspora gilmorei	Cetraspora	yes		
PX215052.1	Cetraspora gilmorei | 4436_787A	Cetraspora gilmorei	Cetraspora	main		named, species elsewhere	8	matched	Cetraspora gilmorei	Cetraspora	no call			matched	Cetraspora gilmorei	Cetraspora	species	Cetraspora gilmorei	Cetraspora	yes		
PX215053.1	Cetraspora gilmorei | 4436_787A	Cetraspora gilmorei	Cetraspora	main		named, species elsewhere	8	matched	Cetraspora gilmorei	Cetraspora	matched	Cetraspora gilmorei	Cetraspora	matched	Cetraspora gilmorei	Cetraspora	species	Cetraspora gilmorei	Cetraspora	yes		
PX215054.1	Cetraspora gilmorei | CW0008_4007A	Cetraspora gilmorei	Cetraspora	main		named, species elsewhere	8	matched	Cetraspora gilmorei	Cetraspora	matched	Cetraspora gilmorei	Cetraspora	matched	Cetraspora gilmorei	Cetraspora	species	Cetraspora gilmorei	Cetraspora	yes		
PX215055.1	Cetraspora gilmorei | 4436_787A	Cetraspora gilmorei	Cetraspora	main		named, species elsewhere	8	matched	Cetraspora gilmorei	Cetraspora	matched	Cetraspora gilmorei	Cetraspora	matched	Cetraspora gilmorei	Cetraspora	species	Cetraspora gilmorei	Cetraspora	yes		
PX215056.1	Cetraspora gilmorei | CW0008_4007A	Cetraspora gilmorei	Cetraspora	main		named, species elsewhere	8	matched	Cetraspora gilmorei	Cetraspora	matched	Cetraspora gilmorei	Cetraspora	matched	Cetraspora gilmorei	Cetraspora	species	Cetraspora gilmorei	Cetraspora	yes		
PX215057.1	Cetraspora gilmorei | CW0008_4007A	Cetraspora gilmorei	Cetraspora	main		named, species elsewhere	8	matched	Cetraspora gilmorei	Cetraspora	matched	Cetraspora gilmorei	Cetraspora	matched	Cetraspora gilmorei	Cetraspora	species	Cetraspora gilmorei	Cetraspora	yes		
PX215058.1	Cetraspora gilmorei | CW0008_4007A	Cetraspora gilmorei	Cetraspora	main		named, species elsewhere	8	matched	Cetraspora gilmorei	Cetraspora	matched	Cetraspora gilmorei	Cetraspora	matched	Cetraspora gilmorei	Cetraspora	species	Cetraspora gilmorei	Cetraspora	yes		
PX215059.1	Cetraspora gilmorei | 4397_453A	Cetraspora gilmorei	Cetraspora	main		named, species elsewhere	8	matched	Cetraspora gilmorei	Cetraspora	matched	Cetraspora gilmorei	Cetraspora	matched	Cetraspora gilmorei	Cetraspora	species	Cetraspora gilmorei	Cetraspora	yes		
PX215060.1	Cetraspora gilmorei | 4414_1105C	Cetraspora gilmorei	Cetraspora	main		named, species elsewhere	8	matched	Cetraspora gilmorei	Cetraspora	matched	Cetraspora gilmorei	Cetraspora	matched	Cetraspora gilmorei	Cetraspora	species	Cetraspora gilmorei	Cetraspora	yes		
PX215061.1	Cetraspora gilmorei | 4385	Cetraspora gilmorei	Cetraspora	main		named, species elsewhere	8	matched	Cetraspora gilmorei	Cetraspora	matched	Cetraspora gilmorei	Cetraspora	matched	Cetraspora gilmorei	Cetraspora	species	Cetraspora gilmorei	Cetraspora	yes		
PX215062.1	Cetraspora gilmorei | 4398_831C	Cetraspora gilmorei	Cetraspora	main		named, species elsewhere	8	matched	Cetraspora gilmorei	Cetraspora	matched	Cetraspora gilmorei	Cetraspora	matched	Cetraspora gilmorei	Cetraspora	species	Cetraspora gilmorei	Cetraspora	yes		
PX215063.1	Cetraspora gilmorei | 4419_860D	Cetraspora gilmorei	Cetraspora	main		named, species elsewhere	8	matched	Cetraspora gilmorei	Cetraspora	matched	Cetraspora gilmorei	Cetraspora	matched	Cetraspora gilmorei	Cetraspora	species	Cetraspora gilmorei	Cetraspora	yes		
PX215064.1	Cetraspora gilmorei | 4419_860D	Cetraspora gilmorei	Cetraspora	main		named, species elsewhere	8	matched	Cetraspora gilmorei	Cetraspora	matched	Cetraspora gilmorei	Cetraspora	matched	Cetraspora gilmorei	Cetraspora	species	Cetraspora gilmorei	Cetraspora	yes		
PX215065.1	Cetraspora gilmorei | 4414_1105C	Cetraspora gilmorei	Cetraspora	main		named, species elsewhere	8	matched	Cetraspora gilmorei	Cetraspora	no call			matched	Cetraspora gilmorei	Cetraspora	species	Cetraspora gilmorei	Cetraspora	yes		
PX215066.1	Cetraspora gilmorei | 4385	Cetraspora gilmorei	Cetraspora	main		named, species elsewhere	8	matched	Cetraspora gilmorei	Cetraspora	no call			matched	Cetraspora gilmorei	Cetraspora	species	Cetraspora gilmorei	Cetraspora	yes		
PX215067.1	Cetraspora gilmorei | 4419_860D	Cetraspora gilmorei	Cetraspora	main		named, species elsewhere	8	matched	Cetraspora gilmorei	Cetraspora	no call			matched	Cetraspora gilmorei	Cetraspora	species	Cetraspora gilmorei	Cetraspora	yes		
PX215068.1	Cetraspora gilmorei | 4436_787A	Cetraspora gilmorei	Cetraspora	main		named, species elsewhere	8	matched	Cetraspora gilmorei	Cetraspora	matched	Cetraspora gilmorei	Cetraspora	matched	Cetraspora gilmorei	Cetraspora	species	Cetraspora gilmorei	Cetraspora	yes		
PX215069.1	Cetraspora gilmorei | 4414_1105C	Cetraspora gilmorei	Cetraspora	main		named, species elsewhere	8	matched	Cetraspora gilmorei	Cetraspora	matched	Cetraspora gilmorei	Cetraspora	matched	Cetraspora gilmorei	Cetraspora	species	Cetraspora gilmorei	Cetraspora	yes		
PX215070.1	Cetraspora gilmorei | 4385	Cetraspora gilmorei	Cetraspora	main		named, species elsewhere	8	matched	Cetraspora gilmorei	Cetraspora	matched	Cetraspora gilmorei	Cetraspora	matched	Cetraspora gilmorei	Cetraspora	species	Cetraspora gilmorei	Cetraspora	yes		
PX215071.1	Cetraspora gilmorei | 4398_831C	Cetraspora gilmorei	Cetraspora	main		named, species elsewhere	8	matched	Cetraspora gilmorei	Cetraspora	matched	Cetraspora gilmorei	Cetraspora	matched	Cetraspora gilmorei	Cetraspora	species	Cetraspora gilmorei	Cetraspora	yes		
PX215072.1	Cetraspora gilmorei | 4419_860D	Cetraspora gilmorei	Cetraspora	main		named, species elsewhere	8	matched	Cetraspora gilmorei	Cetraspora	matched	Cetraspora gilmorei	Cetraspora	matched	Cetraspora gilmorei	Cetraspora	species	Cetraspora gilmorei	Cetraspora	yes		
PX215073.1	Dentiscutata heterogama | BEG_35_2003A	Dentiscutata heterogama	Dentiscutata	main		named, species elsewhere	1	matched	Dentiscutata heterogama	Dentiscutata	matched	Dentiscutata heterogama	Dentiscutata	matched	Dentiscutata heterogama	Dentiscutata	species	Dentiscutata heterogama	Dentiscutata	yes		
PX215074.1	Dentiscutata heterogama | BEG_35_2003A	Dentiscutata heterogama	Dentiscutata	main		named, species elsewhere	1	matched	Dentiscutata heterogama	Dentiscutata	matched	Dentiscutata heterogama	Dentiscutata	matched	Dentiscutata heterogama	Dentiscutata	species	Dentiscutata heterogama	Dentiscutata	yes		
PX215075.1	Dentiscutata heterogama | CL157_2013B	Dentiscutata heterogama	Dentiscutata	main		named, species elsewhere	1	matched	Dentiscutata heterogama	Dentiscutata	matched	Dentiscutata heterogama	Dentiscutata	matched	Dentiscutata heterogama	Dentiscutata	species	Dentiscutata heterogama	Dentiscutata	yes		
PX215076.1	Dentiscutata heterogama | CL157_2013B	Dentiscutata heterogama	Dentiscutata	main		named, species elsewhere	1	matched	Dentiscutata heterogama	Dentiscutata	matched	Dentiscutata heterogama	Dentiscutata	matched	Dentiscutata heterogama	Dentiscutata	species	Dentiscutata heterogama	Dentiscutata	yes		
PX215077.1	Dentiscutata heterogama | BEG_35_2003A	Dentiscutata heterogama	Dentiscutata	main		named, species elsewhere	1	matched	Dentiscutata heterogama	Dentiscutata	matched	Dentiscutata heterogama	Dentiscutata	matched	Dentiscutata heterogama	Dentiscutata	species	Dentiscutata heterogama	Dentiscutata	yes		
PX215078.1	Dentiscutata heterogama | CL157_2013B	Dentiscutata heterogama	Dentiscutata	main		named, species elsewhere	1	matched	Dentiscutata heterogama	Dentiscutata	matched	Dentiscutata heterogama	Dentiscutata	matched	Dentiscutata heterogama	Dentiscutata	species	Dentiscutata heterogama	Dentiscutata	yes		
PX215079.1	Gigaspora rosea | BEG9_770A	Gigaspora rosea	Gigaspora	main		named, species elsewhere	8	matched	Gigaspora rosea	Gigaspora	matched	Gigaspora rosea	Gigaspora	no call			species	Gigaspora rosea	Gigaspora	yes		
PX215080.1	Gigaspora rosea | 194757_703A	Gigaspora rosea	Gigaspora	main		named, species elsewhere	8	matched	Gigaspora rosea	Gigaspora	matched	Gigaspora rosea	Gigaspora	no call			species	Gigaspora rosea	Gigaspora	yes		
PX215081.1	Gigaspora rosea | 4511_973A	Gigaspora rosea	Gigaspora	main		named, species elsewhere	8	matched	Gigaspora rosea	Gigaspora	matched	Gigaspora rosea	Gigaspora	no call			species	Gigaspora rosea	Gigaspora	yes		
PX215082.1	Gigaspora rosea | CW0011_4010A	Gigaspora rosea	Gigaspora	main		named, species elsewhere	8	matched	Gigaspora rosea	Gigaspora	matched	Gigaspora rosea	Gigaspora	no call			species	Gigaspora rosea	Gigaspora	yes		
PX215083.1	Gigaspora rosea | 194757_703A	Gigaspora rosea	Gigaspora	main		named, species elsewhere	8	matched	Gigaspora rosea	Gigaspora	matched	Gigaspora rosea	Gigaspora	no call			species	Gigaspora rosea	Gigaspora	yes		
PX215084.1	Gigaspora rosea | BEG9_770A	Gigaspora rosea	Gigaspora	main		named, species elsewhere	8	matched	Gigaspora rosea	Gigaspora	matched	Gigaspora rosea	Gigaspora	no call			species	Gigaspora rosea	Gigaspora	yes		
PX215085.1	Gigaspora rosea | 194757_703A	Gigaspora rosea	Gigaspora	main		named, species elsewhere	8	matched	Gigaspora rosea	Gigaspora	matched	Gigaspora rosea	Gigaspora	no call			species	Gigaspora rosea	Gigaspora	yes		
PX215086.1	Gigaspora rosea | CW0011_4010A	Gigaspora rosea	Gigaspora	main		named, species elsewhere	8	matched	Gigaspora rosea	Gigaspora	matched	Gigaspora rosea	Gigaspora	no call			species	Gigaspora rosea	Gigaspora	yes		
PX215087.1	Gigaspora rosea | 194757_703A	Gigaspora rosea	Gigaspora	main		named, species elsewhere	8	matched	Gigaspora rosea	Gigaspora	matched	Gigaspora rosea	Gigaspora	no call			species	Gigaspora rosea	Gigaspora	yes		
PX215088.1	Gigaspora rosea | 194757_703A	Gigaspora rosea	Gigaspora	main		named, species elsewhere	8	matched	Gigaspora rosea	Gigaspora	matched	Gigaspora rosea	Gigaspora	no call			species	Gigaspora rosea	Gigaspora	yes		
PX215089.1	Gigaspora rosea | CU131_1018C	Gigaspora rosea	Gigaspora	main		named, species elsewhere	8	matched	Gigaspora rosea	Gigaspora	matched	Gigaspora rosea	Gigaspora	no call			species	Gigaspora rosea	Gigaspora	yes		
PX215090.1	Gigaspora rosea | BEG9_770A	Gigaspora rosea	Gigaspora	main		named, species elsewhere	8	matched	Gigaspora rosea	Gigaspora	matched	Gigaspora rosea	Gigaspora	matched	Gigaspora rosea	Gigaspora	species	Gigaspora rosea	Gigaspora	yes		
PX215091.1	Gigaspora rosea | 194757_703A	Gigaspora rosea	Gigaspora	main		named, species elsewhere	8	matched	Gigaspora rosea	Gigaspora	matched	Gigaspora rosea	Gigaspora	matched	Gigaspora rosea	Gigaspora	species	Gigaspora rosea	Gigaspora	yes		
PX215092.1	Gigaspora rosea | 4511_973A	Gigaspora rosea	Gigaspora	main		named, species elsewhere	8	matched	Gigaspora rosea	Gigaspora	matched	Gigaspora rosea	Gigaspora	matched	Gigaspora rosea	Gigaspora	species	Gigaspora rosea	Gigaspora	yes		
PX215093.1	Gigaspora rosea | 194757_703A	Gigaspora rosea	Gigaspora	main		named, species elsewhere	8	matched	Gigaspora rosea	Gigaspora	matched	Gigaspora rosea	Gigaspora	matched	Gigaspora rosea	Gigaspora	species	Gigaspora rosea	Gigaspora	yes		
PX215094.1	Gigaspora rosea | 4511_973A	Gigaspora rosea	Gigaspora	main		named, species elsewhere	8	matched	Gigaspora rosea	Gigaspora	matched	Gigaspora rosea	Gigaspora	matched	Gigaspora rosea	Gigaspora	species	Gigaspora rosea	Gigaspora	yes		
PX215095.1	Gigaspora rosea | CW0011_4010A	Gigaspora rosea	Gigaspora	main		named, species elsewhere	8	matched	Gigaspora rosea	Gigaspora	matched	Gigaspora rosea	Gigaspora	matched	Gigaspora rosea	Gigaspora	species	Gigaspora rosea	Gigaspora	yes		
PX215096.1	Gigaspora rosea | woodslee_203A	Gigaspora rosea	Gigaspora	main		named, species elsewhere	8	matched	Gigaspora rosea	Gigaspora	unmatched			matched	Gigaspora rosea	Gigaspora	species	Gigaspora rosea	Gigaspora	yes		SH
PX215097.1	Gigaspora rosea | woodslee_203A	Gigaspora rosea	Gigaspora	main		named, species elsewhere	8	matched	Gigaspora rosea	Gigaspora	unmatched			matched	Gigaspora rosea	Gigaspora	species	Gigaspora rosea	Gigaspora	yes		SH
PX215098.1	Gigaspora rosea | woodslee_203A	Gigaspora rosea	Gigaspora	main		named, species elsewhere	8	matched	Gigaspora rosea	Gigaspora	unmatched			matched	Gigaspora rosea	Gigaspora	species	Gigaspora rosea	Gigaspora	yes		SH
PX215099.1	Gigaspora rosea | woodslee_203A	Gigaspora rosea	Gigaspora	main		named, species elsewhere	8	matched	Gigaspora rosea	Gigaspora	unmatched			matched	Gigaspora rosea	Gigaspora	species	Gigaspora rosea	Gigaspora	yes		SH
PX215100.1	Gigaspora rosea | woodslee_203A	Gigaspora rosea	Gigaspora	main		named, species elsewhere	8	matched	Gigaspora rosea	Gigaspora	unmatched			matched	Gigaspora rosea	Gigaspora	species	Gigaspora rosea	Gigaspora	yes		SH
PX215101.1	Gigaspora rosea | 4752_496A	Gigaspora rosea	Gigaspora	main		named, species elsewhere	8	matched	Gigaspora rosea	Gigaspora	unmatched			matched	Gigaspora rosea	Gigaspora	species	Gigaspora rosea	Gigaspora	yes		SH
PX215102.1	Gigaspora rosea | 4752_496A	Gigaspora rosea	Gigaspora	main		named, species elsewhere	8	matched	Gigaspora rosea	Gigaspora	unmatched			matched	Gigaspora rosea	Gigaspora	species	Gigaspora rosea	Gigaspora	yes		SH
PX215103.1	Gigaspora rosea | CU131_1018C	Gigaspora rosea	Gigaspora	main		named, species elsewhere	8	matched	Gigaspora rosea	Gigaspora	matched	Gigaspora rosea	Gigaspora	matched	Gigaspora rosea	Gigaspora	species	Gigaspora rosea	Gigaspora	yes		
PX215104.1	Gigaspora rosea | 4752_496A	Gigaspora rosea	Gigaspora	main		named, species elsewhere	8	matched	Gigaspora rosea	Gigaspora	no call			matched	Gigaspora rosea	Gigaspora	species	Gigaspora rosea	Gigaspora	yes		
PX215105.1	Gigaspora rosea | 4752_496A	Gigaspora rosea	Gigaspora	main		named, species elsewhere	8	matched	Gigaspora rosea	Gigaspora	no call			matched	Gigaspora rosea	Gigaspora	species	Gigaspora rosea	Gigaspora	yes		
PX215106.1	Gigaspora rosea | BEG9_770A	Gigaspora rosea	Gigaspora	main		named, species elsewhere	8	matched	Gigaspora rosea	Gigaspora	matched	Gigaspora rosea	Gigaspora	no call			species	Gigaspora rosea	Gigaspora	yes		
PX215107.1	Gigaspora rosea | 4511_973A	Gigaspora rosea	Gigaspora	main		named, species elsewhere	8	matched	Gigaspora rosea	Gigaspora	matched	Gigaspora rosea	Gigaspora	no call			species	Gigaspora rosea	Gigaspora	yes		
PX215108.1	Gigaspora rosea | woodslee_203A	Gigaspora rosea	Gigaspora	main		named, species elsewhere	8	matched	Gigaspora rosea	Gigaspora	unmatched			no call			species	Gigaspora rosea	Gigaspora	yes		SH
PX215109.1	Gigaspora rosea | BEG9_770A	Gigaspora rosea	Gigaspora	main		named, species elsewhere	8	matched	Gigaspora rosea	Gigaspora	matched	Gigaspora rosea	Gigaspora	matched	Gigaspora rosea	Gigaspora	species	Gigaspora rosea	Gigaspora	yes		
PX215110.1	Gigaspora rosea | 194757_703A	Gigaspora rosea	Gigaspora	main		named, species elsewhere	8	matched	Gigaspora rosea	Gigaspora	matched	Gigaspora rosea	Gigaspora	matched	Gigaspora rosea	Gigaspora	species	Gigaspora rosea	Gigaspora	yes		
PX215111.1	Gigaspora rosea | 194757_703A	Gigaspora rosea	Gigaspora	main		named, species elsewhere	8	matched	Gigaspora rosea	Gigaspora	matched	Gigaspora rosea	Gigaspora	matched	Gigaspora rosea	Gigaspora	species	Gigaspora rosea	Gigaspora	yes		
PX215112.1	Gigaspora rosea | 4511_973A	Gigaspora rosea	Gigaspora	main		named, species elsewhere	8	matched	Gigaspora rosea	Gigaspora	matched	Gigaspora rosea	Gigaspora	matched	Gigaspora rosea	Gigaspora	species	Gigaspora rosea	Gigaspora	yes		
PX215113.1	Gigaspora rosea | CW0011_4010A	Gigaspora rosea	Gigaspora	main		named, species elsewhere	8	matched	Gigaspora rosea	Gigaspora	matched	Gigaspora rosea	Gigaspora	matched	Gigaspora rosea	Gigaspora	species	Gigaspora rosea	Gigaspora	yes		
PX215114.1	Gigaspora rosea | CW0011_4010A	Gigaspora rosea	Gigaspora	main		named, species elsewhere	8	matched	Gigaspora rosea	Gigaspora	matched	Gigaspora rosea	Gigaspora	matched	Gigaspora rosea	Gigaspora	species	Gigaspora rosea	Gigaspora	yes		
PX215115.1	Gigaspora rosea | 4752_496A	Gigaspora rosea	Gigaspora	main		named, species elsewhere	8	matched	Gigaspora rosea	Gigaspora	matched	Gigaspora rosea	Gigaspora	no call			species	Gigaspora rosea	Gigaspora	yes		
PX215116.1	Gigaspora rosea | 4752_496A	Gigaspora rosea	Gigaspora	main		named, species elsewhere	8	matched	Gigaspora rosea	Gigaspora	matched	Gigaspora rosea	Gigaspora	no call			species	Gigaspora rosea	Gigaspora	yes		
PX215118.1	Ambispora callosa | JA116_2012B	Ambispora callosa	Ambispora	main		named, species elsewhere	2	matched	Ambispora callosa;Ambispora leptoticha	Ambispora	matched	Ambispora callosa	Ambispora	matched	Ambispora callosa;Ambispora leptoticha	Ambispora	species	Ambispora callosa	Ambispora	yes		
PX215119.1	Ambispora callosa | MAFF520084_2504A	Ambispora callosa	Ambispora	main		named, species elsewhere	2	matched	Ambispora callosa;Ambispora leptoticha	Ambispora	matched	Ambispora callosa	Ambispora	matched	Ambispora callosa;Ambispora leptoticha	Ambispora	species	Ambispora callosa	Ambispora	yes		
PX215120.1	Ambispora callosa | MAFF520084_2504A	Ambispora callosa	Ambispora	main		named, species elsewhere	2	matched	Ambispora callosa;Ambispora leptoticha	Ambispora	matched	Ambispora callosa	Ambispora	matched	Ambispora callosa;Ambispora leptoticha	Ambispora	species	Ambispora callosa	Ambispora	yes		
PX215121.1	Ambispora callosa | MAFF520084_2504A	Ambispora callosa	Ambispora	main		named, species elsewhere	2	matched	Ambispora callosa;Ambispora leptoticha	Ambispora	matched	Ambispora callosa	Ambispora	matched	Ambispora callosa;Ambispora leptoticha	Ambispora	species	Ambispora callosa	Ambispora	yes		
PX215122.1	Ambispora callosa | JA116_2012B	Ambispora callosa	Ambispora	main		named, species elsewhere	2	matched	Ambispora callosa;Ambispora leptoticha	Ambispora	matched	Ambispora callosa	Ambispora	matched	Ambispora callosa;Ambispora leptoticha	Ambispora	species	Ambispora callosa	Ambispora	yes		
PX215123.1	Ambispora callosa | MAFF520084_2504A	Ambispora callosa	Ambispora	main		named, species elsewhere	2	matched	Ambispora callosa;Ambispora leptoticha	Ambispora	matched	Ambispora callosa	Ambispora	matched	Ambispora callosa;Ambispora leptoticha	Ambispora	species	Ambispora callosa	Ambispora	yes		
PX215124.1	Ambispora callosa | MAFF520057_2499A	Ambispora callosa	Ambispora	main		named, species elsewhere	2	matched	Ambispora callosa;Ambispora leptoticha	Ambispora	matched	Ambispora callosa	Ambispora	matched	Ambispora callosa;Ambispora leptoticha	Ambispora	species	Ambispora callosa	Ambispora	yes		
PX215125.1	Ambispora callosa | MAFF520084_2504A	Ambispora callosa	Ambispora	main		named, species elsewhere	2	matched	Ambispora callosa;Ambispora leptoticha	Ambispora	matched	Ambispora callosa	Ambispora	matched	Ambispora callosa;Ambispora leptoticha	Ambispora	species	Ambispora callosa	Ambispora	yes		
PX215126.1	Ambispora callosa | JA116_2012B	Ambispora callosa	Ambispora	main		named, species elsewhere	2	matched	Ambispora callosa;Ambispora leptoticha	Ambispora	matched	Ambispora callosa	Ambispora	matched	Ambispora callosa;Ambispora leptoticha	Ambispora	species	Ambispora callosa	Ambispora	yes		
PX215127.1	Ambispora callosa | MAFF520084_2504A	Ambispora callosa	Ambispora	main		named, species elsewhere	2	matched	Ambispora callosa;Ambispora leptoticha	Ambispora	matched	Ambispora callosa	Ambispora	matched	Ambispora callosa;Ambispora leptoticha	Ambispora	species	Ambispora callosa	Ambispora	yes		
PX215128.1	Ambispora callosa | MAFF520084_2504A	Ambispora callosa	Ambispora	main		named, species elsewhere	2	matched	Ambispora callosa;Ambispora leptoticha	Ambispora	matched	Ambispora callosa	Ambispora	matched	Ambispora callosa;Ambispora leptoticha	Ambispora	species	Ambispora callosa	Ambispora	yes		
PX215129.1	Ambispora callosa | MAFF520084_2504A	Ambispora callosa	Ambispora	main		named, species elsewhere	2	matched	Ambispora callosa;Ambispora leptoticha	Ambispora	matched	Ambispora callosa	Ambispora	matched	Ambispora callosa;Ambispora leptoticha	Ambispora	species	Ambispora callosa	Ambispora	yes		
PX215130.1	Ambispora callosa | JA116_2012B	Ambispora callosa	Ambispora	main		named, species elsewhere	2	matched	Ambispora callosa;Ambispora leptoticha	Ambispora	matched	Ambispora callosa	Ambispora	matched	Ambispora callosa;Ambispora leptoticha	Ambispora	species	Ambispora callosa	Ambispora	yes		
PX215131.1	Ambispora callosa | MAFF520084_2504A	Ambispora callosa	Ambispora	main		named, species elsewhere	2	matched	Ambispora callosa;Ambispora leptoticha	Ambispora	matched	Ambispora callosa	Ambispora	matched	Ambispora callosa;Ambispora leptoticha	Ambispora	species	Ambispora callosa	Ambispora	yes		
PX215132.1	Ambispora callosa | JA116_2012B	Ambispora callosa	Ambispora	main		named, species elsewhere	2	matched	Ambispora callosa;Ambispora leptoticha	Ambispora	matched	Ambispora callosa	Ambispora	matched	Ambispora callosa;Ambispora leptoticha	Ambispora	species	Ambispora callosa	Ambispora	yes		
PX215133.1	Ambispora callosa | MAFF520057_2499A	Ambispora callosa	Ambispora	main		named, species elsewhere	2	matched	Ambispora callosa;Ambispora leptoticha	Ambispora	matched	Ambispora callosa	Ambispora	matched	Ambispora callosa;Ambispora leptoticha	Ambispora	species	Ambispora callosa	Ambispora	yes		
PX215134.1	Ambispora callosa | MAFF520057_2499A	Ambispora callosa	Ambispora	main		named, species elsewhere	2	matched	Ambispora callosa;Ambispora leptoticha	Ambispora	matched	Ambispora callosa	Ambispora	matched	Ambispora callosa;Ambispora leptoticha	Ambispora	species	Ambispora callosa	Ambispora	yes		
PX215135.1	Ambispora callosa | MAFF520057_2499A	Ambispora callosa	Ambispora	main		named, species elsewhere	2	matched	Ambispora callosa;Ambispora leptoticha	Ambispora	matched	Ambispora callosa	Ambispora	matched	Ambispora callosa;Ambispora leptoticha	Ambispora	species	Ambispora callosa	Ambispora	yes		
PX215136.1	Ambispora callosa | JA116_2012B	Ambispora callosa	Ambispora	main		named, species elsewhere	2	matched	Ambispora callosa;Ambispora leptoticha	Ambispora	matched	Ambispora callosa	Ambispora	matched	Ambispora callosa;Ambispora leptoticha	Ambispora	species	Ambispora callosa	Ambispora	yes		
PX215137.1	Ambispora callosa | JA116_2012B	Ambispora callosa	Ambispora	main		named, species elsewhere	2	matched	Ambispora callosa;Ambispora leptoticha	Ambispora	matched	Ambispora callosa	Ambispora	matched	Ambispora callosa;Ambispora leptoticha	Ambispora	species	Ambispora callosa	Ambispora	yes		
PX215138.1	Ambispora leptoticha | MAFF520090_2501A	Ambispora leptoticha	Ambispora	main		named, species elsewhere	1	matched	Ambispora callosa;Ambispora leptoticha	Ambispora	unmatched			matched	Ambispora callosa;Ambispora leptoticha	Ambispora	species group	Ambispora callosa;Ambispora leptoticha	Ambispora	contains		SH
PX215139.1	Ambispora leptoticha | ON205A	Ambispora leptoticha	Ambispora	main		named, species elsewhere	1	matched	Ambispora callosa;Ambispora leptoticha	Ambispora	no call			matched	Ambispora callosa;Ambispora leptoticha	Ambispora	species group	Ambispora callosa;Ambispora leptoticha	Ambispora	contains		
PX215140.1	Ambispora leptoticha | ON205A	Ambispora leptoticha	Ambispora	main		named, species elsewhere	1	matched	Ambispora callosa;Ambispora leptoticha	Ambispora	no call			matched	Ambispora callosa;Ambispora leptoticha	Ambispora	species group	Ambispora callosa;Ambispora leptoticha	Ambispora	contains		
PX215141.1	Ambispora leptoticha | ON205A	Ambispora leptoticha	Ambispora	main		named, species elsewhere	1	matched	Ambispora callosa;Ambispora leptoticha	Ambispora	no call			matched	Ambispora callosa;Ambispora leptoticha	Ambispora	species group	Ambispora callosa;Ambispora leptoticha	Ambispora	contains		
PX215142.1	Paraglomus brasilianum | W960_3_902A	Paraglomus brasilianum	Paraglomus	main		named, species elsewhere	4	matched	Paraglomus brasilianum	Paraglomus	matched	Paraglomus brasilianum	Paraglomus	matched	Paraglomus brasilianum	Paraglomus	species	Paraglomus brasilianum	Paraglomus	yes		
PX215143.1	Paraglomus brasilianum | W960_3_902C	Paraglomus brasilianum	Paraglomus	main		named, species elsewhere	4	matched	Paraglomus brasilianum	Paraglomus	matched	Paraglomus brasilianum	Paraglomus	matched	Paraglomus brasilianum	Paraglomus	species	Paraglomus brasilianum	Paraglomus	yes		
PX215144.1	Paraglomus brasilianum | W260_5_933C	Paraglomus brasilianum	Paraglomus	main		named, species elsewhere	4	matched	Paraglomus brasilianum	Paraglomus	matched	Paraglomus brasilianum	Paraglomus	matched	Paraglomus brasilianum	Paraglomus	species	Paraglomus brasilianum	Paraglomus	yes		
PX215145.1	Paraglomus brasilianum | BR105_2435A	Paraglomus brasilianum	Paraglomus	main		named, species elsewhere	4	matched	Paraglomus brasilianum	Paraglomus	matched	Paraglomus brasilianum	Paraglomus	matched	Paraglomus brasilianum	Paraglomus	species	Paraglomus brasilianum	Paraglomus	yes		
PX215146.1	Paraglomus brasilianum | W260_5_933C	Paraglomus brasilianum	Paraglomus	main		named, species elsewhere	4	matched	Paraglomus brasilianum	Paraglomus	matched	Paraglomus brasilianum	Paraglomus	matched	Paraglomus brasilianum	Paraglomus	species	Paraglomus brasilianum	Paraglomus	yes		
PX215147.1	Paraglomus brasilianum | BR105_2435A	Paraglomus brasilianum	Paraglomus	main		named, species elsewhere	4	matched	Paraglomus brasilianum	Paraglomus	matched	Paraglomus brasilianum	Paraglomus	matched	Paraglomus brasilianum	Paraglomus	species	Paraglomus brasilianum	Paraglomus	yes		
PX215148.1	Paraglomus brasilianum | W260_5_933C	Paraglomus brasilianum	Paraglomus	main		named, species elsewhere	4	matched	Paraglomus brasilianum	Paraglomus	matched	Paraglomus brasilianum	Paraglomus	matched	Paraglomus brasilianum	Paraglomus	species	Paraglomus brasilianum	Paraglomus	yes		
PX215149.1	Paraglomus brasilianum | 5274_2288B	Paraglomus brasilianum	Paraglomus	main		named, species elsewhere	4	matched	Paraglomus brasilianum	Paraglomus	unmatched			matched	Paraglomus brasilianum	Paraglomus	species	Paraglomus brasilianum	Paraglomus	yes		SH
PX215150.1	Paraglomus sp. | 5088_2360A	Paraglomus sp.	Paraglomus	main		unnamed ('sp.')	0	matched	Paraglomus brasilianum	Paraglomus	no call			no call			species	Paraglomus brasilianum	Paraglomus	genus only		
PX215151.1	Paraglomus sp. | 4423_1159D	Paraglomus sp.	Paraglomus	main		unnamed ('sp.')	0	matched	Paraglomus brasilianum	Paraglomus	no call			no call			species	Paraglomus brasilianum	Paraglomus	genus only		
PX215152.1	Paraglomus sp. | 4423_1159D	Paraglomus sp.	Paraglomus	main		unnamed ('sp.')	0	matched	Paraglomus brasilianum	Paraglomus	no call			no call			species	Paraglomus brasilianum	Paraglomus	genus only		
PX215153.1	Paraglomus sp. | 5088_2360A	Paraglomus sp.	Paraglomus	main		unnamed ('sp.')	0	matched	Paraglomus brasilianum	Paraglomus	no call			no call			species	Paraglomus brasilianum	Paraglomus	genus only		
PX215154.1	Paraglomus sp. | 4423_1159D	Paraglomus sp.	Paraglomus	main		unnamed ('sp.')	0	matched	Paraglomus brasilianum	Paraglomus	no call			no call			species	Paraglomus brasilianum	Paraglomus	genus only		
PX215155.1	Paraglomus sp. | 4423_1159D	Paraglomus sp.	Paraglomus	main		unnamed ('sp.')	0	matched	Paraglomus brasilianum	Paraglomus	no call			no call			species	Paraglomus brasilianum	Paraglomus	genus only		
PX215156.1	Paraglomus sp. | 4423_1159D	Paraglomus sp.	Paraglomus	main		unnamed ('sp.')	0	matched	Paraglomus brasilianum	Paraglomus	no call			no call			species	Paraglomus brasilianum	Paraglomus	genus only		
PX215157.1	Paraglomus sp. | 5088_2360A	Paraglomus sp.	Paraglomus	main		unnamed ('sp.')	0	matched	Paraglomus brasilianum	Paraglomus	no call			no call			species	Paraglomus brasilianum	Paraglomus	genus only		
PX215158.1	Paraglomus sp. | 4423_1159D	Paraglomus sp.	Paraglomus	main		unnamed ('sp.')	0	matched	Paraglomus brasilianum	Paraglomus	no call			no call			species	Paraglomus brasilianum	Paraglomus	genus only		
PX215159.1	Paraglomus sp. | 4423_1159D	Paraglomus sp.	Paraglomus	main		unnamed ('sp.')	0	matched	Paraglomus brasilianum	Paraglomus	no call			no call			species	Paraglomus brasilianum	Paraglomus	genus only		
PX215160.1	Paraglomus sp. | 4423_1159D	Paraglomus sp.	Paraglomus	main		unnamed ('sp.')	0	matched	Paraglomus brasilianum	Paraglomus	no call			no call			species	Paraglomus brasilianum	Paraglomus	genus only		
PX215161.1	Paraglomus sp. | 4423_1159D	Paraglomus sp.	Paraglomus	main		unnamed ('sp.')	0	matched	Paraglomus brasilianum	Paraglomus	no call			no call			species	Paraglomus brasilianum	Paraglomus	genus only		
PX215162.1	Paraglomus sp. | BR105_2435A	Paraglomus sp.	Paraglomus	main		unnamed ('sp.')	0	matched	Paraglomus laccatum	Paraglomus	unmatched			matched	Paraglomus laccatum	Paraglomus	species	Paraglomus laccatum	Paraglomus	genus only		SH
PX215163.1	Paraglomus sp. | BR105_2435A	Paraglomus sp.	Paraglomus	main		unnamed ('sp.')	0	matched	Paraglomus laccatum	Paraglomus	no call			matched	Paraglomus laccatum	Paraglomus	species	Paraglomus laccatum	Paraglomus	genus only		
PX215164.1	Paraglomus sp. | BR105_2435A	Paraglomus sp.	Paraglomus	main		unnamed ('sp.')	0	matched	Paraglomus laccatum	Paraglomus	no call			matched	Paraglomus laccatum	Paraglomus	species	Paraglomus laccatum	Paraglomus	genus only		
