accession	culture	organism	copy_class	div_kind	best_hit_call	best_hit_unit	anchor_pident	unit_set	set_size	culture_set	top_units
PX207096.1	Paraglomus laccatum | CW0010_4009B	Paraglomus laccatum	main		assigned	SH1245756.10FU	99.035	SH1245756.10FU	1	SH1245756.10FU	SH1245756.10FU:99.03,SH1245788.10FU:98.46,SH1245810.10FU:97.76,SH1245743.10FU:97.69,SH1245804.10FU:97.49
PX207097.1	Paraglomus laccatum | CW0010_4009B	Paraglomus laccatum	main		assigned	SH1245756.10FU	100.0	SH1245756.10FU	1	SH1245756.10FU	SH1245756.10FU:100.00,SH1245810.10FU:97.36,SH1245788.10FU:97.30,SH1245804.10FU:97.10,SH1245775.10FU:97.10
PX207098.1	Paraglomus laccatum | CW0010_4009B	Paraglomus laccatum	main		assigned	SH1245756.10FU	99.806	SH1245756.10FU	1	SH1245756.10FU	SH1245756.10FU:99.81,SH1245788.10FU:97.88,SH1245810.10FU:97.76,SH1245743.10FU:97.50,SH1245775.10FU:97.48
PX207099.1	Paraglomus laccatum | CW0010_4009B	Paraglomus laccatum	main		assigned	SH1245756.10FU	99.805	SH1245756.10FU	1	SH1245756.10FU	SH1245756.10FU:99.81,SH1245788.10FU:97.87,SH1245743.10FU:97.49,SH1245775.10FU:97.48,SH1245810.10FU:97.36
PX207100.1	Paraglomus laccatum | CW0010_4009B	Paraglomus laccatum	main		assigned	SH1245756.10FU	99.611	SH1245756.10FU	1	SH1245756.10FU	SH1245756.10FU:99.61,SH1245788.10FU:98.06,SH1245743.10FU:97.68,SH1245775.10FU:97.67,SH1245810.10FU:97.56
PX207101.1	Ambispora leptoticha | ON205A	Ambispora leptoticha	main		unassigned				0		SH1196089.10FU:97.42,SH1196112.10FU:97.02,SH1196087.10FU:96.82,SH1196062.10FU:96.81,SH1196107.10FU:96.46
PX207102.1	Ambispora leptoticha | ON205A	Ambispora leptoticha	main		unassigned				0		SH1196089.10FU:97.61,SH1196087.10FU:96.81,SH1196071.10FU:96.81,SH1196062.10FU:96.80,SH1196107.10FU:96.65
PX207103.1	Ambispora leptoticha | ON205A	Ambispora leptoticha	main		unassigned				0		SH1196089.10FU:97.42,SH1196087.10FU:96.82,SH1196112.10FU:96.62,SH1196107.10FU:96.46,SH1196071.10FU:96.43
PX207104.1	Ambispora leptoticha | ON205A	Ambispora leptoticha	main		unassigned				0		SH1196112.10FU:97.80,SH1196087.10FU:97.59,SH1196062.10FU:97.20,SH1196071.10FU:96.80,SH1196065.10FU:96.59
PX207105.1	Ambispora leptoticha | ON205A	Ambispora leptoticha	main		unassigned				0		SH1196112.10FU:97.80,SH1196087.10FU:97.80,SH1196062.10FU:97.41,SH1196071.10FU:97.01,SH1196065.10FU:97.01
PX207106.1	Ambispora leptoticha | ON205A	Ambispora leptoticha	main		unassigned				0		SH1196112.10FU:97.80,SH1196087.10FU:97.80,SH1196062.10FU:97.41,SH1196071.10FU:97.01,SH1196065.10FU:97.01
PX207107.1	Diversispora spurca | CW0006_4005B	Diversispora spurca	main		assigned	SH1203583.10FU	100.0	SH1203583.10FU+SH1203684.10FU	1	SH1203583.10FU+SH1203684.10FU	SH1203583.10FU:100.00,SH1203559.10FU:98.67,SH1203569.10FU:96.06,SH1203684.10FU:95.86,SH1203574.10FU:95.61
PX207108.1	Diversispora spurca | CW0006_4005B	Diversispora spurca	main		assigned	SH1203583.10FU	100.0	SH1203583.10FU+SH1203684.10FU	1	SH1203583.10FU+SH1203684.10FU	SH1203583.10FU:100.00,SH1203559.10FU:98.67,SH1203569.10FU:96.06,SH1203684.10FU:95.86,SH1203574.10FU:95.61
PX207109.1	Diversispora spurca | CW0006_4005B	Diversispora spurca	main		assigned	SH1203583.10FU	99.56	SH1203583.10FU+SH1203684.10FU	1	SH1203583.10FU+SH1203684.10FU	SH1203583.10FU:99.56,SH1203559.10FU:98.24,SH1203684.10FU:96.30,SH1203569.10FU:95.64,SH1203645.10FU:95.22
PX207110.1	Diversispora spurca | CW0006_4005B	Diversispora spurca	main		assigned	SH1203583.10FU	100.0	SH1203583.10FU+SH1203684.10FU	1	SH1203583.10FU+SH1203684.10FU	SH1203583.10FU:100.00,SH1203559.10FU:98.67,SH1203569.10FU:96.06,SH1203684.10FU:95.86,SH1203574.10FU:95.61
PX207111.1	Diversispora spurca | CW0006_4005B	Diversispora spurca	main		assigned	SH1203583.10FU	99.125	SH1203583.10FU+SH1203684.10FU	1	SH1203583.10FU+SH1203684.10FU	SH1203583.10FU:99.12,SH1203559.10FU:97.81,SH1203569.10FU:95.23,SH1203684.10FU:95.03,SH1203574.10FU:94.78
PX207112.1	Diversispora spurca | CW0006_4005B	Diversispora spurca	main		assigned	SH1203583.10FU	100.0	SH1203583.10FU+SH1203684.10FU	1	SH1203583.10FU+SH1203684.10FU	SH1203583.10FU:100.00,SH1203559.10FU:98.67,SH1203569.10FU:96.06,SH1203684.10FU:95.86,SH1203574.10FU:95.61
PX207113.1	Diversispora spurca | CW0006_4005B	Diversispora spurca	main		unassigned				0	SH1203583.10FU+SH1203684.10FU	SH1203684.10FU:96.97,SH1203569.10FU:95.90,SH1203559.10FU:95.87,SH1203574.10FU:95.68,SH1203583.10FU:95.66
PX207114.1	Diversispora spurca | CW0006_4005B	Diversispora spurca	main		assigned	SH1203684.10FU	100.0	SH1203583.10FU+SH1203684.10FU	1	SH1203583.10FU+SH1203684.10FU	SH1203684.10FU:100.00,SH1203569.10FU:98.91,SH1203559.10FU:96.72,SH1203645.10FU:95.66,SH1203574.10FU:95.23
PX207115.1	Diversispora spurca | CW0006_4005B	Diversispora spurca	main		assigned	SH1203684.10FU	100.0	SH1203583.10FU+SH1203684.10FU	1	SH1203583.10FU+SH1203684.10FU	SH1203684.10FU:100.00,SH1203569.10FU:98.47,SH1203559.10FU:96.72,SH1203645.10FU:95.66,SH1203574.10FU:95.23
PX207116.1	Diversispora spurca | CW0006_4005B	Diversispora spurca	main		assigned	SH1203684.10FU	100.0	SH1203583.10FU+SH1203684.10FU	1	SH1203583.10FU+SH1203684.10FU	SH1203684.10FU:100.00,SH1203569.10FU:98.47,SH1203559.10FU:96.72,SH1203645.10FU:95.66,SH1203574.10FU:95.23
PX207117.1	Diversispora spurca | CW0006_4005B	Diversispora spurca	main		assigned	SH1203684.10FU	99.562	SH1203583.10FU+SH1203684.10FU	1	SH1203583.10FU+SH1203684.10FU	SH1203684.10FU:99.56,SH1203569.10FU:98.90,SH1203559.10FU:97.15,SH1203645.10FU:95.65,SH1203574.10FU:95.64
PX207118.1	Cetraspora gilmorei | CW0008_2669B	Cetraspora gilmorei	main		assigned	SH1273387.10FU	100.0	SH1273382.10FU+SH1273387.10FU+SH1273430.10FU	1	SH1273382.10FU+SH1273387.10FU+SH1273430.10FU	SH1273387.10FU:100.00,SH1273444.10FU:98.56,SH1273441.10FU:96.18,SH1273382.10FU:95.94,SH1273430.10FU:95.92
PX207119.1	Cetraspora gilmorei | CW0008_2669B	Cetraspora gilmorei	main		assigned	SH1273387.10FU	100.0	SH1273382.10FU+SH1273387.10FU+SH1273430.10FU	1	SH1273382.10FU+SH1273387.10FU+SH1273430.10FU	SH1273387.10FU:100.00,SH1273444.10FU:98.56,SH1273441.10FU:96.18,SH1273382.10FU:95.94,SH1273430.10FU:95.92
PX207120.1	Cetraspora gilmorei | CW0008_2669B	Cetraspora gilmorei	main		assigned	SH1273387.10FU	99.281	SH1273382.10FU+SH1273387.10FU+SH1273430.10FU	1	SH1273382.10FU+SH1273387.10FU+SH1273430.10FU	SH1273387.10FU:99.28,SH1273444.10FU:98.56,SH1273441.10FU:96.19,SH1273382.10FU:95.95,SH1273430.10FU:95.93
PX207121.1	Cetraspora gilmorei | CW0008_2669B	Cetraspora gilmorei	main		assigned	SH1273387.10FU	99.281	SH1273382.10FU+SH1273387.10FU+SH1273430.10FU	1	SH1273382.10FU+SH1273387.10FU+SH1273430.10FU	SH1273387.10FU:99.28,SH1273444.10FU:98.56,SH1273441.10FU:96.19,SH1273382.10FU:95.95,SH1273430.10FU:95.93
PX207122.1	Cetraspora gilmorei | CW0008_2669B	Cetraspora gilmorei	main		assigned	SH1273387.10FU	98.807	SH1273382.10FU+SH1273387.10FU+SH1273430.10FU	1	SH1273382.10FU+SH1273387.10FU+SH1273430.10FU	SH1273387.10FU:98.81,SH1273444.10FU:97.14,SH1273441.10FU:96.18,SH1273430.10FU:95.44,SH1273382.10FU:94.30
PX207123.1	Cetraspora gilmorei | CW0008_2669B	Cetraspora gilmorei	main		assigned	SH1273387.10FU	100.0	SH1273382.10FU+SH1273387.10FU+SH1273430.10FU	1	SH1273382.10FU+SH1273387.10FU+SH1273430.10FU	SH1273387.10FU:100.00,SH1273444.10FU:97.62,SH1273441.10FU:97.14,SH1273430.10FU:96.39,SH1273382.10FU:95.25
PX207124.1	Cetraspora gilmorei | CW0008_2669B	Cetraspora gilmorei	main		assigned	SH1273387.10FU	99.284	SH1273382.10FU+SH1273387.10FU+SH1273430.10FU	1	SH1273382.10FU+SH1273387.10FU+SH1273430.10FU	SH1273387.10FU:99.28,SH1273444.10FU:97.38,SH1273441.10FU:96.90,SH1273430.10FU:96.15,SH1273382.10FU:95.01
PX207125.1	Cetraspora gilmorei | CW0008_2669B	Cetraspora gilmorei	main		assigned	SH1273387.10FU	100.0	SH1273382.10FU+SH1273387.10FU+SH1273430.10FU	1	SH1273382.10FU+SH1273387.10FU+SH1273430.10FU	SH1273387.10FU:100.00,SH1273444.10FU:97.38,SH1273441.10FU:96.90,SH1273430.10FU:96.15,SH1273382.10FU:95.01
PX207126.1	Cetraspora gilmorei | CW0008_2669B	Cetraspora gilmorei	main		assigned	SH1273387.10FU	100.0	SH1273382.10FU+SH1273387.10FU+SH1273430.10FU	1	SH1273382.10FU+SH1273387.10FU+SH1273430.10FU	SH1273387.10FU:100.00,SH1273444.10FU:97.38,SH1273441.10FU:96.90,SH1273430.10FU:96.15,SH1273382.10FU:95.01
PX207127.1	Cetraspora gilmorei | CW0008_2669B	Cetraspora gilmorei	main		assigned	SH1273387.10FU	100.0	SH1273382.10FU+SH1273387.10FU+SH1273430.10FU	1	SH1273382.10FU+SH1273387.10FU+SH1273430.10FU	SH1273387.10FU:100.00,SH1273444.10FU:97.38,SH1273441.10FU:96.90,SH1273430.10FU:96.15,SH1273382.10FU:95.01
PX207128.1	Gigaspora rosea | 4292_708F	Gigaspora rosea	main		assigned	SH1076709.10FU	100.0	SH1076709.10FU	1	SH1076709.10FU	SH1076709.10FU:100.00,SH1076693.10FU:94.42,SH1076847.10FU:94.10,SH1076697.10FU:94.09,SH1076655.10FU:93.28
PX207129.1	Gigaspora rosea | 4292_708F	Gigaspora rosea	main		assigned	SH1076709.10FU	100.0	SH1076709.10FU	1	SH1076709.10FU	SH1076709.10FU:100.00,SH1076693.10FU:94.42,SH1076847.10FU:94.10,SH1076697.10FU:94.09,SH1076655.10FU:93.28
PX207130.1	Gigaspora rosea | 4292_708F	Gigaspora rosea	main		assigned	SH1076709.10FU	100.0	SH1076709.10FU	1	SH1076709.10FU	SH1076709.10FU:100.00,SH1076693.10FU:94.42,SH1076847.10FU:94.10,SH1076697.10FU:94.09,SH1076655.10FU:93.28
PX207131.1	Gigaspora rosea | 4292_708F	Gigaspora rosea	main		assigned	SH1076709.10FU	100.0	SH1076709.10FU	1	SH1076709.10FU	SH1076709.10FU:100.00,SH1076693.10FU:94.42,SH1076847.10FU:94.10,SH1076697.10FU:94.09,SH1076655.10FU:93.28
PX207132.1	Gigaspora rosea | 4292_708F	Gigaspora rosea	main		assigned	SH1076709.10FU	100.0	SH1076709.10FU	1	SH1076709.10FU	SH1076709.10FU:100.00,SH1076693.10FU:94.42,SH1076847.10FU:94.10,SH1076697.10FU:94.09,SH1076655.10FU:93.28
PX207133.1	Gigaspora rosea | 4292_708F	Gigaspora rosea	main		assigned	SH1076709.10FU	100.0	SH1076709.10FU	1	SH1076709.10FU	SH1076709.10FU:100.00,SH1076693.10FU:94.42,SH1076847.10FU:94.10,SH1076697.10FU:94.09,SH1076655.10FU:93.28
PX207134.1	Gigaspora rosea | 4292_708F	Gigaspora rosea	main		assigned	SH1076709.10FU	100.0	SH1076709.10FU	1	SH1076709.10FU	SH1076709.10FU:100.00,SH1076693.10FU:94.42,SH1076847.10FU:94.10,SH1076697.10FU:94.09,SH1076655.10FU:93.28
PX207135.1	Gigaspora rosea | CU131_1018E	Gigaspora rosea	main		assigned	SH1076806.10FU	99.515	SH1076674.10FU+SH1076770.10FU+SH1076806.10FU+SH1076835.10FU	1	SH1076674.10FU+SH1076770.10FU+SH1076806.10FU+SH1076835.10FU	SH1076806.10FU:99.52,SH1076871.10FU:98.79,SH1076804.10FU:97.57,SH1076862.10FU:97.57,SH1076836.10FU:96.85
PX207136.1	Gigaspora rosea | 4292_708F	Gigaspora rosea	main		unassigned				0	SH1076709.10FU	SH1076677.10FU:97.08,SH1076807.10FU:97.02,SH1076712.10FU:96.61,SH1076726.10FU:96.35,SH1076824.10FU:96.35
PX207137.1	Gigaspora rosea | 4292_708F	Gigaspora rosea	main		unassigned				0	SH1076709.10FU	SH1076677.10FU:97.08,SH1076807.10FU:97.02,SH1076712.10FU:96.61,SH1076726.10FU:96.35,SH1076824.10FU:96.35
PX207138.1	Gigaspora rosea | 4292_708F	Gigaspora rosea	divergent	same_length	assigned	SH1076712.10FU	100.0	SH1076712.10FU	1	SH1076709.10FU	SH1076712.10FU:100.00,SH1076677.10FU:97.07,SH1076797.10FU:96.34,SH1076862.10FU:96.34,SH1076824.10FU:96.34
PX207139.1	Gigaspora rosea | 4292_708F	Gigaspora rosea	divergent	same_length	assigned	SH1076762.10FU	99.754	SH1076762.10FU	1	SH1076709.10FU	SH1076762.10FU:99.75,SH1076677.10FU:97.04,SH1076862.10FU:96.56,SH1076824.10FU:96.56,SH1076726.10FU:96.55
PX207140.1	Gigaspora rosea | 4292_708F	Gigaspora rosea	divergent	same_length	assigned	SH1076762.10FU	99.754	SH1076762.10FU	1	SH1076709.10FU	SH1076762.10FU:99.75,SH1076677.10FU:97.04,SH1076862.10FU:96.56,SH1076824.10FU:96.56,SH1076726.10FU:96.55
PX207141.1	Gigaspora rosea | CU131_1018E	Gigaspora rosea	main		assigned	SH1076674.10FU	99.02	SH1076674.10FU+SH1076770.10FU+SH1076806.10FU+SH1076835.10FU	1	SH1076674.10FU+SH1076770.10FU+SH1076806.10FU+SH1076835.10FU	SH1076674.10FU:99.02,SH1076895.10FU:94.39,SH1076804.10FU:93.92,SH1076683.10FU:93.89,SH1076707.10FU:93.66
PX207142.1	Gigaspora rosea | CU131_1018E	Gigaspora rosea	main		assigned	SH1076835.10FU	99.75	SH1076674.10FU+SH1076770.10FU+SH1076806.10FU+SH1076835.10FU	1	SH1076674.10FU+SH1076770.10FU+SH1076806.10FU+SH1076835.10FU	SH1076835.10FU:99.75,SH1076722.10FU:99.50,SH1076683.10FU:98.50,SH1076818.10FU:98.01,SH1076707.10FU:98.00
PX207143.1	Gigaspora rosea | CU131_1018E	Gigaspora rosea	main		assigned	SH1076770.10FU	99.256	SH1076674.10FU+SH1076770.10FU+SH1076806.10FU+SH1076835.10FU	1	SH1076674.10FU+SH1076770.10FU+SH1076806.10FU+SH1076835.10FU	SH1076770.10FU:99.26,SH1076706.10FU:99.25,SH1076818.10FU:96.77,SH1076683.10FU:96.77,SH1076722.10FU:96.51
PX207144.1	Sclerocystis sinuosa | MT106_2767A	Sclerocystis sinuosa	main		unassigned				0		SH1332122.10FU:97.25,SH1332186.10FU:97.22,SH1332166.10FU:97.02,SH1332207.10FU:96.62,SH1332200.10FU:96.59
PX207145.1	Sclerocystis sinuosa | MT106_2767A	Sclerocystis sinuosa	main		unassigned				0		SH1332122.10FU:97.25,SH1332186.10FU:97.22,SH1332166.10FU:97.02,SH1332207.10FU:96.62,SH1332200.10FU:96.59
PX207146.1	Sclerocystis sinuosa | MT106_2767A	Sclerocystis sinuosa	main		unassigned				0		SH1332122.10FU:97.25,SH1332186.10FU:97.22,SH1332166.10FU:97.02,SH1332207.10FU:96.62,SH1332200.10FU:96.59
PX207147.1	Sclerocystis sinuosa | MT106_2767A	Sclerocystis sinuosa	main		unassigned				0		SH1332122.10FU:97.25,SH1332186.10FU:97.22,SH1332166.10FU:97.02,SH1332207.10FU:96.62,SH1332200.10FU:96.59
PX207148.1	Sclerocystis sinuosa | MT106_2767A	Sclerocystis sinuosa	main		unassigned				0		SH1332122.10FU:97.25,SH1332186.10FU:97.22,SH1332166.10FU:97.02,SH1332207.10FU:96.62,SH1332200.10FU:96.59
PX207149.1	Sclerocystis sinuosa | MT106_2767A	Sclerocystis sinuosa	main		unassigned				0		SH1332122.10FU:97.25,SH1332186.10FU:97.22,SH1332166.10FU:97.02,SH1332207.10FU:96.62,SH1332200.10FU:96.59
PX207150.1	Sclerocystis sinuosa | MT106_2767A	Sclerocystis sinuosa	main		unassigned				0		SH1332122.10FU:97.25,SH1332186.10FU:97.22,SH1332166.10FU:97.02,SH1332207.10FU:96.62,SH1332200.10FU:96.59
PX207151.1	Sclerocystis sinuosa | MT106_2767A	Sclerocystis sinuosa	main		unassigned				0		SH1332122.10FU:97.25,SH1332207.10FU:97.03,SH1332166.10FU:97.02,SH1332069.10FU:96.80,SH1332085.10FU:96.59
PX207152.1	Sclerocystis sinuosa | MT106_2767A	Sclerocystis sinuosa	main		unassigned				0		SH1332122.10FU:97.25,SH1332186.10FU:97.22,SH1332166.10FU:97.02,SH1332207.10FU:96.62,SH1332200.10FU:96.59
PX207153.1	Sclerocystis sinuosa | MT106_2767A	Sclerocystis sinuosa	main		unassigned				0		SH1332122.10FU:97.25,SH1332186.10FU:97.22,SH1332166.10FU:97.02,SH1332207.10FU:96.62,SH1332200.10FU:96.59
PX207154.1	Sclerocystis sinuosa | MT106_2767A	Sclerocystis sinuosa	main		unassigned				0		SH1332122.10FU:97.25,SH1332186.10FU:97.22,SH1332166.10FU:97.02,SH1332207.10FU:96.62,SH1332200.10FU:96.59
PX207155.1	Sclerocystis sinuosa | MT106_2767A	Sclerocystis sinuosa	main		unassigned				0		SH1332122.10FU:97.25,SH1332186.10FU:97.22,SH1332166.10FU:97.02,SH1332207.10FU:96.62,SH1332200.10FU:96.59
PX207156.1	Sclerocystis sinuosa | MT106_2767A	Sclerocystis sinuosa	main		unassigned				0		SH1332122.10FU:97.67,SH1332207.10FU:97.03,SH1332155.10FU:96.98,SH1332069.10FU:96.77,SH1332166.10FU:96.60
PX207157.1	Sclerocystis sinuosa | MT106_2767A	Sclerocystis sinuosa	main		unassigned				0		SH1332122.10FU:97.67,SH1332207.10FU:97.03,SH1332155.10FU:96.98,SH1332069.10FU:96.77,SH1332166.10FU:96.60
PX207158.1	Sclerocystis sinuosa | MT106_2767A	Sclerocystis sinuosa	main		unassigned				0		SH1332207.10FU:97.03,SH1332122.10FU:96.83,SH1332069.10FU:96.80,SH1332137.10FU:96.60,SH1332166.10FU:96.60
PX207159.1	Sclerocystis sinuosa | MT106_2767A	Sclerocystis sinuosa	main		unassigned				0		SH1332207.10FU:97.03,SH1332122.10FU:96.83,SH1332069.10FU:96.80,SH1332137.10FU:96.60,SH1332166.10FU:96.60
PX207160.1	Sclerocystis sinuosa | MT106_2767A	Sclerocystis sinuosa	main		unassigned				0		SH1332122.10FU:97.05,SH1332207.10FU:96.82,SH1332155.10FU:96.80,SH1332069.10FU:96.59,SH1332137.10FU:96.40
PX207161.1	Sclerocystis sinuosa | MT106_2767A	Sclerocystis sinuosa	main		unassigned				0		SH1332122.10FU:97.05,SH1332207.10FU:96.82,SH1332155.10FU:96.80,SH1332069.10FU:96.59,SH1332137.10FU:96.40
PX207162.1	Rhizophagus irregularis | GC-2_IVT11	Rhizophagus irregularis	divergent	short_5.8S	assigned	SH1337353.10FU	100.0	SH1337152.10FU+SH1337164.10FU+SH1337270.10FU+SH1337279.10FU+SH1337353.10FU+SH1337363.10FU+SH1337439.10FU+SH1337593.10FU	1	SH1337152.10FU+SH1337164.10FU+SH1337270.10FU+SH1337279.10FU+SH1337353.10FU+SH1337363.10FU+SH1337439.10FU+SH1337593.10FU	SH1337353.10FU:100.00,SH1337175.10FU:98.72,SH1337539.10FU:98.30,SH1337171.10FU:97.88,SH1337151.10FU:97.67
PX207163.1	Rhizophagus irregularis | GC-2_IVT11	Rhizophagus irregularis	divergent	short_5.8S	assigned	SH1337353.10FU	100.0	SH1337152.10FU+SH1337164.10FU+SH1337270.10FU+SH1337279.10FU+SH1337353.10FU+SH1337363.10FU+SH1337439.10FU+SH1337593.10FU	1	SH1337152.10FU+SH1337164.10FU+SH1337270.10FU+SH1337279.10FU+SH1337353.10FU+SH1337363.10FU+SH1337439.10FU+SH1337593.10FU	SH1337353.10FU:100.00,SH1337175.10FU:98.72,SH1337539.10FU:98.30,SH1337171.10FU:97.88,SH1337151.10FU:97.67
PX207164.1	Rhizophagus irregularis | DAOMC 197198	Rhizophagus irregularis	divergent	short_5.8S	assigned	SH1337353.10FU	100.0	SH1337152.10FU+SH1337164.10FU+SH1337270.10FU+SH1337279.10FU+SH1337353.10FU+SH1337363.10FU+SH1337439.10FU+SH1337593.10FU	1	SH1337152.10FU+SH1337164.10FU+SH1337270.10FU+SH1337279.10FU+SH1337353.10FU+SH1337363.10FU+SH1337439.10FU+SH1337593.10FU	SH1337353.10FU:100.00,SH1337175.10FU:98.72,SH1337539.10FU:98.30,SH1337171.10FU:97.88,SH1337151.10FU:97.67
PX207165.1	Rhizophagus irregularis | DAOMC 197198	Rhizophagus irregularis	divergent	short_5.8S	assigned	SH1337353.10FU	100.0	SH1337152.10FU+SH1337164.10FU+SH1337270.10FU+SH1337279.10FU+SH1337353.10FU+SH1337363.10FU+SH1337439.10FU+SH1337593.10FU	1	SH1337152.10FU+SH1337164.10FU+SH1337270.10FU+SH1337279.10FU+SH1337353.10FU+SH1337363.10FU+SH1337439.10FU+SH1337593.10FU	SH1337353.10FU:100.00,SH1337175.10FU:98.72,SH1337539.10FU:98.30,SH1337171.10FU:97.88,SH1337151.10FU:97.67
PX207166.1	Rhizophagus irregularis | GC-2_IVT11	Rhizophagus irregularis	main		assigned	SH1337270.10FU	100.0	SH1337152.10FU+SH1337164.10FU+SH1337270.10FU+SH1337279.10FU+SH1337353.10FU+SH1337363.10FU+SH1337439.10FU+SH1337593.10FU	1	SH1337152.10FU+SH1337164.10FU+SH1337270.10FU+SH1337279.10FU+SH1337353.10FU+SH1337363.10FU+SH1337439.10FU+SH1337593.10FU	SH1337270.10FU:100.00,SH1337142.10FU:99.14,SH1337627.10FU:97.66,SH1337375.10FU:97.65,SH1337145.10FU:97.63
PX207167.1	Rhizophagus irregularis | GC-2_IVT11	Rhizophagus irregularis	main		assigned	SH1337270.10FU	100.0	SH1337152.10FU+SH1337164.10FU+SH1337270.10FU+SH1337279.10FU+SH1337353.10FU+SH1337363.10FU+SH1337439.10FU+SH1337593.10FU	1	SH1337152.10FU+SH1337164.10FU+SH1337270.10FU+SH1337279.10FU+SH1337353.10FU+SH1337363.10FU+SH1337439.10FU+SH1337593.10FU	SH1337270.10FU:100.00,SH1337142.10FU:99.14,SH1337627.10FU:97.66,SH1337375.10FU:97.65,SH1337145.10FU:97.63
PX207168.1	Rhizophagus irregularis | DAOMC 197198	Rhizophagus irregularis	main		assigned	SH1337270.10FU	100.0	SH1337152.10FU+SH1337164.10FU+SH1337270.10FU+SH1337279.10FU+SH1337353.10FU+SH1337363.10FU+SH1337439.10FU+SH1337593.10FU	1	SH1337152.10FU+SH1337164.10FU+SH1337270.10FU+SH1337279.10FU+SH1337353.10FU+SH1337363.10FU+SH1337439.10FU+SH1337593.10FU	SH1337270.10FU:100.00,SH1337142.10FU:99.14,SH1337627.10FU:97.66,SH1337375.10FU:97.65,SH1337145.10FU:97.63
PX207169.1	Rhizophagus irregularis | DAOMC 197198	Rhizophagus irregularis	main		assigned	SH1337270.10FU	100.0	SH1337152.10FU+SH1337164.10FU+SH1337270.10FU+SH1337279.10FU+SH1337353.10FU+SH1337363.10FU+SH1337439.10FU+SH1337593.10FU	1	SH1337152.10FU+SH1337164.10FU+SH1337270.10FU+SH1337279.10FU+SH1337353.10FU+SH1337363.10FU+SH1337439.10FU+SH1337593.10FU	SH1337270.10FU:100.00,SH1337142.10FU:99.14,SH1337627.10FU:97.66,SH1337375.10FU:97.65,SH1337145.10FU:97.63
PX207170.1	Rhizophagus irregularis | DAOMC 197198	Rhizophagus irregularis	main		assigned	SH1337270.10FU	100.0	SH1337152.10FU+SH1337164.10FU+SH1337270.10FU+SH1337279.10FU+SH1337353.10FU+SH1337363.10FU+SH1337439.10FU+SH1337593.10FU	1	SH1337152.10FU+SH1337164.10FU+SH1337270.10FU+SH1337279.10FU+SH1337353.10FU+SH1337363.10FU+SH1337439.10FU+SH1337593.10FU	SH1337270.10FU:100.00,SH1337142.10FU:99.14,SH1337627.10FU:97.66,SH1337375.10FU:97.65,SH1337145.10FU:97.63
PX207171.1	Rhizophagus irregularis | GC-2_IVT11	Rhizophagus irregularis	main		assigned	SH1337363.10FU	100.0	SH1337152.10FU+SH1337164.10FU+SH1337270.10FU+SH1337279.10FU+SH1337353.10FU+SH1337363.10FU+SH1337439.10FU+SH1337593.10FU	1	SH1337152.10FU+SH1337164.10FU+SH1337270.10FU+SH1337279.10FU+SH1337353.10FU+SH1337363.10FU+SH1337439.10FU+SH1337593.10FU	SH1337363.10FU:100.00,SH1337152.10FU:98.53,SH1337565.10FU:98.00,SH1337243.10FU:97.90,SH1337655.10FU:97.90
PX207172.1	Rhizophagus irregularis | GC-2_IVT11	Rhizophagus irregularis	main		assigned	SH1337363.10FU	100.0	SH1337152.10FU+SH1337164.10FU+SH1337270.10FU+SH1337279.10FU+SH1337353.10FU+SH1337363.10FU+SH1337439.10FU+SH1337593.10FU	1	SH1337152.10FU+SH1337164.10FU+SH1337270.10FU+SH1337279.10FU+SH1337353.10FU+SH1337363.10FU+SH1337439.10FU+SH1337593.10FU	SH1337363.10FU:100.00,SH1337152.10FU:98.53,SH1337565.10FU:98.00,SH1337243.10FU:97.90,SH1337655.10FU:97.90
PX207173.1	Rhizophagus irregularis | DAOMC 197198	Rhizophagus irregularis	main		assigned	SH1337270.10FU	100.0	SH1337152.10FU+SH1337164.10FU+SH1337270.10FU+SH1337279.10FU+SH1337353.10FU+SH1337363.10FU+SH1337439.10FU+SH1337593.10FU	1	SH1337152.10FU+SH1337164.10FU+SH1337270.10FU+SH1337279.10FU+SH1337353.10FU+SH1337363.10FU+SH1337439.10FU+SH1337593.10FU	SH1337270.10FU:100.00,SH1337249.10FU:98.71,SH1337192.10FU:98.28,SH1337184.10FU:98.07,SH1337439.10FU:98.07
PX207174.1	Rhizophagus irregularis | DAOMC 197198	Rhizophagus irregularis	main		assigned	SH1337270.10FU	100.0	SH1337152.10FU+SH1337164.10FU+SH1337270.10FU+SH1337279.10FU+SH1337353.10FU+SH1337363.10FU+SH1337439.10FU+SH1337593.10FU	1	SH1337152.10FU+SH1337164.10FU+SH1337270.10FU+SH1337279.10FU+SH1337353.10FU+SH1337363.10FU+SH1337439.10FU+SH1337593.10FU	SH1337270.10FU:100.00,SH1337510.10FU:98.50,SH1337249.10FU:98.28,SH1337375.10FU:98.07,SH1205321.10FU:98.04
PX207175.1	Rhizophagus irregularis | DAOMC 197198	Rhizophagus irregularis	main		assigned	SH1337270.10FU	100.0	SH1337152.10FU+SH1337164.10FU+SH1337270.10FU+SH1337279.10FU+SH1337353.10FU+SH1337363.10FU+SH1337439.10FU+SH1337593.10FU	1	SH1337152.10FU+SH1337164.10FU+SH1337270.10FU+SH1337279.10FU+SH1337353.10FU+SH1337363.10FU+SH1337439.10FU+SH1337593.10FU	SH1337270.10FU:100.00,SH1337510.10FU:98.50,SH1337249.10FU:98.28,SH1337375.10FU:98.07,SH1205321.10FU:98.04
PX207176.1	Rhizophagus irregularis | DAOMC 197198	Rhizophagus irregularis	main		assigned	SH1337270.10FU	100.0	SH1337152.10FU+SH1337164.10FU+SH1337270.10FU+SH1337279.10FU+SH1337353.10FU+SH1337363.10FU+SH1337439.10FU+SH1337593.10FU	1	SH1337152.10FU+SH1337164.10FU+SH1337270.10FU+SH1337279.10FU+SH1337353.10FU+SH1337363.10FU+SH1337439.10FU+SH1337593.10FU	SH1337270.10FU:100.00,SH1337510.10FU:98.50,SH1337249.10FU:98.28,SH1337375.10FU:98.07,SH1205321.10FU:98.04
PX207177.1	Rhizophagus irregularis | DAOMC 197198	Rhizophagus irregularis	main		assigned	SH1337270.10FU	100.0	SH1337152.10FU+SH1337164.10FU+SH1337270.10FU+SH1337279.10FU+SH1337353.10FU+SH1337363.10FU+SH1337439.10FU+SH1337593.10FU	1	SH1337152.10FU+SH1337164.10FU+SH1337270.10FU+SH1337279.10FU+SH1337353.10FU+SH1337363.10FU+SH1337439.10FU+SH1337593.10FU	SH1337270.10FU:100.00,SH1337510.10FU:98.50,SH1337249.10FU:98.28,SH1337375.10FU:98.07,SH1205321.10FU:98.04
PX207178.1	Rhizophagus irregularis | DAOMC 197198	Rhizophagus irregularis	main		assigned	SH1337270.10FU	100.0	SH1337152.10FU+SH1337164.10FU+SH1337270.10FU+SH1337279.10FU+SH1337353.10FU+SH1337363.10FU+SH1337439.10FU+SH1337593.10FU	1	SH1337152.10FU+SH1337164.10FU+SH1337270.10FU+SH1337279.10FU+SH1337353.10FU+SH1337363.10FU+SH1337439.10FU+SH1337593.10FU	SH1337270.10FU:100.00,SH1337510.10FU:98.50,SH1337249.10FU:98.28,SH1337375.10FU:98.07,SH1205321.10FU:98.04
PX207179.1	Rhizophagus irregularis | DAOMC 197198	Rhizophagus irregularis	main		assigned	SH1337270.10FU	100.0	SH1337152.10FU+SH1337164.10FU+SH1337270.10FU+SH1337279.10FU+SH1337353.10FU+SH1337363.10FU+SH1337439.10FU+SH1337593.10FU	1	SH1337152.10FU+SH1337164.10FU+SH1337270.10FU+SH1337279.10FU+SH1337353.10FU+SH1337363.10FU+SH1337439.10FU+SH1337593.10FU	SH1337270.10FU:100.00,SH1337510.10FU:98.50,SH1337249.10FU:98.28,SH1337375.10FU:98.07,SH1205321.10FU:98.04
PX207180.1	Rhizophagus irregularis | DAOMC 197198	Rhizophagus irregularis	main		assigned	SH1337270.10FU	100.0	SH1337152.10FU+SH1337164.10FU+SH1337270.10FU+SH1337279.10FU+SH1337353.10FU+SH1337363.10FU+SH1337439.10FU+SH1337593.10FU	1	SH1337152.10FU+SH1337164.10FU+SH1337270.10FU+SH1337279.10FU+SH1337353.10FU+SH1337363.10FU+SH1337439.10FU+SH1337593.10FU	SH1337270.10FU:100.00,SH1337510.10FU:98.50,SH1337249.10FU:98.28,SH1337375.10FU:98.07,SH1205321.10FU:98.04
PX207181.1	Rhizophagus irregularis | DAOMC 197198	Rhizophagus irregularis	main		assigned	SH1337270.10FU	100.0	SH1337152.10FU+SH1337164.10FU+SH1337270.10FU+SH1337279.10FU+SH1337353.10FU+SH1337363.10FU+SH1337439.10FU+SH1337593.10FU	1	SH1337152.10FU+SH1337164.10FU+SH1337270.10FU+SH1337279.10FU+SH1337353.10FU+SH1337363.10FU+SH1337439.10FU+SH1337593.10FU	SH1337270.10FU:100.00,SH1337510.10FU:98.50,SH1337249.10FU:98.28,SH1337375.10FU:98.07,SH1205321.10FU:98.04
PX207182.1	Rhizophagus irregularis | GC-2_IVT11	Rhizophagus irregularis	main		assigned	SH1337270.10FU	100.0	SH1337152.10FU+SH1337164.10FU+SH1337270.10FU+SH1337279.10FU+SH1337353.10FU+SH1337363.10FU+SH1337439.10FU+SH1337593.10FU	1	SH1337152.10FU+SH1337164.10FU+SH1337270.10FU+SH1337279.10FU+SH1337353.10FU+SH1337363.10FU+SH1337439.10FU+SH1337593.10FU	SH1337270.10FU:100.00,SH1337510.10FU:98.50,SH1337249.10FU:98.28,SH1337394.10FU:98.28,SH1337375.10FU:98.07
PX207183.1	Rhizophagus irregularis | GC-2_IVT11	Rhizophagus irregularis	main		assigned	SH1337270.10FU	100.0	SH1337152.10FU+SH1337164.10FU+SH1337270.10FU+SH1337279.10FU+SH1337353.10FU+SH1337363.10FU+SH1337439.10FU+SH1337593.10FU	1	SH1337152.10FU+SH1337164.10FU+SH1337270.10FU+SH1337279.10FU+SH1337353.10FU+SH1337363.10FU+SH1337439.10FU+SH1337593.10FU	SH1337270.10FU:100.00,SH1337510.10FU:98.50,SH1337249.10FU:98.28,SH1337394.10FU:98.28,SH1337375.10FU:98.07
PX207184.1	Rhizophagus irregularis | GC-2_IVT11	Rhizophagus irregularis	main		assigned	SH1337270.10FU	100.0	SH1337152.10FU+SH1337164.10FU+SH1337270.10FU+SH1337279.10FU+SH1337353.10FU+SH1337363.10FU+SH1337439.10FU+SH1337593.10FU	1	SH1337152.10FU+SH1337164.10FU+SH1337270.10FU+SH1337279.10FU+SH1337353.10FU+SH1337363.10FU+SH1337439.10FU+SH1337593.10FU	SH1337270.10FU:100.00,SH1337510.10FU:98.71,SH1337249.10FU:98.50,SH1337375.10FU:98.29,SH1205321.10FU:98.26
PX207185.1	Rhizophagus irregularis | GC-2_IVT11	Rhizophagus irregularis	main		assigned	SH1337270.10FU	100.0	SH1337152.10FU+SH1337164.10FU+SH1337270.10FU+SH1337279.10FU+SH1337353.10FU+SH1337363.10FU+SH1337439.10FU+SH1337593.10FU	1	SH1337152.10FU+SH1337164.10FU+SH1337270.10FU+SH1337279.10FU+SH1337353.10FU+SH1337363.10FU+SH1337439.10FU+SH1337593.10FU	SH1337270.10FU:100.00,SH1337510.10FU:98.71,SH1337249.10FU:98.50,SH1337375.10FU:98.29,SH1205321.10FU:98.26
PX207186.1	Rhizophagus irregularis | DAOMC 197198	Rhizophagus irregularis	main		assigned	SH1337270.10FU	100.0	SH1337152.10FU+SH1337164.10FU+SH1337270.10FU+SH1337279.10FU+SH1337353.10FU+SH1337363.10FU+SH1337439.10FU+SH1337593.10FU	1	SH1337152.10FU+SH1337164.10FU+SH1337270.10FU+SH1337279.10FU+SH1337353.10FU+SH1337363.10FU+SH1337439.10FU+SH1337593.10FU	SH1337270.10FU:100.00,SH1337510.10FU:98.71,SH1337249.10FU:98.50,SH1337375.10FU:98.29,SH1205321.10FU:98.26
PX207187.1	Rhizophagus irregularis | DAOMC 197198	Rhizophagus irregularis	main		assigned	SH1337270.10FU	100.0	SH1337152.10FU+SH1337164.10FU+SH1337270.10FU+SH1337279.10FU+SH1337353.10FU+SH1337363.10FU+SH1337439.10FU+SH1337593.10FU	1	SH1337152.10FU+SH1337164.10FU+SH1337270.10FU+SH1337279.10FU+SH1337353.10FU+SH1337363.10FU+SH1337439.10FU+SH1337593.10FU	SH1337270.10FU:100.00,SH1337510.10FU:98.71,SH1337249.10FU:98.50,SH1337375.10FU:98.29,SH1205321.10FU:98.26
PX207188.1	Rhizophagus irregularis | DAOMC 197198	Rhizophagus irregularis	main		assigned	SH1337270.10FU	100.0	SH1337152.10FU+SH1337164.10FU+SH1337270.10FU+SH1337279.10FU+SH1337353.10FU+SH1337363.10FU+SH1337439.10FU+SH1337593.10FU	1	SH1337152.10FU+SH1337164.10FU+SH1337270.10FU+SH1337279.10FU+SH1337353.10FU+SH1337363.10FU+SH1337439.10FU+SH1337593.10FU	SH1337270.10FU:100.00,SH1337510.10FU:98.71,SH1337249.10FU:98.50,SH1337375.10FU:98.29,SH1205321.10FU:98.26
PX207189.1	Rhizophagus irregularis | DAOMC 197198	Rhizophagus irregularis	main		assigned	SH1337270.10FU	100.0	SH1337152.10FU+SH1337164.10FU+SH1337270.10FU+SH1337279.10FU+SH1337353.10FU+SH1337363.10FU+SH1337439.10FU+SH1337593.10FU	1	SH1337152.10FU+SH1337164.10FU+SH1337270.10FU+SH1337279.10FU+SH1337353.10FU+SH1337363.10FU+SH1337439.10FU+SH1337593.10FU	SH1337270.10FU:100.00,SH1337510.10FU:98.71,SH1337249.10FU:98.50,SH1337375.10FU:98.29,SH1205321.10FU:98.26
PX207190.1	Rhizophagus prolifer | SD5_IVT32	Rhizophagus prolifer	divergent	short_5.8S	assigned	SH1081549.10FU	99.783	SH1081549.10FU	1	SH1196889.10FU+SH1196915.10FU	SH1081549.10FU:99.78,SH1081552.10FU:98.05,SH1081555.10FU:97.40,SH1081558.10FU:97.40,SH1081546.10FU:97.05
PX207191.1	Rhizophagus prolifer | SD5_IVT32	Rhizophagus prolifer	divergent	short_5.8S	assigned	SH1081549.10FU	99.783	SH1081549.10FU	1	SH1196889.10FU+SH1196915.10FU	SH1081549.10FU:99.78,SH1081552.10FU:98.05,SH1081555.10FU:97.40,SH1081558.10FU:97.40,SH1081546.10FU:97.05
PX207192.1	Rhizophagus prolifer | SD5_IVT32	Rhizophagus prolifer	divergent	short_5.8S	assigned	SH1081549.10FU	99.348	SH1081549.10FU	1	SH1196889.10FU+SH1196915.10FU	SH1081549.10FU:99.35,SH1081552.10FU:97.62,SH1081555.10FU:96.97,SH1081558.10FU:96.97,SH1081546.10FU:96.60
PX207193.1	Rhizophagus prolifer | SD5_IVT32	Rhizophagus prolifer	divergent	short_5.8S	assigned	SH1081549.10FU	99.348	SH1081549.10FU	1	SH1196889.10FU+SH1196915.10FU	SH1081549.10FU:99.35,SH1081552.10FU:97.62,SH1081555.10FU:96.97,SH1081558.10FU:96.97,SH1081546.10FU:96.60
PX207194.1	Rhizophagus intraradices | UT126A	Rhizophagus intraradices	divergent	same_length	assigned	SH1196937.10FU	99.779	SH1196937.10FU	1	SH1196875.10FU+SH1196879.10FU+SH1196881.10FU+SH1196883.10FU	SH1196937.10FU:99.78,SH1196906.10FU:95.25,SH1196900.10FU:94.81,SH1431442.10FU:87.26,SH1196925.10FU:87.16
PX207195.1	Rhizophagus intraradices | UT126A	Rhizophagus intraradices	divergent	short_5.8S	assigned	SH1081557.10FU	100.0	SH1081557.10FU	1	SH1196875.10FU+SH1196879.10FU+SH1196881.10FU+SH1196883.10FU	SH1081557.10FU:100.00,SH1081554.10FU:96.34,SH1081541.10FU:95.47,SH1081550.10FU:95.27,SH1081553.10FU:94.67
PX207196.1	Rhizophagus intraradices | UT126A	Rhizophagus intraradices	divergent	short_5.8S	assigned	SH1081557.10FU	100.0	SH1081557.10FU	1	SH1196875.10FU+SH1196879.10FU+SH1196881.10FU+SH1196883.10FU	SH1081557.10FU:100.00,SH1081554.10FU:96.34,SH1081541.10FU:95.47,SH1081550.10FU:95.27,SH1081553.10FU:94.67
PX207197.1	Rhizophagus intraradices | KS906_IVT156	Rhizophagus intraradices	divergent	short_5.8S	assigned	SH1081557.10FU	100.0	SH1081557.10FU	1	SH1196875.10FU+SH1196879.10FU+SH1196881.10FU+SH1196883.10FU	SH1081557.10FU:100.00,SH1081554.10FU:96.34,SH1081541.10FU:95.47,SH1081550.10FU:95.27,SH1081553.10FU:94.67
PX207198.1	Rhizophagus intraradices | KS906_IVT156	Rhizophagus intraradices	main		assigned	SH1196875.10FU	100.0	SH1196875.10FU+SH1196879.10FU+SH1196881.10FU+SH1196883.10FU	1	SH1196875.10FU+SH1196879.10FU+SH1196881.10FU+SH1196883.10FU	SH1196875.10FU:100.00,SH1196881.10FU:98.93,SH1196920.10FU:98.90,SH1196912.10FU:97.86,SH1196894.10FU:97.86
PX207199.1	Rhizophagus intraradices | UT126A	Rhizophagus intraradices	main		assigned	SH1196875.10FU	100.0	SH1196875.10FU+SH1196879.10FU+SH1196881.10FU+SH1196883.10FU	1	SH1196875.10FU+SH1196879.10FU+SH1196881.10FU+SH1196883.10FU	SH1196875.10FU:100.00,SH1196881.10FU:98.93,SH1196920.10FU:98.90,SH1196912.10FU:97.86,SH1196894.10FU:97.86
PX207200.1	Rhizophagus intraradices | UT126A	Rhizophagus intraradices	main		assigned	SH1196875.10FU	100.0	SH1196875.10FU+SH1196879.10FU+SH1196881.10FU+SH1196883.10FU	1	SH1196875.10FU+SH1196879.10FU+SH1196881.10FU+SH1196883.10FU	SH1196875.10FU:100.00,SH1196881.10FU:98.93,SH1196920.10FU:98.90,SH1196912.10FU:97.86,SH1196894.10FU:97.86
PX207201.1	Rhizophagus intraradices | UT126A	Rhizophagus intraradices	main		assigned	SH1196875.10FU	99.353	SH1196875.10FU+SH1196879.10FU+SH1196881.10FU+SH1196883.10FU	1	SH1196875.10FU+SH1196879.10FU+SH1196881.10FU+SH1196883.10FU	SH1196875.10FU:99.35,SH1196881.10FU:98.72,SH1196920.10FU:98.25,SH1196912.10FU:97.22,SH1196911.10FU:97.20
PX207202.1	Rhizophagus intraradices | UT126A	Rhizophagus intraradices	main		assigned	SH1196875.10FU	99.353	SH1196875.10FU+SH1196879.10FU+SH1196881.10FU+SH1196883.10FU	1	SH1196875.10FU+SH1196879.10FU+SH1196881.10FU+SH1196883.10FU	SH1196875.10FU:99.35,SH1196881.10FU:98.72,SH1196920.10FU:98.25,SH1196912.10FU:97.22,SH1196911.10FU:97.20
PX207203.1	Rhizophagus intraradices | KS906_IVT156	Rhizophagus intraradices	main		assigned	SH1196881.10FU	99.786	SH1196875.10FU+SH1196879.10FU+SH1196881.10FU+SH1196883.10FU	1	SH1196875.10FU+SH1196879.10FU+SH1196881.10FU+SH1196883.10FU	SH1196881.10FU:99.79,SH1196875.10FU:99.14,SH1196894.10FU:98.33,SH1196920.10FU:98.03,SH1196879.10FU:97.65
PX207204.1	Rhizophagus intraradices | UT126A	Rhizophagus intraradices	main		assigned	SH1196883.10FU	100.0	SH1196875.10FU+SH1196879.10FU+SH1196881.10FU+SH1196883.10FU	1	SH1196875.10FU+SH1196879.10FU+SH1196881.10FU+SH1196883.10FU	SH1196883.10FU:100.00,SH1196933.10FU:98.72,SH1196913.10FU:98.69,SH1196891.10FU:98.51,SH1196879.10FU:98.50
PX207205.1	Rhizophagus intraradices | KS906_IVT156	Rhizophagus intraradices	main		assigned	SH1196879.10FU	100.0	SH1196875.10FU+SH1196879.10FU+SH1196881.10FU+SH1196883.10FU	1	SH1196875.10FU+SH1196879.10FU+SH1196881.10FU+SH1196883.10FU	SH1196879.10FU:100.00,SH1196928.10FU:99.14,SH1196883.10FU:98.72,SH1196894.10FU:98.10,SH1196933.10FU:98.08
PX207206.1	Rhizophagus prolifer | SD5_IVT32	Rhizophagus prolifer	main		assigned	SH1196889.10FU	100.0	SH1196889.10FU+SH1196915.10FU	1	SH1196889.10FU+SH1196915.10FU	SH1196889.10FU:100.00,SH1196924.10FU:97.48,SH1196877.10FU:96.41,SH1196907.10FU:93.67,SH1196905.10FU:92.28
PX207207.1	Rhizophagus prolifer | SD5_IVT32	Rhizophagus prolifer	main		assigned	SH1196889.10FU	100.0	SH1196889.10FU+SH1196915.10FU	1	SH1196889.10FU+SH1196915.10FU	SH1196889.10FU:100.00,SH1196924.10FU:97.48,SH1196877.10FU:96.41,SH1196907.10FU:93.67,SH1196905.10FU:92.28
PX207208.1	Rhizophagus prolifer | SD5_IVT32	Rhizophagus prolifer	main		assigned	SH1196889.10FU	100.0	SH1196889.10FU+SH1196915.10FU	1	SH1196889.10FU+SH1196915.10FU	SH1196889.10FU:100.00,SH1196924.10FU:97.48,SH1196877.10FU:96.41,SH1196907.10FU:93.67,SH1196905.10FU:92.28
PX207209.1	Rhizophagus prolifer | SD5_IVT32	Rhizophagus prolifer	main		unassigned				0	SH1196889.10FU+SH1196915.10FU	SH1196907.10FU:98.08,SH1196914.10FU:96.37,SH1196884.10FU:94.23,SH1196889.10FU:93.66,SH1196893.10FU:92.86
PX207210.1	Rhizophagus prolifer | SD5_IVT32	Rhizophagus prolifer	main		unassigned				0	SH1196889.10FU+SH1196915.10FU	SH1196915.10FU:97.67,SH1196934.10FU:96.21,SH1196874.10FU:96.04,SH1196893.10FU:96.01,SH1196884.10FU:95.14
PX207211.1	Rhizophagus prolifer | SD5_IVT32	Rhizophagus prolifer	main		assigned	SH1196915.10FU	100.0	SH1196889.10FU+SH1196915.10FU	1	SH1196889.10FU+SH1196915.10FU	SH1196915.10FU:100.00,SH1196874.10FU:98.44,SH1196893.10FU:98.29,SH1196934.10FU:97.65,SH1196884.10FU:97.42
PX207212.1	Glomus tetrastratosum | 5094_2349C	Glomus tetrastratosum	main		assigned	SH1051255.10FU	99.109	SH1051255.10FU+SH1051269.10FU+SH1051280.10FU+SH1051311.10FU	1	SH1051255.10FU+SH1051269.10FU+SH1051280.10FU+SH1051311.10FU	SH1051255.10FU:99.11,SH1051274.10FU:98.22,SH1051269.10FU:97.14,SH1051335.10FU:97.14,SH1051314.10FU:96.94
PX207213.1	Glomus tetrastratosum | 5094_2349C	Glomus tetrastratosum	main		assigned	SH1051255.10FU	98.894	SH1051255.10FU+SH1051269.10FU+SH1051280.10FU+SH1051311.10FU	1	SH1051255.10FU+SH1051269.10FU+SH1051280.10FU+SH1051311.10FU	SH1051255.10FU:98.89,SH1051274.10FU:98.23,SH1051269.10FU:97.59,SH1051314.10FU:97.39,SH1051311.10FU:97.37
PX207214.1	Glomus tetrastratosum | 5094_2349C	Glomus tetrastratosum	main		assigned	SH1051280.10FU	99.588	SH1051255.10FU+SH1051269.10FU+SH1051280.10FU+SH1051311.10FU	1	SH1051255.10FU+SH1051269.10FU+SH1051280.10FU+SH1051311.10FU	SH1051280.10FU:99.59,SH1051286.10FU:97.95,SH1051343.10FU:96.51,SH1051226.10FU:95.90,SH1051348.10FU:93.80
PX207215.1	Glomus tetrastratosum | 5094_2349C	Glomus tetrastratosum	main		assigned	SH1051255.10FU	99.117	SH1051255.10FU+SH1051269.10FU+SH1051280.10FU+SH1051311.10FU	1	SH1051255.10FU+SH1051269.10FU+SH1051280.10FU+SH1051311.10FU	SH1051255.10FU:99.12,SH1051348.10FU:98.46,SH1051274.10FU:98.45,SH1051269.10FU:98.25,SH1051335.10FU:98.03
PX207216.1	Glomus tetrastratosum | 5094_2349C	Glomus tetrastratosum	main		unassigned				0	SH1051255.10FU+SH1051269.10FU+SH1051280.10FU+SH1051311.10FU	SH1051255.10FU:98.46,SH1051348.10FU:98.24,SH1051269.10FU:98.02,SH1051335.10FU:97.81,SH1051274.10FU:97.79
PX207217.1	Glomus tetrastratosum | 5094_2349C	Glomus tetrastratosum	main		assigned	SH1051255.10FU	99.338	SH1051255.10FU+SH1051269.10FU+SH1051280.10FU+SH1051311.10FU	1	SH1051255.10FU+SH1051269.10FU+SH1051280.10FU+SH1051311.10FU	SH1051255.10FU:99.34,SH1051274.10FU:98.45,SH1051311.10FU:98.25,SH1051269.10FU:98.03,SH1051348.10FU:98.02
PX207218.1	Glomus tetrastratosum | 5094_2349C	Glomus tetrastratosum	main		assigned	SH1051311.10FU	98.684	SH1051255.10FU+SH1051269.10FU+SH1051280.10FU+SH1051311.10FU	1	SH1051255.10FU+SH1051269.10FU+SH1051280.10FU+SH1051311.10FU	SH1051311.10FU:98.68,SH1051255.10FU:98.68,SH1051249.10FU:98.47,SH1051274.10FU:98.24,SH1051246.10FU:97.83
PX207219.1	Funneliformis mosseae | 2231_1079F	Funneliformis mosseae	main		assigned	SH1077279.10FU	98.973	SH1076987.10FU+SH1077032.10FU+SH1077055.10FU+SH1077074.10FU+SH1077077.10FU+SH1077091.10FU+SH1077101.10FU+SH1077156.10FU+SH1077168.10FU+SH1077209.10FU+SH1077215.10FU+SH1077231.10FU+SH1077256.10FU+SH1077261.10FU+SH1077279.10FU+SH1077285.10FU	1	SH1076987.10FU+SH1077032.10FU+SH1077055.10FU+SH1077074.10FU+SH1077077.10FU+SH1077091.10FU+SH1077101.10FU+SH1077156.10FU+SH1077168.10FU+SH1077209.10FU+SH1077215.10FU+SH1077231.10FU+SH1077256.10FU+SH1077261.10FU+SH1077279.10FU+SH1077285.10FU	SH1077279.10FU:98.97,SH1077167.10FU:98.26,SH1077202.10FU:98.22,SH1077215.10FU:98.15,SH1077101.10FU:98.15
PX207220.1	Funneliformis mosseae | 2231_1079F	Funneliformis mosseae	main		assigned	SH1077279.10FU	98.973	SH1076987.10FU+SH1077032.10FU+SH1077055.10FU+SH1077074.10FU+SH1077077.10FU+SH1077091.10FU+SH1077101.10FU+SH1077156.10FU+SH1077168.10FU+SH1077209.10FU+SH1077215.10FU+SH1077231.10FU+SH1077256.10FU+SH1077261.10FU+SH1077279.10FU+SH1077285.10FU	1	SH1076987.10FU+SH1077032.10FU+SH1077055.10FU+SH1077074.10FU+SH1077077.10FU+SH1077091.10FU+SH1077101.10FU+SH1077156.10FU+SH1077168.10FU+SH1077209.10FU+SH1077215.10FU+SH1077231.10FU+SH1077256.10FU+SH1077261.10FU+SH1077279.10FU+SH1077285.10FU	SH1077279.10FU:98.97,SH1077167.10FU:98.26,SH1077202.10FU:98.22,SH1077215.10FU:98.15,SH1077101.10FU:98.15
PX207221.1	Funneliformis mosseae | 2231_1079F	Funneliformis mosseae	main		unassigned				0	SH1076987.10FU+SH1077032.10FU+SH1077055.10FU+SH1077074.10FU+SH1077077.10FU+SH1077091.10FU+SH1077101.10FU+SH1077156.10FU+SH1077168.10FU+SH1077209.10FU+SH1077215.10FU+SH1077231.10FU+SH1077256.10FU+SH1077261.10FU+SH1077279.10FU+SH1077285.10FU	SH1077279.10FU:98.36,SH1077101.10FU:97.94,SH1077079.10FU:97.73,SH1077167.10FU:97.60,SH1077202.10FU:97.55
PX207222.1	Funneliformis mosseae | 2231_1079F	Funneliformis mosseae	main		unassigned				0	SH1076987.10FU+SH1077032.10FU+SH1077055.10FU+SH1077074.10FU+SH1077077.10FU+SH1077091.10FU+SH1077101.10FU+SH1077156.10FU+SH1077168.10FU+SH1077209.10FU+SH1077215.10FU+SH1077231.10FU+SH1077256.10FU+SH1077261.10FU+SH1077279.10FU+SH1077285.10FU	SH1077279.10FU:98.36,SH1077101.10FU:97.94,SH1077079.10FU:97.73,SH1077167.10FU:97.60,SH1077202.10FU:97.55
PX207223.1	Funneliformis mosseae | 2231_1079F	Funneliformis mosseae	main		unassigned				0	SH1076987.10FU+SH1077032.10FU+SH1077055.10FU+SH1077074.10FU+SH1077077.10FU+SH1077091.10FU+SH1077101.10FU+SH1077156.10FU+SH1077168.10FU+SH1077209.10FU+SH1077215.10FU+SH1077231.10FU+SH1077256.10FU+SH1077261.10FU+SH1077279.10FU+SH1077285.10FU	SH1077279.10FU:98.36,SH1077101.10FU:97.94,SH1077079.10FU:97.73,SH1077167.10FU:97.60,SH1077202.10FU:97.55
PX207224.1	Funneliformis mosseae | FS-29_2726A	Funneliformis mosseae	main		assigned	SH1077279.10FU	98.768	SH1076987.10FU+SH1077032.10FU+SH1077055.10FU+SH1077074.10FU+SH1077077.10FU+SH1077091.10FU+SH1077101.10FU+SH1077156.10FU+SH1077168.10FU+SH1077209.10FU+SH1077215.10FU+SH1077231.10FU+SH1077256.10FU+SH1077261.10FU+SH1077279.10FU+SH1077285.10FU	1	SH1076987.10FU+SH1077032.10FU+SH1077055.10FU+SH1077074.10FU+SH1077077.10FU+SH1077091.10FU+SH1077101.10FU+SH1077156.10FU+SH1077168.10FU+SH1077209.10FU+SH1077215.10FU+SH1077231.10FU+SH1077256.10FU+SH1077261.10FU+SH1077279.10FU+SH1077285.10FU	SH1077279.10FU:98.95,SH1077043.10FU:98.57,SH1077079.10FU:98.55,SH1077164.10FU:98.37,SH1077236.10FU:98.36
PX207225.1	Funneliformis mosseae | FS-29_2726A	Funneliformis mosseae	main		assigned	SH1077279.10FU	98.768	SH1076987.10FU+SH1077032.10FU+SH1077055.10FU+SH1077074.10FU+SH1077077.10FU+SH1077091.10FU+SH1077101.10FU+SH1077156.10FU+SH1077168.10FU+SH1077209.10FU+SH1077215.10FU+SH1077231.10FU+SH1077256.10FU+SH1077261.10FU+SH1077279.10FU+SH1077285.10FU	1	SH1076987.10FU+SH1077032.10FU+SH1077055.10FU+SH1077074.10FU+SH1077077.10FU+SH1077091.10FU+SH1077101.10FU+SH1077156.10FU+SH1077168.10FU+SH1077209.10FU+SH1077215.10FU+SH1077231.10FU+SH1077256.10FU+SH1077261.10FU+SH1077279.10FU+SH1077285.10FU	SH1077279.10FU:98.95,SH1077043.10FU:98.57,SH1077079.10FU:98.55,SH1077164.10FU:98.37,SH1077236.10FU:98.36
PX207226.1	Funneliformis mosseae | FS-29_2726A	Funneliformis mosseae	main		assigned	SH1077279.10FU	99.384	SH1076987.10FU+SH1077032.10FU+SH1077055.10FU+SH1077074.10FU+SH1077077.10FU+SH1077091.10FU+SH1077101.10FU+SH1077156.10FU+SH1077168.10FU+SH1077209.10FU+SH1077215.10FU+SH1077231.10FU+SH1077256.10FU+SH1077261.10FU+SH1077279.10FU+SH1077285.10FU	1	SH1076987.10FU+SH1077032.10FU+SH1077055.10FU+SH1077074.10FU+SH1077077.10FU+SH1077091.10FU+SH1077101.10FU+SH1077156.10FU+SH1077168.10FU+SH1077209.10FU+SH1077215.10FU+SH1077231.10FU+SH1077256.10FU+SH1077261.10FU+SH1077279.10FU+SH1077285.10FU	SH1077279.10FU:99.38,SH1077164.10FU:98.77,SH1077202.10FU:98.66,SH1077099.10FU:98.57,SH1077079.10FU:98.55
PX207227.1	Funneliformis mosseae | FS-29_2726A	Funneliformis mosseae	main		assigned	SH1077279.10FU	99.384	SH1076987.10FU+SH1077032.10FU+SH1077055.10FU+SH1077074.10FU+SH1077077.10FU+SH1077091.10FU+SH1077101.10FU+SH1077156.10FU+SH1077168.10FU+SH1077209.10FU+SH1077215.10FU+SH1077231.10FU+SH1077256.10FU+SH1077261.10FU+SH1077279.10FU+SH1077285.10FU	1	SH1076987.10FU+SH1077032.10FU+SH1077055.10FU+SH1077074.10FU+SH1077077.10FU+SH1077091.10FU+SH1077101.10FU+SH1077156.10FU+SH1077168.10FU+SH1077209.10FU+SH1077215.10FU+SH1077231.10FU+SH1077256.10FU+SH1077261.10FU+SH1077279.10FU+SH1077285.10FU	SH1077279.10FU:99.38,SH1077164.10FU:98.77,SH1077202.10FU:98.66,SH1077099.10FU:98.57,SH1077079.10FU:98.55
PX207228.1	Funneliformis mosseae | FS-29_2726A	Funneliformis mosseae	main		assigned	SH1077279.10FU	99.795	SH1076987.10FU+SH1077032.10FU+SH1077055.10FU+SH1077074.10FU+SH1077077.10FU+SH1077091.10FU+SH1077101.10FU+SH1077156.10FU+SH1077168.10FU+SH1077209.10FU+SH1077215.10FU+SH1077231.10FU+SH1077256.10FU+SH1077261.10FU+SH1077279.10FU+SH1077285.10FU	1	SH1076987.10FU+SH1077032.10FU+SH1077055.10FU+SH1077074.10FU+SH1077077.10FU+SH1077091.10FU+SH1077101.10FU+SH1077156.10FU+SH1077168.10FU+SH1077209.10FU+SH1077215.10FU+SH1077231.10FU+SH1077256.10FU+SH1077261.10FU+SH1077279.10FU+SH1077285.10FU	SH1077279.10FU:99.80,SH1077202.10FU:98.89,SH1077203.10FU:98.77,SH1077215.10FU:98.77,SH1077043.10FU:98.77
PX207229.1	Funneliformis mosseae | FS-29_2726A	Funneliformis mosseae	main		assigned	SH1077279.10FU	99.795	SH1076987.10FU+SH1077032.10FU+SH1077055.10FU+SH1077074.10FU+SH1077077.10FU+SH1077091.10FU+SH1077101.10FU+SH1077156.10FU+SH1077168.10FU+SH1077209.10FU+SH1077215.10FU+SH1077231.10FU+SH1077256.10FU+SH1077261.10FU+SH1077279.10FU+SH1077285.10FU	1	SH1076987.10FU+SH1077032.10FU+SH1077055.10FU+SH1077074.10FU+SH1077077.10FU+SH1077091.10FU+SH1077101.10FU+SH1077156.10FU+SH1077168.10FU+SH1077209.10FU+SH1077215.10FU+SH1077231.10FU+SH1077256.10FU+SH1077261.10FU+SH1077279.10FU+SH1077285.10FU	SH1077279.10FU:99.80,SH1077202.10FU:98.89,SH1077203.10FU:98.77,SH1077215.10FU:98.77,SH1077043.10FU:98.77
PX207230.1	Funneliformis mosseae | 2231_1079F	Funneliformis mosseae	main		assigned	SH1077279.10FU	99.18	SH1076987.10FU+SH1077032.10FU+SH1077055.10FU+SH1077074.10FU+SH1077077.10FU+SH1077091.10FU+SH1077101.10FU+SH1077156.10FU+SH1077168.10FU+SH1077209.10FU+SH1077215.10FU+SH1077231.10FU+SH1077256.10FU+SH1077261.10FU+SH1077279.10FU+SH1077285.10FU	1	SH1076987.10FU+SH1077032.10FU+SH1077055.10FU+SH1077074.10FU+SH1077077.10FU+SH1077091.10FU+SH1077101.10FU+SH1077156.10FU+SH1077168.10FU+SH1077209.10FU+SH1077215.10FU+SH1077231.10FU+SH1077256.10FU+SH1077261.10FU+SH1077279.10FU+SH1077285.10FU	SH1077279.10FU:99.18,SH1077018.10FU:98.36,SH1077290.10FU:98.35,SH1077101.10FU:98.35,SH1077215.10FU:98.35
PX207231.1	Funneliformis mosseae | 2231_1079F	Funneliformis mosseae	main		assigned	SH1077279.10FU	99.18	SH1076987.10FU+SH1077032.10FU+SH1077055.10FU+SH1077074.10FU+SH1077077.10FU+SH1077091.10FU+SH1077101.10FU+SH1077156.10FU+SH1077168.10FU+SH1077209.10FU+SH1077215.10FU+SH1077231.10FU+SH1077256.10FU+SH1077261.10FU+SH1077279.10FU+SH1077285.10FU	1	SH1076987.10FU+SH1077032.10FU+SH1077055.10FU+SH1077074.10FU+SH1077077.10FU+SH1077091.10FU+SH1077101.10FU+SH1077156.10FU+SH1077168.10FU+SH1077209.10FU+SH1077215.10FU+SH1077231.10FU+SH1077256.10FU+SH1077261.10FU+SH1077279.10FU+SH1077285.10FU	SH1077279.10FU:99.18,SH1077018.10FU:98.36,SH1077290.10FU:98.35,SH1077101.10FU:98.35,SH1077215.10FU:98.35
PX207232.1	Funneliformis mosseae | 2231_1079F	Funneliformis mosseae	main		assigned	SH1077279.10FU	99.385	SH1076987.10FU+SH1077032.10FU+SH1077055.10FU+SH1077074.10FU+SH1077077.10FU+SH1077091.10FU+SH1077101.10FU+SH1077156.10FU+SH1077168.10FU+SH1077209.10FU+SH1077215.10FU+SH1077231.10FU+SH1077256.10FU+SH1077261.10FU+SH1077279.10FU+SH1077285.10FU	1	SH1076987.10FU+SH1077032.10FU+SH1077055.10FU+SH1077074.10FU+SH1077077.10FU+SH1077091.10FU+SH1077101.10FU+SH1077156.10FU+SH1077168.10FU+SH1077209.10FU+SH1077215.10FU+SH1077231.10FU+SH1077256.10FU+SH1077261.10FU+SH1077279.10FU+SH1077285.10FU	SH1077279.10FU:99.39,SH1077202.10FU:98.22,SH1077224.10FU:98.17,SH1077018.10FU:98.17,SH1077043.10FU:98.16
PX207233.1	Funneliformis mosseae | 2231_1079F	Funneliformis mosseae	main		assigned	SH1077279.10FU	99.385	SH1076987.10FU+SH1077032.10FU+SH1077055.10FU+SH1077074.10FU+SH1077077.10FU+SH1077091.10FU+SH1077101.10FU+SH1077156.10FU+SH1077168.10FU+SH1077209.10FU+SH1077215.10FU+SH1077231.10FU+SH1077256.10FU+SH1077261.10FU+SH1077279.10FU+SH1077285.10FU	1	SH1076987.10FU+SH1077032.10FU+SH1077055.10FU+SH1077074.10FU+SH1077077.10FU+SH1077091.10FU+SH1077101.10FU+SH1077156.10FU+SH1077168.10FU+SH1077209.10FU+SH1077215.10FU+SH1077231.10FU+SH1077256.10FU+SH1077261.10FU+SH1077279.10FU+SH1077285.10FU	SH1077279.10FU:99.39,SH1077202.10FU:98.22,SH1077224.10FU:98.17,SH1077018.10FU:98.17,SH1077043.10FU:98.16
PX207234.1	Funneliformis mosseae | 2231_1079F	Funneliformis mosseae	main		assigned	SH1077279.10FU	99.591	SH1076987.10FU+SH1077032.10FU+SH1077055.10FU+SH1077074.10FU+SH1077077.10FU+SH1077091.10FU+SH1077101.10FU+SH1077156.10FU+SH1077168.10FU+SH1077209.10FU+SH1077215.10FU+SH1077231.10FU+SH1077256.10FU+SH1077261.10FU+SH1077279.10FU+SH1077285.10FU	1	SH1076987.10FU+SH1077032.10FU+SH1077055.10FU+SH1077074.10FU+SH1077077.10FU+SH1077091.10FU+SH1077101.10FU+SH1077156.10FU+SH1077168.10FU+SH1077209.10FU+SH1077215.10FU+SH1077231.10FU+SH1077256.10FU+SH1077261.10FU+SH1077279.10FU+SH1077285.10FU	SH1077279.10FU:99.59,SH1077039.10FU:98.37,SH1077231.10FU:98.36,SH1077167.10FU:98.25,SH1077196.10FU:98.17
PX207235.1	Funneliformis mosseae | 2231_1079F	Funneliformis mosseae	main		assigned	SH1077279.10FU	99.591	SH1076987.10FU+SH1077032.10FU+SH1077055.10FU+SH1077074.10FU+SH1077077.10FU+SH1077091.10FU+SH1077101.10FU+SH1077156.10FU+SH1077168.10FU+SH1077209.10FU+SH1077215.10FU+SH1077231.10FU+SH1077256.10FU+SH1077261.10FU+SH1077279.10FU+SH1077285.10FU	1	SH1076987.10FU+SH1077032.10FU+SH1077055.10FU+SH1077074.10FU+SH1077077.10FU+SH1077091.10FU+SH1077101.10FU+SH1077156.10FU+SH1077168.10FU+SH1077209.10FU+SH1077215.10FU+SH1077231.10FU+SH1077256.10FU+SH1077261.10FU+SH1077279.10FU+SH1077285.10FU	SH1077279.10FU:99.59,SH1077039.10FU:98.37,SH1077231.10FU:98.36,SH1077167.10FU:98.25,SH1077196.10FU:98.17
PX207236.1	Funneliformis mosseae | FS-29_2726A	Funneliformis mosseae	main		assigned	SH1077279.10FU	99.795	SH1076987.10FU+SH1077032.10FU+SH1077055.10FU+SH1077074.10FU+SH1077077.10FU+SH1077091.10FU+SH1077101.10FU+SH1077156.10FU+SH1077168.10FU+SH1077209.10FU+SH1077215.10FU+SH1077231.10FU+SH1077256.10FU+SH1077261.10FU+SH1077279.10FU+SH1077285.10FU	1	SH1076987.10FU+SH1077032.10FU+SH1077055.10FU+SH1077074.10FU+SH1077077.10FU+SH1077091.10FU+SH1077101.10FU+SH1077156.10FU+SH1077168.10FU+SH1077209.10FU+SH1077215.10FU+SH1077231.10FU+SH1077256.10FU+SH1077261.10FU+SH1077279.10FU+SH1077285.10FU	SH1077279.10FU:99.80,SH1077202.10FU:98.67,SH1077224.10FU:98.58,SH1077018.10FU:98.58,SH1077043.10FU:98.57
PX207237.1	Funneliformis mosseae | FS-29_2726A	Funneliformis mosseae	main		assigned	SH1077279.10FU	99.795	SH1076987.10FU+SH1077032.10FU+SH1077055.10FU+SH1077074.10FU+SH1077077.10FU+SH1077091.10FU+SH1077101.10FU+SH1077156.10FU+SH1077168.10FU+SH1077209.10FU+SH1077215.10FU+SH1077231.10FU+SH1077256.10FU+SH1077261.10FU+SH1077279.10FU+SH1077285.10FU	1	SH1076987.10FU+SH1077032.10FU+SH1077055.10FU+SH1077074.10FU+SH1077077.10FU+SH1077091.10FU+SH1077101.10FU+SH1077156.10FU+SH1077168.10FU+SH1077209.10FU+SH1077215.10FU+SH1077231.10FU+SH1077256.10FU+SH1077261.10FU+SH1077279.10FU+SH1077285.10FU	SH1077279.10FU:99.80,SH1077202.10FU:98.67,SH1077224.10FU:98.58,SH1077018.10FU:98.58,SH1077043.10FU:98.57
PX207238.1	Funneliformis mosseae | FS-29_2726A	Funneliformis mosseae	main		assigned	SH1077279.10FU	99.384	SH1076987.10FU+SH1077032.10FU+SH1077055.10FU+SH1077074.10FU+SH1077077.10FU+SH1077091.10FU+SH1077101.10FU+SH1077156.10FU+SH1077168.10FU+SH1077209.10FU+SH1077215.10FU+SH1077231.10FU+SH1077256.10FU+SH1077261.10FU+SH1077279.10FU+SH1077285.10FU	1	SH1076987.10FU+SH1077032.10FU+SH1077055.10FU+SH1077074.10FU+SH1077077.10FU+SH1077091.10FU+SH1077101.10FU+SH1077156.10FU+SH1077168.10FU+SH1077209.10FU+SH1077215.10FU+SH1077231.10FU+SH1077256.10FU+SH1077261.10FU+SH1077279.10FU+SH1077285.10FU	SH1077279.10FU:99.38,SH1077236.10FU:98.56,SH1077101.10FU:98.55,SH1077203.10FU:98.36,SH1077226.10FU:98.35
PX207239.1	Funneliformis mosseae | FS-29_2726A	Funneliformis mosseae	main		assigned	SH1077279.10FU	99.384	SH1076987.10FU+SH1077032.10FU+SH1077055.10FU+SH1077074.10FU+SH1077077.10FU+SH1077091.10FU+SH1077101.10FU+SH1077156.10FU+SH1077168.10FU+SH1077209.10FU+SH1077215.10FU+SH1077231.10FU+SH1077256.10FU+SH1077261.10FU+SH1077279.10FU+SH1077285.10FU	1	SH1076987.10FU+SH1077032.10FU+SH1077055.10FU+SH1077074.10FU+SH1077077.10FU+SH1077091.10FU+SH1077101.10FU+SH1077156.10FU+SH1077168.10FU+SH1077209.10FU+SH1077215.10FU+SH1077231.10FU+SH1077256.10FU+SH1077261.10FU+SH1077279.10FU+SH1077285.10FU	SH1077279.10FU:99.38,SH1077236.10FU:98.56,SH1077101.10FU:98.55,SH1077203.10FU:98.36,SH1077226.10FU:98.35
PX207240.1	Funneliformis mosseae | FS-29_2726A	Funneliformis mosseae	main		assigned	SH1077279.10FU	99.592	SH1076987.10FU+SH1077032.10FU+SH1077055.10FU+SH1077074.10FU+SH1077077.10FU+SH1077091.10FU+SH1077101.10FU+SH1077156.10FU+SH1077168.10FU+SH1077209.10FU+SH1077215.10FU+SH1077231.10FU+SH1077256.10FU+SH1077261.10FU+SH1077279.10FU+SH1077285.10FU	1	SH1076987.10FU+SH1077032.10FU+SH1077055.10FU+SH1077074.10FU+SH1077077.10FU+SH1077091.10FU+SH1077101.10FU+SH1077156.10FU+SH1077168.10FU+SH1077209.10FU+SH1077215.10FU+SH1077231.10FU+SH1077256.10FU+SH1077261.10FU+SH1077279.10FU+SH1077285.10FU	SH1077279.10FU:99.59,SH1077047.10FU:98.78,SH1077167.10FU:98.47,SH1077039.10FU:98.37,SH1077231.10FU:98.36
PX207241.1	Funneliformis mosseae | 2231_1079F	Funneliformis mosseae	main		assigned	SH1077279.10FU	99.592	SH1076987.10FU+SH1077032.10FU+SH1077055.10FU+SH1077074.10FU+SH1077077.10FU+SH1077091.10FU+SH1077101.10FU+SH1077156.10FU+SH1077168.10FU+SH1077209.10FU+SH1077215.10FU+SH1077231.10FU+SH1077256.10FU+SH1077261.10FU+SH1077279.10FU+SH1077285.10FU	1	SH1076987.10FU+SH1077032.10FU+SH1077055.10FU+SH1077074.10FU+SH1077077.10FU+SH1077091.10FU+SH1077101.10FU+SH1077156.10FU+SH1077168.10FU+SH1077209.10FU+SH1077215.10FU+SH1077231.10FU+SH1077256.10FU+SH1077261.10FU+SH1077279.10FU+SH1077285.10FU	SH1077279.10FU:99.59,SH1077047.10FU:98.78,SH1077167.10FU:98.47,SH1077039.10FU:98.37,SH1077231.10FU:98.36
PX207242.1	Funneliformis mosseae | 2231_1079F	Funneliformis mosseae	main		assigned	SH1077279.10FU	99.592	SH1076987.10FU+SH1077032.10FU+SH1077055.10FU+SH1077074.10FU+SH1077077.10FU+SH1077091.10FU+SH1077101.10FU+SH1077156.10FU+SH1077168.10FU+SH1077209.10FU+SH1077215.10FU+SH1077231.10FU+SH1077256.10FU+SH1077261.10FU+SH1077279.10FU+SH1077285.10FU	1	SH1076987.10FU+SH1077032.10FU+SH1077055.10FU+SH1077074.10FU+SH1077077.10FU+SH1077091.10FU+SH1077101.10FU+SH1077156.10FU+SH1077168.10FU+SH1077209.10FU+SH1077215.10FU+SH1077231.10FU+SH1077256.10FU+SH1077261.10FU+SH1077279.10FU+SH1077285.10FU	SH1077279.10FU:99.59,SH1077047.10FU:98.78,SH1077167.10FU:98.47,SH1077039.10FU:98.37,SH1077231.10FU:98.36
PX207243.1	Funneliformis mosseae | FS-29_2726A	Funneliformis mosseae	main		assigned	SH1077279.10FU	99.593	SH1076987.10FU+SH1077032.10FU+SH1077055.10FU+SH1077074.10FU+SH1077077.10FU+SH1077091.10FU+SH1077101.10FU+SH1077156.10FU+SH1077168.10FU+SH1077209.10FU+SH1077215.10FU+SH1077231.10FU+SH1077256.10FU+SH1077261.10FU+SH1077279.10FU+SH1077285.10FU	1	SH1076987.10FU+SH1077032.10FU+SH1077055.10FU+SH1077074.10FU+SH1077077.10FU+SH1077091.10FU+SH1077101.10FU+SH1077156.10FU+SH1077168.10FU+SH1077209.10FU+SH1077215.10FU+SH1077231.10FU+SH1077256.10FU+SH1077261.10FU+SH1077279.10FU+SH1077285.10FU	SH1077279.10FU:99.59,SH1077047.10FU:98.58,SH1077202.10FU:98.45,SH1077167.10FU:98.26,SH1077224.10FU:98.18
PX207244.1	Funneliformis mosseae | FS-29_2726A	Funneliformis mosseae	main		assigned	SH1077256.10FU	99.795	SH1076987.10FU+SH1077032.10FU+SH1077055.10FU+SH1077074.10FU+SH1077077.10FU+SH1077091.10FU+SH1077101.10FU+SH1077156.10FU+SH1077168.10FU+SH1077209.10FU+SH1077215.10FU+SH1077231.10FU+SH1077256.10FU+SH1077261.10FU+SH1077279.10FU+SH1077285.10FU	1	SH1076987.10FU+SH1077032.10FU+SH1077055.10FU+SH1077074.10FU+SH1077077.10FU+SH1077091.10FU+SH1077101.10FU+SH1077156.10FU+SH1077168.10FU+SH1077209.10FU+SH1077215.10FU+SH1077231.10FU+SH1077256.10FU+SH1077261.10FU+SH1077279.10FU+SH1077285.10FU	SH1077256.10FU:99.80,SH1077261.10FU:98.77,SH1077231.10FU:98.57,SH1076979.10FU:98.37,SH1077126.10FU:98.37
PX207245.1	Funneliformis mosseae | FS-29_2726A	Funneliformis mosseae	main		assigned	SH1077256.10FU	99.795	SH1076987.10FU+SH1077032.10FU+SH1077055.10FU+SH1077074.10FU+SH1077077.10FU+SH1077091.10FU+SH1077101.10FU+SH1077156.10FU+SH1077168.10FU+SH1077209.10FU+SH1077215.10FU+SH1077231.10FU+SH1077256.10FU+SH1077261.10FU+SH1077279.10FU+SH1077285.10FU	1	SH1076987.10FU+SH1077032.10FU+SH1077055.10FU+SH1077074.10FU+SH1077077.10FU+SH1077091.10FU+SH1077101.10FU+SH1077156.10FU+SH1077168.10FU+SH1077209.10FU+SH1077215.10FU+SH1077231.10FU+SH1077256.10FU+SH1077261.10FU+SH1077279.10FU+SH1077285.10FU	SH1077256.10FU:99.80,SH1077261.10FU:98.77,SH1077231.10FU:98.57,SH1076979.10FU:98.37,SH1077126.10FU:98.37
PX207246.1	Funneliformis mosseae | FS-29_2726A	Funneliformis mosseae	main		assigned	SH1077256.10FU	99.795	SH1076987.10FU+SH1077032.10FU+SH1077055.10FU+SH1077074.10FU+SH1077077.10FU+SH1077091.10FU+SH1077101.10FU+SH1077156.10FU+SH1077168.10FU+SH1077209.10FU+SH1077215.10FU+SH1077231.10FU+SH1077256.10FU+SH1077261.10FU+SH1077279.10FU+SH1077285.10FU	1	SH1076987.10FU+SH1077032.10FU+SH1077055.10FU+SH1077074.10FU+SH1077077.10FU+SH1077091.10FU+SH1077101.10FU+SH1077156.10FU+SH1077168.10FU+SH1077209.10FU+SH1077215.10FU+SH1077231.10FU+SH1077256.10FU+SH1077261.10FU+SH1077279.10FU+SH1077285.10FU	SH1077256.10FU:99.80,SH1077261.10FU:98.77,SH1077231.10FU:98.57,SH1076979.10FU:98.37,SH1077126.10FU:98.37
PX207247.1	Funneliformis mosseae | 2231_1079F	Funneliformis mosseae	main		assigned	SH1077256.10FU	99.795	SH1076987.10FU+SH1077032.10FU+SH1077055.10FU+SH1077074.10FU+SH1077077.10FU+SH1077091.10FU+SH1077101.10FU+SH1077156.10FU+SH1077168.10FU+SH1077209.10FU+SH1077215.10FU+SH1077231.10FU+SH1077256.10FU+SH1077261.10FU+SH1077279.10FU+SH1077285.10FU	1	SH1076987.10FU+SH1077032.10FU+SH1077055.10FU+SH1077074.10FU+SH1077077.10FU+SH1077091.10FU+SH1077101.10FU+SH1077156.10FU+SH1077168.10FU+SH1077209.10FU+SH1077215.10FU+SH1077231.10FU+SH1077256.10FU+SH1077261.10FU+SH1077279.10FU+SH1077285.10FU	SH1077256.10FU:99.80,SH1077261.10FU:98.77,SH1077231.10FU:98.57,SH1076979.10FU:98.37,SH1077126.10FU:98.37
PX207248.1	Funneliformis mosseae | 2231_1079F	Funneliformis mosseae	main		assigned	SH1077256.10FU	99.795	SH1076987.10FU+SH1077032.10FU+SH1077055.10FU+SH1077074.10FU+SH1077077.10FU+SH1077091.10FU+SH1077101.10FU+SH1077156.10FU+SH1077168.10FU+SH1077209.10FU+SH1077215.10FU+SH1077231.10FU+SH1077256.10FU+SH1077261.10FU+SH1077279.10FU+SH1077285.10FU	1	SH1076987.10FU+SH1077032.10FU+SH1077055.10FU+SH1077074.10FU+SH1077077.10FU+SH1077091.10FU+SH1077101.10FU+SH1077156.10FU+SH1077168.10FU+SH1077209.10FU+SH1077215.10FU+SH1077231.10FU+SH1077256.10FU+SH1077261.10FU+SH1077279.10FU+SH1077285.10FU	SH1077256.10FU:99.80,SH1077261.10FU:98.77,SH1077231.10FU:98.57,SH1076979.10FU:98.37,SH1077126.10FU:98.37
PX207249.1	Funneliformis mosseae | FS-29_2726A	Funneliformis mosseae	main		assigned	SH1077231.10FU	99.179	SH1076987.10FU+SH1077032.10FU+SH1077055.10FU+SH1077074.10FU+SH1077077.10FU+SH1077091.10FU+SH1077101.10FU+SH1077156.10FU+SH1077168.10FU+SH1077209.10FU+SH1077215.10FU+SH1077231.10FU+SH1077256.10FU+SH1077261.10FU+SH1077279.10FU+SH1077285.10FU	1	SH1076987.10FU+SH1077032.10FU+SH1077055.10FU+SH1077074.10FU+SH1077077.10FU+SH1077091.10FU+SH1077101.10FU+SH1077156.10FU+SH1077168.10FU+SH1077209.10FU+SH1077215.10FU+SH1077231.10FU+SH1077256.10FU+SH1077261.10FU+SH1077279.10FU+SH1077285.10FU	SH1077279.10FU:99.18,SH1077231.10FU:99.18,SH1077101.10FU:98.97,SH1077215.10FU:98.97,SH1077083.10FU:98.68
PX207250.1	Funneliformis mosseae | FS-29_2726A	Funneliformis mosseae	main		assigned	SH1077231.10FU	99.179	SH1076987.10FU+SH1077032.10FU+SH1077055.10FU+SH1077074.10FU+SH1077077.10FU+SH1077091.10FU+SH1077101.10FU+SH1077156.10FU+SH1077168.10FU+SH1077209.10FU+SH1077215.10FU+SH1077231.10FU+SH1077256.10FU+SH1077261.10FU+SH1077279.10FU+SH1077285.10FU	1	SH1076987.10FU+SH1077032.10FU+SH1077055.10FU+SH1077074.10FU+SH1077077.10FU+SH1077091.10FU+SH1077101.10FU+SH1077156.10FU+SH1077168.10FU+SH1077209.10FU+SH1077215.10FU+SH1077231.10FU+SH1077256.10FU+SH1077261.10FU+SH1077279.10FU+SH1077285.10FU	SH1077279.10FU:99.18,SH1077231.10FU:99.18,SH1077101.10FU:98.97,SH1077215.10FU:98.97,SH1077083.10FU:98.68
PX207251.1	Funneliformis mosseae | FS-29_2726A	Funneliformis mosseae	main		assigned	SH1077101.10FU	99.795	SH1076987.10FU+SH1077032.10FU+SH1077055.10FU+SH1077074.10FU+SH1077077.10FU+SH1077091.10FU+SH1077101.10FU+SH1077156.10FU+SH1077168.10FU+SH1077209.10FU+SH1077215.10FU+SH1077231.10FU+SH1077256.10FU+SH1077261.10FU+SH1077279.10FU+SH1077285.10FU	1	SH1076987.10FU+SH1077032.10FU+SH1077055.10FU+SH1077074.10FU+SH1077077.10FU+SH1077091.10FU+SH1077101.10FU+SH1077156.10FU+SH1077168.10FU+SH1077209.10FU+SH1077215.10FU+SH1077231.10FU+SH1077256.10FU+SH1077261.10FU+SH1077279.10FU+SH1077285.10FU	SH1077101.10FU:99.80,SH1077279.10FU:98.77,SH1077215.10FU:98.77,SH1077231.10FU:98.57,SH1077261.10FU:98.57
PX207252.1	Funneliformis mosseae | FS-29_2726A	Funneliformis mosseae	main		assigned	SH1077101.10FU	99.795	SH1076987.10FU+SH1077032.10FU+SH1077055.10FU+SH1077074.10FU+SH1077077.10FU+SH1077091.10FU+SH1077101.10FU+SH1077156.10FU+SH1077168.10FU+SH1077209.10FU+SH1077215.10FU+SH1077231.10FU+SH1077256.10FU+SH1077261.10FU+SH1077279.10FU+SH1077285.10FU	1	SH1076987.10FU+SH1077032.10FU+SH1077055.10FU+SH1077074.10FU+SH1077077.10FU+SH1077091.10FU+SH1077101.10FU+SH1077156.10FU+SH1077168.10FU+SH1077209.10FU+SH1077215.10FU+SH1077231.10FU+SH1077256.10FU+SH1077261.10FU+SH1077279.10FU+SH1077285.10FU	SH1077101.10FU:99.80,SH1077279.10FU:98.77,SH1077215.10FU:98.77,SH1077231.10FU:98.57,SH1077261.10FU:98.57
PX207253.1	Funneliformis mosseae | FS-29_2726A	Funneliformis mosseae	main		assigned	SH1077101.10FU	99.384	SH1076987.10FU+SH1077032.10FU+SH1077055.10FU+SH1077074.10FU+SH1077077.10FU+SH1077091.10FU+SH1077101.10FU+SH1077156.10FU+SH1077168.10FU+SH1077209.10FU+SH1077215.10FU+SH1077231.10FU+SH1077256.10FU+SH1077261.10FU+SH1077279.10FU+SH1077285.10FU	1	SH1076987.10FU+SH1077032.10FU+SH1077055.10FU+SH1077074.10FU+SH1077077.10FU+SH1077091.10FU+SH1077101.10FU+SH1077156.10FU+SH1077168.10FU+SH1077209.10FU+SH1077215.10FU+SH1077231.10FU+SH1077256.10FU+SH1077261.10FU+SH1077279.10FU+SH1077285.10FU	SH1077101.10FU:99.38,SH1077215.10FU:99.18,SH1077279.10FU:99.18,SH1077231.10FU:98.97,SH1077261.10FU:98.97
PX207254.1	Funneliformis mosseae | 2231_1079F	Funneliformis mosseae	main		assigned	SH1077215.10FU	98.973	SH1076987.10FU+SH1077032.10FU+SH1077055.10FU+SH1077074.10FU+SH1077077.10FU+SH1077091.10FU+SH1077101.10FU+SH1077156.10FU+SH1077168.10FU+SH1077209.10FU+SH1077215.10FU+SH1077231.10FU+SH1077256.10FU+SH1077261.10FU+SH1077279.10FU+SH1077285.10FU	1	SH1076987.10FU+SH1077032.10FU+SH1077055.10FU+SH1077074.10FU+SH1077077.10FU+SH1077091.10FU+SH1077101.10FU+SH1077156.10FU+SH1077168.10FU+SH1077209.10FU+SH1077215.10FU+SH1077231.10FU+SH1077256.10FU+SH1077261.10FU+SH1077279.10FU+SH1077285.10FU	SH1077215.10FU:98.97,SH1077101.10FU:98.77,SH1077279.10FU:98.77,SH1077256.10FU:98.56,SH1077130.10FU:98.56
PX207255.1	Funneliformis mosseae | 2231_1079F	Funneliformis mosseae	main		assigned	SH1077215.10FU	98.973	SH1076987.10FU+SH1077032.10FU+SH1077055.10FU+SH1077074.10FU+SH1077077.10FU+SH1077091.10FU+SH1077101.10FU+SH1077156.10FU+SH1077168.10FU+SH1077209.10FU+SH1077215.10FU+SH1077231.10FU+SH1077256.10FU+SH1077261.10FU+SH1077279.10FU+SH1077285.10FU	1	SH1076987.10FU+SH1077032.10FU+SH1077055.10FU+SH1077074.10FU+SH1077077.10FU+SH1077091.10FU+SH1077101.10FU+SH1077156.10FU+SH1077168.10FU+SH1077209.10FU+SH1077215.10FU+SH1077231.10FU+SH1077256.10FU+SH1077261.10FU+SH1077279.10FU+SH1077285.10FU	SH1077215.10FU:98.97,SH1077101.10FU:98.77,SH1077279.10FU:98.77,SH1077256.10FU:98.56,SH1077130.10FU:98.56
PX207256.1	Funneliformis mosseae | 2231_1079F	Funneliformis mosseae	main		assigned	SH1077101.10FU	98.768	SH1076987.10FU+SH1077032.10FU+SH1077055.10FU+SH1077074.10FU+SH1077077.10FU+SH1077091.10FU+SH1077101.10FU+SH1077156.10FU+SH1077168.10FU+SH1077209.10FU+SH1077215.10FU+SH1077231.10FU+SH1077256.10FU+SH1077261.10FU+SH1077279.10FU+SH1077285.10FU	1	SH1076987.10FU+SH1077032.10FU+SH1077055.10FU+SH1077074.10FU+SH1077077.10FU+SH1077091.10FU+SH1077101.10FU+SH1077156.10FU+SH1077168.10FU+SH1077209.10FU+SH1077215.10FU+SH1077231.10FU+SH1077256.10FU+SH1077261.10FU+SH1077279.10FU+SH1077285.10FU	SH1077101.10FU:98.77,SH1077279.10FU:98.77,SH1077256.10FU:98.56,SH1077215.10FU:98.56,SH1077231.10FU:98.36
PX207257.1	Funneliformis mosseae | 2231_1079F	Funneliformis mosseae	main		assigned	SH1077101.10FU	98.768	SH1076987.10FU+SH1077032.10FU+SH1077055.10FU+SH1077074.10FU+SH1077077.10FU+SH1077091.10FU+SH1077101.10FU+SH1077156.10FU+SH1077168.10FU+SH1077209.10FU+SH1077215.10FU+SH1077231.10FU+SH1077256.10FU+SH1077261.10FU+SH1077279.10FU+SH1077285.10FU	1	SH1076987.10FU+SH1077032.10FU+SH1077055.10FU+SH1077074.10FU+SH1077077.10FU+SH1077091.10FU+SH1077101.10FU+SH1077156.10FU+SH1077168.10FU+SH1077209.10FU+SH1077215.10FU+SH1077231.10FU+SH1077256.10FU+SH1077261.10FU+SH1077279.10FU+SH1077285.10FU	SH1077101.10FU:98.77,SH1077279.10FU:98.77,SH1077256.10FU:98.56,SH1077215.10FU:98.56,SH1077231.10FU:98.36
PX207258.1	Septoglomus turnauae | Blasz_12_2272D	Septoglomus turnauae	divergent	same_length	unassigned				0	SH1222853.10FU	SH1222915.10FU:94.14,SH1222913.10FU:91.71,SH1222875.10FU:90.78,SH1222898.10FU:90.56,SH1222950.10FU:90.45
PX207259.1	Septoglomus turnauae | Blasz_12_2272D	Septoglomus turnauae	main		assigned	SH1222853.10FU	99.798	SH1222853.10FU	1	SH1222853.10FU	SH1222853.10FU:99.80,SH1222857.10FU:94.23,SH1222898.10FU:94.19,SH1222850.10FU:94.00,SH1222939.10FU:93.57
PX207260.1	Septoglomus turnauae | Blasz_12_2272D	Septoglomus turnauae	main		unassigned				0	SH1222853.10FU	SH1222853.10FU:98.40,SH1222908.10FU:94.21,SH1222898.10FU:94.20,SH1222857.10FU:94.06,SH1222850.10FU:93.81
PX207261.1	Septoglomus turnauae | Blasz_12_2272D	Septoglomus turnauae	main		assigned	SH1222853.10FU	99.195	SH1222853.10FU	1	SH1222853.10FU	SH1222853.10FU:99.19,SH1222857.10FU:94.44,SH1222898.10FU:94.20,SH1222908.10FU:93.83,SH1222850.10FU:93.81
PX207262.1	Septoglomus turnauae | Blasz_12_2272D	Septoglomus turnauae	main		assigned	SH1222853.10FU	99.195	SH1222853.10FU	1	SH1222853.10FU	SH1222853.10FU:99.19,SH1222898.10FU:94.39,SH1222857.10FU:94.25,SH1222850.10FU:94.20,SH1222908.10FU:93.81
PX207263.1	Septoglomus viscosum | CW0026_Att1910-1	Septoglomus viscosum	divergent	short_5.8S	assigned	SH1389224.10FU	100.0	SH1389224.10FU	1		SH1389224.10FU:100.00,SH1389209.10FU:94.59,SH1389229.10FU:94.47,SH1389256.10FU:94.22,SH1389225.10FU:93.84
PX207264.1	Septoglomus viscosum | CW0026_Att1910-1	Septoglomus viscosum	divergent	short_5.8S	assigned	SH1389224.10FU	100.0	SH1389224.10FU	1		SH1389224.10FU:100.00,SH1389209.10FU:94.59,SH1389229.10FU:94.47,SH1389256.10FU:94.22,SH1389225.10FU:93.84
PX207265.1	Septoglomus viscosum | CW0026_Att1910-1	Septoglomus viscosum	main		unassigned				0		SH1389205.10FU:96.07,SH1389246.10FU:95.25,SH1389255.10FU:94.90,SH1389247.10FU:94.88,SH1389236.10FU:94.85
PX207266.1	Septoglomus viscosum | CW0026_Att1910-1	Septoglomus viscosum	main		unassigned				0		SH1389205.10FU:96.07,SH1389246.10FU:95.25,SH1389255.10FU:94.90,SH1389247.10FU:94.88,SH1389236.10FU:94.85
PX207267.1	Septoglomus viscosum | CW0026_Att1910-1	Septoglomus viscosum	main		unassigned				0		SH1389205.10FU:96.07,SH1389246.10FU:95.25,SH1389255.10FU:94.90,SH1389247.10FU:94.88,SH1389236.10FU:94.85
PX207268.1	Septoglomus viscosum | CW0026_Att1910-1	Septoglomus viscosum	main		unassigned				0		SH1389229.10FU:97.82,SH1389242.10FU:97.42,SH1389231.10FU:97.06,SH1389236.10FU:96.86,SH1389220.10FU:96.64
PX207269.1	Septoglomus viscosum | CW0026_Att1910-1	Septoglomus viscosum	main		unassigned				0		SH1389229.10FU:97.82,SH1389242.10FU:97.42,SH1389231.10FU:97.06,SH1389236.10FU:96.86,SH1389220.10FU:96.64
PX207270.1	Septoglomus viscosum | CW0026_Att1910-1	Septoglomus viscosum	main		unassigned				0		SH1389229.10FU:97.62,SH1389242.10FU:97.22,SH1389231.10FU:96.86,SH1389236.10FU:96.67,SH1389220.10FU:96.44
PX207271.1	Septoglomus viscosum | CW0026_Att1910-1	Septoglomus viscosum	main		unassigned				0		SH1389229.10FU:97.62,SH1389242.10FU:97.22,SH1389231.10FU:96.86,SH1389236.10FU:96.67,SH1389220.10FU:96.44
PX207272.1	Septoglomus viscosum | CW0026_Att1910-1	Septoglomus viscosum	main		unassigned				0		SH1389229.10FU:97.82,SH1389242.10FU:97.42,SH1389231.10FU:97.06,SH1389236.10FU:96.86,SH1389220.10FU:96.64
PX207273.1	Septoglomus viscosum | CW0026_Att1910-1	Septoglomus viscosum	main		unassigned				0		SH1389229.10FU:97.82,SH1389242.10FU:97.42,SH1389231.10FU:97.06,SH1389236.10FU:96.86,SH1389220.10FU:96.64
PX207274.1	Septoglomus viscosum | CW0026_Att1910-1	Septoglomus viscosum	main		unassigned				0		SH1389229.10FU:97.83,SH1389242.10FU:97.44,SH1389231.10FU:97.08,SH1389236.10FU:96.86,SH1389220.10FU:96.63
PX214440.1	Funneliformis caledonium | VDHK150A_21A	Funneliformis caledonium	main		assigned	SH1077204.10FU	100.0	SH1077132.10FU+SH1077163.10FU+SH1077204.10FU+SH1077235.10FU	1	SH1077132.10FU+SH1077163.10FU+SH1077204.10FU+SH1077235.10FU	SH1077204.10FU:100.00,SH1077163.10FU:98.44,SH1077115.10FU:98.24,SH1077004.10FU:97.85,SH1077235.10FU:97.85
PX214441.1	Funneliformis caledonium | VDHK150A_21A	Funneliformis caledonium	main		assigned	SH1077204.10FU	99.414	SH1077132.10FU+SH1077163.10FU+SH1077204.10FU+SH1077235.10FU	1	SH1077132.10FU+SH1077163.10FU+SH1077204.10FU+SH1077235.10FU	SH1077204.10FU:99.41,SH1077163.10FU:98.64,SH1077004.10FU:98.05,SH1077115.10FU:98.05,SH1077201.10FU:97.85
PX214442.1	Funneliformis caledonium | VDHK150A_21A	Funneliformis caledonium	main		assigned	SH1077235.10FU	99.414	SH1077132.10FU+SH1077163.10FU+SH1077204.10FU+SH1077235.10FU	1	SH1077132.10FU+SH1077163.10FU+SH1077204.10FU+SH1077235.10FU	SH1077235.10FU:100.00,SH1076973.10FU:98.05,SH1077021.10FU:98.05,SH1077134.10FU:98.05,SH1077204.10FU:97.46
PX214443.1	Funneliformis caledonium | CW0030_822A	Funneliformis caledonium	main		assigned	SH1077235.10FU	99.415	SH1077132.10FU+SH1077163.10FU+SH1077204.10FU+SH1077235.10FU	1	SH1077132.10FU+SH1077163.10FU+SH1077204.10FU+SH1077235.10FU	SH1077235.10FU:99.42,SH1077134.10FU:99.03,SH1077021.10FU:98.83,SH1076973.10FU:98.64,SH1077273.10FU:97.68
PX214444.1	Funneliformis caledonium | CW0030_822A	Funneliformis caledonium	main		assigned	SH1077235.10FU	99.804	SH1077132.10FU+SH1077163.10FU+SH1077204.10FU+SH1077235.10FU	1	SH1077132.10FU+SH1077163.10FU+SH1077204.10FU+SH1077235.10FU	SH1077235.10FU:99.80,SH1076973.10FU:99.03,SH1077021.10FU:99.03,SH1077134.10FU:99.02,SH1077273.10FU:98.07
PX214445.1	Funneliformis caledonium | CW0030_822A	Funneliformis caledonium	main		assigned	SH1077235.10FU	99.415	SH1077132.10FU+SH1077163.10FU+SH1077204.10FU+SH1077235.10FU	1	SH1077132.10FU+SH1077163.10FU+SH1077204.10FU+SH1077235.10FU	SH1077235.10FU:99.42,SH1077134.10FU:99.03,SH1076973.10FU:98.64,SH1077021.10FU:98.64,SH1077273.10FU:97.68
PX214446.1	Funneliformis caledonium | CW0030_822A	Funneliformis caledonium	main		assigned	SH1077235.10FU	99.609	SH1077132.10FU+SH1077163.10FU+SH1077204.10FU+SH1077235.10FU	1	SH1077132.10FU+SH1077163.10FU+SH1077204.10FU+SH1077235.10FU	SH1077235.10FU:99.61,SH1077134.10FU:99.02,SH1076973.10FU:98.64,SH1077021.10FU:98.64,SH1077273.10FU:97.68
PX214447.1	Funneliformis caledonium | VDHK150A_21A	Funneliformis caledonium	main		assigned	SH1077163.10FU	100.0	SH1077132.10FU+SH1077163.10FU+SH1077204.10FU+SH1077235.10FU	1	SH1077132.10FU+SH1077163.10FU+SH1077204.10FU+SH1077235.10FU	SH1077163.10FU:100.00,SH1077204.10FU:98.83,SH1076996.10FU:98.20,SH1077115.10FU:97.86,SH1077004.10FU:97.48
PX214448.1	Funneliformis caledonium | VDHK150A_21A	Funneliformis caledonium	main		assigned	SH1077132.10FU	99.217	SH1077132.10FU+SH1077163.10FU+SH1077204.10FU+SH1077235.10FU	1	SH1077132.10FU+SH1077163.10FU+SH1077204.10FU+SH1077235.10FU	SH1077132.10FU:100.00,SH1077115.10FU:98.24,SH1077245.10FU:97.65,SH1077204.10FU:97.59,SH1077021.10FU:97.48
PX214449.1	Funneliformis geosporum | ALBG_A3	Funneliformis geosporum	main		unassigned				0		SH1077085.10FU:97.66,SH1077190.10FU:97.46,SH1077262.10FU:97.24,SH1076976.10FU:96.88,SH1077146.10FU:96.88
PX214450.1	Funneliformis geosporum | ALBG_A3	Funneliformis geosporum	main		unassigned				0		SH1077085.10FU:98.04,SH1076976.10FU:97.08,SH1077146.10FU:96.88,SH1076999.10FU:96.69,SH1077190.10FU:96.50
PX214451.1	Funneliformis geosporum | ALBG_A3	Funneliformis geosporum	main		unassigned				0		SH1077085.10FU:98.04,SH1076976.10FU:96.88,SH1077146.10FU:96.69,SH1077190.10FU:96.50,SH1076999.10FU:96.49
PX214452.1	Funneliformis geosporum | ALBG_A3	Funneliformis geosporum	main		unassigned				0		SH1077085.10FU:97.85,SH1076976.10FU:96.69,SH1077146.10FU:96.50,SH1077190.10FU:96.49,SH1076999.10FU:96.30
PX214453.1	Funneliformis geosporum | ALBG_A3	Funneliformis geosporum	main		unassigned				0		SH1077085.10FU:97.46,SH1077190.10FU:96.69,SH1077262.10FU:96.47,SH1076976.10FU:96.30,SH1077146.10FU:96.11
PX214454.1	Funneliformis geosporum | W681_7_10A	Funneliformis geosporum	main		assigned	SH1077190.10FU	98.821	SH1077059.10FU+SH1077190.10FU	1	SH1077059.10FU+SH1077190.10FU	SH1077190.10FU:98.82,SH1077241.10FU:98.04,SH1077017.10FU:97.84,SH1077206.10FU:97.47,SH1077262.10FU:97.44
PX214455.1	Funneliformis geosporum | W681_7_10A	Funneliformis geosporum	main		assigned	SH1077190.10FU	98.638	SH1077059.10FU+SH1077190.10FU	1	SH1077059.10FU+SH1077190.10FU	SH1077190.10FU:98.64,SH1077059.10FU:97.86,SH1077206.10FU:97.67,SH1077017.10FU:97.08,SH1077241.10FU:96.70
PX214456.1	Funneliformis geosporum | W681_7_10A	Funneliformis geosporum	main		assigned	SH1077059.10FU	99.415	SH1077059.10FU+SH1077190.10FU	1	SH1077059.10FU+SH1077190.10FU	SH1077059.10FU:99.42,SH1077190.10FU:98.25,SH1077206.10FU:97.87,SH1077241.10FU:97.10,SH1077108.10FU:96.70
PX214457.1	Funneliformis coronatus | Algerie_2_1072A	Funneliformis coronatus	main		assigned	SH1076991.10FU	98.76	SH1076991.10FU+SH1077211.10FU	1	SH1076991.10FU+SH1077211.10FU	SH1076991.10FU:98.76,SH1077237.10FU:98.36,SH1077211.10FU:97.73,SH1077118.10FU:97.53,SH1077265.10FU:97.35
PX214458.1	Funneliformis coronatus | Algerie_2_1072A	Funneliformis coronatus	main		assigned	SH1076991.10FU	98.967	SH1076991.10FU+SH1077211.10FU	1	SH1076991.10FU+SH1077211.10FU	SH1076991.10FU:98.97,SH1077237.10FU:98.57,SH1077211.10FU:97.94,SH1077118.10FU:97.74,SH1077265.10FU:97.55
PX214459.1	Funneliformis coronatus | Algerie_2_1072A	Funneliformis coronatus	main		assigned	SH1076991.10FU	98.76	SH1076991.10FU+SH1077211.10FU	1	SH1076991.10FU+SH1077211.10FU	SH1076991.10FU:98.76,SH1077237.10FU:98.36,SH1077211.10FU:97.73,SH1077118.10FU:97.53,SH1077265.10FU:97.35
PX214460.1	Funneliformis coronatus | Algerie_2_1072A	Funneliformis coronatus	main		unassigned				0	SH1076991.10FU+SH1077211.10FU	SH1076991.10FU:98.35,SH1077237.10FU:97.95,SH1077211.10FU:97.73,SH1077118.10FU:97.33,SH1077265.10FU:96.94
PX214461.1	Funneliformis coronatus | Algerie_2_1072A	Funneliformis coronatus	main		assigned	SH1076991.10FU	98.554	SH1076991.10FU+SH1077211.10FU	1	SH1076991.10FU+SH1077211.10FU	SH1076991.10FU:98.55,SH1077237.10FU:98.16,SH1077211.10FU:97.53,SH1077118.10FU:97.33,SH1077265.10FU:97.14
PX214462.1	Funneliformis coronatus | W143_5_12A	Funneliformis coronatus	main		assigned	SH1077211.10FU	98.776	SH1076991.10FU+SH1077211.10FU	1	SH1076991.10FU+SH1077211.10FU	SH1077211.10FU:98.78,SH1077237.10FU:98.57,SH1076991.10FU:98.37,SH1077118.10FU:97.97,SH1077265.10FU:97.36
PX214463.1	Funneliformis coronatus | W143_5_12A	Funneliformis coronatus	main		assigned	SH1077211.10FU	98.776	SH1076991.10FU+SH1077211.10FU	1	SH1076991.10FU+SH1077211.10FU	SH1077211.10FU:98.78,SH1077237.10FU:98.57,SH1076991.10FU:98.37,SH1077118.10FU:97.97,SH1077265.10FU:97.36
PX214464.1	Funneliformis coronatus | W143_5_12A	Funneliformis coronatus	main		assigned	SH1077211.10FU	99.184	SH1076991.10FU+SH1077211.10FU	1	SH1076991.10FU+SH1077211.10FU	SH1077211.10FU:99.18,SH1076991.10FU:98.78,SH1077237.10FU:98.57,SH1077118.10FU:98.38,SH1077265.10FU:97.76
PX214465.1	Funneliformis coronatus | W143_5_12A	Funneliformis coronatus	main		assigned	SH1077211.10FU	98.776	SH1076991.10FU+SH1077211.10FU	1	SH1076991.10FU+SH1077211.10FU	SH1077211.10FU:98.78,SH1077237.10FU:98.37,SH1076991.10FU:98.17,SH1077118.10FU:97.57,SH1077265.10FU:97.36
PX214466.1	Funneliformis coronatus | W143_5_12A	Funneliformis coronatus	main		assigned	SH1076991.10FU	98.982	SH1076991.10FU+SH1077211.10FU	1	SH1076991.10FU+SH1077211.10FU	SH1076991.10FU:98.98,SH1077237.10FU:98.37,SH1077211.10FU:98.17,SH1077118.10FU:97.57,SH1077265.10FU:97.36
PX214467.1	Funneliformis coronatus | W143_5_12A	Funneliformis coronatus	main		assigned	SH1076991.10FU	99.796	SH1076991.10FU+SH1077211.10FU	1	SH1076991.10FU+SH1077211.10FU	SH1076991.10FU:99.80,SH1077118.10FU:98.37,SH1077237.10FU:98.37,SH1077211.10FU:98.17,SH1077265.10FU:98.17
PX214468.1	Funneliformis coronatus | W143_5_12A	Funneliformis coronatus	main		ambiguous		98.574	SH1076991.10FU+SH1077211.10FU	1	SH1076991.10FU+SH1077211.10FU	SH1077211.10FU:98.57,SH1076991.10FU:98.57,SH1077118.10FU:98.17,SH1077237.10FU:97.96,SH1077265.10FU:97.56
PX214469.1	Funneliformis coronatus | W699_21_3A	Funneliformis coronatus	main		unassigned				0		SH1076991.10FU:97.56,SH1077265.10FU:97.14,SH1077237.10FU:96.94,SH1077118.10FU:96.75,SH1077145.10FU:96.53
PX214470.1	Funneliformis coronatus | W699_21_3A	Funneliformis coronatus	main		unassigned				0		SH1076991.10FU:97.76,SH1077237.10FU:97.15,SH1077265.10FU:97.14,SH1077118.10FU:96.95,SH1077145.10FU:96.73
PX214471.1	Funneliformis coronatus | W699_21_3A	Funneliformis coronatus	main		unassigned				0		SH1076991.10FU:97.35,SH1077237.10FU:96.74,SH1077265.10FU:96.73,SH1077118.10FU:96.55,SH1077145.10FU:96.33
PX214472.1	Funneliformis coronatus | W699_21_3A	Funneliformis coronatus	main		unassigned				0		SH1076991.10FU:97.56,SH1077237.10FU:96.94,SH1077265.10FU:96.94,SH1077118.10FU:96.75,SH1077145.10FU:96.53
PX214473.1	Funneliformis coronatus | W111_12_886A	Funneliformis coronatus	main		assigned	SH1077025.10FU	99.211	SH1077025.10FU	1	SH1077025.10FU	SH1077025.10FU:99.21,SH1077155.10FU:98.81,SH1077207.10FU:98.02,SH1076991.10FU:94.69,SH1077118.10FU:94.69
PX214474.1	Funneliformis coronatus | W111_12_886A	Funneliformis coronatus	main		assigned	SH1077025.10FU	99.211	SH1077025.10FU	1	SH1077025.10FU	SH1077025.10FU:99.21,SH1077155.10FU:98.81,SH1077207.10FU:98.02,SH1077118.10FU:95.08,SH1076991.10FU:94.69
PX214475.1	Funneliformis coronatus | W111_12_886A	Funneliformis coronatus	main		assigned	SH1077025.10FU	99.211	SH1077025.10FU	1	SH1077025.10FU	SH1077025.10FU:99.21,SH1077155.10FU:98.81,SH1077207.10FU:98.02,SH1076991.10FU:94.69,SH1077118.10FU:94.69
PX214476.1	Funneliformis coronatus | W111_12_886A	Funneliformis coronatus	main		assigned	SH1077025.10FU	99.408	SH1077025.10FU	1	SH1077025.10FU	SH1077025.10FU:99.41,SH1077155.10FU:99.01,SH1077207.10FU:98.21,SH1076991.10FU:95.45,SH1077118.10FU:95.45
PX214477.1	Funneliformis coronatus | W111_12_886A	Funneliformis coronatus	main		assigned	SH1077025.10FU	99.605	SH1077025.10FU	1	SH1077025.10FU	SH1077025.10FU:99.61,SH1077207.10FU:98.41,SH1077155.10FU:98.22,SH1077118.10FU:95.07,SH1076991.10FU:95.07
PX214478.1	Funneliformis coronatus | W111_12_886A	Funneliformis coronatus	main		assigned	SH1077025.10FU	99.407	SH1077025.10FU	1	SH1077025.10FU	SH1077025.10FU:99.41,SH1077207.10FU:98.21,SH1077155.10FU:98.02,SH1076991.10FU:95.26,SH1077265.10FU:95.05
PX214479.1	Funneliformis coronatus | W111_12_886A	Funneliformis coronatus	main		assigned	SH1077025.10FU	99.607	SH1077025.10FU	1	SH1077025.10FU	SH1077025.10FU:100.00,SH1077155.10FU:99.01,SH1077207.10FU:97.83,SH1077118.10FU:95.08,SH1076991.10FU:95.08
PX214480.1	Funneliformis coronatus | W111_12_886A	Funneliformis coronatus	main		assigned	SH1077025.10FU	98.824	SH1077025.10FU	1	SH1077025.10FU	SH1077025.10FU:99.02,SH1077155.10FU:98.62,SH1077207.10FU:97.44,SH1076991.10FU:94.13,SH1077118.10FU:94.13
PX214481.1	Funneliformis mosseae | C2	Funneliformis mosseae	main		assigned	SH1077091.10FU	99.796	SH1076987.10FU+SH1077032.10FU+SH1077055.10FU+SH1077074.10FU+SH1077077.10FU+SH1077091.10FU+SH1077101.10FU+SH1077156.10FU+SH1077168.10FU+SH1077209.10FU+SH1077215.10FU+SH1077231.10FU+SH1077256.10FU+SH1077261.10FU+SH1077279.10FU+SH1077285.10FU	1	SH1076987.10FU+SH1077032.10FU+SH1077055.10FU+SH1077074.10FU+SH1077077.10FU+SH1077091.10FU+SH1077101.10FU+SH1077156.10FU+SH1077168.10FU+SH1077209.10FU+SH1077215.10FU+SH1077231.10FU+SH1077256.10FU+SH1077261.10FU+SH1077279.10FU+SH1077285.10FU	SH1077091.10FU:99.80,SH1077077.10FU:99.19,SH1077274.10FU:98.98,SH1077215.10FU:98.98,SH1077209.10FU:98.57
PX214482.1	Funneliformis mosseae | C2	Funneliformis mosseae	main		assigned	SH1077215.10FU	100.0	SH1076987.10FU+SH1077032.10FU+SH1077055.10FU+SH1077074.10FU+SH1077077.10FU+SH1077091.10FU+SH1077101.10FU+SH1077156.10FU+SH1077168.10FU+SH1077209.10FU+SH1077215.10FU+SH1077231.10FU+SH1077256.10FU+SH1077261.10FU+SH1077279.10FU+SH1077285.10FU	1	SH1076987.10FU+SH1077032.10FU+SH1077055.10FU+SH1077074.10FU+SH1077077.10FU+SH1077091.10FU+SH1077101.10FU+SH1077156.10FU+SH1077168.10FU+SH1077209.10FU+SH1077215.10FU+SH1077231.10FU+SH1077256.10FU+SH1077261.10FU+SH1077279.10FU+SH1077285.10FU	SH1077215.10FU:100.00,SH1077091.10FU:98.78,SH1077274.10FU:98.78,SH1077077.10FU:98.78,SH1077074.10FU:98.40
PX214483.1	Funneliformis mosseae | C2	Funneliformis mosseae	main		assigned	SH1077156.10FU	99.588	SH1076987.10FU+SH1077032.10FU+SH1077055.10FU+SH1077074.10FU+SH1077077.10FU+SH1077091.10FU+SH1077101.10FU+SH1077156.10FU+SH1077168.10FU+SH1077209.10FU+SH1077215.10FU+SH1077231.10FU+SH1077256.10FU+SH1077261.10FU+SH1077279.10FU+SH1077285.10FU	1	SH1076987.10FU+SH1077032.10FU+SH1077055.10FU+SH1077074.10FU+SH1077077.10FU+SH1077091.10FU+SH1077101.10FU+SH1077156.10FU+SH1077168.10FU+SH1077209.10FU+SH1077215.10FU+SH1077231.10FU+SH1077256.10FU+SH1077261.10FU+SH1077279.10FU+SH1077285.10FU	SH1077156.10FU:99.59,SH1077091.10FU:97.97,SH1077215.10FU:97.56,SH1077125.10FU:97.55,SH1077077.10FU:97.36
PX214484.1	Funneliformis mosseae | C2	Funneliformis mosseae	main		assigned	SH1077156.10FU	98.557	SH1076987.10FU+SH1077032.10FU+SH1077055.10FU+SH1077074.10FU+SH1077077.10FU+SH1077091.10FU+SH1077101.10FU+SH1077156.10FU+SH1077168.10FU+SH1077209.10FU+SH1077215.10FU+SH1077231.10FU+SH1077256.10FU+SH1077261.10FU+SH1077279.10FU+SH1077285.10FU	1	SH1076987.10FU+SH1077032.10FU+SH1077055.10FU+SH1077074.10FU+SH1077077.10FU+SH1077091.10FU+SH1077101.10FU+SH1077156.10FU+SH1077168.10FU+SH1077209.10FU+SH1077215.10FU+SH1077231.10FU+SH1077256.10FU+SH1077261.10FU+SH1077279.10FU+SH1077285.10FU	SH1077156.10FU:98.56,SH1077091.10FU:97.76,SH1077215.10FU:97.75,SH1077125.10FU:97.54,SH1077274.10FU:97.35
PX214485.1	Funneliformis mosseae | C2	Funneliformis mosseae	main		assigned	SH1077209.10FU	99.593	SH1076987.10FU+SH1077032.10FU+SH1077055.10FU+SH1077074.10FU+SH1077077.10FU+SH1077091.10FU+SH1077101.10FU+SH1077156.10FU+SH1077168.10FU+SH1077209.10FU+SH1077215.10FU+SH1077231.10FU+SH1077256.10FU+SH1077261.10FU+SH1077279.10FU+SH1077285.10FU	1	SH1076987.10FU+SH1077032.10FU+SH1077055.10FU+SH1077074.10FU+SH1077077.10FU+SH1077091.10FU+SH1077101.10FU+SH1077156.10FU+SH1077168.10FU+SH1077209.10FU+SH1077215.10FU+SH1077231.10FU+SH1077256.10FU+SH1077261.10FU+SH1077279.10FU+SH1077285.10FU	SH1077209.10FU:99.59,SH1077215.10FU:98.16,SH1077091.10FU:97.96,SH1077077.10FU:97.76,SH1077274.10FU:97.75
PX214486.1	Funneliformis mosseae | 2101_50A	Funneliformis mosseae	main		assigned	SH1077279.10FU	100.0	SH1076987.10FU+SH1077032.10FU+SH1077055.10FU+SH1077074.10FU+SH1077077.10FU+SH1077091.10FU+SH1077101.10FU+SH1077156.10FU+SH1077168.10FU+SH1077209.10FU+SH1077215.10FU+SH1077231.10FU+SH1077256.10FU+SH1077261.10FU+SH1077279.10FU+SH1077285.10FU	1	SH1076987.10FU+SH1077032.10FU+SH1077055.10FU+SH1077074.10FU+SH1077077.10FU+SH1077091.10FU+SH1077101.10FU+SH1077156.10FU+SH1077168.10FU+SH1077209.10FU+SH1077215.10FU+SH1077231.10FU+SH1077256.10FU+SH1077261.10FU+SH1077279.10FU+SH1077285.10FU	SH1077279.10FU:100.00,SH1077202.10FU:99.11,SH1077164.10FU:98.78,SH1077203.10FU:98.77,SH1077224.10FU:98.58
PX214487.1	Funneliformis mosseae | 2101_50A	Funneliformis mosseae	main		assigned	SH1077279.10FU	99.795	SH1076987.10FU+SH1077032.10FU+SH1077055.10FU+SH1077074.10FU+SH1077077.10FU+SH1077091.10FU+SH1077101.10FU+SH1077156.10FU+SH1077168.10FU+SH1077209.10FU+SH1077215.10FU+SH1077231.10FU+SH1077256.10FU+SH1077261.10FU+SH1077279.10FU+SH1077285.10FU	1	SH1076987.10FU+SH1077032.10FU+SH1077055.10FU+SH1077074.10FU+SH1077077.10FU+SH1077091.10FU+SH1077101.10FU+SH1077156.10FU+SH1077168.10FU+SH1077209.10FU+SH1077215.10FU+SH1077231.10FU+SH1077256.10FU+SH1077261.10FU+SH1077279.10FU+SH1077285.10FU	SH1077279.10FU:99.80,SH1077202.10FU:99.11,SH1076987.10FU:98.78,SH1077096.10FU:98.78,SH1077079.10FU:98.76
PX214488.1	Funneliformis mosseae | 2101_50A	Funneliformis mosseae	main		assigned	SH1077279.10FU	100.0	SH1076987.10FU+SH1077032.10FU+SH1077055.10FU+SH1077074.10FU+SH1077077.10FU+SH1077091.10FU+SH1077101.10FU+SH1077156.10FU+SH1077168.10FU+SH1077209.10FU+SH1077215.10FU+SH1077231.10FU+SH1077256.10FU+SH1077261.10FU+SH1077279.10FU+SH1077285.10FU	1	SH1076987.10FU+SH1077032.10FU+SH1077055.10FU+SH1077074.10FU+SH1077077.10FU+SH1077091.10FU+SH1077101.10FU+SH1077156.10FU+SH1077168.10FU+SH1077209.10FU+SH1077215.10FU+SH1077231.10FU+SH1077256.10FU+SH1077261.10FU+SH1077279.10FU+SH1077285.10FU	SH1077279.10FU:100.00,SH1077202.10FU:99.11,SH1077164.10FU:98.78,SH1077203.10FU:98.77,SH1077224.10FU:98.58
PX214489.1	Funneliformis mosseae | 3502	Funneliformis mosseae	main		assigned	SH1077279.10FU	100.0	SH1076987.10FU+SH1077032.10FU+SH1077055.10FU+SH1077074.10FU+SH1077077.10FU+SH1077091.10FU+SH1077101.10FU+SH1077156.10FU+SH1077168.10FU+SH1077209.10FU+SH1077215.10FU+SH1077231.10FU+SH1077256.10FU+SH1077261.10FU+SH1077279.10FU+SH1077285.10FU	1	SH1076987.10FU+SH1077032.10FU+SH1077055.10FU+SH1077074.10FU+SH1077077.10FU+SH1077091.10FU+SH1077101.10FU+SH1077156.10FU+SH1077168.10FU+SH1077209.10FU+SH1077215.10FU+SH1077231.10FU+SH1077256.10FU+SH1077261.10FU+SH1077279.10FU+SH1077285.10FU	SH1077279.10FU:100.00,SH1077202.10FU:99.11,SH1077164.10FU:98.78,SH1077203.10FU:98.77,SH1077224.10FU:98.58
PX214490.1	Funneliformis mosseae | FEC30_219A	Funneliformis mosseae	main		assigned	SH1077279.10FU	99.59	SH1076987.10FU+SH1077032.10FU+SH1077055.10FU+SH1077074.10FU+SH1077077.10FU+SH1077091.10FU+SH1077101.10FU+SH1077156.10FU+SH1077168.10FU+SH1077209.10FU+SH1077215.10FU+SH1077231.10FU+SH1077256.10FU+SH1077261.10FU+SH1077279.10FU+SH1077285.10FU	1	SH1076987.10FU+SH1077032.10FU+SH1077055.10FU+SH1077074.10FU+SH1077077.10FU+SH1077091.10FU+SH1077101.10FU+SH1077156.10FU+SH1077168.10FU+SH1077209.10FU+SH1077215.10FU+SH1077231.10FU+SH1077256.10FU+SH1077261.10FU+SH1077279.10FU+SH1077285.10FU	SH1077279.10FU:99.59,SH1077202.10FU:98.89,SH1077215.10FU:98.56,SH1077101.10FU:98.56,SH1077144.10FU:98.50
PX214491.1	Funneliformis mosseae | 2101_50A	Funneliformis mosseae	main		assigned	SH1077279.10FU	99.589	SH1076987.10FU+SH1077032.10FU+SH1077055.10FU+SH1077074.10FU+SH1077077.10FU+SH1077091.10FU+SH1077101.10FU+SH1077156.10FU+SH1077168.10FU+SH1077209.10FU+SH1077215.10FU+SH1077231.10FU+SH1077256.10FU+SH1077261.10FU+SH1077279.10FU+SH1077285.10FU	1	SH1076987.10FU+SH1077032.10FU+SH1077055.10FU+SH1077074.10FU+SH1077077.10FU+SH1077091.10FU+SH1077101.10FU+SH1077156.10FU+SH1077168.10FU+SH1077209.10FU+SH1077215.10FU+SH1077231.10FU+SH1077256.10FU+SH1077261.10FU+SH1077279.10FU+SH1077285.10FU	SH1077279.10FU:99.59,SH1077203.10FU:98.97,SH1077202.10FU:98.66,SH1077043.10FU:98.57,SH1077215.10FU:98.56
PX214492.1	Funneliformis mosseae | W32_9_13A	Funneliformis mosseae	main		assigned	SH1077279.10FU	100.0	SH1076987.10FU+SH1077032.10FU+SH1077055.10FU+SH1077074.10FU+SH1077077.10FU+SH1077091.10FU+SH1077101.10FU+SH1077156.10FU+SH1077168.10FU+SH1077209.10FU+SH1077215.10FU+SH1077231.10FU+SH1077256.10FU+SH1077261.10FU+SH1077279.10FU+SH1077285.10FU	1	SH1076987.10FU+SH1077032.10FU+SH1077055.10FU+SH1077074.10FU+SH1077077.10FU+SH1077091.10FU+SH1077101.10FU+SH1077156.10FU+SH1077168.10FU+SH1077209.10FU+SH1077215.10FU+SH1077231.10FU+SH1077256.10FU+SH1077261.10FU+SH1077279.10FU+SH1077285.10FU	SH1077279.10FU:100.00,SH1077079.10FU:98.76,SH1077202.10FU:98.66,SH1077226.10FU:98.56,SH1076987.10FU:98.37
PX214493.1	Funneliformis mosseae | 3502	Funneliformis mosseae	main		assigned	SH1077279.10FU	99.795	SH1076987.10FU+SH1077032.10FU+SH1077055.10FU+SH1077074.10FU+SH1077077.10FU+SH1077091.10FU+SH1077101.10FU+SH1077156.10FU+SH1077168.10FU+SH1077209.10FU+SH1077215.10FU+SH1077231.10FU+SH1077256.10FU+SH1077261.10FU+SH1077279.10FU+SH1077285.10FU	1	SH1076987.10FU+SH1077032.10FU+SH1077055.10FU+SH1077074.10FU+SH1077077.10FU+SH1077091.10FU+SH1077101.10FU+SH1077156.10FU+SH1077168.10FU+SH1077209.10FU+SH1077215.10FU+SH1077231.10FU+SH1077256.10FU+SH1077261.10FU+SH1077279.10FU+SH1077285.10FU	SH1077279.10FU:99.80,SH1077202.10FU:98.67,SH1077224.10FU:98.58,SH1077018.10FU:98.58,SH1077043.10FU:98.57
PX214494.1	Funneliformis mosseae | 3502	Funneliformis mosseae	main		assigned	SH1077279.10FU	99.59	SH1076987.10FU+SH1077032.10FU+SH1077055.10FU+SH1077074.10FU+SH1077077.10FU+SH1077091.10FU+SH1077101.10FU+SH1077156.10FU+SH1077168.10FU+SH1077209.10FU+SH1077215.10FU+SH1077231.10FU+SH1077256.10FU+SH1077261.10FU+SH1077279.10FU+SH1077285.10FU	1	SH1076987.10FU+SH1077032.10FU+SH1077055.10FU+SH1077074.10FU+SH1077077.10FU+SH1077091.10FU+SH1077101.10FU+SH1077156.10FU+SH1077168.10FU+SH1077209.10FU+SH1077215.10FU+SH1077231.10FU+SH1077256.10FU+SH1077261.10FU+SH1077279.10FU+SH1077285.10FU	SH1077279.10FU:99.59,SH1077202.10FU:98.44,SH1077224.10FU:98.38,SH1077018.10FU:98.37,SH1077164.10FU:98.37
PX214495.1	Funneliformis mosseae | W32_9_13A	Funneliformis mosseae	main		assigned	SH1077279.10FU	99.385	SH1076987.10FU+SH1077032.10FU+SH1077055.10FU+SH1077074.10FU+SH1077077.10FU+SH1077091.10FU+SH1077101.10FU+SH1077156.10FU+SH1077168.10FU+SH1077209.10FU+SH1077215.10FU+SH1077231.10FU+SH1077256.10FU+SH1077261.10FU+SH1077279.10FU+SH1077285.10FU	1	SH1076987.10FU+SH1077032.10FU+SH1077055.10FU+SH1077074.10FU+SH1077077.10FU+SH1077091.10FU+SH1077101.10FU+SH1077156.10FU+SH1077168.10FU+SH1077209.10FU+SH1077215.10FU+SH1077231.10FU+SH1077256.10FU+SH1077261.10FU+SH1077279.10FU+SH1077285.10FU	SH1077279.10FU:99.39,SH1077101.10FU:99.17,SH1077202.10FU:98.44,SH1077039.10FU:98.37,SH1077043.10FU:98.36
PX214496.1	Funneliformis mosseae | W32_9_13A	Funneliformis mosseae	main		assigned	SH1077279.10FU	99.795	SH1076987.10FU+SH1077032.10FU+SH1077055.10FU+SH1077074.10FU+SH1077077.10FU+SH1077091.10FU+SH1077101.10FU+SH1077156.10FU+SH1077168.10FU+SH1077209.10FU+SH1077215.10FU+SH1077231.10FU+SH1077256.10FU+SH1077261.10FU+SH1077279.10FU+SH1077285.10FU	1	SH1076987.10FU+SH1077032.10FU+SH1077055.10FU+SH1077074.10FU+SH1077077.10FU+SH1077091.10FU+SH1077101.10FU+SH1077156.10FU+SH1077168.10FU+SH1077209.10FU+SH1077215.10FU+SH1077231.10FU+SH1077256.10FU+SH1077261.10FU+SH1077279.10FU+SH1077285.10FU	SH1077279.10FU:99.80,SH1077202.10FU:98.89,SH1077043.10FU:98.77,SH1077203.10FU:98.77,SH1077215.10FU:98.77
PX214497.1	Funneliformis mosseae | W32_9_13A	Funneliformis mosseae	main		assigned	SH1077279.10FU	99.384	SH1076987.10FU+SH1077032.10FU+SH1077055.10FU+SH1077074.10FU+SH1077077.10FU+SH1077091.10FU+SH1077101.10FU+SH1077156.10FU+SH1077168.10FU+SH1077209.10FU+SH1077215.10FU+SH1077231.10FU+SH1077256.10FU+SH1077261.10FU+SH1077279.10FU+SH1077285.10FU	1	SH1076987.10FU+SH1077032.10FU+SH1077055.10FU+SH1077074.10FU+SH1077077.10FU+SH1077091.10FU+SH1077101.10FU+SH1077156.10FU+SH1077168.10FU+SH1077209.10FU+SH1077215.10FU+SH1077231.10FU+SH1077256.10FU+SH1077261.10FU+SH1077279.10FU+SH1077285.10FU	SH1077279.10FU:99.38,SH1077101.10FU:98.76,SH1077226.10FU:98.15,SH1077079.10FU:98.14,SH1077202.10FU:98.00
PX214498.1	Funneliformis mosseae | W32_9_13A	Funneliformis mosseae	main		assigned	SH1077279.10FU	99.182	SH1076987.10FU+SH1077032.10FU+SH1077055.10FU+SH1077074.10FU+SH1077077.10FU+SH1077091.10FU+SH1077101.10FU+SH1077156.10FU+SH1077168.10FU+SH1077209.10FU+SH1077215.10FU+SH1077231.10FU+SH1077256.10FU+SH1077261.10FU+SH1077279.10FU+SH1077285.10FU	1	SH1076987.10FU+SH1077032.10FU+SH1077055.10FU+SH1077074.10FU+SH1077077.10FU+SH1077091.10FU+SH1077101.10FU+SH1077156.10FU+SH1077168.10FU+SH1077209.10FU+SH1077215.10FU+SH1077231.10FU+SH1077256.10FU+SH1077261.10FU+SH1077279.10FU+SH1077285.10FU	SH1077279.10FU:99.21,SH1077101.10FU:98.77,SH1077079.10FU:98.35,SH1077202.10FU:98.23,SH1077240.10FU:98.18
PX214499.1	Funneliformis mosseae | 2101_50A	Funneliformis mosseae	main		assigned	SH1077279.10FU	99.187	SH1076987.10FU+SH1077032.10FU+SH1077055.10FU+SH1077074.10FU+SH1077077.10FU+SH1077091.10FU+SH1077101.10FU+SH1077156.10FU+SH1077168.10FU+SH1077209.10FU+SH1077215.10FU+SH1077231.10FU+SH1077256.10FU+SH1077261.10FU+SH1077279.10FU+SH1077285.10FU,SH1077144.10FU	2	SH1076987.10FU+SH1077032.10FU+SH1077055.10FU+SH1077074.10FU+SH1077077.10FU+SH1077091.10FU+SH1077101.10FU+SH1077156.10FU+SH1077168.10FU+SH1077209.10FU+SH1077215.10FU+SH1077231.10FU+SH1077256.10FU+SH1077261.10FU+SH1077279.10FU+SH1077285.10FU	SH1077279.10FU:99.37,SH1077144.10FU:99.36,SH1077224.10FU:98.78,SH1077164.10FU:98.78,SH1077221.10FU:98.77
PX214500.1	Funneliformis mosseae | 2101_50A	Funneliformis mosseae	main		assigned	SH1077279.10FU	99.389	SH1076987.10FU+SH1077032.10FU+SH1077055.10FU+SH1077074.10FU+SH1077077.10FU+SH1077091.10FU+SH1077101.10FU+SH1077156.10FU+SH1077168.10FU+SH1077209.10FU+SH1077215.10FU+SH1077231.10FU+SH1077256.10FU+SH1077261.10FU+SH1077279.10FU+SH1077285.10FU	1	SH1076987.10FU+SH1077032.10FU+SH1077055.10FU+SH1077074.10FU+SH1077077.10FU+SH1077091.10FU+SH1077101.10FU+SH1077156.10FU+SH1077168.10FU+SH1077209.10FU+SH1077215.10FU+SH1077231.10FU+SH1077256.10FU+SH1077261.10FU+SH1077279.10FU+SH1077285.10FU	SH1077279.10FU:99.79,SH1077144.10FU:98.95,SH1077224.10FU:98.78,SH1077164.10FU:98.78,SH1077221.10FU:98.76
PX214501.1	Funneliformis mosseae | 2101_50A	Funneliformis mosseae	main		assigned	SH1077279.10FU	99.184	SH1076987.10FU+SH1077032.10FU+SH1077055.10FU+SH1077074.10FU+SH1077077.10FU+SH1077091.10FU+SH1077101.10FU+SH1077156.10FU+SH1077168.10FU+SH1077209.10FU+SH1077215.10FU+SH1077231.10FU+SH1077256.10FU+SH1077261.10FU+SH1077279.10FU+SH1077285.10FU,SH1077144.10FU	2	SH1076987.10FU+SH1077032.10FU+SH1077055.10FU+SH1077074.10FU+SH1077077.10FU+SH1077091.10FU+SH1077101.10FU+SH1077156.10FU+SH1077168.10FU+SH1077209.10FU+SH1077215.10FU+SH1077231.10FU+SH1077256.10FU+SH1077261.10FU+SH1077279.10FU+SH1077285.10FU	SH1077279.10FU:99.58,SH1077144.10FU:99.36,SH1077164.10FU:98.78,SH1077202.10FU:98.45,SH1077224.10FU:98.38
PX214502.1	Funneliformis mosseae | 198394_123A	Funneliformis mosseae	main		assigned	SH1077279.10FU	99.592	SH1076987.10FU+SH1077032.10FU+SH1077055.10FU+SH1077074.10FU+SH1077077.10FU+SH1077091.10FU+SH1077101.10FU+SH1077156.10FU+SH1077168.10FU+SH1077209.10FU+SH1077215.10FU+SH1077231.10FU+SH1077256.10FU+SH1077261.10FU+SH1077279.10FU+SH1077285.10FU	1	SH1076987.10FU+SH1077032.10FU+SH1077055.10FU+SH1077074.10FU+SH1077077.10FU+SH1077091.10FU+SH1077101.10FU+SH1077156.10FU+SH1077168.10FU+SH1077209.10FU+SH1077215.10FU+SH1077231.10FU+SH1077256.10FU+SH1077261.10FU+SH1077279.10FU+SH1077285.10FU	SH1077279.10FU:99.59,SH1077164.10FU:99.18,SH1077224.10FU:98.78,SH1077221.10FU:98.76,SH1077202.10FU:98.67
PX214503.1	Funneliformis mosseae | 2252_723A	Funneliformis mosseae	main		assigned	SH1077279.10FU	99.591	SH1076987.10FU+SH1077032.10FU+SH1077055.10FU+SH1077074.10FU+SH1077077.10FU+SH1077091.10FU+SH1077101.10FU+SH1077156.10FU+SH1077168.10FU+SH1077209.10FU+SH1077215.10FU+SH1077231.10FU+SH1077256.10FU+SH1077261.10FU+SH1077279.10FU+SH1077285.10FU	1	SH1076987.10FU+SH1077032.10FU+SH1077055.10FU+SH1077074.10FU+SH1077077.10FU+SH1077091.10FU+SH1077101.10FU+SH1077156.10FU+SH1077168.10FU+SH1077209.10FU+SH1077215.10FU+SH1077231.10FU+SH1077256.10FU+SH1077261.10FU+SH1077279.10FU+SH1077285.10FU	SH1077279.10FU:99.59,SH1077164.10FU:98.78,SH1077224.10FU:98.38,SH1077101.10FU:98.36,SH1077221.10FU:98.35
PX214504.1	Funneliformis mosseae | 2252_723A	Funneliformis mosseae	main		assigned	SH1077279.10FU	100.0	SH1076987.10FU+SH1077032.10FU+SH1077055.10FU+SH1077074.10FU+SH1077077.10FU+SH1077091.10FU+SH1077101.10FU+SH1077156.10FU+SH1077168.10FU+SH1077209.10FU+SH1077215.10FU+SH1077231.10FU+SH1077256.10FU+SH1077261.10FU+SH1077279.10FU+SH1077285.10FU	1	SH1076987.10FU+SH1077032.10FU+SH1077055.10FU+SH1077074.10FU+SH1077077.10FU+SH1077091.10FU+SH1077101.10FU+SH1077156.10FU+SH1077168.10FU+SH1077209.10FU+SH1077215.10FU+SH1077231.10FU+SH1077256.10FU+SH1077261.10FU+SH1077279.10FU+SH1077285.10FU	SH1077279.10FU:100.00,SH1077039.10FU:98.78,SH1077231.10FU:98.77,SH1077167.10FU:98.69,SH1077196.10FU:98.58
PX214505.1	Funneliformis mosseae | 2252_723A	Funneliformis mosseae	main		assigned	SH1077279.10FU	100.0	SH1076987.10FU+SH1077032.10FU+SH1077055.10FU+SH1077074.10FU+SH1077077.10FU+SH1077091.10FU+SH1077101.10FU+SH1077156.10FU+SH1077168.10FU+SH1077209.10FU+SH1077215.10FU+SH1077231.10FU+SH1077256.10FU+SH1077261.10FU+SH1077279.10FU+SH1077285.10FU	1	SH1076987.10FU+SH1077032.10FU+SH1077055.10FU+SH1077074.10FU+SH1077077.10FU+SH1077091.10FU+SH1077101.10FU+SH1077156.10FU+SH1077168.10FU+SH1077209.10FU+SH1077215.10FU+SH1077231.10FU+SH1077256.10FU+SH1077261.10FU+SH1077279.10FU+SH1077285.10FU	SH1077279.10FU:100.00,SH1077039.10FU:98.78,SH1077231.10FU:98.77,SH1077167.10FU:98.69,SH1077196.10FU:98.58
PX214506.1	Funneliformis mosseae | 198394_123A	Funneliformis mosseae	main		assigned	SH1077279.10FU	100.0	SH1076987.10FU+SH1077032.10FU+SH1077055.10FU+SH1077074.10FU+SH1077077.10FU+SH1077091.10FU+SH1077101.10FU+SH1077156.10FU+SH1077168.10FU+SH1077209.10FU+SH1077215.10FU+SH1077231.10FU+SH1077256.10FU+SH1077261.10FU+SH1077279.10FU+SH1077285.10FU	1	SH1076987.10FU+SH1077032.10FU+SH1077055.10FU+SH1077074.10FU+SH1077077.10FU+SH1077091.10FU+SH1077101.10FU+SH1077156.10FU+SH1077168.10FU+SH1077209.10FU+SH1077215.10FU+SH1077231.10FU+SH1077256.10FU+SH1077261.10FU+SH1077279.10FU+SH1077285.10FU	SH1077279.10FU:100.00,SH1077072.10FU:98.78,SH1077202.10FU:98.67,SH1077240.10FU:98.64,SH1077224.10FU:98.58
PX214507.1	Funneliformis mosseae | 2252_723A	Funneliformis mosseae	main		assigned	SH1077279.10FU	100.0	SH1076987.10FU+SH1077032.10FU+SH1077055.10FU+SH1077074.10FU+SH1077077.10FU+SH1077091.10FU+SH1077101.10FU+SH1077156.10FU+SH1077168.10FU+SH1077209.10FU+SH1077215.10FU+SH1077231.10FU+SH1077256.10FU+SH1077261.10FU+SH1077279.10FU+SH1077285.10FU	1	SH1076987.10FU+SH1077032.10FU+SH1077055.10FU+SH1077074.10FU+SH1077077.10FU+SH1077091.10FU+SH1077101.10FU+SH1077156.10FU+SH1077168.10FU+SH1077209.10FU+SH1077215.10FU+SH1077231.10FU+SH1077256.10FU+SH1077261.10FU+SH1077279.10FU+SH1077285.10FU	SH1077279.10FU:100.00,SH1077072.10FU:98.78,SH1077202.10FU:98.67,SH1077240.10FU:98.64,SH1077224.10FU:98.58
PX214508.1	Funneliformis mosseae | 2252_723A	Funneliformis mosseae	main		assigned	SH1077279.10FU	99.588	SH1076987.10FU+SH1077032.10FU+SH1077055.10FU+SH1077074.10FU+SH1077077.10FU+SH1077091.10FU+SH1077101.10FU+SH1077156.10FU+SH1077168.10FU+SH1077209.10FU+SH1077215.10FU+SH1077231.10FU+SH1077256.10FU+SH1077261.10FU+SH1077279.10FU+SH1077285.10FU	1	SH1076987.10FU+SH1077032.10FU+SH1077055.10FU+SH1077074.10FU+SH1077077.10FU+SH1077091.10FU+SH1077101.10FU+SH1077156.10FU+SH1077168.10FU+SH1077209.10FU+SH1077215.10FU+SH1077231.10FU+SH1077256.10FU+SH1077261.10FU+SH1077279.10FU+SH1077285.10FU	SH1077279.10FU:99.59,SH1077031.10FU:98.56,SH1077202.10FU:98.22,SH1077203.10FU:98.16,SH1077039.10FU:98.16
PX214509.1	Funneliformis mosseae | 2252_723A	Funneliformis mosseae	main		assigned	SH1077279.10FU	99.796	SH1076987.10FU+SH1077032.10FU+SH1077055.10FU+SH1077074.10FU+SH1077077.10FU+SH1077091.10FU+SH1077101.10FU+SH1077156.10FU+SH1077168.10FU+SH1077209.10FU+SH1077215.10FU+SH1077231.10FU+SH1077256.10FU+SH1077261.10FU+SH1077279.10FU+SH1077285.10FU	1	SH1076987.10FU+SH1077032.10FU+SH1077055.10FU+SH1077074.10FU+SH1077077.10FU+SH1077091.10FU+SH1077101.10FU+SH1077156.10FU+SH1077168.10FU+SH1077209.10FU+SH1077215.10FU+SH1077231.10FU+SH1077256.10FU+SH1077261.10FU+SH1077279.10FU+SH1077285.10FU	SH1077279.10FU:99.80,SH1077240.10FU:98.86,SH1077072.10FU:98.58,SH1077101.10FU:98.56,SH1077202.10FU:98.45
PX214510.1	Funneliformis mosseae | 2252_723A	Funneliformis mosseae	main		assigned	SH1077279.10FU	100.0	SH1076987.10FU+SH1077032.10FU+SH1077055.10FU+SH1077074.10FU+SH1077077.10FU+SH1077091.10FU+SH1077101.10FU+SH1077156.10FU+SH1077168.10FU+SH1077209.10FU+SH1077215.10FU+SH1077231.10FU+SH1077256.10FU+SH1077261.10FU+SH1077279.10FU+SH1077285.10FU	1	SH1076987.10FU+SH1077032.10FU+SH1077055.10FU+SH1077074.10FU+SH1077077.10FU+SH1077091.10FU+SH1077101.10FU+SH1077156.10FU+SH1077168.10FU+SH1077209.10FU+SH1077215.10FU+SH1077231.10FU+SH1077256.10FU+SH1077261.10FU+SH1077279.10FU+SH1077285.10FU	SH1077279.10FU:100.00,SH1077072.10FU:98.78,SH1077202.10FU:98.67,SH1077240.10FU:98.64,SH1077224.10FU:98.58
PX214511.1	Funneliformis mosseae | 198394_123A	Funneliformis mosseae	main		assigned	SH1077279.10FU	99.593	SH1076987.10FU+SH1077032.10FU+SH1077055.10FU+SH1077074.10FU+SH1077077.10FU+SH1077091.10FU+SH1077101.10FU+SH1077156.10FU+SH1077168.10FU+SH1077209.10FU+SH1077215.10FU+SH1077231.10FU+SH1077256.10FU+SH1077261.10FU+SH1077279.10FU+SH1077285.10FU	1	SH1076987.10FU+SH1077032.10FU+SH1077055.10FU+SH1077074.10FU+SH1077077.10FU+SH1077091.10FU+SH1077101.10FU+SH1077156.10FU+SH1077168.10FU+SH1077209.10FU+SH1077215.10FU+SH1077231.10FU+SH1077256.10FU+SH1077261.10FU+SH1077279.10FU+SH1077285.10FU	SH1077279.10FU:100.00,SH1077112.10FU:98.78,SH1077072.10FU:98.58,SH1077240.10FU:98.42,SH1077224.10FU:98.38
PX214512.1	Funneliformis mosseae | 198394_123A	Funneliformis mosseae	main		assigned	SH1077279.10FU	99.593	SH1076987.10FU+SH1077032.10FU+SH1077055.10FU+SH1077074.10FU+SH1077077.10FU+SH1077091.10FU+SH1077101.10FU+SH1077156.10FU+SH1077168.10FU+SH1077209.10FU+SH1077215.10FU+SH1077231.10FU+SH1077256.10FU+SH1077261.10FU+SH1077279.10FU+SH1077285.10FU	1	SH1076987.10FU+SH1077032.10FU+SH1077055.10FU+SH1077074.10FU+SH1077077.10FU+SH1077091.10FU+SH1077101.10FU+SH1077156.10FU+SH1077168.10FU+SH1077209.10FU+SH1077215.10FU+SH1077231.10FU+SH1077256.10FU+SH1077261.10FU+SH1077279.10FU+SH1077285.10FU	SH1077279.10FU:100.00,SH1077112.10FU:98.78,SH1077072.10FU:98.58,SH1077240.10FU:98.42,SH1077224.10FU:98.38
PX214513.1	Funneliformis mosseae | 2252_723A	Funneliformis mosseae	main		assigned	SH1077279.10FU	99.593	SH1076987.10FU+SH1077032.10FU+SH1077055.10FU+SH1077074.10FU+SH1077077.10FU+SH1077091.10FU+SH1077101.10FU+SH1077156.10FU+SH1077168.10FU+SH1077209.10FU+SH1077215.10FU+SH1077231.10FU+SH1077256.10FU+SH1077261.10FU+SH1077279.10FU+SH1077285.10FU	1	SH1076987.10FU+SH1077032.10FU+SH1077055.10FU+SH1077074.10FU+SH1077077.10FU+SH1077091.10FU+SH1077101.10FU+SH1077156.10FU+SH1077168.10FU+SH1077209.10FU+SH1077215.10FU+SH1077231.10FU+SH1077256.10FU+SH1077261.10FU+SH1077279.10FU+SH1077285.10FU	SH1077279.10FU:100.00,SH1077112.10FU:98.78,SH1077072.10FU:98.58,SH1077240.10FU:98.42,SH1077224.10FU:98.38
PX214514.1	Funneliformis mosseae | 198394_123A	Funneliformis mosseae	main		assigned	SH1077279.10FU	99.592	SH1076987.10FU+SH1077032.10FU+SH1077055.10FU+SH1077074.10FU+SH1077077.10FU+SH1077091.10FU+SH1077101.10FU+SH1077156.10FU+SH1077168.10FU+SH1077209.10FU+SH1077215.10FU+SH1077231.10FU+SH1077256.10FU+SH1077261.10FU+SH1077279.10FU+SH1077285.10FU	1	SH1076987.10FU+SH1077032.10FU+SH1077055.10FU+SH1077074.10FU+SH1077077.10FU+SH1077091.10FU+SH1077101.10FU+SH1077156.10FU+SH1077168.10FU+SH1077209.10FU+SH1077215.10FU+SH1077231.10FU+SH1077256.10FU+SH1077261.10FU+SH1077279.10FU+SH1077285.10FU	SH1077279.10FU:99.59,SH1077072.10FU:99.19,SH1077240.10FU:99.09,SH1077224.10FU:98.99,SH1076997.10FU:98.58
PX214515.1	Funneliformis mosseae | 198394_123A	Funneliformis mosseae	main		assigned	SH1077279.10FU	99.593	SH1076987.10FU+SH1077032.10FU+SH1077055.10FU+SH1077074.10FU+SH1077077.10FU+SH1077091.10FU+SH1077101.10FU+SH1077156.10FU+SH1077168.10FU+SH1077209.10FU+SH1077215.10FU+SH1077231.10FU+SH1077256.10FU+SH1077261.10FU+SH1077279.10FU+SH1077285.10FU	1	SH1076987.10FU+SH1077032.10FU+SH1077055.10FU+SH1077074.10FU+SH1077077.10FU+SH1077091.10FU+SH1077101.10FU+SH1077156.10FU+SH1077168.10FU+SH1077209.10FU+SH1077215.10FU+SH1077231.10FU+SH1077256.10FU+SH1077261.10FU+SH1077279.10FU+SH1077285.10FU	SH1077279.10FU:99.59,SH1077072.10FU:99.18,SH1077240.10FU:99.09,SH1077224.10FU:98.98,SH1076997.10FU:98.57
PX214516.1	Funneliformis mosseae | 198394_123A	Funneliformis mosseae	main		assigned	SH1077279.10FU	99.592	SH1076987.10FU+SH1077032.10FU+SH1077055.10FU+SH1077074.10FU+SH1077077.10FU+SH1077091.10FU+SH1077101.10FU+SH1077156.10FU+SH1077168.10FU+SH1077209.10FU+SH1077215.10FU+SH1077231.10FU+SH1077256.10FU+SH1077261.10FU+SH1077279.10FU+SH1077285.10FU	1	SH1076987.10FU+SH1077032.10FU+SH1077055.10FU+SH1077074.10FU+SH1077077.10FU+SH1077091.10FU+SH1077101.10FU+SH1077156.10FU+SH1077168.10FU+SH1077209.10FU+SH1077215.10FU+SH1077231.10FU+SH1077256.10FU+SH1077261.10FU+SH1077279.10FU+SH1077285.10FU	SH1077279.10FU:99.59,SH1077112.10FU:98.78,SH1077183.10FU:98.57,SH1077039.10FU:98.37,SH1077159.10FU:98.16
PX214517.1	Funneliformis mosseae | 2252_723A	Funneliformis mosseae	main		assigned	SH1077279.10FU	99.592	SH1076987.10FU+SH1077032.10FU+SH1077055.10FU+SH1077074.10FU+SH1077077.10FU+SH1077091.10FU+SH1077101.10FU+SH1077156.10FU+SH1077168.10FU+SH1077209.10FU+SH1077215.10FU+SH1077231.10FU+SH1077256.10FU+SH1077261.10FU+SH1077279.10FU+SH1077285.10FU	1	SH1076987.10FU+SH1077032.10FU+SH1077055.10FU+SH1077074.10FU+SH1077077.10FU+SH1077091.10FU+SH1077101.10FU+SH1077156.10FU+SH1077168.10FU+SH1077209.10FU+SH1077215.10FU+SH1077231.10FU+SH1077256.10FU+SH1077261.10FU+SH1077279.10FU+SH1077285.10FU	SH1077279.10FU:99.59,SH1077112.10FU:98.78,SH1077183.10FU:98.57,SH1077039.10FU:98.37,SH1077159.10FU:98.16
PX214518.1	Funneliformis mosseae | W32_9_13A	Funneliformis mosseae	main		assigned	SH1077279.10FU	98.98	SH1076987.10FU+SH1077032.10FU+SH1077055.10FU+SH1077074.10FU+SH1077077.10FU+SH1077091.10FU+SH1077101.10FU+SH1077156.10FU+SH1077168.10FU+SH1077209.10FU+SH1077215.10FU+SH1077231.10FU+SH1077256.10FU+SH1077261.10FU+SH1077279.10FU+SH1077285.10FU	1	SH1076987.10FU+SH1077032.10FU+SH1077055.10FU+SH1077074.10FU+SH1077077.10FU+SH1077091.10FU+SH1077101.10FU+SH1077156.10FU+SH1077168.10FU+SH1077209.10FU+SH1077215.10FU+SH1077231.10FU+SH1077256.10FU+SH1077261.10FU+SH1077279.10FU+SH1077285.10FU	SH1077279.10FU:98.98,SH1077215.10FU:98.57,SH1077101.10FU:98.57,SH1077144.10FU:98.48,SH1077202.10FU:98.47
PX214519.1	Funneliformis mosseae | W32_9_13A	Funneliformis mosseae	main		assigned	SH1077279.10FU	99.18	SH1076987.10FU+SH1077032.10FU+SH1077055.10FU+SH1077074.10FU+SH1077077.10FU+SH1077091.10FU+SH1077101.10FU+SH1077156.10FU+SH1077168.10FU+SH1077209.10FU+SH1077215.10FU+SH1077231.10FU+SH1077256.10FU+SH1077261.10FU+SH1077279.10FU+SH1077285.10FU	1	SH1076987.10FU+SH1077032.10FU+SH1077055.10FU+SH1077074.10FU+SH1077077.10FU+SH1077091.10FU+SH1077101.10FU+SH1077156.10FU+SH1077168.10FU+SH1077209.10FU+SH1077215.10FU+SH1077231.10FU+SH1077256.10FU+SH1077261.10FU+SH1077279.10FU+SH1077285.10FU	SH1077279.10FU:99.18,SH1077215.10FU:98.97,SH1077101.10FU:98.97,SH1077231.10FU:98.77,SH1077137.10FU:98.56
PX214520.1	Funneliformis mosseae | W32_9_13A	Funneliformis mosseae	main		assigned	SH1077279.10FU	99.385	SH1076987.10FU+SH1077032.10FU+SH1077055.10FU+SH1077074.10FU+SH1077077.10FU+SH1077091.10FU+SH1077101.10FU+SH1077156.10FU+SH1077168.10FU+SH1077209.10FU+SH1077215.10FU+SH1077231.10FU+SH1077256.10FU+SH1077261.10FU+SH1077279.10FU+SH1077285.10FU	1	SH1076987.10FU+SH1077032.10FU+SH1077055.10FU+SH1077074.10FU+SH1077077.10FU+SH1077091.10FU+SH1077101.10FU+SH1077156.10FU+SH1077168.10FU+SH1077209.10FU+SH1077215.10FU+SH1077231.10FU+SH1077256.10FU+SH1077261.10FU+SH1077279.10FU+SH1077285.10FU	SH1077279.10FU:99.39,SH1077202.10FU:98.66,SH1076987.10FU:98.37,SH1077286.10FU:98.37,SH1077096.10FU:98.37
PX214521.1	Funneliformis mosseae | 3502	Funneliformis mosseae	main		assigned	SH1077279.10FU	99.182	SH1076987.10FU+SH1077032.10FU+SH1077055.10FU+SH1077074.10FU+SH1077077.10FU+SH1077091.10FU+SH1077101.10FU+SH1077156.10FU+SH1077168.10FU+SH1077209.10FU+SH1077215.10FU+SH1077231.10FU+SH1077256.10FU+SH1077261.10FU+SH1077279.10FU+SH1077285.10FU	1	SH1076987.10FU+SH1077032.10FU+SH1077055.10FU+SH1077074.10FU+SH1077077.10FU+SH1077091.10FU+SH1077101.10FU+SH1077156.10FU+SH1077168.10FU+SH1077209.10FU+SH1077215.10FU+SH1077231.10FU+SH1077256.10FU+SH1077261.10FU+SH1077279.10FU+SH1077285.10FU	SH1077279.10FU:99.18,SH1077215.10FU:98.97,SH1077101.10FU:98.77,SH1077231.10FU:98.77,SH1077137.10FU:98.57
PX214522.1	Funneliformis mosseae | 4344_272A	Funneliformis mosseae	main		assigned	SH1077077.10FU	98.78	SH1076987.10FU+SH1077032.10FU+SH1077055.10FU+SH1077074.10FU+SH1077077.10FU+SH1077091.10FU+SH1077101.10FU+SH1077156.10FU+SH1077168.10FU+SH1077209.10FU+SH1077215.10FU+SH1077231.10FU+SH1077256.10FU+SH1077261.10FU+SH1077279.10FU+SH1077285.10FU	1	SH1076987.10FU+SH1077032.10FU+SH1077055.10FU+SH1077074.10FU+SH1077077.10FU+SH1077091.10FU+SH1077101.10FU+SH1077156.10FU+SH1077168.10FU+SH1077209.10FU+SH1077215.10FU+SH1077231.10FU+SH1077256.10FU+SH1077261.10FU+SH1077279.10FU+SH1077285.10FU	SH1077215.10FU:98.97,SH1077077.10FU:98.78,SH1077091.10FU:98.78,SH1077274.10FU:98.78,SH1077137.10FU:98.57
PX214523.1	Funneliformis mosseae | 4344_272A	Funneliformis mosseae	main		assigned	SH1077077.10FU	98.577	SH1076987.10FU+SH1077032.10FU+SH1077055.10FU+SH1077074.10FU+SH1077077.10FU+SH1077091.10FU+SH1077101.10FU+SH1077156.10FU+SH1077168.10FU+SH1077209.10FU+SH1077215.10FU+SH1077231.10FU+SH1077256.10FU+SH1077261.10FU+SH1077279.10FU+SH1077285.10FU	1	SH1076987.10FU+SH1077032.10FU+SH1077055.10FU+SH1077074.10FU+SH1077077.10FU+SH1077091.10FU+SH1077101.10FU+SH1077156.10FU+SH1077168.10FU+SH1077209.10FU+SH1077215.10FU+SH1077231.10FU+SH1077256.10FU+SH1077261.10FU+SH1077279.10FU+SH1077285.10FU	SH1077215.10FU:98.77,SH1077077.10FU:98.58,SH1077091.10FU:98.57,SH1077274.10FU:98.57,SH1077279.10FU:98.36
PX214524.1	Funneliformis mosseae | 4344_272A	Funneliformis mosseae	main		assigned	SH1077077.10FU	98.78	SH1076987.10FU+SH1077032.10FU+SH1077055.10FU+SH1077074.10FU+SH1077077.10FU+SH1077091.10FU+SH1077101.10FU+SH1077156.10FU+SH1077168.10FU+SH1077209.10FU+SH1077215.10FU+SH1077231.10FU+SH1077256.10FU+SH1077261.10FU+SH1077279.10FU+SH1077285.10FU	1	SH1076987.10FU+SH1077032.10FU+SH1077055.10FU+SH1077074.10FU+SH1077077.10FU+SH1077091.10FU+SH1077101.10FU+SH1077156.10FU+SH1077168.10FU+SH1077209.10FU+SH1077215.10FU+SH1077231.10FU+SH1077256.10FU+SH1077261.10FU+SH1077279.10FU+SH1077285.10FU	SH1077215.10FU:98.97,SH1077077.10FU:98.78,SH1077091.10FU:98.78,SH1077274.10FU:98.78,SH1077137.10FU:98.57
PX214525.1	Funneliformis mosseae | 4344_272A	Funneliformis mosseae	main		assigned	SH1077091.10FU	98.98	SH1076987.10FU+SH1077032.10FU+SH1077055.10FU+SH1077074.10FU+SH1077077.10FU+SH1077091.10FU+SH1077101.10FU+SH1077156.10FU+SH1077168.10FU+SH1077209.10FU+SH1077215.10FU+SH1077231.10FU+SH1077256.10FU+SH1077261.10FU+SH1077279.10FU+SH1077285.10FU	1	SH1076987.10FU+SH1077032.10FU+SH1077055.10FU+SH1077074.10FU+SH1077077.10FU+SH1077091.10FU+SH1077101.10FU+SH1077156.10FU+SH1077168.10FU+SH1077209.10FU+SH1077215.10FU+SH1077231.10FU+SH1077256.10FU+SH1077261.10FU+SH1077279.10FU+SH1077285.10FU	SH1077091.10FU:98.98,SH1077077.10FU:98.78,SH1077215.10FU:98.77,SH1077279.10FU:98.69,SH1077274.10FU:98.57
PX214526.1	Funneliformis mosseae | CHB4_Fmos	Funneliformis mosseae	main		ambiguous		98.773	SH1076987.10FU+SH1077032.10FU+SH1077055.10FU+SH1077074.10FU+SH1077077.10FU+SH1077091.10FU+SH1077101.10FU+SH1077156.10FU+SH1077168.10FU+SH1077209.10FU+SH1077215.10FU+SH1077231.10FU+SH1077256.10FU+SH1077261.10FU+SH1077279.10FU+SH1077285.10FU	1	SH1076987.10FU+SH1077032.10FU+SH1077055.10FU+SH1077074.10FU+SH1077077.10FU+SH1077091.10FU+SH1077101.10FU+SH1077156.10FU+SH1077168.10FU+SH1077209.10FU+SH1077215.10FU+SH1077231.10FU+SH1077256.10FU+SH1077261.10FU+SH1077279.10FU+SH1077285.10FU	SH1077279.10FU:99.13,SH1076987.10FU:98.57,SH1077043.10FU:98.57,SH1077261.10FU:98.36,SH1077256.10FU:98.36
PX214527.1	Funneliformis mosseae | CHB4_Fmos	Funneliformis mosseae	main		assigned	SH1076987.10FU	98.982	SH1076987.10FU+SH1077032.10FU+SH1077055.10FU+SH1077074.10FU+SH1077077.10FU+SH1077091.10FU+SH1077101.10FU+SH1077156.10FU+SH1077168.10FU+SH1077209.10FU+SH1077215.10FU+SH1077231.10FU+SH1077256.10FU+SH1077261.10FU+SH1077279.10FU+SH1077285.10FU	1	SH1076987.10FU+SH1077032.10FU+SH1077055.10FU+SH1077074.10FU+SH1077077.10FU+SH1077091.10FU+SH1077101.10FU+SH1077156.10FU+SH1077168.10FU+SH1077209.10FU+SH1077215.10FU+SH1077231.10FU+SH1077256.10FU+SH1077261.10FU+SH1077279.10FU+SH1077285.10FU	SH1077279.10FU:99.13,SH1076987.10FU:98.98,SH1077261.10FU:98.77,SH1077043.10FU:98.57,SH1077256.10FU:98.36
PX214528.1	Funneliformis mosseae | CHB4_Fmos	Funneliformis mosseae	main		assigned	SH1076987.10FU	98.778	SH1076987.10FU+SH1077032.10FU+SH1077055.10FU+SH1077074.10FU+SH1077077.10FU+SH1077091.10FU+SH1077101.10FU+SH1077156.10FU+SH1077168.10FU+SH1077209.10FU+SH1077215.10FU+SH1077231.10FU+SH1077256.10FU+SH1077261.10FU+SH1077279.10FU+SH1077285.10FU	1	SH1076987.10FU+SH1077032.10FU+SH1077055.10FU+SH1077074.10FU+SH1077077.10FU+SH1077091.10FU+SH1077101.10FU+SH1077156.10FU+SH1077168.10FU+SH1077209.10FU+SH1077215.10FU+SH1077231.10FU+SH1077256.10FU+SH1077261.10FU+SH1077279.10FU+SH1077285.10FU	SH1077279.10FU:98.92,SH1076987.10FU:98.78,SH1077261.10FU:98.57,SH1077043.10FU:98.37,SH1077256.10FU:98.16
PX214529.1	Funneliformis mosseae | CHB4_Fmos	Funneliformis mosseae	main		assigned	SH1076987.10FU	98.982	SH1076987.10FU+SH1077032.10FU+SH1077055.10FU+SH1077074.10FU+SH1077077.10FU+SH1077091.10FU+SH1077101.10FU+SH1077156.10FU+SH1077168.10FU+SH1077209.10FU+SH1077215.10FU+SH1077231.10FU+SH1077256.10FU+SH1077261.10FU+SH1077279.10FU+SH1077285.10FU	1	SH1076987.10FU+SH1077032.10FU+SH1077055.10FU+SH1077074.10FU+SH1077077.10FU+SH1077091.10FU+SH1077101.10FU+SH1077156.10FU+SH1077168.10FU+SH1077209.10FU+SH1077215.10FU+SH1077231.10FU+SH1077256.10FU+SH1077261.10FU+SH1077279.10FU+SH1077285.10FU	SH1076987.10FU:98.98,SH1077279.10FU:98.70,SH1077261.10FU:98.36,SH1077079.10FU:98.35,SH1077096.10FU:98.17
PX214530.1	Funneliformis mosseae | CHB4_Fmos	Funneliformis mosseae	main		assigned	SH1077279.10FU	98.768	SH1076987.10FU+SH1077032.10FU+SH1077055.10FU+SH1077074.10FU+SH1077077.10FU+SH1077091.10FU+SH1077101.10FU+SH1077156.10FU+SH1077168.10FU+SH1077209.10FU+SH1077215.10FU+SH1077231.10FU+SH1077256.10FU+SH1077261.10FU+SH1077279.10FU+SH1077285.10FU	1	SH1076987.10FU+SH1077032.10FU+SH1077055.10FU+SH1077074.10FU+SH1077077.10FU+SH1077091.10FU+SH1077101.10FU+SH1077156.10FU+SH1077168.10FU+SH1077209.10FU+SH1077215.10FU+SH1077231.10FU+SH1077256.10FU+SH1077261.10FU+SH1077279.10FU+SH1077285.10FU	SH1077279.10FU:98.91,SH1076987.10FU:98.78,SH1077079.10FU:98.76,SH1077096.10FU:98.37,SH1077043.10FU:98.36
PX214531.1	Funneliformis mosseae | CHB4_Fmos	Funneliformis mosseae	main		assigned	SH1076987.10FU	99.388	SH1076987.10FU+SH1077032.10FU+SH1077055.10FU+SH1077074.10FU+SH1077077.10FU+SH1077091.10FU+SH1077101.10FU+SH1077156.10FU+SH1077168.10FU+SH1077209.10FU+SH1077215.10FU+SH1077231.10FU+SH1077256.10FU+SH1077261.10FU+SH1077279.10FU+SH1077285.10FU	1	SH1076987.10FU+SH1077032.10FU+SH1077055.10FU+SH1077074.10FU+SH1077077.10FU+SH1077091.10FU+SH1077101.10FU+SH1077156.10FU+SH1077168.10FU+SH1077209.10FU+SH1077215.10FU+SH1077231.10FU+SH1077256.10FU+SH1077261.10FU+SH1077279.10FU+SH1077285.10FU	SH1076987.10FU:99.39,SH1077279.10FU:98.71,SH1077096.10FU:98.57,SH1077079.10FU:98.15,SH1077083.10FU:98.05
PX214532.1	Funneliformis mosseae | FEC30_219A	Funneliformis mosseae	main		assigned	SH1077279.10FU	98.77	SH1076987.10FU+SH1077032.10FU+SH1077055.10FU+SH1077074.10FU+SH1077077.10FU+SH1077091.10FU+SH1077101.10FU+SH1077156.10FU+SH1077168.10FU+SH1077209.10FU+SH1077215.10FU+SH1077231.10FU+SH1077256.10FU+SH1077261.10FU+SH1077279.10FU+SH1077285.10FU	1	SH1076987.10FU+SH1077032.10FU+SH1077055.10FU+SH1077074.10FU+SH1077077.10FU+SH1077091.10FU+SH1077101.10FU+SH1077156.10FU+SH1077168.10FU+SH1077209.10FU+SH1077215.10FU+SH1077231.10FU+SH1077256.10FU+SH1077261.10FU+SH1077279.10FU+SH1077285.10FU	SH1077279.10FU:98.77,SH1077202.10FU:98.22,SH1077083.10FU:98.04,SH1077164.10FU:97.95,SH1077231.10FU:97.94
PX214533.1	Funneliformis mosseae | FEC30_219A	Funneliformis mosseae	main		assigned	SH1077279.10FU	98.77	SH1076987.10FU+SH1077032.10FU+SH1077055.10FU+SH1077074.10FU+SH1077077.10FU+SH1077091.10FU+SH1077101.10FU+SH1077156.10FU+SH1077168.10FU+SH1077209.10FU+SH1077215.10FU+SH1077231.10FU+SH1077256.10FU+SH1077261.10FU+SH1077279.10FU+SH1077285.10FU	1	SH1076987.10FU+SH1077032.10FU+SH1077055.10FU+SH1077074.10FU+SH1077077.10FU+SH1077091.10FU+SH1077101.10FU+SH1077156.10FU+SH1077168.10FU+SH1077209.10FU+SH1077215.10FU+SH1077231.10FU+SH1077256.10FU+SH1077261.10FU+SH1077279.10FU+SH1077285.10FU	SH1077279.10FU:98.77,SH1077202.10FU:98.22,SH1077083.10FU:98.04,SH1077164.10FU:97.95,SH1077231.10FU:97.94
PX214534.1	Funneliformis mosseae | FEC30_219A	Funneliformis mosseae	main		assigned	SH1077279.10FU	99.18	SH1076987.10FU+SH1077032.10FU+SH1077055.10FU+SH1077074.10FU+SH1077077.10FU+SH1077091.10FU+SH1077101.10FU+SH1077156.10FU+SH1077168.10FU+SH1077209.10FU+SH1077215.10FU+SH1077231.10FU+SH1077256.10FU+SH1077261.10FU+SH1077279.10FU+SH1077285.10FU	1	SH1076987.10FU+SH1077032.10FU+SH1077055.10FU+SH1077074.10FU+SH1077077.10FU+SH1077091.10FU+SH1077101.10FU+SH1077156.10FU+SH1077168.10FU+SH1077209.10FU+SH1077215.10FU+SH1077231.10FU+SH1077256.10FU+SH1077261.10FU+SH1077279.10FU+SH1077285.10FU	SH1077279.10FU:99.18,SH1077202.10FU:98.66,SH1077083.10FU:98.47,SH1077164.10FU:98.36,SH1077231.10FU:98.35
PX214535.1	Funneliformis mosseae | FEC30_219A	Funneliformis mosseae	main		assigned	SH1077231.10FU	99.589	SH1076987.10FU+SH1077032.10FU+SH1077055.10FU+SH1077074.10FU+SH1077077.10FU+SH1077091.10FU+SH1077101.10FU+SH1077156.10FU+SH1077168.10FU+SH1077209.10FU+SH1077215.10FU+SH1077231.10FU+SH1077256.10FU+SH1077261.10FU+SH1077279.10FU+SH1077285.10FU	1	SH1076987.10FU+SH1077032.10FU+SH1077055.10FU+SH1077074.10FU+SH1077077.10FU+SH1077091.10FU+SH1077101.10FU+SH1077156.10FU+SH1077168.10FU+SH1077209.10FU+SH1077215.10FU+SH1077231.10FU+SH1077256.10FU+SH1077261.10FU+SH1077279.10FU+SH1077285.10FU	SH1077231.10FU:99.59,SH1077083.10FU:99.12,SH1077137.10FU:98.98,SH1077261.10FU:98.97,SH1077279.10FU:98.95
PX214536.1	Funneliformis mosseae | FEC30_219A	Funneliformis mosseae	main		assigned	SH1077231.10FU	99.18	SH1076987.10FU+SH1077032.10FU+SH1077055.10FU+SH1077074.10FU+SH1077077.10FU+SH1077091.10FU+SH1077101.10FU+SH1077156.10FU+SH1077168.10FU+SH1077209.10FU+SH1077215.10FU+SH1077231.10FU+SH1077256.10FU+SH1077261.10FU+SH1077279.10FU+SH1077285.10FU	1	SH1076987.10FU+SH1077032.10FU+SH1077055.10FU+SH1077074.10FU+SH1077077.10FU+SH1077091.10FU+SH1077101.10FU+SH1077156.10FU+SH1077168.10FU+SH1077209.10FU+SH1077215.10FU+SH1077231.10FU+SH1077256.10FU+SH1077261.10FU+SH1077279.10FU+SH1077285.10FU	SH1077231.10FU:99.18,SH1077083.10FU:98.90,SH1077279.10FU:98.75,SH1077137.10FU:98.57,SH1077164.10FU:98.57
PX214537.1	Funneliformis mosseae | CHB4_Fmos	Funneliformis mosseae	main		assigned	SH1077261.10FU	99.795	SH1076987.10FU+SH1077032.10FU+SH1077055.10FU+SH1077074.10FU+SH1077077.10FU+SH1077091.10FU+SH1077101.10FU+SH1077156.10FU+SH1077168.10FU+SH1077209.10FU+SH1077215.10FU+SH1077231.10FU+SH1077256.10FU+SH1077261.10FU+SH1077279.10FU+SH1077285.10FU	1	SH1076987.10FU+SH1077032.10FU+SH1077055.10FU+SH1077074.10FU+SH1077077.10FU+SH1077091.10FU+SH1077101.10FU+SH1077156.10FU+SH1077168.10FU+SH1077209.10FU+SH1077215.10FU+SH1077231.10FU+SH1077256.10FU+SH1077261.10FU+SH1077279.10FU+SH1077285.10FU	SH1077261.10FU:99.80,SH1076979.10FU:98.57,SH1077231.10FU:98.57,SH1077256.10FU:98.36,SH1077077.10FU:98.16
PX214538.1	Funneliformis mosseae | CHB4_Fmos	Funneliformis mosseae	main		assigned	SH1077261.10FU	99.385	SH1076987.10FU+SH1077032.10FU+SH1077055.10FU+SH1077074.10FU+SH1077077.10FU+SH1077091.10FU+SH1077101.10FU+SH1077156.10FU+SH1077168.10FU+SH1077209.10FU+SH1077215.10FU+SH1077231.10FU+SH1077256.10FU+SH1077261.10FU+SH1077279.10FU+SH1077285.10FU	1	SH1076987.10FU+SH1077032.10FU+SH1077055.10FU+SH1077074.10FU+SH1077077.10FU+SH1077091.10FU+SH1077101.10FU+SH1077156.10FU+SH1077168.10FU+SH1077209.10FU+SH1077215.10FU+SH1077231.10FU+SH1077256.10FU+SH1077261.10FU+SH1077279.10FU+SH1077285.10FU	SH1077261.10FU:99.39,SH1076979.10FU:98.98,SH1077231.10FU:98.36,SH1077279.10FU:98.27,SH1077077.10FU:98.16
PX214539.1	Funneliformis mosseae | CHB4_Fmos	Funneliformis mosseae	main		assigned	SH1077261.10FU	99.385	SH1076987.10FU+SH1077032.10FU+SH1077055.10FU+SH1077074.10FU+SH1077077.10FU+SH1077091.10FU+SH1077101.10FU+SH1077156.10FU+SH1077168.10FU+SH1077209.10FU+SH1077215.10FU+SH1077231.10FU+SH1077256.10FU+SH1077261.10FU+SH1077279.10FU+SH1077285.10FU	1	SH1076987.10FU+SH1077032.10FU+SH1077055.10FU+SH1077074.10FU+SH1077077.10FU+SH1077091.10FU+SH1077101.10FU+SH1077156.10FU+SH1077168.10FU+SH1077209.10FU+SH1077215.10FU+SH1077231.10FU+SH1077256.10FU+SH1077261.10FU+SH1077279.10FU+SH1077285.10FU	SH1077261.10FU:99.39,SH1076979.10FU:98.98,SH1077231.10FU:98.78,SH1077256.10FU:98.77,SH1077077.10FU:98.57
PX214540.1	Funneliformis mosseae | CHB4_Fmos	Funneliformis mosseae	main		assigned	SH1077261.10FU	98.975	SH1076987.10FU+SH1077032.10FU+SH1077055.10FU+SH1077074.10FU+SH1077077.10FU+SH1077091.10FU+SH1077101.10FU+SH1077156.10FU+SH1077168.10FU+SH1077209.10FU+SH1077215.10FU+SH1077231.10FU+SH1077256.10FU+SH1077261.10FU+SH1077279.10FU+SH1077285.10FU	1	SH1076987.10FU+SH1077032.10FU+SH1077055.10FU+SH1077074.10FU+SH1077077.10FU+SH1077091.10FU+SH1077101.10FU+SH1077156.10FU+SH1077168.10FU+SH1077209.10FU+SH1077215.10FU+SH1077231.10FU+SH1077256.10FU+SH1077261.10FU+SH1077279.10FU+SH1077285.10FU	SH1077261.10FU:98.97,SH1077256.10FU:98.36,SH1077215.10FU:98.36,SH1076979.10FU:98.16,SH1077279.10FU:98.03
PX214541.1	Funneliformis mosseae | 3502	Funneliformis mosseae	main		assigned	SH1077279.10FU	99.591	SH1076987.10FU+SH1077032.10FU+SH1077055.10FU+SH1077074.10FU+SH1077077.10FU+SH1077091.10FU+SH1077101.10FU+SH1077156.10FU+SH1077168.10FU+SH1077209.10FU+SH1077215.10FU+SH1077231.10FU+SH1077256.10FU+SH1077261.10FU+SH1077279.10FU+SH1077285.10FU	1	SH1076987.10FU+SH1077032.10FU+SH1077055.10FU+SH1077074.10FU+SH1077077.10FU+SH1077091.10FU+SH1077101.10FU+SH1077156.10FU+SH1077168.10FU+SH1077209.10FU+SH1077215.10FU+SH1077231.10FU+SH1077256.10FU+SH1077261.10FU+SH1077279.10FU+SH1077285.10FU	SH1077279.10FU:99.59,SH1077110.10FU:98.16,SH1077215.10FU:97.75,SH1077101.10FU:97.74,SH1077141.10FU:97.73
PX214542.1	Funneliformis mosseae | 2101_50A	Funneliformis mosseae	main		unassigned				0	SH1076987.10FU+SH1077032.10FU+SH1077055.10FU+SH1077074.10FU+SH1077077.10FU+SH1077091.10FU+SH1077101.10FU+SH1077156.10FU+SH1077168.10FU+SH1077209.10FU+SH1077215.10FU+SH1077231.10FU+SH1077256.10FU+SH1077261.10FU+SH1077279.10FU+SH1077285.10FU	SH1077279.10FU:97.68,SH1077164.10FU:97.35,SH1077221.10FU:97.32,SH1077224.10FU:96.96,SH1077096.10FU:96.94
PX214543.1	Funneliformis mosseae | 2101_50A	Funneliformis mosseae	main		assigned	SH1077279.10FU	98.526	SH1076987.10FU+SH1077032.10FU+SH1077055.10FU+SH1077074.10FU+SH1077077.10FU+SH1077091.10FU+SH1077101.10FU+SH1077156.10FU+SH1077168.10FU+SH1077209.10FU+SH1077215.10FU+SH1077231.10FU+SH1077256.10FU+SH1077261.10FU+SH1077279.10FU+SH1077285.10FU	1	SH1076987.10FU+SH1077032.10FU+SH1077055.10FU+SH1077074.10FU+SH1077077.10FU+SH1077091.10FU+SH1077101.10FU+SH1077156.10FU+SH1077168.10FU+SH1077209.10FU+SH1077215.10FU+SH1077231.10FU+SH1077256.10FU+SH1077261.10FU+SH1077279.10FU+SH1077285.10FU	SH1077279.10FU:98.53,SH1077221.10FU:98.14,SH1077164.10FU:97.96,SH1077224.10FU:97.57,SH1077096.10FU:97.56
PX214544.1	Funneliformis mosseae | CHB1_Fmos	Funneliformis mosseae	main		unassigned				0	SH1076987.10FU+SH1077032.10FU+SH1077055.10FU+SH1077074.10FU+SH1077077.10FU+SH1077091.10FU+SH1077101.10FU+SH1077156.10FU+SH1077168.10FU+SH1077209.10FU+SH1077215.10FU+SH1077231.10FU+SH1077256.10FU+SH1077261.10FU+SH1077279.10FU+SH1077285.10FU	SH1077182.10FU:98.36,SH1077032.10FU:98.16,SH1077286.10FU:97.96,SH1077055.10FU:97.95,SH1077279.10FU:97.95
PX214545.1	Funneliformis mosseae | CHB1_Fmos	Funneliformis mosseae	main		unassigned				0	SH1076987.10FU+SH1077032.10FU+SH1077055.10FU+SH1077074.10FU+SH1077077.10FU+SH1077091.10FU+SH1077101.10FU+SH1077156.10FU+SH1077168.10FU+SH1077209.10FU+SH1077215.10FU+SH1077231.10FU+SH1077256.10FU+SH1077261.10FU+SH1077279.10FU+SH1077285.10FU	SH1077182.10FU:98.16,SH1077032.10FU:97.75,SH1077055.10FU:97.75,SH1077279.10FU:97.75,SH1077260.10FU:97.74
PX214546.1	Funneliformis mosseae | CHB1_Fmos	Funneliformis mosseae	main		unassigned				0	SH1076987.10FU+SH1077032.10FU+SH1077055.10FU+SH1077074.10FU+SH1077077.10FU+SH1077091.10FU+SH1077101.10FU+SH1077156.10FU+SH1077168.10FU+SH1077209.10FU+SH1077215.10FU+SH1077231.10FU+SH1077256.10FU+SH1077261.10FU+SH1077279.10FU+SH1077285.10FU	SH1077233.10FU:98.14,SH1077032.10FU:97.96,SH1077099.10FU:97.96,SH1077182.10FU:97.95,SH1077260.10FU:97.95
PX214547.1	Funneliformis mosseae | CHB1_Fmos	Funneliformis mosseae	main		assigned	SH1077032.10FU	98.778	SH1076987.10FU+SH1077032.10FU+SH1077055.10FU+SH1077074.10FU+SH1077077.10FU+SH1077091.10FU+SH1077101.10FU+SH1077156.10FU+SH1077168.10FU+SH1077209.10FU+SH1077215.10FU+SH1077231.10FU+SH1077256.10FU+SH1077261.10FU+SH1077279.10FU+SH1077285.10FU	1	SH1076987.10FU+SH1077032.10FU+SH1077055.10FU+SH1077074.10FU+SH1077077.10FU+SH1077091.10FU+SH1077101.10FU+SH1077156.10FU+SH1077168.10FU+SH1077209.10FU+SH1077215.10FU+SH1077231.10FU+SH1077256.10FU+SH1077261.10FU+SH1077279.10FU+SH1077285.10FU	SH1077032.10FU:98.78,SH1077099.10FU:98.75,SH1077286.10FU:98.58,SH1077233.10FU:98.56,SH1077158.10FU:98.17
PX214548.1	Funneliformis mosseae | CHB1_Fmos	Funneliformis mosseae	main		assigned	SH1077032.10FU	98.776	SH1076987.10FU+SH1077032.10FU+SH1077055.10FU+SH1077074.10FU+SH1077077.10FU+SH1077091.10FU+SH1077101.10FU+SH1077156.10FU+SH1077168.10FU+SH1077209.10FU+SH1077215.10FU+SH1077231.10FU+SH1077256.10FU+SH1077261.10FU+SH1077279.10FU+SH1077285.10FU	1	SH1076987.10FU+SH1077032.10FU+SH1077055.10FU+SH1077074.10FU+SH1077077.10FU+SH1077091.10FU+SH1077101.10FU+SH1077156.10FU+SH1077168.10FU+SH1077209.10FU+SH1077215.10FU+SH1077231.10FU+SH1077256.10FU+SH1077261.10FU+SH1077279.10FU+SH1077285.10FU	SH1077032.10FU:98.78,SH1077099.10FU:98.75,SH1077291.10FU:98.56,SH1077279.10FU:98.49,SH1077182.10FU:98.36
PX214549.1	Funneliformis mosseae | CHB1_Fmos	Funneliformis mosseae	main		unassigned				0	SH1076987.10FU+SH1077032.10FU+SH1077055.10FU+SH1077074.10FU+SH1077077.10FU+SH1077091.10FU+SH1077101.10FU+SH1077156.10FU+SH1077168.10FU+SH1077209.10FU+SH1077215.10FU+SH1077231.10FU+SH1077256.10FU+SH1077261.10FU+SH1077279.10FU+SH1077285.10FU	SH1077182.10FU:97.95,SH1077279.10FU:97.88,SH1077260.10FU:97.74,SH1077271.10FU:97.53,SH1077055.10FU:97.53
PX214550.1	Funneliformis mosseae | CHB1_Fmos	Funneliformis mosseae	main		unassigned				0	SH1076987.10FU+SH1077032.10FU+SH1077055.10FU+SH1077074.10FU+SH1077077.10FU+SH1077091.10FU+SH1077101.10FU+SH1077156.10FU+SH1077168.10FU+SH1077209.10FU+SH1077215.10FU+SH1077231.10FU+SH1077256.10FU+SH1077261.10FU+SH1077279.10FU+SH1077285.10FU	SH1077279.10FU:98.41,SH1077182.10FU:97.95,SH1077260.10FU:97.95,SH1077055.10FU:97.94,SH1077032.10FU:97.75
PX214551.1	Funneliformis mosseae | CHB1_Fmos	Funneliformis mosseae	main		unassigned				0	SH1076987.10FU+SH1077032.10FU+SH1077055.10FU+SH1077074.10FU+SH1077077.10FU+SH1077091.10FU+SH1077101.10FU+SH1077156.10FU+SH1077168.10FU+SH1077209.10FU+SH1077215.10FU+SH1077231.10FU+SH1077256.10FU+SH1077261.10FU+SH1077279.10FU+SH1077285.10FU	SH1077279.10FU:97.88,SH1077158.10FU:97.56,SH1077286.10FU:97.56,SH1077032.10FU:97.56,SH1077185.10FU:97.56
PX214552.1	Funneliformis mosseae | CHB1_Fmos	Funneliformis mosseae	main		unassigned				0	SH1076987.10FU+SH1077032.10FU+SH1077055.10FU+SH1077074.10FU+SH1077077.10FU+SH1077091.10FU+SH1077101.10FU+SH1077156.10FU+SH1077168.10FU+SH1077209.10FU+SH1077215.10FU+SH1077231.10FU+SH1077256.10FU+SH1077261.10FU+SH1077279.10FU+SH1077285.10FU	SH1077286.10FU:98.17,SH1077055.10FU:98.15,SH1077279.10FU:98.14,SH1077032.10FU:97.96,SH1077099.10FU:97.92
PX214553.1	Funneliformis mosseae | CHB1_Fmos	Funneliformis mosseae	main		assigned	SH1077279.10FU	98.773	SH1076987.10FU+SH1077032.10FU+SH1077055.10FU+SH1077074.10FU+SH1077077.10FU+SH1077091.10FU+SH1077101.10FU+SH1077156.10FU+SH1077168.10FU+SH1077209.10FU+SH1077215.10FU+SH1077231.10FU+SH1077256.10FU+SH1077261.10FU+SH1077279.10FU+SH1077285.10FU	1	SH1076987.10FU+SH1077032.10FU+SH1077055.10FU+SH1077074.10FU+SH1077077.10FU+SH1077091.10FU+SH1077101.10FU+SH1077156.10FU+SH1077168.10FU+SH1077209.10FU+SH1077215.10FU+SH1077231.10FU+SH1077256.10FU+SH1077261.10FU+SH1077279.10FU+SH1077285.10FU	SH1077279.10FU:98.77,SH1077099.10FU:98.57,SH1077055.10FU:98.57,SH1077032.10FU:98.37,SH1077074.10FU:98.18
PX214554.1	Funneliformis mosseae | CHB4_Fmos	Funneliformis mosseae	main		assigned	SH1077279.10FU	98.569	SH1076987.10FU+SH1077032.10FU+SH1077055.10FU+SH1077074.10FU+SH1077077.10FU+SH1077091.10FU+SH1077101.10FU+SH1077156.10FU+SH1077168.10FU+SH1077209.10FU+SH1077215.10FU+SH1077231.10FU+SH1077256.10FU+SH1077261.10FU+SH1077279.10FU+SH1077285.10FU	1	SH1076987.10FU+SH1077032.10FU+SH1077055.10FU+SH1077074.10FU+SH1077077.10FU+SH1077091.10FU+SH1077101.10FU+SH1077156.10FU+SH1077168.10FU+SH1077209.10FU+SH1077215.10FU+SH1077231.10FU+SH1077256.10FU+SH1077261.10FU+SH1077279.10FU+SH1077285.10FU	SH1077279.10FU:98.68,SH1077099.10FU:98.37,SH1077217.10FU:98.37,SH1077055.10FU:98.36,SH1077032.10FU:98.17
PX214555.1	Funneliformis mosseae | CHB1_Fmos	Funneliformis mosseae	main		assigned	SH1077032.10FU	98.975	SH1076987.10FU+SH1077032.10FU+SH1077055.10FU+SH1077074.10FU+SH1077077.10FU+SH1077091.10FU+SH1077101.10FU+SH1077156.10FU+SH1077168.10FU+SH1077209.10FU+SH1077215.10FU+SH1077231.10FU+SH1077256.10FU+SH1077261.10FU+SH1077279.10FU+SH1077285.10FU	1	SH1076987.10FU+SH1077032.10FU+SH1077055.10FU+SH1077074.10FU+SH1077077.10FU+SH1077091.10FU+SH1077101.10FU+SH1077156.10FU+SH1077168.10FU+SH1077209.10FU+SH1077215.10FU+SH1077231.10FU+SH1077256.10FU+SH1077261.10FU+SH1077279.10FU+SH1077285.10FU	SH1077032.10FU:98.97,SH1077055.10FU:98.58,SH1077099.10FU:98.34,SH1077279.10FU:98.27,SH1076975.10FU:98.17
PX214556.1	Funneliformis mosseae | CHB1_Fmos	Funneliformis mosseae	main		unassigned				0	SH1076987.10FU+SH1077032.10FU+SH1077055.10FU+SH1077074.10FU+SH1077077.10FU+SH1077091.10FU+SH1077101.10FU+SH1077156.10FU+SH1077168.10FU+SH1077209.10FU+SH1077215.10FU+SH1077231.10FU+SH1077256.10FU+SH1077261.10FU+SH1077279.10FU+SH1077285.10FU	SH1077055.10FU:98.36,SH1077032.10FU:98.36,SH1077279.10FU:98.13,SH1077099.10FU:97.72,SH1077291.10FU:97.56
PX214557.1	Funneliformis mosseae | CHB1_Fmos	Funneliformis mosseae	main		assigned	SH1077032.10FU	98.975	SH1076987.10FU+SH1077032.10FU+SH1077055.10FU+SH1077074.10FU+SH1077077.10FU+SH1077091.10FU+SH1077101.10FU+SH1077156.10FU+SH1077168.10FU+SH1077209.10FU+SH1077215.10FU+SH1077231.10FU+SH1077256.10FU+SH1077261.10FU+SH1077279.10FU+SH1077285.10FU	1	SH1076987.10FU+SH1077032.10FU+SH1077055.10FU+SH1077074.10FU+SH1077077.10FU+SH1077091.10FU+SH1077101.10FU+SH1077156.10FU+SH1077168.10FU+SH1077209.10FU+SH1077215.10FU+SH1077231.10FU+SH1077256.10FU+SH1077261.10FU+SH1077279.10FU+SH1077285.10FU	SH1077032.10FU:98.97,SH1077055.10FU:98.58,SH1077099.10FU:98.34,SH1077279.10FU:98.27,SH1076975.10FU:98.17
PX214558.1	Funneliformis mosseae | CHB1_Fmos	Funneliformis mosseae	main		assigned	SH1077055.10FU	98.574	SH1076987.10FU+SH1077032.10FU+SH1077055.10FU+SH1077074.10FU+SH1077077.10FU+SH1077091.10FU+SH1077101.10FU+SH1077156.10FU+SH1077168.10FU+SH1077209.10FU+SH1077215.10FU+SH1077231.10FU+SH1077256.10FU+SH1077261.10FU+SH1077279.10FU+SH1077285.10FU	1	SH1076987.10FU+SH1077032.10FU+SH1077055.10FU+SH1077074.10FU+SH1077077.10FU+SH1077091.10FU+SH1077101.10FU+SH1077156.10FU+SH1077168.10FU+SH1077209.10FU+SH1077215.10FU+SH1077231.10FU+SH1077256.10FU+SH1077261.10FU+SH1077279.10FU+SH1077285.10FU	SH1077055.10FU:98.57,SH1077032.10FU:98.16,SH1077182.10FU:98.16,SH1077279.10FU:98.14,SH1077260.10FU:97.76
PX214559.1	Funneliformis mosseae | CHB3_Fmos	Funneliformis mosseae	main		assigned	SH1077152.10FU	98.783	SH1077006.10FU+SH1077152.10FU	1	SH1077006.10FU+SH1077152.10FU	SH1077152.10FU:98.78,SH1077077.10FU:98.38,SH1077049.10FU:98.36,SH1077106.10FU:97.96,SH1077006.10FU:97.96
PX214560.1	Funneliformis mosseae | CHB3_Fmos	Funneliformis mosseae	main		assigned	SH1077152.10FU	99.189	SH1077006.10FU+SH1077152.10FU	1	SH1077006.10FU+SH1077152.10FU	SH1077152.10FU:99.19,SH1077077.10FU:98.78,SH1077022.10FU:98.37,SH1077137.10FU:98.37,SH1077092.10FU:98.22
PX214561.1	Funneliformis mosseae | CHB3_Fmos	Funneliformis mosseae	main		assigned	SH1077006.10FU	98.778	SH1077006.10FU+SH1077152.10FU	1	SH1077006.10FU+SH1077152.10FU	SH1077006.10FU:98.78,SH1077042.10FU:98.37,SH1077106.10FU:98.37,SH1077122.10FU:98.36,SH1077092.10FU:98.22
PX214562.1	Funneliformis mosseae | 4344_272A	Funneliformis mosseae	main		assigned	SH1077074.10FU	99.543	SH1076987.10FU+SH1077032.10FU+SH1077055.10FU+SH1077074.10FU+SH1077077.10FU+SH1077091.10FU+SH1077101.10FU+SH1077156.10FU+SH1077168.10FU+SH1077209.10FU+SH1077215.10FU+SH1077231.10FU+SH1077256.10FU+SH1077261.10FU+SH1077279.10FU+SH1077285.10FU	1	SH1076987.10FU+SH1077032.10FU+SH1077055.10FU+SH1077074.10FU+SH1077077.10FU+SH1077091.10FU+SH1077101.10FU+SH1077156.10FU+SH1077168.10FU+SH1077209.10FU+SH1077215.10FU+SH1077231.10FU+SH1077256.10FU+SH1077261.10FU+SH1077279.10FU+SH1077285.10FU	SH1077074.10FU:99.54,SH1077279.10FU:98.41,SH1077260.10FU:98.37,SH1077168.10FU:98.17,SH1077032.10FU:98.16
PX214563.1	Funneliformis mosseae | 4344_272A	Funneliformis mosseae	main		assigned	SH1077279.10FU	98.563	SH1076987.10FU+SH1077032.10FU+SH1077055.10FU+SH1077074.10FU+SH1077077.10FU+SH1077091.10FU+SH1077101.10FU+SH1077156.10FU+SH1077168.10FU+SH1077209.10FU+SH1077215.10FU+SH1077231.10FU+SH1077256.10FU+SH1077261.10FU+SH1077279.10FU+SH1077285.10FU	1	SH1076987.10FU+SH1077032.10FU+SH1077055.10FU+SH1077074.10FU+SH1077077.10FU+SH1077091.10FU+SH1077101.10FU+SH1077156.10FU+SH1077168.10FU+SH1077209.10FU+SH1077215.10FU+SH1077231.10FU+SH1077256.10FU+SH1077261.10FU+SH1077279.10FU+SH1077285.10FU	SH1077074.10FU:99.77,SH1077279.10FU:98.67,SH1077168.10FU:98.37,SH1077106.10FU:98.17,SH1077154.10FU:98.17
PX214564.1	Funneliformis mosseae | 4344_272A	Funneliformis mosseae	main		assigned	SH1077279.10FU	98.563	SH1076987.10FU+SH1077032.10FU+SH1077055.10FU+SH1077074.10FU+SH1077077.10FU+SH1077091.10FU+SH1077101.10FU+SH1077156.10FU+SH1077168.10FU+SH1077209.10FU+SH1077215.10FU+SH1077231.10FU+SH1077256.10FU+SH1077261.10FU+SH1077279.10FU+SH1077285.10FU	1	SH1076987.10FU+SH1077032.10FU+SH1077055.10FU+SH1077074.10FU+SH1077077.10FU+SH1077091.10FU+SH1077101.10FU+SH1077156.10FU+SH1077168.10FU+SH1077209.10FU+SH1077215.10FU+SH1077231.10FU+SH1077256.10FU+SH1077261.10FU+SH1077279.10FU+SH1077285.10FU	SH1077074.10FU:99.77,SH1077279.10FU:98.67,SH1077168.10FU:98.37,SH1077106.10FU:98.17,SH1077154.10FU:98.17
PX214565.1	Funneliformis mosseae | 4344_272A	Funneliformis mosseae	main		assigned	SH1077074.10FU	99.543	SH1076987.10FU+SH1077032.10FU+SH1077055.10FU+SH1077074.10FU+SH1077077.10FU+SH1077091.10FU+SH1077101.10FU+SH1077156.10FU+SH1077168.10FU+SH1077209.10FU+SH1077215.10FU+SH1077231.10FU+SH1077256.10FU+SH1077261.10FU+SH1077279.10FU+SH1077285.10FU	1	SH1076987.10FU+SH1077032.10FU+SH1077055.10FU+SH1077074.10FU+SH1077077.10FU+SH1077091.10FU+SH1077101.10FU+SH1077156.10FU+SH1077168.10FU+SH1077209.10FU+SH1077215.10FU+SH1077231.10FU+SH1077256.10FU+SH1077261.10FU+SH1077279.10FU+SH1077285.10FU	SH1077074.10FU:99.54,SH1077279.10FU:98.41,SH1077260.10FU:98.37,SH1077168.10FU:98.17,SH1077032.10FU:98.16
PX214566.1	Funneliformis mosseae | 4344_272A	Funneliformis mosseae	main		assigned	SH1077168.10FU	98.571	SH1076987.10FU+SH1077032.10FU+SH1077055.10FU+SH1077074.10FU+SH1077077.10FU+SH1077091.10FU+SH1077101.10FU+SH1077156.10FU+SH1077168.10FU+SH1077209.10FU+SH1077215.10FU+SH1077231.10FU+SH1077256.10FU+SH1077261.10FU+SH1077279.10FU+SH1077285.10FU	1	SH1076987.10FU+SH1077032.10FU+SH1077055.10FU+SH1077074.10FU+SH1077077.10FU+SH1077091.10FU+SH1077101.10FU+SH1077156.10FU+SH1077168.10FU+SH1077209.10FU+SH1077215.10FU+SH1077231.10FU+SH1077256.10FU+SH1077261.10FU+SH1077279.10FU+SH1077285.10FU	SH1077074.10FU:99.54,SH1077279.10FU:98.67,SH1077168.10FU:98.57,SH1077260.10FU:98.37,SH1077106.10FU:97.97
PX214567.1	Funneliformis mosseae | 4344_272A	Funneliformis mosseae	main		assigned	SH1077074.10FU	98.864	SH1076987.10FU+SH1077032.10FU+SH1077055.10FU+SH1077074.10FU+SH1077077.10FU+SH1077091.10FU+SH1077101.10FU+SH1077156.10FU+SH1077168.10FU+SH1077209.10FU+SH1077215.10FU+SH1077231.10FU+SH1077256.10FU+SH1077261.10FU+SH1077279.10FU+SH1077285.10FU	1	SH1076987.10FU+SH1077032.10FU+SH1077055.10FU+SH1077074.10FU+SH1077077.10FU+SH1077091.10FU+SH1077101.10FU+SH1077156.10FU+SH1077168.10FU+SH1077209.10FU+SH1077215.10FU+SH1077231.10FU+SH1077256.10FU+SH1077261.10FU+SH1077279.10FU+SH1077285.10FU	SH1077074.10FU:98.86,SH1077279.10FU:98.14,SH1077032.10FU:97.96,SH1077260.10FU:97.77,SH1077286.10FU:97.76
PX214568.1	Funneliformis mosseae | CHB1_Fmos	Funneliformis mosseae	main		assigned	SH1077285.10FU	98.98	SH1076987.10FU+SH1077032.10FU+SH1077055.10FU+SH1077074.10FU+SH1077077.10FU+SH1077091.10FU+SH1077101.10FU+SH1077156.10FU+SH1077168.10FU+SH1077209.10FU+SH1077215.10FU+SH1077231.10FU+SH1077256.10FU+SH1077261.10FU+SH1077279.10FU+SH1077285.10FU	1	SH1076987.10FU+SH1077032.10FU+SH1077055.10FU+SH1077074.10FU+SH1077077.10FU+SH1077091.10FU+SH1077101.10FU+SH1077156.10FU+SH1077168.10FU+SH1077209.10FU+SH1077215.10FU+SH1077231.10FU+SH1077256.10FU+SH1077261.10FU+SH1077279.10FU+SH1077285.10FU	SH1077285.10FU:98.98,SH1077077.10FU:98.78,SH1077022.10FU:98.58,SH1076989.10FU:98.57,SH1077215.10FU:98.57
PX214569.1	Funneliformis mosseae | W32_9_13A	Funneliformis mosseae	main		assigned	SH1077279.10FU	98.978	SH1076987.10FU+SH1077032.10FU+SH1077055.10FU+SH1077074.10FU+SH1077077.10FU+SH1077091.10FU+SH1077101.10FU+SH1077156.10FU+SH1077168.10FU+SH1077209.10FU+SH1077215.10FU+SH1077231.10FU+SH1077256.10FU+SH1077261.10FU+SH1077279.10FU+SH1077285.10FU	1	SH1076987.10FU+SH1077032.10FU+SH1077055.10FU+SH1077074.10FU+SH1077077.10FU+SH1077091.10FU+SH1077101.10FU+SH1077156.10FU+SH1077168.10FU+SH1077209.10FU+SH1077215.10FU+SH1077231.10FU+SH1077256.10FU+SH1077261.10FU+SH1077279.10FU+SH1077285.10FU	SH1077279.10FU:98.98,SH1077101.10FU:98.56,SH1077099.10FU:98.37,SH1077202.10FU:98.23,SH1077055.10FU:98.16
PX214570.1	Funneliformis mosseae | CHB1_Fmos	Funneliformis mosseae	main		unassigned				0	SH1076987.10FU+SH1077032.10FU+SH1077055.10FU+SH1077074.10FU+SH1077077.10FU+SH1077091.10FU+SH1077101.10FU+SH1077156.10FU+SH1077168.10FU+SH1077209.10FU+SH1077215.10FU+SH1077231.10FU+SH1077256.10FU+SH1077261.10FU+SH1077279.10FU+SH1077285.10FU	SH1076989.10FU:98.16,SH1077285.10FU:98.16,SH1077215.10FU:98.16,SH1077077.10FU:97.96,SH1077091.10FU:97.96
PX214571.1	Funneliformis mosseae | CHB1_Fmos	Funneliformis mosseae	main		unassigned				0	SH1076987.10FU+SH1077032.10FU+SH1077055.10FU+SH1077074.10FU+SH1077077.10FU+SH1077091.10FU+SH1077101.10FU+SH1077156.10FU+SH1077168.10FU+SH1077209.10FU+SH1077215.10FU+SH1077231.10FU+SH1077256.10FU+SH1077261.10FU+SH1077279.10FU+SH1077285.10FU	SH1076970.10FU:98.36,SH1076971.10FU:98.27,SH1077007.10FU:97.96,SH1077157.10FU:97.75,SH1077215.10FU:97.74
PX214572.1	Septoglomus viscosum | CW0029_4028A	Septoglomus viscosum	main		unassigned				0		SH1389229.10FU:97.82,SH1389242.10FU:97.42,SH1389231.10FU:97.06,SH1389236.10FU:96.86,SH1389220.10FU:96.64
PX214573.1	Septoglomus viscosum | MD215_360A	Septoglomus viscosum	main		unassigned				0		SH1389229.10FU:96.06,SH1389236.10FU:96.04,SH1389242.10FU:95.86,SH1389231.10FU:95.71,SH1389216.10FU:95.67
PX214574.1	Septoglomus viscosum | MD215_360A	Septoglomus viscosum	main		unassigned				0		SH1389229.10FU:96.06,SH1389236.10FU:96.04,SH1389242.10FU:95.86,SH1389231.10FU:95.71,SH1389216.10FU:95.67
PX214575.1	Septoglomus viscosum | MD215_360A	Septoglomus viscosum	main		unassigned				0		SH1389229.10FU:97.05,SH1389242.10FU:96.46,SH1389236.10FU:96.46,SH1389231.10FU:96.12,SH1389216.10FU:95.69
PX214576.1	Septoglomus viscosum | W375_18_642E	Septoglomus viscosum	main		assigned	SH1389229.10FU	100.0	SH1389205.10FU+SH1389220.10FU+SH1389229.10FU	1	SH1389205.10FU+SH1389220.10FU+SH1389229.10FU	SH1389229.10FU:100.00,SH1389220.10FU:98.62,SH1389231.10FU:97.25,SH1389236.10FU:97.06,SH1389213.10FU:97.04
PX214577.1	Septoglomus viscosum | W375_18_642E	Septoglomus viscosum	main		assigned	SH1389220.10FU	99.208	SH1389205.10FU+SH1389220.10FU+SH1389229.10FU	1	SH1389205.10FU+SH1389220.10FU+SH1389229.10FU	SH1389229.10FU:99.40,SH1389220.10FU:99.21,SH1389231.10FU:97.24,SH1389236.10FU:96.67,SH1389213.10FU:96.63
PX214578.1	Septoglomus viscosum | CW0029_4028A	Septoglomus viscosum	main		unassigned				0		SH1389205.10FU:96.07,SH1389246.10FU:95.25,SH1389255.10FU:94.90,SH1389247.10FU:94.88,SH1389236.10FU:94.85
PX214579.1	Septoglomus viscosum | W375_18_642E	Septoglomus viscosum	main		assigned	SH1389205.10FU	99.603	SH1389205.10FU+SH1389220.10FU+SH1389229.10FU	1	SH1389205.10FU+SH1389220.10FU+SH1389229.10FU	SH1389205.10FU:99.60,SH1389230.10FU:95.64,SH1389255.10FU:95.48,SH1389246.10FU:95.28,SH1389212.10FU:95.22
PX214580.1	Septoglomus viscosum | CW0002_4001A	Septoglomus viscosum	main		assigned	SH1389246.10FU	100.0	SH1389246.10FU	1	SH1389246.10FU	SH1389246.10FU:100.00,SH1389247.10FU:98.60,SH1389218.10FU:98.01,SH1389253.10FU:97.60,SH1389250.10FU:96.79
PX214581.1	Septoglomus viscosum | CW0002_4001A	Septoglomus viscosum	main		assigned	SH1389246.10FU	100.0	SH1389246.10FU	1	SH1389246.10FU	SH1389246.10FU:100.00,SH1389247.10FU:98.60,SH1389218.10FU:98.01,SH1389253.10FU:97.60,SH1389250.10FU:96.79
PX214582.1	Septoglomus viscosum | CW0002_4001A	Septoglomus viscosum	main		assigned	SH1389246.10FU	100.0	SH1389246.10FU	1	SH1389246.10FU	SH1389246.10FU:100.00,SH1389247.10FU:98.60,SH1389218.10FU:98.01,SH1389253.10FU:97.60,SH1389250.10FU:96.79
PX214583.1	Septoglomus viscosum | W375_18_642E	Septoglomus viscosum	divergent	short_5.8S	unassigned				0	SH1389205.10FU+SH1389220.10FU+SH1389229.10FU	SH1389233.10FU:95.23,SH1389229.10FU:93.54,SH1389231.10FU:93.19,SH1389213.10FU:92.95,SH1389224.10FU:92.47
PX214584.1	Septoglomus sp. | 5070_5024A	Septoglomus sp.	main		assigned	SH1297159.10FU	98.869	SH1297156.10FU+SH1297158.10FU+SH1297159.10FU	1	SH1297156.10FU+SH1297158.10FU+SH1297159.10FU	SH1297159.10FU:98.87,SH1297158.10FU:92.43,SH1297161.10FU:90.00,SH1297156.10FU:89.71,SH1373801.10FU:88.57
PX214585.1	Septoglomus sp. | C4	Septoglomus sp.	main		assigned	SH1297159.10FU	99.095	SH1297156.10FU+SH1297158.10FU+SH1297159.10FU	1	SH1297156.10FU+SH1297158.10FU+SH1297159.10FU	SH1297159.10FU:99.09,SH1297158.10FU:92.25,SH1297161.10FU:89.83,SH1297156.10FU:89.53,SH1373801.10FU:88.39
PX214586.1	Septoglomus sp. | 5070_5024A	Septoglomus sp.	main		assigned	SH1297158.10FU	99.802	SH1297156.10FU+SH1297158.10FU+SH1297159.10FU	1	SH1297156.10FU+SH1297158.10FU+SH1297159.10FU	SH1297158.10FU:99.80,SH1297161.10FU:93.67,SH1297159.10FU:93.58,SH1297156.10FU:92.25,SH1373810.10FU:91.72
PX214587.1	Septoglomus sp. | C4	Septoglomus sp.	main		assigned	SH1297158.10FU	99.802	SH1297156.10FU+SH1297158.10FU+SH1297159.10FU	1	SH1297156.10FU+SH1297158.10FU+SH1297159.10FU	SH1297158.10FU:99.80,SH1297161.10FU:93.67,SH1297159.10FU:93.58,SH1297156.10FU:92.25,SH1373810.10FU:91.72
PX214588.1	Septoglomus sp. | C4	Septoglomus sp.	main		assigned	SH1297158.10FU	99.802	SH1297156.10FU+SH1297158.10FU+SH1297159.10FU	1	SH1297156.10FU+SH1297158.10FU+SH1297159.10FU	SH1297158.10FU:99.80,SH1297161.10FU:93.67,SH1297159.10FU:93.58,SH1297156.10FU:92.25,SH1373810.10FU:91.72
PX214589.1	Septoglomus sp. | C4	Septoglomus sp.	main		assigned	SH1297158.10FU	99.802	SH1297156.10FU+SH1297158.10FU+SH1297159.10FU	1	SH1297156.10FU+SH1297158.10FU+SH1297159.10FU	SH1297158.10FU:99.80,SH1297161.10FU:93.67,SH1297159.10FU:93.58,SH1297156.10FU:92.25,SH1373810.10FU:91.72
PX214590.1	Septoglomus sp. | C4	Septoglomus sp.	main		assigned	SH1297158.10FU	99.802	SH1297156.10FU+SH1297158.10FU+SH1297159.10FU	1	SH1297156.10FU+SH1297158.10FU+SH1297159.10FU	SH1297158.10FU:99.80,SH1297161.10FU:93.67,SH1297159.10FU:93.58,SH1297156.10FU:92.25,SH1373810.10FU:91.72
PX214591.1	Septoglomus sp. | 5070_5024A	Septoglomus sp.	main		assigned	SH1297158.10FU	98.81	SH1297156.10FU+SH1297158.10FU+SH1297159.10FU	1	SH1297156.10FU+SH1297158.10FU+SH1297159.10FU	SH1297158.10FU:98.81,SH1297159.10FU:93.79,SH1297161.10FU:93.06,SH1297156.10FU:92.23,SH1373810.10FU:91.28
PX214592.1	Septoglomus sp. | C4	Septoglomus sp.	main		assigned	SH1297156.10FU	99.806	SH1297156.10FU+SH1297158.10FU+SH1297159.10FU	1	SH1297156.10FU+SH1297158.10FU+SH1297159.10FU	SH1297156.10FU:99.81,SH1297161.10FU:97.45,SH1297158.10FU:91.83,SH1297159.10FU:91.03,SH1373810.10FU:89.23
PX214593.1	Septoglomus sp. | C4	Septoglomus sp.	main		assigned	SH1297156.10FU	99.806	SH1297156.10FU+SH1297158.10FU+SH1297159.10FU	1	SH1297156.10FU+SH1297158.10FU+SH1297159.10FU	SH1297156.10FU:99.81,SH1297161.10FU:97.45,SH1297158.10FU:91.83,SH1297159.10FU:91.03,SH1373810.10FU:89.23
PX214594.1	Septoglomus sp. | C4	Septoglomus sp.	main		assigned	SH1297156.10FU	99.806	SH1297156.10FU+SH1297158.10FU+SH1297159.10FU	1	SH1297156.10FU+SH1297158.10FU+SH1297159.10FU	SH1297156.10FU:99.81,SH1297161.10FU:97.45,SH1297158.10FU:91.83,SH1297159.10FU:91.03,SH1373810.10FU:89.23
PX214595.1	Septoglomus sp. | 4404_2057A	Septoglomus sp.	divergent	same_length	unassigned				0		SH1222949.10FU:96.01,SH1222941.10FU:95.17,SH1222892.10FU:94.12,SH1222913.10FU:92.89,SH1222915.10FU:91.91
PX214596.1	Septoglomus sp. | FS_9_2328B	Septoglomus sp.	main		unassigned				0		SH1222941.10FU:97.06,SH1222949.10FU:96.85,SH1222892.10FU:94.97,SH1222913.10FU:93.35,SH1222928.10FU:92.64
PX214597.1	Septoglomus sp. | FS_9_2328B	Septoglomus sp.	main		unassigned				0		SH1222941.10FU:97.06,SH1222949.10FU:96.85,SH1222892.10FU:94.97,SH1222913.10FU:93.35,SH1222928.10FU:92.64
PX214598.1	Septoglomus sp. | FS_9_2328B	Septoglomus sp.	main		unassigned				0		SH1222941.10FU:97.06,SH1222949.10FU:96.85,SH1222892.10FU:94.97,SH1222913.10FU:93.35,SH1222928.10FU:92.64
PX214599.1	Septoglomus sp. | 4404_2057A	Septoglomus sp.	main		unassigned				0		SH1222886.10FU:98.04,SH1222869.10FU:97.42,SH1222867.10FU:95.46,SH1222874.10FU:95.44,SH1222895.10FU:95.28
PX214600.1	Septoglomus sp. | 4404_2057A	Septoglomus sp.	main		unassigned				0		SH1222886.10FU:97.82,SH1222869.10FU:97.23,SH1222867.10FU:95.28,SH1222874.10FU:95.26,SH1222895.10FU:95.10
PX214601.1	Septoglomus sp. | FS_9_2328B	Septoglomus sp.	divergent	same_length	unassigned				0		SH1222886.10FU:97.83,SH1222869.10FU:97.42,SH1222856.10FU:95.03,SH1222855.10FU:94.99,SH1222874.10FU:94.85
PX214602.1	Septoglomus sp. | FS_9_2328B	Septoglomus sp.	divergent	same_length	unassigned				0		SH1222869.10FU:97.43,SH1222886.10FU:96.97,SH1222861.10FU:94.45,SH1222945.10FU:94.28,SH1222874.10FU:94.09
PX214603.1	Septoglomus sp. | Blasz_17_2277A	Septoglomus sp.	main		assigned	SH1222928.10FU	99.795	SH1222928.10FU	1	SH1222928.10FU	SH1222928.10FU:99.80,SH1222952.10FU:97.11,SH1222931.10FU:94.20,SH1222949.10FU:93.86,SH1222913.10FU:92.98
PX214604.1	Septoglomus sp. | Blasz_17_2277A	Septoglomus sp.	main		assigned	SH1222928.10FU	99.795	SH1222928.10FU	1	SH1222928.10FU	SH1222928.10FU:99.80,SH1222952.10FU:97.11,SH1222931.10FU:94.20,SH1222949.10FU:93.86,SH1222913.10FU:92.98
PX214605.1	Septoglomus sp. | Blasz_17_2277A	Septoglomus sp.	main		assigned	SH1222928.10FU	99.795	SH1222928.10FU	1	SH1222928.10FU	SH1222928.10FU:99.80,SH1222952.10FU:97.11,SH1222931.10FU:94.20,SH1222949.10FU:93.86,SH1222913.10FU:92.98
PX214606.1	Septoglomus sp. | Blasz_17_2277A	Septoglomus sp.	main		assigned	SH1222928.10FU	99.795	SH1222928.10FU	1	SH1222928.10FU	SH1222928.10FU:99.80,SH1222952.10FU:97.11,SH1222931.10FU:94.20,SH1222949.10FU:93.86,SH1222913.10FU:92.98
PX214607.1	Septoglomus sp. | Blasz_17_2277A	Septoglomus sp.	main		assigned	SH1222928.10FU	99.795	SH1222928.10FU	1	SH1222928.10FU	SH1222928.10FU:99.80,SH1222952.10FU:97.11,SH1222931.10FU:94.20,SH1222949.10FU:93.86,SH1222913.10FU:92.98
PX214608.1	Septoglomus sp. | SO43BL	Septoglomus sp.	main		assigned	SH1222952.10FU	99.168	SH1222952.10FU	1	SH1222952.10FU	SH1222952.10FU:99.17,SH1222928.10FU:98.17,SH1222931.10FU:94.02,SH1222949.10FU:93.27,SH1222941.10FU:92.65
PX214609.1	Septoglomus africanum | Blasz_17_2277A	Septoglomus africanum	main		assigned	SH1222951.10FU	98.625	SH1222951.10FU	1	SH1222951.10FU	SH1222951.10FU:98.62,SH1222889.10FU:98.26,SH1222946.10FU:97.24,SH1222882.10FU:97.08,SH1222884.10FU:97.07
PX214610.1	Septoglomus africanum | SO43BL	Septoglomus africanum	main		assigned	SH1222889.10FU	98.839	SH1222889.10FU	1	SH1222889.10FU	SH1222889.10FU:98.84,SH1222882.10FU:97.67,SH1222951.10FU:97.66,SH1222884.10FU:97.09,SH1222946.10FU:96.48
PX214611.1	Septoglomus africanum | SO43BL	Septoglomus africanum	main		assigned	SH1222889.10FU	98.643	SH1222889.10FU	1	SH1222889.10FU	SH1222889.10FU:98.64,SH1222882.10FU:97.66,SH1222951.10FU:97.65,SH1222884.10FU:96.69,SH1222946.10FU:96.27
PX214612.1	Septoglomus africanum | SO43BL	Septoglomus africanum	main		assigned	SH1222889.10FU	98.643	SH1222889.10FU	1	SH1222889.10FU	SH1222889.10FU:98.64,SH1222882.10FU:97.86,SH1222951.10FU:97.85,SH1222884.10FU:96.89,SH1222946.10FU:96.46
PX214613.1	Septoglomus africanum | SO43BL	Septoglomus africanum	main		assigned	SH1222889.10FU	99.031	SH1222889.10FU	1	SH1222889.10FU	SH1222889.10FU:99.03,SH1222882.10FU:98.25,SH1222951.10FU:97.47,SH1222884.10FU:97.28,SH1222946.10FU:96.09
PX214614.1	Septoglomus africanum | SO43BL	Septoglomus africanum	main		assigned	SH1222889.10FU	98.839	SH1222889.10FU	1	SH1222889.10FU	SH1222889.10FU:98.84,SH1222882.10FU:98.05,SH1222951.10FU:97.28,SH1222884.10FU:97.09,SH1222946.10FU:95.90
PX214615.1	Glomus tetrastratosum | CW0020_4019A	Glomus tetrastratosum	main		assigned	SH1051255.10FU	99.777	SH1051255.10FU+SH1051269.10FU+SH1051280.10FU+SH1051311.10FU	1	SH1051255.10FU+SH1051269.10FU+SH1051280.10FU+SH1051311.10FU	SH1051255.10FU:99.78,SH1051274.10FU:98.89,SH1051269.10FU:97.80,SH1051335.10FU:97.80,SH1051314.10FU:97.60
PX214616.1	Glomus tetrastratosum | CW0020_4019A	Glomus tetrastratosum	main		assigned	SH1051255.10FU	100.0	SH1051255.10FU+SH1051269.10FU+SH1051280.10FU+SH1051311.10FU	1	SH1051255.10FU+SH1051269.10FU+SH1051280.10FU+SH1051311.10FU	SH1051255.10FU:100.00,SH1051269.10FU:98.68,SH1051274.10FU:98.67,SH1051214.10FU:98.45,SH1051311.10FU:98.25
PX214617.1	Glomus tetrastratosum | 5105_2444A	Glomus tetrastratosum	main		assigned	SH1051255.10FU	99.338	SH1051255.10FU+SH1051269.10FU+SH1051280.10FU+SH1051311.10FU	1	SH1051255.10FU+SH1051269.10FU+SH1051280.10FU+SH1051311.10FU	SH1051255.10FU:99.34,SH1051274.10FU:98.45,SH1051311.10FU:98.25,SH1051269.10FU:98.03,SH1051348.10FU:98.02
PX214618.1	Glomus tetrastratosum | 4433_785B	Glomus tetrastratosum	main		unassigned				0	SH1051255.10FU+SH1051269.10FU+SH1051280.10FU+SH1051311.10FU	SH1051255.10FU:98.46,SH1051348.10FU:98.24,SH1051269.10FU:98.02,SH1051335.10FU:97.81,SH1051274.10FU:97.79
PX214619.1	Glomus tetrastratosum | SASK26_2406A	Glomus tetrastratosum	main		unassigned				0		SH1051255.10FU:98.46,SH1051348.10FU:98.24,SH1051269.10FU:98.02,SH1051335.10FU:97.81,SH1051274.10FU:97.79
PX214620.1	Glomus tetrastratosum | 5105_2444A	Glomus tetrastratosum	main		assigned	SH1051255.10FU	99.558	SH1051255.10FU+SH1051269.10FU+SH1051280.10FU+SH1051311.10FU	1	SH1051255.10FU+SH1051269.10FU+SH1051280.10FU+SH1051311.10FU	SH1051255.10FU:99.56,SH1051274.10FU:98.45,SH1051348.10FU:98.02,SH1051311.10FU:97.81,SH1051269.10FU:97.59
PX214621.1	Glomus tetrastratosum | CW0020_4019A	Glomus tetrastratosum	main		assigned	SH1051255.10FU	99.557	SH1051255.10FU+SH1051269.10FU+SH1051280.10FU+SH1051311.10FU	1	SH1051255.10FU+SH1051269.10FU+SH1051280.10FU+SH1051311.10FU	SH1051255.10FU:99.56,SH1051274.10FU:99.11,SH1051311.10FU:97.81,SH1051269.10FU:97.80,SH1051335.10FU:97.80
PX214622.1	Glomus tetrastratosum | 5105_2444A	Glomus tetrastratosum	main		assigned	SH1051255.10FU	99.109	SH1051255.10FU+SH1051269.10FU+SH1051280.10FU+SH1051311.10FU	1	SH1051255.10FU+SH1051269.10FU+SH1051280.10FU+SH1051311.10FU	SH1051255.10FU:99.11,SH1051274.10FU:98.22,SH1051269.10FU:97.14,SH1051335.10FU:97.14,SH1051314.10FU:96.94
PX214623.1	Glomus tetrastratosum | 5105_2444A	Glomus tetrastratosum	main		assigned	SH1051255.10FU	99.556	SH1051255.10FU+SH1051269.10FU+SH1051280.10FU+SH1051311.10FU	1	SH1051255.10FU+SH1051269.10FU+SH1051280.10FU+SH1051311.10FU	SH1051255.10FU:99.56,SH1051274.10FU:98.44,SH1051269.10FU:97.58,SH1051335.10FU:97.58,SH1051348.10FU:97.58
PX214624.1	Glomus tetrastratosum | 5105_2444A	Glomus tetrastratosum	main		assigned	SH1051255.10FU	99.111	SH1051255.10FU+SH1051269.10FU+SH1051280.10FU+SH1051311.10FU	1	SH1051255.10FU+SH1051269.10FU+SH1051280.10FU+SH1051311.10FU	SH1051255.10FU:99.11,SH1051274.10FU:98.00,SH1051269.10FU:97.14,SH1051335.10FU:97.14,SH1051348.10FU:97.14
PX214625.1	Glomus tetrastratosum | 5105_2444A	Glomus tetrastratosum	main		assigned	SH1051269.10FU	100.0	SH1051255.10FU+SH1051269.10FU+SH1051280.10FU+SH1051311.10FU	1	SH1051255.10FU+SH1051269.10FU+SH1051280.10FU+SH1051311.10FU	SH1051269.10FU:100.00,SH1051240.10FU:98.67,SH1051255.10FU:98.46,SH1051222.10FU:98.24,SH1051214.10FU:98.24
PX214626.1	Glomus tetrastratosum | 4433_785B	Glomus tetrastratosum	main		assigned	SH1051280.10FU	99.588	SH1051255.10FU+SH1051269.10FU+SH1051280.10FU+SH1051311.10FU	1	SH1051255.10FU+SH1051269.10FU+SH1051280.10FU+SH1051311.10FU	SH1051280.10FU:99.59,SH1051286.10FU:97.95,SH1051343.10FU:96.51,SH1051226.10FU:95.90,SH1051348.10FU:93.80
PX214627.1	Glomus tetrastratosum | 4433_785B	Glomus tetrastratosum	main		assigned	SH1051280.10FU	99.588	SH1051255.10FU+SH1051269.10FU+SH1051280.10FU+SH1051311.10FU	1	SH1051255.10FU+SH1051269.10FU+SH1051280.10FU+SH1051311.10FU	SH1051280.10FU:99.59,SH1051286.10FU:97.95,SH1051343.10FU:96.51,SH1051226.10FU:95.90,SH1051348.10FU:93.80
PX214628.1	Glomus tetrastratosum | 4433_785B	Glomus tetrastratosum	main		assigned	SH1051280.10FU	99.588	SH1051255.10FU+SH1051269.10FU+SH1051280.10FU+SH1051311.10FU	1	SH1051255.10FU+SH1051269.10FU+SH1051280.10FU+SH1051311.10FU	SH1051280.10FU:99.59,SH1051286.10FU:97.95,SH1051343.10FU:96.51,SH1051226.10FU:95.90,SH1051348.10FU:93.80
PX214629.1	Glomus chinense | 4650_4654_2007C	Glomus chinense	main		unassigned				0		SH1051273.10FU:98.09,SH1398473.10FU:94.87,SH1398479.10FU:94.39,SH1051345.10FU:93.68,SH1051307.10FU:93.68
PX214630.1	Glomus chinense | 4419_1047A	Glomus chinense	main		unassigned				0		SH1051273.10FU:98.09,SH1398473.10FU:94.87,SH1398479.10FU:94.39,SH1051345.10FU:93.68,SH1051307.10FU:93.68
PX214631.1	Glomus chinense | 4419_1047A	Glomus chinense	main		unassigned				0		SH1051273.10FU:98.09,SH1398473.10FU:94.87,SH1398479.10FU:94.39,SH1051345.10FU:93.68,SH1051307.10FU:93.68
PX214632.1	Glomus chinense | 4419_1047A	Glomus chinense	main		unassigned				0		SH1051273.10FU:98.09,SH1398473.10FU:94.87,SH1398479.10FU:94.39,SH1051345.10FU:93.68,SH1051307.10FU:93.68
PX214633.1	Glomus chinense | 4419_1047A	Glomus chinense	main		unassigned				0		SH1051273.10FU:97.88,SH1398473.10FU:94.64,SH1398479.10FU:94.16,SH1051345.10FU:93.47,SH1051307.10FU:93.47
PX214634.1	Glomus chinense | 4419_1047A	Glomus chinense	main		unassigned				0		SH1051273.10FU:98.09,SH1398473.10FU:94.87,SH1398479.10FU:94.39,SH1051345.10FU:93.68,SH1051307.10FU:93.68
PX214635.1	Glomus chinense | 4419_1047A	Glomus chinense	main		unassigned				0		SH1051273.10FU:98.09,SH1398473.10FU:94.87,SH1398479.10FU:94.39,SH1051345.10FU:93.68,SH1051307.10FU:93.68
PX214636.1	Glomus chinense | 4650_4654_2007C	Glomus chinense	main		unassigned				0		SH1398479.10FU:96.23,SH1398473.10FU:96.02,SH1051273.10FU:95.34,SH1051345.10FU:94.32,SH1051310.10FU:94.29
PX214637.1	Glomus chinense | 4650_4654_2007C	Glomus chinense	main		unassigned				0		SH1398479.10FU:96.23,SH1398473.10FU:96.02,SH1051273.10FU:95.34,SH1051345.10FU:94.32,SH1051310.10FU:94.29
PX214638.1	Glomus chinense | 4650_4654_2007C	Glomus chinense	main		unassigned				0		SH1398473.10FU:96.24,SH1398479.10FU:96.23,SH1051273.10FU:95.13,SH1051345.10FU:94.30,SH1398466.10FU:94.13
PX214639.1	Glomus chinense | 4650_4654_2007C	Glomus chinense	main		unassigned				0		SH1398479.10FU:96.23,SH1398473.10FU:96.02,SH1051273.10FU:95.34,SH1051345.10FU:94.32,SH1051310.10FU:94.29
PX214640.1	Glomus chinense | 4419_1047A	Glomus chinense	main		unassigned				0		SH1398479.10FU:96.23,SH1398473.10FU:96.02,SH1051273.10FU:95.34,SH1051345.10FU:94.32,SH1051310.10FU:94.29
PX214641.1	Glomus chinense | 4419_1047A	Glomus chinense	main		unassigned				0		SH1398479.10FU:96.23,SH1398473.10FU:96.02,SH1051273.10FU:95.34,SH1051345.10FU:94.32,SH1051310.10FU:94.29
PX214642.1	Glomus chinense | 4419_1047A	Glomus chinense	main		unassigned				0		SH1398479.10FU:96.23,SH1398473.10FU:96.02,SH1051273.10FU:95.34,SH1051345.10FU:94.32,SH1051310.10FU:94.29
PX214643.1	Glomus chinense | 4650_4654_2007C	Glomus chinense	main		unassigned				0		SH1398479.10FU:96.46,SH1398473.10FU:96.24,SH1051273.10FU:95.33,SH1398466.10FU:94.37,SH1051307.10FU:94.28
PX214644.1	Glomus chinense | 4419_1047A	Glomus chinense	main		unassigned				0		SH1398479.10FU:96.46,SH1398473.10FU:96.24,SH1051273.10FU:95.33,SH1398466.10FU:94.37,SH1051307.10FU:94.28
PX214645.1	Glomus chinense | 4650_4654_2007C	Glomus chinense	main		unassigned				0		SH1051257.10FU:95.54,SH1398473.10FU:95.54,SH1051290.10FU:95.52,SH1051307.10FU:95.33,SH1051345.10FU:95.11
PX214646.1	Glomus chinense | 4419_1047A	Glomus chinense	main		unassigned				0		SH1051257.10FU:95.54,SH1398473.10FU:95.54,SH1051290.10FU:95.52,SH1051307.10FU:95.33,SH1051345.10FU:95.11
PX214647.1	Glomus chinense | 4419_1047A	Glomus chinense	main		unassigned				0		SH1051257.10FU:95.54,SH1398473.10FU:95.54,SH1051290.10FU:95.52,SH1051307.10FU:95.33,SH1051345.10FU:95.11
PX214648.1	Glomus chinense | 4411_1096D	Glomus chinense	main		unassigned				0		SH1051273.10FU:97.67,SH1398473.10FU:94.85,SH1398479.10FU:94.18,SH1398468.10FU:93.69,SH1398470.10FU:93.41
PX214649.1	Glomus chinense | 4411_1096D	Glomus chinense	main		unassigned				0		SH1051273.10FU:97.91,SH1398473.10FU:95.08,SH1398479.10FU:94.41,SH1398468.10FU:93.92,SH1398470.10FU:93.65
PX214650.1	Glomus chinense | 4411_1096D	Glomus chinense	main		unassigned				0		SH1051273.10FU:97.91,SH1398473.10FU:95.08,SH1398479.10FU:94.41,SH1398468.10FU:93.92,SH1398470.10FU:93.65
PX214651.1	Glomus chinense | 4411_1096D	Glomus chinense	main		unassigned				0		SH1051273.10FU:98.38,SH1398479.10FU:94.68,SH1398473.10FU:94.64,SH1051307.10FU:94.04,SH1398468.10FU:93.94
PX214652.1	Glomus chinense | 4036_906B	Glomus chinense	main		unassigned				0		SH1051273.10FU:97.65,SH1398473.10FU:95.08,SH1398479.10FU:95.07,SH1398468.10FU:94.39,SH1051257.10FU:94.25
PX214653.1	Glomus chinense | 4036_906B	Glomus chinense	main		unassigned				0		SH1398466.10FU:97.63,SH1051290.10FU:96.79,SH1051328.10FU:96.18,SH1051298.10FU:95.81,SH1051278.10FU:95.58
PX214654.1	Glomus chinense | 4036_906B	Glomus chinense	main		unassigned				0		SH1398466.10FU:97.63,SH1051290.10FU:96.79,SH1051328.10FU:96.18,SH1051298.10FU:95.81,SH1051278.10FU:95.58
PX214655.1	Glomus chinense | 4036_906B	Glomus chinense	main		unassigned				0		SH1398466.10FU:97.63,SH1051290.10FU:96.79,SH1051328.10FU:96.18,SH1051298.10FU:95.81,SH1051278.10FU:95.58
PX214656.1	Glomus chinense | 4036_906B	Glomus chinense	main		unassigned				0		SH1398473.10FU:97.65,SH1398479.10FU:96.94,SH1398466.10FU:96.93,SH1051298.10FU:96.51,SH1051345.10FU:95.78
PX214657.1	Glomus chinense | 4036_906B	Glomus chinense	main		unassigned				0		SH1398473.10FU:97.65,SH1398479.10FU:97.41,SH1051257.10FU:96.81,SH1051345.10FU:96.19,SH1051307.10FU:95.76
PX214658.1	Glomus chinense | 4036_906B	Glomus chinense	main		unassigned				0		SH1398473.10FU:96.00,SH1398479.10FU:95.75,SH1051257.10FU:95.75,SH1051345.10FU:94.72,SH1051307.10FU:94.70
PX214659.1	Glomus chinense | 4411_1096D	Glomus chinense	main		unassigned				0		SH1051273.10FU:97.02,SH1398479.10FU:94.16,SH1398473.10FU:93.94,SH1398468.10FU:93.49,SH1051307.10FU:93.25
PX214660.1	Glomus chinense | 4036_906B	Glomus chinense	main		unassigned				0		SH1398473.10FU:95.32,SH1398466.10FU:94.51,SH1051351.10FU:94.39,SH1051298.10FU:94.14,SH1051211.10FU:94.12
PX214661.1	Glomus chinense | 4036_906B	Glomus chinense	main		unassigned				0		SH1398473.10FU:94.74,SH1051211.10FU:93.68,SH1398468.10FU:93.65,SH1398467.10FU:93.39,SH1398479.10FU:93.35
PX214662.1	Glomus chinense | 4419_1047A	Glomus chinense	main		unassigned				0		SH1398473.10FU:94.17,SH1398479.10FU:93.88,SH1398468.10FU:93.30,SH1051211.10FU:92.97,SH1398480.10FU:92.83
PX214663.1	Glomus chinense | 4411_1096D	Glomus chinense	main		unassigned				0		SH1398473.10FU:95.89,SH1398466.10FU:94.33,SH1398479.10FU:94.27,SH1398467.10FU:93.52,SH1051351.10FU:93.44
PX214664.1	Glomus macrocarpum | W6285_2347C	Glomus macrocarpum	main		unassigned				0	SH1051242.10FU+SH1051262.10FU+SH1051271.10FU+SH1051334.10FU+SH1051349.10FU	SH1051262.10FU:98.41,SH1051334.10FU:97.94,SH1051349.10FU:97.72,SH1051319.10FU:97.49,SH1051316.10FU:97.49
PX214665.1	Glomus macrocarpum | W6285_2347C	Glomus macrocarpum	main		assigned	SH1051262.10FU	100.0	SH1051242.10FU+SH1051262.10FU+SH1051271.10FU+SH1051334.10FU+SH1051349.10FU	1	SH1051242.10FU+SH1051262.10FU+SH1051271.10FU+SH1051334.10FU+SH1051349.10FU	SH1051262.10FU:100.00,SH1051287.10FU:98.66,SH1051268.10FU:98.44,SH1051334.10FU:98.44,SH1051271.10FU:98.22
PX214666.1	Glomus macrocarpum | W6285_2347C	Glomus macrocarpum	main		assigned	SH1051334.10FU	100.0	SH1051242.10FU+SH1051262.10FU+SH1051271.10FU+SH1051334.10FU+SH1051349.10FU	1	SH1051242.10FU+SH1051262.10FU+SH1051271.10FU+SH1051334.10FU+SH1051349.10FU	SH1051334.10FU:100.00,SH1051349.10FU:99.31,SH1051316.10FU:99.08,SH1051258.10FU:98.85,SH1051281.10FU:98.62
PX214667.1	Glomus macrocarpum | W6285_2347C	Glomus macrocarpum	main		assigned	SH1051271.10FU	100.0	SH1051242.10FU+SH1051262.10FU+SH1051271.10FU+SH1051334.10FU+SH1051349.10FU	1	SH1051242.10FU+SH1051262.10FU+SH1051271.10FU+SH1051334.10FU+SH1051349.10FU	SH1051271.10FU:100.00,SH1051258.10FU:98.86,SH1051349.10FU:98.64,SH1051287.10FU:98.19,SH1051302.10FU:98.18
PX214668.1	Glomus macrocarpum | W6285_2347C	Glomus macrocarpum	main		assigned	SH1051271.10FU	100.0	SH1051242.10FU+SH1051262.10FU+SH1051271.10FU+SH1051334.10FU+SH1051349.10FU	1	SH1051242.10FU+SH1051262.10FU+SH1051271.10FU+SH1051334.10FU+SH1051349.10FU	SH1051271.10FU:100.00,SH1051258.10FU:98.86,SH1051349.10FU:98.64,SH1051287.10FU:98.19,SH1051302.10FU:98.18
PX214669.1	Glomus macrocarpum | W6285_2347C	Glomus macrocarpum	main		assigned	SH1051349.10FU	100.0	SH1051242.10FU+SH1051262.10FU+SH1051271.10FU+SH1051334.10FU+SH1051349.10FU	1	SH1051242.10FU+SH1051262.10FU+SH1051271.10FU+SH1051334.10FU+SH1051349.10FU	SH1051349.10FU:100.00,SH1051271.10FU:98.66,SH1051340.10FU:98.23,SH1051319.10FU:98.22,SH1051316.10FU:98.21
PX214670.1	Glomus macrocarpum | W6285_2347C	Glomus macrocarpum	main		assigned	SH1051271.10FU	99.554	SH1051242.10FU+SH1051262.10FU+SH1051271.10FU+SH1051334.10FU+SH1051349.10FU	1	SH1051242.10FU+SH1051262.10FU+SH1051271.10FU+SH1051334.10FU+SH1051349.10FU	SH1051271.10FU:99.55,SH1051287.10FU:98.22,SH1051238.10FU:98.00,SH1051319.10FU:98.00,SH1051332.10FU:98.00
PX214671.1	Glomus rugosae | 2101_IVT46	Glomus rugosae	main		unassigned				0	SH1051242.10FU+SH1051262.10FU+SH1051271.10FU+SH1051334.10FU+SH1051349.10FU	SH1051272.10FU:96.92,SH1051306.10FU:96.27,SH1051285.10FU:96.23,SH1051228.10FU:96.18,SH1398467.10FU:96.14
PX214672.1	Glomus rugosae | 2101_IVT46	Glomus rugosae	main		unassigned				0	SH1051242.10FU+SH1051262.10FU+SH1051271.10FU+SH1051334.10FU+SH1051349.10FU	SH1051272.10FU:96.92,SH1051306.10FU:96.27,SH1051285.10FU:96.23,SH1051228.10FU:96.18,SH1398467.10FU:96.14
PX214673.1	Glomus rugosae | 4420_683B	Glomus rugosae	main		unassigned				0	SH1051242.10FU+SH1051262.10FU+SH1051271.10FU+SH1051334.10FU+SH1051349.10FU	SH1051272.10FU:96.68,SH1398467.10FU:95.90,SH1051306.10FU:95.58,SH1051285.10FU:95.53,SH1051278.10FU:95.53
PX214674.1	Glomus rugosae | 4420_683B	Glomus rugosae	main		unassigned				0	SH1051242.10FU+SH1051262.10FU+SH1051271.10FU+SH1051334.10FU+SH1051349.10FU	SH1051272.10FU:96.68,SH1398467.10FU:95.90,SH1051306.10FU:95.58,SH1051285.10FU:95.53,SH1051278.10FU:95.53
PX214675.1	Glomus rugosae | 2101_IVT46	Glomus rugosae	main		unassigned				0	SH1051242.10FU+SH1051262.10FU+SH1051271.10FU+SH1051334.10FU+SH1051349.10FU	SH1051292.10FU:96.51,SH1051334.10FU:96.50,SH1051281.10FU:96.49,SH1398478.10FU:96.43,SH1051272.10FU:96.34
PX214676.1	Glomus rugosae | 2101_IVT46	Glomus rugosae	main		unassigned				0	SH1051242.10FU+SH1051262.10FU+SH1051271.10FU+SH1051334.10FU+SH1051349.10FU	SH1051292.10FU:96.51,SH1051334.10FU:96.50,SH1051281.10FU:96.49,SH1398478.10FU:96.43,SH1051272.10FU:96.34
PX214677.1	Glomus rugosae | 2101_IVT46	Glomus rugosae	main		unassigned				0	SH1051242.10FU+SH1051262.10FU+SH1051271.10FU+SH1051334.10FU+SH1051349.10FU	SH1051292.10FU:96.51,SH1051334.10FU:96.50,SH1051281.10FU:96.49,SH1398478.10FU:96.43,SH1051272.10FU:96.34
PX214678.1	Glomus rugosae | 4420_683B	Glomus rugosae	main		assigned	SH1051349.10FU	98.858	SH1051242.10FU+SH1051262.10FU+SH1051271.10FU+SH1051334.10FU+SH1051349.10FU	1	SH1051242.10FU+SH1051262.10FU+SH1051271.10FU+SH1051334.10FU+SH1051349.10FU	SH1051349.10FU:98.86,SH1051316.10FU:98.43,SH1051281.10FU:98.43,SH1051308.10FU:98.35,SH1051313.10FU:98.34
PX214679.1	Glomus rugosae | 4431_805C	Glomus rugosae	main		assigned	SH1051349.10FU	98.858	SH1051242.10FU+SH1051262.10FU+SH1051271.10FU+SH1051334.10FU+SH1051349.10FU	1	SH1051242.10FU+SH1051262.10FU+SH1051271.10FU+SH1051334.10FU+SH1051349.10FU	SH1051349.10FU:98.86,SH1051316.10FU:98.43,SH1051281.10FU:98.43,SH1051308.10FU:98.35,SH1051313.10FU:98.34
PX214680.1	Glomus rugosae | 2101_IVT46	Glomus rugosae	main		assigned	SH1051349.10FU	98.63	SH1051242.10FU+SH1051262.10FU+SH1051271.10FU+SH1051334.10FU+SH1051349.10FU	1	SH1051242.10FU+SH1051262.10FU+SH1051271.10FU+SH1051334.10FU+SH1051349.10FU	SH1051349.10FU:98.63,SH1051308.10FU:98.35,SH1051313.10FU:98.34,SH1051316.10FU:98.21,SH1051281.10FU:98.21
PX214681.1	Glomus rugosae | 2101_IVT46	Glomus rugosae	main		unassigned				0	SH1051242.10FU+SH1051262.10FU+SH1051271.10FU+SH1051334.10FU+SH1051349.10FU	SH1051292.10FU:97.57,SH1051316.10FU:97.55,SH1051308.10FU:97.42,SH1051313.10FU:97.41,SH1051271.10FU:97.34
PX214682.1	Glomus rugosae | 2101_IVT46	Glomus rugosae	main		unassigned				0	SH1051242.10FU+SH1051262.10FU+SH1051271.10FU+SH1051334.10FU+SH1051349.10FU	SH1051329.10FU:97.14,SH1051316.10FU:97.12,SH1051241.10FU:97.03,SH1051308.10FU:96.97,SH1051285.10FU:96.97
PX214683.1	Glomus rugosae | 2101_IVT46	Glomus rugosae	main		unassigned				0	SH1051242.10FU+SH1051262.10FU+SH1051271.10FU+SH1051334.10FU+SH1051349.10FU	SH1051245.10FU:97.39,SH1051329.10FU:97.37,SH1051241.10FU:97.05,SH1051268.10FU:96.72,SH1051292.10FU:96.51
PX214684.1	Glomus rugosae | 4417_1160C	Glomus rugosae	main		unassigned				0		SH1051278.10FU:96.65,SH1051298.10FU:96.44,SH1051306.10FU:96.29,SH1051235.10FU:96.01,SH1051313.10FU:95.99
PX214685.1	Glomus rugosae | 4384_IVT98	Glomus rugosae	main		unassigned				0		SH1051278.10FU:96.65,SH1051298.10FU:96.44,SH1051306.10FU:96.29,SH1051235.10FU:96.01,SH1051313.10FU:95.99
PX214686.1	Glomus rugosae | 4431_805C	Glomus rugosae	main		unassigned				0	SH1051242.10FU+SH1051262.10FU+SH1051271.10FU+SH1051334.10FU+SH1051349.10FU	SH1051278.10FU:96.65,SH1051298.10FU:96.44,SH1051306.10FU:96.29,SH1051235.10FU:96.01,SH1051313.10FU:95.99
PX214687.1	Glomus rugosae | 4415_1174B	Glomus rugosae	main		unassigned				0		SH1051278.10FU:96.65,SH1051298.10FU:96.44,SH1051306.10FU:96.29,SH1051235.10FU:96.01,SH1051313.10FU:95.99
PX214688.1	Glomus rugosae | 4431_805C	Glomus rugosae	main		unassigned				0	SH1051242.10FU+SH1051262.10FU+SH1051271.10FU+SH1051334.10FU+SH1051349.10FU	SH1051278.10FU:96.65,SH1051298.10FU:96.44,SH1051306.10FU:96.29,SH1051235.10FU:96.01,SH1051313.10FU:95.99
PX214689.1	Glomus rugosae | 4431_805C	Glomus rugosae	main		unassigned				0	SH1051242.10FU+SH1051262.10FU+SH1051271.10FU+SH1051334.10FU+SH1051349.10FU	SH1051278.10FU:96.65,SH1051298.10FU:96.44,SH1051306.10FU:96.29,SH1051235.10FU:96.01,SH1051313.10FU:95.99
PX214690.1	Glomus rugosae | 4431_805C	Glomus rugosae	main		unassigned				0	SH1051242.10FU+SH1051262.10FU+SH1051271.10FU+SH1051334.10FU+SH1051349.10FU	SH1051278.10FU:96.65,SH1051298.10FU:96.44,SH1051306.10FU:96.29,SH1051235.10FU:96.01,SH1051313.10FU:95.99
PX214691.1	Glomus rugosae | 4431_805C	Glomus rugosae	main		unassigned				0	SH1051242.10FU+SH1051262.10FU+SH1051271.10FU+SH1051334.10FU+SH1051349.10FU	SH1051278.10FU:96.65,SH1051298.10FU:96.44,SH1051306.10FU:96.29,SH1051235.10FU:96.01,SH1051313.10FU:95.99
PX214692.1	Glomus rugosae | 4417_1160C	Glomus rugosae	main		unassigned				0		SH1051278.10FU:96.65,SH1051298.10FU:96.44,SH1051306.10FU:96.29,SH1051235.10FU:96.01,SH1051313.10FU:95.99
PX214693.1	Glomus rugosae | 4415_1174B	Glomus rugosae	main		unassigned				0		SH1051278.10FU:96.44,SH1051298.10FU:96.22,SH1051306.10FU:96.06,SH1051235.10FU:95.78,SH1051313.10FU:95.77
PX214694.1	Glomus rugosae | 4417_1160C	Glomus rugosae	main		unassigned				0		SH1051298.10FU:96.44,SH1051278.10FU:96.43,SH1051306.10FU:96.29,SH1051235.10FU:96.01,SH1051313.10FU:95.99
PX214695.1	Glomus rugosae | 4384_IVT98	Glomus rugosae	main		unassigned				0		SH1051298.10FU:96.44,SH1051278.10FU:96.43,SH1051306.10FU:96.29,SH1051235.10FU:96.01,SH1051313.10FU:95.99
PX214696.1	Glomus rugosae | 4431_805C	Glomus rugosae	main		unassigned				0	SH1051242.10FU+SH1051262.10FU+SH1051271.10FU+SH1051334.10FU+SH1051349.10FU	SH1051298.10FU:96.67,SH1051306.10FU:96.52,SH1051278.10FU:96.43,SH1051235.10FU:96.24,SH1051313.10FU:96.23
PX214697.1	Glomus rugosae | 4415_1174B	Glomus rugosae	main		unassigned				0		SH1051298.10FU:96.67,SH1051306.10FU:96.52,SH1051278.10FU:96.43,SH1051235.10FU:96.24,SH1051313.10FU:96.23
PX214698.1	Glomus rugosae | 4417_1160C	Glomus rugosae	main		unassigned				0		SH1051278.10FU:96.65,SH1051298.10FU:96.44,SH1051306.10FU:96.29,SH1051235.10FU:96.01,SH1051313.10FU:95.99
PX214699.1	Glomus rugosae | 4417_1160C	Glomus rugosae	main		unassigned				0		SH1051278.10FU:96.65,SH1051298.10FU:96.44,SH1051306.10FU:96.29,SH1051235.10FU:96.01,SH1051313.10FU:95.99
PX214700.1	Glomus rugosae | 4431_805C	Glomus rugosae	main		unassigned				0	SH1051242.10FU+SH1051262.10FU+SH1051271.10FU+SH1051334.10FU+SH1051349.10FU	SH1051278.10FU:96.65,SH1051298.10FU:96.44,SH1051306.10FU:96.29,SH1051235.10FU:96.01,SH1051313.10FU:95.99
PX214701.1	Glomus rugosae | 4431_805C	Glomus rugosae	main		unassigned				0	SH1051242.10FU+SH1051262.10FU+SH1051271.10FU+SH1051334.10FU+SH1051349.10FU	SH1051298.10FU:96.44,SH1051306.10FU:96.30,SH1051278.10FU:96.21,SH1051235.10FU:96.02,SH1051313.10FU:96.00
PX214702.1	Glomus rugosae | 4384_IVT98	Glomus rugosae	main		unassigned				0		SH1051278.10FU:96.65,SH1051298.10FU:96.44,SH1051306.10FU:96.29,SH1051235.10FU:96.01,SH1051313.10FU:95.99
PX214703.1	Glomus rugosae | 4417_1160C	Glomus rugosae	main		unassigned				0		SH1051298.10FU:96.44,SH1051306.10FU:96.30,SH1051278.10FU:96.21,SH1051235.10FU:96.02,SH1051313.10FU:96.00
PX214704.1	Glomus rugosae | 4384_IVT98	Glomus rugosae	main		unassigned				0		SH1051298.10FU:96.44,SH1051306.10FU:96.30,SH1051278.10FU:96.21,SH1051235.10FU:96.02,SH1051313.10FU:96.00
PX214705.1	Glomus rugosae | 4431_805C	Glomus rugosae	main		unassigned				0	SH1051242.10FU+SH1051262.10FU+SH1051271.10FU+SH1051334.10FU+SH1051349.10FU	SH1051298.10FU:96.44,SH1051306.10FU:96.30,SH1051278.10FU:96.21,SH1051235.10FU:96.02,SH1051313.10FU:96.00
PX214706.1	Glomus rugosae | 4415_1174B	Glomus rugosae	main		unassigned				0		SH1051298.10FU:96.44,SH1051306.10FU:96.30,SH1051278.10FU:96.21,SH1051235.10FU:96.02,SH1051313.10FU:96.00
PX214707.1	Glomus rugosae | 4417_1160C	Glomus rugosae	main		unassigned				0		SH1051298.10FU:96.44,SH1051278.10FU:96.43,SH1051306.10FU:96.29,SH1051235.10FU:96.01,SH1051313.10FU:95.99
PX214708.1	Glomus rugosae | 4384_IVT98	Glomus rugosae	main		unassigned				0		SH1051278.10FU:96.44,SH1051298.10FU:96.22,SH1051306.10FU:96.06,SH1051235.10FU:95.78,SH1051313.10FU:95.77
PX214709.1	Glomus rugosae | 4417_1160C	Glomus rugosae	main		unassigned				0		SH1051271.10FU:96.00,SH1051221.10FU:95.85,SH1051313.10FU:95.78,SH1051349.10FU:95.56,SH1051278.10FU:95.56
PX214710.1	Glomus rugosae | 4417_1160C	Glomus rugosae	main		unassigned				0		SH1051298.10FU:97.13,SH1051278.10FU:96.90,SH1051271.10FU:96.22,SH1051306.10FU:95.85,SH1051349.10FU:95.79
PX214711.1	Glomus rugosae | 4431_805C	Glomus rugosae	main		unassigned				0	SH1051242.10FU+SH1051262.10FU+SH1051271.10FU+SH1051334.10FU+SH1051349.10FU	SH1051298.10FU:97.13,SH1051278.10FU:96.90,SH1051271.10FU:96.22,SH1051306.10FU:95.85,SH1051349.10FU:95.79
PX214712.1	Glomus rugosae | 4384_IVT98	Glomus rugosae	main		unassigned				0		SH1051298.10FU:96.25,SH1051271.10FU:96.22,SH1051278.10FU:96.01,SH1051221.10FU:95.86,SH1051306.10FU:95.85
PX214713.1	Glomus rugosae | 4384_IVT98	Glomus rugosae	main		unassigned				0		SH1051271.10FU:96.44,SH1051221.10FU:96.07,SH1051313.10FU:96.00,SH1051349.10FU:95.99,SH1051231.10FU:95.98
PX214714.1	Glomus rugosae | 4431_805C	Glomus rugosae	main		unassigned				0	SH1051242.10FU+SH1051262.10FU+SH1051271.10FU+SH1051334.10FU+SH1051349.10FU	SH1051271.10FU:96.44,SH1051221.10FU:96.07,SH1051313.10FU:96.00,SH1051349.10FU:95.99,SH1051231.10FU:95.98
PX214715.1	Glomus rugosae | 4420_683B	Glomus rugosae	main		unassigned				0	SH1051242.10FU+SH1051262.10FU+SH1051271.10FU+SH1051334.10FU+SH1051349.10FU	SH1051271.10FU:96.66,SH1051221.10FU:96.31,SH1051313.10FU:96.23,SH1051349.10FU:96.21,SH1051231.10FU:96.20
PX214716.1	Glomus rugosae | 4420_683B	Glomus rugosae	main		unassigned				0	SH1051242.10FU+SH1051262.10FU+SH1051271.10FU+SH1051334.10FU+SH1051349.10FU	SH1051271.10FU:96.66,SH1051221.10FU:96.31,SH1051313.10FU:96.23,SH1051349.10FU:96.21,SH1051231.10FU:96.20
PX214717.1	Glomus rugosae | 4431_805C	Glomus rugosae	main		unassigned				0	SH1051242.10FU+SH1051262.10FU+SH1051271.10FU+SH1051334.10FU+SH1051349.10FU	SH1051271.10FU:96.66,SH1051221.10FU:96.31,SH1051313.10FU:96.23,SH1051349.10FU:96.21,SH1051231.10FU:96.20
PX214718.1	Glomus rugosae | 4420_683B	Glomus rugosae	main		unassigned				0	SH1051242.10FU+SH1051262.10FU+SH1051271.10FU+SH1051334.10FU+SH1051349.10FU	SH1051341.10FU:98.08,SH1051242.10FU:97.86,SH1051210.10FU:97.85,SH1051312.10FU:97.44,SH1051321.10FU:97.43
PX214719.1	Glomus rugosae | 4420_683B	Glomus rugosae	main		unassigned				0	SH1051242.10FU+SH1051262.10FU+SH1051271.10FU+SH1051334.10FU+SH1051349.10FU	SH1051341.10FU:98.08,SH1051242.10FU:97.86,SH1051210.10FU:97.85,SH1051312.10FU:97.44,SH1051321.10FU:97.43
PX214720.1	Glomus rugosae | 4431_805C	Glomus rugosae	main		unassigned				0	SH1051242.10FU+SH1051262.10FU+SH1051271.10FU+SH1051334.10FU+SH1051349.10FU	SH1051341.10FU:98.08,SH1051242.10FU:97.86,SH1051210.10FU:97.85,SH1051312.10FU:97.44,SH1051321.10FU:97.43
PX214721.1	Glomus rugosae | 4420_683B	Glomus rugosae	main		unassigned				0	SH1051242.10FU+SH1051262.10FU+SH1051271.10FU+SH1051334.10FU+SH1051349.10FU	SH1051341.10FU:98.08,SH1051242.10FU:97.86,SH1051210.10FU:97.85,SH1051312.10FU:97.44,SH1051321.10FU:97.43
PX214722.1	Glomus rugosae | 4420_683B	Glomus rugosae	main		unassigned				0	SH1051242.10FU+SH1051262.10FU+SH1051271.10FU+SH1051334.10FU+SH1051349.10FU	SH1051341.10FU:97.86,SH1051271.10FU:97.20,SH1051291.10FU:97.03,SH1051312.10FU:96.80,SH1051321.10FU:96.79
PX214723.1	Glomus rugosae | 4420_683B	Glomus rugosae	main		unassigned				0	SH1051242.10FU+SH1051262.10FU+SH1051271.10FU+SH1051334.10FU+SH1051349.10FU	SH1051341.10FU:97.86,SH1051271.10FU:97.20,SH1051291.10FU:97.03,SH1051312.10FU:96.80,SH1051321.10FU:96.79
PX214724.1	Glomus rugosae | 4431_805C	Glomus rugosae	main		unassigned				0	SH1051242.10FU+SH1051262.10FU+SH1051271.10FU+SH1051334.10FU+SH1051349.10FU	SH1051341.10FU:97.86,SH1051271.10FU:97.20,SH1051291.10FU:97.03,SH1051312.10FU:96.80,SH1051321.10FU:96.79
PX214725.1	Glomus rugosae | 4431_805C	Glomus rugosae	main		unassigned				0	SH1051242.10FU+SH1051262.10FU+SH1051271.10FU+SH1051334.10FU+SH1051349.10FU	SH1051341.10FU:97.86,SH1051271.10FU:97.20,SH1051291.10FU:97.03,SH1051312.10FU:96.80,SH1051321.10FU:96.79
PX214726.1	Glomus rugosae | 4420_683B	Glomus rugosae	main		unassigned				0	SH1051242.10FU+SH1051262.10FU+SH1051271.10FU+SH1051334.10FU+SH1051349.10FU	SH1051341.10FU:97.65,SH1051271.10FU:96.97,SH1051291.10FU:96.81,SH1051312.10FU:96.59,SH1051321.10FU:96.57
PX214727.1	Glomus rugosae | 2101_IVT46	Glomus rugosae	main		assigned	SH1051242.10FU	100.0	SH1051242.10FU+SH1051262.10FU+SH1051271.10FU+SH1051334.10FU+SH1051349.10FU	1	SH1051242.10FU+SH1051262.10FU+SH1051271.10FU+SH1051334.10FU+SH1051349.10FU	SH1051242.10FU:100.00,SH1051321.10FU:97.43,SH1051341.10FU:97.23,SH1051339.10FU:97.22,SH1051210.10FU:97.00
PX214728.1	Glomus rugosae | 2101_IVT46	Glomus rugosae	main		assigned	SH1051242.10FU	100.0	SH1051242.10FU+SH1051262.10FU+SH1051271.10FU+SH1051334.10FU+SH1051349.10FU	1	SH1051242.10FU+SH1051262.10FU+SH1051271.10FU+SH1051334.10FU+SH1051349.10FU	SH1051242.10FU:100.00,SH1051321.10FU:97.43,SH1051341.10FU:97.23,SH1051339.10FU:97.22,SH1051210.10FU:97.00
PX214729.1	Glomus rugosae | 4384_IVT98	Glomus rugosae	main		unassigned				0		SH1051278.10FU:96.88,SH1051298.10FU:96.67,SH1051306.10FU:96.06,SH1051221.10FU:95.84,SH1051235.10FU:95.78
PX214730.1	Glomus rugosae | 4384_IVT98	Glomus rugosae	main		unassigned				0		SH1051271.10FU:96.21,SH1051313.10FU:96.00,SH1051349.10FU:95.98,SH1051231.10FU:95.98,SH1051221.10FU:95.84
PX214731.1	Glomus rugosae | 2101_IVT46	Glomus rugosae	main		unassigned				0	SH1051242.10FU+SH1051262.10FU+SH1051271.10FU+SH1051334.10FU+SH1051349.10FU	SH1051210.10FU:98.50,SH1051242.10FU:98.07,SH1051321.10FU:97.43,SH1051339.10FU:97.22,SH1051341.10FU:96.58
PX214732.1	Glomus rugosae | 2101_IVT46	Glomus rugosae	main		unassigned				0	SH1051242.10FU+SH1051262.10FU+SH1051271.10FU+SH1051334.10FU+SH1051349.10FU	SH1051210.10FU:98.50,SH1051242.10FU:98.07,SH1051321.10FU:97.43,SH1051339.10FU:97.22,SH1051341.10FU:96.58
PX214733.1	Glomus rugosae | 2101_IVT46	Glomus rugosae	main		unassigned				0	SH1051242.10FU+SH1051262.10FU+SH1051271.10FU+SH1051334.10FU+SH1051349.10FU	SH1051321.10FU:96.00,SH1051210.10FU:95.79,SH1051329.10FU:95.41,SH1051339.10FU:95.17,SH1051341.10FU:94.96
PX214734.1	Glomus rugosae | 4420_683B	Glomus rugosae	main		unassigned				0	SH1051242.10FU+SH1051262.10FU+SH1051271.10FU+SH1051334.10FU+SH1051349.10FU	SH1051341.10FU:97.23,SH1051312.10FU:96.60,SH1051242.10FU:96.60,SH1051321.10FU:96.59,SH1051291.10FU:96.41
PX214735.1	Glomus rugosae | 5103_2445A	Glomus rugosae	main		unassigned				0		SH1051210.10FU:96.40,SH1051312.10FU:96.20,SH1051339.10FU:96.20,SH1051276.10FU:96.05,SH1051341.10FU:95.99
PX214736.1	Glomus rugosae | 5096_2452A	Glomus rugosae	main		unassigned				0		SH1051210.10FU:96.40,SH1051312.10FU:96.20,SH1051339.10FU:96.20,SH1051276.10FU:96.05,SH1051341.10FU:95.99
PX214737.1	Glomus rugosae | 5103_2445A	Glomus rugosae	main		unassigned				0		SH1051210.10FU:96.40,SH1051312.10FU:96.20,SH1051339.10FU:96.20,SH1051276.10FU:96.05,SH1051341.10FU:95.99
PX214738.1	Glomus rugosae | 5096_2452A	Glomus rugosae	main		unassigned				0		SH1051210.10FU:96.40,SH1051312.10FU:96.20,SH1051339.10FU:96.20,SH1051276.10FU:96.05,SH1051341.10FU:95.99
PX214739.1	Glomus rugosae | 5103_2445A	Glomus rugosae	main		unassigned				0		SH1051210.10FU:96.40,SH1051312.10FU:96.20,SH1051339.10FU:96.20,SH1051276.10FU:96.05,SH1051341.10FU:95.99
PX214740.1	Glomus rugosae | 5096_2452A	Glomus rugosae	main		unassigned				0		SH1051210.10FU:96.40,SH1051312.10FU:96.20,SH1051339.10FU:96.20,SH1051276.10FU:96.05,SH1051341.10FU:95.99
PX214741.1	Glomus rugosae | 5096_2452A	Glomus rugosae	main		unassigned				0		SH1051210.10FU:96.40,SH1051312.10FU:96.20,SH1051339.10FU:96.20,SH1051276.10FU:96.05,SH1051341.10FU:95.99
PX214742.1	Glomus rugosae | 5103_2445A	Glomus rugosae	main		unassigned				0		SH1051210.10FU:96.40,SH1051312.10FU:96.20,SH1051339.10FU:96.20,SH1051276.10FU:96.05,SH1051341.10FU:95.99
PX214743.1	Glomus rugosae | 2101_IVT46	Glomus rugosae	main		unassigned				0	SH1051242.10FU+SH1051262.10FU+SH1051271.10FU+SH1051334.10FU+SH1051349.10FU	SH1398482.10FU:96.11,SH1398470.10FU:95.14,SH1051230.10FU:95.11,SH1051332.10FU:94.88,SH1051339.10FU:94.88
PX214744.1	Glomus rugosae | 2101_IVT46	Glomus rugosae	main		unassigned				0	SH1051242.10FU+SH1051262.10FU+SH1051271.10FU+SH1051334.10FU+SH1051349.10FU	SH1398482.10FU:96.11,SH1398470.10FU:95.14,SH1051230.10FU:95.11,SH1051332.10FU:94.88,SH1051339.10FU:94.88
PX214745.1	Glomus rugosae | 4487_957C	Glomus rugosae	main		unassigned				0		SH1051339.10FU:96.22,SH1398482.10FU:96.06,SH1398470.10FU:95.85,SH1051332.10FU:95.75,SH1051321.10FU:95.51
PX214746.1	Dominikia duoreactiva | 4412	Dominikia duoreactiva	main		unassigned				0		SH1399620.10FU:97.18,SH1399407.10FU:96.72,SH1399426.10FU:96.51,SH1399724.10FU:96.51,SH1398954.10FU:96.28
PX214747.1	Dominikia duoreactiva | 4392_1156C	Dominikia duoreactiva	main		unassigned				0		SH1399620.10FU:97.18,SH1399407.10FU:96.72,SH1399426.10FU:96.51,SH1399724.10FU:96.51,SH1398954.10FU:96.28
PX214748.1	Dominikia duoreactiva | 4412	Dominikia duoreactiva	main		unassigned				0		SH1399620.10FU:97.18,SH1399407.10FU:96.72,SH1399426.10FU:96.51,SH1399724.10FU:96.51,SH1398954.10FU:96.28
PX214749.1	Dominikia duoreactiva | 4392_1156C	Dominikia duoreactiva	main		unassigned				0		SH1399620.10FU:97.18,SH1399407.10FU:96.72,SH1399426.10FU:96.51,SH1399724.10FU:96.51,SH1398954.10FU:96.28
PX214750.1	Dominikia duoreactiva | 4412	Dominikia duoreactiva	main		unassigned				0		SH1398970.10FU:96.99,SH1399830.10FU:96.75,SH1399252.10FU:96.55,SH1400007.10FU:96.30,SH1399953.10FU:96.05
PX214751.1	Dominikia duoreactiva | 4392_1156C	Dominikia duoreactiva	main		unassigned				0		SH1399282.10FU:97.33,SH1399833.10FU:96.90,SH1399407.10FU:96.66,SH1399426.10FU:96.45,SH1399320.10FU:96.44
PX214752.1	Dominikia duoreactiva | 4412	Dominikia duoreactiva	main		unassigned				0		SH1344341.10FU:97.50,SH1399833.10FU:96.33,SH1399282.10FU:96.31,SH1398994.10FU:95.59,SH1399407.10FU:95.09
PX214753.1	Dominikia duoreactiva | 4392_1156C	Dominikia duoreactiva	main		unassigned				0		SH1344341.10FU:97.50,SH1399833.10FU:96.33,SH1399282.10FU:96.31,SH1398994.10FU:95.59,SH1399407.10FU:95.09
PX214754.1	Dominikia duoreactiva | 4412	Dominikia duoreactiva	main		unassigned				0		SH1344341.10FU:97.50,SH1399833.10FU:96.33,SH1399282.10FU:96.31,SH1398994.10FU:95.59,SH1399407.10FU:95.09
PX214755.1	Dominikia bonfanteae | 4351_1077A	Dominikia bonfanteae	main		assigned	SH1398916.10FU	100.0	SH1398916.10FU+SH1399296.10FU	1	SH1398916.10FU+SH1399296.10FU	SH1398916.10FU:100.00,SH1399053.10FU:98.68,SH1399937.10FU:98.02,SH1399029.10FU:97.80,SH1399493.10FU:97.80
PX214756.1	Dominikia bonfanteae | 4351_1077A	Dominikia bonfanteae	main		assigned	SH1398916.10FU	100.0	SH1398916.10FU+SH1399296.10FU	1	SH1398916.10FU+SH1399296.10FU	SH1398916.10FU:100.00,SH1399053.10FU:98.68,SH1399937.10FU:98.02,SH1399029.10FU:97.80,SH1399493.10FU:97.80
PX214757.1	Dominikia bonfanteae | 4351_1077A	Dominikia bonfanteae	main		assigned	SH1399296.10FU	99.779	SH1398916.10FU+SH1399296.10FU	1	SH1398916.10FU+SH1399296.10FU	SH1399296.10FU:99.78,SH1399493.10FU:98.01,SH1399713.10FU:98.01,SH1398916.10FU:97.57,SH1399053.10FU:97.14
PX214758.1	Dominikia bonfanteae | C10660_2264B	Dominikia bonfanteae	main		assigned	SH1399966.10FU	99.332	SH1399727.10FU+SH1399966.10FU	1	SH1399727.10FU+SH1399966.10FU	SH1399966.10FU:99.53,SH1399234.10FU:98.67,SH1398884.10FU:98.46,SH1399931.10FU:98.45,SH1399393.10FU:98.44
PX214759.1	Dominikia bonfanteae | C10660_2264B	Dominikia bonfanteae	main		assigned	SH1399727.10FU	99.336	SH1399727.10FU+SH1399966.10FU	1	SH1399727.10FU+SH1399966.10FU	SH1399727.10FU:99.34,SH1399865.10FU:98.46,SH1399288.10FU:98.01,SH1399706.10FU:97.79,SH1399469.10FU:97.58
PX214760.1	Dominikia bonfanteae | C10660_2264B	Dominikia bonfanteae	main		assigned	SH1399966.10FU	99.775	SH1399727.10FU+SH1399966.10FU	1	SH1399727.10FU+SH1399966.10FU	SH1399966.10FU:99.78,SH1399931.10FU:98.66,SH1399393.10FU:98.65,SH1399138.10FU:98.43,SH1398901.10FU:97.98
PX214761.1	Microdominikia litorea | 3647_963E	Microdominikia litorea	main		unassigned				0	SH1399939.10FU	SH1399813.10FU:97.97,SH1399558.10FU:97.76,SH1399150.10FU:97.52,SH1399341.10FU:97.32,SH1399939.10FU:97.31
PX214762.1	Microdominikia litorea | 3647_963E	Microdominikia litorea	main		unassigned				0	SH1399939.10FU	SH1399698.10FU:97.53,SH1399939.10FU:97.08,SH1398995.10FU:96.88,SH1399917.10FU:96.83,SH1399558.10FU:96.65
PX214763.1	Microdominikia litorea | 3647_963E	Microdominikia litorea	main		assigned	SH1399939.10FU	99.091	SH1399939.10FU	1	SH1399939.10FU	SH1399939.10FU:99.09,SH1399558.10FU:98.64,SH1399075.10FU:98.63,SH1399172.10FU:98.42,SH1399033.10FU:98.42
PX214764.1	Microdominikia litorea | 3647_963E	Microdominikia litorea	main		assigned	SH1399939.10FU	99.091	SH1399939.10FU	1	SH1399939.10FU	SH1399939.10FU:99.09,SH1399558.10FU:98.64,SH1399075.10FU:98.63,SH1399172.10FU:98.42,SH1399033.10FU:98.42
PX214765.1	Microdominikia litorea | 3647_963E	Microdominikia litorea	main		unassigned				0	SH1399939.10FU	SH1399698.10FU:98.43,SH1399558.10FU:98.42,SH1399939.10FU:98.42,SH1398995.10FU:97.99,SH1399913.10FU:97.97
PX214766.1	Microdominikia litorea | 3647_963E	Microdominikia litorea	main		assigned	SH1399939.10FU	99.091	SH1399939.10FU	1	SH1399939.10FU	SH1399939.10FU:99.09,SH1399558.10FU:98.64,SH1399075.10FU:98.63,SH1399172.10FU:98.42,SH1399033.10FU:98.42
PX214767.1	Microdominikia litorea | 3647_963E	Microdominikia litorea	main		unassigned				0	SH1399939.10FU	SH1399698.10FU:98.43,SH1399558.10FU:98.42,SH1399939.10FU:98.42,SH1398995.10FU:97.99,SH1399913.10FU:97.97
PX214768.1	Microdominikia litorea | 5274	Microdominikia litorea	main		assigned	SH1399150.10FU	100.0	SH1399075.10FU+SH1399150.10FU+SH1399450.10FU+SH1399813.10FU	1	SH1399075.10FU+SH1399150.10FU+SH1399450.10FU+SH1399813.10FU	SH1399150.10FU:100.00,SH1399813.10FU:98.65,SH1399532.10FU:98.64,SH1399913.10FU:98.43,SH1399075.10FU:98.42
PX214769.1	Microdominikia litorea | 5274	Microdominikia litorea	main		ambiguous		99.091	SH1399075.10FU+SH1399150.10FU+SH1399450.10FU+SH1399813.10FU	1	SH1399075.10FU+SH1399150.10FU+SH1399450.10FU+SH1399813.10FU	SH1399150.10FU:99.09,SH1399075.10FU:99.09,SH1399913.10FU:98.65,SH1399939.10FU:98.63,SH1399813.10FU:98.42
PX214770.1	Microdominikia litorea | 5274	Microdominikia litorea	main		assigned	SH1399813.10FU	98.879	SH1399075.10FU+SH1399150.10FU+SH1399450.10FU+SH1399813.10FU	1	SH1399075.10FU+SH1399150.10FU+SH1399450.10FU+SH1399813.10FU	SH1399813.10FU:98.88,SH1399558.10FU:98.19,SH1399913.10FU:97.99,SH1399644.10FU:97.99,SH1399150.10FU:97.98
PX214771.1	Microdominikia litorea | 5274	Microdominikia litorea	main		assigned	SH1399450.10FU	98.866	SH1399075.10FU+SH1399150.10FU+SH1399450.10FU+SH1399813.10FU	1	SH1399075.10FU+SH1399150.10FU+SH1399450.10FU+SH1399813.10FU	SH1399450.10FU:98.87,SH1399940.10FU:98.86,SH1399582.10FU:97.96,SH1398930.10FU:97.96,SH1399861.10FU:97.51
PX214772.1	Microdominikia litorea | 5274	Microdominikia litorea	main		unassigned				0	SH1399075.10FU+SH1399150.10FU+SH1399450.10FU+SH1399813.10FU	SH1193540.10FU:95.89,SH1193538.10FU:95.56,SH1193536.10FU:94.54,SH1193535.10FU:94.21,SH1193543.10FU:93.56
PX214773.1	Glomus sp. | 4406	Glomus sp.	main		assigned	SH1057951.10FU	99.786	SH1057951.10FU+SH1248047.10FU	1	SH1057951.10FU+SH1248047.10FU	SH1057951.10FU:99.79,SH1057930.10FU:98.72,SH1057957.10FU:98.30,SH1057926.10FU:98.29,SH1057921.10FU:98.09
PX214774.1	Glomus sp. | 5089_2351A	Glomus sp.	main		assigned	SH1057951.10FU	100.0	SH1057951.10FU+SH1248047.10FU	1	SH1057951.10FU+SH1248047.10FU	SH1057951.10FU:100.00,SH1057930.10FU:98.93,SH1057921.10FU:98.31,SH1057957.10FU:98.09,SH1057926.10FU:98.08
PX214775.1	Glomus sp. | 5089_2351A	Glomus sp.	main		assigned	SH1248047.10FU	99.344	SH1057951.10FU+SH1248047.10FU	1	SH1057951.10FU+SH1248047.10FU	SH1248047.10FU:99.34,SH1247998.10FU:97.40,SH1248187.10FU:96.95,SH1248320.10FU:96.53,SH1248137.10FU:96.32
PX214776.1	Rhizophagus irregularis | 4569_1185B	Rhizophagus irregularis	main		assigned	SH1337353.10FU	100.0	SH1337152.10FU+SH1337164.10FU+SH1337270.10FU+SH1337279.10FU+SH1337353.10FU+SH1337363.10FU+SH1337439.10FU+SH1337593.10FU	1	SH1337152.10FU+SH1337164.10FU+SH1337270.10FU+SH1337279.10FU+SH1337353.10FU+SH1337363.10FU+SH1337439.10FU+SH1337593.10FU	SH1337353.10FU:100.00,SH1337175.10FU:98.72,SH1337539.10FU:98.30,SH1337171.10FU:97.88,SH1337151.10FU:97.67
PX214777.1	Rhizophagus irregularis | 4375_IVT88A	Rhizophagus irregularis	divergent	short_5.8S	assigned	SH1337353.10FU	100.0	SH1337152.10FU+SH1337164.10FU+SH1337270.10FU+SH1337279.10FU+SH1337353.10FU+SH1337363.10FU+SH1337439.10FU+SH1337593.10FU	1	SH1337152.10FU+SH1337164.10FU+SH1337270.10FU+SH1337279.10FU+SH1337353.10FU+SH1337363.10FU+SH1337439.10FU+SH1337593.10FU	SH1337353.10FU:100.00,SH1337175.10FU:98.72,SH1337539.10FU:98.30,SH1337171.10FU:97.88,SH1337151.10FU:97.67
PX214778.1	Rhizophagus irregularis | 4341_IVT72A	Rhizophagus irregularis	divergent	short_5.8S	assigned	SH1337353.10FU	100.0	SH1337152.10FU+SH1337164.10FU+SH1337270.10FU+SH1337279.10FU+SH1337353.10FU+SH1337363.10FU+SH1337439.10FU+SH1337593.10FU	1	SH1337152.10FU+SH1337164.10FU+SH1337270.10FU+SH1337279.10FU+SH1337353.10FU+SH1337363.10FU+SH1337439.10FU+SH1337593.10FU	SH1337353.10FU:100.00,SH1337175.10FU:98.72,SH1337539.10FU:98.30,SH1337171.10FU:97.88,SH1337151.10FU:97.67
PX214779.1	Rhizophagus irregularis | 4348_IVT77A	Rhizophagus irregularis	divergent	short_5.8S	assigned	SH1337353.10FU	100.0	SH1337152.10FU+SH1337164.10FU+SH1337270.10FU+SH1337279.10FU+SH1337353.10FU+SH1337363.10FU+SH1337439.10FU+SH1337593.10FU	1	SH1337152.10FU+SH1337164.10FU+SH1337270.10FU+SH1337279.10FU+SH1337353.10FU+SH1337363.10FU+SH1337439.10FU+SH1337593.10FU	SH1337353.10FU:100.00,SH1337175.10FU:98.72,SH1337539.10FU:98.30,SH1337171.10FU:97.88,SH1337151.10FU:97.67
PX214780.1	Rhizophagus irregularis | 4674_1184D	Rhizophagus irregularis	divergent	short_5.8S	assigned	SH1337353.10FU	100.0	SH1337152.10FU+SH1337164.10FU+SH1337270.10FU+SH1337279.10FU+SH1337353.10FU+SH1337363.10FU+SH1337439.10FU+SH1337593.10FU	1	SH1337152.10FU+SH1337164.10FU+SH1337270.10FU+SH1337279.10FU+SH1337353.10FU+SH1337363.10FU+SH1337439.10FU+SH1337593.10FU	SH1337353.10FU:100.00,SH1337175.10FU:98.72,SH1337539.10FU:98.30,SH1337171.10FU:97.88,SH1337151.10FU:97.67
PX214781.1	Rhizophagus irregularis | 4292_708C	Rhizophagus irregularis	divergent	short_5.8S	assigned	SH1337353.10FU	100.0	SH1337152.10FU+SH1337164.10FU+SH1337270.10FU+SH1337279.10FU+SH1337353.10FU+SH1337363.10FU+SH1337439.10FU+SH1337593.10FU	1	SH1337152.10FU+SH1337164.10FU+SH1337270.10FU+SH1337279.10FU+SH1337353.10FU+SH1337363.10FU+SH1337439.10FU+SH1337593.10FU	SH1337353.10FU:100.00,SH1337175.10FU:98.72,SH1337539.10FU:98.30,SH1337171.10FU:97.88,SH1337151.10FU:97.67
PX214782.1	Rhizophagus irregularis | 4375_IVT88A	Rhizophagus irregularis	divergent	short_5.8S	assigned	SH1337353.10FU	100.0	SH1337152.10FU+SH1337164.10FU+SH1337270.10FU+SH1337279.10FU+SH1337353.10FU+SH1337363.10FU+SH1337439.10FU+SH1337593.10FU	1	SH1337152.10FU+SH1337164.10FU+SH1337270.10FU+SH1337279.10FU+SH1337353.10FU+SH1337363.10FU+SH1337439.10FU+SH1337593.10FU	SH1337353.10FU:100.00,SH1337175.10FU:98.72,SH1337539.10FU:98.30,SH1337171.10FU:97.88,SH1337151.10FU:97.67
PX214783.1	Rhizophagus irregularis | T3_IVT34A	Rhizophagus irregularis	divergent	short_5.8S	assigned	SH1337480.10FU	99.789	SH1337480.10FU	1	SH1337152.10FU+SH1337164.10FU+SH1337270.10FU+SH1337279.10FU+SH1337353.10FU+SH1337363.10FU+SH1337439.10FU+SH1337593.10FU	SH1337480.10FU:99.79,SH1337414.10FU:97.26,SH1337608.10FU:97.02,SH1337419.10FU:96.84,SH1337330.10FU:96.84
PX214784.1	Rhizophagus irregularis | CC4_4A_IVT7A	Rhizophagus irregularis	divergent	short_5.8S	assigned	SH1337463.10FU	99.156	SH1337463.10FU	1	SH1337152.10FU+SH1337164.10FU+SH1337270.10FU+SH1337279.10FU+SH1337353.10FU+SH1337363.10FU+SH1337439.10FU+SH1337593.10FU	SH1337463.10FU:99.16,SH1337608.10FU:98.08,SH1337419.10FU:97.89,SH1337144.10FU:97.87,SH1337384.10FU:97.68
PX214785.1	Rhizophagus irregularis | 4569_1185B	Rhizophagus irregularis	main		assigned	SH1337270.10FU	100.0	SH1337152.10FU+SH1337164.10FU+SH1337270.10FU+SH1337279.10FU+SH1337353.10FU+SH1337363.10FU+SH1337439.10FU+SH1337593.10FU	1	SH1337152.10FU+SH1337164.10FU+SH1337270.10FU+SH1337279.10FU+SH1337353.10FU+SH1337363.10FU+SH1337439.10FU+SH1337593.10FU	SH1337270.10FU:100.00,SH1337510.10FU:98.92,SH1337375.10FU:98.50,SH1337249.10FU:98.28,SH1205321.10FU:98.26
PX214786.1	Rhizophagus irregularis | 4375_IVT88A	Rhizophagus irregularis	main		assigned	SH1337270.10FU	100.0	SH1337152.10FU+SH1337164.10FU+SH1337270.10FU+SH1337279.10FU+SH1337353.10FU+SH1337363.10FU+SH1337439.10FU+SH1337593.10FU	1	SH1337152.10FU+SH1337164.10FU+SH1337270.10FU+SH1337279.10FU+SH1337353.10FU+SH1337363.10FU+SH1337439.10FU+SH1337593.10FU	SH1337270.10FU:100.00,SH1337510.10FU:98.71,SH1337249.10FU:98.50,SH1337375.10FU:98.29,SH1205321.10FU:98.26
PX214787.1	Rhizophagus irregularis | 4375_IVT88A	Rhizophagus irregularis	main		assigned	SH1337270.10FU	100.0	SH1337152.10FU+SH1337164.10FU+SH1337270.10FU+SH1337279.10FU+SH1337353.10FU+SH1337363.10FU+SH1337439.10FU+SH1337593.10FU	1	SH1337152.10FU+SH1337164.10FU+SH1337270.10FU+SH1337279.10FU+SH1337353.10FU+SH1337363.10FU+SH1337439.10FU+SH1337593.10FU	SH1337270.10FU:100.00,SH1337510.10FU:98.71,SH1337249.10FU:98.50,SH1337375.10FU:98.29,SH1205321.10FU:98.26
PX214788.1	Rhizophagus irregularis | 4341_IVT72A	Rhizophagus irregularis	main		assigned	SH1337270.10FU	100.0	SH1337152.10FU+SH1337164.10FU+SH1337270.10FU+SH1337279.10FU+SH1337353.10FU+SH1337363.10FU+SH1337439.10FU+SH1337593.10FU	1	SH1337152.10FU+SH1337164.10FU+SH1337270.10FU+SH1337279.10FU+SH1337353.10FU+SH1337363.10FU+SH1337439.10FU+SH1337593.10FU	SH1337270.10FU:100.00,SH1337510.10FU:98.71,SH1337249.10FU:98.50,SH1337375.10FU:98.29,SH1205321.10FU:98.26
PX214789.1	Rhizophagus irregularis | 4348_IVT77A	Rhizophagus irregularis	main		assigned	SH1337270.10FU	100.0	SH1337152.10FU+SH1337164.10FU+SH1337270.10FU+SH1337279.10FU+SH1337353.10FU+SH1337363.10FU+SH1337439.10FU+SH1337593.10FU	1	SH1337152.10FU+SH1337164.10FU+SH1337270.10FU+SH1337279.10FU+SH1337353.10FU+SH1337363.10FU+SH1337439.10FU+SH1337593.10FU	SH1337270.10FU:100.00,SH1337510.10FU:98.71,SH1337249.10FU:98.50,SH1337375.10FU:98.29,SH1205321.10FU:98.26
PX214790.1	Rhizophagus irregularis | 4674_1184D	Rhizophagus irregularis	main		assigned	SH1337270.10FU	100.0	SH1337152.10FU+SH1337164.10FU+SH1337270.10FU+SH1337279.10FU+SH1337353.10FU+SH1337363.10FU+SH1337439.10FU+SH1337593.10FU	1	SH1337152.10FU+SH1337164.10FU+SH1337270.10FU+SH1337279.10FU+SH1337353.10FU+SH1337363.10FU+SH1337439.10FU+SH1337593.10FU	SH1337270.10FU:100.00,SH1337510.10FU:98.71,SH1337249.10FU:98.50,SH1337375.10FU:98.29,SH1205321.10FU:98.26
PX214791.1	Rhizophagus irregularis | 4292_708C	Rhizophagus irregularis	main		assigned	SH1337270.10FU	100.0	SH1337152.10FU+SH1337164.10FU+SH1337270.10FU+SH1337279.10FU+SH1337353.10FU+SH1337363.10FU+SH1337439.10FU+SH1337593.10FU	1	SH1337152.10FU+SH1337164.10FU+SH1337270.10FU+SH1337279.10FU+SH1337353.10FU+SH1337363.10FU+SH1337439.10FU+SH1337593.10FU	SH1337270.10FU:100.00,SH1337510.10FU:98.71,SH1337249.10FU:98.50,SH1337375.10FU:98.29,SH1205321.10FU:98.26
PX214792.1	Rhizophagus irregularis | 4341_IVT72A	Rhizophagus irregularis	main		assigned	SH1337270.10FU	100.0	SH1337152.10FU+SH1337164.10FU+SH1337270.10FU+SH1337279.10FU+SH1337353.10FU+SH1337363.10FU+SH1337439.10FU+SH1337593.10FU	1	SH1337152.10FU+SH1337164.10FU+SH1337270.10FU+SH1337279.10FU+SH1337353.10FU+SH1337363.10FU+SH1337439.10FU+SH1337593.10FU	SH1337270.10FU:100.00,SH1337510.10FU:98.50,SH1337249.10FU:98.28,SH1337394.10FU:98.28,SH1337375.10FU:98.07
PX214793.1	Rhizophagus irregularis | 4348_IVT77A	Rhizophagus irregularis	main		assigned	SH1337270.10FU	100.0	SH1337152.10FU+SH1337164.10FU+SH1337270.10FU+SH1337279.10FU+SH1337353.10FU+SH1337363.10FU+SH1337439.10FU+SH1337593.10FU	1	SH1337152.10FU+SH1337164.10FU+SH1337270.10FU+SH1337279.10FU+SH1337353.10FU+SH1337363.10FU+SH1337439.10FU+SH1337593.10FU	SH1337270.10FU:100.00,SH1337510.10FU:98.50,SH1337249.10FU:98.28,SH1337394.10FU:98.28,SH1337375.10FU:98.07
PX214794.1	Rhizophagus irregularis | 4674_1184D	Rhizophagus irregularis	main		assigned	SH1337270.10FU	100.0	SH1337152.10FU+SH1337164.10FU+SH1337270.10FU+SH1337279.10FU+SH1337353.10FU+SH1337363.10FU+SH1337439.10FU+SH1337593.10FU	1	SH1337152.10FU+SH1337164.10FU+SH1337270.10FU+SH1337279.10FU+SH1337353.10FU+SH1337363.10FU+SH1337439.10FU+SH1337593.10FU	SH1337270.10FU:100.00,SH1337510.10FU:98.50,SH1337249.10FU:98.28,SH1337375.10FU:98.07,SH1205321.10FU:98.04
PX214795.1	Rhizophagus irregularis | 4292_708C	Rhizophagus irregularis	main		assigned	SH1337270.10FU	100.0	SH1337152.10FU+SH1337164.10FU+SH1337270.10FU+SH1337279.10FU+SH1337353.10FU+SH1337363.10FU+SH1337439.10FU+SH1337593.10FU	1	SH1337152.10FU+SH1337164.10FU+SH1337270.10FU+SH1337279.10FU+SH1337353.10FU+SH1337363.10FU+SH1337439.10FU+SH1337593.10FU	SH1337270.10FU:100.00,SH1337510.10FU:98.50,SH1337249.10FU:98.28,SH1337375.10FU:98.07,SH1205321.10FU:98.04
PX214796.1	Rhizophagus irregularis | T3_IVT34A	Rhizophagus irregularis	main		assigned	SH1337270.10FU	100.0	SH1337152.10FU+SH1337164.10FU+SH1337270.10FU+SH1337279.10FU+SH1337353.10FU+SH1337363.10FU+SH1337439.10FU+SH1337593.10FU	1	SH1337152.10FU+SH1337164.10FU+SH1337270.10FU+SH1337279.10FU+SH1337353.10FU+SH1337363.10FU+SH1337439.10FU+SH1337593.10FU	SH1337270.10FU:100.00,SH1337337.10FU:98.06,SH1337375.10FU:97.85,SH1337510.10FU:97.84,SH1337249.10FU:97.84
PX214797.1	Rhizophagus irregularis | CC4_4A_IVT7A	Rhizophagus irregularis	main		assigned	SH1337270.10FU	98.71	SH1337152.10FU+SH1337164.10FU+SH1337270.10FU+SH1337279.10FU+SH1337353.10FU+SH1337363.10FU+SH1337439.10FU+SH1337593.10FU	1	SH1337152.10FU+SH1337164.10FU+SH1337270.10FU+SH1337279.10FU+SH1337353.10FU+SH1337363.10FU+SH1337439.10FU+SH1337593.10FU	SH1337270.10FU:98.92,SH1337192.10FU:98.06,SH1337184.10FU:97.85,SH1337337.10FU:97.84,SH1337375.10FU:97.64
PX214798.1	Rhizophagus irregularis | CC4_4A_IVT7A	Rhizophagus irregularis	main		assigned	SH1337439.10FU	98.704	SH1337152.10FU+SH1337164.10FU+SH1337270.10FU+SH1337279.10FU+SH1337353.10FU+SH1337363.10FU+SH1337439.10FU+SH1337593.10FU	1	SH1337152.10FU+SH1337164.10FU+SH1337270.10FU+SH1337279.10FU+SH1337353.10FU+SH1337363.10FU+SH1337439.10FU+SH1337593.10FU	SH1337439.10FU:98.70,SH1337459.10FU:98.27,SH1337270.10FU:98.06,SH1337184.10FU:97.64,SH1337345.10FU:97.64
PX214799.1	Rhizophagus irregularis | 4375_IVT88A	Rhizophagus irregularis	main		assigned	SH1337152.10FU	100.0	SH1337152.10FU+SH1337164.10FU+SH1337270.10FU+SH1337279.10FU+SH1337353.10FU+SH1337363.10FU+SH1337439.10FU+SH1337593.10FU	1	SH1337152.10FU+SH1337164.10FU+SH1337270.10FU+SH1337279.10FU+SH1337353.10FU+SH1337363.10FU+SH1337439.10FU+SH1337593.10FU	SH1337152.10FU:100.00,SH1337363.10FU:98.94,SH1337565.10FU:98.89,SH1337168.10FU:98.73,SH1337655.10FU:98.52
PX214800.1	Rhizophagus irregularis | 4375_IVT88A	Rhizophagus irregularis	main		assigned	SH1337152.10FU	100.0	SH1337152.10FU+SH1337164.10FU+SH1337270.10FU+SH1337279.10FU+SH1337353.10FU+SH1337363.10FU+SH1337439.10FU+SH1337593.10FU	1	SH1337152.10FU+SH1337164.10FU+SH1337270.10FU+SH1337279.10FU+SH1337353.10FU+SH1337363.10FU+SH1337439.10FU+SH1337593.10FU	SH1337152.10FU:100.00,SH1337363.10FU:98.94,SH1337565.10FU:98.89,SH1337168.10FU:98.73,SH1337655.10FU:98.52
PX214801.1	Rhizophagus irregularis | 4375_IVT88A	Rhizophagus irregularis	main		assigned	SH1337152.10FU	99.789	SH1337152.10FU+SH1337164.10FU+SH1337270.10FU+SH1337279.10FU+SH1337353.10FU+SH1337363.10FU+SH1337439.10FU+SH1337593.10FU	1	SH1337152.10FU+SH1337164.10FU+SH1337270.10FU+SH1337279.10FU+SH1337353.10FU+SH1337363.10FU+SH1337439.10FU+SH1337593.10FU	SH1337152.10FU:99.79,SH1337363.10FU:99.16,SH1337243.10FU:98.74,SH1337655.10FU:98.73,SH1337279.10FU:98.72
PX214802.1	Rhizophagus irregularis | 4375_IVT88A	Rhizophagus irregularis	main		assigned	SH1337152.10FU	99.789	SH1337152.10FU+SH1337164.10FU+SH1337270.10FU+SH1337279.10FU+SH1337353.10FU+SH1337363.10FU+SH1337439.10FU+SH1337593.10FU	1	SH1337152.10FU+SH1337164.10FU+SH1337270.10FU+SH1337279.10FU+SH1337353.10FU+SH1337363.10FU+SH1337439.10FU+SH1337593.10FU	SH1337152.10FU:99.79,SH1337363.10FU:99.16,SH1337243.10FU:98.74,SH1337655.10FU:98.73,SH1337279.10FU:98.72
PX214803.1	Rhizophagus irregularis | 4674_1184D	Rhizophagus irregularis	main		assigned	SH1337270.10FU	100.0	SH1337152.10FU+SH1337164.10FU+SH1337270.10FU+SH1337279.10FU+SH1337353.10FU+SH1337363.10FU+SH1337439.10FU+SH1337593.10FU	1	SH1337152.10FU+SH1337164.10FU+SH1337270.10FU+SH1337279.10FU+SH1337353.10FU+SH1337363.10FU+SH1337439.10FU+SH1337593.10FU	SH1337270.10FU:100.00,SH1337249.10FU:98.71,SH1337192.10FU:98.28,SH1337184.10FU:98.07,SH1337439.10FU:98.07
PX214804.1	Rhizophagus irregularis | T3_IVT34A	Rhizophagus irregularis	main		assigned	SH1337164.10FU	100.0	SH1337152.10FU+SH1337164.10FU+SH1337270.10FU+SH1337279.10FU+SH1337353.10FU+SH1337363.10FU+SH1337439.10FU+SH1337593.10FU	1	SH1337152.10FU+SH1337164.10FU+SH1337270.10FU+SH1337279.10FU+SH1337353.10FU+SH1337363.10FU+SH1337439.10FU+SH1337593.10FU	SH1337164.10FU:100.00,SH1337655.10FU:98.94,SH1337503.10FU:98.52,SH1337309.10FU:98.52,SH1337565.10FU:98.22
PX214805.1	Rhizophagus irregularis | CC4_4A_IVT7A	Rhizophagus irregularis	main		assigned	SH1337279.10FU	99.358	SH1337152.10FU+SH1337164.10FU+SH1337270.10FU+SH1337279.10FU+SH1337353.10FU+SH1337363.10FU+SH1337439.10FU+SH1337593.10FU	1	SH1337152.10FU+SH1337164.10FU+SH1337270.10FU+SH1337279.10FU+SH1337353.10FU+SH1337363.10FU+SH1337439.10FU+SH1337593.10FU	SH1337279.10FU:99.36,SH1337164.10FU:98.93,SH1337597.10FU:98.74,SH1337152.10FU:98.74,SH1337565.10FU:98.66
PX214806.1	Rhizophagus irregularis | T3_IVT34A	Rhizophagus irregularis	main		assigned	SH1337593.10FU	99.788	SH1337152.10FU+SH1337164.10FU+SH1337270.10FU+SH1337279.10FU+SH1337353.10FU+SH1337363.10FU+SH1337439.10FU+SH1337593.10FU	1	SH1337152.10FU+SH1337164.10FU+SH1337270.10FU+SH1337279.10FU+SH1337353.10FU+SH1337363.10FU+SH1337439.10FU+SH1337593.10FU	SH1337593.10FU:99.79,SH1205324.10FU:98.17,SH1337570.10FU:98.09,SH1337253.10FU:97.67,SH1205327.10FU:97.52
PX214807.1	Rhizophagus irregularis | 4375_IVT88A	Rhizophagus irregularis	main		assigned	SH1337270.10FU	100.0	SH1337152.10FU+SH1337164.10FU+SH1337270.10FU+SH1337279.10FU+SH1337353.10FU+SH1337363.10FU+SH1337439.10FU+SH1337593.10FU	1	SH1337152.10FU+SH1337164.10FU+SH1337270.10FU+SH1337279.10FU+SH1337353.10FU+SH1337363.10FU+SH1337439.10FU+SH1337593.10FU	SH1337270.10FU:100.00,SH1337142.10FU:99.14,SH1337627.10FU:97.66,SH1337375.10FU:97.65,SH1337145.10FU:97.63
PX214808.1	Rhizophagus irregularis | 4341_IVT72A	Rhizophagus irregularis	main		assigned	SH1337270.10FU	100.0	SH1337152.10FU+SH1337164.10FU+SH1337270.10FU+SH1337279.10FU+SH1337353.10FU+SH1337363.10FU+SH1337439.10FU+SH1337593.10FU	1	SH1337152.10FU+SH1337164.10FU+SH1337270.10FU+SH1337279.10FU+SH1337353.10FU+SH1337363.10FU+SH1337439.10FU+SH1337593.10FU	SH1337270.10FU:100.00,SH1337142.10FU:99.14,SH1337627.10FU:97.66,SH1337375.10FU:97.65,SH1337145.10FU:97.63
PX214809.1	Rhizophagus irregularis | 4348_IVT77A	Rhizophagus irregularis	main		assigned	SH1337270.10FU	100.0	SH1337152.10FU+SH1337164.10FU+SH1337270.10FU+SH1337279.10FU+SH1337353.10FU+SH1337363.10FU+SH1337439.10FU+SH1337593.10FU	1	SH1337152.10FU+SH1337164.10FU+SH1337270.10FU+SH1337279.10FU+SH1337353.10FU+SH1337363.10FU+SH1337439.10FU+SH1337593.10FU	SH1337270.10FU:100.00,SH1337142.10FU:99.14,SH1337627.10FU:97.66,SH1337375.10FU:97.65,SH1337145.10FU:97.63
PX214810.1	Rhizophagus irregularis | 4375_IVT88A	Rhizophagus irregularis	main		assigned	SH1337270.10FU	100.0	SH1337152.10FU+SH1337164.10FU+SH1337270.10FU+SH1337279.10FU+SH1337353.10FU+SH1337363.10FU+SH1337439.10FU+SH1337593.10FU	1	SH1337152.10FU+SH1337164.10FU+SH1337270.10FU+SH1337279.10FU+SH1337353.10FU+SH1337363.10FU+SH1337439.10FU+SH1337593.10FU	SH1337270.10FU:100.00,SH1337142.10FU:99.14,SH1337627.10FU:97.66,SH1337375.10FU:97.65,SH1337145.10FU:97.63
PX214811.1	Rhizophagus irregularis | 4674_1184D	Rhizophagus irregularis	main		assigned	SH1337270.10FU	100.0	SH1337152.10FU+SH1337164.10FU+SH1337270.10FU+SH1337279.10FU+SH1337353.10FU+SH1337363.10FU+SH1337439.10FU+SH1337593.10FU	1	SH1337152.10FU+SH1337164.10FU+SH1337270.10FU+SH1337279.10FU+SH1337353.10FU+SH1337363.10FU+SH1337439.10FU+SH1337593.10FU	SH1337270.10FU:100.00,SH1337142.10FU:99.14,SH1337627.10FU:97.66,SH1337375.10FU:97.65,SH1337145.10FU:97.63
PX214812.1	Rhizophagus irregularis | 4292_708C	Rhizophagus irregularis	main		assigned	SH1337270.10FU	100.0	SH1337152.10FU+SH1337164.10FU+SH1337270.10FU+SH1337279.10FU+SH1337353.10FU+SH1337363.10FU+SH1337439.10FU+SH1337593.10FU	1	SH1337152.10FU+SH1337164.10FU+SH1337270.10FU+SH1337279.10FU+SH1337353.10FU+SH1337363.10FU+SH1337439.10FU+SH1337593.10FU	SH1337270.10FU:100.00,SH1337142.10FU:99.14,SH1337627.10FU:97.66,SH1337375.10FU:97.65,SH1337145.10FU:97.63
PX214813.1	Rhizophagus irregularis | SD1_IVT29A	Rhizophagus irregularis	main		assigned	SH1364138.10FU	100.0	SH1337640.10FU,SH1364138.10FU	2	SH1337640.10FU	SH1364138.10FU:100.00,SH1337640.10FU:100.00,SH1337287.10FU:98.34,SH1364191.10FU:97.72,SH1337252.10FU:97.53
PX214814.1	Rhizophagus irregularis | SD1_IVT29A	Rhizophagus irregularis	main		assigned	SH1337640.10FU	100.0	SH1337640.10FU	1	SH1337640.10FU	SH1337640.10FU:100.00,SH1364138.10FU:99.17,SH1337547.10FU:98.33,SH1337252.10FU:98.16,SH1364191.10FU:98.12
PX214815.1	Rhizophagus irregularis | SD1_IVT29A	Rhizophagus irregularis	main		assigned	SH1337640.10FU	99.791	SH1337640.10FU	1	SH1337640.10FU	SH1337640.10FU:99.79,SH1364138.10FU:98.55,SH1337547.10FU:98.12,SH1337252.10FU:97.93,SH1364191.10FU:97.92
PX214816.1	Rhizophagus sp. (in: glomeromycetes) | 212607_IVT70A	Rhizophagus sp. (in: glomeromycetes)	divergent	short_5.8S	assigned	SH1337340.10FU	100.0	SH1337340.10FU	1	SH1390445.10FU+SH1390458.10FU	SH1337340.10FU:100.00,SH1337546.10FU:98.50,SH1337159.10FU:98.48,SH1337200.10FU:97.85,SH1337566.10FU:97.84
PX214817.1	Rhizophagus irregularis | SD1_IVT29A	Rhizophagus irregularis	divergent	short_5.8S	assigned	SH1337340.10FU	100.0	SH1337340.10FU	1	SH1337640.10FU	SH1337340.10FU:100.00,SH1337546.10FU:98.50,SH1337159.10FU:98.48,SH1337200.10FU:97.85,SH1337566.10FU:97.84
PX214818.1	[Rhizoglomus] vesiculiferum | 3029_660C	[Rhizoglomus] vesiculiferum	main		unassigned				0		SH1337332.10FU:98.10,SH1337155.10FU:97.88,SH1337284.10FU:97.67,SH1337596.10FU:97.45,SH1337290.10FU:97.25
PX214819.1	[Rhizoglomus] vesiculiferum | 4374_IVT87A	[Rhizoglomus] vesiculiferum	main		assigned	SH1337596.10FU	99.143	SH1337596.10FU	1	SH1337596.10FU	SH1337596.10FU:99.14,SH1337332.10FU:98.51,SH1337284.10FU:98.50,SH1337319.10FU:98.29,SH1337290.10FU:98.08
PX214820.1	[Rhizoglomus] vesiculiferum | 4374_IVT87A	[Rhizoglomus] vesiculiferum	main		assigned	SH1337596.10FU	99.358	SH1337596.10FU	1	SH1337596.10FU	SH1337596.10FU:99.36,SH1337332.10FU:98.73,SH1337284.10FU:98.72,SH1337319.10FU:98.50,SH1337290.10FU:98.30
PX214821.1	[Rhizoglomus] vesiculiferum | Gwalkeri_IVT132A	[Rhizoglomus] vesiculiferum	main		assigned	SH1337148.10FU	98.742	SH1337148.10FU+SH1337213.10FU+SH1337343.10FU	1	SH1337148.10FU+SH1337213.10FU+SH1337343.10FU	SH1337148.10FU:98.74,SH1337213.10FU:98.74,SH1337364.10FU:98.74,SH1337582.10FU:98.72,SH1337360.10FU:98.53
PX214822.1	[Rhizoglomus] vesiculiferum | Gwalkeri_IVT132A	[Rhizoglomus] vesiculiferum	main		assigned	SH1337148.10FU	98.745	SH1337148.10FU+SH1337213.10FU+SH1337343.10FU	1	SH1337148.10FU+SH1337213.10FU+SH1337343.10FU	SH1337148.10FU:98.75,SH1337213.10FU:98.75,SH1337364.10FU:98.74,SH1337582.10FU:98.73,SH1337360.10FU:98.53
PX214823.1	[Rhizoglomus] vesiculiferum | Gwalkeri_IVT132A	[Rhizoglomus] vesiculiferum	main		assigned	SH1337148.10FU	98.952	SH1337148.10FU+SH1337213.10FU+SH1337343.10FU	1	SH1337148.10FU+SH1337213.10FU+SH1337343.10FU	SH1337148.10FU:98.95,SH1337213.10FU:98.95,SH1337364.10FU:98.95,SH1337582.10FU:98.94,SH1337360.10FU:98.74
PX214824.1	[Rhizoglomus] vesiculiferum | Gwalkeri_IVT132A	[Rhizoglomus] vesiculiferum	main		unassigned				0	SH1337148.10FU+SH1337213.10FU+SH1337343.10FU	SH1337604.10FU:96.66,SH1337562.10FU:96.55,SH1337477.10FU:96.44,SH1337173.10FU:96.41,SH1337236.10FU:96.40
PX214825.1	[Rhizoglomus] vesiculiferum | 5074_2353A	[Rhizoglomus] vesiculiferum	main		unassigned				0	SH1337368.10FU	SH1337368.10FU:98.25,SH1337553.10FU:97.62,SH1337493.10FU:97.61,SH1337472.10FU:97.00,SH1337293.10FU:96.79
PX214826.1	[Rhizoglomus] vesiculiferum | 5074_2353A	[Rhizoglomus] vesiculiferum	main		assigned	SH1337368.10FU	99.129	SH1337368.10FU	1	SH1337368.10FU	SH1337368.10FU:99.13,SH1337553.10FU:98.50,SH1337493.10FU:98.48,SH1337472.10FU:97.87,SH1337293.10FU:96.41
PX214827.1	[Rhizoglomus] vesiculiferum | 3628_IVT65A	[Rhizoglomus] vesiculiferum	main		assigned	SH1337520.10FU	98.729	SH1337319.10FU+SH1337520.10FU	1	SH1337319.10FU+SH1337520.10FU	SH1337520.10FU:98.73,SH1337220.10FU:98.27,SH1337290.10FU:98.10,SH1337284.10FU:98.09,SH1337332.10FU:97.68
PX214828.1	[Rhizoglomus] vesiculiferum | 3628_IVT65A	[Rhizoglomus] vesiculiferum	main		assigned	SH1337520.10FU	99.576	SH1337319.10FU+SH1337520.10FU	1	SH1337319.10FU+SH1337520.10FU	SH1337520.10FU:99.58,SH1337290.10FU:98.73,SH1337220.10FU:98.49,SH1337332.10FU:98.31,SH1337284.10FU:98.31
PX214829.1	[Rhizoglomus] vesiculiferum | 4086_IVT68A	[Rhizoglomus] vesiculiferum	main		assigned	SH1337520.10FU	99.154	SH1337319.10FU+SH1337520.10FU	1	SH1337319.10FU+SH1337520.10FU	SH1337520.10FU:99.15,SH1337220.10FU:98.49,SH1337290.10FU:98.10,SH1337332.10FU:97.68,SH1337284.10FU:97.67
PX214830.1	[Rhizoglomus] vesiculiferum | 3628_IVT65A	[Rhizoglomus] vesiculiferum	main		assigned	SH1337520.10FU	98.945	SH1337319.10FU+SH1337520.10FU	1	SH1337319.10FU+SH1337520.10FU	SH1337520.10FU:99.06,SH1337220.10FU:98.70,SH1337332.10FU:98.11,SH1337290.10FU:98.11,SH1337284.10FU:98.10
PX214831.1	[Rhizoglomus] vesiculiferum | 3628_IVT65A	[Rhizoglomus] vesiculiferum	main		assigned	SH1337520.10FU	98.941	SH1337319.10FU+SH1337520.10FU	1	SH1337319.10FU+SH1337520.10FU	SH1337520.10FU:98.94,SH1337290.10FU:98.52,SH1337220.10FU:98.27,SH1337284.10FU:98.09,SH1337332.10FU:97.68
PX214832.1	[Rhizoglomus] vesiculiferum | 4086_IVT68A	[Rhizoglomus] vesiculiferum	main		unassigned				0	SH1337319.10FU+SH1337520.10FU	SH1337569.10FU:96.61,SH1337290.10FU:96.41,SH1337520.10FU:95.99,SH1337332.10FU:95.57,SH1337284.10FU:95.56
PX214833.1	[Rhizoglomus] vesiculiferum | 4369_IVT81A	[Rhizoglomus] vesiculiferum	main		assigned	SH1337446.10FU	99.787	SH1337446.10FU	1	SH1337446.10FU	SH1337446.10FU:99.79,SH1337331.10FU:99.14,SH1337291.10FU:98.94,SH1337599.10FU:98.72,SH1337436.10FU:98.51
PX214834.1	[Rhizoglomus] vesiculiferum | 4369_IVT81A	[Rhizoglomus] vesiculiferum	main		assigned	SH1337446.10FU	99.36	SH1337446.10FU	1	SH1337446.10FU	SH1337446.10FU:99.36,SH1337331.10FU:98.52,SH1337291.10FU:98.51,SH1337599.10FU:98.10,SH1337436.10FU:98.09
PX214835.1	[Rhizoglomus] vesiculiferum | 3628_IVT65A	[Rhizoglomus] vesiculiferum	main		assigned	SH1337319.10FU	99.358	SH1337319.10FU+SH1337520.10FU	1	SH1337319.10FU+SH1337520.10FU	SH1337319.10FU:99.36,SH1337478.10FU:98.93,SH1337187.10FU:98.29,SH1337293.10FU:98.07,SH1337596.10FU:97.66
PX214836.1	[Rhizoglomus] vesiculiferum | 4374_IVT87A	[Rhizoglomus] vesiculiferum	main		unassigned				0	SH1337596.10FU	SH1337254.10FU:97.63,SH1337486.10FU:96.34,SH1337232.10FU:96.12,SH1337129.10FU:95.51,SH1337326.10FU:95.31
PX214837.1	[Rhizoglomus] vesiculiferum | 5074_2353A	[Rhizoglomus] vesiculiferum	main		unassigned				0	SH1337368.10FU	SH1337486.10FU:98.28,SH1337232.10FU:98.06,SH1337326.10FU:97.23,SH1337541.10FU:97.20,SH1337254.10FU:96.99
PX214838.1	[Rhizoglomus] vesiculiferum | Gwalkeri_IVT132A	[Rhizoglomus] vesiculiferum	main		assigned	SH1337343.10FU	98.723	SH1337148.10FU+SH1337213.10FU+SH1337343.10FU	1	SH1337148.10FU+SH1337213.10FU+SH1337343.10FU	SH1337343.10FU:98.72,SH1337558.10FU:98.51,SH1337286.10FU:98.51,SH1337322.10FU:98.51,SH1337653.10FU:98.30
PX214839.1	[Rhizoglomus] vesiculiferum | 212939_IVT38A	[Rhizoglomus] vesiculiferum	main		unassigned				0		SH1337486.10FU:97.65,SH1337232.10FU:97.44,SH1337326.10FU:96.82,SH1337129.10FU:96.61,SH1337541.10FU:96.58
PX214840.1	[Rhizoglomus] vesiculiferum | 3628_IVT65A	[Rhizoglomus] vesiculiferum	main		unassigned				0	SH1337319.10FU+SH1337520.10FU	SH1337343.10FU:96.82,SH1337140.10FU:96.39,SH1337232.10FU:96.36,SH1337290.10FU:96.18,SH1337284.10FU:96.16
PX214841.1	Rhizophagus irregularis | 4292_708C	Rhizophagus irregularis	divergent	short_5.8S	assigned	SH1337247.10FU	98.675	SH1337247.10FU	1	SH1337152.10FU+SH1337164.10FU+SH1337270.10FU+SH1337279.10FU+SH1337353.10FU+SH1337363.10FU+SH1337439.10FU+SH1337593.10FU	SH1337247.10FU:98.67,SH1337208.10FU:98.32,SH1337519.10FU:97.56,SH1337411.10FU:97.35,SH1337226.10FU:96.67
PX214842.1	[Rhizoglomus] vesiculiferum | 5074_2353A	[Rhizoglomus] vesiculiferum	divergent	short_5.8S	unassigned				0	SH1337368.10FU	SH1364085.10FU:98.30,SH1364163.10FU:97.94,SH1364178.10FU:97.05,SH1364086.10FU:97.03,SH1364078.10FU:96.83
PX214843.1	[Rhizoglomus] vesiculiferum | 212939_IVT38A	[Rhizoglomus] vesiculiferum	divergent	short_5.8S	unassigned				0		SH1364085.10FU:98.10,SH1364178.10FU:97.70,SH1364078.10FU:97.48,SH1364086.10FU:97.48,SH1364163.10FU:97.30
PX214844.1	[Rhizoglomus] vesiculiferum | 4086_IVT68A	[Rhizoglomus] vesiculiferum	divergent	short_5.8S	assigned	SH1364178.10FU	98.945	SH1364178.10FU	1	SH1337319.10FU+SH1337520.10FU	SH1364178.10FU:98.94,SH1364078.10FU:98.73,SH1364085.10FU:98.52,SH1364086.10FU:98.31,SH1337577.10FU:98.11
PX214845.1	[Rhizoglomus] vesiculiferum | Gwalkeri_IVT132A	[Rhizoglomus] vesiculiferum	divergent	short_5.8S	unassigned				0	SH1337148.10FU+SH1337213.10FU+SH1337343.10FU	SH1364198.10FU:98.29,SH1337289.10FU:98.29,SH1364093.10FU:97.41,SH1337139.10FU:97.25,SH1364134.10FU:97.22
PX214846.1	[Rhizoglomus] vesiculiferum | Gwalkeri_IVT132A	[Rhizoglomus] vesiculiferum	divergent	short_5.8S	unassigned				0	SH1337148.10FU+SH1337213.10FU+SH1337343.10FU	SH1364198.10FU:98.29,SH1337289.10FU:98.29,SH1364093.10FU:97.41,SH1337139.10FU:97.25,SH1364134.10FU:97.22
PX214847.1	[Rhizoglomus] vesiculiferum | 5074_2353A	[Rhizoglomus] vesiculiferum	divergent	short_5.8S	assigned	SH1364117.10FU	99.572	SH1364117.10FU	1	SH1337368.10FU	SH1364117.10FU:99.57,SH1364148.10FU:97.86,SH1364095.10FU:97.65,SH1364142.10FU:97.61,SH1364094.10FU:97.02
PX214848.1	[Rhizoglomus] vesiculiferum | 5074_2353A	[Rhizoglomus] vesiculiferum	divergent	short_5.8S	assigned	SH1364117.10FU	99.785	SH1364117.10FU	1	SH1337368.10FU	SH1364117.10FU:99.78,SH1364148.10FU:98.07,SH1364095.10FU:97.86,SH1364142.10FU:97.83,SH1364094.10FU:97.23
PX214849.1	[Rhizoglomus] vesiculiferum | 212939_IVT38A	[Rhizoglomus] vesiculiferum	divergent	short_5.8S	assigned	SH1364117.10FU	98.501	SH1364117.10FU	1		SH1364117.10FU:98.50,SH1364148.10FU:97.64,SH1364095.10FU:97.43,SH1364094.10FU:96.80,SH1364183.10FU:96.75
PX214850.1	[Rhizoglomus] vesiculiferum | 212939_IVT38A	[Rhizoglomus] vesiculiferum	divergent	short_5.8S	assigned	SH1364117.10FU	98.501	SH1364117.10FU	1		SH1364117.10FU:98.50,SH1364148.10FU:97.64,SH1364095.10FU:97.43,SH1364094.10FU:96.80,SH1364183.10FU:96.75
PX214851.1	[Rhizoglomus] vesiculiferum | 212939_IVT38A	[Rhizoglomus] vesiculiferum	divergent	short_5.8S	assigned	SH1364117.10FU	98.501	SH1364117.10FU	1		SH1364117.10FU:98.50,SH1364148.10FU:97.64,SH1364095.10FU:97.43,SH1364094.10FU:96.80,SH1364183.10FU:96.75
PX214852.1	[Rhizoglomus] vesiculiferum | 212939_IVT38A	[Rhizoglomus] vesiculiferum	divergent	short_5.8S	assigned	SH1364117.10FU	98.501	SH1364117.10FU	1		SH1364117.10FU:98.50,SH1364148.10FU:97.64,SH1364095.10FU:97.43,SH1364094.10FU:96.80,SH1364183.10FU:96.75
PX214853.1	[Rhizoglomus] vesiculiferum | 212939_IVT38A	[Rhizoglomus] vesiculiferum	divergent	short_5.8S	assigned	SH1364117.10FU	98.501	SH1364117.10FU	1		SH1364117.10FU:98.50,SH1364148.10FU:97.64,SH1364095.10FU:97.43,SH1364094.10FU:96.80,SH1364183.10FU:96.75
PX214854.1	[Rhizoglomus] vesiculiferum | 3628_IVT65A	[Rhizoglomus] vesiculiferum	divergent	short_5.8S	unassigned				0	SH1337319.10FU+SH1337520.10FU	SH1364095.10FU:98.08,SH1364148.10FU:97.87,SH1364094.10FU:97.66,SH1364117.10FU:97.45,SH1364124.10FU:97.42
PX214855.1	[Rhizoglomus] vesiculiferum | Gwalkeri_IVT132A	[Rhizoglomus] vesiculiferum	divergent	short_5.8S	unassigned				0	SH1337148.10FU+SH1337213.10FU+SH1337343.10FU	SH1364110.10FU:95.39,SH1364148.10FU:95.38,SH1364183.10FU:95.33,SH1364128.10FU:95.18,SH1364154.10FU:95.17
PX214856.1	Rhizophagus silesianus | ECU32_IVT8A	Rhizophagus silesianus	main		assigned	SH1337561.10FU	100.0	SH1337262.10FU+SH1337561.10FU	1	SH1337262.10FU+SH1337561.10FU	SH1337561.10FU:100.00,SH1337277.10FU:97.88,SH1337417.10FU:97.67,SH1337262.10FU:97.47,SH1337334.10FU:97.46
PX214857.1	Rhizophagus silesianus | ECU32_IVT8A	Rhizophagus silesianus	main		assigned	SH1337561.10FU	100.0	SH1337262.10FU+SH1337561.10FU	1	SH1337262.10FU+SH1337561.10FU	SH1337561.10FU:100.00,SH1337277.10FU:97.88,SH1337417.10FU:97.67,SH1337262.10FU:97.47,SH1337334.10FU:97.46
PX214858.1	Rhizophagus silesianus | 3628_206A	Rhizophagus silesianus	main		assigned	SH1337277.10FU	100.0	SH1337277.10FU	1	SH1337277.10FU	SH1337277.10FU:100.00,SH1337561.10FU:98.09,SH1337417.10FU:97.88,SH1337631.10FU:97.67,SH1337262.10FU:97.47
PX214859.1	Rhizophagus silesianus | 3628_206A	Rhizophagus silesianus	main		assigned	SH1337277.10FU	99.786	SH1337277.10FU	1	SH1337277.10FU	SH1337277.10FU:99.79,SH1337561.10FU:97.88,SH1337417.10FU:97.67,SH1337631.10FU:97.46,SH1337262.10FU:97.26
PX214860.1	Rhizophagus silesianus | ECU32_IVT8A	Rhizophagus silesianus	main		assigned	SH1337262.10FU	99.788	SH1337262.10FU+SH1337561.10FU	1	SH1337262.10FU+SH1337561.10FU	SH1337262.10FU:99.79,SH1337619.10FU:97.89,SH1337417.10FU:97.47,SH1337561.10FU:97.47,SH1337631.10FU:97.27
PX214861.1	Rhizophagus silesianus | ECU32_IVT8A	Rhizophagus silesianus	main		assigned	SH1337262.10FU	99.788	SH1337262.10FU+SH1337561.10FU	1	SH1337262.10FU+SH1337561.10FU	SH1337262.10FU:99.79,SH1337619.10FU:97.89,SH1337417.10FU:97.47,SH1337561.10FU:97.47,SH1337631.10FU:97.27
PX214862.1	Rhizophagus silesianus | ECU32_IVT8A	Rhizophagus silesianus	main		unassigned				0	SH1337262.10FU+SH1337561.10FU	SH1337262.10FU:97.47,SH1337619.10FU:97.04,SH1337561.10FU:97.03,SH1337428.10FU:96.61,SH1337417.10FU:96.61
PX214863.1	Rhizophagus silesianus | ECU32_IVT8A	Rhizophagus silesianus	divergent	short_5.8S	assigned	SH1337458.10FU	100.0	SH1337458.10FU	1	SH1337262.10FU+SH1337561.10FU	SH1337458.10FU:100.00,SH1337350.10FU:98.29,SH1337629.10FU:97.68,SH1337206.10FU:97.24,SH1337268.10FU:97.23
PX214864.1	Rhizophagus silesianus | ECU32_IVT8A	Rhizophagus silesianus	divergent	short_5.8S	assigned	SH1337458.10FU	100.0	SH1337458.10FU	1	SH1337262.10FU+SH1337561.10FU	SH1337458.10FU:100.00,SH1337350.10FU:98.29,SH1337629.10FU:97.68,SH1337206.10FU:97.24,SH1337268.10FU:97.23
PX214865.1	Rhizophagus silesianus | 3628_206A	Rhizophagus silesianus	divergent	short_5.8S	unassigned				0	SH1337277.10FU	SH1337458.10FU:97.47,SH1337350.10FU:95.79,SH1337629.10FU:95.21,SH1337206.10FU:95.19,SH1337591.10FU:94.98
PX214866.1	Rhizophagus intraradices | FL208_553A	Rhizophagus intraradices	main		assigned	SH1196875.10FU	100.0	SH1196875.10FU+SH1196879.10FU+SH1196881.10FU+SH1196883.10FU	1	SH1196875.10FU+SH1196879.10FU+SH1196881.10FU+SH1196883.10FU	SH1196875.10FU:100.00,SH1196881.10FU:98.93,SH1196920.10FU:98.90,SH1196912.10FU:97.86,SH1196894.10FU:97.86
PX214867.1	Rhizophagus intraradices | KS906_IVT22A	Rhizophagus intraradices	main		assigned	SH1196875.10FU	100.0	SH1196875.10FU+SH1196879.10FU+SH1196881.10FU+SH1196883.10FU	1	SH1196875.10FU+SH1196879.10FU+SH1196881.10FU+SH1196883.10FU	SH1196875.10FU:100.00,SH1196881.10FU:98.93,SH1196920.10FU:98.90,SH1196912.10FU:97.86,SH1196894.10FU:97.86
PX214868.1	Rhizophagus intraradices | FL208_553A	Rhizophagus intraradices	main		assigned	SH1196881.10FU	99.786	SH1196875.10FU+SH1196879.10FU+SH1196881.10FU+SH1196883.10FU	1	SH1196875.10FU+SH1196879.10FU+SH1196881.10FU+SH1196883.10FU	SH1196881.10FU:99.79,SH1196875.10FU:99.14,SH1196894.10FU:98.33,SH1196920.10FU:98.03,SH1196879.10FU:97.65
PX214869.1	Rhizophagus intraradices | FL208_553A	Rhizophagus intraradices	main		assigned	SH1196883.10FU	100.0	SH1196875.10FU+SH1196879.10FU+SH1196881.10FU+SH1196883.10FU	1	SH1196875.10FU+SH1196879.10FU+SH1196881.10FU+SH1196883.10FU	SH1196883.10FU:100.00,SH1196933.10FU:98.93,SH1196913.10FU:98.91,SH1196891.10FU:98.72,SH1196879.10FU:98.72
PX214870.1	Rhizophagus intraradices | FL208_553A	Rhizophagus intraradices	divergent	short_5.8S	assigned	SH1081557.10FU	100.0	SH1081557.10FU	1	SH1196875.10FU+SH1196879.10FU+SH1196881.10FU+SH1196883.10FU	SH1081557.10FU:100.00,SH1081554.10FU:96.34,SH1081541.10FU:95.47,SH1081550.10FU:95.27,SH1081553.10FU:94.67
PX214871.1	Rhizophagus sp. (in: glomeromycetes) | 212607_IVT70A	Rhizophagus sp. (in: glomeromycetes)	main		assigned	SH1390445.10FU	100.0	SH1390445.10FU+SH1390458.10FU	1	SH1390445.10FU+SH1390458.10FU	SH1390445.10FU:100.00,SH1390455.10FU:96.53,SH1390464.10FU:96.51,SH1390466.10FU:96.15,SH1390458.10FU:95.97
PX214872.1	Rhizophagus sp. (in: glomeromycetes) | 1399_IVT43A	Rhizophagus sp. (in: glomeromycetes)	main		assigned	SH1390445.10FU	100.0	SH1390445.10FU+SH1390458.10FU	1	SH1390445.10FU+SH1390458.10FU	SH1390445.10FU:100.00,SH1390455.10FU:96.53,SH1390464.10FU:96.51,SH1390466.10FU:96.15,SH1390458.10FU:95.97
PX214873.1	Rhizophagus sp. (in: glomeromycetes) | 212607_IVT70A	Rhizophagus sp. (in: glomeromycetes)	main		assigned	SH1390445.10FU	98.967	SH1390445.10FU+SH1390458.10FU	1	SH1390445.10FU+SH1390458.10FU	SH1390445.10FU:98.97,SH1390463.10FU:95.70,SH1390464.10FU:95.70,SH1390455.10FU:95.52,SH1390474.10FU:95.49
PX214874.1	Rhizophagus sp. (in: glomeromycetes) | 212607_IVT70A	Rhizophagus sp. (in: glomeromycetes)	main		unassigned				0	SH1390445.10FU+SH1390458.10FU	SH1390445.10FU:97.33,SH1390463.10FU:96.30,SH1390474.10FU:96.10,SH1390455.10FU:95.51,SH1390459.10FU:95.11
PX214875.1	Rhizophagus sp. (in: glomeromycetes) | 1399_IVT43A	Rhizophagus sp. (in: glomeromycetes)	main		unassigned				0	SH1390445.10FU+SH1390458.10FU	SH1390445.10FU:97.33,SH1390463.10FU:96.30,SH1390474.10FU:96.10,SH1390455.10FU:95.51,SH1390459.10FU:95.11
PX214876.1	Rhizophagus sp. (in: glomeromycetes) | 212607_IVT70A	Rhizophagus sp. (in: glomeromycetes)	main		unassigned				0	SH1390445.10FU+SH1390458.10FU	SH1390445.10FU:98.15,SH1390455.10FU:95.93,SH1390463.10FU:95.91,SH1390474.10FU:95.71,SH1390464.10FU:95.71
PX214877.1	Rhizophagus sp. (in: glomeromycetes) | 212607_IVT70A	Rhizophagus sp. (in: glomeromycetes)	main		assigned	SH1390458.10FU	98.988	SH1390445.10FU+SH1390458.10FU	1	SH1390445.10FU+SH1390458.10FU	SH1390458.10FU:98.99,SH1390445.10FU:96.57,SH1390466.10FU:96.00,SH1390456.10FU:95.82,SH1390451.10FU:95.82
PX214878.1	Rhizophagus sp. (in: glomeromycetes) | 1399_IVT43A	Rhizophagus sp. (in: glomeromycetes)	main		assigned	SH1390458.10FU	98.988	SH1390445.10FU+SH1390458.10FU	1	SH1390445.10FU+SH1390458.10FU	SH1390458.10FU:98.99,SH1390445.10FU:96.57,SH1390466.10FU:96.00,SH1390456.10FU:95.82,SH1390451.10FU:95.82
PX214879.1	Rhizophagus sp. (in: glomeromycetes) | 212607_IVT70A	Rhizophagus sp. (in: glomeromycetes)	main		assigned	SH1390458.10FU	100.0	SH1390445.10FU+SH1390458.10FU	1	SH1390445.10FU+SH1390458.10FU	SH1390458.10FU:100.00,SH1390456.10FU:96.81,SH1390466.10FU:96.59,SH1390451.10FU:96.41,SH1390470.10FU:96.25
PX214880.1	Oehlia diaphana | JS1_IVT19A	Oehlia diaphana	main		unassigned				0	SH1339655.10FU+SH1339656.10FU+SH1339659.10FU+SH1339663.10FU+SH1339666.10FU+SH1339677.10FU+SH1339679.10FU	SH1339677.10FU:98.25,SH1339659.10FU:98.25,SH1339660.10FU:98.23,SH1339667.10FU:97.83,SH1339681.10FU:97.82
PX214881.1	Oehlia diaphana | 4835_562B	Oehlia diaphana	main		unassigned				0	SH1339655.10FU+SH1339656.10FU+SH1339659.10FU+SH1339663.10FU+SH1339666.10FU+SH1339677.10FU+SH1339679.10FU	SH1339677.10FU:98.25,SH1339659.10FU:98.25,SH1339660.10FU:98.23,SH1339667.10FU:97.83,SH1339681.10FU:97.82
PX214882.1	Oehlia diaphana | JS1_IVT19A	Oehlia diaphana	main		assigned	SH1339677.10FU	99.344	SH1339655.10FU+SH1339656.10FU+SH1339659.10FU+SH1339663.10FU+SH1339666.10FU+SH1339677.10FU+SH1339679.10FU	1	SH1339655.10FU+SH1339656.10FU+SH1339659.10FU+SH1339663.10FU+SH1339666.10FU+SH1339677.10FU+SH1339679.10FU	SH1339677.10FU:99.34,SH1339659.10FU:98.91,SH1339660.10FU:98.89,SH1339667.10FU:98.47,SH1339679.10FU:98.47
PX214883.1	Oehlia diaphana | WV579_765A	Oehlia diaphana	main		assigned	SH1339677.10FU	99.344	SH1339655.10FU+SH1339656.10FU+SH1339659.10FU+SH1339663.10FU+SH1339666.10FU+SH1339677.10FU+SH1339679.10FU	1	SH1339655.10FU+SH1339656.10FU+SH1339659.10FU+SH1339663.10FU+SH1339666.10FU+SH1339677.10FU+SH1339679.10FU	SH1339677.10FU:99.34,SH1339659.10FU:98.91,SH1339660.10FU:98.89,SH1339667.10FU:98.47,SH1339679.10FU:98.47
PX214884.1	Oehlia diaphana | 4835_562B	Oehlia diaphana	main		assigned	SH1339677.10FU	99.125	SH1339655.10FU+SH1339656.10FU+SH1339659.10FU+SH1339663.10FU+SH1339666.10FU+SH1339677.10FU+SH1339679.10FU	1	SH1339655.10FU+SH1339656.10FU+SH1339659.10FU+SH1339663.10FU+SH1339666.10FU+SH1339677.10FU+SH1339679.10FU	SH1339677.10FU:99.12,SH1339659.10FU:98.69,SH1339660.10FU:98.67,SH1339667.10FU:98.26,SH1339679.10FU:98.25
PX214885.1	Oehlia diaphana | WV579_765A	Oehlia diaphana	main		assigned	SH1339677.10FU	99.344	SH1339655.10FU+SH1339656.10FU+SH1339659.10FU+SH1339663.10FU+SH1339666.10FU+SH1339677.10FU+SH1339679.10FU	1	SH1339655.10FU+SH1339656.10FU+SH1339659.10FU+SH1339663.10FU+SH1339666.10FU+SH1339677.10FU+SH1339679.10FU	SH1339677.10FU:99.34,SH1339659.10FU:98.91,SH1339660.10FU:98.89,SH1339667.10FU:98.47,SH1339679.10FU:98.47
PX214886.1	Oehlia diaphana | WV579_765A	Oehlia diaphana	main		unassigned				0	SH1339655.10FU+SH1339656.10FU+SH1339659.10FU+SH1339663.10FU+SH1339666.10FU+SH1339677.10FU+SH1339679.10FU	SH1339660.10FU:98.45,SH1339677.10FU:98.02,SH1339674.10FU:97.38,SH1339679.10FU:97.37,SH1339659.10FU:97.37
PX214887.1	Oehlia diaphana | WV579_765A	Oehlia diaphana	main		assigned	SH1339679.10FU	99.563	SH1339655.10FU+SH1339656.10FU+SH1339659.10FU+SH1339663.10FU+SH1339666.10FU+SH1339677.10FU+SH1339679.10FU	1	SH1339655.10FU+SH1339656.10FU+SH1339659.10FU+SH1339663.10FU+SH1339666.10FU+SH1339677.10FU+SH1339679.10FU	SH1339679.10FU:99.56,SH1339662.10FU:98.91,SH1339667.10FU:98.47,SH1339677.10FU:98.25,SH1339681.10FU:98.25
PX214888.1	Oehlia diaphana | WV579_765B	Oehlia diaphana	main		assigned	SH1339681.10FU	98.687	SH1339658.10FU+SH1339681.10FU+SH1339682.10FU	1	SH1339658.10FU+SH1339681.10FU+SH1339682.10FU	SH1339681.10FU:98.69,SH1339679.10FU:98.03,SH1339654.10FU:98.03,SH1339667.10FU:97.82,SH1339677.10FU:97.82
PX214889.1	Oehlia diaphana | WV579_765B	Oehlia diaphana	main		assigned	SH1339658.10FU	99.559	SH1339658.10FU+SH1339681.10FU+SH1339682.10FU	1	SH1339658.10FU+SH1339681.10FU+SH1339682.10FU	SH1339658.10FU:99.56,SH1339667.10FU:97.82,SH1339679.10FU:97.60,SH1339677.10FU:97.16,SH1339659.10FU:97.16
PX214890.1	Oehlia diaphana | WV579_765B	Oehlia diaphana	main		assigned	SH1339658.10FU	99.559	SH1339658.10FU+SH1339681.10FU+SH1339682.10FU	1	SH1339658.10FU+SH1339681.10FU+SH1339682.10FU	SH1339658.10FU:99.56,SH1339667.10FU:97.82,SH1339679.10FU:97.60,SH1339677.10FU:97.16,SH1339659.10FU:97.16
PX214891.1	Oehlia diaphana | JS1_IVT19A	Oehlia diaphana	main		assigned	SH1339659.10FU	100.0	SH1339655.10FU+SH1339656.10FU+SH1339659.10FU+SH1339663.10FU+SH1339666.10FU+SH1339677.10FU+SH1339679.10FU	1	SH1339655.10FU+SH1339656.10FU+SH1339659.10FU+SH1339663.10FU+SH1339666.10FU+SH1339677.10FU+SH1339679.10FU	SH1339659.10FU:100.00,SH1339677.10FU:98.25,SH1339667.10FU:98.03,SH1339679.10FU:97.81,SH1339660.10FU:97.79
PX214892.1	Oehlia diaphana | WV579_765A	Oehlia diaphana	main		assigned	SH1339659.10FU	100.0	SH1339655.10FU+SH1339656.10FU+SH1339659.10FU+SH1339663.10FU+SH1339666.10FU+SH1339677.10FU+SH1339679.10FU	1	SH1339655.10FU+SH1339656.10FU+SH1339659.10FU+SH1339663.10FU+SH1339666.10FU+SH1339677.10FU+SH1339679.10FU	SH1339659.10FU:100.00,SH1339677.10FU:98.25,SH1339667.10FU:98.03,SH1339679.10FU:97.81,SH1339660.10FU:97.79
PX214893.1	Oehlia diaphana | JS1_IVT19A	Oehlia diaphana	main		assigned	SH1339656.10FU	98.655	SH1339655.10FU+SH1339656.10FU+SH1339659.10FU+SH1339663.10FU+SH1339666.10FU+SH1339677.10FU+SH1339679.10FU	1	SH1339655.10FU+SH1339656.10FU+SH1339659.10FU+SH1339663.10FU+SH1339666.10FU+SH1339677.10FU+SH1339679.10FU	SH1339656.10FU:98.66,SH1339658.10FU:97.78,SH1339663.10FU:97.11,SH1339657.10FU:96.64,SH1339666.10FU:96.22
PX214894.1	Oehlia diaphana | 4835_562B	Oehlia diaphana	main		unassigned				0	SH1339655.10FU+SH1339656.10FU+SH1339659.10FU+SH1339663.10FU+SH1339666.10FU+SH1339677.10FU+SH1339679.10FU	SH1339658.10FU:98.25,SH1339655.10FU:97.36,SH1339677.10FU:96.95,SH1339659.10FU:96.95,SH1339660.10FU:96.91
PX214895.1	Oehlia diaphana | WV579_765B	Oehlia diaphana	main		unassigned				0	SH1339658.10FU+SH1339681.10FU+SH1339682.10FU	SH1339658.10FU:98.25,SH1339655.10FU:97.36,SH1339677.10FU:96.95,SH1339659.10FU:96.95,SH1339660.10FU:96.91
PX214896.1	Oehlia diaphana | 4835_562B	Oehlia diaphana	main		unassigned				0	SH1339655.10FU+SH1339656.10FU+SH1339659.10FU+SH1339663.10FU+SH1339666.10FU+SH1339677.10FU+SH1339679.10FU	SH1339658.10FU:98.02,SH1339656.10FU:97.57,SH1339659.10FU:97.15,SH1339682.10FU:96.91,SH1339650.10FU:96.70
PX214897.1	Oehlia diaphana | 4835_562B	Oehlia diaphana	main		unassigned				0	SH1339655.10FU+SH1339656.10FU+SH1339659.10FU+SH1339663.10FU+SH1339666.10FU+SH1339677.10FU+SH1339679.10FU	SH1339658.10FU:98.02,SH1339659.10FU:97.59,SH1339650.10FU:97.36,SH1339682.10FU:97.36,SH1339656.10FU:97.12
PX214898.1	Oehlia diaphana | WV579_765B	Oehlia diaphana	main		unassigned				0	SH1339658.10FU+SH1339681.10FU+SH1339682.10FU	SH1339658.10FU:97.81,SH1339659.10FU:97.37,SH1339663.10FU:97.13,SH1339656.10FU:96.92,SH1339667.10FU:96.31
PX214899.1	Oehlia diaphana | JS1_IVT19A	Oehlia diaphana	main		assigned	SH1339663.10FU	99.778	SH1339655.10FU+SH1339656.10FU+SH1339659.10FU+SH1339663.10FU+SH1339666.10FU+SH1339677.10FU+SH1339679.10FU	1	SH1339655.10FU+SH1339656.10FU+SH1339659.10FU+SH1339663.10FU+SH1339666.10FU+SH1339677.10FU+SH1339679.10FU	SH1339663.10FU:99.78,SH1339658.10FU:97.36,SH1339656.10FU:97.33,SH1339659.10FU:96.28,SH1339667.10FU:95.86
PX214900.1	Oehlia diaphana | JS1_IVT19A	Oehlia diaphana	main		unassigned				0	SH1339655.10FU+SH1339656.10FU+SH1339659.10FU+SH1339663.10FU+SH1339666.10FU+SH1339677.10FU+SH1339679.10FU	SH1339657.10FU:98.42,SH1339680.10FU:97.99,SH1339666.10FU:97.11,SH1339658.10FU:96.90,SH1339656.10FU:96.43
PX214901.1	Oehlia diaphana | 4835_562B	Oehlia diaphana	main		assigned	SH1339666.10FU	98.655	SH1339655.10FU+SH1339656.10FU+SH1339659.10FU+SH1339663.10FU+SH1339666.10FU+SH1339677.10FU+SH1339679.10FU	1	SH1339655.10FU+SH1339656.10FU+SH1339659.10FU+SH1339663.10FU+SH1339666.10FU+SH1339677.10FU+SH1339679.10FU	SH1339666.10FU:98.66,SH1339656.10FU:97.53,SH1339657.10FU:97.30,SH1339680.10FU:96.88,SH1339663.10FU:95.98
PX214902.1	Oehlia diaphana | WV579_765A	Oehlia diaphana	main		unassigned				0	SH1339655.10FU+SH1339656.10FU+SH1339659.10FU+SH1339663.10FU+SH1339666.10FU+SH1339677.10FU+SH1339679.10FU	SH1339666.10FU:97.99,SH1339656.10FU:97.08,SH1339657.10FU:96.63,SH1339680.10FU:96.21,SH1339663.10FU:95.55
PX214903.1	Oehlia diaphana | WV579_765B	Oehlia diaphana	main		unassigned				0	SH1339658.10FU+SH1339681.10FU+SH1339682.10FU	SH1339670.10FU:98.03,SH1339658.10FU:97.59,SH1339655.10FU:96.93,SH1339657.10FU:96.44,SH1339677.10FU:96.30
PX214904.1	Oehlia diaphana | WV579_765B	Oehlia diaphana	main		unassigned				0	SH1339658.10FU+SH1339681.10FU+SH1339682.10FU	SH1339658.10FU:97.60,SH1339670.10FU:96.72,SH1339660.10FU:96.69,SH1339667.10FU:96.32,SH1339677.10FU:96.30
PX214905.1	Oehlia diaphana | 4835_562B	Oehlia diaphana	main		unassigned				0	SH1339655.10FU+SH1339656.10FU+SH1339659.10FU+SH1339663.10FU+SH1339666.10FU+SH1339677.10FU+SH1339679.10FU	SH1339658.10FU:97.55,SH1339677.10FU:96.90,SH1339660.10FU:96.69,SH1339659.10FU:96.68,SH1339674.10FU:96.24
PX214906.1	Oehlia diaphana | WV579_765A	Oehlia diaphana	main		assigned	SH1339655.10FU	99.557	SH1339655.10FU+SH1339656.10FU+SH1339659.10FU+SH1339663.10FU+SH1339666.10FU+SH1339677.10FU+SH1339679.10FU	1	SH1339655.10FU+SH1339656.10FU+SH1339659.10FU+SH1339663.10FU+SH1339666.10FU+SH1339677.10FU+SH1339679.10FU	SH1339655.10FU:99.56,SH1339658.10FU:97.36,SH1339651.10FU:96.51,SH1339677.10FU:96.50,SH1339670.10FU:96.50
PX214907.1	Oehlia diaphana | WV579_765B	Oehlia diaphana	main		assigned	SH1339682.10FU	100.0	SH1339658.10FU+SH1339681.10FU+SH1339682.10FU	1	SH1339658.10FU+SH1339681.10FU+SH1339682.10FU	SH1339682.10FU:100.00,SH1339658.10FU:96.48,SH1339656.10FU:96.25,SH1339650.10FU:95.83,SH1339659.10FU:95.61
PX214908.1	Oehlia diaphana | WV579_765B	Oehlia diaphana	main		unassigned				0	SH1339658.10FU+SH1339681.10FU+SH1339682.10FU	SH1339672.10FU:97.44,SH1339657.10FU:94.71,SH1339650.10FU:94.32,SH1339664.10FU:94.12,SH1339680.10FU:93.85
PX214909.1	Diversispora eburnea | FS_12_2334B	Diversispora eburnea	main		assigned	SH1203593.10FU	98.896	SH1203477.10FU+SH1203532.10FU+SH1203593.10FU+SH1203696.10FU+SH1203705.10FU	1	SH1203477.10FU+SH1203532.10FU+SH1203593.10FU+SH1203696.10FU+SH1203705.10FU	SH1203593.10FU:98.90,SH1203619.10FU:98.68,SH1203477.10FU:98.67,SH1203705.10FU:98.45,SH1203532.10FU:98.23
PX214910.1	Diversispora eburnea | FS_12_2334B	Diversispora eburnea	main		assigned	SH1203593.10FU	98.896	SH1203477.10FU+SH1203532.10FU+SH1203593.10FU+SH1203696.10FU+SH1203705.10FU	1	SH1203477.10FU+SH1203532.10FU+SH1203593.10FU+SH1203696.10FU+SH1203705.10FU	SH1203593.10FU:98.90,SH1203619.10FU:98.68,SH1203477.10FU:98.67,SH1203532.10FU:98.23,SH1203696.10FU:98.02
PX214911.1	Diversispora eburnea | AZ414A_356A	Diversispora eburnea	main		assigned	SH1203477.10FU	100.0	SH1203477.10FU+SH1203532.10FU+SH1203593.10FU+SH1203696.10FU+SH1203705.10FU	1	SH1203477.10FU+SH1203532.10FU+SH1203593.10FU+SH1203696.10FU+SH1203705.10FU	SH1203477.10FU:100.00,SH1203593.10FU:98.02,SH1203619.10FU:97.81,SH1203705.10FU:97.57,SH1203696.10FU:97.36
PX214912.1	Diversispora eburnea | AZ414A_356A	Diversispora eburnea	main		assigned	SH1203477.10FU	100.0	SH1203477.10FU+SH1203532.10FU+SH1203593.10FU+SH1203696.10FU+SH1203705.10FU	1	SH1203477.10FU+SH1203532.10FU+SH1203593.10FU+SH1203696.10FU+SH1203705.10FU	SH1203477.10FU:100.00,SH1203593.10FU:98.02,SH1203619.10FU:97.81,SH1203705.10FU:97.57,SH1203696.10FU:97.36
PX214913.1	Diversispora eburnea | FS_12_2334B	Diversispora eburnea	main		unassigned				0	SH1203477.10FU+SH1203532.10FU+SH1203593.10FU+SH1203696.10FU+SH1203705.10FU	SH1203593.10FU:98.01,SH1203619.10FU:97.80,SH1203477.10FU:97.79,SH1203532.10FU:97.34,SH1203696.10FU:97.14
PX214914.1	Diversispora eburnea | AZ414A_356A	Diversispora eburnea	main		assigned	SH1203696.10FU	100.0	SH1203477.10FU+SH1203532.10FU+SH1203593.10FU+SH1203696.10FU+SH1203705.10FU	1	SH1203477.10FU+SH1203532.10FU+SH1203593.10FU+SH1203696.10FU+SH1203705.10FU	SH1203696.10FU:100.00,SH1203532.10FU:98.45,SH1203653.10FU:97.78,SH1203593.10FU:97.36,SH1203477.10FU:97.35
PX214915.1	Diversispora eburnea | AZ414A_356A	Diversispora eburnea	main		assigned	SH1203532.10FU	100.0	SH1203477.10FU+SH1203532.10FU+SH1203593.10FU+SH1203696.10FU+SH1203705.10FU	1	SH1203477.10FU+SH1203532.10FU+SH1203593.10FU+SH1203696.10FU+SH1203705.10FU	SH1203532.10FU:100.00,SH1203593.10FU:98.67,SH1203696.10FU:98.23,SH1203653.10FU:97.56,SH1203476.10FU:97.33
PX214916.1	Diversispora eburnea | AZ414A_356A	Diversispora eburnea	main		assigned	SH1203532.10FU	99.556	SH1203477.10FU+SH1203532.10FU+SH1203593.10FU+SH1203696.10FU+SH1203705.10FU	1	SH1203477.10FU+SH1203532.10FU+SH1203593.10FU+SH1203696.10FU+SH1203705.10FU	SH1203532.10FU:99.56,SH1203593.10FU:98.24,SH1203696.10FU:97.79,SH1203619.10FU:97.14,SH1203653.10FU:97.12
PX214917.1	Diversispora eburnea | AZ414A_356A	Diversispora eburnea	main		assigned	SH1203532.10FU	99.556	SH1203477.10FU+SH1203532.10FU+SH1203593.10FU+SH1203696.10FU+SH1203705.10FU	1	SH1203477.10FU+SH1203532.10FU+SH1203593.10FU+SH1203696.10FU+SH1203705.10FU	SH1203532.10FU:99.56,SH1203593.10FU:98.24,SH1203696.10FU:97.79,SH1203619.10FU:97.14,SH1203653.10FU:97.12
PX214918.1	Diversispora eburnea | AZ414A_356A	Diversispora eburnea	main		assigned	SH1203593.10FU	100.0	SH1203477.10FU+SH1203532.10FU+SH1203593.10FU+SH1203696.10FU+SH1203705.10FU	1	SH1203477.10FU+SH1203532.10FU+SH1203593.10FU+SH1203696.10FU+SH1203705.10FU	SH1203593.10FU:100.00,SH1203532.10FU:98.89,SH1203619.10FU:98.45,SH1203477.10FU:98.01,SH1203696.10FU:97.35
PX214919.1	Diversispora eburnea | AZ414A_356A	Diversispora eburnea	main		assigned	SH1203593.10FU	100.0	SH1203477.10FU+SH1203532.10FU+SH1203593.10FU+SH1203696.10FU+SH1203705.10FU	1	SH1203477.10FU+SH1203532.10FU+SH1203593.10FU+SH1203696.10FU+SH1203705.10FU	SH1203593.10FU:100.00,SH1203532.10FU:98.89,SH1203619.10FU:98.45,SH1203477.10FU:98.01,SH1203696.10FU:97.35
PX214920.1	Diversispora eburnea | AZ414A_356A	Diversispora eburnea	main		assigned	SH1203705.10FU	100.0	SH1203477.10FU+SH1203532.10FU+SH1203593.10FU+SH1203696.10FU+SH1203705.10FU	1	SH1203477.10FU+SH1203532.10FU+SH1203593.10FU+SH1203696.10FU+SH1203705.10FU	SH1203705.10FU:100.00,SH1203477.10FU:97.57,SH1203593.10FU:97.35,SH1203619.10FU:97.14,SH1203696.10FU:96.69
PX214921.1	Diversispora eburnea | AZ414A_356A	Diversispora eburnea	main		assigned	SH1203705.10FU	100.0	SH1203477.10FU+SH1203532.10FU+SH1203593.10FU+SH1203696.10FU+SH1203705.10FU	1	SH1203477.10FU+SH1203532.10FU+SH1203593.10FU+SH1203696.10FU+SH1203705.10FU	SH1203705.10FU:100.00,SH1203477.10FU:97.57,SH1203593.10FU:97.35,SH1203619.10FU:97.14,SH1203696.10FU:96.69
PX214922.1	Diversispora eburnea | FS_12_2334B	Diversispora eburnea	main		unassigned				0	SH1203477.10FU+SH1203532.10FU+SH1203593.10FU+SH1203696.10FU+SH1203705.10FU	SH1203653.10FU:95.82,SH1203565.10FU:95.81,SH1203696.10FU:95.63,SH1203522.10FU:95.59,SH1203586.10FU:95.58
PX214923.1	Diversispora eburnea | FS_12_2334B	Diversispora eburnea	main		unassigned				0	SH1203477.10FU+SH1203532.10FU+SH1203593.10FU+SH1203696.10FU+SH1203705.10FU	SH1203653.10FU:95.82,SH1203565.10FU:95.81,SH1203696.10FU:95.63,SH1203522.10FU:95.59,SH1203586.10FU:95.58
PX214924.1	Diversispora celata | 4381_68A	Diversispora celata	main		assigned	SH1203522.10FU	99.105	SH1203522.10FU	1	SH1203522.10FU	SH1203522.10FU:99.11,SH1203586.10FU:97.99,SH1203565.10FU:97.32,SH1203657.10FU:96.49,SH1203642.10FU:96.03
PX214925.1	Diversispora celata | 4381_68A	Diversispora celata	main		assigned	SH1203522.10FU	98.664	SH1203522.10FU	1	SH1203522.10FU	SH1203522.10FU:98.66,SH1203586.10FU:98.00,SH1203565.10FU:97.33,SH1203657.10FU:96.51,SH1203642.10FU:96.06
PX214926.1	Diversispora celata | 4381_68A	Diversispora celata	main		unassigned				0	SH1203522.10FU	SH1203522.10FU:97.79,SH1203586.10FU:97.57,SH1203565.10FU:96.90,SH1203657.10FU:96.72,SH1203716.10FU:96.68
PX214927.1	Diversispora celata | 4381_68A	Diversispora celata	main		unassigned				0	SH1203522.10FU	SH1203716.10FU:98.22,SH1203549.10FU:96.91,SH1203471.10FU:96.87,SH1203522.10FU:96.67,SH1203494.10FU:96.45
PX214928.1	Diversispora celata | 4381_68A	Diversispora celata	main		unassigned				0	SH1203522.10FU	SH1203565.10FU:98.44,SH1203522.10FU:97.79,SH1203716.10FU:97.57,SH1203586.10FU:97.34,SH1203675.10FU:97.33
PX214929.1	Diversispora celata | SC2	Diversispora celata	main		unassigned				0		SH1203657.10FU:97.81,SH1203565.10FU:97.35,SH1203522.10FU:97.14,SH1203586.10FU:97.13,SH1203494.10FU:96.70
PX214930.1	Diversispora celata | SC2	Diversispora celata	main		unassigned				0		SH1203565.10FU:97.13,SH1203522.10FU:96.92,SH1203586.10FU:96.91,SH1203657.10FU:96.73,SH1203675.10FU:96.26
PX214931.1	Diversispora celata | SC2	Diversispora celata	main		unassigned				0		SH1203565.10FU:97.56,SH1203522.10FU:97.34,SH1203586.10FU:97.34,SH1203657.10FU:97.16,SH1203675.10FU:96.68
PX214932.1	Diversispora celata | SC2	Diversispora celata	main		unassigned				0		SH1203494.10FU:98.43,SH1203675.10FU:96.88,SH1203522.10FU:96.67,SH1203471.10FU:96.62,SH1203565.10FU:96.44
PX214933.1	Diversispora celata | SC2	Diversispora celata	main		unassigned				0		SH1203494.10FU:98.00,SH1203675.10FU:96.44,SH1203522.10FU:96.24,SH1203471.10FU:96.19,SH1203565.10FU:96.02
PX214934.1	Diversispora jakucsiae | Blasz_11_2271A	Diversispora jakucsiae	main		assigned	SH1203546.10FU	99.558	SH1203546.10FU+SH1203620.10FU	1	SH1203546.10FU+SH1203620.10FU	SH1203546.10FU:99.56,SH1203654.10FU:98.25,SH1203479.10FU:98.03,SH1203620.10FU:97.61,SH1203725.10FU:97.15
PX214935.1	Diversispora jakucsiae | Blasz_11_2271A	Diversispora jakucsiae	main		assigned	SH1203546.10FU	99.558	SH1203546.10FU+SH1203620.10FU	1	SH1203546.10FU+SH1203620.10FU	SH1203546.10FU:99.56,SH1203654.10FU:98.25,SH1203479.10FU:98.03,SH1203620.10FU:97.61,SH1203725.10FU:97.15
PX214936.1	Diversispora jakucsiae | Blasz_11_2271A	Diversispora jakucsiae	main		assigned	SH1203546.10FU	99.779	SH1203546.10FU+SH1203620.10FU	1	SH1203546.10FU+SH1203620.10FU	SH1203546.10FU:99.78,SH1203654.10FU:98.03,SH1203479.10FU:97.82,SH1203620.10FU:97.39,SH1203725.10FU:96.93
PX214937.1	Diversispora jakucsiae | Blasz_11_2271A	Diversispora jakucsiae	main		assigned	SH1203620.10FU	100.0	SH1203546.10FU+SH1203620.10FU	1	SH1203546.10FU+SH1203620.10FU	SH1203620.10FU:100.00,SH1203546.10FU:97.17,SH1203654.10FU:96.32,SH1203479.10FU:96.12,SH1203672.10FU:96.10
PX214938.1	Diversispora arenaria | Blasz_14_2274A	Diversispora arenaria	main		unassigned				0	SH1203594.10FU+SH1203608.10FU+SH1203714.10FU	SH1203672.10FU:98.28,SH1203594.10FU:98.07,SH1203628.10FU:98.07,SH1203714.10FU:98.06,SH1203602.10FU:98.06
PX214939.1	Diversispora arenaria | Blasz_14_2274A	Diversispora arenaria	main		assigned	SH1203714.10FU	98.71	SH1203594.10FU+SH1203608.10FU+SH1203714.10FU	1	SH1203594.10FU+SH1203608.10FU+SH1203714.10FU	SH1203594.10FU:98.71,SH1203714.10FU:98.71,SH1203602.10FU:98.28,SH1203628.10FU:98.07,SH1203608.10FU:98.06
PX214940.1	Diversispora arenaria | Blasz_14_2274A	Diversispora arenaria	main		assigned	SH1203608.10FU	100.0	SH1203594.10FU+SH1203608.10FU+SH1203714.10FU	1	SH1203594.10FU+SH1203608.10FU+SH1203714.10FU	SH1203608.10FU:100.00,SH1203594.10FU:98.93,SH1203714.10FU:98.93,SH1203490.10FU:98.50,SH1203602.10FU:98.50
PX214941.1	Diversispora arenaria | Blasz_14_2274A	Diversispora arenaria	main		assigned	SH1203608.10FU	99.142	SH1203594.10FU+SH1203608.10FU+SH1203714.10FU	1	SH1203594.10FU+SH1203608.10FU+SH1203714.10FU	SH1203608.10FU:99.14,SH1203594.10FU:98.07,SH1203628.10FU:98.07,SH1203714.10FU:98.07,SH1203602.10FU:98.06
PX214942.1	Diversispora epigaea | BEG47_1140C	Diversispora epigaea	main		assigned	SH1203556.10FU	100.0	SH1203556.10FU+SH1203632.10FU+SH1203662.10FU+SH1203671.10FU+SH1203673.10FU+SH1203728.10FU+SH1203750.10FU	1	SH1203556.10FU+SH1203632.10FU+SH1203662.10FU+SH1203671.10FU+SH1203673.10FU+SH1203728.10FU+SH1203750.10FU	SH1203556.10FU:100.00,SH1203615.10FU:98.23,SH1203578.10FU:97.12,SH1203659.10FU:97.12,SH1203551.10FU:96.70
PX214943.1	Diversispora epigaea | BEG47_1140C	Diversispora epigaea	main		assigned	SH1203673.10FU	100.0	SH1203556.10FU+SH1203632.10FU+SH1203662.10FU+SH1203671.10FU+SH1203673.10FU+SH1203728.10FU+SH1203750.10FU	1	SH1203556.10FU+SH1203632.10FU+SH1203662.10FU+SH1203671.10FU+SH1203673.10FU+SH1203728.10FU+SH1203750.10FU	SH1203673.10FU:100.00,SH1203728.10FU:99.56,SH1203756.10FU:98.90,SH1203671.10FU:98.90,SH1203662.10FU:98.90
PX214944.1	Diversispora epigaea | FS16_2427A	Diversispora epigaea	main		assigned	SH1203673.10FU	99.561	SH1203556.10FU+SH1203632.10FU+SH1203662.10FU+SH1203671.10FU+SH1203673.10FU+SH1203728.10FU+SH1203750.10FU	1	SH1203556.10FU+SH1203632.10FU+SH1203662.10FU+SH1203671.10FU+SH1203673.10FU+SH1203728.10FU+SH1203750.10FU	SH1203673.10FU:99.56,SH1203728.10FU:99.12,SH1203756.10FU:98.47,SH1203671.10FU:98.47,SH1203664.10FU:98.47
PX214945.1	Diversispora epigaea | BEG47_1140C	Diversispora epigaea	main		assigned	SH1203728.10FU	100.0	SH1203556.10FU+SH1203632.10FU+SH1203662.10FU+SH1203671.10FU+SH1203673.10FU+SH1203728.10FU+SH1203750.10FU	1	SH1203556.10FU+SH1203632.10FU+SH1203662.10FU+SH1203671.10FU+SH1203673.10FU+SH1203728.10FU+SH1203750.10FU	SH1203728.10FU:100.00,SH1203673.10FU:98.69,SH1203662.10FU:98.03,SH1203664.10FU:97.81,SH1203732.10FU:97.60
PX214946.1	Diversispora epigaea | BEG47_1140C	Diversispora epigaea	main		assigned	SH1203750.10FU	100.0	SH1203556.10FU+SH1203632.10FU+SH1203662.10FU+SH1203671.10FU+SH1203673.10FU+SH1203728.10FU+SH1203750.10FU	1	SH1203556.10FU+SH1203632.10FU+SH1203662.10FU+SH1203671.10FU+SH1203673.10FU+SH1203728.10FU+SH1203750.10FU	SH1203750.10FU:100.00,SH1203697.10FU:98.90,SH1203728.10FU:97.59,SH1203673.10FU:97.37,SH1203516.10FU:96.94
PX214947.1	Diversispora epigaea | FS16_2427A	Diversispora epigaea	main		unassigned				0	SH1203556.10FU+SH1203632.10FU+SH1203662.10FU+SH1203671.10FU+SH1203673.10FU+SH1203728.10FU+SH1203750.10FU	SH1203750.10FU:98.47,SH1203697.10FU:97.82,SH1203728.10FU:97.82,SH1203673.10FU:97.39,SH1203516.10FU:97.39
PX214948.1	Diversispora epigaea | FS16_2427A	Diversispora epigaea	main		assigned	SH1203662.10FU	99.119	SH1203556.10FU+SH1203632.10FU+SH1203662.10FU+SH1203671.10FU+SH1203673.10FU+SH1203728.10FU+SH1203750.10FU	1	SH1203556.10FU+SH1203632.10FU+SH1203662.10FU+SH1203671.10FU+SH1203673.10FU+SH1203728.10FU+SH1203750.10FU	SH1203662.10FU:99.12,SH1203673.10FU:98.90,SH1203728.10FU:98.90,SH1203732.10FU:98.47,SH1203631.10FU:98.26
PX214949.1	Diversispora epigaea | FS16_2427A	Diversispora epigaea	main		assigned	SH1203671.10FU	98.901	SH1203556.10FU+SH1203632.10FU+SH1203662.10FU+SH1203671.10FU+SH1203673.10FU+SH1203728.10FU+SH1203750.10FU	1	SH1203556.10FU+SH1203632.10FU+SH1203662.10FU+SH1203671.10FU+SH1203673.10FU+SH1203728.10FU+SH1203750.10FU	SH1203671.10FU:98.90,SH1203673.10FU:98.68,SH1203728.10FU:98.68,SH1203756.10FU:98.46,SH1203662.10FU:98.46
PX214950.1	Diversispora epigaea | FS16_2427A	Diversispora epigaea	main		assigned	SH1203728.10FU	98.681	SH1203556.10FU+SH1203632.10FU+SH1203662.10FU+SH1203671.10FU+SH1203673.10FU+SH1203728.10FU+SH1203750.10FU	1	SH1203556.10FU+SH1203632.10FU+SH1203662.10FU+SH1203671.10FU+SH1203673.10FU+SH1203728.10FU+SH1203750.10FU	SH1203673.10FU:98.68,SH1203728.10FU:98.68,SH1203671.10FU:98.68,SH1203662.10FU:98.46,SH1203756.10FU:98.24
PX214951.1	Diversispora epigaea | FS16_2427A	Diversispora epigaea	main		assigned	SH1203728.10FU	98.681	SH1203556.10FU+SH1203632.10FU+SH1203662.10FU+SH1203671.10FU+SH1203673.10FU+SH1203728.10FU+SH1203750.10FU	1	SH1203556.10FU+SH1203632.10FU+SH1203662.10FU+SH1203671.10FU+SH1203673.10FU+SH1203728.10FU+SH1203750.10FU	SH1203673.10FU:98.68,SH1203728.10FU:98.68,SH1203671.10FU:98.68,SH1203662.10FU:98.46,SH1203756.10FU:98.24
PX214952.1	Diversispora epigaea | FS16_2427A	Diversispora epigaea	main		ambiguous		99.344	SH1203556.10FU+SH1203632.10FU+SH1203662.10FU+SH1203671.10FU+SH1203673.10FU+SH1203728.10FU+SH1203750.10FU	1	SH1203556.10FU+SH1203632.10FU+SH1203662.10FU+SH1203671.10FU+SH1203673.10FU+SH1203728.10FU+SH1203750.10FU	SH1203673.10FU:99.34,SH1203728.10FU:99.34,SH1203662.10FU:99.12,SH1203631.10FU:98.69,SH1203671.10FU:98.68
PX214953.1	Diversispora epigaea | BEG47_1140C	Diversispora epigaea	main		assigned	SH1203632.10FU	100.0	SH1203556.10FU+SH1203632.10FU+SH1203662.10FU+SH1203671.10FU+SH1203673.10FU+SH1203728.10FU+SH1203750.10FU	1	SH1203556.10FU+SH1203632.10FU+SH1203662.10FU+SH1203671.10FU+SH1203673.10FU+SH1203728.10FU+SH1203750.10FU	SH1203632.10FU:100.00,SH1203664.10FU:98.90,SH1203662.10FU:97.80,SH1203732.10FU:97.59,SH1203673.10FU:97.59
PX214954.1	Diversispora epigaea | FS16_2427A	Diversispora epigaea	main		assigned	SH1203632.10FU	99.115	SH1203556.10FU+SH1203632.10FU+SH1203662.10FU+SH1203671.10FU+SH1203673.10FU+SH1203728.10FU+SH1203750.10FU	1	SH1203556.10FU+SH1203632.10FU+SH1203662.10FU+SH1203671.10FU+SH1203673.10FU+SH1203728.10FU+SH1203750.10FU	SH1203632.10FU:99.11,SH1203664.10FU:98.24,SH1203732.10FU:98.03,SH1203662.10FU:97.80,SH1203682.10FU:97.80
PX214955.1	Diversispora varaderana | 4394_1010A	Diversispora varaderana	main		assigned	SH1203670.10FU	98.681	SH1203475.10FU+SH1203506.10FU+SH1203550.10FU+SH1203557.10FU+SH1203558.10FU+SH1203568.10FU+SH1203618.10FU+SH1203670.10FU+SH1203731.10FU	1	SH1203475.10FU+SH1203506.10FU+SH1203550.10FU+SH1203557.10FU+SH1203558.10FU+SH1203568.10FU+SH1203618.10FU+SH1203670.10FU+SH1203731.10FU	SH1203670.10FU:98.68,SH1203712.10FU:98.46,SH1203568.10FU:98.01,SH1203650.10FU:97.81,SH1203497.10FU:97.80
PX214956.1	Diversispora varaderana | 3086_1170D	Diversispora varaderana	main		assigned	SH1203670.10FU	98.681	SH1203475.10FU+SH1203506.10FU+SH1203550.10FU+SH1203557.10FU+SH1203558.10FU+SH1203568.10FU+SH1203618.10FU+SH1203670.10FU+SH1203731.10FU	1	SH1203475.10FU+SH1203506.10FU+SH1203550.10FU+SH1203557.10FU+SH1203558.10FU+SH1203568.10FU+SH1203618.10FU+SH1203670.10FU+SH1203731.10FU	SH1203670.10FU:98.68,SH1203712.10FU:98.46,SH1203568.10FU:98.01,SH1203650.10FU:97.81,SH1203497.10FU:97.80
PX214957.1	Diversispora varaderana | 4450_536A	Diversispora varaderana	main		assigned	SH1203568.10FU	98.678	SH1203475.10FU+SH1203506.10FU+SH1203550.10FU+SH1203557.10FU+SH1203558.10FU+SH1203568.10FU+SH1203618.10FU+SH1203670.10FU+SH1203731.10FU	1	SH1203475.10FU+SH1203506.10FU+SH1203550.10FU+SH1203557.10FU+SH1203558.10FU+SH1203568.10FU+SH1203618.10FU+SH1203670.10FU+SH1203731.10FU	SH1203550.10FU:99.05,SH1203568.10FU:98.68,SH1203712.10FU:98.24,SH1203650.10FU:98.03,SH1203707.10FU:98.02
PX214958.1	Diversispora varaderana | 4394_1010A	Diversispora varaderana	main		assigned	SH1203506.10FU	99.129	SH1203475.10FU+SH1203506.10FU+SH1203550.10FU+SH1203557.10FU+SH1203558.10FU+SH1203568.10FU+SH1203618.10FU+SH1203670.10FU+SH1203731.10FU	1	SH1203475.10FU+SH1203506.10FU+SH1203550.10FU+SH1203557.10FU+SH1203558.10FU+SH1203568.10FU+SH1203618.10FU+SH1203670.10FU+SH1203731.10FU	SH1203506.10FU:99.13,SH1203731.10FU:98.25,SH1203482.10FU:97.60,SH1203624.10FU:97.60,SH1203618.10FU:97.60
PX214959.1	Diversispora varaderana | CW0016_4015A	Diversispora varaderana	main		assigned	SH1203506.10FU	99.129	SH1203475.10FU+SH1203506.10FU+SH1203550.10FU+SH1203557.10FU+SH1203558.10FU+SH1203568.10FU+SH1203618.10FU+SH1203670.10FU+SH1203731.10FU	1	SH1203475.10FU+SH1203506.10FU+SH1203550.10FU+SH1203557.10FU+SH1203558.10FU+SH1203568.10FU+SH1203618.10FU+SH1203670.10FU+SH1203731.10FU	SH1203506.10FU:99.13,SH1203731.10FU:98.25,SH1203482.10FU:97.60,SH1203624.10FU:97.60,SH1203618.10FU:97.60
PX214960.1	Diversispora varaderana | SASK_50	Diversispora varaderana	main		assigned	SH1203506.10FU	99.346	SH1203475.10FU+SH1203506.10FU+SH1203550.10FU+SH1203557.10FU+SH1203558.10FU+SH1203568.10FU+SH1203618.10FU+SH1203670.10FU+SH1203731.10FU	1	SH1203475.10FU+SH1203506.10FU+SH1203550.10FU+SH1203557.10FU+SH1203558.10FU+SH1203568.10FU+SH1203618.10FU+SH1203670.10FU+SH1203731.10FU	SH1203506.10FU:99.35,SH1203731.10FU:98.04,SH1203482.10FU:97.39,SH1203624.10FU:97.39,SH1203618.10FU:97.39
PX214961.1	Diversispora varaderana | 3086_1170D	Diversispora varaderana	main		assigned	SH1203506.10FU	99.346	SH1203475.10FU+SH1203506.10FU+SH1203550.10FU+SH1203557.10FU+SH1203558.10FU+SH1203568.10FU+SH1203618.10FU+SH1203670.10FU+SH1203731.10FU	1	SH1203475.10FU+SH1203506.10FU+SH1203550.10FU+SH1203557.10FU+SH1203558.10FU+SH1203568.10FU+SH1203618.10FU+SH1203670.10FU+SH1203731.10FU	SH1203506.10FU:99.35,SH1203731.10FU:98.04,SH1203482.10FU:97.39,SH1203624.10FU:97.39,SH1203618.10FU:97.39
PX214962.1	Diversispora varaderana | 3086_1170D	Diversispora varaderana	main		assigned	SH1203731.10FU	99.78	SH1203475.10FU+SH1203506.10FU+SH1203550.10FU+SH1203557.10FU+SH1203558.10FU+SH1203568.10FU+SH1203618.10FU+SH1203670.10FU+SH1203731.10FU	1	SH1203475.10FU+SH1203506.10FU+SH1203550.10FU+SH1203557.10FU+SH1203558.10FU+SH1203568.10FU+SH1203618.10FU+SH1203670.10FU+SH1203731.10FU	SH1203731.10FU:99.78,SH1203482.10FU:98.47,SH1203506.10FU:98.26,SH1203618.10FU:98.25,SH1203680.10FU:98.24
PX214963.1	Diversispora varaderana | 4394_1010A	Diversispora varaderana	main		assigned	SH1203558.10FU	100.0	SH1203475.10FU+SH1203506.10FU+SH1203550.10FU+SH1203557.10FU+SH1203558.10FU+SH1203568.10FU+SH1203618.10FU+SH1203670.10FU+SH1203731.10FU	1	SH1203475.10FU+SH1203506.10FU+SH1203550.10FU+SH1203557.10FU+SH1203558.10FU+SH1203568.10FU+SH1203618.10FU+SH1203670.10FU+SH1203731.10FU	SH1203558.10FU:100.00,SH1203580.10FU:97.64,SH1203560.10FU:97.44,SH1203475.10FU:97.00,SH1203753.10FU:96.58
PX214964.1	Diversispora varaderana | 4510_972A	Diversispora varaderana	main		assigned	SH1203558.10FU	100.0	SH1203475.10FU+SH1203506.10FU+SH1203550.10FU+SH1203557.10FU+SH1203558.10FU+SH1203568.10FU+SH1203618.10FU+SH1203670.10FU+SH1203731.10FU	1	SH1203475.10FU+SH1203506.10FU+SH1203550.10FU+SH1203557.10FU+SH1203558.10FU+SH1203568.10FU+SH1203618.10FU+SH1203670.10FU+SH1203731.10FU	SH1203558.10FU:100.00,SH1203580.10FU:97.64,SH1203560.10FU:97.44,SH1203475.10FU:97.00,SH1203753.10FU:96.58
PX214965.1	Diversispora varaderana | 4450_536A	Diversispora varaderana	main		assigned	SH1203558.10FU	100.0	SH1203475.10FU+SH1203506.10FU+SH1203550.10FU+SH1203557.10FU+SH1203558.10FU+SH1203568.10FU+SH1203618.10FU+SH1203670.10FU+SH1203731.10FU	1	SH1203475.10FU+SH1203506.10FU+SH1203550.10FU+SH1203557.10FU+SH1203558.10FU+SH1203568.10FU+SH1203618.10FU+SH1203670.10FU+SH1203731.10FU	SH1203558.10FU:100.00,SH1203580.10FU:97.64,SH1203560.10FU:97.44,SH1203475.10FU:97.00,SH1203753.10FU:96.58
PX214966.1	Diversispora varaderana | SASK_50	Diversispora varaderana	main		assigned	SH1203558.10FU	100.0	SH1203475.10FU+SH1203506.10FU+SH1203550.10FU+SH1203557.10FU+SH1203558.10FU+SH1203568.10FU+SH1203618.10FU+SH1203670.10FU+SH1203731.10FU	1	SH1203475.10FU+SH1203506.10FU+SH1203550.10FU+SH1203557.10FU+SH1203558.10FU+SH1203568.10FU+SH1203618.10FU+SH1203670.10FU+SH1203731.10FU	SH1203558.10FU:100.00,SH1203580.10FU:97.64,SH1203560.10FU:97.44,SH1203475.10FU:97.00,SH1203753.10FU:96.58
PX214967.1	Diversispora varaderana | 4393_830B	Diversispora varaderana	main		assigned	SH1203558.10FU	100.0	SH1203475.10FU+SH1203506.10FU+SH1203550.10FU+SH1203557.10FU+SH1203558.10FU+SH1203568.10FU+SH1203618.10FU+SH1203670.10FU+SH1203731.10FU	1	SH1203475.10FU+SH1203506.10FU+SH1203550.10FU+SH1203557.10FU+SH1203558.10FU+SH1203568.10FU+SH1203618.10FU+SH1203670.10FU+SH1203731.10FU	SH1203558.10FU:100.00,SH1203580.10FU:97.64,SH1203560.10FU:97.44,SH1203475.10FU:97.00,SH1203753.10FU:96.58
PX214968.1	Diversispora varaderana | 3086_1170D	Diversispora varaderana	main		assigned	SH1203558.10FU	100.0	SH1203475.10FU+SH1203506.10FU+SH1203550.10FU+SH1203557.10FU+SH1203558.10FU+SH1203568.10FU+SH1203618.10FU+SH1203670.10FU+SH1203731.10FU	1	SH1203475.10FU+SH1203506.10FU+SH1203550.10FU+SH1203557.10FU+SH1203558.10FU+SH1203568.10FU+SH1203618.10FU+SH1203670.10FU+SH1203731.10FU	SH1203558.10FU:100.00,SH1203580.10FU:97.64,SH1203560.10FU:97.44,SH1203475.10FU:97.00,SH1203753.10FU:96.58
PX214969.1	Diversispora varaderana | 4450_536A	Diversispora varaderana	main		assigned	SH1203558.10FU	100.0	SH1203475.10FU+SH1203506.10FU+SH1203550.10FU+SH1203557.10FU+SH1203558.10FU+SH1203568.10FU+SH1203618.10FU+SH1203670.10FU+SH1203731.10FU	1	SH1203475.10FU+SH1203506.10FU+SH1203550.10FU+SH1203557.10FU+SH1203558.10FU+SH1203568.10FU+SH1203618.10FU+SH1203670.10FU+SH1203731.10FU	SH1203558.10FU:100.00,SH1203580.10FU:97.64,SH1203560.10FU:97.44,SH1203475.10FU:97.00,SH1203753.10FU:96.58
PX214970.1	Diversispora varaderana | 4393_830B	Diversispora varaderana	main		assigned	SH1203558.10FU	100.0	SH1203475.10FU+SH1203506.10FU+SH1203550.10FU+SH1203557.10FU+SH1203558.10FU+SH1203568.10FU+SH1203618.10FU+SH1203670.10FU+SH1203731.10FU	1	SH1203475.10FU+SH1203506.10FU+SH1203550.10FU+SH1203557.10FU+SH1203558.10FU+SH1203568.10FU+SH1203618.10FU+SH1203670.10FU+SH1203731.10FU	SH1203558.10FU:100.00,SH1203580.10FU:97.64,SH1203560.10FU:97.44,SH1203475.10FU:97.00,SH1203753.10FU:96.58
PX214971.1	Diversispora varaderana | 3086_1170D	Diversispora varaderana	main		assigned	SH1203558.10FU	100.0	SH1203475.10FU+SH1203506.10FU+SH1203550.10FU+SH1203557.10FU+SH1203558.10FU+SH1203568.10FU+SH1203618.10FU+SH1203670.10FU+SH1203731.10FU	1	SH1203475.10FU+SH1203506.10FU+SH1203550.10FU+SH1203557.10FU+SH1203558.10FU+SH1203568.10FU+SH1203618.10FU+SH1203670.10FU+SH1203731.10FU	SH1203558.10FU:100.00,SH1203580.10FU:97.64,SH1203560.10FU:97.44,SH1203475.10FU:97.00,SH1203753.10FU:96.58
PX214972.1	Diversispora varaderana | 4450_536A	Diversispora varaderana	main		assigned	SH1203558.10FU	100.0	SH1203475.10FU+SH1203506.10FU+SH1203550.10FU+SH1203557.10FU+SH1203558.10FU+SH1203568.10FU+SH1203618.10FU+SH1203670.10FU+SH1203731.10FU	1	SH1203475.10FU+SH1203506.10FU+SH1203550.10FU+SH1203557.10FU+SH1203558.10FU+SH1203568.10FU+SH1203618.10FU+SH1203670.10FU+SH1203731.10FU	SH1203558.10FU:100.00,SH1203580.10FU:97.64,SH1203560.10FU:97.44,SH1203475.10FU:97.00,SH1203753.10FU:96.58
PX214973.1	Diversispora varaderana | 4450_536A	Diversispora varaderana	main		assigned	SH1203558.10FU	98.715	SH1203475.10FU+SH1203506.10FU+SH1203550.10FU+SH1203557.10FU+SH1203558.10FU+SH1203568.10FU+SH1203618.10FU+SH1203670.10FU+SH1203731.10FU	1	SH1203475.10FU+SH1203506.10FU+SH1203550.10FU+SH1203557.10FU+SH1203558.10FU+SH1203568.10FU+SH1203618.10FU+SH1203670.10FU+SH1203731.10FU	SH1203558.10FU:98.72,SH1203475.10FU:98.06,SH1203740.10FU:96.76,SH1203712.10FU:96.54,SH1203580.10FU:96.37
PX214974.1	Diversispora varaderana | 4450_536A	Diversispora varaderana	main		unassigned				0	SH1203475.10FU+SH1203506.10FU+SH1203550.10FU+SH1203557.10FU+SH1203558.10FU+SH1203568.10FU+SH1203618.10FU+SH1203670.10FU+SH1203731.10FU	SH1203558.10FU:98.50,SH1203475.10FU:98.27,SH1203740.10FU:96.97,SH1203712.10FU:96.75,SH1203650.10FU:96.55
PX214975.1	Diversispora varaderana | SASK_50	Diversispora varaderana	main		assigned	SH1203558.10FU	98.501	SH1203475.10FU+SH1203506.10FU+SH1203550.10FU+SH1203557.10FU+SH1203558.10FU+SH1203568.10FU+SH1203618.10FU+SH1203670.10FU+SH1203731.10FU	1	SH1203475.10FU+SH1203506.10FU+SH1203550.10FU+SH1203557.10FU+SH1203558.10FU+SH1203568.10FU+SH1203618.10FU+SH1203670.10FU+SH1203731.10FU	SH1203558.10FU:98.50,SH1203475.10FU:98.27,SH1203740.10FU:96.98,SH1203712.10FU:96.76,SH1203650.10FU:96.56
PX214976.1	Diversispora varaderana | 3086_1170D	Diversispora varaderana	main		unassigned				0	SH1203475.10FU+SH1203506.10FU+SH1203550.10FU+SH1203557.10FU+SH1203558.10FU+SH1203568.10FU+SH1203618.10FU+SH1203670.10FU+SH1203731.10FU	SH1203558.10FU:98.29,SH1203475.10FU:98.28,SH1203740.10FU:96.98,SH1203712.10FU:96.77,SH1203650.10FU:96.57
PX214977.1	Diversispora varaderana | 4393_830B	Diversispora varaderana	main		unassigned				0	SH1203475.10FU+SH1203506.10FU+SH1203550.10FU+SH1203557.10FU+SH1203558.10FU+SH1203568.10FU+SH1203618.10FU+SH1203670.10FU+SH1203731.10FU	SH1203475.10FU:98.49,SH1203558.10FU:98.29,SH1203740.10FU:96.76,SH1203712.10FU:96.54,SH1203650.10FU:96.34
PX214978.1	Diversispora varaderana | CW0016_4015A	Diversispora varaderana	main		assigned	SH1203558.10FU	99.14	SH1203475.10FU+SH1203506.10FU+SH1203550.10FU+SH1203557.10FU+SH1203558.10FU+SH1203568.10FU+SH1203618.10FU+SH1203670.10FU+SH1203731.10FU	1	SH1203475.10FU+SH1203506.10FU+SH1203550.10FU+SH1203557.10FU+SH1203558.10FU+SH1203568.10FU+SH1203618.10FU+SH1203670.10FU+SH1203731.10FU	SH1203558.10FU:99.14,SH1203560.10FU:97.22,SH1203580.10FU:96.78,SH1203475.10FU:96.77,SH1203753.10FU:96.15
PX214979.1	Diversispora varaderana | CW0016_4015A	Diversispora varaderana	main		assigned	SH1203558.10FU	99.14	SH1203475.10FU+SH1203506.10FU+SH1203550.10FU+SH1203557.10FU+SH1203558.10FU+SH1203568.10FU+SH1203618.10FU+SH1203670.10FU+SH1203731.10FU	1	SH1203475.10FU+SH1203506.10FU+SH1203550.10FU+SH1203557.10FU+SH1203558.10FU+SH1203568.10FU+SH1203618.10FU+SH1203670.10FU+SH1203731.10FU	SH1203558.10FU:99.14,SH1203560.10FU:97.22,SH1203580.10FU:96.78,SH1203475.10FU:96.77,SH1203753.10FU:96.15
PX214980.1	Diversispora varaderana | CW0016_4015A	Diversispora varaderana	main		assigned	SH1203558.10FU	99.14	SH1203475.10FU+SH1203506.10FU+SH1203550.10FU+SH1203557.10FU+SH1203558.10FU+SH1203568.10FU+SH1203618.10FU+SH1203670.10FU+SH1203731.10FU	1	SH1203475.10FU+SH1203506.10FU+SH1203550.10FU+SH1203557.10FU+SH1203558.10FU+SH1203568.10FU+SH1203618.10FU+SH1203670.10FU+SH1203731.10FU	SH1203558.10FU:99.14,SH1203560.10FU:97.22,SH1203580.10FU:96.78,SH1203475.10FU:96.77,SH1203753.10FU:96.15
PX214981.1	Diversispora varaderana | 3086_1170D	Diversispora varaderana	main		assigned	SH1203475.10FU	99.782	SH1203475.10FU+SH1203506.10FU+SH1203550.10FU+SH1203557.10FU+SH1203558.10FU+SH1203568.10FU+SH1203618.10FU+SH1203670.10FU+SH1203731.10FU	1	SH1203475.10FU+SH1203506.10FU+SH1203550.10FU+SH1203557.10FU+SH1203558.10FU+SH1203568.10FU+SH1203618.10FU+SH1203670.10FU+SH1203731.10FU	SH1203475.10FU:99.78,SH1203740.10FU:98.04,SH1203712.10FU:97.82,SH1203650.10FU:97.61,SH1203678.10FU:97.39
PX214982.1	Diversispora varaderana | 4393_830B	Diversispora varaderana	main		assigned	SH1203557.10FU	98.681	SH1203475.10FU+SH1203506.10FU+SH1203550.10FU+SH1203557.10FU+SH1203558.10FU+SH1203568.10FU+SH1203618.10FU+SH1203670.10FU+SH1203731.10FU	1	SH1203475.10FU+SH1203506.10FU+SH1203550.10FU+SH1203557.10FU+SH1203558.10FU+SH1203568.10FU+SH1203618.10FU+SH1203670.10FU+SH1203731.10FU	SH1203557.10FU:98.68,SH1203747.10FU:98.47,SH1203624.10FU:98.47,SH1203475.10FU:98.24,SH1203618.10FU:98.03
PX214983.1	Diversispora varaderana | 3086_1170D	Diversispora varaderana	main		assigned	SH1203557.10FU	98.681	SH1203475.10FU+SH1203506.10FU+SH1203550.10FU+SH1203557.10FU+SH1203558.10FU+SH1203568.10FU+SH1203618.10FU+SH1203670.10FU+SH1203731.10FU	1	SH1203475.10FU+SH1203506.10FU+SH1203550.10FU+SH1203557.10FU+SH1203558.10FU+SH1203568.10FU+SH1203618.10FU+SH1203670.10FU+SH1203731.10FU	SH1203557.10FU:98.68,SH1203747.10FU:98.47,SH1203624.10FU:98.47,SH1203475.10FU:98.24,SH1203618.10FU:98.03
PX214984.1	Diversispora varaderana | 4394_1010A	Diversispora varaderana	main		assigned	SH1203618.10FU	100.0	SH1203475.10FU+SH1203506.10FU+SH1203550.10FU+SH1203557.10FU+SH1203558.10FU+SH1203568.10FU+SH1203618.10FU+SH1203670.10FU+SH1203731.10FU	1	SH1203475.10FU+SH1203506.10FU+SH1203550.10FU+SH1203557.10FU+SH1203558.10FU+SH1203568.10FU+SH1203618.10FU+SH1203670.10FU+SH1203731.10FU	SH1203618.10FU:100.00,SH1203680.10FU:98.68,SH1203624.10FU:98.25,SH1203557.10FU:98.02,SH1203731.10FU:98.02
PX214985.1	Diversispora varaderana | SASK_50	Diversispora varaderana	main		assigned	SH1203618.10FU	100.0	SH1203475.10FU+SH1203506.10FU+SH1203550.10FU+SH1203557.10FU+SH1203558.10FU+SH1203568.10FU+SH1203618.10FU+SH1203670.10FU+SH1203731.10FU	1	SH1203475.10FU+SH1203506.10FU+SH1203550.10FU+SH1203557.10FU+SH1203558.10FU+SH1203568.10FU+SH1203618.10FU+SH1203670.10FU+SH1203731.10FU	SH1203618.10FU:100.00,SH1203680.10FU:98.68,SH1203624.10FU:98.25,SH1203557.10FU:98.02,SH1203731.10FU:98.02
PX214986.1	Diversispora aestuarii | 4403_745C	Diversispora aestuarii	main		unassigned				0		SH1203712.10FU:98.25,SH1203650.10FU:98.03,SH1203707.10FU:98.03,SH1203497.10FU:97.59,SH1203670.10FU:97.59
PX214987.1	Diversispora aestuarii | 4403_745C	Diversispora aestuarii	main		unassigned				0		SH1203712.10FU:98.25,SH1203650.10FU:98.03,SH1203707.10FU:98.03,SH1203497.10FU:97.59,SH1203670.10FU:97.59
PX214988.1	Diversispora aestuarii | 4403_745C	Diversispora aestuarii	main		unassigned				0		SH1203712.10FU:97.81,SH1203650.10FU:97.59,SH1203707.10FU:97.59,SH1203497.10FU:97.16,SH1203670.10FU:97.16
PX214989.1	Diversispora aestuarii | 4403_745C	Diversispora aestuarii	main		unassigned				0		SH1203712.10FU:98.25,SH1203650.10FU:98.03,SH1203707.10FU:98.03,SH1203497.10FU:97.59,SH1203670.10FU:97.59
PX214990.1	Diversispora aestuarii | 4485_952D	Diversispora aestuarii	main		assigned	SH1203712.10FU	98.901	SH1203712.10FU	1	SH1203712.10FU	SH1203712.10FU:98.90,SH1203650.10FU:98.68,SH1203497.10FU:98.25,SH1203636.10FU:98.25,SH1203670.10FU:98.25
PX214991.1	Diversispora aestuarii | 4485_952D	Diversispora aestuarii	main		assigned	SH1203712.10FU	98.678	SH1203712.10FU	1	SH1203712.10FU	SH1203712.10FU:98.68,SH1203650.10FU:98.03,SH1203497.10FU:98.02,SH1203636.10FU:98.02,SH1203741.10FU:98.02
PX214992.1	Diversispora aestuarii | 4485_952D	Diversispora aestuarii	main		assigned	SH1203712.10FU	98.681	SH1203712.10FU	1	SH1203712.10FU	SH1203712.10FU:98.68,SH1203650.10FU:98.03,SH1203497.10FU:98.03,SH1203741.10FU:98.02,SH1203707.10FU:98.02
PX214993.1	Diversispora aestuarii | 4403_745C	Diversispora aestuarii	main		unassigned				0		SH1203712.10FU:98.25,SH1203650.10FU:98.03,SH1203497.10FU:97.81,SH1203707.10FU:97.81,SH1203677.10FU:97.80
PX214994.1	Diversispora aestuarii | 4485_952D	Diversispora aestuarii	main		assigned	SH1203712.10FU	98.901	SH1203712.10FU	1	SH1203712.10FU	SH1203712.10FU:98.90,SH1203650.10FU:98.25,SH1203497.10FU:98.25,SH1203741.10FU:98.24,SH1203707.10FU:98.24
PX214995.1	Diversispora aestuarii | 4403_745C	Diversispora aestuarii	main		unassigned				0		SH1203712.10FU:98.25,SH1203650.10FU:98.03,SH1203707.10FU:98.03,SH1203497.10FU:97.59,SH1203670.10FU:97.59
PX214996.1	Diversispora aestuarii | 4403_745C	Diversispora aestuarii	main		unassigned				0		SH1203712.10FU:98.25,SH1203650.10FU:98.03,SH1203707.10FU:98.03,SH1203497.10FU:97.59,SH1203670.10FU:97.59
PX214997.1	Diversispora aestuarii | 4403_745C	Diversispora aestuarii	main		unassigned				0		SH1203712.10FU:98.24,SH1203707.10FU:97.80,SH1203636.10FU:97.58,SH1203497.10FU:97.36,SH1203678.10FU:97.36
PX214998.1	Diversispora aestuarii | 4485_952D	Diversispora aestuarii	main		assigned	SH1203712.10FU	99.117	SH1203712.10FU	1	SH1203712.10FU	SH1203712.10FU:99.12,SH1203636.10FU:98.46,SH1203650.10FU:98.46,SH1203497.10FU:98.46,SH1203741.10FU:98.45
PX214999.1	Diversispora aestuarii | 4485_952D	Diversispora aestuarii	main		assigned	SH1203712.10FU	98.896	SH1203712.10FU	1	SH1203712.10FU	SH1203712.10FU:98.90,SH1203568.10FU:98.45,SH1203497.10FU:98.24,SH1203636.10FU:98.24,SH1203707.10FU:98.23
PX215000.1	Diversispora aestuarii | 4485_952D	Diversispora aestuarii	main		assigned	SH1203712.10FU	98.896	SH1203712.10FU	1	SH1203712.10FU	SH1203712.10FU:98.90,SH1203568.10FU:98.45,SH1203497.10FU:98.24,SH1203636.10FU:98.24,SH1203707.10FU:98.23
PX215001.1	Diversispora aestuarii | 4403_745C	Diversispora aestuarii	main		unassigned				0		SH1203712.10FU:98.46,SH1203707.10FU:98.24,SH1203497.10FU:97.80,SH1203636.10FU:97.80,SH1203678.10FU:97.58
PX215002.1	Diversispora aestuarii | 4403_745C	Diversispora aestuarii	main		unassigned				0		SH1203712.10FU:98.46,SH1203707.10FU:98.24,SH1203497.10FU:97.80,SH1203636.10FU:97.80,SH1203678.10FU:97.58
PX215003.1	Diversispora aestuarii | 4485_952D	Diversispora aestuarii	main		unassigned				0	SH1203712.10FU	SH1203740.10FU:98.25,SH1203475.10FU:97.82,SH1203636.10FU:97.38,SH1203521.10FU:97.37,SH1203650.10FU:97.17
PX215004.1	Diversispora aestuarii | 4485_952D	Diversispora aestuarii	main		unassigned				0	SH1203712.10FU	SH1203475.10FU:98.03,SH1203740.10FU:98.03,SH1203636.10FU:97.60,SH1203650.10FU:97.39,SH1203712.10FU:97.16
PX215005.1	Diversispora aestuarii | 4485_952D	Diversispora aestuarii	main		unassigned				0	SH1203712.10FU	SH1203740.10FU:97.82,SH1203475.10FU:97.39,SH1203650.10FU:97.17,SH1203636.10FU:97.17,SH1203521.10FU:96.94
PX215006.1	Diversispora spurca | Algerie_2_1072C	Diversispora spurca	main		unassigned				0		SH1203573.10FU:96.96,SH1203645.10FU:95.88,SH1203684.10FU:95.01,SH1203559.10FU:94.98,SH1203583.10FU:94.77
PX215007.1	Diversispora spurca | Algerie_2_1072C	Diversispora spurca	main		unassigned				0		SH1203645.10FU:98.05,SH1203573.10FU:98.04,SH1203610.10FU:95.87,SH1203503.10FU:95.64,SH1203574.10FU:95.42
PX215008.1	Diversispora spurca | Algerie_2_1072C	Diversispora spurca	main		unassigned				0		SH1203573.10FU:98.05,SH1203645.10FU:98.04,SH1203610.10FU:96.31,SH1203503.10FU:96.09,SH1203574.10FU:95.87
PX215009.1	Diversispora spurca | W246_28_9A	Diversispora spurca	main		unassigned				0	SH1203583.10FU+SH1203684.10FU	SH1203684.10FU:96.96,SH1203569.10FU:95.89,SH1203559.10FU:95.86,SH1203574.10FU:95.67,SH1203583.10FU:95.65
PX215010.1	Diversispora spurca | W246_28_9A	Diversispora spurca	main		assigned	SH1203684.10FU	100.0	SH1203583.10FU+SH1203684.10FU	1	SH1203583.10FU+SH1203684.10FU	SH1203684.10FU:100.00,SH1203569.10FU:98.47,SH1203559.10FU:96.72,SH1203645.10FU:95.66,SH1203574.10FU:95.23
PX215011.1	Diversispora spurca | W246_28_9A	Diversispora spurca	main		assigned	SH1203684.10FU	100.0	SH1203583.10FU+SH1203684.10FU	1	SH1203583.10FU+SH1203684.10FU	SH1203684.10FU:100.00,SH1203569.10FU:98.91,SH1203559.10FU:96.72,SH1203645.10FU:95.66,SH1203574.10FU:95.23
PX215012.1	Diversispora spurca | W246_28_9A	Diversispora spurca	main		assigned	SH1203583.10FU	100.0	SH1203583.10FU+SH1203684.10FU	1	SH1203583.10FU+SH1203684.10FU	SH1203583.10FU:100.00,SH1203559.10FU:98.67,SH1203569.10FU:96.06,SH1203684.10FU:95.86,SH1203574.10FU:95.61
PX215013.1	Acaulospora morrowiae | CR315B_2019A	Acaulospora morrowiae	main		unassigned				0	SH1189682.10FU	SH1189682.10FU:98.17,SH1189683.10FU:96.79,SH1189753.10FU:96.60,SH1373898.10FU:96.14,SH1189668.10FU:96.12
PX215014.1	Acaulospora morrowiae | CR315B_2019A	Acaulospora morrowiae	main		assigned	SH1189682.10FU	98.858	SH1189682.10FU	1	SH1189682.10FU	SH1189682.10FU:98.86,SH1189753.10FU:97.28,SH1189683.10FU:97.03,SH1189668.10FU:96.81,SH1189689.10FU:96.64
PX215015.1	Acaulospora morrowiae | CR315B_2019A	Acaulospora morrowiae	main		unassigned				0	SH1189682.10FU	SH1373895.10FU:97.75,SH1189682.10FU:97.74,SH1373898.10FU:97.52,SH1189668.10FU:97.50,SH1373899.10FU:97.08
PX215016.1	Acaulospora morrowiae | BF_TM_1197A	Acaulospora morrowiae	main		unassigned				0	SH1189689.10FU+SH1373895.10FU	SH1373895.10FU:97.11,SH1189753.10FU:96.89,SH1189668.10FU:96.88,SH1189689.10FU:96.86,SH1373899.10FU:96.01
PX215017.1	Acaulospora morrowiae | BF_TM_1197A	Acaulospora morrowiae	main		unassigned				0	SH1189689.10FU+SH1373895.10FU	SH1189753.10FU:97.32,SH1189668.10FU:97.31,SH1189689.10FU:97.30,SH1373895.10FU:97.10,SH1189682.10FU:96.20
PX215018.1	Acaulospora morrowiae | BF_TM_1197A	Acaulospora morrowiae	main		assigned	SH1373895.10FU	99.099	SH1189689.10FU+SH1373895.10FU	1	SH1189689.10FU+SH1373895.10FU	SH1373895.10FU:99.10,SH1189689.10FU:97.53,SH1189668.10FU:97.08,SH1373899.10FU:96.64,SH1189682.10FU:96.41
PX215019.1	Acaulospora morrowiae | BF_TM_1197A	Acaulospora morrowiae	main		assigned	SH1373895.10FU	99.099	SH1189689.10FU+SH1373895.10FU	1	SH1189689.10FU+SH1373895.10FU	SH1373895.10FU:99.10,SH1189689.10FU:97.98,SH1189668.10FU:97.08,SH1373899.10FU:96.86,SH1189682.10FU:96.41
PX215020.1	Acaulospora morrowiae | BF_TM_1197A	Acaulospora morrowiae	main		assigned	SH1189689.10FU	99.095	SH1189689.10FU+SH1373895.10FU	1	SH1189689.10FU+SH1373895.10FU	SH1189689.10FU:99.09,SH1373895.10FU:97.97,SH1189682.10FU:97.29,SH1189668.10FU:96.61,SH1189753.10FU:96.19
PX215021.1	Acaulospora morrowiae | BF_TM_1197A	Acaulospora morrowiae	main		assigned	SH1189689.10FU	98.649	SH1189689.10FU+SH1373895.10FU	1	SH1189689.10FU+SH1373895.10FU	SH1189689.10FU:98.65,SH1189682.10FU:97.27,SH1189753.10FU:97.05,SH1373895.10FU:96.18,SH1189683.10FU:95.91
PX215022.1	Acaulospora morrowiae | BF_TM_1197A	Acaulospora morrowiae	main		unassigned				0	SH1189689.10FU+SH1373895.10FU	SH1189689.10FU:96.64,SH1373895.10FU:96.63,SH1189753.10FU:95.95,SH1189668.10FU:95.94,SH1189682.10FU:95.28
PX215023.1	Cetraspora gilmorei | 4430_2047A	Cetraspora gilmorei	main		assigned	SH1273382.10FU	98.554	SH1273382.10FU+SH1273387.10FU+SH1273430.10FU	1	SH1273382.10FU+SH1273387.10FU+SH1273430.10FU	SH1273382.10FU:98.55,SH1273387.10FU:97.60,SH1273444.10FU:96.89,SH1273441.10FU:96.18,SH1273430.10FU:96.15
PX215024.1	Cetraspora gilmorei | 4430_2047A	Cetraspora gilmorei	main		assigned	SH1273387.10FU	98.568	SH1273382.10FU+SH1273387.10FU+SH1273430.10FU	1	SH1273382.10FU+SH1273387.10FU+SH1273430.10FU	SH1273387.10FU:98.57,SH1273441.10FU:97.61,SH1273430.10FU:97.60,SH1273382.10FU:97.14,SH1273444.10FU:97.14
PX215025.1	Cetraspora gilmorei | 4430_2047A	Cetraspora gilmorei	main		assigned	SH1273387.10FU	98.807	SH1273382.10FU+SH1273387.10FU+SH1273430.10FU	1	SH1273382.10FU+SH1273387.10FU+SH1273430.10FU	SH1273387.10FU:98.81,SH1273444.10FU:97.38,SH1273441.10FU:96.91,SH1273430.10FU:96.88,SH1273382.10FU:96.44
PX215026.1	Cetraspora gilmorei | 4397_453A	Cetraspora gilmorei	main		assigned	SH1273387.10FU	99.523	SH1273382.10FU+SH1273387.10FU+SH1273430.10FU	1	SH1273382.10FU+SH1273387.10FU+SH1273430.10FU	SH1273387.10FU:99.52,SH1273444.10FU:97.14,SH1273430.10FU:97.12,SH1273441.10FU:96.67,SH1273382.10FU:96.20
PX215027.1	Cetraspora gilmorei | 4414_1105C	Cetraspora gilmorei	main		assigned	SH1273387.10FU	99.523	SH1273382.10FU+SH1273387.10FU+SH1273430.10FU	1	SH1273382.10FU+SH1273387.10FU+SH1273430.10FU	SH1273387.10FU:99.52,SH1273444.10FU:97.14,SH1273430.10FU:97.12,SH1273441.10FU:96.67,SH1273382.10FU:96.20
PX215028.1	Cetraspora gilmorei | 4385	Cetraspora gilmorei	main		assigned	SH1273387.10FU	99.523	SH1273382.10FU+SH1273387.10FU+SH1273430.10FU	1	SH1273382.10FU+SH1273387.10FU+SH1273430.10FU	SH1273387.10FU:99.52,SH1273444.10FU:97.14,SH1273430.10FU:97.12,SH1273441.10FU:96.67,SH1273382.10FU:96.20
PX215029.1	Cetraspora gilmorei | 4398_831C	Cetraspora gilmorei	main		assigned	SH1273387.10FU	99.523	SH1273382.10FU+SH1273387.10FU+SH1273430.10FU	1	SH1273382.10FU+SH1273387.10FU+SH1273430.10FU	SH1273387.10FU:99.52,SH1273444.10FU:97.14,SH1273430.10FU:97.12,SH1273441.10FU:96.67,SH1273382.10FU:96.20
PX215030.1	Cetraspora gilmorei | 4419_860D	Cetraspora gilmorei	main		assigned	SH1273387.10FU	99.523	SH1273382.10FU+SH1273387.10FU+SH1273430.10FU	1	SH1273382.10FU+SH1273387.10FU+SH1273430.10FU	SH1273387.10FU:99.52,SH1273444.10FU:97.14,SH1273430.10FU:97.12,SH1273441.10FU:96.67,SH1273382.10FU:96.20
PX215031.1	Cetraspora gilmorei | 4414_1105C	Cetraspora gilmorei	main		assigned	SH1273387.10FU	99.523	SH1273382.10FU+SH1273387.10FU+SH1273430.10FU	1	SH1273382.10FU+SH1273387.10FU+SH1273430.10FU	SH1273387.10FU:99.52,SH1273444.10FU:97.14,SH1273430.10FU:97.12,SH1273441.10FU:96.67,SH1273382.10FU:96.20
PX215032.1	Cetraspora gilmorei | 4385	Cetraspora gilmorei	main		assigned	SH1273387.10FU	99.523	SH1273382.10FU+SH1273387.10FU+SH1273430.10FU	1	SH1273382.10FU+SH1273387.10FU+SH1273430.10FU	SH1273387.10FU:99.52,SH1273444.10FU:97.14,SH1273430.10FU:97.12,SH1273441.10FU:96.67,SH1273382.10FU:96.20
PX215033.1	Cetraspora gilmorei | 4419_860D	Cetraspora gilmorei	main		assigned	SH1273387.10FU	99.523	SH1273382.10FU+SH1273387.10FU+SH1273430.10FU	1	SH1273382.10FU+SH1273387.10FU+SH1273430.10FU	SH1273387.10FU:99.52,SH1273444.10FU:97.14,SH1273430.10FU:97.12,SH1273441.10FU:96.67,SH1273382.10FU:96.20
PX215034.1	Cetraspora gilmorei | 4414_1105C	Cetraspora gilmorei	main		assigned	SH1273387.10FU	99.523	SH1273382.10FU+SH1273387.10FU+SH1273430.10FU	1	SH1273382.10FU+SH1273387.10FU+SH1273430.10FU	SH1273387.10FU:99.52,SH1273444.10FU:97.14,SH1273430.10FU:97.12,SH1273441.10FU:96.67,SH1273382.10FU:96.20
PX215035.1	Cetraspora gilmorei | 4398_831C	Cetraspora gilmorei	main		assigned	SH1273387.10FU	99.523	SH1273382.10FU+SH1273387.10FU+SH1273430.10FU	1	SH1273382.10FU+SH1273387.10FU+SH1273430.10FU	SH1273387.10FU:99.52,SH1273444.10FU:97.14,SH1273430.10FU:97.12,SH1273441.10FU:96.67,SH1273382.10FU:96.20
PX215036.1	Cetraspora gilmorei | 4414_1105C	Cetraspora gilmorei	main		assigned	SH1273387.10FU	99.523	SH1273382.10FU+SH1273387.10FU+SH1273430.10FU	1	SH1273382.10FU+SH1273387.10FU+SH1273430.10FU	SH1273387.10FU:99.52,SH1273444.10FU:96.67,SH1273430.10FU:96.64,SH1273441.10FU:96.19,SH1273382.10FU:95.72
PX215037.1	Cetraspora gilmorei | 4385	Cetraspora gilmorei	main		assigned	SH1273387.10FU	99.523	SH1273382.10FU+SH1273387.10FU+SH1273430.10FU	1	SH1273382.10FU+SH1273387.10FU+SH1273430.10FU	SH1273387.10FU:99.52,SH1273444.10FU:96.67,SH1273430.10FU:96.64,SH1273441.10FU:96.19,SH1273382.10FU:95.72
PX215038.1	Cetraspora gilmorei | 4398_831C	Cetraspora gilmorei	main		assigned	SH1273387.10FU	99.523	SH1273382.10FU+SH1273387.10FU+SH1273430.10FU	1	SH1273382.10FU+SH1273387.10FU+SH1273430.10FU	SH1273387.10FU:99.52,SH1273444.10FU:96.67,SH1273430.10FU:96.64,SH1273441.10FU:96.19,SH1273382.10FU:95.72
PX215039.1	Cetraspora gilmorei | 4419_860D	Cetraspora gilmorei	main		assigned	SH1273387.10FU	99.523	SH1273382.10FU+SH1273387.10FU+SH1273430.10FU	1	SH1273382.10FU+SH1273387.10FU+SH1273430.10FU	SH1273387.10FU:99.52,SH1273444.10FU:96.67,SH1273430.10FU:96.64,SH1273441.10FU:96.19,SH1273382.10FU:95.72
PX215040.1	Cetraspora gilmorei | 4414_1105C	Cetraspora gilmorei	main		unassigned				0	SH1273382.10FU+SH1273387.10FU+SH1273430.10FU	SH1273430.10FU:96.31,SH1273387.10FU:95.28,SH1273408.10FU:94.50,SH1273444.10FU:94.21,SH1273419.10FU:94.12
PX215041.1	Cetraspora gilmorei | 4385	Cetraspora gilmorei	main		unassigned				0	SH1273382.10FU+SH1273387.10FU+SH1273430.10FU	SH1273430.10FU:96.31,SH1273387.10FU:95.28,SH1273408.10FU:94.50,SH1273444.10FU:94.21,SH1273419.10FU:94.12
PX215042.1	Cetraspora gilmorei | 4398_831C	Cetraspora gilmorei	main		unassigned				0	SH1273382.10FU+SH1273387.10FU+SH1273430.10FU	SH1273430.10FU:96.31,SH1273387.10FU:95.28,SH1273408.10FU:94.50,SH1273444.10FU:94.21,SH1273419.10FU:94.12
PX215043.1	Cetraspora gilmorei | 4419_860D	Cetraspora gilmorei	main		unassigned				0	SH1273382.10FU+SH1273387.10FU+SH1273430.10FU	SH1273430.10FU:96.31,SH1273387.10FU:95.28,SH1273408.10FU:94.50,SH1273444.10FU:94.21,SH1273419.10FU:94.12
PX215044.1	Cetraspora gilmorei | 4414_1105C	Cetraspora gilmorei	main		unassigned				0	SH1273382.10FU+SH1273387.10FU+SH1273430.10FU	SH1273430.10FU:96.31,SH1273387.10FU:95.28,SH1273408.10FU:94.50,SH1273444.10FU:94.21,SH1273419.10FU:94.12
PX215045.1	Cetraspora gilmorei | 4414_1105C	Cetraspora gilmorei	main		unassigned				0	SH1273382.10FU+SH1273387.10FU+SH1273430.10FU	SH1273430.10FU:96.80,SH1273387.10FU:95.61,SH1273408.10FU:95.50,SH1273419.10FU:94.90,SH1273444.10FU:94.01
PX215046.1	Cetraspora gilmorei | 4385	Cetraspora gilmorei	main		unassigned				0	SH1273382.10FU+SH1273387.10FU+SH1273430.10FU	SH1273430.10FU:96.80,SH1273387.10FU:95.61,SH1273408.10FU:95.50,SH1273419.10FU:94.90,SH1273444.10FU:94.01
PX215047.1	Cetraspora gilmorei | 4398_831C	Cetraspora gilmorei	main		unassigned				0	SH1273382.10FU+SH1273387.10FU+SH1273430.10FU	SH1273430.10FU:96.80,SH1273387.10FU:95.61,SH1273408.10FU:95.50,SH1273419.10FU:94.90,SH1273444.10FU:94.01
PX215048.1	Cetraspora gilmorei | 4419_860D	Cetraspora gilmorei	main		unassigned				0	SH1273382.10FU+SH1273387.10FU+SH1273430.10FU	SH1273430.10FU:96.80,SH1273387.10FU:95.61,SH1273408.10FU:95.50,SH1273419.10FU:94.90,SH1273444.10FU:94.01
PX215049.1	Cetraspora gilmorei | 4430_2047A	Cetraspora gilmorei	main		unassigned				0	SH1273382.10FU+SH1273387.10FU+SH1273430.10FU	SH1273387.10FU:96.01,SH1273444.10FU:94.85,SH1273441.10FU:94.38,SH1273430.10FU:93.88,SH1273382.10FU:93.47
PX215050.1	Cetraspora gilmorei | 4430_2047A	Cetraspora gilmorei	main		unassigned				0	SH1273382.10FU+SH1273387.10FU+SH1273430.10FU	SH1273387.10FU:98.33,SH1273444.10FU:97.14,SH1273441.10FU:96.67,SH1273430.10FU:96.17,SH1273382.10FU:95.73
PX215051.1	Cetraspora gilmorei | 4436_787A	Cetraspora gilmorei	main		assigned	SH1273387.10FU	99.043	SH1273382.10FU+SH1273387.10FU+SH1273430.10FU	1	SH1273382.10FU+SH1273387.10FU+SH1273430.10FU	SH1273387.10FU:99.04,SH1273444.10FU:97.61,SH1273441.10FU:97.37,SH1273430.10FU:97.36,SH1273382.10FU:95.95
PX215052.1	Cetraspora gilmorei | 4436_787A	Cetraspora gilmorei	main		unassigned				0	SH1273382.10FU+SH1273387.10FU+SH1273430.10FU	SH1273387.10FU:97.37,SH1273444.10FU:97.13,SH1273441.10FU:96.88,SH1273430.10FU:96.39,SH1273431.10FU:94.94
PX215053.1	Cetraspora gilmorei | 4436_787A	Cetraspora gilmorei	main		assigned	SH1273387.10FU	99.76	SH1273382.10FU+SH1273387.10FU+SH1273430.10FU	1	SH1273382.10FU+SH1273387.10FU+SH1273430.10FU	SH1273387.10FU:99.76,SH1273444.10FU:98.80,SH1273441.10FU:96.42,SH1273382.10FU:96.18,SH1273430.10FU:96.16
PX215054.1	Cetraspora gilmorei | CW0008_4007A	Cetraspora gilmorei	main		assigned	SH1273387.10FU	100.0	SH1273382.10FU+SH1273387.10FU+SH1273430.10FU	1	SH1273382.10FU+SH1273387.10FU+SH1273430.10FU	SH1273387.10FU:100.00,SH1273444.10FU:98.56,SH1273441.10FU:96.18,SH1273382.10FU:95.94,SH1273430.10FU:95.92
PX215055.1	Cetraspora gilmorei | 4436_787A	Cetraspora gilmorei	main		assigned	SH1273387.10FU	99.762	SH1273382.10FU+SH1273387.10FU+SH1273430.10FU	1	SH1273382.10FU+SH1273387.10FU+SH1273430.10FU	SH1273387.10FU:99.76,SH1273444.10FU:97.39,SH1273441.10FU:96.67,SH1273430.10FU:95.92,SH1273382.10FU:95.26
PX215056.1	Cetraspora gilmorei | CW0008_4007A	Cetraspora gilmorei	main		assigned	SH1273387.10FU	100.0	SH1273382.10FU+SH1273387.10FU+SH1273430.10FU	1	SH1273382.10FU+SH1273387.10FU+SH1273430.10FU	SH1273387.10FU:100.00,SH1273444.10FU:97.38,SH1273441.10FU:96.90,SH1273430.10FU:96.15,SH1273382.10FU:95.01
PX215057.1	Cetraspora gilmorei | CW0008_4007A	Cetraspora gilmorei	main		assigned	SH1273387.10FU	100.0	SH1273382.10FU+SH1273387.10FU+SH1273430.10FU	1	SH1273382.10FU+SH1273387.10FU+SH1273430.10FU	SH1273387.10FU:100.00,SH1273444.10FU:97.62,SH1273441.10FU:97.14,SH1273430.10FU:96.39,SH1273382.10FU:95.25
PX215058.1	Cetraspora gilmorei | CW0008_4007A	Cetraspora gilmorei	main		assigned	SH1273387.10FU	100.0	SH1273382.10FU+SH1273387.10FU+SH1273430.10FU	1	SH1273382.10FU+SH1273387.10FU+SH1273430.10FU	SH1273387.10FU:100.00,SH1273444.10FU:97.38,SH1273441.10FU:96.90,SH1273430.10FU:96.15,SH1273382.10FU:95.01
PX215059.1	Cetraspora gilmorei | 4397_453A	Cetraspora gilmorei	main		assigned	SH1273382.10FU	99.759	SH1273382.10FU+SH1273387.10FU+SH1273430.10FU	1	SH1273382.10FU+SH1273387.10FU+SH1273430.10FU	SH1273382.10FU:99.76,SH1273387.10FU:96.42,SH1273444.10FU:95.71,SH1273430.10FU:95.64,SH1273441.10FU:95.24
PX215060.1	Cetraspora gilmorei | 4414_1105C	Cetraspora gilmorei	main		assigned	SH1273382.10FU	99.759	SH1273382.10FU+SH1273387.10FU+SH1273430.10FU	1	SH1273382.10FU+SH1273387.10FU+SH1273430.10FU	SH1273382.10FU:99.76,SH1273387.10FU:96.42,SH1273444.10FU:95.71,SH1273430.10FU:95.64,SH1273441.10FU:95.24
PX215061.1	Cetraspora gilmorei | 4385	Cetraspora gilmorei	main		assigned	SH1273382.10FU	99.759	SH1273382.10FU+SH1273387.10FU+SH1273430.10FU	1	SH1273382.10FU+SH1273387.10FU+SH1273430.10FU	SH1273382.10FU:99.76,SH1273387.10FU:96.42,SH1273444.10FU:95.71,SH1273430.10FU:95.64,SH1273441.10FU:95.24
PX215062.1	Cetraspora gilmorei | 4398_831C	Cetraspora gilmorei	main		assigned	SH1273382.10FU	99.759	SH1273382.10FU+SH1273387.10FU+SH1273430.10FU	1	SH1273382.10FU+SH1273387.10FU+SH1273430.10FU	SH1273382.10FU:99.76,SH1273387.10FU:96.42,SH1273444.10FU:95.71,SH1273430.10FU:95.64,SH1273441.10FU:95.24
PX215063.1	Cetraspora gilmorei | 4419_860D	Cetraspora gilmorei	main		assigned	SH1273382.10FU	99.759	SH1273382.10FU+SH1273387.10FU+SH1273430.10FU	1	SH1273382.10FU+SH1273387.10FU+SH1273430.10FU	SH1273382.10FU:99.76,SH1273387.10FU:96.42,SH1273444.10FU:95.71,SH1273430.10FU:95.64,SH1273441.10FU:95.24
PX215064.1	Cetraspora gilmorei | 4419_860D	Cetraspora gilmorei	main		assigned	SH1273382.10FU	99.277	SH1273382.10FU+SH1273387.10FU+SH1273430.10FU	1	SH1273382.10FU+SH1273387.10FU+SH1273430.10FU	SH1273382.10FU:99.28,SH1273387.10FU:96.66,SH1273444.10FU:95.95,SH1273430.10FU:95.88,SH1273441.10FU:95.48
PX215065.1	Cetraspora gilmorei | 4414_1105C	Cetraspora gilmorei	main		unassigned				0	SH1273382.10FU+SH1273387.10FU+SH1273430.10FU	SH1273387.10FU:97.02,SH1273430.10FU:96.78,SH1273419.10FU:96.66,SH1273441.10FU:95.58,SH1273408.10FU:95.21
PX215066.1	Cetraspora gilmorei | 4385	Cetraspora gilmorei	main		unassigned				0	SH1273382.10FU+SH1273387.10FU+SH1273430.10FU	SH1273387.10FU:97.02,SH1273430.10FU:96.78,SH1273419.10FU:96.66,SH1273441.10FU:95.58,SH1273408.10FU:95.21
PX215067.1	Cetraspora gilmorei | 4419_860D	Cetraspora gilmorei	main		unassigned				0	SH1273382.10FU+SH1273387.10FU+SH1273430.10FU	SH1273387.10FU:97.02,SH1273430.10FU:96.78,SH1273419.10FU:96.66,SH1273441.10FU:95.58,SH1273408.10FU:95.21
PX215068.1	Cetraspora gilmorei | 4436_787A	Cetraspora gilmorei	main		assigned	SH1273387.10FU	100.0	SH1273382.10FU+SH1273387.10FU+SH1273430.10FU	1	SH1273382.10FU+SH1273387.10FU+SH1273430.10FU	SH1273387.10FU:100.00,SH1273444.10FU:97.61,SH1273441.10FU:97.13,SH1273430.10FU:96.15,SH1273419.10FU:94.98
PX215069.1	Cetraspora gilmorei | 4414_1105C	Cetraspora gilmorei	main		assigned	SH1273430.10FU	99.512	SH1273382.10FU+SH1273387.10FU+SH1273430.10FU	1	SH1273382.10FU+SH1273387.10FU+SH1273430.10FU	SH1273430.10FU:99.51,SH1273387.10FU:97.32,SH1273444.10FU:96.38,SH1273441.10FU:96.36,SH1273419.10FU:95.41
PX215070.1	Cetraspora gilmorei | 4385	Cetraspora gilmorei	main		assigned	SH1273430.10FU	99.512	SH1273382.10FU+SH1273387.10FU+SH1273430.10FU	1	SH1273382.10FU+SH1273387.10FU+SH1273430.10FU	SH1273430.10FU:99.51,SH1273387.10FU:97.32,SH1273444.10FU:96.38,SH1273441.10FU:96.36,SH1273419.10FU:95.41
PX215071.1	Cetraspora gilmorei | 4398_831C	Cetraspora gilmorei	main		assigned	SH1273430.10FU	99.512	SH1273382.10FU+SH1273387.10FU+SH1273430.10FU	1	SH1273382.10FU+SH1273387.10FU+SH1273430.10FU	SH1273430.10FU:99.51,SH1273387.10FU:97.32,SH1273444.10FU:96.38,SH1273441.10FU:96.36,SH1273419.10FU:95.41
PX215072.1	Cetraspora gilmorei | 4419_860D	Cetraspora gilmorei	main		assigned	SH1273430.10FU	99.512	SH1273382.10FU+SH1273387.10FU+SH1273430.10FU	1	SH1273382.10FU+SH1273387.10FU+SH1273430.10FU	SH1273430.10FU:99.51,SH1273387.10FU:97.32,SH1273444.10FU:96.38,SH1273441.10FU:96.36,SH1273419.10FU:95.41
PX215073.1	Dentiscutata heterogama | BEG_35_2003A	Dentiscutata heterogama	main		assigned	SH1076790.10FU	98.537	SH1076673.10FU+SH1076740.10FU+SH1076749.10FU+SH1076790.10FU+SH1076811.10FU	1	SH1076673.10FU+SH1076740.10FU+SH1076749.10FU+SH1076790.10FU+SH1076811.10FU	SH1076790.10FU:98.54,SH1076694.10FU:97.32,SH1076851.10FU:97.32,SH1076795.10FU:96.37,SH1076740.10FU:96.36
PX215074.1	Dentiscutata heterogama | BEG_35_2003A	Dentiscutata heterogama	main		assigned	SH1076673.10FU	99.757	SH1076673.10FU+SH1076740.10FU+SH1076749.10FU+SH1076790.10FU+SH1076811.10FU	1	SH1076673.10FU+SH1076740.10FU+SH1076749.10FU+SH1076790.10FU+SH1076811.10FU	SH1076673.10FU:99.76,SH1076740.10FU:98.30,SH1076851.10FU:97.58,SH1076694.10FU:97.32,SH1076796.10FU:96.86
PX215075.1	Dentiscutata heterogama | CL157_2013B	Dentiscutata heterogama	main		assigned	SH1076740.10FU	99.031	SH1076673.10FU+SH1076740.10FU+SH1076749.10FU+SH1076790.10FU+SH1076811.10FU	1	SH1076673.10FU+SH1076740.10FU+SH1076749.10FU+SH1076790.10FU+SH1076811.10FU	SH1076740.10FU:99.03,SH1076795.10FU:98.55,SH1076673.10FU:98.31,SH1076694.10FU:98.31,SH1076851.10FU:98.06
PX215076.1	Dentiscutata heterogama | CL157_2013B	Dentiscutata heterogama	main		assigned	SH1076749.10FU	99.756	SH1076673.10FU+SH1076740.10FU+SH1076749.10FU+SH1076790.10FU+SH1076811.10FU	1	SH1076673.10FU+SH1076740.10FU+SH1076749.10FU+SH1076790.10FU+SH1076811.10FU	SH1076749.10FU:99.76,SH1076879.10FU:98.54,SH1076851.10FU:98.30,SH1076793.10FU:98.07,SH1076771.10FU:97.83
PX215077.1	Dentiscutata heterogama | BEG_35_2003A	Dentiscutata heterogama	main		assigned	SH1076811.10FU	98.533	SH1076673.10FU+SH1076740.10FU+SH1076749.10FU+SH1076790.10FU+SH1076811.10FU	1	SH1076673.10FU+SH1076740.10FU+SH1076749.10FU+SH1076790.10FU+SH1076811.10FU	SH1076811.10FU:98.53,SH1076729.10FU:96.84,SH1076763.10FU:96.83,SH1076694.10FU:96.12,SH1076861.10FU:96.12
PX215078.1	Dentiscutata heterogama | CL157_2013B	Dentiscutata heterogama	main		assigned	SH1076811.10FU	99.017	SH1076673.10FU+SH1076740.10FU+SH1076749.10FU+SH1076790.10FU+SH1076811.10FU	1	SH1076673.10FU+SH1076740.10FU+SH1076749.10FU+SH1076790.10FU+SH1076811.10FU	SH1076811.10FU:99.02,SH1076729.10FU:97.79,SH1076763.10FU:96.82,SH1076851.10FU:96.82,SH1076861.10FU:96.59
PX215079.1	Gigaspora rosea | BEG9_770A	Gigaspora rosea	main		assigned	SH1076683.10FU	100.0	SH1076683.10FU+SH1076860.10FU+SH1076862.10FU+SH1076883.10FU	1	SH1076683.10FU+SH1076860.10FU+SH1076862.10FU+SH1076883.10FU	SH1076683.10FU:100.00,SH1076802.10FU:98.75,SH1076869.10FU:98.50,SH1076722.10FU:98.50,SH1076818.10FU:98.26
PX215080.1	Gigaspora rosea | 194757_703A	Gigaspora rosea	main		assigned	SH1076683.10FU	100.0	SH1076683.10FU+SH1076860.10FU+SH1076862.10FU+SH1076883.10FU	1	SH1076683.10FU+SH1076860.10FU+SH1076862.10FU+SH1076883.10FU	SH1076683.10FU:100.00,SH1076802.10FU:98.75,SH1076869.10FU:98.50,SH1076722.10FU:98.50,SH1076818.10FU:98.26
PX215081.1	Gigaspora rosea | 4511_973A	Gigaspora rosea	main		assigned	SH1076683.10FU	100.0	SH1076683.10FU+SH1076860.10FU+SH1076862.10FU+SH1076883.10FU	1	SH1076683.10FU+SH1076860.10FU+SH1076862.10FU+SH1076883.10FU	SH1076683.10FU:100.00,SH1076802.10FU:98.75,SH1076869.10FU:98.50,SH1076722.10FU:98.50,SH1076818.10FU:98.26
PX215082.1	Gigaspora rosea | CW0011_4010A	Gigaspora rosea	main		assigned	SH1076683.10FU	100.0	SH1076683.10FU+SH1076860.10FU+SH1076862.10FU+SH1076883.10FU	1	SH1076683.10FU+SH1076860.10FU+SH1076862.10FU+SH1076883.10FU	SH1076683.10FU:100.00,SH1076802.10FU:98.75,SH1076869.10FU:98.50,SH1076722.10FU:98.50,SH1076818.10FU:98.26
PX215083.1	Gigaspora rosea | 194757_703A	Gigaspora rosea	main		assigned	SH1076683.10FU	100.0	SH1076683.10FU+SH1076860.10FU+SH1076862.10FU+SH1076883.10FU	1	SH1076683.10FU+SH1076860.10FU+SH1076862.10FU+SH1076883.10FU	SH1076683.10FU:100.00,SH1076802.10FU:98.75,SH1076869.10FU:98.50,SH1076722.10FU:98.50,SH1076818.10FU:98.26
PX215084.1	Gigaspora rosea | BEG9_770A	Gigaspora rosea	main		assigned	SH1076683.10FU	100.0	SH1076683.10FU+SH1076860.10FU+SH1076862.10FU+SH1076883.10FU	1	SH1076683.10FU+SH1076860.10FU+SH1076862.10FU+SH1076883.10FU	SH1076683.10FU:100.00,SH1076779.10FU:98.50,SH1076802.10FU:98.50,SH1076722.10FU:98.50,SH1076818.10FU:98.26
PX215085.1	Gigaspora rosea | 194757_703A	Gigaspora rosea	main		assigned	SH1076683.10FU	100.0	SH1076683.10FU+SH1076860.10FU+SH1076862.10FU+SH1076883.10FU	1	SH1076683.10FU+SH1076860.10FU+SH1076862.10FU+SH1076883.10FU	SH1076683.10FU:100.00,SH1076779.10FU:98.50,SH1076802.10FU:98.50,SH1076722.10FU:98.50,SH1076818.10FU:98.26
PX215086.1	Gigaspora rosea | CW0011_4010A	Gigaspora rosea	main		assigned	SH1076683.10FU	100.0	SH1076683.10FU+SH1076860.10FU+SH1076862.10FU+SH1076883.10FU	1	SH1076683.10FU+SH1076860.10FU+SH1076862.10FU+SH1076883.10FU	SH1076683.10FU:100.00,SH1076779.10FU:98.50,SH1076802.10FU:98.50,SH1076722.10FU:98.50,SH1076818.10FU:98.26
PX215087.1	Gigaspora rosea | 194757_703A	Gigaspora rosea	main		assigned	SH1076683.10FU	100.0	SH1076683.10FU+SH1076860.10FU+SH1076862.10FU+SH1076883.10FU	1	SH1076683.10FU+SH1076860.10FU+SH1076862.10FU+SH1076883.10FU	SH1076683.10FU:100.00,SH1076802.10FU:98.75,SH1076869.10FU:98.50,SH1076722.10FU:98.50,SH1076818.10FU:98.26
PX215088.1	Gigaspora rosea | 194757_703A	Gigaspora rosea	main		assigned	SH1076683.10FU	100.0	SH1076683.10FU+SH1076860.10FU+SH1076862.10FU+SH1076883.10FU	1	SH1076683.10FU+SH1076860.10FU+SH1076862.10FU+SH1076883.10FU	SH1076683.10FU:100.00,SH1076802.10FU:98.75,SH1076869.10FU:98.50,SH1076722.10FU:98.50,SH1076818.10FU:98.26
PX215089.1	Gigaspora rosea | CU131_1018C	Gigaspora rosea	main		assigned	SH1076835.10FU	99.75	SH1076674.10FU+SH1076770.10FU+SH1076806.10FU+SH1076835.10FU	1	SH1076674.10FU+SH1076770.10FU+SH1076806.10FU+SH1076835.10FU	SH1076835.10FU:99.75,SH1076722.10FU:99.50,SH1076683.10FU:98.50,SH1076818.10FU:98.01,SH1076707.10FU:98.00
PX215090.1	Gigaspora rosea | BEG9_770A	Gigaspora rosea	main		assigned	SH1076862.10FU	100.0	SH1076683.10FU+SH1076860.10FU+SH1076862.10FU+SH1076883.10FU	1	SH1076683.10FU+SH1076860.10FU+SH1076862.10FU+SH1076883.10FU	SH1076862.10FU:100.00,SH1076836.10FU:98.28,SH1076895.10FU:97.78,SH1076677.10FU:97.78,SH1076871.10FU:97.56
PX215091.1	Gigaspora rosea | 194757_703A	Gigaspora rosea	main		assigned	SH1076862.10FU	100.0	SH1076683.10FU+SH1076860.10FU+SH1076862.10FU+SH1076883.10FU	1	SH1076683.10FU+SH1076860.10FU+SH1076862.10FU+SH1076883.10FU	SH1076862.10FU:100.00,SH1076836.10FU:98.28,SH1076895.10FU:97.78,SH1076677.10FU:97.78,SH1076871.10FU:97.56
PX215092.1	Gigaspora rosea | 4511_973A	Gigaspora rosea	main		assigned	SH1076862.10FU	100.0	SH1076683.10FU+SH1076860.10FU+SH1076862.10FU+SH1076883.10FU	1	SH1076683.10FU+SH1076860.10FU+SH1076862.10FU+SH1076883.10FU	SH1076862.10FU:100.00,SH1076836.10FU:98.28,SH1076895.10FU:97.78,SH1076677.10FU:97.78,SH1076871.10FU:97.56
PX215093.1	Gigaspora rosea | 194757_703A	Gigaspora rosea	main		assigned	SH1076862.10FU	100.0	SH1076683.10FU+SH1076860.10FU+SH1076862.10FU+SH1076883.10FU	1	SH1076683.10FU+SH1076860.10FU+SH1076862.10FU+SH1076883.10FU	SH1076862.10FU:100.00,SH1076836.10FU:98.28,SH1076895.10FU:97.78,SH1076677.10FU:97.78,SH1076871.10FU:97.56
PX215094.1	Gigaspora rosea | 4511_973A	Gigaspora rosea	main		assigned	SH1076862.10FU	100.0	SH1076683.10FU+SH1076860.10FU+SH1076862.10FU+SH1076883.10FU	1	SH1076683.10FU+SH1076860.10FU+SH1076862.10FU+SH1076883.10FU	SH1076862.10FU:100.00,SH1076836.10FU:98.28,SH1076895.10FU:97.78,SH1076677.10FU:97.78,SH1076871.10FU:97.56
PX215095.1	Gigaspora rosea | CW0011_4010A	Gigaspora rosea	main		assigned	SH1076862.10FU	100.0	SH1076683.10FU+SH1076860.10FU+SH1076862.10FU+SH1076883.10FU	1	SH1076683.10FU+SH1076860.10FU+SH1076862.10FU+SH1076883.10FU	SH1076862.10FU:100.00,SH1076836.10FU:98.28,SH1076895.10FU:97.78,SH1076677.10FU:97.78,SH1076871.10FU:97.56
PX215096.1	Gigaspora rosea | woodslee_203A	Gigaspora rosea	main		assigned	SH1076834.10FU	99.504	SH1076665.10FU+SH1076778.10FU+SH1076834.10FU+SH1076850.10FU	1	SH1076665.10FU+SH1076778.10FU+SH1076834.10FU+SH1076850.10FU	SH1076834.10FU:99.50,SH1076867.10FU:99.01,SH1076792.10FU:98.52,SH1076862.10FU:97.77,SH1076675.10FU:97.77
PX215097.1	Gigaspora rosea | woodslee_203A	Gigaspora rosea	main		assigned	SH1076834.10FU	99.504	SH1076665.10FU+SH1076778.10FU+SH1076834.10FU+SH1076850.10FU	1	SH1076665.10FU+SH1076778.10FU+SH1076834.10FU+SH1076850.10FU	SH1076834.10FU:99.50,SH1076867.10FU:99.01,SH1076792.10FU:98.52,SH1076862.10FU:97.77,SH1076675.10FU:97.77
PX215098.1	Gigaspora rosea | woodslee_203A	Gigaspora rosea	main		assigned	SH1076778.10FU	99.51	SH1076665.10FU+SH1076778.10FU+SH1076834.10FU+SH1076850.10FU	1	SH1076665.10FU+SH1076778.10FU+SH1076834.10FU+SH1076850.10FU	SH1076778.10FU:99.51,SH1076665.10FU:99.02,SH1076864.10FU:98.78,SH1076758.10FU:98.13,SH1076797.10FU:97.07
PX215099.1	Gigaspora rosea | woodslee_203A	Gigaspora rosea	main		assigned	SH1076778.10FU	99.51	SH1076665.10FU+SH1076778.10FU+SH1076834.10FU+SH1076850.10FU	1	SH1076665.10FU+SH1076778.10FU+SH1076834.10FU+SH1076850.10FU	SH1076778.10FU:99.51,SH1076665.10FU:99.02,SH1076864.10FU:98.78,SH1076758.10FU:98.13,SH1076797.10FU:97.07
PX215100.1	Gigaspora rosea | woodslee_203A	Gigaspora rosea	main		assigned	SH1076665.10FU	98.529	SH1076665.10FU+SH1076778.10FU+SH1076834.10FU+SH1076850.10FU	1	SH1076665.10FU+SH1076778.10FU+SH1076834.10FU+SH1076850.10FU	SH1076665.10FU:98.53,SH1076778.10FU:98.04,SH1076864.10FU:97.79,SH1076797.10FU:97.54,SH1076758.10FU:96.89
PX215101.1	Gigaspora rosea | 4752_496A	Gigaspora rosea	main		assigned	SH1076762.10FU	99.754	SH1076762.10FU	1	SH1076709.10FU,SH1076712.10FU,SH1076762.10FU	SH1076762.10FU:99.75,SH1076677.10FU:97.04,SH1076862.10FU:96.56,SH1076824.10FU:96.56,SH1076726.10FU:96.55
PX215102.1	Gigaspora rosea | 4752_496A	Gigaspora rosea	main		assigned	SH1076712.10FU	99.756	SH1076712.10FU	1	SH1076709.10FU,SH1076712.10FU,SH1076762.10FU	SH1076712.10FU:99.76,SH1076677.10FU:97.31,SH1076862.10FU:96.58,SH1076824.10FU:96.58,SH1076797.10FU:96.58
PX215103.1	Gigaspora rosea | CU131_1018C	Gigaspora rosea	main		assigned	SH1076806.10FU	99.515	SH1076674.10FU+SH1076770.10FU+SH1076806.10FU+SH1076835.10FU	1	SH1076674.10FU+SH1076770.10FU+SH1076806.10FU+SH1076835.10FU	SH1076806.10FU:99.52,SH1076871.10FU:98.79,SH1076804.10FU:97.57,SH1076862.10FU:97.57,SH1076836.10FU:96.85
PX215104.1	Gigaspora rosea | 4752_496A	Gigaspora rosea	main		unassigned				0	SH1076709.10FU,SH1076712.10FU,SH1076762.10FU	SH1076807.10FU:97.04,SH1076862.10FU:96.84,SH1076806.10FU:96.39,SH1076871.10FU:96.14,SH1076867.10FU:96.14
PX215105.1	Gigaspora rosea | 4752_496A	Gigaspora rosea	main		unassigned				0	SH1076709.10FU,SH1076712.10FU,SH1076762.10FU	SH1076677.10FU:96.84,SH1076807.10FU:96.77,SH1076712.10FU:96.37,SH1076862.10FU:96.35,SH1076726.10FU:96.11
PX215106.1	Gigaspora rosea | BEG9_770A	Gigaspora rosea	main		assigned	SH1076883.10FU	99.749	SH1076683.10FU+SH1076860.10FU+SH1076862.10FU+SH1076883.10FU	1	SH1076683.10FU+SH1076860.10FU+SH1076862.10FU+SH1076883.10FU	SH1076883.10FU:99.75,SH1076862.10FU:95.81,SH1076829.10FU:95.76,SH1076676.10FU:95.72,SH1076824.10FU:95.56
PX215107.1	Gigaspora rosea | 4511_973A	Gigaspora rosea	main		assigned	SH1076883.10FU	99.749	SH1076683.10FU+SH1076860.10FU+SH1076862.10FU+SH1076883.10FU	1	SH1076683.10FU+SH1076860.10FU+SH1076862.10FU+SH1076883.10FU	SH1076883.10FU:99.75,SH1076862.10FU:95.81,SH1076829.10FU:95.76,SH1076676.10FU:95.72,SH1076824.10FU:95.56
PX215108.1	Gigaspora rosea | woodslee_203A	Gigaspora rosea	main		assigned	SH1076850.10FU	99.256	SH1076665.10FU+SH1076778.10FU+SH1076834.10FU+SH1076850.10FU	1	SH1076665.10FU+SH1076778.10FU+SH1076834.10FU+SH1076850.10FU	SH1076850.10FU:99.26,SH1076675.10FU:97.76,SH1076677.10FU:97.28,SH1076867.10FU:97.28,SH1076862.10FU:97.04
PX215109.1	Gigaspora rosea | BEG9_770A	Gigaspora rosea	main		assigned	SH1076860.10FU	100.0	SH1076683.10FU+SH1076860.10FU+SH1076862.10FU+SH1076883.10FU	1	SH1076683.10FU+SH1076860.10FU+SH1076862.10FU+SH1076883.10FU	SH1076860.10FU:100.00,SH1076779.10FU:98.50,SH1076755.10FU:98.49,SH1076736.10FU:98.48,SH1076802.10FU:98.48
PX215110.1	Gigaspora rosea | 194757_703A	Gigaspora rosea	main		assigned	SH1076860.10FU	100.0	SH1076683.10FU+SH1076860.10FU+SH1076862.10FU+SH1076883.10FU	1	SH1076683.10FU+SH1076860.10FU+SH1076862.10FU+SH1076883.10FU	SH1076860.10FU:100.00,SH1076779.10FU:98.50,SH1076755.10FU:98.49,SH1076736.10FU:98.48,SH1076802.10FU:98.48
PX215111.1	Gigaspora rosea | 194757_703A	Gigaspora rosea	main		assigned	SH1076860.10FU	100.0	SH1076683.10FU+SH1076860.10FU+SH1076862.10FU+SH1076883.10FU	1	SH1076683.10FU+SH1076860.10FU+SH1076862.10FU+SH1076883.10FU	SH1076860.10FU:100.00,SH1076779.10FU:98.50,SH1076755.10FU:98.49,SH1076736.10FU:98.48,SH1076802.10FU:98.48
PX215112.1	Gigaspora rosea | 4511_973A	Gigaspora rosea	main		assigned	SH1076860.10FU	100.0	SH1076683.10FU+SH1076860.10FU+SH1076862.10FU+SH1076883.10FU	1	SH1076683.10FU+SH1076860.10FU+SH1076862.10FU+SH1076883.10FU	SH1076860.10FU:100.00,SH1076779.10FU:98.50,SH1076755.10FU:98.49,SH1076736.10FU:98.48,SH1076802.10FU:98.48
PX215113.1	Gigaspora rosea | CW0011_4010A	Gigaspora rosea	main		assigned	SH1076860.10FU	100.0	SH1076683.10FU+SH1076860.10FU+SH1076862.10FU+SH1076883.10FU	1	SH1076683.10FU+SH1076860.10FU+SH1076862.10FU+SH1076883.10FU	SH1076860.10FU:100.00,SH1076779.10FU:98.50,SH1076755.10FU:98.49,SH1076736.10FU:98.48,SH1076802.10FU:98.48
PX215114.1	Gigaspora rosea | CW0011_4010A	Gigaspora rosea	main		assigned	SH1076860.10FU	100.0	SH1076683.10FU+SH1076860.10FU+SH1076862.10FU+SH1076883.10FU	1	SH1076683.10FU+SH1076860.10FU+SH1076862.10FU+SH1076883.10FU	SH1076860.10FU:100.00,SH1076779.10FU:98.50,SH1076755.10FU:98.49,SH1076736.10FU:98.48,SH1076802.10FU:98.48
PX215115.1	Gigaspora rosea | 4752_496A	Gigaspora rosea	main		assigned	SH1076709.10FU	98.765	SH1076709.10FU	1	SH1076709.10FU,SH1076712.10FU,SH1076762.10FU	SH1076709.10FU:98.77,SH1076693.10FU:94.19,SH1076847.10FU:93.89,SH1076697.10FU:93.87,SH1076655.10FU:93.56
PX215116.1	Gigaspora rosea | 4752_496A	Gigaspora rosea	main		assigned	SH1076709.10FU	98.765	SH1076709.10FU	1	SH1076709.10FU,SH1076712.10FU,SH1076762.10FU	SH1076709.10FU:98.77,SH1076693.10FU:94.19,SH1076847.10FU:93.89,SH1076697.10FU:93.87,SH1076655.10FU:93.56
PX215118.1	Ambispora callosa | JA116_2012B	Ambispora callosa	main		assigned	SH1196100.10FU	99.414	SH1196066.10FU+SH1196070.10FU+SH1196075.10FU+SH1196083.10FU+SH1196096.10FU+SH1196100.10FU+SH1196113.10FU+SH1196117.10FU	1	SH1196066.10FU+SH1196070.10FU+SH1196075.10FU+SH1196083.10FU+SH1196096.10FU+SH1196100.10FU+SH1196113.10FU+SH1196117.10FU	SH1196100.10FU:99.41,SH1196085.10FU:98.43,SH1196090.10FU:98.24,SH1196064.10FU:97.66,SH1196101.10FU:97.66
PX215119.1	Ambispora callosa | MAFF520084_2504A	Ambispora callosa	main		assigned	SH1196100.10FU	99.414	SH1196066.10FU+SH1196070.10FU+SH1196075.10FU+SH1196083.10FU+SH1196096.10FU+SH1196100.10FU+SH1196113.10FU+SH1196117.10FU	1	SH1196066.10FU+SH1196070.10FU+SH1196075.10FU+SH1196083.10FU+SH1196096.10FU+SH1196100.10FU+SH1196113.10FU+SH1196117.10FU	SH1196100.10FU:99.41,SH1196085.10FU:98.43,SH1196090.10FU:98.24,SH1196064.10FU:97.66,SH1196101.10FU:97.66
PX215120.1	Ambispora callosa | MAFF520084_2504A	Ambispora callosa	main		assigned	SH1196100.10FU	99.414	SH1196066.10FU+SH1196070.10FU+SH1196075.10FU+SH1196083.10FU+SH1196096.10FU+SH1196100.10FU+SH1196113.10FU+SH1196117.10FU	1	SH1196066.10FU+SH1196070.10FU+SH1196075.10FU+SH1196083.10FU+SH1196096.10FU+SH1196100.10FU+SH1196113.10FU+SH1196117.10FU	SH1196100.10FU:99.41,SH1196085.10FU:98.43,SH1196090.10FU:98.24,SH1196064.10FU:97.66,SH1196101.10FU:97.66
PX215121.1	Ambispora callosa | MAFF520084_2504A	Ambispora callosa	main		assigned	SH1196100.10FU	99.414	SH1196066.10FU+SH1196070.10FU+SH1196075.10FU+SH1196083.10FU+SH1196096.10FU+SH1196100.10FU+SH1196113.10FU+SH1196117.10FU	1	SH1196066.10FU+SH1196070.10FU+SH1196075.10FU+SH1196083.10FU+SH1196096.10FU+SH1196100.10FU+SH1196113.10FU+SH1196117.10FU	SH1196100.10FU:99.41,SH1196085.10FU:98.43,SH1196090.10FU:98.24,SH1196064.10FU:97.66,SH1196101.10FU:97.66
PX215122.1	Ambispora callosa | JA116_2012B	Ambispora callosa	main		assigned	SH1196100.10FU	100.0	SH1196066.10FU+SH1196070.10FU+SH1196075.10FU+SH1196083.10FU+SH1196096.10FU+SH1196100.10FU+SH1196113.10FU+SH1196117.10FU	1	SH1196066.10FU+SH1196070.10FU+SH1196075.10FU+SH1196083.10FU+SH1196096.10FU+SH1196100.10FU+SH1196113.10FU+SH1196117.10FU	SH1196100.10FU:100.00,SH1196085.10FU:98.23,SH1196064.10FU:98.23,SH1196101.10FU:98.23,SH1196090.10FU:97.65
PX215123.1	Ambispora callosa | MAFF520084_2504A	Ambispora callosa	main		assigned	SH1196100.10FU	100.0	SH1196066.10FU+SH1196070.10FU+SH1196075.10FU+SH1196083.10FU+SH1196096.10FU+SH1196100.10FU+SH1196113.10FU+SH1196117.10FU	1	SH1196066.10FU+SH1196070.10FU+SH1196075.10FU+SH1196083.10FU+SH1196096.10FU+SH1196100.10FU+SH1196113.10FU+SH1196117.10FU	SH1196100.10FU:100.00,SH1196085.10FU:98.23,SH1196064.10FU:98.23,SH1196101.10FU:98.23,SH1196090.10FU:97.65
PX215124.1	Ambispora callosa | MAFF520057_2499A	Ambispora callosa	main		assigned	SH1196100.10FU	100.0	SH1196066.10FU+SH1196070.10FU+SH1196075.10FU+SH1196083.10FU+SH1196096.10FU+SH1196100.10FU+SH1196113.10FU+SH1196117.10FU	1	SH1196066.10FU+SH1196070.10FU+SH1196075.10FU+SH1196083.10FU+SH1196096.10FU+SH1196100.10FU+SH1196113.10FU+SH1196117.10FU	SH1196100.10FU:100.00,SH1196085.10FU:98.23,SH1196064.10FU:98.23,SH1196101.10FU:98.23,SH1196090.10FU:97.65
PX215125.1	Ambispora callosa | MAFF520084_2504A	Ambispora callosa	main		assigned	SH1196100.10FU	98.828	SH1196066.10FU+SH1196070.10FU+SH1196075.10FU+SH1196083.10FU+SH1196096.10FU+SH1196100.10FU+SH1196113.10FU+SH1196117.10FU	1	SH1196066.10FU+SH1196070.10FU+SH1196075.10FU+SH1196083.10FU+SH1196096.10FU+SH1196100.10FU+SH1196113.10FU+SH1196117.10FU	SH1196100.10FU:98.83,SH1196117.10FU:97.84,SH1196085.10FU:97.84,SH1196075.10FU:97.84,SH1196090.10FU:97.65
PX215126.1	Ambispora callosa | JA116_2012B	Ambispora callosa	main		assigned	SH1196100.10FU	100.0	SH1196066.10FU+SH1196070.10FU+SH1196075.10FU+SH1196083.10FU+SH1196096.10FU+SH1196100.10FU+SH1196113.10FU+SH1196117.10FU	1	SH1196066.10FU+SH1196070.10FU+SH1196075.10FU+SH1196083.10FU+SH1196096.10FU+SH1196100.10FU+SH1196113.10FU+SH1196117.10FU	SH1196100.10FU:100.00,SH1196085.10FU:98.43,SH1196090.10FU:98.24,SH1196064.10FU:97.66,SH1196070.10FU:97.65
PX215127.1	Ambispora callosa | MAFF520084_2504A	Ambispora callosa	main		assigned	SH1196100.10FU	99.414	SH1196066.10FU+SH1196070.10FU+SH1196075.10FU+SH1196083.10FU+SH1196096.10FU+SH1196100.10FU+SH1196113.10FU+SH1196117.10FU	1	SH1196066.10FU+SH1196070.10FU+SH1196075.10FU+SH1196083.10FU+SH1196096.10FU+SH1196100.10FU+SH1196113.10FU+SH1196117.10FU	SH1196100.10FU:99.41,SH1196085.10FU:98.43,SH1196090.10FU:98.24,SH1196064.10FU:97.66,SH1196101.10FU:97.66
PX215128.1	Ambispora callosa | MAFF520084_2504A	Ambispora callosa	main		assigned	SH1196100.10FU	99.414	SH1196066.10FU+SH1196070.10FU+SH1196075.10FU+SH1196083.10FU+SH1196096.10FU+SH1196100.10FU+SH1196113.10FU+SH1196117.10FU	1	SH1196066.10FU+SH1196070.10FU+SH1196075.10FU+SH1196083.10FU+SH1196096.10FU+SH1196100.10FU+SH1196113.10FU+SH1196117.10FU	SH1196100.10FU:99.41,SH1196085.10FU:98.43,SH1196090.10FU:98.24,SH1196064.10FU:97.66,SH1196101.10FU:97.66
PX215129.1	Ambispora callosa | MAFF520084_2504A	Ambispora callosa	main		assigned	SH1196066.10FU	98.828	SH1196066.10FU+SH1196070.10FU+SH1196075.10FU+SH1196083.10FU+SH1196096.10FU+SH1196100.10FU+SH1196113.10FU+SH1196117.10FU	1	SH1196066.10FU+SH1196070.10FU+SH1196075.10FU+SH1196083.10FU+SH1196096.10FU+SH1196100.10FU+SH1196113.10FU+SH1196117.10FU	SH1196066.10FU:98.83,SH1196117.10FU:98.43,SH1196100.10FU:97.47,SH1196070.10FU:97.45,SH1196075.10FU:97.45
PX215130.1	Ambispora callosa | JA116_2012B	Ambispora callosa	main		assigned	SH1196117.10FU	100.0	SH1196066.10FU+SH1196070.10FU+SH1196075.10FU+SH1196083.10FU+SH1196096.10FU+SH1196100.10FU+SH1196113.10FU+SH1196117.10FU	1	SH1196066.10FU+SH1196070.10FU+SH1196075.10FU+SH1196083.10FU+SH1196096.10FU+SH1196100.10FU+SH1196113.10FU+SH1196117.10FU	SH1196117.10FU:100.00,SH1196101.10FU:97.83,SH1196092.10FU:97.82,SH1196066.10FU:97.27,SH1196085.10FU:97.24
PX215131.1	Ambispora callosa | MAFF520084_2504A	Ambispora callosa	main		assigned	SH1196117.10FU	100.0	SH1196066.10FU+SH1196070.10FU+SH1196075.10FU+SH1196083.10FU+SH1196096.10FU+SH1196100.10FU+SH1196113.10FU+SH1196117.10FU	1	SH1196066.10FU+SH1196070.10FU+SH1196075.10FU+SH1196083.10FU+SH1196096.10FU+SH1196100.10FU+SH1196113.10FU+SH1196117.10FU	SH1196117.10FU:100.00,SH1196101.10FU:97.83,SH1196092.10FU:97.82,SH1196066.10FU:97.27,SH1196085.10FU:97.24
PX215132.1	Ambispora callosa | JA116_2012B	Ambispora callosa	main		assigned	SH1196070.10FU	99.202	SH1196066.10FU+SH1196070.10FU+SH1196075.10FU+SH1196083.10FU+SH1196096.10FU+SH1196100.10FU+SH1196113.10FU+SH1196117.10FU	1	SH1196066.10FU+SH1196070.10FU+SH1196075.10FU+SH1196083.10FU+SH1196096.10FU+SH1196100.10FU+SH1196113.10FU+SH1196117.10FU	SH1196070.10FU:99.20,SH1196076.10FU:98.80,SH1196083.10FU:98.80,SH1196085.10FU:98.21,SH1196103.10FU:97.63
PX215133.1	Ambispora callosa | MAFF520057_2499A	Ambispora callosa	main		assigned	SH1196083.10FU	100.0	SH1196066.10FU+SH1196070.10FU+SH1196075.10FU+SH1196083.10FU+SH1196096.10FU+SH1196100.10FU+SH1196113.10FU+SH1196117.10FU	1	SH1196066.10FU+SH1196070.10FU+SH1196075.10FU+SH1196083.10FU+SH1196096.10FU+SH1196100.10FU+SH1196113.10FU+SH1196117.10FU	SH1196083.10FU:100.00,SH1196070.10FU:98.80,SH1196095.10FU:98.20,SH1196076.10FU:98.00,SH1196085.10FU:97.81
PX215134.1	Ambispora callosa | MAFF520057_2499A	Ambispora callosa	main		assigned	SH1196070.10FU	100.0	SH1196066.10FU+SH1196070.10FU+SH1196075.10FU+SH1196083.10FU+SH1196096.10FU+SH1196100.10FU+SH1196113.10FU+SH1196117.10FU	1	SH1196066.10FU+SH1196070.10FU+SH1196075.10FU+SH1196083.10FU+SH1196096.10FU+SH1196100.10FU+SH1196113.10FU+SH1196117.10FU	SH1196070.10FU:100.00,SH1196085.10FU:98.41,SH1196100.10FU:97.63,SH1196075.10FU:97.62,SH1196083.10FU:97.61
PX215135.1	Ambispora callosa | MAFF520057_2499A	Ambispora callosa	main		assigned	SH1196075.10FU	99.406	SH1196066.10FU+SH1196070.10FU+SH1196075.10FU+SH1196083.10FU+SH1196096.10FU+SH1196100.10FU+SH1196113.10FU+SH1196117.10FU	1	SH1196066.10FU+SH1196070.10FU+SH1196075.10FU+SH1196083.10FU+SH1196096.10FU+SH1196100.10FU+SH1196113.10FU+SH1196117.10FU	SH1196075.10FU:99.41,SH1196090.10FU:98.82,SH1196070.10FU:98.02,SH1196085.10FU:97.83,SH1196100.10FU:97.83
PX215136.1	Ambispora callosa | JA116_2012B	Ambispora callosa	main		assigned	SH1196113.10FU	99.02	SH1196066.10FU+SH1196070.10FU+SH1196075.10FU+SH1196083.10FU+SH1196096.10FU+SH1196100.10FU+SH1196113.10FU+SH1196117.10FU	1	SH1196066.10FU+SH1196070.10FU+SH1196075.10FU+SH1196083.10FU+SH1196096.10FU+SH1196100.10FU+SH1196113.10FU+SH1196117.10FU	SH1196113.10FU:99.02,SH1196096.10FU:97.45,SH1196073.10FU:96.09,SH1196103.10FU:95.90,SH1196069.10FU:95.88
PX215137.1	Ambispora callosa | JA116_2012B	Ambispora callosa	main		assigned	SH1196096.10FU	100.0	SH1196066.10FU+SH1196070.10FU+SH1196075.10FU+SH1196083.10FU+SH1196096.10FU+SH1196100.10FU+SH1196113.10FU+SH1196117.10FU	1	SH1196066.10FU+SH1196070.10FU+SH1196075.10FU+SH1196083.10FU+SH1196096.10FU+SH1196100.10FU+SH1196113.10FU+SH1196117.10FU	SH1196096.10FU:100.00,SH1196113.10FU:97.26,SH1196085.10FU:97.06,SH1196073.10FU:96.68,SH1196090.10FU:95.90
PX215138.1	Ambispora leptoticha | MAFF520090_2501A	Ambispora leptoticha	main		assigned	SH1196065.10FU	98.805	SH1196065.10FU	1	SH1196065.10FU	SH1196065.10FU:98.81,SH1196071.10FU:98.61,SH1196077.10FU:98.21,SH1196062.10FU:97.21,SH1196112.10FU:97.02
PX215139.1	Ambispora leptoticha | ON205A	Ambispora leptoticha	main		unassigned				0		SH1196089.10FU:97.42,SH1196112.10FU:97.02,SH1196087.10FU:96.82,SH1196062.10FU:96.81,SH1196107.10FU:96.46
PX215140.1	Ambispora leptoticha | ON205A	Ambispora leptoticha	main		unassigned				0		SH1196089.10FU:97.42,SH1196087.10FU:96.82,SH1196112.10FU:96.62,SH1196107.10FU:96.46,SH1196071.10FU:96.43
PX215141.1	Ambispora leptoticha | ON205A	Ambispora leptoticha	main		unassigned				0		SH1196112.10FU:97.21,SH1196087.10FU:97.21,SH1196062.10FU:97.20,SH1196065.10FU:96.81,SH1196099.10FU:96.62
PX215142.1	Paraglomus brasilianum | W960_3_902A	Paraglomus brasilianum	main		assigned	SH1358107.10FU	100.0	SH1358107.10FU	1	SH1358107.10FU	SH1358107.10FU:100.00,SH1358122.10FU:98.56,SH1358132.10FU:97.75,SH1358114.10FU:97.54,SH1358104.10FU:97.53
PX215143.1	Paraglomus brasilianum | W960_3_902C	Paraglomus brasilianum	main		assigned	SH1358107.10FU	100.0	SH1358107.10FU	1	SH1358107.10FU	SH1358107.10FU:100.00,SH1358122.10FU:98.56,SH1358132.10FU:97.75,SH1358114.10FU:97.54,SH1358104.10FU:97.53
PX215144.1	Paraglomus brasilianum | W260_5_933C	Paraglomus brasilianum	main		assigned	SH1358107.10FU	100.0	SH1358107.10FU	1	SH1358107.10FU	SH1358107.10FU:100.00,SH1358122.10FU:98.56,SH1358132.10FU:97.75,SH1358114.10FU:97.54,SH1358104.10FU:97.53
PX215145.1	Paraglomus brasilianum | BR105_2435A	Paraglomus brasilianum	main		assigned	SH1358107.10FU	100.0	SH1358107.10FU	1	SH1358107.10FU	SH1358107.10FU:100.00,SH1358122.10FU:98.56,SH1358132.10FU:97.75,SH1358114.10FU:97.54,SH1358104.10FU:97.53
PX215146.1	Paraglomus brasilianum | W260_5_933C	Paraglomus brasilianum	main		assigned	SH1358107.10FU	99.794	SH1358107.10FU	1	SH1358107.10FU	SH1358107.10FU:99.79,SH1358122.10FU:98.97,SH1358132.10FU:98.15,SH1358114.10FU:97.94,SH1358104.10FU:97.93
PX215147.1	Paraglomus brasilianum | BR105_2435A	Paraglomus brasilianum	main		assigned	SH1358107.10FU	99.794	SH1358107.10FU	1	SH1358107.10FU	SH1358107.10FU:99.79,SH1358122.10FU:98.97,SH1358132.10FU:98.15,SH1358114.10FU:97.94,SH1358104.10FU:97.93
PX215148.1	Paraglomus brasilianum | W260_5_933C	Paraglomus brasilianum	main		assigned	SH1358107.10FU	100.0	SH1358107.10FU	1	SH1358107.10FU	SH1358107.10FU:100.00,SH1358122.10FU:98.77,SH1358132.10FU:97.95,SH1358114.10FU:97.74,SH1358104.10FU:97.73
PX215149.1	Paraglomus brasilianum | 5274_2288B	Paraglomus brasilianum	main		assigned	SH1358122.10FU	99.174	SH1358122.10FU	1	SH1358122.10FU	SH1358122.10FU:99.17,SH1358132.10FU:98.15,SH1358107.10FU:97.94,SH1358128.10FU:97.94,SH1358117.10FU:97.52
PX215150.1	Paraglomus sp. | 5088_2360A	Paraglomus sp.	main		unassigned				0		SH1073497.10FU:93.71,SH1073495.10FU:92.79,SH1073499.10FU:92.16,SH1358107.10FU:89.17,SH1198671.10FU:88.81
PX215151.1	Paraglomus sp. | 4423_1159D	Paraglomus sp.	main		unassigned				0		SH1073497.10FU:93.71,SH1073495.10FU:92.79,SH1073499.10FU:92.16,SH1358107.10FU:89.17,SH1198671.10FU:88.81
PX215152.1	Paraglomus sp. | 4423_1159D	Paraglomus sp.	main		unassigned				0		SH1073497.10FU:93.71,SH1073495.10FU:92.79,SH1073499.10FU:92.16,SH1358107.10FU:88.87,SH1198671.10FU:88.48
PX215153.1	Paraglomus sp. | 5088_2360A	Paraglomus sp.	main		unassigned				0		SH1073497.10FU:93.92,SH1073495.10FU:92.99,SH1073499.10FU:92.40,SH1358107.10FU:88.68,SH1198671.10FU:88.28
PX215154.1	Paraglomus sp. | 4423_1159D	Paraglomus sp.	main		unassigned				0		SH1073497.10FU:93.72,SH1073495.10FU:92.80,SH1073499.10FU:92.18,SH1358107.10FU:88.80,SH1198671.10FU:88.40
PX215155.1	Paraglomus sp. | 4423_1159D	Paraglomus sp.	main		unassigned				0		SH1073497.10FU:95.73,SH1073495.10FU:94.98,SH1073499.10FU:94.77,SH1358107.10FU:89.63,SH1358132.10FU:88.80
PX215156.1	Paraglomus sp. | 4423_1159D	Paraglomus sp.	main		unassigned				0		SH1073497.10FU:93.90,SH1073495.10FU:92.97,SH1073499.10FU:92.64,SH1358107.10FU:89.35,SH1198671.10FU:88.81
PX215157.1	Paraglomus sp. | 5088_2360A	Paraglomus sp.	main		unassigned				0		SH1073497.10FU:97.76,SH1073499.10FU:96.91,SH1073495.10FU:96.59,SH1358107.10FU:90.22,SH1358132.10FU:89.41
PX215158.1	Paraglomus sp. | 4423_1159D	Paraglomus sp.	main		unassigned				0		SH1073497.10FU:97.76,SH1073499.10FU:96.91,SH1073495.10FU:96.59,SH1358107.10FU:90.22,SH1358132.10FU:89.41
PX215159.1	Paraglomus sp. | 4423_1159D	Paraglomus sp.	main		unassigned				0		SH1073497.10FU:97.76,SH1073499.10FU:96.91,SH1073495.10FU:96.59,SH1358107.10FU:90.22,SH1358132.10FU:89.41
PX215160.1	Paraglomus sp. | 4423_1159D	Paraglomus sp.	main		unassigned				0		SH1073497.10FU:97.56,SH1073499.10FU:96.67,SH1073495.10FU:96.39,SH1358107.10FU:90.72,SH1358132.10FU:89.90
PX215161.1	Paraglomus sp. | 4423_1159D	Paraglomus sp.	main		unassigned				0		SH1073497.10FU:94.53,SH1073495.10FU:93.40,SH1073499.10FU:93.09,SH1358107.10FU:89.32,SH1358104.10FU:88.45
PX215162.1	Paraglomus sp. | BR105_2435A	Paraglomus sp.	main		assigned	SH1245831.10FU	98.659	SH1245831.10FU	1	SH1245831.10FU	SH1245831.10FU:98.66,SH1245850.10FU:98.09,SH1245841.10FU:97.68,SH1245846.10FU:95.66,SH1245779.10FU:95.22
PX215163.1	Paraglomus sp. | BR105_2435A	Paraglomus sp.	main		unassigned				0	SH1245831.10FU	SH1245831.10FU:98.47,SH1245841.10FU:98.26,SH1245850.10FU:98.09,SH1245846.10FU:95.29,SH1245779.10FU:95.22
PX215164.1	Paraglomus sp. | BR105_2435A	Paraglomus sp.	main		unassigned				0	SH1245831.10FU	SH1245803.10FU:96.85,SH1245779.10FU:96.48,SH1245817.10FU:96.46,SH1245781.10FU:96.09,SH1245768.10FU:96.07
