accession	culture	organism	copy_class	div_kind	best_hit_call	best_hit_unit	anchor_pident	unit_set	set_size	culture_set	top_units
PX207096.1	Paraglomus laccatum | CW0010_4009B	Paraglomus laccatum	main		assigned	Paraglomus laccatum	99.7	Paraglomus laccatum	1	Paraglomus laccatum	Paraglomus laccatum:99.70,Paraglomus occultum:97.80,Paraglomus peruvianum:91.06,Paraglomus occidentale:90.94,Paraglomus bolivianum:89.16
PX207097.1	Paraglomus laccatum | CW0010_4009B	Paraglomus laccatum	main		assigned	Paraglomus laccatum	100.0	Paraglomus laccatum	1	Paraglomus laccatum	Paraglomus laccatum:100.00,Paraglomus occultum:98.11,Paraglomus peruvianum:91.36,Paraglomus occidentale:91.23,Paraglomus bolivianum:89.46
PX207098.1	Paraglomus laccatum | CW0010_4009B	Paraglomus laccatum	main		assigned	Paraglomus laccatum	99.7	Paraglomus laccatum	1	Paraglomus laccatum	Paraglomus laccatum:99.70,Paraglomus occultum:97.80,Paraglomus peruvianum:91.07,Paraglomus occidentale:90.95,Paraglomus bolivianum:89.17
PX207099.1	Paraglomus laccatum | CW0010_4009B	Paraglomus laccatum	main		assigned	Paraglomus laccatum	99.85	Paraglomus laccatum	1	Paraglomus laccatum	Paraglomus laccatum:99.85,Paraglomus occultum:97.95,Paraglomus peruvianum:91.21,Paraglomus occidentale:91.08,Paraglomus bolivianum:89.31
PX207100.1	Paraglomus laccatum | CW0010_4009B	Paraglomus laccatum	main		assigned	Paraglomus laccatum	100.0	Paraglomus laccatum	1	Paraglomus laccatum	Paraglomus laccatum:100.00,Paraglomus occultum:98.11,Paraglomus peruvianum:91.36,Paraglomus occidentale:91.23,Paraglomus bolivianum:89.46
PX207101.1	Ambispora leptoticha | ON205A	Ambispora leptoticha	main		assigned	Ambispora leptoticha	98.732	Ambispora leptoticha	1	Ambispora leptoticha	Ambispora leptoticha:98.73,Ambispora gerdemannii:91.47,Ambispora fennica:91.15,Entrophospora Albahypha drummondi:85.68,Entrophospora Alborhynchus walkeri:85.04
PX207102.1	Ambispora leptoticha | ON205A	Ambispora leptoticha	main		assigned	Ambispora leptoticha	98.891	Ambispora leptoticha	1	Ambispora leptoticha	Ambispora leptoticha:98.89,Ambispora gerdemannii:91.47,Ambispora fennica:91.00,Entrophospora Albahypha drummondi:85.41,Entrophospora Alborhynchus walkeri:84.78
PX207103.1	Ambispora leptoticha | ON205A	Ambispora leptoticha	main		assigned	Ambispora leptoticha	98.732	Ambispora leptoticha	1	Ambispora leptoticha	Ambispora leptoticha:98.73,Ambispora gerdemannii:91.31,Ambispora fennica:90.86,Entrophospora Albahypha drummondi:85.41,Entrophospora Alborhynchus walkeri:84.78
PX207104.1	Ambispora leptoticha | ON205A	Ambispora leptoticha	main		assigned	Ambispora leptoticha	98.732	Ambispora leptoticha	1	Ambispora leptoticha	Ambispora leptoticha:98.73,Ambispora gerdemannii:91.63,Ambispora fennica:91.15,Entrophospora Albahypha drummondi:85.94,Entrophospora Alborhynchus walkeri:85.30
PX207105.1	Ambispora leptoticha | ON205A	Ambispora leptoticha	main		assigned	Ambispora leptoticha	98.415	Ambispora leptoticha	1	Ambispora leptoticha	Ambispora leptoticha:98.42,Ambispora gerdemannii:91.31,Ambispora fennica:90.86,Entrophospora Albahypha drummondi:85.41,Entrophospora Alborhynchus walkeri:84.78
PX207106.1	Ambispora leptoticha | ON205A	Ambispora leptoticha	main		assigned	Ambispora leptoticha	98.415	Ambispora leptoticha	1	Ambispora leptoticha	Ambispora leptoticha:98.42,Ambispora gerdemannii:91.31,Ambispora fennica:90.86,Entrophospora Albahypha drummondi:85.41,Entrophospora Alborhynchus walkeri:84.78
PX207107.1	Diversispora spurca | CW0006_4005B	Diversispora spurca	main		unassigned				0		Diversispora aurantia:95.84,Diversispora alba:95.14,Diversispora densissima:94.44,Diversispora peloponnesiaca:94.31,Diversispora spurca:94.13
PX207108.1	Diversispora spurca | CW0006_4005B	Diversispora spurca	main		unassigned				0		Diversispora aurantia:95.84,Diversispora alba:95.14,Diversispora densissima:94.44,Diversispora peloponnesiaca:94.31,Diversispora spurca:94.13
PX207109.1	Diversispora spurca | CW0006_4005B	Diversispora spurca	main		unassigned				0		Diversispora aurantia:95.84,Diversispora alba:95.14,Diversispora densissima:94.44,Diversispora peloponnesiaca:94.31,Diversispora spurca:94.13
PX207110.1	Diversispora spurca | CW0006_4005B	Diversispora spurca	main		unassigned				0		Diversispora aurantia:95.84,Diversispora alba:95.14,Diversispora densissima:94.44,Diversispora peloponnesiaca:94.31,Diversispora spurca:94.13
PX207111.1	Diversispora spurca | CW0006_4005B	Diversispora spurca	main		unassigned				0		Diversispora aurantia:95.84,Diversispora alba:95.14,Diversispora densissima:94.44,Diversispora peloponnesiaca:94.31,Diversispora spurca:94.13
PX207112.1	Diversispora spurca | CW0006_4005B	Diversispora spurca	main		unassigned				0		Diversispora aurantia:96.25,Diversispora alba:95.40,Diversispora densissima:94.84,Diversispora peloponnesiaca:94.71,Diversispora spurca:94.40
PX207113.1	Diversispora spurca | CW0006_4005B	Diversispora spurca	main		unassigned				0		Diversispora aurantia:96.39,Diversispora alba:94.87,Diversispora spurca:94.82,Diversispora densissima:94.44,Diversispora peloponnesiaca:94.17
PX207114.1	Diversispora spurca | CW0006_4005B	Diversispora spurca	main		unassigned				0		Diversispora aurantia:96.25,Diversispora alba:95.27,Diversispora densissima:94.84,Diversispora peloponnesiaca:94.71,Diversispora spurca:94.40
PX207115.1	Diversispora spurca | CW0006_4005B	Diversispora spurca	main		unassigned				0		Diversispora aurantia:95.98,Diversispora alba:95.13,Diversispora densissima:94.71,Diversispora peloponnesiaca:94.44,Diversispora spurca:94.27
PX207116.1	Diversispora spurca | CW0006_4005B	Diversispora spurca	main		unassigned				0		Diversispora aurantia:95.98,Diversispora alba:95.13,Diversispora densissima:94.71,Diversispora peloponnesiaca:94.44,Diversispora spurca:94.27
PX207117.1	Diversispora spurca | CW0006_4005B	Diversispora spurca	main		unassigned				0		Diversispora aurantia:95.98,Diversispora alba:95.13,Diversispora densissima:94.71,Diversispora peloponnesiaca:94.44,Diversispora spurca:94.27
PX207118.1	Cetraspora gilmorei | CW0008_2669B	Cetraspora gilmorei	main		assigned	Cetraspora gilmorei	99.545	Cetraspora gilmorei	1	Cetraspora gilmorei	Cetraspora gilmorei:99.55,Cetraspora armeniaca:99.39,Cetraspora huaxica:99.09,Cetraspora nodosa:96.51,Cetraspora pellucida:96.33
PX207119.1	Cetraspora gilmorei | CW0008_2669B	Cetraspora gilmorei	main		assigned	Cetraspora gilmorei	99.545	Cetraspora gilmorei	1	Cetraspora gilmorei	Cetraspora gilmorei:99.55,Cetraspora armeniaca:99.39,Cetraspora huaxica:99.09,Cetraspora nodosa:96.51,Cetraspora pellucida:96.33
PX207120.1	Cetraspora gilmorei | CW0008_2669B	Cetraspora gilmorei	main		assigned	Cetraspora gilmorei	99.545	Cetraspora gilmorei	1	Cetraspora gilmorei	Cetraspora gilmorei:99.55,Cetraspora armeniaca:99.39,Cetraspora huaxica:99.09,Cetraspora nodosa:96.51,Cetraspora pellucida:96.33
PX207121.1	Cetraspora gilmorei | CW0008_2669B	Cetraspora gilmorei	main		assigned	Cetraspora gilmorei	99.091	Cetraspora gilmorei	1	Cetraspora gilmorei	Cetraspora gilmorei:99.09,Cetraspora armeniaca:98.94,Cetraspora huaxica:98.64,Cetraspora nodosa:96.52,Cetraspora pellucida:96.34
PX207122.1	Cetraspora gilmorei | CW0008_2669B	Cetraspora gilmorei	main		assigned	Cetraspora gilmorei	99.244	Cetraspora gilmorei	1	Cetraspora gilmorei	Cetraspora gilmorei:99.24,Cetraspora armeniaca:98.94,Cetraspora huaxica:98.79,Cetraspora pellucida:96.34,Cetraspora nodosa:96.22
PX207123.1	Cetraspora gilmorei | CW0008_2669B	Cetraspora gilmorei	main		assigned	Cetraspora gilmorei	99.697	Cetraspora gilmorei	1	Cetraspora gilmorei	Cetraspora gilmorei:99.70,Cetraspora armeniaca:98.63,Cetraspora huaxica:98.18,Cetraspora nodosa:96.36,Cetraspora helvetica:96.21
PX207124.1	Cetraspora gilmorei | CW0008_2669B	Cetraspora gilmorei	main		assigned	Cetraspora gilmorei	99.393	Cetraspora gilmorei	1	Cetraspora gilmorei	Cetraspora gilmorei:99.39,Cetraspora armeniaca:98.79,Cetraspora huaxica:98.64,Cetraspora nodosa:96.52,Cetraspora pellucida:96.34
PX207125.1	Cetraspora gilmorei | CW0008_2669B	Cetraspora gilmorei	main		assigned	Cetraspora gilmorei	99.393	Cetraspora gilmorei	1	Cetraspora gilmorei	Cetraspora gilmorei:99.39,Cetraspora armeniaca:98.79,Cetraspora huaxica:98.64,Cetraspora nodosa:96.52,Cetraspora pellucida:96.34
PX207126.1	Cetraspora gilmorei | CW0008_2669B	Cetraspora gilmorei	main		assigned	Cetraspora gilmorei	99.393	Cetraspora gilmorei	1	Cetraspora gilmorei	Cetraspora gilmorei:99.39,Cetraspora armeniaca:98.79,Cetraspora huaxica:98.64,Cetraspora nodosa:96.52,Cetraspora pellucida:96.34
PX207127.1	Cetraspora gilmorei | CW0008_2669B	Cetraspora gilmorei	main		assigned	Cetraspora gilmorei	99.24	Cetraspora gilmorei	1	Cetraspora gilmorei	Cetraspora gilmorei:99.24,Cetraspora armeniaca:98.94,Cetraspora huaxica:98.63,Cetraspora nodosa:96.66,Cetraspora pellucida:96.49
PX207128.1	Gigaspora rosea | 4292_708F	Gigaspora rosea	main		unassigned				0	Gigaspora albida+Gigaspora gigantea	Gigaspora rosea:96.02,Gigaspora margarita:94.59,Gigaspora decipiens:94.46,Gigaspora gigantea:94.41,Gigaspora albida:93.94
PX207129.1	Gigaspora rosea | 4292_708F	Gigaspora rosea	main		unassigned				0	Gigaspora albida+Gigaspora gigantea	Gigaspora rosea:96.02,Gigaspora margarita:94.59,Gigaspora decipiens:94.46,Gigaspora gigantea:94.41,Gigaspora albida:93.94
PX207130.1	Gigaspora rosea | 4292_708F	Gigaspora rosea	main		unassigned				0	Gigaspora albida+Gigaspora gigantea	Gigaspora rosea:96.02,Gigaspora margarita:94.59,Gigaspora decipiens:94.46,Gigaspora gigantea:94.41,Gigaspora albida:93.94
PX207131.1	Gigaspora rosea | 4292_708F	Gigaspora rosea	main		unassigned				0	Gigaspora albida+Gigaspora gigantea	Gigaspora rosea:96.02,Gigaspora margarita:94.59,Gigaspora decipiens:94.46,Gigaspora gigantea:94.41,Gigaspora albida:93.94
PX207132.1	Gigaspora rosea | 4292_708F	Gigaspora rosea	main		unassigned				0	Gigaspora albida+Gigaspora gigantea	Gigaspora rosea:96.02,Gigaspora margarita:94.59,Gigaspora decipiens:94.46,Gigaspora gigantea:94.41,Gigaspora albida:93.94
PX207133.1	Gigaspora rosea | 4292_708F	Gigaspora rosea	main		unassigned				0	Gigaspora albida+Gigaspora gigantea	Gigaspora rosea:96.02,Gigaspora margarita:94.59,Gigaspora decipiens:94.46,Gigaspora gigantea:94.41,Gigaspora albida:93.94
PX207134.1	Gigaspora rosea | 4292_708F	Gigaspora rosea	main		unassigned				0	Gigaspora albida+Gigaspora gigantea	Gigaspora rosea:96.02,Gigaspora margarita:94.59,Gigaspora decipiens:94.46,Gigaspora gigantea:94.41,Gigaspora albida:93.94
PX207135.1	Gigaspora rosea | CU131_1018E	Gigaspora rosea	main		assigned	Gigaspora albida	99.204	Gigaspora albida+Gigaspora gigantea	1	Gigaspora albida+Gigaspora gigantea	Gigaspora albida:99.20,Gigaspora gigantea:97.45,Gigaspora rosea:97.03,Gigaspora polymorphira:96.06,Gigaspora decipiens:95.67
PX207136.1	Gigaspora rosea | 4292_708F	Gigaspora rosea	main		assigned	Gigaspora albida	98.086	Gigaspora albida+Gigaspora gigantea	1	Gigaspora albida+Gigaspora gigantea	Gigaspora albida:98.09,Gigaspora gigantea:97.29,Gigaspora rosea:96.55,Gigaspora polymorphira:95.29,Gigaspora margarita:95.06
PX207137.1	Gigaspora rosea | 4292_708F	Gigaspora rosea	main		assigned	Gigaspora albida	98.086	Gigaspora albida+Gigaspora gigantea	1	Gigaspora albida+Gigaspora gigantea	Gigaspora albida:98.09,Gigaspora gigantea:97.29,Gigaspora rosea:96.55,Gigaspora polymorphira:95.29,Gigaspora margarita:95.06
PX207138.1	Gigaspora rosea | 4292_708F	Gigaspora rosea	divergent	same_length	assigned	Gigaspora albida	97.448	Gigaspora albida+Gigaspora gigantea	1	Gigaspora albida+Gigaspora gigantea	Gigaspora albida:97.45,Gigaspora gigantea:97.45,Gigaspora rosea:96.87,Gigaspora polymorphira:95.90,Gigaspora margarita:95.22
PX207139.1	Gigaspora rosea | 4292_708F	Gigaspora rosea	divergent	same_length	assigned	Gigaspora rosea	97.027	Gigaspora albida+Gigaspora gigantea,Gigaspora rosea	2	Gigaspora albida+Gigaspora gigantea	Gigaspora gigantea:98.09,Gigaspora albida:97.77,Gigaspora rosea:97.03,Gigaspora polymorphira:95.90,Gigaspora margarita:95.86
PX207140.1	Gigaspora rosea | 4292_708F	Gigaspora rosea	divergent	same_length	assigned	Gigaspora rosea	97.027	Gigaspora albida+Gigaspora gigantea,Gigaspora rosea	2	Gigaspora albida+Gigaspora gigantea	Gigaspora gigantea:98.09,Gigaspora albida:97.77,Gigaspora rosea:97.03,Gigaspora polymorphira:95.90,Gigaspora margarita:95.86
PX207141.1	Gigaspora rosea | CU131_1018E	Gigaspora rosea	main		assigned	Gigaspora gigantea	97.608	Gigaspora albida+Gigaspora gigantea	1	Gigaspora albida+Gigaspora gigantea	Gigaspora gigantea:97.61,Gigaspora albida:96.81,Gigaspora rosea:95.78,Gigaspora margarita:95.38,Gigaspora polymorphira:95.29
PX207142.1	Gigaspora rosea | CU131_1018E	Gigaspora rosea	main		unassigned				0	Gigaspora albida+Gigaspora gigantea	Gigaspora rosea:96.03,Gigaspora decipiens:94.78,Gigaspora margarita:94.59,Gigaspora albida:94.27,Gigaspora gigantea:94.26
PX207143.1	Gigaspora rosea | CU131_1018E	Gigaspora rosea	main		assigned	Gigaspora albida	97.767	Gigaspora albida+Gigaspora gigantea	1	Gigaspora albida+Gigaspora gigantea	Gigaspora albida:97.77,Gigaspora gigantea:97.29,Gigaspora rosea:96.71,Gigaspora polymorphira:96.20,Intraornatospora intraornata:95.22
PX207144.1	Sclerocystis sinuosa | MT106_2767A	Sclerocystis sinuosa	main		assigned	Sclerocystis sinuosa	99.422	Sclerocystis sinuosa	1	Sclerocystis sinuosa	Sclerocystis sinuosa:99.42,Rhizophagus invermaius:89.94,Rhizophagus melanus:88.94,Rhizophagus silesianus:88.69,Rhizophagus vesiculiferus:88.52
PX207145.1	Sclerocystis sinuosa | MT106_2767A	Sclerocystis sinuosa	main		assigned	Sclerocystis sinuosa	99.422	Sclerocystis sinuosa	1	Sclerocystis sinuosa	Sclerocystis sinuosa:99.42,Rhizophagus invermaius:89.94,Rhizophagus melanus:88.94,Rhizophagus silesianus:88.69,Rhizophagus vesiculiferus:88.52
PX207146.1	Sclerocystis sinuosa | MT106_2767A	Sclerocystis sinuosa	main		assigned	Sclerocystis sinuosa	99.422	Sclerocystis sinuosa	1	Sclerocystis sinuosa	Sclerocystis sinuosa:99.42,Rhizophagus invermaius:89.94,Rhizophagus melanus:88.94,Rhizophagus silesianus:88.69,Rhizophagus vesiculiferus:88.52
PX207147.1	Sclerocystis sinuosa | MT106_2767A	Sclerocystis sinuosa	main		assigned	Sclerocystis sinuosa	99.422	Sclerocystis sinuosa	1	Sclerocystis sinuosa	Sclerocystis sinuosa:99.42,Rhizophagus invermaius:89.81,Rhizophagus melanus:88.80,Rhizophagus silesianus:88.69,Rhizophagus vesiculiferus:88.52
PX207148.1	Sclerocystis sinuosa | MT106_2767A	Sclerocystis sinuosa	main		assigned	Sclerocystis sinuosa	99.422	Sclerocystis sinuosa	1	Sclerocystis sinuosa	Sclerocystis sinuosa:99.42,Rhizophagus invermaius:89.81,Rhizophagus melanus:88.80,Rhizophagus silesianus:88.69,Rhizophagus vesiculiferus:88.52
PX207149.1	Sclerocystis sinuosa | MT106_2767A	Sclerocystis sinuosa	main		assigned	Sclerocystis sinuosa	99.422	Sclerocystis sinuosa	1	Sclerocystis sinuosa	Sclerocystis sinuosa:99.42,Rhizophagus invermaius:89.81,Rhizophagus melanus:88.80,Rhizophagus silesianus:88.69,Rhizophagus vesiculiferus:88.52
PX207150.1	Sclerocystis sinuosa | MT106_2767A	Sclerocystis sinuosa	main		assigned	Sclerocystis sinuosa	100.0	Sclerocystis sinuosa	1	Sclerocystis sinuosa	Sclerocystis sinuosa:100.00,Rhizophagus invermaius:89.81,Rhizophagus silesianus:88.83,Rhizophagus melanus:88.80,Rhizophagus vesiculiferus:88.66
PX207151.1	Sclerocystis sinuosa | MT106_2767A	Sclerocystis sinuosa	main		assigned	Sclerocystis sinuosa	99.566	Sclerocystis sinuosa	1	Sclerocystis sinuosa	Sclerocystis sinuosa:99.57,Rhizophagus invermaius:89.81,Rhizophagus silesianus:88.83,Rhizophagus melanus:88.80,Rhizophagus vesiculiferus:88.66
PX207152.1	Sclerocystis sinuosa | MT106_2767A	Sclerocystis sinuosa	main		assigned	Sclerocystis sinuosa	99.566	Sclerocystis sinuosa	1	Sclerocystis sinuosa	Sclerocystis sinuosa:99.57,Rhizophagus invermaius:89.81,Rhizophagus silesianus:88.83,Rhizophagus melanus:88.80,Rhizophagus vesiculiferus:88.66
PX207153.1	Sclerocystis sinuosa | MT106_2767A	Sclerocystis sinuosa	main		assigned	Sclerocystis sinuosa	99.566	Sclerocystis sinuosa	1	Sclerocystis sinuosa	Sclerocystis sinuosa:99.57,Rhizophagus invermaius:89.81,Rhizophagus silesianus:88.83,Rhizophagus melanus:88.80,Rhizophagus vesiculiferus:88.66
PX207154.1	Sclerocystis sinuosa | MT106_2767A	Sclerocystis sinuosa	main		assigned	Sclerocystis sinuosa	99.566	Sclerocystis sinuosa	1	Sclerocystis sinuosa	Sclerocystis sinuosa:99.57,Rhizophagus invermaius:89.81,Rhizophagus silesianus:88.83,Rhizophagus melanus:88.80,Rhizophagus vesiculiferus:88.66
PX207155.1	Sclerocystis sinuosa | MT106_2767A	Sclerocystis sinuosa	main		assigned	Sclerocystis sinuosa	99.423	Sclerocystis sinuosa	1	Sclerocystis sinuosa	Sclerocystis sinuosa:99.42,Rhizophagus invermaius:89.82,Rhizophagus silesianus:88.83,Rhizophagus melanus:88.81,Rhizophagus vesiculiferus:88.54
PX207156.1	Sclerocystis sinuosa | MT106_2767A	Sclerocystis sinuosa	main		assigned	Sclerocystis sinuosa	99.133	Sclerocystis sinuosa	1	Sclerocystis sinuosa	Sclerocystis sinuosa:99.13,Rhizophagus invermaius:89.39,Rhizophagus silesianus:88.69,Rhizophagus irregularis:88.44,Rhizophagus intraradices:88.44
PX207157.1	Sclerocystis sinuosa | MT106_2767A	Sclerocystis sinuosa	main		assigned	Sclerocystis sinuosa	99.133	Sclerocystis sinuosa	1	Sclerocystis sinuosa	Sclerocystis sinuosa:99.13,Rhizophagus invermaius:89.39,Rhizophagus silesianus:88.69,Rhizophagus irregularis:88.44,Rhizophagus intraradices:88.44
PX207158.1	Sclerocystis sinuosa | MT106_2767A	Sclerocystis sinuosa	main		assigned	Sclerocystis sinuosa	99.277	Sclerocystis sinuosa	1	Sclerocystis sinuosa	Sclerocystis sinuosa:99.28,Rhizophagus invermaius:89.94,Rhizophagus melanus:88.94,Rhizophagus silesianus:88.69,Rhizophagus vesiculiferus:88.52
PX207159.1	Sclerocystis sinuosa | MT106_2767A	Sclerocystis sinuosa	main		assigned	Sclerocystis sinuosa	99.277	Sclerocystis sinuosa	1	Sclerocystis sinuosa	Sclerocystis sinuosa:99.28,Rhizophagus invermaius:89.94,Rhizophagus melanus:88.94,Rhizophagus silesianus:88.69,Rhizophagus vesiculiferus:88.52
PX207160.1	Sclerocystis sinuosa | MT106_2767A	Sclerocystis sinuosa	main		assigned	Sclerocystis sinuosa	99.133	Sclerocystis sinuosa	1	Sclerocystis sinuosa	Sclerocystis sinuosa:99.13,Rhizophagus invermaius:89.94,Rhizophagus melanus:88.94,Rhizophagus silesianus:88.69,Rhizophagus vesiculiferus:88.52
PX207161.1	Sclerocystis sinuosa | MT106_2767A	Sclerocystis sinuosa	main		assigned	Sclerocystis sinuosa	99.133	Sclerocystis sinuosa	1	Sclerocystis sinuosa	Sclerocystis sinuosa:99.13,Rhizophagus invermaius:89.94,Rhizophagus melanus:88.94,Rhizophagus silesianus:88.69,Rhizophagus vesiculiferus:88.52
PX207162.1	Rhizophagus irregularis | GC-2_IVT11	Rhizophagus irregularis	divergent	short_5.8S	unassigned				0	Rhizophagus irregularis	Rhizophagus irregularis:95.50,Rhizophagus venetianum:94.87,Rhizophagus vesiculiferus:93.62,Rhizophagus natalensis:93.28,Rhizophagus silesianus:91.69
PX207163.1	Rhizophagus irregularis | GC-2_IVT11	Rhizophagus irregularis	divergent	short_5.8S	unassigned				0	Rhizophagus irregularis	Rhizophagus irregularis:95.50,Rhizophagus venetianum:94.87,Rhizophagus vesiculiferus:93.62,Rhizophagus natalensis:93.28,Rhizophagus silesianus:91.69
PX207164.1	Rhizophagus irregularis | DAOMC 197198	Rhizophagus irregularis	divergent	short_5.8S	unassigned				0	Rhizophagus irregularis	Rhizophagus irregularis:95.50,Rhizophagus venetianum:94.87,Rhizophagus vesiculiferus:93.62,Rhizophagus natalensis:93.28,Rhizophagus silesianus:91.69
PX207165.1	Rhizophagus irregularis | DAOMC 197198	Rhizophagus irregularis	divergent	short_5.8S	unassigned				0	Rhizophagus irregularis	Rhizophagus irregularis:95.50,Rhizophagus venetianum:94.87,Rhizophagus vesiculiferus:93.62,Rhizophagus natalensis:93.28,Rhizophagus silesianus:91.69
PX207166.1	Rhizophagus irregularis | GC-2_IVT11	Rhizophagus irregularis	main		assigned	Rhizophagus irregularis	97.678	Rhizophagus irregularis	1	Rhizophagus irregularis	Rhizophagus irregularis:97.68,Rhizophagus silesianus:95.84,Rhizophagus venetianum:95.69,Rhizophagus natalensis:95.17,Rhizophagus dunensis:94.72
PX207167.1	Rhizophagus irregularis | GC-2_IVT11	Rhizophagus irregularis	main		assigned	Rhizophagus irregularis	97.678	Rhizophagus irregularis	1	Rhizophagus irregularis	Rhizophagus irregularis:97.68,Rhizophagus silesianus:95.84,Rhizophagus venetianum:95.69,Rhizophagus natalensis:95.17,Rhizophagus dunensis:94.72
PX207168.1	Rhizophagus irregularis | DAOMC 197198	Rhizophagus irregularis	main		assigned	Rhizophagus irregularis	97.388	Rhizophagus irregularis	1	Rhizophagus irregularis	Rhizophagus irregularis:97.39,Rhizophagus silesianus:96.12,Rhizophagus venetianum:95.97,Rhizophagus natalensis:95.17,Rhizophagus dunensis:94.72
PX207169.1	Rhizophagus irregularis | DAOMC 197198	Rhizophagus irregularis	main		assigned	Rhizophagus irregularis	97.388	Rhizophagus irregularis	1	Rhizophagus irregularis	Rhizophagus irregularis:97.39,Rhizophagus silesianus:96.12,Rhizophagus venetianum:95.97,Rhizophagus natalensis:95.17,Rhizophagus dunensis:94.72
PX207170.1	Rhizophagus irregularis | DAOMC 197198	Rhizophagus irregularis	main		assigned	Rhizophagus irregularis	97.388	Rhizophagus irregularis	1	Rhizophagus irregularis	Rhizophagus irregularis:97.39,Rhizophagus silesianus:96.12,Rhizophagus venetianum:95.97,Rhizophagus natalensis:95.17,Rhizophagus dunensis:94.72
PX207171.1	Rhizophagus irregularis | GC-2_IVT11	Rhizophagus irregularis	main		unassigned				0	Rhizophagus irregularis	Rhizophagus irregularis:96.97,Rhizophagus venetianum:94.47,Rhizophagus silesianus:94.34,Rhizophagus natalensis:93.87,Rhizophagus dunensis:93.50
PX207172.1	Rhizophagus irregularis | GC-2_IVT11	Rhizophagus irregularis	main		unassigned				0	Rhizophagus irregularis	Rhizophagus irregularis:96.97,Rhizophagus venetianum:94.47,Rhizophagus silesianus:94.34,Rhizophagus natalensis:93.87,Rhizophagus dunensis:93.50
PX207173.1	Rhizophagus irregularis | DAOMC 197198	Rhizophagus irregularis	main		assigned	Rhizophagus irregularis	97.246	Rhizophagus irregularis	1	Rhizophagus irregularis	Rhizophagus irregularis:97.25,Rhizophagus venetianum:95.28,Rhizophagus silesianus:95.16,Rhizophagus natalensis:94.06,Rhizophagus dunensis:93.76
PX207174.1	Rhizophagus irregularis | DAOMC 197198	Rhizophagus irregularis	main		assigned	Rhizophagus irregularis	97.097	Rhizophagus irregularis	1	Rhizophagus irregularis	Rhizophagus irregularis:97.10,Rhizophagus venetianum:96.53,Rhizophagus vesiculiferus:95.42,Rhizophagus natalensis:93.68,Rhizophagus silesianus:92.67
PX207175.1	Rhizophagus irregularis | DAOMC 197198	Rhizophagus irregularis	main		assigned	Rhizophagus irregularis	97.097	Rhizophagus irregularis	1	Rhizophagus irregularis	Rhizophagus irregularis:97.10,Rhizophagus venetianum:96.53,Rhizophagus vesiculiferus:95.42,Rhizophagus natalensis:93.68,Rhizophagus silesianus:92.67
PX207176.1	Rhizophagus irregularis | DAOMC 197198	Rhizophagus irregularis	main		assigned	Rhizophagus irregularis	97.097	Rhizophagus irregularis	1	Rhizophagus irregularis	Rhizophagus irregularis:97.10,Rhizophagus venetianum:96.53,Rhizophagus vesiculiferus:95.42,Rhizophagus natalensis:93.68,Rhizophagus silesianus:92.67
PX207177.1	Rhizophagus irregularis | DAOMC 197198	Rhizophagus irregularis	main		assigned	Rhizophagus irregularis	97.097	Rhizophagus irregularis	1	Rhizophagus irregularis	Rhizophagus irregularis:97.10,Rhizophagus venetianum:96.53,Rhizophagus vesiculiferus:95.42,Rhizophagus natalensis:93.68,Rhizophagus silesianus:92.67
PX207178.1	Rhizophagus irregularis | DAOMC 197198	Rhizophagus irregularis	main		unassigned				0	Rhizophagus irregularis	Rhizophagus irregularis:96.95,Rhizophagus venetianum:96.39,Rhizophagus vesiculiferus:95.28,Rhizophagus natalensis:93.68,Rhizophagus silesianus:92.53
PX207179.1	Rhizophagus irregularis | DAOMC 197198	Rhizophagus irregularis	main		unassigned				0	Rhizophagus irregularis	Rhizophagus irregularis:96.95,Rhizophagus venetianum:96.39,Rhizophagus vesiculiferus:95.28,Rhizophagus natalensis:93.68,Rhizophagus silesianus:92.53
PX207180.1	Rhizophagus irregularis | DAOMC 197198	Rhizophagus irregularis	main		unassigned				0	Rhizophagus irregularis	Rhizophagus irregularis:96.95,Rhizophagus venetianum:96.39,Rhizophagus vesiculiferus:95.28,Rhizophagus natalensis:93.68,Rhizophagus silesianus:92.53
PX207181.1	Rhizophagus irregularis | DAOMC 197198	Rhizophagus irregularis	main		unassigned				0	Rhizophagus irregularis	Rhizophagus irregularis:96.95,Rhizophagus venetianum:96.39,Rhizophagus vesiculiferus:95.28,Rhizophagus natalensis:93.68,Rhizophagus silesianus:92.53
PX207182.1	Rhizophagus irregularis | GC-2_IVT11	Rhizophagus irregularis	main		unassigned				0	Rhizophagus irregularis	Rhizophagus irregularis:96.95,Rhizophagus venetianum:96.53,Rhizophagus vesiculiferus:95.42,Rhizophagus natalensis:93.49,Rhizophagus silesianus:92.53
PX207183.1	Rhizophagus irregularis | GC-2_IVT11	Rhizophagus irregularis	main		unassigned				0	Rhizophagus irregularis	Rhizophagus irregularis:96.95,Rhizophagus venetianum:96.53,Rhizophagus vesiculiferus:95.42,Rhizophagus natalensis:93.49,Rhizophagus silesianus:92.53
PX207184.1	Rhizophagus irregularis | GC-2_IVT11	Rhizophagus irregularis	main		assigned	Rhizophagus irregularis	97.533	Rhizophagus irregularis	1	Rhizophagus irregularis	Rhizophagus irregularis:97.53,Rhizophagus venetianum:96.95,Rhizophagus vesiculiferus:95.56,Rhizophagus natalensis:93.87,Rhizophagus silesianus:93.08
PX207185.1	Rhizophagus irregularis | GC-2_IVT11	Rhizophagus irregularis	main		assigned	Rhizophagus irregularis	97.533	Rhizophagus irregularis	1	Rhizophagus irregularis	Rhizophagus irregularis:97.53,Rhizophagus venetianum:96.95,Rhizophagus vesiculiferus:95.56,Rhizophagus natalensis:93.87,Rhizophagus silesianus:93.08
PX207186.1	Rhizophagus irregularis | DAOMC 197198	Rhizophagus irregularis	main		assigned	Rhizophagus irregularis	97.533	Rhizophagus irregularis	1	Rhizophagus irregularis	Rhizophagus irregularis:97.53,Rhizophagus venetianum:96.95,Rhizophagus vesiculiferus:95.56,Rhizophagus natalensis:93.87,Rhizophagus silesianus:93.08
PX207187.1	Rhizophagus irregularis | DAOMC 197198	Rhizophagus irregularis	main		assigned	Rhizophagus irregularis	97.533	Rhizophagus irregularis	1	Rhizophagus irregularis	Rhizophagus irregularis:97.53,Rhizophagus venetianum:96.95,Rhizophagus vesiculiferus:95.56,Rhizophagus natalensis:93.87,Rhizophagus silesianus:93.08
PX207188.1	Rhizophagus irregularis | DAOMC 197198	Rhizophagus irregularis	main		assigned	Rhizophagus irregularis	97.533	Rhizophagus irregularis	1	Rhizophagus irregularis	Rhizophagus irregularis:97.53,Rhizophagus venetianum:96.95,Rhizophagus vesiculiferus:95.56,Rhizophagus natalensis:93.87,Rhizophagus silesianus:93.08
PX207189.1	Rhizophagus irregularis | DAOMC 197198	Rhizophagus irregularis	main		assigned	Rhizophagus irregularis	97.533	Rhizophagus irregularis	1	Rhizophagus irregularis	Rhizophagus irregularis:97.53,Rhizophagus venetianum:96.95,Rhizophagus vesiculiferus:95.56,Rhizophagus natalensis:93.87,Rhizophagus silesianus:93.08
PX207190.1	Rhizophagus prolifer | SD5_IVT32	Rhizophagus prolifer	divergent	short_5.8S	unassigned				0	Rhizophagus proliferus	Rhizophagus intraradices:92.14,Rhizoglomus cacao:91.78,Rhizophagus vesiculiferus:91.67,Rhizophagus irregularis:91.58,Rhizophagus venetianum:91.54
PX207191.1	Rhizophagus prolifer | SD5_IVT32	Rhizophagus prolifer	divergent	short_5.8S	unassigned				0	Rhizophagus proliferus	Rhizophagus intraradices:92.14,Rhizoglomus cacao:91.78,Rhizophagus vesiculiferus:91.67,Rhizophagus irregularis:91.58,Rhizophagus venetianum:91.54
PX207192.1	Rhizophagus prolifer | SD5_IVT32	Rhizophagus prolifer	divergent	short_5.8S	unassigned				0	Rhizophagus proliferus	Rhizophagus intraradices:92.14,Rhizoglomus cacao:91.78,Rhizophagus vesiculiferus:91.67,Rhizophagus irregularis:91.58,Rhizophagus venetianum:91.54
PX207193.1	Rhizophagus prolifer | SD5_IVT32	Rhizophagus prolifer	divergent	short_5.8S	unassigned				0	Rhizophagus proliferus	Rhizophagus intraradices:92.14,Rhizoglomus cacao:91.78,Rhizophagus vesiculiferus:91.67,Rhizophagus irregularis:91.58,Rhizophagus venetianum:91.54
PX207194.1	Rhizophagus intraradices | UT126A	Rhizophagus intraradices	divergent	same_length	unassigned				0	Rhizophagus intraradices	Rhizophagus proliferus:92.36,Rhizophagus maiae:91.40,Rhizophagus fasciculatus:91.00,Rhizophagus intraradices:90.86,Rhizophagus arabicus:90.57
PX207195.1	Rhizophagus intraradices | UT126A	Rhizophagus intraradices	divergent	short_5.8S	unassigned				0	Rhizophagus intraradices	Rhizophagus intraradices:94.02,Rhizophagus vesiculiferus:91.93,Rhizophagus venetianum:91.67,Rhizophagus proliferus:91.24,Rhizoglomus cacao:91.07
PX207196.1	Rhizophagus intraradices | UT126A	Rhizophagus intraradices	divergent	short_5.8S	unassigned				0	Rhizophagus intraradices	Rhizophagus intraradices:94.02,Rhizophagus vesiculiferus:91.93,Rhizophagus venetianum:91.67,Rhizophagus proliferus:91.24,Rhizoglomus cacao:91.07
PX207197.1	Rhizophagus intraradices | KS906_IVT156	Rhizophagus intraradices	divergent	short_5.8S	unassigned				0	Rhizophagus intraradices	Rhizophagus intraradices:94.17,Rhizophagus vesiculiferus:91.93,Rhizophagus venetianum:91.67,Rhizophagus proliferus:91.38,Rhizophagus invermaius:91.14
PX207198.1	Rhizophagus intraradices | KS906_IVT156	Rhizophagus intraradices	main		assigned	Rhizophagus intraradices	99.708	Rhizophagus intraradices	1	Rhizophagus intraradices	Rhizophagus intraradices:99.71,Rhizophagus proliferus:95.82,Rhizophagus fasciculatus:93.76,Rhizophagus silesianus:93.61,Rhizophagus dunensis:93.60
PX207199.1	Rhizophagus intraradices | UT126A	Rhizophagus intraradices	main		assigned	Rhizophagus intraradices	99.708	Rhizophagus intraradices	1	Rhizophagus intraradices	Rhizophagus intraradices:99.71,Rhizophagus proliferus:95.82,Rhizophagus fasciculatus:93.76,Rhizophagus silesianus:93.61,Rhizophagus dunensis:93.60
PX207200.1	Rhizophagus intraradices | UT126A	Rhizophagus intraradices	main		assigned	Rhizophagus intraradices	99.708	Rhizophagus intraradices	1	Rhizophagus intraradices	Rhizophagus intraradices:99.71,Rhizophagus proliferus:95.82,Rhizophagus fasciculatus:93.76,Rhizophagus silesianus:93.61,Rhizophagus dunensis:93.60
PX207201.1	Rhizophagus intraradices | UT126A	Rhizophagus intraradices	main		assigned	Rhizophagus intraradices	99.854	Rhizophagus intraradices	1	Rhizophagus intraradices	Rhizophagus intraradices:99.85,Rhizophagus proliferus:95.68,Rhizophagus fasciculatus:93.62,Rhizophagus silesianus:93.47,Rhizophagus dunensis:93.46
PX207202.1	Rhizophagus intraradices | UT126A	Rhizophagus intraradices	main		assigned	Rhizophagus intraradices	99.854	Rhizophagus intraradices	1	Rhizophagus intraradices	Rhizophagus intraradices:99.85,Rhizophagus proliferus:95.68,Rhizophagus fasciculatus:93.62,Rhizophagus silesianus:93.47,Rhizophagus dunensis:93.46
PX207203.1	Rhizophagus intraradices | KS906_IVT156	Rhizophagus intraradices	main		assigned	Rhizophagus intraradices	99.854	Rhizophagus intraradices	1	Rhizophagus intraradices	Rhizophagus intraradices:99.85,Rhizophagus proliferus:95.68,Rhizophagus fasciculatus:93.62,Rhizophagus silesianus:93.47,Rhizophagus dunensis:93.46
PX207204.1	Rhizophagus intraradices | UT126A	Rhizophagus intraradices	main		assigned	Rhizophagus intraradices	98.834	Rhizophagus intraradices	1	Rhizophagus intraradices	Rhizophagus intraradices:98.83,Rhizophagus proliferus:95.54,Rhizophagus dunensis:93.60,Rhizophagus clarus:93.45,Rhizophagus silesianus:93.33
PX207205.1	Rhizophagus intraradices | KS906_IVT156	Rhizophagus intraradices	main		assigned	Rhizophagus intraradices	98.98	Rhizophagus intraradices	1	Rhizophagus intraradices	Rhizophagus intraradices:98.98,Rhizophagus proliferus:95.96,Rhizophagus dunensis:93.74,Rhizophagus clarus:93.59,Rhizophagus silesianus:93.47
PX207206.1	Rhizophagus prolifer | SD5_IVT32	Rhizophagus prolifer	main		assigned	Rhizophagus proliferus	99.861	Rhizophagus proliferus	1	Rhizophagus proliferus	Rhizophagus proliferus:99.86,Rhizophagus intraradices:94.03,Rhizophagus maiae:93.88,Rhizophagus dunensis:93.32,Rhizophagus fasciculatus:92.93
PX207207.1	Rhizophagus prolifer | SD5_IVT32	Rhizophagus prolifer	main		assigned	Rhizophagus proliferus	99.861	Rhizophagus proliferus	1	Rhizophagus proliferus	Rhizophagus proliferus:99.86,Rhizophagus intraradices:94.03,Rhizophagus maiae:93.88,Rhizophagus dunensis:93.32,Rhizophagus fasciculatus:92.93
PX207208.1	Rhizophagus prolifer | SD5_IVT32	Rhizophagus prolifer	main		assigned	Rhizophagus proliferus	99.861	Rhizophagus proliferus	1	Rhizophagus proliferus	Rhizophagus proliferus:99.86,Rhizophagus intraradices:94.03,Rhizophagus maiae:93.88,Rhizophagus dunensis:93.32,Rhizophagus fasciculatus:92.93
PX207209.1	Rhizophagus prolifer | SD5_IVT32	Rhizophagus prolifer	main		assigned	Rhizophagus proliferus	98.468	Rhizophagus proliferus	1	Rhizophagus proliferus	Rhizophagus proliferus:98.47,Rhizophagus intraradices:95.34,Rhizophagus dunensis:94.16,Rhizophagus fasciculatus:93.90,Rhizophagus irregularis:93.89
PX207210.1	Rhizophagus prolifer | SD5_IVT32	Rhizophagus prolifer	main		assigned	Rhizophagus proliferus	99.861	Rhizophagus proliferus	1	Rhizophagus proliferus	Rhizophagus proliferus:99.86,Rhizophagus intraradices:95.63,Rhizophagus fasciculatus:93.90,Rhizophagus dunensis:93.88,Rhizophagus maiae:93.88
PX207211.1	Rhizophagus prolifer | SD5_IVT32	Rhizophagus prolifer	main		assigned	Rhizophagus proliferus	99.861	Rhizophagus proliferus	1	Rhizophagus proliferus	Rhizophagus proliferus:99.86,Rhizophagus intraradices:95.63,Rhizophagus fasciculatus:93.90,Rhizophagus dunensis:93.88,Rhizophagus maiae:93.88
PX207212.1	Glomus tetrastratosum | 5094_2349C	Glomus tetrastratosum	main		assigned	Glomus tetrastratosum	99.161	Glomus tetrastratosum	1	Glomus tetrastratosum	Glomus tetrastratosum:99.16,Glomus bareae:97.34,Glomus mongioiense:94.03,Glomus chinense:92.60,Glomus rugosae:92.60
PX207213.1	Glomus tetrastratosum | 5094_2349C	Glomus tetrastratosum	main		assigned	Glomus tetrastratosum	99.301	Glomus tetrastratosum	1	Glomus tetrastratosum	Glomus tetrastratosum:99.30,Glomus bareae:97.76,Glomus mongioiense:94.03,Glomus chinense:93.02,Glomus rugosae:93.02
PX207214.1	Glomus tetrastratosum | 5094_2349C	Glomus tetrastratosum	main		assigned	Glomus tetrastratosum	97.902	Glomus tetrastratosum	1	Glomus tetrastratosum	Glomus tetrastratosum:97.90,Glomus bareae:96.64,Glomus mongioiense:92.91,Glomus rugosae:92.46,Glomus macrocarpum:92.18
PX207215.1	Glomus tetrastratosum | 5094_2349C	Glomus tetrastratosum	main		assigned	Glomus tetrastratosum	99.161	Glomus tetrastratosum	1	Glomus tetrastratosum	Glomus tetrastratosum:99.16,Glomus bareae:97.48,Glomus mongioiense:94.03,Glomus chinense:92.74,Glomus rugosae:92.74
PX207216.1	Glomus tetrastratosum | 5094_2349C	Glomus tetrastratosum	main		assigned	Glomus tetrastratosum	99.161	Glomus tetrastratosum	1	Glomus tetrastratosum	Glomus tetrastratosum:99.16,Glomus bareae:97.62,Glomus mongioiense:94.40,Glomus chinense:92.88,Glomus rugosae:92.88
PX207217.1	Glomus tetrastratosum | 5094_2349C	Glomus tetrastratosum	main		assigned	Glomus tetrastratosum	99.301	Glomus tetrastratosum	1	Glomus tetrastratosum	Glomus tetrastratosum:99.30,Glomus bareae:97.76,Glomus mongioiense:94.03,Glomus chinense:93.02,Glomus rugosae:93.02
PX207218.1	Glomus tetrastratosum | 5094_2349C	Glomus tetrastratosum	main		assigned	Glomus tetrastratosum	99.301	Glomus tetrastratosum	1	Glomus tetrastratosum	Glomus tetrastratosum:99.30,Glomus bareae:97.76,Glomus mongioiense:94.03,Glomus chinense:93.02,Glomus rugosae:93.02
PX207219.1	Funneliformis mosseae | 2231_1079F	Funneliformis mosseae	main		assigned	Funneliformis coronatus	99.443	Funneliformis coronatus	1	Funneliformis coronatus	Funneliformis coronatus:99.44,Funneliformis caledonium:99.16,Funneliformis fragilistratum:97.24,Funneliformis mosseae:96.42,Funneliformis pilosus:96.12
PX207220.1	Funneliformis mosseae | 2231_1079F	Funneliformis mosseae	main		assigned	Funneliformis coronatus	99.443	Funneliformis coronatus	1	Funneliformis coronatus	Funneliformis coronatus:99.44,Funneliformis caledonium:99.16,Funneliformis fragilistratum:97.24,Funneliformis mosseae:96.42,Funneliformis pilosus:96.12
PX207221.1	Funneliformis mosseae | 2231_1079F	Funneliformis mosseae	main		assigned	Funneliformis coronatus	99.026	Funneliformis coronatus	1	Funneliformis coronatus	Funneliformis coronatus:99.03,Funneliformis caledonium:98.75,Funneliformis fragilistratum:97.11,Funneliformis mosseae:96.29,Funneliformis pilosus:95.83
PX207222.1	Funneliformis mosseae | 2231_1079F	Funneliformis mosseae	main		assigned	Funneliformis coronatus	99.166	Funneliformis coronatus	1	Funneliformis coronatus	Funneliformis coronatus:99.17,Funneliformis caledonium:98.89,Funneliformis fragilistratum:96.97,Funneliformis mosseae:96.15,Funneliformis pilosus:95.83
PX207223.1	Funneliformis mosseae | 2231_1079F	Funneliformis mosseae	main		assigned	Funneliformis coronatus	99.166	Funneliformis coronatus	1	Funneliformis coronatus	Funneliformis coronatus:99.17,Funneliformis caledonium:98.89,Funneliformis fragilistratum:96.97,Funneliformis mosseae:96.15,Funneliformis pilosus:95.83
PX207224.1	Funneliformis mosseae | FS-29_2726A	Funneliformis mosseae	main		assigned	Funneliformis coronatus	99.583	Funneliformis coronatus	1	Funneliformis coronatus	Funneliformis coronatus:99.58,Funneliformis caledonium:99.31,Funneliformis fragilistratum:96.83,Funneliformis mosseae:96.57,Funneliformis pilosus:95.68
PX207225.1	Funneliformis mosseae | FS-29_2726A	Funneliformis mosseae	main		assigned	Funneliformis coronatus	99.583	Funneliformis coronatus	1	Funneliformis coronatus	Funneliformis coronatus:99.58,Funneliformis caledonium:99.31,Funneliformis fragilistratum:96.83,Funneliformis mosseae:96.57,Funneliformis pilosus:95.68
PX207226.1	Funneliformis mosseae | FS-29_2726A	Funneliformis mosseae	main		assigned	Funneliformis coronatus	99.304	Funneliformis coronatus	1	Funneliformis coronatus	Funneliformis coronatus:99.30,Funneliformis caledonium:98.75,Funneliformis fragilistratum:97.10,Funneliformis pilosus:96.27,Funneliformis mosseae:96.01
PX207227.1	Funneliformis mosseae | FS-29_2726A	Funneliformis mosseae	main		assigned	Funneliformis coronatus	99.304	Funneliformis coronatus	1	Funneliformis coronatus	Funneliformis coronatus:99.30,Funneliformis caledonium:98.75,Funneliformis fragilistratum:97.10,Funneliformis pilosus:96.27,Funneliformis mosseae:96.01
PX207228.1	Funneliformis mosseae | FS-29_2726A	Funneliformis mosseae	main		assigned	Funneliformis coronatus	99.164	Funneliformis coronatus	1	Funneliformis coronatus	Funneliformis coronatus:99.16,Funneliformis caledonium:98.89,Funneliformis fragilistratum:96.97,Funneliformis mosseae:96.15,Funneliformis pilosus:95.97
PX207229.1	Funneliformis mosseae | FS-29_2726A	Funneliformis mosseae	main		assigned	Funneliformis coronatus	99.164	Funneliformis coronatus	1	Funneliformis coronatus	Funneliformis coronatus:99.16,Funneliformis caledonium:98.89,Funneliformis fragilistratum:96.97,Funneliformis mosseae:96.15,Funneliformis pilosus:95.97
PX207230.1	Funneliformis mosseae | 2231_1079F	Funneliformis mosseae	main		assigned	Funneliformis coronatus	99.164	Funneliformis coronatus	1	Funneliformis coronatus	Funneliformis coronatus:99.16,Funneliformis caledonium:98.89,Funneliformis fragilistratum:96.97,Funneliformis mosseae:96.15,Funneliformis pilosus:95.97
PX207231.1	Funneliformis mosseae | 2231_1079F	Funneliformis mosseae	main		assigned	Funneliformis coronatus	99.164	Funneliformis coronatus	1	Funneliformis coronatus	Funneliformis coronatus:99.16,Funneliformis caledonium:98.89,Funneliformis fragilistratum:96.97,Funneliformis mosseae:96.15,Funneliformis pilosus:95.97
PX207232.1	Funneliformis mosseae | 2231_1079F	Funneliformis mosseae	main		assigned	Funneliformis coronatus	99.164	Funneliformis coronatus	1	Funneliformis coronatus	Funneliformis coronatus:99.16,Funneliformis caledonium:98.89,Funneliformis fragilistratum:96.97,Funneliformis mosseae:96.15,Funneliformis pilosus:95.97
PX207233.1	Funneliformis mosseae | 2231_1079F	Funneliformis mosseae	main		assigned	Funneliformis coronatus	99.164	Funneliformis coronatus	1	Funneliformis coronatus	Funneliformis coronatus:99.16,Funneliformis caledonium:98.89,Funneliformis fragilistratum:96.97,Funneliformis mosseae:96.15,Funneliformis pilosus:95.97
PX207234.1	Funneliformis mosseae | 2231_1079F	Funneliformis mosseae	main		assigned	Funneliformis coronatus	99.304	Funneliformis coronatus	1	Funneliformis coronatus	Funneliformis coronatus:99.30,Funneliformis caledonium:99.03,Funneliformis fragilistratum:97.10,Funneliformis mosseae:96.56,Funneliformis pilosus:95.97
PX207235.1	Funneliformis mosseae | 2231_1079F	Funneliformis mosseae	main		assigned	Funneliformis coronatus	99.304	Funneliformis coronatus	1	Funneliformis coronatus	Funneliformis coronatus:99.30,Funneliformis caledonium:99.03,Funneliformis fragilistratum:97.10,Funneliformis mosseae:96.56,Funneliformis pilosus:95.97
PX207236.1	Funneliformis mosseae | FS-29_2726A	Funneliformis mosseae	main		assigned	Funneliformis coronatus	99.304	Funneliformis coronatus	1	Funneliformis coronatus	Funneliformis coronatus:99.30,Funneliformis caledonium:99.03,Funneliformis fragilistratum:97.10,Funneliformis mosseae:96.56,Funneliformis pilosus:96.12
PX207237.1	Funneliformis mosseae | FS-29_2726A	Funneliformis mosseae	main		assigned	Funneliformis coronatus	99.304	Funneliformis coronatus	1	Funneliformis coronatus	Funneliformis coronatus:99.30,Funneliformis caledonium:99.03,Funneliformis fragilistratum:97.10,Funneliformis mosseae:96.56,Funneliformis pilosus:96.12
PX207238.1	Funneliformis mosseae | FS-29_2726A	Funneliformis mosseae	main		assigned	Funneliformis coronatus	99.164	Funneliformis coronatus	1	Funneliformis coronatus	Funneliformis coronatus:99.16,Funneliformis caledonium:98.89,Funneliformis fragilistratum:97.24,Funneliformis mosseae:96.42,Funneliformis pilosus:96.12
PX207239.1	Funneliformis mosseae | FS-29_2726A	Funneliformis mosseae	main		assigned	Funneliformis coronatus	99.164	Funneliformis coronatus	1	Funneliformis coronatus	Funneliformis coronatus:99.16,Funneliformis caledonium:98.89,Funneliformis fragilistratum:97.24,Funneliformis mosseae:96.42,Funneliformis pilosus:96.12
PX207240.1	Funneliformis mosseae | FS-29_2726A	Funneliformis mosseae	main		assigned	Funneliformis coronatus	99.164	Funneliformis coronatus	1	Funneliformis coronatus	Funneliformis coronatus:99.16,Funneliformis caledonium:98.89,Funneliformis fragilistratum:96.69,Funneliformis mosseae:96.42,Funneliformis pilosus:95.52
PX207241.1	Funneliformis mosseae | 2231_1079F	Funneliformis mosseae	main		assigned	Funneliformis coronatus	99.164	Funneliformis coronatus	1	Funneliformis coronatus	Funneliformis coronatus:99.16,Funneliformis caledonium:98.89,Funneliformis fragilistratum:96.69,Funneliformis mosseae:96.42,Funneliformis pilosus:95.52
PX207242.1	Funneliformis mosseae | 2231_1079F	Funneliformis mosseae	main		assigned	Funneliformis coronatus	99.164	Funneliformis coronatus	1	Funneliformis coronatus	Funneliformis coronatus:99.16,Funneliformis caledonium:98.89,Funneliformis fragilistratum:96.69,Funneliformis mosseae:96.42,Funneliformis pilosus:95.52
PX207243.1	Funneliformis mosseae | FS-29_2726A	Funneliformis mosseae	main		assigned	Funneliformis coronatus	99.721	Funneliformis coronatus	1	Funneliformis coronatus	Funneliformis coronatus:99.72,Funneliformis caledonium:99.16,Funneliformis fragilistratum:96.97,Funneliformis mosseae:96.42,Funneliformis pilosus:95.97
PX207244.1	Funneliformis mosseae | FS-29_2726A	Funneliformis mosseae	main		assigned	Funneliformis coronatus	99.025	Funneliformis coronatus	1	Funneliformis coronatus	Funneliformis coronatus:99.03,Funneliformis caledonium:98.75,Funneliformis fragilistratum:96.83,Funneliformis mosseae:96.01,Funneliformis pilosus:95.82
PX207245.1	Funneliformis mosseae | FS-29_2726A	Funneliformis mosseae	main		assigned	Funneliformis coronatus	99.025	Funneliformis coronatus	1	Funneliformis coronatus	Funneliformis coronatus:99.03,Funneliformis caledonium:98.75,Funneliformis fragilistratum:96.83,Funneliformis mosseae:96.01,Funneliformis pilosus:95.82
PX207246.1	Funneliformis mosseae | FS-29_2726A	Funneliformis mosseae	main		ambiguous		99.304	Funneliformis caledonium+Funneliformis fragilistratum,Funneliformis coronatus	2	Funneliformis coronatus	Funneliformis coronatus:99.30,Funneliformis caledonium:99.30,Funneliformis fragilistratum:96.83,Funneliformis mosseae:96.56,Funneliformis pilosus:95.67
PX207247.1	Funneliformis mosseae | 2231_1079F	Funneliformis mosseae	main		assigned	Funneliformis coronatus	99.164	Funneliformis coronatus	1	Funneliformis coronatus	Funneliformis coronatus:99.16,Funneliformis caledonium:98.89,Funneliformis fragilistratum:96.69,Funneliformis mosseae:96.42,Funneliformis pilosus:95.82
PX207248.1	Funneliformis mosseae | 2231_1079F	Funneliformis mosseae	main		assigned	Funneliformis coronatus	99.164	Funneliformis coronatus	1	Funneliformis coronatus	Funneliformis coronatus:99.16,Funneliformis caledonium:98.89,Funneliformis fragilistratum:96.69,Funneliformis mosseae:96.42,Funneliformis pilosus:95.82
PX207249.1	Funneliformis mosseae | FS-29_2726A	Funneliformis mosseae	main		ambiguous		99.304	Funneliformis caledonium+Funneliformis fragilistratum,Funneliformis coronatus	2	Funneliformis coronatus	Funneliformis coronatus:99.30,Funneliformis caledonium:99.30,Funneliformis mosseae:96.56,Funneliformis fragilistratum:96.55,Funneliformis pilosus:95.37
PX207250.1	Funneliformis mosseae | FS-29_2726A	Funneliformis mosseae	main		ambiguous		99.304	Funneliformis caledonium+Funneliformis fragilistratum,Funneliformis coronatus	2	Funneliformis coronatus	Funneliformis coronatus:99.30,Funneliformis caledonium:99.30,Funneliformis mosseae:96.56,Funneliformis fragilistratum:96.55,Funneliformis pilosus:95.37
PX207251.1	Funneliformis mosseae | FS-29_2726A	Funneliformis mosseae	main		assigned	Funneliformis coronatus	99.582	Funneliformis coronatus	1	Funneliformis coronatus	Funneliformis coronatus:99.58,Funneliformis caledonium:99.03,Funneliformis fragilistratum:96.83,Funneliformis mosseae:96.56,Funneliformis pilosus:95.82
PX207252.1	Funneliformis mosseae | FS-29_2726A	Funneliformis mosseae	main		assigned	Funneliformis coronatus	99.582	Funneliformis coronatus	1	Funneliformis coronatus	Funneliformis coronatus:99.58,Funneliformis caledonium:99.03,Funneliformis fragilistratum:96.83,Funneliformis mosseae:96.56,Funneliformis pilosus:95.82
PX207253.1	Funneliformis mosseae | FS-29_2726A	Funneliformis mosseae	main		assigned	Funneliformis coronatus	99.582	Funneliformis coronatus	1	Funneliformis coronatus	Funneliformis coronatus:99.58,Funneliformis caledonium:99.03,Funneliformis fragilistratum:96.83,Funneliformis mosseae:96.56,Funneliformis pilosus:95.82
PX207254.1	Funneliformis mosseae | 2231_1079F	Funneliformis mosseae	main		assigned	Funneliformis coronatus	99.025	Funneliformis coronatus	1	Funneliformis coronatus	Funneliformis coronatus:99.03,Funneliformis caledonium:98.75,Funneliformis fragilistratum:97.10,Funneliformis mosseae:96.29,Funneliformis pilosus:95.97
PX207255.1	Funneliformis mosseae | 2231_1079F	Funneliformis mosseae	main		assigned	Funneliformis coronatus	99.025	Funneliformis coronatus	1	Funneliformis coronatus	Funneliformis coronatus:99.03,Funneliformis caledonium:98.75,Funneliformis fragilistratum:97.10,Funneliformis mosseae:96.29,Funneliformis pilosus:95.97
PX207256.1	Funneliformis mosseae | 2231_1079F	Funneliformis mosseae	main		assigned	Funneliformis coronatus	99.164	Funneliformis coronatus	1	Funneliformis coronatus	Funneliformis coronatus:99.16,Funneliformis caledonium:98.89,Funneliformis fragilistratum:96.97,Funneliformis mosseae:96.15,Funneliformis pilosus:95.97
PX207257.1	Funneliformis mosseae | 2231_1079F	Funneliformis mosseae	main		assigned	Funneliformis coronatus	99.164	Funneliformis coronatus	1	Funneliformis coronatus	Funneliformis coronatus:99.16,Funneliformis caledonium:98.89,Funneliformis fragilistratum:96.97,Funneliformis mosseae:96.15,Funneliformis pilosus:95.97
PX207258.1	Septoglomus turnauae | Blasz_12_2272D	Septoglomus turnauae	divergent	same_length	assigned	Septoglomus turnauae	97.379	Septoglomus turnauae	1	Septoglomus turnauae	Septoglomus turnauae:97.38,Septoglomus xanthium:97.25,Septoglomus jasnowskae:96.97,Septoglomus fuscum:96.08,Septoglomus nigrum:95.79
PX207259.1	Septoglomus turnauae | Blasz_12_2272D	Septoglomus turnauae	main		assigned	Septoglomus turnauae	100.0	Septoglomus turnauae	1	Septoglomus turnauae	Septoglomus turnauae:100.00,Septoglomus jasnowskae:97.10,Septoglomus xanthium:96.67,Septoglomus mediterraneum:96.41,Septoglomus fuscum:96.28
PX207260.1	Septoglomus turnauae | Blasz_12_2272D	Septoglomus turnauae	main		assigned	Septoglomus turnauae	99.31	Septoglomus turnauae	1	Septoglomus turnauae	Septoglomus turnauae:99.31,Septoglomus xanthium:97.06,Septoglomus jasnowskae:96.97,Septoglomus fuscum:96.67,Septoglomus mediterraneum:96.56
PX207261.1	Septoglomus turnauae | Blasz_12_2272D	Septoglomus turnauae	main		assigned	Septoglomus turnauae	99.449	Septoglomus turnauae	1	Septoglomus turnauae	Septoglomus turnauae:99.45,Septoglomus jasnowskae:96.97,Septoglomus xanthium:96.87,Septoglomus mediterraneum:96.56,Septoglomus fuscum:96.48
PX207262.1	Septoglomus turnauae | Blasz_12_2272D	Septoglomus turnauae	main		assigned	Septoglomus turnauae	99.449	Septoglomus turnauae	1	Septoglomus turnauae	Septoglomus turnauae:99.45,Septoglomus jasnowskae:96.97,Septoglomus xanthium:96.87,Septoglomus mediterraneum:96.56,Septoglomus fuscum:96.48
PX207263.1	Septoglomus viscosum | CW0026_Att1910-1	Septoglomus viscosum	divergent	short_5.8S	assigned	Septoglomus Viscospora viscosa	97.35	Septoglomus Viscospora viscosa	1	Septoglomus Viscospora viscosa	Septoglomus Viscospora viscosa:97.35,Septoglomus titan:91.67,Septoglomus Viscospora peruviscosa:91.05,Septoglomus deserticola:90.83,Septoglomus mexicanum:90.37
PX207264.1	Septoglomus viscosum | CW0026_Att1910-1	Septoglomus viscosum	divergent	short_5.8S	assigned	Septoglomus Viscospora viscosa	97.35	Septoglomus Viscospora viscosa	1	Septoglomus Viscospora viscosa	Septoglomus Viscospora viscosa:97.35,Septoglomus titan:91.67,Septoglomus Viscospora peruviscosa:91.05,Septoglomus deserticola:90.83,Septoglomus mexicanum:90.37
PX207265.1	Septoglomus viscosum | CW0026_Att1910-1	Septoglomus viscosum	main		assigned	Septoglomus Viscospora viscosa	97.493	Septoglomus Viscospora viscosa	1	Septoglomus Viscospora viscosa	Septoglomus Viscospora viscosa:97.49,Septoglomus titan:91.69,Septoglomus Viscospora peruviscosa:91.20,Septoglomus deserticola:90.27,Septoglomus xanthium:90.27
PX207266.1	Septoglomus viscosum | CW0026_Att1910-1	Septoglomus viscosum	main		assigned	Septoglomus Viscospora viscosa	97.493	Septoglomus Viscospora viscosa	1	Septoglomus Viscospora viscosa	Septoglomus Viscospora viscosa:97.49,Septoglomus titan:91.69,Septoglomus Viscospora peruviscosa:91.20,Septoglomus deserticola:90.27,Septoglomus xanthium:90.27
PX207267.1	Septoglomus viscosum | CW0026_Att1910-1	Septoglomus viscosum	main		assigned	Septoglomus Viscospora viscosa	97.493	Septoglomus Viscospora viscosa	1	Septoglomus Viscospora viscosa	Septoglomus Viscospora viscosa:97.49,Septoglomus titan:91.69,Septoglomus Viscospora peruviscosa:91.20,Septoglomus deserticola:90.27,Septoglomus xanthium:90.27
PX207268.1	Septoglomus viscosum | CW0026_Att1910-1	Septoglomus viscosum	main		assigned	Septoglomus Viscospora viscosa	97.768	Septoglomus Viscospora viscosa	1	Septoglomus Viscospora viscosa	Septoglomus Viscospora viscosa:97.77,Septoglomus titan:92.33,Septoglomus Viscospora peruviscosa:91.87,Septoglomus deserticola:91.26,Septoglomus mexicanum:90.93
PX207269.1	Septoglomus viscosum | CW0026_Att1910-1	Septoglomus viscosum	main		assigned	Septoglomus Viscospora viscosa	97.768	Septoglomus Viscospora viscosa	1	Septoglomus Viscospora viscosa	Septoglomus Viscospora viscosa:97.77,Septoglomus titan:92.33,Septoglomus Viscospora peruviscosa:91.87,Septoglomus deserticola:91.26,Septoglomus mexicanum:90.93
PX207270.1	Septoglomus viscosum | CW0026_Att1910-1	Septoglomus viscosum	main		assigned	Septoglomus Viscospora viscosa	97.768	Septoglomus Viscospora viscosa	1	Septoglomus Viscospora viscosa	Septoglomus Viscospora viscosa:97.77,Septoglomus titan:92.33,Septoglomus Viscospora peruviscosa:91.87,Septoglomus deserticola:91.26,Septoglomus mexicanum:90.93
PX207271.1	Septoglomus viscosum | CW0026_Att1910-1	Septoglomus viscosum	main		assigned	Septoglomus Viscospora viscosa	97.768	Septoglomus Viscospora viscosa	1	Septoglomus Viscospora viscosa	Septoglomus Viscospora viscosa:97.77,Septoglomus titan:92.33,Septoglomus Viscospora peruviscosa:91.87,Septoglomus deserticola:91.26,Septoglomus mexicanum:90.93
PX207272.1	Septoglomus viscosum | CW0026_Att1910-1	Septoglomus viscosum	main		assigned	Septoglomus Viscospora viscosa	97.768	Septoglomus Viscospora viscosa	1	Septoglomus Viscospora viscosa	Septoglomus Viscospora viscosa:97.77,Septoglomus titan:92.33,Septoglomus Viscospora peruviscosa:91.87,Septoglomus deserticola:91.26,Septoglomus mexicanum:90.93
PX207273.1	Septoglomus viscosum | CW0026_Att1910-1	Septoglomus viscosum	main		assigned	Septoglomus Viscospora viscosa	97.768	Septoglomus Viscospora viscosa	1	Septoglomus Viscospora viscosa	Septoglomus Viscospora viscosa:97.77,Septoglomus titan:92.33,Septoglomus Viscospora peruviscosa:91.87,Septoglomus deserticola:91.26,Septoglomus mexicanum:90.93
PX207274.1	Septoglomus viscosum | CW0026_Att1910-1	Septoglomus viscosum	main		assigned	Septoglomus Viscospora viscosa	97.768	Septoglomus Viscospora viscosa	1	Septoglomus Viscospora viscosa	Septoglomus Viscospora viscosa:97.77,Septoglomus titan:92.33,Septoglomus Viscospora peruviscosa:91.87,Septoglomus deserticola:91.26,Septoglomus mexicanum:90.93
PX214440.1	Funneliformis caledonium | VDHK150A_21A	Funneliformis caledonium	main		assigned	Funneliformis caledonium	100.0	Funneliformis caledonium+Funneliformis fragilistratum	1	Funneliformis caledonium+Funneliformis fragilistratum	Funneliformis caledonium:100.00,Funneliformis fragilistratum:99.45,Funneliformis geosporum:97.19,Funneliformis coronatus:96.83,Funneliformis pilosus:95.82
PX214441.1	Funneliformis caledonium | VDHK150A_21A	Funneliformis caledonium	main		assigned	Funneliformis caledonium	99.725	Funneliformis caledonium+Funneliformis fragilistratum	1	Funneliformis caledonium+Funneliformis fragilistratum	Funneliformis caledonium:99.72,Funneliformis fragilistratum:99.17,Funneliformis geosporum:96.92,Funneliformis coronatus:96.57,Funneliformis pilosus:95.68
PX214442.1	Funneliformis caledonium | VDHK150A_21A	Funneliformis caledonium	main		assigned	Funneliformis fragilistratum	99.587	Funneliformis caledonium+Funneliformis fragilistratum	1	Funneliformis caledonium+Funneliformis fragilistratum	Funneliformis fragilistratum:99.59,Funneliformis caledonium:99.31,Funneliformis coronatus:96.81,Funneliformis geosporum:96.78,Funneliformis pilosus:95.54
PX214443.1	Funneliformis caledonium | CW0030_822A	Funneliformis caledonium	main		assigned	Funneliformis fragilistratum	99.862	Funneliformis caledonium+Funneliformis fragilistratum	1	Funneliformis caledonium+Funneliformis fragilistratum	Funneliformis fragilistratum:99.86,Funneliformis caledonium:99.31,Funneliformis geosporum:96.91,Funneliformis coronatus:96.80,Funneliformis pilosus:95.67
PX214444.1	Funneliformis caledonium | CW0030_822A	Funneliformis caledonium	main		assigned	Funneliformis fragilistratum	99.862	Funneliformis caledonium+Funneliformis fragilistratum	1	Funneliformis caledonium+Funneliformis fragilistratum	Funneliformis fragilistratum:99.86,Funneliformis caledonium:99.31,Funneliformis geosporum:96.91,Funneliformis coronatus:96.80,Funneliformis pilosus:95.67
PX214445.1	Funneliformis caledonium | CW0030_822A	Funneliformis caledonium	main		assigned	Funneliformis fragilistratum	99.862	Funneliformis caledonium+Funneliformis fragilistratum	1	Funneliformis caledonium+Funneliformis fragilistratum	Funneliformis fragilistratum:99.86,Funneliformis caledonium:99.31,Funneliformis geosporum:96.91,Funneliformis coronatus:96.80,Funneliformis pilosus:95.67
PX214446.1	Funneliformis caledonium | CW0030_822A	Funneliformis caledonium	main		assigned	Funneliformis fragilistratum	99.862	Funneliformis caledonium+Funneliformis fragilistratum	1	Funneliformis caledonium+Funneliformis fragilistratum	Funneliformis fragilistratum:99.86,Funneliformis caledonium:99.59,Funneliformis coronatus:97.08,Funneliformis geosporum:97.05,Funneliformis pilosus:95.82
PX214447.1	Funneliformis caledonium | VDHK150A_21A	Funneliformis caledonium	main		ambiguous		99.175	Funneliformis caledonium+Funneliformis fragilistratum	1	Funneliformis caledonium+Funneliformis fragilistratum	Funneliformis fragilistratum:99.17,Funneliformis caledonium:99.17,Funneliformis coronatus:96.39,Funneliformis geosporum:96.36,Funneliformis pilosus:95.09
PX214448.1	Funneliformis caledonium | VDHK150A_21A	Funneliformis caledonium	main		assigned	Funneliformis fragilistratum	99.587	Funneliformis caledonium+Funneliformis fragilistratum	1	Funneliformis caledonium+Funneliformis fragilistratum	Funneliformis fragilistratum:99.59,Funneliformis caledonium:99.31,Funneliformis coronatus:96.81,Funneliformis geosporum:96.78,Funneliformis pilosus:95.54
PX214449.1	Funneliformis geosporum | ALBG_A3	Funneliformis geosporum	main		assigned	Funneliformis caledonium	97.937	Funneliformis caledonium+Funneliformis fragilistratum,Funneliformis geosporum	2	Funneliformis geosporum	Funneliformis geosporum:98.45,Funneliformis caledonium:97.94,Funneliformis fragilistratum:97.66,Funneliformis coronatus:96.15,Funneliformis pilosus:94.94
PX214450.1	Funneliformis geosporum | ALBG_A3	Funneliformis geosporum	main		assigned	Funneliformis geosporum	98.315	Funneliformis geosporum	1	Funneliformis geosporum	Funneliformis geosporum:98.31,Funneliformis caledonium:97.52,Funneliformis fragilistratum:97.25,Funneliformis coronatus:95.88,Funneliformis pilosus:94.79
PX214451.1	Funneliformis geosporum | ALBG_A3	Funneliformis geosporum	main		assigned	Funneliformis geosporum	98.596	Funneliformis geosporum	1	Funneliformis geosporum	Funneliformis geosporum:98.60,Funneliformis caledonium:97.80,Funneliformis fragilistratum:97.52,Funneliformis coronatus:96.02,Funneliformis pilosus:94.94
PX214452.1	Funneliformis geosporum | ALBG_A3	Funneliformis geosporum	main		assigned	Funneliformis geosporum	98.596	Funneliformis geosporum	1	Funneliformis geosporum	Funneliformis geosporum:98.60,Funneliformis caledonium:97.80,Funneliformis fragilistratum:97.52,Funneliformis coronatus:96.02,Funneliformis pilosus:94.94
PX214453.1	Funneliformis geosporum | ALBG_A3	Funneliformis geosporum	main		assigned	Funneliformis geosporum	98.878	Funneliformis geosporum	1	Funneliformis geosporum	Funneliformis geosporum:98.88,Funneliformis caledonium:97.80,Funneliformis fragilistratum:97.53,Funneliformis coronatus:96.16,Funneliformis pilosus:94.95
PX214454.1	Funneliformis geosporum | W681_7_10A	Funneliformis geosporum	main		assigned	Funneliformis geosporum	98.596	Funneliformis geosporum	1	Funneliformis geosporum	Funneliformis geosporum:98.60,Funneliformis caledonium:97.11,Funneliformis fragilistratum:96.84,Funneliformis coronatus:95.69,Funneliformis pilosus:94.05
PX214455.1	Funneliformis geosporum | W681_7_10A	Funneliformis geosporum	main		assigned	Funneliformis geosporum	99.017	Funneliformis geosporum	1	Funneliformis geosporum	Funneliformis geosporum:99.02,Funneliformis caledonium:97.11,Funneliformis fragilistratum:96.84,Funneliformis coronatus:95.83,Funneliformis pilosus:94.20
PX214456.1	Funneliformis geosporum | W681_7_10A	Funneliformis geosporum	main		assigned	Funneliformis geosporum	98.174	Funneliformis geosporum	1	Funneliformis geosporum	Funneliformis geosporum:98.17,Funneliformis fragilistratum:97.11,Funneliformis caledonium:97.11,Funneliformis coronatus:95.83,Funneliformis pilosus:94.49
PX214457.1	Funneliformis coronatus | Algerie_2_1072A	Funneliformis coronatus	main		assigned	Funneliformis coronatus	98.212	Funneliformis coronatus	1	Funneliformis coronatus	Funneliformis coronatus:98.21,Funneliformis pilosus:97.17,Funneliformis caledonium:96.15,Funneliformis fragilistratum:96.02,Funneliformis geosporum:94.41
PX214458.1	Funneliformis coronatus | Algerie_2_1072A	Funneliformis coronatus	main		assigned	Funneliformis coronatus	98.08	Funneliformis coronatus	1	Funneliformis coronatus	Funneliformis coronatus:98.08,Funneliformis pilosus:97.03,Funneliformis caledonium:96.03,Funneliformis fragilistratum:95.89,Funneliformis geosporum:94.55
PX214459.1	Funneliformis coronatus | Algerie_2_1072A	Funneliformis coronatus	main		assigned	Funneliformis coronatus	98.209	Funneliformis coronatus	1	Funneliformis coronatus	Funneliformis coronatus:98.21,Funneliformis pilosus:97.16,Funneliformis caledonium:96.15,Funneliformis fragilistratum:96.01,Funneliformis geosporum:94.40
PX214460.1	Funneliformis coronatus | Algerie_2_1072A	Funneliformis coronatus	main		assigned	Funneliformis coronatus	98.072	Funneliformis coronatus	1	Funneliformis coronatus	Funneliformis coronatus:98.07,Funneliformis pilosus:97.02,Funneliformis caledonium:96.01,Funneliformis fragilistratum:95.87,Funneliformis geosporum:94.26
PX214461.1	Funneliformis coronatus | Algerie_2_1072A	Funneliformis coronatus	main		assigned	Funneliformis coronatus	97.945	Funneliformis coronatus	1	Funneliformis coronatus	Funneliformis coronatus:97.94,Funneliformis pilosus:96.88,Funneliformis caledonium:95.90,Funneliformis fragilistratum:95.76,Funneliformis geosporum:94.28
PX214462.1	Funneliformis coronatus | W143_5_12A	Funneliformis coronatus	main		assigned	Funneliformis coronatus	98.483	Funneliformis coronatus	1	Funneliformis coronatus	Funneliformis coronatus:98.48,Funneliformis pilosus:97.31,Funneliformis caledonium:96.42,Funneliformis fragilistratum:96.28,Funneliformis geosporum:94.67
PX214463.1	Funneliformis coronatus | W143_5_12A	Funneliformis coronatus	main		assigned	Funneliformis coronatus	98.485	Funneliformis coronatus	1	Funneliformis coronatus	Funneliformis coronatus:98.48,Funneliformis pilosus:97.31,Funneliformis caledonium:96.42,Funneliformis fragilistratum:96.29,Funneliformis geosporum:94.68
PX214464.1	Funneliformis coronatus | W143_5_12A	Funneliformis coronatus	main		assigned	Funneliformis coronatus	98.621	Funneliformis coronatus	1	Funneliformis coronatus	Funneliformis coronatus:98.62,Funneliformis pilosus:97.46,Funneliformis caledonium:96.56,Funneliformis fragilistratum:96.42,Funneliformis geosporum:94.81
PX214465.1	Funneliformis coronatus | W143_5_12A	Funneliformis coronatus	main		assigned	Funneliformis coronatus	98.621	Funneliformis coronatus	1	Funneliformis coronatus	Funneliformis coronatus:98.62,Funneliformis pilosus:97.46,Funneliformis caledonium:96.56,Funneliformis fragilistratum:96.42,Funneliformis geosporum:94.81
PX214466.1	Funneliformis coronatus | W143_5_12A	Funneliformis coronatus	main		assigned	Funneliformis coronatus	98.621	Funneliformis coronatus	1	Funneliformis coronatus	Funneliformis coronatus:98.62,Funneliformis pilosus:97.46,Funneliformis caledonium:96.56,Funneliformis fragilistratum:96.42,Funneliformis geosporum:94.81
PX214467.1	Funneliformis coronatus | W143_5_12A	Funneliformis coronatus	main		assigned	Funneliformis coronatus	98.621	Funneliformis coronatus	1	Funneliformis coronatus	Funneliformis coronatus:98.62,Funneliformis pilosus:97.46,Funneliformis caledonium:96.56,Funneliformis fragilistratum:96.42,Funneliformis geosporum:94.81
PX214468.1	Funneliformis coronatus | W143_5_12A	Funneliformis coronatus	main		assigned	Funneliformis coronatus	98.485	Funneliformis coronatus	1	Funneliformis coronatus	Funneliformis coronatus:98.48,Funneliformis pilosus:97.46,Funneliformis caledonium:96.15,Funneliformis fragilistratum:96.01,Funneliformis geosporum:94.68
PX214469.1	Funneliformis coronatus | W699_21_3A	Funneliformis coronatus	main		assigned	Funneliformis coronatus	98.898	Funneliformis coronatus	1	Funneliformis coronatus	Funneliformis coronatus:98.90,Funneliformis pilosus:97.76,Funneliformis caledonium:96.84,Funneliformis fragilistratum:96.70,Funneliformis geosporum:95.10
PX214470.1	Funneliformis coronatus | W699_21_3A	Funneliformis coronatus	main		assigned	Funneliformis coronatus	98.76	Funneliformis coronatus	1	Funneliformis coronatus	Funneliformis coronatus:98.76,Funneliformis pilosus:97.61,Funneliformis caledonium:96.70,Funneliformis fragilistratum:96.56,Funneliformis geosporum:94.96
PX214471.1	Funneliformis coronatus | W699_21_3A	Funneliformis coronatus	main		assigned	Funneliformis coronatus	98.76	Funneliformis coronatus	1	Funneliformis coronatus	Funneliformis coronatus:98.76,Funneliformis pilosus:97.61,Funneliformis caledonium:96.84,Funneliformis fragilistratum:96.70,Funneliformis geosporum:95.10
PX214472.1	Funneliformis coronatus | W699_21_3A	Funneliformis coronatus	main		assigned	Funneliformis coronatus	98.621	Funneliformis coronatus	1	Funneliformis coronatus	Funneliformis coronatus:98.62,Funneliformis pilosus:97.46,Funneliformis caledonium:96.83,Funneliformis fragilistratum:96.69,Funneliformis geosporum:94.96
PX214473.1	Funneliformis coronatus | W111_12_886A	Funneliformis coronatus	main		assigned	Funneliformis coronatus	99.174	Funneliformis coronatus	1	Funneliformis coronatus	Funneliformis coronatus:99.17,Funneliformis pilosus:98.21,Funneliformis caledonium:96.70,Funneliformis fragilistratum:96.56,Funneliformis geosporum:95.09
PX214474.1	Funneliformis coronatus | W111_12_886A	Funneliformis coronatus	main		assigned	Funneliformis coronatus	99.036	Funneliformis coronatus	1	Funneliformis coronatus	Funneliformis coronatus:99.04,Funneliformis pilosus:98.06,Funneliformis caledonium:96.84,Funneliformis fragilistratum:96.70,Funneliformis geosporum:95.23
PX214475.1	Funneliformis coronatus | W111_12_886A	Funneliformis coronatus	main		assigned	Funneliformis coronatus	98.897	Funneliformis coronatus	1	Funneliformis coronatus	Funneliformis coronatus:98.90,Funneliformis pilosus:97.91,Funneliformis caledonium:96.42,Funneliformis fragilistratum:96.28,Funneliformis geosporum:94.81
PX214476.1	Funneliformis coronatus | W111_12_886A	Funneliformis coronatus	main		assigned	Funneliformis coronatus	98.898	Funneliformis coronatus	1	Funneliformis coronatus	Funneliformis coronatus:98.90,Funneliformis pilosus:98.06,Funneliformis caledonium:96.42,Funneliformis fragilistratum:96.29,Funneliformis geosporum:94.81
PX214477.1	Funneliformis coronatus | W111_12_886A	Funneliformis coronatus	main		assigned	Funneliformis coronatus	99.174	Funneliformis coronatus	1	Funneliformis coronatus	Funneliformis coronatus:99.17,Funneliformis pilosus:98.21,Funneliformis caledonium:96.70,Funneliformis fragilistratum:96.56,Funneliformis geosporum:95.09
PX214478.1	Funneliformis coronatus | W111_12_886A	Funneliformis coronatus	main		assigned	Funneliformis coronatus	99.31	Funneliformis coronatus	1	Funneliformis coronatus	Funneliformis coronatus:99.31,Funneliformis pilosus:98.36,Funneliformis caledonium:96.83,Funneliformis fragilistratum:96.69,Funneliformis geosporum:95.23
PX214479.1	Funneliformis coronatus | W111_12_886A	Funneliformis coronatus	main		assigned	Funneliformis coronatus	99.036	Funneliformis coronatus	1	Funneliformis coronatus	Funneliformis coronatus:99.04,Funneliformis pilosus:98.06,Funneliformis caledonium:96.84,Funneliformis fragilistratum:96.70,Funneliformis geosporum:95.23
PX214480.1	Funneliformis coronatus | W111_12_886A	Funneliformis coronatus	main		assigned	Funneliformis coronatus	99.31	Funneliformis coronatus	1	Funneliformis coronatus	Funneliformis coronatus:99.31,Funneliformis pilosus:98.36,Funneliformis caledonium:96.83,Funneliformis fragilistratum:96.69,Funneliformis geosporum:95.23
PX214481.1	Funneliformis mosseae | C2	Funneliformis mosseae	main		assigned	Funneliformis coronatus	99.443	Funneliformis coronatus	1	Funneliformis coronatus	Funneliformis coronatus:99.44,Funneliformis caledonium:99.16,Funneliformis fragilistratum:96.97,Funneliformis mosseae:96.70,Funneliformis pilosus:95.67
PX214482.1	Funneliformis mosseae | C2	Funneliformis mosseae	main		assigned	Funneliformis coronatus	99.443	Funneliformis coronatus	1	Funneliformis coronatus	Funneliformis coronatus:99.44,Funneliformis caledonium:99.16,Funneliformis fragilistratum:96.97,Funneliformis mosseae:96.70,Funneliformis pilosus:95.67
PX214483.1	Funneliformis mosseae | C2	Funneliformis mosseae	main		assigned	Funneliformis coronatus	99.721	Funneliformis coronatus	1	Funneliformis coronatus	Funneliformis coronatus:99.72,Funneliformis caledonium:99.16,Funneliformis fragilistratum:96.69,Funneliformis mosseae:96.42,Funneliformis pilosus:95.67
PX214484.1	Funneliformis mosseae | C2	Funneliformis mosseae	main		assigned	Funneliformis coronatus	99.861	Funneliformis coronatus	1	Funneliformis coronatus	Funneliformis coronatus:99.86,Funneliformis caledonium:99.30,Funneliformis fragilistratum:96.83,Funneliformis mosseae:96.56,Funneliformis pilosus:95.82
PX214485.1	Funneliformis mosseae | C2	Funneliformis mosseae	main		assigned	Funneliformis coronatus	99.443	Funneliformis coronatus	1	Funneliformis coronatus	Funneliformis coronatus:99.44,Funneliformis caledonium:99.16,Funneliformis fragilistratum:96.97,Funneliformis mosseae:96.70,Funneliformis pilosus:95.67
PX214486.1	Funneliformis mosseae | 2101_50A	Funneliformis mosseae	main		assigned	Funneliformis coronatus	98.886	Funneliformis coronatus	1	Funneliformis coronatus	Funneliformis coronatus:98.89,Funneliformis caledonium:98.61,Funneliformis fragilistratum:96.14,Funneliformis mosseae:95.87,Funneliformis pilosus:95.08
PX214487.1	Funneliformis mosseae | 2101_50A	Funneliformis mosseae	main		assigned	Funneliformis coronatus	99.164	Funneliformis coronatus	1	Funneliformis coronatus	Funneliformis coronatus:99.16,Funneliformis caledonium:98.61,Funneliformis fragilistratum:96.41,Funneliformis mosseae:95.87,Funneliformis pilosus:95.37
PX214488.1	Funneliformis mosseae | 2101_50A	Funneliformis mosseae	main		assigned	Funneliformis coronatus	99.164	Funneliformis coronatus	1	Funneliformis coronatus	Funneliformis coronatus:99.16,Funneliformis caledonium:98.61,Funneliformis mosseae:96.14,Funneliformis fragilistratum:96.14,Funneliformis pilosus:95.08
PX214489.1	Funneliformis mosseae | 3502	Funneliformis mosseae	main		assigned	Funneliformis coronatus	99.582	Funneliformis coronatus	1	Funneliformis coronatus	Funneliformis coronatus:99.58,Funneliformis caledonium:99.03,Funneliformis fragilistratum:96.83,Funneliformis mosseae:96.56,Funneliformis pilosus:95.82
PX214490.1	Funneliformis mosseae | FEC30_219A	Funneliformis mosseae	main		assigned	Funneliformis coronatus	99.443	Funneliformis coronatus	1	Funneliformis coronatus	Funneliformis coronatus:99.44,Funneliformis caledonium:99.16,Funneliformis fragilistratum:97.24,Funneliformis mosseae:96.42,Funneliformis pilosus:96.12
PX214491.1	Funneliformis mosseae | 2101_50A	Funneliformis mosseae	main		assigned	Funneliformis coronatus	99.304	Funneliformis coronatus	1	Funneliformis coronatus	Funneliformis coronatus:99.30,Funneliformis caledonium:99.03,Funneliformis mosseae:96.56,Funneliformis fragilistratum:96.55,Funneliformis pilosus:95.37
PX214492.1	Funneliformis mosseae | W32_9_13A	Funneliformis mosseae	main		ambiguous		99.304	Funneliformis caledonium+Funneliformis fragilistratum,Funneliformis coronatus	2	Funneliformis caledonium+Funneliformis fragilistratum,Funneliformis coronatus	Funneliformis coronatus:99.30,Funneliformis caledonium:99.30,Funneliformis fragilistratum:96.83,Funneliformis mosseae:96.56,Funneliformis pilosus:95.67
PX214493.1	Funneliformis mosseae | 3502	Funneliformis mosseae	main		ambiguous		99.443	Funneliformis caledonium+Funneliformis fragilistratum,Funneliformis coronatus	2	Funneliformis coronatus	Funneliformis coronatus:99.44,Funneliformis caledonium:99.44,Funneliformis fragilistratum:96.97,Funneliformis mosseae:96.42,Funneliformis pilosus:95.82
PX214494.1	Funneliformis mosseae | 3502	Funneliformis mosseae	main		assigned	Funneliformis coronatus	99.164	Funneliformis coronatus	1	Funneliformis coronatus	Funneliformis coronatus:99.16,Funneliformis caledonium:98.89,Funneliformis fragilistratum:96.97,Funneliformis mosseae:96.15,Funneliformis pilosus:95.97
PX214495.1	Funneliformis mosseae | W32_9_13A	Funneliformis mosseae	main		ambiguous		99.443	Funneliformis caledonium+Funneliformis fragilistratum,Funneliformis coronatus	2	Funneliformis caledonium+Funneliformis fragilistratum,Funneliformis coronatus	Funneliformis coronatus:99.44,Funneliformis caledonium:99.44,Funneliformis fragilistratum:96.97,Funneliformis mosseae:96.29,Funneliformis pilosus:95.82
PX214496.1	Funneliformis mosseae | W32_9_13A	Funneliformis mosseae	main		ambiguous		99.443	Funneliformis caledonium+Funneliformis fragilistratum,Funneliformis coronatus	2	Funneliformis caledonium+Funneliformis fragilistratum,Funneliformis coronatus	Funneliformis coronatus:99.44,Funneliformis caledonium:99.44,Funneliformis fragilistratum:96.97,Funneliformis mosseae:96.29,Funneliformis pilosus:95.82
PX214497.1	Funneliformis mosseae | W32_9_13A	Funneliformis mosseae	main		ambiguous		99.443	Funneliformis caledonium+Funneliformis fragilistratum,Funneliformis coronatus	2	Funneliformis caledonium+Funneliformis fragilistratum,Funneliformis coronatus	Funneliformis coronatus:99.44,Funneliformis caledonium:99.44,Funneliformis fragilistratum:96.97,Funneliformis mosseae:96.42,Funneliformis pilosus:95.82
PX214498.1	Funneliformis mosseae | W32_9_13A	Funneliformis mosseae	main		ambiguous		99.304	Funneliformis caledonium+Funneliformis fragilistratum,Funneliformis coronatus	2	Funneliformis caledonium+Funneliformis fragilistratum,Funneliformis coronatus	Funneliformis coronatus:99.30,Funneliformis caledonium:99.30,Funneliformis fragilistratum:96.83,Funneliformis mosseae:96.56,Funneliformis pilosus:95.67
PX214499.1	Funneliformis mosseae | 2101_50A	Funneliformis mosseae	main		assigned	Funneliformis coronatus	99.443	Funneliformis coronatus	1	Funneliformis coronatus	Funneliformis coronatus:99.44,Funneliformis caledonium:99.16,Funneliformis mosseae:96.70,Funneliformis fragilistratum:96.69,Funneliformis pilosus:95.52
PX214500.1	Funneliformis mosseae | 2101_50A	Funneliformis mosseae	main		assigned	Funneliformis coronatus	99.443	Funneliformis coronatus	1	Funneliformis coronatus	Funneliformis coronatus:99.44,Funneliformis caledonium:99.16,Funneliformis mosseae:96.70,Funneliformis fragilistratum:96.69,Funneliformis pilosus:95.52
PX214501.1	Funneliformis mosseae | 2101_50A	Funneliformis mosseae	main		assigned	Funneliformis coronatus	99.304	Funneliformis coronatus	1	Funneliformis coronatus	Funneliformis coronatus:99.30,Funneliformis caledonium:99.03,Funneliformis fragilistratum:96.83,Funneliformis mosseae:96.56,Funneliformis pilosus:95.67
PX214502.1	Funneliformis mosseae | 198394_123A	Funneliformis mosseae	main		assigned	Funneliformis coronatus	99.164	Funneliformis coronatus	1	Funneliformis coronatus	Funneliformis coronatus:99.16,Funneliformis caledonium:98.89,Funneliformis fragilistratum:96.69,Funneliformis mosseae:96.42,Funneliformis pilosus:95.81
PX214503.1	Funneliformis mosseae | 2252_723A	Funneliformis mosseae	main		assigned	Funneliformis coronatus	99.164	Funneliformis coronatus	1	Funneliformis coronatus	Funneliformis coronatus:99.16,Funneliformis caledonium:98.89,Funneliformis mosseae:96.69,Funneliformis fragilistratum:96.41,Funneliformis pilosus:95.52
PX214504.1	Funneliformis mosseae | 2252_723A	Funneliformis mosseae	main		ambiguous		99.304	Funneliformis caledonium+Funneliformis fragilistratum,Funneliformis coronatus	2	Funneliformis coronatus	Funneliformis coronatus:99.30,Funneliformis caledonium:99.30,Funneliformis mosseae:96.56,Funneliformis fragilistratum:96.55,Funneliformis pilosus:95.37
PX214505.1	Funneliformis mosseae | 2252_723A	Funneliformis mosseae	main		assigned	Funneliformis coronatus	99.443	Funneliformis coronatus	1	Funneliformis coronatus	Funneliformis coronatus:99.44,Funneliformis caledonium:99.16,Funneliformis fragilistratum:96.97,Funneliformis mosseae:96.69,Funneliformis pilosus:96.11
PX214506.1	Funneliformis mosseae | 198394_123A	Funneliformis mosseae	main		ambiguous		99.164	Funneliformis caledonium+Funneliformis fragilistratum,Funneliformis coronatus	2	Funneliformis coronatus	Funneliformis coronatus:99.16,Funneliformis caledonium:99.16,Funneliformis fragilistratum:96.41,Funneliformis mosseae:96.15,Funneliformis pilosus:95.22
PX214507.1	Funneliformis mosseae | 2252_723A	Funneliformis mosseae	main		ambiguous		99.164	Funneliformis caledonium+Funneliformis fragilistratum,Funneliformis coronatus	2	Funneliformis coronatus	Funneliformis coronatus:99.16,Funneliformis caledonium:99.16,Funneliformis fragilistratum:96.41,Funneliformis mosseae:96.15,Funneliformis pilosus:95.22
PX214508.1	Funneliformis mosseae | 2252_723A	Funneliformis mosseae	main		ambiguous		99.304	Funneliformis caledonium+Funneliformis fragilistratum,Funneliformis coronatus	2	Funneliformis coronatus	Funneliformis coronatus:99.30,Funneliformis caledonium:99.30,Funneliformis fragilistratum:96.55,Funneliformis mosseae:96.29,Funneliformis pilosus:95.37
PX214509.1	Funneliformis mosseae | 2252_723A	Funneliformis mosseae	main		assigned	Funneliformis coronatus	99.443	Funneliformis coronatus	1	Funneliformis coronatus	Funneliformis coronatus:99.44,Funneliformis caledonium:99.16,Funneliformis fragilistratum:96.97,Funneliformis mosseae:96.69,Funneliformis pilosus:96.11
PX214510.1	Funneliformis mosseae | 2252_723A	Funneliformis mosseae	main		assigned	Funneliformis coronatus	99.164	Funneliformis coronatus	1	Funneliformis coronatus	Funneliformis coronatus:99.16,Funneliformis caledonium:98.89,Funneliformis fragilistratum:96.69,Funneliformis mosseae:96.42,Funneliformis pilosus:95.81
PX214511.1	Funneliformis mosseae | 198394_123A	Funneliformis mosseae	main		assigned	Funneliformis coronatus	99.164	Funneliformis coronatus	1	Funneliformis coronatus	Funneliformis coronatus:99.16,Funneliformis caledonium:98.89,Funneliformis fragilistratum:96.41,Funneliformis mosseae:96.15,Funneliformis pilosus:95.22
PX214512.1	Funneliformis mosseae | 198394_123A	Funneliformis mosseae	main		ambiguous		99.304	Funneliformis caledonium+Funneliformis fragilistratum,Funneliformis coronatus	2	Funneliformis coronatus	Funneliformis coronatus:99.30,Funneliformis caledonium:99.30,Funneliformis fragilistratum:96.55,Funneliformis mosseae:96.29,Funneliformis pilosus:95.37
PX214513.1	Funneliformis mosseae | 2252_723A	Funneliformis mosseae	main		ambiguous		99.164	Funneliformis caledonium+Funneliformis fragilistratum,Funneliformis coronatus	2	Funneliformis coronatus	Funneliformis coronatus:99.16,Funneliformis caledonium:99.16,Funneliformis fragilistratum:96.41,Funneliformis mosseae:96.15,Funneliformis pilosus:95.22
PX214514.1	Funneliformis mosseae | 198394_123A	Funneliformis mosseae	main		assigned	Funneliformis coronatus	99.164	Funneliformis coronatus	1	Funneliformis coronatus	Funneliformis coronatus:99.16,Funneliformis caledonium:98.89,Funneliformis fragilistratum:96.41,Funneliformis mosseae:96.15,Funneliformis pilosus:95.22
PX214515.1	Funneliformis mosseae | 198394_123A	Funneliformis mosseae	main		ambiguous		99.304	Funneliformis caledonium+Funneliformis fragilistratum,Funneliformis coronatus	2	Funneliformis coronatus	Funneliformis coronatus:99.30,Funneliformis caledonium:99.30,Funneliformis fragilistratum:96.55,Funneliformis mosseae:96.01,Funneliformis pilosus:95.37
PX214516.1	Funneliformis mosseae | 198394_123A	Funneliformis mosseae	main		ambiguous		99.582	Funneliformis caledonium+Funneliformis fragilistratum,Funneliformis coronatus	2	Funneliformis coronatus	Funneliformis coronatus:99.58,Funneliformis caledonium:99.58,Funneliformis fragilistratum:96.83,Funneliformis mosseae:96.56,Funneliformis pilosus:95.67
PX214517.1	Funneliformis mosseae | 2252_723A	Funneliformis mosseae	main		ambiguous		99.582	Funneliformis caledonium+Funneliformis fragilistratum,Funneliformis coronatus	2	Funneliformis coronatus	Funneliformis coronatus:99.58,Funneliformis caledonium:99.58,Funneliformis fragilistratum:96.83,Funneliformis mosseae:96.56,Funneliformis pilosus:95.67
PX214518.1	Funneliformis mosseae | W32_9_13A	Funneliformis mosseae	main		ambiguous		99.443	Funneliformis caledonium+Funneliformis fragilistratum,Funneliformis coronatus	2	Funneliformis caledonium+Funneliformis fragilistratum,Funneliformis coronatus	Funneliformis coronatus:99.44,Funneliformis caledonium:99.44,Funneliformis fragilistratum:96.97,Funneliformis mosseae:96.42,Funneliformis pilosus:95.82
PX214519.1	Funneliformis mosseae | W32_9_13A	Funneliformis mosseae	main		ambiguous		99.443	Funneliformis caledonium+Funneliformis fragilistratum,Funneliformis coronatus	2	Funneliformis caledonium+Funneliformis fragilistratum,Funneliformis coronatus	Funneliformis coronatus:99.44,Funneliformis caledonium:99.44,Funneliformis fragilistratum:96.97,Funneliformis mosseae:96.42,Funneliformis pilosus:95.82
PX214520.1	Funneliformis mosseae | W32_9_13A	Funneliformis mosseae	main		ambiguous		99.443	Funneliformis caledonium+Funneliformis fragilistratum,Funneliformis coronatus	2	Funneliformis caledonium+Funneliformis fragilistratum,Funneliformis coronatus	Funneliformis coronatus:99.44,Funneliformis caledonium:99.44,Funneliformis fragilistratum:96.97,Funneliformis mosseae:96.42,Funneliformis pilosus:95.82
PX214521.1	Funneliformis mosseae | 3502	Funneliformis mosseae	main		ambiguous		99.582	Funneliformis caledonium+Funneliformis fragilistratum,Funneliformis coronatus	2	Funneliformis coronatus	Funneliformis coronatus:99.58,Funneliformis caledonium:99.58,Funneliformis fragilistratum:96.83,Funneliformis mosseae:96.56,Funneliformis pilosus:95.67
PX214522.1	Funneliformis mosseae | 4344_272A	Funneliformis mosseae	main		ambiguous		98.886	Funneliformis caledonium+Funneliformis fragilistratum,Funneliformis coronatus	2	Funneliformis coronatus	Funneliformis coronatus:98.89,Funneliformis caledonium:98.89,Funneliformis fragilistratum:96.41,Funneliformis mosseae:96.15,Funneliformis pilosus:95.08
PX214523.1	Funneliformis mosseae | 4344_272A	Funneliformis mosseae	main		ambiguous		98.886	Funneliformis caledonium+Funneliformis fragilistratum,Funneliformis coronatus	2	Funneliformis coronatus	Funneliformis coronatus:98.89,Funneliformis caledonium:98.89,Funneliformis fragilistratum:96.41,Funneliformis mosseae:96.15,Funneliformis pilosus:95.08
PX214524.1	Funneliformis mosseae | 4344_272A	Funneliformis mosseae	main		assigned	Funneliformis coronatus	99.164	Funneliformis coronatus	1	Funneliformis coronatus	Funneliformis coronatus:99.16,Funneliformis caledonium:98.89,Funneliformis fragilistratum:96.69,Funneliformis mosseae:96.42,Funneliformis pilosus:95.52
PX214525.1	Funneliformis mosseae | 4344_272A	Funneliformis mosseae	main		ambiguous		98.886	Funneliformis caledonium+Funneliformis fragilistratum,Funneliformis coronatus	2	Funneliformis coronatus	Funneliformis coronatus:98.89,Funneliformis caledonium:98.89,Funneliformis fragilistratum:96.69,Funneliformis mosseae:96.15,Funneliformis pilosus:95.37
PX214526.1	Funneliformis mosseae | CHB4_Fmos	Funneliformis mosseae	main		assigned	Funneliformis coronatus	100.0	Funneliformis coronatus	1	Funneliformis coronatus	Funneliformis coronatus:100.00,Funneliformis caledonium:99.44,Funneliformis fragilistratum:96.97,Funneliformis mosseae:96.42,Funneliformis pilosus:95.97
PX214527.1	Funneliformis mosseae | CHB4_Fmos	Funneliformis mosseae	main		assigned	Funneliformis coronatus	99.861	Funneliformis coronatus	1	Funneliformis coronatus	Funneliformis coronatus:99.86,Funneliformis caledonium:99.30,Funneliformis fragilistratum:96.83,Funneliformis mosseae:96.56,Funneliformis pilosus:95.82
PX214528.1	Funneliformis mosseae | CHB4_Fmos	Funneliformis mosseae	main		assigned	Funneliformis coronatus	99.861	Funneliformis coronatus	1	Funneliformis coronatus	Funneliformis coronatus:99.86,Funneliformis caledonium:99.30,Funneliformis fragilistratum:96.83,Funneliformis mosseae:96.29,Funneliformis pilosus:95.97
PX214529.1	Funneliformis mosseae | CHB4_Fmos	Funneliformis mosseae	main		assigned	Funneliformis coronatus	99.721	Funneliformis coronatus	1	Funneliformis coronatus	Funneliformis coronatus:99.72,Funneliformis caledonium:99.16,Funneliformis fragilistratum:96.97,Funneliformis mosseae:96.15,Funneliformis pilosus:95.97
PX214530.1	Funneliformis mosseae | CHB4_Fmos	Funneliformis mosseae	main		assigned	Funneliformis coronatus	99.861	Funneliformis coronatus	1	Funneliformis coronatus	Funneliformis coronatus:99.86,Funneliformis caledonium:99.30,Funneliformis fragilistratum:96.83,Funneliformis mosseae:96.29,Funneliformis pilosus:95.97
PX214531.1	Funneliformis mosseae | CHB4_Fmos	Funneliformis mosseae	main		assigned	Funneliformis coronatus	99.305	Funneliformis coronatus	1	Funneliformis coronatus	Funneliformis coronatus:99.31,Funneliformis caledonium:98.75,Funneliformis fragilistratum:96.56,Funneliformis mosseae:96.29,Funneliformis pilosus:95.23
PX214532.1	Funneliformis mosseae | FEC30_219A	Funneliformis mosseae	main		assigned	Funneliformis coronatus	99.304	Funneliformis coronatus	1	Funneliformis coronatus	Funneliformis coronatus:99.30,Funneliformis caledonium:99.03,Funneliformis fragilistratum:96.69,Funneliformis mosseae:96.56,Funneliformis pilosus:95.52
PX214533.1	Funneliformis mosseae | FEC30_219A	Funneliformis mosseae	main		assigned	Funneliformis coronatus	99.443	Funneliformis coronatus	1	Funneliformis coronatus	Funneliformis coronatus:99.44,Funneliformis caledonium:99.16,Funneliformis fragilistratum:96.83,Funneliformis mosseae:96.70,Funneliformis pilosus:95.82
PX214534.1	Funneliformis mosseae | FEC30_219A	Funneliformis mosseae	main		assigned	Funneliformis coronatus	99.443	Funneliformis coronatus	1	Funneliformis coronatus	Funneliformis coronatus:99.44,Funneliformis caledonium:99.16,Funneliformis fragilistratum:96.83,Funneliformis mosseae:96.70,Funneliformis pilosus:95.82
PX214535.1	Funneliformis mosseae | FEC30_219A	Funneliformis mosseae	main		assigned	Funneliformis coronatus	99.582	Funneliformis coronatus	1	Funneliformis coronatus	Funneliformis coronatus:99.58,Funneliformis caledonium:99.30,Funneliformis mosseae:96.84,Funneliformis fragilistratum:96.83,Funneliformis pilosus:95.67
PX214536.1	Funneliformis mosseae | FEC30_219A	Funneliformis mosseae	main		assigned	Funneliformis coronatus	99.305	Funneliformis coronatus	1	Funneliformis coronatus	Funneliformis coronatus:99.31,Funneliformis caledonium:99.03,Funneliformis mosseae:96.57,Funneliformis fragilistratum:96.56,Funneliformis pilosus:95.38
PX214537.1	Funneliformis mosseae | CHB4_Fmos	Funneliformis mosseae	main		assigned	Funneliformis coronatus	99.582	Funneliformis coronatus	1	Funneliformis coronatus	Funneliformis coronatus:99.58,Funneliformis caledonium:99.03,Funneliformis fragilistratum:96.55,Funneliformis mosseae:96.29,Funneliformis pilosus:95.67
PX214538.1	Funneliformis mosseae | CHB4_Fmos	Funneliformis mosseae	main		assigned	Funneliformis coronatus	99.861	Funneliformis coronatus	1	Funneliformis coronatus	Funneliformis coronatus:99.86,Funneliformis caledonium:99.30,Funneliformis fragilistratum:96.83,Funneliformis mosseae:96.29,Funneliformis pilosus:95.82
PX214539.1	Funneliformis mosseae | CHB4_Fmos	Funneliformis mosseae	main		assigned	Funneliformis coronatus	99.305	Funneliformis coronatus	1	Funneliformis coronatus	Funneliformis coronatus:99.31,Funneliformis caledonium:98.75,Funneliformis fragilistratum:96.56,Funneliformis mosseae:96.29,Funneliformis pilosus:95.23
PX214540.1	Funneliformis mosseae | CHB4_Fmos	Funneliformis mosseae	main		assigned	Funneliformis coronatus	99.861	Funneliformis coronatus	1	Funneliformis coronatus	Funneliformis coronatus:99.86,Funneliformis caledonium:99.30,Funneliformis fragilistratum:96.83,Funneliformis mosseae:96.56,Funneliformis pilosus:95.82
PX214541.1	Funneliformis mosseae | 3502	Funneliformis mosseae	main		assigned	Funneliformis coronatus	99.164	Funneliformis coronatus	1	Funneliformis coronatus	Funneliformis coronatus:99.16,Funneliformis caledonium:98.61,Funneliformis fragilistratum:97.10,Funneliformis pilosus:95.97,Funneliformis mosseae:95.87
PX214542.1	Funneliformis mosseae | 2101_50A	Funneliformis mosseae	main		assigned	Funneliformis coronatus	99.443	Funneliformis coronatus	1	Funneliformis coronatus	Funneliformis coronatus:99.44,Funneliformis caledonium:99.16,Funneliformis fragilistratum:96.97,Funneliformis mosseae:96.42,Funneliformis pilosus:95.82
PX214543.1	Funneliformis mosseae | 2101_50A	Funneliformis mosseae	main		assigned	Funneliformis coronatus	99.443	Funneliformis coronatus	1	Funneliformis coronatus	Funneliformis coronatus:99.44,Funneliformis caledonium:99.16,Funneliformis fragilistratum:96.97,Funneliformis mosseae:96.42,Funneliformis pilosus:95.82
PX214544.1	Funneliformis mosseae | CHB1_Fmos	Funneliformis mosseae	main		assigned	Funneliformis coronatus	98.468	Funneliformis coronatus	1	Funneliformis coronatus	Funneliformis coronatus:98.47,Funneliformis caledonium:98.19,Funneliformis fragilistratum:96.41,Funneliformis mosseae:96.15,Funneliformis pilosus:95.52
PX214545.1	Funneliformis mosseae | CHB1_Fmos	Funneliformis mosseae	main		assigned	Funneliformis coronatus	98.611	Funneliformis coronatus	1	Funneliformis coronatus	Funneliformis coronatus:98.61,Funneliformis caledonium:98.33,Funneliformis fragilistratum:96.84,Funneliformis mosseae:96.30,Funneliformis pilosus:95.98
PX214546.1	Funneliformis mosseae | CHB1_Fmos	Funneliformis mosseae	main		assigned	Funneliformis coronatus	98.887	Funneliformis coronatus	1	Funneliformis coronatus	Funneliformis coronatus:98.89,Funneliformis caledonium:98.61,Funneliformis fragilistratum:96.83,Funneliformis mosseae:96.57,Funneliformis pilosus:95.67
PX214547.1	Funneliformis mosseae | CHB1_Fmos	Funneliformis mosseae	main		assigned	Funneliformis coronatus	98.886	Funneliformis coronatus	1	Funneliformis coronatus	Funneliformis coronatus:98.89,Funneliformis caledonium:98.61,Funneliformis fragilistratum:96.83,Funneliformis mosseae:96.56,Funneliformis pilosus:95.67
PX214548.1	Funneliformis mosseae | CHB1_Fmos	Funneliformis mosseae	main		assigned	Funneliformis coronatus	98.747	Funneliformis coronatus	1	Funneliformis coronatus	Funneliformis coronatus:98.75,Funneliformis caledonium:98.47,Funneliformis fragilistratum:97.24,Funneliformis mosseae:96.42,Funneliformis pilosus:95.67
PX214549.1	Funneliformis mosseae | CHB1_Fmos	Funneliformis mosseae	main		assigned	Funneliformis coronatus	99.164	Funneliformis coronatus	1	Funneliformis coronatus	Funneliformis coronatus:99.16,Funneliformis caledonium:98.89,Funneliformis fragilistratum:97.24,Funneliformis mosseae:96.70,Funneliformis pilosus:95.97
PX214550.1	Funneliformis mosseae | CHB1_Fmos	Funneliformis mosseae	main		assigned	Funneliformis coronatus	99.164	Funneliformis coronatus	1	Funneliformis coronatus	Funneliformis coronatus:99.16,Funneliformis caledonium:98.89,Funneliformis fragilistratum:97.24,Funneliformis mosseae:96.70,Funneliformis pilosus:95.97
PX214551.1	Funneliformis mosseae | CHB1_Fmos	Funneliformis mosseae	main		assigned	Funneliformis coronatus	99.025	Funneliformis coronatus	1	Funneliformis coronatus	Funneliformis coronatus:99.03,Funneliformis caledonium:98.75,Funneliformis fragilistratum:97.24,Funneliformis mosseae:96.70,Funneliformis pilosus:95.97
PX214552.1	Funneliformis mosseae | CHB1_Fmos	Funneliformis mosseae	main		assigned	Funneliformis coronatus	99.025	Funneliformis coronatus	1	Funneliformis coronatus	Funneliformis coronatus:99.03,Funneliformis caledonium:98.75,Funneliformis fragilistratum:96.97,Funneliformis mosseae:96.70,Funneliformis pilosus:95.67
PX214553.1	Funneliformis mosseae | CHB1_Fmos	Funneliformis mosseae	main		assigned	Funneliformis coronatus	98.886	Funneliformis coronatus	1	Funneliformis coronatus	Funneliformis coronatus:98.89,Funneliformis caledonium:98.61,Funneliformis fragilistratum:96.55,Funneliformis mosseae:96.29,Funneliformis pilosus:95.82
PX214554.1	Funneliformis mosseae | CHB4_Fmos	Funneliformis mosseae	main		assigned	Funneliformis coronatus	98.886	Funneliformis coronatus	1	Funneliformis coronatus	Funneliformis coronatus:98.89,Funneliformis caledonium:98.61,Funneliformis fragilistratum:96.55,Funneliformis mosseae:96.29,Funneliformis pilosus:95.82
PX214555.1	Funneliformis mosseae | CHB1_Fmos	Funneliformis mosseae	main		assigned	Funneliformis coronatus	98.886	Funneliformis coronatus	1	Funneliformis coronatus	Funneliformis coronatus:98.89,Funneliformis caledonium:98.61,Funneliformis fragilistratum:96.55,Funneliformis mosseae:96.29,Funneliformis pilosus:95.82
PX214556.1	Funneliformis mosseae | CHB1_Fmos	Funneliformis mosseae	main		assigned	Funneliformis coronatus	99.025	Funneliformis coronatus	1	Funneliformis coronatus	Funneliformis coronatus:99.03,Funneliformis caledonium:98.75,Funneliformis fragilistratum:96.97,Funneliformis mosseae:96.70,Funneliformis pilosus:95.82
PX214557.1	Funneliformis mosseae | CHB1_Fmos	Funneliformis mosseae	main		assigned	Funneliformis coronatus	99.025	Funneliformis coronatus	1	Funneliformis coronatus	Funneliformis coronatus:99.03,Funneliformis caledonium:98.75,Funneliformis fragilistratum:96.97,Funneliformis mosseae:96.70,Funneliformis pilosus:95.82
PX214558.1	Funneliformis mosseae | CHB1_Fmos	Funneliformis mosseae	main		assigned	Funneliformis coronatus	99.025	Funneliformis coronatus	1	Funneliformis coronatus	Funneliformis coronatus:99.03,Funneliformis caledonium:98.75,Funneliformis mosseae:96.29,Funneliformis fragilistratum:96.28,Funneliformis pilosus:95.37
PX214559.1	Funneliformis mosseae | CHB3_Fmos	Funneliformis mosseae	main		assigned	Funneliformis coronatus	99.582	Funneliformis coronatus	1	Funneliformis coronatus	Funneliformis coronatus:99.58,Funneliformis caledonium:99.30,Funneliformis fragilistratum:97.10,Funneliformis mosseae:96.56,Funneliformis pilosus:95.97
PX214560.1	Funneliformis mosseae | CHB3_Fmos	Funneliformis mosseae	main		assigned	Funneliformis coronatus	99.582	Funneliformis coronatus	1	Funneliformis coronatus	Funneliformis coronatus:99.58,Funneliformis caledonium:99.30,Funneliformis fragilistratum:97.10,Funneliformis mosseae:96.56,Funneliformis pilosus:95.97
PX214561.1	Funneliformis mosseae | CHB3_Fmos	Funneliformis mosseae	main		assigned	Funneliformis coronatus	99.861	Funneliformis coronatus	1	Funneliformis coronatus	Funneliformis coronatus:99.86,Funneliformis caledonium:99.30,Funneliformis fragilistratum:96.83,Funneliformis mosseae:96.56,Funneliformis pilosus:95.82
PX214562.1	Funneliformis mosseae | 4344_272A	Funneliformis mosseae	main		assigned	Funneliformis coronatus	99.164	Funneliformis coronatus	1	Funneliformis coronatus	Funneliformis coronatus:99.16,Funneliformis caledonium:98.89,Funneliformis fragilistratum:96.69,Funneliformis mosseae:96.15,Funneliformis pilosus:95.52
PX214563.1	Funneliformis mosseae | 4344_272A	Funneliformis mosseae	main		ambiguous		98.886	Funneliformis caledonium+Funneliformis fragilistratum,Funneliformis coronatus	2	Funneliformis coronatus	Funneliformis coronatus:98.89,Funneliformis caledonium:98.89,Funneliformis fragilistratum:96.41,Funneliformis mosseae:96.15,Funneliformis pilosus:95.08
PX214564.1	Funneliformis mosseae | 4344_272A	Funneliformis mosseae	main		ambiguous		99.025	Funneliformis caledonium+Funneliformis fragilistratum,Funneliformis coronatus	2	Funneliformis coronatus	Funneliformis coronatus:99.03,Funneliformis caledonium:99.03,Funneliformis fragilistratum:96.55,Funneliformis mosseae:96.01,Funneliformis pilosus:95.22
PX214565.1	Funneliformis mosseae | 4344_272A	Funneliformis mosseae	main		assigned	Funneliformis coronatus	99.164	Funneliformis coronatus	1	Funneliformis coronatus	Funneliformis coronatus:99.16,Funneliformis caledonium:98.89,Funneliformis fragilistratum:96.69,Funneliformis mosseae:96.15,Funneliformis pilosus:95.52
PX214566.1	Funneliformis mosseae | 4344_272A	Funneliformis mosseae	main		assigned	Funneliformis coronatus	99.443	Funneliformis coronatus	1	Funneliformis coronatus	Funneliformis coronatus:99.44,Funneliformis caledonium:99.16,Funneliformis fragilistratum:96.69,Funneliformis mosseae:96.42,Funneliformis pilosus:95.52
PX214567.1	Funneliformis mosseae | 4344_272A	Funneliformis mosseae	main		assigned	Funneliformis coronatus	99.025	Funneliformis coronatus	1	Funneliformis coronatus	Funneliformis coronatus:99.03,Funneliformis caledonium:98.75,Funneliformis fragilistratum:96.69,Funneliformis mosseae:96.29,Funneliformis pilosus:95.37
PX214568.1	Funneliformis mosseae | CHB1_Fmos	Funneliformis mosseae	main		assigned	Funneliformis coronatus	99.025	Funneliformis coronatus	1	Funneliformis coronatus	Funneliformis coronatus:99.03,Funneliformis caledonium:98.75,Funneliformis fragilistratum:96.97,Funneliformis mosseae:96.70,Funneliformis pilosus:95.82
PX214569.1	Funneliformis mosseae | W32_9_13A	Funneliformis mosseae	main		ambiguous		99.305	Funneliformis caledonium+Funneliformis fragilistratum,Funneliformis coronatus	2	Funneliformis caledonium+Funneliformis fragilistratum,Funneliformis coronatus	Funneliformis coronatus:99.31,Funneliformis caledonium:99.31,Funneliformis fragilistratum:96.83,Funneliformis mosseae:96.29,Funneliformis pilosus:95.68
PX214570.1	Funneliformis mosseae | CHB1_Fmos	Funneliformis mosseae	main		assigned	Funneliformis coronatus	98.329	Funneliformis coronatus	1	Funneliformis coronatus	Funneliformis coronatus:98.33,Funneliformis caledonium:98.05,Funneliformis fragilistratum:96.28,Funneliformis mosseae:95.74,Funneliformis pilosus:95.08
PX214571.1	Funneliformis mosseae | CHB1_Fmos	Funneliformis mosseae	main		assigned	Funneliformis coronatus	98.747	Funneliformis coronatus	1	Funneliformis coronatus	Funneliformis coronatus:98.75,Funneliformis caledonium:98.47,Funneliformis fragilistratum:96.69,Funneliformis mosseae:96.42,Funneliformis pilosus:95.67
PX214572.1	Septoglomus viscosum | CW0029_4028A	Septoglomus viscosum	main		assigned	Septoglomus Viscospora viscosa	97.768	Septoglomus Viscospora viscosa	1	Septoglomus Viscospora viscosa	Septoglomus Viscospora viscosa:97.77,Septoglomus titan:92.33,Septoglomus Viscospora peruviscosa:91.87,Septoglomus deserticola:91.26,Septoglomus mexicanum:90.93
PX214573.1	Septoglomus viscosum | MD215_360A	Septoglomus viscosum	main		assigned	Septoglomus Viscospora viscosa	97.908	Septoglomus Viscospora viscosa	1	Septoglomus Viscospora viscosa	Septoglomus Viscospora viscosa:97.91,Septoglomus titan:92.33,Septoglomus Viscospora peruviscosa:92.01,Septoglomus deserticola:91.40,Septoglomus mexicanum:91.07
PX214574.1	Septoglomus viscosum | MD215_360A	Septoglomus viscosum	main		assigned	Septoglomus Viscospora viscosa	97.908	Septoglomus Viscospora viscosa	1	Septoglomus Viscospora viscosa	Septoglomus Viscospora viscosa:97.91,Septoglomus titan:92.76,Septoglomus Viscospora peruviscosa:92.01,Septoglomus deserticola:91.40,Septoglomus mexicanum:90.80
PX214575.1	Septoglomus viscosum | MD215_360A	Septoglomus viscosum	main		assigned	Septoglomus Viscospora viscosa	97.768	Septoglomus Viscospora viscosa	1	Septoglomus Viscospora viscosa	Septoglomus Viscospora viscosa:97.77,Septoglomus titan:92.33,Septoglomus Viscospora peruviscosa:91.87,Septoglomus deserticola:91.26,Septoglomus mexicanum:90.93
PX214576.1	Septoglomus viscosum | W375_18_642E	Septoglomus viscosum	main		assigned	Septoglomus Viscospora viscosa	97.354	Septoglomus Viscospora viscosa	1	Septoglomus Viscospora viscosa	Septoglomus Viscospora viscosa:97.35,Septoglomus Viscospora peruviscosa:91.75,Septoglomus deserticola:91.26,Septoglomus titan:91.03,Septoglomus mexicanum:90.51
PX214577.1	Septoglomus viscosum | W375_18_642E	Septoglomus viscosum	main		assigned	Septoglomus Viscospora viscosa	98.05	Septoglomus Viscospora viscosa	1	Septoglomus Viscospora viscosa	Septoglomus Viscospora viscosa:98.05,Septoglomus titan:91.89,Septoglomus Viscospora peruviscosa:91.61,Septoglomus deserticola:91.27,Septoglomus mexicanum:90.93
PX214578.1	Septoglomus viscosum | CW0029_4028A	Septoglomus viscosum	main		assigned	Septoglomus Viscospora viscosa	97.493	Septoglomus Viscospora viscosa	1	Septoglomus Viscospora viscosa	Septoglomus Viscospora viscosa:97.49,Septoglomus titan:91.69,Septoglomus Viscospora peruviscosa:91.20,Septoglomus deserticola:90.27,Septoglomus xanthium:90.27
PX214579.1	Septoglomus viscosum | W375_18_642E	Septoglomus viscosum	main		assigned	Septoglomus Viscospora viscosa	98.05	Septoglomus Viscospora viscosa	1	Septoglomus Viscospora viscosa	Septoglomus Viscospora viscosa:98.05,Septoglomus Viscospora peruviscosa:91.88,Septoglomus titan:91.47,Septoglomus xanthium:91.05,Septoglomus mexicanum:90.92
PX214580.1	Septoglomus viscosum | CW0002_4001A	Septoglomus viscosum	main		unassigned				0		Septoglomus Viscospora viscosa:96.83,Septoglomus titan:92.12,Septoglomus Viscospora peruviscosa:91.21,Septoglomus xanthium:90.25,Septoglomus mexicanum:89.88
PX214581.1	Septoglomus viscosum | CW0002_4001A	Septoglomus viscosum	main		unassigned				0		Septoglomus Viscospora viscosa:96.83,Septoglomus titan:92.12,Septoglomus Viscospora peruviscosa:91.21,Septoglomus xanthium:90.25,Septoglomus mexicanum:89.88
PX214582.1	Septoglomus viscosum | CW0002_4001A	Septoglomus viscosum	main		unassigned				0		Septoglomus Viscospora viscosa:96.83,Septoglomus titan:92.12,Septoglomus Viscospora peruviscosa:91.21,Septoglomus xanthium:90.25,Septoglomus mexicanum:89.88
PX214583.1	Septoglomus viscosum | W375_18_642E	Septoglomus viscosum	divergent	short_5.8S	assigned	Septoglomus Viscospora viscosa	98.887	Septoglomus Viscospora viscosa	1	Septoglomus Viscospora viscosa	Septoglomus Viscospora viscosa:98.89,Septoglomus Viscospora peruviscosa:90.78,Septoglomus titan:90.59,Septoglomus deserticola:89.87,Septoglomus mexicanum:89.73
PX214584.1	Septoglomus sp. | 5070_5024A	Septoglomus sp.	main		assigned	Septoglomus Viscospora peruviscosa	97.802	Septoglomus Viscospora peruviscosa	1	Septoglomus Viscospora peruviscosa	Septoglomus Viscospora peruviscosa:97.80,Septoglomus Viscospora viscosa:91.79,Septoglomus titan:91.48,Septoglomus xanthium:90.66,Septoglomus fuscum:89.88
PX214585.1	Septoglomus sp. | C4	Septoglomus sp.	main		assigned	Septoglomus Viscospora peruviscosa	97.802	Septoglomus Viscospora peruviscosa	1	Septoglomus Viscospora peruviscosa	Septoglomus Viscospora peruviscosa:97.80,Septoglomus Viscospora viscosa:91.79,Septoglomus titan:91.48,Septoglomus xanthium:90.66,Septoglomus fuscum:89.88
PX214586.1	Septoglomus sp. | 5070_5024A	Septoglomus sp.	main		assigned	Septoglomus Viscospora peruviscosa	99.587	Septoglomus Viscospora peruviscosa	1	Septoglomus Viscospora peruviscosa	Septoglomus Viscospora peruviscosa:99.59,Septoglomus titan:92.17,Septoglomus Viscospora viscosa:91.68,Septoglomus xanthium:90.12,Septoglomus fuscum:89.34
PX214587.1	Septoglomus sp. | C4	Septoglomus sp.	main		assigned	Septoglomus Viscospora peruviscosa	99.587	Septoglomus Viscospora peruviscosa	1	Septoglomus Viscospora peruviscosa	Septoglomus Viscospora peruviscosa:99.59,Septoglomus titan:92.17,Septoglomus Viscospora viscosa:91.68,Septoglomus xanthium:90.12,Septoglomus fuscum:89.34
PX214588.1	Septoglomus sp. | C4	Septoglomus sp.	main		assigned	Septoglomus Viscospora peruviscosa	99.587	Septoglomus Viscospora peruviscosa	1	Septoglomus Viscospora peruviscosa	Septoglomus Viscospora peruviscosa:99.59,Septoglomus titan:92.17,Septoglomus Viscospora viscosa:91.68,Septoglomus xanthium:90.12,Septoglomus fuscum:89.34
PX214589.1	Septoglomus sp. | C4	Septoglomus sp.	main		assigned	Septoglomus Viscospora peruviscosa	99.587	Septoglomus Viscospora peruviscosa	1	Septoglomus Viscospora peruviscosa	Septoglomus Viscospora peruviscosa:99.59,Septoglomus titan:92.17,Septoglomus Viscospora viscosa:91.68,Septoglomus xanthium:90.12,Septoglomus fuscum:89.34
PX214590.1	Septoglomus sp. | C4	Septoglomus sp.	main		assigned	Septoglomus Viscospora peruviscosa	99.587	Septoglomus Viscospora peruviscosa	1	Septoglomus Viscospora peruviscosa	Septoglomus Viscospora peruviscosa:99.59,Septoglomus titan:92.17,Septoglomus Viscospora viscosa:91.68,Septoglomus xanthium:90.12,Septoglomus fuscum:89.34
PX214591.1	Septoglomus sp. | 5070_5024A	Septoglomus sp.	main		assigned	Septoglomus Viscospora peruviscosa	99.586	Septoglomus Viscospora peruviscosa	1	Septoglomus Viscospora peruviscosa	Septoglomus Viscospora peruviscosa:99.59,Septoglomus titan:92.36,Septoglomus Viscospora viscosa:91.66,Septoglomus xanthium:90.10,Septoglomus fuscum:89.30
PX214592.1	Septoglomus sp. | C4	Septoglomus sp.	main		assigned	Septoglomus Viscospora peruviscosa	97.678	Septoglomus Viscospora peruviscosa	1	Septoglomus Viscospora peruviscosa	Septoglomus Viscospora peruviscosa:97.68,Septoglomus titan:91.34,Septoglomus Viscospora viscosa:90.70,Septoglomus xanthium:90.10,Septoglomus fuscum:89.32
PX214593.1	Septoglomus sp. | C4	Septoglomus sp.	main		assigned	Septoglomus Viscospora peruviscosa	98.085	Septoglomus Viscospora peruviscosa	1	Septoglomus Viscospora peruviscosa	Septoglomus Viscospora peruviscosa:98.08,Septoglomus titan:91.34,Septoglomus Viscospora viscosa:90.70,Septoglomus xanthium:90.10,Septoglomus fuscum:89.32
PX214594.1	Septoglomus sp. | C4	Septoglomus sp.	main		assigned	Septoglomus Viscospora peruviscosa	97.951	Septoglomus Viscospora peruviscosa	1	Septoglomus Viscospora peruviscosa	Septoglomus Viscospora peruviscosa:97.95,Septoglomus titan:91.34,Septoglomus Viscospora viscosa:90.71,Septoglomus xanthium:89.92,Septoglomus fuscum:89.15
PX214595.1	Septoglomus sp. | 4404_2057A	Septoglomus sp.	divergent	same_length	assigned	Septoglomus nigrum	99.579	Septoglomus nigrum	1	Septoglomus africanum+Septoglomus altomontanum	Septoglomus nigrum:99.58,Septoglomus constrictum:98.56,Septoglomus xanthium:96.46,Septoglomus fuscum:95.88,Septoglomus furcatum:95.80
PX214596.1	Septoglomus sp. | FS_9_2328B	Septoglomus sp.	main		assigned	Septoglomus nigrum	99.018	Septoglomus nigrum	1	Septoglomus nigrum	Septoglomus nigrum:99.02,Septoglomus constrictum:97.69,Septoglomus xanthium:95.29,Septoglomus fuscum:94.91,Septoglomus furcatum:94.81
PX214597.1	Septoglomus sp. | FS_9_2328B	Septoglomus sp.	main		assigned	Septoglomus nigrum	99.018	Septoglomus nigrum	1	Septoglomus nigrum	Septoglomus nigrum:99.02,Septoglomus constrictum:97.69,Septoglomus xanthium:95.29,Septoglomus fuscum:94.91,Septoglomus furcatum:94.81
PX214598.1	Septoglomus sp. | FS_9_2328B	Septoglomus sp.	main		assigned	Septoglomus nigrum	99.018	Septoglomus nigrum	1	Septoglomus nigrum	Septoglomus nigrum:99.02,Septoglomus constrictum:97.69,Septoglomus xanthium:95.29,Septoglomus fuscum:94.91,Septoglomus furcatum:94.81
PX214599.1	Septoglomus sp. | 4404_2057A	Septoglomus sp.	main		assigned	Septoglomus africanum	98.072	Septoglomus africanum+Septoglomus altomontanum	1	Septoglomus africanum+Septoglomus altomontanum	Septoglomus africanum:98.07,Septoglomus altomontanum:97.80,Septoglomus constrictum:97.41,Septoglomus nigrum:96.37,Septoglomus jasnowskae:93.66
PX214600.1	Septoglomus sp. | 4404_2057A	Septoglomus sp.	main		assigned	Septoglomus africanum	98.072	Septoglomus africanum+Septoglomus altomontanum	1	Septoglomus africanum+Septoglomus altomontanum	Septoglomus africanum:98.07,Septoglomus altomontanum:97.80,Septoglomus constrictum:97.41,Septoglomus nigrum:96.65,Septoglomus jasnowskae:93.67
PX214601.1	Septoglomus sp. | FS_9_2328B	Septoglomus sp.	divergent	same_length	assigned	Septoglomus africanum	98.072	Septoglomus africanum+Septoglomus altomontanum	1	Septoglomus nigrum	Septoglomus africanum:98.07,Septoglomus altomontanum:97.80,Septoglomus constrictum:97.70,Septoglomus nigrum:96.37,Septoglomus jasnowskae:93.40
PX214602.1	Septoglomus sp. | FS_9_2328B	Septoglomus sp.	divergent	same_length	assigned	Septoglomus africanum	98.347	Septoglomus africanum+Septoglomus altomontanum	1	Septoglomus nigrum	Septoglomus africanum:98.35,Septoglomus altomontanum:98.07,Septoglomus constrictum:97.70,Septoglomus nigrum:96.37,Septoglomus jasnowskae:93.67
PX214603.1	Septoglomus sp. | Blasz_17_2277A	Septoglomus sp.	main		assigned	Septoglomus altomontanum	99.311	Septoglomus africanum+Septoglomus altomontanum	1	Septoglomus africanum+Septoglomus altomontanum	Septoglomus altomontanum:99.31,Septoglomus africanum:98.35,Septoglomus constrictum:96.69,Septoglomus nigrum:95.26,Septoglomus jasnowskae:93.53
PX214604.1	Septoglomus sp. | Blasz_17_2277A	Septoglomus sp.	main		assigned	Septoglomus altomontanum	99.036	Septoglomus africanum+Septoglomus altomontanum	1	Septoglomus africanum+Septoglomus altomontanum	Septoglomus altomontanum:99.04,Septoglomus africanum:98.35,Septoglomus constrictum:96.40,Septoglomus nigrum:94.98,Septoglomus jasnowskae:93.28
PX214605.1	Septoglomus sp. | Blasz_17_2277A	Septoglomus sp.	main		assigned	Septoglomus altomontanum	99.311	Septoglomus africanum+Septoglomus altomontanum	1	Septoglomus africanum+Septoglomus altomontanum	Septoglomus altomontanum:99.31,Septoglomus africanum:98.35,Septoglomus constrictum:96.69,Septoglomus nigrum:95.26,Septoglomus jasnowskae:93.53
PX214606.1	Septoglomus sp. | Blasz_17_2277A	Septoglomus sp.	main		assigned	Septoglomus altomontanum	98.9	Septoglomus africanum+Septoglomus altomontanum	1	Septoglomus africanum+Septoglomus altomontanum	Septoglomus altomontanum:98.90,Septoglomus africanum:98.62,Septoglomus constrictum:96.98,Septoglomus nigrum:95.12,Septoglomus jasnowskae:93.41
PX214607.1	Septoglomus sp. | Blasz_17_2277A	Septoglomus sp.	main		assigned	Septoglomus africanum	98.765	Septoglomus africanum+Septoglomus altomontanum	1	Septoglomus africanum+Septoglomus altomontanum	Septoglomus africanum:98.77,Septoglomus altomontanum:98.49,Septoglomus constrictum:96.70,Septoglomus nigrum:94.86,Septoglomus jasnowskae:93.29
PX214608.1	Septoglomus sp. | SO43BL	Septoglomus sp.	main		assigned	Septoglomus altomontanum	99.311	Septoglomus africanum+Septoglomus altomontanum	1	Septoglomus africanum+Septoglomus altomontanum	Septoglomus altomontanum:99.31,Septoglomus africanum:98.35,Septoglomus constrictum:96.69,Septoglomus nigrum:95.26,Septoglomus jasnowskae:93.53
PX214609.1	Septoglomus africanum | Blasz_17_2277A	Septoglomus africanum	main		assigned	Septoglomus africanum	99.862	Septoglomus africanum+Septoglomus altomontanum	1	Septoglomus africanum+Septoglomus altomontanum	Septoglomus africanum:99.86,Septoglomus altomontanum:98.62,Septoglomus constrictum:97.27,Septoglomus nigrum:94.99,Septoglomus jasnowskae:93.54
PX214610.1	Septoglomus africanum | SO43BL	Septoglomus africanum	main		assigned	Septoglomus africanum	99.587	Septoglomus africanum+Septoglomus altomontanum	1	Septoglomus africanum+Septoglomus altomontanum	Septoglomus africanum:99.59,Septoglomus altomontanum:98.35,Septoglomus constrictum:97.13,Septoglomus nigrum:95.27,Septoglomus jasnowskae:93.82
PX214611.1	Septoglomus africanum | SO43BL	Septoglomus africanum	main		assigned	Septoglomus africanum	99.862	Septoglomus africanum+Septoglomus altomontanum	1	Septoglomus africanum+Septoglomus altomontanum	Septoglomus africanum:99.86,Septoglomus altomontanum:98.62,Septoglomus constrictum:97.41,Septoglomus nigrum:95.27,Septoglomus jasnowskae:93.82
PX214612.1	Septoglomus africanum | SO43BL	Septoglomus africanum	main		assigned	Septoglomus africanum	99.725	Septoglomus africanum+Septoglomus altomontanum	1	Septoglomus africanum+Septoglomus altomontanum	Septoglomus africanum:99.72,Septoglomus altomontanum:98.48,Septoglomus constrictum:97.27,Septoglomus nigrum:95.40,Septoglomus jasnowskae:93.96
PX214613.1	Septoglomus africanum | SO43BL	Septoglomus africanum	main		assigned	Septoglomus africanum	99.725	Septoglomus africanum+Septoglomus altomontanum	1	Septoglomus africanum+Septoglomus altomontanum	Septoglomus africanum:99.72,Septoglomus altomontanum:98.48,Septoglomus constrictum:97.27,Septoglomus nigrum:95.40,Septoglomus jasnowskae:93.96
PX214614.1	Septoglomus africanum | SO43BL	Septoglomus africanum	main		assigned	Septoglomus africanum	99.862	Septoglomus africanum+Septoglomus altomontanum	1	Septoglomus africanum+Septoglomus altomontanum	Septoglomus africanum:99.86,Septoglomus altomontanum:98.62,Septoglomus constrictum:97.41,Septoglomus nigrum:95.27,Septoglomus jasnowskae:93.82
PX214615.1	Glomus tetrastratosum | CW0020_4019A	Glomus tetrastratosum	main		assigned	Glomus tetrastratosum	99.021	Glomus tetrastratosum	1	Glomus tetrastratosum	Glomus tetrastratosum:99.02,Glomus bareae:97.76,Glomus mongioiense:94.40,Glomus chinense:93.02,Glomus rugosae:93.02
PX214616.1	Glomus tetrastratosum | CW0020_4019A	Glomus tetrastratosum	main		assigned	Glomus tetrastratosum	99.441	Glomus tetrastratosum	1	Glomus tetrastratosum	Glomus tetrastratosum:99.44,Glomus bareae:97.76,Glomus mongioiense:94.03,Glomus chinense:92.88,Glomus rugosae:92.88
PX214617.1	Glomus tetrastratosum | 5105_2444A	Glomus tetrastratosum	main		assigned	Glomus tetrastratosum	99.301	Glomus tetrastratosum	1	Glomus tetrastratosum	Glomus tetrastratosum:99.30,Glomus bareae:97.76,Glomus mongioiense:94.03,Glomus chinense:93.02,Glomus rugosae:93.02
PX214618.1	Glomus tetrastratosum | 4433_785B	Glomus tetrastratosum	main		assigned	Glomus tetrastratosum	99.441	Glomus tetrastratosum	1	Glomus tetrastratosum	Glomus tetrastratosum:99.44,Glomus bareae:97.62,Glomus mongioiense:94.03,Glomus chinense:92.88,Glomus rugosae:92.88
PX214619.1	Glomus tetrastratosum | SASK26_2406A	Glomus tetrastratosum	main		assigned	Glomus tetrastratosum	99.161	Glomus tetrastratosum	1	Glomus tetrastratosum	Glomus tetrastratosum:99.16,Glomus bareae:97.62,Glomus mongioiense:94.40,Glomus chinense:92.88,Glomus rugosae:92.88
PX214620.1	Glomus tetrastratosum | 5105_2444A	Glomus tetrastratosum	main		assigned	Glomus tetrastratosum	98.741	Glomus tetrastratosum	1	Glomus tetrastratosum	Glomus tetrastratosum:98.74,Glomus bareae:96.92,Glomus mongioiense:94.03,Glomus chinense:92.18,Glomus rugosae:92.18
PX214621.1	Glomus tetrastratosum | CW0020_4019A	Glomus tetrastratosum	main		assigned	Glomus tetrastratosum	99.022	Glomus tetrastratosum	1	Glomus tetrastratosum	Glomus tetrastratosum:99.02,Glomus bareae:97.62,Glomus mongioiense:94.40,Glomus chinense:92.89,Glomus rugosae:92.89
PX214622.1	Glomus tetrastratosum | 5105_2444A	Glomus tetrastratosum	main		assigned	Glomus tetrastratosum	99.161	Glomus tetrastratosum	1	Glomus tetrastratosum	Glomus tetrastratosum:99.16,Glomus bareae:97.34,Glomus mongioiense:94.03,Glomus chinense:92.60,Glomus rugosae:92.60
PX214623.1	Glomus tetrastratosum | 5105_2444A	Glomus tetrastratosum	main		assigned	Glomus tetrastratosum	99.022	Glomus tetrastratosum	1	Glomus tetrastratosum	Glomus tetrastratosum:99.02,Glomus bareae:97.34,Glomus mongioiense:94.03,Glomus chinense:92.61,Glomus rugosae:92.61
PX214624.1	Glomus tetrastratosum | 5105_2444A	Glomus tetrastratosum	main		assigned	Glomus tetrastratosum	99.022	Glomus tetrastratosum	1	Glomus tetrastratosum	Glomus tetrastratosum:99.02,Glomus bareae:97.34,Glomus mongioiense:94.03,Glomus chinense:92.61,Glomus rugosae:92.61
PX214625.1	Glomus tetrastratosum | 5105_2444A	Glomus tetrastratosum	main		assigned	Glomus tetrastratosum	99.441	Glomus tetrastratosum	1	Glomus tetrastratosum	Glomus tetrastratosum:99.44,Glomus bareae:97.62,Glomus mongioiense:94.03,Glomus chinense:92.88,Glomus rugosae:92.88
PX214626.1	Glomus tetrastratosum | 4433_785B	Glomus tetrastratosum	main		assigned	Glomus tetrastratosum	97.902	Glomus tetrastratosum	1	Glomus tetrastratosum	Glomus tetrastratosum:97.90,Glomus bareae:96.64,Glomus mongioiense:92.91,Glomus rugosae:92.46,Glomus macrocarpum:92.18
PX214627.1	Glomus tetrastratosum | 4433_785B	Glomus tetrastratosum	main		assigned	Glomus tetrastratosum	97.902	Glomus tetrastratosum	1	Glomus tetrastratosum	Glomus tetrastratosum:97.90,Glomus bareae:96.64,Glomus mongioiense:92.91,Glomus rugosae:92.46,Glomus macrocarpum:92.18
PX214628.1	Glomus tetrastratosum | 4433_785B	Glomus tetrastratosum	main		assigned	Glomus tetrastratosum	98.184	Glomus tetrastratosum	1	Glomus tetrastratosum	Glomus tetrastratosum:98.18,Glomus bareae:96.65,Glomus mongioiense:92.16,Glomus chinense:92.04,Glomus rugosae:92.04
PX214629.1	Glomus chinense | 4650_4654_2007C	Glomus chinense	main		assigned	Glomus chinense	98.182	Glomus chinense,Glomus mongioiense	2	Glomus chinense,Glomus mongioiense	Glomus mongioiense:98.89,Glomus chinense:98.18,Glomus ibericum:97.42,Glomus rugosae:97.34,Glomus atlanticum:96.94
PX214630.1	Glomus chinense | 4419_1047A	Glomus chinense	main		assigned	Glomus chinense	98.182	Glomus chinense,Glomus mongioiense	2	Glomus chinense,Glomus mongioiense	Glomus mongioiense:98.89,Glomus chinense:98.18,Glomus ibericum:97.42,Glomus rugosae:97.34,Glomus atlanticum:96.94
PX214631.1	Glomus chinense | 4419_1047A	Glomus chinense	main		assigned	Glomus chinense	98.182	Glomus chinense,Glomus mongioiense	2	Glomus chinense,Glomus mongioiense	Glomus mongioiense:98.89,Glomus chinense:98.18,Glomus ibericum:97.42,Glomus rugosae:97.34,Glomus atlanticum:96.94
PX214632.1	Glomus chinense | 4419_1047A	Glomus chinense	main		assigned	Glomus chinense	98.182	Glomus chinense,Glomus mongioiense	2	Glomus chinense,Glomus mongioiense	Glomus mongioiense:98.89,Glomus chinense:98.18,Glomus ibericum:97.42,Glomus rugosae:97.34,Glomus atlanticum:96.94
PX214633.1	Glomus chinense | 4419_1047A	Glomus chinense	main		assigned	Glomus chinense	98.042	Glomus chinense,Glomus mongioiense	2	Glomus chinense,Glomus mongioiense	Glomus mongioiense:98.89,Glomus chinense:98.04,Glomus ibericum:97.27,Glomus rugosae:97.20,Glomus atlanticum:96.80
PX214634.1	Glomus chinense | 4419_1047A	Glomus chinense	main		assigned	Glomus chinense	98.322	Glomus chinense,Glomus mongioiense	2	Glomus chinense,Glomus mongioiense	Glomus mongioiense:98.89,Glomus chinense:98.32,Glomus ibericum:97.58,Glomus rugosae:97.20,Glomus atlanticum:96.80
PX214635.1	Glomus chinense | 4419_1047A	Glomus chinense	main		assigned	Glomus chinense	98.182	Glomus chinense,Glomus mongioiense	2	Glomus chinense,Glomus mongioiense	Glomus mongioiense:98.89,Glomus chinense:98.18,Glomus ibericum:97.42,Glomus rugosae:97.34,Glomus atlanticum:96.94
PX214636.1	Glomus chinense | 4650_4654_2007C	Glomus chinense	main		assigned	Glomus chinense	98.462	Glomus chinense,Glomus mongioiense	2	Glomus chinense,Glomus mongioiense	Glomus mongioiense:98.89,Glomus chinense:98.46,Glomus ibericum:97.88,Glomus rugosae:97.34,Glomus macrocarpum:96.92
PX214637.1	Glomus chinense | 4650_4654_2007C	Glomus chinense	main		assigned	Glomus chinense	98.182	Glomus chinense,Glomus mongioiense	2	Glomus chinense,Glomus mongioiense	Glomus mongioiense:98.89,Glomus chinense:98.18,Glomus ibericum:97.42,Glomus rugosae:97.34,Glomus atlanticum:96.94
PX214638.1	Glomus chinense | 4650_4654_2007C	Glomus chinense	main		assigned	Glomus chinense	98.182	Glomus chinense,Glomus mongioiense	2	Glomus chinense,Glomus mongioiense	Glomus mongioiense:98.89,Glomus chinense:98.18,Glomus ibericum:97.42,Glomus rugosae:97.34,Glomus atlanticum:96.94
PX214639.1	Glomus chinense | 4650_4654_2007C	Glomus chinense	main		assigned	Glomus chinense	98.462	Glomus chinense,Glomus mongioiense	2	Glomus chinense,Glomus mongioiense	Glomus mongioiense:98.89,Glomus chinense:98.46,Glomus ibericum:97.73,Glomus rugosae:97.62,Glomus atlanticum:96.94
PX214640.1	Glomus chinense | 4419_1047A	Glomus chinense	main		assigned	Glomus chinense	98.462	Glomus chinense,Glomus mongioiense	2	Glomus chinense,Glomus mongioiense	Glomus mongioiense:98.89,Glomus chinense:98.46,Glomus ibericum:97.73,Glomus rugosae:97.62,Glomus atlanticum:96.94
PX214641.1	Glomus chinense | 4419_1047A	Glomus chinense	main		assigned	Glomus chinense	98.462	Glomus chinense,Glomus mongioiense	2	Glomus chinense,Glomus mongioiense	Glomus mongioiense:98.89,Glomus chinense:98.46,Glomus ibericum:97.73,Glomus rugosae:97.62,Glomus atlanticum:96.94
PX214642.1	Glomus chinense | 4419_1047A	Glomus chinense	main		assigned	Glomus chinense	98.462	Glomus chinense,Glomus mongioiense	2	Glomus chinense,Glomus mongioiense	Glomus mongioiense:98.89,Glomus chinense:98.46,Glomus ibericum:97.73,Glomus rugosae:97.62,Glomus atlanticum:97.08
PX214643.1	Glomus chinense | 4650_4654_2007C	Glomus chinense	main		assigned	Glomus chinense	98.462	Glomus chinense,Glomus mongioiense	2	Glomus chinense,Glomus mongioiense	Glomus mongioiense:98.89,Glomus chinense:98.46,Glomus ibericum:97.73,Glomus rugosae:97.62,Glomus macrocarpum:97.06
PX214644.1	Glomus chinense | 4419_1047A	Glomus chinense	main		assigned	Glomus chinense	98.462	Glomus chinense,Glomus mongioiense	2	Glomus chinense,Glomus mongioiense	Glomus mongioiense:98.89,Glomus chinense:98.46,Glomus ibericum:97.73,Glomus rugosae:97.62,Glomus macrocarpum:97.06
PX214645.1	Glomus chinense | 4650_4654_2007C	Glomus chinense	main		assigned	Glomus chinense	98.182	Glomus chinense,Glomus mongioiense	2	Glomus chinense,Glomus mongioiense	Glomus mongioiense:98.89,Glomus chinense:98.18,Glomus ibericum:97.42,Glomus rugosae:97.34,Glomus atlanticum:96.94
PX214646.1	Glomus chinense | 4419_1047A	Glomus chinense	main		assigned	Glomus chinense	98.182	Glomus chinense,Glomus mongioiense	2	Glomus chinense,Glomus mongioiense	Glomus mongioiense:98.89,Glomus chinense:98.18,Glomus ibericum:97.42,Glomus rugosae:97.34,Glomus atlanticum:96.94
PX214647.1	Glomus chinense | 4419_1047A	Glomus chinense	main		assigned	Glomus chinense	98.182	Glomus chinense,Glomus mongioiense	2	Glomus chinense,Glomus mongioiense	Glomus mongioiense:98.89,Glomus chinense:98.18,Glomus ibericum:97.42,Glomus rugosae:97.34,Glomus atlanticum:96.94
PX214648.1	Glomus chinense | 4411_1096D	Glomus chinense	main		assigned	Glomus chinense	98.319	Glomus chinense,Glomus mongioiense	2	Glomus chinense	Glomus mongioiense:98.51,Glomus chinense:98.32,Glomus atlanticum:97.91,Glomus ibericum:97.88,Glomus rugosae:97.48
PX214649.1	Glomus chinense | 4411_1096D	Glomus chinense	main		assigned	Glomus chinense	98.179	Glomus chinense,Glomus mongioiense	2	Glomus chinense	Glomus mongioiense:98.51,Glomus chinense:98.18,Glomus atlanticum:97.77,Glomus ibericum:97.72,Glomus rugosae:97.34
PX214650.1	Glomus chinense | 4411_1096D	Glomus chinense	main		assigned	Glomus chinense	98.179	Glomus chinense,Glomus mongioiense	2	Glomus chinense	Glomus mongioiense:98.51,Glomus chinense:98.18,Glomus atlanticum:97.77,Glomus ibericum:97.72,Glomus rugosae:97.34
PX214651.1	Glomus chinense | 4411_1096D	Glomus chinense	main		assigned	Glomus chinense	98.607	Glomus chinense,Glomus mongioiense	2	Glomus chinense	Glomus mongioiense:98.89,Glomus chinense:98.61,Glomus atlanticum:98.05,Glomus ibericum:98.03,Glomus rugosae:97.62
PX214652.1	Glomus chinense | 4036_906B	Glomus chinense	main		assigned	Glomus chinense	99.021	Glomus chinense	1	Glomus chinense	Glomus chinense:99.02,Glomus mongioiense:98.89,Glomus ibericum:98.64,Glomus rugosae:97.90,Glomus atlanticum:97.77
PX214653.1	Glomus chinense | 4036_906B	Glomus chinense	main		assigned	Glomus chinense	98.886	Glomus chinense	1	Glomus chinense	Glomus chinense:98.89,Glomus mongioiense:98.89,Glomus ibericum:98.33,Glomus atlanticum:98.33,Glomus rugosae:97.90
PX214654.1	Glomus chinense | 4036_906B	Glomus chinense	main		assigned	Glomus chinense	98.886	Glomus chinense	1	Glomus chinense	Glomus chinense:98.89,Glomus mongioiense:98.89,Glomus ibericum:98.33,Glomus atlanticum:98.33,Glomus rugosae:97.90
PX214655.1	Glomus chinense | 4036_906B	Glomus chinense	main		assigned	Glomus chinense	98.192	Glomus chinense,Glomus mongioiense	2	Glomus chinense	Glomus mongioiense:98.89,Glomus chinense:98.19,Glomus rugosae:98.05,Glomus ibericum:97.88,Glomus atlanticum:97.64
PX214656.1	Glomus chinense | 4036_906B	Glomus chinense	main		assigned	Glomus chinense	98.747	Glomus chinense,Glomus mongioiense	2	Glomus chinense	Glomus mongioiense:98.89,Glomus chinense:98.75,Glomus atlanticum:98.19,Glomus ibericum:98.18,Glomus rugosae:97.76
PX214657.1	Glomus chinense | 4036_906B	Glomus chinense	main		assigned	Glomus chinense	98.881	Glomus chinense,Glomus mongioiense	2	Glomus chinense	Glomus mongioiense:98.89,Glomus chinense:98.88,Glomus ibericum:98.48,Glomus rugosae:98.32,Glomus macrocarpum:97.90
PX214658.1	Glomus chinense | 4036_906B	Glomus chinense	main		assigned	Glomus chinense	98.88	Glomus chinense	1	Glomus chinense	Glomus chinense:98.88,Glomus mongioiense:98.51,Glomus ibericum:98.18,Glomus macrocarpum:97.48,Glomus rugosae:97.48
PX214659.1	Glomus chinense | 4411_1096D	Glomus chinense	main		assigned	Glomus chinense	98.459	Glomus chinense,Glomus mongioiense	2	Glomus chinense	Glomus mongioiense:98.51,Glomus chinense:98.46,Glomus ibericum:97.72,Glomus rugosae:97.34,Glomus atlanticum:96.93
PX214660.1	Glomus chinense | 4036_906B	Glomus chinense	main		assigned	Glomus chinense	98.319	Glomus chinense,Glomus mongioiense	2	Glomus chinense	Glomus mongioiense:98.88,Glomus chinense:98.32,Glomus rugosae:98.04,Glomus ibericum:97.88,Glomus macrocarpum:97.34
PX214661.1	Glomus chinense | 4036_906B	Glomus chinense	main		assigned	Glomus chinense	99.021	Glomus chinense	1	Glomus chinense	Glomus chinense:99.02,Glomus mongioiense:98.89,Glomus ibericum:98.33,Glomus atlanticum:97.77,Glomus rugosae:97.62
PX214662.1	Glomus chinense | 4419_1047A	Glomus chinense	main		assigned	Glomus chinense	98.462	Glomus chinense,Glomus mongioiense	2	Glomus chinense,Glomus mongioiense	Glomus mongioiense:98.89,Glomus chinense:98.46,Glomus ibericum:97.73,Glomus rugosae:97.62,Glomus atlanticum:96.94
PX214663.1	Glomus chinense | 4411_1096D	Glomus chinense	main		assigned	Glomus chinense	98.169	Glomus chinense	1	Glomus chinense	Glomus chinense:98.17,Glomus mongioiense:97.73,Glomus ibericum:97.71,Glomus rugosae:97.04,Glomus macrocarpum:96.90
PX214664.1	Glomus macrocarpum | W6285_2347C	Glomus macrocarpum	main		assigned	Glomus macrocarpum	99.02	Glomus macrocarpum,Glomus mongioiense	2	Glomus macrocarpum	Glomus mongioiense:99.63,Glomus macrocarpum:99.02,Glomus rugosae:98.04,Glomus ibericum:97.42,Glomus chinense:97.20
PX214665.1	Glomus macrocarpum | W6285_2347C	Glomus macrocarpum	main		assigned	Glomus macrocarpum	99.86	Glomus macrocarpum	1	Glomus macrocarpum	Glomus macrocarpum:99.86,Glomus mongioiense:99.25,Glomus rugosae:98.32,Glomus chinense:97.48,Glomus ibericum:97.42
PX214666.1	Glomus macrocarpum | W6285_2347C	Glomus macrocarpum	main		assigned	Glomus macrocarpum	98.88	Glomus macrocarpum,Glomus mongioiense	2	Glomus macrocarpum	Glomus mongioiense:99.63,Glomus macrocarpum:98.88,Glomus rugosae:98.18,Glomus chinense:97.49,Glomus ibericum:97.27
PX214667.1	Glomus macrocarpum | W6285_2347C	Glomus macrocarpum	main		assigned	Glomus macrocarpum	99.3	Glomus macrocarpum	1	Glomus macrocarpum	Glomus macrocarpum:99.30,Glomus mongioiense:98.88,Glomus rugosae:97.76,Glomus ibericum:97.12,Glomus chinense:96.92
PX214668.1	Glomus macrocarpum | W6285_2347C	Glomus macrocarpum	main		assigned	Glomus macrocarpum	99.3	Glomus macrocarpum	1	Glomus macrocarpum	Glomus macrocarpum:99.30,Glomus mongioiense:98.88,Glomus rugosae:97.76,Glomus ibericum:97.12,Glomus chinense:96.92
PX214669.1	Glomus macrocarpum | W6285_2347C	Glomus macrocarpum	main		assigned	Glomus macrocarpum	99.02	Glomus macrocarpum	1	Glomus macrocarpum	Glomus macrocarpum:99.02,Glomus mongioiense:98.88,Glomus rugosae:97.76,Glomus ibericum:97.12,Glomus chinense:96.92
PX214670.1	Glomus macrocarpum | W6285_2347C	Glomus macrocarpum	main		assigned	Glomus macrocarpum	98.739	Glomus macrocarpum,Glomus mongioiense	2	Glomus macrocarpum	Glomus mongioiense:98.88,Glomus macrocarpum:98.74,Glomus rugosae:97.76,Glomus ibericum:97.12,Glomus chinense:96.92
PX214671.1	Glomus rugosae | 2101_IVT46	Glomus rugosae	main		assigned	Glomus mongioiense	97.899	Glomus mongioiense,Glomus rugosae	2	Glomus rugosae	Glomus mongioiense:98.13,Glomus rugosae:97.90,Glomus macrocarpum:97.76,Glomus chinense:97.62,Glomus ibericum:97.42
PX214672.1	Glomus rugosae | 2101_IVT46	Glomus rugosae	main		assigned	Glomus mongioiense	97.899	Glomus mongioiense,Glomus rugosae	2	Glomus rugosae	Glomus mongioiense:98.13,Glomus rugosae:97.90,Glomus macrocarpum:97.76,Glomus chinense:97.62,Glomus ibericum:97.42
PX214673.1	Glomus rugosae | 4420_683B	Glomus rugosae	main		assigned	Glomus mongioiense	97.899	Glomus mongioiense,Glomus rugosae	2	Glomus rugosae	Glomus mongioiense:98.13,Glomus rugosae:97.90,Glomus macrocarpum:97.76,Glomus chinense:97.62,Glomus ibericum:97.42
PX214674.1	Glomus rugosae | 4420_683B	Glomus rugosae	main		assigned	Glomus mongioiense	97.899	Glomus mongioiense,Glomus rugosae	2	Glomus rugosae	Glomus mongioiense:98.13,Glomus rugosae:97.90,Glomus macrocarpum:97.76,Glomus chinense:97.62,Glomus ibericum:97.42
PX214675.1	Glomus rugosae | 2101_IVT46	Glomus rugosae	main		assigned	Glomus rugosae	98.739	Glomus mongioiense,Glomus rugosae	2	Glomus rugosae	Glomus mongioiense:99.25,Glomus rugosae:98.74,Glomus macrocarpum:98.04,Glomus chinense:97.62,Glomus ibericum:97.27
PX214676.1	Glomus rugosae | 2101_IVT46	Glomus rugosae	main		assigned	Glomus rugosae	98.739	Glomus mongioiense,Glomus rugosae	2	Glomus rugosae	Glomus mongioiense:99.25,Glomus rugosae:98.74,Glomus macrocarpum:98.04,Glomus chinense:97.62,Glomus ibericum:97.27
PX214677.1	Glomus rugosae | 2101_IVT46	Glomus rugosae	main		assigned	Glomus rugosae	98.739	Glomus mongioiense,Glomus rugosae	2	Glomus rugosae	Glomus mongioiense:99.25,Glomus rugosae:98.74,Glomus macrocarpum:98.04,Glomus chinense:97.62,Glomus ibericum:97.27
PX214678.1	Glomus rugosae | 4420_683B	Glomus rugosae	main		assigned	Glomus rugosae	98.601	Glomus mongioiense,Glomus rugosae	2	Glomus rugosae	Glomus mongioiense:98.89,Glomus rugosae:98.60,Glomus macrocarpum:97.90,Glomus chinense:97.48,Glomus ibericum:97.12
PX214679.1	Glomus rugosae | 4431_805C	Glomus rugosae	main		assigned	Glomus rugosae	98.601	Glomus mongioiense,Glomus rugosae	2	Glomus rugosae	Glomus mongioiense:98.89,Glomus rugosae:98.60,Glomus macrocarpum:97.90,Glomus chinense:97.48,Glomus ibericum:97.12
PX214680.1	Glomus rugosae | 2101_IVT46	Glomus rugosae	main		assigned	Glomus rugosae	98.739	Glomus mongioiense,Glomus rugosae	2	Glomus rugosae	Glomus mongioiense:99.25,Glomus rugosae:98.74,Glomus macrocarpum:98.04,Glomus chinense:97.62,Glomus ibericum:97.27
PX214681.1	Glomus rugosae | 2101_IVT46	Glomus rugosae	main		assigned	Glomus rugosae	98.741	Glomus mongioiense,Glomus rugosae	2	Glomus rugosae	Glomus mongioiense:99.26,Glomus rugosae:98.74,Glomus macrocarpum:98.04,Glomus chinense:97.62,Glomus ibericum:97.27
PX214682.1	Glomus rugosae | 2101_IVT46	Glomus rugosae	main		assigned	Glomus rugosae	98.741	Glomus mongioiense,Glomus rugosae	2	Glomus rugosae	Glomus mongioiense:99.26,Glomus rugosae:98.74,Glomus macrocarpum:98.04,Glomus chinense:97.62,Glomus ibericum:97.27
PX214683.1	Glomus rugosae | 2101_IVT46	Glomus rugosae	main		assigned	Glomus rugosae	98.88	Glomus mongioiense,Glomus rugosae	2	Glomus rugosae	Glomus mongioiense:99.63,Glomus rugosae:98.88,Glomus macrocarpum:98.18,Glomus chinense:97.76,Glomus ibericum:97.42
PX214684.1	Glomus rugosae | 4417_1160C	Glomus rugosae	main		assigned	Glomus rugosae	99.44	Glomus mongioiense,Glomus rugosae	2	Glomus rugosae	Glomus mongioiense:99.63,Glomus rugosae:99.44,Glomus macrocarpum:98.74,Glomus chinense:98.32,Glomus ibericum:98.03
PX214685.1	Glomus rugosae | 4384_IVT98	Glomus rugosae	main		assigned	Glomus rugosae	99.44	Glomus mongioiense,Glomus rugosae	2	Glomus rugosae	Glomus mongioiense:99.63,Glomus rugosae:99.44,Glomus macrocarpum:98.74,Glomus chinense:98.32,Glomus ibericum:98.03
PX214686.1	Glomus rugosae | 4431_805C	Glomus rugosae	main		assigned	Glomus rugosae	99.44	Glomus mongioiense,Glomus rugosae	2	Glomus rugosae	Glomus mongioiense:99.63,Glomus rugosae:99.44,Glomus macrocarpum:98.74,Glomus chinense:98.32,Glomus ibericum:98.03
PX214687.1	Glomus rugosae | 4415_1174B	Glomus rugosae	main		assigned	Glomus rugosae	99.44	Glomus mongioiense,Glomus rugosae	2	Glomus mongioiense,Glomus rugosae	Glomus mongioiense:99.63,Glomus rugosae:99.44,Glomus macrocarpum:98.74,Glomus chinense:98.32,Glomus ibericum:98.03
PX214688.1	Glomus rugosae | 4431_805C	Glomus rugosae	main		assigned	Glomus rugosae	99.44	Glomus mongioiense,Glomus rugosae	2	Glomus rugosae	Glomus mongioiense:99.63,Glomus rugosae:99.44,Glomus macrocarpum:98.46,Glomus chinense:98.04,Glomus ibericum:97.72
PX214689.1	Glomus rugosae | 4431_805C	Glomus rugosae	main		assigned	Glomus rugosae	98.886	Glomus mongioiense,Glomus rugosae	2	Glomus rugosae	Glomus mongioiense:99.63,Glomus rugosae:98.89,Glomus macrocarpum:98.19,Glomus chinense:97.77,Glomus ibericum:97.44
PX214690.1	Glomus rugosae | 4431_805C	Glomus rugosae	main		assigned	Glomus rugosae	99.162	Glomus mongioiense,Glomus rugosae	2	Glomus rugosae	Glomus mongioiense:99.63,Glomus rugosae:99.16,Glomus macrocarpum:98.46,Glomus chinense:98.05,Glomus ibericum:97.73
PX214691.1	Glomus rugosae | 4431_805C	Glomus rugosae	main		assigned	Glomus rugosae	99.162	Glomus mongioiense,Glomus rugosae	2	Glomus rugosae	Glomus mongioiense:99.63,Glomus rugosae:99.16,Glomus macrocarpum:98.18,Glomus chinense:97.77,Glomus ibericum:97.43
PX214692.1	Glomus rugosae | 4417_1160C	Glomus rugosae	main		assigned	Glomus rugosae	99.3	Glomus mongioiense,Glomus rugosae	2	Glomus rugosae	Glomus mongioiense:99.63,Glomus rugosae:99.30,Glomus macrocarpum:98.60,Glomus chinense:98.04,Glomus ibericum:97.72
PX214693.1	Glomus rugosae | 4415_1174B	Glomus rugosae	main		assigned	Glomus rugosae	99.44	Glomus mongioiense,Glomus rugosae	2	Glomus mongioiense,Glomus rugosae	Glomus mongioiense:99.63,Glomus rugosae:99.44,Glomus macrocarpum:98.46,Glomus chinense:98.04,Glomus ibericum:97.72
PX214694.1	Glomus rugosae | 4417_1160C	Glomus rugosae	main		assigned	Glomus rugosae	99.16	Glomus mongioiense,Glomus rugosae	2	Glomus rugosae	Glomus mongioiense:99.63,Glomus rugosae:99.16,Glomus macrocarpum:98.74,Glomus chinense:98.04,Glomus ibericum:97.72
PX214695.1	Glomus rugosae | 4384_IVT98	Glomus rugosae	main		assigned	Glomus rugosae	99.16	Glomus mongioiense,Glomus rugosae	2	Glomus rugosae	Glomus mongioiense:99.63,Glomus rugosae:99.16,Glomus macrocarpum:98.74,Glomus chinense:98.04,Glomus ibericum:97.72
PX214696.1	Glomus rugosae | 4431_805C	Glomus rugosae	main		assigned	Glomus rugosae	99.16	Glomus mongioiense,Glomus rugosae	2	Glomus rugosae	Glomus mongioiense:99.63,Glomus rugosae:99.16,Glomus macrocarpum:98.74,Glomus chinense:98.04,Glomus ibericum:97.72
PX214697.1	Glomus rugosae | 4415_1174B	Glomus rugosae	main		assigned	Glomus rugosae	99.16	Glomus mongioiense,Glomus rugosae	2	Glomus mongioiense,Glomus rugosae	Glomus mongioiense:99.63,Glomus rugosae:99.16,Glomus macrocarpum:98.74,Glomus chinense:98.04,Glomus ibericum:97.72
PX214698.1	Glomus rugosae | 4417_1160C	Glomus rugosae	main		assigned	Glomus rugosae	99.44	Glomus mongioiense,Glomus rugosae	2	Glomus rugosae	Glomus mongioiense:99.63,Glomus rugosae:99.44,Glomus macrocarpum:98.74,Glomus chinense:98.32,Glomus ibericum:98.03
PX214699.1	Glomus rugosae | 4417_1160C	Glomus rugosae	main		assigned	Glomus rugosae	99.44	Glomus mongioiense,Glomus rugosae	2	Glomus rugosae	Glomus mongioiense:99.63,Glomus rugosae:99.44,Glomus macrocarpum:98.74,Glomus chinense:98.32,Glomus ibericum:98.03
PX214700.1	Glomus rugosae | 4431_805C	Glomus rugosae	main		assigned	Glomus rugosae	99.44	Glomus mongioiense,Glomus rugosae	2	Glomus rugosae	Glomus mongioiense:99.63,Glomus rugosae:99.44,Glomus macrocarpum:98.74,Glomus chinense:98.32,Glomus ibericum:98.03
PX214701.1	Glomus rugosae | 4431_805C	Glomus rugosae	main		assigned	Glomus rugosae	98.883	Glomus mongioiense,Glomus rugosae	2	Glomus rugosae	Glomus mongioiense:99.63,Glomus rugosae:98.88,Glomus macrocarpum:98.46,Glomus chinense:97.77,Glomus ibericum:97.43
PX214702.1	Glomus rugosae | 4384_IVT98	Glomus rugosae	main		assigned	Glomus rugosae	99.161	Glomus mongioiense,Glomus rugosae	2	Glomus rugosae	Glomus mongioiense:99.63,Glomus rugosae:99.16,Glomus macrocarpum:98.46,Glomus chinense:97.76,Glomus ibericum:97.73
PX214703.1	Glomus rugosae | 4417_1160C	Glomus rugosae	main		assigned	Glomus rugosae	99.158	Glomus mongioiense,Glomus rugosae	2	Glomus rugosae	Glomus mongioiense:99.63,Glomus rugosae:99.16,Glomus macrocarpum:98.46,Glomus chinense:97.76,Glomus ibericum:97.42
PX214704.1	Glomus rugosae | 4384_IVT98	Glomus rugosae	main		assigned	Glomus rugosae	99.158	Glomus mongioiense,Glomus rugosae	2	Glomus rugosae	Glomus mongioiense:99.63,Glomus rugosae:99.16,Glomus macrocarpum:98.46,Glomus chinense:97.76,Glomus ibericum:97.42
PX214705.1	Glomus rugosae | 4431_805C	Glomus rugosae	main		assigned	Glomus rugosae	99.158	Glomus mongioiense,Glomus rugosae	2	Glomus rugosae	Glomus mongioiense:99.63,Glomus rugosae:99.16,Glomus macrocarpum:98.46,Glomus chinense:97.76,Glomus ibericum:97.42
PX214706.1	Glomus rugosae | 4415_1174B	Glomus rugosae	main		assigned	Glomus rugosae	99.158	Glomus mongioiense,Glomus rugosae	2	Glomus mongioiense,Glomus rugosae	Glomus mongioiense:99.63,Glomus rugosae:99.16,Glomus macrocarpum:98.46,Glomus chinense:97.76,Glomus ibericum:97.42
PX214707.1	Glomus rugosae | 4417_1160C	Glomus rugosae	main		assigned	Glomus rugosae	99.158	Glomus mongioiense,Glomus rugosae	2	Glomus rugosae	Glomus mongioiense:99.63,Glomus rugosae:99.16,Glomus macrocarpum:98.46,Glomus chinense:97.76,Glomus ibericum:97.42
PX214708.1	Glomus rugosae | 4384_IVT98	Glomus rugosae	main		assigned	Glomus rugosae	99.3	Glomus mongioiense,Glomus rugosae	2	Glomus rugosae	Glomus mongioiense:99.63,Glomus rugosae:99.30,Glomus macrocarpum:97.76,Glomus chinense:97.34,Glomus ibericum:97.27
PX214709.1	Glomus rugosae | 4417_1160C	Glomus rugosae	main		assigned	Glomus rugosae	99.44	Glomus mongioiense,Glomus rugosae	2	Glomus rugosae	Glomus mongioiense:99.63,Glomus rugosae:99.44,Glomus macrocarpum:98.74,Glomus chinense:98.32,Glomus ibericum:98.03
PX214710.1	Glomus rugosae | 4417_1160C	Glomus rugosae	main		assigned	Glomus rugosae	99.3	Glomus rugosae	1	Glomus rugosae	Glomus rugosae:99.30,Glomus mongioiense:99.25,Glomus macrocarpum:98.60,Glomus chinense:98.18,Glomus ibericum:97.88
PX214711.1	Glomus rugosae | 4431_805C	Glomus rugosae	main		assigned	Glomus rugosae	99.3	Glomus rugosae	1	Glomus rugosae	Glomus rugosae:99.30,Glomus mongioiense:99.25,Glomus macrocarpum:98.60,Glomus chinense:98.18,Glomus ibericum:97.88
PX214712.1	Glomus rugosae | 4384_IVT98	Glomus rugosae	main		assigned	Glomus rugosae	99.3	Glomus rugosae	1	Glomus rugosae	Glomus rugosae:99.30,Glomus mongioiense:99.25,Glomus macrocarpum:98.60,Glomus chinense:98.18,Glomus ibericum:97.88
PX214713.1	Glomus rugosae | 4384_IVT98	Glomus rugosae	main		assigned	Glomus rugosae	99.44	Glomus rugosae	1	Glomus rugosae	Glomus rugosae:99.44,Glomus mongioiense:99.25,Glomus macrocarpum:98.46,Glomus chinense:98.04,Glomus ibericum:98.03
PX214714.1	Glomus rugosae | 4431_805C	Glomus rugosae	main		assigned	Glomus rugosae	99.158	Glomus mongioiense,Glomus rugosae	2	Glomus rugosae	Glomus mongioiense:99.25,Glomus rugosae:99.16,Glomus macrocarpum:97.62,Glomus chinense:97.20,Glomus ibericum:97.12
PX214715.1	Glomus rugosae | 4420_683B	Glomus rugosae	main		assigned	Glomus rugosae	99.16	Glomus mongioiense,Glomus rugosae	2	Glomus rugosae	Glomus mongioiense:99.63,Glomus rugosae:99.16,Glomus macrocarpum:98.18,Glomus chinense:98.04,Glomus ibericum:98.03
PX214716.1	Glomus rugosae | 4420_683B	Glomus rugosae	main		assigned	Glomus rugosae	99.16	Glomus mongioiense,Glomus rugosae	2	Glomus rugosae	Glomus mongioiense:99.63,Glomus rugosae:99.16,Glomus macrocarpum:98.18,Glomus chinense:98.04,Glomus ibericum:98.03
PX214717.1	Glomus rugosae | 4431_805C	Glomus rugosae	main		assigned	Glomus rugosae	99.16	Glomus mongioiense,Glomus rugosae	2	Glomus rugosae	Glomus mongioiense:99.63,Glomus rugosae:99.16,Glomus macrocarpum:98.18,Glomus chinense:98.04,Glomus ibericum:98.03
PX214718.1	Glomus rugosae | 4420_683B	Glomus rugosae	main		assigned	Glomus rugosae	99.719	Glomus rugosae	1	Glomus rugosae	Glomus rugosae:99.72,Glomus mongioiense:99.63,Glomus macrocarpum:97.90,Glomus chinense:97.48,Glomus ibericum:97.42
PX214719.1	Glomus rugosae | 4420_683B	Glomus rugosae	main		assigned	Glomus rugosae	99.719	Glomus rugosae	1	Glomus rugosae	Glomus rugosae:99.72,Glomus mongioiense:99.63,Glomus macrocarpum:97.90,Glomus chinense:97.48,Glomus ibericum:97.42
PX214720.1	Glomus rugosae | 4431_805C	Glomus rugosae	main		assigned	Glomus rugosae	99.719	Glomus rugosae	1	Glomus rugosae	Glomus rugosae:99.72,Glomus mongioiense:99.63,Glomus macrocarpum:97.90,Glomus chinense:97.48,Glomus ibericum:97.42
PX214721.1	Glomus rugosae | 4420_683B	Glomus rugosae	main		assigned	Glomus rugosae	99.44	Glomus mongioiense,Glomus rugosae	2	Glomus rugosae	Glomus mongioiense:99.63,Glomus rugosae:99.44,Glomus macrocarpum:97.62,Glomus chinense:97.20,Glomus ibericum:97.12
PX214722.1	Glomus rugosae | 4420_683B	Glomus rugosae	main		assigned	Glomus rugosae	99.018	Glomus rugosae	1	Glomus rugosae	Glomus rugosae:99.02,Glomus mongioiense:98.88,Glomus macrocarpum:97.20,Glomus chinense:96.78,Glomus ibericum:96.66
PX214723.1	Glomus rugosae | 4420_683B	Glomus rugosae	main		assigned	Glomus rugosae	99.018	Glomus rugosae	1	Glomus rugosae	Glomus rugosae:99.02,Glomus mongioiense:98.88,Glomus macrocarpum:97.20,Glomus chinense:96.78,Glomus ibericum:96.66
PX214724.1	Glomus rugosae | 4431_805C	Glomus rugosae	main		assigned	Glomus rugosae	99.018	Glomus rugosae	1	Glomus rugosae	Glomus rugosae:99.02,Glomus mongioiense:98.88,Glomus macrocarpum:97.20,Glomus chinense:96.78,Glomus ibericum:96.66
PX214725.1	Glomus rugosae | 4431_805C	Glomus rugosae	main		assigned	Glomus rugosae	99.299	Glomus rugosae	1	Glomus rugosae	Glomus rugosae:99.30,Glomus mongioiense:99.25,Glomus macrocarpum:97.48,Glomus chinense:97.06,Glomus ibericum:96.97
PX214726.1	Glomus rugosae | 4420_683B	Glomus rugosae	main		assigned	Glomus rugosae	99.158	Glomus mongioiense,Glomus rugosae	2	Glomus rugosae	Glomus mongioiense:99.25,Glomus rugosae:99.16,Glomus macrocarpum:97.34,Glomus chinense:96.92,Glomus ibericum:96.81
PX214727.1	Glomus rugosae | 2101_IVT46	Glomus rugosae	main		assigned	Glomus rugosae	99.018	Glomus mongioiense,Glomus rugosae	2	Glomus rugosae	Glomus mongioiense:99.25,Glomus rugosae:99.02,Glomus macrocarpum:97.76,Glomus chinense:96.78,Glomus ibericum:96.66
PX214728.1	Glomus rugosae | 2101_IVT46	Glomus rugosae	main		assigned	Glomus rugosae	99.018	Glomus mongioiense,Glomus rugosae	2	Glomus rugosae	Glomus mongioiense:99.25,Glomus rugosae:99.02,Glomus macrocarpum:97.76,Glomus chinense:96.78,Glomus ibericum:96.66
PX214729.1	Glomus rugosae | 4384_IVT98	Glomus rugosae	main		assigned	Glomus rugosae	99.02	Glomus mongioiense,Glomus rugosae	2	Glomus rugosae	Glomus mongioiense:99.63,Glomus rugosae:99.02,Glomus macrocarpum:97.76,Glomus chinense:97.06,Glomus ibericum:96.97
PX214730.1	Glomus rugosae | 4384_IVT98	Glomus rugosae	main		assigned	Glomus rugosae	99.44	Glomus rugosae	1	Glomus rugosae	Glomus rugosae:99.44,Glomus mongioiense:99.25,Glomus macrocarpum:98.46,Glomus chinense:98.04,Glomus ibericum:98.03
PX214731.1	Glomus rugosae | 2101_IVT46	Glomus rugosae	main		assigned	Glomus rugosae	99.579	Glomus rugosae	1	Glomus rugosae	Glomus rugosae:99.58,Glomus mongioiense:99.25,Glomus macrocarpum:97.76,Glomus chinense:97.34,Glomus ibericum:97.27
PX214732.1	Glomus rugosae | 2101_IVT46	Glomus rugosae	main		assigned	Glomus rugosae	99.301	Glomus rugosae	1	Glomus rugosae	Glomus rugosae:99.30,Glomus mongioiense:99.25,Glomus macrocarpum:97.76,Glomus chinense:97.34,Glomus ibericum:97.27
PX214733.1	Glomus rugosae | 2101_IVT46	Glomus rugosae	main		assigned	Glomus rugosae	99.02	Glomus rugosae	1	Glomus rugosae	Glomus rugosae:99.02,Glomus mongioiense:98.88,Glomus macrocarpum:97.48,Glomus chinense:97.06,Glomus ibericum:96.97
PX214734.1	Glomus rugosae | 4420_683B	Glomus rugosae	main		assigned	Glomus rugosae	99.579	Glomus rugosae	1	Glomus rugosae	Glomus rugosae:99.58,Glomus mongioiense:99.25,Glomus macrocarpum:97.76,Glomus chinense:97.34,Glomus ibericum:97.27
PX214735.1	Glomus rugosae | 5103_2445A	Glomus rugosae	main		assigned	Glomus rugosae	98.739	Glomus mongioiense,Glomus rugosae	2	Glomus mongioiense,Glomus rugosae	Glomus mongioiense:99.63,Glomus rugosae:98.74,Glomus macrocarpum:97.76,Glomus chinense:97.06,Glomus ibericum:96.82
PX214736.1	Glomus rugosae | 5096_2452A	Glomus rugosae	main		assigned	Glomus rugosae	98.739	Glomus mongioiense,Glomus rugosae	2	Glomus mongioiense,Glomus rugosae	Glomus mongioiense:99.63,Glomus rugosae:98.74,Glomus macrocarpum:97.76,Glomus chinense:97.06,Glomus ibericum:96.82
PX214737.1	Glomus rugosae | 5103_2445A	Glomus rugosae	main		assigned	Glomus rugosae	98.739	Glomus mongioiense,Glomus rugosae	2	Glomus mongioiense,Glomus rugosae	Glomus mongioiense:99.63,Glomus rugosae:98.74,Glomus macrocarpum:97.76,Glomus chinense:97.06,Glomus ibericum:96.82
PX214738.1	Glomus rugosae | 5096_2452A	Glomus rugosae	main		assigned	Glomus rugosae	98.739	Glomus mongioiense,Glomus rugosae	2	Glomus mongioiense,Glomus rugosae	Glomus mongioiense:99.63,Glomus rugosae:98.74,Glomus macrocarpum:97.76,Glomus chinense:97.06,Glomus ibericum:96.82
PX214739.1	Glomus rugosae | 5103_2445A	Glomus rugosae	main		assigned	Glomus rugosae	99.16	Glomus mongioiense,Glomus rugosae	2	Glomus mongioiense,Glomus rugosae	Glomus mongioiense:99.63,Glomus rugosae:99.16,Glomus macrocarpum:98.18,Glomus chinense:97.48,Glomus ibericum:97.12
PX214740.1	Glomus rugosae | 5096_2452A	Glomus rugosae	main		assigned	Glomus rugosae	99.16	Glomus mongioiense,Glomus rugosae	2	Glomus mongioiense,Glomus rugosae	Glomus mongioiense:99.63,Glomus rugosae:99.16,Glomus macrocarpum:98.18,Glomus chinense:97.48,Glomus ibericum:97.12
PX214741.1	Glomus rugosae | 5096_2452A	Glomus rugosae	main		assigned	Glomus rugosae	98.739	Glomus mongioiense,Glomus rugosae	2	Glomus mongioiense,Glomus rugosae	Glomus mongioiense:99.25,Glomus rugosae:98.74,Glomus macrocarpum:97.76,Glomus chinense:97.06,Glomus ibericum:96.67
PX214742.1	Glomus rugosae | 5103_2445A	Glomus rugosae	main		assigned	Glomus rugosae	98.601	Glomus mongioiense,Glomus rugosae	2	Glomus mongioiense,Glomus rugosae	Glomus mongioiense:99.25,Glomus rugosae:98.60,Glomus macrocarpum:97.63,Glomus chinense:96.93,Glomus ibericum:96.52
PX214743.1	Glomus rugosae | 2101_IVT46	Glomus rugosae	main		assigned	Glomus rugosae	99.158	Glomus mongioiense,Glomus rugosae	2	Glomus rugosae	Glomus mongioiense:99.63,Glomus rugosae:99.16,Glomus macrocarpum:97.90,Glomus chinense:96.92,Glomus ibericum:96.81
PX214744.1	Glomus rugosae | 2101_IVT46	Glomus rugosae	main		assigned	Glomus rugosae	99.158	Glomus mongioiense,Glomus rugosae	2	Glomus rugosae	Glomus mongioiense:99.63,Glomus rugosae:99.16,Glomus macrocarpum:97.90,Glomus chinense:96.92,Glomus ibericum:96.81
PX214745.1	Glomus rugosae | 4487_957C	Glomus rugosae	main		assigned	Glomus rugosae	99.16	Glomus mongioiense,Glomus rugosae	2	Glomus mongioiense,Glomus rugosae	Glomus mongioiense:99.63,Glomus rugosae:99.16,Glomus macrocarpum:98.46,Glomus chinense:98.04,Glomus ibericum:97.72
PX214746.1	Dominikia duoreactiva | 4412	Dominikia duoreactiva	main		assigned	Dominikia duoreactiva	98.617	Dominikia duoreactiva	1	Dominikia duoreactiva	Dominikia duoreactiva:98.62,Dominikia lithuanica:95.86,Dominikia achra:95.60,Dominikia bonfanteae:92.98,Dominikia bernensis:92.85
PX214747.1	Dominikia duoreactiva | 4392_1156C	Dominikia duoreactiva	main		assigned	Dominikia duoreactiva	98.617	Dominikia duoreactiva	1	Dominikia duoreactiva	Dominikia duoreactiva:98.62,Dominikia lithuanica:95.86,Dominikia achra:95.60,Dominikia bonfanteae:92.98,Dominikia bernensis:92.85
PX214748.1	Dominikia duoreactiva | 4412	Dominikia duoreactiva	main		assigned	Dominikia duoreactiva	98.617	Dominikia duoreactiva	1	Dominikia duoreactiva	Dominikia duoreactiva:98.62,Dominikia lithuanica:95.86,Dominikia achra:95.60,Dominikia bonfanteae:92.98,Dominikia bernensis:92.85
PX214749.1	Dominikia duoreactiva | 4392_1156C	Dominikia duoreactiva	main		assigned	Dominikia duoreactiva	98.617	Dominikia duoreactiva	1	Dominikia duoreactiva	Dominikia duoreactiva:98.62,Dominikia lithuanica:95.86,Dominikia achra:95.60,Dominikia bonfanteae:92.98,Dominikia bernensis:92.85
PX214750.1	Dominikia duoreactiva | 4412	Dominikia duoreactiva	main		assigned	Dominikia duoreactiva	98.058	Dominikia duoreactiva	1	Dominikia duoreactiva	Dominikia duoreactiva:98.06,Dominikia achra:95.86,Dominikia lithuanica:95.85,Dominikia bonfanteae:93.24,Dominikia bernensis:92.83
PX214751.1	Dominikia duoreactiva | 4392_1156C	Dominikia duoreactiva	main		unassigned				0	Dominikia duoreactiva	Dominikia achra:96.56,Dominikia duoreactiva:94.74,Dominikia lithuanica:94.20,Dominikia glomerocarpica:93.08,Dominikia bonfanteae:92.42
PX214752.1	Dominikia duoreactiva | 4412	Dominikia duoreactiva	main		assigned	Dominikia duoreactiva	98.336	Dominikia duoreactiva	1	Dominikia duoreactiva	Dominikia duoreactiva:98.34,Dominikia lithuanica:96.13,Dominikia achra:95.86,Dominikia bonfanteae:93.52,Dominikia bernensis:93.10
PX214753.1	Dominikia duoreactiva | 4392_1156C	Dominikia duoreactiva	main		assigned	Dominikia duoreactiva	98.336	Dominikia duoreactiva	1	Dominikia duoreactiva	Dominikia duoreactiva:98.34,Dominikia lithuanica:96.13,Dominikia achra:95.86,Dominikia bonfanteae:93.52,Dominikia bernensis:93.10
PX214754.1	Dominikia duoreactiva | 4412	Dominikia duoreactiva	main		assigned	Dominikia duoreactiva	98.336	Dominikia duoreactiva	1	Dominikia duoreactiva	Dominikia duoreactiva:98.34,Dominikia lithuanica:96.13,Dominikia achra:95.86,Dominikia bonfanteae:93.52,Dominikia bernensis:93.10
PX214755.1	Dominikia bonfanteae | 4351_1077A	Dominikia bonfanteae	main		assigned	Dominikia bonfanteae	97.249	Dominikia bonfanteae	1	Dominikia bonfanteae	Dominikia bonfanteae:97.25,Dominikia paraminuta:95.32,Dominikia minuta:95.18,Dominikia bernensis:95.18,Dominikia disticha:94.77
PX214756.1	Dominikia bonfanteae | 4351_1077A	Dominikia bonfanteae	main		assigned	Dominikia bonfanteae	97.658	Dominikia bonfanteae	1	Dominikia bonfanteae	Dominikia bonfanteae:97.66,Dominikia paraminuta:96.00,Dominikia bernensis:95.86,Dominikia minuta:95.86,Dominikia disticha:94.90
PX214757.1	Dominikia bonfanteae | 4351_1077A	Dominikia bonfanteae	main		assigned	Dominikia bonfanteae	97.796	Dominikia bonfanteae	1	Dominikia bonfanteae	Dominikia bonfanteae:97.80,Dominikia paraminuta:96.00,Dominikia bernensis:95.86,Dominikia minuta:95.86,Dominikia disticha:95.04
PX214758.1	Dominikia bonfanteae | C10660_2264B	Dominikia bonfanteae	main		assigned	Dominikia bonfanteae	99.448	Dominikia bonfanteae	1	Dominikia bonfanteae	Dominikia bonfanteae:99.45,Dominikia paraminuta:96.27,Dominikia bernensis:96.13,Dominikia minuta:95.86,Dominikia disticha:95.17
PX214759.1	Dominikia bonfanteae | C10660_2264B	Dominikia bonfanteae	main		assigned	Dominikia bonfanteae	99.309	Dominikia bonfanteae	1	Dominikia bonfanteae	Dominikia bonfanteae:99.31,Dominikia paraminuta:96.13,Dominikia bernensis:95.99,Dominikia minuta:95.72,Dominikia disticha:95.31
PX214760.1	Dominikia bonfanteae | C10660_2264B	Dominikia bonfanteae	main		assigned	Dominikia bonfanteae	97.793	Dominikia bonfanteae	1	Dominikia bonfanteae	Dominikia bonfanteae:97.79,Dominikia paraminuta:96.83,Dominikia bernensis:96.69,Dominikia disticha:96.41,Dominikia minuta:96.41
PX214761.1	Microdominikia litorea | 3647_963E	Microdominikia litorea	main		assigned	Microdominikia litorea	98.194	Microdominikia litorea	1	Microdominikia litorea	Microdominikia litorea:98.19,Dominikia paraminuta:90.75,Dominikia bernensis:90.47,Dominikia minuta:90.33,Orientoglomus emiratium:90.29
PX214762.1	Microdominikia litorea | 3647_963E	Microdominikia litorea	main		assigned	Microdominikia litorea	97.917	Microdominikia litorea	1	Microdominikia litorea	Microdominikia litorea:97.92,Dominikia paraminuta:90.33,Dominikia glomerocarpica:90.31,Dominikia minuta:90.06,Dominikia bernensis:90.06
PX214763.1	Microdominikia litorea | 3647_963E	Microdominikia litorea	main		unassigned				0	Microdominikia litorea	Microdominikia litorea:96.39,Glomus mongioiense:90.00,Dominikia glomerocarpica:89.75,Dominikia paraminuta:89.23,Dominikia gansuensis:89.18
PX214764.1	Microdominikia litorea | 3647_963E	Microdominikia litorea	main		unassigned				0	Microdominikia litorea	Microdominikia litorea:96.39,Glomus mongioiense:90.00,Dominikia glomerocarpica:89.75,Dominikia paraminuta:89.23,Dominikia gansuensis:89.18
PX214765.1	Microdominikia litorea | 3647_963E	Microdominikia litorea	main		unassigned				0	Microdominikia litorea	Microdominikia litorea:96.39,Glomus mongioiense:90.00,Dominikia glomerocarpica:89.75,Dominikia paraminuta:89.23,Dominikia gansuensis:89.18
PX214766.1	Microdominikia litorea | 3647_963E	Microdominikia litorea	main		unassigned				0	Microdominikia litorea	Microdominikia litorea:96.39,Glomus mongioiense:90.00,Dominikia glomerocarpica:89.75,Dominikia paraminuta:89.23,Dominikia gansuensis:89.18
PX214767.1	Microdominikia litorea | 3647_963E	Microdominikia litorea	main		unassigned				0	Microdominikia litorea	Microdominikia litorea:96.39,Glomus mongioiense:90.00,Dominikia glomerocarpica:89.75,Dominikia paraminuta:89.23,Dominikia gansuensis:89.18
PX214768.1	Microdominikia litorea | 5274	Microdominikia litorea	main		unassigned				0	Microdominikia litorea	Microdominikia litorea:95.84,Glomus mongioiense:89.63,Dominikia paraminuta:89.39,Dominikia minuta:89.12,Dominikia bernensis:89.12
PX214769.1	Microdominikia litorea | 5274	Microdominikia litorea	main		unassigned				0	Microdominikia litorea	Microdominikia litorea:96.81,Glomus mongioiense:90.00,Dominikia paraminuta:89.78,Dominikia minuta:89.50,Dominikia bernensis:89.50
PX214770.1	Microdominikia litorea | 5274	Microdominikia litorea	main		unassigned				0	Microdominikia litorea	Microdominikia litorea:96.25,Glomus mongioiense:90.00,Dominikia paraminuta:89.78,Dominikia minuta:89.63,Dominikia bernensis:89.50
PX214771.1	Microdominikia litorea | 5274	Microdominikia litorea	main		unassigned				0	Microdominikia litorea	Microdominikia litorea:96.53,Dominikia paraminuta:89.50,Dominikia glomerocarpica:89.47,Glomus mongioiense:89.26,Dominikia minuta:89.23
PX214772.1	Microdominikia litorea | 5274	Microdominikia litorea	main		assigned	Microdominikia litorea	98.889	Microdominikia litorea	1	Microdominikia litorea	Microdominikia litorea:98.89,Dominikia paraminuta:90.47,Dominikia bernensis:90.19,Orientoglomus emiratium:90.15,Dominikia minuta:90.06
PX214773.1	Glomus sp. | 4406	Glomus sp.	main		unassigned				0		Nanoglomus plukenetiae:91.27,Dominikia iranica:87.17,Microdominikia litorea:87.16,Dominikia disticha:87.05,Dominikia paraminuta:87.00
PX214774.1	Glomus sp. | 5089_2351A	Glomus sp.	main		unassigned				0		Nanoglomus plukenetiae:91.00,Dominikia iranica:86.90,Microdominikia litorea:86.88,Dominikia disticha:86.78,Dominikia paraminuta:86.72
PX214775.1	Glomus sp. | 5089_2351A	Glomus sp.	main		unassigned				0		Nanoglomus plukenetiae:91.27,Dominikia iranica:87.76,Dominikia glomerocarpica:87.50,Dominikia disticha:87.48,Dominikia paraminuta:87.47
PX214776.1	Rhizophagus irregularis | 4569_1185B	Rhizophagus irregularis	main		unassigned				0	Rhizophagus irregularis	Rhizophagus irregularis:95.50,Rhizophagus venetianum:94.87,Rhizophagus vesiculiferus:93.62,Rhizophagus natalensis:93.28,Rhizophagus silesianus:91.69
PX214777.1	Rhizophagus irregularis | 4375_IVT88A	Rhizophagus irregularis	divergent	short_5.8S	unassigned				0	Rhizophagus irregularis	Rhizophagus irregularis:95.50,Rhizophagus venetianum:94.87,Rhizophagus vesiculiferus:93.62,Rhizophagus natalensis:93.28,Rhizophagus silesianus:91.69
PX214778.1	Rhizophagus irregularis | 4341_IVT72A	Rhizophagus irregularis	divergent	short_5.8S	unassigned				0	Rhizophagus irregularis	Rhizophagus irregularis:95.50,Rhizophagus venetianum:94.87,Rhizophagus vesiculiferus:93.62,Rhizophagus natalensis:93.28,Rhizophagus silesianus:91.69
PX214779.1	Rhizophagus irregularis | 4348_IVT77A	Rhizophagus irregularis	divergent	short_5.8S	unassigned				0	Rhizophagus irregularis	Rhizophagus irregularis:95.50,Rhizophagus venetianum:94.87,Rhizophagus vesiculiferus:93.62,Rhizophagus natalensis:93.28,Rhizophagus silesianus:91.69
PX214780.1	Rhizophagus irregularis | 4674_1184D	Rhizophagus irregularis	divergent	short_5.8S	unassigned				0	Rhizophagus irregularis	Rhizophagus irregularis:95.50,Rhizophagus venetianum:94.87,Rhizophagus vesiculiferus:93.62,Rhizophagus natalensis:93.28,Rhizophagus silesianus:91.69
PX214781.1	Rhizophagus irregularis | 4292_708C	Rhizophagus irregularis	divergent	short_5.8S	unassigned				0	Rhizophagus irregularis	Rhizophagus irregularis:95.50,Rhizophagus venetianum:94.87,Rhizophagus vesiculiferus:93.62,Rhizophagus natalensis:93.28,Rhizophagus silesianus:91.69
PX214782.1	Rhizophagus irregularis | 4375_IVT88A	Rhizophagus irregularis	divergent	short_5.8S	unassigned				0	Rhizophagus irregularis	Rhizophagus irregularis:95.50,Rhizophagus venetianum:94.87,Rhizophagus vesiculiferus:93.62,Rhizophagus natalensis:93.28,Rhizophagus silesianus:91.69
PX214783.1	Rhizophagus irregularis | T3_IVT34A	Rhizophagus irregularis	divergent	short_5.8S	unassigned				0	Rhizophagus irregularis	Rhizophagus irregularis:95.79,Rhizophagus venetianum:94.87,Rhizophagus vesiculiferus:93.62,Rhizophagus natalensis:92.71,Rhizoglomus cacao:91.69
PX214784.1	Rhizophagus irregularis | CC4_4A_IVT7A	Rhizophagus irregularis	divergent	short_5.8S	unassigned				0	Rhizophagus irregularis	Rhizophagus irregularis:95.78,Rhizophagus venetianum:95.00,Rhizophagus vesiculiferus:93.75,Rhizophagus natalensis:92.69,Rhizoglomus cacao:91.82
PX214785.1	Rhizophagus irregularis | 4569_1185B	Rhizophagus irregularis	main		assigned	Rhizophagus irregularis	97.388	Rhizophagus irregularis	1	Rhizophagus irregularis	Rhizophagus irregularis:97.39,Rhizophagus venetianum:96.81,Rhizophagus vesiculiferus:95.42,Rhizophagus natalensis:93.87,Rhizophagus silesianus:92.95
PX214786.1	Rhizophagus irregularis | 4375_IVT88A	Rhizophagus irregularis	main		assigned	Rhizophagus irregularis	97.388	Rhizophagus irregularis	1	Rhizophagus irregularis	Rhizophagus irregularis:97.39,Rhizophagus venetianum:96.81,Rhizophagus vesiculiferus:95.42,Rhizophagus natalensis:93.87,Rhizophagus silesianus:92.95
PX214787.1	Rhizophagus irregularis | 4375_IVT88A	Rhizophagus irregularis	main		assigned	Rhizophagus irregularis	97.388	Rhizophagus irregularis	1	Rhizophagus irregularis	Rhizophagus irregularis:97.39,Rhizophagus venetianum:96.81,Rhizophagus vesiculiferus:95.42,Rhizophagus natalensis:93.87,Rhizophagus silesianus:92.95
PX214788.1	Rhizophagus irregularis | 4341_IVT72A	Rhizophagus irregularis	main		assigned	Rhizophagus irregularis	97.388	Rhizophagus irregularis	1	Rhizophagus irregularis	Rhizophagus irregularis:97.39,Rhizophagus venetianum:96.81,Rhizophagus vesiculiferus:95.42,Rhizophagus natalensis:93.68,Rhizophagus silesianus:92.95
PX214789.1	Rhizophagus irregularis | 4348_IVT77A	Rhizophagus irregularis	main		assigned	Rhizophagus irregularis	97.388	Rhizophagus irregularis	1	Rhizophagus irregularis	Rhizophagus irregularis:97.39,Rhizophagus venetianum:96.81,Rhizophagus vesiculiferus:95.42,Rhizophagus natalensis:93.68,Rhizophagus silesianus:92.95
PX214790.1	Rhizophagus irregularis | 4674_1184D	Rhizophagus irregularis	main		assigned	Rhizophagus irregularis	97.533	Rhizophagus irregularis	1	Rhizophagus irregularis	Rhizophagus irregularis:97.53,Rhizophagus venetianum:96.95,Rhizophagus vesiculiferus:95.56,Rhizophagus natalensis:93.87,Rhizophagus silesianus:93.08
PX214791.1	Rhizophagus irregularis | 4292_708C	Rhizophagus irregularis	main		assigned	Rhizophagus irregularis	97.533	Rhizophagus irregularis	1	Rhizophagus irregularis	Rhizophagus irregularis:97.53,Rhizophagus venetianum:96.95,Rhizophagus vesiculiferus:95.56,Rhizophagus natalensis:93.87,Rhizophagus silesianus:93.08
PX214792.1	Rhizophagus irregularis | 4341_IVT72A	Rhizophagus irregularis	main		assigned	Rhizophagus irregularis	97.097	Rhizophagus irregularis	1	Rhizophagus irregularis	Rhizophagus irregularis:97.10,Rhizophagus venetianum:96.53,Rhizophagus vesiculiferus:95.42,Rhizophagus natalensis:93.68,Rhizophagus silesianus:92.67
PX214793.1	Rhizophagus irregularis | 4348_IVT77A	Rhizophagus irregularis	main		assigned	Rhizophagus irregularis	97.097	Rhizophagus irregularis	1	Rhizophagus irregularis	Rhizophagus irregularis:97.10,Rhizophagus venetianum:96.53,Rhizophagus vesiculiferus:95.42,Rhizophagus natalensis:93.68,Rhizophagus silesianus:92.67
PX214794.1	Rhizophagus irregularis | 4674_1184D	Rhizophagus irregularis	main		assigned	Rhizophagus irregularis	97.097	Rhizophagus irregularis	1	Rhizophagus irregularis	Rhizophagus irregularis:97.10,Rhizophagus venetianum:96.53,Rhizophagus vesiculiferus:95.42,Rhizophagus natalensis:93.68,Rhizophagus silesianus:92.67
PX214795.1	Rhizophagus irregularis | 4292_708C	Rhizophagus irregularis	main		assigned	Rhizophagus irregularis	97.097	Rhizophagus irregularis	1	Rhizophagus irregularis	Rhizophagus irregularis:97.10,Rhizophagus venetianum:96.53,Rhizophagus vesiculiferus:95.42,Rhizophagus natalensis:93.68,Rhizophagus silesianus:92.67
PX214796.1	Rhizophagus irregularis | T3_IVT34A	Rhizophagus irregularis	main		assigned	Rhizophagus venetianum	97.087	Rhizophagus irregularis,Rhizophagus venetianum	2	Rhizophagus irregularis	Rhizophagus irregularis:97.68,Rhizophagus venetianum:97.09,Rhizophagus vesiculiferus:95.70,Rhizophagus natalensis:94.06,Rhizophagus silesianus:93.22
PX214797.1	Rhizophagus irregularis | CC4_4A_IVT7A	Rhizophagus irregularis	main		assigned	Rhizophagus irregularis	97.097	Rhizophagus irregularis	1	Rhizophagus irregularis	Rhizophagus irregularis:97.10,Rhizophagus venetianum:96.39,Rhizophagus vesiculiferus:95.01,Rhizophagus natalensis:94.06,Rhizophagus silesianus:92.81
PX214798.1	Rhizophagus irregularis | CC4_4A_IVT7A	Rhizophagus irregularis	main		assigned	Rhizophagus irregularis	97.533	Rhizophagus irregularis	1	Rhizophagus irregularis	Rhizophagus irregularis:97.53,Rhizophagus venetianum:96.95,Rhizophagus vesiculiferus:95.56,Rhizophagus natalensis:94.06,Rhizophagus silesianus:93.08
PX214799.1	Rhizophagus irregularis | 4375_IVT88A	Rhizophagus irregularis	main		assigned	Rhizophagus irregularis	97.388	Rhizophagus irregularis	1	Rhizophagus irregularis	Rhizophagus irregularis:97.39,Rhizophagus venetianum:96.95,Rhizophagus vesiculiferus:95.56,Rhizophagus natalensis:94.06,Rhizophagus silesianus:92.95
PX214800.1	Rhizophagus irregularis | 4375_IVT88A	Rhizophagus irregularis	main		assigned	Rhizophagus irregularis	97.388	Rhizophagus irregularis	1	Rhizophagus irregularis	Rhizophagus irregularis:97.39,Rhizophagus venetianum:96.95,Rhizophagus vesiculiferus:95.56,Rhizophagus natalensis:94.06,Rhizophagus silesianus:92.95
PX214801.1	Rhizophagus irregularis | 4375_IVT88A	Rhizophagus irregularis	main		assigned	Rhizophagus irregularis	97.388	Rhizophagus irregularis	1	Rhizophagus irregularis	Rhizophagus irregularis:97.39,Rhizophagus venetianum:96.81,Rhizophagus vesiculiferus:95.42,Rhizophagus natalensis:93.87,Rhizophagus silesianus:92.95
PX214802.1	Rhizophagus irregularis | 4375_IVT88A	Rhizophagus irregularis	main		assigned	Rhizophagus irregularis	97.246	Rhizophagus irregularis	1	Rhizophagus irregularis	Rhizophagus irregularis:97.25,Rhizophagus venetianum:95.01,Rhizophagus silesianus:94.88,Rhizophagus natalensis:94.06,Rhizophagus dunensis:93.76
PX214803.1	Rhizophagus irregularis | 4674_1184D	Rhizophagus irregularis	main		assigned	Rhizophagus irregularis	97.246	Rhizophagus irregularis	1	Rhizophagus irregularis	Rhizophagus irregularis:97.25,Rhizophagus venetianum:95.28,Rhizophagus silesianus:95.16,Rhizophagus natalensis:94.06,Rhizophagus dunensis:93.76
PX214804.1	Rhizophagus irregularis | T3_IVT34A	Rhizophagus irregularis	main		assigned	Rhizophagus irregularis	99.564	Rhizophagus irregularis	1	Rhizophagus irregularis	Rhizophagus irregularis:99.56,Rhizophagus venetianum:96.66,Rhizophagus silesianus:96.39,Rhizophagus natalensis:95.57,Rhizophagus vesiculiferus:95.41
PX214805.1	Rhizophagus irregularis | CC4_4A_IVT7A	Rhizophagus irregularis	main		assigned	Rhizophagus irregularis	99.419	Rhizophagus irregularis	1	Rhizophagus irregularis	Rhizophagus irregularis:99.42,Rhizophagus venetianum:96.52,Rhizophagus silesianus:96.25,Rhizophagus natalensis:95.76,Rhizophagus vesiculiferus:95.55
PX214806.1	Rhizophagus irregularis | T3_IVT34A	Rhizophagus irregularis	main		assigned	Rhizophagus irregularis	97.823	Rhizophagus irregularis	1	Rhizophagus irregularis	Rhizophagus irregularis:97.82,Rhizophagus silesianus:96.25,Rhizophagus venetianum:96.11,Rhizophagus natalensis:95.37,Rhizophagus dunensis:95.14
PX214807.1	Rhizophagus irregularis | 4375_IVT88A	Rhizophagus irregularis	main		assigned	Rhizophagus irregularis	97.678	Rhizophagus irregularis	1	Rhizophagus irregularis	Rhizophagus irregularis:97.68,Rhizophagus silesianus:95.84,Rhizophagus venetianum:95.69,Rhizophagus natalensis:95.17,Rhizophagus dunensis:94.72
PX214808.1	Rhizophagus irregularis | 4341_IVT72A	Rhizophagus irregularis	main		assigned	Rhizophagus irregularis	97.678	Rhizophagus irregularis	1	Rhizophagus irregularis	Rhizophagus irregularis:97.68,Rhizophagus silesianus:95.84,Rhizophagus venetianum:95.69,Rhizophagus natalensis:95.17,Rhizophagus dunensis:94.72
PX214809.1	Rhizophagus irregularis | 4348_IVT77A	Rhizophagus irregularis	main		assigned	Rhizophagus irregularis	97.678	Rhizophagus irregularis	1	Rhizophagus irregularis	Rhizophagus irregularis:97.68,Rhizophagus silesianus:95.84,Rhizophagus venetianum:95.69,Rhizophagus natalensis:95.17,Rhizophagus dunensis:94.72
PX214810.1	Rhizophagus irregularis | 4375_IVT88A	Rhizophagus irregularis	main		assigned	Rhizophagus irregularis	97.678	Rhizophagus irregularis	1	Rhizophagus irregularis	Rhizophagus irregularis:97.68,Rhizophagus silesianus:95.84,Rhizophagus venetianum:95.69,Rhizophagus natalensis:95.17,Rhizophagus dunensis:94.72
PX214811.1	Rhizophagus irregularis | 4674_1184D	Rhizophagus irregularis	main		assigned	Rhizophagus irregularis	97.388	Rhizophagus irregularis	1	Rhizophagus irregularis	Rhizophagus irregularis:97.39,Rhizophagus silesianus:96.12,Rhizophagus venetianum:95.97,Rhizophagus natalensis:95.17,Rhizophagus dunensis:94.72
PX214812.1	Rhizophagus irregularis | 4292_708C	Rhizophagus irregularis	main		assigned	Rhizophagus irregularis	97.388	Rhizophagus irregularis	1	Rhizophagus irregularis	Rhizophagus irregularis:97.39,Rhizophagus silesianus:96.12,Rhizophagus venetianum:95.97,Rhizophagus natalensis:95.17,Rhizophagus dunensis:94.72
PX214813.1	Rhizophagus irregularis | SD1_IVT29A	Rhizophagus irregularis	main		assigned	Rhizophagus irregularis	99.709	Rhizophagus irregularis	1	Rhizophagus irregularis	Rhizophagus irregularis:99.71,Rhizophagus venetianum:96.81,Rhizophagus vesiculiferus:94.72,Rhizophagus natalensis:94.04,Rhizophagus silesianus:93.06
PX214814.1	Rhizophagus irregularis | SD1_IVT29A	Rhizophagus irregularis	main		assigned	Rhizophagus irregularis	99.709	Rhizophagus irregularis	1	Rhizophagus irregularis	Rhizophagus irregularis:99.71,Rhizophagus venetianum:96.81,Rhizophagus vesiculiferus:94.72,Rhizophagus natalensis:94.04,Rhizophagus silesianus:93.06
PX214815.1	Rhizophagus irregularis | SD1_IVT29A	Rhizophagus irregularis	main		assigned	Rhizophagus irregularis	100.0	Rhizophagus irregularis	1	Rhizophagus irregularis	Rhizophagus irregularis:100.00,Rhizophagus venetianum:96.53,Rhizophagus vesiculiferus:94.44,Rhizophagus natalensis:93.65,Rhizophagus silesianus:92.79
PX214816.1	Rhizophagus sp. (in: glomeromycetes) | 212607_IVT70A	Rhizophagus sp. (in: glomeromycetes)	divergent	short_5.8S	assigned	Rhizophagus irregularis	98.547	Rhizophagus irregularis	1	Rhizophagus fasciculatus	Rhizophagus irregularis:98.55,Rhizophagus venetianum:96.67,Rhizophagus vesiculiferus:94.44,Rhizophagus natalensis:93.85,Rhizophagus silesianus:92.79
PX214817.1	Rhizophagus irregularis | SD1_IVT29A	Rhizophagus irregularis	divergent	short_5.8S	assigned	Rhizophagus irregularis	98.547	Rhizophagus irregularis	1	Rhizophagus irregularis	Rhizophagus irregularis:98.55,Rhizophagus venetianum:96.67,Rhizophagus vesiculiferus:94.44,Rhizophagus natalensis:93.85,Rhizophagus silesianus:92.79
PX214818.1	[Rhizoglomus] vesiculiferum | 3029_660C	[Rhizoglomus] vesiculiferum	main		assigned	Rhizophagus vesiculiferus	99.163	Rhizophagus vesiculiferus	1	Rhizophagus vesiculiferus	Rhizophagus vesiculiferus:99.16,Rhizophagus venetianum:96.94,Rhizophagus irregularis:95.64,Rhizophagus natalensis:95.38,Rhizophagus silesianus:94.03
PX214819.1	[Rhizoglomus] vesiculiferum | 4374_IVT87A	[Rhizoglomus] vesiculiferum	main		assigned	Rhizophagus vesiculiferus	99.024	Rhizophagus vesiculiferus	1	Rhizophagus vesiculiferus	Rhizophagus vesiculiferus:99.02,Rhizophagus venetianum:97.08,Rhizophagus irregularis:95.78,Rhizophagus natalensis:95.38,Rhizophagus silesianus:93.89
PX214820.1	[Rhizoglomus] vesiculiferum | 4374_IVT87A	[Rhizoglomus] vesiculiferum	main		assigned	Rhizophagus vesiculiferus	98.187	Rhizophagus vesiculiferus	1	Rhizophagus vesiculiferus	Rhizophagus vesiculiferus:98.19,Rhizophagus venetianum:96.52,Rhizophagus natalensis:94.99,Rhizophagus irregularis:94.91,Rhizophagus melanus:93.47
PX214821.1	[Rhizoglomus] vesiculiferum | Gwalkeri_IVT132A	[Rhizoglomus] vesiculiferum	main		assigned	Rhizophagus vesiculiferus	98.605	Rhizophagus vesiculiferus	1	Rhizophagus vesiculiferus	Rhizophagus vesiculiferus:98.61,Rhizophagus venetianum:96.38,Rhizophagus natalensis:95.38,Rhizophagus irregularis:95.06,Rhizophagus silesianus:93.47
PX214822.1	[Rhizoglomus] vesiculiferum | Gwalkeri_IVT132A	[Rhizoglomus] vesiculiferum	main		assigned	Rhizophagus vesiculiferus	98.884	Rhizophagus vesiculiferus	1	Rhizophagus vesiculiferus	Rhizophagus vesiculiferus:98.88,Rhizophagus venetianum:96.66,Rhizophagus natalensis:95.76,Rhizophagus irregularis:95.35,Rhizophagus silesianus:93.75
PX214823.1	[Rhizoglomus] vesiculiferum | Gwalkeri_IVT132A	[Rhizoglomus] vesiculiferum	main		assigned	Rhizophagus vesiculiferus	98.86	Rhizophagus vesiculiferus	1	Rhizophagus vesiculiferus	Rhizophagus vesiculiferus:98.86,Rhizophagus venetianum:96.59,Rhizophagus natalensis:95.76,Rhizophagus irregularis:95.35,Rhizophagus silesianus:93.62
PX214824.1	[Rhizoglomus] vesiculiferum | Gwalkeri_IVT132A	[Rhizoglomus] vesiculiferum	main		assigned	Rhizophagus vesiculiferus	98.326	Rhizophagus vesiculiferus	1	Rhizophagus vesiculiferus	Rhizophagus vesiculiferus:98.33,Rhizophagus venetianum:96.38,Rhizophagus natalensis:95.38,Rhizophagus irregularis:95.20,Rhizophagus silesianus:93.61
PX214825.1	[Rhizoglomus] vesiculiferum | 5074_2353A	[Rhizoglomus] vesiculiferum	main		assigned	Rhizophagus vesiculiferus	98.884	Rhizophagus vesiculiferus	1	Rhizophagus vesiculiferus	Rhizophagus vesiculiferus:98.88,Rhizophagus venetianum:96.38,Rhizophagus irregularis:95.35,Rhizophagus natalensis:94.80,Rhizophagus silesianus:93.47
PX214826.1	[Rhizoglomus] vesiculiferum | 5074_2353A	[Rhizoglomus] vesiculiferum	main		assigned	Rhizophagus vesiculiferus	98.745	Rhizophagus vesiculiferus	1	Rhizophagus vesiculiferus	Rhizophagus vesiculiferus:98.75,Rhizophagus venetianum:96.80,Rhizophagus irregularis:95.78,Rhizophagus natalensis:94.99,Rhizophagus silesianus:93.61
PX214827.1	[Rhizoglomus] vesiculiferum | 3628_IVT65A	[Rhizoglomus] vesiculiferum	main		assigned	Rhizophagus vesiculiferus	99.024	Rhizophagus vesiculiferus	1	Rhizophagus vesiculiferus	Rhizophagus vesiculiferus:99.02,Rhizophagus venetianum:96.80,Rhizophagus irregularis:95.78,Rhizophagus natalensis:95.38,Rhizophagus silesianus:93.89
PX214828.1	[Rhizoglomus] vesiculiferum | 3628_IVT65A	[Rhizoglomus] vesiculiferum	main		assigned	Rhizophagus vesiculiferus	98.884	Rhizophagus vesiculiferus	1	Rhizophagus vesiculiferus	Rhizophagus vesiculiferus:98.88,Rhizophagus venetianum:96.80,Rhizophagus irregularis:95.78,Rhizophagus natalensis:95.38,Rhizophagus silesianus:93.89
PX214829.1	[Rhizoglomus] vesiculiferum | 4086_IVT68A	[Rhizoglomus] vesiculiferum	main		assigned	Rhizophagus vesiculiferus	98.884	Rhizophagus vesiculiferus	1	Rhizophagus vesiculiferus	Rhizophagus vesiculiferus:98.88,Rhizophagus venetianum:96.66,Rhizophagus irregularis:95.64,Rhizophagus natalensis:95.57,Rhizophagus silesianus:93.75
PX214830.1	[Rhizoglomus] vesiculiferum | 3628_IVT65A	[Rhizoglomus] vesiculiferum	main		assigned	Rhizophagus vesiculiferus	99.024	Rhizophagus vesiculiferus	1	Rhizophagus vesiculiferus	Rhizophagus vesiculiferus:99.02,Rhizophagus venetianum:96.80,Rhizophagus irregularis:95.78,Rhizophagus natalensis:95.38,Rhizophagus silesianus:93.89
PX214831.1	[Rhizoglomus] vesiculiferum | 3628_IVT65A	[Rhizoglomus] vesiculiferum	main		assigned	Rhizophagus vesiculiferus	98.884	Rhizophagus vesiculiferus	1	Rhizophagus vesiculiferus	Rhizophagus vesiculiferus:98.88,Rhizophagus venetianum:96.80,Rhizophagus irregularis:95.78,Rhizophagus natalensis:95.38,Rhizophagus silesianus:93.89
PX214832.1	[Rhizoglomus] vesiculiferum | 4086_IVT68A	[Rhizoglomus] vesiculiferum	main		assigned	Rhizophagus vesiculiferus	98.884	Rhizophagus vesiculiferus	1	Rhizophagus vesiculiferus	Rhizophagus vesiculiferus:98.88,Rhizophagus venetianum:96.66,Rhizophagus irregularis:95.64,Rhizophagus natalensis:95.57,Rhizophagus silesianus:93.75
PX214833.1	[Rhizoglomus] vesiculiferum | 4369_IVT81A	[Rhizoglomus] vesiculiferum	main		assigned	Rhizophagus vesiculiferus	98.468	Rhizophagus vesiculiferus	1	Rhizophagus vesiculiferus	Rhizophagus vesiculiferus:98.47,Rhizophagus venetianum:96.81,Rhizophagus natalensis:95.76,Rhizophagus irregularis:95.50,Rhizophagus silesianus:94.17
PX214834.1	[Rhizoglomus] vesiculiferum | 4369_IVT81A	[Rhizoglomus] vesiculiferum	main		assigned	Rhizophagus vesiculiferus	98.468	Rhizophagus vesiculiferus	1	Rhizophagus vesiculiferus	Rhizophagus vesiculiferus:98.47,Rhizophagus venetianum:96.81,Rhizophagus natalensis:95.76,Rhizophagus irregularis:95.50,Rhizophagus silesianus:94.17
PX214835.1	[Rhizoglomus] vesiculiferum | 3628_IVT65A	[Rhizoglomus] vesiculiferum	main		assigned	Rhizophagus vesiculiferus	98.745	Rhizophagus vesiculiferus	1	Rhizophagus vesiculiferus	Rhizophagus vesiculiferus:98.75,Rhizophagus venetianum:96.80,Rhizophagus irregularis:95.78,Rhizophagus natalensis:95.57,Rhizophagus silesianus:93.89
PX214836.1	[Rhizoglomus] vesiculiferum | 4374_IVT87A	[Rhizoglomus] vesiculiferum	main		unassigned				0	Rhizophagus vesiculiferus	Rhizophagus vesiculiferus:96.66,Rhizophagus irregularis:96.52,Rhizophagus silesianus:95.98,Rhizophagus natalensis:95.56,Rhizophagus dunensis:94.44
PX214837.1	[Rhizoglomus] vesiculiferum | 5074_2353A	[Rhizoglomus] vesiculiferum	main		unassigned				0	Rhizophagus vesiculiferus	Rhizophagus vesiculiferus:96.52,Rhizophagus irregularis:96.08,Rhizophagus silesianus:95.84,Rhizophagus natalensis:95.17,Rhizophagus dunensis:94.31
PX214838.1	[Rhizoglomus] vesiculiferum | Gwalkeri_IVT132A	[Rhizoglomus] vesiculiferum	main		unassigned				0	Rhizophagus vesiculiferus	Rhizophagus vesiculiferus:96.94,Rhizophagus silesianus:95.98,Rhizophagus irregularis:95.94,Rhizophagus natalensis:95.56,Rhizophagus dunensis:94.44
PX214839.1	[Rhizoglomus] vesiculiferum | 212939_IVT38A	[Rhizoglomus] vesiculiferum	main		unassigned				0		Rhizophagus vesiculiferus:96.53,Rhizophagus irregularis:95.80,Rhizophagus silesianus:95.30,Rhizophagus natalensis:94.61,Rhizophagus dunensis:93.77
PX214840.1	[Rhizoglomus] vesiculiferum | 3628_IVT65A	[Rhizoglomus] vesiculiferum	main		unassigned				0	Rhizophagus vesiculiferus	Rhizophagus vesiculiferus:96.52,Rhizophagus irregularis:95.65,Rhizophagus silesianus:95.42,Rhizophagus natalensis:94.79,Rhizophagus dunensis:93.89
PX214841.1	Rhizophagus irregularis | 4292_708C	Rhizophagus irregularis	divergent	short_5.8S	assigned	Rhizophagus irregularis	97.678	Rhizophagus irregularis	1	Rhizophagus irregularis	Rhizophagus irregularis:97.68,Rhizophagus silesianus:95.84,Rhizophagus venetianum:95.69,Rhizophagus natalensis:95.17,Rhizophagus dunensis:94.72
PX214842.1	[Rhizoglomus] vesiculiferum | 5074_2353A	[Rhizoglomus] vesiculiferum	divergent	short_5.8S	unassigned				0	Rhizophagus vesiculiferus	Rhizophagus vesiculiferus:96.24,Rhizophagus irregularis:95.49,Rhizophagus venetianum:95.14,Rhizophagus natalensis:93.67,Rhizophagus silesianus:92.24
PX214843.1	[Rhizoglomus] vesiculiferum | 212939_IVT38A	[Rhizoglomus] vesiculiferum	divergent	short_5.8S	unassigned				0		Rhizophagus vesiculiferus:96.24,Rhizophagus venetianum:95.42,Rhizophagus irregularis:95.35,Rhizophagus natalensis:94.05,Rhizophagus silesianus:92.52
PX214844.1	[Rhizoglomus] vesiculiferum | 4086_IVT68A	[Rhizoglomus] vesiculiferum	divergent	short_5.8S	unassigned				0	Rhizophagus vesiculiferus	Rhizophagus irregularis:94.48,Rhizophagus venetianum:94.45,Rhizophagus vesiculiferus:93.75,Rhizophagus natalensis:92.89,Rhizophagus silesianus:92.13
PX214845.1	[Rhizoglomus] vesiculiferum | Gwalkeri_IVT132A	[Rhizoglomus] vesiculiferum	divergent	short_5.8S	unassigned				0	Rhizophagus vesiculiferus	Rhizophagus irregularis:95.06,Rhizophagus venetianum:94.87,Rhizophagus vesiculiferus:94.86,Rhizophagus natalensis:93.08,Rhizophagus silesianus:92.11
PX214846.1	[Rhizoglomus] vesiculiferum | Gwalkeri_IVT132A	[Rhizoglomus] vesiculiferum	divergent	short_5.8S	unassigned				0	Rhizophagus vesiculiferus	Rhizophagus irregularis:95.06,Rhizophagus venetianum:94.87,Rhizophagus vesiculiferus:94.86,Rhizophagus natalensis:93.08,Rhizophagus silesianus:92.11
PX214847.1	[Rhizoglomus] vesiculiferum | 5074_2353A	[Rhizoglomus] vesiculiferum	divergent	short_5.8S	unassigned				0	Rhizophagus vesiculiferus	Rhizophagus vesiculiferus:93.88,Rhizophagus venetianum:93.47,Rhizophagus melanus:92.65,Rhizophagus natalensis:92.50,Rhizophagus irregularis:92.17
PX214848.1	[Rhizoglomus] vesiculiferum | 5074_2353A	[Rhizoglomus] vesiculiferum	divergent	short_5.8S	unassigned				0	Rhizophagus vesiculiferus	Rhizophagus vesiculiferus:93.88,Rhizophagus venetianum:93.47,Rhizophagus melanus:92.65,Rhizophagus natalensis:92.50,Rhizophagus irregularis:92.17
PX214849.1	[Rhizoglomus] vesiculiferum | 212939_IVT38A	[Rhizoglomus] vesiculiferum	divergent	short_5.8S	unassigned				0		Rhizophagus vesiculiferus:94.02,Rhizophagus venetianum:93.89,Rhizophagus natalensis:92.89,Rhizophagus melanus:92.79,Rhizophagus irregularis:92.61
PX214850.1	[Rhizoglomus] vesiculiferum | 212939_IVT38A	[Rhizoglomus] vesiculiferum	divergent	short_5.8S	unassigned				0		Rhizophagus vesiculiferus:94.44,Rhizophagus venetianum:94.31,Rhizophagus melanus:93.20,Rhizophagus natalensis:93.08,Rhizophagus irregularis:93.04
PX214851.1	[Rhizoglomus] vesiculiferum | 212939_IVT38A	[Rhizoglomus] vesiculiferum	divergent	short_5.8S	unassigned				0		Rhizophagus vesiculiferus:94.16,Rhizophagus venetianum:94.03,Rhizophagus natalensis:93.08,Rhizophagus melanus:92.93,Rhizophagus irregularis:92.75
PX214852.1	[Rhizoglomus] vesiculiferum | 212939_IVT38A	[Rhizoglomus] vesiculiferum	divergent	short_5.8S	unassigned				0		Rhizophagus vesiculiferus:94.02,Rhizophagus venetianum:93.89,Rhizophagus natalensis:92.89,Rhizophagus melanus:92.79,Rhizophagus irregularis:92.61
PX214853.1	[Rhizoglomus] vesiculiferum | 212939_IVT38A	[Rhizoglomus] vesiculiferum	divergent	short_5.8S	unassigned				0		Rhizophagus vesiculiferus:94.02,Rhizophagus venetianum:93.89,Rhizophagus natalensis:92.89,Rhizophagus melanus:92.79,Rhizophagus irregularis:92.61
PX214854.1	[Rhizoglomus] vesiculiferum | 3628_IVT65A	[Rhizoglomus] vesiculiferum	divergent	short_5.8S	unassigned				0	Rhizophagus vesiculiferus	Rhizophagus vesiculiferus:94.01,Rhizophagus venetianum:93.60,Rhizophagus natalensis:92.89,Rhizophagus melanus:92.64,Rhizoglomus cacao:92.48
PX214855.1	[Rhizoglomus] vesiculiferum | Gwalkeri_IVT132A	[Rhizoglomus] vesiculiferum	divergent	short_5.8S	unassigned				0	Rhizophagus vesiculiferus	Rhizophagus vesiculiferus:95.12,Rhizophagus venetianum:94.16,Rhizophagus melanus:93.47,Rhizophagus natalensis:93.46,Rhizoglomus cacao:93.05
PX214856.1	Rhizophagus silesianus | ECU32_IVT8A	Rhizophagus silesianus	main		assigned	Rhizophagus silesianus	99.444	Rhizophagus silesianus	1	Rhizophagus silesianus	Rhizophagus silesianus:99.44,Rhizophagus natalensis:98.46,Rhizophagus irregularis:95.78,Rhizophagus venetianum:94.85,Rhizophagus vesiculiferus:94.30
PX214857.1	Rhizophagus silesianus | ECU32_IVT8A	Rhizophagus silesianus	main		assigned	Rhizophagus silesianus	99.444	Rhizophagus silesianus	1	Rhizophagus silesianus	Rhizophagus silesianus:99.44,Rhizophagus natalensis:98.46,Rhizophagus irregularis:95.78,Rhizophagus venetianum:94.85,Rhizophagus vesiculiferus:94.30
PX214858.1	Rhizophagus silesianus | 3628_206A	Rhizophagus silesianus	main		assigned	Rhizophagus silesianus	99.722	Rhizophagus silesianus	1	Rhizophagus silesianus	Rhizophagus silesianus:99.72,Rhizophagus natalensis:98.46,Rhizophagus irregularis:95.79,Rhizophagus venetianum:94.86,Rhizophagus dunensis:94.03
PX214859.1	Rhizophagus silesianus | 3628_206A	Rhizophagus silesianus	main		assigned	Rhizophagus silesianus	99.583	Rhizophagus silesianus	1	Rhizophagus silesianus	Rhizophagus silesianus:99.58,Rhizophagus natalensis:98.65,Rhizophagus irregularis:95.93,Rhizophagus venetianum:94.99,Rhizophagus dunensis:94.16
PX214860.1	Rhizophagus silesianus | ECU32_IVT8A	Rhizophagus silesianus	main		assigned	Rhizophagus silesianus	99.305	Rhizophagus silesianus	1	Rhizophagus silesianus	Rhizophagus silesianus:99.31,Rhizophagus natalensis:98.26,Rhizophagus irregularis:95.64,Rhizophagus venetianum:94.72,Rhizophagus vesiculiferus:94.16
PX214861.1	Rhizophagus silesianus | ECU32_IVT8A	Rhizophagus silesianus	main		assigned	Rhizophagus silesianus	99.305	Rhizophagus silesianus	1	Rhizophagus silesianus	Rhizophagus silesianus:99.31,Rhizophagus natalensis:98.26,Rhizophagus irregularis:95.64,Rhizophagus venetianum:94.72,Rhizophagus vesiculiferus:94.16
PX214862.1	Rhizophagus silesianus | ECU32_IVT8A	Rhizophagus silesianus	main		assigned	Rhizophagus silesianus	99.166	Rhizophagus silesianus	1	Rhizophagus silesianus	Rhizophagus silesianus:99.17,Rhizophagus natalensis:98.07,Rhizophagus irregularis:95.49,Rhizophagus venetianum:94.58,Rhizophagus dalpeae:94.01
PX214863.1	Rhizophagus silesianus | ECU32_IVT8A	Rhizophagus silesianus	divergent	short_5.8S	unassigned				0	Rhizophagus silesianus	Rhizophagus natalensis:96.53,Rhizophagus silesianus:94.44,Rhizophagus venetianum:94.03,Rhizophagus vesiculiferus:94.03,Rhizophagus irregularis:93.32
PX214864.1	Rhizophagus silesianus | ECU32_IVT8A	Rhizophagus silesianus	divergent	short_5.8S	unassigned				0	Rhizophagus silesianus	Rhizophagus natalensis:96.53,Rhizophagus silesianus:94.44,Rhizophagus venetianum:94.03,Rhizophagus vesiculiferus:94.03,Rhizophagus irregularis:93.32
PX214865.1	Rhizophagus silesianus | 3628_206A	Rhizophagus silesianus	divergent	short_5.8S	unassigned				0	Rhizophagus silesianus	Rhizophagus natalensis:95.75,Rhizophagus silesianus:94.44,Rhizophagus venetianum:94.03,Rhizophagus vesiculiferus:93.75,Rhizophagus irregularis:93.03
PX214866.1	Rhizophagus intraradices | FL208_553A	Rhizophagus intraradices	main		assigned	Rhizophagus intraradices	99.708	Rhizophagus intraradices	1	Rhizophagus intraradices	Rhizophagus intraradices:99.71,Rhizophagus proliferus:95.82,Rhizophagus fasciculatus:93.76,Rhizophagus silesianus:93.61,Rhizophagus dunensis:93.60
PX214867.1	Rhizophagus intraradices | KS906_IVT22A	Rhizophagus intraradices	main		assigned	Rhizophagus intraradices	99.563	Rhizophagus intraradices	1	Rhizophagus intraradices	Rhizophagus intraradices:99.56,Rhizophagus proliferus:95.68,Rhizophagus fasciculatus:93.62,Rhizophagus silesianus:93.47,Rhizophagus dunensis:93.46
PX214868.1	Rhizophagus intraradices | FL208_553A	Rhizophagus intraradices	main		assigned	Rhizophagus intraradices	99.854	Rhizophagus intraradices	1	Rhizophagus intraradices	Rhizophagus intraradices:99.85,Rhizophagus proliferus:95.68,Rhizophagus fasciculatus:93.62,Rhizophagus silesianus:93.47,Rhizophagus dunensis:93.46
PX214869.1	Rhizophagus intraradices | FL208_553A	Rhizophagus intraradices	main		assigned	Rhizophagus intraradices	98.688	Rhizophagus intraradices	1	Rhizophagus intraradices	Rhizophagus intraradices:98.69,Rhizophagus proliferus:95.68,Rhizophagus dunensis:93.74,Rhizophagus clarus:93.59,Rhizophagus silesianus:93.47
PX214870.1	Rhizophagus intraradices | FL208_553A	Rhizophagus intraradices	divergent	short_5.8S	unassigned				0	Rhizophagus intraradices	Rhizophagus intraradices:94.17,Rhizophagus vesiculiferus:91.93,Rhizophagus venetianum:91.67,Rhizophagus proliferus:91.38,Rhizophagus invermaius:91.14
PX214871.1	Rhizophagus sp. (in: glomeromycetes) | 212607_IVT70A	Rhizophagus sp. (in: glomeromycetes)	main		assigned	Rhizophagus fasciculatus	100.0	Rhizophagus fasciculatus	1	Rhizophagus fasciculatus	Rhizophagus fasciculatus:100.00,Rhizophagus arabicus:95.28,Rhizophagus variabilis:95.14,Rhizophagus maiae:95.13,Rhizophagus proliferus:93.61
PX214872.1	Rhizophagus sp. (in: glomeromycetes) | 1399_IVT43A	Rhizophagus sp. (in: glomeromycetes)	main		assigned	Rhizophagus fasciculatus	100.0	Rhizophagus fasciculatus	1	Rhizophagus fasciculatus	Rhizophagus fasciculatus:100.00,Rhizophagus arabicus:95.28,Rhizophagus variabilis:95.14,Rhizophagus maiae:95.13,Rhizophagus proliferus:93.61
PX214873.1	Rhizophagus sp. (in: glomeromycetes) | 212607_IVT70A	Rhizophagus sp. (in: glomeromycetes)	main		assigned	Rhizophagus fasciculatus	99.861	Rhizophagus fasciculatus	1	Rhizophagus fasciculatus	Rhizophagus fasciculatus:99.86,Rhizophagus arabicus:95.42,Rhizophagus variabilis:95.28,Rhizophagus maiae:95.27,Rhizophagus proliferus:93.75
PX214874.1	Rhizophagus sp. (in: glomeromycetes) | 212607_IVT70A	Rhizophagus sp. (in: glomeromycetes)	main		assigned	Rhizophagus fasciculatus	99.722	Rhizophagus fasciculatus	1	Rhizophagus fasciculatus	Rhizophagus fasciculatus:99.72,Rhizophagus arabicus:95.55,Rhizophagus variabilis:95.41,Rhizophagus maiae:95.40,Rhizophagus proliferus:93.88
PX214875.1	Rhizophagus sp. (in: glomeromycetes) | 1399_IVT43A	Rhizophagus sp. (in: glomeromycetes)	main		assigned	Rhizophagus fasciculatus	99.722	Rhizophagus fasciculatus	1	Rhizophagus fasciculatus	Rhizophagus fasciculatus:99.72,Rhizophagus arabicus:95.55,Rhizophagus variabilis:95.41,Rhizophagus maiae:95.40,Rhizophagus proliferus:93.88
PX214876.1	Rhizophagus sp. (in: glomeromycetes) | 212607_IVT70A	Rhizophagus sp. (in: glomeromycetes)	main		assigned	Rhizophagus fasciculatus	99.861	Rhizophagus fasciculatus	1	Rhizophagus fasciculatus	Rhizophagus fasciculatus:99.86,Rhizophagus arabicus:95.41,Rhizophagus variabilis:95.27,Rhizophagus maiae:95.27,Rhizophagus proliferus:93.74
PX214877.1	Rhizophagus sp. (in: glomeromycetes) | 212607_IVT70A	Rhizophagus sp. (in: glomeromycetes)	main		assigned	Rhizophagus fasciculatus	99.583	Rhizophagus fasciculatus	1	Rhizophagus fasciculatus	Rhizophagus fasciculatus:99.58,Rhizophagus arabicus:95.28,Rhizophagus variabilis:95.15,Rhizophagus maiae:95.00,Rhizophagus proliferus:93.48
PX214878.1	Rhizophagus sp. (in: glomeromycetes) | 1399_IVT43A	Rhizophagus sp. (in: glomeromycetes)	main		assigned	Rhizophagus fasciculatus	99.583	Rhizophagus fasciculatus	1	Rhizophagus fasciculatus	Rhizophagus fasciculatus:99.58,Rhizophagus arabicus:95.28,Rhizophagus variabilis:95.15,Rhizophagus maiae:95.00,Rhizophagus proliferus:93.48
PX214879.1	Rhizophagus sp. (in: glomeromycetes) | 212607_IVT70A	Rhizophagus sp. (in: glomeromycetes)	main		assigned	Rhizophagus fasciculatus	99.026	Rhizophagus fasciculatus	1	Rhizophagus fasciculatus	Rhizophagus fasciculatus:99.03,Rhizophagus arabicus:95.41,Rhizophagus maiae:95.27,Rhizophagus variabilis:94.99,Rhizophagus dunensis:93.89
PX214880.1	Oehlia diaphana | JS1_IVT19A	Oehlia diaphana	main		assigned	Oehlia diaphana	98.684	Oehlia diaphana	1	Oehlia diaphana	Oehlia diaphana:98.68,Glomus mongioiense:91.05,Rhizophagus proliferus:89.58,Halonatospora pansihalos:89.31,Rhizophagus fasciculatus:88.49
PX214881.1	Oehlia diaphana | 4835_562B	Oehlia diaphana	main		assigned	Oehlia diaphana	98.83	Oehlia diaphana	1	Oehlia diaphana	Oehlia diaphana:98.83,Glomus mongioiense:91.05,Rhizophagus proliferus:89.46,Halonatospora pansihalos:89.17,Rhizophagus fasciculatus:88.64
PX214882.1	Oehlia diaphana | JS1_IVT19A	Oehlia diaphana	main		assigned	Oehlia diaphana	99.269	Oehlia diaphana	1	Oehlia diaphana	Oehlia diaphana:99.27,Glomus mongioiense:91.05,Halonatospora pansihalos:89.58,Rhizophagus proliferus:89.18,Rhizophagus fasciculatus:88.64
PX214883.1	Oehlia diaphana | WV579_765A	Oehlia diaphana	main		assigned	Oehlia diaphana	99.269	Oehlia diaphana	1	Oehlia diaphana	Oehlia diaphana:99.27,Glomus mongioiense:91.05,Halonatospora pansihalos:89.58,Rhizophagus proliferus:89.18,Rhizophagus fasciculatus:88.64
PX214884.1	Oehlia diaphana | 4835_562B	Oehlia diaphana	main		assigned	Oehlia diaphana	99.269	Oehlia diaphana	1	Oehlia diaphana	Oehlia diaphana:99.27,Glomus mongioiense:91.05,Halonatospora pansihalos:89.58,Rhizophagus proliferus:89.18,Rhizophagus fasciculatus:88.64
PX214885.1	Oehlia diaphana | WV579_765A	Oehlia diaphana	main		assigned	Oehlia diaphana	99.269	Oehlia diaphana	1	Oehlia diaphana	Oehlia diaphana:99.27,Glomus mongioiense:91.05,Halonatospora pansihalos:89.58,Rhizophagus proliferus:89.18,Rhizophagus fasciculatus:88.64
PX214886.1	Oehlia diaphana | WV579_765A	Oehlia diaphana	main		assigned	Oehlia diaphana	98.977	Oehlia diaphana	1	Oehlia diaphana	Oehlia diaphana:98.98,Glomus mongioiense:91.05,Rhizophagus proliferus:89.32,Halonatospora pansihalos:89.31,Rhizophagus fasciculatus:88.78
PX214887.1	Oehlia diaphana | WV579_765A	Oehlia diaphana	main		assigned	Oehlia diaphana	99.563	Oehlia diaphana	1	Oehlia diaphana	Oehlia diaphana:99.56,Glomus mongioiense:91.05,Rhizophagus proliferus:89.33,Halonatospora pansihalos:89.31,Rhizophagus fasciculatus:88.50
PX214888.1	Oehlia diaphana | WV579_765B	Oehlia diaphana	main		assigned	Oehlia diaphana	99.563	Oehlia diaphana	1	Oehlia diaphana	Oehlia diaphana:99.56,Glomus mongioiense:90.67,Halonatospora pansihalos:89.44,Rhizophagus proliferus:89.18,Rhizophagus fasciculatus:88.64
PX214889.1	Oehlia diaphana | WV579_765B	Oehlia diaphana	main		assigned	Oehlia diaphana	98.83	Oehlia diaphana	1	Oehlia diaphana	Oehlia diaphana:98.83,Glomus mongioiense:91.05,Rhizophagus proliferus:89.18,Halonatospora pansihalos:89.17,Rhizophagus fasciculatus:88.37
PX214890.1	Oehlia diaphana | WV579_765B	Oehlia diaphana	main		assigned	Oehlia diaphana	98.977	Oehlia diaphana	1	Oehlia diaphana	Oehlia diaphana:98.98,Glomus mongioiense:91.05,Halonatospora pansihalos:89.44,Rhizophagus proliferus:89.04,Rhizophagus fasciculatus:88.50
PX214891.1	Oehlia diaphana | JS1_IVT19A	Oehlia diaphana	main		assigned	Oehlia diaphana	98.83	Oehlia diaphana	1	Oehlia diaphana	Oehlia diaphana:98.83,Glomus mongioiense:91.05,Halonatospora pansihalos:89.17,Rhizophagus proliferus:88.90,Rhizophagus fasciculatus:88.37
PX214892.1	Oehlia diaphana | WV579_765A	Oehlia diaphana	main		assigned	Oehlia diaphana	98.542	Oehlia diaphana	1	Oehlia diaphana	Oehlia diaphana:98.54,Glomus mongioiense:91.05,Rhizophagus proliferus:89.06,Halonatospora pansihalos:89.03,Rhizophagus fasciculatus:88.37
PX214893.1	Oehlia diaphana | JS1_IVT19A	Oehlia diaphana	main		assigned	Oehlia diaphana	99.123	Oehlia diaphana	1	Oehlia diaphana	Oehlia diaphana:99.12,Glomus mongioiense:91.05,Rhizophagus proliferus:89.46,Halonatospora pansihalos:89.31,Rhizophagus fasciculatus:88.64
PX214894.1	Oehlia diaphana | 4835_562B	Oehlia diaphana	main		assigned	Oehlia diaphana	98.977	Oehlia diaphana	1	Oehlia diaphana	Oehlia diaphana:98.98,Glomus mongioiense:91.42,Rhizophagus proliferus:89.46,Halonatospora pansihalos:89.17,Rhizophagus fasciculatus:88.50
PX214895.1	Oehlia diaphana | WV579_765B	Oehlia diaphana	main		assigned	Oehlia diaphana	98.977	Oehlia diaphana	1	Oehlia diaphana	Oehlia diaphana:98.98,Glomus mongioiense:91.42,Rhizophagus proliferus:89.46,Halonatospora pansihalos:89.17,Rhizophagus fasciculatus:88.50
PX214896.1	Oehlia diaphana | 4835_562B	Oehlia diaphana	main		assigned	Oehlia diaphana	98.392	Oehlia diaphana	1	Oehlia diaphana	Oehlia diaphana:98.39,Glomus mongioiense:91.05,Rhizophagus proliferus:89.18,Halonatospora pansihalos:89.03,Rhizophagus fasciculatus:88.37
PX214897.1	Oehlia diaphana | 4835_562B	Oehlia diaphana	main		assigned	Oehlia diaphana	98.977	Oehlia diaphana	1	Oehlia diaphana	Oehlia diaphana:98.98,Glomus mongioiense:90.67,Rhizophagus proliferus:89.32,Halonatospora pansihalos:89.03,Rhizophagus fasciculatus:88.50
PX214898.1	Oehlia diaphana | WV579_765B	Oehlia diaphana	main		assigned	Oehlia diaphana	98.977	Oehlia diaphana	1	Oehlia diaphana	Oehlia diaphana:98.98,Glomus mongioiense:91.05,Rhizophagus proliferus:89.58,Halonatospora pansihalos:89.44,Rhizophagus fasciculatus:88.49
PX214899.1	Oehlia diaphana | JS1_IVT19A	Oehlia diaphana	main		assigned	Oehlia diaphana	98.83	Oehlia diaphana	1	Oehlia diaphana	Oehlia diaphana:98.83,Glomus mongioiense:90.30,Rhizophagus proliferus:88.90,Halonatospora pansihalos:88.89,Rhizoglomus cacao:88.18
PX214900.1	Oehlia diaphana | JS1_IVT19A	Oehlia diaphana	main		assigned	Oehlia diaphana	98.684	Oehlia diaphana	1	Oehlia diaphana	Oehlia diaphana:98.68,Glomus mongioiense:90.30,Rhizophagus proliferus:89.18,Halonatospora pansihalos:89.03,Rhizophagus fasciculatus:88.23
PX214901.1	Oehlia diaphana | 4835_562B	Oehlia diaphana	main		assigned	Oehlia diaphana	99.417	Oehlia diaphana	1	Oehlia diaphana	Oehlia diaphana:99.42,Glomus mongioiense:90.67,Halonatospora pansihalos:89.44,Rhizophagus proliferus:89.04,Rhizophagus fasciculatus:88.50
PX214902.1	Oehlia diaphana | WV579_765A	Oehlia diaphana	main		assigned	Oehlia diaphana	98.977	Oehlia diaphana	1	Oehlia diaphana	Oehlia diaphana:98.98,Glomus mongioiense:90.67,Halonatospora pansihalos:89.31,Rhizophagus proliferus:89.04,Rhizophagus fasciculatus:88.50
PX214903.1	Oehlia diaphana | WV579_765B	Oehlia diaphana	main		assigned	Oehlia diaphana	99.123	Oehlia diaphana	1	Oehlia diaphana	Oehlia diaphana:99.12,Glomus mongioiense:90.67,Halonatospora pansihalos:89.44,Rhizophagus proliferus:89.18,Rhizophagus fasciculatus:88.64
PX214904.1	Oehlia diaphana | WV579_765B	Oehlia diaphana	main		assigned	Oehlia diaphana	98.977	Oehlia diaphana	1	Oehlia diaphana	Oehlia diaphana:98.98,Glomus mongioiense:91.05,Halonatospora pansihalos:89.72,Rhizophagus proliferus:89.32,Rhizophagus fasciculatus:88.78
PX214905.1	Oehlia diaphana | 4835_562B	Oehlia diaphana	main		assigned	Oehlia diaphana	98.98	Oehlia diaphana	1	Oehlia diaphana	Oehlia diaphana:98.98,Glomus mongioiense:90.30,Halonatospora pansihalos:89.17,Rhizophagus proliferus:88.63,Rhizophagus fasciculatus:88.37
PX214906.1	Oehlia diaphana | WV579_765A	Oehlia diaphana	main		assigned	Oehlia diaphana	99.125	Oehlia diaphana	1	Oehlia diaphana	Oehlia diaphana:99.12,Glomus mongioiense:91.05,Rhizophagus proliferus:89.20,Halonatospora pansihalos:89.03,Rhizophagus fasciculatus:88.37
PX214907.1	Oehlia diaphana | WV579_765B	Oehlia diaphana	main		assigned	Oehlia diaphana	98.98	Oehlia diaphana	1	Oehlia diaphana	Oehlia diaphana:98.98,Glomus mongioiense:91.05,Rhizophagus proliferus:89.06,Halonatospora pansihalos:89.03,Rhizophagus fasciculatus:88.23
PX214908.1	Oehlia diaphana | WV579_765B	Oehlia diaphana	main		assigned	Oehlia diaphana	98.977	Oehlia diaphana	1	Oehlia diaphana	Oehlia diaphana:98.98,Glomus mongioiense:90.30,Rhizophagus proliferus:89.32,Halonatospora pansihalos:88.89,Rhizophagus fasciculatus:88.50
PX214909.1	Diversispora eburnea | FS_12_2334B	Diversispora eburnea	main		assigned	Diversispora eburnea	99.294	Diversispora eburnea	1	Diversispora eburnea	Diversispora eburnea:99.29,Diversispora peloponnesiaca:96.93,Diversispora valentina:96.47,Diversispora clara:96.37,Diversispora slowinskiensis:96.23
PX214910.1	Diversispora eburnea | FS_12_2334B	Diversispora eburnea	main		assigned	Diversispora eburnea	98.87	Diversispora eburnea	1	Diversispora eburnea	Diversispora eburnea:98.87,Diversispora peloponnesiaca:96.79,Diversispora valentina:96.33,Diversispora clara:96.23,Diversispora slowinskiensis:95.81
PX214911.1	Diversispora eburnea | AZ414A_356A	Diversispora eburnea	main		assigned	Diversispora eburnea	99.153	Diversispora eburnea	1	Diversispora eburnea	Diversispora eburnea:99.15,Diversispora peloponnesiaca:96.23,Diversispora valentina:96.05,Diversispora clara:95.68,Diversispora slowinskiensis:95.53
PX214912.1	Diversispora eburnea | AZ414A_356A	Diversispora eburnea	main		assigned	Diversispora eburnea	99.153	Diversispora eburnea	1	Diversispora eburnea	Diversispora eburnea:99.15,Diversispora peloponnesiaca:96.23,Diversispora valentina:96.05,Diversispora clara:95.68,Diversispora slowinskiensis:95.53
PX214913.1	Diversispora eburnea | FS_12_2334B	Diversispora eburnea	main		assigned	Diversispora eburnea	99.153	Diversispora eburnea	1	Diversispora eburnea	Diversispora eburnea:99.15,Diversispora peloponnesiaca:96.79,Diversispora valentina:96.33,Diversispora clara:96.23,Diversispora slowinskiensis:96.09
PX214914.1	Diversispora eburnea | AZ414A_356A	Diversispora eburnea	main		assigned	Diversispora eburnea	99.435	Diversispora eburnea	1	Diversispora eburnea	Diversispora eburnea:99.44,Diversispora peloponnesiaca:96.51,Diversispora valentina:96.34,Diversispora slowinskiensis:96.09,Diversispora clara:95.96
PX214915.1	Diversispora eburnea | AZ414A_356A	Diversispora eburnea	main		assigned	Diversispora eburnea	99.859	Diversispora eburnea	1	Diversispora eburnea	Diversispora eburnea:99.86,Diversispora peloponnesiaca:96.37,Diversispora valentina:96.20,Diversispora slowinskiensis:95.95,Diversispora clara:95.82
PX214916.1	Diversispora eburnea | AZ414A_356A	Diversispora eburnea	main		assigned	Diversispora eburnea	99.577	Diversispora eburnea	1	Diversispora eburnea	Diversispora eburnea:99.58,Diversispora peloponnesiaca:96.65,Diversispora valentina:96.48,Diversispora clara:96.10,Diversispora slowinskiensis:95.95
PX214917.1	Diversispora eburnea | AZ414A_356A	Diversispora eburnea	main		assigned	Diversispora eburnea	99.577	Diversispora eburnea	1	Diversispora eburnea	Diversispora eburnea:99.58,Diversispora peloponnesiaca:96.65,Diversispora valentina:96.48,Diversispora clara:96.10,Diversispora slowinskiensis:95.95
PX214918.1	Diversispora eburnea | AZ414A_356A	Diversispora eburnea	main		assigned	Diversispora eburnea	99.577	Diversispora eburnea	1	Diversispora eburnea	Diversispora eburnea:99.58,Diversispora peloponnesiaca:96.65,Diversispora valentina:96.48,Diversispora clara:96.10,Diversispora slowinskiensis:95.95
PX214919.1	Diversispora eburnea | AZ414A_356A	Diversispora eburnea	main		assigned	Diversispora eburnea	99.577	Diversispora eburnea	1	Diversispora eburnea	Diversispora eburnea:99.58,Diversispora peloponnesiaca:96.65,Diversispora valentina:96.48,Diversispora clara:96.10,Diversispora slowinskiensis:95.95
PX214920.1	Diversispora eburnea | AZ414A_356A	Diversispora eburnea	main		assigned	Diversispora eburnea	99.301	Diversispora eburnea	1	Diversispora eburnea	Diversispora eburnea:99.30,Diversispora peloponnesiaca:96.09,Diversispora valentina:95.92,Diversispora slowinskiensis:95.67,Diversispora clara:95.54
PX214921.1	Diversispora eburnea | AZ414A_356A	Diversispora eburnea	main		assigned	Diversispora eburnea	99.301	Diversispora eburnea	1	Diversispora eburnea	Diversispora eburnea:99.30,Diversispora peloponnesiaca:96.09,Diversispora valentina:95.92,Diversispora slowinskiensis:95.67,Diversispora clara:95.54
PX214922.1	Diversispora eburnea | FS_12_2334B	Diversispora eburnea	main		assigned	Diversispora eburnea	99.294	Diversispora eburnea	1	Diversispora eburnea	Diversispora eburnea:99.29,Diversispora peloponnesiaca:96.93,Diversispora valentina:96.47,Diversispora clara:96.37,Diversispora slowinskiensis:96.23
PX214923.1	Diversispora eburnea | FS_12_2334B	Diversispora eburnea	main		assigned	Diversispora eburnea	99.011	Diversispora eburnea	1	Diversispora eburnea	Diversispora eburnea:99.01,Diversispora peloponnesiaca:96.93,Diversispora valentina:96.47,Diversispora clara:96.37,Diversispora slowinskiensis:95.95
PX214924.1	Diversispora celata | 4381_68A	Diversispora celata	main		assigned	Diversispora celata	99.021	Diversispora celata	1	Diversispora celata	Diversispora celata:99.02,Diversispora trimurales:98.98,Diversispora eburnea:95.76,Diversispora peloponnesiaca:95.25,Diversispora densissima:94.83
PX214925.1	Diversispora celata | 4381_68A	Diversispora celata	main		assigned	Diversispora celata	99.021	Diversispora celata	1	Diversispora celata	Diversispora celata:99.02,Diversispora trimurales:98.98,Diversispora eburnea:95.62,Diversispora peloponnesiaca:95.11,Diversispora densissima:94.83
PX214926.1	Diversispora celata | 4381_68A	Diversispora celata	main		assigned	Diversispora celata	98.881	Diversispora celata	1	Diversispora celata	Diversispora celata:98.88,Diversispora trimurales:98.84,Diversispora eburnea:95.62,Diversispora peloponnesiaca:95.11,Diversispora densissima:94.83
PX214927.1	Diversispora celata | 4381_68A	Diversispora celata	main		assigned	Diversispora celata	99.021	Diversispora celata	1	Diversispora celata	Diversispora celata:99.02,Diversispora trimurales:98.98,Diversispora eburnea:95.76,Diversispora peloponnesiaca:95.25,Diversispora densissima:94.83
PX214928.1	Diversispora celata | 4381_68A	Diversispora celata	main		assigned	Diversispora celata	98.881	Diversispora celata	1	Diversispora celata	Diversispora celata:98.88,Diversispora trimurales:98.84,Diversispora eburnea:95.48,Diversispora peloponnesiaca:94.97,Diversispora densissima:94.69
PX214929.1	Diversispora celata | SC2	Diversispora celata	main		assigned	Diversispora celata	98.743	Diversispora celata,Diversispora trimurales	2	Diversispora celata,Diversispora trimurales	Diversispora trimurales:98.98,Diversispora celata:98.74,Diversispora eburnea:95.62,Diversispora peloponnesiaca:94.84,Diversispora slowinskiensis:94.55
PX214930.1	Diversispora celata | SC2	Diversispora celata	main		assigned	Diversispora celata	98.603	Diversispora celata,Diversispora trimurales	2	Diversispora celata,Diversispora trimurales	Diversispora trimurales:98.84,Diversispora celata:98.60,Diversispora eburnea:95.76,Diversispora densissima:94.97,Diversispora peloponnesiaca:94.70
PX214931.1	Diversispora celata | SC2	Diversispora celata	main		assigned	Diversispora celata	98.603	Diversispora celata,Diversispora trimurales	2	Diversispora celata,Diversispora trimurales	Diversispora trimurales:98.84,Diversispora celata:98.60,Diversispora eburnea:95.76,Diversispora densissima:94.97,Diversispora peloponnesiaca:94.70
PX214932.1	Diversispora celata | SC2	Diversispora celata	main		unassigned				0	Diversispora celata,Diversispora trimurales	Diversispora trimurales:96.08,Diversispora celata:95.96,Diversispora eburnea:93.80,Diversispora slowinskiensis:93.59,Diversispora densissima:93.59
PX214933.1	Diversispora celata | SC2	Diversispora celata	main		unassigned				0	Diversispora celata,Diversispora trimurales	Diversispora trimurales:96.08,Diversispora celata:95.96,Diversispora eburnea:93.80,Diversispora slowinskiensis:93.59,Diversispora densissima:93.59
PX214934.1	Diversispora jakucsiae | Blasz_11_2271A	Diversispora jakucsiae	main		assigned	Diversispora jakucsiae	99.578	Diversispora jakucsiae	1	Diversispora jakucsiae	Diversispora jakucsiae:99.58,Diversispora arenaria:99.16,Diversispora nevadensis:98.87,Diversispora valentina:95.36,Diversispora slowinskiensis:95.27
PX214935.1	Diversispora jakucsiae | Blasz_11_2271A	Diversispora jakucsiae	main		assigned	Diversispora jakucsiae	99.859	Diversispora jakucsiae	1	Diversispora jakucsiae	Diversispora jakucsiae:99.86,Diversispora arenaria:99.16,Diversispora nevadensis:98.87,Diversispora valentina:95.36,Diversispora slowinskiensis:95.27
PX214936.1	Diversispora jakucsiae | Blasz_11_2271A	Diversispora jakucsiae	main		assigned	Diversispora jakucsiae	99.437	Diversispora jakucsiae	1	Diversispora jakucsiae	Diversispora jakucsiae:99.44,Diversispora arenaria:99.01,Diversispora nevadensis:98.73,Diversispora valentina:95.22,Diversispora slowinskiensis:95.13
PX214937.1	Diversispora jakucsiae | Blasz_11_2271A	Diversispora jakucsiae	main		assigned	Diversispora jakucsiae	99.859	Diversispora jakucsiae	1	Diversispora jakucsiae	Diversispora jakucsiae:99.86,Diversispora arenaria:99.16,Diversispora nevadensis:98.87,Diversispora valentina:95.36,Diversispora slowinskiensis:95.27
PX214938.1	Diversispora arenaria | Blasz_14_2274A	Diversispora arenaria	main		assigned	Diversispora arenaria	99.296	Diversispora arenaria	1	Diversispora arenaria	Diversispora arenaria:99.30,Diversispora jakucsiae:99.02,Diversispora nevadensis:99.01,Diversispora valentina:95.63,Diversispora slowinskiensis:95.54
PX214939.1	Diversispora arenaria | Blasz_14_2274A	Diversispora arenaria	main		assigned	Diversispora arenaria	99.296	Diversispora arenaria	1	Diversispora arenaria	Diversispora arenaria:99.30,Diversispora jakucsiae:99.02,Diversispora nevadensis:99.01,Diversispora valentina:95.63,Diversispora slowinskiensis:95.54
PX214940.1	Diversispora arenaria | Blasz_14_2274A	Diversispora arenaria	main		assigned	Diversispora arenaria	99.859	Diversispora arenaria	1	Diversispora arenaria	Diversispora arenaria:99.86,Diversispora jakucsiae:98.88,Diversispora nevadensis:98.73,Diversispora valentina:95.08,Diversispora slowinskiensis:94.99
PX214941.1	Diversispora arenaria | Blasz_14_2274A	Diversispora arenaria	main		assigned	Diversispora arenaria	99.859	Diversispora arenaria	1	Diversispora arenaria	Diversispora arenaria:99.86,Diversispora jakucsiae:98.88,Diversispora nevadensis:98.73,Diversispora valentina:95.08,Diversispora slowinskiensis:94.99
PX214942.1	Diversispora epigaea | BEG47_1140C	Diversispora epigaea	main		assigned	Diversispora epigaea	100.0	Diversispora epigaea+Diversispora versiformis	1	Diversispora epigaea+Diversispora versiformis	Diversispora epigaea:100.00,Diversispora sporocarpia:96.37,Diversispora versiformis:95.76,Diversispora densissima:94.83,Diversispora valentina:94.79
PX214943.1	Diversispora epigaea | BEG47_1140C	Diversispora epigaea	main		assigned	Diversispora epigaea	100.0	Diversispora epigaea+Diversispora versiformis	1	Diversispora epigaea+Diversispora versiformis	Diversispora epigaea:100.00,Diversispora versiformis:98.30,Diversispora sporocarpia:95.67,Diversispora densissima:93.58,Diversispora slowinskiensis:93.44
PX214944.1	Diversispora epigaea | FS16_2427A	Diversispora epigaea	main		assigned	Diversispora epigaea	98.739	Diversispora epigaea+Diversispora versiformis	1	Diversispora epigaea+Diversispora versiformis	Diversispora epigaea:98.74,Diversispora versiformis:97.88,Diversispora sporocarpia:96.25,Diversispora slowinskiensis:93.86,Diversispora densissima:93.86
PX214945.1	Diversispora epigaea | BEG47_1140C	Diversispora epigaea	main		assigned	Diversispora epigaea	99.72	Diversispora epigaea+Diversispora versiformis	1	Diversispora epigaea+Diversispora versiformis	Diversispora epigaea:99.72,Diversispora versiformis:98.30,Diversispora sporocarpia:95.95,Diversispora densissima:93.86,Diversispora slowinskiensis:93.72
PX214946.1	Diversispora epigaea | BEG47_1140C	Diversispora epigaea	main		assigned	Diversispora epigaea	98.179	Diversispora epigaea+Diversispora versiformis	1	Diversispora epigaea+Diversispora versiformis	Diversispora versiformis:98.44,Diversispora epigaea:98.18,Diversispora sporocarpia:95.84,Diversispora slowinskiensis:93.31,Diversispora densissima:93.30
PX214947.1	Diversispora epigaea | FS16_2427A	Diversispora epigaea	main		assigned	Diversispora epigaea	98.739	Diversispora epigaea+Diversispora versiformis	1	Diversispora epigaea+Diversispora versiformis	Diversispora epigaea:98.74,Diversispora versiformis:98.73,Diversispora sporocarpia:96.39,Diversispora slowinskiensis:93.86,Diversispora densissima:93.86
PX214948.1	Diversispora epigaea | FS16_2427A	Diversispora epigaea	main		assigned	Diversispora epigaea	98.459	Diversispora epigaea+Diversispora versiformis	1	Diversispora epigaea+Diversispora versiformis	Diversispora epigaea:98.46,Diversispora versiformis:98.44,Diversispora sporocarpia:96.53,Diversispora densissima:93.99,Diversispora slowinskiensis:93.72
PX214949.1	Diversispora epigaea | FS16_2427A	Diversispora epigaea	main		assigned	Diversispora epigaea	99.16	Diversispora epigaea+Diversispora versiformis	1	Diversispora epigaea+Diversispora versiformis	Diversispora epigaea:99.16,Diversispora versiformis:98.87,Diversispora sporocarpia:96.23,Diversispora densissima:93.86,Diversispora valentina:93.80
PX214950.1	Diversispora epigaea | FS16_2427A	Diversispora epigaea	main		assigned	Diversispora epigaea	99.16	Diversispora epigaea+Diversispora versiformis	1	Diversispora epigaea+Diversispora versiformis	Diversispora epigaea:99.16,Diversispora versiformis:98.87,Diversispora sporocarpia:96.23,Diversispora densissima:93.86,Diversispora valentina:93.80
PX214951.1	Diversispora epigaea | FS16_2427A	Diversispora epigaea	main		assigned	Diversispora epigaea	99.16	Diversispora epigaea+Diversispora versiformis	1	Diversispora epigaea+Diversispora versiformis	Diversispora epigaea:99.16,Diversispora versiformis:98.87,Diversispora sporocarpia:96.23,Diversispora densissima:93.86,Diversispora valentina:93.80
PX214952.1	Diversispora epigaea | FS16_2427A	Diversispora epigaea	main		assigned	Diversispora epigaea	99.02	Diversispora epigaea+Diversispora versiformis	1	Diversispora epigaea+Diversispora versiformis	Diversispora epigaea:99.02,Diversispora versiformis:98.16,Diversispora sporocarpia:96.09,Diversispora slowinskiensis:94.28,Diversispora densissima:94.27
PX214953.1	Diversispora epigaea | BEG47_1140C	Diversispora epigaea	main		assigned	Diversispora versiformis	99.02	Diversispora epigaea+Diversispora versiformis	1	Diversispora epigaea+Diversispora versiformis	Diversispora versiformis:99.02,Diversispora epigaea:98.04,Diversispora sporocarpia:96.23,Diversispora densissima:94.27,Diversispora slowinskiensis:94.00
PX214954.1	Diversispora epigaea | FS16_2427A	Diversispora epigaea	main		assigned	Diversispora epigaea	98.179	Diversispora epigaea+Diversispora versiformis	1	Diversispora epigaea+Diversispora versiformis	Diversispora versiformis:98.32,Diversispora epigaea:98.18,Diversispora sporocarpia:96.51,Diversispora densissima:94.83,Diversispora slowinskiensis:94.56
PX214955.1	Diversispora varaderana | 4394_1010A	Diversispora varaderana	main		assigned	Diversispora varaderana	98.601	Diversispora bareai+Diversispora varaderana	1	Diversispora bareai+Diversispora varaderana	Diversispora varaderana:98.60,Diversispora bareai:98.46,Diversispora insculpta:98.16,Diversispora aestuarii:96.65,Diversispora densissima:95.66
PX214956.1	Diversispora varaderana | 3086_1170D	Diversispora varaderana	main		assigned	Diversispora varaderana	98.601	Diversispora bareai+Diversispora varaderana	1	Diversispora bareai+Diversispora varaderana	Diversispora varaderana:98.60,Diversispora bareai:98.46,Diversispora insculpta:98.16,Diversispora aestuarii:96.65,Diversispora densissima:95.66
PX214957.1	Diversispora varaderana | 4450_536A	Diversispora varaderana	main		assigned	Diversispora varaderana	98.042	Diversispora bareai+Diversispora varaderana	1	Diversispora bareai+Diversispora varaderana	Diversispora varaderana:98.04,Diversispora bareai:97.90,Diversispora insculpta:97.59,Diversispora aestuarii:96.37,Diversispora marina:95.39
PX214958.1	Diversispora varaderana | 4394_1010A	Diversispora varaderana	main		assigned	Diversispora varaderana	98.462	Diversispora bareai+Diversispora varaderana	1	Diversispora bareai+Diversispora varaderana	Diversispora varaderana:98.46,Diversispora bareai:98.32,Diversispora insculpta:98.02,Diversispora aestuarii:96.79,Diversispora densissima:95.80
PX214959.1	Diversispora varaderana | CW0016_4015A	Diversispora varaderana	main		assigned	Diversispora varaderana	98.462	Diversispora bareai+Diversispora varaderana	1	Diversispora bareai+Diversispora varaderana	Diversispora varaderana:98.46,Diversispora bareai:98.32,Diversispora insculpta:98.02,Diversispora aestuarii:96.79,Diversispora densissima:95.80
PX214960.1	Diversispora varaderana | SASK_50	Diversispora varaderana	main		assigned	Diversispora varaderana	98.462	Diversispora bareai+Diversispora varaderana	1	Diversispora bareai+Diversispora varaderana	Diversispora varaderana:98.46,Diversispora bareai:98.32,Diversispora insculpta:98.02,Diversispora aestuarii:96.79,Diversispora densissima:95.80
PX214961.1	Diversispora varaderana | 3086_1170D	Diversispora varaderana	main		assigned	Diversispora varaderana	98.462	Diversispora bareai+Diversispora varaderana	1	Diversispora bareai+Diversispora varaderana	Diversispora varaderana:98.46,Diversispora bareai:98.32,Diversispora insculpta:98.02,Diversispora aestuarii:96.79,Diversispora densissima:95.80
PX214962.1	Diversispora varaderana | 3086_1170D	Diversispora varaderana	main		assigned	Diversispora varaderana	98.462	Diversispora bareai+Diversispora varaderana	1	Diversispora bareai+Diversispora varaderana	Diversispora varaderana:98.46,Diversispora bareai:98.32,Diversispora insculpta:98.02,Diversispora aestuarii:96.79,Diversispora densissima:95.80
PX214963.1	Diversispora varaderana | 4394_1010A	Diversispora varaderana	main		assigned	Diversispora varaderana	98.182	Diversispora bareai+Diversispora varaderana	1	Diversispora bareai+Diversispora varaderana	Diversispora varaderana:98.18,Diversispora bareai:98.18,Diversispora insculpta:97.74,Diversispora aestuarii:96.51,Diversispora densissima:95.65
PX214964.1	Diversispora varaderana | 4510_972A	Diversispora varaderana	main		assigned	Diversispora varaderana	98.182	Diversispora bareai+Diversispora varaderana	1	Diversispora bareai+Diversispora varaderana	Diversispora varaderana:98.18,Diversispora bareai:98.18,Diversispora insculpta:97.74,Diversispora aestuarii:96.51,Diversispora densissima:95.65
PX214965.1	Diversispora varaderana | 4450_536A	Diversispora varaderana	main		assigned	Diversispora varaderana	98.182	Diversispora bareai+Diversispora varaderana	1	Diversispora bareai+Diversispora varaderana	Diversispora varaderana:98.18,Diversispora bareai:98.18,Diversispora insculpta:97.74,Diversispora aestuarii:96.51,Diversispora densissima:95.65
PX214966.1	Diversispora varaderana | SASK_50	Diversispora varaderana	main		assigned	Diversispora varaderana	98.182	Diversispora bareai+Diversispora varaderana	1	Diversispora bareai+Diversispora varaderana	Diversispora varaderana:98.18,Diversispora bareai:98.18,Diversispora insculpta:97.74,Diversispora aestuarii:96.51,Diversispora densissima:95.65
PX214967.1	Diversispora varaderana | 4393_830B	Diversispora varaderana	main		assigned	Diversispora varaderana	98.182	Diversispora bareai+Diversispora varaderana	1	Diversispora bareai+Diversispora varaderana	Diversispora varaderana:98.18,Diversispora bareai:98.18,Diversispora insculpta:97.74,Diversispora aestuarii:96.51,Diversispora densissima:95.65
PX214968.1	Diversispora varaderana | 3086_1170D	Diversispora varaderana	main		assigned	Diversispora varaderana	98.182	Diversispora bareai+Diversispora varaderana	1	Diversispora bareai+Diversispora varaderana	Diversispora varaderana:98.18,Diversispora bareai:98.18,Diversispora insculpta:97.74,Diversispora aestuarii:96.51,Diversispora densissima:95.65
PX214969.1	Diversispora varaderana | 4450_536A	Diversispora varaderana	main		assigned	Diversispora varaderana	97.768	Diversispora bareai+Diversispora varaderana	1	Diversispora bareai+Diversispora varaderana	Diversispora varaderana:97.77,Diversispora bareai:97.77,Diversispora insculpta:97.32,Diversispora aestuarii:96.10,Diversispora densissima:95.24
PX214970.1	Diversispora varaderana | 4393_830B	Diversispora varaderana	main		assigned	Diversispora varaderana	97.768	Diversispora bareai+Diversispora varaderana	1	Diversispora bareai+Diversispora varaderana	Diversispora varaderana:97.77,Diversispora bareai:97.77,Diversispora insculpta:97.32,Diversispora aestuarii:96.10,Diversispora densissima:95.24
PX214971.1	Diversispora varaderana | 3086_1170D	Diversispora varaderana	main		assigned	Diversispora varaderana	97.768	Diversispora bareai+Diversispora varaderana	1	Diversispora bareai+Diversispora varaderana	Diversispora varaderana:97.77,Diversispora bareai:97.77,Diversispora insculpta:97.32,Diversispora aestuarii:96.10,Diversispora densissima:95.24
PX214972.1	Diversispora varaderana | 4450_536A	Diversispora varaderana	main		assigned	Diversispora varaderana	97.768	Diversispora bareai+Diversispora varaderana	1	Diversispora bareai+Diversispora varaderana	Diversispora varaderana:97.77,Diversispora bareai:97.77,Diversispora insculpta:97.32,Diversispora aestuarii:96.10,Diversispora densissima:95.24
PX214973.1	Diversispora varaderana | 4450_536A	Diversispora varaderana	main		assigned	Diversispora varaderana	98.182	Diversispora bareai+Diversispora varaderana	1	Diversispora bareai+Diversispora varaderana	Diversispora varaderana:98.18,Diversispora bareai:98.18,Diversispora insculpta:97.74,Diversispora aestuarii:96.51,Diversispora densissima:95.65
PX214974.1	Diversispora varaderana | 4450_536A	Diversispora varaderana	main		assigned	Diversispora varaderana	98.182	Diversispora bareai+Diversispora varaderana	1	Diversispora bareai+Diversispora varaderana	Diversispora varaderana:98.18,Diversispora bareai:98.18,Diversispora insculpta:97.74,Diversispora aestuarii:96.51,Diversispora densissima:95.65
PX214975.1	Diversispora varaderana | SASK_50	Diversispora varaderana	main		assigned	Diversispora varaderana	98.182	Diversispora bareai+Diversispora varaderana	1	Diversispora bareai+Diversispora varaderana	Diversispora varaderana:98.18,Diversispora bareai:98.18,Diversispora insculpta:97.74,Diversispora aestuarii:96.51,Diversispora densissima:95.65
PX214976.1	Diversispora varaderana | 3086_1170D	Diversispora varaderana	main		assigned	Diversispora varaderana	98.182	Diversispora bareai+Diversispora varaderana	1	Diversispora bareai+Diversispora varaderana	Diversispora varaderana:98.18,Diversispora bareai:98.18,Diversispora insculpta:97.74,Diversispora aestuarii:96.51,Diversispora densissima:95.65
PX214977.1	Diversispora varaderana | 4393_830B	Diversispora varaderana	main		assigned	Diversispora varaderana	98.182	Diversispora bareai+Diversispora varaderana	1	Diversispora bareai+Diversispora varaderana	Diversispora varaderana:98.18,Diversispora bareai:98.18,Diversispora insculpta:97.74,Diversispora aestuarii:96.51,Diversispora densissima:95.65
PX214978.1	Diversispora varaderana | CW0016_4015A	Diversispora varaderana	main		assigned	Diversispora varaderana	98.322	Diversispora bareai+Diversispora varaderana	1	Diversispora bareai+Diversispora varaderana	Diversispora varaderana:98.32,Diversispora bareai:98.32,Diversispora insculpta:97.88,Diversispora aestuarii:97.21,Diversispora marina:95.94
PX214979.1	Diversispora varaderana | CW0016_4015A	Diversispora varaderana	main		assigned	Diversispora bareai	98.319	Diversispora bareai+Diversispora varaderana	1	Diversispora bareai+Diversispora varaderana	Diversispora bareai:98.32,Diversispora varaderana:98.18,Diversispora insculpta:97.74,Diversispora aestuarii:97.07,Diversispora marina:95.80
PX214980.1	Diversispora varaderana | CW0016_4015A	Diversispora varaderana	main		assigned	Diversispora bareai	98.457	Diversispora bareai+Diversispora varaderana	1	Diversispora bareai+Diversispora varaderana	Diversispora bareai:98.46,Diversispora varaderana:98.18,Diversispora insculpta:97.74,Diversispora aestuarii:96.79,Diversispora densissima:95.92
PX214981.1	Diversispora varaderana | 3086_1170D	Diversispora varaderana	main		assigned	Diversispora varaderana	98.182	Diversispora bareai+Diversispora varaderana	1	Diversispora bareai+Diversispora varaderana	Diversispora varaderana:98.18,Diversispora bareai:98.18,Diversispora insculpta:97.74,Diversispora aestuarii:96.51,Diversispora densissima:95.65
PX214982.1	Diversispora varaderana | 4393_830B	Diversispora varaderana	main		assigned	Diversispora varaderana	98.042	Diversispora bareai+Diversispora varaderana	1	Diversispora bareai+Diversispora varaderana	Diversispora varaderana:98.04,Diversispora bareai:98.04,Diversispora insculpta:97.88,Diversispora aestuarii:96.37,Diversispora densissima:95.51
PX214983.1	Diversispora varaderana | 3086_1170D	Diversispora varaderana	main		assigned	Diversispora varaderana	98.042	Diversispora bareai+Diversispora varaderana	1	Diversispora bareai+Diversispora varaderana	Diversispora varaderana:98.04,Diversispora bareai:98.04,Diversispora insculpta:97.88,Diversispora aestuarii:96.37,Diversispora densissima:95.51
PX214984.1	Diversispora varaderana | 4394_1010A	Diversispora varaderana	main		assigned	Diversispora bareai	98.317	Diversispora bareai+Diversispora varaderana	1	Diversispora bareai+Diversispora varaderana	Diversispora varaderana:98.32,Diversispora bareai:98.32,Diversispora insculpta:97.88,Diversispora aestuarii:96.65,Diversispora densissima:95.78
PX214985.1	Diversispora varaderana | SASK_50	Diversispora varaderana	main		assigned	Diversispora bareai	98.317	Diversispora bareai+Diversispora varaderana	1	Diversispora bareai+Diversispora varaderana	Diversispora varaderana:98.32,Diversispora bareai:98.32,Diversispora insculpta:97.88,Diversispora aestuarii:96.65,Diversispora densissima:95.78
PX214986.1	Diversispora aestuarii | 4403_745C	Diversispora aestuarii	main		assigned	Diversispora varaderana	98.322	Diversispora bareai+Diversispora varaderana	1	Diversispora bareai+Diversispora varaderana	Diversispora varaderana:98.32,Diversispora aestuarii:98.05,Diversispora bareai:98.04,Diversispora insculpta:97.88,Diversispora densissima:96.21
PX214987.1	Diversispora aestuarii | 4403_745C	Diversispora aestuarii	main		assigned	Diversispora varaderana	98.322	Diversispora bareai+Diversispora varaderana	1	Diversispora bareai+Diversispora varaderana	Diversispora varaderana:98.32,Diversispora aestuarii:98.05,Diversispora bareai:98.04,Diversispora insculpta:97.88,Diversispora densissima:96.21
PX214988.1	Diversispora aestuarii | 4403_745C	Diversispora aestuarii	main		assigned	Diversispora varaderana	98.322	Diversispora bareai+Diversispora varaderana	1	Diversispora bareai+Diversispora varaderana	Diversispora varaderana:98.32,Diversispora aestuarii:98.05,Diversispora bareai:98.04,Diversispora insculpta:97.88,Diversispora densissima:96.21
PX214989.1	Diversispora aestuarii | 4403_745C	Diversispora aestuarii	main		assigned	Diversispora varaderana	98.324	Diversispora bareai+Diversispora varaderana	1	Diversispora bareai+Diversispora varaderana	Diversispora varaderana:98.32,Diversispora aestuarii:98.19,Diversispora bareai:98.04,Diversispora insculpta:97.88,Diversispora densissima:96.21
PX214990.1	Diversispora aestuarii | 4485_952D	Diversispora aestuarii	main		assigned	Diversispora varaderana	98.322	Diversispora bareai+Diversispora varaderana	1	Diversispora bareai+Diversispora varaderana	Diversispora varaderana:98.32,Diversispora aestuarii:98.05,Diversispora bareai:98.04,Diversispora insculpta:97.88,Diversispora densissima:96.21
PX214991.1	Diversispora aestuarii | 4485_952D	Diversispora aestuarii	main		assigned	Diversispora varaderana	98.322	Diversispora aestuarii,Diversispora bareai+Diversispora varaderana	2	Diversispora bareai+Diversispora varaderana	Diversispora aestuarii:98.32,Diversispora varaderana:98.32,Diversispora bareai:98.32,Diversispora insculpta:98.16,Diversispora densissima:96.21
PX214992.1	Diversispora aestuarii | 4485_952D	Diversispora aestuarii	main		assigned	Diversispora varaderana	98.322	Diversispora aestuarii,Diversispora bareai+Diversispora varaderana	2	Diversispora bareai+Diversispora varaderana	Diversispora aestuarii:98.32,Diversispora varaderana:98.32,Diversispora bareai:98.32,Diversispora insculpta:98.16,Diversispora densissima:96.21
PX214993.1	Diversispora aestuarii | 4403_745C	Diversispora aestuarii	main		assigned	Diversispora varaderana	98.322	Diversispora bareai+Diversispora varaderana	1	Diversispora bareai+Diversispora varaderana	Diversispora varaderana:98.32,Diversispora aestuarii:98.05,Diversispora bareai:98.04,Diversispora insculpta:97.88,Diversispora densissima:96.21
PX214994.1	Diversispora aestuarii | 4485_952D	Diversispora aestuarii	main		assigned	Diversispora varaderana	97.902	Diversispora bareai+Diversispora varaderana	1	Diversispora bareai+Diversispora varaderana	Diversispora varaderana:97.90,Diversispora aestuarii:97.63,Diversispora bareai:97.62,Diversispora insculpta:97.45,Diversispora densissima:95.79
PX214995.1	Diversispora aestuarii | 4403_745C	Diversispora aestuarii	main		assigned	Diversispora varaderana	97.765	Diversispora bareai+Diversispora varaderana	1	Diversispora bareai+Diversispora varaderana	Diversispora varaderana:97.77,Diversispora aestuarii:97.49,Diversispora bareai:97.48,Diversispora insculpta:97.32,Diversispora densissima:95.51
PX214996.1	Diversispora aestuarii | 4403_745C	Diversispora aestuarii	main		assigned	Diversispora varaderana	97.905	Diversispora bareai+Diversispora varaderana	1	Diversispora bareai+Diversispora varaderana	Diversispora varaderana:97.91,Diversispora aestuarii:97.63,Diversispora bareai:97.62,Diversispora insculpta:97.46,Diversispora densissima:95.65
PX214997.1	Diversispora aestuarii | 4403_745C	Diversispora aestuarii	main		assigned	Diversispora varaderana	98.182	Diversispora aestuarii,Diversispora bareai+Diversispora varaderana	2	Diversispora bareai+Diversispora varaderana	Diversispora aestuarii:98.18,Diversispora varaderana:98.18,Diversispora bareai:97.90,Diversispora insculpta:97.74,Diversispora densissima:96.07
PX214998.1	Diversispora aestuarii | 4485_952D	Diversispora aestuarii	main		assigned	Diversispora varaderana	98.042	Diversispora bareai+Diversispora varaderana	1	Diversispora bareai+Diversispora varaderana	Diversispora varaderana:98.04,Diversispora bareai:97.76,Diversispora aestuarii:97.35,Diversispora insculpta:97.03,Diversispora marina:95.80
PX214999.1	Diversispora aestuarii | 4485_952D	Diversispora aestuarii	main		assigned	Diversispora varaderana	97.622	Diversispora bareai+Diversispora varaderana	1	Diversispora bareai+Diversispora varaderana	Diversispora varaderana:97.62,Diversispora bareai:97.33,Diversispora aestuarii:97.21,Diversispora insculpta:96.89,Diversispora densissima:95.50
PX215000.1	Diversispora aestuarii | 4485_952D	Diversispora aestuarii	main		assigned	Diversispora varaderana	97.622	Diversispora bareai+Diversispora varaderana	1	Diversispora bareai+Diversispora varaderana	Diversispora varaderana:97.62,Diversispora bareai:97.33,Diversispora aestuarii:97.21,Diversispora insculpta:96.89,Diversispora densissima:95.50
PX215001.1	Diversispora aestuarii | 4403_745C	Diversispora aestuarii	main		assigned	Diversispora varaderana	98.047	Diversispora aestuarii,Diversispora bareai+Diversispora varaderana	2	Diversispora bareai+Diversispora varaderana	Diversispora aestuarii:98.05,Diversispora varaderana:98.05,Diversispora bareai:97.77,Diversispora insculpta:97.60,Diversispora densissima:95.94
PX215002.1	Diversispora aestuarii | 4403_745C	Diversispora aestuarii	main		assigned	Diversispora varaderana	98.047	Diversispora aestuarii,Diversispora bareai+Diversispora varaderana	2	Diversispora bareai+Diversispora varaderana	Diversispora aestuarii:98.05,Diversispora varaderana:98.05,Diversispora bareai:97.77,Diversispora insculpta:97.60,Diversispora densissima:95.94
PX215003.1	Diversispora aestuarii | 4485_952D	Diversispora aestuarii	main		assigned	Diversispora varaderana	98.322	Diversispora bareai+Diversispora varaderana	1	Diversispora bareai+Diversispora varaderana	Diversispora varaderana:98.32,Diversispora bareai:98.04,Diversispora aestuarii:97.35,Diversispora insculpta:97.31,Diversispora marina:96.08
PX215004.1	Diversispora aestuarii | 4485_952D	Diversispora aestuarii	main		assigned	Diversispora varaderana	98.322	Diversispora bareai+Diversispora varaderana	1	Diversispora bareai+Diversispora varaderana	Diversispora varaderana:98.32,Diversispora bareai:98.04,Diversispora aestuarii:97.35,Diversispora insculpta:97.31,Diversispora marina:96.08
PX215005.1	Diversispora aestuarii | 4485_952D	Diversispora aestuarii	main		assigned	Diversispora bareai	98.177	Diversispora bareai+Diversispora varaderana	1	Diversispora bareai+Diversispora varaderana	Diversispora varaderana:98.18,Diversispora bareai:98.18,Diversispora insculpta:97.45,Diversispora aestuarii:96.79,Diversispora densissima:96.05
PX215006.1	Diversispora spurca | Algerie_2_1072C	Diversispora spurca	main		unassigned				0		Diversispora aurantia:95.70,Diversispora alba:95.27,Diversispora spurca:94.94,Diversispora densissima:93.34,Diversispora peloponnesiaca:92.92
PX215007.1	Diversispora spurca | Algerie_2_1072C	Diversispora spurca	main		unassigned				0		Diversispora aurantia:95.44,Diversispora alba:95.01,Diversispora spurca:94.82,Diversispora densissima:93.35,Diversispora varaderana:92.77
PX215008.1	Diversispora spurca | Algerie_2_1072C	Diversispora spurca	main		unassigned				0		Diversispora aurantia:95.84,Diversispora alba:95.28,Diversispora spurca:95.08,Diversispora densissima:93.76,Diversispora varaderana:93.17
PX215009.1	Diversispora spurca | W246_28_9A	Diversispora spurca	main		unassigned				0		Diversispora aurantia:96.39,Diversispora alba:94.87,Diversispora spurca:94.82,Diversispora densissima:94.44,Diversispora peloponnesiaca:94.17
PX215010.1	Diversispora spurca | W246_28_9A	Diversispora spurca	main		unassigned				0		Diversispora aurantia:95.98,Diversispora alba:95.13,Diversispora densissima:94.71,Diversispora peloponnesiaca:94.44,Diversispora spurca:94.27
PX215011.1	Diversispora spurca | W246_28_9A	Diversispora spurca	main		unassigned				0		Diversispora aurantia:96.25,Diversispora alba:95.27,Diversispora densissima:94.84,Diversispora peloponnesiaca:94.71,Diversispora spurca:94.40
PX215012.1	Diversispora spurca | W246_28_9A	Diversispora spurca	main		unassigned				0		Diversispora aurantia:95.84,Diversispora alba:95.14,Diversispora densissima:94.44,Diversispora peloponnesiaca:94.31,Diversispora spurca:94.13
PX215013.1	Acaulospora morrowiae | CR315B_2019A	Acaulospora morrowiae	main		assigned	Acaulospora papillosa	98.105	Acaulospora papillosa	1	Acaulospora papillosa	Acaulospora papillosa:98.11,Acaulospora longula:97.67,Acaulospora flavopapillosa:96.34,Acaulospora dilatata:95.42,Acaulospora rugosa:95.32
PX215014.1	Acaulospora morrowiae | CR315B_2019A	Acaulospora morrowiae	main		assigned	Acaulospora papillosa	98.392	Acaulospora papillosa	1	Acaulospora papillosa	Acaulospora papillosa:98.39,Acaulospora longula:97.95,Acaulospora flavopapillosa:96.48,Acaulospora dilatata:96.00,Acaulospora morrowiae:95.85
PX215015.1	Acaulospora morrowiae | CR315B_2019A	Acaulospora morrowiae	main		assigned	Acaulospora papillosa	97.953	Acaulospora papillosa	1	Acaulospora papillosa	Acaulospora papillosa:97.95,Acaulospora longula:97.52,Acaulospora flavopapillosa:96.48,Acaulospora dilatata:95.85,Acaulospora morrowiae:95.55
PX215016.1	Acaulospora morrowiae | BF_TM_1197A	Acaulospora morrowiae	main		assigned	Acaulospora papillosa	99.123	Acaulospora papillosa	1	Acaulospora papillosa	Acaulospora papillosa:99.12,Acaulospora longula:98.68,Acaulospora flavopapillosa:97.07,Acaulospora dilatata:96.44,Acaulospora rugosa:96.33
PX215017.1	Acaulospora morrowiae | BF_TM_1197A	Acaulospora morrowiae	main		assigned	Acaulospora papillosa	98.83	Acaulospora papillosa	1	Acaulospora papillosa	Acaulospora papillosa:98.83,Acaulospora longula:97.81,Acaulospora flavopapillosa:96.78,Acaulospora dilatata:96.44,Acaulospora rugosa:95.90
PX215018.1	Acaulospora morrowiae | BF_TM_1197A	Acaulospora morrowiae	main		assigned	Acaulospora papillosa	99.269	Acaulospora papillosa	1	Acaulospora papillosa	Acaulospora papillosa:99.27,Acaulospora longula:98.83,Acaulospora flavopapillosa:96.63,Acaulospora dilatata:96.30,Acaulospora rugosa:96.19
PX215019.1	Acaulospora morrowiae | BF_TM_1197A	Acaulospora morrowiae	main		assigned	Acaulospora papillosa	99.561	Acaulospora papillosa	1	Acaulospora papillosa	Acaulospora papillosa:99.56,Acaulospora longula:99.12,Acaulospora flavopapillosa:96.92,Acaulospora dilatata:96.30,Acaulospora rugosa:96.19
PX215020.1	Acaulospora morrowiae | BF_TM_1197A	Acaulospora morrowiae	main		assigned	Acaulospora papillosa	99.269	Acaulospora papillosa	1	Acaulospora papillosa	Acaulospora papillosa:99.27,Acaulospora longula:98.83,Acaulospora flavopapillosa:97.21,Acaulospora dilatata:96.59,Acaulospora rugosa:96.48
PX215021.1	Acaulospora morrowiae | BF_TM_1197A	Acaulospora morrowiae	main		assigned	Acaulospora papillosa	99.123	Acaulospora papillosa	1	Acaulospora papillosa	Acaulospora papillosa:99.12,Acaulospora longula:98.68,Acaulospora flavopapillosa:97.07,Acaulospora dilatata:96.74,Acaulospora rugosa:96.63
PX215022.1	Acaulospora morrowiae | BF_TM_1197A	Acaulospora morrowiae	main		assigned	Acaulospora papillosa	98.684	Acaulospora papillosa	1	Acaulospora papillosa	Acaulospora papillosa:98.68,Acaulospora longula:98.25,Acaulospora flavopapillosa:96.63,Acaulospora dilatata:96.30,Acaulospora rugosa:96.19
PX215023.1	Cetraspora gilmorei | 4430_2047A	Cetraspora gilmorei	main		assigned	Cetraspora gilmorei	99.088	Cetraspora gilmorei	1	Cetraspora gilmorei	Cetraspora gilmorei:99.09,Cetraspora armeniaca:98.48,Cetraspora huaxica:97.88,Cetraspora nodosa:96.97,Cetraspora helvetica:95.75
PX215024.1	Cetraspora gilmorei | 4430_2047A	Cetraspora gilmorei	main		assigned	Cetraspora gilmorei	99.392	Cetraspora gilmorei	1	Cetraspora gilmorei	Cetraspora gilmorei:99.39,Cetraspora armeniaca:98.78,Cetraspora huaxica:98.48,Cetraspora pellucida:96.33,Cetraspora nodosa:96.21
PX215025.1	Cetraspora gilmorei | 4430_2047A	Cetraspora gilmorei	main		assigned	Cetraspora gilmorei	98.784	Cetraspora gilmorei	1	Cetraspora gilmorei	Cetraspora gilmorei:98.78,Cetraspora armeniaca:98.33,Cetraspora huaxica:98.18,Cetraspora nodosa:96.51,Cetraspora pellucida:96.01
PX215026.1	Cetraspora gilmorei | 4397_453A	Cetraspora gilmorei	main		assigned	Cetraspora gilmorei	99.392	Cetraspora gilmorei	1	Cetraspora gilmorei	Cetraspora gilmorei:99.39,Cetraspora armeniaca:98.78,Cetraspora huaxica:98.18,Cetraspora nodosa:96.66,Cetraspora helvetica:96.06
PX215027.1	Cetraspora gilmorei | 4414_1105C	Cetraspora gilmorei	main		assigned	Cetraspora gilmorei	99.392	Cetraspora gilmorei	1	Cetraspora gilmorei	Cetraspora gilmorei:99.39,Cetraspora armeniaca:98.78,Cetraspora huaxica:98.18,Cetraspora nodosa:96.66,Cetraspora helvetica:96.06
PX215028.1	Cetraspora gilmorei | 4385	Cetraspora gilmorei	main		assigned	Cetraspora gilmorei	99.392	Cetraspora gilmorei	1	Cetraspora gilmorei	Cetraspora gilmorei:99.39,Cetraspora armeniaca:98.78,Cetraspora huaxica:98.18,Cetraspora nodosa:96.66,Cetraspora helvetica:96.06
PX215029.1	Cetraspora gilmorei | 4398_831C	Cetraspora gilmorei	main		assigned	Cetraspora gilmorei	99.392	Cetraspora gilmorei	1	Cetraspora gilmorei	Cetraspora gilmorei:99.39,Cetraspora armeniaca:98.78,Cetraspora huaxica:98.18,Cetraspora nodosa:96.66,Cetraspora helvetica:96.06
PX215030.1	Cetraspora gilmorei | 4419_860D	Cetraspora gilmorei	main		assigned	Cetraspora gilmorei	99.392	Cetraspora gilmorei	1	Cetraspora gilmorei	Cetraspora gilmorei:99.39,Cetraspora armeniaca:98.78,Cetraspora huaxica:98.18,Cetraspora nodosa:96.66,Cetraspora helvetica:96.06
PX215031.1	Cetraspora gilmorei | 4414_1105C	Cetraspora gilmorei	main		assigned	Cetraspora gilmorei	99.24	Cetraspora gilmorei	1	Cetraspora gilmorei	Cetraspora gilmorei:99.24,Cetraspora armeniaca:98.63,Cetraspora huaxica:98.03,Cetraspora nodosa:96.51,Cetraspora helvetica:96.21
PX215032.1	Cetraspora gilmorei | 4385	Cetraspora gilmorei	main		assigned	Cetraspora gilmorei	99.24	Cetraspora gilmorei	1	Cetraspora gilmorei	Cetraspora gilmorei:99.24,Cetraspora armeniaca:98.63,Cetraspora huaxica:98.03,Cetraspora nodosa:96.51,Cetraspora helvetica:96.21
PX215033.1	Cetraspora gilmorei | 4419_860D	Cetraspora gilmorei	main		assigned	Cetraspora gilmorei	99.24	Cetraspora gilmorei	1	Cetraspora gilmorei	Cetraspora gilmorei:99.24,Cetraspora armeniaca:98.63,Cetraspora huaxica:98.03,Cetraspora nodosa:96.51,Cetraspora helvetica:96.21
PX215034.1	Cetraspora gilmorei | 4414_1105C	Cetraspora gilmorei	main		assigned	Cetraspora gilmorei	99.24	Cetraspora gilmorei	1	Cetraspora gilmorei	Cetraspora gilmorei:99.24,Cetraspora armeniaca:98.63,Cetraspora huaxica:98.03,Cetraspora nodosa:96.66,Cetraspora helvetica:95.90
PX215035.1	Cetraspora gilmorei | 4398_831C	Cetraspora gilmorei	main		assigned	Cetraspora gilmorei	99.24	Cetraspora gilmorei	1	Cetraspora gilmorei	Cetraspora gilmorei:99.24,Cetraspora armeniaca:98.63,Cetraspora huaxica:98.03,Cetraspora nodosa:96.66,Cetraspora helvetica:95.90
PX215036.1	Cetraspora gilmorei | 4414_1105C	Cetraspora gilmorei	main		assigned	Cetraspora gilmorei	99.24	Cetraspora gilmorei	1	Cetraspora gilmorei	Cetraspora gilmorei:99.24,Cetraspora armeniaca:98.63,Cetraspora huaxica:98.03,Cetraspora nodosa:96.66,Cetraspora helvetica:95.90
PX215037.1	Cetraspora gilmorei | 4385	Cetraspora gilmorei	main		assigned	Cetraspora gilmorei	99.24	Cetraspora gilmorei	1	Cetraspora gilmorei	Cetraspora gilmorei:99.24,Cetraspora armeniaca:98.63,Cetraspora huaxica:98.03,Cetraspora nodosa:96.66,Cetraspora helvetica:95.90
PX215038.1	Cetraspora gilmorei | 4398_831C	Cetraspora gilmorei	main		assigned	Cetraspora gilmorei	99.24	Cetraspora gilmorei	1	Cetraspora gilmorei	Cetraspora gilmorei:99.24,Cetraspora armeniaca:98.63,Cetraspora huaxica:98.03,Cetraspora nodosa:96.66,Cetraspora helvetica:95.90
PX215039.1	Cetraspora gilmorei | 4419_860D	Cetraspora gilmorei	main		assigned	Cetraspora gilmorei	99.24	Cetraspora gilmorei	1	Cetraspora gilmorei	Cetraspora gilmorei:99.24,Cetraspora armeniaca:98.63,Cetraspora huaxica:98.03,Cetraspora nodosa:96.66,Cetraspora helvetica:95.90
PX215040.1	Cetraspora gilmorei | 4414_1105C	Cetraspora gilmorei	main		assigned	Cetraspora gilmorei	98.784	Cetraspora gilmorei	1	Cetraspora gilmorei	Cetraspora gilmorei:98.78,Cetraspora armeniaca:98.33,Cetraspora huaxica:97.88,Cetraspora nodosa:96.51,Cetraspora pellucida:95.69
PX215041.1	Cetraspora gilmorei | 4385	Cetraspora gilmorei	main		assigned	Cetraspora gilmorei	98.784	Cetraspora gilmorei	1	Cetraspora gilmorei	Cetraspora gilmorei:98.78,Cetraspora armeniaca:98.33,Cetraspora huaxica:97.88,Cetraspora nodosa:96.51,Cetraspora pellucida:95.69
PX215042.1	Cetraspora gilmorei | 4398_831C	Cetraspora gilmorei	main		assigned	Cetraspora gilmorei	98.784	Cetraspora gilmorei	1	Cetraspora gilmorei	Cetraspora gilmorei:98.78,Cetraspora armeniaca:98.33,Cetraspora huaxica:97.88,Cetraspora nodosa:96.51,Cetraspora pellucida:95.69
PX215043.1	Cetraspora gilmorei | 4419_860D	Cetraspora gilmorei	main		assigned	Cetraspora gilmorei	98.784	Cetraspora gilmorei	1	Cetraspora gilmorei	Cetraspora gilmorei:98.78,Cetraspora armeniaca:98.33,Cetraspora huaxica:97.88,Cetraspora nodosa:96.51,Cetraspora pellucida:95.69
PX215044.1	Cetraspora gilmorei | 4414_1105C	Cetraspora gilmorei	main		assigned	Cetraspora gilmorei	98.784	Cetraspora gilmorei	1	Cetraspora gilmorei	Cetraspora gilmorei:98.78,Cetraspora armeniaca:98.33,Cetraspora huaxica:97.88,Cetraspora nodosa:96.51,Cetraspora pellucida:95.69
PX215045.1	Cetraspora gilmorei | 4414_1105C	Cetraspora gilmorei	main		assigned	Cetraspora gilmorei	99.088	Cetraspora gilmorei	1	Cetraspora gilmorei	Cetraspora gilmorei:99.09,Cetraspora armeniaca:98.63,Cetraspora huaxica:98.18,Cetraspora nodosa:96.81,Cetraspora pellucida:96.01
PX215046.1	Cetraspora gilmorei | 4385	Cetraspora gilmorei	main		assigned	Cetraspora gilmorei	99.088	Cetraspora gilmorei	1	Cetraspora gilmorei	Cetraspora gilmorei:99.09,Cetraspora armeniaca:98.63,Cetraspora huaxica:98.18,Cetraspora nodosa:96.81,Cetraspora pellucida:96.01
PX215047.1	Cetraspora gilmorei | 4398_831C	Cetraspora gilmorei	main		assigned	Cetraspora gilmorei	99.088	Cetraspora gilmorei	1	Cetraspora gilmorei	Cetraspora gilmorei:99.09,Cetraspora armeniaca:98.63,Cetraspora huaxica:98.18,Cetraspora nodosa:96.81,Cetraspora pellucida:96.01
PX215048.1	Cetraspora gilmorei | 4419_860D	Cetraspora gilmorei	main		assigned	Cetraspora gilmorei	99.088	Cetraspora gilmorei	1	Cetraspora gilmorei	Cetraspora gilmorei:99.09,Cetraspora armeniaca:98.63,Cetraspora huaxica:98.18,Cetraspora nodosa:96.81,Cetraspora pellucida:96.01
PX215049.1	Cetraspora gilmorei | 4430_2047A	Cetraspora gilmorei	main		assigned	Cetraspora gilmorei	99.392	Cetraspora gilmorei	1	Cetraspora gilmorei	Cetraspora gilmorei:99.39,Cetraspora armeniaca:98.94,Cetraspora huaxica:98.48,Cetraspora nodosa:96.81,Cetraspora helvetica:96.21
PX215050.1	Cetraspora gilmorei | 4430_2047A	Cetraspora gilmorei	main		assigned	Cetraspora gilmorei	99.544	Cetraspora gilmorei	1	Cetraspora gilmorei	Cetraspora gilmorei:99.54,Cetraspora armeniaca:98.78,Cetraspora huaxica:98.33,Cetraspora nodosa:96.66,Cetraspora helvetica:96.36
PX215051.1	Cetraspora gilmorei | 4436_787A	Cetraspora gilmorei	main		assigned	Cetraspora gilmorei	99.848	Cetraspora gilmorei	1	Cetraspora gilmorei	Cetraspora gilmorei:99.85,Cetraspora armeniaca:98.78,Cetraspora huaxica:98.33,Cetraspora nodosa:96.66,Cetraspora pellucida:96.49
PX215052.1	Cetraspora gilmorei | 4436_787A	Cetraspora gilmorei	main		assigned	Cetraspora gilmorei	99.848	Cetraspora gilmorei	1	Cetraspora gilmorei	Cetraspora gilmorei:99.85,Cetraspora armeniaca:98.78,Cetraspora huaxica:98.33,Cetraspora nodosa:96.66,Cetraspora pellucida:96.49
PX215053.1	Cetraspora gilmorei | 4436_787A	Cetraspora gilmorei	main		assigned	Cetraspora gilmorei	99.393	Cetraspora gilmorei	1	Cetraspora gilmorei	Cetraspora gilmorei:99.39,Cetraspora armeniaca:99.24,Cetraspora huaxica:98.94,Cetraspora nodosa:96.36,Cetraspora pellucida:96.33
PX215054.1	Cetraspora gilmorei | CW0008_4007A	Cetraspora gilmorei	main		assigned	Cetraspora gilmorei	99.545	Cetraspora gilmorei	1	Cetraspora gilmorei	Cetraspora gilmorei:99.55,Cetraspora armeniaca:99.39,Cetraspora huaxica:99.09,Cetraspora nodosa:96.51,Cetraspora pellucida:96.33
PX215055.1	Cetraspora gilmorei | 4436_787A	Cetraspora gilmorei	main		assigned	Cetraspora gilmorei	99.697	Cetraspora gilmorei	1	Cetraspora gilmorei	Cetraspora gilmorei:99.70,Cetraspora armeniaca:99.09,Cetraspora huaxica:98.94,Cetraspora nodosa:96.52,Cetraspora pellucida:96.02
PX215056.1	Cetraspora gilmorei | CW0008_4007A	Cetraspora gilmorei	main		assigned	Cetraspora gilmorei	99.393	Cetraspora gilmorei	1	Cetraspora gilmorei	Cetraspora gilmorei:99.39,Cetraspora armeniaca:98.79,Cetraspora huaxica:98.64,Cetraspora nodosa:96.52,Cetraspora pellucida:96.34
PX215057.1	Cetraspora gilmorei | CW0008_4007A	Cetraspora gilmorei	main		assigned	Cetraspora gilmorei	99.697	Cetraspora gilmorei	1	Cetraspora gilmorei	Cetraspora gilmorei:99.70,Cetraspora armeniaca:98.63,Cetraspora huaxica:98.18,Cetraspora nodosa:96.36,Cetraspora helvetica:96.21
PX215058.1	Cetraspora gilmorei | CW0008_4007A	Cetraspora gilmorei	main		assigned	Cetraspora gilmorei	99.393	Cetraspora gilmorei	1	Cetraspora gilmorei	Cetraspora gilmorei:99.39,Cetraspora armeniaca:98.79,Cetraspora huaxica:98.64,Cetraspora nodosa:96.52,Cetraspora pellucida:96.34
PX215059.1	Cetraspora gilmorei | 4397_453A	Cetraspora gilmorei	main		assigned	Cetraspora gilmorei	99.241	Cetraspora gilmorei	1	Cetraspora gilmorei	Cetraspora gilmorei:99.24,Cetraspora armeniaca:99.09,Cetraspora huaxica:98.79,Cetraspora nodosa:96.81,Cetraspora pellucida:96.01
PX215060.1	Cetraspora gilmorei | 4414_1105C	Cetraspora gilmorei	main		assigned	Cetraspora gilmorei	99.241	Cetraspora gilmorei	1	Cetraspora gilmorei	Cetraspora gilmorei:99.24,Cetraspora armeniaca:99.09,Cetraspora huaxica:98.79,Cetraspora nodosa:96.81,Cetraspora pellucida:96.01
PX215061.1	Cetraspora gilmorei | 4385	Cetraspora gilmorei	main		assigned	Cetraspora gilmorei	99.241	Cetraspora gilmorei	1	Cetraspora gilmorei	Cetraspora gilmorei:99.24,Cetraspora armeniaca:99.09,Cetraspora huaxica:98.79,Cetraspora nodosa:96.81,Cetraspora pellucida:96.01
PX215062.1	Cetraspora gilmorei | 4398_831C	Cetraspora gilmorei	main		assigned	Cetraspora gilmorei	99.241	Cetraspora gilmorei	1	Cetraspora gilmorei	Cetraspora gilmorei:99.24,Cetraspora armeniaca:99.09,Cetraspora huaxica:98.79,Cetraspora nodosa:96.81,Cetraspora pellucida:96.01
PX215063.1	Cetraspora gilmorei | 4419_860D	Cetraspora gilmorei	main		assigned	Cetraspora gilmorei	99.241	Cetraspora gilmorei	1	Cetraspora gilmorei	Cetraspora gilmorei:99.24,Cetraspora armeniaca:99.09,Cetraspora huaxica:98.79,Cetraspora nodosa:96.81,Cetraspora pellucida:96.01
PX215064.1	Cetraspora gilmorei | 4419_860D	Cetraspora gilmorei	main		assigned	Cetraspora gilmorei	99.241	Cetraspora gilmorei	1	Cetraspora gilmorei	Cetraspora gilmorei:99.24,Cetraspora armeniaca:99.09,Cetraspora huaxica:98.79,Cetraspora nodosa:96.81,Cetraspora pellucida:96.01
PX215065.1	Cetraspora gilmorei | 4414_1105C	Cetraspora gilmorei	main		assigned	Cetraspora gilmorei	99.241	Cetraspora gilmorei	1	Cetraspora gilmorei	Cetraspora gilmorei:99.24,Cetraspora armeniaca:98.79,Cetraspora huaxica:98.33,Cetraspora nodosa:96.67,Cetraspora helvetica:96.06
PX215066.1	Cetraspora gilmorei | 4385	Cetraspora gilmorei	main		assigned	Cetraspora gilmorei	99.241	Cetraspora gilmorei	1	Cetraspora gilmorei	Cetraspora gilmorei:99.24,Cetraspora armeniaca:98.79,Cetraspora huaxica:98.33,Cetraspora nodosa:96.67,Cetraspora helvetica:96.06
PX215067.1	Cetraspora gilmorei | 4419_860D	Cetraspora gilmorei	main		assigned	Cetraspora gilmorei	99.088	Cetraspora gilmorei	1	Cetraspora gilmorei	Cetraspora gilmorei:99.09,Cetraspora armeniaca:98.63,Cetraspora huaxica:98.18,Cetraspora nodosa:96.66,Cetraspora pellucida:96.33
PX215068.1	Cetraspora gilmorei | 4436_787A	Cetraspora gilmorei	main		assigned	Cetraspora gilmorei	98.786	Cetraspora gilmorei	1	Cetraspora gilmorei	Cetraspora gilmorei:98.79,Cetraspora armeniaca:98.18,Cetraspora huaxica:98.03,Cetraspora pellucida:96.34,Cetraspora nodosa:95.91
PX215069.1	Cetraspora gilmorei | 4414_1105C	Cetraspora gilmorei	main		assigned	Cetraspora gilmorei	99.091	Cetraspora gilmorei	1	Cetraspora gilmorei	Cetraspora gilmorei:99.09,Cetraspora armeniaca:98.94,Cetraspora huaxica:98.48,Cetraspora nodosa:96.52,Cetraspora helvetica:95.91
PX215070.1	Cetraspora gilmorei | 4385	Cetraspora gilmorei	main		assigned	Cetraspora gilmorei	99.091	Cetraspora gilmorei	1	Cetraspora gilmorei	Cetraspora gilmorei:99.09,Cetraspora armeniaca:98.94,Cetraspora huaxica:98.48,Cetraspora nodosa:96.52,Cetraspora helvetica:95.91
PX215071.1	Cetraspora gilmorei | 4398_831C	Cetraspora gilmorei	main		assigned	Cetraspora gilmorei	99.091	Cetraspora gilmorei	1	Cetraspora gilmorei	Cetraspora gilmorei:99.09,Cetraspora armeniaca:98.94,Cetraspora huaxica:98.48,Cetraspora nodosa:96.52,Cetraspora helvetica:95.91
PX215072.1	Cetraspora gilmorei | 4419_860D	Cetraspora gilmorei	main		assigned	Cetraspora gilmorei	99.091	Cetraspora gilmorei	1	Cetraspora gilmorei	Cetraspora gilmorei:99.09,Cetraspora armeniaca:98.94,Cetraspora huaxica:98.48,Cetraspora nodosa:96.52,Cetraspora helvetica:95.91
PX215073.1	Dentiscutata heterogama | BEG_35_2003A	Dentiscutata heterogama	main		assigned	Dentiscutata Fuscutata aurea	98.775	Dentiscutata Fuscutata aurea	1	Dentiscutata Fuscutata aurea	Dentiscutata Fuscutata aurea:98.78,Dentiscutata heterogama:98.24,Dentiscutata erythropus:98.08,Dentiscutata cerradensis:97.40,Dentiscutata nigra:97.39
PX215074.1	Dentiscutata heterogama | BEG_35_2003A	Dentiscutata heterogama	main		assigned	Dentiscutata Fuscutata aurea	98.315	Dentiscutata Fuscutata aurea	1	Dentiscutata Fuscutata aurea	Dentiscutata Fuscutata aurea:98.31,Dentiscutata erythropus:97.60,Dentiscutata heterogama:97.44,Dentiscutata nigra:96.93,Dentiscutata cerradensis:96.63
PX215075.1	Dentiscutata heterogama | CL157_2013B	Dentiscutata heterogama	main		assigned	Dentiscutata Fuscutata aurea	98.928	Dentiscutata Fuscutata aurea	1	Dentiscutata Fuscutata aurea	Dentiscutata Fuscutata aurea:98.93,Dentiscutata heterogama:98.40,Dentiscutata erythropus:98.24,Dentiscutata cerradensis:97.24,Dentiscutata nigra:97.24
PX215076.1	Dentiscutata heterogama | CL157_2013B	Dentiscutata heterogama	main		assigned	Dentiscutata Fuscutata aurea	98.928	Dentiscutata Fuscutata aurea	1	Dentiscutata Fuscutata aurea	Dentiscutata Fuscutata aurea:98.93,Dentiscutata heterogama:98.40,Dentiscutata erythropus:98.24,Dentiscutata cerradensis:97.55,Dentiscutata nigra:97.24
PX215077.1	Dentiscutata heterogama | BEG_35_2003A	Dentiscutata heterogama	main		assigned	Dentiscutata Fuscutata aurea	98.933	Dentiscutata Fuscutata aurea,Dentiscutata heterogama	2	Dentiscutata Fuscutata aurea	Dentiscutata heterogama:99.20,Dentiscutata Fuscutata aurea:98.93,Dentiscutata erythropus:98.08,Dentiscutata nigra:97.39,Dentiscutata cerradensis:97.26
PX215078.1	Dentiscutata heterogama | CL157_2013B	Dentiscutata heterogama	main		assigned	Dentiscutata Fuscutata aurea	98.78	Dentiscutata Fuscutata aurea,Dentiscutata heterogama	2	Dentiscutata Fuscutata aurea	Dentiscutata heterogama:99.04,Dentiscutata Fuscutata aurea:98.78,Dentiscutata erythropus:97.92,Dentiscutata nigra:97.28,Dentiscutata cerradensis:97.11
PX215079.1	Gigaspora rosea | BEG9_770A	Gigaspora rosea	main		unassigned				0	Gigaspora albida+Gigaspora gigantea,Gigaspora rosea	Gigaspora rosea:96.81,Gigaspora margarita:94.43,Gigaspora decipiens:94.31,Gigaspora gigantea:94.09,Gigaspora albida:93.78
PX215080.1	Gigaspora rosea | 194757_703A	Gigaspora rosea	main		unassigned				0	Gigaspora albida+Gigaspora gigantea,Gigaspora rosea	Gigaspora rosea:96.81,Gigaspora margarita:94.43,Gigaspora decipiens:94.31,Gigaspora gigantea:94.09,Gigaspora albida:93.78
PX215081.1	Gigaspora rosea | 4511_973A	Gigaspora rosea	main		unassigned				0	Gigaspora albida+Gigaspora gigantea,Gigaspora rosea	Gigaspora rosea:96.81,Gigaspora margarita:94.43,Gigaspora decipiens:94.31,Gigaspora gigantea:94.09,Gigaspora albida:93.78
PX215082.1	Gigaspora rosea | CW0011_4010A	Gigaspora rosea	main		unassigned				0	Gigaspora albida+Gigaspora gigantea,Gigaspora rosea	Gigaspora rosea:96.66,Gigaspora margarita:94.27,Gigaspora decipiens:94.15,Gigaspora gigantea:93.93,Gigaspora albida:93.62
PX215083.1	Gigaspora rosea | 194757_703A	Gigaspora rosea	main		unassigned				0	Gigaspora albida+Gigaspora gigantea,Gigaspora rosea	Gigaspora rosea:96.81,Gigaspora margarita:94.43,Gigaspora decipiens:94.31,Gigaspora gigantea:94.09,Gigaspora albida:93.78
PX215084.1	Gigaspora rosea | BEG9_770A	Gigaspora rosea	main		unassigned				0	Gigaspora albida+Gigaspora gigantea,Gigaspora rosea	Gigaspora rosea:96.66,Gigaspora margarita:94.59,Gigaspora decipiens:94.46,Gigaspora gigantea:93.93,Gigaspora albida:93.62
PX215085.1	Gigaspora rosea | 194757_703A	Gigaspora rosea	main		unassigned				0	Gigaspora albida+Gigaspora gigantea,Gigaspora rosea	Gigaspora rosea:96.66,Gigaspora margarita:94.59,Gigaspora decipiens:94.46,Gigaspora gigantea:93.93,Gigaspora albida:93.62
PX215086.1	Gigaspora rosea | CW0011_4010A	Gigaspora rosea	main		unassigned				0	Gigaspora albida+Gigaspora gigantea,Gigaspora rosea	Gigaspora rosea:96.34,Gigaspora margarita:94.27,Gigaspora decipiens:94.15,Gigaspora gigantea:93.61,Gigaspora albida:93.30
PX215087.1	Gigaspora rosea | 194757_703A	Gigaspora rosea	main		unassigned				0	Gigaspora albida+Gigaspora gigantea,Gigaspora rosea	Gigaspora rosea:96.66,Gigaspora margarita:94.59,Gigaspora decipiens:94.46,Gigaspora gigantea:93.93,Gigaspora albida:93.62
PX215088.1	Gigaspora rosea | 194757_703A	Gigaspora rosea	main		unassigned				0	Gigaspora albida+Gigaspora gigantea,Gigaspora rosea	Gigaspora rosea:96.66,Gigaspora margarita:94.59,Gigaspora decipiens:94.46,Gigaspora gigantea:93.93,Gigaspora albida:93.62
PX215089.1	Gigaspora rosea | CU131_1018C	Gigaspora rosea	main		unassigned				0	Gigaspora albida+Gigaspora gigantea	Gigaspora rosea:96.03,Gigaspora decipiens:94.78,Gigaspora margarita:94.59,Gigaspora albida:94.27,Gigaspora gigantea:94.26
PX215090.1	Gigaspora rosea | BEG9_770A	Gigaspora rosea	main		assigned	Gigaspora rosea	97.653	Gigaspora albida+Gigaspora gigantea,Gigaspora rosea	2	Gigaspora albida+Gigaspora gigantea,Gigaspora rosea	Gigaspora albida:97.93,Gigaspora rosea:97.65,Gigaspora gigantea:97.61,Gigaspora polymorphira:96.05,Dentiscutata nigra:95.40
PX215091.1	Gigaspora rosea | 194757_703A	Gigaspora rosea	main		assigned	Gigaspora rosea	97.653	Gigaspora albida+Gigaspora gigantea,Gigaspora rosea	2	Gigaspora albida+Gigaspora gigantea,Gigaspora rosea	Gigaspora albida:97.93,Gigaspora rosea:97.65,Gigaspora gigantea:97.61,Gigaspora polymorphira:96.05,Dentiscutata nigra:95.40
PX215092.1	Gigaspora rosea | 4511_973A	Gigaspora rosea	main		assigned	Gigaspora rosea	97.653	Gigaspora albida+Gigaspora gigantea,Gigaspora rosea	2	Gigaspora albida+Gigaspora gigantea,Gigaspora rosea	Gigaspora albida:97.93,Gigaspora rosea:97.65,Gigaspora gigantea:97.61,Gigaspora polymorphira:96.05,Dentiscutata nigra:95.40
PX215093.1	Gigaspora rosea | 194757_703A	Gigaspora rosea	main		assigned	Gigaspora rosea	97.653	Gigaspora albida+Gigaspora gigantea,Gigaspora rosea	2	Gigaspora albida+Gigaspora gigantea,Gigaspora rosea	Gigaspora albida:97.93,Gigaspora rosea:97.65,Gigaspora gigantea:97.61,Gigaspora polymorphira:96.05,Dentiscutata nigra:95.40
PX215094.1	Gigaspora rosea | 4511_973A	Gigaspora rosea	main		assigned	Gigaspora rosea	97.653	Gigaspora albida+Gigaspora gigantea,Gigaspora rosea	2	Gigaspora albida+Gigaspora gigantea,Gigaspora rosea	Gigaspora albida:97.93,Gigaspora rosea:97.65,Gigaspora gigantea:97.61,Gigaspora polymorphira:96.05,Dentiscutata nigra:95.40
PX215095.1	Gigaspora rosea | CW0011_4010A	Gigaspora rosea	main		assigned	Gigaspora rosea	97.653	Gigaspora albida+Gigaspora gigantea,Gigaspora rosea	2	Gigaspora albida+Gigaspora gigantea,Gigaspora rosea	Gigaspora albida:97.93,Gigaspora rosea:97.65,Gigaspora gigantea:97.61,Gigaspora polymorphira:96.05,Dentiscutata nigra:95.40
PX215096.1	Gigaspora rosea | woodslee_203A	Gigaspora rosea	main		assigned	Gigaspora rosea	97.183	Gigaspora albida+Gigaspora gigantea,Gigaspora rosea	2	Gigaspora albida+Gigaspora gigantea	Gigaspora albida:98.09,Gigaspora gigantea:97.77,Gigaspora rosea:97.18,Gigaspora polymorphira:96.20,Gigaspora margarita:95.54
PX215097.1	Gigaspora rosea | woodslee_203A	Gigaspora rosea	main		assigned	Gigaspora rosea	97.183	Gigaspora albida+Gigaspora gigantea,Gigaspora rosea	2	Gigaspora albida+Gigaspora gigantea	Gigaspora albida:98.09,Gigaspora gigantea:97.77,Gigaspora rosea:97.18,Gigaspora polymorphira:96.20,Gigaspora margarita:95.54
PX215098.1	Gigaspora rosea | woodslee_203A	Gigaspora rosea	main		assigned	Gigaspora albida	97.756	Gigaspora albida+Gigaspora gigantea	1	Gigaspora albida+Gigaspora gigantea	Gigaspora albida:97.76,Gigaspora gigantea:97.60,Gigaspora rosea:96.56,Gigaspora polymorphira:95.90,Gigaspora margarita:95.69
PX215099.1	Gigaspora rosea | woodslee_203A	Gigaspora rosea	main		assigned	Gigaspora albida	97.756	Gigaspora albida+Gigaspora gigantea	1	Gigaspora albida+Gigaspora gigantea	Gigaspora albida:97.76,Gigaspora gigantea:97.60,Gigaspora rosea:96.56,Gigaspora polymorphira:95.90,Gigaspora margarita:95.69
PX215100.1	Gigaspora rosea | woodslee_203A	Gigaspora rosea	main		assigned	Gigaspora rosea	97.179	Gigaspora albida+Gigaspora gigantea,Gigaspora rosea	2	Gigaspora albida+Gigaspora gigantea	Gigaspora albida:98.41,Gigaspora gigantea:97.77,Gigaspora rosea:97.18,Gigaspora polymorphira:95.90,Gigaspora margarita:95.86
PX215101.1	Gigaspora rosea | 4752_496A	Gigaspora rosea	main		assigned	Gigaspora rosea	97.183	Gigaspora albida+Gigaspora gigantea,Gigaspora rosea	2	Gigaspora albida+Gigaspora gigantea	Gigaspora gigantea:98.25,Gigaspora albida:97.93,Gigaspora rosea:97.18,Gigaspora polymorphira:96.05,Gigaspora margarita:96.02
PX215102.1	Gigaspora rosea | 4752_496A	Gigaspora rosea	main		assigned	Gigaspora albida	97.289	Gigaspora albida+Gigaspora gigantea	1	Gigaspora albida+Gigaspora gigantea	Gigaspora albida:97.29,Gigaspora gigantea:97.29,Gigaspora rosea:96.71,Gigaspora polymorphira:95.75,Gigaspora margarita:95.06
PX215103.1	Gigaspora rosea | CU131_1018C	Gigaspora rosea	main		assigned	Gigaspora albida	99.204	Gigaspora albida+Gigaspora gigantea	1	Gigaspora albida+Gigaspora gigantea	Gigaspora albida:99.20,Gigaspora gigantea:97.45,Gigaspora rosea:97.03,Gigaspora polymorphira:96.06,Gigaspora decipiens:95.67
PX215104.1	Gigaspora rosea | 4752_496A	Gigaspora rosea	main		assigned	Gigaspora albida	98.086	Gigaspora albida+Gigaspora gigantea	1	Gigaspora albida+Gigaspora gigantea	Gigaspora albida:98.09,Gigaspora gigantea:97.93,Gigaspora rosea:96.71,Gigaspora margarita:95.70,Gigaspora polymorphira:95.59
PX215105.1	Gigaspora rosea | 4752_496A	Gigaspora rosea	main		assigned	Gigaspora albida	97.771	Gigaspora albida+Gigaspora gigantea	1	Gigaspora albida+Gigaspora gigantea	Gigaspora albida:97.77,Gigaspora gigantea:96.97,Gigaspora rosea:96.24,Gigaspora polymorphira:94.99,Gigaspora margarita:94.75
PX215106.1	Gigaspora rosea | BEG9_770A	Gigaspora rosea	main		unassigned				0	Gigaspora albida+Gigaspora gigantea,Gigaspora rosea	Gigaspora albida:96.64,Gigaspora gigantea:96.16,Gigaspora rosea:95.31,Gigaspora polymorphira:94.38,Gigaspora margarita:94.25
PX215107.1	Gigaspora rosea | 4511_973A	Gigaspora rosea	main		unassigned				0	Gigaspora albida+Gigaspora gigantea,Gigaspora rosea	Gigaspora albida:96.64,Gigaspora gigantea:96.16,Gigaspora rosea:95.31,Gigaspora polymorphira:94.38,Gigaspora margarita:94.25
PX215108.1	Gigaspora rosea | woodslee_203A	Gigaspora rosea	main		unassigned				0	Gigaspora albida+Gigaspora gigantea	Gigaspora gigantea:95.69,Gigaspora rosea:95.38,Gigaspora margarita:94.11,Gigaspora decipiens:94.00,Gigaspora albida:93.78
PX215109.1	Gigaspora rosea | BEG9_770A	Gigaspora rosea	main		assigned	Gigaspora rosea	97.34	Gigaspora albida+Gigaspora gigantea,Gigaspora rosea	2	Gigaspora albida+Gigaspora gigantea,Gigaspora rosea	Gigaspora gigantea:98.09,Gigaspora albida:97.77,Gigaspora rosea:97.34,Gigaspora polymorphira:95.90,Gigaspora margarita:95.54
PX215110.1	Gigaspora rosea | 194757_703A	Gigaspora rosea	main		assigned	Gigaspora rosea	97.34	Gigaspora albida+Gigaspora gigantea,Gigaspora rosea	2	Gigaspora albida+Gigaspora gigantea,Gigaspora rosea	Gigaspora gigantea:98.09,Gigaspora albida:97.77,Gigaspora rosea:97.34,Gigaspora polymorphira:95.90,Gigaspora margarita:95.54
PX215111.1	Gigaspora rosea | 194757_703A	Gigaspora rosea	main		assigned	Gigaspora rosea	97.34	Gigaspora albida+Gigaspora gigantea,Gigaspora rosea	2	Gigaspora albida+Gigaspora gigantea,Gigaspora rosea	Gigaspora gigantea:98.09,Gigaspora albida:97.77,Gigaspora rosea:97.34,Gigaspora polymorphira:95.90,Gigaspora margarita:95.54
PX215112.1	Gigaspora rosea | 4511_973A	Gigaspora rosea	main		assigned	Gigaspora rosea	97.34	Gigaspora albida+Gigaspora gigantea,Gigaspora rosea	2	Gigaspora albida+Gigaspora gigantea,Gigaspora rosea	Gigaspora gigantea:98.09,Gigaspora albida:97.77,Gigaspora rosea:97.34,Gigaspora polymorphira:95.90,Gigaspora margarita:95.54
PX215113.1	Gigaspora rosea | CW0011_4010A	Gigaspora rosea	main		assigned	Gigaspora rosea	97.34	Gigaspora albida+Gigaspora gigantea,Gigaspora rosea	2	Gigaspora albida+Gigaspora gigantea,Gigaspora rosea	Gigaspora gigantea:98.09,Gigaspora albida:97.77,Gigaspora rosea:97.34,Gigaspora polymorphira:95.90,Gigaspora margarita:95.54
PX215114.1	Gigaspora rosea | CW0011_4010A	Gigaspora rosea	main		assigned	Gigaspora rosea	97.34	Gigaspora albida+Gigaspora gigantea,Gigaspora rosea	2	Gigaspora albida+Gigaspora gigantea,Gigaspora rosea	Gigaspora gigantea:98.09,Gigaspora albida:97.77,Gigaspora rosea:97.34,Gigaspora polymorphira:95.90,Gigaspora margarita:95.54
PX215115.1	Gigaspora rosea | 4752_496A	Gigaspora rosea	main		unassigned				0	Gigaspora albida+Gigaspora gigantea	Gigaspora rosea:96.02,Gigaspora margarita:94.59,Gigaspora gigantea:94.57,Gigaspora decipiens:94.46,Gigaspora albida:93.94
PX215116.1	Gigaspora rosea | 4752_496A	Gigaspora rosea	main		unassigned				0	Gigaspora albida+Gigaspora gigantea	Gigaspora rosea:95.70,Gigaspora margarita:94.27,Gigaspora gigantea:94.25,Gigaspora decipiens:94.15,Gigaspora albida:93.62
PX215118.1	Ambispora callosa | JA116_2012B	Ambispora callosa	main		assigned	Ambispora leptoticha	97.623	Ambispora leptoticha	1	Ambispora leptoticha	Ambispora leptoticha:97.62,Ambispora gerdemannii:91.63,Ambispora fennica:91.02,Entrophospora Albahypha drummondi:85.68,Entrophospora Alborhynchus walkeri:85.04
PX215119.1	Ambispora callosa | MAFF520084_2504A	Ambispora callosa	main		assigned	Ambispora leptoticha	97.623	Ambispora leptoticha	1	Ambispora leptoticha	Ambispora leptoticha:97.62,Ambispora gerdemannii:91.63,Ambispora fennica:91.02,Entrophospora Albahypha drummondi:85.68,Entrophospora Alborhynchus walkeri:85.04
PX215120.1	Ambispora callosa | MAFF520084_2504A	Ambispora callosa	main		assigned	Ambispora leptoticha	97.627	Ambispora leptoticha	1	Ambispora leptoticha	Ambispora leptoticha:97.63,Ambispora gerdemannii:91.64,Ambispora fennica:91.03,Entrophospora Albahypha drummondi:85.68,Entrophospora Alborhynchus walkeri:85.04
PX215121.1	Ambispora callosa | MAFF520084_2504A	Ambispora callosa	main		assigned	Ambispora leptoticha	98.098	Ambispora leptoticha	1	Ambispora leptoticha	Ambispora leptoticha:98.10,Ambispora gerdemannii:91.63,Ambispora fennica:91.00,Entrophospora Albahypha drummondi:85.68,Entrophospora Alborhynchus walkeri:85.04
PX215122.1	Ambispora callosa | JA116_2012B	Ambispora callosa	main		assigned	Ambispora leptoticha	97.464	Ambispora leptoticha	1	Ambispora leptoticha	Ambispora leptoticha:97.46,Ambispora gerdemannii:91.47,Ambispora fennica:90.87,Entrophospora Albahypha drummondi:85.68,Entrophospora Alborhynchus walkeri:85.04
PX215123.1	Ambispora callosa | MAFF520084_2504A	Ambispora callosa	main		assigned	Ambispora leptoticha	97.464	Ambispora leptoticha	1	Ambispora leptoticha	Ambispora leptoticha:97.46,Ambispora gerdemannii:91.47,Ambispora fennica:90.87,Entrophospora Albahypha drummondi:85.68,Entrophospora Alborhynchus walkeri:85.04
PX215124.1	Ambispora callosa | MAFF520057_2499A	Ambispora callosa	main		assigned	Ambispora leptoticha	97.623	Ambispora leptoticha	1	Ambispora leptoticha	Ambispora leptoticha:97.62,Ambispora gerdemannii:91.63,Ambispora fennica:91.02,Entrophospora Albahypha drummondi:85.68,Entrophospora Alborhynchus walkeri:85.04
PX215125.1	Ambispora callosa | MAFF520084_2504A	Ambispora callosa	main		assigned	Ambispora leptoticha	97.623	Ambispora leptoticha	1	Ambispora leptoticha	Ambispora leptoticha:97.62,Ambispora gerdemannii:91.63,Ambispora fennica:91.02,Entrophospora Albahypha drummondi:85.68,Entrophospora Alborhynchus walkeri:85.04
PX215126.1	Ambispora callosa | JA116_2012B	Ambispora callosa	main		assigned	Ambispora leptoticha	97.464	Ambispora leptoticha	1	Ambispora leptoticha	Ambispora leptoticha:97.46,Ambispora gerdemannii:91.47,Ambispora fennica:90.87,Entrophospora Albahypha drummondi:85.68,Entrophospora Alborhynchus walkeri:85.04
PX215127.1	Ambispora callosa | MAFF520084_2504A	Ambispora callosa	main		assigned	Ambispora leptoticha	97.623	Ambispora leptoticha	1	Ambispora leptoticha	Ambispora leptoticha:97.62,Ambispora gerdemannii:91.63,Ambispora fennica:91.02,Entrophospora Albahypha drummondi:85.68,Entrophospora Alborhynchus walkeri:85.04
PX215128.1	Ambispora callosa | MAFF520084_2504A	Ambispora callosa	main		assigned	Ambispora leptoticha	97.623	Ambispora leptoticha	1	Ambispora leptoticha	Ambispora leptoticha:97.62,Ambispora gerdemannii:91.63,Ambispora fennica:91.02,Entrophospora Albahypha drummondi:85.68,Entrophospora Alborhynchus walkeri:85.04
PX215129.1	Ambispora callosa | MAFF520084_2504A	Ambispora callosa	main		assigned	Ambispora leptoticha	97.464	Ambispora leptoticha	1	Ambispora leptoticha	Ambispora leptoticha:97.46,Ambispora gerdemannii:91.47,Ambispora fennica:90.87,Entrophospora Albahypha drummondi:85.68,Entrophospora Alborhynchus walkeri:85.04
PX215130.1	Ambispora callosa | JA116_2012B	Ambispora callosa	main		assigned	Ambispora leptoticha	97.464	Ambispora leptoticha	1	Ambispora leptoticha	Ambispora leptoticha:97.46,Ambispora gerdemannii:91.15,Ambispora fennica:90.70,Entrophospora Albahypha drummondi:85.15,Entrophospora Alborhynchus walkeri:85.04
PX215131.1	Ambispora callosa | MAFF520084_2504A	Ambispora callosa	main		assigned	Ambispora leptoticha	97.464	Ambispora leptoticha	1	Ambispora leptoticha	Ambispora leptoticha:97.46,Ambispora gerdemannii:91.15,Ambispora fennica:90.70,Entrophospora Albahypha drummondi:85.15,Entrophospora Alborhynchus walkeri:85.04
PX215132.1	Ambispora callosa | JA116_2012B	Ambispora callosa	main		assigned	Ambispora leptoticha	97.623	Ambispora leptoticha	1	Ambispora leptoticha	Ambispora leptoticha:97.62,Ambispora gerdemannii:91.15,Ambispora fennica:90.70,Entrophospora Albahypha drummondi:85.41,Entrophospora Alborhynchus walkeri:84.56
PX215133.1	Ambispora callosa | MAFF520057_2499A	Ambispora callosa	main		assigned	Ambispora leptoticha	97.623	Ambispora leptoticha	1	Ambispora leptoticha	Ambispora leptoticha:97.62,Ambispora gerdemannii:91.47,Ambispora fennica:91.00,Entrophospora Albahypha drummondi:85.41,Entrophospora Alborhynchus walkeri:84.56
PX215134.1	Ambispora callosa | MAFF520057_2499A	Ambispora callosa	main		assigned	Ambispora leptoticha	97.464	Ambispora leptoticha	1	Ambispora leptoticha	Ambispora leptoticha:97.46,Ambispora gerdemannii:91.31,Ambispora fennica:90.86,Entrophospora Albahypha drummondi:85.41,Entrophospora Alborhynchus walkeri:84.56
PX215135.1	Ambispora callosa | MAFF520057_2499A	Ambispora callosa	main		assigned	Ambispora leptoticha	97.781	Ambispora leptoticha	1	Ambispora leptoticha	Ambispora leptoticha:97.78,Ambispora gerdemannii:91.00,Ambispora fennica:90.56,Entrophospora Albahypha drummondi:85.41,Entrophospora Alborhynchus walkeri:84.56
PX215136.1	Ambispora callosa | JA116_2012B	Ambispora callosa	main		assigned	Ambispora leptoticha	97.623	Ambispora leptoticha	1	Ambispora leptoticha	Ambispora leptoticha:97.62,Ambispora gerdemannii:91.15,Ambispora fennica:90.70,Entrophospora Albahypha drummondi:85.15,Entrophospora Alborhynchus walkeri:85.04
PX215137.1	Ambispora callosa | JA116_2012B	Ambispora callosa	main		assigned	Ambispora leptoticha	97.464	Ambispora leptoticha	1	Ambispora leptoticha	Ambispora leptoticha:97.46,Ambispora gerdemannii:91.00,Ambispora fennica:90.56,Entrophospora Albahypha drummondi:85.41,Entrophospora Alborhynchus walkeri:84.56
PX215138.1	Ambispora leptoticha | MAFF520090_2501A	Ambispora leptoticha	main		assigned	Ambispora leptoticha	97.306	Ambispora leptoticha	1	Ambispora leptoticha	Ambispora leptoticha:97.31,Ambispora gerdemannii:91.00,Ambispora fennica:90.86,Entrophospora Albahypha drummondi:85.30,Entrophospora Alborhynchus walkeri:84.51
PX215139.1	Ambispora leptoticha | ON205A	Ambispora leptoticha	main		assigned	Ambispora leptoticha	98.732	Ambispora leptoticha	1	Ambispora leptoticha	Ambispora leptoticha:98.73,Ambispora gerdemannii:91.47,Ambispora fennica:91.15,Entrophospora Albahypha drummondi:85.68,Entrophospora Alborhynchus walkeri:85.04
PX215140.1	Ambispora leptoticha | ON205A	Ambispora leptoticha	main		assigned	Ambispora leptoticha	98.732	Ambispora leptoticha	1	Ambispora leptoticha	Ambispora leptoticha:98.73,Ambispora gerdemannii:91.31,Ambispora fennica:90.86,Entrophospora Albahypha drummondi:85.41,Entrophospora Alborhynchus walkeri:84.78
PX215141.1	Ambispora leptoticha | ON205A	Ambispora leptoticha	main		assigned	Ambispora leptoticha	98.098	Ambispora leptoticha	1	Ambispora leptoticha	Ambispora leptoticha:98.10,Ambispora gerdemannii:91.78,Ambispora fennica:91.30,Entrophospora Albahypha drummondi:85.41,Entrophospora Alborhynchus walkeri:84.78
PX215142.1	Paraglomus brasilianum | W960_3_902A	Paraglomus brasilianum	main		assigned	Paraglomus brasilianum	99.85	Paraglomus brasilianum	1	Paraglomus brasilianum	Paraglomus brasilianum:99.85,Paraglomus bolivianum:93.19,Paraglomus pernambucanum:92.75,Paraglomus laccatum:91.82,Paraglomus peruvianum:90.58
PX215143.1	Paraglomus brasilianum | W960_3_902C	Paraglomus brasilianum	main		assigned	Paraglomus brasilianum	99.85	Paraglomus brasilianum	1	Paraglomus brasilianum	Paraglomus brasilianum:99.85,Paraglomus bolivianum:93.19,Paraglomus pernambucanum:92.75,Paraglomus laccatum:91.82,Paraglomus peruvianum:90.58
PX215144.1	Paraglomus brasilianum | W260_5_933C	Paraglomus brasilianum	main		assigned	Paraglomus brasilianum	99.85	Paraglomus brasilianum	1	Paraglomus brasilianum	Paraglomus brasilianum:99.85,Paraglomus bolivianum:93.19,Paraglomus pernambucanum:92.75,Paraglomus laccatum:91.82,Paraglomus peruvianum:90.58
PX215145.1	Paraglomus brasilianum | BR105_2435A	Paraglomus brasilianum	main		assigned	Paraglomus brasilianum	99.85	Paraglomus brasilianum	1	Paraglomus brasilianum	Paraglomus brasilianum:99.85,Paraglomus bolivianum:93.19,Paraglomus pernambucanum:92.75,Paraglomus laccatum:91.82,Paraglomus peruvianum:90.58
PX215146.1	Paraglomus brasilianum | W260_5_933C	Paraglomus brasilianum	main		assigned	Paraglomus brasilianum	99.398	Paraglomus brasilianum	1	Paraglomus brasilianum	Paraglomus brasilianum:99.40,Paraglomus bolivianum:93.04,Paraglomus pernambucanum:92.60,Paraglomus laccatum:92.08,Paraglomus peruvianum:90.43
PX215147.1	Paraglomus brasilianum | BR105_2435A	Paraglomus brasilianum	main		assigned	Paraglomus brasilianum	99.398	Paraglomus brasilianum	1	Paraglomus brasilianum	Paraglomus brasilianum:99.40,Paraglomus bolivianum:93.04,Paraglomus pernambucanum:92.60,Paraglomus laccatum:92.08,Paraglomus peruvianum:90.43
PX215148.1	Paraglomus brasilianum | W260_5_933C	Paraglomus brasilianum	main		assigned	Paraglomus brasilianum	99.55	Paraglomus brasilianum	1	Paraglomus brasilianum	Paraglomus brasilianum:99.55,Paraglomus bolivianum:92.90,Paraglomus pernambucanum:92.46,Paraglomus laccatum:91.84,Paraglomus peruvianum:90.30
PX215149.1	Paraglomus brasilianum | 5274_2288B	Paraglomus brasilianum	main		assigned	Paraglomus brasilianum	99.098	Paraglomus brasilianum	1	Paraglomus brasilianum	Paraglomus brasilianum:99.10,Paraglomus bolivianum:93.34,Paraglomus pernambucanum:92.90,Paraglomus laccatum:92.82,Paraglomus peruvianum:90.73
PX215150.1	Paraglomus sp. | 5088_2360A	Paraglomus sp.	main		unassigned				0		Paraglomus brasilianum:96.69,Paraglomus bolivianum:93.34,Paraglomus pernambucanum:93.20,Paraglomus laccatum:92.55,Paraglomus peruvianum:89.84
PX215151.1	Paraglomus sp. | 4423_1159D	Paraglomus sp.	main		unassigned				0		Paraglomus brasilianum:96.69,Paraglomus bolivianum:93.34,Paraglomus pernambucanum:93.20,Paraglomus laccatum:92.55,Paraglomus peruvianum:89.84
PX215152.1	Paraglomus sp. | 4423_1159D	Paraglomus sp.	main		unassigned				0		Paraglomus brasilianum:96.69,Paraglomus bolivianum:93.34,Paraglomus pernambucanum:93.20,Paraglomus laccatum:92.55,Paraglomus peruvianum:89.84
PX215153.1	Paraglomus sp. | 5088_2360A	Paraglomus sp.	main		unassigned				0		Paraglomus brasilianum:96.69,Paraglomus bolivianum:93.34,Paraglomus pernambucanum:93.20,Paraglomus laccatum:92.55,Paraglomus peruvianum:89.84
PX215154.1	Paraglomus sp. | 4423_1159D	Paraglomus sp.	main		unassigned				0		Paraglomus brasilianum:96.69,Paraglomus bolivianum:93.34,Paraglomus pernambucanum:93.20,Paraglomus laccatum:92.55,Paraglomus peruvianum:89.84
PX215155.1	Paraglomus sp. | 4423_1159D	Paraglomus sp.	main		unassigned				0		Paraglomus brasilianum:96.69,Paraglomus bolivianum:93.34,Paraglomus pernambucanum:93.20,Paraglomus laccatum:92.55,Paraglomus peruvianum:89.84
PX215156.1	Paraglomus sp. | 4423_1159D	Paraglomus sp.	main		unassigned				0		Paraglomus brasilianum:96.69,Paraglomus bolivianum:93.34,Paraglomus pernambucanum:93.20,Paraglomus laccatum:92.55,Paraglomus peruvianum:89.84
PX215157.1	Paraglomus sp. | 5088_2360A	Paraglomus sp.	main		unassigned				0		Paraglomus brasilianum:96.69,Paraglomus pernambucanum:93.20,Paraglomus bolivianum:93.04,Paraglomus laccatum:92.82,Paraglomus peruvianum:89.84
PX215158.1	Paraglomus sp. | 4423_1159D	Paraglomus sp.	main		unassigned				0		Paraglomus brasilianum:96.69,Paraglomus pernambucanum:93.20,Paraglomus bolivianum:93.04,Paraglomus laccatum:92.82,Paraglomus peruvianum:89.84
PX215159.1	Paraglomus sp. | 4423_1159D	Paraglomus sp.	main		unassigned				0		Paraglomus brasilianum:96.69,Paraglomus bolivianum:93.34,Paraglomus pernambucanum:93.20,Paraglomus laccatum:92.55,Paraglomus peruvianum:89.84
PX215160.1	Paraglomus sp. | 4423_1159D	Paraglomus sp.	main		unassigned				0		Paraglomus brasilianum:96.69,Paraglomus bolivianum:93.34,Paraglomus pernambucanum:93.20,Paraglomus laccatum:92.55,Paraglomus peruvianum:89.84
PX215161.1	Paraglomus sp. | 4423_1159D	Paraglomus sp.	main		unassigned				0		Paraglomus brasilianum:96.69,Paraglomus bolivianum:93.34,Paraglomus pernambucanum:93.20,Paraglomus laccatum:92.55,Paraglomus peruvianum:89.84
PX215162.1	Paraglomus sp. | BR105_2435A	Paraglomus sp.	main		assigned	Paraglomus laccatum	97.305	Paraglomus laccatum	1	Paraglomus laccatum	Paraglomus laccatum:98.66,Paraglomus occultum:96.70,Paraglomus peruvianum:91.83,Paraglomus occidentale:90.96,Paraglomus bolivianum:90.27
PX215163.1	Paraglomus sp. | BR105_2435A	Paraglomus sp.	main		assigned	Paraglomus laccatum	97.601	Paraglomus laccatum	1	Paraglomus laccatum	Paraglomus laccatum:98.66,Paraglomus occultum:97.01,Paraglomus peruvianum:92.11,Paraglomus occidentale:91.25,Paraglomus bolivianum:90.56
PX215164.1	Paraglomus sp. | BR105_2435A	Paraglomus sp.	main		assigned	Paraglomus laccatum	97.605	Paraglomus laccatum	1	Paraglomus laccatum	Paraglomus laccatum:98.66,Paraglomus occultum:97.02,Paraglomus peruvianum:91.98,Paraglomus occidentale:90.96,Paraglomus bolivianum:90.42
