a	b	culture_a	culture_b	type_a	type_b	same_culture	ssu_flank	its1	s58	its2	LSU_LROR-FLR2
PX207128.1	PX207129.1	Gigaspora rosea | 4292_708F	Gigaspora rosea | 4292_708F	T2	T2	True	0.0	0.0	0.0	0.0	0.0
PX207128.1	PX207130.1	Gigaspora rosea | 4292_708F	Gigaspora rosea | 4292_708F	T2	T2	True	0.41	0.0	0.0	0.0	0.0
PX207128.1	PX207131.1	Gigaspora rosea | 4292_708F	Gigaspora rosea | 4292_708F	T2	T2	True	0.41	0.0	0.0	0.0	0.0
PX207128.1	PX207132.1	Gigaspora rosea | 4292_708F	Gigaspora rosea | 4292_708F	T2	T2	True	0.27	0.0	0.0	0.0	0.0
PX207128.1	PX207133.1	Gigaspora rosea | 4292_708F	Gigaspora rosea | 4292_708F	T2	T2	True	0.27	0.0	0.0	0.0	0.0
PX207128.1	PX207134.1	Gigaspora rosea | 4292_708F	Gigaspora rosea | 4292_708F	T2	T2	True	0.27	0.0	0.0	0.0	0.0
PX207128.1	PX207135.1	Gigaspora rosea | 4292_708F	Gigaspora rosea | CU131_1018E	T2	T7	False	1.02	19.44	2.53	17.34	5.75
PX207128.1	PX207136.1	Gigaspora rosea | 4292_708F	Gigaspora rosea | 4292_708F	T2	T3	True	0.75	12.5	2.53	20.23	6.06
PX207128.1	PX207137.1	Gigaspora rosea | 4292_708F	Gigaspora rosea | 4292_708F	T2	T3	True	0.75	12.5	2.53	20.23	6.06
PX207128.1	PX207138.1	Gigaspora rosea | 4292_708F	Gigaspora rosea | 4292_708F	T2	T8	True	0.82	15.28	3.8	20.23	5.32
PX207128.1	PX207139.1	Gigaspora rosea | 4292_708F	Gigaspora rosea | 4292_708F	T2	T3	True	0.88	18.06	4.43	19.08	5.91
PX207128.1	PX207140.1	Gigaspora rosea | 4292_708F	Gigaspora rosea | 4292_708F	T2	T3	True	0.88	18.06	4.43	19.08	5.91
PX207128.1	PX207141.1	Gigaspora rosea | 4292_708F	Gigaspora rosea | CU131_1018E	T2	T12	False	1.09	13.89	3.8	16.18	6.2
PX207128.1	PX207142.1	Gigaspora rosea | 4292_708F	Gigaspora rosea | CU131_1018E	T2	T9	False	0.68	11.11	3.8	16.57	1.77
PX207128.1	PX207143.1	Gigaspora rosea | 4292_708F	Gigaspora rosea | CU131_1018E	T2	T13	False	1.02	15.28	4.43	17.75	5.76
PX207128.1	PX215079.1	Gigaspora rosea | 4292_708F	Gigaspora rosea | BEG9_770A	T2	T1	False	0.75	12.5	3.16	17.06	1.62
PX207128.1	PX215080.1	Gigaspora rosea | 4292_708F	Gigaspora rosea | 194757_703A	T2	T1	False	0.75	12.5	3.16	17.06	1.62
PX207128.1	PX215081.1	Gigaspora rosea | 4292_708F	Gigaspora rosea | 4511_973A	T2	T1	False	0.75	12.5	3.16	17.06	1.62
PX207128.1	PX215082.1	Gigaspora rosea | 4292_708F	Gigaspora rosea | CW0011_4010A	T2	T1	False	0.75	12.5	3.16	17.06	1.77
PX207128.1	PX215083.1	Gigaspora rosea | 4292_708F	Gigaspora rosea | 194757_703A	T2	T1	False	0.88	12.5	3.16	17.06	1.62
PX207128.1	PX215084.1	Gigaspora rosea | 4292_708F	Gigaspora rosea | BEG9_770A	T2	T1	False	0.95	12.5	3.16	17.06	1.77
PX207128.1	PX215085.1	Gigaspora rosea | 4292_708F	Gigaspora rosea | 194757_703A	T2	T1	False	1.02	12.5	3.16	17.06	1.77
PX207128.1	PX215086.1	Gigaspora rosea | 4292_708F	Gigaspora rosea | CW0011_4010A	T2	T1	False	0.82	12.5	3.16	17.06	2.06
PX207128.1	PX215087.1	Gigaspora rosea | 4292_708F	Gigaspora rosea | 194757_703A	T2	T1	False	0.95	12.5	3.16	17.06	1.77
PX207128.1	PX215088.1	Gigaspora rosea | 4292_708F	Gigaspora rosea | 194757_703A	T2	T1	False	0.95	12.5	3.16	17.06	1.77
PX207128.1	PX215089.1	Gigaspora rosea | 4292_708F	Gigaspora rosea | CU131_1018C	T2	T9	False	0.68	11.11	3.8	16.57	1.77
PX207128.1	PX215090.1	Gigaspora rosea | 4292_708F	Gigaspora rosea | BEG9_770A	T2	T4	False	1.02	13.89	1.9	16.28	5.61
PX207128.1	PX215091.1	Gigaspora rosea | 4292_708F	Gigaspora rosea | 194757_703A	T2	T4	False	1.02	13.89	1.9	16.28	5.61
PX207128.1	PX215092.1	Gigaspora rosea | 4292_708F	Gigaspora rosea | 4511_973A	T2	T4	False	1.02	13.89	1.9	16.28	5.61
PX207128.1	PX215093.1	Gigaspora rosea | 4292_708F	Gigaspora rosea | 194757_703A	T2	T4	False	1.02	13.89	1.9	16.28	5.61
PX207128.1	PX215094.1	Gigaspora rosea | 4292_708F	Gigaspora rosea | 4511_973A	T2	T4	False	1.02	13.89	1.9	16.28	5.61
PX207128.1	PX215095.1	Gigaspora rosea | 4292_708F	Gigaspora rosea | CW0011_4010A	T2	T4	False	1.02	13.89	1.9	16.28	5.61
PX207128.1	PX215096.1	Gigaspora rosea | 4292_708F	Gigaspora rosea | woodslee_203A	T2	T6	False	0.82	15.28	1.9	16.18	5.91
PX207128.1	PX215097.1	Gigaspora rosea | 4292_708F	Gigaspora rosea | woodslee_203A	T2	T6	False	0.82	15.28	1.9	16.18	5.91
PX207128.1	PX215098.1	Gigaspora rosea | 4292_708F	Gigaspora rosea | woodslee_203A	T2	T10	False	1.16	13.89	1.27	20.81	6.2
PX207128.1	PX215099.1	Gigaspora rosea | 4292_708F	Gigaspora rosea | woodslee_203A	T2	T10	False	1.02	13.89	1.27	20.81	6.2
PX207128.1	PX215100.1	Gigaspora rosea | 4292_708F	Gigaspora rosea | woodslee_203A	T2	T6	False	0.82	16.67	1.27	20.81	6.2
PX207128.1	PX215101.1	Gigaspora rosea | 4292_708F	Gigaspora rosea | 4752_496A	T2	T3	False	0.88	18.06	4.43	19.08	5.76
PX207128.1	PX215102.1	Gigaspora rosea | 4292_708F	Gigaspora rosea | 4752_496A	T2	T8	False	0.82	15.28	3.8	19.65	5.47
PX207128.1	PX215103.1	Gigaspora rosea | 4292_708F	Gigaspora rosea | CU131_1018C	T2	T7	False	1.02	19.44	2.53	17.34	5.75
PX207128.1	PX215104.1	Gigaspora rosea | 4292_708F	Gigaspora rosea | 4752_496A	T2	T3	False	0.68	12.5	1.9	17.92	6.35
PX207128.1	PX215105.1	Gigaspora rosea | 4292_708F	Gigaspora rosea | 4752_496A	T2	T3	False	0.88	12.5	2.53	20.23	6.05
PX207128.1	PX215106.1	Gigaspora rosea | 4292_708F	Gigaspora rosea | BEG9_770A	T2	T11	False	0.88	20.0	4.43	18.13	7.54
PX207128.1	PX215107.1	Gigaspora rosea | 4292_708F	Gigaspora rosea | 4511_973A	T2	T11	False	0.88	20.0	4.43	18.13	7.54
PX207128.1	PX215108.1	Gigaspora rosea | 4292_708F	Gigaspora rosea | woodslee_203A	T2	T14	False	1.02	15.49	2.53	16.76	2.36
PX207128.1	PX215109.1	Gigaspora rosea | 4292_708F	Gigaspora rosea | BEG9_770A	T2	T5	False	1.09	11.76	3.16	17.16	5.76
PX207128.1	PX215110.1	Gigaspora rosea | 4292_708F	Gigaspora rosea | 194757_703A	T2	T5	False	1.09	11.76	3.16	17.16	5.76
PX207128.1	PX215111.1	Gigaspora rosea | 4292_708F	Gigaspora rosea | 194757_703A	T2	T5	False	1.09	11.76	3.16	17.16	5.76
PX207128.1	PX215112.1	Gigaspora rosea | 4292_708F	Gigaspora rosea | 4511_973A	T2	T5	False	1.09	11.76	3.16	17.16	5.76
PX207128.1	PX215113.1	Gigaspora rosea | 4292_708F	Gigaspora rosea | CW0011_4010A	T2	T5	False	1.02	11.76	3.16	17.16	5.76
PX207128.1	PX215114.1	Gigaspora rosea | 4292_708F	Gigaspora rosea | CW0011_4010A	T2	T5	False	0.88	11.76	3.16	17.16	5.76
PX207128.1	PX215115.1	Gigaspora rosea | 4292_708F	Gigaspora rosea | 4752_496A	T2	T2	False	0.41	1.39	0.0	1.16	0.29
PX207128.1	PX215116.1	Gigaspora rosea | 4292_708F	Gigaspora rosea | 4752_496A	T2	T2	False	0.41	1.39	0.0	1.16	0.59
PX207129.1	PX207130.1	Gigaspora rosea | 4292_708F	Gigaspora rosea | 4292_708F	T2	T2	True	0.41	0.0	0.0	0.0	0.0
PX207129.1	PX207131.1	Gigaspora rosea | 4292_708F	Gigaspora rosea | 4292_708F	T2	T2	True	0.41	0.0	0.0	0.0	0.0
PX207129.1	PX207132.1	Gigaspora rosea | 4292_708F	Gigaspora rosea | 4292_708F	T2	T2	True	0.27	0.0	0.0	0.0	0.0
PX207129.1	PX207133.1	Gigaspora rosea | 4292_708F	Gigaspora rosea | 4292_708F	T2	T2	True	0.27	0.0	0.0	0.0	0.0
PX207129.1	PX207134.1	Gigaspora rosea | 4292_708F	Gigaspora rosea | 4292_708F	T2	T2	True	0.27	0.0	0.0	0.0	0.0
PX207129.1	PX207135.1	Gigaspora rosea | 4292_708F	Gigaspora rosea | CU131_1018E	T2	T7	False	1.02	19.44	2.53	17.34	5.75
PX207129.1	PX207136.1	Gigaspora rosea | 4292_708F	Gigaspora rosea | 4292_708F	T2	T3	True	0.75	12.5	2.53	20.23	6.06
PX207129.1	PX207137.1	Gigaspora rosea | 4292_708F	Gigaspora rosea | 4292_708F	T2	T3	True	0.75	12.5	2.53	20.23	6.06
PX207129.1	PX207138.1	Gigaspora rosea | 4292_708F	Gigaspora rosea | 4292_708F	T2	T8	True	0.82	15.28	3.8	20.23	5.32
PX207129.1	PX207139.1	Gigaspora rosea | 4292_708F	Gigaspora rosea | 4292_708F	T2	T3	True	0.88	18.06	4.43	19.08	5.91
PX207129.1	PX207140.1	Gigaspora rosea | 4292_708F	Gigaspora rosea | 4292_708F	T2	T3	True	0.88	18.06	4.43	19.08	5.91
PX207129.1	PX207141.1	Gigaspora rosea | 4292_708F	Gigaspora rosea | CU131_1018E	T2	T12	False	1.09	13.89	3.8	16.18	6.2
PX207129.1	PX207142.1	Gigaspora rosea | 4292_708F	Gigaspora rosea | CU131_1018E	T2	T9	False	0.68	11.11	3.8	16.57	1.77
PX207129.1	PX207143.1	Gigaspora rosea | 4292_708F	Gigaspora rosea | CU131_1018E	T2	T13	False	1.02	15.28	4.43	17.75	5.76
PX207129.1	PX215079.1	Gigaspora rosea | 4292_708F	Gigaspora rosea | BEG9_770A	T2	T1	False	0.75	12.5	3.16	17.06	1.62
PX207129.1	PX215080.1	Gigaspora rosea | 4292_708F	Gigaspora rosea | 194757_703A	T2	T1	False	0.75	12.5	3.16	17.06	1.62
PX207129.1	PX215081.1	Gigaspora rosea | 4292_708F	Gigaspora rosea | 4511_973A	T2	T1	False	0.75	12.5	3.16	17.06	1.62
PX207129.1	PX215082.1	Gigaspora rosea | 4292_708F	Gigaspora rosea | CW0011_4010A	T2	T1	False	0.75	12.5	3.16	17.06	1.77
PX207129.1	PX215083.1	Gigaspora rosea | 4292_708F	Gigaspora rosea | 194757_703A	T2	T1	False	0.88	12.5	3.16	17.06	1.62
PX207129.1	PX215084.1	Gigaspora rosea | 4292_708F	Gigaspora rosea | BEG9_770A	T2	T1	False	0.95	12.5	3.16	17.06	1.77
PX207129.1	PX215085.1	Gigaspora rosea | 4292_708F	Gigaspora rosea | 194757_703A	T2	T1	False	1.02	12.5	3.16	17.06	1.77
PX207129.1	PX215086.1	Gigaspora rosea | 4292_708F	Gigaspora rosea | CW0011_4010A	T2	T1	False	0.82	12.5	3.16	17.06	2.06
PX207129.1	PX215087.1	Gigaspora rosea | 4292_708F	Gigaspora rosea | 194757_703A	T2	T1	False	0.95	12.5	3.16	17.06	1.77
PX207129.1	PX215088.1	Gigaspora rosea | 4292_708F	Gigaspora rosea | 194757_703A	T2	T1	False	0.95	12.5	3.16	17.06	1.77
PX207129.1	PX215089.1	Gigaspora rosea | 4292_708F	Gigaspora rosea | CU131_1018C	T2	T9	False	0.68	11.11	3.8	16.57	1.77
PX207129.1	PX215090.1	Gigaspora rosea | 4292_708F	Gigaspora rosea | BEG9_770A	T2	T4	False	1.02	13.89	1.9	16.28	5.61
PX207129.1	PX215091.1	Gigaspora rosea | 4292_708F	Gigaspora rosea | 194757_703A	T2	T4	False	1.02	13.89	1.9	16.28	5.61
PX207129.1	PX215092.1	Gigaspora rosea | 4292_708F	Gigaspora rosea | 4511_973A	T2	T4	False	1.02	13.89	1.9	16.28	5.61
PX207129.1	PX215093.1	Gigaspora rosea | 4292_708F	Gigaspora rosea | 194757_703A	T2	T4	False	1.02	13.89	1.9	16.28	5.61
PX207129.1	PX215094.1	Gigaspora rosea | 4292_708F	Gigaspora rosea | 4511_973A	T2	T4	False	1.02	13.89	1.9	16.28	5.61
PX207129.1	PX215095.1	Gigaspora rosea | 4292_708F	Gigaspora rosea | CW0011_4010A	T2	T4	False	1.02	13.89	1.9	16.28	5.61
PX207129.1	PX215096.1	Gigaspora rosea | 4292_708F	Gigaspora rosea | woodslee_203A	T2	T6	False	0.82	15.28	1.9	16.18	5.91
PX207129.1	PX215097.1	Gigaspora rosea | 4292_708F	Gigaspora rosea | woodslee_203A	T2	T6	False	0.82	15.28	1.9	16.18	5.91
PX207129.1	PX215098.1	Gigaspora rosea | 4292_708F	Gigaspora rosea | woodslee_203A	T2	T10	False	1.16	13.89	1.27	20.81	6.2
PX207129.1	PX215099.1	Gigaspora rosea | 4292_708F	Gigaspora rosea | woodslee_203A	T2	T10	False	1.02	13.89	1.27	20.81	6.2
PX207129.1	PX215100.1	Gigaspora rosea | 4292_708F	Gigaspora rosea | woodslee_203A	T2	T6	False	0.82	16.67	1.27	20.81	6.2
PX207129.1	PX215101.1	Gigaspora rosea | 4292_708F	Gigaspora rosea | 4752_496A	T2	T3	False	0.88	18.06	4.43	19.08	5.76
PX207129.1	PX215102.1	Gigaspora rosea | 4292_708F	Gigaspora rosea | 4752_496A	T2	T8	False	0.82	15.28	3.8	19.65	5.47
PX207129.1	PX215103.1	Gigaspora rosea | 4292_708F	Gigaspora rosea | CU131_1018C	T2	T7	False	1.02	19.44	2.53	17.34	5.75
PX207129.1	PX215104.1	Gigaspora rosea | 4292_708F	Gigaspora rosea | 4752_496A	T2	T3	False	0.68	12.5	1.9	17.92	6.35
PX207129.1	PX215105.1	Gigaspora rosea | 4292_708F	Gigaspora rosea | 4752_496A	T2	T3	False	0.88	12.5	2.53	20.23	6.05
PX207129.1	PX215106.1	Gigaspora rosea | 4292_708F	Gigaspora rosea | BEG9_770A	T2	T11	False	0.88	20.0	4.43	18.13	7.54
PX207129.1	PX215107.1	Gigaspora rosea | 4292_708F	Gigaspora rosea | 4511_973A	T2	T11	False	0.88	20.0	4.43	18.13	7.54
PX207129.1	PX215108.1	Gigaspora rosea | 4292_708F	Gigaspora rosea | woodslee_203A	T2	T14	False	1.02	15.49	2.53	16.76	2.36
PX207129.1	PX215109.1	Gigaspora rosea | 4292_708F	Gigaspora rosea | BEG9_770A	T2	T5	False	1.09	11.76	3.16	17.16	5.76
PX207129.1	PX215110.1	Gigaspora rosea | 4292_708F	Gigaspora rosea | 194757_703A	T2	T5	False	1.09	11.76	3.16	17.16	5.76
PX207129.1	PX215111.1	Gigaspora rosea | 4292_708F	Gigaspora rosea | 194757_703A	T2	T5	False	1.09	11.76	3.16	17.16	5.76
PX207129.1	PX215112.1	Gigaspora rosea | 4292_708F	Gigaspora rosea | 4511_973A	T2	T5	False	1.09	11.76	3.16	17.16	5.76
PX207129.1	PX215113.1	Gigaspora rosea | 4292_708F	Gigaspora rosea | CW0011_4010A	T2	T5	False	1.02	11.76	3.16	17.16	5.76
PX207129.1	PX215114.1	Gigaspora rosea | 4292_708F	Gigaspora rosea | CW0011_4010A	T2	T5	False	0.88	11.76	3.16	17.16	5.76
PX207129.1	PX215115.1	Gigaspora rosea | 4292_708F	Gigaspora rosea | 4752_496A	T2	T2	False	0.41	1.39	0.0	1.16	0.29
PX207129.1	PX215116.1	Gigaspora rosea | 4292_708F	Gigaspora rosea | 4752_496A	T2	T2	False	0.41	1.39	0.0	1.16	0.59
PX207130.1	PX207131.1	Gigaspora rosea | 4292_708F	Gigaspora rosea | 4292_708F	T2	T2	True	0.0	0.0	0.0	0.0	0.0
PX207130.1	PX207132.1	Gigaspora rosea | 4292_708F	Gigaspora rosea | 4292_708F	T2	T2	True	0.2	0.0	0.0	0.0	0.0
PX207130.1	PX207133.1	Gigaspora rosea | 4292_708F	Gigaspora rosea | 4292_708F	T2	T2	True	0.2	0.0	0.0	0.0	0.0
PX207130.1	PX207134.1	Gigaspora rosea | 4292_708F	Gigaspora rosea | 4292_708F	T2	T2	True	0.2	0.0	0.0	0.0	0.0
PX207130.1	PX207135.1	Gigaspora rosea | 4292_708F	Gigaspora rosea | CU131_1018E	T2	T7	False	1.02	19.44	2.53	17.34	5.75
PX207130.1	PX207136.1	Gigaspora rosea | 4292_708F	Gigaspora rosea | 4292_708F	T2	T3	True	1.16	12.5	2.53	20.23	6.06
PX207130.1	PX207137.1	Gigaspora rosea | 4292_708F	Gigaspora rosea | 4292_708F	T2	T3	True	1.16	12.5	2.53	20.23	6.06
PX207130.1	PX207138.1	Gigaspora rosea | 4292_708F	Gigaspora rosea | 4292_708F	T2	T8	True	0.95	15.28	3.8	20.23	5.32
PX207130.1	PX207139.1	Gigaspora rosea | 4292_708F	Gigaspora rosea | 4292_708F	T2	T3	True	1.16	18.06	4.43	19.08	5.91
PX207130.1	PX207140.1	Gigaspora rosea | 4292_708F	Gigaspora rosea | 4292_708F	T2	T3	True	1.16	18.06	4.43	19.08	5.91
PX207130.1	PX207141.1	Gigaspora rosea | 4292_708F	Gigaspora rosea | CU131_1018E	T2	T12	False	1.09	13.89	3.8	16.18	6.2
PX207130.1	PX207142.1	Gigaspora rosea | 4292_708F	Gigaspora rosea | CU131_1018E	T2	T9	False	0.68	11.11	3.8	16.57	1.77
PX207130.1	PX207143.1	Gigaspora rosea | 4292_708F	Gigaspora rosea | CU131_1018E	T2	T13	False	1.02	15.28	4.43	17.75	5.76
PX207130.1	PX215079.1	Gigaspora rosea | 4292_708F	Gigaspora rosea | BEG9_770A	T2	T1	False	0.61	12.5	3.16	17.06	1.62
PX207130.1	PX215080.1	Gigaspora rosea | 4292_708F	Gigaspora rosea | 194757_703A	T2	T1	False	0.61	12.5	3.16	17.06	1.62
PX207130.1	PX215081.1	Gigaspora rosea | 4292_708F	Gigaspora rosea | 4511_973A	T2	T1	False	0.61	12.5	3.16	17.06	1.62
PX207130.1	PX215082.1	Gigaspora rosea | 4292_708F	Gigaspora rosea | CW0011_4010A	T2	T1	False	0.61	12.5	3.16	17.06	1.77
PX207130.1	PX215083.1	Gigaspora rosea | 4292_708F	Gigaspora rosea | 194757_703A	T2	T1	False	0.68	12.5	3.16	17.06	1.62
PX207130.1	PX215084.1	Gigaspora rosea | 4292_708F	Gigaspora rosea | BEG9_770A	T2	T1	False	0.82	12.5	3.16	17.06	1.77
PX207130.1	PX215085.1	Gigaspora rosea | 4292_708F	Gigaspora rosea | 194757_703A	T2	T1	False	0.88	12.5	3.16	17.06	1.77
PX207130.1	PX215086.1	Gigaspora rosea | 4292_708F	Gigaspora rosea | CW0011_4010A	T2	T1	False	0.82	12.5	3.16	17.06	2.06
PX207130.1	PX215087.1	Gigaspora rosea | 4292_708F	Gigaspora rosea | 194757_703A	T2	T1	False	0.82	12.5	3.16	17.06	1.77
PX207130.1	PX215088.1	Gigaspora rosea | 4292_708F	Gigaspora rosea | 194757_703A	T2	T1	False	0.75	12.5	3.16	17.06	1.77
PX207130.1	PX215089.1	Gigaspora rosea | 4292_708F	Gigaspora rosea | CU131_1018C	T2	T9	False	0.68	11.11	3.8	16.57	1.77
PX207130.1	PX215090.1	Gigaspora rosea | 4292_708F	Gigaspora rosea | BEG9_770A	T2	T4	False	1.02	13.89	1.9	16.28	5.61
PX207130.1	PX215091.1	Gigaspora rosea | 4292_708F	Gigaspora rosea | 194757_703A	T2	T4	False	1.02	13.89	1.9	16.28	5.61
PX207130.1	PX215092.1	Gigaspora rosea | 4292_708F	Gigaspora rosea | 4511_973A	T2	T4	False	1.02	13.89	1.9	16.28	5.61
PX207130.1	PX215093.1	Gigaspora rosea | 4292_708F	Gigaspora rosea | 194757_703A	T2	T4	False	1.02	13.89	1.9	16.28	5.61
PX207130.1	PX215094.1	Gigaspora rosea | 4292_708F	Gigaspora rosea | 4511_973A	T2	T4	False	1.02	13.89	1.9	16.28	5.61
PX207130.1	PX215095.1	Gigaspora rosea | 4292_708F	Gigaspora rosea | CW0011_4010A	T2	T4	False	1.02	13.89	1.9	16.28	5.61
PX207130.1	PX215096.1	Gigaspora rosea | 4292_708F	Gigaspora rosea | woodslee_203A	T2	T6	False	1.09	15.28	1.9	16.18	5.91
PX207130.1	PX215097.1	Gigaspora rosea | 4292_708F	Gigaspora rosea | woodslee_203A	T2	T6	False	1.02	15.28	1.9	16.18	5.91
PX207130.1	PX215098.1	Gigaspora rosea | 4292_708F	Gigaspora rosea | woodslee_203A	T2	T10	False	1.16	13.89	1.27	20.81	6.2
PX207130.1	PX215099.1	Gigaspora rosea | 4292_708F	Gigaspora rosea | woodslee_203A	T2	T10	False	1.09	13.89	1.27	20.81	6.2
PX207130.1	PX215100.1	Gigaspora rosea | 4292_708F	Gigaspora rosea | woodslee_203A	T2	T6	False	0.95	16.67	1.27	20.81	6.2
PX207130.1	PX215101.1	Gigaspora rosea | 4292_708F	Gigaspora rosea | 4752_496A	T2	T3	False	1.16	18.06	4.43	19.08	5.76
PX207130.1	PX215102.1	Gigaspora rosea | 4292_708F	Gigaspora rosea | 4752_496A	T2	T8	False	0.95	15.28	3.8	19.65	5.47
PX207130.1	PX215103.1	Gigaspora rosea | 4292_708F	Gigaspora rosea | CU131_1018C	T2	T7	False	1.02	19.44	2.53	17.34	5.75
PX207130.1	PX215104.1	Gigaspora rosea | 4292_708F	Gigaspora rosea | 4752_496A	T2	T3	False	0.95	12.5	1.9	17.92	6.35
PX207130.1	PX215105.1	Gigaspora rosea | 4292_708F	Gigaspora rosea | 4752_496A	T2	T3	False	1.16	12.5	2.53	20.23	6.05
PX207130.1	PX215106.1	Gigaspora rosea | 4292_708F	Gigaspora rosea | BEG9_770A	T2	T11	False	0.88	20.0	4.43	18.13	7.54
PX207130.1	PX215107.1	Gigaspora rosea | 4292_708F	Gigaspora rosea | 4511_973A	T2	T11	False	0.88	20.0	4.43	18.13	7.54
PX207130.1	PX215108.1	Gigaspora rosea | 4292_708F	Gigaspora rosea | woodslee_203A	T2	T14	False	1.02	15.49	2.53	16.76	2.36
PX207130.1	PX215109.1	Gigaspora rosea | 4292_708F	Gigaspora rosea | BEG9_770A	T2	T5	False	1.09	11.76	3.16	17.16	5.76
PX207130.1	PX215110.1	Gigaspora rosea | 4292_708F	Gigaspora rosea | 194757_703A	T2	T5	False	1.09	11.76	3.16	17.16	5.76
PX207130.1	PX215111.1	Gigaspora rosea | 4292_708F	Gigaspora rosea | 194757_703A	T2	T5	False	1.09	11.76	3.16	17.16	5.76
PX207130.1	PX215112.1	Gigaspora rosea | 4292_708F	Gigaspora rosea | 4511_973A	T2	T5	False	1.09	11.76	3.16	17.16	5.76
PX207130.1	PX215113.1	Gigaspora rosea | 4292_708F	Gigaspora rosea | CW0011_4010A	T2	T5	False	1.02	11.76	3.16	17.16	5.76
PX207130.1	PX215114.1	Gigaspora rosea | 4292_708F	Gigaspora rosea | CW0011_4010A	T2	T5	False	0.88	11.76	3.16	17.16	5.76
PX207130.1	PX215115.1	Gigaspora rosea | 4292_708F	Gigaspora rosea | 4752_496A	T2	T2	False	0.14	1.39	0.0	1.16	0.29
PX207130.1	PX215116.1	Gigaspora rosea | 4292_708F	Gigaspora rosea | 4752_496A	T2	T2	False	0.14	1.39	0.0	1.16	0.59
PX207131.1	PX207132.1	Gigaspora rosea | 4292_708F	Gigaspora rosea | 4292_708F	T2	T2	True	0.2	0.0	0.0	0.0	0.0
PX207131.1	PX207133.1	Gigaspora rosea | 4292_708F	Gigaspora rosea | 4292_708F	T2	T2	True	0.2	0.0	0.0	0.0	0.0
PX207131.1	PX207134.1	Gigaspora rosea | 4292_708F	Gigaspora rosea | 4292_708F	T2	T2	True	0.2	0.0	0.0	0.0	0.0
PX207131.1	PX207135.1	Gigaspora rosea | 4292_708F	Gigaspora rosea | CU131_1018E	T2	T7	False	1.02	19.44	2.53	17.34	5.75
PX207131.1	PX207136.1	Gigaspora rosea | 4292_708F	Gigaspora rosea | 4292_708F	T2	T3	True	1.16	12.5	2.53	20.23	6.06
PX207131.1	PX207137.1	Gigaspora rosea | 4292_708F	Gigaspora rosea | 4292_708F	T2	T3	True	1.16	12.5	2.53	20.23	6.06
PX207131.1	PX207138.1	Gigaspora rosea | 4292_708F	Gigaspora rosea | 4292_708F	T2	T8	True	0.95	15.28	3.8	20.23	5.32
PX207131.1	PX207139.1	Gigaspora rosea | 4292_708F	Gigaspora rosea | 4292_708F	T2	T3	True	1.16	18.06	4.43	19.08	5.91
PX207131.1	PX207140.1	Gigaspora rosea | 4292_708F	Gigaspora rosea | 4292_708F	T2	T3	True	1.16	18.06	4.43	19.08	5.91
PX207131.1	PX207141.1	Gigaspora rosea | 4292_708F	Gigaspora rosea | CU131_1018E	T2	T12	False	1.09	13.89	3.8	16.18	6.2
PX207131.1	PX207142.1	Gigaspora rosea | 4292_708F	Gigaspora rosea | CU131_1018E	T2	T9	False	0.68	11.11	3.8	16.57	1.77
PX207131.1	PX207143.1	Gigaspora rosea | 4292_708F	Gigaspora rosea | CU131_1018E	T2	T13	False	1.02	15.28	4.43	17.75	5.76
PX207131.1	PX215079.1	Gigaspora rosea | 4292_708F	Gigaspora rosea | BEG9_770A	T2	T1	False	0.61	12.5	3.16	17.06	1.62
PX207131.1	PX215080.1	Gigaspora rosea | 4292_708F	Gigaspora rosea | 194757_703A	T2	T1	False	0.61	12.5	3.16	17.06	1.62
PX207131.1	PX215081.1	Gigaspora rosea | 4292_708F	Gigaspora rosea | 4511_973A	T2	T1	False	0.61	12.5	3.16	17.06	1.62
PX207131.1	PX215082.1	Gigaspora rosea | 4292_708F	Gigaspora rosea | CW0011_4010A	T2	T1	False	0.61	12.5	3.16	17.06	1.77
PX207131.1	PX215083.1	Gigaspora rosea | 4292_708F	Gigaspora rosea | 194757_703A	T2	T1	False	0.68	12.5	3.16	17.06	1.62
PX207131.1	PX215084.1	Gigaspora rosea | 4292_708F	Gigaspora rosea | BEG9_770A	T2	T1	False	0.82	12.5	3.16	17.06	1.77
PX207131.1	PX215085.1	Gigaspora rosea | 4292_708F	Gigaspora rosea | 194757_703A	T2	T1	False	0.88	12.5	3.16	17.06	1.77
PX207131.1	PX215086.1	Gigaspora rosea | 4292_708F	Gigaspora rosea | CW0011_4010A	T2	T1	False	0.82	12.5	3.16	17.06	2.06
PX207131.1	PX215087.1	Gigaspora rosea | 4292_708F	Gigaspora rosea | 194757_703A	T2	T1	False	0.82	12.5	3.16	17.06	1.77
PX207131.1	PX215088.1	Gigaspora rosea | 4292_708F	Gigaspora rosea | 194757_703A	T2	T1	False	0.75	12.5	3.16	17.06	1.77
PX207131.1	PX215089.1	Gigaspora rosea | 4292_708F	Gigaspora rosea | CU131_1018C	T2	T9	False	0.68	11.11	3.8	16.57	1.77
PX207131.1	PX215090.1	Gigaspora rosea | 4292_708F	Gigaspora rosea | BEG9_770A	T2	T4	False	1.02	13.89	1.9	16.28	5.61
PX207131.1	PX215091.1	Gigaspora rosea | 4292_708F	Gigaspora rosea | 194757_703A	T2	T4	False	1.02	13.89	1.9	16.28	5.61
PX207131.1	PX215092.1	Gigaspora rosea | 4292_708F	Gigaspora rosea | 4511_973A	T2	T4	False	1.02	13.89	1.9	16.28	5.61
PX207131.1	PX215093.1	Gigaspora rosea | 4292_708F	Gigaspora rosea | 194757_703A	T2	T4	False	1.02	13.89	1.9	16.28	5.61
PX207131.1	PX215094.1	Gigaspora rosea | 4292_708F	Gigaspora rosea | 4511_973A	T2	T4	False	1.02	13.89	1.9	16.28	5.61
PX207131.1	PX215095.1	Gigaspora rosea | 4292_708F	Gigaspora rosea | CW0011_4010A	T2	T4	False	1.02	13.89	1.9	16.28	5.61
PX207131.1	PX215096.1	Gigaspora rosea | 4292_708F	Gigaspora rosea | woodslee_203A	T2	T6	False	1.09	15.28	1.9	16.18	5.91
PX207131.1	PX215097.1	Gigaspora rosea | 4292_708F	Gigaspora rosea | woodslee_203A	T2	T6	False	1.02	15.28	1.9	16.18	5.91
PX207131.1	PX215098.1	Gigaspora rosea | 4292_708F	Gigaspora rosea | woodslee_203A	T2	T10	False	1.16	13.89	1.27	20.81	6.2
PX207131.1	PX215099.1	Gigaspora rosea | 4292_708F	Gigaspora rosea | woodslee_203A	T2	T10	False	1.09	13.89	1.27	20.81	6.2
PX207131.1	PX215100.1	Gigaspora rosea | 4292_708F	Gigaspora rosea | woodslee_203A	T2	T6	False	0.95	16.67	1.27	20.81	6.2
PX207131.1	PX215101.1	Gigaspora rosea | 4292_708F	Gigaspora rosea | 4752_496A	T2	T3	False	1.16	18.06	4.43	19.08	5.76
PX207131.1	PX215102.1	Gigaspora rosea | 4292_708F	Gigaspora rosea | 4752_496A	T2	T8	False	0.95	15.28	3.8	19.65	5.47
PX207131.1	PX215103.1	Gigaspora rosea | 4292_708F	Gigaspora rosea | CU131_1018C	T2	T7	False	1.02	19.44	2.53	17.34	5.75
PX207131.1	PX215104.1	Gigaspora rosea | 4292_708F	Gigaspora rosea | 4752_496A	T2	T3	False	0.95	12.5	1.9	17.92	6.35
PX207131.1	PX215105.1	Gigaspora rosea | 4292_708F	Gigaspora rosea | 4752_496A	T2	T3	False	1.16	12.5	2.53	20.23	6.05
PX207131.1	PX215106.1	Gigaspora rosea | 4292_708F	Gigaspora rosea | BEG9_770A	T2	T11	False	0.88	20.0	4.43	18.13	7.54
PX207131.1	PX215107.1	Gigaspora rosea | 4292_708F	Gigaspora rosea | 4511_973A	T2	T11	False	0.88	20.0	4.43	18.13	7.54
PX207131.1	PX215108.1	Gigaspora rosea | 4292_708F	Gigaspora rosea | woodslee_203A	T2	T14	False	1.02	15.49	2.53	16.76	2.36
PX207131.1	PX215109.1	Gigaspora rosea | 4292_708F	Gigaspora rosea | BEG9_770A	T2	T5	False	1.09	11.76	3.16	17.16	5.76
PX207131.1	PX215110.1	Gigaspora rosea | 4292_708F	Gigaspora rosea | 194757_703A	T2	T5	False	1.09	11.76	3.16	17.16	5.76
PX207131.1	PX215111.1	Gigaspora rosea | 4292_708F	Gigaspora rosea | 194757_703A	T2	T5	False	1.09	11.76	3.16	17.16	5.76
PX207131.1	PX215112.1	Gigaspora rosea | 4292_708F	Gigaspora rosea | 4511_973A	T2	T5	False	1.09	11.76	3.16	17.16	5.76
PX207131.1	PX215113.1	Gigaspora rosea | 4292_708F	Gigaspora rosea | CW0011_4010A	T2	T5	False	1.02	11.76	3.16	17.16	5.76
PX207131.1	PX215114.1	Gigaspora rosea | 4292_708F	Gigaspora rosea | CW0011_4010A	T2	T5	False	0.88	11.76	3.16	17.16	5.76
PX207131.1	PX215115.1	Gigaspora rosea | 4292_708F	Gigaspora rosea | 4752_496A	T2	T2	False	0.14	1.39	0.0	1.16	0.29
PX207131.1	PX215116.1	Gigaspora rosea | 4292_708F	Gigaspora rosea | 4752_496A	T2	T2	False	0.14	1.39	0.0	1.16	0.59
PX207132.1	PX207133.1	Gigaspora rosea | 4292_708F	Gigaspora rosea | 4292_708F	T2	T2	True	0.0	0.0	0.0	0.0	0.0
PX207132.1	PX207134.1	Gigaspora rosea | 4292_708F	Gigaspora rosea | 4292_708F	T2	T2	True	0.14	0.0	0.0	0.0	0.0
PX207132.1	PX207135.1	Gigaspora rosea | 4292_708F	Gigaspora rosea | CU131_1018E	T2	T7	False	1.09	19.44	2.53	17.34	5.75
PX207132.1	PX207136.1	Gigaspora rosea | 4292_708F	Gigaspora rosea | 4292_708F	T2	T3	True	1.02	12.5	2.53	20.23	6.06
PX207132.1	PX207137.1	Gigaspora rosea | 4292_708F	Gigaspora rosea | 4292_708F	T2	T3	True	1.02	12.5	2.53	20.23	6.06
PX207132.1	PX207138.1	Gigaspora rosea | 4292_708F	Gigaspora rosea | 4292_708F	T2	T8	True	0.95	15.28	3.8	20.23	5.32
PX207132.1	PX207139.1	Gigaspora rosea | 4292_708F	Gigaspora rosea | 4292_708F	T2	T3	True	1.02	18.06	4.43	19.08	5.91
PX207132.1	PX207140.1	Gigaspora rosea | 4292_708F	Gigaspora rosea | 4292_708F	T2	T3	True	1.02	18.06	4.43	19.08	5.91
PX207132.1	PX207141.1	Gigaspora rosea | 4292_708F	Gigaspora rosea | CU131_1018E	T2	T12	False	1.16	13.89	3.8	16.18	6.2
PX207132.1	PX207142.1	Gigaspora rosea | 4292_708F	Gigaspora rosea | CU131_1018E	T2	T9	False	0.75	11.11	3.8	16.57	1.77
PX207132.1	PX207143.1	Gigaspora rosea | 4292_708F	Gigaspora rosea | CU131_1018E	T2	T13	False	1.09	15.28	4.43	17.75	5.76
PX207132.1	PX215079.1	Gigaspora rosea | 4292_708F	Gigaspora rosea | BEG9_770A	T2	T1	False	0.68	12.5	3.16	17.06	1.62
PX207132.1	PX215080.1	Gigaspora rosea | 4292_708F	Gigaspora rosea | 194757_703A	T2	T1	False	0.68	12.5	3.16	17.06	1.62
PX207132.1	PX215081.1	Gigaspora rosea | 4292_708F	Gigaspora rosea | 4511_973A	T2	T1	False	0.68	12.5	3.16	17.06	1.62
PX207132.1	PX215082.1	Gigaspora rosea | 4292_708F	Gigaspora rosea | CW0011_4010A	T2	T1	False	0.68	12.5	3.16	17.06	1.77
PX207132.1	PX215083.1	Gigaspora rosea | 4292_708F	Gigaspora rosea | 194757_703A	T2	T1	False	0.75	12.5	3.16	17.06	1.62
PX207132.1	PX215084.1	Gigaspora rosea | 4292_708F	Gigaspora rosea | BEG9_770A	T2	T1	False	0.88	12.5	3.16	17.06	1.77
PX207132.1	PX215085.1	Gigaspora rosea | 4292_708F	Gigaspora rosea | 194757_703A	T2	T1	False	0.95	12.5	3.16	17.06	1.77
PX207132.1	PX215086.1	Gigaspora rosea | 4292_708F	Gigaspora rosea | CW0011_4010A	T2	T1	False	0.88	12.5	3.16	17.06	2.06
PX207132.1	PX215087.1	Gigaspora rosea | 4292_708F	Gigaspora rosea | 194757_703A	T2	T1	False	0.88	12.5	3.16	17.06	1.77
PX207132.1	PX215088.1	Gigaspora rosea | 4292_708F	Gigaspora rosea | 194757_703A	T2	T1	False	0.82	12.5	3.16	17.06	1.77
PX207132.1	PX215089.1	Gigaspora rosea | 4292_708F	Gigaspora rosea | CU131_1018C	T2	T9	False	0.75	11.11	3.8	16.57	1.77
PX207132.1	PX215090.1	Gigaspora rosea | 4292_708F	Gigaspora rosea | BEG9_770A	T2	T4	False	1.09	13.89	1.9	16.28	5.61
PX207132.1	PX215091.1	Gigaspora rosea | 4292_708F	Gigaspora rosea | 194757_703A	T2	T4	False	1.09	13.89	1.9	16.28	5.61
PX207132.1	PX215092.1	Gigaspora rosea | 4292_708F	Gigaspora rosea | 4511_973A	T2	T4	False	1.09	13.89	1.9	16.28	5.61
PX207132.1	PX215093.1	Gigaspora rosea | 4292_708F	Gigaspora rosea | 194757_703A	T2	T4	False	1.09	13.89	1.9	16.28	5.61
PX207132.1	PX215094.1	Gigaspora rosea | 4292_708F	Gigaspora rosea | 4511_973A	T2	T4	False	1.09	13.89	1.9	16.28	5.61
PX207132.1	PX215095.1	Gigaspora rosea | 4292_708F	Gigaspora rosea | CW0011_4010A	T2	T4	False	1.09	13.89	1.9	16.28	5.61
PX207132.1	PX215096.1	Gigaspora rosea | 4292_708F	Gigaspora rosea | woodslee_203A	T2	T6	False	0.95	15.28	1.9	16.18	5.91
PX207132.1	PX215097.1	Gigaspora rosea | 4292_708F	Gigaspora rosea | woodslee_203A	T2	T6	False	0.88	15.28	1.9	16.18	5.91
PX207132.1	PX215098.1	Gigaspora rosea | 4292_708F	Gigaspora rosea | woodslee_203A	T2	T10	False	1.16	13.89	1.27	20.81	6.2
PX207132.1	PX215099.1	Gigaspora rosea | 4292_708F	Gigaspora rosea | woodslee_203A	T2	T10	False	1.09	13.89	1.27	20.81	6.2
PX207132.1	PX215100.1	Gigaspora rosea | 4292_708F	Gigaspora rosea | woodslee_203A	T2	T6	False	0.95	16.67	1.27	20.81	6.2
PX207132.1	PX215101.1	Gigaspora rosea | 4292_708F	Gigaspora rosea | 4752_496A	T2	T3	False	1.02	18.06	4.43	19.08	5.76
PX207132.1	PX215102.1	Gigaspora rosea | 4292_708F	Gigaspora rosea | 4752_496A	T2	T8	False	0.95	15.28	3.8	19.65	5.47
PX207132.1	PX215103.1	Gigaspora rosea | 4292_708F	Gigaspora rosea | CU131_1018C	T2	T7	False	1.09	19.44	2.53	17.34	5.75
PX207132.1	PX215104.1	Gigaspora rosea | 4292_708F	Gigaspora rosea | 4752_496A	T2	T3	False	0.95	12.5	1.9	17.92	6.35
PX207132.1	PX215105.1	Gigaspora rosea | 4292_708F	Gigaspora rosea | 4752_496A	T2	T3	False	1.16	12.5	2.53	20.23	6.05
PX207132.1	PX215106.1	Gigaspora rosea | 4292_708F	Gigaspora rosea | BEG9_770A	T2	T11	False	0.95	20.0	4.43	18.13	7.54
PX207132.1	PX215107.1	Gigaspora rosea | 4292_708F	Gigaspora rosea | 4511_973A	T2	T11	False	0.95	20.0	4.43	18.13	7.54
PX207132.1	PX215108.1	Gigaspora rosea | 4292_708F	Gigaspora rosea | woodslee_203A	T2	T14	False	1.02	15.49	2.53	16.76	2.36
PX207132.1	PX215109.1	Gigaspora rosea | 4292_708F	Gigaspora rosea | BEG9_770A	T2	T5	False	1.16	11.76	3.16	17.16	5.76
PX207132.1	PX215110.1	Gigaspora rosea | 4292_708F	Gigaspora rosea | 194757_703A	T2	T5	False	1.16	11.76	3.16	17.16	5.76
PX207132.1	PX215111.1	Gigaspora rosea | 4292_708F	Gigaspora rosea | 194757_703A	T2	T5	False	1.16	11.76	3.16	17.16	5.76
PX207132.1	PX215112.1	Gigaspora rosea | 4292_708F	Gigaspora rosea | 4511_973A	T2	T5	False	1.16	11.76	3.16	17.16	5.76
PX207132.1	PX215113.1	Gigaspora rosea | 4292_708F	Gigaspora rosea | CW0011_4010A	T2	T5	False	1.09	11.76	3.16	17.16	5.76
PX207132.1	PX215114.1	Gigaspora rosea | 4292_708F	Gigaspora rosea | CW0011_4010A	T2	T5	False	0.95	11.76	3.16	17.16	5.76
PX207132.1	PX215115.1	Gigaspora rosea | 4292_708F	Gigaspora rosea | 4752_496A	T2	T2	False	0.34	1.39	0.0	1.16	0.29
PX207132.1	PX215116.1	Gigaspora rosea | 4292_708F	Gigaspora rosea | 4752_496A	T2	T2	False	0.34	1.39	0.0	1.16	0.59
PX207133.1	PX207134.1	Gigaspora rosea | 4292_708F	Gigaspora rosea | 4292_708F	T2	T2	True	0.14	0.0	0.0	0.0	0.0
PX207133.1	PX207135.1	Gigaspora rosea | 4292_708F	Gigaspora rosea | CU131_1018E	T2	T7	False	1.09	19.44	2.53	17.34	5.75
PX207133.1	PX207136.1	Gigaspora rosea | 4292_708F	Gigaspora rosea | 4292_708F	T2	T3	True	1.02	12.5	2.53	20.23	6.06
PX207133.1	PX207137.1	Gigaspora rosea | 4292_708F	Gigaspora rosea | 4292_708F	T2	T3	True	1.02	12.5	2.53	20.23	6.06
PX207133.1	PX207138.1	Gigaspora rosea | 4292_708F	Gigaspora rosea | 4292_708F	T2	T8	True	0.95	15.28	3.8	20.23	5.32
PX207133.1	PX207139.1	Gigaspora rosea | 4292_708F	Gigaspora rosea | 4292_708F	T2	T3	True	1.02	18.06	4.43	19.08	5.91
PX207133.1	PX207140.1	Gigaspora rosea | 4292_708F	Gigaspora rosea | 4292_708F	T2	T3	True	1.02	18.06	4.43	19.08	5.91
PX207133.1	PX207141.1	Gigaspora rosea | 4292_708F	Gigaspora rosea | CU131_1018E	T2	T12	False	1.16	13.89	3.8	16.18	6.2
PX207133.1	PX207142.1	Gigaspora rosea | 4292_708F	Gigaspora rosea | CU131_1018E	T2	T9	False	0.75	11.11	3.8	16.57	1.77
PX207133.1	PX207143.1	Gigaspora rosea | 4292_708F	Gigaspora rosea | CU131_1018E	T2	T13	False	1.09	15.28	4.43	17.75	5.76
PX207133.1	PX215079.1	Gigaspora rosea | 4292_708F	Gigaspora rosea | BEG9_770A	T2	T1	False	0.68	12.5	3.16	17.06	1.62
PX207133.1	PX215080.1	Gigaspora rosea | 4292_708F	Gigaspora rosea | 194757_703A	T2	T1	False	0.68	12.5	3.16	17.06	1.62
PX207133.1	PX215081.1	Gigaspora rosea | 4292_708F	Gigaspora rosea | 4511_973A	T2	T1	False	0.68	12.5	3.16	17.06	1.62
PX207133.1	PX215082.1	Gigaspora rosea | 4292_708F	Gigaspora rosea | CW0011_4010A	T2	T1	False	0.68	12.5	3.16	17.06	1.77
PX207133.1	PX215083.1	Gigaspora rosea | 4292_708F	Gigaspora rosea | 194757_703A	T2	T1	False	0.75	12.5	3.16	17.06	1.62
PX207133.1	PX215084.1	Gigaspora rosea | 4292_708F	Gigaspora rosea | BEG9_770A	T2	T1	False	0.88	12.5	3.16	17.06	1.77
PX207133.1	PX215085.1	Gigaspora rosea | 4292_708F	Gigaspora rosea | 194757_703A	T2	T1	False	0.95	12.5	3.16	17.06	1.77
PX207133.1	PX215086.1	Gigaspora rosea | 4292_708F	Gigaspora rosea | CW0011_4010A	T2	T1	False	0.88	12.5	3.16	17.06	2.06
PX207133.1	PX215087.1	Gigaspora rosea | 4292_708F	Gigaspora rosea | 194757_703A	T2	T1	False	0.88	12.5	3.16	17.06	1.77
PX207133.1	PX215088.1	Gigaspora rosea | 4292_708F	Gigaspora rosea | 194757_703A	T2	T1	False	0.82	12.5	3.16	17.06	1.77
PX207133.1	PX215089.1	Gigaspora rosea | 4292_708F	Gigaspora rosea | CU131_1018C	T2	T9	False	0.75	11.11	3.8	16.57	1.77
PX207133.1	PX215090.1	Gigaspora rosea | 4292_708F	Gigaspora rosea | BEG9_770A	T2	T4	False	1.09	13.89	1.9	16.28	5.61
PX207133.1	PX215091.1	Gigaspora rosea | 4292_708F	Gigaspora rosea | 194757_703A	T2	T4	False	1.09	13.89	1.9	16.28	5.61
PX207133.1	PX215092.1	Gigaspora rosea | 4292_708F	Gigaspora rosea | 4511_973A	T2	T4	False	1.09	13.89	1.9	16.28	5.61
PX207133.1	PX215093.1	Gigaspora rosea | 4292_708F	Gigaspora rosea | 194757_703A	T2	T4	False	1.09	13.89	1.9	16.28	5.61
PX207133.1	PX215094.1	Gigaspora rosea | 4292_708F	Gigaspora rosea | 4511_973A	T2	T4	False	1.09	13.89	1.9	16.28	5.61
PX207133.1	PX215095.1	Gigaspora rosea | 4292_708F	Gigaspora rosea | CW0011_4010A	T2	T4	False	1.09	13.89	1.9	16.28	5.61
PX207133.1	PX215096.1	Gigaspora rosea | 4292_708F	Gigaspora rosea | woodslee_203A	T2	T6	False	0.95	15.28	1.9	16.18	5.91
PX207133.1	PX215097.1	Gigaspora rosea | 4292_708F	Gigaspora rosea | woodslee_203A	T2	T6	False	0.88	15.28	1.9	16.18	5.91
PX207133.1	PX215098.1	Gigaspora rosea | 4292_708F	Gigaspora rosea | woodslee_203A	T2	T10	False	1.16	13.89	1.27	20.81	6.2
PX207133.1	PX215099.1	Gigaspora rosea | 4292_708F	Gigaspora rosea | woodslee_203A	T2	T10	False	1.09	13.89	1.27	20.81	6.2
PX207133.1	PX215100.1	Gigaspora rosea | 4292_708F	Gigaspora rosea | woodslee_203A	T2	T6	False	0.95	16.67	1.27	20.81	6.2
PX207133.1	PX215101.1	Gigaspora rosea | 4292_708F	Gigaspora rosea | 4752_496A	T2	T3	False	1.02	18.06	4.43	19.08	5.76
PX207133.1	PX215102.1	Gigaspora rosea | 4292_708F	Gigaspora rosea | 4752_496A	T2	T8	False	0.95	15.28	3.8	19.65	5.47
PX207133.1	PX215103.1	Gigaspora rosea | 4292_708F	Gigaspora rosea | CU131_1018C	T2	T7	False	1.09	19.44	2.53	17.34	5.75
PX207133.1	PX215104.1	Gigaspora rosea | 4292_708F	Gigaspora rosea | 4752_496A	T2	T3	False	0.95	12.5	1.9	17.92	6.35
PX207133.1	PX215105.1	Gigaspora rosea | 4292_708F	Gigaspora rosea | 4752_496A	T2	T3	False	1.16	12.5	2.53	20.23	6.05
PX207133.1	PX215106.1	Gigaspora rosea | 4292_708F	Gigaspora rosea | BEG9_770A	T2	T11	False	0.95	20.0	4.43	18.13	7.54
PX207133.1	PX215107.1	Gigaspora rosea | 4292_708F	Gigaspora rosea | 4511_973A	T2	T11	False	0.95	20.0	4.43	18.13	7.54
PX207133.1	PX215108.1	Gigaspora rosea | 4292_708F	Gigaspora rosea | woodslee_203A	T2	T14	False	1.02	15.49	2.53	16.76	2.36
PX207133.1	PX215109.1	Gigaspora rosea | 4292_708F	Gigaspora rosea | BEG9_770A	T2	T5	False	1.16	11.76	3.16	17.16	5.76
PX207133.1	PX215110.1	Gigaspora rosea | 4292_708F	Gigaspora rosea | 194757_703A	T2	T5	False	1.16	11.76	3.16	17.16	5.76
PX207133.1	PX215111.1	Gigaspora rosea | 4292_708F	Gigaspora rosea | 194757_703A	T2	T5	False	1.16	11.76	3.16	17.16	5.76
PX207133.1	PX215112.1	Gigaspora rosea | 4292_708F	Gigaspora rosea | 4511_973A	T2	T5	False	1.16	11.76	3.16	17.16	5.76
PX207133.1	PX215113.1	Gigaspora rosea | 4292_708F	Gigaspora rosea | CW0011_4010A	T2	T5	False	1.09	11.76	3.16	17.16	5.76
PX207133.1	PX215114.1	Gigaspora rosea | 4292_708F	Gigaspora rosea | CW0011_4010A	T2	T5	False	0.95	11.76	3.16	17.16	5.76
PX207133.1	PX215115.1	Gigaspora rosea | 4292_708F	Gigaspora rosea | 4752_496A	T2	T2	False	0.34	1.39	0.0	1.16	0.29
PX207133.1	PX215116.1	Gigaspora rosea | 4292_708F	Gigaspora rosea | 4752_496A	T2	T2	False	0.34	1.39	0.0	1.16	0.59
PX207134.1	PX207135.1	Gigaspora rosea | 4292_708F	Gigaspora rosea | CU131_1018E	T2	T7	False	1.02	19.44	2.53	17.34	5.75
PX207134.1	PX207136.1	Gigaspora rosea | 4292_708F	Gigaspora rosea | 4292_708F	T2	T3	True	1.02	12.5	2.53	20.23	6.06
PX207134.1	PX207137.1	Gigaspora rosea | 4292_708F	Gigaspora rosea | 4292_708F	T2	T3	True	1.02	12.5	2.53	20.23	6.06
PX207134.1	PX207138.1	Gigaspora rosea | 4292_708F	Gigaspora rosea | 4292_708F	T2	T8	True	0.82	15.28	3.8	20.23	5.32
PX207134.1	PX207139.1	Gigaspora rosea | 4292_708F	Gigaspora rosea | 4292_708F	T2	T3	True	1.02	18.06	4.43	19.08	5.91
PX207134.1	PX207140.1	Gigaspora rosea | 4292_708F	Gigaspora rosea | 4292_708F	T2	T3	True	1.02	18.06	4.43	19.08	5.91
PX207134.1	PX207141.1	Gigaspora rosea | 4292_708F	Gigaspora rosea | CU131_1018E	T2	T12	False	1.09	13.89	3.8	16.18	6.2
PX207134.1	PX207142.1	Gigaspora rosea | 4292_708F	Gigaspora rosea | CU131_1018E	T2	T9	False	0.68	11.11	3.8	16.57	1.77
PX207134.1	PX207143.1	Gigaspora rosea | 4292_708F	Gigaspora rosea | CU131_1018E	T2	T13	False	1.02	15.28	4.43	17.75	5.76
PX207134.1	PX215079.1	Gigaspora rosea | 4292_708F	Gigaspora rosea | BEG9_770A	T2	T1	False	0.61	12.5	3.16	17.06	1.62
PX207134.1	PX215080.1	Gigaspora rosea | 4292_708F	Gigaspora rosea | 194757_703A	T2	T1	False	0.61	12.5	3.16	17.06	1.62
PX207134.1	PX215081.1	Gigaspora rosea | 4292_708F	Gigaspora rosea | 4511_973A	T2	T1	False	0.61	12.5	3.16	17.06	1.62
PX207134.1	PX215082.1	Gigaspora rosea | 4292_708F	Gigaspora rosea | CW0011_4010A	T2	T1	False	0.61	12.5	3.16	17.06	1.77
PX207134.1	PX215083.1	Gigaspora rosea | 4292_708F	Gigaspora rosea | 194757_703A	T2	T1	False	0.75	12.5	3.16	17.06	1.62
PX207134.1	PX215084.1	Gigaspora rosea | 4292_708F	Gigaspora rosea | BEG9_770A	T2	T1	False	0.88	12.5	3.16	17.06	1.77
PX207134.1	PX215085.1	Gigaspora rosea | 4292_708F	Gigaspora rosea | 194757_703A	T2	T1	False	0.95	12.5	3.16	17.06	1.77
PX207134.1	PX215086.1	Gigaspora rosea | 4292_708F	Gigaspora rosea | CW0011_4010A	T2	T1	False	0.82	12.5	3.16	17.06	2.06
PX207134.1	PX215087.1	Gigaspora rosea | 4292_708F	Gigaspora rosea | 194757_703A	T2	T1	False	0.88	12.5	3.16	17.06	1.77
PX207134.1	PX215088.1	Gigaspora rosea | 4292_708F	Gigaspora rosea | 194757_703A	T2	T1	False	0.82	12.5	3.16	17.06	1.77
PX207134.1	PX215089.1	Gigaspora rosea | 4292_708F	Gigaspora rosea | CU131_1018C	T2	T9	False	0.68	11.11	3.8	16.57	1.77
PX207134.1	PX215090.1	Gigaspora rosea | 4292_708F	Gigaspora rosea | BEG9_770A	T2	T4	False	1.02	13.89	1.9	16.28	5.61
PX207134.1	PX215091.1	Gigaspora rosea | 4292_708F	Gigaspora rosea | 194757_703A	T2	T4	False	1.02	13.89	1.9	16.28	5.61
PX207134.1	PX215092.1	Gigaspora rosea | 4292_708F	Gigaspora rosea | 4511_973A	T2	T4	False	1.02	13.89	1.9	16.28	5.61
PX207134.1	PX215093.1	Gigaspora rosea | 4292_708F	Gigaspora rosea | 194757_703A	T2	T4	False	1.02	13.89	1.9	16.28	5.61
PX207134.1	PX215094.1	Gigaspora rosea | 4292_708F	Gigaspora rosea | 4511_973A	T2	T4	False	1.02	13.89	1.9	16.28	5.61
PX207134.1	PX215095.1	Gigaspora rosea | 4292_708F	Gigaspora rosea | CW0011_4010A	T2	T4	False	1.02	13.89	1.9	16.28	5.61
PX207134.1	PX215096.1	Gigaspora rosea | 4292_708F	Gigaspora rosea | woodslee_203A	T2	T6	False	0.95	15.28	1.9	16.18	5.91
PX207134.1	PX215097.1	Gigaspora rosea | 4292_708F	Gigaspora rosea | woodslee_203A	T2	T6	False	0.88	15.28	1.9	16.18	5.91
PX207134.1	PX215098.1	Gigaspora rosea | 4292_708F	Gigaspora rosea | woodslee_203A	T2	T10	False	1.02	13.89	1.27	20.81	6.2
PX207134.1	PX215099.1	Gigaspora rosea | 4292_708F	Gigaspora rosea | woodslee_203A	T2	T10	False	0.95	13.89	1.27	20.81	6.2
PX207134.1	PX215100.1	Gigaspora rosea | 4292_708F	Gigaspora rosea | woodslee_203A	T2	T6	False	0.82	16.67	1.27	20.81	6.2
PX207134.1	PX215101.1	Gigaspora rosea | 4292_708F	Gigaspora rosea | 4752_496A	T2	T3	False	1.02	18.06	4.43	19.08	5.76
PX207134.1	PX215102.1	Gigaspora rosea | 4292_708F	Gigaspora rosea | 4752_496A	T2	T8	False	0.82	15.28	3.8	19.65	5.47
PX207134.1	PX215103.1	Gigaspora rosea | 4292_708F	Gigaspora rosea | CU131_1018C	T2	T7	False	1.02	19.44	2.53	17.34	5.75
PX207134.1	PX215104.1	Gigaspora rosea | 4292_708F	Gigaspora rosea | 4752_496A	T2	T3	False	0.82	12.5	1.9	17.92	6.35
PX207134.1	PX215105.1	Gigaspora rosea | 4292_708F	Gigaspora rosea | 4752_496A	T2	T3	False	1.02	12.5	2.53	20.23	6.05
PX207134.1	PX215106.1	Gigaspora rosea | 4292_708F	Gigaspora rosea | BEG9_770A	T2	T11	False	0.88	20.0	4.43	18.13	7.54
PX207134.1	PX215107.1	Gigaspora rosea | 4292_708F	Gigaspora rosea | 4511_973A	T2	T11	False	0.88	20.0	4.43	18.13	7.54
PX207134.1	PX215108.1	Gigaspora rosea | 4292_708F	Gigaspora rosea | woodslee_203A	T2	T14	False	0.88	15.49	2.53	16.76	2.36
PX207134.1	PX215109.1	Gigaspora rosea | 4292_708F	Gigaspora rosea | BEG9_770A	T2	T5	False	1.09	11.76	3.16	17.16	5.76
PX207134.1	PX215110.1	Gigaspora rosea | 4292_708F	Gigaspora rosea | 194757_703A	T2	T5	False	1.09	11.76	3.16	17.16	5.76
PX207134.1	PX215111.1	Gigaspora rosea | 4292_708F	Gigaspora rosea | 194757_703A	T2	T5	False	1.09	11.76	3.16	17.16	5.76
PX207134.1	PX215112.1	Gigaspora rosea | 4292_708F	Gigaspora rosea | 4511_973A	T2	T5	False	1.09	11.76	3.16	17.16	5.76
PX207134.1	PX215113.1	Gigaspora rosea | 4292_708F	Gigaspora rosea | CW0011_4010A	T2	T5	False	1.02	11.76	3.16	17.16	5.76
PX207134.1	PX215114.1	Gigaspora rosea | 4292_708F	Gigaspora rosea | CW0011_4010A	T2	T5	False	0.88	11.76	3.16	17.16	5.76
PX207134.1	PX215115.1	Gigaspora rosea | 4292_708F	Gigaspora rosea | 4752_496A	T2	T2	False	0.27	1.39	0.0	1.16	0.29
PX207134.1	PX215116.1	Gigaspora rosea | 4292_708F	Gigaspora rosea | 4752_496A	T2	T2	False	0.27	1.39	0.0	1.16	0.59
PX207135.1	PX207136.1	Gigaspora rosea | CU131_1018E	Gigaspora rosea | 4292_708F	T7	T3	False	0.54	8.0	1.27	6.9	1.62
PX207135.1	PX207137.1	Gigaspora rosea | CU131_1018E	Gigaspora rosea | 4292_708F	T7	T3	False	0.54	8.0	1.27	6.9	1.62
PX207135.1	PX207138.1	Gigaspora rosea | CU131_1018E	Gigaspora rosea | 4292_708F	T7	T8	False	0.34	8.0	1.27	5.75	2.22
PX207135.1	PX207139.1	Gigaspora rosea | CU131_1018E	Gigaspora rosea | 4292_708F	T7	T3	False	0.41	2.7	1.9	4.6	1.92
PX207135.1	PX207140.1	Gigaspora rosea | CU131_1018E	Gigaspora rosea | 4292_708F	T7	T3	False	0.41	2.7	1.9	4.6	1.92
PX207135.1	PX207141.1	Gigaspora rosea | CU131_1018E	Gigaspora rosea | CU131_1018E	T7	T12	True	0.34	8.11	2.53	13.79	2.95
PX207135.1	PX207142.1	Gigaspora rosea | CU131_1018E	Gigaspora rosea | CU131_1018E	T7	T9	True	0.48	11.11	1.27	13.02	5.9
PX207135.1	PX207143.1	Gigaspora rosea | CU131_1018E	Gigaspora rosea | CU131_1018E	T7	T13	True	0.82	12.16	1.9	14.2	1.48
PX207135.1	PX215079.1	Gigaspora rosea | CU131_1018E	Gigaspora rosea | BEG9_770A	T7	T1	False	0.54	12.5	0.63	13.53	6.05
PX207135.1	PX215080.1	Gigaspora rosea | CU131_1018E	Gigaspora rosea | 194757_703A	T7	T1	False	0.54	12.5	0.63	13.53	6.05
PX207135.1	PX215081.1	Gigaspora rosea | CU131_1018E	Gigaspora rosea | 4511_973A	T7	T1	False	0.54	12.5	0.63	13.53	6.05
PX207135.1	PX215082.1	Gigaspora rosea | CU131_1018E	Gigaspora rosea | CW0011_4010A	T7	T1	False	0.54	12.5	0.63	13.53	6.19
PX207135.1	PX215083.1	Gigaspora rosea | CU131_1018E	Gigaspora rosea | 194757_703A	T7	T1	False	0.68	12.5	0.63	13.53	6.05
PX207135.1	PX215084.1	Gigaspora rosea | CU131_1018E	Gigaspora rosea | BEG9_770A	T7	T1	False	0.75	12.5	0.63	13.53	6.19
PX207135.1	PX215085.1	Gigaspora rosea | CU131_1018E	Gigaspora rosea | 194757_703A	T7	T1	False	0.82	12.5	0.63	13.53	6.19
PX207135.1	PX215086.1	Gigaspora rosea | CU131_1018E	Gigaspora rosea | CW0011_4010A	T7	T1	False	0.61	12.5	0.63	13.53	6.49
PX207135.1	PX215087.1	Gigaspora rosea | CU131_1018E	Gigaspora rosea | 194757_703A	T7	T1	False	0.75	12.5	0.63	13.53	6.2
PX207135.1	PX215088.1	Gigaspora rosea | CU131_1018E	Gigaspora rosea | 194757_703A	T7	T1	False	0.75	12.5	0.63	13.53	6.2
PX207135.1	PX215089.1	Gigaspora rosea | CU131_1018E	Gigaspora rosea | CU131_1018C	T7	T9	False	0.48	11.11	1.27	13.02	5.9
PX207135.1	PX215090.1	Gigaspora rosea | CU131_1018E	Gigaspora rosea | BEG9_770A	T7	T4	False	0.2	5.41	0.63	2.33	1.77
PX207135.1	PX215091.1	Gigaspora rosea | CU131_1018E	Gigaspora rosea | 194757_703A	T7	T4	False	0.2	5.41	0.63	2.33	1.77
PX207135.1	PX215092.1	Gigaspora rosea | CU131_1018E	Gigaspora rosea | 4511_973A	T7	T4	False	0.2	5.41	0.63	2.33	1.77
PX207135.1	PX215093.1	Gigaspora rosea | CU131_1018E	Gigaspora rosea | 194757_703A	T7	T4	False	0.2	5.41	0.63	2.33	1.77
PX207135.1	PX215094.1	Gigaspora rosea | CU131_1018E	Gigaspora rosea | 4511_973A	T7	T4	False	0.2	5.41	0.63	2.33	1.77
PX207135.1	PX215095.1	Gigaspora rosea | CU131_1018E	Gigaspora rosea | CW0011_4010A	T7	T4	False	0.2	5.41	0.63	2.33	1.77
PX207135.1	PX215096.1	Gigaspora rosea | CU131_1018E	Gigaspora rosea | woodslee_203A	T7	T6	False	0.41	8.33	0.63	4.05	1.62
PX207135.1	PX215097.1	Gigaspora rosea | CU131_1018E	Gigaspora rosea | woodslee_203A	T7	T6	False	0.34	8.33	0.63	4.05	1.62
PX207135.1	PX215098.1	Gigaspora rosea | CU131_1018E	Gigaspora rosea | woodslee_203A	T7	T10	False	0.54	6.76	1.27	6.9	2.22
PX207135.1	PX215099.1	Gigaspora rosea | CU131_1018E	Gigaspora rosea | woodslee_203A	T7	T10	False	0.41	6.76	1.27	6.9	2.22
PX207135.1	PX215100.1	Gigaspora rosea | CU131_1018E	Gigaspora rosea | woodslee_203A	T7	T6	False	0.2	8.22	1.27	6.9	1.33
PX207135.1	PX215101.1	Gigaspora rosea | CU131_1018E	Gigaspora rosea | 4752_496A	T7	T3	False	0.41	2.7	1.9	4.6	1.77
PX207135.1	PX215102.1	Gigaspora rosea | CU131_1018E	Gigaspora rosea | 4752_496A	T7	T8	False	0.34	6.76	1.27	5.17	2.36
PX207135.1	PX215103.1	Gigaspora rosea | CU131_1018E	Gigaspora rosea | CU131_1018C	T7	T7	False	0.0	0.0	0.0	0.0	0.0
PX207135.1	PX215104.1	Gigaspora rosea | CU131_1018E	Gigaspora rosea | 4752_496A	T7	T3	False	0.48	6.25	0.63	5.75	1.62
PX207135.1	PX215105.1	Gigaspora rosea | CU131_1018E	Gigaspora rosea | 4752_496A	T7	T3	False	0.54	8.0	1.27	6.32	1.92
PX207135.1	PX215106.1	Gigaspora rosea | CU131_1018E	Gigaspora rosea | BEG9_770A	T7	T11	False	0.27	12.86	1.9	2.92	3.25
PX207135.1	PX215107.1	Gigaspora rosea | CU131_1018E	Gigaspora rosea | 4511_973A	T7	T11	False	0.27	12.86	1.9	2.92	3.25
PX207135.1	PX215108.1	Gigaspora rosea | CU131_1018E	Gigaspora rosea | woodslee_203A	T7	T14	False	0.41	11.27	0.0	4.05	6.34
PX207135.1	PX215109.1	Gigaspora rosea | CU131_1018E	Gigaspora rosea | BEG9_770A	T7	T5	False	0.88	11.76	0.63	14.79	1.92
PX207135.1	PX215110.1	Gigaspora rosea | CU131_1018E	Gigaspora rosea | 194757_703A	T7	T5	False	0.88	11.76	0.63	14.79	1.92
PX207135.1	PX215111.1	Gigaspora rosea | CU131_1018E	Gigaspora rosea | 194757_703A	T7	T5	False	0.88	11.76	0.63	14.79	1.92
PX207135.1	PX215112.1	Gigaspora rosea | CU131_1018E	Gigaspora rosea | 4511_973A	T7	T5	False	0.88	11.76	0.63	14.79	1.92
PX207135.1	PX215113.1	Gigaspora rosea | CU131_1018E	Gigaspora rosea | CW0011_4010A	T7	T5	False	0.82	11.76	0.63	14.79	1.92
PX207135.1	PX215114.1	Gigaspora rosea | CU131_1018E	Gigaspora rosea | CW0011_4010A	T7	T5	False	0.68	11.76	0.63	14.79	1.92
PX207135.1	PX215115.1	Gigaspora rosea | CU131_1018E	Gigaspora rosea | 4752_496A	T7	T2	False	1.02	18.92	2.53	16.18	5.75
PX207135.1	PX215116.1	Gigaspora rosea | CU131_1018E	Gigaspora rosea | 4752_496A	T7	T2	False	1.02	18.92	2.53	16.18	6.05
PX207136.1	PX207137.1	Gigaspora rosea | 4292_708F	Gigaspora rosea | 4292_708F	T3	T3	True	0.0	0.0	0.0	0.0	0.0
PX207136.1	PX207138.1	Gigaspora rosea | 4292_708F	Gigaspora rosea | 4292_708F	T3	T8	True	0.2	2.67	2.53	4.52	1.77
PX207136.1	PX207139.1	Gigaspora rosea | 4292_708F	Gigaspora rosea | 4292_708F	T3	T3	True	0.27	5.41	1.9	5.17	1.48
PX207136.1	PX207140.1	Gigaspora rosea | 4292_708F	Gigaspora rosea | 4292_708F	T3	T3	True	0.27	5.41	1.9	5.17	1.48
PX207136.1	PX207141.1	Gigaspora rosea | 4292_708F	Gigaspora rosea | CU131_1018E	T3	T12	False	0.61	4.05	2.53	14.2	2.51
PX207136.1	PX207142.1	Gigaspora rosea | 4292_708F	Gigaspora rosea | CU131_1018E	T3	T9	False	0.75	5.56	2.53	14.2	6.5
PX207136.1	PX207143.1	Gigaspora rosea | 4292_708F	Gigaspora rosea | CU131_1018E	T3	T13	False	1.09	9.46	1.9	16.57	1.92
PX207136.1	PX215079.1	Gigaspora rosea | 4292_708F	Gigaspora rosea | BEG9_770A	T3	T1	False	0.82	8.33	1.9	14.71	6.65
PX207136.1	PX215080.1	Gigaspora rosea | 4292_708F	Gigaspora rosea | 194757_703A	T3	T1	False	0.82	8.33	1.9	14.71	6.65
PX207136.1	PX215081.1	Gigaspora rosea | 4292_708F	Gigaspora rosea | 4511_973A	T3	T1	False	0.82	8.33	1.9	14.71	6.65
PX207136.1	PX215082.1	Gigaspora rosea | 4292_708F	Gigaspora rosea | CW0011_4010A	T3	T1	False	0.82	8.33	1.9	14.71	6.79
PX207136.1	PX215083.1	Gigaspora rosea | 4292_708F	Gigaspora rosea | 194757_703A	T3	T1	False	0.82	8.33	1.9	14.71	6.65
PX207136.1	PX215084.1	Gigaspora rosea | 4292_708F	Gigaspora rosea | BEG9_770A	T3	T1	False	0.88	8.33	1.9	14.71	6.79
PX207136.1	PX215085.1	Gigaspora rosea | 4292_708F	Gigaspora rosea | 194757_703A	T3	T1	False	0.95	8.33	1.9	14.71	6.79
PX207136.1	PX215086.1	Gigaspora rosea | 4292_708F	Gigaspora rosea | CW0011_4010A	T3	T1	False	0.75	8.33	1.9	14.71	7.09
PX207136.1	PX215087.1	Gigaspora rosea | 4292_708F	Gigaspora rosea | 194757_703A	T3	T1	False	0.88	8.33	1.9	14.71	6.79
PX207136.1	PX215088.1	Gigaspora rosea | 4292_708F	Gigaspora rosea | 194757_703A	T3	T1	False	0.95	8.33	1.9	14.71	6.79
PX207136.1	PX215089.1	Gigaspora rosea | 4292_708F	Gigaspora rosea | CU131_1018C	T3	T9	False	0.75	5.56	2.53	14.2	6.5
PX207136.1	PX215090.1	Gigaspora rosea | 4292_708F	Gigaspora rosea | BEG9_770A	T3	T4	False	0.54	1.35	1.9	6.4	2.07
PX207136.1	PX215091.1	Gigaspora rosea | 4292_708F	Gigaspora rosea | 194757_703A	T3	T4	False	0.54	1.35	1.9	6.4	2.07
PX207136.1	PX215092.1	Gigaspora rosea | 4292_708F	Gigaspora rosea | 4511_973A	T3	T4	False	0.54	1.35	1.9	6.4	2.07
PX207136.1	PX215093.1	Gigaspora rosea | 4292_708F	Gigaspora rosea | 194757_703A	T3	T4	False	0.54	1.35	1.9	6.4	2.07
PX207136.1	PX215094.1	Gigaspora rosea | 4292_708F	Gigaspora rosea | 4511_973A	T3	T4	False	0.54	1.35	1.9	6.4	2.07
PX207136.1	PX215095.1	Gigaspora rosea | 4292_708F	Gigaspora rosea | CW0011_4010A	T3	T4	False	0.54	1.35	1.9	6.4	2.07
PX207136.1	PX215096.1	Gigaspora rosea | 4292_708F	Gigaspora rosea | woodslee_203A	T3	T6	False	0.34	2.78	1.9	6.36	2.07
PX207136.1	PX215097.1	Gigaspora rosea | 4292_708F	Gigaspora rosea | woodslee_203A	T3	T6	False	0.34	2.78	1.9	6.36	2.07
PX207136.1	PX215098.1	Gigaspora rosea | 4292_708F	Gigaspora rosea | woodslee_203A	T3	T10	False	0.68	2.7	1.27	8.52	2.36
PX207136.1	PX215099.1	Gigaspora rosea | 4292_708F	Gigaspora rosea | woodslee_203A	T3	T10	False	0.54	2.7	1.27	8.52	2.36
PX207136.1	PX215100.1	Gigaspora rosea | 4292_708F	Gigaspora rosea | woodslee_203A	T3	T6	False	0.34	4.11	1.27	9.14	1.77
PX207136.1	PX215101.1	Gigaspora rosea | 4292_708F	Gigaspora rosea | 4752_496A	T3	T3	False	0.27	5.41	1.9	5.17	1.33
PX207136.1	PX215102.1	Gigaspora rosea | 4292_708F	Gigaspora rosea | 4752_496A	T3	T8	False	0.2	2.7	2.53	3.95	1.92
PX207136.1	PX215103.1	Gigaspora rosea | 4292_708F	Gigaspora rosea | CU131_1018C	T3	T7	False	0.54	8.0	1.27	6.9	1.62
PX207136.1	PX215104.1	Gigaspora rosea | 4292_708F	Gigaspora rosea | 4752_496A	T3	T3	False	0.2	0.0	0.63	4.0	0.89
PX207136.1	PX215105.1	Gigaspora rosea | 4292_708F	Gigaspora rosea | 4752_496A	T3	T3	False	0.14	0.0	0.0	0.56	0.3
PX207136.1	PX215106.1	Gigaspora rosea | 4292_708F	Gigaspora rosea | BEG9_770A	T3	T11	False	0.41	7.14	1.9	8.19	3.55
PX207136.1	PX215107.1	Gigaspora rosea | 4292_708F	Gigaspora rosea | 4511_973A	T3	T11	False	0.41	7.14	1.9	8.19	3.55
PX207136.1	PX215108.1	Gigaspora rosea | 4292_708F	Gigaspora rosea | woodslee_203A	T3	T14	False	0.54	4.23	1.27	5.78	6.65
PX207136.1	PX215109.1	Gigaspora rosea | 4292_708F	Gigaspora rosea | BEG9_770A	T3	T5	False	1.02	7.35	1.9	18.34	2.07
PX207136.1	PX215110.1	Gigaspora rosea | 4292_708F	Gigaspora rosea | 194757_703A	T3	T5	False	1.02	7.35	1.9	18.34	2.07
PX207136.1	PX215111.1	Gigaspora rosea | 4292_708F	Gigaspora rosea | 194757_703A	T3	T5	False	1.02	7.35	1.9	18.34	2.07
PX207136.1	PX215112.1	Gigaspora rosea | 4292_708F	Gigaspora rosea | 4511_973A	T3	T5	False	1.02	7.35	1.9	18.34	2.07
PX207136.1	PX215113.1	Gigaspora rosea | 4292_708F	Gigaspora rosea | CW0011_4010A	T3	T5	False	0.95	7.35	1.9	18.34	2.07
PX207136.1	PX215114.1	Gigaspora rosea | 4292_708F	Gigaspora rosea | CW0011_4010A	T3	T5	False	0.82	7.35	1.9	18.34	2.07
PX207136.1	PX215115.1	Gigaspora rosea | 4292_708F	Gigaspora rosea | 4752_496A	T3	T2	False	1.16	12.16	2.53	19.08	5.76
PX207136.1	PX215116.1	Gigaspora rosea | 4292_708F	Gigaspora rosea | 4752_496A	T3	T2	False	1.16	12.16	2.53	19.08	6.06
PX207137.1	PX207138.1	Gigaspora rosea | 4292_708F	Gigaspora rosea | 4292_708F	T3	T8	True	0.2	2.67	2.53	4.52	1.77
PX207137.1	PX207139.1	Gigaspora rosea | 4292_708F	Gigaspora rosea | 4292_708F	T3	T3	True	0.27	5.41	1.9	5.17	1.48
PX207137.1	PX207140.1	Gigaspora rosea | 4292_708F	Gigaspora rosea | 4292_708F	T3	T3	True	0.27	5.41	1.9	5.17	1.48
PX207137.1	PX207141.1	Gigaspora rosea | 4292_708F	Gigaspora rosea | CU131_1018E	T3	T12	False	0.61	4.05	2.53	14.2	2.51
PX207137.1	PX207142.1	Gigaspora rosea | 4292_708F	Gigaspora rosea | CU131_1018E	T3	T9	False	0.75	5.56	2.53	14.2	6.5
PX207137.1	PX207143.1	Gigaspora rosea | 4292_708F	Gigaspora rosea | CU131_1018E	T3	T13	False	1.09	9.46	1.9	16.57	1.92
PX207137.1	PX215079.1	Gigaspora rosea | 4292_708F	Gigaspora rosea | BEG9_770A	T3	T1	False	0.82	8.33	1.9	14.71	6.65
PX207137.1	PX215080.1	Gigaspora rosea | 4292_708F	Gigaspora rosea | 194757_703A	T3	T1	False	0.82	8.33	1.9	14.71	6.65
PX207137.1	PX215081.1	Gigaspora rosea | 4292_708F	Gigaspora rosea | 4511_973A	T3	T1	False	0.82	8.33	1.9	14.71	6.65
PX207137.1	PX215082.1	Gigaspora rosea | 4292_708F	Gigaspora rosea | CW0011_4010A	T3	T1	False	0.82	8.33	1.9	14.71	6.79
PX207137.1	PX215083.1	Gigaspora rosea | 4292_708F	Gigaspora rosea | 194757_703A	T3	T1	False	0.82	8.33	1.9	14.71	6.65
PX207137.1	PX215084.1	Gigaspora rosea | 4292_708F	Gigaspora rosea | BEG9_770A	T3	T1	False	0.88	8.33	1.9	14.71	6.79
PX207137.1	PX215085.1	Gigaspora rosea | 4292_708F	Gigaspora rosea | 194757_703A	T3	T1	False	0.95	8.33	1.9	14.71	6.79
PX207137.1	PX215086.1	Gigaspora rosea | 4292_708F	Gigaspora rosea | CW0011_4010A	T3	T1	False	0.75	8.33	1.9	14.71	7.09
PX207137.1	PX215087.1	Gigaspora rosea | 4292_708F	Gigaspora rosea | 194757_703A	T3	T1	False	0.88	8.33	1.9	14.71	6.79
PX207137.1	PX215088.1	Gigaspora rosea | 4292_708F	Gigaspora rosea | 194757_703A	T3	T1	False	0.95	8.33	1.9	14.71	6.79
PX207137.1	PX215089.1	Gigaspora rosea | 4292_708F	Gigaspora rosea | CU131_1018C	T3	T9	False	0.75	5.56	2.53	14.2	6.5
PX207137.1	PX215090.1	Gigaspora rosea | 4292_708F	Gigaspora rosea | BEG9_770A	T3	T4	False	0.54	1.35	1.9	6.4	2.07
PX207137.1	PX215091.1	Gigaspora rosea | 4292_708F	Gigaspora rosea | 194757_703A	T3	T4	False	0.54	1.35	1.9	6.4	2.07
PX207137.1	PX215092.1	Gigaspora rosea | 4292_708F	Gigaspora rosea | 4511_973A	T3	T4	False	0.54	1.35	1.9	6.4	2.07
PX207137.1	PX215093.1	Gigaspora rosea | 4292_708F	Gigaspora rosea | 194757_703A	T3	T4	False	0.54	1.35	1.9	6.4	2.07
PX207137.1	PX215094.1	Gigaspora rosea | 4292_708F	Gigaspora rosea | 4511_973A	T3	T4	False	0.54	1.35	1.9	6.4	2.07
PX207137.1	PX215095.1	Gigaspora rosea | 4292_708F	Gigaspora rosea | CW0011_4010A	T3	T4	False	0.54	1.35	1.9	6.4	2.07
PX207137.1	PX215096.1	Gigaspora rosea | 4292_708F	Gigaspora rosea | woodslee_203A	T3	T6	False	0.34	2.78	1.9	6.36	2.07
PX207137.1	PX215097.1	Gigaspora rosea | 4292_708F	Gigaspora rosea | woodslee_203A	T3	T6	False	0.34	2.78	1.9	6.36	2.07
PX207137.1	PX215098.1	Gigaspora rosea | 4292_708F	Gigaspora rosea | woodslee_203A	T3	T10	False	0.68	2.7	1.27	8.52	2.36
PX207137.1	PX215099.1	Gigaspora rosea | 4292_708F	Gigaspora rosea | woodslee_203A	T3	T10	False	0.54	2.7	1.27	8.52	2.36
PX207137.1	PX215100.1	Gigaspora rosea | 4292_708F	Gigaspora rosea | woodslee_203A	T3	T6	False	0.34	4.11	1.27	9.14	1.77
PX207137.1	PX215101.1	Gigaspora rosea | 4292_708F	Gigaspora rosea | 4752_496A	T3	T3	False	0.27	5.41	1.9	5.17	1.33
PX207137.1	PX215102.1	Gigaspora rosea | 4292_708F	Gigaspora rosea | 4752_496A	T3	T8	False	0.2	2.7	2.53	3.95	1.92
PX207137.1	PX215103.1	Gigaspora rosea | 4292_708F	Gigaspora rosea | CU131_1018C	T3	T7	False	0.54	8.0	1.27	6.9	1.62
PX207137.1	PX215104.1	Gigaspora rosea | 4292_708F	Gigaspora rosea | 4752_496A	T3	T3	False	0.2	0.0	0.63	4.0	0.89
PX207137.1	PX215105.1	Gigaspora rosea | 4292_708F	Gigaspora rosea | 4752_496A	T3	T3	False	0.14	0.0	0.0	0.56	0.3
PX207137.1	PX215106.1	Gigaspora rosea | 4292_708F	Gigaspora rosea | BEG9_770A	T3	T11	False	0.41	7.14	1.9	8.19	3.55
PX207137.1	PX215107.1	Gigaspora rosea | 4292_708F	Gigaspora rosea | 4511_973A	T3	T11	False	0.41	7.14	1.9	8.19	3.55
PX207137.1	PX215108.1	Gigaspora rosea | 4292_708F	Gigaspora rosea | woodslee_203A	T3	T14	False	0.54	4.23	1.27	5.78	6.65
PX207137.1	PX215109.1	Gigaspora rosea | 4292_708F	Gigaspora rosea | BEG9_770A	T3	T5	False	1.02	7.35	1.9	18.34	2.07
PX207137.1	PX215110.1	Gigaspora rosea | 4292_708F	Gigaspora rosea | 194757_703A	T3	T5	False	1.02	7.35	1.9	18.34	2.07
PX207137.1	PX215111.1	Gigaspora rosea | 4292_708F	Gigaspora rosea | 194757_703A	T3	T5	False	1.02	7.35	1.9	18.34	2.07
PX207137.1	PX215112.1	Gigaspora rosea | 4292_708F	Gigaspora rosea | 4511_973A	T3	T5	False	1.02	7.35	1.9	18.34	2.07
PX207137.1	PX215113.1	Gigaspora rosea | 4292_708F	Gigaspora rosea | CW0011_4010A	T3	T5	False	0.95	7.35	1.9	18.34	2.07
PX207137.1	PX215114.1	Gigaspora rosea | 4292_708F	Gigaspora rosea | CW0011_4010A	T3	T5	False	0.82	7.35	1.9	18.34	2.07
PX207137.1	PX215115.1	Gigaspora rosea | 4292_708F	Gigaspora rosea | 4752_496A	T3	T2	False	1.16	12.16	2.53	19.08	5.76
PX207137.1	PX215116.1	Gigaspora rosea | 4292_708F	Gigaspora rosea | 4752_496A	T3	T2	False	1.16	12.16	2.53	19.08	6.06
PX207138.1	PX207139.1	Gigaspora rosea | 4292_708F	Gigaspora rosea | 4292_708F	T8	T3	True	0.2	5.41	1.9	4.6	1.48
PX207138.1	PX207140.1	Gigaspora rosea | 4292_708F	Gigaspora rosea | 4292_708F	T8	T3	True	0.2	5.41	1.9	4.6	1.48
PX207138.1	PX207141.1	Gigaspora rosea | 4292_708F	Gigaspora rosea | CU131_1018E	T8	T12	False	0.41	5.41	3.8	13.64	2.81
PX207138.1	PX207142.1	Gigaspora rosea | 4292_708F	Gigaspora rosea | CU131_1018E	T8	T9	False	0.54	4.17	2.53	13.02	6.06
PX207138.1	PX207143.1	Gigaspora rosea | 4292_708F	Gigaspora rosea | CU131_1018E	T8	T13	False	0.88	9.46	3.16	14.2	1.77
PX207138.1	PX215079.1	Gigaspora rosea | 4292_708F	Gigaspora rosea | BEG9_770A	T8	T1	False	0.61	8.33	1.9	13.53	5.91
PX207138.1	PX215080.1	Gigaspora rosea | 4292_708F	Gigaspora rosea | 194757_703A	T8	T1	False	0.61	8.33	1.9	13.53	5.91
PX207138.1	PX215081.1	Gigaspora rosea | 4292_708F	Gigaspora rosea | 4511_973A	T8	T1	False	0.61	8.33	1.9	13.53	5.91
PX207138.1	PX215082.1	Gigaspora rosea | 4292_708F	Gigaspora rosea | CW0011_4010A	T8	T1	False	0.61	8.33	1.9	13.53	6.06
PX207138.1	PX215083.1	Gigaspora rosea | 4292_708F	Gigaspora rosea | 194757_703A	T8	T1	False	0.75	8.33	1.9	13.53	5.91
PX207138.1	PX215084.1	Gigaspora rosea | 4292_708F	Gigaspora rosea | BEG9_770A	T8	T1	False	0.82	8.33	1.9	13.53	5.76
PX207138.1	PX215085.1	Gigaspora rosea | 4292_708F	Gigaspora rosea | 194757_703A	T8	T1	False	0.88	8.33	1.9	13.53	5.76
PX207138.1	PX215086.1	Gigaspora rosea | 4292_708F	Gigaspora rosea | CW0011_4010A	T8	T1	False	0.68	8.33	1.9	13.53	6.06
PX207138.1	PX215087.1	Gigaspora rosea | 4292_708F	Gigaspora rosea | 194757_703A	T8	T1	False	0.82	8.33	1.9	13.53	6.06
PX207138.1	PX215088.1	Gigaspora rosea | 4292_708F	Gigaspora rosea | 194757_703A	T8	T1	False	0.82	8.33	1.9	13.53	6.06
PX207138.1	PX215089.1	Gigaspora rosea | 4292_708F	Gigaspora rosea | CU131_1018C	T8	T9	False	0.54	4.17	2.53	13.02	6.06
PX207138.1	PX215090.1	Gigaspora rosea | 4292_708F	Gigaspora rosea | BEG9_770A	T8	T4	False	0.34	2.7	1.9	5.23	1.48
PX207138.1	PX215091.1	Gigaspora rosea | 4292_708F	Gigaspora rosea | 194757_703A	T8	T4	False	0.34	2.7	1.9	5.23	1.48
PX207138.1	PX215092.1	Gigaspora rosea | 4292_708F	Gigaspora rosea | 4511_973A	T8	T4	False	0.34	2.7	1.9	5.23	1.48
PX207138.1	PX215093.1	Gigaspora rosea | 4292_708F	Gigaspora rosea | 194757_703A	T8	T4	False	0.34	2.7	1.9	5.23	1.48
PX207138.1	PX215094.1	Gigaspora rosea | 4292_708F	Gigaspora rosea | 4511_973A	T8	T4	False	0.34	2.7	1.9	5.23	1.48
PX207138.1	PX215095.1	Gigaspora rosea | 4292_708F	Gigaspora rosea | CW0011_4010A	T8	T4	False	0.34	2.7	1.9	5.23	1.48
PX207138.1	PX215096.1	Gigaspora rosea | 4292_708F	Gigaspora rosea | woodslee_203A	T8	T6	False	0.27	2.78	1.9	5.2	1.18
PX207138.1	PX215097.1	Gigaspora rosea | 4292_708F	Gigaspora rosea | woodslee_203A	T8	T6	False	0.2	2.78	1.9	5.2	1.18
PX207138.1	PX215098.1	Gigaspora rosea | 4292_708F	Gigaspora rosea | woodslee_203A	T8	T10	False	0.48	4.05	2.53	7.95	2.07
PX207138.1	PX215099.1	Gigaspora rosea | 4292_708F	Gigaspora rosea | woodslee_203A	T8	T10	False	0.34	4.05	2.53	7.95	2.07
PX207138.1	PX215100.1	Gigaspora rosea | 4292_708F	Gigaspora rosea | woodslee_203A	T8	T6	False	0.14	4.11	2.53	7.43	1.77
PX207138.1	PX215101.1	Gigaspora rosea | 4292_708F	Gigaspora rosea | 4752_496A	T8	T3	False	0.2	5.41	1.9	4.6	1.33
PX207138.1	PX215102.1	Gigaspora rosea | 4292_708F	Gigaspora rosea | 4752_496A	T8	T8	False	0.0	0.0	0.0	0.56	0.15
PX207138.1	PX215103.1	Gigaspora rosea | 4292_708F	Gigaspora rosea | CU131_1018C	T8	T7	False	0.34	8.0	1.27	5.75	2.22
PX207138.1	PX215104.1	Gigaspora rosea | 4292_708F	Gigaspora rosea | 4752_496A	T8	T3	False	0.14	2.67	1.9	4.0	2.07
PX207138.1	PX215105.1	Gigaspora rosea | 4292_708F	Gigaspora rosea | 4752_496A	T8	T3	False	0.2	2.67	2.53	5.08	2.07
PX207138.1	PX215106.1	Gigaspora rosea | 4292_708F	Gigaspora rosea | BEG9_770A	T8	T11	False	0.2	8.57	3.16	5.85	3.25
PX207138.1	PX215107.1	Gigaspora rosea | 4292_708F	Gigaspora rosea | 4511_973A	T8	T11	False	0.2	8.57	3.16	5.85	3.25
PX207138.1	PX215108.1	Gigaspora rosea | 4292_708F	Gigaspora rosea | woodslee_203A	T8	T14	False	0.34	7.04	1.27	5.2	6.2
PX207138.1	PX215109.1	Gigaspora rosea | 4292_708F	Gigaspora rosea | BEG9_770A	T8	T5	False	0.95	7.35	1.9	17.16	1.48
PX207138.1	PX215110.1	Gigaspora rosea | 4292_708F	Gigaspora rosea | 194757_703A	T8	T5	False	0.95	7.35	1.9	17.16	1.48
PX207138.1	PX215111.1	Gigaspora rosea | 4292_708F	Gigaspora rosea | 194757_703A	T8	T5	False	0.95	7.35	1.9	17.16	1.48
PX207138.1	PX215112.1	Gigaspora rosea | 4292_708F	Gigaspora rosea | 4511_973A	T8	T5	False	0.95	7.35	1.9	17.16	1.48
PX207138.1	PX215113.1	Gigaspora rosea | 4292_708F	Gigaspora rosea | CW0011_4010A	T8	T5	False	0.88	7.35	1.9	17.16	1.48
PX207138.1	PX215114.1	Gigaspora rosea | 4292_708F	Gigaspora rosea | CW0011_4010A	T8	T5	False	0.75	7.35	1.9	17.16	1.48
PX207138.1	PX215115.1	Gigaspora rosea | 4292_708F	Gigaspora rosea | 4752_496A	T8	T2	False	0.95	14.86	3.8	19.08	5.32
PX207138.1	PX215116.1	Gigaspora rosea | 4292_708F	Gigaspora rosea | 4752_496A	T8	T2	False	0.95	14.86	3.8	19.08	5.61
PX207139.1	PX207140.1	Gigaspora rosea | 4292_708F	Gigaspora rosea | 4292_708F	T3	T3	True	0.0	0.0	0.0	0.0	0.0
PX207139.1	PX207141.1	Gigaspora rosea | 4292_708F	Gigaspora rosea | CU131_1018E	T3	T12	False	0.48	6.76	3.16	13.79	2.36
PX207139.1	PX207142.1	Gigaspora rosea | 4292_708F	Gigaspora rosea | CU131_1018E	T3	T9	False	0.61	9.72	3.16	13.02	6.06
PX207139.1	PX207143.1	Gigaspora rosea | 4292_708F	Gigaspora rosea | CU131_1018E	T3	T13	False	0.95	12.16	1.27	14.2	2.07
PX207139.1	PX215079.1	Gigaspora rosea | 4292_708F	Gigaspora rosea | BEG9_770A	T3	T1	False	0.54	12.5	2.53	13.53	6.2
PX207139.1	PX215080.1	Gigaspora rosea | 4292_708F	Gigaspora rosea | 194757_703A	T3	T1	False	0.54	12.5	2.53	13.53	6.2
PX207139.1	PX215081.1	Gigaspora rosea | 4292_708F	Gigaspora rosea | 4511_973A	T3	T1	False	0.54	12.5	2.53	13.53	6.2
PX207139.1	PX215082.1	Gigaspora rosea | 4292_708F	Gigaspora rosea | CW0011_4010A	T3	T1	False	0.68	12.5	2.53	13.53	6.35
PX207139.1	PX215083.1	Gigaspora rosea | 4292_708F	Gigaspora rosea | 194757_703A	T3	T1	False	0.82	12.5	2.53	13.53	6.2
PX207139.1	PX215084.1	Gigaspora rosea | 4292_708F	Gigaspora rosea | BEG9_770A	T3	T1	False	0.88	12.5	2.53	13.53	6.35
PX207139.1	PX215085.1	Gigaspora rosea | 4292_708F	Gigaspora rosea | 194757_703A	T3	T1	False	0.95	12.5	2.53	13.53	6.35
PX207139.1	PX215086.1	Gigaspora rosea | 4292_708F	Gigaspora rosea | CW0011_4010A	T3	T1	False	0.75	12.5	2.53	13.53	6.65
PX207139.1	PX215087.1	Gigaspora rosea | 4292_708F	Gigaspora rosea | 194757_703A	T3	T1	False	0.88	12.5	2.53	13.53	6.35
PX207139.1	PX215088.1	Gigaspora rosea | 4292_708F	Gigaspora rosea | 194757_703A	T3	T1	False	0.82	12.5	2.53	13.53	6.35
PX207139.1	PX215089.1	Gigaspora rosea | 4292_708F	Gigaspora rosea | CU131_1018C	T3	T9	False	0.61	9.72	3.16	13.02	6.06
PX207139.1	PX215090.1	Gigaspora rosea | 4292_708F	Gigaspora rosea | BEG9_770A	T3	T4	False	0.41	5.41	2.53	4.07	1.62
PX207139.1	PX215091.1	Gigaspora rosea | 4292_708F	Gigaspora rosea | 194757_703A	T3	T4	False	0.41	5.41	2.53	4.07	1.62
PX207139.1	PX215092.1	Gigaspora rosea | 4292_708F	Gigaspora rosea | 4511_973A	T3	T4	False	0.41	5.41	2.53	4.07	1.62
PX207139.1	PX215093.1	Gigaspora rosea | 4292_708F	Gigaspora rosea | 194757_703A	T3	T4	False	0.41	5.41	2.53	4.07	1.62
PX207139.1	PX215094.1	Gigaspora rosea | 4292_708F	Gigaspora rosea | 4511_973A	T3	T4	False	0.41	5.41	2.53	4.07	1.62
PX207139.1	PX215095.1	Gigaspora rosea | 4292_708F	Gigaspora rosea | CW0011_4010A	T3	T4	False	0.41	5.41	2.53	4.07	1.62
PX207139.1	PX215096.1	Gigaspora rosea | 4292_708F	Gigaspora rosea | woodslee_203A	T3	T6	False	0.2	6.94	2.53	4.05	1.48
PX207139.1	PX215097.1	Gigaspora rosea | 4292_708F	Gigaspora rosea | woodslee_203A	T3	T6	False	0.34	6.94	2.53	4.05	1.48
PX207139.1	PX215098.1	Gigaspora rosea | 4292_708F	Gigaspora rosea | woodslee_203A	T3	T10	False	0.54	5.41	3.16	7.47	1.18
PX207139.1	PX215099.1	Gigaspora rosea | 4292_708F	Gigaspora rosea | woodslee_203A	T3	T10	False	0.41	5.41	3.16	7.47	1.18
PX207139.1	PX215100.1	Gigaspora rosea | 4292_708F	Gigaspora rosea | woodslee_203A	T3	T6	False	0.2	6.85	3.16	8.05	1.48
PX207139.1	PX215101.1	Gigaspora rosea | 4292_708F	Gigaspora rosea | 4752_496A	T3	T3	False	0.0	0.0	0.0	0.0	0.15
PX207139.1	PX215102.1	Gigaspora rosea | 4292_708F	Gigaspora rosea | 4752_496A	T3	T8	False	0.2	5.41	1.9	4.02	1.62
PX207139.1	PX215103.1	Gigaspora rosea | 4292_708F	Gigaspora rosea | CU131_1018C	T3	T7	False	0.41	2.7	1.9	5.17	1.92
PX207139.1	PX215104.1	Gigaspora rosea | 4292_708F	Gigaspora rosea | 4752_496A	T3	T3	False	0.34	5.41	2.53	6.32	0.89
PX207139.1	PX215105.1	Gigaspora rosea | 4292_708F	Gigaspora rosea | 4752_496A	T3	T3	False	0.41	5.41	1.9	5.75	1.77
PX207139.1	PX215106.1	Gigaspora rosea | 4292_708F	Gigaspora rosea | BEG9_770A	T3	T11	False	0.41	12.86	2.53	5.85	3.11
PX207139.1	PX215107.1	Gigaspora rosea | 4292_708F	Gigaspora rosea | 4511_973A	T3	T11	False	0.41	12.86	2.53	5.85	3.11
PX207139.1	PX215108.1	Gigaspora rosea | 4292_708F	Gigaspora rosea | woodslee_203A	T3	T14	False	0.41	9.86	1.9	4.05	6.2
PX207139.1	PX215109.1	Gigaspora rosea | 4292_708F	Gigaspora rosea | BEG9_770A	T3	T5	False	1.02	10.29	1.27	15.98	1.48
PX207139.1	PX215110.1	Gigaspora rosea | 4292_708F	Gigaspora rosea | 194757_703A	T3	T5	False	1.02	10.29	1.27	15.98	1.48
PX207139.1	PX215111.1	Gigaspora rosea | 4292_708F	Gigaspora rosea | 194757_703A	T3	T5	False	1.02	10.29	1.27	15.98	1.48
PX207139.1	PX215112.1	Gigaspora rosea | 4292_708F	Gigaspora rosea | 4511_973A	T3	T5	False	1.02	10.29	1.27	15.98	1.48
PX207139.1	PX215113.1	Gigaspora rosea | 4292_708F	Gigaspora rosea | CW0011_4010A	T3	T5	False	0.95	10.29	1.27	15.98	1.48
PX207139.1	PX215114.1	Gigaspora rosea | 4292_708F	Gigaspora rosea | CW0011_4010A	T3	T5	False	0.82	10.29	1.27	15.98	1.48
PX207139.1	PX215115.1	Gigaspora rosea | 4292_708F	Gigaspora rosea | 4752_496A	T3	T2	False	1.16	17.57	4.43	17.92	5.61
PX207139.1	PX215116.1	Gigaspora rosea | 4292_708F	Gigaspora rosea | 4752_496A	T3	T2	False	1.16	17.57	4.43	17.92	5.91
PX207140.1	PX207141.1	Gigaspora rosea | 4292_708F	Gigaspora rosea | CU131_1018E	T3	T12	False	0.48	6.76	3.16	13.79	2.36
PX207140.1	PX207142.1	Gigaspora rosea | 4292_708F	Gigaspora rosea | CU131_1018E	T3	T9	False	0.61	9.72	3.16	13.02	6.06
PX207140.1	PX207143.1	Gigaspora rosea | 4292_708F	Gigaspora rosea | CU131_1018E	T3	T13	False	0.95	12.16	1.27	14.2	2.07
PX207140.1	PX215079.1	Gigaspora rosea | 4292_708F	Gigaspora rosea | BEG9_770A	T3	T1	False	0.54	12.5	2.53	13.53	6.2
PX207140.1	PX215080.1	Gigaspora rosea | 4292_708F	Gigaspora rosea | 194757_703A	T3	T1	False	0.54	12.5	2.53	13.53	6.2
PX207140.1	PX215081.1	Gigaspora rosea | 4292_708F	Gigaspora rosea | 4511_973A	T3	T1	False	0.54	12.5	2.53	13.53	6.2
PX207140.1	PX215082.1	Gigaspora rosea | 4292_708F	Gigaspora rosea | CW0011_4010A	T3	T1	False	0.68	12.5	2.53	13.53	6.35
PX207140.1	PX215083.1	Gigaspora rosea | 4292_708F	Gigaspora rosea | 194757_703A	T3	T1	False	0.82	12.5	2.53	13.53	6.2
PX207140.1	PX215084.1	Gigaspora rosea | 4292_708F	Gigaspora rosea | BEG9_770A	T3	T1	False	0.88	12.5	2.53	13.53	6.35
PX207140.1	PX215085.1	Gigaspora rosea | 4292_708F	Gigaspora rosea | 194757_703A	T3	T1	False	0.95	12.5	2.53	13.53	6.35
PX207140.1	PX215086.1	Gigaspora rosea | 4292_708F	Gigaspora rosea | CW0011_4010A	T3	T1	False	0.75	12.5	2.53	13.53	6.65
PX207140.1	PX215087.1	Gigaspora rosea | 4292_708F	Gigaspora rosea | 194757_703A	T3	T1	False	0.88	12.5	2.53	13.53	6.35
PX207140.1	PX215088.1	Gigaspora rosea | 4292_708F	Gigaspora rosea | 194757_703A	T3	T1	False	0.82	12.5	2.53	13.53	6.35
PX207140.1	PX215089.1	Gigaspora rosea | 4292_708F	Gigaspora rosea | CU131_1018C	T3	T9	False	0.61	9.72	3.16	13.02	6.06
PX207140.1	PX215090.1	Gigaspora rosea | 4292_708F	Gigaspora rosea | BEG9_770A	T3	T4	False	0.41	5.41	2.53	4.07	1.62
PX207140.1	PX215091.1	Gigaspora rosea | 4292_708F	Gigaspora rosea | 194757_703A	T3	T4	False	0.41	5.41	2.53	4.07	1.62
PX207140.1	PX215092.1	Gigaspora rosea | 4292_708F	Gigaspora rosea | 4511_973A	T3	T4	False	0.41	5.41	2.53	4.07	1.62
PX207140.1	PX215093.1	Gigaspora rosea | 4292_708F	Gigaspora rosea | 194757_703A	T3	T4	False	0.41	5.41	2.53	4.07	1.62
PX207140.1	PX215094.1	Gigaspora rosea | 4292_708F	Gigaspora rosea | 4511_973A	T3	T4	False	0.41	5.41	2.53	4.07	1.62
PX207140.1	PX215095.1	Gigaspora rosea | 4292_708F	Gigaspora rosea | CW0011_4010A	T3	T4	False	0.41	5.41	2.53	4.07	1.62
PX207140.1	PX215096.1	Gigaspora rosea | 4292_708F	Gigaspora rosea | woodslee_203A	T3	T6	False	0.2	6.94	2.53	4.05	1.48
PX207140.1	PX215097.1	Gigaspora rosea | 4292_708F	Gigaspora rosea | woodslee_203A	T3	T6	False	0.34	6.94	2.53	4.05	1.48
PX207140.1	PX215098.1	Gigaspora rosea | 4292_708F	Gigaspora rosea | woodslee_203A	T3	T10	False	0.54	5.41	3.16	7.47	1.18
PX207140.1	PX215099.1	Gigaspora rosea | 4292_708F	Gigaspora rosea | woodslee_203A	T3	T10	False	0.41	5.41	3.16	7.47	1.18
PX207140.1	PX215100.1	Gigaspora rosea | 4292_708F	Gigaspora rosea | woodslee_203A	T3	T6	False	0.2	6.85	3.16	8.05	1.48
PX207140.1	PX215101.1	Gigaspora rosea | 4292_708F	Gigaspora rosea | 4752_496A	T3	T3	False	0.0	0.0	0.0	0.0	0.15
PX207140.1	PX215102.1	Gigaspora rosea | 4292_708F	Gigaspora rosea | 4752_496A	T3	T8	False	0.2	5.41	1.9	4.02	1.62
PX207140.1	PX215103.1	Gigaspora rosea | 4292_708F	Gigaspora rosea | CU131_1018C	T3	T7	False	0.41	2.7	1.9	5.17	1.92
PX207140.1	PX215104.1	Gigaspora rosea | 4292_708F	Gigaspora rosea | 4752_496A	T3	T3	False	0.34	5.41	2.53	6.32	0.89
PX207140.1	PX215105.1	Gigaspora rosea | 4292_708F	Gigaspora rosea | 4752_496A	T3	T3	False	0.41	5.41	1.9	5.75	1.77
PX207140.1	PX215106.1	Gigaspora rosea | 4292_708F	Gigaspora rosea | BEG9_770A	T3	T11	False	0.41	12.86	2.53	5.85	3.11
PX207140.1	PX215107.1	Gigaspora rosea | 4292_708F	Gigaspora rosea | 4511_973A	T3	T11	False	0.41	12.86	2.53	5.85	3.11
PX207140.1	PX215108.1	Gigaspora rosea | 4292_708F	Gigaspora rosea | woodslee_203A	T3	T14	False	0.41	9.86	1.9	4.05	6.2
PX207140.1	PX215109.1	Gigaspora rosea | 4292_708F	Gigaspora rosea | BEG9_770A	T3	T5	False	1.02	10.29	1.27	15.98	1.48
PX207140.1	PX215110.1	Gigaspora rosea | 4292_708F	Gigaspora rosea | 194757_703A	T3	T5	False	1.02	10.29	1.27	15.98	1.48
PX207140.1	PX215111.1	Gigaspora rosea | 4292_708F	Gigaspora rosea | 194757_703A	T3	T5	False	1.02	10.29	1.27	15.98	1.48
PX207140.1	PX215112.1	Gigaspora rosea | 4292_708F	Gigaspora rosea | 4511_973A	T3	T5	False	1.02	10.29	1.27	15.98	1.48
PX207140.1	PX215113.1	Gigaspora rosea | 4292_708F	Gigaspora rosea | CW0011_4010A	T3	T5	False	0.95	10.29	1.27	15.98	1.48
PX207140.1	PX215114.1	Gigaspora rosea | 4292_708F	Gigaspora rosea | CW0011_4010A	T3	T5	False	0.82	10.29	1.27	15.98	1.48
PX207140.1	PX215115.1	Gigaspora rosea | 4292_708F	Gigaspora rosea | 4752_496A	T3	T2	False	1.16	17.57	4.43	17.92	5.61
PX207140.1	PX215116.1	Gigaspora rosea | 4292_708F	Gigaspora rosea | 4752_496A	T3	T2	False	1.16	17.57	4.43	17.92	5.91
PX207141.1	PX207142.1	Gigaspora rosea | CU131_1018E	Gigaspora rosea | CU131_1018E	T12	T9	True	0.54	4.17	2.53	9.47	6.06
PX207141.1	PX207143.1	Gigaspora rosea | CU131_1018E	Gigaspora rosea | CU131_1018E	T12	T13	True	0.75	8.11	1.9	11.24	3.1
PX207141.1	PX215079.1	Gigaspora rosea | CU131_1018E	Gigaspora rosea | BEG9_770A	T12	T1	False	0.61	6.94	1.9	10.0	6.5
PX207141.1	PX215080.1	Gigaspora rosea | CU131_1018E	Gigaspora rosea | 194757_703A	T12	T1	False	0.61	6.94	1.9	10.0	6.5
PX207141.1	PX215081.1	Gigaspora rosea | CU131_1018E	Gigaspora rosea | 4511_973A	T12	T1	False	0.61	6.94	1.9	10.0	6.5
PX207141.1	PX215082.1	Gigaspora rosea | CU131_1018E	Gigaspora rosea | CW0011_4010A	T12	T1	False	0.61	6.94	1.9	10.0	6.65
PX207141.1	PX215083.1	Gigaspora rosea | CU131_1018E	Gigaspora rosea | 194757_703A	T12	T1	False	0.75	6.94	1.9	10.0	6.5
PX207141.1	PX215084.1	Gigaspora rosea | CU131_1018E	Gigaspora rosea | BEG9_770A	T12	T1	False	0.82	6.94	1.9	8.82	6.65
PX207141.1	PX215085.1	Gigaspora rosea | CU131_1018E	Gigaspora rosea | 194757_703A	T12	T1	False	0.88	6.94	1.9	8.82	6.65
PX207141.1	PX215086.1	Gigaspora rosea | CU131_1018E	Gigaspora rosea | CW0011_4010A	T12	T1	False	0.68	6.94	1.9	8.82	6.94
PX207141.1	PX215087.1	Gigaspora rosea | CU131_1018E	Gigaspora rosea | 194757_703A	T12	T1	False	0.82	6.94	1.9	10.0	6.65
PX207141.1	PX215088.1	Gigaspora rosea | CU131_1018E	Gigaspora rosea | 194757_703A	T12	T1	False	0.82	6.94	1.9	10.0	6.65
PX207141.1	PX215089.1	Gigaspora rosea | CU131_1018E	Gigaspora rosea | CU131_1018C	T12	T9	False	0.54	4.17	2.53	9.47	6.06
PX207141.1	PX215090.1	Gigaspora rosea | CU131_1018E	Gigaspora rosea | BEG9_770A	T12	T4	False	0.34	5.41	3.16	12.21	2.81
PX207141.1	PX215091.1	Gigaspora rosea | CU131_1018E	Gigaspora rosea | 194757_703A	T12	T4	False	0.34	5.41	3.16	12.21	2.81
PX207141.1	PX215092.1	Gigaspora rosea | CU131_1018E	Gigaspora rosea | 4511_973A	T12	T4	False	0.34	5.41	3.16	12.21	2.81
PX207141.1	PX215093.1	Gigaspora rosea | CU131_1018E	Gigaspora rosea | 194757_703A	T12	T4	False	0.34	5.41	3.16	12.21	2.81
PX207141.1	PX215094.1	Gigaspora rosea | CU131_1018E	Gigaspora rosea | 4511_973A	T12	T4	False	0.34	5.41	3.16	12.21	2.81
PX207141.1	PX215095.1	Gigaspora rosea | CU131_1018E	Gigaspora rosea | CW0011_4010A	T12	T4	False	0.34	5.41	3.16	12.21	2.81
PX207141.1	PX215096.1	Gigaspora rosea | CU131_1018E	Gigaspora rosea | woodslee_203A	T12	T6	False	0.54	2.78	3.16	14.45	2.81
PX207141.1	PX215097.1	Gigaspora rosea | CU131_1018E	Gigaspora rosea | woodslee_203A	T12	T6	False	0.48	2.78	3.16	14.45	2.81
PX207141.1	PX215098.1	Gigaspora rosea | CU131_1018E	Gigaspora rosea | woodslee_203A	T12	T10	False	0.61	2.7	2.53	15.34	3.25
PX207141.1	PX215099.1	Gigaspora rosea | CU131_1018E	Gigaspora rosea | woodslee_203A	T12	T10	False	0.48	2.7	2.53	15.34	3.25
PX207141.1	PX215100.1	Gigaspora rosea | CU131_1018E	Gigaspora rosea | woodslee_203A	T12	T6	False	0.27	5.48	2.53	15.43	2.95
PX207141.1	PX215101.1	Gigaspora rosea | CU131_1018E	Gigaspora rosea | 4752_496A	T12	T3	False	0.48	9.46	3.16	13.79	2.22
PX207141.1	PX215102.1	Gigaspora rosea | CU131_1018E	Gigaspora rosea | 4752_496A	T12	T8	False	0.41	5.41	3.8	13.07	2.95
PX207141.1	PX215103.1	Gigaspora rosea | CU131_1018E	Gigaspora rosea | CU131_1018C	T12	T7	False	0.34	8.11	2.53	13.79	2.95
PX207141.1	PX215104.1	Gigaspora rosea | CU131_1018E	Gigaspora rosea | 4752_496A	T12	T3	False	0.54	2.7	1.9	14.86	2.51
PX207141.1	PX215105.1	Gigaspora rosea | CU131_1018E	Gigaspora rosea | 4752_496A	T12	T3	False	0.61	4.05	2.53	14.77	2.81
PX207141.1	PX215106.1	Gigaspora rosea | CU131_1018E	Gigaspora rosea | BEG9_770A	T12	T11	False	0.34	7.14	4.43	14.62	3.7
PX207141.1	PX215107.1	Gigaspora rosea | CU131_1018E	Gigaspora rosea | 4511_973A	T12	T11	False	0.34	7.14	4.43	14.62	3.7
PX207141.1	PX215108.1	Gigaspora rosea | CU131_1018E	Gigaspora rosea | woodslee_203A	T12	T14	False	0.48	7.04	2.53	12.14	6.79
PX207141.1	PX215109.1	Gigaspora rosea | CU131_1018E	Gigaspora rosea | BEG9_770A	T12	T5	False	0.82	5.88	1.9	12.43	2.81
PX207141.1	PX215110.1	Gigaspora rosea | CU131_1018E	Gigaspora rosea | 194757_703A	T12	T5	False	0.82	5.88	1.9	12.43	2.81
PX207141.1	PX215111.1	Gigaspora rosea | CU131_1018E	Gigaspora rosea | 194757_703A	T12	T5	False	0.82	5.88	1.9	12.43	2.81
PX207141.1	PX215112.1	Gigaspora rosea | CU131_1018E	Gigaspora rosea | 4511_973A	T12	T5	False	0.82	5.88	1.9	12.43	2.81
PX207141.1	PX215113.1	Gigaspora rosea | CU131_1018E	Gigaspora rosea | CW0011_4010A	T12	T5	False	0.75	5.88	1.9	12.43	2.81
PX207141.1	PX215114.1	Gigaspora rosea | CU131_1018E	Gigaspora rosea | CW0011_4010A	T12	T5	False	0.61	5.88	1.9	12.43	2.81
PX207141.1	PX215115.1	Gigaspora rosea | CU131_1018E	Gigaspora rosea | 4752_496A	T12	T2	False	1.09	14.86	3.8	16.18	6.2
PX207141.1	PX215116.1	Gigaspora rosea | CU131_1018E	Gigaspora rosea | 4752_496A	T12	T2	False	1.09	14.86	3.8	16.18	6.5
PX207142.1	PX207143.1	Gigaspora rosea | CU131_1018E	Gigaspora rosea | CU131_1018E	T9	T13	True	0.48	5.56	1.9	2.96	6.35
PX207142.1	PX215079.1	Gigaspora rosea | CU131_1018E	Gigaspora rosea | BEG9_770A	T9	T1	False	0.2	4.17	0.63	0.59	1.33
PX207142.1	PX215080.1	Gigaspora rosea | CU131_1018E	Gigaspora rosea | 194757_703A	T9	T1	False	0.2	4.17	0.63	0.59	1.33
PX207142.1	PX215081.1	Gigaspora rosea | CU131_1018E	Gigaspora rosea | 4511_973A	T9	T1	False	0.2	4.17	0.63	0.59	1.33
PX207142.1	PX215082.1	Gigaspora rosea | CU131_1018E	Gigaspora rosea | CW0011_4010A	T9	T1	False	0.2	4.17	0.63	0.59	1.47
PX207142.1	PX215083.1	Gigaspora rosea | CU131_1018E	Gigaspora rosea | 194757_703A	T9	T1	False	0.34	4.17	0.63	0.59	1.33
PX207142.1	PX215084.1	Gigaspora rosea | CU131_1018E	Gigaspora rosea | BEG9_770A	T9	T1	False	0.41	4.17	0.63	0.59	1.47
PX207142.1	PX215085.1	Gigaspora rosea | CU131_1018E	Gigaspora rosea | 194757_703A	T9	T1	False	0.48	4.17	0.63	0.59	1.47
PX207142.1	PX215086.1	Gigaspora rosea | CU131_1018E	Gigaspora rosea | CW0011_4010A	T9	T1	False	0.27	4.17	0.63	0.59	1.77
PX207142.1	PX215087.1	Gigaspora rosea | CU131_1018E	Gigaspora rosea | 194757_703A	T9	T1	False	0.41	4.17	0.63	0.59	1.48
PX207142.1	PX215088.1	Gigaspora rosea | CU131_1018E	Gigaspora rosea | 194757_703A	T9	T1	False	0.41	4.17	0.63	0.59	1.48
PX207142.1	PX215089.1	Gigaspora rosea | CU131_1018E	Gigaspora rosea | CU131_1018C	T9	T9	False	0.0	0.0	0.0	0.0	0.0
PX207142.1	PX215090.1	Gigaspora rosea | CU131_1018E	Gigaspora rosea | BEG9_770A	T9	T4	False	0.48	6.94	1.9	11.24	6.06
PX207142.1	PX215091.1	Gigaspora rosea | CU131_1018E	Gigaspora rosea | 194757_703A	T9	T4	False	0.48	6.94	1.9	11.24	6.06
PX207142.1	PX215092.1	Gigaspora rosea | CU131_1018E	Gigaspora rosea | 4511_973A	T9	T4	False	0.48	6.94	1.9	11.24	6.06
PX207142.1	PX215093.1	Gigaspora rosea | CU131_1018E	Gigaspora rosea | 194757_703A	T9	T4	False	0.48	6.94	1.9	11.24	6.06
PX207142.1	PX215094.1	Gigaspora rosea | CU131_1018E	Gigaspora rosea | 4511_973A	T9	T4	False	0.48	6.94	1.9	11.24	6.06
PX207142.1	PX215095.1	Gigaspora rosea | CU131_1018E	Gigaspora rosea | CW0011_4010A	T9	T4	False	0.48	6.94	1.9	11.24	6.06
PX207142.1	PX215096.1	Gigaspora rosea | CU131_1018E	Gigaspora rosea | woodslee_203A	T9	T6	False	0.68	5.56	1.9	13.61	6.35
PX207142.1	PX215097.1	Gigaspora rosea | CU131_1018E	Gigaspora rosea | woodslee_203A	T9	T6	False	0.61	5.56	1.9	13.61	6.35
PX207142.1	PX215098.1	Gigaspora rosea | CU131_1018E	Gigaspora rosea | woodslee_203A	T9	T10	False	0.75	5.56	2.53	15.98	6.35
PX207142.1	PX215099.1	Gigaspora rosea | CU131_1018E	Gigaspora rosea | woodslee_203A	T9	T10	False	0.61	5.56	2.53	15.98	6.35
PX207142.1	PX215100.1	Gigaspora rosea | CU131_1018E	Gigaspora rosea | woodslee_203A	T9	T6	False	0.41	8.33	2.53	15.98	6.35
PX207142.1	PX215101.1	Gigaspora rosea | CU131_1018E	Gigaspora rosea | 4752_496A	T9	T3	False	0.61	9.72	3.16	13.02	5.91
PX207142.1	PX215102.1	Gigaspora rosea | CU131_1018E	Gigaspora rosea | 4752_496A	T9	T8	False	0.54	4.17	2.53	12.43	6.2
PX207142.1	PX215103.1	Gigaspora rosea | CU131_1018E	Gigaspora rosea | CU131_1018C	T9	T7	False	0.48	11.11	1.27	13.02	5.9
PX207142.1	PX215104.1	Gigaspora rosea | CU131_1018E	Gigaspora rosea | 4752_496A	T9	T3	False	0.68	5.56	1.9	14.79	6.5
PX207142.1	PX215105.1	Gigaspora rosea | CU131_1018E	Gigaspora rosea | 4752_496A	T9	T3	False	0.75	5.56	2.53	14.79	6.49
PX207142.1	PX215106.1	Gigaspora rosea | CU131_1018E	Gigaspora rosea | BEG9_770A	T9	T11	False	0.48	10.0	3.16	14.2	7.69
PX207142.1	PX215107.1	Gigaspora rosea | CU131_1018E	Gigaspora rosea | 4511_973A	T9	T11	False	0.48	10.0	3.16	14.2	7.69
PX207142.1	PX215108.1	Gigaspora rosea | CU131_1018E	Gigaspora rosea | woodslee_203A	T9	T14	False	0.61	8.45	1.27	12.43	2.36
PX207142.1	PX215109.1	Gigaspora rosea | CU131_1018E	Gigaspora rosea | BEG9_770A	T9	T5	False	0.54	2.94	1.9	4.73	6.2
PX207142.1	PX215110.1	Gigaspora rosea | CU131_1018E	Gigaspora rosea | 194757_703A	T9	T5	False	0.54	2.94	1.9	4.73	6.2
PX207142.1	PX215111.1	Gigaspora rosea | CU131_1018E	Gigaspora rosea | 194757_703A	T9	T5	False	0.54	2.94	1.9	4.73	6.2
PX207142.1	PX215112.1	Gigaspora rosea | CU131_1018E	Gigaspora rosea | 4511_973A	T9	T5	False	0.54	2.94	1.9	4.73	6.2
PX207142.1	PX215113.1	Gigaspora rosea | CU131_1018E	Gigaspora rosea | CW0011_4010A	T9	T5	False	0.48	2.94	1.9	4.73	6.2
PX207142.1	PX215114.1	Gigaspora rosea | CU131_1018E	Gigaspora rosea | CW0011_4010A	T9	T5	False	0.34	2.94	1.9	4.73	6.2
PX207142.1	PX215115.1	Gigaspora rosea | CU131_1018E	Gigaspora rosea | 4752_496A	T9	T2	False	0.68	11.11	3.8	16.57	1.77
PX207142.1	PX215116.1	Gigaspora rosea | CU131_1018E	Gigaspora rosea | 4752_496A	T9	T2	False	0.68	11.11	3.8	16.57	2.06
PX207143.1	PX215079.1	Gigaspora rosea | CU131_1018E	Gigaspora rosea | BEG9_770A	T13	T1	False	0.54	6.94	1.27	3.55	6.35
PX207143.1	PX215080.1	Gigaspora rosea | CU131_1018E	Gigaspora rosea | 194757_703A	T13	T1	False	0.54	6.94	1.27	3.55	6.35
PX207143.1	PX215081.1	Gigaspora rosea | CU131_1018E	Gigaspora rosea | 4511_973A	T13	T1	False	0.54	6.94	1.27	3.55	6.35
PX207143.1	PX215082.1	Gigaspora rosea | CU131_1018E	Gigaspora rosea | CW0011_4010A	T13	T1	False	0.54	6.94	1.27	3.55	6.5
PX207143.1	PX215083.1	Gigaspora rosea | CU131_1018E	Gigaspora rosea | 194757_703A	T13	T1	False	0.68	6.94	1.27	3.55	6.35
PX207143.1	PX215084.1	Gigaspora rosea | CU131_1018E	Gigaspora rosea | BEG9_770A	T13	T1	False	0.61	6.94	1.27	3.55	6.5
PX207143.1	PX215085.1	Gigaspora rosea | CU131_1018E	Gigaspora rosea | 194757_703A	T13	T1	False	0.68	6.94	1.27	3.55	6.5
PX207143.1	PX215086.1	Gigaspora rosea | CU131_1018E	Gigaspora rosea | CW0011_4010A	T13	T1	False	0.48	6.94	1.27	3.55	6.79
PX207143.1	PX215087.1	Gigaspora rosea | CU131_1018E	Gigaspora rosea | 194757_703A	T13	T1	False	0.61	6.94	1.27	3.55	6.5
PX207143.1	PX215088.1	Gigaspora rosea | CU131_1018E	Gigaspora rosea | 194757_703A	T13	T1	False	0.75	6.94	1.27	3.55	6.5
PX207143.1	PX215089.1	Gigaspora rosea | CU131_1018E	Gigaspora rosea | CU131_1018C	T13	T9	False	0.48	5.56	1.9	2.96	6.35
PX207143.1	PX215090.1	Gigaspora rosea | CU131_1018E	Gigaspora rosea | BEG9_770A	T13	T4	False	0.82	10.81	2.53	12.43	1.62
PX207143.1	PX215091.1	Gigaspora rosea | CU131_1018E	Gigaspora rosea | 194757_703A	T13	T4	False	0.82	10.81	2.53	12.43	1.62
PX207143.1	PX215092.1	Gigaspora rosea | CU131_1018E	Gigaspora rosea | 4511_973A	T13	T4	False	0.82	10.81	2.53	12.43	1.62
PX207143.1	PX215093.1	Gigaspora rosea | CU131_1018E	Gigaspora rosea | 194757_703A	T13	T4	False	0.82	10.81	2.53	12.43	1.62
PX207143.1	PX215094.1	Gigaspora rosea | CU131_1018E	Gigaspora rosea | 4511_973A	T13	T4	False	0.82	10.81	2.53	12.43	1.62
PX207143.1	PX215095.1	Gigaspora rosea | CU131_1018E	Gigaspora rosea | CW0011_4010A	T13	T4	False	0.82	10.81	2.53	12.43	1.62
PX207143.1	PX215096.1	Gigaspora rosea | CU131_1018E	Gigaspora rosea | woodslee_203A	T13	T6	False	1.02	9.72	2.53	14.79	1.77
PX207143.1	PX215097.1	Gigaspora rosea | CU131_1018E	Gigaspora rosea | woodslee_203A	T13	T6	False	0.95	9.72	2.53	14.79	1.77
PX207143.1	PX215098.1	Gigaspora rosea | CU131_1018E	Gigaspora rosea | woodslee_203A	T13	T10	False	1.09	9.46	3.16	15.98	2.66
PX207143.1	PX215099.1	Gigaspora rosea | CU131_1018E	Gigaspora rosea | woodslee_203A	T13	T10	False	0.95	9.46	3.16	15.98	2.66
PX207143.1	PX215100.1	Gigaspora rosea | CU131_1018E	Gigaspora rosea | woodslee_203A	T13	T6	False	0.75	12.33	3.16	15.98	2.07
PX207143.1	PX215101.1	Gigaspora rosea | CU131_1018E	Gigaspora rosea | 4752_496A	T13	T3	False	0.95	14.86	1.27	14.2	1.92
PX207143.1	PX215102.1	Gigaspora rosea | CU131_1018E	Gigaspora rosea | 4752_496A	T13	T8	False	0.88	9.46	3.16	14.79	1.92
PX207143.1	PX215103.1	Gigaspora rosea | CU131_1018E	Gigaspora rosea | CU131_1018C	T13	T7	False	0.82	12.16	1.9	14.2	1.48
PX207143.1	PX215104.1	Gigaspora rosea | CU131_1018E	Gigaspora rosea | 4752_496A	T13	T3	False	1.02	9.46	2.53	15.98	1.92
PX207143.1	PX215105.1	Gigaspora rosea | CU131_1018E	Gigaspora rosea | 4752_496A	T13	T3	False	1.09	9.46	1.9	17.16	2.22
PX207143.1	PX215106.1	Gigaspora rosea | CU131_1018E	Gigaspora rosea | BEG9_770A	T13	T11	False	0.82	12.86	2.53	15.38	3.25
PX207143.1	PX215107.1	Gigaspora rosea | CU131_1018E	Gigaspora rosea | 4511_973A	T13	T11	False	0.82	12.86	2.53	15.38	3.25
PX207143.1	PX215108.1	Gigaspora rosea | CU131_1018E	Gigaspora rosea | woodslee_203A	T13	T14	False	0.95	12.68	1.9	12.43	6.35
PX207143.1	PX215109.1	Gigaspora rosea | CU131_1018E	Gigaspora rosea | BEG9_770A	T13	T5	False	0.61	5.88	1.27	6.51	1.77
PX207143.1	PX215110.1	Gigaspora rosea | CU131_1018E	Gigaspora rosea | 194757_703A	T13	T5	False	0.61	5.88	1.27	6.51	1.77
PX207143.1	PX215111.1	Gigaspora rosea | CU131_1018E	Gigaspora rosea | 194757_703A	T13	T5	False	0.61	5.88	1.27	6.51	1.77
PX207143.1	PX215112.1	Gigaspora rosea | CU131_1018E	Gigaspora rosea | 4511_973A	T13	T5	False	0.61	5.88	1.27	6.51	1.77
PX207143.1	PX215113.1	Gigaspora rosea | CU131_1018E	Gigaspora rosea | CW0011_4010A	T13	T5	False	0.54	5.88	1.27	6.51	1.77
PX207143.1	PX215114.1	Gigaspora rosea | CU131_1018E	Gigaspora rosea | CW0011_4010A	T13	T5	False	0.68	5.88	1.27	6.51	1.77
PX207143.1	PX215115.1	Gigaspora rosea | CU131_1018E	Gigaspora rosea | 4752_496A	T13	T2	False	1.02	16.22	4.43	17.75	5.76
PX207143.1	PX215116.1	Gigaspora rosea | CU131_1018E	Gigaspora rosea | 4752_496A	T13	T2	False	1.02	16.22	4.43	17.75	6.06
PX215079.1	PX215080.1	Gigaspora rosea | BEG9_770A	Gigaspora rosea | 194757_703A	T1	T1	False	0.0	0.0	0.0	0.0	0.0
PX215079.1	PX215081.1	Gigaspora rosea | BEG9_770A	Gigaspora rosea | 4511_973A	T1	T1	False	0.0	0.0	0.0	0.0	0.0
PX215079.1	PX215082.1	Gigaspora rosea | BEG9_770A	Gigaspora rosea | CW0011_4010A	T1	T1	False	0.14	0.0	0.0	0.0	0.15
PX215079.1	PX215083.1	Gigaspora rosea | BEG9_770A	Gigaspora rosea | 194757_703A	T1	T1	False	0.34	0.0	0.0	0.0	0.0
PX215079.1	PX215084.1	Gigaspora rosea | BEG9_770A	Gigaspora rosea | BEG9_770A	T1	T1	True	0.48	0.0	0.0	1.18	0.44
PX215079.1	PX215085.1	Gigaspora rosea | BEG9_770A	Gigaspora rosea | 194757_703A	T1	T1	False	0.54	0.0	0.0	1.18	0.44
PX215079.1	PX215086.1	Gigaspora rosea | BEG9_770A	Gigaspora rosea | CW0011_4010A	T1	T1	False	0.34	0.0	0.0	1.18	0.74
PX215079.1	PX215087.1	Gigaspora rosea | BEG9_770A	Gigaspora rosea | 194757_703A	T1	T1	False	0.48	0.0	0.0	0.0	0.3
PX215079.1	PX215088.1	Gigaspora rosea | BEG9_770A	Gigaspora rosea | 194757_703A	T1	T1	False	0.34	0.0	0.0	0.0	0.3
PX215079.1	PX215089.1	Gigaspora rosea | BEG9_770A	Gigaspora rosea | CU131_1018C	T1	T9	False	0.2	4.17	0.63	0.59	1.33
PX215079.1	PX215090.1	Gigaspora rosea | BEG9_770A	Gigaspora rosea | BEG9_770A	T1	T4	True	0.54	9.72	1.27	12.35	5.91
PX215079.1	PX215091.1	Gigaspora rosea | BEG9_770A	Gigaspora rosea | 194757_703A	T1	T4	False	0.54	9.72	1.27	12.35	5.91
PX215079.1	PX215092.1	Gigaspora rosea | BEG9_770A	Gigaspora rosea | 4511_973A	T1	T4	False	0.54	9.72	1.27	12.35	5.91
PX215079.1	PX215093.1	Gigaspora rosea | BEG9_770A	Gigaspora rosea | 194757_703A	T1	T4	False	0.54	9.72	1.27	12.35	5.91
PX215079.1	PX215094.1	Gigaspora rosea | BEG9_770A	Gigaspora rosea | 4511_973A	T1	T4	False	0.54	9.72	1.27	12.35	5.91
PX215079.1	PX215095.1	Gigaspora rosea | BEG9_770A	Gigaspora rosea | CW0011_4010A	T1	T4	False	0.54	9.72	1.27	12.35	5.91
PX215079.1	PX215096.1	Gigaspora rosea | BEG9_770A	Gigaspora rosea | woodslee_203A	T1	T6	False	0.61	9.72	1.27	14.12	6.2
PX215079.1	PX215097.1	Gigaspora rosea | BEG9_770A	Gigaspora rosea | woodslee_203A	T1	T6	False	0.68	9.72	1.27	14.12	6.2
PX215079.1	PX215098.1	Gigaspora rosea | BEG9_770A	Gigaspora rosea | woodslee_203A	T1	T10	False	0.68	8.33	1.9	16.47	6.5
PX215079.1	PX215099.1	Gigaspora rosea | BEG9_770A	Gigaspora rosea | woodslee_203A	T1	T10	False	0.61	8.33	1.9	16.47	6.5
PX215079.1	PX215100.1	Gigaspora rosea | BEG9_770A	Gigaspora rosea | woodslee_203A	T1	T6	False	0.48	12.5	1.9	16.47	6.5
PX215079.1	PX215101.1	Gigaspora rosea | BEG9_770A	Gigaspora rosea | 4752_496A	T1	T3	False	0.54	12.5	2.53	13.53	6.06
PX215079.1	PX215102.1	Gigaspora rosea | BEG9_770A	Gigaspora rosea | 4752_496A	T1	T8	False	0.61	8.33	1.9	12.94	6.06
PX215079.1	PX215103.1	Gigaspora rosea | BEG9_770A	Gigaspora rosea | CU131_1018C	T1	T7	False	0.54	12.5	0.63	13.53	6.05
PX215079.1	PX215104.1	Gigaspora rosea | BEG9_770A	Gigaspora rosea | 4752_496A	T1	T3	False	0.75	8.33	1.27	15.88	6.65
PX215079.1	PX215105.1	Gigaspora rosea | BEG9_770A	Gigaspora rosea | 4752_496A	T1	T3	False	0.82	8.33	1.9	15.29	6.64
PX215079.1	PX215106.1	Gigaspora rosea | BEG9_770A	Gigaspora rosea | BEG9_770A	T1	T11	True	0.54	12.86	2.53	14.71	7.84
PX215079.1	PX215107.1	Gigaspora rosea | BEG9_770A	Gigaspora rosea | 4511_973A	T1	T11	False	0.54	12.86	2.53	14.71	7.84
PX215079.1	PX215108.1	Gigaspora rosea | BEG9_770A	Gigaspora rosea | woodslee_203A	T1	T14	False	0.54	11.27	0.63	12.94	2.51
PX215079.1	PX215109.1	Gigaspora rosea | BEG9_770A	Gigaspora rosea | BEG9_770A	T1	T5	True	0.61	1.47	1.27	4.73	6.06
PX215079.1	PX215110.1	Gigaspora rosea | BEG9_770A	Gigaspora rosea | 194757_703A	T1	T5	False	0.61	1.47	1.27	4.73	6.06
PX215079.1	PX215111.1	Gigaspora rosea | BEG9_770A	Gigaspora rosea | 194757_703A	T1	T5	False	0.61	1.47	1.27	4.73	6.06
PX215079.1	PX215112.1	Gigaspora rosea | BEG9_770A	Gigaspora rosea | 4511_973A	T1	T5	False	0.61	1.47	1.27	4.73	6.06
PX215079.1	PX215113.1	Gigaspora rosea | BEG9_770A	Gigaspora rosea | CW0011_4010A	T1	T5	False	0.54	1.47	1.27	4.73	6.06
PX215079.1	PX215114.1	Gigaspora rosea | BEG9_770A	Gigaspora rosea | CW0011_4010A	T1	T5	False	0.41	1.47	1.27	4.73	6.06
PX215079.1	PX215115.1	Gigaspora rosea | BEG9_770A	Gigaspora rosea | 4752_496A	T1	T2	False	0.61	13.89	3.16	17.06	1.62
PX215079.1	PX215116.1	Gigaspora rosea | BEG9_770A	Gigaspora rosea | 4752_496A	T1	T2	False	0.61	13.89	3.16	17.06	1.92
PX215080.1	PX215081.1	Gigaspora rosea | 194757_703A	Gigaspora rosea | 4511_973A	T1	T1	False	0.0	0.0	0.0	0.0	0.0
PX215080.1	PX215082.1	Gigaspora rosea | 194757_703A	Gigaspora rosea | CW0011_4010A	T1	T1	False	0.14	0.0	0.0	0.0	0.15
PX215080.1	PX215083.1	Gigaspora rosea | 194757_703A	Gigaspora rosea | 194757_703A	T1	T1	True	0.34	0.0	0.0	0.0	0.0
PX215080.1	PX215084.1	Gigaspora rosea | 194757_703A	Gigaspora rosea | BEG9_770A	T1	T1	False	0.48	0.0	0.0	1.18	0.44
PX215080.1	PX215085.1	Gigaspora rosea | 194757_703A	Gigaspora rosea | 194757_703A	T1	T1	True	0.54	0.0	0.0	1.18	0.44
PX215080.1	PX215086.1	Gigaspora rosea | 194757_703A	Gigaspora rosea | CW0011_4010A	T1	T1	False	0.34	0.0	0.0	1.18	0.74
PX215080.1	PX215087.1	Gigaspora rosea | 194757_703A	Gigaspora rosea | 194757_703A	T1	T1	True	0.48	0.0	0.0	0.0	0.3
PX215080.1	PX215088.1	Gigaspora rosea | 194757_703A	Gigaspora rosea | 194757_703A	T1	T1	True	0.34	0.0	0.0	0.0	0.3
PX215080.1	PX215089.1	Gigaspora rosea | 194757_703A	Gigaspora rosea | CU131_1018C	T1	T9	False	0.2	4.17	0.63	0.59	1.33
PX215080.1	PX215090.1	Gigaspora rosea | 194757_703A	Gigaspora rosea | BEG9_770A	T1	T4	False	0.54	9.72	1.27	12.35	5.91
PX215080.1	PX215091.1	Gigaspora rosea | 194757_703A	Gigaspora rosea | 194757_703A	T1	T4	True	0.54	9.72	1.27	12.35	5.91
PX215080.1	PX215092.1	Gigaspora rosea | 194757_703A	Gigaspora rosea | 4511_973A	T1	T4	False	0.54	9.72	1.27	12.35	5.91
PX215080.1	PX215093.1	Gigaspora rosea | 194757_703A	Gigaspora rosea | 194757_703A	T1	T4	True	0.54	9.72	1.27	12.35	5.91
PX215080.1	PX215094.1	Gigaspora rosea | 194757_703A	Gigaspora rosea | 4511_973A	T1	T4	False	0.54	9.72	1.27	12.35	5.91
PX215080.1	PX215095.1	Gigaspora rosea | 194757_703A	Gigaspora rosea | CW0011_4010A	T1	T4	False	0.54	9.72	1.27	12.35	5.91
PX215080.1	PX215096.1	Gigaspora rosea | 194757_703A	Gigaspora rosea | woodslee_203A	T1	T6	False	0.61	9.72	1.27	14.12	6.2
PX215080.1	PX215097.1	Gigaspora rosea | 194757_703A	Gigaspora rosea | woodslee_203A	T1	T6	False	0.68	9.72	1.27	14.12	6.2
PX215080.1	PX215098.1	Gigaspora rosea | 194757_703A	Gigaspora rosea | woodslee_203A	T1	T10	False	0.68	8.33	1.9	16.47	6.5
PX215080.1	PX215099.1	Gigaspora rosea | 194757_703A	Gigaspora rosea | woodslee_203A	T1	T10	False	0.61	8.33	1.9	16.47	6.5
PX215080.1	PX215100.1	Gigaspora rosea | 194757_703A	Gigaspora rosea | woodslee_203A	T1	T6	False	0.48	12.5	1.9	16.47	6.5
PX215080.1	PX215101.1	Gigaspora rosea | 194757_703A	Gigaspora rosea | 4752_496A	T1	T3	False	0.54	12.5	2.53	13.53	6.06
PX215080.1	PX215102.1	Gigaspora rosea | 194757_703A	Gigaspora rosea | 4752_496A	T1	T8	False	0.61	8.33	1.9	12.94	6.06
PX215080.1	PX215103.1	Gigaspora rosea | 194757_703A	Gigaspora rosea | CU131_1018C	T1	T7	False	0.54	12.5	0.63	13.53	6.05
PX215080.1	PX215104.1	Gigaspora rosea | 194757_703A	Gigaspora rosea | 4752_496A	T1	T3	False	0.75	8.33	1.27	15.88	6.65
PX215080.1	PX215105.1	Gigaspora rosea | 194757_703A	Gigaspora rosea | 4752_496A	T1	T3	False	0.82	8.33	1.9	15.29	6.64
PX215080.1	PX215106.1	Gigaspora rosea | 194757_703A	Gigaspora rosea | BEG9_770A	T1	T11	False	0.54	12.86	2.53	14.71	7.84
PX215080.1	PX215107.1	Gigaspora rosea | 194757_703A	Gigaspora rosea | 4511_973A	T1	T11	False	0.54	12.86	2.53	14.71	7.84
PX215080.1	PX215108.1	Gigaspora rosea | 194757_703A	Gigaspora rosea | woodslee_203A	T1	T14	False	0.54	11.27	0.63	12.94	2.51
PX215080.1	PX215109.1	Gigaspora rosea | 194757_703A	Gigaspora rosea | BEG9_770A	T1	T5	False	0.61	1.47	1.27	4.73	6.06
PX215080.1	PX215110.1	Gigaspora rosea | 194757_703A	Gigaspora rosea | 194757_703A	T1	T5	True	0.61	1.47	1.27	4.73	6.06
PX215080.1	PX215111.1	Gigaspora rosea | 194757_703A	Gigaspora rosea | 194757_703A	T1	T5	True	0.61	1.47	1.27	4.73	6.06
PX215080.1	PX215112.1	Gigaspora rosea | 194757_703A	Gigaspora rosea | 4511_973A	T1	T5	False	0.61	1.47	1.27	4.73	6.06
PX215080.1	PX215113.1	Gigaspora rosea | 194757_703A	Gigaspora rosea | CW0011_4010A	T1	T5	False	0.54	1.47	1.27	4.73	6.06
PX215080.1	PX215114.1	Gigaspora rosea | 194757_703A	Gigaspora rosea | CW0011_4010A	T1	T5	False	0.41	1.47	1.27	4.73	6.06
PX215080.1	PX215115.1	Gigaspora rosea | 194757_703A	Gigaspora rosea | 4752_496A	T1	T2	False	0.61	13.89	3.16	17.06	1.62
PX215080.1	PX215116.1	Gigaspora rosea | 194757_703A	Gigaspora rosea | 4752_496A	T1	T2	False	0.61	13.89	3.16	17.06	1.92
PX215081.1	PX215082.1	Gigaspora rosea | 4511_973A	Gigaspora rosea | CW0011_4010A	T1	T1	False	0.14	0.0	0.0	0.0	0.15
PX215081.1	PX215083.1	Gigaspora rosea | 4511_973A	Gigaspora rosea | 194757_703A	T1	T1	False	0.34	0.0	0.0	0.0	0.0
PX215081.1	PX215084.1	Gigaspora rosea | 4511_973A	Gigaspora rosea | BEG9_770A	T1	T1	False	0.48	0.0	0.0	1.18	0.44
PX215081.1	PX215085.1	Gigaspora rosea | 4511_973A	Gigaspora rosea | 194757_703A	T1	T1	False	0.54	0.0	0.0	1.18	0.44
PX215081.1	PX215086.1	Gigaspora rosea | 4511_973A	Gigaspora rosea | CW0011_4010A	T1	T1	False	0.34	0.0	0.0	1.18	0.74
PX215081.1	PX215087.1	Gigaspora rosea | 4511_973A	Gigaspora rosea | 194757_703A	T1	T1	False	0.48	0.0	0.0	0.0	0.3
PX215081.1	PX215088.1	Gigaspora rosea | 4511_973A	Gigaspora rosea | 194757_703A	T1	T1	False	0.34	0.0	0.0	0.0	0.3
PX215081.1	PX215089.1	Gigaspora rosea | 4511_973A	Gigaspora rosea | CU131_1018C	T1	T9	False	0.2	4.17	0.63	0.59	1.33
PX215081.1	PX215090.1	Gigaspora rosea | 4511_973A	Gigaspora rosea | BEG9_770A	T1	T4	False	0.54	9.72	1.27	12.35	5.91
PX215081.1	PX215091.1	Gigaspora rosea | 4511_973A	Gigaspora rosea | 194757_703A	T1	T4	False	0.54	9.72	1.27	12.35	5.91
PX215081.1	PX215092.1	Gigaspora rosea | 4511_973A	Gigaspora rosea | 4511_973A	T1	T4	True	0.54	9.72	1.27	12.35	5.91
PX215081.1	PX215093.1	Gigaspora rosea | 4511_973A	Gigaspora rosea | 194757_703A	T1	T4	False	0.54	9.72	1.27	12.35	5.91
PX215081.1	PX215094.1	Gigaspora rosea | 4511_973A	Gigaspora rosea | 4511_973A	T1	T4	True	0.54	9.72	1.27	12.35	5.91
PX215081.1	PX215095.1	Gigaspora rosea | 4511_973A	Gigaspora rosea | CW0011_4010A	T1	T4	False	0.54	9.72	1.27	12.35	5.91
PX215081.1	PX215096.1	Gigaspora rosea | 4511_973A	Gigaspora rosea | woodslee_203A	T1	T6	False	0.61	9.72	1.27	14.12	6.2
PX215081.1	PX215097.1	Gigaspora rosea | 4511_973A	Gigaspora rosea | woodslee_203A	T1	T6	False	0.68	9.72	1.27	14.12	6.2
PX215081.1	PX215098.1	Gigaspora rosea | 4511_973A	Gigaspora rosea | woodslee_203A	T1	T10	False	0.68	8.33	1.9	16.47	6.5
PX215081.1	PX215099.1	Gigaspora rosea | 4511_973A	Gigaspora rosea | woodslee_203A	T1	T10	False	0.61	8.33	1.9	16.47	6.5
PX215081.1	PX215100.1	Gigaspora rosea | 4511_973A	Gigaspora rosea | woodslee_203A	T1	T6	False	0.48	12.5	1.9	16.47	6.5
PX215081.1	PX215101.1	Gigaspora rosea | 4511_973A	Gigaspora rosea | 4752_496A	T1	T3	False	0.54	12.5	2.53	13.53	6.06
PX215081.1	PX215102.1	Gigaspora rosea | 4511_973A	Gigaspora rosea | 4752_496A	T1	T8	False	0.61	8.33	1.9	12.94	6.06
PX215081.1	PX215103.1	Gigaspora rosea | 4511_973A	Gigaspora rosea | CU131_1018C	T1	T7	False	0.54	12.5	0.63	13.53	6.05
PX215081.1	PX215104.1	Gigaspora rosea | 4511_973A	Gigaspora rosea | 4752_496A	T1	T3	False	0.75	8.33	1.27	15.88	6.65
PX215081.1	PX215105.1	Gigaspora rosea | 4511_973A	Gigaspora rosea | 4752_496A	T1	T3	False	0.82	8.33	1.9	15.29	6.64
PX215081.1	PX215106.1	Gigaspora rosea | 4511_973A	Gigaspora rosea | BEG9_770A	T1	T11	False	0.54	12.86	2.53	14.71	7.84
PX215081.1	PX215107.1	Gigaspora rosea | 4511_973A	Gigaspora rosea | 4511_973A	T1	T11	True	0.54	12.86	2.53	14.71	7.84
PX215081.1	PX215108.1	Gigaspora rosea | 4511_973A	Gigaspora rosea | woodslee_203A	T1	T14	False	0.54	11.27	0.63	12.94	2.51
PX215081.1	PX215109.1	Gigaspora rosea | 4511_973A	Gigaspora rosea | BEG9_770A	T1	T5	False	0.61	1.47	1.27	4.73	6.06
PX215081.1	PX215110.1	Gigaspora rosea | 4511_973A	Gigaspora rosea | 194757_703A	T1	T5	False	0.61	1.47	1.27	4.73	6.06
PX215081.1	PX215111.1	Gigaspora rosea | 4511_973A	Gigaspora rosea | 194757_703A	T1	T5	False	0.61	1.47	1.27	4.73	6.06
PX215081.1	PX215112.1	Gigaspora rosea | 4511_973A	Gigaspora rosea | 4511_973A	T1	T5	True	0.61	1.47	1.27	4.73	6.06
PX215081.1	PX215113.1	Gigaspora rosea | 4511_973A	Gigaspora rosea | CW0011_4010A	T1	T5	False	0.54	1.47	1.27	4.73	6.06
PX215081.1	PX215114.1	Gigaspora rosea | 4511_973A	Gigaspora rosea | CW0011_4010A	T1	T5	False	0.41	1.47	1.27	4.73	6.06
PX215081.1	PX215115.1	Gigaspora rosea | 4511_973A	Gigaspora rosea | 4752_496A	T1	T2	False	0.61	13.89	3.16	17.06	1.62
PX215081.1	PX215116.1	Gigaspora rosea | 4511_973A	Gigaspora rosea | 4752_496A	T1	T2	False	0.61	13.89	3.16	17.06	1.92
PX215082.1	PX215083.1	Gigaspora rosea | CW0011_4010A	Gigaspora rosea | 194757_703A	T1	T1	False	0.34	0.0	0.0	0.0	0.15
PX215082.1	PX215084.1	Gigaspora rosea | CW0011_4010A	Gigaspora rosea | BEG9_770A	T1	T1	False	0.48	0.0	0.0	1.18	0.59
PX215082.1	PX215085.1	Gigaspora rosea | CW0011_4010A	Gigaspora rosea | 194757_703A	T1	T1	False	0.54	0.0	0.0	1.18	0.59
PX215082.1	PX215086.1	Gigaspora rosea | CW0011_4010A	Gigaspora rosea | CW0011_4010A	T1	T1	True	0.34	0.0	0.0	1.18	0.88
PX215082.1	PX215087.1	Gigaspora rosea | CW0011_4010A	Gigaspora rosea | 194757_703A	T1	T1	False	0.48	0.0	0.0	0.0	0.44
PX215082.1	PX215088.1	Gigaspora rosea | CW0011_4010A	Gigaspora rosea | 194757_703A	T1	T1	False	0.41	0.0	0.0	0.0	0.44
PX215082.1	PX215089.1	Gigaspora rosea | CW0011_4010A	Gigaspora rosea | CU131_1018C	T1	T9	False	0.2	4.17	0.63	0.59	1.47
PX215082.1	PX215090.1	Gigaspora rosea | CW0011_4010A	Gigaspora rosea | BEG9_770A	T1	T4	False	0.54	9.72	1.27	12.35	6.06
PX215082.1	PX215091.1	Gigaspora rosea | CW0011_4010A	Gigaspora rosea | 194757_703A	T1	T4	False	0.54	9.72	1.27	12.35	6.06
PX215082.1	PX215092.1	Gigaspora rosea | CW0011_4010A	Gigaspora rosea | 4511_973A	T1	T4	False	0.54	9.72	1.27	12.35	6.06
PX215082.1	PX215093.1	Gigaspora rosea | CW0011_4010A	Gigaspora rosea | 194757_703A	T1	T4	False	0.54	9.72	1.27	12.35	6.06
PX215082.1	PX215094.1	Gigaspora rosea | CW0011_4010A	Gigaspora rosea | 4511_973A	T1	T4	False	0.54	9.72	1.27	12.35	6.06
PX215082.1	PX215095.1	Gigaspora rosea | CW0011_4010A	Gigaspora rosea | CW0011_4010A	T1	T4	True	0.54	9.72	1.27	12.35	6.06
PX215082.1	PX215096.1	Gigaspora rosea | CW0011_4010A	Gigaspora rosea | woodslee_203A	T1	T6	False	0.75	9.72	1.27	14.12	6.35
PX215082.1	PX215097.1	Gigaspora rosea | CW0011_4010A	Gigaspora rosea | woodslee_203A	T1	T6	False	0.68	9.72	1.27	14.12	6.35
PX215082.1	PX215098.1	Gigaspora rosea | CW0011_4010A	Gigaspora rosea | woodslee_203A	T1	T10	False	0.68	8.33	1.9	16.47	6.65
PX215082.1	PX215099.1	Gigaspora rosea | CW0011_4010A	Gigaspora rosea | woodslee_203A	T1	T10	False	0.61	8.33	1.9	16.47	6.65
PX215082.1	PX215100.1	Gigaspora rosea | CW0011_4010A	Gigaspora rosea | woodslee_203A	T1	T6	False	0.48	12.5	1.9	16.47	6.65
PX215082.1	PX215101.1	Gigaspora rosea | CW0011_4010A	Gigaspora rosea | 4752_496A	T1	T3	False	0.68	12.5	2.53	13.53	6.2
PX215082.1	PX215102.1	Gigaspora rosea | CW0011_4010A	Gigaspora rosea | 4752_496A	T1	T8	False	0.61	8.33	1.9	12.94	6.2
PX215082.1	PX215103.1	Gigaspora rosea | CW0011_4010A	Gigaspora rosea | CU131_1018C	T1	T7	False	0.54	12.5	0.63	13.53	6.19
PX215082.1	PX215104.1	Gigaspora rosea | CW0011_4010A	Gigaspora rosea | 4752_496A	T1	T3	False	0.75	8.33	1.27	15.88	6.79
PX215082.1	PX215105.1	Gigaspora rosea | CW0011_4010A	Gigaspora rosea | 4752_496A	T1	T3	False	0.82	8.33	1.9	15.29	6.78
PX215082.1	PX215106.1	Gigaspora rosea | CW0011_4010A	Gigaspora rosea | BEG9_770A	T1	T11	False	0.54	12.86	2.53	14.71	7.99
PX215082.1	PX215107.1	Gigaspora rosea | CW0011_4010A	Gigaspora rosea | 4511_973A	T1	T11	False	0.54	12.86	2.53	14.71	7.99
PX215082.1	PX215108.1	Gigaspora rosea | CW0011_4010A	Gigaspora rosea | woodslee_203A	T1	T14	False	0.54	11.27	0.63	12.94	2.51
PX215082.1	PX215109.1	Gigaspora rosea | CW0011_4010A	Gigaspora rosea | BEG9_770A	T1	T5	False	0.61	1.47	1.27	4.73	6.2
PX215082.1	PX215110.1	Gigaspora rosea | CW0011_4010A	Gigaspora rosea | 194757_703A	T1	T5	False	0.61	1.47	1.27	4.73	6.2
PX215082.1	PX215111.1	Gigaspora rosea | CW0011_4010A	Gigaspora rosea | 194757_703A	T1	T5	False	0.61	1.47	1.27	4.73	6.2
PX215082.1	PX215112.1	Gigaspora rosea | CW0011_4010A	Gigaspora rosea | 4511_973A	T1	T5	False	0.61	1.47	1.27	4.73	6.2
PX215082.1	PX215113.1	Gigaspora rosea | CW0011_4010A	Gigaspora rosea | CW0011_4010A	T1	T5	True	0.54	1.47	1.27	4.73	6.2
PX215082.1	PX215114.1	Gigaspora rosea | CW0011_4010A	Gigaspora rosea | CW0011_4010A	T1	T5	True	0.41	1.47	1.27	4.73	6.2
PX215082.1	PX215115.1	Gigaspora rosea | CW0011_4010A	Gigaspora rosea | 4752_496A	T1	T2	False	0.61	13.89	3.16	17.06	1.77
PX215082.1	PX215116.1	Gigaspora rosea | CW0011_4010A	Gigaspora rosea | 4752_496A	T1	T2	False	0.61	13.89	3.16	17.06	2.06
PX215083.1	PX215084.1	Gigaspora rosea | 194757_703A	Gigaspora rosea | BEG9_770A	T1	T1	False	0.27	0.0	0.0	1.18	0.44
PX215083.1	PX215085.1	Gigaspora rosea | 194757_703A	Gigaspora rosea | 194757_703A	T1	T1	True	0.34	0.0	0.0	1.18	0.44
PX215083.1	PX215086.1	Gigaspora rosea | 194757_703A	Gigaspora rosea | CW0011_4010A	T1	T1	False	0.34	0.0	0.0	1.18	0.74
PX215083.1	PX215087.1	Gigaspora rosea | 194757_703A	Gigaspora rosea | 194757_703A	T1	T1	True	0.27	0.0	0.0	0.0	0.3
PX215083.1	PX215088.1	Gigaspora rosea | 194757_703A	Gigaspora rosea | 194757_703A	T1	T1	True	0.14	0.0	0.0	0.0	0.3
PX215083.1	PX215089.1	Gigaspora rosea | 194757_703A	Gigaspora rosea | CU131_1018C	T1	T9	False	0.34	4.17	0.63	0.59	1.33
PX215083.1	PX215090.1	Gigaspora rosea | 194757_703A	Gigaspora rosea | BEG9_770A	T1	T4	False	0.68	9.72	1.27	12.35	5.91
PX215083.1	PX215091.1	Gigaspora rosea | 194757_703A	Gigaspora rosea | 194757_703A	T1	T4	True	0.68	9.72	1.27	12.35	5.91
PX215083.1	PX215092.1	Gigaspora rosea | 194757_703A	Gigaspora rosea | 4511_973A	T1	T4	False	0.68	9.72	1.27	12.35	5.91
PX215083.1	PX215093.1	Gigaspora rosea | 194757_703A	Gigaspora rosea | 194757_703A	T1	T4	True	0.68	9.72	1.27	12.35	5.91
PX215083.1	PX215094.1	Gigaspora rosea | 194757_703A	Gigaspora rosea | 4511_973A	T1	T4	False	0.68	9.72	1.27	12.35	5.91
PX215083.1	PX215095.1	Gigaspora rosea | 194757_703A	Gigaspora rosea | CW0011_4010A	T1	T4	False	0.68	9.72	1.27	12.35	5.91
PX215083.1	PX215096.1	Gigaspora rosea | 194757_703A	Gigaspora rosea | woodslee_203A	T1	T6	False	0.88	9.72	1.27	14.12	6.2
PX215083.1	PX215097.1	Gigaspora rosea | 194757_703A	Gigaspora rosea | woodslee_203A	T1	T6	False	0.82	9.72	1.27	14.12	6.2
PX215083.1	PX215098.1	Gigaspora rosea | 194757_703A	Gigaspora rosea | woodslee_203A	T1	T10	False	0.88	8.33	1.9	16.47	6.5
PX215083.1	PX215099.1	Gigaspora rosea | 194757_703A	Gigaspora rosea | woodslee_203A	T1	T10	False	0.75	8.33	1.9	16.47	6.5
PX215083.1	PX215100.1	Gigaspora rosea | 194757_703A	Gigaspora rosea | woodslee_203A	T1	T6	False	0.61	12.5	1.9	16.47	6.5
PX215083.1	PX215101.1	Gigaspora rosea | 194757_703A	Gigaspora rosea | 4752_496A	T1	T3	False	0.82	12.5	2.53	13.53	6.06
PX215083.1	PX215102.1	Gigaspora rosea | 194757_703A	Gigaspora rosea | 4752_496A	T1	T8	False	0.75	8.33	1.9	12.94	6.06
PX215083.1	PX215103.1	Gigaspora rosea | 194757_703A	Gigaspora rosea | CU131_1018C	T1	T7	False	0.68	12.5	0.63	13.53	6.05
PX215083.1	PX215104.1	Gigaspora rosea | 194757_703A	Gigaspora rosea | 4752_496A	T1	T3	False	0.88	8.33	1.27	15.88	6.65
PX215083.1	PX215105.1	Gigaspora rosea | 194757_703A	Gigaspora rosea | 4752_496A	T1	T3	False	0.82	8.33	1.9	15.29	6.64
PX215083.1	PX215106.1	Gigaspora rosea | 194757_703A	Gigaspora rosea | BEG9_770A	T1	T11	False	0.68	12.86	2.53	14.71	7.84
PX215083.1	PX215107.1	Gigaspora rosea | 194757_703A	Gigaspora rosea | 4511_973A	T1	T11	False	0.68	12.86	2.53	14.71	7.84
PX215083.1	PX215108.1	Gigaspora rosea | 194757_703A	Gigaspora rosea | woodslee_203A	T1	T14	False	0.75	11.27	0.63	12.94	2.51
PX215083.1	PX215109.1	Gigaspora rosea | 194757_703A	Gigaspora rosea | BEG9_770A	T1	T5	False	0.61	1.47	1.27	4.73	6.06
PX215083.1	PX215110.1	Gigaspora rosea | 194757_703A	Gigaspora rosea | 194757_703A	T1	T5	True	0.61	1.47	1.27	4.73	6.06
PX215083.1	PX215111.1	Gigaspora rosea | 194757_703A	Gigaspora rosea | 194757_703A	T1	T5	True	0.61	1.47	1.27	4.73	6.06
PX215083.1	PX215112.1	Gigaspora rosea | 194757_703A	Gigaspora rosea | 4511_973A	T1	T5	False	0.61	1.47	1.27	4.73	6.06
PX215083.1	PX215113.1	Gigaspora rosea | 194757_703A	Gigaspora rosea | CW0011_4010A	T1	T5	False	0.54	1.47	1.27	4.73	6.06
PX215083.1	PX215114.1	Gigaspora rosea | 194757_703A	Gigaspora rosea | CW0011_4010A	T1	T5	False	0.41	1.47	1.27	4.73	6.06
PX215083.1	PX215115.1	Gigaspora rosea | 194757_703A	Gigaspora rosea | 4752_496A	T1	T2	False	0.82	13.89	3.16	17.06	1.62
PX215083.1	PX215116.1	Gigaspora rosea | 194757_703A	Gigaspora rosea | 4752_496A	T1	T2	False	0.82	13.89	3.16	17.06	1.92
PX215084.1	PX215085.1	Gigaspora rosea | BEG9_770A	Gigaspora rosea | 194757_703A	T1	T1	False	0.07	0.0	0.0	0.0	0.0
PX215084.1	PX215086.1	Gigaspora rosea | BEG9_770A	Gigaspora rosea | CW0011_4010A	T1	T1	False	0.14	0.0	0.0	0.0	0.29
PX215084.1	PX215087.1	Gigaspora rosea | BEG9_770A	Gigaspora rosea | 194757_703A	T1	T1	False	0.0	0.0	0.0	1.18	0.3
PX215084.1	PX215088.1	Gigaspora rosea | BEG9_770A	Gigaspora rosea | 194757_703A	T1	T1	False	0.41	0.0	0.0	1.18	0.3
PX215084.1	PX215089.1	Gigaspora rosea | BEG9_770A	Gigaspora rosea | CU131_1018C	T1	T9	False	0.41	4.17	0.63	0.59	1.47
PX215084.1	PX215090.1	Gigaspora rosea | BEG9_770A	Gigaspora rosea | BEG9_770A	T1	T4	True	0.75	9.72	1.27	12.35	6.06
PX215084.1	PX215091.1	Gigaspora rosea | BEG9_770A	Gigaspora rosea | 194757_703A	T1	T4	False	0.75	9.72	1.27	12.35	6.06
PX215084.1	PX215092.1	Gigaspora rosea | BEG9_770A	Gigaspora rosea | 4511_973A	T1	T4	False	0.75	9.72	1.27	12.35	6.06
PX215084.1	PX215093.1	Gigaspora rosea | BEG9_770A	Gigaspora rosea | 194757_703A	T1	T4	False	0.75	9.72	1.27	12.35	6.06
PX215084.1	PX215094.1	Gigaspora rosea | BEG9_770A	Gigaspora rosea | 4511_973A	T1	T4	False	0.75	9.72	1.27	12.35	6.06
PX215084.1	PX215095.1	Gigaspora rosea | BEG9_770A	Gigaspora rosea | CW0011_4010A	T1	T4	False	0.75	9.72	1.27	12.35	6.06
PX215084.1	PX215096.1	Gigaspora rosea | BEG9_770A	Gigaspora rosea | woodslee_203A	T1	T6	False	0.95	9.72	1.27	14.12	6.35
PX215084.1	PX215097.1	Gigaspora rosea | BEG9_770A	Gigaspora rosea | woodslee_203A	T1	T6	False	0.88	9.72	1.27	14.12	6.35
PX215084.1	PX215098.1	Gigaspora rosea | BEG9_770A	Gigaspora rosea | woodslee_203A	T1	T10	False	1.02	8.33	1.9	16.47	6.65
PX215084.1	PX215099.1	Gigaspora rosea | BEG9_770A	Gigaspora rosea | woodslee_203A	T1	T10	False	0.88	8.33	1.9	16.47	6.65
PX215084.1	PX215100.1	Gigaspora rosea | BEG9_770A	Gigaspora rosea | woodslee_203A	T1	T6	False	0.68	12.5	1.9	16.47	6.65
PX215084.1	PX215101.1	Gigaspora rosea | BEG9_770A	Gigaspora rosea | 4752_496A	T1	T3	False	0.88	12.5	2.53	13.53	6.2
PX215084.1	PX215102.1	Gigaspora rosea | BEG9_770A	Gigaspora rosea | 4752_496A	T1	T8	False	0.82	8.33	1.9	12.94	5.91
PX215084.1	PX215103.1	Gigaspora rosea | BEG9_770A	Gigaspora rosea | CU131_1018C	T1	T7	False	0.75	12.5	0.63	13.53	6.19
PX215084.1	PX215104.1	Gigaspora rosea | BEG9_770A	Gigaspora rosea | 4752_496A	T1	T3	False	0.95	8.33	1.27	15.88	6.79
PX215084.1	PX215105.1	Gigaspora rosea | BEG9_770A	Gigaspora rosea | 4752_496A	T1	T3	False	0.88	8.33	1.9	15.29	6.78
PX215084.1	PX215106.1	Gigaspora rosea | BEG9_770A	Gigaspora rosea | BEG9_770A	T1	T11	True	0.75	12.86	2.53	14.71	7.99
PX215084.1	PX215107.1	Gigaspora rosea | BEG9_770A	Gigaspora rosea | 4511_973A	T1	T11	False	0.75	12.86	2.53	14.71	7.99
PX215084.1	PX215108.1	Gigaspora rosea | BEG9_770A	Gigaspora rosea | woodslee_203A	T1	T14	False	0.88	11.27	0.63	12.94	2.65
PX215084.1	PX215109.1	Gigaspora rosea | BEG9_770A	Gigaspora rosea | BEG9_770A	T1	T5	True	0.68	1.47	1.27	3.55	6.2
PX215084.1	PX215110.1	Gigaspora rosea | BEG9_770A	Gigaspora rosea | 194757_703A	T1	T5	False	0.68	1.47	1.27	3.55	6.2
PX215084.1	PX215111.1	Gigaspora rosea | BEG9_770A	Gigaspora rosea | 194757_703A	T1	T5	False	0.68	1.47	1.27	3.55	6.2
PX215084.1	PX215112.1	Gigaspora rosea | BEG9_770A	Gigaspora rosea | 4511_973A	T1	T5	False	0.68	1.47	1.27	3.55	6.2
PX215084.1	PX215113.1	Gigaspora rosea | BEG9_770A	Gigaspora rosea | CW0011_4010A	T1	T5	False	0.61	1.47	1.27	3.55	6.2
PX215084.1	PX215114.1	Gigaspora rosea | BEG9_770A	Gigaspora rosea | CW0011_4010A	T1	T5	False	0.48	1.47	1.27	3.55	6.2
PX215084.1	PX215115.1	Gigaspora rosea | BEG9_770A	Gigaspora rosea | 4752_496A	T1	T2	False	0.95	13.89	3.16	17.06	1.77
PX215084.1	PX215116.1	Gigaspora rosea | BEG9_770A	Gigaspora rosea | 4752_496A	T1	T2	False	0.95	13.89	3.16	17.06	2.06
PX215085.1	PX215086.1	Gigaspora rosea | 194757_703A	Gigaspora rosea | CW0011_4010A	T1	T1	False	0.2	0.0	0.0	0.0	0.29
PX215085.1	PX215087.1	Gigaspora rosea | 194757_703A	Gigaspora rosea | 194757_703A	T1	T1	True	0.07	0.0	0.0	1.18	0.3
PX215085.1	PX215088.1	Gigaspora rosea | 194757_703A	Gigaspora rosea | 194757_703A	T1	T1	True	0.48	0.0	0.0	1.18	0.3
PX215085.1	PX215089.1	Gigaspora rosea | 194757_703A	Gigaspora rosea | CU131_1018C	T1	T9	False	0.48	4.17	0.63	0.59	1.47
PX215085.1	PX215090.1	Gigaspora rosea | 194757_703A	Gigaspora rosea | BEG9_770A	T1	T4	False	0.82	9.72	1.27	12.35	6.06
PX215085.1	PX215091.1	Gigaspora rosea | 194757_703A	Gigaspora rosea | 194757_703A	T1	T4	True	0.82	9.72	1.27	12.35	6.06
PX215085.1	PX215092.1	Gigaspora rosea | 194757_703A	Gigaspora rosea | 4511_973A	T1	T4	False	0.82	9.72	1.27	12.35	6.06
PX215085.1	PX215093.1	Gigaspora rosea | 194757_703A	Gigaspora rosea | 194757_703A	T1	T4	True	0.82	9.72	1.27	12.35	6.06
PX215085.1	PX215094.1	Gigaspora rosea | 194757_703A	Gigaspora rosea | 4511_973A	T1	T4	False	0.82	9.72	1.27	12.35	6.06
PX215085.1	PX215095.1	Gigaspora rosea | 194757_703A	Gigaspora rosea | CW0011_4010A	T1	T4	False	0.82	9.72	1.27	12.35	6.06
PX215085.1	PX215096.1	Gigaspora rosea | 194757_703A	Gigaspora rosea | woodslee_203A	T1	T6	False	1.02	9.72	1.27	14.12	6.35
PX215085.1	PX215097.1	Gigaspora rosea | 194757_703A	Gigaspora rosea | woodslee_203A	T1	T6	False	0.95	9.72	1.27	14.12	6.35
PX215085.1	PX215098.1	Gigaspora rosea | 194757_703A	Gigaspora rosea | woodslee_203A	T1	T10	False	1.09	8.33	1.9	16.47	6.65
PX215085.1	PX215099.1	Gigaspora rosea | 194757_703A	Gigaspora rosea | woodslee_203A	T1	T10	False	0.95	8.33	1.9	16.47	6.65
PX215085.1	PX215100.1	Gigaspora rosea | 194757_703A	Gigaspora rosea | woodslee_203A	T1	T6	False	0.75	12.5	1.9	16.47	6.65
PX215085.1	PX215101.1	Gigaspora rosea | 194757_703A	Gigaspora rosea | 4752_496A	T1	T3	False	0.95	12.5	2.53	13.53	6.2
PX215085.1	PX215102.1	Gigaspora rosea | 194757_703A	Gigaspora rosea | 4752_496A	T1	T8	False	0.88	8.33	1.9	12.94	5.91
PX215085.1	PX215103.1	Gigaspora rosea | 194757_703A	Gigaspora rosea | CU131_1018C	T1	T7	False	0.82	12.5	0.63	13.53	6.19
PX215085.1	PX215104.1	Gigaspora rosea | 194757_703A	Gigaspora rosea | 4752_496A	T1	T3	False	1.02	8.33	1.27	15.88	6.79
PX215085.1	PX215105.1	Gigaspora rosea | 194757_703A	Gigaspora rosea | 4752_496A	T1	T3	False	0.95	8.33	1.9	15.29	6.78
PX215085.1	PX215106.1	Gigaspora rosea | 194757_703A	Gigaspora rosea | BEG9_770A	T1	T11	False	0.82	12.86	2.53	14.71	7.99
PX215085.1	PX215107.1	Gigaspora rosea | 194757_703A	Gigaspora rosea | 4511_973A	T1	T11	False	0.82	12.86	2.53	14.71	7.99
PX215085.1	PX215108.1	Gigaspora rosea | 194757_703A	Gigaspora rosea | woodslee_203A	T1	T14	False	0.95	11.27	0.63	12.94	2.65
PX215085.1	PX215109.1	Gigaspora rosea | 194757_703A	Gigaspora rosea | BEG9_770A	T1	T5	False	0.75	1.47	1.27	3.55	6.2
PX215085.1	PX215110.1	Gigaspora rosea | 194757_703A	Gigaspora rosea | 194757_703A	T1	T5	True	0.75	1.47	1.27	3.55	6.2
PX215085.1	PX215111.1	Gigaspora rosea | 194757_703A	Gigaspora rosea | 194757_703A	T1	T5	True	0.75	1.47	1.27	3.55	6.2
PX215085.1	PX215112.1	Gigaspora rosea | 194757_703A	Gigaspora rosea | 4511_973A	T1	T5	False	0.75	1.47	1.27	3.55	6.2
PX215085.1	PX215113.1	Gigaspora rosea | 194757_703A	Gigaspora rosea | CW0011_4010A	T1	T5	False	0.68	1.47	1.27	3.55	6.2
PX215085.1	PX215114.1	Gigaspora rosea | 194757_703A	Gigaspora rosea | CW0011_4010A	T1	T5	False	0.54	1.47	1.27	3.55	6.2
PX215085.1	PX215115.1	Gigaspora rosea | 194757_703A	Gigaspora rosea | 4752_496A	T1	T2	False	1.02	13.89	3.16	17.06	1.77
PX215085.1	PX215116.1	Gigaspora rosea | 194757_703A	Gigaspora rosea | 4752_496A	T1	T2	False	1.02	13.89	3.16	17.06	2.06
PX215086.1	PX215087.1	Gigaspora rosea | CW0011_4010A	Gigaspora rosea | 194757_703A	T1	T1	False	0.14	0.0	0.0	1.18	0.59
PX215086.1	PX215088.1	Gigaspora rosea | CW0011_4010A	Gigaspora rosea | 194757_703A	T1	T1	False	0.48	0.0	0.0	1.18	0.59
PX215086.1	PX215089.1	Gigaspora rosea | CW0011_4010A	Gigaspora rosea | CU131_1018C	T1	T9	False	0.27	4.17	0.63	0.59	1.77
PX215086.1	PX215090.1	Gigaspora rosea | CW0011_4010A	Gigaspora rosea | BEG9_770A	T1	T4	False	0.61	9.72	1.27	12.35	6.35
PX215086.1	PX215091.1	Gigaspora rosea | CW0011_4010A	Gigaspora rosea | 194757_703A	T1	T4	False	0.61	9.72	1.27	12.35	6.35
PX215086.1	PX215092.1	Gigaspora rosea | CW0011_4010A	Gigaspora rosea | 4511_973A	T1	T4	False	0.61	9.72	1.27	12.35	6.35
PX215086.1	PX215093.1	Gigaspora rosea | CW0011_4010A	Gigaspora rosea | 194757_703A	T1	T4	False	0.61	9.72	1.27	12.35	6.35
PX215086.1	PX215094.1	Gigaspora rosea | CW0011_4010A	Gigaspora rosea | 4511_973A	T1	T4	False	0.61	9.72	1.27	12.35	6.35
PX215086.1	PX215095.1	Gigaspora rosea | CW0011_4010A	Gigaspora rosea | CW0011_4010A	T1	T4	True	0.61	9.72	1.27	12.35	6.35
PX215086.1	PX215096.1	Gigaspora rosea | CW0011_4010A	Gigaspora rosea | woodslee_203A	T1	T6	False	0.82	9.72	1.27	14.12	6.65
PX215086.1	PX215097.1	Gigaspora rosea | CW0011_4010A	Gigaspora rosea | woodslee_203A	T1	T6	False	0.75	9.72	1.27	14.12	6.65
PX215086.1	PX215098.1	Gigaspora rosea | CW0011_4010A	Gigaspora rosea | woodslee_203A	T1	T10	False	0.88	8.33	1.9	16.47	6.94
PX215086.1	PX215099.1	Gigaspora rosea | CW0011_4010A	Gigaspora rosea | woodslee_203A	T1	T10	False	0.75	8.33	1.9	16.47	6.94
PX215086.1	PX215100.1	Gigaspora rosea | CW0011_4010A	Gigaspora rosea | woodslee_203A	T1	T6	False	0.54	12.5	1.9	16.47	6.94
PX215086.1	PX215101.1	Gigaspora rosea | CW0011_4010A	Gigaspora rosea | 4752_496A	T1	T3	False	0.75	12.5	2.53	13.53	6.5
PX215086.1	PX215102.1	Gigaspora rosea | CW0011_4010A	Gigaspora rosea | 4752_496A	T1	T8	False	0.68	8.33	1.9	12.94	6.2
PX215086.1	PX215103.1	Gigaspora rosea | CW0011_4010A	Gigaspora rosea | CU131_1018C	T1	T7	False	0.61	12.5	0.63	13.53	6.49
PX215086.1	PX215104.1	Gigaspora rosea | CW0011_4010A	Gigaspora rosea | 4752_496A	T1	T3	False	0.82	8.33	1.27	15.88	7.09
PX215086.1	PX215105.1	Gigaspora rosea | CW0011_4010A	Gigaspora rosea | 4752_496A	T1	T3	False	0.75	8.33	1.9	15.29	7.08
PX215086.1	PX215106.1	Gigaspora rosea | CW0011_4010A	Gigaspora rosea | BEG9_770A	T1	T11	False	0.61	12.86	2.53	14.71	8.28
PX215086.1	PX215107.1	Gigaspora rosea | CW0011_4010A	Gigaspora rosea | 4511_973A	T1	T11	False	0.61	12.86	2.53	14.71	8.28
PX215086.1	PX215108.1	Gigaspora rosea | CW0011_4010A	Gigaspora rosea | woodslee_203A	T1	T14	False	0.75	11.27	0.63	12.94	2.95
PX215086.1	PX215109.1	Gigaspora rosea | CW0011_4010A	Gigaspora rosea | BEG9_770A	T1	T5	False	0.54	1.47	1.27	3.55	6.5
PX215086.1	PX215110.1	Gigaspora rosea | CW0011_4010A	Gigaspora rosea | 194757_703A	T1	T5	False	0.54	1.47	1.27	3.55	6.5
PX215086.1	PX215111.1	Gigaspora rosea | CW0011_4010A	Gigaspora rosea | 194757_703A	T1	T5	False	0.54	1.47	1.27	3.55	6.5
PX215086.1	PX215112.1	Gigaspora rosea | CW0011_4010A	Gigaspora rosea | 4511_973A	T1	T5	False	0.54	1.47	1.27	3.55	6.5
PX215086.1	PX215113.1	Gigaspora rosea | CW0011_4010A	Gigaspora rosea | CW0011_4010A	T1	T5	True	0.48	1.47	1.27	3.55	6.5
PX215086.1	PX215114.1	Gigaspora rosea | CW0011_4010A	Gigaspora rosea | CW0011_4010A	T1	T5	True	0.34	1.47	1.27	3.55	6.5
PX215086.1	PX215115.1	Gigaspora rosea | CW0011_4010A	Gigaspora rosea | 4752_496A	T1	T2	False	0.82	13.89	3.16	17.06	2.06
PX215086.1	PX215116.1	Gigaspora rosea | CW0011_4010A	Gigaspora rosea | 4752_496A	T1	T2	False	0.82	13.89	3.16	17.06	2.36
PX215087.1	PX215088.1	Gigaspora rosea | 194757_703A	Gigaspora rosea | 194757_703A	T1	T1	True	0.41	0.0	0.0	0.0	0.0
PX215087.1	PX215089.1	Gigaspora rosea | 194757_703A	Gigaspora rosea | CU131_1018C	T1	T9	False	0.41	4.17	0.63	0.59	1.48
PX215087.1	PX215090.1	Gigaspora rosea | 194757_703A	Gigaspora rosea | BEG9_770A	T1	T4	False	0.75	9.72	1.27	12.35	6.06
PX215087.1	PX215091.1	Gigaspora rosea | 194757_703A	Gigaspora rosea | 194757_703A	T1	T4	True	0.75	9.72	1.27	12.35	6.06
PX215087.1	PX215092.1	Gigaspora rosea | 194757_703A	Gigaspora rosea | 4511_973A	T1	T4	False	0.75	9.72	1.27	12.35	6.06
PX215087.1	PX215093.1	Gigaspora rosea | 194757_703A	Gigaspora rosea | 194757_703A	T1	T4	True	0.75	9.72	1.27	12.35	6.06
PX215087.1	PX215094.1	Gigaspora rosea | 194757_703A	Gigaspora rosea | 4511_973A	T1	T4	False	0.75	9.72	1.27	12.35	6.06
PX215087.1	PX215095.1	Gigaspora rosea | 194757_703A	Gigaspora rosea | CW0011_4010A	T1	T4	False	0.75	9.72	1.27	12.35	6.06
PX215087.1	PX215096.1	Gigaspora rosea | 194757_703A	Gigaspora rosea | woodslee_203A	T1	T6	False	0.95	9.72	1.27	14.12	6.35
PX215087.1	PX215097.1	Gigaspora rosea | 194757_703A	Gigaspora rosea | woodslee_203A	T1	T6	False	0.88	9.72	1.27	14.12	6.35
PX215087.1	PX215098.1	Gigaspora rosea | 194757_703A	Gigaspora rosea | woodslee_203A	T1	T10	False	1.02	8.33	1.9	16.47	6.65
PX215087.1	PX215099.1	Gigaspora rosea | 194757_703A	Gigaspora rosea | woodslee_203A	T1	T10	False	0.88	8.33	1.9	16.47	6.65
PX215087.1	PX215100.1	Gigaspora rosea | 194757_703A	Gigaspora rosea | woodslee_203A	T1	T6	False	0.68	12.5	1.9	16.47	6.65
PX215087.1	PX215101.1	Gigaspora rosea | 194757_703A	Gigaspora rosea | 4752_496A	T1	T3	False	0.88	12.5	2.53	13.53	6.2
PX215087.1	PX215102.1	Gigaspora rosea | 194757_703A	Gigaspora rosea | 4752_496A	T1	T8	False	0.82	8.33	1.9	12.94	6.2
PX215087.1	PX215103.1	Gigaspora rosea | 194757_703A	Gigaspora rosea | CU131_1018C	T1	T7	False	0.75	12.5	0.63	13.53	6.2
PX215087.1	PX215104.1	Gigaspora rosea | 194757_703A	Gigaspora rosea | 4752_496A	T1	T3	False	0.95	8.33	1.27	15.88	6.79
PX215087.1	PX215105.1	Gigaspora rosea | 194757_703A	Gigaspora rosea | 4752_496A	T1	T3	False	0.88	8.33	1.9	15.29	6.79
PX215087.1	PX215106.1	Gigaspora rosea | 194757_703A	Gigaspora rosea | BEG9_770A	T1	T11	False	0.75	12.86	2.53	14.71	7.99
PX215087.1	PX215107.1	Gigaspora rosea | 194757_703A	Gigaspora rosea | 4511_973A	T1	T11	False	0.75	12.86	2.53	14.71	7.99
PX215087.1	PX215108.1	Gigaspora rosea | 194757_703A	Gigaspora rosea | woodslee_203A	T1	T14	False	0.88	11.27	0.63	12.94	2.66
PX215087.1	PX215109.1	Gigaspora rosea | 194757_703A	Gigaspora rosea | BEG9_770A	T1	T5	False	0.68	1.47	1.27	4.73	6.2
PX215087.1	PX215110.1	Gigaspora rosea | 194757_703A	Gigaspora rosea | 194757_703A	T1	T5	True	0.68	1.47	1.27	4.73	6.2
PX215087.1	PX215111.1	Gigaspora rosea | 194757_703A	Gigaspora rosea | 194757_703A	T1	T5	True	0.68	1.47	1.27	4.73	6.2
PX215087.1	PX215112.1	Gigaspora rosea | 194757_703A	Gigaspora rosea | 4511_973A	T1	T5	False	0.68	1.47	1.27	4.73	6.2
PX215087.1	PX215113.1	Gigaspora rosea | 194757_703A	Gigaspora rosea | CW0011_4010A	T1	T5	False	0.61	1.47	1.27	4.73	6.2
PX215087.1	PX215114.1	Gigaspora rosea | 194757_703A	Gigaspora rosea | CW0011_4010A	T1	T5	False	0.48	1.47	1.27	4.73	6.2
PX215087.1	PX215115.1	Gigaspora rosea | 194757_703A	Gigaspora rosea | 4752_496A	T1	T2	False	0.95	13.89	3.16	17.06	1.77
PX215087.1	PX215116.1	Gigaspora rosea | 194757_703A	Gigaspora rosea | 4752_496A	T1	T2	False	0.95	13.89	3.16	17.06	2.07
PX215088.1	PX215089.1	Gigaspora rosea | 194757_703A	Gigaspora rosea | CU131_1018C	T1	T9	False	0.41	4.17	0.63	0.59	1.48
PX215088.1	PX215090.1	Gigaspora rosea | 194757_703A	Gigaspora rosea | BEG9_770A	T1	T4	False	0.75	9.72	1.27	12.35	6.06
PX215088.1	PX215091.1	Gigaspora rosea | 194757_703A	Gigaspora rosea | 194757_703A	T1	T4	True	0.75	9.72	1.27	12.35	6.06
PX215088.1	PX215092.1	Gigaspora rosea | 194757_703A	Gigaspora rosea | 4511_973A	T1	T4	False	0.75	9.72	1.27	12.35	6.06
PX215088.1	PX215093.1	Gigaspora rosea | 194757_703A	Gigaspora rosea | 194757_703A	T1	T4	True	0.75	9.72	1.27	12.35	6.06
PX215088.1	PX215094.1	Gigaspora rosea | 194757_703A	Gigaspora rosea | 4511_973A	T1	T4	False	0.75	9.72	1.27	12.35	6.06
PX215088.1	PX215095.1	Gigaspora rosea | 194757_703A	Gigaspora rosea | CW0011_4010A	T1	T4	False	0.75	9.72	1.27	12.35	6.06
PX215088.1	PX215096.1	Gigaspora rosea | 194757_703A	Gigaspora rosea | woodslee_203A	T1	T6	False	0.88	9.72	1.27	14.12	6.35
PX215088.1	PX215097.1	Gigaspora rosea | 194757_703A	Gigaspora rosea | woodslee_203A	T1	T6	False	0.88	9.72	1.27	14.12	6.35
PX215088.1	PX215098.1	Gigaspora rosea | 194757_703A	Gigaspora rosea | woodslee_203A	T1	T10	False	0.95	8.33	1.9	16.47	6.65
PX215088.1	PX215099.1	Gigaspora rosea | 194757_703A	Gigaspora rosea | woodslee_203A	T1	T10	False	0.82	8.33	1.9	16.47	6.65
PX215088.1	PX215100.1	Gigaspora rosea | 194757_703A	Gigaspora rosea | woodslee_203A	T1	T6	False	0.68	12.5	1.9	16.47	6.65
PX215088.1	PX215101.1	Gigaspora rosea | 194757_703A	Gigaspora rosea | 4752_496A	T1	T3	False	0.82	12.5	2.53	13.53	6.2
PX215088.1	PX215102.1	Gigaspora rosea | 194757_703A	Gigaspora rosea | 4752_496A	T1	T8	False	0.82	8.33	1.9	12.94	6.2
PX215088.1	PX215103.1	Gigaspora rosea | 194757_703A	Gigaspora rosea | CU131_1018C	T1	T7	False	0.75	12.5	0.63	13.53	6.2
PX215088.1	PX215104.1	Gigaspora rosea | 194757_703A	Gigaspora rosea | 4752_496A	T1	T3	False	0.95	8.33	1.27	15.88	6.79
PX215088.1	PX215105.1	Gigaspora rosea | 194757_703A	Gigaspora rosea | 4752_496A	T1	T3	False	0.95	8.33	1.9	15.29	6.79
PX215088.1	PX215106.1	Gigaspora rosea | 194757_703A	Gigaspora rosea | BEG9_770A	T1	T11	False	0.75	12.86	2.53	14.71	7.99
PX215088.1	PX215107.1	Gigaspora rosea | 194757_703A	Gigaspora rosea | 4511_973A	T1	T11	False	0.75	12.86	2.53	14.71	7.99
PX215088.1	PX215108.1	Gigaspora rosea | 194757_703A	Gigaspora rosea | woodslee_203A	T1	T14	False	0.82	11.27	0.63	12.94	2.66
PX215088.1	PX215109.1	Gigaspora rosea | 194757_703A	Gigaspora rosea | BEG9_770A	T1	T5	False	0.75	1.47	1.27	4.73	6.2
PX215088.1	PX215110.1	Gigaspora rosea | 194757_703A	Gigaspora rosea | 194757_703A	T1	T5	True	0.75	1.47	1.27	4.73	6.2
PX215088.1	PX215111.1	Gigaspora rosea | 194757_703A	Gigaspora rosea | 194757_703A	T1	T5	True	0.75	1.47	1.27	4.73	6.2
PX215088.1	PX215112.1	Gigaspora rosea | 194757_703A	Gigaspora rosea | 4511_973A	T1	T5	False	0.75	1.47	1.27	4.73	6.2
PX215088.1	PX215113.1	Gigaspora rosea | 194757_703A	Gigaspora rosea | CW0011_4010A	T1	T5	False	0.68	1.47	1.27	4.73	6.2
PX215088.1	PX215114.1	Gigaspora rosea | 194757_703A	Gigaspora rosea | CW0011_4010A	T1	T5	False	0.54	1.47	1.27	4.73	6.2
PX215088.1	PX215115.1	Gigaspora rosea | 194757_703A	Gigaspora rosea | 4752_496A	T1	T2	False	0.88	13.89	3.16	17.06	1.77
PX215088.1	PX215116.1	Gigaspora rosea | 194757_703A	Gigaspora rosea | 4752_496A	T1	T2	False	0.88	13.89	3.16	17.06	2.07
PX215089.1	PX215090.1	Gigaspora rosea | CU131_1018C	Gigaspora rosea | BEG9_770A	T9	T4	False	0.48	6.94	1.9	11.24	6.06
PX215089.1	PX215091.1	Gigaspora rosea | CU131_1018C	Gigaspora rosea | 194757_703A	T9	T4	False	0.48	6.94	1.9	11.24	6.06
PX215089.1	PX215092.1	Gigaspora rosea | CU131_1018C	Gigaspora rosea | 4511_973A	T9	T4	False	0.48	6.94	1.9	11.24	6.06
PX215089.1	PX215093.1	Gigaspora rosea | CU131_1018C	Gigaspora rosea | 194757_703A	T9	T4	False	0.48	6.94	1.9	11.24	6.06
PX215089.1	PX215094.1	Gigaspora rosea | CU131_1018C	Gigaspora rosea | 4511_973A	T9	T4	False	0.48	6.94	1.9	11.24	6.06
PX215089.1	PX215095.1	Gigaspora rosea | CU131_1018C	Gigaspora rosea | CW0011_4010A	T9	T4	False	0.48	6.94	1.9	11.24	6.06
PX215089.1	PX215096.1	Gigaspora rosea | CU131_1018C	Gigaspora rosea | woodslee_203A	T9	T6	False	0.68	5.56	1.9	13.61	6.35
PX215089.1	PX215097.1	Gigaspora rosea | CU131_1018C	Gigaspora rosea | woodslee_203A	T9	T6	False	0.61	5.56	1.9	13.61	6.35
PX215089.1	PX215098.1	Gigaspora rosea | CU131_1018C	Gigaspora rosea | woodslee_203A	T9	T10	False	0.75	5.56	2.53	15.98	6.35
PX215089.1	PX215099.1	Gigaspora rosea | CU131_1018C	Gigaspora rosea | woodslee_203A	T9	T10	False	0.61	5.56	2.53	15.98	6.35
PX215089.1	PX215100.1	Gigaspora rosea | CU131_1018C	Gigaspora rosea | woodslee_203A	T9	T6	False	0.41	8.33	2.53	15.98	6.35
PX215089.1	PX215101.1	Gigaspora rosea | CU131_1018C	Gigaspora rosea | 4752_496A	T9	T3	False	0.61	9.72	3.16	13.02	5.91
PX215089.1	PX215102.1	Gigaspora rosea | CU131_1018C	Gigaspora rosea | 4752_496A	T9	T8	False	0.54	4.17	2.53	12.43	6.2
PX215089.1	PX215103.1	Gigaspora rosea | CU131_1018C	Gigaspora rosea | CU131_1018C	T9	T7	True	0.48	11.11	1.27	13.02	5.9
PX215089.1	PX215104.1	Gigaspora rosea | CU131_1018C	Gigaspora rosea | 4752_496A	T9	T3	False	0.68	5.56	1.9	14.79	6.5
PX215089.1	PX215105.1	Gigaspora rosea | CU131_1018C	Gigaspora rosea | 4752_496A	T9	T3	False	0.75	5.56	2.53	14.79	6.49
PX215089.1	PX215106.1	Gigaspora rosea | CU131_1018C	Gigaspora rosea | BEG9_770A	T9	T11	False	0.48	10.0	3.16	14.2	7.69
PX215089.1	PX215107.1	Gigaspora rosea | CU131_1018C	Gigaspora rosea | 4511_973A	T9	T11	False	0.48	10.0	3.16	14.2	7.69
PX215089.1	PX215108.1	Gigaspora rosea | CU131_1018C	Gigaspora rosea | woodslee_203A	T9	T14	False	0.61	8.45	1.27	12.43	2.36
PX215089.1	PX215109.1	Gigaspora rosea | CU131_1018C	Gigaspora rosea | BEG9_770A	T9	T5	False	0.54	2.94	1.9	4.73	6.2
PX215089.1	PX215110.1	Gigaspora rosea | CU131_1018C	Gigaspora rosea | 194757_703A	T9	T5	False	0.54	2.94	1.9	4.73	6.2
PX215089.1	PX215111.1	Gigaspora rosea | CU131_1018C	Gigaspora rosea | 194757_703A	T9	T5	False	0.54	2.94	1.9	4.73	6.2
PX215089.1	PX215112.1	Gigaspora rosea | CU131_1018C	Gigaspora rosea | 4511_973A	T9	T5	False	0.54	2.94	1.9	4.73	6.2
PX215089.1	PX215113.1	Gigaspora rosea | CU131_1018C	Gigaspora rosea | CW0011_4010A	T9	T5	False	0.48	2.94	1.9	4.73	6.2
PX215089.1	PX215114.1	Gigaspora rosea | CU131_1018C	Gigaspora rosea | CW0011_4010A	T9	T5	False	0.34	2.94	1.9	4.73	6.2
PX215089.1	PX215115.1	Gigaspora rosea | CU131_1018C	Gigaspora rosea | 4752_496A	T9	T2	False	0.68	11.11	3.8	16.57	1.77
PX215089.1	PX215116.1	Gigaspora rosea | CU131_1018C	Gigaspora rosea | 4752_496A	T9	T2	False	0.68	11.11	3.8	16.57	2.06
PX215090.1	PX215091.1	Gigaspora rosea | BEG9_770A	Gigaspora rosea | 194757_703A	T4	T4	False	0.0	0.0	0.0	0.0	0.0
PX215090.1	PX215092.1	Gigaspora rosea | BEG9_770A	Gigaspora rosea | 4511_973A	T4	T4	False	0.0	0.0	0.0	0.0	0.0
PX215090.1	PX215093.1	Gigaspora rosea | BEG9_770A	Gigaspora rosea | 194757_703A	T4	T4	False	0.0	0.0	0.0	0.0	0.0
PX215090.1	PX215094.1	Gigaspora rosea | BEG9_770A	Gigaspora rosea | 4511_973A	T4	T4	False	0.0	0.0	0.0	0.0	0.0
PX215090.1	PX215095.1	Gigaspora rosea | BEG9_770A	Gigaspora rosea | CW0011_4010A	T4	T4	False	0.0	0.0	0.0	0.0	0.0
PX215090.1	PX215096.1	Gigaspora rosea | BEG9_770A	Gigaspora rosea | woodslee_203A	T4	T6	False	0.34	4.17	0.0	3.49	1.18
PX215090.1	PX215097.1	Gigaspora rosea | BEG9_770A	Gigaspora rosea | woodslee_203A	T4	T6	False	0.27	4.17	0.0	3.49	1.18
PX215090.1	PX215098.1	Gigaspora rosea | BEG9_770A	Gigaspora rosea | woodslee_203A	T4	T10	False	0.54	1.35	0.63	6.4	2.22
PX215090.1	PX215099.1	Gigaspora rosea | BEG9_770A	Gigaspora rosea | woodslee_203A	T4	T10	False	0.41	1.35	0.63	6.4	2.22
PX215090.1	PX215100.1	Gigaspora rosea | BEG9_770A	Gigaspora rosea | woodslee_203A	T4	T6	False	0.2	4.11	0.63	6.4	1.62
PX215090.1	PX215101.1	Gigaspora rosea | BEG9_770A	Gigaspora rosea | 4752_496A	T4	T3	False	0.41	5.41	2.53	4.07	1.48
PX215090.1	PX215102.1	Gigaspora rosea | BEG9_770A	Gigaspora rosea | 4752_496A	T4	T8	False	0.34	2.7	1.9	4.65	1.62
PX215090.1	PX215103.1	Gigaspora rosea | BEG9_770A	Gigaspora rosea | CU131_1018C	T4	T7	False	0.2	5.41	0.63	2.33	1.77
PX215090.1	PX215104.1	Gigaspora rosea | BEG9_770A	Gigaspora rosea | 4752_496A	T4	T3	False	0.48	1.35	1.27	4.65	1.77
PX215090.1	PX215105.1	Gigaspora rosea | BEG9_770A	Gigaspora rosea | 4752_496A	T4	T3	False	0.54	1.35	1.9	6.4	2.36
PX215090.1	PX215106.1	Gigaspora rosea | BEG9_770A	Gigaspora rosea | BEG9_770A	T4	T11	True	0.27	10.0	2.53	4.09	3.25
PX215090.1	PX215107.1	Gigaspora rosea | BEG9_770A	Gigaspora rosea | 4511_973A	T4	T11	False	0.27	10.0	2.53	4.09	3.25
PX215090.1	PX215108.1	Gigaspora rosea | BEG9_770A	Gigaspora rosea | woodslee_203A	T4	T14	False	0.41	7.04	0.63	3.49	6.06
PX215090.1	PX215109.1	Gigaspora rosea | BEG9_770A	Gigaspora rosea | BEG9_770A	T4	T5	True	0.88	8.82	1.27	13.61	1.33
PX215090.1	PX215110.1	Gigaspora rosea | BEG9_770A	Gigaspora rosea | 194757_703A	T4	T5	False	0.88	8.82	1.27	13.61	1.33
PX215090.1	PX215111.1	Gigaspora rosea | BEG9_770A	Gigaspora rosea | 194757_703A	T4	T5	False	0.88	8.82	1.27	13.61	1.33
PX215090.1	PX215112.1	Gigaspora rosea | BEG9_770A	Gigaspora rosea | 4511_973A	T4	T5	False	0.88	8.82	1.27	13.61	1.33
PX215090.1	PX215113.1	Gigaspora rosea | BEG9_770A	Gigaspora rosea | CW0011_4010A	T4	T5	False	0.82	8.82	1.27	13.61	1.33
PX215090.1	PX215114.1	Gigaspora rosea | BEG9_770A	Gigaspora rosea | CW0011_4010A	T4	T5	False	0.54	8.82	1.27	13.61	1.33
PX215090.1	PX215115.1	Gigaspora rosea | BEG9_770A	Gigaspora rosea | 4752_496A	T4	T2	False	1.02	13.51	1.9	15.12	5.61
PX215090.1	PX215116.1	Gigaspora rosea | BEG9_770A	Gigaspora rosea | 4752_496A	T4	T2	False	1.02	13.51	1.9	15.12	5.91
PX215091.1	PX215092.1	Gigaspora rosea | 194757_703A	Gigaspora rosea | 4511_973A	T4	T4	False	0.0	0.0	0.0	0.0	0.0
PX215091.1	PX215093.1	Gigaspora rosea | 194757_703A	Gigaspora rosea | 194757_703A	T4	T4	True	0.0	0.0	0.0	0.0	0.0
PX215091.1	PX215094.1	Gigaspora rosea | 194757_703A	Gigaspora rosea | 4511_973A	T4	T4	False	0.0	0.0	0.0	0.0	0.0
PX215091.1	PX215095.1	Gigaspora rosea | 194757_703A	Gigaspora rosea | CW0011_4010A	T4	T4	False	0.0	0.0	0.0	0.0	0.0
PX215091.1	PX215096.1	Gigaspora rosea | 194757_703A	Gigaspora rosea | woodslee_203A	T4	T6	False	0.34	4.17	0.0	3.49	1.18
PX215091.1	PX215097.1	Gigaspora rosea | 194757_703A	Gigaspora rosea | woodslee_203A	T4	T6	False	0.27	4.17	0.0	3.49	1.18
PX215091.1	PX215098.1	Gigaspora rosea | 194757_703A	Gigaspora rosea | woodslee_203A	T4	T10	False	0.54	1.35	0.63	6.4	2.22
PX215091.1	PX215099.1	Gigaspora rosea | 194757_703A	Gigaspora rosea | woodslee_203A	T4	T10	False	0.41	1.35	0.63	6.4	2.22
PX215091.1	PX215100.1	Gigaspora rosea | 194757_703A	Gigaspora rosea | woodslee_203A	T4	T6	False	0.2	4.11	0.63	6.4	1.62
PX215091.1	PX215101.1	Gigaspora rosea | 194757_703A	Gigaspora rosea | 4752_496A	T4	T3	False	0.41	5.41	2.53	4.07	1.48
PX215091.1	PX215102.1	Gigaspora rosea | 194757_703A	Gigaspora rosea | 4752_496A	T4	T8	False	0.34	2.7	1.9	4.65	1.62
PX215091.1	PX215103.1	Gigaspora rosea | 194757_703A	Gigaspora rosea | CU131_1018C	T4	T7	False	0.2	5.41	0.63	2.33	1.77
PX215091.1	PX215104.1	Gigaspora rosea | 194757_703A	Gigaspora rosea | 4752_496A	T4	T3	False	0.48	1.35	1.27	4.65	1.77
PX215091.1	PX215105.1	Gigaspora rosea | 194757_703A	Gigaspora rosea | 4752_496A	T4	T3	False	0.54	1.35	1.9	6.4	2.36
PX215091.1	PX215106.1	Gigaspora rosea | 194757_703A	Gigaspora rosea | BEG9_770A	T4	T11	False	0.27	10.0	2.53	4.09	3.25
PX215091.1	PX215107.1	Gigaspora rosea | 194757_703A	Gigaspora rosea | 4511_973A	T4	T11	False	0.27	10.0	2.53	4.09	3.25
PX215091.1	PX215108.1	Gigaspora rosea | 194757_703A	Gigaspora rosea | woodslee_203A	T4	T14	False	0.41	7.04	0.63	3.49	6.06
PX215091.1	PX215109.1	Gigaspora rosea | 194757_703A	Gigaspora rosea | BEG9_770A	T4	T5	False	0.88	8.82	1.27	13.61	1.33
PX215091.1	PX215110.1	Gigaspora rosea | 194757_703A	Gigaspora rosea | 194757_703A	T4	T5	True	0.88	8.82	1.27	13.61	1.33
PX215091.1	PX215111.1	Gigaspora rosea | 194757_703A	Gigaspora rosea | 194757_703A	T4	T5	True	0.88	8.82	1.27	13.61	1.33
PX215091.1	PX215112.1	Gigaspora rosea | 194757_703A	Gigaspora rosea | 4511_973A	T4	T5	False	0.88	8.82	1.27	13.61	1.33
PX215091.1	PX215113.1	Gigaspora rosea | 194757_703A	Gigaspora rosea | CW0011_4010A	T4	T5	False	0.82	8.82	1.27	13.61	1.33
PX215091.1	PX215114.1	Gigaspora rosea | 194757_703A	Gigaspora rosea | CW0011_4010A	T4	T5	False	0.54	8.82	1.27	13.61	1.33
PX215091.1	PX215115.1	Gigaspora rosea | 194757_703A	Gigaspora rosea | 4752_496A	T4	T2	False	1.02	13.51	1.9	15.12	5.61
PX215091.1	PX215116.1	Gigaspora rosea | 194757_703A	Gigaspora rosea | 4752_496A	T4	T2	False	1.02	13.51	1.9	15.12	5.91
PX215092.1	PX215093.1	Gigaspora rosea | 4511_973A	Gigaspora rosea | 194757_703A	T4	T4	False	0.0	0.0	0.0	0.0	0.0
PX215092.1	PX215094.1	Gigaspora rosea | 4511_973A	Gigaspora rosea | 4511_973A	T4	T4	True	0.0	0.0	0.0	0.0	0.0
PX215092.1	PX215095.1	Gigaspora rosea | 4511_973A	Gigaspora rosea | CW0011_4010A	T4	T4	False	0.0	0.0	0.0	0.0	0.0
PX215092.1	PX215096.1	Gigaspora rosea | 4511_973A	Gigaspora rosea | woodslee_203A	T4	T6	False	0.34	4.17	0.0	3.49	1.18
PX215092.1	PX215097.1	Gigaspora rosea | 4511_973A	Gigaspora rosea | woodslee_203A	T4	T6	False	0.27	4.17	0.0	3.49	1.18
PX215092.1	PX215098.1	Gigaspora rosea | 4511_973A	Gigaspora rosea | woodslee_203A	T4	T10	False	0.54	1.35	0.63	6.4	2.22
PX215092.1	PX215099.1	Gigaspora rosea | 4511_973A	Gigaspora rosea | woodslee_203A	T4	T10	False	0.41	1.35	0.63	6.4	2.22
PX215092.1	PX215100.1	Gigaspora rosea | 4511_973A	Gigaspora rosea | woodslee_203A	T4	T6	False	0.2	4.11	0.63	6.4	1.62
PX215092.1	PX215101.1	Gigaspora rosea | 4511_973A	Gigaspora rosea | 4752_496A	T4	T3	False	0.41	5.41	2.53	4.07	1.48
PX215092.1	PX215102.1	Gigaspora rosea | 4511_973A	Gigaspora rosea | 4752_496A	T4	T8	False	0.34	2.7	1.9	4.65	1.62
PX215092.1	PX215103.1	Gigaspora rosea | 4511_973A	Gigaspora rosea | CU131_1018C	T4	T7	False	0.2	5.41	0.63	2.33	1.77
PX215092.1	PX215104.1	Gigaspora rosea | 4511_973A	Gigaspora rosea | 4752_496A	T4	T3	False	0.48	1.35	1.27	4.65	1.77
PX215092.1	PX215105.1	Gigaspora rosea | 4511_973A	Gigaspora rosea | 4752_496A	T4	T3	False	0.54	1.35	1.9	6.4	2.36
PX215092.1	PX215106.1	Gigaspora rosea | 4511_973A	Gigaspora rosea | BEG9_770A	T4	T11	False	0.27	10.0	2.53	4.09	3.25
PX215092.1	PX215107.1	Gigaspora rosea | 4511_973A	Gigaspora rosea | 4511_973A	T4	T11	True	0.27	10.0	2.53	4.09	3.25
PX215092.1	PX215108.1	Gigaspora rosea | 4511_973A	Gigaspora rosea | woodslee_203A	T4	T14	False	0.41	7.04	0.63	3.49	6.06
PX215092.1	PX215109.1	Gigaspora rosea | 4511_973A	Gigaspora rosea | BEG9_770A	T4	T5	False	0.88	8.82	1.27	13.61	1.33
PX215092.1	PX215110.1	Gigaspora rosea | 4511_973A	Gigaspora rosea | 194757_703A	T4	T5	False	0.88	8.82	1.27	13.61	1.33
PX215092.1	PX215111.1	Gigaspora rosea | 4511_973A	Gigaspora rosea | 194757_703A	T4	T5	False	0.88	8.82	1.27	13.61	1.33
PX215092.1	PX215112.1	Gigaspora rosea | 4511_973A	Gigaspora rosea | 4511_973A	T4	T5	True	0.88	8.82	1.27	13.61	1.33
PX215092.1	PX215113.1	Gigaspora rosea | 4511_973A	Gigaspora rosea | CW0011_4010A	T4	T5	False	0.82	8.82	1.27	13.61	1.33
PX215092.1	PX215114.1	Gigaspora rosea | 4511_973A	Gigaspora rosea | CW0011_4010A	T4	T5	False	0.54	8.82	1.27	13.61	1.33
PX215092.1	PX215115.1	Gigaspora rosea | 4511_973A	Gigaspora rosea | 4752_496A	T4	T2	False	1.02	13.51	1.9	15.12	5.61
PX215092.1	PX215116.1	Gigaspora rosea | 4511_973A	Gigaspora rosea | 4752_496A	T4	T2	False	1.02	13.51	1.9	15.12	5.91
PX215093.1	PX215094.1	Gigaspora rosea | 194757_703A	Gigaspora rosea | 4511_973A	T4	T4	False	0.0	0.0	0.0	0.0	0.0
PX215093.1	PX215095.1	Gigaspora rosea | 194757_703A	Gigaspora rosea | CW0011_4010A	T4	T4	False	0.0	0.0	0.0	0.0	0.0
PX215093.1	PX215096.1	Gigaspora rosea | 194757_703A	Gigaspora rosea | woodslee_203A	T4	T6	False	0.34	4.17	0.0	3.49	1.18
PX215093.1	PX215097.1	Gigaspora rosea | 194757_703A	Gigaspora rosea | woodslee_203A	T4	T6	False	0.27	4.17	0.0	3.49	1.18
PX215093.1	PX215098.1	Gigaspora rosea | 194757_703A	Gigaspora rosea | woodslee_203A	T4	T10	False	0.54	1.35	0.63	6.4	2.22
PX215093.1	PX215099.1	Gigaspora rosea | 194757_703A	Gigaspora rosea | woodslee_203A	T4	T10	False	0.41	1.35	0.63	6.4	2.22
PX215093.1	PX215100.1	Gigaspora rosea | 194757_703A	Gigaspora rosea | woodslee_203A	T4	T6	False	0.2	4.11	0.63	6.4	1.62
PX215093.1	PX215101.1	Gigaspora rosea | 194757_703A	Gigaspora rosea | 4752_496A	T4	T3	False	0.41	5.41	2.53	4.07	1.48
PX215093.1	PX215102.1	Gigaspora rosea | 194757_703A	Gigaspora rosea | 4752_496A	T4	T8	False	0.34	2.7	1.9	4.65	1.62
PX215093.1	PX215103.1	Gigaspora rosea | 194757_703A	Gigaspora rosea | CU131_1018C	T4	T7	False	0.2	5.41	0.63	2.33	1.77
PX215093.1	PX215104.1	Gigaspora rosea | 194757_703A	Gigaspora rosea | 4752_496A	T4	T3	False	0.48	1.35	1.27	4.65	1.77
PX215093.1	PX215105.1	Gigaspora rosea | 194757_703A	Gigaspora rosea | 4752_496A	T4	T3	False	0.54	1.35	1.9	6.4	2.36
PX215093.1	PX215106.1	Gigaspora rosea | 194757_703A	Gigaspora rosea | BEG9_770A	T4	T11	False	0.27	10.0	2.53	4.09	3.25
PX215093.1	PX215107.1	Gigaspora rosea | 194757_703A	Gigaspora rosea | 4511_973A	T4	T11	False	0.27	10.0	2.53	4.09	3.25
PX215093.1	PX215108.1	Gigaspora rosea | 194757_703A	Gigaspora rosea | woodslee_203A	T4	T14	False	0.41	7.04	0.63	3.49	6.06
PX215093.1	PX215109.1	Gigaspora rosea | 194757_703A	Gigaspora rosea | BEG9_770A	T4	T5	False	0.88	8.82	1.27	13.61	1.33
PX215093.1	PX215110.1	Gigaspora rosea | 194757_703A	Gigaspora rosea | 194757_703A	T4	T5	True	0.88	8.82	1.27	13.61	1.33
PX215093.1	PX215111.1	Gigaspora rosea | 194757_703A	Gigaspora rosea | 194757_703A	T4	T5	True	0.88	8.82	1.27	13.61	1.33
PX215093.1	PX215112.1	Gigaspora rosea | 194757_703A	Gigaspora rosea | 4511_973A	T4	T5	False	0.88	8.82	1.27	13.61	1.33
PX215093.1	PX215113.1	Gigaspora rosea | 194757_703A	Gigaspora rosea | CW0011_4010A	T4	T5	False	0.82	8.82	1.27	13.61	1.33
PX215093.1	PX215114.1	Gigaspora rosea | 194757_703A	Gigaspora rosea | CW0011_4010A	T4	T5	False	0.54	8.82	1.27	13.61	1.33
PX215093.1	PX215115.1	Gigaspora rosea | 194757_703A	Gigaspora rosea | 4752_496A	T4	T2	False	1.02	13.51	1.9	15.12	5.61
PX215093.1	PX215116.1	Gigaspora rosea | 194757_703A	Gigaspora rosea | 4752_496A	T4	T2	False	1.02	13.51	1.9	15.12	5.91
PX215094.1	PX215095.1	Gigaspora rosea | 4511_973A	Gigaspora rosea | CW0011_4010A	T4	T4	False	0.0	0.0	0.0	0.0	0.0
PX215094.1	PX215096.1	Gigaspora rosea | 4511_973A	Gigaspora rosea | woodslee_203A	T4	T6	False	0.34	4.17	0.0	3.49	1.18
PX215094.1	PX215097.1	Gigaspora rosea | 4511_973A	Gigaspora rosea | woodslee_203A	T4	T6	False	0.27	4.17	0.0	3.49	1.18
PX215094.1	PX215098.1	Gigaspora rosea | 4511_973A	Gigaspora rosea | woodslee_203A	T4	T10	False	0.54	1.35	0.63	6.4	2.22
PX215094.1	PX215099.1	Gigaspora rosea | 4511_973A	Gigaspora rosea | woodslee_203A	T4	T10	False	0.41	1.35	0.63	6.4	2.22
PX215094.1	PX215100.1	Gigaspora rosea | 4511_973A	Gigaspora rosea | woodslee_203A	T4	T6	False	0.2	4.11	0.63	6.4	1.62
PX215094.1	PX215101.1	Gigaspora rosea | 4511_973A	Gigaspora rosea | 4752_496A	T4	T3	False	0.41	5.41	2.53	4.07	1.48
PX215094.1	PX215102.1	Gigaspora rosea | 4511_973A	Gigaspora rosea | 4752_496A	T4	T8	False	0.34	2.7	1.9	4.65	1.62
PX215094.1	PX215103.1	Gigaspora rosea | 4511_973A	Gigaspora rosea | CU131_1018C	T4	T7	False	0.2	5.41	0.63	2.33	1.77
PX215094.1	PX215104.1	Gigaspora rosea | 4511_973A	Gigaspora rosea | 4752_496A	T4	T3	False	0.48	1.35	1.27	4.65	1.77
PX215094.1	PX215105.1	Gigaspora rosea | 4511_973A	Gigaspora rosea | 4752_496A	T4	T3	False	0.54	1.35	1.9	6.4	2.36
PX215094.1	PX215106.1	Gigaspora rosea | 4511_973A	Gigaspora rosea | BEG9_770A	T4	T11	False	0.27	10.0	2.53	4.09	3.25
PX215094.1	PX215107.1	Gigaspora rosea | 4511_973A	Gigaspora rosea | 4511_973A	T4	T11	True	0.27	10.0	2.53	4.09	3.25
PX215094.1	PX215108.1	Gigaspora rosea | 4511_973A	Gigaspora rosea | woodslee_203A	T4	T14	False	0.41	7.04	0.63	3.49	6.06
PX215094.1	PX215109.1	Gigaspora rosea | 4511_973A	Gigaspora rosea | BEG9_770A	T4	T5	False	0.88	8.82	1.27	13.61	1.33
PX215094.1	PX215110.1	Gigaspora rosea | 4511_973A	Gigaspora rosea | 194757_703A	T4	T5	False	0.88	8.82	1.27	13.61	1.33
PX215094.1	PX215111.1	Gigaspora rosea | 4511_973A	Gigaspora rosea | 194757_703A	T4	T5	False	0.88	8.82	1.27	13.61	1.33
PX215094.1	PX215112.1	Gigaspora rosea | 4511_973A	Gigaspora rosea | 4511_973A	T4	T5	True	0.88	8.82	1.27	13.61	1.33
PX215094.1	PX215113.1	Gigaspora rosea | 4511_973A	Gigaspora rosea | CW0011_4010A	T4	T5	False	0.82	8.82	1.27	13.61	1.33
PX215094.1	PX215114.1	Gigaspora rosea | 4511_973A	Gigaspora rosea | CW0011_4010A	T4	T5	False	0.54	8.82	1.27	13.61	1.33
PX215094.1	PX215115.1	Gigaspora rosea | 4511_973A	Gigaspora rosea | 4752_496A	T4	T2	False	1.02	13.51	1.9	15.12	5.61
PX215094.1	PX215116.1	Gigaspora rosea | 4511_973A	Gigaspora rosea | 4752_496A	T4	T2	False	1.02	13.51	1.9	15.12	5.91
PX215095.1	PX215096.1	Gigaspora rosea | CW0011_4010A	Gigaspora rosea | woodslee_203A	T4	T6	False	0.34	4.17	0.0	3.49	1.18
PX215095.1	PX215097.1	Gigaspora rosea | CW0011_4010A	Gigaspora rosea | woodslee_203A	T4	T6	False	0.27	4.17	0.0	3.49	1.18
PX215095.1	PX215098.1	Gigaspora rosea | CW0011_4010A	Gigaspora rosea | woodslee_203A	T4	T10	False	0.54	1.35	0.63	6.4	2.22
PX215095.1	PX215099.1	Gigaspora rosea | CW0011_4010A	Gigaspora rosea | woodslee_203A	T4	T10	False	0.41	1.35	0.63	6.4	2.22
PX215095.1	PX215100.1	Gigaspora rosea | CW0011_4010A	Gigaspora rosea | woodslee_203A	T4	T6	False	0.2	4.11	0.63	6.4	1.62
PX215095.1	PX215101.1	Gigaspora rosea | CW0011_4010A	Gigaspora rosea | 4752_496A	T4	T3	False	0.41	5.41	2.53	4.07	1.48
PX215095.1	PX215102.1	Gigaspora rosea | CW0011_4010A	Gigaspora rosea | 4752_496A	T4	T8	False	0.34	2.7	1.9	4.65	1.62
PX215095.1	PX215103.1	Gigaspora rosea | CW0011_4010A	Gigaspora rosea | CU131_1018C	T4	T7	False	0.2	5.41	0.63	2.33	1.77
PX215095.1	PX215104.1	Gigaspora rosea | CW0011_4010A	Gigaspora rosea | 4752_496A	T4	T3	False	0.48	1.35	1.27	4.65	1.77
PX215095.1	PX215105.1	Gigaspora rosea | CW0011_4010A	Gigaspora rosea | 4752_496A	T4	T3	False	0.54	1.35	1.9	6.4	2.36
PX215095.1	PX215106.1	Gigaspora rosea | CW0011_4010A	Gigaspora rosea | BEG9_770A	T4	T11	False	0.27	10.0	2.53	4.09	3.25
PX215095.1	PX215107.1	Gigaspora rosea | CW0011_4010A	Gigaspora rosea | 4511_973A	T4	T11	False	0.27	10.0	2.53	4.09	3.25
PX215095.1	PX215108.1	Gigaspora rosea | CW0011_4010A	Gigaspora rosea | woodslee_203A	T4	T14	False	0.41	7.04	0.63	3.49	6.06
PX215095.1	PX215109.1	Gigaspora rosea | CW0011_4010A	Gigaspora rosea | BEG9_770A	T4	T5	False	0.88	8.82	1.27	13.61	1.33
PX215095.1	PX215110.1	Gigaspora rosea | CW0011_4010A	Gigaspora rosea | 194757_703A	T4	T5	False	0.88	8.82	1.27	13.61	1.33
PX215095.1	PX215111.1	Gigaspora rosea | CW0011_4010A	Gigaspora rosea | 194757_703A	T4	T5	False	0.88	8.82	1.27	13.61	1.33
PX215095.1	PX215112.1	Gigaspora rosea | CW0011_4010A	Gigaspora rosea | 4511_973A	T4	T5	False	0.88	8.82	1.27	13.61	1.33
PX215095.1	PX215113.1	Gigaspora rosea | CW0011_4010A	Gigaspora rosea | CW0011_4010A	T4	T5	True	0.82	8.82	1.27	13.61	1.33
PX215095.1	PX215114.1	Gigaspora rosea | CW0011_4010A	Gigaspora rosea | CW0011_4010A	T4	T5	True	0.54	8.82	1.27	13.61	1.33
PX215095.1	PX215115.1	Gigaspora rosea | CW0011_4010A	Gigaspora rosea | 4752_496A	T4	T2	False	1.02	13.51	1.9	15.12	5.61
PX215095.1	PX215116.1	Gigaspora rosea | CW0011_4010A	Gigaspora rosea | 4752_496A	T4	T2	False	1.02	13.51	1.9	15.12	5.91
PX215096.1	PX215097.1	Gigaspora rosea | woodslee_203A	Gigaspora rosea | woodslee_203A	T6	T6	True	0.14	0.0	0.0	0.0	0.0
PX215096.1	PX215098.1	Gigaspora rosea | woodslee_203A	Gigaspora rosea | woodslee_203A	T6	T10	True	0.61	4.17	0.63	6.36	1.48
PX215096.1	PX215099.1	Gigaspora rosea | woodslee_203A	Gigaspora rosea | woodslee_203A	T6	T10	True	0.48	4.17	0.63	6.36	1.48
PX215096.1	PX215100.1	Gigaspora rosea | woodslee_203A	Gigaspora rosea | woodslee_203A	T6	T6	True	0.27	5.56	0.63	6.36	0.89
PX215096.1	PX215101.1	Gigaspora rosea | woodslee_203A	Gigaspora rosea | 4752_496A	T6	T3	False	0.2	6.94	2.53	4.05	1.33
PX215096.1	PX215102.1	Gigaspora rosea | woodslee_203A	Gigaspora rosea | 4752_496A	T6	T8	False	0.27	2.78	1.9	4.62	1.33
PX215096.1	PX215103.1	Gigaspora rosea | woodslee_203A	Gigaspora rosea | CU131_1018C	T6	T7	False	0.41	8.33	0.63	4.05	1.62
PX215096.1	PX215104.1	Gigaspora rosea | woodslee_203A	Gigaspora rosea | 4752_496A	T6	T3	False	0.41	2.78	1.27	4.05	1.77
PX215096.1	PX215105.1	Gigaspora rosea | woodslee_203A	Gigaspora rosea | 4752_496A	T6	T3	False	0.48	2.78	1.9	6.94	2.36
PX215096.1	PX215106.1	Gigaspora rosea | woodslee_203A	Gigaspora rosea | BEG9_770A	T6	T11	False	0.34	8.57	2.53	5.26	3.11
PX215096.1	PX215107.1	Gigaspora rosea | woodslee_203A	Gigaspora rosea | 4511_973A	T6	T11	False	0.34	8.57	2.53	5.26	3.11
PX215096.1	PX215108.1	Gigaspora rosea | woodslee_203A	Gigaspora rosea | woodslee_203A	T6	T14	True	0.48	7.04	0.63	3.47	6.5
PX215096.1	PX215109.1	Gigaspora rosea | woodslee_203A	Gigaspora rosea | BEG9_770A	T6	T5	False	1.09	7.35	1.27	14.2	1.18
PX215096.1	PX215110.1	Gigaspora rosea | woodslee_203A	Gigaspora rosea | 194757_703A	T6	T5	False	1.09	7.35	1.27	14.2	1.18
PX215096.1	PX215111.1	Gigaspora rosea | woodslee_203A	Gigaspora rosea | 194757_703A	T6	T5	False	1.09	7.35	1.27	14.2	1.18
PX215096.1	PX215112.1	Gigaspora rosea | woodslee_203A	Gigaspora rosea | 4511_973A	T6	T5	False	1.09	7.35	1.27	14.2	1.18
PX215096.1	PX215113.1	Gigaspora rosea | woodslee_203A	Gigaspora rosea | CW0011_4010A	T6	T5	False	1.02	7.35	1.27	14.2	1.18
PX215096.1	PX215114.1	Gigaspora rosea | woodslee_203A	Gigaspora rosea | CW0011_4010A	T6	T5	False	0.88	7.35	1.27	14.2	1.18
PX215096.1	PX215115.1	Gigaspora rosea | woodslee_203A	Gigaspora rosea | 4752_496A	T6	T2	False	1.09	15.28	1.9	15.03	5.91
PX215096.1	PX215116.1	Gigaspora rosea | woodslee_203A	Gigaspora rosea | 4752_496A	T6	T2	False	1.09	15.28	1.9	15.03	6.2
PX215097.1	PX215098.1	Gigaspora rosea | woodslee_203A	Gigaspora rosea | woodslee_203A	T6	T10	True	0.54	4.17	0.63	6.36	1.48
PX215097.1	PX215099.1	Gigaspora rosea | woodslee_203A	Gigaspora rosea | woodslee_203A	T6	T10	True	0.41	4.17	0.63	6.36	1.48
PX215097.1	PX215100.1	Gigaspora rosea | woodslee_203A	Gigaspora rosea | woodslee_203A	T6	T6	True	0.2	5.56	0.63	6.36	0.89
PX215097.1	PX215101.1	Gigaspora rosea | woodslee_203A	Gigaspora rosea | 4752_496A	T6	T3	False	0.34	6.94	2.53	4.05	1.33
PX215097.1	PX215102.1	Gigaspora rosea | woodslee_203A	Gigaspora rosea | 4752_496A	T6	T8	False	0.2	2.78	1.9	4.62	1.33
PX215097.1	PX215103.1	Gigaspora rosea | woodslee_203A	Gigaspora rosea | CU131_1018C	T6	T7	False	0.34	8.33	0.63	4.05	1.62
PX215097.1	PX215104.1	Gigaspora rosea | woodslee_203A	Gigaspora rosea | 4752_496A	T6	T3	False	0.34	2.78	1.27	4.05	1.77
PX215097.1	PX215105.1	Gigaspora rosea | woodslee_203A	Gigaspora rosea | 4752_496A	T6	T3	False	0.41	2.78	1.9	6.94	2.36
PX215097.1	PX215106.1	Gigaspora rosea | woodslee_203A	Gigaspora rosea | BEG9_770A	T6	T11	False	0.27	8.57	2.53	5.26	3.11
PX215097.1	PX215107.1	Gigaspora rosea | woodslee_203A	Gigaspora rosea | 4511_973A	T6	T11	False	0.27	8.57	2.53	5.26	3.11
PX215097.1	PX215108.1	Gigaspora rosea | woodslee_203A	Gigaspora rosea | woodslee_203A	T6	T14	True	0.41	7.04	0.63	3.47	6.5
PX215097.1	PX215109.1	Gigaspora rosea | woodslee_203A	Gigaspora rosea | BEG9_770A	T6	T5	False	1.02	7.35	1.27	14.2	1.18
PX215097.1	PX215110.1	Gigaspora rosea | woodslee_203A	Gigaspora rosea | 194757_703A	T6	T5	False	1.02	7.35	1.27	14.2	1.18
PX215097.1	PX215111.1	Gigaspora rosea | woodslee_203A	Gigaspora rosea | 194757_703A	T6	T5	False	1.02	7.35	1.27	14.2	1.18
PX215097.1	PX215112.1	Gigaspora rosea | woodslee_203A	Gigaspora rosea | 4511_973A	T6	T5	False	1.02	7.35	1.27	14.2	1.18
PX215097.1	PX215113.1	Gigaspora rosea | woodslee_203A	Gigaspora rosea | CW0011_4010A	T6	T5	False	0.95	7.35	1.27	14.2	1.18
PX215097.1	PX215114.1	Gigaspora rosea | woodslee_203A	Gigaspora rosea | CW0011_4010A	T6	T5	False	0.82	7.35	1.27	14.2	1.18
PX215097.1	PX215115.1	Gigaspora rosea | woodslee_203A	Gigaspora rosea | 4752_496A	T6	T2	False	1.02	15.28	1.9	15.03	5.91
PX215097.1	PX215116.1	Gigaspora rosea | woodslee_203A	Gigaspora rosea | 4752_496A	T6	T2	False	1.02	15.28	1.9	15.03	6.2
PX215098.1	PX215099.1	Gigaspora rosea | woodslee_203A	Gigaspora rosea | woodslee_203A	T10	T10	True	0.34	0.0	0.0	0.0	0.0
PX215098.1	PX215100.1	Gigaspora rosea | woodslee_203A	Gigaspora rosea | woodslee_203A	T10	T6	True	0.34	4.11	0.0	1.71	1.18
PX215098.1	PX215101.1	Gigaspora rosea | woodslee_203A	Gigaspora rosea | 4752_496A	T10	T3	False	0.54	6.76	3.16	7.47	1.03
PX215098.1	PX215102.1	Gigaspora rosea | woodslee_203A	Gigaspora rosea | 4752_496A	T10	T8	False	0.48	4.05	2.53	7.39	2.22
PX215098.1	PX215103.1	Gigaspora rosea | woodslee_203A	Gigaspora rosea | CU131_1018C	T10	T7	False	0.54	6.76	1.27	6.9	2.22
PX215098.1	PX215104.1	Gigaspora rosea | woodslee_203A	Gigaspora rosea | 4752_496A	T10	T3	False	0.61	2.7	0.63	6.86	1.77
PX215098.1	PX215105.1	Gigaspora rosea | woodslee_203A	Gigaspora rosea | 4752_496A	T10	T3	False	0.68	2.7	1.27	9.09	2.66
PX215098.1	PX215106.1	Gigaspora rosea | woodslee_203A	Gigaspora rosea | BEG9_770A	T10	T11	False	0.54	8.57	3.16	7.6	3.25
PX215098.1	PX215107.1	Gigaspora rosea | woodslee_203A	Gigaspora rosea | 4511_973A	T10	T11	False	0.54	8.57	3.16	7.6	3.25
PX215098.1	PX215108.1	Gigaspora rosea | woodslee_203A	Gigaspora rosea | woodslee_203A	T10	T14	True	0.27	7.04	1.27	5.2	6.2
PX215098.1	PX215109.1	Gigaspora rosea | woodslee_203A	Gigaspora rosea | BEG9_770A	T10	T5	False	1.16	7.35	1.9	17.75	2.07
PX215098.1	PX215110.1	Gigaspora rosea | woodslee_203A	Gigaspora rosea | 194757_703A	T10	T5	False	1.16	7.35	1.9	17.75	2.07
PX215098.1	PX215111.1	Gigaspora rosea | woodslee_203A	Gigaspora rosea | 194757_703A	T10	T5	False	1.16	7.35	1.9	17.75	2.07
PX215098.1	PX215112.1	Gigaspora rosea | woodslee_203A	Gigaspora rosea | 4511_973A	T10	T5	False	1.16	7.35	1.9	17.75	2.07
PX215098.1	PX215113.1	Gigaspora rosea | woodslee_203A	Gigaspora rosea | CW0011_4010A	T10	T5	False	1.09	7.35	1.9	17.75	2.07
PX215098.1	PX215114.1	Gigaspora rosea | woodslee_203A	Gigaspora rosea | CW0011_4010A	T10	T5	False	0.95	7.35	1.9	17.75	2.07
PX215098.1	PX215115.1	Gigaspora rosea | woodslee_203A	Gigaspora rosea | 4752_496A	T10	T2	False	1.16	14.86	1.27	19.65	5.91
PX215098.1	PX215116.1	Gigaspora rosea | woodslee_203A	Gigaspora rosea | 4752_496A	T10	T2	False	1.16	14.86	1.27	19.65	6.2
PX215099.1	PX215100.1	Gigaspora rosea | woodslee_203A	Gigaspora rosea | woodslee_203A	T10	T6	True	0.2	4.11	0.0	1.71	1.18
PX215099.1	PX215101.1	Gigaspora rosea | woodslee_203A	Gigaspora rosea | 4752_496A	T10	T3	False	0.41	6.76	3.16	7.47	1.03
PX215099.1	PX215102.1	Gigaspora rosea | woodslee_203A	Gigaspora rosea | 4752_496A	T10	T8	False	0.34	4.05	2.53	7.39	2.22
PX215099.1	PX215103.1	Gigaspora rosea | woodslee_203A	Gigaspora rosea | CU131_1018C	T10	T7	False	0.41	6.76	1.27	6.9	2.22
PX215099.1	PX215104.1	Gigaspora rosea | woodslee_203A	Gigaspora rosea | 4752_496A	T10	T3	False	0.48	2.7	0.63	6.86	1.77
PX215099.1	PX215105.1	Gigaspora rosea | woodslee_203A	Gigaspora rosea | 4752_496A	T10	T3	False	0.54	2.7	1.27	9.09	2.66
PX215099.1	PX215106.1	Gigaspora rosea | woodslee_203A	Gigaspora rosea | BEG9_770A	T10	T11	False	0.41	8.57	3.16	7.6	3.25
PX215099.1	PX215107.1	Gigaspora rosea | woodslee_203A	Gigaspora rosea | 4511_973A	T10	T11	False	0.41	8.57	3.16	7.6	3.25
PX215099.1	PX215108.1	Gigaspora rosea | woodslee_203A	Gigaspora rosea | woodslee_203A	T10	T14	True	0.27	7.04	1.27	5.2	6.2
PX215099.1	PX215109.1	Gigaspora rosea | woodslee_203A	Gigaspora rosea | BEG9_770A	T10	T5	False	1.02	7.35	1.9	17.75	2.07
PX215099.1	PX215110.1	Gigaspora rosea | woodslee_203A	Gigaspora rosea | 194757_703A	T10	T5	False	1.02	7.35	1.9	17.75	2.07
PX215099.1	PX215111.1	Gigaspora rosea | woodslee_203A	Gigaspora rosea | 194757_703A	T10	T5	False	1.02	7.35	1.9	17.75	2.07
PX215099.1	PX215112.1	Gigaspora rosea | woodslee_203A	Gigaspora rosea | 4511_973A	T10	T5	False	1.02	7.35	1.9	17.75	2.07
PX215099.1	PX215113.1	Gigaspora rosea | woodslee_203A	Gigaspora rosea | CW0011_4010A	T10	T5	False	0.95	7.35	1.9	17.75	2.07
PX215099.1	PX215114.1	Gigaspora rosea | woodslee_203A	Gigaspora rosea | CW0011_4010A	T10	T5	False	0.82	7.35	1.9	17.75	2.07
PX215099.1	PX215115.1	Gigaspora rosea | woodslee_203A	Gigaspora rosea | 4752_496A	T10	T2	False	1.09	14.86	1.27	19.65	5.91
PX215099.1	PX215116.1	Gigaspora rosea | woodslee_203A	Gigaspora rosea | 4752_496A	T10	T2	False	1.09	14.86	1.27	19.65	6.2
PX215100.1	PX215101.1	Gigaspora rosea | woodslee_203A	Gigaspora rosea | 4752_496A	T6	T3	False	0.2	6.85	3.16	8.05	1.33
PX215100.1	PX215102.1	Gigaspora rosea | woodslee_203A	Gigaspora rosea | 4752_496A	T6	T8	False	0.14	4.11	2.53	6.86	1.92
PX215100.1	PX215103.1	Gigaspora rosea | woodslee_203A	Gigaspora rosea | CU131_1018C	T6	T7	False	0.2	8.22	1.27	6.9	1.33
PX215100.1	PX215104.1	Gigaspora rosea | woodslee_203A	Gigaspora rosea | 4752_496A	T6	T3	False	0.27	4.11	0.63	8.0	1.77
PX215100.1	PX215105.1	Gigaspora rosea | woodslee_203A	Gigaspora rosea | 4752_496A	T6	T3	False	0.34	4.11	1.27	9.71	2.07
PX215100.1	PX215106.1	Gigaspora rosea | woodslee_203A	Gigaspora rosea | BEG9_770A	T6	T11	False	0.2	11.43	3.16	6.43	2.96
PX215100.1	PX215107.1	Gigaspora rosea | woodslee_203A	Gigaspora rosea | 4511_973A	T6	T11	False	0.2	11.43	3.16	6.43	2.96
PX215100.1	PX215108.1	Gigaspora rosea | woodslee_203A	Gigaspora rosea | woodslee_203A	T6	T14	True	0.2	5.63	1.27	5.78	6.79
PX215100.1	PX215109.1	Gigaspora rosea | woodslee_203A	Gigaspora rosea | BEG9_770A	T6	T5	False	0.82	10.29	1.9	17.16	1.18
PX215100.1	PX215110.1	Gigaspora rosea | woodslee_203A	Gigaspora rosea | 194757_703A	T6	T5	False	0.82	10.29	1.9	17.16	1.18
PX215100.1	PX215111.1	Gigaspora rosea | woodslee_203A	Gigaspora rosea | 194757_703A	T6	T5	False	0.82	10.29	1.9	17.16	1.18
PX215100.1	PX215112.1	Gigaspora rosea | woodslee_203A	Gigaspora rosea | 4511_973A	T6	T5	False	0.82	10.29	1.9	17.16	1.18
PX215100.1	PX215113.1	Gigaspora rosea | woodslee_203A	Gigaspora rosea | CW0011_4010A	T6	T5	False	0.75	10.29	1.9	17.16	1.18
PX215100.1	PX215114.1	Gigaspora rosea | woodslee_203A	Gigaspora rosea | CW0011_4010A	T6	T5	False	0.61	10.29	1.9	17.16	1.18
PX215100.1	PX215115.1	Gigaspora rosea | woodslee_203A	Gigaspora rosea | 4752_496A	T6	T2	False	0.95	16.44	1.27	19.65	6.2
PX215100.1	PX215116.1	Gigaspora rosea | woodslee_203A	Gigaspora rosea | 4752_496A	T6	T2	False	0.95	16.44	1.27	19.65	6.5
PX215101.1	PX215102.1	Gigaspora rosea | 4752_496A	Gigaspora rosea | 4752_496A	T3	T8	True	0.2	5.41	1.9	4.02	1.48
PX215101.1	PX215103.1	Gigaspora rosea | 4752_496A	Gigaspora rosea | CU131_1018C	T3	T7	False	0.41	2.7	1.9	5.17	1.77
PX215101.1	PX215104.1	Gigaspora rosea | 4752_496A	Gigaspora rosea | 4752_496A	T3	T3	True	0.34	5.41	2.53	6.32	0.74
PX215101.1	PX215105.1	Gigaspora rosea | 4752_496A	Gigaspora rosea | 4752_496A	T3	T3	True	0.41	5.41	1.9	5.75	1.62
PX215101.1	PX215106.1	Gigaspora rosea | 4752_496A	Gigaspora rosea | BEG9_770A	T3	T11	False	0.41	12.86	2.53	5.85	2.96
PX215101.1	PX215107.1	Gigaspora rosea | 4752_496A	Gigaspora rosea | 4511_973A	T3	T11	False	0.41	12.86	2.53	5.85	2.96
PX215101.1	PX215108.1	Gigaspora rosea | 4752_496A	Gigaspora rosea | woodslee_203A	T3	T14	False	0.41	9.86	1.9	4.05	6.06
PX215101.1	PX215109.1	Gigaspora rosea | 4752_496A	Gigaspora rosea | BEG9_770A	T3	T5	False	1.02	10.29	1.27	15.98	1.33
PX215101.1	PX215110.1	Gigaspora rosea | 4752_496A	Gigaspora rosea | 194757_703A	T3	T5	False	1.02	10.29	1.27	15.98	1.33
PX215101.1	PX215111.1	Gigaspora rosea | 4752_496A	Gigaspora rosea | 194757_703A	T3	T5	False	1.02	10.29	1.27	15.98	1.33
PX215101.1	PX215112.1	Gigaspora rosea | 4752_496A	Gigaspora rosea | 4511_973A	T3	T5	False	1.02	10.29	1.27	15.98	1.33
PX215101.1	PX215113.1	Gigaspora rosea | 4752_496A	Gigaspora rosea | CW0011_4010A	T3	T5	False	0.95	10.29	1.27	15.98	1.33
PX215101.1	PX215114.1	Gigaspora rosea | 4752_496A	Gigaspora rosea | CW0011_4010A	T3	T5	False	0.82	10.29	1.27	15.98	1.33
PX215101.1	PX215115.1	Gigaspora rosea | 4752_496A	Gigaspora rosea | 4752_496A	T3	T2	True	1.16	17.57	4.43	17.92	5.47
PX215101.1	PX215116.1	Gigaspora rosea | 4752_496A	Gigaspora rosea | 4752_496A	T3	T2	True	1.16	17.57	4.43	17.92	5.76
PX215102.1	PX215103.1	Gigaspora rosea | 4752_496A	Gigaspora rosea | CU131_1018C	T8	T7	False	0.34	6.76	1.27	5.17	2.36
PX215102.1	PX215104.1	Gigaspora rosea | 4752_496A	Gigaspora rosea | 4752_496A	T8	T3	True	0.14	2.7	1.9	3.43	2.22
PX215102.1	PX215105.1	Gigaspora rosea | 4752_496A	Gigaspora rosea | 4752_496A	T8	T3	True	0.2	2.7	2.53	4.52	2.22
PX215102.1	PX215106.1	Gigaspora rosea | 4752_496A	Gigaspora rosea | BEG9_770A	T8	T11	False	0.2	8.57	3.16	5.26	3.4
PX215102.1	PX215107.1	Gigaspora rosea | 4752_496A	Gigaspora rosea | 4511_973A	T8	T11	False	0.2	8.57	3.16	5.26	3.4
PX215102.1	PX215108.1	Gigaspora rosea | 4752_496A	Gigaspora rosea | woodslee_203A	T8	T14	False	0.34	7.04	1.27	4.62	6.35
PX215102.1	PX215109.1	Gigaspora rosea | 4752_496A	Gigaspora rosea | BEG9_770A	T8	T5	False	0.95	7.35	1.9	16.57	1.62
PX215102.1	PX215110.1	Gigaspora rosea | 4752_496A	Gigaspora rosea | 194757_703A	T8	T5	False	0.95	7.35	1.9	16.57	1.62
PX215102.1	PX215111.1	Gigaspora rosea | 4752_496A	Gigaspora rosea | 194757_703A	T8	T5	False	0.95	7.35	1.9	16.57	1.62
PX215102.1	PX215112.1	Gigaspora rosea | 4752_496A	Gigaspora rosea | 4511_973A	T8	T5	False	0.95	7.35	1.9	16.57	1.62
PX215102.1	PX215113.1	Gigaspora rosea | 4752_496A	Gigaspora rosea | CW0011_4010A	T8	T5	False	0.88	7.35	1.9	16.57	1.62
PX215102.1	PX215114.1	Gigaspora rosea | 4752_496A	Gigaspora rosea | CW0011_4010A	T8	T5	False	0.75	7.35	1.9	16.57	1.62
PX215102.1	PX215115.1	Gigaspora rosea | 4752_496A	Gigaspora rosea | 4752_496A	T8	T2	True	0.95	16.22	3.8	18.5	5.47
PX215102.1	PX215116.1	Gigaspora rosea | 4752_496A	Gigaspora rosea | 4752_496A	T8	T2	True	0.95	16.22	3.8	18.5	5.76
PX215103.1	PX215104.1	Gigaspora rosea | CU131_1018C	Gigaspora rosea | 4752_496A	T7	T3	False	0.48	6.25	0.63	5.75	1.62
PX215103.1	PX215105.1	Gigaspora rosea | CU131_1018C	Gigaspora rosea | 4752_496A	T7	T3	False	0.54	8.0	1.27	6.32	1.92
PX215103.1	PX215106.1	Gigaspora rosea | CU131_1018C	Gigaspora rosea | BEG9_770A	T7	T11	False	0.27	12.86	1.9	2.92	3.25
PX215103.1	PX215107.1	Gigaspora rosea | CU131_1018C	Gigaspora rosea | 4511_973A	T7	T11	False	0.27	12.86	1.9	2.92	3.25
PX215103.1	PX215108.1	Gigaspora rosea | CU131_1018C	Gigaspora rosea | woodslee_203A	T7	T14	False	0.41	11.27	0.0	4.05	6.34
PX215103.1	PX215109.1	Gigaspora rosea | CU131_1018C	Gigaspora rosea | BEG9_770A	T7	T5	False	0.88	11.76	0.63	14.79	1.92
PX215103.1	PX215110.1	Gigaspora rosea | CU131_1018C	Gigaspora rosea | 194757_703A	T7	T5	False	0.88	11.76	0.63	14.79	1.92
PX215103.1	PX215111.1	Gigaspora rosea | CU131_1018C	Gigaspora rosea | 194757_703A	T7	T5	False	0.88	11.76	0.63	14.79	1.92
PX215103.1	PX215112.1	Gigaspora rosea | CU131_1018C	Gigaspora rosea | 4511_973A	T7	T5	False	0.88	11.76	0.63	14.79	1.92
PX215103.1	PX215113.1	Gigaspora rosea | CU131_1018C	Gigaspora rosea | CW0011_4010A	T7	T5	False	0.82	11.76	0.63	14.79	1.92
PX215103.1	PX215114.1	Gigaspora rosea | CU131_1018C	Gigaspora rosea | CW0011_4010A	T7	T5	False	0.68	11.76	0.63	14.79	1.92
PX215103.1	PX215115.1	Gigaspora rosea | CU131_1018C	Gigaspora rosea | 4752_496A	T7	T2	False	1.02	18.92	2.53	16.18	5.75
PX215103.1	PX215116.1	Gigaspora rosea | CU131_1018C	Gigaspora rosea | 4752_496A	T7	T2	False	1.02	18.92	2.53	16.18	6.05
PX215104.1	PX215105.1	Gigaspora rosea | 4752_496A	Gigaspora rosea | 4752_496A	T3	T3	True	0.2	0.0	0.63	4.57	1.18
PX215104.1	PX215106.1	Gigaspora rosea | 4752_496A	Gigaspora rosea | BEG9_770A	T3	T11	False	0.34	7.14	2.53	7.02	3.25
PX215104.1	PX215107.1	Gigaspora rosea | 4752_496A	Gigaspora rosea | 4511_973A	T3	T11	False	0.34	7.14	2.53	7.02	3.25
PX215104.1	PX215108.1	Gigaspora rosea | 4752_496A	Gigaspora rosea | woodslee_203A	T3	T14	False	0.48	4.23	0.63	4.62	6.65
PX215104.1	PX215109.1	Gigaspora rosea | 4752_496A	Gigaspora rosea | BEG9_770A	T3	T5	False	1.09	7.35	1.27	17.16	1.77
PX215104.1	PX215110.1	Gigaspora rosea | 4752_496A	Gigaspora rosea | 194757_703A	T3	T5	False	1.09	7.35	1.27	17.16	1.77
PX215104.1	PX215111.1	Gigaspora rosea | 4752_496A	Gigaspora rosea | 194757_703A	T3	T5	False	1.09	7.35	1.27	17.16	1.77
PX215104.1	PX215112.1	Gigaspora rosea | 4752_496A	Gigaspora rosea | 4511_973A	T3	T5	False	1.09	7.35	1.27	17.16	1.77
PX215104.1	PX215113.1	Gigaspora rosea | 4752_496A	Gigaspora rosea | CW0011_4010A	T3	T5	False	1.02	7.35	1.27	17.16	1.77
PX215104.1	PX215114.1	Gigaspora rosea | 4752_496A	Gigaspora rosea | CW0011_4010A	T3	T5	False	0.88	7.35	1.27	17.16	1.77
PX215104.1	PX215115.1	Gigaspora rosea | 4752_496A	Gigaspora rosea | 4752_496A	T3	T2	True	0.95	12.16	1.9	16.76	6.06
PX215104.1	PX215116.1	Gigaspora rosea | 4752_496A	Gigaspora rosea | 4752_496A	T3	T2	True	0.95	12.16	1.9	16.76	6.35
PX215105.1	PX215106.1	Gigaspora rosea | 4752_496A	Gigaspora rosea | BEG9_770A	T3	T11	False	0.41	7.14	1.9	7.6	3.85
PX215105.1	PX215107.1	Gigaspora rosea | 4752_496A	Gigaspora rosea | 4511_973A	T3	T11	False	0.41	7.14	1.9	7.6	3.85
PX215105.1	PX215108.1	Gigaspora rosea | 4752_496A	Gigaspora rosea | woodslee_203A	T3	T14	False	0.54	4.23	1.27	6.36	6.64
PX215105.1	PX215109.1	Gigaspora rosea | 4752_496A	Gigaspora rosea | BEG9_770A	T3	T5	False	1.02	7.35	1.9	18.34	2.36
PX215105.1	PX215110.1	Gigaspora rosea | 4752_496A	Gigaspora rosea | 194757_703A	T3	T5	False	1.02	7.35	1.9	18.34	2.36
PX215105.1	PX215111.1	Gigaspora rosea | 4752_496A	Gigaspora rosea | 194757_703A	T3	T5	False	1.02	7.35	1.9	18.34	2.36
PX215105.1	PX215112.1	Gigaspora rosea | 4752_496A	Gigaspora rosea | 4511_973A	T3	T5	False	1.02	7.35	1.9	18.34	2.36
PX215105.1	PX215113.1	Gigaspora rosea | 4752_496A	Gigaspora rosea | CW0011_4010A	T3	T5	False	0.95	7.35	1.9	18.34	2.36
PX215105.1	PX215114.1	Gigaspora rosea | 4752_496A	Gigaspora rosea | CW0011_4010A	T3	T5	False	0.82	7.35	1.9	18.34	2.36
PX215105.1	PX215115.1	Gigaspora rosea | 4752_496A	Gigaspora rosea | 4752_496A	T3	T2	True	1.16	12.16	2.53	19.08	5.75
PX215105.1	PX215116.1	Gigaspora rosea | 4752_496A	Gigaspora rosea | 4752_496A	T3	T2	True	1.16	12.16	2.53	19.08	6.05
PX215106.1	PX215107.1	Gigaspora rosea | BEG9_770A	Gigaspora rosea | 4511_973A	T11	T11	False	0.0	0.0	0.0	0.0	0.0
PX215106.1	PX215108.1	Gigaspora rosea | BEG9_770A	Gigaspora rosea | woodslee_203A	T11	T14	False	0.41	7.14	1.9	5.26	7.84
PX215106.1	PX215109.1	Gigaspora rosea | BEG9_770A	Gigaspora rosea | BEG9_770A	T11	T5	True	0.88	11.76	2.53	15.38	3.4
PX215106.1	PX215110.1	Gigaspora rosea | BEG9_770A	Gigaspora rosea | 194757_703A	T11	T5	False	0.88	11.76	2.53	15.38	3.4
PX215106.1	PX215111.1	Gigaspora rosea | BEG9_770A	Gigaspora rosea | 194757_703A	T11	T5	False	0.88	11.76	2.53	15.38	3.4
PX215106.1	PX215112.1	Gigaspora rosea | BEG9_770A	Gigaspora rosea | 4511_973A	T11	T5	False	0.88	11.76	2.53	15.38	3.4
PX215106.1	PX215113.1	Gigaspora rosea | BEG9_770A	Gigaspora rosea | CW0011_4010A	T11	T5	False	0.82	11.76	2.53	15.38	3.4
PX215106.1	PX215114.1	Gigaspora rosea | BEG9_770A	Gigaspora rosea | CW0011_4010A	T11	T5	False	0.68	11.76	2.53	15.38	3.4
PX215106.1	PX215115.1	Gigaspora rosea | BEG9_770A	Gigaspora rosea | 4752_496A	T11	T2	False	0.88	18.57	4.43	16.96	7.54
PX215106.1	PX215116.1	Gigaspora rosea | BEG9_770A	Gigaspora rosea | 4752_496A	T11	T2	False	0.88	18.57	4.43	16.96	7.84
PX215107.1	PX215108.1	Gigaspora rosea | 4511_973A	Gigaspora rosea | woodslee_203A	T11	T14	False	0.41	7.14	1.9	5.26	7.84
PX215107.1	PX215109.1	Gigaspora rosea | 4511_973A	Gigaspora rosea | BEG9_770A	T11	T5	False	0.88	11.76	2.53	15.38	3.4
PX215107.1	PX215110.1	Gigaspora rosea | 4511_973A	Gigaspora rosea | 194757_703A	T11	T5	False	0.88	11.76	2.53	15.38	3.4
PX215107.1	PX215111.1	Gigaspora rosea | 4511_973A	Gigaspora rosea | 194757_703A	T11	T5	False	0.88	11.76	2.53	15.38	3.4
PX215107.1	PX215112.1	Gigaspora rosea | 4511_973A	Gigaspora rosea | 4511_973A	T11	T5	True	0.88	11.76	2.53	15.38	3.4
PX215107.1	PX215113.1	Gigaspora rosea | 4511_973A	Gigaspora rosea | CW0011_4010A	T11	T5	False	0.82	11.76	2.53	15.38	3.4
PX215107.1	PX215114.1	Gigaspora rosea | 4511_973A	Gigaspora rosea | CW0011_4010A	T11	T5	False	0.68	11.76	2.53	15.38	3.4
PX215107.1	PX215115.1	Gigaspora rosea | 4511_973A	Gigaspora rosea | 4752_496A	T11	T2	False	0.88	18.57	4.43	16.96	7.54
PX215107.1	PX215116.1	Gigaspora rosea | 4511_973A	Gigaspora rosea | 4752_496A	T11	T2	False	0.88	18.57	4.43	16.96	7.84
PX215108.1	PX215109.1	Gigaspora rosea | woodslee_203A	Gigaspora rosea | BEG9_770A	T14	T5	False	1.02	10.29	0.63	13.61	6.35
PX215108.1	PX215110.1	Gigaspora rosea | woodslee_203A	Gigaspora rosea | 194757_703A	T14	T5	False	1.02	10.29	0.63	13.61	6.35
PX215108.1	PX215111.1	Gigaspora rosea | woodslee_203A	Gigaspora rosea | 194757_703A	T14	T5	False	1.02	10.29	0.63	13.61	6.35
PX215108.1	PX215112.1	Gigaspora rosea | woodslee_203A	Gigaspora rosea | 4511_973A	T14	T5	False	1.02	10.29	0.63	13.61	6.35
PX215108.1	PX215113.1	Gigaspora rosea | woodslee_203A	Gigaspora rosea | CW0011_4010A	T14	T5	False	0.95	10.29	0.63	13.61	6.35
PX215108.1	PX215114.1	Gigaspora rosea | woodslee_203A	Gigaspora rosea | CW0011_4010A	T14	T5	False	0.82	10.29	0.63	13.61	6.35
PX215108.1	PX215115.1	Gigaspora rosea | woodslee_203A	Gigaspora rosea | 4752_496A	T14	T2	False	0.88	14.08	2.53	16.76	2.06
PX215108.1	PX215116.1	Gigaspora rosea | woodslee_203A	Gigaspora rosea | 4752_496A	T14	T2	False	0.88	14.08	2.53	16.76	2.36
PX215109.1	PX215110.1	Gigaspora rosea | BEG9_770A	Gigaspora rosea | 194757_703A	T5	T5	False	0.0	0.0	0.0	0.0	0.0
PX215109.1	PX215111.1	Gigaspora rosea | BEG9_770A	Gigaspora rosea | 194757_703A	T5	T5	False	0.0	0.0	0.0	0.0	0.0
PX215109.1	PX215112.1	Gigaspora rosea | BEG9_770A	Gigaspora rosea | 4511_973A	T5	T5	False	0.0	0.0	0.0	0.0	0.0
PX215109.1	PX215113.1	Gigaspora rosea | BEG9_770A	Gigaspora rosea | CW0011_4010A	T5	T5	False	0.07	0.0	0.0	0.0	0.0
PX215109.1	PX215114.1	Gigaspora rosea | BEG9_770A	Gigaspora rosea | CW0011_4010A	T5	T5	False	0.34	0.0	0.0	0.0	0.0
PX215109.1	PX215115.1	Gigaspora rosea | BEG9_770A	Gigaspora rosea | 4752_496A	T5	T2	False	1.09	11.76	3.16	17.16	5.76
PX215109.1	PX215116.1	Gigaspora rosea | BEG9_770A	Gigaspora rosea | 4752_496A	T5	T2	False	1.09	11.76	3.16	17.16	6.06
PX215110.1	PX215111.1	Gigaspora rosea | 194757_703A	Gigaspora rosea | 194757_703A	T5	T5	True	0.0	0.0	0.0	0.0	0.0
PX215110.1	PX215112.1	Gigaspora rosea | 194757_703A	Gigaspora rosea | 4511_973A	T5	T5	False	0.0	0.0	0.0	0.0	0.0
PX215110.1	PX215113.1	Gigaspora rosea | 194757_703A	Gigaspora rosea | CW0011_4010A	T5	T5	False	0.07	0.0	0.0	0.0	0.0
PX215110.1	PX215114.1	Gigaspora rosea | 194757_703A	Gigaspora rosea | CW0011_4010A	T5	T5	False	0.34	0.0	0.0	0.0	0.0
PX215110.1	PX215115.1	Gigaspora rosea | 194757_703A	Gigaspora rosea | 4752_496A	T5	T2	False	1.09	11.76	3.16	17.16	5.76
PX215110.1	PX215116.1	Gigaspora rosea | 194757_703A	Gigaspora rosea | 4752_496A	T5	T2	False	1.09	11.76	3.16	17.16	6.06
PX215111.1	PX215112.1	Gigaspora rosea | 194757_703A	Gigaspora rosea | 4511_973A	T5	T5	False	0.0	0.0	0.0	0.0	0.0
PX215111.1	PX215113.1	Gigaspora rosea | 194757_703A	Gigaspora rosea | CW0011_4010A	T5	T5	False	0.07	0.0	0.0	0.0	0.0
PX215111.1	PX215114.1	Gigaspora rosea | 194757_703A	Gigaspora rosea | CW0011_4010A	T5	T5	False	0.34	0.0	0.0	0.0	0.0
PX215111.1	PX215115.1	Gigaspora rosea | 194757_703A	Gigaspora rosea | 4752_496A	T5	T2	False	1.09	11.76	3.16	17.16	5.76
PX215111.1	PX215116.1	Gigaspora rosea | 194757_703A	Gigaspora rosea | 4752_496A	T5	T2	False	1.09	11.76	3.16	17.16	6.06
PX215112.1	PX215113.1	Gigaspora rosea | 4511_973A	Gigaspora rosea | CW0011_4010A	T5	T5	False	0.07	0.0	0.0	0.0	0.0
PX215112.1	PX215114.1	Gigaspora rosea | 4511_973A	Gigaspora rosea | CW0011_4010A	T5	T5	False	0.34	0.0	0.0	0.0	0.0
PX215112.1	PX215115.1	Gigaspora rosea | 4511_973A	Gigaspora rosea | 4752_496A	T5	T2	False	1.09	11.76	3.16	17.16	5.76
PX215112.1	PX215116.1	Gigaspora rosea | 4511_973A	Gigaspora rosea | 4752_496A	T5	T2	False	1.09	11.76	3.16	17.16	6.06
PX215113.1	PX215114.1	Gigaspora rosea | CW0011_4010A	Gigaspora rosea | CW0011_4010A	T5	T5	True	0.27	0.0	0.0	0.0	0.0
PX215113.1	PX215115.1	Gigaspora rosea | CW0011_4010A	Gigaspora rosea | 4752_496A	T5	T2	False	1.02	11.76	3.16	17.16	5.76
PX215113.1	PX215116.1	Gigaspora rosea | CW0011_4010A	Gigaspora rosea | 4752_496A	T5	T2	False	1.02	11.76	3.16	17.16	6.06
PX215114.1	PX215115.1	Gigaspora rosea | CW0011_4010A	Gigaspora rosea | 4752_496A	T5	T2	False	0.88	11.76	3.16	17.16	5.76
PX215114.1	PX215116.1	Gigaspora rosea | CW0011_4010A	Gigaspora rosea | 4752_496A	T5	T2	False	0.88	11.76	3.16	17.16	6.06
PX215115.1	PX215116.1	Gigaspora rosea | 4752_496A	Gigaspora rosea | 4752_496A	T2	T2	True	0.0	0.0	0.0	0.0	0.29
