accession	organism	group	ssu_len	flags	call	vt	pident	cov	tied_vts	best_vt	best_pident	best_taxon	order	margin
PX207096.1	Paraglomus laccatum	Paraglomus laccatum | CW0010_4009B	1472		assigned	VTX00281	99.81	1.0		VTX00281	99.81	Paraglomus Alguacil14b Para2	Paraglomerales	0.96
PX207097.1	Paraglomus laccatum	Paraglomus laccatum | CW0010_4009B	1472		assigned	VTX00281	99.81	1.0		VTX00281	99.81	Paraglomus Alguacil14b Para2	Paraglomerales	0.96
PX207098.1	Paraglomus laccatum	Paraglomus laccatum | CW0010_4009B	1472		assigned	VTX00281	99.81	1.0		VTX00281	99.81	Paraglomus Alguacil14b Para2	Paraglomerales	0.96
PX207099.1	Paraglomus laccatum	Paraglomus laccatum | CW0010_4009B	1472		assigned	VTX00281	99.81	1.0		VTX00281	99.81	Paraglomus Alguacil14b Para2	Paraglomerales	0.96
PX207100.1	Paraglomus laccatum	Paraglomus laccatum | CW0010_4009B	1472		assigned	VTX00281	99.81	1.0		VTX00281	99.81	Paraglomus Alguacil14b Para2	Paraglomerales	0.96
PX207101.1	Ambispora sp.	Ambispora sp. | ON205A	1475		assigned	VTX00242	99.81	1.0		VTX00242	99.81	Ambispora leptoticha T	Archaeosporales	2.69
PX207102.1	Ambispora sp.	Ambispora sp. | ON205A	1475		assigned	VTX00242	99.42	1.0		VTX00242	99.42	Ambispora leptoticha T	Archaeosporales	2.31
PX207103.1	Ambispora sp.	Ambispora sp. | ON205A	1475		assigned	VTX00242	99.81	1.0		VTX00242	99.81	Ambispora leptoticha T	Archaeosporales	2.69
PX207104.1	Ambispora sp.	Ambispora sp. | ON205A	1475		assigned	VTX00242	99.04	1.0		VTX00242	99.04	Ambispora leptoticha	Archaeosporales	2.11
PX207105.1	Ambispora sp.	Ambispora sp. | ON205A	1475		assigned	VTX00242	99.61	1.0		VTX00242	99.61	Ambispora leptoticha T	Archaeosporales	2.69
PX207106.1	Ambispora sp.	Ambispora sp. | ON205A	1475		assigned	VTX00242	99.04	1.0		VTX00242	99.04	Ambispora leptoticha	Archaeosporales	2.11
PX207107.1	Diversispora spurca	Diversispora spurca | CW0006_4005B	1475		assigned	VTX00263	99.81	1.0		VTX00263	99.81	Diversispora spurca T	Diversisporales	0.19
PX207108.1	Diversispora spurca	Diversispora spurca | CW0006_4005B	1475		assigned	VTX00263	99.81	1.0		VTX00263	99.81	Diversispora spurca T	Diversisporales	0.19
PX207109.1	Diversispora spurca	Diversispora spurca | CW0006_4005B	1475		assigned	VTX00263	99.81	1.0		VTX00263	99.81	Diversispora spurca T	Diversisporales	0.19
PX207110.1	Diversispora spurca	Diversispora spurca | CW0006_4005B	1475		assigned	VTX00263	99.81	1.0		VTX00263	99.81	Diversispora spurca T	Diversisporales	0.19
PX207111.1	Diversispora spurca	Diversispora spurca | CW0006_4005B	1475		assigned	VTX00263	99.81	1.0		VTX00263	99.81	Diversispora spurca T	Diversisporales	0.19
PX207112.1	Diversispora spurca	Diversispora spurca | CW0006_4005B	1475		assigned	VTX00263	99.81	1.0		VTX00263	99.81	Diversispora spurca T	Diversisporales	0.19
PX207113.1	Diversispora spurca	Diversispora spurca | CW0006_4005B	1475		assigned	VTX00263	99.81	1.0		VTX00263	99.81	Diversispora spurca T	Diversisporales	0.19
PX207114.1	Diversispora spurca	Diversispora spurca | CW0006_4005B	1475		assigned	VTX00263	99.81	1.0		VTX00263	99.81	Diversispora spurca T	Diversisporales	0.19
PX207115.1	Diversispora spurca	Diversispora spurca | CW0006_4005B	1475		assigned	VTX00263	99.81	1.0		VTX00263	99.81	Diversispora spurca T	Diversisporales	0.19
PX207116.1	Diversispora spurca	Diversispora spurca | CW0006_4005B	1475		assigned	VTX00263	99.81	1.0		VTX00263	99.81	Diversispora spurca T	Diversisporales	0.19
PX207117.1	Diversispora spurca	Diversispora spurca | CW0006_4005B	1475		assigned	VTX00263	99.81	1.0		VTX00263	99.81	Diversispora spurca T	Diversisporales	0.19
PX207118.1	Cetraspora gilmorei	Cetraspora gilmorei | CW0008_2669B	1467		assigned	VTX00041	100.0	1.0		VTX00041	100.0	Racocetra tropicana	Diversisporales	0.96
PX207119.1	Cetraspora gilmorei	Cetraspora gilmorei | CW0008_2669B	1467		assigned	VTX00041	100.0	1.0		VTX00041	100.0	Scutellospora gilmorei	Diversisporales	1.02
PX207120.1	Cetraspora gilmorei	Cetraspora gilmorei | CW0008_2669B	1466		assigned	VTX00041	99.81	1.0		VTX00041	99.81	Racocetra tropicana	Diversisporales	0.83
PX207121.1	Cetraspora gilmorei	Cetraspora gilmorei | CW0008_2669B	1466		assigned	VTX00041	99.81	1.0		VTX00041	99.81	Racocetra tropicana	Diversisporales	0.83
PX207122.1	Cetraspora gilmorei	Cetraspora gilmorei | CW0008_2669B	1468		assigned	VTX00041	99.81	1.002		VTX00041	99.81	Racocetra tropicana	Diversisporales	0.83
PX207123.1	Cetraspora gilmorei	Cetraspora gilmorei | CW0008_2669B	1467		assigned	VTX00041	100.0	1.0		VTX00041	100.0	Scutellospora gilmorei	Diversisporales	1.02
PX207124.1	Cetraspora gilmorei	Cetraspora gilmorei | CW0008_2669B	1467		assigned	VTX00041	100.0	1.0		VTX00041	100.0	Scutellospora gilmorei	Diversisporales	1.02
PX207125.1	Cetraspora gilmorei	Cetraspora gilmorei | CW0008_2669B	1467		assigned	VTX00041	100.0	1.0		VTX00041	100.0	Scutellospora gilmorei	Diversisporales	1.02
PX207126.1	Cetraspora gilmorei	Cetraspora gilmorei | CW0008_2669B	1467		assigned	VTX00041	100.0	1.0		VTX00041	100.0	Scutellospora gilmorei	Diversisporales	1.02
PX207127.1	Cetraspora gilmorei	Cetraspora gilmorei | CW0008_2669B	1467		assigned	VTX00041	100.0	1.0		VTX00041	100.0	Scutellospora gilmorei	Diversisporales	1.02
PX207128.1	Gigaspora rosea	Gigaspora rosea | 4292_708F	1470		assigned	VTX00039	99.61	1.0		VTX00039	99.61	Gigaspora gigantea	Diversisporales	0.8
PX207129.1	Gigaspora rosea	Gigaspora rosea | 4292_708F	1470		assigned	VTX00039	99.61	1.0		VTX00039	99.61	Gigaspora gigantea	Diversisporales	0.8
PX207130.1	Gigaspora rosea	Gigaspora rosea | 4292_708F	1470		assigned	VTX00039	99.42	1.0		VTX00039	99.42	Gigaspora margarita	Diversisporales	0.96
PX207131.1	Gigaspora rosea	Gigaspora rosea | 4292_708F	1470		assigned	VTX00039	99.42	1.0		VTX00039	99.42	Gigaspora margarita	Diversisporales	0.96
PX207132.1	Gigaspora rosea	Gigaspora rosea | 4292_708F	1472		assigned	VTX00039	99.23	1.004		VTX00039	99.23	Gigaspora margarita	Diversisporales	0.81
PX207133.1	Gigaspora rosea	Gigaspora rosea | 4292_708F	1472		assigned	VTX00039	99.23	1.004		VTX00039	99.23	Gigaspora margarita	Diversisporales	0.81
PX207134.1	Gigaspora rosea	Gigaspora rosea | 4292_708F	1471		assigned	VTX00039	99.62	1.002		VTX00039	99.62	Gigaspora gigantea	Diversisporales	0.8
PX207135.1	Gigaspora rosea	Gigaspora rosea | CU131_1018E	1470		assigned	VTX00039	100.0	1.0		VTX00039	100.0	Gigaspora margarita	Diversisporales	0.99
PX207136.1	Gigaspora rosea	Gigaspora rosea | 4292_708F	1470		assigned	VTX00039	99.61	1.0		VTX00039	99.61	Gigaspora gigantea	Diversisporales	0.8
PX207137.1	Gigaspora rosea	Gigaspora rosea | 4292_708F	1470		assigned	VTX00039	99.61	1.0		VTX00039	99.61	Gigaspora gigantea	Diversisporales	0.8
PX207138.1	Gigaspora rosea	Gigaspora rosea | 4292_708F	1470	divergent_5.8S	assigned	VTX00039	100.0	1.0		VTX00039	100.0	Gigaspora gigantea	Diversisporales	0.79
PX207139.1	Gigaspora rosea	Gigaspora rosea | 4292_708F	1470	divergent_5.8S	assigned	VTX00039	99.61	1.0		VTX00039	99.61	Gigaspora gigantea	Diversisporales	0.8
PX207140.1	Gigaspora rosea	Gigaspora rosea | 4292_708F	1470	divergent_5.8S	assigned	VTX00039	99.61	1.0		VTX00039	99.61	Gigaspora gigantea	Diversisporales	0.8
PX207141.1	Gigaspora rosea	Gigaspora rosea | CU131_1018E	1470		assigned	VTX00039	99.81	1.0		VTX00039	99.81	Gigaspora margarita	Diversisporales	1.0
PX207142.1	Gigaspora rosea	Gigaspora rosea | CU131_1018E	1470		assigned	VTX00039	99.81	1.0		VTX00039	99.81	Gigaspora margarita	Diversisporales	1.0
PX207143.1	Gigaspora rosea	Gigaspora rosea | CU131_1018E	1470		assigned	VTX00039	99.42	1.0		VTX00039	99.42	Gigaspora margarita	Diversisporales	1.01
PX207144.1	Sclerocystis sinuosa	Sclerocystis sinuosa | MT106_2767A	1473		assigned	VTX00069	100.0	1.0		VTX00069	100.0	Glomus Glo5	Glomerales	2.31
PX207145.1	Sclerocystis sinuosa	Sclerocystis sinuosa | MT106_2767A	1473		assigned	VTX00069	100.0	1.0		VTX00069	100.0	Glomus Glo5	Glomerales	2.31
PX207146.1	Sclerocystis sinuosa	Sclerocystis sinuosa | MT106_2767A	1473		assigned	VTX00069	100.0	1.0		VTX00069	100.0	Glomus Glo5	Glomerales	2.31
PX207147.1	Sclerocystis sinuosa	Sclerocystis sinuosa | MT106_2767A	1473		assigned	VTX00069	100.0	1.0		VTX00069	100.0	Glomus Glo5	Glomerales	2.31
PX207148.1	Sclerocystis sinuosa	Sclerocystis sinuosa | MT106_2767A	1473		assigned	VTX00069	100.0	1.0		VTX00069	100.0	Glomus Glo5	Glomerales	2.31
PX207149.1	Sclerocystis sinuosa	Sclerocystis sinuosa | MT106_2767A	1473		assigned	VTX00069	100.0	1.0		VTX00069	100.0	Glomus Glo5	Glomerales	2.31
PX207150.1	Sclerocystis sinuosa	Sclerocystis sinuosa | MT106_2767A	1473		assigned	VTX00069	100.0	1.0		VTX00069	100.0	Glomus Glo5	Glomerales	2.31
PX207151.1	Sclerocystis sinuosa	Sclerocystis sinuosa | MT106_2767A	1473		assigned	VTX00069	100.0	1.0		VTX00069	100.0	Glomus Glo5	Glomerales	2.31
PX207152.1	Sclerocystis sinuosa	Sclerocystis sinuosa | MT106_2767A	1473		assigned	VTX00069	100.0	1.0		VTX00069	100.0	Glomus Glo5	Glomerales	2.31
PX207153.1	Sclerocystis sinuosa	Sclerocystis sinuosa | MT106_2767A	1473		assigned	VTX00069	100.0	1.0		VTX00069	100.0	Glomus Glo5	Glomerales	2.31
PX207154.1	Sclerocystis sinuosa	Sclerocystis sinuosa | MT106_2767A	1473		assigned	VTX00069	100.0	1.0		VTX00069	100.0	Glomus Glo5	Glomerales	2.31
PX207155.1	Sclerocystis sinuosa	Sclerocystis sinuosa | MT106_2767A	1473		assigned	VTX00069	100.0	1.0		VTX00069	100.0	Glomus Glo5	Glomerales	2.31
PX207156.1	Sclerocystis sinuosa	Sclerocystis sinuosa | MT106_2767A	1473		assigned	VTX00069	100.0	1.0		VTX00069	100.0	Glomus Glo5	Glomerales	2.31
PX207157.1	Sclerocystis sinuosa	Sclerocystis sinuosa | MT106_2767A	1473		assigned	VTX00069	100.0	1.0		VTX00069	100.0	Glomus Glo5	Glomerales	2.31
PX207158.1	Sclerocystis sinuosa	Sclerocystis sinuosa | MT106_2767A	1473		assigned	VTX00069	100.0	1.0		VTX00069	100.0	Glomus Glo5	Glomerales	2.31
PX207159.1	Sclerocystis sinuosa	Sclerocystis sinuosa | MT106_2767A	1473		assigned	VTX00069	100.0	1.0		VTX00069	100.0	Glomus Glo5	Glomerales	2.31
PX207160.1	Sclerocystis sinuosa	Sclerocystis sinuosa | MT106_2767A	1473		assigned	VTX00069	100.0	1.0		VTX00069	100.0	Glomus Glo5	Glomerales	2.31
PX207161.1	Sclerocystis sinuosa	Sclerocystis sinuosa | MT106_2767A	1473		assigned	VTX00069	100.0	1.0		VTX00069	100.0	Glomus Glo5	Glomerales	2.31
PX207162.1	Rhizophagus irregularis	Rhizophagus irregularis | GC-2_IVT11	1473	divergent_5.8S	assigned	VTX00114	100.0	1.0		VTX00114	100.0	Glomus Glo8	Glomerales	0.58
PX207163.1	Rhizophagus irregularis	Rhizophagus irregularis | GC-2_IVT11	1473	divergent_5.8S	assigned	VTX00114	100.0	1.0		VTX00114	100.0	Glomus Glo8	Glomerales	0.58
PX207164.1	Rhizophagus irregularis	Rhizophagus irregularis | DAOMC 197198	1473	divergent_5.8S	assigned	VTX00114	100.0	1.0		VTX00114	100.0	Glomus Glo8	Glomerales	0.58
PX207165.1	Rhizophagus irregularis	Rhizophagus irregularis | DAOMC 197198	1473	divergent_5.8S	assigned	VTX00114	100.0	1.0		VTX00114	100.0	Glomus Glo8	Glomerales	0.58
PX207166.1	Rhizophagus irregularis	Rhizophagus irregularis | GC-2_IVT11	1473		assigned	VTX00114	100.0	1.0		VTX00114	100.0	Glomus Glo8	Glomerales	0.58
PX207167.1	Rhizophagus irregularis	Rhizophagus irregularis | GC-2_IVT11	1473		assigned	VTX00114	100.0	1.0		VTX00114	100.0	Glomus Glo8	Glomerales	0.58
PX207168.1	Rhizophagus irregularis	Rhizophagus irregularis | DAOMC 197198	1473		assigned	VTX00114	100.0	1.0		VTX00114	100.0	Glomus Glo8	Glomerales	0.58
PX207169.1	Rhizophagus irregularis	Rhizophagus irregularis | DAOMC 197198	1473		assigned	VTX00114	100.0	1.0		VTX00114	100.0	Glomus Glo8	Glomerales	0.58
PX207170.1	Rhizophagus irregularis	Rhizophagus irregularis | DAOMC 197198	1473		assigned	VTX00114	100.0	1.0		VTX00114	100.0	Glomus Glo8	Glomerales	0.58
PX207171.1	Rhizophagus irregularis	Rhizophagus irregularis | GC-2_IVT11	1473		assigned	VTX00114	100.0	1.0		VTX00114	100.0	Glomus Glo8	Glomerales	0.58
PX207172.1	Rhizophagus irregularis	Rhizophagus irregularis | GC-2_IVT11	1473		assigned	VTX00114	100.0	1.0		VTX00114	100.0	Glomus Glo8	Glomerales	0.58
PX207173.1	Rhizophagus irregularis	Rhizophagus irregularis | DAOMC 197198	1473		assigned	VTX00114	99.61	1.0		VTX00114	99.61	Glomus Glo8	Glomerales	0.4
PX207174.1	Rhizophagus irregularis	Rhizophagus irregularis | DAOMC 197198	1473		assigned	VTX00114	100.0	1.0		VTX00114	100.0	Glomus Glo8	Glomerales	0.58
PX207175.1	Rhizophagus irregularis	Rhizophagus irregularis | DAOMC 197198	1473		assigned	VTX00114	100.0	1.0		VTX00114	100.0	Glomus Glo8	Glomerales	0.58
PX207176.1	Rhizophagus irregularis	Rhizophagus irregularis | DAOMC 197198	1473		assigned	VTX00114	100.0	1.0		VTX00114	100.0	Glomus Glo8	Glomerales	0.58
PX207177.1	Rhizophagus irregularis	Rhizophagus irregularis | DAOMC 197198	1473		assigned	VTX00114	100.0	1.0		VTX00114	100.0	Glomus Glo8	Glomerales	0.58
PX207178.1	Rhizophagus irregularis	Rhizophagus irregularis | DAOMC 197198	1473		assigned	VTX00114	100.0	1.0		VTX00114	100.0	Glomus Glo8	Glomerales	0.58
PX207179.1	Rhizophagus irregularis	Rhizophagus irregularis | DAOMC 197198	1473		assigned	VTX00114	100.0	1.0		VTX00114	100.0	Glomus Glo8	Glomerales	0.58
PX207180.1	Rhizophagus irregularis	Rhizophagus irregularis | DAOMC 197198	1473		assigned	VTX00114	100.0	1.0		VTX00114	100.0	Glomus Glo8	Glomerales	0.58
PX207181.1	Rhizophagus irregularis	Rhizophagus irregularis | DAOMC 197198	1473		assigned	VTX00114	100.0	1.0		VTX00114	100.0	Glomus Glo8	Glomerales	0.58
PX207182.1	Rhizophagus irregularis	Rhizophagus irregularis | GC-2_IVT11	1473		assigned	VTX00114	100.0	1.0		VTX00114	100.0	Glomus Glo8	Glomerales	0.58
PX207183.1	Rhizophagus irregularis	Rhizophagus irregularis | GC-2_IVT11	1473		assigned	VTX00114	100.0	1.0		VTX00114	100.0	Glomus Glo8	Glomerales	0.58
PX207184.1	Rhizophagus irregularis	Rhizophagus irregularis | GC-2_IVT11	1473		assigned	VTX00114	100.0	1.0		VTX00114	100.0	Glomus Glo8	Glomerales	0.58
PX207185.1	Rhizophagus irregularis	Rhizophagus irregularis | GC-2_IVT11	1473		assigned	VTX00114	100.0	1.0		VTX00114	100.0	Glomus Glo8	Glomerales	0.58
PX207186.1	Rhizophagus irregularis	Rhizophagus irregularis | DAOMC 197198	1473		assigned	VTX00114	100.0	1.0		VTX00114	100.0	Glomus Glo8	Glomerales	0.58
PX207187.1	Rhizophagus irregularis	Rhizophagus irregularis | DAOMC 197198	1473		assigned	VTX00114	100.0	1.0		VTX00114	100.0	Glomus Glo8	Glomerales	0.58
PX207188.1	Rhizophagus irregularis	Rhizophagus irregularis | DAOMC 197198	1473		assigned	VTX00114	100.0	1.0		VTX00114	100.0	Glomus Glo8	Glomerales	0.58
PX207189.1	Rhizophagus irregularis	Rhizophagus irregularis | DAOMC 197198	1473		assigned	VTX00114	100.0	1.0		VTX00114	100.0	Glomus Glo8	Glomerales	0.58
PX207190.1	Rhizophagus prolifer	Rhizophagus prolifer | SD5_IVT32	1473		assigned	VTX00099	100.0	1.0		VTX00099	100.0	Glomus proliferum T	Glomerales	1.35
PX207191.1	Rhizophagus prolifer	Rhizophagus prolifer | SD5_IVT32	1473		assigned	VTX00099	100.0	1.0		VTX00099	100.0	Glomus proliferum T	Glomerales	1.35
PX207192.1	Rhizophagus prolifer	Rhizophagus prolifer | SD5_IVT32	1473		assigned	VTX00099	100.0	1.0		VTX00099	100.0	Glomus proliferum T	Glomerales	1.35
PX207193.1	Rhizophagus prolifer	Rhizophagus prolifer | SD5_IVT32	1473		assigned	VTX00099	100.0	1.0		VTX00099	100.0	Glomus proliferum T	Glomerales	1.35
PX207194.1	Rhizophagus intraradices	Rhizophagus intraradices | UT126A	1473	divergent_5.8S	assigned	VTX00100	99.42	1.0		VTX00100	99.42	Glomus intraradices	Glomerales	0.58
PX207195.1	Rhizophagus intraradices	Rhizophagus intraradices | UT126A	1473	divergent_5.8S	assigned	VTX00100	100.0	1.0		VTX00100	100.0	Glomus Glo G1	Glomerales	0.79
PX207196.1	Rhizophagus intraradices	Rhizophagus intraradices | UT126A	1473	divergent_5.8S	assigned	VTX00100	100.0	1.0		VTX00100	100.0	Glomus Glo G1	Glomerales	0.79
PX207197.1	Rhizophagus intraradices	Rhizophagus intraradices | KS906_IVT156	1473	divergent_5.8S	assigned	VTX00100	100.0	1.0		VTX00100	100.0	Glomus Glo G1	Glomerales	0.79
PX207198.1	Rhizophagus intraradices	Rhizophagus intraradices | KS906_IVT156	1473		assigned	VTX00100	100.0	1.0		VTX00100	100.0	Glomus intraradices	Glomerales	0.59
PX207199.1	Rhizophagus intraradices	Rhizophagus intraradices | UT126A	1473		assigned	VTX00100	100.0	1.0		VTX00100	100.0	Glomus intraradices	Glomerales	0.59
PX207200.1	Rhizophagus intraradices	Rhizophagus intraradices | UT126A	1474		assigned	VTX00100	99.81	1.002		VTX00100	99.81	Glomus Glo G1	Glomerales	0.79
PX207201.1	Rhizophagus intraradices	Rhizophagus intraradices | UT126A	1473		assigned	VTX00100	100.0	1.0		VTX00100	100.0	Glomus intraradices	Glomerales	0.59
PX207202.1	Rhizophagus intraradices	Rhizophagus intraradices | UT126A	1473		assigned	VTX00100	100.0	1.0		VTX00100	100.0	Glomus intraradices	Glomerales	0.59
PX207203.1	Rhizophagus intraradices	Rhizophagus intraradices | KS906_IVT156	1473		assigned	VTX00100	100.0	1.0		VTX00100	100.0	Glomus intraradices	Glomerales	0.59
PX207204.1	Rhizophagus intraradices	Rhizophagus intraradices | UT126A	1473		assigned	VTX00100	100.0	1.0		VTX00100	100.0	Glomus Goomaral13b Glo 5	Glomerales	0.39
PX207205.1	Rhizophagus intraradices	Rhizophagus intraradices | KS906_IVT156	1473		assigned	VTX00100	100.0	1.0		VTX00100	100.0	Glomus intraradices	Glomerales	0.59
PX207206.1	Rhizophagus prolifer	Rhizophagus prolifer | SD5_IVT32	1473	divergent_5.8S	assigned	VTX00099	99.81	1.0		VTX00099	99.81	Glomus Kottke08-5	Glomerales	1.54
PX207207.1	Rhizophagus prolifer	Rhizophagus prolifer | SD5_IVT32	1473	divergent_5.8S	assigned	VTX00099	99.81	1.0		VTX00099	99.81	Glomus Kottke08-5	Glomerales	1.54
PX207208.1	Rhizophagus prolifer	Rhizophagus prolifer | SD5_IVT32	1473	divergent_5.8S	assigned	VTX00099	100.0	1.0		VTX00099	100.0	Glomus proliferum T	Glomerales	1.35
PX207209.1	Rhizophagus prolifer	Rhizophagus prolifer | SD5_IVT32	1473	divergent_5.8S	assigned	VTX00099	100.0	1.0		VTX00099	100.0	Glomus proliferum T	Glomerales	1.35
PX207210.1	Rhizophagus prolifer	Rhizophagus prolifer | SD5_IVT32	1473	divergent_5.8S	assigned	VTX00099	100.0	1.0		VTX00099	100.0	Glomus proliferum T	Glomerales	1.35
PX207211.1	Rhizophagus prolifer	Rhizophagus prolifer | SD5_IVT32	1473	divergent_5.8S	assigned	VTX00099	100.0	1.0		VTX00099	100.0	Glomus proliferum T	Glomerales	1.35
PX207212.1	Glomus tetrastratosum	Glomus tetrastratosum | 5094_2349C	1471		assigned	VTX00199	99.61	1.0		VTX00199	99.61	Glomus hoi	Glomerales	0.79
PX207213.1	Glomus tetrastratosum	Glomus tetrastratosum | 5094_2349C	1471		assigned	VTX00199	99.81	1.0		VTX00199	99.81	Glomus hoi	Glomerales	1.15
PX207214.1	Glomus tetrastratosum	Glomus tetrastratosum | 5094_2349C	1472		assigned	VTX00199	99.81	1.0		VTX00199	99.81	Glomus sp.	Glomerales	0.98
PX207215.1	Glomus tetrastratosum	Glomus tetrastratosum | 5094_2349C	1473		assigned	VTX00199	99.81	1.002		VTX00199	99.81	Glomus hoi	Glomerales	1.18
PX207216.1	Glomus tetrastratosum	Glomus tetrastratosum | 5094_2349C	1472		assigned	VTX00199	99.81	1.0		VTX00199	99.81	Glomus hoi	Glomerales	1.18
PX207217.1	Glomus tetrastratosum	Glomus tetrastratosum | 5094_2349C	1472		assigned	VTX00199	100.0	1.0		VTX00199	100.0	Glomus hoi	Glomerales	1.18
PX207218.1	Glomus tetrastratosum	Glomus tetrastratosum | 5094_2349C	1472		assigned	VTX00199	99.81	1.0		VTX00199	99.81	Glomus sp.	Glomerales	0.98
PX207219.1	Funneliformis mosseae	Funneliformis mosseae | 2231_1079F	1474		assigned	VTX00067	100.0	1.0		VTX00067	100.0	Glomus mosseae	Glomerales	0.96
PX207220.1	Funneliformis mosseae	Funneliformis mosseae | 2231_1079F	1474		assigned	VTX00067	100.0	1.0		VTX00067	100.0	Glomus mosseae	Glomerales	0.96
PX207221.1	Funneliformis mosseae	Funneliformis mosseae | 2231_1079F	1474		assigned	VTX00067	100.0	1.0		VTX00067	100.0	Glomus mosseae	Glomerales	0.96
PX207222.1	Funneliformis mosseae	Funneliformis mosseae | 2231_1079F	1474		assigned	VTX00067	100.0	1.0		VTX00067	100.0	Glomus mosseae	Glomerales	0.77
PX207223.1	Funneliformis mosseae	Funneliformis mosseae | 2231_1079F	1474		assigned	VTX00067	100.0	1.0		VTX00067	100.0	Glomus mosseae	Glomerales	0.96
PX207224.1	Funneliformis mosseae	Funneliformis mosseae | FS-29_2726A	1474		assigned	VTX00067	100.0	1.0		VTX00067	100.0	Glomus mosseae	Glomerales	0.96
PX207225.1	Funneliformis mosseae	Funneliformis mosseae | FS-29_2726A	1474		assigned	VTX00067	100.0	1.0		VTX00067	100.0	Glomus mosseae	Glomerales	0.96
PX207226.1	Funneliformis mosseae	Funneliformis mosseae | FS-29_2726A	1474		assigned	VTX00067	100.0	1.0		VTX00067	100.0	Glomus mosseae	Glomerales	0.96
PX207227.1	Funneliformis mosseae	Funneliformis mosseae | FS-29_2726A	1474		assigned	VTX00067	100.0	1.0		VTX00067	100.0	Glomus mosseae	Glomerales	0.96
PX207228.1	Funneliformis mosseae	Funneliformis mosseae | FS-29_2726A	1474		assigned	VTX00067	100.0	1.0		VTX00067	100.0	Glomus mosseae	Glomerales	0.96
PX207229.1	Funneliformis mosseae	Funneliformis mosseae | FS-29_2726A	1474		assigned	VTX00067	100.0	1.0		VTX00067	100.0	Glomus mosseae	Glomerales	0.96
PX207230.1	Funneliformis mosseae	Funneliformis mosseae | 2231_1079F	1474		assigned	VTX00067	100.0	1.0		VTX00067	100.0	Glomus mosseae	Glomerales	0.96
PX207231.1	Funneliformis mosseae	Funneliformis mosseae | 2231_1079F	1474		assigned	VTX00067	100.0	1.0		VTX00067	100.0	Glomus mosseae	Glomerales	0.96
PX207232.1	Funneliformis mosseae	Funneliformis mosseae | 2231_1079F	1474		assigned	VTX00067	100.0	1.0		VTX00067	100.0	Glomus mosseae	Glomerales	0.96
PX207233.1	Funneliformis mosseae	Funneliformis mosseae | 2231_1079F	1474		assigned	VTX00067	100.0	1.0		VTX00067	100.0	Glomus mosseae	Glomerales	0.96
PX207234.1	Funneliformis mosseae	Funneliformis mosseae | 2231_1079F	1474		assigned	VTX00067	100.0	1.0		VTX00067	100.0	Glomus mosseae	Glomerales	0.96
PX207235.1	Funneliformis mosseae	Funneliformis mosseae | 2231_1079F	1474		assigned	VTX00067	100.0	1.0		VTX00067	100.0	Glomus mosseae	Glomerales	0.96
PX207236.1	Funneliformis mosseae	Funneliformis mosseae | FS-29_2726A	1474		assigned	VTX00067	100.0	1.0		VTX00067	100.0	Glomus mosseae	Glomerales	0.96
PX207237.1	Funneliformis mosseae	Funneliformis mosseae | FS-29_2726A	1474		assigned	VTX00067	100.0	1.0		VTX00067	100.0	Glomus mosseae	Glomerales	0.96
PX207238.1	Funneliformis mosseae	Funneliformis mosseae | FS-29_2726A	1474		assigned	VTX00067	100.0	1.0		VTX00067	100.0	Glomus mosseae	Glomerales	0.96
PX207239.1	Funneliformis mosseae	Funneliformis mosseae | FS-29_2726A	1474		assigned	VTX00067	100.0	1.0		VTX00067	100.0	Glomus mosseae	Glomerales	0.96
PX207240.1	Funneliformis mosseae	Funneliformis mosseae | FS-29_2726A	1474		assigned	VTX00067	100.0	1.0		VTX00067	100.0	Glomus mosseae	Glomerales	0.96
PX207241.1	Funneliformis mosseae	Funneliformis mosseae | 2231_1079F	1474		assigned	VTX00067	100.0	1.0		VTX00067	100.0	Glomus mosseae	Glomerales	0.96
PX207242.1	Funneliformis mosseae	Funneliformis mosseae | 2231_1079F	1474		assigned	VTX00067	100.0	1.0		VTX00067	100.0	Glomus mosseae	Glomerales	0.96
PX207243.1	Funneliformis mosseae	Funneliformis mosseae | FS-29_2726A	1474		assigned	VTX00067	100.0	1.0		VTX00067	100.0	Glomus mosseae	Glomerales	0.96
PX207244.1	Funneliformis mosseae	Funneliformis mosseae | FS-29_2726A	1474		assigned	VTX00067	100.0	1.0		VTX00067	100.0	Glomus mosseae	Glomerales	0.96
PX207245.1	Funneliformis mosseae	Funneliformis mosseae | FS-29_2726A	1474		assigned	VTX00067	100.0	1.0		VTX00067	100.0	Glomus mosseae	Glomerales	0.96
PX207246.1	Funneliformis mosseae	Funneliformis mosseae | FS-29_2726A	1474		assigned	VTX00067	100.0	1.0		VTX00067	100.0	Glomus mosseae	Glomerales	0.96
PX207247.1	Funneliformis mosseae	Funneliformis mosseae | 2231_1079F	1474		assigned	VTX00067	100.0	1.0		VTX00067	100.0	Glomus mosseae	Glomerales	0.96
PX207248.1	Funneliformis mosseae	Funneliformis mosseae | 2231_1079F	1474		assigned	VTX00067	100.0	1.0		VTX00067	100.0	Glomus mosseae	Glomerales	0.96
PX207249.1	Funneliformis mosseae	Funneliformis mosseae | FS-29_2726A	1474		assigned	VTX00067	100.0	1.0		VTX00067	100.0	Glomus mosseae	Glomerales	0.96
PX207250.1	Funneliformis mosseae	Funneliformis mosseae | FS-29_2726A	1474		assigned	VTX00067	100.0	1.0		VTX00067	100.0	Glomus mosseae	Glomerales	0.96
PX207251.1	Funneliformis mosseae	Funneliformis mosseae | FS-29_2726A	1474		assigned	VTX00067	100.0	1.0		VTX00067	100.0	Glomus mosseae	Glomerales	0.96
PX207252.1	Funneliformis mosseae	Funneliformis mosseae | FS-29_2726A	1474		assigned	VTX00067	100.0	1.0		VTX00067	100.0	Glomus mosseae	Glomerales	0.96
PX207253.1	Funneliformis mosseae	Funneliformis mosseae | FS-29_2726A	1474		assigned	VTX00067	100.0	1.0		VTX00067	100.0	Glomus mosseae	Glomerales	0.96
PX207254.1	Funneliformis mosseae	Funneliformis mosseae | 2231_1079F	1474		assigned	VTX00067	100.0	1.0		VTX00067	100.0	Glomus mosseae	Glomerales	0.96
PX207255.1	Funneliformis mosseae	Funneliformis mosseae | 2231_1079F	1474		assigned	VTX00067	100.0	1.0		VTX00067	100.0	Glomus mosseae	Glomerales	0.96
PX207256.1	Funneliformis mosseae	Funneliformis mosseae | 2231_1079F	1474		assigned	VTX00067	100.0	1.0		VTX00067	100.0	Glomus mosseae	Glomerales	0.96
PX207257.1	Funneliformis mosseae	Funneliformis mosseae | 2231_1079F	1474		assigned	VTX00067	100.0	1.0		VTX00067	100.0	Glomus mosseae	Glomerales	0.96
PX207258.1	Septoglomus turnauae	Septoglomus turnauae | Blasz_12_2272D	1472	divergent_5.8S	assigned	VTX00064	99.42	1.0		VTX00064	99.42	Glomus Glo G5	Glomerales	1.35
PX207259.1	Septoglomus turnauae	Septoglomus turnauae | Blasz_12_2272D	1472		assigned	VTX00064	99.81	1.0		VTX00064	99.81	Glomus Glo G5	Glomerales	1.73
PX207260.1	Septoglomus turnauae	Septoglomus turnauae | Blasz_12_2272D	1472		assigned	VTX00064	100.0	1.0		VTX00064	100.0	Glomus Glo G5	Glomerales	1.73
PX207261.1	Septoglomus turnauae	Septoglomus turnauae | Blasz_12_2272D	1472		assigned	VTX00064	100.0	1.0		VTX00064	100.0	Glomus Glo G5	Glomerales	1.73
PX207262.1	Septoglomus turnauae	Septoglomus turnauae | Blasz_12_2272D	1472		assigned	VTX00064	100.0	1.0		VTX00064	100.0	Glomus Glo G5	Glomerales	1.73
PX207263.1	Septoglomus viscosum	Septoglomus viscosum | CW0026_Att1910-1	1473	divergent_5.8S	assigned	VTX00409	99.42	1.0		VTX00409	99.42	Glomus Goomaral13b Glo 6	Glomerales	1.92
PX207264.1	Septoglomus viscosum	Septoglomus viscosum | CW0026_Att1910-1	1473	divergent_5.8S	assigned	VTX00409	99.42	1.0		VTX00409	99.42	Glomus Goomaral13b Glo 6	Glomerales	1.92
PX207265.1	Septoglomus viscosum	Septoglomus viscosum | CW0026_Att1910-1	1473		assigned	VTX00063	99.42	1.0		VTX00063	99.42	Glomus NES05	Glomerales	1.92
PX207266.1	Septoglomus viscosum	Septoglomus viscosum | CW0026_Att1910-1	1473		assigned	VTX00063	99.42	1.0		VTX00063	99.42	Glomus NES05	Glomerales	1.92
PX207267.1	Septoglomus viscosum	Septoglomus viscosum | CW0026_Att1910-1	1472		assigned	VTX00063	99.04	1.0		VTX00063	99.04	Glomus sp.	Glomerales	1.37
PX207268.1	Septoglomus viscosum	Septoglomus viscosum | CW0026_Att1910-1	1473		assigned	VTX00063	98.85	1.002		VTX00063	98.85	Glomus Goomaral13a Glo1	Glomerales	1.53
PX207269.1	Septoglomus viscosum	Septoglomus viscosum | CW0026_Att1910-1	1473		assigned	VTX00063	98.85	1.002		VTX00063	98.85	Glomus Goomaral13a Glo1	Glomerales	1.53
PX207270.1	Septoglomus viscosum	Septoglomus viscosum | CW0026_Att1910-1	1473		assigned	VTX00063	99.23	1.0		VTX00063	99.23	Glomus sp.	Glomerales	1.53
PX207271.1	Septoglomus viscosum	Septoglomus viscosum | CW0026_Att1910-1	1473		assigned	VTX00063	99.23	1.0		VTX00063	99.23	Glomus sp.	Glomerales	1.53
PX207272.1	Septoglomus viscosum	Septoglomus viscosum | CW0026_Att1910-1	1473		assigned	VTX00063	99.23	1.0		VTX00063	99.23	Glomus Goomaral13a Glo1	Glomerales	1.92
PX207273.1	Septoglomus viscosum	Septoglomus viscosum | CW0026_Att1910-1	1473		assigned	VTX00063	99.23	1.0		VTX00063	99.23	Glomus Goomaral13a Glo1	Glomerales	1.92
PX207274.1	Septoglomus viscosum	Septoglomus viscosum | CW0026_Att1910-1	1473		assigned	VTX00063	99.42	1.0		VTX00063	99.42	Glomus Goomaral13a Glo1	Glomerales	1.92
PX214440.1	Funneliformis caledonium	Funneliformis caledonium | VDHK150A_21A	1474		assigned	VTX00065	100.0	1.0		VTX00065	100.0	Glomus caledonium T	Glomerales	0.96
PX214441.1	Funneliformis caledonium	Funneliformis caledonium | VDHK150A_21A	1474		assigned	VTX00065	99.81	1.0		VTX00065	99.81	Glomus caledonium T	Glomerales	0.96
PX214442.1	Funneliformis caledonium	Funneliformis caledonium | VDHK150A_21A	1474		assigned	VTX00065	100.0	1.0		VTX00065	100.0	Glomus caledonium T	Glomerales	0.96
PX214443.1	Funneliformis caledonium	Funneliformis caledonium | CW0030_822A	1474		assigned	VTX00065	99.81	1.0		VTX00065	99.81	Glomus caledonium T	Glomerales	0.96
PX214444.1	Funneliformis caledonium	Funneliformis caledonium | CW0030_822A	1474		assigned	VTX00065	100.0	1.0		VTX00065	100.0	Glomus caledonium T	Glomerales	0.96
PX214445.1	Funneliformis caledonium	Funneliformis caledonium | CW0030_822A	1474		assigned	VTX00065	99.81	1.0		VTX00065	99.81	Glomus caledonium T	Glomerales	0.96
PX214446.1	Funneliformis caledonium	Funneliformis caledonium | CW0030_822A	1475		assigned	VTX00065	99.81	1.002		VTX00065	99.81	Glomus caledonium T	Glomerales	0.96
PX214447.1	Funneliformis caledonium	Funneliformis caledonium | VDHK150A_21A	1474		assigned	VTX00065	100.0	1.0		VTX00065	100.0	Glomus caledonium T	Glomerales	0.96
PX214448.1	Funneliformis caledonium	Funneliformis caledonium | VDHK150A_21A	1474		assigned	VTX00065	99.81	1.0		VTX00065	99.81	Glomus caledonium T	Glomerales	0.96
PX214449.1	Funneliformis geosporum	Funneliformis geosporum | ALBG_A3	1474		assigned	VTX00065	99.42	1.0		VTX00065	99.42	Glomus caledonium T	Glomerales	0.86
PX214450.1	Funneliformis geosporum	Funneliformis geosporum | ALBG_A3	1474		assigned	VTX00065	99.61	1.0		VTX00065	99.61	Glomus caledonium T	Glomerales	0.96
PX214451.1	Funneliformis geosporum	Funneliformis geosporum | ALBG_A3	1474		assigned	VTX00065	99.81	1.0		VTX00065	99.81	Glomus caledonium T	Glomerales	0.96
PX214452.1	Funneliformis geosporum	Funneliformis geosporum | ALBG_A3	1474		assigned	VTX00065	99.42	1.0		VTX00065	99.42	Glomus caledonium T	Glomerales	0.8
PX214453.1	Funneliformis geosporum	Funneliformis geosporum | ALBG_A3	1474		assigned	VTX00065	99.61	1.0		VTX00065	99.61	Glomus caledonium T	Glomerales	0.96
PX214454.1	Funneliformis geosporum	Funneliformis geosporum | W681_7_10A	1474		assigned	VTX00065	100.0	1.0		VTX00065	100.0	Glomus caledonium T	Glomerales	0.96
PX214455.1	Funneliformis geosporum	Funneliformis geosporum | W681_7_10A	1474		assigned	VTX00065	99.81	1.0		VTX00065	99.81	Glomus caledonium T	Glomerales	0.96
PX214456.1	Funneliformis geosporum	Funneliformis geosporum | W681_7_10A	1474		assigned	VTX00065	100.0	1.0		VTX00065	100.0	Glomus caledonium T	Glomerales	0.96
PX214457.1	Funneliformis coronatus	Funneliformis coronatus | Algerie_2_1072A	1474		assigned	VTX00265	100.0	1.0		VTX00265	100.0	Glomus coronatum	Glomerales	0.77
PX214458.1	Funneliformis coronatus	Funneliformis coronatus | Algerie_2_1072A	1474		assigned	VTX00265	100.0	1.0		VTX00265	100.0	Glomus coronatum	Glomerales	0.77
PX214459.1	Funneliformis coronatus	Funneliformis coronatus | Algerie_2_1072A	1474		assigned	VTX00265	100.0	1.0		VTX00265	100.0	Glomus coronatum	Glomerales	0.77
PX214460.1	Funneliformis coronatus	Funneliformis coronatus | Algerie_2_1072A	1474		assigned	VTX00265	100.0	1.0		VTX00265	100.0	Glomus coronatum	Glomerales	0.77
PX214461.1	Funneliformis coronatus	Funneliformis coronatus | Algerie_2_1072A	1474		assigned	VTX00265	100.0	1.0		VTX00265	100.0	Glomus coronatum	Glomerales	0.77
PX214462.1	Funneliformis coronatus	Funneliformis coronatus | W143_5_12A	1474		assigned	VTX00265	99.81	1.0		VTX00265	99.81	Glomus coronatum	Glomerales	0.77
PX214463.1	Funneliformis coronatus	Funneliformis coronatus | W143_5_12A	1474		assigned	VTX00265	99.81	1.0		VTX00265	99.81	Glomus coronatum	Glomerales	0.77
PX214464.1	Funneliformis coronatus	Funneliformis coronatus | W143_5_12A	1474		assigned	VTX00265	99.81	1.0		VTX00265	99.81	Glomus coronatum	Glomerales	0.77
PX214465.1	Funneliformis coronatus	Funneliformis coronatus | W143_5_12A	1474		assigned	VTX00265	99.81	1.0		VTX00265	99.81	Glomus coronatum	Glomerales	0.77
PX214466.1	Funneliformis coronatus	Funneliformis coronatus | W143_5_12A	1474		assigned	VTX00265	99.81	1.0		VTX00265	99.81	Glomus coronatum	Glomerales	0.77
PX214467.1	Funneliformis coronatus	Funneliformis coronatus | W143_5_12A	1474		assigned	VTX00265	99.81	1.0		VTX00265	99.81	Glomus coronatum	Glomerales	0.77
PX214468.1	Funneliformis coronatus	Funneliformis coronatus | W143_5_12A	1474		assigned	VTX00265	99.81	1.0		VTX00265	99.81	Glomus coronatum	Glomerales	0.77
PX214469.1	Funneliformis coronatus	Funneliformis coronatus | W699_21_3A	1474		assigned	VTX00265	99.81	1.0		VTX00265	99.81	Glomus coronatum	Glomerales	0.77
PX214470.1	Funneliformis coronatus	Funneliformis coronatus | W699_21_3A	1474		assigned	VTX00265	99.81	1.0		VTX00265	99.81	Glomus coronatum	Glomerales	0.77
PX214471.1	Funneliformis coronatus	Funneliformis coronatus | W699_21_3A	1474		assigned	VTX00265	99.81	1.0		VTX00265	99.81	Glomus coronatum	Glomerales	0.77
PX214472.1	Funneliformis coronatus	Funneliformis coronatus | W699_21_3A	1474		assigned	VTX00265	99.81	1.0		VTX00265	99.81	Glomus coronatum	Glomerales	0.77
PX214473.1	Funneliformis coronatus	Funneliformis coronatus | W111_12_886A	1474		assigned	VTX00265	100.0	1.0		VTX00265	100.0	Glomus coronatum	Glomerales	0.77
PX214474.1	Funneliformis coronatus	Funneliformis coronatus | W111_12_886A	1474		assigned	VTX00265	100.0	1.0		VTX00265	100.0	Glomus coronatum	Glomerales	0.77
PX214475.1	Funneliformis coronatus	Funneliformis coronatus | W111_12_886A	1474		assigned	VTX00265	100.0	1.0		VTX00265	100.0	Glomus coronatum	Glomerales	0.77
PX214476.1	Funneliformis coronatus	Funneliformis coronatus | W111_12_886A	1474		assigned	VTX00265	100.0	1.0		VTX00265	100.0	Glomus coronatum	Glomerales	0.77
PX214477.1	Funneliformis coronatus	Funneliformis coronatus | W111_12_886A	1474		assigned	VTX00265	100.0	1.0		VTX00265	100.0	Glomus coronatum	Glomerales	0.77
PX214478.1	Funneliformis coronatus	Funneliformis coronatus | W111_12_886A	1474		assigned	VTX00265	100.0	1.0		VTX00265	100.0	Glomus coronatum	Glomerales	0.77
PX214479.1	Funneliformis coronatus	Funneliformis coronatus | W111_12_886A	1474		assigned	VTX00265	100.0	1.0		VTX00265	100.0	Glomus coronatum	Glomerales	0.77
PX214480.1	Funneliformis coronatus	Funneliformis coronatus | W111_12_886A	1474		assigned	VTX00265	100.0	1.0		VTX00265	100.0	Glomus coronatum	Glomerales	0.77
PX214481.1	Funneliformis mosseae	Funneliformis mosseae | C2	1474		assigned	VTX00067	100.0	1.0		VTX00067	100.0	Glomus mosseae	Glomerales	0.77
PX214482.1	Funneliformis mosseae	Funneliformis mosseae | C2	1474		assigned	VTX00067	100.0	1.0		VTX00067	100.0	Glomus mosseae	Glomerales	0.77
PX214483.1	Funneliformis mosseae	Funneliformis mosseae | C2	1474		assigned	VTX00067	100.0	1.0		VTX00067	100.0	Glomus mosseae	Glomerales	0.77
PX214484.1	Funneliformis mosseae	Funneliformis mosseae | C2	1474		assigned	VTX00067	99.81	1.0		VTX00067	99.81	Glomus mosseae	Glomerales	0.77
PX214485.1	Funneliformis mosseae	Funneliformis mosseae | C2	1474		assigned	VTX00067	100.0	1.0		VTX00067	100.0	Glomus mosseae	Glomerales	0.77
PX214486.1	Funneliformis mosseae	Funneliformis mosseae | 2101_50A	1474		assigned	VTX00067	100.0	1.0		VTX00067	100.0	Glomus mosseae	Glomerales	0.77
PX214487.1	Funneliformis mosseae	Funneliformis mosseae | 2101_50A	1474		assigned	VTX00067	100.0	1.0		VTX00067	100.0	Glomus mosseae	Glomerales	0.77
PX214488.1	Funneliformis mosseae	Funneliformis mosseae | 2101_50A	1474		assigned	VTX00067	100.0	1.0		VTX00067	100.0	Glomus mosseae	Glomerales	0.77
PX214489.1	Funneliformis mosseae	Funneliformis mosseae | 3502	1474		assigned	VTX00067	100.0	1.0		VTX00067	100.0	Glomus mosseae	Glomerales	0.77
PX214490.1	Funneliformis mosseae	Funneliformis mosseae | FEC30_219A	1474		assigned	VTX00067	100.0	1.0		VTX00067	100.0	Glomus mosseae	Glomerales	0.96
PX214491.1	Funneliformis mosseae	Funneliformis mosseae | 2101_50A	1474		assigned	VTX00067	100.0	1.0		VTX00067	100.0	Glomus mosseae	Glomerales	0.77
PX214492.1	Funneliformis mosseae	Funneliformis mosseae | W32_9_13A	1474		assigned	VTX00067	100.0	1.0		VTX00067	100.0	Glomus mosseae	Glomerales	0.96
PX214493.1	Funneliformis mosseae	Funneliformis mosseae | 3502	1474		assigned	VTX00067	100.0	1.0		VTX00067	100.0	Glomus mosseae	Glomerales	0.96
PX214494.1	Funneliformis mosseae	Funneliformis mosseae | 3502	1474		assigned	VTX00067	100.0	1.0		VTX00067	100.0	Glomus mosseae	Glomerales	0.77
PX214495.1	Funneliformis mosseae	Funneliformis mosseae | W32_9_13A	1474		assigned	VTX00067	100.0	1.0		VTX00067	100.0	Glomus mosseae	Glomerales	0.96
PX214496.1	Funneliformis mosseae	Funneliformis mosseae | W32_9_13A	1474		assigned	VTX00067	100.0	1.0		VTX00067	100.0	Glomus mosseae	Glomerales	0.96
PX214497.1	Funneliformis mosseae	Funneliformis mosseae | W32_9_13A	1474		assigned	VTX00067	100.0	1.0		VTX00067	100.0	Glomus mosseae	Glomerales	0.96
PX214498.1	Funneliformis mosseae	Funneliformis mosseae | W32_9_13A	1474		assigned	VTX00067	100.0	1.0		VTX00067	100.0	Glomus mosseae	Glomerales	0.77
PX214499.1	Funneliformis mosseae	Funneliformis mosseae | 2101_50A	1474		assigned	VTX00067	100.0	1.0		VTX00067	100.0	Glomus mosseae	Glomerales	0.77
PX214500.1	Funneliformis mosseae	Funneliformis mosseae | 2101_50A	1474		assigned	VTX00067	100.0	1.0		VTX00067	100.0	Glomus mosseae	Glomerales	0.77
PX214501.1	Funneliformis mosseae	Funneliformis mosseae | 2101_50A	1474		assigned	VTX00067	100.0	1.0		VTX00067	100.0	Glomus mosseae	Glomerales	0.77
PX214502.1	Funneliformis mosseae	Funneliformis mosseae | 198394_123A	1474		assigned	VTX00067	100.0	1.0		VTX00067	100.0	Glomus mosseae	Glomerales	0.77
PX214503.1	Funneliformis mosseae	Funneliformis mosseae | 2252_723A	1474		assigned	VTX00067	100.0	1.0		VTX00067	100.0	Glomus mosseae	Glomerales	0.77
PX214504.1	Funneliformis mosseae	Funneliformis mosseae | 2252_723A	1474		assigned	VTX00067	100.0	1.0		VTX00067	100.0	Glomus mosseae	Glomerales	0.77
PX214505.1	Funneliformis mosseae	Funneliformis mosseae | 2252_723A	1474		assigned	VTX00067	100.0	1.0		VTX00067	100.0	Glomus mosseae	Glomerales	0.77
PX214506.1	Funneliformis mosseae	Funneliformis mosseae | 198394_123A	1474		assigned	VTX00067	100.0	1.0		VTX00067	100.0	Glomus mosseae	Glomerales	0.77
PX214507.1	Funneliformis mosseae	Funneliformis mosseae | 2252_723A	1474		assigned	VTX00067	100.0	1.0		VTX00067	100.0	Glomus mosseae	Glomerales	0.77
PX214508.1	Funneliformis mosseae	Funneliformis mosseae | 2252_723A	1474		assigned	VTX00067	100.0	1.0		VTX00067	100.0	Glomus mosseae	Glomerales	0.77
PX214509.1	Funneliformis mosseae	Funneliformis mosseae | 2252_723A	1474		assigned	VTX00067	100.0	1.0		VTX00067	100.0	Glomus mosseae	Glomerales	0.77
PX214510.1	Funneliformis mosseae	Funneliformis mosseae | 2252_723A	1474		assigned	VTX00067	100.0	1.0		VTX00067	100.0	Glomus mosseae	Glomerales	0.77
PX214511.1	Funneliformis mosseae	Funneliformis mosseae | 198394_123A	1474		assigned	VTX00067	100.0	1.0		VTX00067	100.0	Glomus mosseae	Glomerales	0.77
PX214512.1	Funneliformis mosseae	Funneliformis mosseae | 198394_123A	1474		assigned	VTX00067	100.0	1.0		VTX00067	100.0	Glomus mosseae	Glomerales	0.77
PX214513.1	Funneliformis mosseae	Funneliformis mosseae | 2252_723A	1474		assigned	VTX00067	100.0	1.0		VTX00067	100.0	Glomus mosseae	Glomerales	0.77
PX214514.1	Funneliformis mosseae	Funneliformis mosseae | 198394_123A	1474		assigned	VTX00067	100.0	1.0		VTX00067	100.0	Glomus mosseae	Glomerales	0.77
PX214515.1	Funneliformis mosseae	Funneliformis mosseae | 198394_123A	1474		assigned	VTX00067	100.0	1.0		VTX00067	100.0	Glomus mosseae	Glomerales	0.77
PX214516.1	Funneliformis mosseae	Funneliformis mosseae | 198394_123A	1474		assigned	VTX00067	100.0	1.0		VTX00067	100.0	Glomus mosseae	Glomerales	0.77
PX214517.1	Funneliformis mosseae	Funneliformis mosseae | 2252_723A	1474		assigned	VTX00067	100.0	1.0		VTX00067	100.0	Glomus mosseae	Glomerales	0.77
PX214518.1	Funneliformis mosseae	Funneliformis mosseae | W32_9_13A	1474		assigned	VTX00067	100.0	1.0		VTX00067	100.0	Glomus mosseae	Glomerales	0.96
PX214519.1	Funneliformis mosseae	Funneliformis mosseae | W32_9_13A	1474		assigned	VTX00067	100.0	1.0		VTX00067	100.0	Glomus mosseae	Glomerales	0.77
PX214520.1	Funneliformis mosseae	Funneliformis mosseae | W32_9_13A	1474		assigned	VTX00067	100.0	1.0		VTX00067	100.0	Glomus mosseae	Glomerales	0.96
PX214521.1	Funneliformis mosseae	Funneliformis mosseae | 3502	1474		assigned	VTX00067	100.0	1.0		VTX00067	100.0	Glomus mosseae	Glomerales	0.96
PX214522.1	Funneliformis mosseae	Funneliformis mosseae | 4344_272A	1474		assigned	VTX00067	99.81	1.0		VTX00067	99.81	Glomus mosseae	Glomerales	0.77
PX214523.1	Funneliformis mosseae	Funneliformis mosseae | 4344_272A	1474		assigned	VTX00067	99.81	1.0		VTX00067	99.81	Glomus mosseae	Glomerales	0.39
PX214524.1	Funneliformis mosseae	Funneliformis mosseae | 4344_272A	1474		assigned	VTX00067	99.81	1.0		VTX00067	99.81	Glomus mosseae	Glomerales	0.39
PX214525.1	Funneliformis mosseae	Funneliformis mosseae | 4344_272A	1474		assigned	VTX00067	99.81	1.0		VTX00067	99.81	Glomus mosseae	Glomerales	0.39
PX214526.1	Funneliformis mosseae	Funneliformis mosseae | CHB4_Fmos	1474		assigned	VTX00067	100.0	1.0		VTX00067	100.0	Glomus mosseae	Glomerales	0.77
PX214527.1	Funneliformis mosseae	Funneliformis mosseae | CHB4_Fmos	1474		assigned	VTX00067	100.0	1.0		VTX00067	100.0	Glomus mosseae	Glomerales	0.77
PX214528.1	Funneliformis mosseae	Funneliformis mosseae | CHB4_Fmos	1474		assigned	VTX00067	100.0	1.0		VTX00067	100.0	Glomus mosseae	Glomerales	0.77
PX214529.1	Funneliformis mosseae	Funneliformis mosseae | CHB4_Fmos	1474		assigned	VTX00067	100.0	1.0		VTX00067	100.0	Glomus mosseae	Glomerales	0.77
PX214530.1	Funneliformis mosseae	Funneliformis mosseae | CHB4_Fmos	1474		assigned	VTX00067	100.0	1.0		VTX00067	100.0	Glomus mosseae	Glomerales	0.77
PX214531.1	Funneliformis mosseae	Funneliformis mosseae | CHB4_Fmos	1474		assigned	VTX00067	100.0	1.0		VTX00067	100.0	Glomus mosseae	Glomerales	0.77
PX214532.1	Funneliformis mosseae	Funneliformis mosseae | FEC30_219A	1474		assigned	VTX00067	100.0	1.0		VTX00067	100.0	Glomus mosseae	Glomerales	0.77
PX214533.1	Funneliformis mosseae	Funneliformis mosseae | FEC30_219A	1474		assigned	VTX00067	100.0	1.0		VTX00067	100.0	Glomus mosseae	Glomerales	0.77
PX214534.1	Funneliformis mosseae	Funneliformis mosseae | FEC30_219A	1474		assigned	VTX00067	100.0	1.0		VTX00067	100.0	Glomus mosseae	Glomerales	0.96
PX214535.1	Funneliformis mosseae	Funneliformis mosseae | FEC30_219A	1474		assigned	VTX00067	100.0	1.0		VTX00067	100.0	Glomus mosseae	Glomerales	0.96
PX214536.1	Funneliformis mosseae	Funneliformis mosseae | FEC30_219A	1474		assigned	VTX00067	100.0	1.0		VTX00067	100.0	Glomus mosseae	Glomerales	0.77
PX214537.1	Funneliformis mosseae	Funneliformis mosseae | CHB4_Fmos	1474		assigned	VTX00067	99.81	1.0		VTX00067	99.81	Glomus mosseae	Glomerales	0.39
PX214538.1	Funneliformis mosseae	Funneliformis mosseae | CHB4_Fmos	1474		assigned	VTX00067	99.81	1.0		VTX00067	99.81	Glomus mosseae	Glomerales	0.77
PX214539.1	Funneliformis mosseae	Funneliformis mosseae | CHB4_Fmos	1474		assigned	VTX00067	99.81	1.0		VTX00067	99.81	Glomus mosseae	Glomerales	0.39
PX214540.1	Funneliformis mosseae	Funneliformis mosseae | CHB4_Fmos	1474		assigned	VTX00067	100.0	1.0		VTX00067	100.0	Glomus mosseae	Glomerales	0.77
PX214541.1	Funneliformis mosseae	Funneliformis mosseae | 3502	1474		assigned	VTX00067	100.0	1.0		VTX00067	100.0	Glomus mosseae	Glomerales	0.77
PX214542.1	Funneliformis mosseae	Funneliformis mosseae | 2101_50A	1474		assigned	VTX00067	100.0	1.0		VTX00067	100.0	Glomus mosseae	Glomerales	0.77
PX214543.1	Funneliformis mosseae	Funneliformis mosseae | 2101_50A	1474		assigned	VTX00067	100.0	1.0		VTX00067	100.0	Glomus mosseae	Glomerales	0.77
PX214544.1	Funneliformis mosseae	Funneliformis mosseae | CHB1_Fmos	1474		assigned	VTX00067	100.0	1.0		VTX00067	100.0	Glomus mosseae	Glomerales	0.77
PX214545.1	Funneliformis mosseae	Funneliformis mosseae | CHB1_Fmos	1474		assigned	VTX00067	99.81	1.0		VTX00067	99.81	Glomus mosseae	Glomerales	0.77
PX214546.1	Funneliformis mosseae	Funneliformis mosseae | CHB1_Fmos	1474		assigned	VTX00067	100.0	1.0		VTX00067	100.0	Glomus mosseae	Glomerales	0.77
PX214547.1	Funneliformis mosseae	Funneliformis mosseae | CHB1_Fmos	1474		assigned	VTX00067	100.0	1.0		VTX00067	100.0	Glomus mosseae	Glomerales	0.77
PX214548.1	Funneliformis mosseae	Funneliformis mosseae | CHB1_Fmos	1474		assigned	VTX00067	100.0	1.0		VTX00067	100.0	Glomus mosseae	Glomerales	0.77
PX214549.1	Funneliformis mosseae	Funneliformis mosseae | CHB1_Fmos	1474		assigned	VTX00067	100.0	1.0		VTX00067	100.0	Glomus mosseae	Glomerales	0.77
PX214550.1	Funneliformis mosseae	Funneliformis mosseae | CHB1_Fmos	1474		assigned	VTX00067	100.0	1.0		VTX00067	100.0	Glomus mosseae	Glomerales	0.77
PX214551.1	Funneliformis mosseae	Funneliformis mosseae | CHB1_Fmos	1474		assigned	VTX00067	99.81	1.0		VTX00067	99.81	Glomus mosseae	Glomerales	0.77
PX214552.1	Funneliformis mosseae	Funneliformis mosseae | CHB1_Fmos	1474		assigned	VTX00067	99.81	1.0		VTX00067	99.81	Glomus mosseae	Glomerales	0.77
PX214553.1	Funneliformis mosseae	Funneliformis mosseae | CHB1_Fmos	1474		assigned	VTX00067	100.0	1.0		VTX00067	100.0	Glomus mosseae	Glomerales	0.77
PX214554.1	Funneliformis mosseae	Funneliformis mosseae | CHB4_Fmos	1475		assigned	VTX00067	100.0	1.0		VTX00067	100.0	Glomus mosseae	Glomerales	0.77
PX214555.1	Funneliformis mosseae	Funneliformis mosseae | CHB1_Fmos	1473		assigned	VTX00067	99.81	1.0		VTX00067	99.81	Glomus mosseae	Glomerales	0.77
PX214556.1	Funneliformis mosseae	Funneliformis mosseae | CHB1_Fmos	1474		assigned	VTX00067	100.0	1.0		VTX00067	100.0	Glomus mosseae	Glomerales	0.77
PX214557.1	Funneliformis mosseae	Funneliformis mosseae | CHB1_Fmos	1474		assigned	VTX00067	100.0	1.0		VTX00067	100.0	Glomus mosseae	Glomerales	0.77
PX214558.1	Funneliformis mosseae	Funneliformis mosseae | CHB1_Fmos	1474		assigned	VTX00067	100.0	1.0		VTX00067	100.0	Glomus mosseae	Glomerales	0.77
PX214559.1	Funneliformis mosseae	Funneliformis mosseae | CHB3_Fmos	1474		assigned	VTX00067	100.0	1.0		VTX00067	100.0	Glomus mosseae	Glomerales	0.77
PX214560.1	Funneliformis mosseae	Funneliformis mosseae | CHB3_Fmos	1474		assigned	VTX00067	100.0	1.0		VTX00067	100.0	Glomus mosseae	Glomerales	0.77
PX214561.1	Funneliformis mosseae	Funneliformis mosseae | CHB3_Fmos	1474		assigned	VTX00067	99.81	1.0		VTX00067	99.81	Glomus mosseae	Glomerales	0.39
PX214562.1	Funneliformis mosseae	Funneliformis mosseae | 4344_272A	1474		assigned	VTX00067	100.0	1.0		VTX00067	100.0	Glomus mosseae	Glomerales	0.77
PX214563.1	Funneliformis mosseae	Funneliformis mosseae | 4344_272A	1474		assigned	VTX00067	99.81	1.0		VTX00067	99.81	Glomus mosseae	Glomerales	0.77
PX214564.1	Funneliformis mosseae	Funneliformis mosseae | 4344_272A	1474		assigned	VTX00067	100.0	1.0		VTX00067	100.0	Glomus mosseae	Glomerales	0.77
PX214565.1	Funneliformis mosseae	Funneliformis mosseae | 4344_272A	1474		assigned	VTX00067	100.0	1.0		VTX00067	100.0	Glomus mosseae	Glomerales	0.77
PX214566.1	Funneliformis mosseae	Funneliformis mosseae | 4344_272A	1474		assigned	VTX00067	99.81	1.0		VTX00067	99.81	Glomus mosseae	Glomerales	0.39
PX214567.1	Funneliformis mosseae	Funneliformis mosseae | 4344_272A	1474		assigned	VTX00067	99.81	1.0		VTX00067	99.81	Glomus mosseae	Glomerales	0.39
PX214568.1	Funneliformis mosseae	Funneliformis mosseae | CHB1_Fmos	1474		assigned	VTX00067	100.0	1.0		VTX00067	100.0	Glomus mosseae	Glomerales	0.77
PX214569.1	Funneliformis mosseae	Funneliformis mosseae | W32_9_13A	1474		assigned	VTX00067	100.0	1.0		VTX00067	100.0	Glomus mosseae	Glomerales	0.96
PX214570.1	Funneliformis mosseae	Funneliformis mosseae | CHB1_Fmos	1474		assigned	VTX00067	100.0	1.0		VTX00067	100.0	Glomus mosseae	Glomerales	0.77
PX214571.1	Funneliformis mosseae	Funneliformis mosseae | CHB1_Fmos	1473		assigned	VTX00067	99.81	1.0		VTX00067	99.81	Glomus mosseae	Glomerales	0.77
PX214572.1	Septoglomus viscosum	Septoglomus viscosum | CW0029_4028A	1473		assigned	VTX00063	99.23	1.0		VTX00063	99.23	Glomus Goomaral13a Glo1	Glomerales	1.92
PX214573.1	Septoglomus viscosum	Septoglomus viscosum | MD215_360A	1473		assigned	VTX00063	99.23	1.0		VTX00063	99.23	Glomus Goomaral13a Glo1	Glomerales	1.92
PX214574.1	Septoglomus viscosum	Septoglomus viscosum | MD215_360A	1473		assigned	VTX00063	99.23	1.0		VTX00063	99.23	Glomus Goomaral13a Glo1	Glomerales	1.92
PX214575.1	Septoglomus viscosum	Septoglomus viscosum | MD215_360A	1473		assigned	VTX00063	99.23	1.0		VTX00063	99.23	Glomus sp.	Glomerales	1.53
PX214576.1	Septoglomus viscosum	Septoglomus viscosum | W375_18_642E	1473		assigned	VTX00063	99.61	1.0		VTX00063	99.61	Glomus Torrecillas12b Glo G15	Glomerales	1.92
PX214577.1	Septoglomus viscosum	Septoglomus viscosum | W375_18_642E	1473		assigned	VTX00063	99.81	1.0		VTX00063	99.81	Glomus Torrecillas12b Glo G15	Glomerales	2.3
PX214578.1	Septoglomus viscosum	Septoglomus viscosum | CW0029_4028A	1473		assigned	VTX00063	99.42	1.0		VTX00063	99.42	Glomus NES05	Glomerales	1.92
PX214579.1	Septoglomus viscosum	Septoglomus viscosum | W375_18_642E	1473		assigned	VTX00063	100.0	1.0		VTX00063	100.0	Glomus sp.	Glomerales	2.11
PX214580.1	Septoglomus viscosum	Septoglomus viscosum | CW0002_4001A	1473		assigned	VTX00063	99.61	1.0		VTX00063	99.61	Glomus sp.	Glomerales	2.31
PX214581.1	Septoglomus viscosum	Septoglomus viscosum | CW0002_4001A	1473		assigned	VTX00063	99.81	1.0		VTX00063	99.81	Glomus sp.	Glomerales	2.11
PX214582.1	Septoglomus viscosum	Septoglomus viscosum | CW0002_4001A	1476		assigned	VTX00063	98.86	1.008		VTX00063	98.86	Glomus sp.	Glomerales	1.91
PX214583.1	Septoglomus viscosum	Septoglomus viscosum | W375_18_642E	1472	divergent_5.8S,ssu_outlier	assigned	VTX00409	98.46	1.0		VTX00409	98.46	Glomus Torrecillas12b Glo G13 T	Glomerales	2.31
PX214584.1	Septoglomus sp.	Septoglomus sp. | 5070_5024A	1474		assigned	VTX00063	97.31	1.002		VTX00063	97.31	Glomus Goomaral13a Glo1	Glomerales	0.76
PX214585.1	Septoglomus sp.	Septoglomus sp. | C4	1474		assigned	VTX00063	97.31	1.002		VTX00063	97.31	Glomus Goomaral13a Glo1	Glomerales	0.76
PX214586.1	Septoglomus sp.	Septoglomus sp. | 5070_5024A	1474		assigned	VTX00063	97.12	1.002		VTX00063	97.12	Glomus Goomaral13a Glo1	Glomerales	0.37
PX214587.1	Septoglomus sp.	Septoglomus sp. | C4	1474		assigned	VTX00063	97.12	1.002		VTX00063	97.12	Glomus Goomaral13a Glo1	Glomerales	0.37
PX214588.1	Septoglomus sp.	Septoglomus sp. | C4	1474		unassigned			1.002		VTX00063	96.93	Glomus sp.	Glomerales	0.56
PX214589.1	Septoglomus sp.	Septoglomus sp. | C4	1473		assigned	VTX00063	97.06	1.002		VTX00063	96.93	Glomus Goomaral13a Glo1	Glomerales	0.37
PX214590.1	Septoglomus sp.	Septoglomus sp. | C4	1476		assigned	VTX00063	97.06	1.004		VTX00063	96.94	Glomus Goomaral13a Glo1	Glomerales	0.37
PX214591.1	Septoglomus sp.	Septoglomus sp. | 5070_5024A	1474		unassigned			1.002		VTX00063	96.93	Glomus Goomaral13a Glo1	Glomerales	0.37
PX214592.1	Septoglomus sp.	Septoglomus sp. | C4	1474		unassigned			1.002		VTX00063	96.93	Glomus sp.	Glomerales	0.56
PX214593.1	Septoglomus sp.	Septoglomus sp. | C4	1474		unassigned			1.002		VTX00063	96.93	Glomus sp.	Glomerales	0.56
PX214594.1	Septoglomus sp.	Septoglomus sp. | C4	1474		unassigned			1.002		VTX00063	96.93	Glomus sp.	Glomerales	0.56
PX214595.1	Septoglomus sp.	Septoglomus sp. | 4404_2057A	1472	divergent_5.8S	assigned	VTX00064	99.04	1.0		VTX00064	99.04	Glomus constrictum	Glomerales	1.35
PX214596.1	Septoglomus sp.	Septoglomus sp. | FS_9_2328B	1472		assigned	VTX00064	98.85	1.0		VTX00064	98.85	Glomus constrictum	Glomerales	1.21
PX214597.1	Septoglomus sp.	Septoglomus sp. | FS_9_2328B	1472		assigned	VTX00064	99.04	1.0		VTX00064	99.04	Glomus Glo G5	Glomerales	1.35
PX214598.1	Septoglomus sp.	Septoglomus sp. | FS_9_2328B	1472		assigned	VTX00064	99.42	1.0		VTX00064	99.42	Glomus Glo G5	Glomerales	1.73
PX214599.1	Septoglomus sp.	Septoglomus sp. | 4404_2057A	1472		assigned	VTX00064	99.42	1.0		VTX00064	99.42	Glomus Glo G5	Glomerales	1.35
PX214600.1	Septoglomus sp.	Septoglomus sp. | 4404_2057A	1472		assigned	VTX00064	99.42	1.0		VTX00064	99.42	Glomus Glo G5	Glomerales	1.35
PX214601.1	Septoglomus sp.	Septoglomus sp. | FS_9_2328B	1472	divergent_5.8S	assigned	VTX00064	99.61	1.0		VTX00064	99.61	Glomus Glo G5	Glomerales	1.73
PX214602.1	Septoglomus sp.	Septoglomus sp. | FS_9_2328B	1472	divergent_5.8S	assigned	VTX00064	99.42	1.0		VTX00064	99.42	Glomus Glo G5	Glomerales	1.35
PX214603.1	Septoglomus sp.	Septoglomus sp. | Blasz_17_2277A	1472		assigned	VTX00064	98.85	1.0		VTX00064	98.85	Glomus Glo G5	Glomerales	1.15
PX214604.1	Septoglomus sp.	Septoglomus sp. | Blasz_17_2277A	1472		assigned	VTX00064	98.85	1.0		VTX00064	98.85	Glomus Glo G5	Glomerales	1.15
PX214605.1	Septoglomus sp.	Septoglomus sp. | Blasz_17_2277A	1472		assigned	VTX00064	99.42	1.0		VTX00064	99.42	Glomus VeGloC	Glomerales	1.54
PX214606.1	Septoglomus sp.	Septoglomus sp. | Blasz_17_2277A	1472		assigned	VTX00064	98.85	1.0		VTX00064	98.85	Glomus Glo G5	Glomerales	1.15
PX214607.1	Septoglomus sp.	Septoglomus sp. | Blasz_17_2277A	1472		assigned	VTX00064	98.85	1.0		VTX00064	98.85	Glomus Glo G5	Glomerales	1.15
PX214608.1	Septoglomus sp.	Septoglomus sp. | SO43BL	1472	divergent_5.8S	assigned	VTX00064	98.85	1.0		VTX00064	98.85	Glomus Glo G5	Glomerales	1.15
PX214609.1	Septoglomus sp.	Septoglomus sp. | Blasz_17_2277A	1472	divergent_5.8S	assigned	VTX00064	99.42	1.0		VTX00064	99.42	Glomus VeGloC	Glomerales	1.54
PX214610.1	Septoglomus sp.	Septoglomus sp. | SO43BL	1472		assigned	VTX00064	99.42	1.0		VTX00064	99.42	Glomus VeGloC	Glomerales	1.54
PX214611.1	Septoglomus sp.	Septoglomus sp. | SO43BL	1472		assigned	VTX00064	99.42	1.0		VTX00064	99.42	Glomus VeGloC	Glomerales	1.54
PX214612.1	Septoglomus sp.	Septoglomus sp. | SO43BL	1472		assigned	VTX00064	99.42	1.0		VTX00064	99.42	Glomus VeGloC	Glomerales	1.54
PX214613.1	Septoglomus sp.	Septoglomus sp. | SO43BL	1472		assigned	VTX00064	99.42	1.0		VTX00064	99.42	Glomus VeGloC	Glomerales	1.54
PX214614.1	Septoglomus sp.	Septoglomus sp. | SO43BL	1472		assigned	VTX00064	99.42	1.0		VTX00064	99.42	Glomus VeGloC	Glomerales	1.54
PX214615.1	Glomus tetrastratosum	Glomus tetrastratosum | CW0020_4019A	1472		assigned	VTX00199	100.0	1.0		VTX00199	100.0	Glomus sp.	Glomerales	1.35
PX214616.1	Glomus tetrastratosum	Glomus tetrastratosum | CW0020_4019A	1472		assigned	VTX00199	100.0	1.0		VTX00199	100.0	Glomus sp.	Glomerales	1.35
PX214617.1	Glomus tetrastratosum	Glomus tetrastratosum | 5105_2444A	1472		assigned	VTX00199	100.0	1.0		VTX00199	100.0	Glomus hoi	Glomerales	1.18
PX214618.1	Glomus tetrastratosum	Glomus tetrastratosum | 4433_785B	1472		assigned	VTX00199	99.81	1.0		VTX00199	99.81	Glomus hoi	Glomerales	0.79
PX214619.1	Glomus tetrastratosum	Glomus tetrastratosum | SASK26_2406A	1472		assigned	VTX00199	99.81	1.0		VTX00199	99.81	Glomus hoi	Glomerales	1.18
PX214620.1	Glomus tetrastratosum	Glomus tetrastratosum | 5105_2444A	1472		assigned	VTX00199	99.61	1.0		VTX00199	99.61	Glomus sp.	Glomerales	0.99
PX214621.1	Glomus tetrastratosum	Glomus tetrastratosum | CW0020_4019A	1472		assigned	VTX00199	100.0	1.0		VTX00199	100.0	Glomus sp.	Glomerales	1.35
PX214622.1	Glomus tetrastratosum	Glomus tetrastratosum | 5105_2444A	1471		assigned	VTX00199	99.61	1.0		VTX00199	99.61	Glomus hoi	Glomerales	0.79
PX214623.1	Glomus tetrastratosum	Glomus tetrastratosum | 5105_2444A	1471		assigned	VTX00199	99.61	1.0		VTX00199	99.61	Glomus hoi	Glomerales	0.79
PX214624.1	Glomus tetrastratosum	Glomus tetrastratosum | 5105_2444A	1471		assigned	VTX00199	99.81	1.0		VTX00199	99.81	Glomus hoi	Glomerales	0.98
PX214625.1	Glomus tetrastratosum	Glomus tetrastratosum | 5105_2444A	1471		assigned	VTX00199	99.42	1.0		VTX00199	99.42	Glomus hoi	Glomerales	0.8
PX214626.1	Glomus tetrastratosum	Glomus tetrastratosum | 4433_785B	1472		assigned	VTX00199	99.81	1.0		VTX00199	99.81	Glomus sp.	Glomerales	0.98
PX214627.1	Glomus tetrastratosum	Glomus tetrastratosum | 4433_785B	1471		assigned	VTX00199	99.81	1.0		VTX00199	99.81	Glomus sp.	Glomerales	1.18
PX214628.1	Glomus tetrastratosum	Glomus tetrastratosum | 4433_785B	1472		assigned	VTX00199	99.81	1.0		VTX00199	99.81	Glomus sp.	Glomerales	0.98
PX214629.1	Glomus chinense	Glomus chinense | 4650_4654_2007C	1473		assigned	VTX00199	99.23	1.0		VTX00199	99.23	Glomus Torrecillas12b Glo G21	Glomerales	0.39
PX214630.1	Glomus chinense	Glomus chinense | 4419_1047A	1473		assigned	VTX00199	99.23	1.0		VTX00199	99.23	Glomus Torrecillas12b Glo G21	Glomerales	0.39
PX214631.1	Glomus chinense	Glomus chinense | 4419_1047A	1473		assigned	VTX00199	99.23	1.0		VTX00199	99.23	Glomus Torrecillas12b Glo G21	Glomerales	0.39
PX214632.1	Glomus chinense	Glomus chinense | 4419_1047A	1473		assigned	VTX00199	99.23	1.0		VTX00199	99.23	Glomus Torrecillas12b Glo G21	Glomerales	0.39
PX214633.1	Glomus chinense	Glomus chinense | 4419_1047A	1473		assigned	VTX00199	99.23	1.0		VTX00199	99.23	Glomus Torrecillas12b Glo G21	Glomerales	0.39
PX214634.1	Glomus chinense	Glomus chinense | 4419_1047A	1473		assigned	VTX00199	99.23	1.0		VTX00199	99.23	Glomus Torrecillas12b Glo G21	Glomerales	0.39
PX214635.1	Glomus chinense	Glomus chinense | 4419_1047A	1473		assigned	VTX00199	99.04	1.0		VTX00199	99.04	Glomus Torrecillas12b Glo G21	Glomerales	0.39
PX214636.1	Glomus chinense	Glomus chinense | 4650_4654_2007C	1473		assigned	VTX00199	99.23	1.0		VTX00199	99.23	Glomus Torrecillas12b Glo G21	Glomerales	0.39
PX214637.1	Glomus chinense	Glomus chinense | 4650_4654_2007C	1473		assigned	VTX00199	99.23	1.0		VTX00199	99.23	Glomus Torrecillas12b Glo G21	Glomerales	0.39
PX214638.1	Glomus chinense	Glomus chinense | 4650_4654_2007C	1473		assigned	VTX00199	99.23	1.0		VTX00199	99.23	Glomus Torrecillas12b Glo G21	Glomerales	0.39
PX214639.1	Glomus chinense	Glomus chinense | 4650_4654_2007C	1473		assigned	VTX00199	99.23	1.0		VTX00199	99.23	Glomus Torrecillas12b Glo G21	Glomerales	0.39
PX214640.1	Glomus chinense	Glomus chinense | 4419_1047A	1473		assigned	VTX00199	99.23	1.0		VTX00199	99.23	Glomus Torrecillas12b Glo G21	Glomerales	0.39
PX214641.1	Glomus chinense	Glomus chinense | 4419_1047A	1473		assigned	VTX00199	99.23	1.0		VTX00199	99.23	Glomus Torrecillas12b Glo G21	Glomerales	0.39
PX214642.1	Glomus chinense	Glomus chinense | 4419_1047A	1473		assigned	VTX00199	99.23	1.0		VTX00199	99.23	Glomus Torrecillas12b Glo G21	Glomerales	0.39
PX214643.1	Glomus chinense	Glomus chinense | 4650_4654_2007C	1473		assigned	VTX00199	99.23	1.0		VTX00199	99.23	Glomus Torrecillas12b Glo G21	Glomerales	0.39
PX214644.1	Glomus chinense	Glomus chinense | 4419_1047A	1473		assigned	VTX00199	99.23	1.0		VTX00199	99.23	Glomus Torrecillas12b Glo G21	Glomerales	0.39
PX214645.1	Glomus chinense	Glomus chinense | 4650_4654_2007C	1473		assigned	VTX00199	99.23	1.0		VTX00199	99.23	Glomus Torrecillas12b Glo G21	Glomerales	0.39
PX214646.1	Glomus chinense	Glomus chinense | 4419_1047A	1473		assigned	VTX00199	99.23	1.0		VTX00199	99.23	Glomus Torrecillas12b Glo G21	Glomerales	0.39
PX214647.1	Glomus chinense	Glomus chinense | 4419_1047A	1473		assigned	VTX00199	99.23	1.0		VTX00199	99.23	Glomus Torrecillas12b Glo G21	Glomerales	0.39
PX214648.1	Glomus chinense	Glomus chinense | 4411_1096D	1473		assigned	VTX00199	99.23	1.0		VTX00199	99.23	Glomus Torrecillas12b Glo G21	Glomerales	0.39
PX214649.1	Glomus chinense	Glomus chinense | 4411_1096D	1473		assigned	VTX00199	99.23	1.0		VTX00199	99.23	Glomus Torrecillas12b Glo G21	Glomerales	0.39
PX214650.1	Glomus chinense	Glomus chinense | 4411_1096D	1473		assigned	VTX00199	99.61	1.0		VTX00199	99.61	Glomus Torrecillas12b Glo G21	Glomerales	0.58
PX214651.1	Glomus chinense	Glomus chinense | 4411_1096D	1473		assigned	VTX00199	99.23	1.0		VTX00199	99.23	Glomus Torrecillas12b Glo G21	Glomerales	0.39
PX214652.1	Glomus chinense	Glomus chinense | 4036_906B	1473		assigned	VTX00199	99.23	1.0		VTX00199	99.23	Glomus Torrecillas12b Glo G21	Glomerales	0.58
PX214653.1	Glomus chinense	Glomus chinense | 4036_906B	1473		assigned	VTX00199	99.23	1.0		VTX00199	99.23	Glomus Torrecillas12b Glo G21	Glomerales	0.58
PX214654.1	Glomus chinense	Glomus chinense | 4036_906B	1475		assigned	VTX00199	98.85	1.004		VTX00199	98.85	Glomus hoi	Glomerales	0.77
PX214655.1	Glomus chinense	Glomus chinense | 4036_906B	1473		assigned	VTX00199	99.23	1.0		VTX00199	99.23	Glomus Torrecillas12b Glo G21	Glomerales	0.58
PX214656.1	Glomus chinense	Glomus chinense | 4036_906B	1473		assigned	VTX00199	99.23	1.0		VTX00199	99.23	Glomus Torrecillas12b Glo G21	Glomerales	0.58
PX214657.1	Glomus chinense	Glomus chinense | 4036_906B	1473		assigned	VTX00199	99.23	1.0		VTX00199	99.23	Glomus Torrecillas12b Glo G21	Glomerales	0.58
PX214658.1	Glomus chinense	Glomus chinense | 4036_906B	1473		assigned	VTX00199	99.23	1.0		VTX00199	99.23	Glomus Torrecillas12b Glo G21	Glomerales	0.58
PX214659.1	Glomus chinense	Glomus chinense | 4411_1096D	1473		assigned	VTX00199	98.85	1.0		VTX00199	98.85	Glomus Torrecillas12b Glo G21	Glomerales	0.58
PX214660.1	Glomus chinense	Glomus chinense | 4036_906B	1473		assigned	VTX00199	99.23	1.0		VTX00199	99.23	Glomus Torrecillas12b Glo G21	Glomerales	0.58
PX214661.1	Glomus chinense	Glomus chinense | 4036_906B	1473		assigned	VTX00199	99.23	1.0		VTX00199	99.23	Glomus Torrecillas12b Glo G21	Glomerales	0.58
PX214662.1	Glomus chinense	Glomus chinense | 4419_1047A	1473		assigned	VTX00199	99.23	1.0		VTX00199	99.23	Glomus Torrecillas12b Glo G21	Glomerales	0.39
PX214663.1	Glomus chinense	Glomus chinense | 4411_1096D	1472		assigned	VTX00199	99.04	1.0		VTX00199	99.04	Glomus Torrecillas12b Glo G21	Glomerales	0.96
PX214664.1	Glomus macrocarpum	Glomus macrocarpum | W6285_2347C	1472		assigned	VTX00199	100.0	1.0		VTX00199	100.0	Glomus macrocarpum	Glomerales	1.35
PX214665.1	Glomus macrocarpum	Glomus macrocarpum | W6285_2347C	1472		assigned	VTX00199	99.81	1.0		VTX00199	99.81	Glomus macrocarpum	Glomerales	0.96
PX214666.1	Glomus macrocarpum	Glomus macrocarpum | W6285_2347C	1472		assigned	VTX00199	99.81	1.0		VTX00199	99.81	Glomus macrocarpum	Glomerales	0.96
PX214667.1	Glomus macrocarpum	Glomus macrocarpum | W6285_2347C	1473		assigned	VTX00199	99.81	1.0		VTX00199	99.81	Glomus Torrecillas12b Glo G21	Glomerales	0.96
PX214668.1	Glomus macrocarpum	Glomus macrocarpum | W6285_2347C	1473		assigned	VTX00199	99.81	1.0		VTX00199	99.81	Glomus Torrecillas12b Glo G21	Glomerales	0.96
PX214669.1	Glomus macrocarpum	Glomus macrocarpum | W6285_2347C	1472		assigned	VTX00199	99.81	1.0		VTX00199	99.81	Glomus macrocarpum	Glomerales	0.96
PX214670.1	Glomus macrocarpum	Glomus macrocarpum | W6285_2347C	1472		assigned	VTX00199	100.0	1.0		VTX00199	100.0	Glomus macrocarpum	Glomerales	1.35
PX214671.1	Glomus rugosae	Glomus rugosae | 2101_IVT46	1472		assigned	VTX00199	99.81	1.0		VTX00199	99.81	Glomus macrocarpum	Glomerales	1.18
PX214672.1	Glomus rugosae	Glomus rugosae | 2101_IVT46	1472		assigned	VTX00199	99.81	1.0		VTX00199	99.81	Glomus macrocarpum	Glomerales	1.18
PX214673.1	Glomus rugosae	Glomus rugosae | 4420_683B	1472		assigned	VTX00199	99.61	1.0		VTX00199	99.61	Glomus macrocarpum	Glomerales	1.18
PX214674.1	Glomus rugosae	Glomus rugosae | 4420_683B	1472		assigned	VTX00199	99.42	1.002		VTX00199	99.42	Glomus macrocarpum	Glomerales	1.15
PX214675.1	Glomus rugosae	Glomus rugosae | 2101_IVT46	1472		assigned	VTX00199	99.61	1.0		VTX00199	99.61	Glomus macrocarpum	Glomerales	1.18
PX214676.1	Glomus rugosae	Glomus rugosae | 2101_IVT46	1472		assigned	VTX00199	99.61	1.0		VTX00199	99.61	Glomus macrocarpum	Glomerales	1.18
PX214677.1	Glomus rugosae	Glomus rugosae | 2101_IVT46	1472		assigned	VTX00199	99.42	1.0		VTX00199	99.42	Glomus macrocarpum	Glomerales	0.96
PX214678.1	Glomus rugosae	Glomus rugosae | 4420_683B	1472		assigned	VTX00199	99.61	1.0		VTX00199	99.61	Glomus macrocarpum	Glomerales	0.96
PX214679.1	Glomus rugosae	Glomus rugosae | 4431_805C	1472		assigned	VTX00199	99.61	1.0		VTX00199	99.61	Glomus macrocarpum	Glomerales	0.96
PX214680.1	Glomus rugosae	Glomus rugosae | 2101_IVT46	1472		assigned	VTX00199	99.81	1.0		VTX00199	99.81	Glomus macrocarpum	Glomerales	0.96
PX214681.1	Glomus rugosae	Glomus rugosae | 2101_IVT46	1472		assigned	VTX00199	99.81	1.0		VTX00199	99.81	Glomus macrocarpum	Glomerales	0.96
PX214682.1	Glomus rugosae	Glomus rugosae | 2101_IVT46	1472		assigned	VTX00199	99.81	1.0		VTX00199	99.81	Glomus macrocarpum	Glomerales	0.96
PX214683.1	Glomus rugosae	Glomus rugosae | 2101_IVT46	1472		assigned	VTX00199	99.81	1.0		VTX00199	99.81	Glomus macrocarpum	Glomerales	0.96
PX214684.1	Glomus rugosae	Glomus rugosae | 4417_1160C	1473		assigned	VTX00199	99.61	1.0		VTX00199	99.61	Glomus Torrecillas12b Glo G21	Glomerales	0.96
PX214685.1	Glomus rugosae	Glomus rugosae | 4384_IVT98	1473		assigned	VTX00199	99.61	1.0		VTX00199	99.61	Glomus Torrecillas12b Glo G21	Glomerales	0.96
PX214686.1	Glomus rugosae	Glomus rugosae | 4431_805C	1473		assigned	VTX00199	99.61	1.0		VTX00199	99.61	Glomus Torrecillas12b Glo G21	Glomerales	0.96
PX214687.1	Glomus rugosae	Glomus rugosae | 4415_1174B	1473		assigned	VTX00199	99.61	1.0		VTX00199	99.61	Glomus Torrecillas12b Glo G21	Glomerales	0.96
PX214688.1	Glomus rugosae	Glomus rugosae | 4431_805C	1473		assigned	VTX00199	99.61	1.0		VTX00199	99.61	Glomus Torrecillas12b Glo G21	Glomerales	0.96
PX214689.1	Glomus rugosae	Glomus rugosae | 4431_805C	1473		assigned	VTX00199	99.61	1.0		VTX00199	99.61	Glomus Torrecillas12b Glo G21	Glomerales	0.96
PX214690.1	Glomus rugosae	Glomus rugosae | 4431_805C	1473		assigned	VTX00199	99.61	1.0		VTX00199	99.61	Glomus Torrecillas12b Glo G21	Glomerales	0.96
PX214691.1	Glomus rugosae	Glomus rugosae | 4431_805C	1473		assigned	VTX00199	99.61	1.0		VTX00199	99.61	Glomus Torrecillas12b Glo G21	Glomerales	0.96
PX214692.1	Glomus rugosae	Glomus rugosae | 4417_1160C	1473		assigned	VTX00199	99.61	1.0		VTX00199	99.61	Glomus Torrecillas12b Glo G21	Glomerales	0.96
PX214693.1	Glomus rugosae	Glomus rugosae | 4415_1174B	1473		assigned	VTX00199	99.61	1.0		VTX00199	99.61	Glomus Torrecillas12b Glo G21	Glomerales	0.96
PX214694.1	Glomus rugosae	Glomus rugosae | 4417_1160C	1473		assigned	VTX00199	99.81	1.0		VTX00199	99.81	Glomus Torrecillas12b Glo G21	Glomerales	0.96
PX214695.1	Glomus rugosae	Glomus rugosae | 4384_IVT98	1473		assigned	VTX00199	99.81	1.0		VTX00199	99.81	Glomus Torrecillas12b Glo G21	Glomerales	0.96
PX214696.1	Glomus rugosae	Glomus rugosae | 4431_805C	1473		assigned	VTX00199	99.81	1.0		VTX00199	99.81	Glomus Torrecillas12b Glo G21	Glomerales	0.96
PX214697.1	Glomus rugosae	Glomus rugosae | 4415_1174B	1473		assigned	VTX00199	99.81	1.0		VTX00199	99.81	Glomus Torrecillas12b Glo G21	Glomerales	0.96
PX214698.1	Glomus rugosae	Glomus rugosae | 4417_1160C	1474		assigned	VTX00199	99.23	1.002		VTX00199	99.23	Glomus Torrecillas12b Glo G21	Glomerales	0.96
PX214699.1	Glomus rugosae	Glomus rugosae | 4417_1160C	1472		assigned	VTX00199	99.42	1.0		VTX00199	99.42	Glomus macrocarpum	Glomerales	0.96
PX214700.1	Glomus rugosae	Glomus rugosae | 4431_805C	1472		assigned	VTX00199	99.42	1.0		VTX00199	99.42	Glomus macrocarpum	Glomerales	0.96
PX214701.1	Glomus rugosae	Glomus rugosae | 4431_805C	1473		assigned	VTX00199	99.81	1.0		VTX00199	99.81	Glomus Torrecillas12b Glo G21	Glomerales	0.96
PX214702.1	Glomus rugosae	Glomus rugosae | 4384_IVT98	1473		assigned	VTX00199	99.61	1.0		VTX00199	99.61	Glomus Torrecillas12b Glo G21	Glomerales	0.96
PX214703.1	Glomus rugosae	Glomus rugosae | 4417_1160C	1473		assigned	VTX00199	99.81	1.0		VTX00199	99.81	Glomus Torrecillas12b Glo G21	Glomerales	0.96
PX214704.1	Glomus rugosae	Glomus rugosae | 4384_IVT98	1473		assigned	VTX00199	99.81	1.0		VTX00199	99.81	Glomus Torrecillas12b Glo G21	Glomerales	0.96
PX214705.1	Glomus rugosae	Glomus rugosae | 4431_805C	1473		assigned	VTX00199	99.81	1.0		VTX00199	99.81	Glomus Torrecillas12b Glo G21	Glomerales	0.96
PX214706.1	Glomus rugosae	Glomus rugosae | 4415_1174B	1473		assigned	VTX00199	99.81	1.0		VTX00199	99.81	Glomus Torrecillas12b Glo G21	Glomerales	0.96
PX214707.1	Glomus rugosae	Glomus rugosae | 4417_1160C	1473		assigned	VTX00199	99.81	1.0		VTX00199	99.81	Glomus Torrecillas12b Glo G21	Glomerales	0.96
PX214708.1	Glomus rugosae	Glomus rugosae | 4384_IVT98	1473		assigned	VTX00199	99.61	1.0		VTX00199	99.61	Glomus Torrecillas12b Glo G21	Glomerales	0.96
PX214709.1	Glomus rugosae	Glomus rugosae | 4417_1160C	1473		assigned	VTX00199	99.61	1.0		VTX00199	99.61	Glomus Torrecillas12b Glo G21	Glomerales	0.96
PX214710.1	Glomus rugosae	Glomus rugosae | 4417_1160C	1472		assigned	VTX00199	99.42	1.0		VTX00199	99.42	Glomus macrocarpum	Glomerales	0.96
PX214711.1	Glomus rugosae	Glomus rugosae | 4431_805C	1472		assigned	VTX00199	99.42	1.0		VTX00199	99.42	Glomus macrocarpum	Glomerales	0.96
PX214712.1	Glomus rugosae	Glomus rugosae | 4384_IVT98	1472		assigned	VTX00199	99.42	1.0		VTX00199	99.42	Glomus macrocarpum	Glomerales	0.96
PX214713.1	Glomus rugosae	Glomus rugosae | 4384_IVT98	1472		assigned	VTX00199	99.81	1.0		VTX00199	99.81	Glomus macrocarpum	Glomerales	0.96
PX214714.1	Glomus rugosae	Glomus rugosae | 4431_805C	1472		assigned	VTX00199	99.81	1.0		VTX00199	99.81	Glomus macrocarpum	Glomerales	0.96
PX214715.1	Glomus rugosae	Glomus rugosae | 4420_683B	1472		assigned	VTX00199	99.81	1.0		VTX00199	99.81	Glomus macrocarpum	Glomerales	0.96
PX214716.1	Glomus rugosae	Glomus rugosae | 4420_683B	1472		assigned	VTX00199	99.81	1.0		VTX00199	99.81	Glomus macrocarpum	Glomerales	0.96
PX214717.1	Glomus rugosae	Glomus rugosae | 4431_805C	1472		assigned	VTX00199	99.81	1.0		VTX00199	99.81	Glomus macrocarpum	Glomerales	0.96
PX214718.1	Glomus rugosae	Glomus rugosae | 4420_683B	1472		assigned	VTX00199	99.81	1.0		VTX00199	99.81	Glomus macrocarpum	Glomerales	0.96
PX214719.1	Glomus rugosae	Glomus rugosae | 4420_683B	1472		assigned	VTX00199	99.81	1.0		VTX00199	99.81	Glomus macrocarpum	Glomerales	0.96
PX214720.1	Glomus rugosae	Glomus rugosae | 4431_805C	1472		assigned	VTX00199	99.81	1.0		VTX00199	99.81	Glomus macrocarpum	Glomerales	0.96
PX214721.1	Glomus rugosae	Glomus rugosae | 4420_683B	1472		assigned	VTX00199	99.81	1.0		VTX00199	99.81	Glomus macrocarpum	Glomerales	0.96
PX214722.1	Glomus rugosae	Glomus rugosae | 4420_683B	1472		assigned	VTX00199	99.81	1.0		VTX00199	99.81	Glomus macrocarpum	Glomerales	0.96
PX214723.1	Glomus rugosae	Glomus rugosae | 4420_683B	1472		assigned	VTX00199	99.81	1.0		VTX00199	99.81	Glomus macrocarpum	Glomerales	0.96
PX214724.1	Glomus rugosae	Glomus rugosae | 4431_805C	1472		assigned	VTX00199	99.81	1.0		VTX00199	99.81	Glomus macrocarpum	Glomerales	0.96
PX214725.1	Glomus rugosae	Glomus rugosae | 4431_805C	1472		assigned	VTX00199	99.81	1.0		VTX00199	99.81	Glomus macrocarpum	Glomerales	0.96
PX214726.1	Glomus rugosae	Glomus rugosae | 4420_683B	1472		assigned	VTX00199	99.81	1.0		VTX00199	99.81	Glomus macrocarpum	Glomerales	0.96
PX214727.1	Glomus rugosae	Glomus rugosae | 2101_IVT46	1472		assigned	VTX00199	99.81	1.0		VTX00199	99.81	Glomus macrocarpum	Glomerales	0.96
PX214728.1	Glomus rugosae	Glomus rugosae | 2101_IVT46	1472		assigned	VTX00199	99.81	1.0		VTX00199	99.81	Glomus macrocarpum	Glomerales	0.96
PX214729.1	Glomus rugosae	Glomus rugosae | 4384_IVT98	1473		assigned	VTX00199	99.61	1.0		VTX00199	99.61	Glomus Torrecillas12b Glo G21	Glomerales	0.96
PX214730.1	Glomus rugosae	Glomus rugosae | 4384_IVT98	1472		assigned	VTX00199	99.81	1.0		VTX00199	99.81	Glomus Torrecillas12b Glo G21	Glomerales	0.96
PX214731.1	Glomus rugosae	Glomus rugosae | 2101_IVT46	1472		assigned	VTX00199	99.81	1.0		VTX00199	99.81	Glomus macrocarpum	Glomerales	0.96
PX214732.1	Glomus rugosae	Glomus rugosae | 2101_IVT46	1472		assigned	VTX00199	99.81	1.0		VTX00199	99.81	Glomus macrocarpum	Glomerales	0.96
PX214733.1	Glomus rugosae	Glomus rugosae | 2101_IVT46	1472		assigned	VTX00199	99.61	1.0		VTX00199	99.61	Glomus macrocarpum	Glomerales	0.96
PX214734.1	Glomus rugosae	Glomus rugosae | 4420_683B	1472		assigned	VTX00199	99.81	1.0		VTX00199	99.81	Glomus macrocarpum	Glomerales	0.96
PX214735.1	Glomus rugosae	Glomus rugosae | 5103_2445A	1472		assigned	VTX00199	99.81	1.0		VTX00199	99.81	Glomus macrocarpum	Glomerales	0.96
PX214736.1	Glomus rugosae	Glomus rugosae | 5096_2452A	1472		assigned	VTX00199	99.81	1.0		VTX00199	99.81	Glomus macrocarpum	Glomerales	0.96
PX214737.1	Glomus rugosae	Glomus rugosae | 5103_2445A	1472		assigned	VTX00199	99.81	1.0		VTX00199	99.81	Glomus macrocarpum	Glomerales	0.96
PX214738.1	Glomus rugosae	Glomus rugosae | 5096_2452A	1472		assigned	VTX00199	99.81	1.0		VTX00199	99.81	Glomus macrocarpum	Glomerales	0.96
PX214739.1	Glomus rugosae	Glomus rugosae | 5103_2445A	1472		assigned	VTX00199	99.81	1.0		VTX00199	99.81	Glomus macrocarpum	Glomerales	0.96
PX214740.1	Glomus rugosae	Glomus rugosae | 5096_2452A	1472		assigned	VTX00199	99.81	1.0		VTX00199	99.81	Glomus macrocarpum	Glomerales	0.96
PX214741.1	Glomus rugosae	Glomus rugosae | 5096_2452A	1472		assigned	VTX00199	99.81	1.0		VTX00199	99.81	Glomus macrocarpum	Glomerales	0.96
PX214742.1	Glomus rugosae	Glomus rugosae | 5103_2445A	1472		assigned	VTX00199	99.81	1.0		VTX00199	99.81	Glomus macrocarpum	Glomerales	0.96
PX214743.1	Glomus rugosae	Glomus rugosae | 2101_IVT46	1472		assigned	VTX00199	99.42	1.0		VTX00199	99.42	Glomus macrocarpum	Glomerales	0.96
PX214744.1	Glomus rugosae	Glomus rugosae | 2101_IVT46	1472		assigned	VTX00199	99.42	1.0		VTX00199	99.42	Glomus macrocarpum	Glomerales	0.96
PX214745.1	Glomus rugosae	Glomus rugosae | 4487_957C	1472		assigned	VTX00199	99.42	1.0		VTX00199	99.42	Glomus macrocarpum	Glomerales	0.96
PX214746.1	Dominikia duoreactiva	Dominikia duoreactiva | 4412	1471		assigned	VTX00153	99.81	1.0		VTX00153	99.81	Glomus Torrecillas 13 Glo G4	Glomerales	0.96
PX214747.1	Dominikia duoreactiva	Dominikia duoreactiva | 4392_1156C	1471		assigned	VTX00153	99.81	1.0		VTX00153	99.81	Glomus Torrecillas 13 Glo G4	Glomerales	0.96
PX214748.1	Dominikia duoreactiva	Dominikia duoreactiva | 4412	1471		assigned	VTX00153	99.42	1.0		VTX00153	99.42	Glomus JP1	Glomerales	0.96
PX214749.1	Dominikia duoreactiva	Dominikia duoreactiva | 4392_1156C	1473		assigned	VTX00153	99.04	1.004		VTX00153	99.04	Glomus Torrecillas 13 Glo G4	Glomerales	0.96
PX214750.1	Dominikia duoreactiva	Dominikia duoreactiva | 4412	1471		assigned	VTX00153	99.81	1.0		VTX00153	99.81	Glomus Torrecillas 13 Glo G4	Glomerales	0.96
PX214751.1	Dominikia duoreactiva	Dominikia duoreactiva | 4392_1156C	1472		assigned	VTX00153	98.85	1.0		VTX00153	98.85	Glomus JP1	Glomerales	0.96
PX214752.1	Dominikia duoreactiva	Dominikia duoreactiva | 4412	1470		assigned	VTX00153	99.42	1.0		VTX00153	99.42	Glomus JP1	Glomerales	0.96
PX214753.1	Dominikia duoreactiva	Dominikia duoreactiva | 4392_1156C	1470		assigned	VTX00153	99.42	1.0		VTX00153	99.42	Glomus JP1	Glomerales	0.96
PX214754.1	Dominikia duoreactiva	Dominikia duoreactiva | 4412	1470		assigned	VTX00153	99.81	1.0		VTX00153	99.81	Glomus Torrecillas 13 Glo G4	Glomerales	0.96
PX214755.1	Dominikia bonfanteae	Dominikia bonfanteae | 4351_1077A	1473		assigned	VTX00143	99.81	1.0		VTX00143	99.81	Glomus Liu2012b Phylo-12	Glomerales	1.13
PX214756.1	Dominikia bonfanteae	Dominikia bonfanteae | 4351_1077A	1473		assigned	VTX00143	99.81	1.0		VTX00143	99.81	Glomus sp.	Glomerales	1.13
PX214757.1	Dominikia bonfanteae	Dominikia bonfanteae | 4351_1077A	1473		assigned	VTX00143	99.81	1.0		VTX00143	99.81	Glomus sp.	Glomerales	1.13
PX214758.1	Dominikia bonfanteae	Dominikia bonfanteae | C10660_2264B	1473		assigned	VTX00143	99.04	1.0		VTX00143	99.04	Glomus Glom 1B.3	Glomerales	0.8
PX214759.1	Dominikia bonfanteae	Dominikia bonfanteae | C10660_2264B	1473		assigned	VTX00143	99.04	1.0		VTX00143	99.04	Glomus Glom 1B.3	Glomerales	1.02
PX214760.1	Dominikia bonfanteae	Dominikia bonfanteae | C10660_2264B	1473		assigned	VTX00143	99.42	1.0		VTX00143	99.42	Glomus Glom 1B.3	Glomerales	1.34
PX214761.1	Microdominikia litorea	Microdominikia litorea | 3647_963E	1472		assigned	VTX00222	99.81	1.0		VTX00222	99.81	Glomus Glom 1B.2	Glomerales	1.35
PX214762.1	Microdominikia litorea	Microdominikia litorea | 3647_963E	1472		assigned	VTX00125	99.61	1.0		VTX00125	99.61	Glomus Liu2012b Phylo-9	Glomerales	0.58
PX214763.1	Microdominikia litorea	Microdominikia litorea | 3647_963E	1472		assigned	VTX00222	99.23	1.0		VTX00222	99.23	Glomus Glom 1B.2	Glomerales	0.58
PX214764.1	Microdominikia litorea	Microdominikia litorea | 3647_963E	1472		assigned	VTX00222	99.61	1.0		VTX00222	99.61	Glomus Glom 1B.2	Glomerales	1.15
PX214765.1	Microdominikia litorea	Microdominikia litorea | 3647_963E	1472		assigned	VTX00222	99.61	1.0		VTX00222	99.61	Glomus Glom 1B.2	Glomerales	1.15
PX214766.1	Microdominikia litorea	Microdominikia litorea | 3647_963E	1472		assigned	VTX00222	99.23	1.002		VTX00222	99.23	Glomus Glom 1B.2	Glomerales	0.96
PX214767.1	Microdominikia litorea	Microdominikia litorea | 3647_963E	1472		assigned	VTX00222	99.23	1.002		VTX00222	99.23	Glomus Glom 1B.2	Glomerales	0.96
PX214768.1	Microdominikia litorea	Microdominikia litorea | 5274	1472		assigned	VTX00125	99.81	1.0		VTX00125	99.81	Glomus Glom 1B.2	Glomerales	0.96
PX214769.1	Microdominikia litorea	Microdominikia litorea | 5274	1472		assigned	VTX00125	100.0	1.0		VTX00125	100.0	Glomus Liu2012b Phylo-9	Glomerales	0.96
PX214770.1	Microdominikia litorea	Microdominikia litorea | 5274	1472		assigned	VTX00125	100.0	1.0		VTX00125	100.0	Glomus Liu2012b Phylo-9	Glomerales	0.96
PX214771.1	Microdominikia litorea	Microdominikia litorea | 5274	1472		assigned	VTX00222	99.81	1.0		VTX00222	99.81	Glomus LES30	Glomerales	1.15
PX214772.1	Microdominikia litorea	Microdominikia litorea | 5274	1469		assigned	VTX00222	99.03	1.004		VTX00222	99.03	Glomus sp.	Glomerales	0.88
PX214773.1	Glomus sp.	Glomus sp. | 4406	1472		assigned	VTX00219	99.81	1.0		VTX00219	99.81	Glomus sp.	Glomerales	1.15
PX214774.1	Glomus sp.	Glomus sp. | 5089_2351A	1472		assigned	VTX00219	99.81	1.0		VTX00219	99.81	Glomus sp.	Glomerales	1.15
PX214775.1	Glomus sp.	Glomus sp. | 5089_2351A	1470		assigned	VTX00219	100.0	1.0		VTX00219	100.0	Glomus sp.	Glomerales	1.35
PX214776.1	Rhizophagus irregularis	Rhizophagus irregularis | 4569_1185B	1473		assigned	VTX00114	100.0	1.0		VTX00114	100.0	Glomus Glo8	Glomerales	0.58
PX214777.1	[Rhizoglomus] vesiculiferum	[Rhizoglomus] vesiculiferum | 4375_IVT88A	1473	divergent_5.8S	assigned	VTX00114	100.0	1.0		VTX00114	100.0	Glomus Glo8	Glomerales	0.58
PX214778.1	Rhizophagus irregularis	Rhizophagus irregularis | 4341_IVT72A	1473	divergent_5.8S	assigned	VTX00114	100.0	1.0		VTX00114	100.0	Glomus Glo8	Glomerales	0.58
PX214779.1	Rhizophagus irregularis	Rhizophagus irregularis | 4348_IVT77A	1473	divergent_5.8S	assigned	VTX00114	100.0	1.0		VTX00114	100.0	Glomus Glo8	Glomerales	0.58
PX214780.1	Rhizophagus irregularis	Rhizophagus irregularis | 4674_1184D	1473	divergent_5.8S	assigned	VTX00114	100.0	1.0		VTX00114	100.0	Glomus Glo8	Glomerales	0.58
PX214781.1	Rhizophagus irregularis	Rhizophagus irregularis | 4292_708C	1473	divergent_5.8S	assigned	VTX00114	100.0	1.0		VTX00114	100.0	Glomus Glo8	Glomerales	0.58
PX214782.1	Rhizophagus irregularis	Rhizophagus irregularis | 4375_IVT88A	1473	divergent_5.8S	assigned	VTX00114	100.0	1.0		VTX00114	100.0	Glomus Glo8	Glomerales	0.58
PX214783.1	Rhizophagus irregularis	Rhizophagus irregularis | T3_IVT34A	1473	divergent_5.8S	assigned	VTX00113	99.81	1.0		VTX00113	99.81	Glomus sp.	Glomerales	0.19
PX214784.1	Rhizophagus irregularis	Rhizophagus irregularis | CC4_4A_IVT7A	1473	divergent_5.8S	ambiguous		99.61	1.0	VTX00113,VTX00115	VTX00113	99.61	Glomus sp.	Glomerales	0.0
PX214785.1	Rhizophagus irregularis	Rhizophagus irregularis | 4569_1185B	1473		assigned	VTX00114	100.0	1.0		VTX00114	100.0	Glomus Glo8	Glomerales	0.58
PX214786.1	[Rhizoglomus] vesiculiferum	[Rhizoglomus] vesiculiferum | 4375_IVT88A	1473		assigned	VTX00114	100.0	1.0		VTX00114	100.0	Glomus Glo8	Glomerales	0.58
PX214787.1	Rhizophagus irregularis	Rhizophagus irregularis | 4375_IVT88A	1473		assigned	VTX00114	100.0	1.0		VTX00114	100.0	Glomus Glo8	Glomerales	0.58
PX214788.1	Rhizophagus irregularis	Rhizophagus irregularis | 4341_IVT72A	1473		assigned	VTX00114	100.0	1.0		VTX00114	100.0	Glomus Glo8	Glomerales	0.58
PX214789.1	Rhizophagus irregularis	Rhizophagus irregularis | 4348_IVT77A	1473		assigned	VTX00114	100.0	1.0		VTX00114	100.0	Glomus Glo8	Glomerales	0.58
PX214790.1	Rhizophagus irregularis	Rhizophagus irregularis | 4674_1184D	1473		assigned	VTX00114	100.0	1.0		VTX00114	100.0	Glomus Glo8	Glomerales	0.58
PX214791.1	Rhizophagus irregularis	Rhizophagus irregularis | 4292_708C	1473		assigned	VTX00114	100.0	1.0		VTX00114	100.0	Glomus Glo8	Glomerales	0.58
PX214792.1	Rhizophagus irregularis	Rhizophagus irregularis | 4341_IVT72A	1473		assigned	VTX00114	100.0	1.0		VTX00114	100.0	Glomus Glo8	Glomerales	0.58
PX214793.1	Rhizophagus irregularis	Rhizophagus irregularis | 4348_IVT77A	1473		assigned	VTX00114	100.0	1.0		VTX00114	100.0	Glomus Glo8	Glomerales	0.58
PX214794.1	Rhizophagus irregularis	Rhizophagus irregularis | 4674_1184D	1473		assigned	VTX00114	100.0	1.0		VTX00114	100.0	Glomus Glo8	Glomerales	0.58
PX214795.1	Rhizophagus irregularis	Rhizophagus irregularis | 4292_708C	1473		assigned	VTX00114	100.0	1.0		VTX00114	100.0	Glomus Glo8	Glomerales	0.58
PX214796.1	Rhizophagus irregularis	Rhizophagus irregularis | T3_IVT34A	1473		assigned	VTX00113	99.81	1.0		VTX00113	99.81	Glomus sp.	Glomerales	0.19
PX214797.1	Rhizophagus irregularis	Rhizophagus irregularis | CC4_4A_IVT7A	1473		assigned	VTX00113	99.81	1.0		VTX00113	99.81	Glomus sp.	Glomerales	0.19
PX214798.1	Rhizophagus irregularis	Rhizophagus irregularis | CC4_4A_IVT7A	1473		ambiguous		99.61	1.0	VTX00113,VTX00115	VTX00113	99.61	Glomus sp.	Glomerales	0.0
PX214799.1	[Rhizoglomus] vesiculiferum	[Rhizoglomus] vesiculiferum | 4375_IVT88A	1473		assigned	VTX00114	100.0	1.0		VTX00114	100.0	Glomus Glo8	Glomerales	0.58
PX214800.1	Rhizophagus irregularis	Rhizophagus irregularis | 4375_IVT88A	1473		assigned	VTX00114	100.0	1.0		VTX00114	100.0	Glomus Glo8	Glomerales	0.58
PX214801.1	Rhizophagus irregularis	Rhizophagus irregularis | 4375_IVT88A	1473		assigned	VTX00114	100.0	1.0		VTX00114	100.0	Glomus Glo8	Glomerales	0.58
PX214802.1	Rhizophagus irregularis	Rhizophagus irregularis | 4375_IVT88A	1473		assigned	VTX00114	100.0	1.0		VTX00114	100.0	Glomus Glo8	Glomerales	0.58
PX214803.1	Rhizophagus irregularis	Rhizophagus irregularis | 4674_1184D	1473		assigned	VTX00114	100.0	1.0		VTX00114	100.0	Glomus Glo8	Glomerales	0.58
PX214804.1	Rhizophagus irregularis	Rhizophagus irregularis | T3_IVT34A	1473		assigned	VTX00113	99.81	1.0		VTX00113	99.81	Glomus sp.	Glomerales	0.19
PX214805.1	Rhizophagus irregularis	Rhizophagus irregularis | CC4_4A_IVT7A	1473		ambiguous		99.61	1.0	VTX00113,VTX00115	VTX00113	99.61	Glomus sp.	Glomerales	0.0
PX214806.1	Rhizophagus irregularis	Rhizophagus irregularis | T3_IVT34A	1473		assigned	VTX00113	99.61	1.0		VTX00113	99.61	Glomus sp.	Glomerales	0.19
PX214807.1	[Rhizoglomus] vesiculiferum	[Rhizoglomus] vesiculiferum | 4375_IVT88A	1473		assigned	VTX00114	100.0	1.0		VTX00114	100.0	Glomus Glo8	Glomerales	0.58
PX214808.1	Rhizophagus irregularis	Rhizophagus irregularis | 4341_IVT72A	1473		assigned	VTX00114	100.0	1.0		VTX00114	100.0	Glomus Glo8	Glomerales	0.58
PX214809.1	Rhizophagus irregularis	Rhizophagus irregularis | 4348_IVT77A	1473		assigned	VTX00114	100.0	1.0		VTX00114	100.0	Glomus Glo8	Glomerales	0.58
PX214810.1	Rhizophagus irregularis	Rhizophagus irregularis | 4375_IVT88A	1473		assigned	VTX00114	100.0	1.0		VTX00114	100.0	Glomus Glo8	Glomerales	0.58
PX214811.1	Rhizophagus irregularis	Rhizophagus irregularis | 4674_1184D	1473		assigned	VTX00114	100.0	1.0		VTX00114	100.0	Glomus Glo8	Glomerales	0.58
PX214812.1	Rhizophagus irregularis	Rhizophagus irregularis | 4292_708C	1473		assigned	VTX00114	100.0	1.0		VTX00114	100.0	Glomus Glo8	Glomerales	0.58
PX214813.1	Rhizophagus irregularis	Rhizophagus irregularis | SD1_IVT29A	1473		assigned	VTX00114	99.81	1.0		VTX00114	99.81	Glomus VeGlo8	Glomerales	0.58
PX214814.1	Rhizophagus irregularis	Rhizophagus irregularis | SD1_IVT29A	1473		assigned	VTX00114	99.81	1.0		VTX00114	99.81	Glomus VeGlo8	Glomerales	0.58
PX214815.1	Rhizophagus irregularis	Rhizophagus irregularis | SD1_IVT29A	1473		assigned	VTX00114	99.81	1.0		VTX00114	99.81	Glomus VeGlo8	Glomerales	0.58
PX214816.1	Rhizophagus sp. (in: glomeromycetes)	Rhizophagus sp. (in: glomeromycetes) | 212607_IVT70A	1473	divergent_5.8S	assigned	VTX00114	99.81	1.0		VTX00114	99.81	Glomus VeGlo8	Glomerales	0.58
PX214817.1	Rhizophagus irregularis	Rhizophagus irregularis | SD1_IVT29A	1473	divergent_5.8S	assigned	VTX00114	99.81	1.0		VTX00114	99.81	Glomus VeGlo8	Glomerales	0.58
PX214818.1	[Rhizoglomus] vesiculiferum	[Rhizoglomus] vesiculiferum | 3029_660C	1473		assigned	VTX00113	100.0	1.0		VTX00113	100.0	Glomus sp.	Glomerales	0.39
PX214819.1	[Rhizoglomus] vesiculiferum	[Rhizoglomus] vesiculiferum | 4374_IVT87A	1473		assigned	VTX00113	100.0	1.0		VTX00113	100.0	Glomus sp.	Glomerales	0.39
PX214820.1	[Rhizoglomus] vesiculiferum	[Rhizoglomus] vesiculiferum | 4374_IVT87A	1473		assigned	VTX00113	100.0	1.0		VTX00113	100.0	Glomus sp.	Glomerales	0.39
PX214821.1	[Rhizoglomus] vesiculiferum	[Rhizoglomus] vesiculiferum | Gwalkeri_IVT132A	1473		assigned	VTX00113	99.42	1.0		VTX00113	99.42	Glomus sp.	Glomerales	0.39
PX214822.1	[Rhizoglomus] vesiculiferum	[Rhizoglomus] vesiculiferum | Gwalkeri_IVT132A	1473		assigned	VTX00113	100.0	1.0		VTX00113	100.0	Glomus sp.	Glomerales	0.39
PX214823.1	[Rhizoglomus] vesiculiferum	[Rhizoglomus] vesiculiferum | Gwalkeri_IVT132A	1473		assigned	VTX00113	100.0	1.0		VTX00113	100.0	Glomus sp.	Glomerales	0.39
PX214824.1	[Rhizoglomus] vesiculiferum	[Rhizoglomus] vesiculiferum | Gwalkeri_IVT132A	1473		assigned	VTX00113	100.0	1.0		VTX00113	100.0	Glomus sp.	Glomerales	0.39
PX214825.1	[Rhizoglomus] vesiculiferum	[Rhizoglomus] vesiculiferum | 5074_2353A	1473		assigned	VTX00115	100.0	1.0		VTX00115	100.0	Glomus sp.	Glomerales	0.77
PX214826.1	[Rhizoglomus] vesiculiferum	[Rhizoglomus] vesiculiferum | 5074_2353A	1473		assigned	VTX00115	100.0	1.0		VTX00115	100.0	Glomus sp.	Glomerales	0.77
PX214827.1	[Rhizoglomus] vesiculiferum	[Rhizoglomus] vesiculiferum | 3628_IVT65A	1473		assigned	VTX00113	100.0	1.0		VTX00113	100.0	Glomus sp.	Glomerales	0.39
PX214828.1	[Rhizoglomus] vesiculiferum	[Rhizoglomus] vesiculiferum | 3628_IVT65A	1473		assigned	VTX00113	100.0	1.0		VTX00113	100.0	Glomus sp.	Glomerales	0.39
PX214829.1	[Rhizoglomus] vesiculiferum	[Rhizoglomus] vesiculiferum | 4086_IVT68A	1473		assigned	VTX00113	100.0	1.0		VTX00113	100.0	Glomus sp.	Glomerales	0.39
PX214830.1	[Rhizoglomus] vesiculiferum	[Rhizoglomus] vesiculiferum | 3628_IVT65A	1473		assigned	VTX00113	100.0	1.0		VTX00113	100.0	Glomus sp.	Glomerales	0.39
PX214831.1	[Rhizoglomus] vesiculiferum	[Rhizoglomus] vesiculiferum | 3628_IVT65A	1473		assigned	VTX00113	100.0	1.0		VTX00113	100.0	Glomus sp.	Glomerales	0.39
PX214832.1	[Rhizoglomus] vesiculiferum	[Rhizoglomus] vesiculiferum | 4086_IVT68A	1473		assigned	VTX00113	99.61	1.0		VTX00113	99.61	Glomus sp.	Glomerales	0.38
PX214833.1	[Rhizoglomus] vesiculiferum	[Rhizoglomus] vesiculiferum | 4369_IVT81A	1473		assigned	VTX00113	99.61	1.0		VTX00113	99.61	Glomus sp.	Glomerales	0.19
PX214834.1	[Rhizoglomus] vesiculiferum	[Rhizoglomus] vesiculiferum | 4369_IVT81A	1473		assigned	VTX00113	99.61	1.0		VTX00113	99.61	Glomus sp.	Glomerales	0.19
PX214835.1	[Rhizoglomus] vesiculiferum	[Rhizoglomus] vesiculiferum | 3628_IVT65A	1473		assigned	VTX00113	99.61	1.0		VTX00113	99.61	Glomus sp.	Glomerales	0.38
PX214836.1	[Rhizoglomus] vesiculiferum	[Rhizoglomus] vesiculiferum | 4374_IVT87A	1473		assigned	VTX00115	100.0	1.0		VTX00115	100.0	Glomus sp.	Glomerales	0.77
PX214837.1	[Rhizoglomus] vesiculiferum	[Rhizoglomus] vesiculiferum | 5074_2353A	1472		assigned	VTX00115	100.0	1.0		VTX00115	100.0	Glomus sp.	Glomerales	0.77
PX214838.1	[Rhizoglomus] vesiculiferum	[Rhizoglomus] vesiculiferum | Gwalkeri_IVT132A	1472		assigned	VTX00115	99.61	1.0		VTX00115	99.61	Glomus sp.	Glomerales	0.77
PX214839.1	[Rhizoglomus] vesiculiferum	[Rhizoglomus] vesiculiferum | 212939_IVT38A	1472	divergent_5.8S	assigned	VTX00115	100.0	1.0		VTX00115	100.0	Glomus sp.	Glomerales	0.77
PX214840.1	[Rhizoglomus] vesiculiferum	[Rhizoglomus] vesiculiferum | 3628_IVT65A	1473		assigned	VTX00115	99.81	1.0		VTX00115	99.81	Glomus sp.	Glomerales	0.77
PX214841.1	Rhizophagus irregularis	Rhizophagus irregularis | 4292_708C	1473	divergent_5.8S	assigned	VTX00114	100.0	1.0		VTX00114	100.0	Glomus Glo8	Glomerales	0.58
PX214842.1	[Rhizoglomus] vesiculiferum	[Rhizoglomus] vesiculiferum | 5074_2353A	1473	divergent_5.8S	assigned	VTX00113	99.62	1.002		VTX00113	99.62	Glomus sp.	Glomerales	0.77
PX214843.1	[Rhizoglomus] vesiculiferum	[Rhizoglomus] vesiculiferum | 212939_IVT38A	1473		assigned	VTX00115	100.0	1.0		VTX00115	100.0	Glomus sp.	Glomerales	0.77
PX214844.1	[Rhizoglomus] vesiculiferum	[Rhizoglomus] vesiculiferum | 4086_IVT68A	1473	divergent_5.8S	assigned	VTX00113	99.61	1.0		VTX00113	99.61	Glomus sp.	Glomerales	0.38
PX214845.1	[Rhizoglomus] vesiculiferum	[Rhizoglomus] vesiculiferum | Gwalkeri_IVT132A	1473	divergent_5.8S	assigned	VTX00113	100.0	1.0		VTX00113	100.0	Glomus sp.	Glomerales	0.39
PX214846.1	[Rhizoglomus] vesiculiferum	[Rhizoglomus] vesiculiferum | Gwalkeri_IVT132A	1473	divergent_5.8S	assigned	VTX00113	100.0	1.0		VTX00113	100.0	Glomus sp.	Glomerales	0.39
PX214847.1	[Rhizoglomus] vesiculiferum	[Rhizoglomus] vesiculiferum | 5074_2353A	1472	divergent_5.8S	assigned	VTX00115	100.0	1.0		VTX00115	100.0	Glomus sp.	Glomerales	0.77
PX214848.1	[Rhizoglomus] vesiculiferum	[Rhizoglomus] vesiculiferum | 5074_2353A	1473	divergent_5.8S	assigned	VTX00115	100.0	1.0		VTX00115	100.0	Glomus sp.	Glomerales	0.77
PX214849.1	[Rhizoglomus] vesiculiferum	[Rhizoglomus] vesiculiferum | 212939_IVT38A	1472		assigned	VTX00115	100.0	1.0		VTX00115	100.0	Glomus sp.	Glomerales	0.77
PX214850.1	[Rhizoglomus] vesiculiferum	[Rhizoglomus] vesiculiferum | 212939_IVT38A	1472		assigned	VTX00115	100.0	1.0		VTX00115	100.0	Glomus sp.	Glomerales	0.77
PX214851.1	[Rhizoglomus] vesiculiferum	[Rhizoglomus] vesiculiferum | 212939_IVT38A	1472		assigned	VTX00115	100.0	1.0		VTX00115	100.0	Glomus sp.	Glomerales	0.77
PX214852.1	[Rhizoglomus] vesiculiferum	[Rhizoglomus] vesiculiferum | 212939_IVT38A	1473		assigned	VTX00115	100.0	1.0		VTX00115	100.0	Glomus sp.	Glomerales	0.77
PX214853.1	[Rhizoglomus] vesiculiferum	[Rhizoglomus] vesiculiferum | 212939_IVT38A	1471		assigned	VTX00115	100.0	1.0		VTX00115	100.0	Glomus sp.	Glomerales	0.77
PX214854.1	[Rhizoglomus] vesiculiferum	[Rhizoglomus] vesiculiferum | 3628_IVT65A	1472	divergent_5.8S	assigned	VTX00115	99.81	1.0		VTX00115	99.81	Glomus sp.	Glomerales	0.77
PX214855.1	[Rhizoglomus] vesiculiferum	[Rhizoglomus] vesiculiferum | Gwalkeri_IVT132A	1472	divergent_5.8S	assigned	VTX00115	100.0	1.0		VTX00115	100.0	Glomus sp.	Glomerales	0.59
PX214856.1	Rhizophagus silesianus	Rhizophagus silesianus | ECU32_IVT8A	1473		assigned	VTX00105	99.62	1.002		VTX00105	99.62	Glomus sp.	Glomerales	0.2
PX214857.1	Rhizophagus silesianus	Rhizophagus silesianus | ECU32_IVT8A	1473		assigned	VTX00105	99.61	1.0		VTX00105	99.61	Glomus sp.	Glomerales	0.38
PX214858.1	Rhizophagus silesianus	Rhizophagus silesianus | 3628_206A	1473		assigned	VTX00105	99.42	1.002		VTX00105	99.42	Glomus sp.	Glomerales	0.0
PX214859.1	Rhizophagus silesianus	Rhizophagus silesianus | 3628_206A	1473		assigned	VTX00105	99.61	1.0		VTX00105	99.61	Glomus sp.	Glomerales	0.38
PX214860.1	Rhizophagus silesianus	Rhizophagus silesianus | ECU32_IVT8A	1473		assigned	VTX00105	99.62	1.002		VTX00105	99.62	Glomus sp.	Glomerales	0.2
PX214861.1	Rhizophagus silesianus	Rhizophagus silesianus | ECU32_IVT8A	1473		assigned	VTX00105	99.61	1.0		VTX00105	99.61	Glomus sp.	Glomerales	0.38
PX214862.1	Rhizophagus silesianus	Rhizophagus silesianus | ECU32_IVT8A	1473		assigned	VTX00105	99.61	1.0		VTX00105	99.61	Glomus sp.	Glomerales	0.38
PX214863.1	Rhizophagus silesianus	Rhizophagus silesianus | ECU32_IVT8A	1473	divergent_5.8S	assigned	VTX00105	99.42	1.0		VTX00105	99.42	Glomus sp.	Glomerales	0.39
PX214864.1	Rhizophagus silesianus	Rhizophagus silesianus | ECU32_IVT8A	1473	divergent_5.8S	assigned	VTX00105	99.62	1.002		VTX00105	99.62	Glomus sp.	Glomerales	0.2
PX214865.1	Rhizophagus silesianus	Rhizophagus silesianus | 3628_206A	1473	divergent_5.8S	assigned	VTX00105	99.42	1.002		VTX00105	99.42	Glomus sp.	Glomerales	0.0
PX214866.1	Rhizophagus intraradices	Rhizophagus intraradices | FL208_553A	1473		assigned	VTX00100	100.0	1.0		VTX00100	100.0	Glomus intraradices	Glomerales	0.59
PX214867.1	Rhizophagus intraradices	Rhizophagus intraradices | KS906_IVT22A	1473		assigned	VTX00100	100.0	1.0		VTX00100	100.0	Glomus intraradices	Glomerales	0.59
PX214868.1	Rhizophagus intraradices	Rhizophagus intraradices | FL208_553A	1473		assigned	VTX00100	100.0	1.0		VTX00100	100.0	Glomus intraradices	Glomerales	0.59
PX214869.1	Rhizophagus intraradices	Rhizophagus intraradices | FL208_553A	1473		assigned	VTX00100	100.0	1.0		VTX00100	100.0	Glomus Goomaral13b Glo 5	Glomerales	0.39
PX214870.1	Rhizophagus intraradices	Rhizophagus intraradices | FL208_553A	1473	divergent_5.8S	assigned	VTX00100	100.0	1.0		VTX00100	100.0	Glomus Glo G1	Glomerales	0.79
PX214871.1	Rhizophagus sp. (in: glomeromycetes)	Rhizophagus sp. (in: glomeromycetes) | 212607_IVT70A	1473		assigned	VTX00248	100.0	1.0		VTX00248	100.0	Glomus sp.	Glomerales	1.15
PX214872.1	Rhizophagus sp. (in: glomeromycetes)	Rhizophagus sp. (in: glomeromycetes) | 1399_IVT43A	1473		assigned	VTX00248	100.0	1.0		VTX00248	100.0	Glomus sp.	Glomerales	1.15
PX214873.1	Rhizophagus sp. (in: glomeromycetes)	Rhizophagus sp. (in: glomeromycetes) | 212607_IVT70A	1473		assigned	VTX00248	100.0	1.0		VTX00248	100.0	Glomus sp.	Glomerales	1.15
PX214874.1	Rhizophagus sp. (in: glomeromycetes)	Rhizophagus sp. (in: glomeromycetes) | 212607_IVT70A	1473		assigned	VTX00248	100.0	1.0		VTX00248	100.0	Glomus sp.	Glomerales	1.15
PX214875.1	Rhizophagus sp. (in: glomeromycetes)	Rhizophagus sp. (in: glomeromycetes) | 1399_IVT43A	1473		assigned	VTX00248	100.0	1.0		VTX00248	100.0	Glomus sp.	Glomerales	1.15
PX214876.1	Rhizophagus sp. (in: glomeromycetes)	Rhizophagus sp. (in: glomeromycetes) | 212607_IVT70A	1473		assigned	VTX00248	100.0	1.0		VTX00248	100.0	Glomus sp.	Glomerales	1.15
PX214877.1	Rhizophagus sp. (in: glomeromycetes)	Rhizophagus sp. (in: glomeromycetes) | 212607_IVT70A	1473		assigned	VTX00248	100.0	1.0		VTX00248	100.0	Glomus sp.	Glomerales	1.15
PX214878.1	Rhizophagus sp. (in: glomeromycetes)	Rhizophagus sp. (in: glomeromycetes) | 1399_IVT43A	1473		assigned	VTX00248	100.0	1.0		VTX00248	100.0	Glomus sp.	Glomerales	1.15
PX214879.1	Rhizophagus sp. (in: glomeromycetes)	Rhizophagus sp. (in: glomeromycetes) | 212607_IVT70A	1473		assigned	VTX00248	100.0	1.0		VTX00248	100.0	Glomus sp.	Glomerales	1.15
PX214880.1	Oehlia diaphana	Oehlia diaphana | JS1_IVT19A	1471		assigned	VTX00309	100.0	1.0		VTX00309	100.0	Glomus sp.	Glomerales	2.56
PX214881.1	Oehlia diaphana	Oehlia diaphana | 4835_562B	1471		assigned	VTX00309	99.81	1.0		VTX00309	99.81	Glomus LES08	Glomerales	2.17
PX214882.1	Oehlia diaphana	Oehlia diaphana | JS1_IVT19A	1471		assigned	VTX00309	99.81	1.0		VTX00309	99.81	Glomus LES08	Glomerales	2.17
PX214883.1	Oehlia diaphana	Oehlia diaphana | WV579_765A	1471		assigned	VTX00309	99.81	1.0		VTX00309	99.81	Glomus LES08	Glomerales	2.17
PX214884.1	Oehlia diaphana	Oehlia diaphana | 4835_562B	1471		assigned	VTX00309	99.81	1.0		VTX00309	99.81	Glomus LES08	Glomerales	2.17
PX214885.1	Oehlia diaphana	Oehlia diaphana | WV579_765A	1471		assigned	VTX00309	99.81	1.0		VTX00309	99.81	Glomus LES08	Glomerales	2.17
PX214886.1	Oehlia diaphana	Oehlia diaphana | WV579_765A	1471		assigned	VTX00309	99.81	1.0		VTX00309	99.81	Glomus LES08	Glomerales	2.17
PX214887.1	Oehlia diaphana	Oehlia diaphana | WV579_765A	1471		assigned	VTX00309	99.62	1.002		VTX00309	99.62	Glomus sp.	Glomerales	2.17
PX214888.1	Oehlia diaphana	Oehlia diaphana | WV579_765B	1471		assigned	VTX00309	99.81	1.0		VTX00309	99.81	Glomus LES08	Glomerales	2.17
PX214889.1	Oehlia diaphana	Oehlia diaphana | WV579_765B	1471		assigned	VTX00309	99.81	1.0		VTX00309	99.81	Glomus LES08	Glomerales	2.17
PX214890.1	Oehlia diaphana	Oehlia diaphana | WV579_765B	1471		assigned	VTX00309	99.42	1.002		VTX00309	99.42	Glomus sp.	Glomerales	1.92
PX214891.1	Oehlia diaphana	Oehlia diaphana | JS1_IVT19A	1471		assigned	VTX00309	99.81	1.0		VTX00309	99.81	Glomus LES08	Glomerales	2.17
PX214892.1	Oehlia diaphana	Oehlia diaphana | WV579_765A	1471		assigned	VTX00309	99.81	1.0		VTX00309	99.81	Glomus LES08	Glomerales	2.17
PX214893.1	Oehlia diaphana	Oehlia diaphana | JS1_IVT19A	1471		assigned	VTX00309	99.81	1.0		VTX00309	99.81	Glomus LES08	Glomerales	2.17
PX214894.1	Oehlia diaphana	Oehlia diaphana | 4835_562B	1471		assigned	VTX00309	99.62	1.002		VTX00309	99.62	Glomus sp.	Glomerales	2.17
PX214895.1	Oehlia diaphana	Oehlia diaphana | WV579_765B	1471		assigned	VTX00309	99.62	1.002		VTX00309	99.62	Glomus sp.	Glomerales	2.17
PX214896.1	Oehlia diaphana	Oehlia diaphana | 4835_562B	1471		assigned	VTX00309	100.0	1.0		VTX00309	100.0	Glomus sp.	Glomerales	2.56
PX214897.1	Oehlia diaphana	Oehlia diaphana | 4835_562B	1471		assigned	VTX00309	99.81	1.0		VTX00309	99.81	Glomus LES08	Glomerales	2.17
PX214898.1	Oehlia diaphana	Oehlia diaphana | WV579_765B	1471		assigned	VTX00309	100.0	1.0		VTX00309	100.0	Glomus sp.	Glomerales	2.56
PX214899.1	Oehlia diaphana	Oehlia diaphana | JS1_IVT19A	1471		assigned	VTX00309	99.62	1.002		VTX00309	99.62	Glomus sp.	Glomerales	2.17
PX214900.1	Oehlia diaphana	Oehlia diaphana | JS1_IVT19A	1471		assigned	VTX00309	99.62	1.002		VTX00309	99.62	Glomus sp.	Glomerales	2.17
PX214901.1	Oehlia diaphana	Oehlia diaphana | 4835_562B	1471		assigned	VTX00309	99.23	1.0		VTX00309	99.23	Glomus LER08	Glomerales	1.4
PX214902.1	Oehlia diaphana	Oehlia diaphana | WV579_765A	1471		assigned	VTX00309	99.81	1.0		VTX00309	99.81	Glomus LES08	Glomerales	2.17
PX214903.1	Oehlia diaphana	Oehlia diaphana | WV579_765B	1471		assigned	VTX00309	99.81	1.0		VTX00309	99.81	Glomus LES08	Glomerales	2.17
PX214904.1	Oehlia diaphana	Oehlia diaphana | WV579_765B	1471		assigned	VTX00309	99.81	1.0		VTX00309	99.81	Glomus LES08	Glomerales	2.17
PX214905.1	Oehlia diaphana	Oehlia diaphana | 4835_562B	1471		assigned	VTX00309	100.0	1.0		VTX00309	100.0	Glomus sp.	Glomerales	2.56
PX214906.1	Oehlia diaphana	Oehlia diaphana | WV579_765A	1471		assigned	VTX00309	99.81	1.0		VTX00309	99.81	Glomus LES08	Glomerales	2.17
PX214907.1	Oehlia diaphana	Oehlia diaphana | WV579_765B	1471		assigned	VTX00309	99.81	1.0		VTX00309	99.81	Glomus LES08	Glomerales	2.17
PX214908.1	Oehlia diaphana	Oehlia diaphana | WV579_765B	1471		assigned	VTX00309	99.81	1.0		VTX00309	99.81	Glomus LES08	Glomerales	2.37
PX214909.1	Diversispora eburnea	Diversispora eburnea | FS_12_2334B	1475		assigned	VTX00060	100.0	1.0		VTX00060	100.0	Diversispora eburnea	Diversisporales	0.96
PX214910.1	Diversispora eburnea	Diversispora eburnea | FS_12_2334B	1475		assigned	VTX00060	100.0	1.0		VTX00060	100.0	Diversispora eburnea	Diversisporales	0.96
PX214911.1	Diversispora eburnea	Diversispora eburnea | AZ414A_356A	1475		assigned	VTX00060	100.0	1.0		VTX00060	100.0	Diversispora eburnea	Diversisporales	0.96
PX214912.1	Diversispora eburnea	Diversispora eburnea | AZ414A_356A	1475		assigned	VTX00060	99.61	1.0		VTX00060	99.61	Diversispora eburnea	Diversisporales	0.77
PX214913.1	Diversispora eburnea	Diversispora eburnea | FS_12_2334B	1475		assigned	VTX00060	99.81	1.0		VTX00060	99.81	Diversispora eburnea	Diversisporales	0.96
PX214914.1	Diversispora eburnea	Diversispora eburnea | AZ414A_356A	1475		assigned	VTX00060	99.81	1.0		VTX00060	99.81	Diversispora eburnea	Diversisporales	0.77
PX214915.1	Diversispora eburnea	Diversispora eburnea | AZ414A_356A	1475		assigned	VTX00060	100.0	1.0		VTX00060	100.0	Diversispora eburnea	Diversisporales	0.96
PX214916.1	Diversispora eburnea	Diversispora eburnea | AZ414A_356A	1475		assigned	VTX00060	100.0	1.0		VTX00060	100.0	Diversispora eburnea	Diversisporales	0.96
PX214917.1	Diversispora eburnea	Diversispora eburnea | AZ414A_356A	1475		assigned	VTX00060	99.61	1.0		VTX00060	99.61	Diversispora eburnea	Diversisporales	0.77
PX214918.1	Diversispora eburnea	Diversispora eburnea | AZ414A_356A	1475		assigned	VTX00060	99.61	1.0		VTX00060	99.61	Diversispora eburnea	Diversisporales	0.77
PX214919.1	Diversispora eburnea	Diversispora eburnea | AZ414A_356A	1475		assigned	VTX00060	100.0	1.0		VTX00060	100.0	Diversispora eburnea	Diversisporales	0.96
PX214920.1	Diversispora eburnea	Diversispora eburnea | AZ414A_356A	1475		assigned	VTX00060	99.61	1.0		VTX00060	99.61	Diversispora eburnea	Diversisporales	0.77
PX214921.1	Diversispora eburnea	Diversispora eburnea | AZ414A_356A	1475		assigned	VTX00060	100.0	1.0		VTX00060	100.0	Diversispora eburnea	Diversisporales	0.96
PX214922.1	Diversispora eburnea	Diversispora eburnea | FS_12_2334B	1475		assigned	VTX00060	100.0	1.0		VTX00060	100.0	Diversispora eburnea	Diversisporales	0.96
PX214923.1	Diversispora eburnea	Diversispora eburnea | FS_12_2334B	1475		assigned	VTX00060	100.0	1.0		VTX00060	100.0	Diversispora eburnea	Diversisporales	0.96
PX214924.1	Diversispora celata	Diversispora celata | 4381_68A	1475		assigned	VTX00060	99.81	1.0		VTX00060	99.81	Diversispora celata	Diversisporales	0.97
PX214925.1	Diversispora celata	Diversispora celata | 4381_68A	1475		assigned	VTX00060	100.0	1.0		VTX00060	100.0	Diversispora celata	Diversisporales	0.97
PX214926.1	Diversispora celata	Diversispora celata | 4381_68A	1475		assigned	VTX00060	100.0	1.0		VTX00060	100.0	Diversispora celata	Diversisporales	0.97
PX214927.1	Diversispora celata	Diversispora celata | 4381_68A	1476		assigned	VTX00060	99.81	1.002		VTX00060	99.81	Diversispora celata	Diversisporales	0.97
PX214928.1	Diversispora celata	Diversispora celata | 4381_68A	1475		assigned	VTX00060	100.0	1.0		VTX00060	100.0	Diversispora celata	Diversisporales	0.97
PX214929.1	Diversispora celata	Diversispora celata | SC2	1475		assigned	VTX00060	99.61	1.0		VTX00060	99.61	Diversispora celata	Diversisporales	0.96
PX214930.1	Diversispora celata	Diversispora celata | SC2	1474		assigned	VTX00060	99.81	1.0		VTX00060	99.81	Diversispora eburnea	Diversisporales	0.96
PX214931.1	Diversispora celata	Diversispora celata | SC2	1475		assigned	VTX00060	100.0	1.0		VTX00060	100.0	Diversispora eburnea	Diversisporales	0.96
PX214932.1	Diversispora celata	Diversispora celata | SC2	1475		assigned	VTX00060	100.0	1.0		VTX00060	100.0	Diversispora eburnea	Diversisporales	0.96
PX214933.1	Diversispora celata	Diversispora celata | SC2	1474		assigned	VTX00060	99.81	1.0		VTX00060	99.81	Diversispora eburnea	Diversisporales	0.96
PX214934.1	Diversispora jakucsiae	Diversispora jakucsiae | Blasz_11_2271A	1475		assigned	VTX00054	99.81	0.992		VTX00054	99.81	Diversispora sp. T	Diversisporales	0.58
PX214935.1	Diversispora jakucsiae	Diversispora jakucsiae | Blasz_11_2271A	1475		assigned	VTX00054	99.81	0.992		VTX00054	99.81	Diversispora sp. T	Diversisporales	0.58
PX214936.1	Diversispora jakucsiae	Diversispora jakucsiae | Blasz_11_2271A	1475		assigned	VTX00054	99.81	0.992		VTX00054	99.81	Diversispora sp. T	Diversisporales	0.58
PX214937.1	Diversispora jakucsiae	Diversispora jakucsiae | Blasz_11_2271A	1475		assigned	VTX00054	99.81	0.992		VTX00054	99.81	Diversispora sp. T	Diversisporales	0.58
PX214938.1	Diversispora arenaria	Diversispora arenaria | Blasz_14_2274A	1475		assigned	VTX00054	99.81	0.992		VTX00054	99.81	Diversispora sp. T	Diversisporales	0.58
PX214939.1	Diversispora arenaria	Diversispora arenaria | Blasz_14_2274A	1476		assigned	VTX00054	99.61	0.994		VTX00054	99.61	Diversispora sp. T	Diversisporales	0.38
PX214940.1	Diversispora arenaria	Diversispora arenaria | Blasz_14_2274A	1475		assigned	VTX00054	99.81	0.992		VTX00054	99.81	Diversispora sp.	Diversisporales	0.38
PX214941.1	Diversispora arenaria	Diversispora arenaria | Blasz_14_2274A	1475		assigned	VTX00054	99.81	0.992		VTX00054	99.81	Diversispora sp.	Diversisporales	0.38
PX214942.1	Diversispora epigaea	Diversispora epigaea | BEG47_1140C	1475		assigned	VTX00061	100.0	1.0		VTX00061	100.0	Diversispora epigaea T	Diversisporales	1.15
PX214943.1	Diversispora epigaea	Diversispora epigaea | BEG47_1140C	1475		assigned	VTX00061	99.81	1.0		VTX00061	99.81	Diversispora epigaea T	Diversisporales	1.15
PX214944.1	Diversispora epigaea	Diversispora epigaea | FS16_2427A	1475		assigned	VTX00061	99.81	1.0		VTX00061	99.81	Diversispora epigaea T	Diversisporales	1.15
PX214945.1	Diversispora epigaea	Diversispora epigaea | BEG47_1140C	1475		assigned	VTX00061	99.81	1.0		VTX00061	99.81	Diversispora epigaea T	Diversisporales	1.15
PX214946.1	Diversispora epigaea	Diversispora epigaea | BEG47_1140C	1475		assigned	VTX00061	100.0	1.0		VTX00061	100.0	Diversispora epigaea T	Diversisporales	1.15
PX214947.1	Diversispora epigaea	Diversispora epigaea | FS16_2427A	1475		assigned	VTX00061	100.0	1.0		VTX00061	100.0	Diversispora sp. W4568	Diversisporales	1.35
PX214948.1	Diversispora epigaea	Diversispora epigaea | FS16_2427A	1475		assigned	VTX00061	100.0	1.0		VTX00061	100.0	Diversispora epigaea T	Diversisporales	1.15
PX214949.1	Diversispora epigaea	Diversispora epigaea | FS16_2427A	1475		assigned	VTX00061	99.81	1.0		VTX00061	99.81	Diversispora sp. W4568	Diversisporales	1.35
PX214950.1	Diversispora epigaea	Diversispora epigaea | FS16_2427A	1474		assigned	VTX00061	99.81	1.0		VTX00061	99.81	Diversispora sp. W4568	Diversisporales	1.35
PX214951.1	Diversispora epigaea	Diversispora epigaea | FS16_2427A	1475		assigned	VTX00061	99.81	1.0		VTX00061	99.81	Diversispora sp. W4568	Diversisporales	1.35
PX214952.1	Diversispora epigaea	Diversispora epigaea | FS16_2427A	1475		assigned	VTX00061	100.0	1.0		VTX00061	100.0	Diversispora sp. W4568	Diversisporales	1.35
PX214953.1	Diversispora epigaea	Diversispora epigaea | BEG47_1140C	1475		assigned	VTX00061	99.42	1.0		VTX00061	99.42	Diversispora sp.	Diversisporales	0.58
PX214954.1	Diversispora epigaea	Diversispora epigaea | FS16_2427A	1475		assigned	VTX00061	99.61	1.0		VTX00061	99.61	Diversispora sp.	Diversisporales	0.58
PX214955.1	Diversispora varaderana	Diversispora varaderana | 4394_1010A	1474		assigned	VTX00306	99.81	0.994		VTX00306	99.81	Diversispora sp. T	Diversisporales	-0.19
PX214956.1	Diversispora varaderana	Diversispora varaderana | 3086_1170D	1474		assigned	VTX00306	99.81	0.994		VTX00306	99.81	Diversispora sp. T	Diversisporales	-0.19
PX214957.1	Diversispora varaderana	Diversispora varaderana | 4450_536A	1474		assigned	VTX00306	99.81	0.994		VTX00306	99.81	Diversispora sp. T	Diversisporales	-0.19
PX214958.1	Diversispora varaderana	Diversispora varaderana | 4394_1010A	1474		assigned	VTX00306	99.81	0.994		VTX00306	99.81	Diversispora sp. T	Diversisporales	-0.19
PX214959.1	Diversispora varaderana	Diversispora varaderana | CW0016_4015A	1474		assigned	VTX00306	99.81	0.994		VTX00306	99.81	Diversispora sp. T	Diversisporales	-0.19
PX214960.1	Diversispora varaderana	Diversispora varaderana | SASK_50	1474		assigned	VTX00306	99.81	0.994		VTX00306	99.81	Diversispora sp. T	Diversisporales	-0.19
PX214961.1	Diversispora varaderana	Diversispora varaderana | 3086_1170D	1474		assigned	VTX00306	99.81	0.994		VTX00306	99.81	Diversispora sp. T	Diversisporales	-0.19
PX214962.1	Diversispora varaderana	Diversispora varaderana | 3086_1170D	1474		assigned	VTX00306	99.61	0.994		VTX00306	99.61	Diversispora sp. T	Diversisporales	-0.19
PX214963.1	Diversispora varaderana	Diversispora varaderana | 4394_1010A	1474		assigned	VTX00306	99.61	0.994		VTX00306	99.61	Diversispora sp. T	Diversisporales	-0.19
PX214964.1	Diversispora varaderana	Diversispora varaderana | 4510_972A	1474		assigned	VTX00306	99.61	0.994		VTX00306	99.61	Diversispora sp. T	Diversisporales	-0.19
PX214965.1	Diversispora varaderana	Diversispora varaderana | 4450_536A	1474		assigned	VTX00306	99.61	0.994		VTX00306	99.61	Diversispora sp. T	Diversisporales	-0.19
PX214966.1	Diversispora varaderana	Diversispora varaderana | SASK_50	1474		assigned	VTX00306	99.61	0.994		VTX00306	99.61	Diversispora sp. T	Diversisporales	-0.19
PX214967.1	Diversispora varaderana	Diversispora varaderana | 4393_830B	1474		assigned	VTX00306	99.61	0.994		VTX00306	99.61	Diversispora sp. T	Diversisporales	-0.19
PX214968.1	Diversispora varaderana	Diversispora varaderana | 3086_1170D	1474		assigned	VTX00306	99.61	0.994		VTX00306	99.61	Diversispora sp. T	Diversisporales	-0.19
PX214969.1	Diversispora varaderana	Diversispora varaderana | 4450_536A	1474		assigned	VTX00306	99.61	0.994		VTX00306	99.61	Diversispora sp. T	Diversisporales	-0.19
PX214970.1	Diversispora varaderana	Diversispora varaderana | 4393_830B	1474		assigned	VTX00306	99.61	0.994		VTX00306	99.61	Diversispora sp. T	Diversisporales	-0.19
PX214971.1	Diversispora varaderana	Diversispora varaderana | 3086_1170D	1474		assigned	VTX00306	99.61	0.994		VTX00306	99.61	Diversispora sp. T	Diversisporales	-0.19
PX214972.1	Diversispora varaderana	Diversispora varaderana | 4450_536A	1474		assigned	VTX00306	99.61	0.994		VTX00306	99.61	Diversispora sp. T	Diversisporales	-0.19
PX214973.1	Diversispora varaderana	Diversispora varaderana | 4450_536A	1473		assigned	VTX00306	99.81	0.994		VTX00306	99.81	Diversispora sp. T	Diversisporales	-0.19
PX214974.1	Diversispora varaderana	Diversispora varaderana | 4450_536A	1474		assigned	VTX00306	99.61	0.994		VTX00306	99.61	Diversispora sp. T	Diversisporales	-0.19
PX214975.1	Diversispora varaderana	Diversispora varaderana | SASK_50	1474		assigned	VTX00306	99.61	0.994		VTX00306	99.61	Diversispora sp. T	Diversisporales	-0.19
PX214976.1	Diversispora varaderana	Diversispora varaderana | 3086_1170D	1474		assigned	VTX00306	99.81	0.994		VTX00306	99.81	Diversispora sp. T	Diversisporales	-0.19
PX214977.1	Diversispora varaderana	Diversispora varaderana | 4393_830B	1474		assigned	VTX00306	99.81	0.994		VTX00306	99.81	Diversispora sp. T	Diversisporales	-0.19
PX214978.1	Diversispora varaderana	Diversispora varaderana | CW0016_4015A	1475		assigned	VTX00306	99.61	0.994		VTX00306	99.61	Diversispora sp. T	Diversisporales	-0.19
PX214979.1	Diversispora varaderana	Diversispora varaderana | CW0016_4015A	1475		assigned	VTX00306	99.61	0.994		VTX00306	99.61	Diversispora sp. T	Diversisporales	-0.19
PX214980.1	Diversispora varaderana	Diversispora varaderana | CW0016_4015A	1475		assigned	VTX00306	99.61	0.994		VTX00306	99.61	Diversispora sp. T	Diversisporales	-0.19
PX214981.1	Diversispora varaderana	Diversispora varaderana | 3086_1170D	1474		assigned	VTX00306	99.81	0.994		VTX00306	99.81	Diversispora sp. T	Diversisporales	-0.19
PX214982.1	Diversispora varaderana	Diversispora varaderana | 4393_830B	1474		assigned	VTX00306	99.81	0.994		VTX00306	99.81	Diversispora sp. T	Diversisporales	-0.19
PX214983.1	Diversispora varaderana	Diversispora varaderana | 3086_1170D	1474		assigned	VTX00306	99.81	0.994		VTX00306	99.81	Diversispora sp. T	Diversisporales	-0.19
PX214984.1	Diversispora varaderana	Diversispora varaderana | 4394_1010A	1474		assigned	VTX00306	99.81	0.994		VTX00306	99.81	Diversispora sp. T	Diversisporales	-0.19
PX214985.1	Diversispora varaderana	Diversispora varaderana | SASK_50	1474		assigned	VTX00306	99.81	0.994		VTX00306	99.81	Diversispora sp. T	Diversisporales	-0.19
PX214986.1	Diversispora aestuarii	Diversispora aestuarii | 4403_745C	1474		assigned	VTX00306	99.81	0.994		VTX00306	99.81	Diversispora sp. T	Diversisporales	-0.19
PX214987.1	Diversispora aestuarii	Diversispora aestuarii | 4403_745C	1474		assigned	VTX00306	99.81	0.994		VTX00306	99.81	Diversispora sp. T	Diversisporales	-0.19
PX214988.1	Diversispora aestuarii	Diversispora aestuarii | 4403_745C	1474		assigned	VTX00306	99.81	0.994		VTX00306	99.81	Diversispora sp. T	Diversisporales	-0.19
PX214989.1	Diversispora aestuarii	Diversispora aestuarii | 4403_745C	1474		assigned	VTX00306	99.81	0.994		VTX00306	99.81	Diversispora sp. T	Diversisporales	-0.19
PX214990.1	Diversispora aestuarii	Diversispora aestuarii | 4485_952D	1474		assigned	VTX00306	99.81	0.994		VTX00306	99.81	Diversispora sp. T	Diversisporales	-0.19
PX214991.1	Diversispora aestuarii	Diversispora aestuarii | 4485_952D	1474		assigned	VTX00306	99.81	0.994		VTX00306	99.81	Diversispora sp. T	Diversisporales	-0.19
PX214992.1	Diversispora aestuarii	Diversispora aestuarii | 4485_952D	1475		assigned	VTX00306	99.61	0.994		VTX00306	99.61	Diversispora sp. T	Diversisporales	-0.19
PX214993.1	Diversispora aestuarii	Diversispora aestuarii | 4403_745C	1474		assigned	VTX00306	99.81	0.994		VTX00306	99.81	Diversispora sp. T	Diversisporales	-0.19
PX214994.1	Diversispora aestuarii	Diversispora aestuarii | 4485_952D	1474		assigned	VTX00306	99.81	0.994		VTX00306	99.81	Diversispora sp. T	Diversisporales	-0.19
PX214995.1	Diversispora aestuarii	Diversispora aestuarii | 4403_745C	1474		assigned	VTX00306	99.81	0.994		VTX00306	99.81	Diversispora sp. T	Diversisporales	-0.19
PX214996.1	Diversispora aestuarii	Diversispora aestuarii | 4403_745C	1474		assigned	VTX00306	99.81	0.994		VTX00306	99.81	Diversispora sp. T	Diversisporales	-0.19
PX214997.1	Diversispora aestuarii	Diversispora aestuarii | 4403_745C	1474		assigned	VTX00306	99.81	0.994		VTX00306	99.81	Diversispora sp. T	Diversisporales	-0.19
PX214998.1	Diversispora aestuarii	Diversispora aestuarii | 4485_952D	1474		assigned	VTX00306	99.81	0.994		VTX00306	99.81	Diversispora sp. T	Diversisporales	-0.19
PX214999.1	Diversispora aestuarii	Diversispora aestuarii | 4485_952D	1474		assigned	VTX00306	99.81	0.994		VTX00306	99.81	Diversispora sp. T	Diversisporales	-0.19
PX215000.1	Diversispora aestuarii	Diversispora aestuarii | 4485_952D	1474		assigned	VTX00306	99.81	0.994		VTX00306	99.81	Diversispora sp. T	Diversisporales	-0.19
PX215001.1	Diversispora aestuarii	Diversispora aestuarii | 4403_745C	1474		assigned	VTX00306	99.81	0.994		VTX00306	99.81	Diversispora sp. T	Diversisporales	-0.19
PX215002.1	Diversispora aestuarii	Diversispora aestuarii | 4403_745C	1474		assigned	VTX00306	99.81	0.994		VTX00306	99.81	Diversispora sp. T	Diversisporales	-0.19
PX215003.1	Diversispora aestuarii	Diversispora aestuarii | 4485_952D	1475		assigned	VTX00306	99.61	0.994		VTX00306	99.61	Diversispora sp. T	Diversisporales	-0.19
PX215004.1	Diversispora aestuarii	Diversispora aestuarii | 4485_952D	1474		assigned	VTX00306	99.81	0.994		VTX00306	99.81	Diversispora sp. T	Diversisporales	-0.19
PX215005.1	Diversispora aestuarii	Diversispora aestuarii | 4485_952D	1474		assigned	VTX00306	99.23	0.994		VTX00306	99.23	Diversispora sp. T	Diversisporales	-0.19
PX215006.1	Diversispora spurca	Diversispora spurca | Algerie_2_1072C	1475		assigned	VTX00263	99.81	1.0		VTX00263	99.81	Diversispora spurca T	Diversisporales	0.19
PX215007.1	Diversispora spurca	Diversispora spurca | Algerie_2_1072C	1475		assigned	VTX00263	99.81	1.0		VTX00263	99.81	Diversispora spurca T	Diversisporales	0.19
PX215008.1	Diversispora spurca	Diversispora spurca | Algerie_2_1072C	1476		assigned	VTX00263	99.62	1.002		VTX00263	99.62	Diversispora spurca T	Diversisporales	0.19
PX215009.1	Diversispora spurca	Diversispora spurca | W246_28_9A	1475		assigned	VTX00263	99.81	1.0		VTX00263	99.81	Diversispora spurca T	Diversisporales	0.19
PX215010.1	Diversispora spurca	Diversispora spurca | W246_28_9A	1475		assigned	VTX00263	99.81	1.0		VTX00263	99.81	Diversispora spurca T	Diversisporales	0.19
PX215011.1	Diversispora spurca	Diversispora spurca | W246_28_9A	1475		assigned	VTX00263	99.81	1.0		VTX00263	99.81	Diversispora spurca T	Diversisporales	0.19
PX215012.1	Diversispora spurca	Diversispora spurca | W246_28_9A	1475		assigned	VTX00263	99.81	1.0		VTX00263	99.81	Diversispora spurca T	Diversisporales	0.19
PX215013.1	Acaulospora morrowiae	Acaulospora morrowiae | CR315B_2019A	1474		assigned	VTX00028	99.61	1.0		VTX00028	99.61	Acaulospora Desiro13a MIB 8848	Diversisporales	1.58
PX215014.1	Acaulospora morrowiae	Acaulospora morrowiae | CR315B_2019A	1474		assigned	VTX00028	99.42	1.0		VTX00028	99.42	Acaulospora Desiro13a MIB 8848	Diversisporales	1.19
PX215015.1	Acaulospora morrowiae	Acaulospora morrowiae | CR315B_2019A	1474		assigned	VTX00028	99.42	1.0		VTX00028	99.42	Acaulospora Desiro13a MIB 8848	Diversisporales	1.19
PX215016.1	Acaulospora morrowiae	Acaulospora morrowiae | BF_TM_1197A	1474		assigned	VTX00028	99.81	1.0		VTX00028	99.81	Acaulospora sp.	Diversisporales	1.57
PX215017.1	Acaulospora morrowiae	Acaulospora morrowiae | BF_TM_1197A	1474		assigned	VTX00028	99.42	1.0		VTX00028	99.42	Acaulospora Desiro13a MIB 8848	Diversisporales	1.58
PX215018.1	Acaulospora morrowiae	Acaulospora morrowiae | BF_TM_1197A	1474		assigned	VTX00028	99.81	1.0		VTX00028	99.81	Acaulospora sp.	Diversisporales	1.57
PX215019.1	Acaulospora morrowiae	Acaulospora morrowiae | BF_TM_1197A	1474		assigned	VTX00028	99.42	1.0		VTX00028	99.42	Acaulospora Desiro13a MIB 8848	Diversisporales	1.58
PX215020.1	Acaulospora morrowiae	Acaulospora morrowiae | BF_TM_1197A	1474		assigned	VTX00028	99.81	1.0		VTX00028	99.81	Acaulospora sp.	Diversisporales	1.97
PX215021.1	Acaulospora morrowiae	Acaulospora morrowiae | BF_TM_1197A	1474		assigned	VTX00028	99.81	1.0		VTX00028	99.81	Acaulospora sp.	Diversisporales	1.57
PX215022.1	Acaulospora morrowiae	Acaulospora morrowiae | BF_TM_1197A	1474		assigned	VTX00028	99.81	1.0		VTX00028	99.81	Acaulospora sp.	Diversisporales	1.97
PX215023.1	Cetraspora gilmorei	Cetraspora gilmorei | 4430_2047A	1467		assigned	VTX00041	99.81	1.0		VTX00041	99.81	Racocetra tropicana	Diversisporales	0.96
PX215024.1	Cetraspora gilmorei	Cetraspora gilmorei | 4430_2047A	1467		assigned	VTX00041	100.0	1.0		VTX00041	100.0	Scutellospora gilmorei	Diversisporales	1.02
PX215025.1	Cetraspora gilmorei	Cetraspora gilmorei | 4430_2047A	1467		assigned	VTX00041	99.81	1.0		VTX00041	99.81	Scutellospora gilmorei	Diversisporales	1.04
PX215026.1	Cetraspora gilmorei	Cetraspora gilmorei | 4397_453A	1467		assigned	VTX00041	100.0	1.0		VTX00041	100.0	Scutellospora gilmorei	Diversisporales	1.02
PX215027.1	Cetraspora gilmorei	Cetraspora gilmorei | 4414_1105C	1467		assigned	VTX00041	100.0	1.0		VTX00041	100.0	Scutellospora gilmorei	Diversisporales	1.02
PX215028.1	Cetraspora gilmorei	Cetraspora gilmorei | 4385	1467		assigned	VTX00041	100.0	1.0		VTX00041	100.0	Scutellospora gilmorei	Diversisporales	1.02
PX215029.1	Cetraspora gilmorei	Cetraspora gilmorei | 4398_831C	1467		assigned	VTX00041	100.0	1.0		VTX00041	100.0	Scutellospora gilmorei	Diversisporales	1.02
PX215030.1	Cetraspora gilmorei	Cetraspora gilmorei | 4419_860D	1467		assigned	VTX00041	100.0	1.0		VTX00041	100.0	Scutellospora gilmorei	Diversisporales	1.02
PX215031.1	Cetraspora gilmorei	Cetraspora gilmorei | 4414_1105C	1467		assigned	VTX00041	100.0	1.0		VTX00041	100.0	Scutellospora gilmorei	Diversisporales	1.02
PX215032.1	Cetraspora gilmorei	Cetraspora gilmorei | 4385	1467		assigned	VTX00041	100.0	1.0		VTX00041	100.0	Scutellospora gilmorei	Diversisporales	1.02
PX215033.1	Cetraspora gilmorei	Cetraspora gilmorei | 4419_860D	1467		assigned	VTX00041	100.0	1.0		VTX00041	100.0	Scutellospora gilmorei	Diversisporales	1.02
PX215034.1	Cetraspora gilmorei	Cetraspora gilmorei | 4414_1105C	1467		assigned	VTX00041	100.0	1.0		VTX00041	100.0	Scutellospora gilmorei	Diversisporales	1.02
PX215035.1	Cetraspora gilmorei	Cetraspora gilmorei | 4398_831C	1467		assigned	VTX00041	100.0	1.0		VTX00041	100.0	Scutellospora gilmorei	Diversisporales	1.02
PX215036.1	Cetraspora gilmorei	Cetraspora gilmorei | 4414_1105C	1467		assigned	VTX00041	99.81	1.0		VTX00041	99.81	Scutellospora gilmorei	Diversisporales	0.63
PX215037.1	Cetraspora gilmorei	Cetraspora gilmorei | 4385	1467		assigned	VTX00041	99.81	1.0		VTX00041	99.81	Scutellospora gilmorei	Diversisporales	0.63
PX215038.1	Cetraspora gilmorei	Cetraspora gilmorei | 4398_831C	1467		assigned	VTX00041	99.81	1.0		VTX00041	99.81	Scutellospora gilmorei	Diversisporales	0.63
PX215039.1	Cetraspora gilmorei	Cetraspora gilmorei | 4419_860D	1467		assigned	VTX00041	99.81	1.0		VTX00041	99.81	Scutellospora gilmorei	Diversisporales	0.63
PX215040.1	Cetraspora gilmorei	Cetraspora gilmorei | 4414_1105C	1467		assigned	VTX00041	100.0	1.0		VTX00041	100.0	Racocetra tropicana	Diversisporales	0.96
PX215041.1	Cetraspora gilmorei	Cetraspora gilmorei | 4385	1467		assigned	VTX00041	100.0	1.0		VTX00041	100.0	Racocetra tropicana	Diversisporales	0.96
PX215042.1	Cetraspora gilmorei	Cetraspora gilmorei | 4398_831C	1467		assigned	VTX00041	100.0	1.0		VTX00041	100.0	Racocetra tropicana	Diversisporales	0.96
PX215043.1	Cetraspora gilmorei	Cetraspora gilmorei | 4419_860D	1467		assigned	VTX00041	100.0	1.0		VTX00041	100.0	Racocetra tropicana	Diversisporales	0.96
PX215044.1	Cetraspora gilmorei	Cetraspora gilmorei | 4414_1105C	1467		assigned	VTX00041	99.81	1.0		VTX00041	99.81	Scutellospora gilmorei	Diversisporales	0.63
PX215045.1	Cetraspora gilmorei	Cetraspora gilmorei | 4414_1105C	1467		assigned	VTX00041	100.0	1.0		VTX00041	100.0	Racocetra tropicana	Diversisporales	0.96
PX215046.1	Cetraspora gilmorei	Cetraspora gilmorei | 4385	1467		assigned	VTX00041	100.0	1.0		VTX00041	100.0	Racocetra tropicana	Diversisporales	0.96
PX215047.1	Cetraspora gilmorei	Cetraspora gilmorei | 4398_831C	1467		assigned	VTX00041	100.0	1.0		VTX00041	100.0	Racocetra tropicana	Diversisporales	0.96
PX215048.1	Cetraspora gilmorei	Cetraspora gilmorei | 4419_860D	1467		assigned	VTX00041	100.0	1.0		VTX00041	100.0	Racocetra tropicana	Diversisporales	0.96
PX215049.1	Cetraspora gilmorei	Cetraspora gilmorei | 4430_2047A	1467		assigned	VTX00041	99.81	1.0		VTX00041	99.81	Racocetra tropicana	Diversisporales	0.96
PX215050.1	Cetraspora gilmorei	Cetraspora gilmorei | 4430_2047A	1467		assigned	VTX00041	100.0	1.0		VTX00041	100.0	Racocetra tropicana	Diversisporales	0.96
PX215051.1	Cetraspora gilmorei	Cetraspora gilmorei | 4436_787A	1467		assigned	VTX00041	100.0	1.0		VTX00041	100.0	Scutellospora gilmorei	Diversisporales	1.02
PX215052.1	Cetraspora gilmorei	Cetraspora gilmorei | 4436_787A	1467		assigned	VTX00041	100.0	1.0		VTX00041	100.0	Scutellospora gilmorei	Diversisporales	1.02
PX215053.1	Cetraspora gilmorei	Cetraspora gilmorei | 4436_787A	1467		assigned	VTX00041	100.0	1.0		VTX00041	100.0	Racocetra tropicana	Diversisporales	0.96
PX215054.1	Cetraspora gilmorei	Cetraspora gilmorei | CW0008_4007A	1467		assigned	VTX00041	100.0	1.0		VTX00041	100.0	Scutellospora gilmorei	Diversisporales	1.02
PX215055.1	Cetraspora gilmorei	Cetraspora gilmorei | 4436_787A	1467		assigned	VTX00041	100.0	1.0		VTX00041	100.0	Scutellospora gilmorei	Diversisporales	1.02
PX215056.1	Cetraspora gilmorei	Cetraspora gilmorei | CW0008_4007A	1467		assigned	VTX00041	100.0	1.0		VTX00041	100.0	Scutellospora gilmorei	Diversisporales	1.02
PX215057.1	Cetraspora gilmorei	Cetraspora gilmorei | CW0008_4007A	1467		assigned	VTX00041	100.0	1.0		VTX00041	100.0	Scutellospora gilmorei	Diversisporales	1.02
PX215058.1	Cetraspora gilmorei	Cetraspora gilmorei | CW0008_4007A	1468		assigned	VTX00041	99.62	1.002		VTX00041	99.62	Scutellospora gilmorei	Diversisporales	0.64
PX215059.1	Cetraspora gilmorei	Cetraspora gilmorei | 4397_453A	1467		assigned	VTX00041	99.81	1.0		VTX00041	99.81	Racocetra tropicana	Diversisporales	0.96
PX215060.1	Cetraspora gilmorei	Cetraspora gilmorei | 4414_1105C	1467		assigned	VTX00041	99.81	1.0		VTX00041	99.81	Racocetra tropicana	Diversisporales	0.96
PX215061.1	Cetraspora gilmorei	Cetraspora gilmorei | 4385	1467		assigned	VTX00041	99.81	1.0		VTX00041	99.81	Racocetra tropicana	Diversisporales	0.96
PX215062.1	Cetraspora gilmorei	Cetraspora gilmorei | 4398_831C	1467		assigned	VTX00041	99.81	1.0		VTX00041	99.81	Racocetra tropicana	Diversisporales	0.96
PX215063.1	Cetraspora gilmorei	Cetraspora gilmorei | 4419_860D	1467		assigned	VTX00041	99.81	1.0		VTX00041	99.81	Racocetra tropicana	Diversisporales	0.96
PX215064.1	Cetraspora gilmorei	Cetraspora gilmorei | 4419_860D	1467		assigned	VTX00041	99.81	1.0		VTX00041	99.81	Racocetra tropicana	Diversisporales	0.96
PX215065.1	Cetraspora gilmorei	Cetraspora gilmorei | 4414_1105C	1467		assigned	VTX00041	100.0	1.0		VTX00041	100.0	Scutellospora gilmorei	Diversisporales	1.02
PX215066.1	Cetraspora gilmorei	Cetraspora gilmorei | 4385	1467		assigned	VTX00041	100.0	1.0		VTX00041	100.0	Scutellospora gilmorei	Diversisporales	1.02
PX215067.1	Cetraspora gilmorei	Cetraspora gilmorei | 4419_860D	1467		assigned	VTX00041	100.0	1.0		VTX00041	100.0	Scutellospora gilmorei	Diversisporales	1.02
PX215068.1	Cetraspora gilmorei	Cetraspora gilmorei | 4436_787A	1467		assigned	VTX00041	99.81	1.0		VTX00041	99.81	Scutellospora gilmorei	Diversisporales	0.63
PX215069.1	Cetraspora gilmorei	Cetraspora gilmorei | 4414_1105C	1467		assigned	VTX00041	99.81	1.0		VTX00041	99.81	Scutellospora gilmorei	Diversisporales	0.63
PX215070.1	Cetraspora gilmorei	Cetraspora gilmorei | 4385	1467		assigned	VTX00041	99.81	1.0		VTX00041	99.81	Scutellospora gilmorei	Diversisporales	0.63
PX215071.1	Cetraspora gilmorei	Cetraspora gilmorei | 4398_831C	1467		assigned	VTX00041	99.81	1.0		VTX00041	99.81	Scutellospora gilmorei	Diversisporales	0.63
PX215072.1	Cetraspora gilmorei	Cetraspora gilmorei | 4419_860D	1467		assigned	VTX00041	99.81	1.0		VTX00041	99.81	Scutellospora gilmorei	Diversisporales	0.63
PX215073.1	Dentiscutata heterogama	Dentiscutata heterogama | BEG_35_2003A	1468		assigned	VTX00255	99.81	1.0		VTX00255	99.81	Scutellospora heterogama	Diversisporales	1.35
PX215074.1	Dentiscutata heterogama	Dentiscutata heterogama | BEG_35_2003A	1468		assigned	VTX00255	100.0	1.0		VTX00255	100.0	Scutellospora heterogama	Diversisporales	1.35
PX215075.1	Dentiscutata heterogama	Dentiscutata heterogama | CL157_2013B	1468		assigned	VTX00255	99.61	1.0		VTX00255	99.61	Scutellospora heterogama T	Diversisporales	1.35
PX215076.1	Dentiscutata heterogama	Dentiscutata heterogama | CL157_2013B	1468		assigned	VTX00255	100.0	1.0		VTX00255	100.0	Scutellospora heterogama	Diversisporales	1.35
PX215077.1	Dentiscutata heterogama	Dentiscutata heterogama | BEG_35_2003A	1468		assigned	VTX00255	99.61	1.0		VTX00255	99.61	Scutellospora sp.	Diversisporales	1.15
PX215078.1	Dentiscutata heterogama	Dentiscutata heterogama | CL157_2013B	1468		assigned	VTX00255	99.81	1.0		VTX00255	99.81	Scutellospora heterogama	Diversisporales	1.35
PX215079.1	Gigaspora rosea	Gigaspora rosea | BEG9_770A	1470		assigned	VTX00039	99.61	1.0		VTX00039	99.61	Gigaspora margarita	Diversisporales	0.96
PX215080.1	Gigaspora rosea	Gigaspora rosea | 194757_703A	1470		assigned	VTX00039	99.61	1.0		VTX00039	99.61	Gigaspora margarita	Diversisporales	0.96
PX215081.1	Gigaspora rosea	Gigaspora rosea | 4511_973A	1470		assigned	VTX00039	99.61	1.0		VTX00039	99.61	Gigaspora margarita	Diversisporales	0.96
PX215082.1	Gigaspora rosea	Gigaspora rosea | CW0011_4010A	1470		assigned	VTX00039	99.61	1.0		VTX00039	99.61	Gigaspora margarita	Diversisporales	0.96
PX215083.1	Gigaspora rosea	Gigaspora rosea | 194757_703A	1471		assigned	VTX00039	99.61	1.0		VTX00039	99.61	Gigaspora margarita	Diversisporales	1.0
PX215084.1	Gigaspora rosea	Gigaspora rosea | BEG9_770A	1470		assigned	VTX00039	99.61	1.0		VTX00039	99.61	Gigaspora margarita	Diversisporales	1.0
PX215085.1	Gigaspora rosea	Gigaspora rosea | 194757_703A	1470		assigned	VTX00039	99.42	1.0		VTX00039	99.42	Gigaspora margarita	Diversisporales	1.01
PX215086.1	Gigaspora rosea	Gigaspora rosea | CW0011_4010A	1470		assigned	VTX00039	99.81	1.0		VTX00039	99.81	Gigaspora margarita	Diversisporales	1.0
PX215087.1	Gigaspora rosea	Gigaspora rosea | 194757_703A	1470		assigned	VTX00039	99.61	1.0		VTX00039	99.61	Gigaspora margarita	Diversisporales	1.0
PX215088.1	Gigaspora rosea	Gigaspora rosea | 194757_703A	1471		assigned	VTX00039	99.42	1.002		VTX00039	99.42	Gigaspora margarita	Diversisporales	1.01
PX215089.1	Gigaspora rosea	Gigaspora rosea | CU131_1018C	1470		assigned	VTX00039	99.81	1.0		VTX00039	99.81	Gigaspora margarita	Diversisporales	1.0
PX215090.1	Gigaspora rosea	Gigaspora rosea | BEG9_770A	1470		assigned	VTX00039	99.81	1.0		VTX00039	99.81	Gigaspora margarita	Diversisporales	1.0
PX215091.1	Gigaspora rosea	Gigaspora rosea | 194757_703A	1470		assigned	VTX00039	99.81	1.0		VTX00039	99.81	Gigaspora margarita	Diversisporales	1.0
PX215092.1	Gigaspora rosea	Gigaspora rosea | 4511_973A	1470		assigned	VTX00039	99.81	1.0		VTX00039	99.81	Gigaspora margarita	Diversisporales	1.0
PX215093.1	Gigaspora rosea	Gigaspora rosea | 194757_703A	1470		assigned	VTX00039	99.81	1.0		VTX00039	99.81	Gigaspora margarita	Diversisporales	1.0
PX215094.1	Gigaspora rosea	Gigaspora rosea | 4511_973A	1470		assigned	VTX00039	99.81	1.0		VTX00039	99.81	Gigaspora margarita	Diversisporales	1.0
PX215095.1	Gigaspora rosea	Gigaspora rosea | CW0011_4010A	1470		assigned	VTX00039	99.81	1.0		VTX00039	99.81	Gigaspora margarita	Diversisporales	1.0
PX215096.1	Gigaspora rosea	Gigaspora rosea | woodslee_203A	1470		assigned	VTX00039	99.61	1.0		VTX00039	99.61	Gigaspora gigantea	Diversisporales	0.8
PX215097.1	Gigaspora rosea	Gigaspora rosea | woodslee_203A	1471		assigned	VTX00039	99.81	1.002		VTX00039	99.81	Gigaspora gigantea	Diversisporales	0.8
PX215098.1	Gigaspora rosea	Gigaspora rosea | woodslee_203A	1470		assigned	VTX00039	99.42	1.0		VTX00039	99.42	Gigaspora gigantea	Diversisporales	0.77
PX215099.1	Gigaspora rosea	Gigaspora rosea | woodslee_203A	1469		assigned	VTX00039	99.81	1.0		VTX00039	99.81	Gigaspora gigantea	Diversisporales	0.8
PX215100.1	Gigaspora rosea	Gigaspora rosea | woodslee_203A	1470		assigned	VTX00039	100.0	1.0		VTX00039	100.0	Gigaspora gigantea	Diversisporales	0.79
PX215101.1	Gigaspora rosea	Gigaspora rosea | 4752_496A	1470		assigned	VTX00039	99.61	1.0		VTX00039	99.61	Gigaspora gigantea	Diversisporales	0.8
PX215102.1	Gigaspora rosea	Gigaspora rosea | 4752_496A	1470		assigned	VTX00039	100.0	1.0		VTX00039	100.0	Gigaspora gigantea	Diversisporales	0.79
PX215103.1	Gigaspora rosea	Gigaspora rosea | CU131_1018C	1470		assigned	VTX00039	100.0	1.0		VTX00039	100.0	Gigaspora margarita	Diversisporales	0.99
PX215104.1	Gigaspora rosea	Gigaspora rosea | 4752_496A	1470		assigned	VTX00039	99.81	1.0		VTX00039	99.81	Gigaspora gigantea	Diversisporales	0.8
PX215105.1	Gigaspora rosea	Gigaspora rosea | 4752_496A	1470		assigned	VTX00039	99.61	1.0		VTX00039	99.61	Gigaspora gigantea	Diversisporales	0.61
PX215106.1	Gigaspora rosea	Gigaspora rosea | BEG9_770A	1470		assigned	VTX00039	100.0	1.0		VTX00039	100.0	Gigaspora margarita	Diversisporales	0.99
PX215107.1	Gigaspora rosea	Gigaspora rosea | 4511_973A	1470		assigned	VTX00039	100.0	1.0		VTX00039	100.0	Gigaspora margarita	Diversisporales	0.99
PX215108.1	Gigaspora rosea	Gigaspora rosea | woodslee_203A	1470		assigned	VTX00039	99.81	1.0		VTX00039	99.81	Gigaspora gigantea	Diversisporales	0.8
PX215109.1	Gigaspora rosea	Gigaspora rosea | BEG9_770A	1470		assigned	VTX00039	99.42	1.0		VTX00039	99.42	Gigaspora margarita	Diversisporales	1.01
PX215110.1	Gigaspora rosea	Gigaspora rosea | 194757_703A	1470		assigned	VTX00039	99.42	1.0		VTX00039	99.42	Gigaspora margarita	Diversisporales	1.01
PX215111.1	Gigaspora rosea	Gigaspora rosea | 194757_703A	1470		assigned	VTX00039	99.42	1.0		VTX00039	99.42	Gigaspora margarita	Diversisporales	1.01
PX215112.1	Gigaspora rosea	Gigaspora rosea | 4511_973A	1470		assigned	VTX00039	99.42	1.0		VTX00039	99.42	Gigaspora margarita	Diversisporales	1.01
PX215113.1	Gigaspora rosea	Gigaspora rosea | CW0011_4010A	1470		assigned	VTX00039	99.61	1.0		VTX00039	99.61	Gigaspora margarita	Diversisporales	1.0
PX215114.1	Gigaspora rosea	Gigaspora rosea | CW0011_4010A	1470		assigned	VTX00039	99.81	1.0		VTX00039	99.81	Gigaspora margarita	Diversisporales	1.0
PX215115.1	Gigaspora rosea	Gigaspora rosea | 4752_496A	1470		assigned	VTX00039	99.61	1.0		VTX00039	99.61	Gigaspora margarita	Diversisporales	0.96
PX215116.1	Gigaspora rosea	Gigaspora rosea | 4752_496A	1470		assigned	VTX00039	99.61	1.0		VTX00039	99.61	Gigaspora margarita	Diversisporales	0.96
PX215117.1	Gigaspora rosea	Gigaspora rosea | CU131_1018C	1420	ssu_outlier	unassigned			1.01		VTX00039	94.86	Gigaspora gigantea	Diversisporales	0.37
PX215118.1	Ambispora callosa	Ambispora callosa | JA116_2012B	1476		assigned	VTX00242	100.0	1.0		VTX00242	100.0	Ambispora callosa	Archaeosporales	2.5
PX215119.1	Ambispora callosa	Ambispora callosa | MAFF520084_2504A	1476		assigned	VTX00242	100.0	1.0		VTX00242	100.0	Ambispora callosa	Archaeosporales	2.5
PX215120.1	Ambispora callosa	Ambispora callosa | MAFF520084_2504A	1476		assigned	VTX00242	100.0	1.0		VTX00242	100.0	Ambispora callosa	Archaeosporales	2.5
PX215121.1	Ambispora callosa	Ambispora callosa | MAFF520084_2504A	1476		assigned	VTX00242	100.0	1.0		VTX00242	100.0	Ambispora callosa	Archaeosporales	2.5
PX215122.1	Ambispora callosa	Ambispora callosa | JA116_2012B	1476		assigned	VTX00242	100.0	1.0		VTX00242	100.0	Ambispora callosa	Archaeosporales	2.5
PX215123.1	Ambispora callosa	Ambispora callosa | MAFF520084_2504A	1476		assigned	VTX00242	100.0	1.0		VTX00242	100.0	Ambispora callosa	Archaeosporales	2.5
PX215124.1	Ambispora callosa	Ambispora callosa | MAFF520057_2499A	1476		assigned	VTX00242	100.0	1.0		VTX00242	100.0	Ambispora callosa	Archaeosporales	2.5
PX215125.1	Ambispora callosa	Ambispora callosa | MAFF520084_2504A	1476		assigned	VTX00242	100.0	1.0		VTX00242	100.0	Ambispora callosa	Archaeosporales	2.5
PX215126.1	Ambispora callosa	Ambispora callosa | JA116_2012B	1476		assigned	VTX00242	100.0	1.0		VTX00242	100.0	Ambispora callosa	Archaeosporales	2.5
PX215127.1	Ambispora callosa	Ambispora callosa | MAFF520084_2504A	1476		assigned	VTX00242	99.62	1.002		VTX00242	99.62	Ambispora callosa	Archaeosporales	2.5
PX215128.1	Ambispora callosa	Ambispora callosa | MAFF520084_2504A	1476		assigned	VTX00242	99.62	1.002		VTX00242	99.62	Ambispora callosa	Archaeosporales	2.5
PX215129.1	Ambispora callosa	Ambispora callosa | MAFF520084_2504A	1476		assigned	VTX00242	100.0	1.0		VTX00242	100.0	Ambispora callosa	Archaeosporales	2.5
PX215130.1	Ambispora callosa	Ambispora callosa | JA116_2012B	1476		assigned	VTX00242	100.0	1.0		VTX00242	100.0	Ambispora callosa	Archaeosporales	2.5
PX215131.1	Ambispora callosa	Ambispora callosa | MAFF520084_2504A	1476		assigned	VTX00242	100.0	1.0		VTX00242	100.0	Ambispora callosa	Archaeosporales	2.5
PX215132.1	Ambispora callosa	Ambispora callosa | JA116_2012B	1475		assigned	VTX00242	99.61	1.0		VTX00242	99.61	Ambispora callosa	Archaeosporales	2.5
PX215133.1	Ambispora callosa	Ambispora callosa | MAFF520057_2499A	1475		assigned	VTX00242	99.42	1.0		VTX00242	99.42	Ambispora callosa	Archaeosporales	2.5
PX215134.1	Ambispora callosa	Ambispora callosa | MAFF520057_2499A	1475		assigned	VTX00242	99.61	1.0		VTX00242	99.61	Ambispora callosa	Archaeosporales	2.5
PX215135.1	Ambispora callosa	Ambispora callosa | MAFF520057_2499A	1476		assigned	VTX00242	100.0	1.0		VTX00242	100.0	Ambispora callosa	Archaeosporales	2.5
PX215136.1	Ambispora callosa	Ambispora callosa | JA116_2012B	1476		assigned	VTX00242	99.81	1.0		VTX00242	99.81	Ambispora sp.	Archaeosporales	2.89
PX215137.1	Ambispora callosa	Ambispora callosa | JA116_2012B	1475		assigned	VTX00242	99.42	1.0		VTX00242	99.42	Ambispora sp.	Archaeosporales	2.89
PX215138.1	Ambispora leptoticha	Ambispora leptoticha | MAFF520090_2501A	1475		assigned	VTX00242	99.81	1.0		VTX00242	99.81	Ambispora leptoticha T	Archaeosporales	2.69
PX215139.1	Ambispora leptoticha	Ambispora leptoticha | ON205A	1475		assigned	VTX00242	99.81	1.0		VTX00242	99.81	Ambispora leptoticha T	Archaeosporales	2.69
PX215140.1	Ambispora leptoticha	Ambispora leptoticha | ON205A	1475		assigned	VTX00242	99.81	1.0		VTX00242	99.81	Ambispora leptoticha T	Archaeosporales	2.69
PX215141.1	Ambispora leptoticha	Ambispora leptoticha | ON205A	1475		assigned	VTX00242	99.81	1.0		VTX00242	99.81	Ambispora leptoticha T	Archaeosporales	2.69
PX215142.1	Paraglomus brasilianum	Paraglomus brasilianum | W960_3_902A	1474		assigned	VTX00239	100.0	1.0		VTX00239	100.0	Paraglomus sp.	Paraglomerales	1.34
PX215143.1	Paraglomus brasilianum	Paraglomus brasilianum | W960_3_902C	1474		assigned	VTX00239	100.0	1.0		VTX00239	100.0	Paraglomus sp.	Paraglomerales	1.34
PX215144.1	Paraglomus brasilianum	Paraglomus brasilianum | W260_5_933C	1474		assigned	VTX00239	100.0	1.0		VTX00239	100.0	Paraglomus sp.	Paraglomerales	1.34
PX215145.1	Paraglomus brasilianum	Paraglomus brasilianum | BR105_2435A	1474		assigned	VTX00239	100.0	1.0		VTX00239	100.0	Paraglomus sp.	Paraglomerales	1.34
PX215146.1	Paraglomus brasilianum	Paraglomus brasilianum | W260_5_933C	1474		assigned	VTX00239	100.0	1.0		VTX00239	100.0	Paraglomus sp.	Paraglomerales	1.34
PX215147.1	Paraglomus brasilianum	Paraglomus brasilianum | BR105_2435A	1474		assigned	VTX00239	100.0	1.0		VTX00239	100.0	Paraglomus sp.	Paraglomerales	1.34
PX215148.1	Paraglomus brasilianum	Paraglomus brasilianum | W260_5_933C	1474		assigned	VTX00239	100.0	1.0		VTX00239	100.0	Paraglomus sp.	Paraglomerales	1.34
PX215149.1	Paraglomus brasilianum	Paraglomus brasilianum | 5274_2288B	1474		assigned	VTX00239	100.0	1.0		VTX00239	100.0	Paraglomus sp.	Paraglomerales	1.34
PX215150.1	Paraglomus sp.	Paraglomus sp. | 5088_2360A	1474		assigned	VTX00239	99.23	1.0		VTX00239	99.23	Paraglomus sp.	Paraglomerales	0.81
PX215151.1	Paraglomus sp.	Paraglomus sp. | 4423_1159D	1474		assigned	VTX00239	99.23	1.0		VTX00239	99.23	Paraglomus sp.	Paraglomerales	0.81
PX215152.1	Paraglomus sp.	Paraglomus sp. | 4423_1159D	1474		assigned	VTX00239	99.23	1.0		VTX00239	99.23	Paraglomus sp.	Paraglomerales	0.81
PX215153.1	Paraglomus sp.	Paraglomus sp. | 5088_2360A	1474		assigned	VTX00239	99.42	1.0		VTX00239	99.42	Paraglomus sp.	Paraglomerales	0.96
PX215154.1	Paraglomus sp.	Paraglomus sp. | 4423_1159D	1474		assigned	VTX00239	99.42	1.0		VTX00239	99.42	Paraglomus sp.	Paraglomerales	0.96
PX215155.1	Paraglomus sp.	Paraglomus sp. | 4423_1159D	1474		assigned	VTX00239	99.23	1.0		VTX00239	99.23	Paraglomus sp.	Paraglomerales	0.81
PX215156.1	Paraglomus sp.	Paraglomus sp. | 4423_1159D	1474		assigned	VTX00239	99.23	1.0		VTX00239	99.23	Paraglomus sp.	Paraglomerales	0.81
PX215157.1	Paraglomus sp.	Paraglomus sp. | 5088_2360A	1474		assigned	VTX00239	99.42	1.0		VTX00239	99.42	Paraglomus sp.	Paraglomerales	0.96
PX215158.1	Paraglomus sp.	Paraglomus sp. | 4423_1159D	1474		assigned	VTX00239	99.42	1.0		VTX00239	99.42	Paraglomus sp.	Paraglomerales	0.96
PX215159.1	Paraglomus sp.	Paraglomus sp. | 4423_1159D	1474		assigned	VTX00239	99.42	1.0		VTX00239	99.42	Paraglomus sp.	Paraglomerales	0.96
PX215160.1	Paraglomus sp.	Paraglomus sp. | 4423_1159D	1474		assigned	VTX00239	99.23	1.0		VTX00239	99.23	Paraglomus sp.	Paraglomerales	0.81
PX215161.1	Paraglomus sp.	Paraglomus sp. | 4423_1159D	1474		assigned	VTX00239	99.23	1.0		VTX00239	99.23	Paraglomus sp.	Paraglomerales	0.81
PX215162.1	Paraglomus brasilianum	Paraglomus brasilianum | BR105_2435A	1472		assigned	VTX00281	99.81	1.0		VTX00281	99.81	Paraglomus Alguacil14b Para2	Paraglomerales	0.96
PX215163.1	Paraglomus brasilianum	Paraglomus brasilianum | BR105_2435A	1472		assigned	VTX00281	99.81	1.0		VTX00281	99.81	Paraglomus Alguacil14b Para2	Paraglomerales	0.96
PX215164.1	Paraglomus brasilianum	Paraglomus brasilianum | BR105_2435A	1472		assigned	VTX00281	99.81	1.0		VTX00281	99.81	Paraglomus Alguacil14b Para2	Paraglomerales	0.96
