accession	culture	organism	copy_class	div_kind	stage1_call	stage1_vt	anchor_pident	vt_set	set_size	culture_set	top_vts
PX207096.1	Paraglomus laccatum | CW0010_4009B	Paraglomus laccatum	main		assigned	VTX00281	99.808	VTX00281	1	VTX00281	VTX00281:100.00,VTX00239:98.65,VTX00375:98.27,VTX00238:98.08,VTX00435:96.96
PX207097.1	Paraglomus laccatum | CW0010_4009B	Paraglomus laccatum	main		assigned	VTX00281	99.808	VTX00281	1	VTX00281	VTX00281:100.00,VTX00239:98.65,VTX00375:98.27,VTX00238:98.08,VTX00435:96.96
PX207098.1	Paraglomus laccatum | CW0010_4009B	Paraglomus laccatum	main		assigned	VTX00281	99.808	VTX00281	1	VTX00281	VTX00281:100.00,VTX00239:98.65,VTX00375:98.27,VTX00238:98.08,VTX00435:96.96
PX207099.1	Paraglomus laccatum | CW0010_4009B	Paraglomus laccatum	main		assigned	VTX00281	99.808	VTX00281	1	VTX00281	VTX00281:100.00,VTX00239:98.65,VTX00375:98.27,VTX00238:98.08,VTX00435:96.96
PX207100.1	Paraglomus laccatum | CW0010_4009B	Paraglomus laccatum	main		assigned	VTX00281	99.808	VTX00281	1	VTX00281	VTX00281:100.00,VTX00239:98.65,VTX00375:98.27,VTX00238:98.08,VTX00435:96.96
PX207101.1	Ambispora leptoticha | ON205A	Ambispora leptoticha	main		assigned	VTX00242	99.808	VTX00242	1	VTX00242	VTX00242:99.81,VTX00283:97.11,VTX00241:94.23,VTX00405:94.05,VTX00004:93.49
PX207102.1	Ambispora leptoticha | ON205A	Ambispora leptoticha	main		assigned	VTX00242	99.423	VTX00242	1	VTX00242	VTX00242:99.79,VTX00283:97.11,VTX00241:94.23,VTX00405:93.86,VTX00004:93.49
PX207103.1	Ambispora leptoticha | ON205A	Ambispora leptoticha	main		assigned	VTX00242	99.808	VTX00242	1	VTX00242	VTX00242:99.81,VTX00283:97.11,VTX00241:94.23,VTX00405:94.05,VTX00004:93.49
PX207104.1	Ambispora leptoticha | ON205A	Ambispora leptoticha	main		assigned	VTX00242	99.038	VTX00242	1	VTX00242	VTX00242:99.58,VTX00283:96.92,VTX00241:94.04,VTX00405:93.67,VTX00004:93.30
PX207105.1	Ambispora leptoticha | ON205A	Ambispora leptoticha	main		assigned	VTX00242	99.615	VTX00242	1	VTX00242	VTX00242:99.61,VTX00283:96.92,VTX00241:94.04,VTX00405:93.86,VTX00004:93.30
PX207106.1	Ambispora leptoticha | ON205A	Ambispora leptoticha	main		assigned	VTX00242	99.038	VTX00242	1	VTX00242	VTX00242:99.58,VTX00283:96.92,VTX00241:94.04,VTX00405:93.67,VTX00004:93.30
PX207107.1	Diversispora spurca | CW0006_4005B	Diversispora spurca	main		assigned	VTX00263	99.808	VTX00054,VTX00061,VTX00263	3	VTX00054,VTX00061,VTX00263	VTX00263:99.81,VTX00061:99.61,VTX00054:99.42,VTX00060:99.04,VTX00347:98.85
PX207108.1	Diversispora spurca | CW0006_4005B	Diversispora spurca	main		assigned	VTX00263	99.808	VTX00054,VTX00061,VTX00263	3	VTX00054,VTX00061,VTX00263	VTX00263:99.81,VTX00061:99.61,VTX00054:99.42,VTX00060:99.04,VTX00347:98.85
PX207109.1	Diversispora spurca | CW0006_4005B	Diversispora spurca	main		assigned	VTX00263	99.808	VTX00054,VTX00061,VTX00263	3	VTX00054,VTX00061,VTX00263	VTX00263:99.81,VTX00061:99.61,VTX00054:99.42,VTX00060:99.04,VTX00347:98.85
PX207110.1	Diversispora spurca | CW0006_4005B	Diversispora spurca	main		assigned	VTX00263	99.808	VTX00054,VTX00061,VTX00263	3	VTX00054,VTX00061,VTX00263	VTX00263:99.81,VTX00061:99.61,VTX00054:99.42,VTX00060:99.04,VTX00347:98.85
PX207111.1	Diversispora spurca | CW0006_4005B	Diversispora spurca	main		assigned	VTX00263	99.808	VTX00054,VTX00061,VTX00263	3	VTX00054,VTX00061,VTX00263	VTX00263:99.81,VTX00061:99.61,VTX00054:99.42,VTX00060:99.04,VTX00347:98.85
PX207112.1	Diversispora spurca | CW0006_4005B	Diversispora spurca	main		assigned	VTX00263	99.808	VTX00054,VTX00061,VTX00263	3	VTX00054,VTX00061,VTX00263	VTX00263:99.81,VTX00061:99.61,VTX00054:99.42,VTX00060:99.04,VTX00347:98.85
PX207113.1	Diversispora spurca | CW0006_4005B	Diversispora spurca	main		assigned	VTX00263	99.808	VTX00054,VTX00061,VTX00263	3	VTX00054,VTX00061,VTX00263	VTX00263:99.81,VTX00061:99.61,VTX00054:99.42,VTX00060:99.04,VTX00347:98.85
PX207114.1	Diversispora spurca | CW0006_4005B	Diversispora spurca	main		assigned	VTX00263	99.808	VTX00054,VTX00061,VTX00263	3	VTX00054,VTX00061,VTX00263	VTX00263:99.81,VTX00061:99.61,VTX00054:99.42,VTX00060:99.04,VTX00347:98.85
PX207115.1	Diversispora spurca | CW0006_4005B	Diversispora spurca	main		assigned	VTX00263	99.808	VTX00054,VTX00061,VTX00263	3	VTX00054,VTX00061,VTX00263	VTX00263:99.81,VTX00061:99.61,VTX00054:99.42,VTX00060:99.04,VTX00347:98.85
PX207116.1	Diversispora spurca | CW0006_4005B	Diversispora spurca	main		assigned	VTX00263	99.808	VTX00054,VTX00061,VTX00263	3	VTX00054,VTX00061,VTX00263	VTX00263:99.81,VTX00061:99.61,VTX00054:99.42,VTX00060:99.04,VTX00347:98.85
PX207117.1	Diversispora spurca | CW0006_4005B	Diversispora spurca	main		assigned	VTX00263	99.808	VTX00054,VTX00061,VTX00263	3	VTX00054,VTX00061,VTX00263	VTX00263:99.81,VTX00061:99.61,VTX00054:99.42,VTX00060:99.04,VTX00347:98.85
PX207118.1	Cetraspora gilmorei | CW0008_2669B	Cetraspora gilmorei	main		assigned	VTX00041	100.0	VTX00041	1	VTX00041	VTX00041:100.00,VTX00039:99.04,VTX00254:98.65,VTX00255:98.27,VTX00260:98.08
PX207119.1	Cetraspora gilmorei | CW0008_2669B	Cetraspora gilmorei	main		assigned	VTX00041	100.0	VTX00041	1	VTX00041	VTX00041:100.00,VTX00039:98.98,VTX00254:98.85,VTX00255:98.46,VTX00260:98.27
PX207120.1	Cetraspora gilmorei | CW0008_2669B	Cetraspora gilmorei	main		assigned	VTX00041	99.808	VTX00041	1	VTX00041	VTX00041:99.81,VTX00039:98.98,VTX00254:98.65,VTX00255:98.27,VTX00260:98.08
PX207121.1	Cetraspora gilmorei | CW0008_2669B	Cetraspora gilmorei	main		assigned	VTX00041	99.808	VTX00041	1	VTX00041	VTX00041:99.81,VTX00039:98.98,VTX00254:98.65,VTX00255:98.27,VTX00260:98.08
PX207122.1	Cetraspora gilmorei | CW0008_2669B	Cetraspora gilmorei	main		assigned	VTX00041	99.808	VTX00041	1	VTX00041	VTX00041:99.81,VTX00039:98.98,VTX00254:98.66,VTX00255:98.27,VTX00260:98.08
PX207123.1	Cetraspora gilmorei | CW0008_2669B	Cetraspora gilmorei	main		assigned	VTX00041	100.0	VTX00041	1	VTX00041	VTX00041:100.00,VTX00039:98.98,VTX00254:98.85,VTX00255:98.46,VTX00260:98.27
PX207124.1	Cetraspora gilmorei | CW0008_2669B	Cetraspora gilmorei	main		assigned	VTX00041	100.0	VTX00041	1	VTX00041	VTX00041:100.00,VTX00039:98.98,VTX00254:98.85,VTX00255:98.46,VTX00260:98.27
PX207125.1	Cetraspora gilmorei | CW0008_2669B	Cetraspora gilmorei	main		assigned	VTX00041	100.0	VTX00041	1	VTX00041	VTX00041:100.00,VTX00039:98.98,VTX00254:98.85,VTX00255:98.46,VTX00260:98.27
PX207126.1	Cetraspora gilmorei | CW0008_2669B	Cetraspora gilmorei	main		assigned	VTX00041	100.0	VTX00041	1	VTX00041	VTX00041:100.00,VTX00039:98.98,VTX00254:98.85,VTX00255:98.46,VTX00260:98.27
PX207127.1	Cetraspora gilmorei | CW0008_2669B	Cetraspora gilmorei	main		assigned	VTX00041	100.0	VTX00041	1	VTX00041	VTX00041:100.00,VTX00039:98.98,VTX00254:98.85,VTX00255:98.46,VTX00260:98.27
PX207128.1	Gigaspora rosea | 4292_708F	Gigaspora rosea	main		assigned	VTX00039	99.615	VTX00039	1	VTX00039	VTX00039:99.61,VTX00041:98.81,VTX00255:98.08,VTX00052:98.08,VTX00049:98.08
PX207129.1	Gigaspora rosea | 4292_708F	Gigaspora rosea	main		assigned	VTX00039	99.615	VTX00039	1	VTX00039	VTX00039:99.61,VTX00041:98.81,VTX00255:98.08,VTX00052:98.08,VTX00049:98.08
PX207130.1	Gigaspora rosea | 4292_708F	Gigaspora rosea	main		assigned	VTX00039	99.423	VTX00039	1	VTX00039	VTX00039:99.42,VTX00255:98.46,VTX00041:98.41,VTX00052:98.08,VTX00049:97.69
PX207131.1	Gigaspora rosea | 4292_708F	Gigaspora rosea	main		assigned	VTX00039	99.423	VTX00039	1	VTX00039	VTX00039:99.42,VTX00255:98.46,VTX00041:98.41,VTX00052:98.08,VTX00049:97.69
PX207132.1	Gigaspora rosea | 4292_708F	Gigaspora rosea	main		assigned	VTX00039	99.234	VTX00039	1	VTX00039	VTX00039:99.23,VTX00041:98.42,VTX00255:98.28,VTX00052:98.16,VTX00049:98.08
PX207133.1	Gigaspora rosea | 4292_708F	Gigaspora rosea	main		assigned	VTX00039	99.234	VTX00039	1	VTX00039	VTX00039:99.23,VTX00041:98.42,VTX00255:98.28,VTX00052:98.16,VTX00049:98.08
PX207134.1	Gigaspora rosea | 4292_708F	Gigaspora rosea	main		assigned	VTX00039	99.616	VTX00039	1	VTX00039	VTX00039:99.62,VTX00041:98.81,VTX00255:98.46,VTX00052:98.27,VTX00049:98.08
PX207135.1	Gigaspora rosea | CU131_1018E	Gigaspora rosea	main		assigned	VTX00039	100.0	VTX00039	1	VTX00039	VTX00039:100.00,VTX00041:99.01,VTX00255:98.65,VTX00052:98.27,VTX00260:98.08
PX207136.1	Gigaspora rosea | 4292_708F	Gigaspora rosea	main		assigned	VTX00039	99.615	VTX00039	1	VTX00039	VTX00039:99.61,VTX00041:98.81,VTX00255:98.08,VTX00052:98.08,VTX00049:98.08
PX207137.1	Gigaspora rosea | 4292_708F	Gigaspora rosea	main		assigned	VTX00039	99.615	VTX00039	1	VTX00039	VTX00039:99.61,VTX00041:98.81,VTX00255:98.08,VTX00052:98.08,VTX00049:98.08
PX207138.1	Gigaspora rosea | 4292_708F	Gigaspora rosea	divergent	same_length	assigned	VTX00039	100.0	VTX00039	1	VTX00039	VTX00039:100.00,VTX00041:99.21,VTX00255:98.46,VTX00052:98.46,VTX00260:98.27
PX207139.1	Gigaspora rosea | 4292_708F	Gigaspora rosea	divergent	same_length	assigned	VTX00039	99.615	VTX00039	1	VTX00039	VTX00039:99.61,VTX00041:98.81,VTX00260:98.27,VTX00255:98.08,VTX00052:98.08
PX207140.1	Gigaspora rosea | 4292_708F	Gigaspora rosea	divergent	same_length	assigned	VTX00039	99.615	VTX00039	1	VTX00039	VTX00039:99.61,VTX00041:98.81,VTX00260:98.27,VTX00255:98.08,VTX00052:98.08
PX207141.1	Gigaspora rosea | CU131_1018E	Gigaspora rosea	main		assigned	VTX00039	99.808	VTX00039	1	VTX00039	VTX00039:99.81,VTX00041:98.81,VTX00255:98.46,VTX00254:98.08,VTX00052:98.08
PX207142.1	Gigaspora rosea | CU131_1018E	Gigaspora rosea	main		assigned	VTX00039	99.808	VTX00039	1	VTX00039	VTX00039:99.81,VTX00041:98.81,VTX00255:98.46,VTX00052:98.08,VTX00049:98.02
PX207143.1	Gigaspora rosea | CU131_1018E	Gigaspora rosea	main		assigned	VTX00039	99.423	VTX00039	1	VTX00039	VTX00039:99.42,VTX00041:98.41,VTX00255:98.08,VTX00052:97.69,VTX00260:97.50
PX207144.1	Sclerocystis sinuosa | MT106_2767A	Sclerocystis sinuosa	main		assigned	VTX00069	100.0	VTX00069	1	VTX00069	VTX00069:100.00,VTX00412:97.69,VTX00126:97.69,VTX00399:97.31,VTX00359:97.28
PX207145.1	Sclerocystis sinuosa | MT106_2767A	Sclerocystis sinuosa	main		assigned	VTX00069	100.0	VTX00069	1	VTX00069	VTX00069:100.00,VTX00412:97.69,VTX00126:97.69,VTX00399:97.31,VTX00359:97.28
PX207146.1	Sclerocystis sinuosa | MT106_2767A	Sclerocystis sinuosa	main		assigned	VTX00069	100.0	VTX00069	1	VTX00069	VTX00069:100.00,VTX00412:97.69,VTX00126:97.69,VTX00399:97.31,VTX00359:97.28
PX207147.1	Sclerocystis sinuosa | MT106_2767A	Sclerocystis sinuosa	main		assigned	VTX00069	100.0	VTX00069	1	VTX00069	VTX00069:100.00,VTX00412:97.69,VTX00126:97.69,VTX00399:97.31,VTX00359:97.28
PX207148.1	Sclerocystis sinuosa | MT106_2767A	Sclerocystis sinuosa	main		assigned	VTX00069	100.0	VTX00069	1	VTX00069	VTX00069:100.00,VTX00412:97.69,VTX00126:97.69,VTX00399:97.31,VTX00359:97.28
PX207149.1	Sclerocystis sinuosa | MT106_2767A	Sclerocystis sinuosa	main		assigned	VTX00069	100.0	VTX00069	1	VTX00069	VTX00069:100.00,VTX00412:97.69,VTX00126:97.69,VTX00399:97.31,VTX00359:97.28
PX207150.1	Sclerocystis sinuosa | MT106_2767A	Sclerocystis sinuosa	main		assigned	VTX00069	100.0	VTX00069	1	VTX00069	VTX00069:100.00,VTX00412:97.69,VTX00126:97.69,VTX00399:97.31,VTX00359:97.28
PX207151.1	Sclerocystis sinuosa | MT106_2767A	Sclerocystis sinuosa	main		assigned	VTX00069	100.0	VTX00069	1	VTX00069	VTX00069:100.00,VTX00412:97.69,VTX00126:97.69,VTX00399:97.31,VTX00359:97.28
PX207152.1	Sclerocystis sinuosa | MT106_2767A	Sclerocystis sinuosa	main		assigned	VTX00069	100.0	VTX00069	1	VTX00069	VTX00069:100.00,VTX00412:97.69,VTX00126:97.69,VTX00399:97.31,VTX00359:97.28
PX207153.1	Sclerocystis sinuosa | MT106_2767A	Sclerocystis sinuosa	main		assigned	VTX00069	100.0	VTX00069	1	VTX00069	VTX00069:100.00,VTX00412:97.69,VTX00126:97.69,VTX00399:97.31,VTX00359:97.28
PX207154.1	Sclerocystis sinuosa | MT106_2767A	Sclerocystis sinuosa	main		assigned	VTX00069	100.0	VTX00069	1	VTX00069	VTX00069:100.00,VTX00412:97.69,VTX00126:97.69,VTX00399:97.31,VTX00359:97.28
PX207155.1	Sclerocystis sinuosa | MT106_2767A	Sclerocystis sinuosa	main		assigned	VTX00069	100.0	VTX00069	1	VTX00069	VTX00069:100.00,VTX00412:97.69,VTX00126:97.69,VTX00399:97.31,VTX00359:97.28
PX207156.1	Sclerocystis sinuosa | MT106_2767A	Sclerocystis sinuosa	main		assigned	VTX00069	100.0	VTX00069	1	VTX00069	VTX00069:100.00,VTX00412:97.69,VTX00126:97.69,VTX00399:97.31,VTX00359:97.28
PX207157.1	Sclerocystis sinuosa | MT106_2767A	Sclerocystis sinuosa	main		assigned	VTX00069	100.0	VTX00069	1	VTX00069	VTX00069:100.00,VTX00412:97.69,VTX00126:97.69,VTX00399:97.31,VTX00359:97.28
PX207158.1	Sclerocystis sinuosa | MT106_2767A	Sclerocystis sinuosa	main		assigned	VTX00069	100.0	VTX00069	1	VTX00069	VTX00069:100.00,VTX00412:97.69,VTX00126:97.69,VTX00399:97.31,VTX00359:97.28
PX207159.1	Sclerocystis sinuosa | MT106_2767A	Sclerocystis sinuosa	main		assigned	VTX00069	100.0	VTX00069	1	VTX00069	VTX00069:100.00,VTX00412:97.69,VTX00126:97.69,VTX00399:97.31,VTX00359:97.28
PX207160.1	Sclerocystis sinuosa | MT106_2767A	Sclerocystis sinuosa	main		assigned	VTX00069	100.0	VTX00069	1	VTX00069	VTX00069:100.00,VTX00412:97.69,VTX00126:97.69,VTX00399:97.31,VTX00359:97.28
PX207161.1	Sclerocystis sinuosa | MT106_2767A	Sclerocystis sinuosa	main		assigned	VTX00069	100.0	VTX00069	1	VTX00069	VTX00069:100.00,VTX00412:97.69,VTX00126:97.69,VTX00399:97.31,VTX00359:97.28
PX207162.1	Rhizophagus irregularis | GC-2_IVT11	Rhizophagus irregularis	divergent	short_5.8S	assigned	VTX00114	100.0	VTX00113+VTX00115,VTX00114	2	VTX00113+VTX00115,VTX00114	VTX00114:100.00,VTX00113:99.42,VTX00295:99.04,VTX00115:99.04,VTX00387:99.02
PX207163.1	Rhizophagus irregularis | GC-2_IVT11	Rhizophagus irregularis	divergent	short_5.8S	assigned	VTX00114	100.0	VTX00113+VTX00115,VTX00114	2	VTX00113+VTX00115,VTX00114	VTX00114:100.00,VTX00113:99.42,VTX00295:99.04,VTX00115:99.04,VTX00387:99.02
PX207164.1	Rhizophagus irregularis | DAOMC 197198	Rhizophagus irregularis	divergent	short_5.8S	assigned	VTX00114	100.0	VTX00113+VTX00115,VTX00114	2	VTX00113+VTX00115,VTX00114	VTX00114:100.00,VTX00113:99.42,VTX00295:99.04,VTX00115:99.04,VTX00387:99.02
PX207165.1	Rhizophagus irregularis | DAOMC 197198	Rhizophagus irregularis	divergent	short_5.8S	assigned	VTX00114	100.0	VTX00113+VTX00115,VTX00114	2	VTX00113+VTX00115,VTX00114	VTX00114:100.00,VTX00113:99.42,VTX00295:99.04,VTX00115:99.04,VTX00387:99.02
PX207166.1	Rhizophagus irregularis | GC-2_IVT11	Rhizophagus irregularis	main		assigned	VTX00114	100.0	VTX00113+VTX00115,VTX00114	2	VTX00113+VTX00115,VTX00114	VTX00114:100.00,VTX00113:99.42,VTX00295:99.04,VTX00115:99.04,VTX00387:99.02
PX207167.1	Rhizophagus irregularis | GC-2_IVT11	Rhizophagus irregularis	main		assigned	VTX00114	100.0	VTX00113+VTX00115,VTX00114	2	VTX00113+VTX00115,VTX00114	VTX00114:100.00,VTX00113:99.42,VTX00295:99.04,VTX00115:99.04,VTX00387:99.02
PX207168.1	Rhizophagus irregularis | DAOMC 197198	Rhizophagus irregularis	main		assigned	VTX00114	100.0	VTX00113+VTX00115,VTX00114	2	VTX00113+VTX00115,VTX00114	VTX00114:100.00,VTX00113:99.42,VTX00295:99.04,VTX00115:99.04,VTX00387:99.02
PX207169.1	Rhizophagus irregularis | DAOMC 197198	Rhizophagus irregularis	main		assigned	VTX00114	100.0	VTX00113+VTX00115,VTX00114	2	VTX00113+VTX00115,VTX00114	VTX00114:100.00,VTX00113:99.42,VTX00295:99.04,VTX00115:99.04,VTX00387:99.02
PX207170.1	Rhizophagus irregularis | DAOMC 197198	Rhizophagus irregularis	main		assigned	VTX00114	100.0	VTX00113+VTX00115,VTX00114	2	VTX00113+VTX00115,VTX00114	VTX00114:100.00,VTX00113:99.42,VTX00295:99.04,VTX00115:99.04,VTX00387:99.02
PX207171.1	Rhizophagus irregularis | GC-2_IVT11	Rhizophagus irregularis	main		assigned	VTX00114	100.0	VTX00113+VTX00115,VTX00114	2	VTX00113+VTX00115,VTX00114	VTX00114:100.00,VTX00113:99.42,VTX00295:99.04,VTX00115:99.04,VTX00387:99.02
PX207172.1	Rhizophagus irregularis | GC-2_IVT11	Rhizophagus irregularis	main		assigned	VTX00114	100.0	VTX00113+VTX00115,VTX00114	2	VTX00113+VTX00115,VTX00114	VTX00114:100.00,VTX00113:99.42,VTX00295:99.04,VTX00115:99.04,VTX00387:99.02
PX207173.1	Rhizophagus irregularis | DAOMC 197198	Rhizophagus irregularis	main		assigned	VTX00114	99.615	VTX00113+VTX00115,VTX00114	2	VTX00113+VTX00115,VTX00114	VTX00114:99.80,VTX00113:99.21,VTX00115:98.82,VTX00294:98.72,VTX00295:98.65
PX207174.1	Rhizophagus irregularis | DAOMC 197198	Rhizophagus irregularis	main		assigned	VTX00114	100.0	VTX00113+VTX00115,VTX00114	2	VTX00113+VTX00115,VTX00114	VTX00114:100.00,VTX00113:99.42,VTX00295:99.04,VTX00115:99.04,VTX00387:99.02
PX207175.1	Rhizophagus irregularis | DAOMC 197198	Rhizophagus irregularis	main		assigned	VTX00114	100.0	VTX00113+VTX00115,VTX00114	2	VTX00113+VTX00115,VTX00114	VTX00114:100.00,VTX00113:99.42,VTX00295:99.04,VTX00115:99.04,VTX00387:99.02
PX207176.1	Rhizophagus irregularis | DAOMC 197198	Rhizophagus irregularis	main		assigned	VTX00114	100.0	VTX00113+VTX00115,VTX00114	2	VTX00113+VTX00115,VTX00114	VTX00114:100.00,VTX00113:99.42,VTX00295:99.04,VTX00115:99.04,VTX00387:99.02
PX207177.1	Rhizophagus irregularis | DAOMC 197198	Rhizophagus irregularis	main		assigned	VTX00114	100.0	VTX00113+VTX00115,VTX00114	2	VTX00113+VTX00115,VTX00114	VTX00114:100.00,VTX00113:99.42,VTX00295:99.04,VTX00115:99.04,VTX00387:99.02
PX207178.1	Rhizophagus irregularis | DAOMC 197198	Rhizophagus irregularis	main		assigned	VTX00114	100.0	VTX00113+VTX00115,VTX00114	2	VTX00113+VTX00115,VTX00114	VTX00114:100.00,VTX00113:99.42,VTX00295:99.04,VTX00115:99.04,VTX00387:99.02
PX207179.1	Rhizophagus irregularis | DAOMC 197198	Rhizophagus irregularis	main		assigned	VTX00114	100.0	VTX00113+VTX00115,VTX00114	2	VTX00113+VTX00115,VTX00114	VTX00114:100.00,VTX00113:99.42,VTX00295:99.04,VTX00115:99.04,VTX00387:99.02
PX207180.1	Rhizophagus irregularis | DAOMC 197198	Rhizophagus irregularis	main		assigned	VTX00114	100.0	VTX00113+VTX00115,VTX00114	2	VTX00113+VTX00115,VTX00114	VTX00114:100.00,VTX00113:99.42,VTX00295:99.04,VTX00115:99.04,VTX00387:99.02
PX207181.1	Rhizophagus irregularis | DAOMC 197198	Rhizophagus irregularis	main		assigned	VTX00114	100.0	VTX00113+VTX00115,VTX00114	2	VTX00113+VTX00115,VTX00114	VTX00114:100.00,VTX00113:99.42,VTX00295:99.04,VTX00115:99.04,VTX00387:99.02
PX207182.1	Rhizophagus irregularis | GC-2_IVT11	Rhizophagus irregularis	main		assigned	VTX00114	100.0	VTX00113+VTX00115,VTX00114	2	VTX00113+VTX00115,VTX00114	VTX00114:100.00,VTX00113:99.42,VTX00295:99.04,VTX00115:99.04,VTX00387:99.02
PX207183.1	Rhizophagus irregularis | GC-2_IVT11	Rhizophagus irregularis	main		assigned	VTX00114	100.0	VTX00113+VTX00115,VTX00114	2	VTX00113+VTX00115,VTX00114	VTX00114:100.00,VTX00113:99.42,VTX00295:99.04,VTX00115:99.04,VTX00387:99.02
PX207184.1	Rhizophagus irregularis | GC-2_IVT11	Rhizophagus irregularis	main		assigned	VTX00114	100.0	VTX00113+VTX00115,VTX00114	2	VTX00113+VTX00115,VTX00114	VTX00114:100.00,VTX00113:99.42,VTX00295:99.04,VTX00115:99.04,VTX00387:99.02
PX207185.1	Rhizophagus irregularis | GC-2_IVT11	Rhizophagus irregularis	main		assigned	VTX00114	100.0	VTX00113+VTX00115,VTX00114	2	VTX00113+VTX00115,VTX00114	VTX00114:100.00,VTX00113:99.42,VTX00295:99.04,VTX00115:99.04,VTX00387:99.02
PX207186.1	Rhizophagus irregularis | DAOMC 197198	Rhizophagus irregularis	main		assigned	VTX00114	100.0	VTX00113+VTX00115,VTX00114	2	VTX00113+VTX00115,VTX00114	VTX00114:100.00,VTX00113:99.42,VTX00295:99.04,VTX00115:99.04,VTX00387:99.02
PX207187.1	Rhizophagus irregularis | DAOMC 197198	Rhizophagus irregularis	main		assigned	VTX00114	100.0	VTX00113+VTX00115,VTX00114	2	VTX00113+VTX00115,VTX00114	VTX00114:100.00,VTX00113:99.42,VTX00295:99.04,VTX00115:99.04,VTX00387:99.02
PX207188.1	Rhizophagus irregularis | DAOMC 197198	Rhizophagus irregularis	main		assigned	VTX00114	100.0	VTX00113+VTX00115,VTX00114	2	VTX00113+VTX00115,VTX00114	VTX00114:100.00,VTX00113:99.42,VTX00295:99.04,VTX00115:99.04,VTX00387:99.02
PX207189.1	Rhizophagus irregularis | DAOMC 197198	Rhizophagus irregularis	main		assigned	VTX00114	100.0	VTX00113+VTX00115,VTX00114	2	VTX00113+VTX00115,VTX00114	VTX00114:100.00,VTX00113:99.42,VTX00295:99.04,VTX00115:99.04,VTX00387:99.02
PX207190.1	Rhizophagus prolifer | SD5_IVT32	Rhizophagus prolifer	divergent	short_5.8S	assigned	VTX00099	100.0	VTX00099	1	VTX00099	VTX00099:100.00,VTX00100:98.65,VTX00264:98.65,VTX00108:98.23,VTX00362:98.08
PX207191.1	Rhizophagus prolifer | SD5_IVT32	Rhizophagus prolifer	divergent	short_5.8S	assigned	VTX00099	100.0	VTX00099	1	VTX00099	VTX00099:100.00,VTX00100:98.65,VTX00264:98.65,VTX00108:98.23,VTX00362:98.08
PX207192.1	Rhizophagus prolifer | SD5_IVT32	Rhizophagus prolifer	divergent	short_5.8S	assigned	VTX00099	100.0	VTX00099	1	VTX00099	VTX00099:100.00,VTX00100:98.65,VTX00264:98.65,VTX00108:98.23,VTX00362:98.08
PX207193.1	Rhizophagus prolifer | SD5_IVT32	Rhizophagus prolifer	divergent	short_5.8S	assigned	VTX00099	100.0	VTX00099	1	VTX00099	VTX00099:100.00,VTX00100:98.65,VTX00264:98.65,VTX00108:98.23,VTX00362:98.08
PX207194.1	Rhizophagus intraradices | UT126A	Rhizophagus intraradices	divergent	same_length	assigned	VTX00100	99.423	VTX00092,VTX00100	2	VTX00100	VTX00100:99.42,VTX00092:98.85,VTX00390:98.82,VTX00363:98.65,VTX00108:98.62
PX207195.1	Rhizophagus intraradices | UT126A	Rhizophagus intraradices	divergent	short_5.8S	assigned	VTX00100	100.0	VTX00100	1	VTX00100	VTX00100:100.00,VTX00108:99.21,VTX00390:99.02,VTX00312:98.85,VTX00403:98.85
PX207196.1	Rhizophagus intraradices | UT126A	Rhizophagus intraradices	divergent	short_5.8S	assigned	VTX00100	100.0	VTX00100	1	VTX00100	VTX00100:100.00,VTX00108:99.21,VTX00390:99.02,VTX00312:98.85,VTX00403:98.85
PX207197.1	Rhizophagus intraradices | KS906_IVT156	Rhizophagus intraradices	divergent	short_5.8S	assigned	VTX00100	100.0	VTX00100	1	VTX00100,VTX00390	VTX00100:100.00,VTX00108:99.21,VTX00390:99.02,VTX00312:98.85,VTX00403:98.85
PX207198.1	Rhizophagus intraradices | KS906_IVT156	Rhizophagus intraradices	main		assigned	VTX00100	100.0	VTX00100,VTX00390	2	VTX00100,VTX00390	VTX00100:100.00,VTX00390:99.41,VTX00294:99.15,VTX00403:98.85,VTX00108:98.82
PX207199.1	Rhizophagus intraradices | UT126A	Rhizophagus intraradices	main		assigned	VTX00100	100.0	VTX00100,VTX00390	2	VTX00100	VTX00100:100.00,VTX00390:99.41,VTX00294:99.15,VTX00403:98.85,VTX00108:98.82
PX207200.1	Rhizophagus intraradices | UT126A	Rhizophagus intraradices	main		assigned	VTX00100	99.808	VTX00100	1	VTX00100	VTX00100:99.81,VTX00390:99.02,VTX00108:99.02,VTX00403:98.85,VTX00294:98.72
PX207201.1	Rhizophagus intraradices | UT126A	Rhizophagus intraradices	main		assigned	VTX00100	100.0	VTX00100,VTX00390	2	VTX00100	VTX00100:100.00,VTX00390:99.41,VTX00294:99.15,VTX00403:98.85,VTX00108:98.82
PX207202.1	Rhizophagus intraradices | UT126A	Rhizophagus intraradices	main		assigned	VTX00100	100.0	VTX00100,VTX00390	2	VTX00100	VTX00100:100.00,VTX00390:99.41,VTX00294:99.15,VTX00403:98.85,VTX00108:98.82
PX207203.1	Rhizophagus intraradices | KS906_IVT156	Rhizophagus intraradices	main		assigned	VTX00100	100.0	VTX00100,VTX00390	2	VTX00100,VTX00390	VTX00100:100.00,VTX00390:99.41,VTX00294:99.15,VTX00403:98.85,VTX00108:98.82
PX207204.1	Rhizophagus intraradices | UT126A	Rhizophagus intraradices	main		assigned	VTX00100	100.0	VTX00100,VTX00390	2	VTX00100	VTX00100:100.00,VTX00390:99.61,VTX00294:98.93,VTX00403:98.65,VTX00108:98.62
PX207205.1	Rhizophagus intraradices | KS906_IVT156	Rhizophagus intraradices	main		assigned	VTX00100	100.0	VTX00100,VTX00390	2	VTX00100,VTX00390	VTX00100:100.00,VTX00390:99.41,VTX00294:99.15,VTX00403:98.85,VTX00108:98.82
PX207206.1	Rhizophagus prolifer | SD5_IVT32	Rhizophagus prolifer	main		assigned	VTX00099	99.808	VTX00099	1	VTX00099	VTX00099:99.81,VTX00100:98.27,VTX00264:98.08,VTX00363:98.08,VTX00362:97.89
PX207207.1	Rhizophagus prolifer | SD5_IVT32	Rhizophagus prolifer	main		assigned	VTX00099	99.808	VTX00099	1	VTX00099	VTX00099:99.81,VTX00100:98.27,VTX00264:98.08,VTX00363:98.08,VTX00362:97.89
PX207208.1	Rhizophagus prolifer | SD5_IVT32	Rhizophagus prolifer	main		assigned	VTX00099	100.0	VTX00099	1	VTX00099	VTX00099:100.00,VTX00100:98.65,VTX00264:98.65,VTX00108:98.23,VTX00362:98.08
PX207209.1	Rhizophagus prolifer | SD5_IVT32	Rhizophagus prolifer	main		assigned	VTX00099	100.0	VTX00099	1	VTX00099	VTX00099:100.00,VTX00100:98.65,VTX00264:98.65,VTX00108:98.23,VTX00362:98.08
PX207210.1	Rhizophagus prolifer | SD5_IVT32	Rhizophagus prolifer	main		assigned	VTX00099	100.0	VTX00099	1	VTX00099	VTX00099:100.00,VTX00100:98.65,VTX00264:98.65,VTX00108:98.23,VTX00362:98.08
PX207211.1	Rhizophagus prolifer | SD5_IVT32	Rhizophagus prolifer	main		assigned	VTX00099	100.0	VTX00099	1	VTX00099	VTX00099:100.00,VTX00100:98.65,VTX00264:98.65,VTX00108:98.23,VTX00362:98.08
PX207212.1	Glomus tetrastratosum | 5094_2349C	Glomus tetrastratosum	main		assigned	VTX00199	99.615	VTX00199	1	VTX00199	VTX00199:99.61,VTX00200:98.82,VTX00191:98.46,VTX00194:98.27,VTX00196:98.08
PX207213.1	Glomus tetrastratosum | 5094_2349C	Glomus tetrastratosum	main		assigned	VTX00199	99.808	VTX00199	1	VTX00199	VTX00199:99.81,VTX00191:98.65,VTX00200:98.63,VTX00194:98.46,VTX00196:98.27
PX207214.1	Glomus tetrastratosum | 5094_2349C	Glomus tetrastratosum	main		assigned	VTX00199	99.808	VTX00199	1	VTX00199	VTX00199:99.81,VTX00200:98.82,VTX00197:98.46,VTX00194:98.27,VTX00191:98.27
PX207215.1	Glomus tetrastratosum | 5094_2349C	Glomus tetrastratosum	main		assigned	VTX00199	99.808	VTX00199	1	VTX00199	VTX00199:99.81,VTX00200:98.63,VTX00194:98.46,VTX00191:98.46,VTX00197:98.27
PX207216.1	Glomus tetrastratosum | 5094_2349C	Glomus tetrastratosum	main		assigned	VTX00199	99.808	VTX00199	1	VTX00199	VTX00199:99.81,VTX00200:98.63,VTX00194:98.46,VTX00191:98.46,VTX00197:98.27
PX207217.1	Glomus tetrastratosum | 5094_2349C	Glomus tetrastratosum	main		assigned	VTX00199	100.0	VTX00199	1	VTX00199	VTX00199:100.00,VTX00200:98.82,VTX00194:98.65,VTX00191:98.65,VTX00197:98.46
PX207218.1	Glomus tetrastratosum | 5094_2349C	Glomus tetrastratosum	main		assigned	VTX00199	99.808	VTX00199	1	VTX00199	VTX00199:99.81,VTX00200:98.82,VTX00197:98.46,VTX00194:98.27,VTX00191:98.27
PX207219.1	Funneliformis mosseae | 2231_1079F	Funneliformis mosseae	main		assigned	VTX00067	100.0	VTX00067	1	VTX00067	VTX00067:100.00,VTX00265:99.04,VTX00065:98.85,VTX00195:98.63,VTX00307:97.05
PX207220.1	Funneliformis mosseae | 2231_1079F	Funneliformis mosseae	main		assigned	VTX00067	100.0	VTX00067	1	VTX00067	VTX00067:100.00,VTX00265:99.04,VTX00065:98.85,VTX00195:98.63,VTX00307:97.05
PX207221.1	Funneliformis mosseae | 2231_1079F	Funneliformis mosseae	main		assigned	VTX00067	100.0	VTX00067	1	VTX00067	VTX00067:100.00,VTX00265:99.04,VTX00065:98.85,VTX00195:98.63,VTX00307:97.05
PX207222.1	Funneliformis mosseae | 2231_1079F	Funneliformis mosseae	main		assigned	VTX00067	100.0	VTX00067	1	VTX00067	VTX00067:100.00,VTX00265:99.23,VTX00065:99.04,VTX00195:98.82,VTX00307:97.24
PX207223.1	Funneliformis mosseae | 2231_1079F	Funneliformis mosseae	main		assigned	VTX00067	100.0	VTX00067	1	VTX00067	VTX00067:100.00,VTX00265:99.04,VTX00065:98.85,VTX00195:98.63,VTX00307:97.05
PX207224.1	Funneliformis mosseae | FS-29_2726A	Funneliformis mosseae	main		assigned	VTX00067	100.0	VTX00067	1	VTX00067	VTX00067:100.00,VTX00265:99.04,VTX00065:98.85,VTX00195:98.63,VTX00307:97.05
PX207225.1	Funneliformis mosseae | FS-29_2726A	Funneliformis mosseae	main		assigned	VTX00067	100.0	VTX00067	1	VTX00067	VTX00067:100.00,VTX00265:99.04,VTX00065:98.85,VTX00195:98.63,VTX00307:97.05
PX207226.1	Funneliformis mosseae | FS-29_2726A	Funneliformis mosseae	main		assigned	VTX00067	100.0	VTX00067	1	VTX00067	VTX00067:100.00,VTX00265:99.04,VTX00065:98.85,VTX00195:98.63,VTX00307:97.05
PX207227.1	Funneliformis mosseae | FS-29_2726A	Funneliformis mosseae	main		assigned	VTX00067	100.0	VTX00067	1	VTX00067	VTX00067:100.00,VTX00265:99.04,VTX00065:98.85,VTX00195:98.63,VTX00307:97.05
PX207228.1	Funneliformis mosseae | FS-29_2726A	Funneliformis mosseae	main		assigned	VTX00067	100.0	VTX00067	1	VTX00067	VTX00067:100.00,VTX00265:99.04,VTX00065:98.85,VTX00195:98.63,VTX00307:97.05
PX207229.1	Funneliformis mosseae | FS-29_2726A	Funneliformis mosseae	main		assigned	VTX00067	100.0	VTX00067	1	VTX00067	VTX00067:100.00,VTX00265:99.04,VTX00065:98.85,VTX00195:98.63,VTX00307:97.05
PX207230.1	Funneliformis mosseae | 2231_1079F	Funneliformis mosseae	main		assigned	VTX00067	100.0	VTX00067	1	VTX00067	VTX00067:100.00,VTX00265:99.04,VTX00065:98.85,VTX00195:98.63,VTX00307:97.05
PX207231.1	Funneliformis mosseae | 2231_1079F	Funneliformis mosseae	main		assigned	VTX00067	100.0	VTX00067	1	VTX00067	VTX00067:100.00,VTX00265:99.04,VTX00065:98.85,VTX00195:98.63,VTX00307:97.05
PX207232.1	Funneliformis mosseae | 2231_1079F	Funneliformis mosseae	main		assigned	VTX00067	100.0	VTX00067	1	VTX00067	VTX00067:100.00,VTX00265:99.04,VTX00065:98.85,VTX00195:98.63,VTX00307:97.05
PX207233.1	Funneliformis mosseae | 2231_1079F	Funneliformis mosseae	main		assigned	VTX00067	100.0	VTX00067	1	VTX00067	VTX00067:100.00,VTX00265:99.04,VTX00065:98.85,VTX00195:98.63,VTX00307:97.05
PX207234.1	Funneliformis mosseae | 2231_1079F	Funneliformis mosseae	main		assigned	VTX00067	100.0	VTX00067	1	VTX00067	VTX00067:100.00,VTX00265:99.04,VTX00065:98.85,VTX00195:98.63,VTX00307:97.05
PX207235.1	Funneliformis mosseae | 2231_1079F	Funneliformis mosseae	main		assigned	VTX00067	100.0	VTX00067	1	VTX00067	VTX00067:100.00,VTX00265:99.04,VTX00065:98.85,VTX00195:98.63,VTX00307:97.05
PX207236.1	Funneliformis mosseae | FS-29_2726A	Funneliformis mosseae	main		assigned	VTX00067	100.0	VTX00067	1	VTX00067	VTX00067:100.00,VTX00265:99.04,VTX00065:98.85,VTX00195:98.63,VTX00307:97.05
PX207237.1	Funneliformis mosseae | FS-29_2726A	Funneliformis mosseae	main		assigned	VTX00067	100.0	VTX00067	1	VTX00067	VTX00067:100.00,VTX00265:99.04,VTX00065:98.85,VTX00195:98.63,VTX00307:97.05
PX207238.1	Funneliformis mosseae | FS-29_2726A	Funneliformis mosseae	main		assigned	VTX00067	100.0	VTX00067	1	VTX00067	VTX00067:100.00,VTX00265:99.04,VTX00065:98.85,VTX00195:98.63,VTX00307:97.05
PX207239.1	Funneliformis mosseae | FS-29_2726A	Funneliformis mosseae	main		assigned	VTX00067	100.0	VTX00067	1	VTX00067	VTX00067:100.00,VTX00265:99.04,VTX00065:98.85,VTX00195:98.63,VTX00307:97.05
PX207240.1	Funneliformis mosseae | FS-29_2726A	Funneliformis mosseae	main		assigned	VTX00067	100.0	VTX00067	1	VTX00067	VTX00067:100.00,VTX00265:99.04,VTX00065:98.85,VTX00195:98.63,VTX00307:97.05
PX207241.1	Funneliformis mosseae | 2231_1079F	Funneliformis mosseae	main		assigned	VTX00067	100.0	VTX00067	1	VTX00067	VTX00067:100.00,VTX00265:99.04,VTX00065:98.85,VTX00195:98.63,VTX00307:97.05
PX207242.1	Funneliformis mosseae | 2231_1079F	Funneliformis mosseae	main		assigned	VTX00067	100.0	VTX00067	1	VTX00067	VTX00067:100.00,VTX00265:99.04,VTX00065:98.85,VTX00195:98.63,VTX00307:97.05
PX207243.1	Funneliformis mosseae | FS-29_2726A	Funneliformis mosseae	main		assigned	VTX00067	100.0	VTX00067	1	VTX00067	VTX00067:100.00,VTX00265:99.04,VTX00065:98.85,VTX00195:98.63,VTX00307:97.05
PX207244.1	Funneliformis mosseae | FS-29_2726A	Funneliformis mosseae	main		assigned	VTX00067	100.0	VTX00067	1	VTX00067	VTX00067:100.00,VTX00265:99.04,VTX00065:98.85,VTX00195:98.63,VTX00307:97.05
PX207245.1	Funneliformis mosseae | FS-29_2726A	Funneliformis mosseae	main		assigned	VTX00067	100.0	VTX00067	1	VTX00067	VTX00067:100.00,VTX00265:99.04,VTX00065:98.85,VTX00195:98.63,VTX00307:97.05
PX207246.1	Funneliformis mosseae | FS-29_2726A	Funneliformis mosseae	main		assigned	VTX00067	100.0	VTX00067	1	VTX00067	VTX00067:100.00,VTX00265:99.04,VTX00065:98.85,VTX00195:98.63,VTX00307:97.05
PX207247.1	Funneliformis mosseae | 2231_1079F	Funneliformis mosseae	main		assigned	VTX00067	100.0	VTX00067	1	VTX00067	VTX00067:100.00,VTX00265:99.04,VTX00065:98.85,VTX00195:98.63,VTX00307:97.05
PX207248.1	Funneliformis mosseae | 2231_1079F	Funneliformis mosseae	main		assigned	VTX00067	100.0	VTX00067	1	VTX00067	VTX00067:100.00,VTX00265:99.04,VTX00065:98.85,VTX00195:98.63,VTX00307:97.05
PX207249.1	Funneliformis mosseae | FS-29_2726A	Funneliformis mosseae	main		assigned	VTX00067	100.0	VTX00067	1	VTX00067	VTX00067:100.00,VTX00265:99.04,VTX00065:98.85,VTX00195:98.63,VTX00307:97.05
PX207250.1	Funneliformis mosseae | FS-29_2726A	Funneliformis mosseae	main		assigned	VTX00067	100.0	VTX00067	1	VTX00067	VTX00067:100.00,VTX00265:99.04,VTX00065:98.85,VTX00195:98.63,VTX00307:97.05
PX207251.1	Funneliformis mosseae | FS-29_2726A	Funneliformis mosseae	main		assigned	VTX00067	100.0	VTX00067	1	VTX00067	VTX00067:100.00,VTX00265:99.04,VTX00065:98.85,VTX00195:98.63,VTX00307:97.05
PX207252.1	Funneliformis mosseae | FS-29_2726A	Funneliformis mosseae	main		assigned	VTX00067	100.0	VTX00067	1	VTX00067	VTX00067:100.00,VTX00265:99.04,VTX00065:98.85,VTX00195:98.63,VTX00307:97.05
PX207253.1	Funneliformis mosseae | FS-29_2726A	Funneliformis mosseae	main		assigned	VTX00067	100.0	VTX00067	1	VTX00067	VTX00067:100.00,VTX00265:99.04,VTX00065:98.85,VTX00195:98.63,VTX00307:97.05
PX207254.1	Funneliformis mosseae | 2231_1079F	Funneliformis mosseae	main		assigned	VTX00067	100.0	VTX00067	1	VTX00067	VTX00067:100.00,VTX00265:99.04,VTX00065:98.85,VTX00195:98.63,VTX00307:97.05
PX207255.1	Funneliformis mosseae | 2231_1079F	Funneliformis mosseae	main		assigned	VTX00067	100.0	VTX00067	1	VTX00067	VTX00067:100.00,VTX00265:99.04,VTX00065:98.85,VTX00195:98.63,VTX00307:97.05
PX207256.1	Funneliformis mosseae | 2231_1079F	Funneliformis mosseae	main		assigned	VTX00067	100.0	VTX00067	1	VTX00067	VTX00067:100.00,VTX00265:99.04,VTX00065:98.85,VTX00195:98.63,VTX00307:97.05
PX207257.1	Funneliformis mosseae | 2231_1079F	Funneliformis mosseae	main		assigned	VTX00067	100.0	VTX00067	1	VTX00067	VTX00067:100.00,VTX00265:99.04,VTX00065:98.85,VTX00195:98.63,VTX00307:97.05
PX207258.1	Septoglomus turnauae | Blasz_12_2272D	Septoglomus turnauae	divergent	same_length	assigned	VTX00064	99.423	VTX00064	1	VTX00064	VTX00064:99.42,VTX00326:98.08,VTX00063:97.69,VTX00333:97.44,VTX00293:97.31
PX207259.1	Septoglomus turnauae | Blasz_12_2272D	Septoglomus turnauae	main		assigned	VTX00064	99.808	VTX00064	1	VTX00064	VTX00064:99.81,VTX00326:98.08,VTX00063:97.50,VTX00333:97.44,VTX00365:97.31
PX207260.1	Septoglomus turnauae | Blasz_12_2272D	Septoglomus turnauae	main		assigned	VTX00064	100.0	VTX00064	1	VTX00064	VTX00064:100.00,VTX00326:98.27,VTX00063:97.69,VTX00333:97.63,VTX00365:97.50
PX207261.1	Septoglomus turnauae | Blasz_12_2272D	Septoglomus turnauae	main		assigned	VTX00064	100.0	VTX00064	1	VTX00064	VTX00064:100.00,VTX00326:98.27,VTX00063:97.69,VTX00333:97.63,VTX00365:97.50
PX207262.1	Septoglomus turnauae | Blasz_12_2272D	Septoglomus turnauae	main		assigned	VTX00064	100.0	VTX00064	1	VTX00064	VTX00064:100.00,VTX00326:98.27,VTX00063:97.69,VTX00333:97.63,VTX00365:97.50
PX207263.1	Septoglomus viscosum | CW0026_Att1910-1	Septoglomus viscosum	divergent	short_5.8S	assigned	VTX00409	99.423	VTX00409	1	VTX00063	VTX00409:99.42,VTX00063:97.50,VTX00064:96.69,VTX00365:95.77,VTX00065:95.58
PX207264.1	Septoglomus viscosum | CW0026_Att1910-1	Septoglomus viscosum	divergent	short_5.8S	assigned	VTX00409	99.423	VTX00409	1	VTX00063	VTX00409:99.42,VTX00063:97.50,VTX00064:96.69,VTX00365:95.77,VTX00065:95.58
PX207265.1	Septoglomus viscosum | CW0026_Att1910-1	Septoglomus viscosum	main		assigned	VTX00063	99.423	VTX00063	1	VTX00063	VTX00063:99.42,VTX00064:97.50,VTX00365:97.31,VTX00409:96.92,VTX00293:96.74
PX207266.1	Septoglomus viscosum | CW0026_Att1910-1	Septoglomus viscosum	main		assigned	VTX00063	99.423	VTX00063	1	VTX00063	VTX00063:99.42,VTX00064:97.50,VTX00365:97.31,VTX00409:96.92,VTX00293:96.74
PX207267.1	Septoglomus viscosum | CW0026_Att1910-1	Septoglomus viscosum	main		assigned	VTX00063	99.038	VTX00063	1	VTX00063	VTX00063:99.04,VTX00064:97.67,VTX00365:97.50,VTX00409:97.31,VTX00293:97.12
PX207268.1	Septoglomus viscosum | CW0026_Att1910-1	Septoglomus viscosum	main		assigned	VTX00063	98.848	VTX00063	1	VTX00063	VTX00063:98.85,VTX00064:97.32,VTX00365:97.12,VTX00293:96.94,VTX00409:96.74
PX207269.1	Septoglomus viscosum | CW0026_Att1910-1	Septoglomus viscosum	main		assigned	VTX00063	98.848	VTX00063	1	VTX00063	VTX00063:98.85,VTX00064:97.32,VTX00365:97.12,VTX00293:96.94,VTX00409:96.74
PX207270.1	Septoglomus viscosum | CW0026_Att1910-1	Septoglomus viscosum	main		assigned	VTX00063	99.231	VTX00063	1	VTX00063	VTX00063:99.36,VTX00064:97.70,VTX00365:97.69,VTX00409:97.50,VTX00293:96.93
PX207271.1	Septoglomus viscosum | CW0026_Att1910-1	Septoglomus viscosum	main		assigned	VTX00063	99.231	VTX00063	1	VTX00063	VTX00063:99.36,VTX00064:97.70,VTX00365:97.69,VTX00409:97.50,VTX00293:96.93
PX207272.1	Septoglomus viscosum | CW0026_Att1910-1	Septoglomus viscosum	main		assigned	VTX00063	99.231	VTX00063	1	VTX00063	VTX00063:99.23,VTX00064:97.31,VTX00293:97.31,VTX00365:97.11,VTX00409:96.92
PX207273.1	Septoglomus viscosum | CW0026_Att1910-1	Septoglomus viscosum	main		assigned	VTX00063	99.231	VTX00063	1	VTX00063	VTX00063:99.23,VTX00064:97.31,VTX00293:97.31,VTX00365:97.11,VTX00409:96.92
PX207274.1	Septoglomus viscosum | CW0026_Att1910-1	Septoglomus viscosum	main		assigned	VTX00063	99.423	VTX00063	1	VTX00063	VTX00063:99.42,VTX00064:97.50,VTX00293:97.50,VTX00365:97.31,VTX00409:97.11
PX214440.1	Funneliformis caledonium | VDHK150A_21A	Funneliformis caledonium	main		assigned	VTX00065	100.0	VTX00065	1	VTX00065	VTX00065:100.00,VTX00067:99.04,VTX00265:98.85,VTX00307:98.23,VTX00195:97.84
PX214441.1	Funneliformis caledonium | VDHK150A_21A	Funneliformis caledonium	main		assigned	VTX00065	99.808	VTX00065	1	VTX00065	VTX00065:100.00,VTX00067:98.85,VTX00265:98.66,VTX00307:98.03,VTX00195:97.65
PX214442.1	Funneliformis caledonium | VDHK150A_21A	Funneliformis caledonium	main		assigned	VTX00065	100.0	VTX00065	1	VTX00065	VTX00065:100.00,VTX00067:99.04,VTX00265:98.85,VTX00307:98.23,VTX00195:97.84
PX214443.1	Funneliformis caledonium | CW0030_822A	Funneliformis caledonium	main		assigned	VTX00065	99.808	VTX00065	1	VTX00065	VTX00065:99.81,VTX00067:98.85,VTX00265:98.66,VTX00307:98.03,VTX00195:97.65
PX214444.1	Funneliformis caledonium | CW0030_822A	Funneliformis caledonium	main		assigned	VTX00065	100.0	VTX00065	1	VTX00065	VTX00065:100.00,VTX00067:99.04,VTX00265:98.85,VTX00307:98.23,VTX00195:97.84
PX214445.1	Funneliformis caledonium | CW0030_822A	Funneliformis caledonium	main		assigned	VTX00065	99.808	VTX00065	1	VTX00065	VTX00065:99.81,VTX00067:98.85,VTX00265:98.66,VTX00307:98.42,VTX00195:97.65
PX214446.1	Funneliformis caledonium | CW0030_822A	Funneliformis caledonium	main		assigned	VTX00065	99.808	VTX00065	1	VTX00065	VTX00065:99.81,VTX00067:98.85,VTX00265:98.66,VTX00307:98.23,VTX00195:97.65
PX214447.1	Funneliformis caledonium | VDHK150A_21A	Funneliformis caledonium	main		assigned	VTX00065	100.0	VTX00065	1	VTX00065	VTX00065:100.00,VTX00067:99.04,VTX00265:98.85,VTX00307:98.23,VTX00195:97.84
PX214448.1	Funneliformis caledonium | VDHK150A_21A	Funneliformis caledonium	main		assigned	VTX00065	99.808	VTX00065	1	VTX00065	VTX00065:100.00,VTX00067:98.85,VTX00265:98.66,VTX00307:98.03,VTX00195:97.65
PX214449.1	Funneliformis geosporum | ALBG_A3	Funneliformis geosporum	main		assigned	VTX00065	99.423	VTX00065	1	VTX00065	VTX00065:99.80,VTX00067:98.57,VTX00307:98.42,VTX00265:98.27,VTX00195:97.25
PX214450.1	Funneliformis geosporum | ALBG_A3	Funneliformis geosporum	main		assigned	VTX00065	99.615	VTX00065	1	VTX00065	VTX00065:100.00,VTX00067:98.65,VTX00307:98.62,VTX00265:98.46,VTX00195:97.45
PX214451.1	Funneliformis geosporum | ALBG_A3	Funneliformis geosporum	main		assigned	VTX00065	99.808	VTX00065	1	VTX00065	VTX00065:99.81,VTX00067:98.85,VTX00265:98.66,VTX00307:98.42,VTX00195:97.65
PX214452.1	Funneliformis geosporum | ALBG_A3	Funneliformis geosporum	main		assigned	VTX00065	99.423	VTX00065	1	VTX00065	VTX00065:100.00,VTX00067:98.62,VTX00307:98.62,VTX00265:98.44,VTX00195:97.45
PX214453.1	Funneliformis geosporum | ALBG_A3	Funneliformis geosporum	main		assigned	VTX00065	99.615	VTX00065	1	VTX00065	VTX00065:100.00,VTX00067:98.65,VTX00307:98.62,VTX00265:98.46,VTX00195:97.45
PX214454.1	Funneliformis geosporum | W681_7_10A	Funneliformis geosporum	main		assigned	VTX00065	100.0	VTX00065	1	VTX00065	VTX00065:100.00,VTX00067:99.04,VTX00265:98.85,VTX00307:98.23,VTX00195:97.84
PX214455.1	Funneliformis geosporum | W681_7_10A	Funneliformis geosporum	main		assigned	VTX00065	99.808	VTX00065	1	VTX00065	VTX00065:99.81,VTX00067:98.85,VTX00265:98.66,VTX00307:98.03,VTX00195:97.65
PX214456.1	Funneliformis geosporum | W681_7_10A	Funneliformis geosporum	main		assigned	VTX00065	100.0	VTX00065	1	VTX00065	VTX00065:100.00,VTX00067:99.04,VTX00265:98.85,VTX00307:98.23,VTX00195:97.84
PX214457.1	Funneliformis coronatus | Algerie_2_1072A	Funneliformis coronatus	main		assigned	VTX00265	100.0	VTX00265	1	VTX00265	VTX00265:100.00,VTX00067:99.23,VTX00065:98.85,VTX00195:98.04,VTX00307:97.05
PX214458.1	Funneliformis coronatus | Algerie_2_1072A	Funneliformis coronatus	main		assigned	VTX00265	100.0	VTX00265	1	VTX00265	VTX00265:100.00,VTX00067:99.23,VTX00065:98.85,VTX00195:98.04,VTX00307:97.05
PX214459.1	Funneliformis coronatus | Algerie_2_1072A	Funneliformis coronatus	main		assigned	VTX00265	100.0	VTX00265	1	VTX00265	VTX00265:100.00,VTX00067:99.23,VTX00065:98.85,VTX00195:98.04,VTX00307:97.05
PX214460.1	Funneliformis coronatus | Algerie_2_1072A	Funneliformis coronatus	main		assigned	VTX00265	100.0	VTX00265	1	VTX00265	VTX00265:100.00,VTX00067:99.23,VTX00065:98.85,VTX00195:98.04,VTX00307:97.05
PX214461.1	Funneliformis coronatus | Algerie_2_1072A	Funneliformis coronatus	main		assigned	VTX00265	100.0	VTX00265	1	VTX00265	VTX00265:100.00,VTX00067:99.23,VTX00065:98.85,VTX00195:98.04,VTX00307:97.05
PX214462.1	Funneliformis coronatus | W143_5_12A	Funneliformis coronatus	main		assigned	VTX00265	99.808	VTX00265	1	VTX00265	VTX00265:99.81,VTX00067:99.04,VTX00065:98.65,VTX00195:97.84,VTX00307:97.24
PX214463.1	Funneliformis coronatus | W143_5_12A	Funneliformis coronatus	main		assigned	VTX00265	99.808	VTX00265	1	VTX00265	VTX00265:99.81,VTX00067:99.04,VTX00065:98.65,VTX00195:97.84,VTX00307:97.24
PX214464.1	Funneliformis coronatus | W143_5_12A	Funneliformis coronatus	main		assigned	VTX00265	99.808	VTX00265	1	VTX00265	VTX00265:99.81,VTX00067:99.04,VTX00065:98.65,VTX00195:97.84,VTX00307:97.24
PX214465.1	Funneliformis coronatus | W143_5_12A	Funneliformis coronatus	main		assigned	VTX00265	99.808	VTX00265	1	VTX00265	VTX00265:99.81,VTX00067:99.04,VTX00065:98.65,VTX00195:97.84,VTX00307:97.24
PX214466.1	Funneliformis coronatus | W143_5_12A	Funneliformis coronatus	main		assigned	VTX00265	99.808	VTX00265	1	VTX00265	VTX00265:99.81,VTX00067:99.04,VTX00065:98.65,VTX00195:97.84,VTX00307:97.24
PX214467.1	Funneliformis coronatus | W143_5_12A	Funneliformis coronatus	main		assigned	VTX00265	99.808	VTX00265	1	VTX00265	VTX00265:99.81,VTX00067:99.04,VTX00065:98.65,VTX00195:97.84,VTX00307:97.24
PX214468.1	Funneliformis coronatus | W143_5_12A	Funneliformis coronatus	main		assigned	VTX00265	99.808	VTX00265	1	VTX00265	VTX00265:99.81,VTX00067:99.04,VTX00065:98.65,VTX00195:97.84,VTX00307:97.24
PX214469.1	Funneliformis coronatus | W699_21_3A	Funneliformis coronatus	main		assigned	VTX00265	99.808	VTX00265	1	VTX00265	VTX00265:99.81,VTX00067:99.04,VTX00065:98.65,VTX00195:97.84,VTX00307:97.24
PX214470.1	Funneliformis coronatus | W699_21_3A	Funneliformis coronatus	main		assigned	VTX00265	99.808	VTX00265	1	VTX00265	VTX00265:99.81,VTX00067:99.04,VTX00065:98.65,VTX00195:97.84,VTX00307:97.24
PX214471.1	Funneliformis coronatus | W699_21_3A	Funneliformis coronatus	main		assigned	VTX00265	99.808	VTX00265	1	VTX00265	VTX00265:99.81,VTX00067:99.04,VTX00065:98.65,VTX00195:97.84,VTX00307:97.24
PX214472.1	Funneliformis coronatus | W699_21_3A	Funneliformis coronatus	main		assigned	VTX00265	99.808	VTX00265	1	VTX00265	VTX00265:99.81,VTX00067:99.04,VTX00065:98.65,VTX00195:97.84,VTX00307:97.24
PX214473.1	Funneliformis coronatus | W111_12_886A	Funneliformis coronatus	main		assigned	VTX00265	100.0	VTX00265	1	VTX00265	VTX00265:100.00,VTX00067:99.23,VTX00065:98.85,VTX00195:98.04,VTX00307:97.05
PX214474.1	Funneliformis coronatus | W111_12_886A	Funneliformis coronatus	main		assigned	VTX00265	100.0	VTX00265	1	VTX00265	VTX00265:100.00,VTX00067:99.23,VTX00065:98.85,VTX00195:98.04,VTX00307:97.05
PX214475.1	Funneliformis coronatus | W111_12_886A	Funneliformis coronatus	main		assigned	VTX00265	100.0	VTX00265	1	VTX00265	VTX00265:100.00,VTX00067:99.23,VTX00065:98.85,VTX00195:98.04,VTX00307:97.05
PX214476.1	Funneliformis coronatus | W111_12_886A	Funneliformis coronatus	main		assigned	VTX00265	100.0	VTX00265	1	VTX00265	VTX00265:100.00,VTX00067:99.23,VTX00065:98.85,VTX00195:98.04,VTX00307:97.05
PX214477.1	Funneliformis coronatus | W111_12_886A	Funneliformis coronatus	main		assigned	VTX00265	100.0	VTX00265	1	VTX00265	VTX00265:100.00,VTX00067:99.23,VTX00065:98.85,VTX00195:98.04,VTX00307:97.05
PX214478.1	Funneliformis coronatus | W111_12_886A	Funneliformis coronatus	main		assigned	VTX00265	100.0	VTX00265	1	VTX00265	VTX00265:100.00,VTX00067:99.23,VTX00065:98.85,VTX00195:98.04,VTX00307:97.05
PX214479.1	Funneliformis coronatus | W111_12_886A	Funneliformis coronatus	main		assigned	VTX00265	100.0	VTX00265	1	VTX00265	VTX00265:100.00,VTX00067:99.23,VTX00065:98.85,VTX00195:98.04,VTX00307:97.05
PX214480.1	Funneliformis coronatus | W111_12_886A	Funneliformis coronatus	main		assigned	VTX00265	100.0	VTX00265	1	VTX00265	VTX00265:100.00,VTX00067:99.23,VTX00065:98.85,VTX00195:98.04,VTX00307:97.05
PX214481.1	Funneliformis mosseae | C2	Funneliformis mosseae	main		assigned	VTX00067	100.0	VTX00067	1	VTX00067	VTX00067:100.00,VTX00265:99.23,VTX00065:99.04,VTX00195:98.82,VTX00307:97.24
PX214482.1	Funneliformis mosseae | C2	Funneliformis mosseae	main		assigned	VTX00067	100.0	VTX00067	1	VTX00067	VTX00067:100.00,VTX00265:99.23,VTX00065:99.04,VTX00195:98.82,VTX00307:97.24
PX214483.1	Funneliformis mosseae | C2	Funneliformis mosseae	main		assigned	VTX00067	100.0	VTX00067	1	VTX00067	VTX00067:100.00,VTX00265:99.23,VTX00065:99.04,VTX00195:98.82,VTX00307:97.24
PX214484.1	Funneliformis mosseae | C2	Funneliformis mosseae	main		assigned	VTX00067	99.808	VTX00067	1	VTX00067	VTX00067:99.81,VTX00265:99.04,VTX00065:98.85,VTX00195:98.63,VTX00307:97.05
PX214485.1	Funneliformis mosseae | C2	Funneliformis mosseae	main		assigned	VTX00067	100.0	VTX00067	1	VTX00067	VTX00067:100.00,VTX00265:99.23,VTX00065:99.04,VTX00195:98.82,VTX00307:97.24
PX214486.1	Funneliformis mosseae | 2101_50A	Funneliformis mosseae	main		assigned	VTX00067	100.0	VTX00067	1	VTX00067	VTX00067:100.00,VTX00265:99.23,VTX00065:99.04,VTX00195:98.82,VTX00307:97.24
PX214487.1	Funneliformis mosseae | 2101_50A	Funneliformis mosseae	main		assigned	VTX00067	100.0	VTX00067	1	VTX00067	VTX00067:100.00,VTX00265:99.23,VTX00065:99.04,VTX00195:98.82,VTX00307:97.24
PX214488.1	Funneliformis mosseae | 2101_50A	Funneliformis mosseae	main		assigned	VTX00067	100.0	VTX00067	1	VTX00067	VTX00067:100.00,VTX00265:99.23,VTX00065:99.04,VTX00195:98.82,VTX00307:97.24
PX214489.1	Funneliformis mosseae | 3502	Funneliformis mosseae	main		assigned	VTX00067	100.0	VTX00067	1	VTX00067	VTX00067:100.00,VTX00265:99.23,VTX00065:99.04,VTX00195:98.82,VTX00307:97.24
PX214490.1	Funneliformis mosseae | FEC30_219A	Funneliformis mosseae	main		assigned	VTX00067	100.0	VTX00067	1	VTX00067	VTX00067:100.00,VTX00265:99.04,VTX00065:98.85,VTX00195:98.63,VTX00307:97.05
PX214491.1	Funneliformis mosseae | 2101_50A	Funneliformis mosseae	main		assigned	VTX00067	100.0	VTX00067	1	VTX00067	VTX00067:100.00,VTX00265:99.23,VTX00065:99.04,VTX00195:98.82,VTX00307:97.24
PX214492.1	Funneliformis mosseae | W32_9_13A	Funneliformis mosseae	main		assigned	VTX00067	100.0	VTX00067	1	VTX00067	VTX00067:100.00,VTX00265:99.04,VTX00065:98.85,VTX00195:98.63,VTX00307:97.05
PX214493.1	Funneliformis mosseae | 3502	Funneliformis mosseae	main		assigned	VTX00067	100.0	VTX00067	1	VTX00067	VTX00067:100.00,VTX00265:99.04,VTX00065:98.85,VTX00195:98.63,VTX00307:97.05
PX214494.1	Funneliformis mosseae | 3502	Funneliformis mosseae	main		assigned	VTX00067	100.0	VTX00067	1	VTX00067	VTX00067:100.00,VTX00265:99.23,VTX00065:99.04,VTX00195:98.82,VTX00307:97.24
PX214495.1	Funneliformis mosseae | W32_9_13A	Funneliformis mosseae	main		assigned	VTX00067	100.0	VTX00067	1	VTX00067	VTX00067:100.00,VTX00265:99.04,VTX00065:98.85,VTX00195:98.63,VTX00307:97.05
PX214496.1	Funneliformis mosseae | W32_9_13A	Funneliformis mosseae	main		assigned	VTX00067	100.0	VTX00067	1	VTX00067	VTX00067:100.00,VTX00265:99.04,VTX00065:98.85,VTX00195:98.63,VTX00307:97.05
PX214497.1	Funneliformis mosseae | W32_9_13A	Funneliformis mosseae	main		assigned	VTX00067	100.0	VTX00067	1	VTX00067	VTX00067:100.00,VTX00265:99.04,VTX00065:98.85,VTX00195:98.63,VTX00307:97.05
PX214498.1	Funneliformis mosseae | W32_9_13A	Funneliformis mosseae	main		assigned	VTX00067	100.0	VTX00067	1	VTX00067	VTX00067:100.00,VTX00265:99.23,VTX00065:99.04,VTX00195:98.82,VTX00307:97.24
PX214499.1	Funneliformis mosseae | 2101_50A	Funneliformis mosseae	main		assigned	VTX00067	100.0	VTX00067	1	VTX00067	VTX00067:100.00,VTX00265:99.23,VTX00065:99.04,VTX00195:98.82,VTX00307:97.24
PX214500.1	Funneliformis mosseae | 2101_50A	Funneliformis mosseae	main		assigned	VTX00067	100.0	VTX00067	1	VTX00067	VTX00067:100.00,VTX00265:99.23,VTX00065:99.04,VTX00195:98.82,VTX00307:97.24
PX214501.1	Funneliformis mosseae | 2101_50A	Funneliformis mosseae	main		assigned	VTX00067	100.0	VTX00067	1	VTX00067	VTX00067:100.00,VTX00265:99.23,VTX00065:99.04,VTX00195:98.82,VTX00307:97.24
PX214502.1	Funneliformis mosseae | 198394_123A	Funneliformis mosseae	main		assigned	VTX00067	100.0	VTX00067	1	VTX00067	VTX00067:100.00,VTX00265:99.23,VTX00065:99.04,VTX00195:98.82,VTX00307:97.24
PX214503.1	Funneliformis mosseae | 2252_723A	Funneliformis mosseae	main		assigned	VTX00067	100.0	VTX00067	1	VTX00067	VTX00067:100.00,VTX00265:99.23,VTX00065:99.04,VTX00195:98.82,VTX00307:97.24
PX214504.1	Funneliformis mosseae | 2252_723A	Funneliformis mosseae	main		assigned	VTX00067	100.0	VTX00067	1	VTX00067	VTX00067:100.00,VTX00265:99.23,VTX00065:99.04,VTX00195:98.82,VTX00307:97.24
PX214505.1	Funneliformis mosseae | 2252_723A	Funneliformis mosseae	main		assigned	VTX00067	100.0	VTX00067	1	VTX00067	VTX00067:100.00,VTX00265:99.23,VTX00065:99.04,VTX00195:98.82,VTX00307:97.24
PX214506.1	Funneliformis mosseae | 198394_123A	Funneliformis mosseae	main		assigned	VTX00067	100.0	VTX00067	1	VTX00067	VTX00067:100.00,VTX00265:99.23,VTX00065:99.04,VTX00195:98.82,VTX00307:97.24
PX214507.1	Funneliformis mosseae | 2252_723A	Funneliformis mosseae	main		assigned	VTX00067	100.0	VTX00067	1	VTX00067	VTX00067:100.00,VTX00265:99.23,VTX00065:99.04,VTX00195:98.82,VTX00307:97.24
PX214508.1	Funneliformis mosseae | 2252_723A	Funneliformis mosseae	main		assigned	VTX00067	100.0	VTX00067	1	VTX00067	VTX00067:100.00,VTX00265:99.23,VTX00065:99.04,VTX00195:98.82,VTX00307:97.24
PX214509.1	Funneliformis mosseae | 2252_723A	Funneliformis mosseae	main		assigned	VTX00067	100.0	VTX00067	1	VTX00067	VTX00067:100.00,VTX00265:99.23,VTX00065:99.04,VTX00195:98.82,VTX00307:97.24
PX214510.1	Funneliformis mosseae | 2252_723A	Funneliformis mosseae	main		assigned	VTX00067	100.0	VTX00067	1	VTX00067	VTX00067:100.00,VTX00265:99.23,VTX00065:99.04,VTX00195:98.82,VTX00307:97.24
PX214511.1	Funneliformis mosseae | 198394_123A	Funneliformis mosseae	main		assigned	VTX00067	100.0	VTX00067	1	VTX00067	VTX00067:100.00,VTX00265:99.23,VTX00065:99.04,VTX00195:98.82,VTX00307:97.24
PX214512.1	Funneliformis mosseae | 198394_123A	Funneliformis mosseae	main		assigned	VTX00067	100.0	VTX00067	1	VTX00067	VTX00067:100.00,VTX00265:99.23,VTX00065:99.04,VTX00195:98.82,VTX00307:97.24
PX214513.1	Funneliformis mosseae | 2252_723A	Funneliformis mosseae	main		assigned	VTX00067	100.0	VTX00067	1	VTX00067	VTX00067:100.00,VTX00265:99.23,VTX00065:99.04,VTX00195:98.82,VTX00307:97.24
PX214514.1	Funneliformis mosseae | 198394_123A	Funneliformis mosseae	main		assigned	VTX00067	100.0	VTX00067	1	VTX00067	VTX00067:100.00,VTX00265:99.23,VTX00065:99.04,VTX00195:98.82,VTX00307:97.24
PX214515.1	Funneliformis mosseae | 198394_123A	Funneliformis mosseae	main		assigned	VTX00067	100.0	VTX00067	1	VTX00067	VTX00067:100.00,VTX00265:99.23,VTX00065:99.04,VTX00195:98.82,VTX00307:97.24
PX214516.1	Funneliformis mosseae | 198394_123A	Funneliformis mosseae	main		assigned	VTX00067	100.0	VTX00067	1	VTX00067	VTX00067:100.00,VTX00265:99.23,VTX00065:99.04,VTX00195:98.82,VTX00307:97.24
PX214517.1	Funneliformis mosseae | 2252_723A	Funneliformis mosseae	main		assigned	VTX00067	100.0	VTX00067	1	VTX00067	VTX00067:100.00,VTX00265:99.23,VTX00065:99.04,VTX00195:98.82,VTX00307:97.24
PX214518.1	Funneliformis mosseae | W32_9_13A	Funneliformis mosseae	main		assigned	VTX00067	100.0	VTX00067	1	VTX00067	VTX00067:100.00,VTX00265:99.04,VTX00065:98.85,VTX00195:98.63,VTX00307:97.05
PX214519.1	Funneliformis mosseae | W32_9_13A	Funneliformis mosseae	main		assigned	VTX00067	100.0	VTX00067	1	VTX00067	VTX00067:100.00,VTX00265:99.23,VTX00065:99.04,VTX00195:98.82,VTX00307:97.24
PX214520.1	Funneliformis mosseae | W32_9_13A	Funneliformis mosseae	main		assigned	VTX00067	100.0	VTX00067	1	VTX00067	VTX00067:100.00,VTX00265:99.04,VTX00065:98.85,VTX00195:98.63,VTX00307:97.05
PX214521.1	Funneliformis mosseae | 3502	Funneliformis mosseae	main		assigned	VTX00067	100.0	VTX00067	1	VTX00067	VTX00067:100.00,VTX00265:99.04,VTX00065:98.85,VTX00195:98.63,VTX00307:97.05
PX214522.1	Funneliformis mosseae | 4344_272A	Funneliformis mosseae	main		assigned	VTX00067	99.808	VTX00067	1	VTX00067	VTX00067:99.81,VTX00265:99.04,VTX00065:98.85,VTX00195:98.63,VTX00307:97.05
PX214523.1	Funneliformis mosseae | 4344_272A	Funneliformis mosseae	main		assigned	VTX00067	99.808	VTX00067,VTX00265	2	VTX00067	VTX00067:99.81,VTX00265:99.42,VTX00065:99.04,VTX00195:98.63,VTX00307:97.24
PX214524.1	Funneliformis mosseae | 4344_272A	Funneliformis mosseae	main		assigned	VTX00067	99.808	VTX00067,VTX00265	2	VTX00067	VTX00067:99.81,VTX00265:99.42,VTX00065:99.04,VTX00195:98.63,VTX00307:97.24
PX214525.1	Funneliformis mosseae | 4344_272A	Funneliformis mosseae	main		assigned	VTX00067	99.808	VTX00067,VTX00265	2	VTX00067	VTX00067:99.81,VTX00265:99.42,VTX00065:99.04,VTX00195:98.63,VTX00307:97.24
PX214526.1	Funneliformis mosseae | CHB4_Fmos	Funneliformis mosseae	main		assigned	VTX00067	100.0	VTX00067	1	VTX00067	VTX00067:100.00,VTX00265:99.23,VTX00065:99.04,VTX00195:98.82,VTX00307:97.24
PX214527.1	Funneliformis mosseae | CHB4_Fmos	Funneliformis mosseae	main		assigned	VTX00067	100.0	VTX00067	1	VTX00067	VTX00067:100.00,VTX00265:99.23,VTX00065:99.04,VTX00195:98.82,VTX00307:97.24
PX214528.1	Funneliformis mosseae | CHB4_Fmos	Funneliformis mosseae	main		assigned	VTX00067	100.0	VTX00067	1	VTX00067	VTX00067:100.00,VTX00265:99.23,VTX00065:99.04,VTX00195:98.82,VTX00307:97.24
PX214529.1	Funneliformis mosseae | CHB4_Fmos	Funneliformis mosseae	main		assigned	VTX00067	100.0	VTX00067	1	VTX00067	VTX00067:100.00,VTX00265:99.23,VTX00065:99.04,VTX00195:98.82,VTX00307:97.24
PX214530.1	Funneliformis mosseae | CHB4_Fmos	Funneliformis mosseae	main		assigned	VTX00067	100.0	VTX00067	1	VTX00067	VTX00067:100.00,VTX00265:99.23,VTX00065:99.04,VTX00195:98.82,VTX00307:97.24
PX214531.1	Funneliformis mosseae | CHB4_Fmos	Funneliformis mosseae	main		assigned	VTX00067	100.0	VTX00067	1	VTX00067	VTX00067:100.00,VTX00265:99.23,VTX00065:99.04,VTX00195:98.82,VTX00307:97.24
PX214532.1	Funneliformis mosseae | FEC30_219A	Funneliformis mosseae	main		assigned	VTX00067	100.0	VTX00067	1	VTX00067	VTX00067:100.00,VTX00265:99.23,VTX00065:99.04,VTX00195:98.82,VTX00307:97.24
PX214533.1	Funneliformis mosseae | FEC30_219A	Funneliformis mosseae	main		assigned	VTX00067	100.0	VTX00067	1	VTX00067	VTX00067:100.00,VTX00265:99.23,VTX00065:99.04,VTX00195:98.82,VTX00307:97.24
PX214534.1	Funneliformis mosseae | FEC30_219A	Funneliformis mosseae	main		assigned	VTX00067	100.0	VTX00067	1	VTX00067	VTX00067:100.00,VTX00265:99.04,VTX00065:98.85,VTX00195:98.63,VTX00307:97.05
PX214535.1	Funneliformis mosseae | FEC30_219A	Funneliformis mosseae	main		assigned	VTX00067	100.0	VTX00067	1	VTX00067	VTX00067:100.00,VTX00265:99.04,VTX00065:98.85,VTX00195:98.63,VTX00307:97.05
PX214536.1	Funneliformis mosseae | FEC30_219A	Funneliformis mosseae	main		assigned	VTX00067	100.0	VTX00067	1	VTX00067	VTX00067:100.00,VTX00265:99.23,VTX00065:99.04,VTX00195:98.82,VTX00307:97.24
PX214537.1	Funneliformis mosseae | CHB4_Fmos	Funneliformis mosseae	main		assigned	VTX00067	99.808	VTX00065,VTX00067,VTX00265	3	VTX00067	VTX00067:99.81,VTX00265:99.42,VTX00065:99.23,VTX00195:98.63,VTX00307:97.44
PX214538.1	Funneliformis mosseae | CHB4_Fmos	Funneliformis mosseae	main		assigned	VTX00067	99.808	VTX00067	1	VTX00067	VTX00067:99.81,VTX00265:99.04,VTX00065:98.85,VTX00195:98.63,VTX00307:97.05
PX214539.1	Funneliformis mosseae | CHB4_Fmos	Funneliformis mosseae	main		assigned	VTX00067	99.808	VTX00065,VTX00067,VTX00265	3	VTX00067	VTX00067:99.81,VTX00265:99.42,VTX00065:99.23,VTX00195:98.63,VTX00307:97.44
PX214540.1	Funneliformis mosseae | CHB4_Fmos	Funneliformis mosseae	main		assigned	VTX00067	100.0	VTX00067	1	VTX00067	VTX00067:100.00,VTX00265:99.23,VTX00065:99.04,VTX00195:98.82,VTX00307:97.24
PX214541.1	Funneliformis mosseae | 3502	Funneliformis mosseae	main		assigned	VTX00067	100.0	VTX00067	1	VTX00067	VTX00067:100.00,VTX00265:99.23,VTX00065:99.04,VTX00195:98.82,VTX00307:97.24
PX214542.1	Funneliformis mosseae | 2101_50A	Funneliformis mosseae	main		assigned	VTX00067	100.0	VTX00067	1	VTX00067	VTX00067:100.00,VTX00265:99.23,VTX00065:99.04,VTX00195:98.82,VTX00307:97.24
PX214543.1	Funneliformis mosseae | 2101_50A	Funneliformis mosseae	main		assigned	VTX00067	100.0	VTX00067	1	VTX00067	VTX00067:100.00,VTX00265:99.23,VTX00065:99.04,VTX00195:98.82,VTX00307:97.24
PX214544.1	Funneliformis mosseae | CHB1_Fmos	Funneliformis mosseae	main		assigned	VTX00067	100.0	VTX00067	1	VTX00067	VTX00067:100.00,VTX00265:99.23,VTX00065:99.04,VTX00195:98.82,VTX00307:97.24
PX214545.1	Funneliformis mosseae | CHB1_Fmos	Funneliformis mosseae	main		assigned	VTX00067	99.808	VTX00067	1	VTX00067	VTX00067:99.81,VTX00265:99.04,VTX00065:98.85,VTX00195:98.63,VTX00307:97.05
PX214546.1	Funneliformis mosseae | CHB1_Fmos	Funneliformis mosseae	main		assigned	VTX00067	100.0	VTX00067	1	VTX00067	VTX00067:100.00,VTX00265:99.23,VTX00065:99.04,VTX00195:98.82,VTX00307:97.24
PX214547.1	Funneliformis mosseae | CHB1_Fmos	Funneliformis mosseae	main		assigned	VTX00067	100.0	VTX00067	1	VTX00067	VTX00067:100.00,VTX00265:99.23,VTX00065:99.04,VTX00195:98.82,VTX00307:97.24
PX214548.1	Funneliformis mosseae | CHB1_Fmos	Funneliformis mosseae	main		assigned	VTX00067	100.0	VTX00067	1	VTX00067	VTX00067:100.00,VTX00265:99.23,VTX00065:99.04,VTX00195:98.82,VTX00307:97.24
PX214549.1	Funneliformis mosseae | CHB1_Fmos	Funneliformis mosseae	main		assigned	VTX00067	100.0	VTX00067	1	VTX00067	VTX00067:100.00,VTX00265:99.23,VTX00065:99.04,VTX00195:98.82,VTX00307:97.24
PX214550.1	Funneliformis mosseae | CHB1_Fmos	Funneliformis mosseae	main		assigned	VTX00067	100.0	VTX00067	1	VTX00067	VTX00067:100.00,VTX00265:99.23,VTX00065:99.04,VTX00195:98.82,VTX00307:97.24
PX214551.1	Funneliformis mosseae | CHB1_Fmos	Funneliformis mosseae	main		assigned	VTX00067	99.808	VTX00067	1	VTX00067	VTX00067:99.81,VTX00265:99.04,VTX00065:98.85,VTX00195:98.63,VTX00307:97.05
PX214552.1	Funneliformis mosseae | CHB1_Fmos	Funneliformis mosseae	main		assigned	VTX00067	99.808	VTX00067	1	VTX00067	VTX00067:99.81,VTX00265:99.04,VTX00065:98.85,VTX00195:98.63,VTX00307:97.05
PX214553.1	Funneliformis mosseae | CHB1_Fmos	Funneliformis mosseae	main		assigned	VTX00067	100.0	VTX00067	1	VTX00067	VTX00067:100.00,VTX00265:99.23,VTX00065:99.04,VTX00195:98.82,VTX00307:97.24
PX214554.1	Funneliformis mosseae | CHB4_Fmos	Funneliformis mosseae	main		assigned	VTX00067	100.0	VTX00067	1	VTX00067	VTX00067:100.00,VTX00265:99.23,VTX00065:99.04,VTX00195:98.82,VTX00307:97.24
PX214555.1	Funneliformis mosseae | CHB1_Fmos	Funneliformis mosseae	main		assigned	VTX00067	99.808	VTX00067	1	VTX00067	VTX00067:99.81,VTX00265:99.04,VTX00065:98.85,VTX00195:98.63,VTX00307:97.05
PX214556.1	Funneliformis mosseae | CHB1_Fmos	Funneliformis mosseae	main		assigned	VTX00067	100.0	VTX00067	1	VTX00067	VTX00067:100.00,VTX00265:99.23,VTX00065:99.04,VTX00195:98.82,VTX00307:97.24
PX214557.1	Funneliformis mosseae | CHB1_Fmos	Funneliformis mosseae	main		assigned	VTX00067	100.0	VTX00067	1	VTX00067	VTX00067:100.00,VTX00265:99.23,VTX00065:99.04,VTX00195:98.82,VTX00307:97.24
PX214558.1	Funneliformis mosseae | CHB1_Fmos	Funneliformis mosseae	main		assigned	VTX00067	100.0	VTX00067	1	VTX00067	VTX00067:100.00,VTX00265:99.23,VTX00065:99.04,VTX00195:98.82,VTX00307:97.24
PX214559.1	Funneliformis mosseae | CHB3_Fmos	Funneliformis mosseae	main		assigned	VTX00067	100.0	VTX00067	1	VTX00067	VTX00067:100.00,VTX00265:99.23,VTX00065:99.04,VTX00195:98.82,VTX00307:97.24
PX214560.1	Funneliformis mosseae | CHB3_Fmos	Funneliformis mosseae	main		assigned	VTX00067	100.0	VTX00067	1	VTX00067	VTX00067:100.00,VTX00265:99.23,VTX00065:99.04,VTX00195:98.82,VTX00307:97.24
PX214561.1	Funneliformis mosseae | CHB3_Fmos	Funneliformis mosseae	main		assigned	VTX00067	99.808	VTX00067,VTX00265	2	VTX00067	VTX00067:99.81,VTX00265:99.42,VTX00065:99.04,VTX00195:98.63,VTX00307:97.24
PX214562.1	Funneliformis mosseae | 4344_272A	Funneliformis mosseae	main		assigned	VTX00067	100.0	VTX00067	1	VTX00067	VTX00067:100.00,VTX00265:99.23,VTX00065:99.04,VTX00195:98.82,VTX00307:97.24
PX214563.1	Funneliformis mosseae | 4344_272A	Funneliformis mosseae	main		assigned	VTX00067	99.808	VTX00067	1	VTX00067	VTX00067:99.81,VTX00265:99.04,VTX00065:98.85,VTX00195:98.63,VTX00307:97.05
PX214564.1	Funneliformis mosseae | 4344_272A	Funneliformis mosseae	main		assigned	VTX00067	100.0	VTX00067	1	VTX00067	VTX00067:100.00,VTX00265:99.23,VTX00065:99.04,VTX00195:98.82,VTX00307:97.24
PX214565.1	Funneliformis mosseae | 4344_272A	Funneliformis mosseae	main		assigned	VTX00067	100.0	VTX00067	1	VTX00067	VTX00067:100.00,VTX00265:99.23,VTX00065:99.04,VTX00195:98.82,VTX00307:97.24
PX214566.1	Funneliformis mosseae | 4344_272A	Funneliformis mosseae	main		assigned	VTX00067	99.808	VTX00067,VTX00265	2	VTX00067	VTX00067:99.81,VTX00265:99.42,VTX00065:99.04,VTX00195:98.63,VTX00307:97.24
PX214567.1	Funneliformis mosseae | 4344_272A	Funneliformis mosseae	main		assigned	VTX00067	99.808	VTX00067,VTX00265	2	VTX00067	VTX00067:99.81,VTX00265:99.42,VTX00065:99.04,VTX00195:98.63,VTX00307:97.24
PX214568.1	Funneliformis mosseae | CHB1_Fmos	Funneliformis mosseae	main		assigned	VTX00067	100.0	VTX00067	1	VTX00067	VTX00067:100.00,VTX00265:99.23,VTX00065:99.04,VTX00195:98.82,VTX00307:97.24
PX214569.1	Funneliformis mosseae | W32_9_13A	Funneliformis mosseae	main		assigned	VTX00067	100.0	VTX00067	1	VTX00067	VTX00067:100.00,VTX00265:99.04,VTX00065:98.85,VTX00195:98.63,VTX00307:97.05
PX214570.1	Funneliformis mosseae | CHB1_Fmos	Funneliformis mosseae	main		assigned	VTX00067	100.0	VTX00067	1	VTX00067	VTX00067:100.00,VTX00265:99.23,VTX00065:99.04,VTX00195:98.82,VTX00307:97.24
PX214571.1	Funneliformis mosseae | CHB1_Fmos	Funneliformis mosseae	main		assigned	VTX00067	99.808	VTX00067	1	VTX00067	VTX00067:99.81,VTX00265:99.04,VTX00065:98.85,VTX00195:98.66,VTX00307:97.05
PX214572.1	Septoglomus viscosum | CW0029_4028A	Septoglomus viscosum	main		assigned	VTX00063	99.231	VTX00063	1	VTX00063	VTX00063:99.23,VTX00064:97.31,VTX00293:97.31,VTX00365:97.11,VTX00409:96.92
PX214573.1	Septoglomus viscosum | MD215_360A	Septoglomus viscosum	main		assigned	VTX00063	99.231	VTX00063	1	VTX00063	VTX00063:99.23,VTX00064:97.31,VTX00293:97.31,VTX00365:97.11,VTX00409:96.92
PX214574.1	Septoglomus viscosum | MD215_360A	Septoglomus viscosum	main		assigned	VTX00063	99.231	VTX00063	1	VTX00063	VTX00063:99.23,VTX00064:97.31,VTX00293:97.31,VTX00365:97.11,VTX00409:96.92
PX214575.1	Septoglomus viscosum | MD215_360A	Septoglomus viscosum	main		assigned	VTX00063	99.231	VTX00063	1	VTX00063	VTX00063:99.36,VTX00064:97.70,VTX00365:97.69,VTX00409:97.50,VTX00293:96.93
PX214576.1	Septoglomus viscosum | W375_18_642E	Septoglomus viscosum	main		assigned	VTX00063	99.615	VTX00063	1	VTX00063	VTX00063:99.61,VTX00064:97.70,VTX00293:97.31,VTX00409:97.31,VTX00326:96.93
PX214577.1	Septoglomus viscosum | W375_18_642E	Septoglomus viscosum	main		assigned	VTX00063	99.808	VTX00063	1	VTX00063	VTX00063:99.81,VTX00064:97.50,VTX00409:97.50,VTX00293:97.12,VTX00365:97.11
PX214578.1	Septoglomus viscosum | CW0029_4028A	Septoglomus viscosum	main		assigned	VTX00063	99.423	VTX00063	1	VTX00063	VTX00063:99.42,VTX00064:97.50,VTX00365:97.31,VTX00409:96.92,VTX00293:96.74
PX214579.1	Septoglomus viscosum | W375_18_642E	Septoglomus viscosum	main		assigned	VTX00063	100.0	VTX00063	1	VTX00063	VTX00063:100.00,VTX00409:97.89,VTX00064:97.47,VTX00365:97.11,VTX00293:96.55
PX214580.1	Septoglomus viscosum | CW0002_4001A	Septoglomus viscosum	main		assigned	VTX00063	99.615	VTX00063	1	VTX00063	VTX00063:99.61,VTX00409:97.31,VTX00064:97.12,VTX00365:96.92,VTX00293:96.74
PX214581.1	Septoglomus viscosum | CW0002_4001A	Septoglomus viscosum	main		assigned	VTX00063	99.808	VTX00063	1	VTX00063	VTX00063:99.81,VTX00064:97.70,VTX00365:97.31,VTX00293:97.12,VTX00409:96.92
PX214582.1	Septoglomus viscosum | CW0002_4001A	Septoglomus viscosum	main		assigned	VTX00063	98.855	VTX00063	1	VTX00063	VTX00063:98.86,VTX00064:96.95,VTX00409:96.75,VTX00365:96.75,VTX00293:96.37
PX214583.1	Septoglomus viscosum | W375_18_642E	Septoglomus viscosum	divergent	short_5.8S	assigned	VTX00409	98.462	VTX00409	1	VTX00063	VTX00409:98.46,VTX00063:96.15,VTX00064:95.91,VTX00117:95.39,VTX00293:95.01
PX214584.1	Septoglomus sp. | 5070_5024A	Septoglomus sp.	main		assigned	VTX00063	97.313	VTX00063	1	VTX00063	VTX00063:97.31,VTX00293:96.55,VTX00064:96.17,VTX00409:95.78,VTX00365:95.58
PX214585.1	Septoglomus sp. | C4	Septoglomus sp.	main		assigned	VTX00063	97.313	VTX00063	1	VTX00063	VTX00063:97.31,VTX00293:96.55,VTX00064:96.17,VTX00409:95.78,VTX00365:95.58
PX214586.1	Septoglomus sp. | 5070_5024A	Septoglomus sp.	main		assigned	VTX00063	97.121	VTX00063	1	VTX00063	VTX00063:97.12,VTX00293:96.75,VTX00064:95.78,VTX00409:95.58,VTX00365:95.58
PX214587.1	Septoglomus sp. | C4	Septoglomus sp.	main		assigned	VTX00063	97.121	VTX00063	1	VTX00063	VTX00063:97.12,VTX00293:96.75,VTX00064:95.78,VTX00409:95.58,VTX00365:95.58
PX214588.1	Septoglomus sp. | C4	Septoglomus sp.	main		unassigned				0	VTX00063	VTX00063:96.93,VTX00293:96.37,VTX00064:95.59,VTX00409:95.58,VTX00365:95.58
PX214589.1	Septoglomus sp. | C4	Septoglomus sp.	main		assigned	VTX00063	97.059	VTX00063	1	VTX00063	VTX00063:97.06,VTX00293:96.56,VTX00064:95.78,VTX00409:95.78,VTX00365:95.78
PX214590.1	Septoglomus sp. | C4	Septoglomus sp.	main		assigned	VTX00063	97.065	VTX00063	1	VTX00063	VTX00063:97.06,VTX00293:96.56,VTX00064:95.60,VTX00409:95.40,VTX00365:95.40
PX214591.1	Septoglomus sp. | 5070_5024A	Septoglomus sp.	main		unassigned				0	VTX00063	VTX00063:96.93,VTX00293:96.56,VTX00064:95.78,VTX00409:95.78,VTX00365:95.78
PX214592.1	Septoglomus sp. | C4	Septoglomus sp.	main		unassigned				0	VTX00063	VTX00063:96.93,VTX00293:96.37,VTX00064:95.59,VTX00409:95.58,VTX00365:95.58
PX214593.1	Septoglomus sp. | C4	Septoglomus sp.	main		unassigned				0	VTX00063	VTX00063:96.93,VTX00293:96.37,VTX00064:95.59,VTX00409:95.58,VTX00365:95.58
PX214594.1	Septoglomus sp. | C4	Septoglomus sp.	main		unassigned				0	VTX00063	VTX00063:96.93,VTX00293:96.37,VTX00064:95.59,VTX00409:95.58,VTX00365:95.58
PX214595.1	Septoglomus sp. | 4404_2057A	Septoglomus sp.	divergent	same_length	assigned	VTX00064	99.038	VTX00064	1	VTX00064	VTX00064:99.04,VTX00326:97.69,VTX00333:97.63,VTX00063:97.11,VTX00409:97.11
PX214596.1	Septoglomus sp. | FS_9_2328B	Septoglomus sp.	main		assigned	VTX00064	98.846	VTX00064	1	VTX00064	VTX00064:98.85,VTX00333:97.63,VTX00326:97.50,VTX00334:97.11,VTX00293:97.11
PX214597.1	Septoglomus sp. | FS_9_2328B	Septoglomus sp.	main		assigned	VTX00064	99.038	VTX00064	1	VTX00064	VTX00064:99.04,VTX00326:97.69,VTX00063:97.31,VTX00293:97.31,VTX00333:97.24
PX214598.1	Septoglomus sp. | FS_9_2328B	Septoglomus sp.	main		assigned	VTX00064	99.423	VTX00064	1	VTX00064	VTX00064:99.42,VTX00326:97.69,VTX00333:97.24,VTX00334:97.11,VTX00063:97.11
PX214599.1	Septoglomus sp. | 4404_2057A	Septoglomus sp.	main		assigned	VTX00064	99.423	VTX00064	1	VTX00064	VTX00064:99.42,VTX00326:98.08,VTX00333:97.63,VTX00334:97.50,VTX00063:97.50
PX214600.1	Septoglomus sp. | 4404_2057A	Septoglomus sp.	main		assigned	VTX00064	99.423	VTX00064	1	VTX00064	VTX00064:99.42,VTX00326:98.08,VTX00333:97.63,VTX00334:97.50,VTX00063:97.50
PX214601.1	Septoglomus sp. | FS_9_2328B	Septoglomus sp.	divergent	same_length	assigned	VTX00064	99.615	VTX00064	1	VTX00064	VTX00064:99.61,VTX00326:97.89,VTX00333:97.44,VTX00334:97.31,VTX00063:97.31
PX214602.1	Septoglomus sp. | FS_9_2328B	Septoglomus sp.	divergent	same_length	assigned	VTX00064	99.423	VTX00064	1	VTX00064	VTX00064:99.42,VTX00326:98.08,VTX00333:97.63,VTX00334:97.50,VTX00063:97.50
PX214603.1	Septoglomus sp. | Blasz_17_2277A	Septoglomus sp.	main		assigned	VTX00064	98.846	VTX00064	1	VTX00064	VTX00064:98.85,VTX00326:97.69,VTX00333:97.44,VTX00334:97.31,VTX00293:97.31
PX214604.1	Septoglomus sp. | Blasz_17_2277A	Septoglomus sp.	main		assigned	VTX00064	98.846	VTX00064	1	VTX00064	VTX00064:98.85,VTX00326:97.69,VTX00333:97.44,VTX00334:97.31,VTX00293:97.31
PX214605.1	Septoglomus sp. | Blasz_17_2277A	Septoglomus sp.	main		assigned	VTX00064	99.423	VTX00064	1	VTX00064	VTX00064:99.42,VTX00326:97.89,VTX00365:97.69,VTX00063:97.63,VTX00333:97.44
PX214606.1	Septoglomus sp. | Blasz_17_2277A	Septoglomus sp.	main		assigned	VTX00064	98.846	VTX00064	1	VTX00064	VTX00064:98.85,VTX00326:97.69,VTX00333:97.44,VTX00334:97.31,VTX00293:97.31
PX214607.1	Septoglomus sp. | Blasz_17_2277A	Septoglomus sp.	main		assigned	VTX00064	98.846	VTX00064	1	VTX00064	VTX00064:98.85,VTX00326:97.69,VTX00333:97.44,VTX00334:97.31,VTX00293:97.31
PX214608.1	Septoglomus sp. | SO43BL	Septoglomus sp.	main		assigned	VTX00064	98.846	VTX00064	1	VTX00064	VTX00064:98.85,VTX00326:97.69,VTX00333:97.44,VTX00334:97.31,VTX00293:97.31
PX214609.1	Septoglomus africanum | Blasz_17_2277A	Septoglomus africanum	main		assigned	VTX00064	99.423	VTX00064	1	VTX00064	VTX00064:99.42,VTX00326:97.89,VTX00365:97.69,VTX00063:97.63,VTX00333:97.44
PX214610.1	Septoglomus africanum | SO43BL	Septoglomus africanum	main		assigned	VTX00064	99.423	VTX00064	1	VTX00064	VTX00064:99.42,VTX00326:97.89,VTX00365:97.69,VTX00063:97.63,VTX00333:97.44
PX214611.1	Septoglomus africanum | SO43BL	Septoglomus africanum	main		assigned	VTX00064	99.423	VTX00064	1	VTX00064	VTX00064:99.42,VTX00326:97.89,VTX00365:97.69,VTX00063:97.63,VTX00333:97.44
PX214612.1	Septoglomus africanum | SO43BL	Septoglomus africanum	main		assigned	VTX00064	99.423	VTX00064	1	VTX00064	VTX00064:99.42,VTX00326:97.89,VTX00365:97.69,VTX00063:97.63,VTX00333:97.44
PX214613.1	Septoglomus africanum | SO43BL	Septoglomus africanum	main		assigned	VTX00064	99.423	VTX00064	1	VTX00064	VTX00064:99.42,VTX00326:97.89,VTX00365:97.69,VTX00063:97.63,VTX00333:97.44
PX214614.1	Septoglomus africanum | SO43BL	Septoglomus africanum	main		assigned	VTX00064	99.423	VTX00064	1	VTX00064	VTX00064:99.42,VTX00326:97.89,VTX00365:97.69,VTX00063:97.63,VTX00333:97.44
PX214615.1	Glomus tetrastratosum | CW0020_4019A	Glomus tetrastratosum	main		assigned	VTX00199	100.0	VTX00199	1	VTX00199	VTX00199:100.00,VTX00197:98.65,VTX00200:98.63,VTX00194:98.46,VTX00191:98.46
PX214616.1	Glomus tetrastratosum | CW0020_4019A	Glomus tetrastratosum	main		assigned	VTX00199	100.0	VTX00199	1	VTX00199	VTX00199:100.00,VTX00197:98.65,VTX00200:98.63,VTX00194:98.46,VTX00191:98.46
PX214617.1	Glomus tetrastratosum | 5105_2444A	Glomus tetrastratosum	main		assigned	VTX00199	100.0	VTX00199	1	VTX00199	VTX00199:100.00,VTX00200:98.82,VTX00194:98.65,VTX00191:98.65,VTX00197:98.46
PX214618.1	Glomus tetrastratosum | 4433_785B	Glomus tetrastratosum	main		assigned	VTX00199	99.808	VTX00199	1	VTX00199	VTX00199:99.81,VTX00200:99.02,VTX00194:98.46,VTX00191:98.46,VTX00197:98.27
PX214619.1	Glomus tetrastratosum | SASK26_2406A	Glomus tetrastratosum	main		assigned	VTX00199	99.808	VTX00199	1	VTX00199	VTX00199:99.81,VTX00200:98.63,VTX00194:98.46,VTX00191:98.46,VTX00197:98.27
PX214620.1	Glomus tetrastratosum | 5105_2444A	Glomus tetrastratosum	main		assigned	VTX00199	99.615	VTX00199	1	VTX00199	VTX00199:99.61,VTX00200:98.63,VTX00197:98.27,VTX00194:98.08,VTX00191:98.08
PX214621.1	Glomus tetrastratosum | CW0020_4019A	Glomus tetrastratosum	main		assigned	VTX00199	100.0	VTX00199	1	VTX00199	VTX00199:100.00,VTX00197:98.65,VTX00200:98.63,VTX00194:98.46,VTX00191:98.46
PX214622.1	Glomus tetrastratosum | 5105_2444A	Glomus tetrastratosum	main		assigned	VTX00199	99.615	VTX00199	1	VTX00199	VTX00199:99.61,VTX00200:98.82,VTX00191:98.46,VTX00194:98.27,VTX00196:98.08
PX214623.1	Glomus tetrastratosum | 5105_2444A	Glomus tetrastratosum	main		assigned	VTX00199	99.615	VTX00199	1	VTX00199	VTX00199:99.61,VTX00200:98.82,VTX00191:98.46,VTX00194:98.27,VTX00196:98.08
PX214624.1	Glomus tetrastratosum | 5105_2444A	Glomus tetrastratosum	main		assigned	VTX00199	99.808	VTX00199	1	VTX00199	VTX00199:99.81,VTX00200:98.82,VTX00194:98.46,VTX00191:98.46,VTX00197:98.27
PX214625.1	Glomus tetrastratosum | 5105_2444A	Glomus tetrastratosum	main		assigned	VTX00199	99.423	VTX00199	1	VTX00199	VTX00199:99.42,VTX00200:98.63,VTX00191:98.27,VTX00194:98.08,VTX00196:97.89
PX214626.1	Glomus tetrastratosum | 4433_785B	Glomus tetrastratosum	main		assigned	VTX00199	99.808	VTX00199	1	VTX00199	VTX00199:99.81,VTX00200:98.82,VTX00197:98.46,VTX00194:98.27,VTX00191:98.27
PX214627.1	Glomus tetrastratosum | 4433_785B	Glomus tetrastratosum	main		assigned	VTX00199	99.808	VTX00199	1	VTX00199	VTX00199:99.81,VTX00200:98.63,VTX00197:98.46,VTX00194:98.27,VTX00191:98.27
PX214628.1	Glomus tetrastratosum | 4433_785B	Glomus tetrastratosum	main		assigned	VTX00199	99.808	VTX00199	1	VTX00199	VTX00199:99.81,VTX00200:98.82,VTX00197:98.46,VTX00194:98.27,VTX00191:98.27
PX214629.1	Glomus chinense | 4650_4654_2007C	Glomus chinense	main		assigned	VTX00199	99.231	VTX00104,VTX00197,VTX00199	3	VTX00104,VTX00197,VTX00199	VTX00199:99.23,VTX00104:98.84,VTX00197:98.65,VTX00234:98.27,VTX00194:98.08
PX214630.1	Glomus chinense | 4419_1047A	Glomus chinense	main		assigned	VTX00199	99.231	VTX00104,VTX00197,VTX00199	3	VTX00104,VTX00197,VTX00199	VTX00199:99.23,VTX00104:98.84,VTX00197:98.65,VTX00234:98.27,VTX00194:98.08
PX214631.1	Glomus chinense | 4419_1047A	Glomus chinense	main		assigned	VTX00199	99.231	VTX00104,VTX00197,VTX00199	3	VTX00104,VTX00197,VTX00199	VTX00199:99.23,VTX00104:98.84,VTX00197:98.65,VTX00234:98.27,VTX00194:98.08
PX214632.1	Glomus chinense | 4419_1047A	Glomus chinense	main		assigned	VTX00199	99.231	VTX00104,VTX00197,VTX00199	3	VTX00104,VTX00197,VTX00199	VTX00199:99.23,VTX00104:98.84,VTX00197:98.65,VTX00234:98.27,VTX00194:98.08
PX214633.1	Glomus chinense | 4419_1047A	Glomus chinense	main		assigned	VTX00199	99.231	VTX00104,VTX00197,VTX00199	3	VTX00104,VTX00197,VTX00199	VTX00199:99.23,VTX00104:98.84,VTX00197:98.65,VTX00234:98.27,VTX00194:98.08
PX214634.1	Glomus chinense | 4419_1047A	Glomus chinense	main		assigned	VTX00199	99.231	VTX00104,VTX00197,VTX00199	3	VTX00104,VTX00197,VTX00199	VTX00199:99.23,VTX00104:98.84,VTX00197:98.65,VTX00234:98.27,VTX00194:98.08
PX214635.1	Glomus chinense | 4419_1047A	Glomus chinense	main		assigned	VTX00199	99.038	VTX00104,VTX00197,VTX00199	3	VTX00104,VTX00197,VTX00199	VTX00199:99.04,VTX00104:98.65,VTX00197:98.46,VTX00234:98.08,VTX00194:97.89
PX214636.1	Glomus chinense | 4650_4654_2007C	Glomus chinense	main		assigned	VTX00199	99.231	VTX00104,VTX00197,VTX00199	3	VTX00104,VTX00197,VTX00199	VTX00199:99.23,VTX00104:98.84,VTX00197:98.65,VTX00234:98.27,VTX00194:98.08
PX214637.1	Glomus chinense | 4650_4654_2007C	Glomus chinense	main		assigned	VTX00199	99.231	VTX00104,VTX00197,VTX00199	3	VTX00104,VTX00197,VTX00199	VTX00199:99.23,VTX00104:98.84,VTX00197:98.65,VTX00234:98.27,VTX00194:98.08
PX214638.1	Glomus chinense | 4650_4654_2007C	Glomus chinense	main		assigned	VTX00199	99.231	VTX00104,VTX00197,VTX00199	3	VTX00104,VTX00197,VTX00199	VTX00199:99.23,VTX00104:98.84,VTX00197:98.65,VTX00234:98.27,VTX00194:98.08
PX214639.1	Glomus chinense | 4650_4654_2007C	Glomus chinense	main		assigned	VTX00199	99.231	VTX00104,VTX00197,VTX00199	3	VTX00104,VTX00197,VTX00199	VTX00199:99.23,VTX00104:98.84,VTX00197:98.65,VTX00234:98.27,VTX00194:98.08
PX214640.1	Glomus chinense | 4419_1047A	Glomus chinense	main		assigned	VTX00199	99.231	VTX00104,VTX00197,VTX00199	3	VTX00104,VTX00197,VTX00199	VTX00199:99.23,VTX00104:98.84,VTX00197:98.65,VTX00234:98.27,VTX00194:98.08
PX214641.1	Glomus chinense | 4419_1047A	Glomus chinense	main		assigned	VTX00199	99.231	VTX00104,VTX00197,VTX00199	3	VTX00104,VTX00197,VTX00199	VTX00199:99.23,VTX00104:98.84,VTX00197:98.65,VTX00234:98.27,VTX00194:98.08
PX214642.1	Glomus chinense | 4419_1047A	Glomus chinense	main		assigned	VTX00199	99.231	VTX00104,VTX00197,VTX00199	3	VTX00104,VTX00197,VTX00199	VTX00199:99.23,VTX00104:98.84,VTX00197:98.65,VTX00234:98.27,VTX00194:98.08
PX214643.1	Glomus chinense | 4650_4654_2007C	Glomus chinense	main		assigned	VTX00199	99.231	VTX00104,VTX00197,VTX00199	3	VTX00104,VTX00197,VTX00199	VTX00199:99.23,VTX00104:98.84,VTX00197:98.65,VTX00234:98.27,VTX00194:98.08
PX214644.1	Glomus chinense | 4419_1047A	Glomus chinense	main		assigned	VTX00199	99.231	VTX00104,VTX00197,VTX00199	3	VTX00104,VTX00197,VTX00199	VTX00199:99.23,VTX00104:98.84,VTX00197:98.65,VTX00234:98.27,VTX00194:98.08
PX214645.1	Glomus chinense | 4650_4654_2007C	Glomus chinense	main		assigned	VTX00199	99.231	VTX00104,VTX00197,VTX00199	3	VTX00104,VTX00197,VTX00199	VTX00199:99.23,VTX00104:98.84,VTX00197:98.65,VTX00234:98.27,VTX00194:98.08
PX214646.1	Glomus chinense | 4419_1047A	Glomus chinense	main		assigned	VTX00199	99.231	VTX00104,VTX00197,VTX00199	3	VTX00104,VTX00197,VTX00199	VTX00199:99.23,VTX00104:98.84,VTX00197:98.65,VTX00234:98.27,VTX00194:98.08
PX214647.1	Glomus chinense | 4419_1047A	Glomus chinense	main		assigned	VTX00199	99.231	VTX00104,VTX00197,VTX00199	3	VTX00104,VTX00197,VTX00199	VTX00199:99.23,VTX00104:98.84,VTX00197:98.65,VTX00234:98.27,VTX00194:98.08
PX214648.1	Glomus chinense | 4411_1096D	Glomus chinense	main		assigned	VTX00199	99.231	VTX00104,VTX00197,VTX00199	3	VTX00199	VTX00199:99.23,VTX00104:98.84,VTX00197:98.65,VTX00234:98.27,VTX00194:98.08
PX214649.1	Glomus chinense | 4411_1096D	Glomus chinense	main		assigned	VTX00199	99.231	VTX00104,VTX00197,VTX00199	3	VTX00199	VTX00199:99.23,VTX00104:98.84,VTX00197:98.65,VTX00234:98.27,VTX00194:98.08
PX214650.1	Glomus chinense | 4411_1096D	Glomus chinense	main		assigned	VTX00199	99.615	VTX00197,VTX00199	2	VTX00199	VTX00199:99.61,VTX00197:99.04,VTX00234:98.65,VTX00194:98.46,VTX00104:98.46
PX214651.1	Glomus chinense | 4411_1096D	Glomus chinense	main		assigned	VTX00199	99.231	VTX00104,VTX00197,VTX00199	3	VTX00199	VTX00199:99.23,VTX00104:98.84,VTX00197:98.65,VTX00234:98.27,VTX00194:98.08
PX214652.1	Glomus chinense | 4036_906B	Glomus chinense	main		assigned	VTX00199	99.231	VTX00197,VTX00199	2	VTX00199	VTX00199:99.23,VTX00197:98.65,VTX00234:98.27,VTX00194:98.27,VTX00104:98.07
PX214653.1	Glomus chinense | 4036_906B	Glomus chinense	main		assigned	VTX00199	99.231	VTX00197,VTX00199	2	VTX00199	VTX00199:99.23,VTX00197:98.65,VTX00234:98.27,VTX00194:98.27,VTX00104:98.07
PX214654.1	Glomus chinense | 4036_906B	Glomus chinense	main		assigned	VTX00199	98.851	VTX00199	1	VTX00199	VTX00199:98.85,VTX00197:98.08,VTX00194:98.08,VTX00234:97.71,VTX00191:97.70
PX214655.1	Glomus chinense | 4036_906B	Glomus chinense	main		assigned	VTX00199	99.231	VTX00197,VTX00199	2	VTX00199	VTX00199:99.23,VTX00197:98.65,VTX00234:98.27,VTX00194:98.27,VTX00104:98.07
PX214656.1	Glomus chinense | 4036_906B	Glomus chinense	main		assigned	VTX00199	99.231	VTX00197,VTX00199	2	VTX00199	VTX00199:99.23,VTX00197:98.65,VTX00234:98.27,VTX00194:98.27,VTX00104:98.07
PX214657.1	Glomus chinense | 4036_906B	Glomus chinense	main		assigned	VTX00199	99.231	VTX00197,VTX00199	2	VTX00199	VTX00199:99.23,VTX00197:98.65,VTX00234:98.27,VTX00194:98.27,VTX00104:98.07
PX214658.1	Glomus chinense | 4036_906B	Glomus chinense	main		assigned	VTX00199	99.231	VTX00197,VTX00199	2	VTX00199	VTX00199:99.23,VTX00197:98.65,VTX00234:98.27,VTX00194:98.27,VTX00104:98.07
PX214659.1	Glomus chinense | 4411_1096D	Glomus chinense	main		assigned	VTX00199	98.846	VTX00197,VTX00199	2	VTX00199	VTX00199:98.85,VTX00197:98.27,VTX00234:97.89,VTX00104:97.88,VTX00194:97.69
PX214660.1	Glomus chinense | 4036_906B	Glomus chinense	main		assigned	VTX00199	99.231	VTX00197,VTX00199	2	VTX00199	VTX00199:99.23,VTX00197:98.65,VTX00234:98.27,VTX00194:98.27,VTX00104:98.07
PX214661.1	Glomus chinense | 4036_906B	Glomus chinense	main		assigned	VTX00199	99.231	VTX00197,VTX00199	2	VTX00199	VTX00199:99.23,VTX00197:98.65,VTX00234:98.27,VTX00194:98.27,VTX00104:98.07
PX214662.1	Glomus chinense | 4419_1047A	Glomus chinense	main		assigned	VTX00199	99.231	VTX00104,VTX00197,VTX00199	3	VTX00104,VTX00197,VTX00199	VTX00199:99.23,VTX00104:98.84,VTX00197:98.65,VTX00234:98.27,VTX00194:98.08
PX214663.1	Glomus chinense | 4411_1096D	Glomus chinense	main		assigned	VTX00199	99.038	VTX00199	1	VTX00199	VTX00199:99.04,VTX00197:98.08,VTX00234:97.89,VTX00194:97.89,VTX00104:97.69
PX214664.1	Glomus macrocarpum | W6285_2347C	Glomus macrocarpum	main		assigned	VTX00199	100.0	VTX00199	1	VTX00199	VTX00199:100.00,VTX00234:98.65,VTX00197:98.46,VTX00200:98.43,VTX00194:98.27
PX214665.1	Glomus macrocarpum | W6285_2347C	Glomus macrocarpum	main		assigned	VTX00199	99.808	VTX00199	1	VTX00199	VTX00199:99.81,VTX00234:98.85,VTX00197:98.65,VTX00194:98.46,VTX00200:98.23
PX214666.1	Glomus macrocarpum | W6285_2347C	Glomus macrocarpum	main		assigned	VTX00199	99.808	VTX00199	1	VTX00199	VTX00199:99.81,VTX00234:98.85,VTX00197:98.65,VTX00194:98.46,VTX00200:98.23
PX214667.1	Glomus macrocarpum | W6285_2347C	Glomus macrocarpum	main		assigned	VTX00199	99.808	VTX00199	1	VTX00199	VTX00199:99.81,VTX00197:98.85,VTX00234:98.66,VTX00194:98.65,VTX00104:98.26
PX214668.1	Glomus macrocarpum | W6285_2347C	Glomus macrocarpum	main		assigned	VTX00199	99.808	VTX00199	1	VTX00199	VTX00199:99.81,VTX00197:98.85,VTX00234:98.66,VTX00194:98.65,VTX00104:98.26
PX214669.1	Glomus macrocarpum | W6285_2347C	Glomus macrocarpum	main		assigned	VTX00199	99.808	VTX00199	1	VTX00199	VTX00199:99.81,VTX00234:98.85,VTX00197:98.65,VTX00194:98.46,VTX00200:98.23
PX214670.1	Glomus macrocarpum | W6285_2347C	Glomus macrocarpum	main		assigned	VTX00199	100.0	VTX00199	1	VTX00199	VTX00199:100.00,VTX00234:98.65,VTX00197:98.46,VTX00200:98.43,VTX00194:98.27
PX214671.1	Glomus rugosae | 2101_IVT46	Glomus rugosae	main		assigned	VTX00199	99.808	VTX00199	1	VTX00199	VTX00199:99.81,VTX00200:98.63,VTX00234:98.46,VTX00194:98.46,VTX00197:98.27
PX214672.1	Glomus rugosae | 2101_IVT46	Glomus rugosae	main		assigned	VTX00199	99.808	VTX00199	1	VTX00199	VTX00199:99.81,VTX00200:98.63,VTX00234:98.46,VTX00194:98.46,VTX00197:98.27
PX214673.1	Glomus rugosae | 4420_683B	Glomus rugosae	main		assigned	VTX00199	99.615	VTX00199	1	VTX00199	VTX00199:99.61,VTX00200:98.43,VTX00234:98.27,VTX00194:98.27,VTX00197:98.08
PX214674.1	Glomus rugosae | 4420_683B	Glomus rugosae	main		assigned	VTX00199	99.424	VTX00199	1	VTX00199	VTX00199:99.42,VTX00234:98.27,VTX00194:98.27,VTX00200:98.24,VTX00197:98.08
PX214675.1	Glomus rugosae | 2101_IVT46	Glomus rugosae	main		assigned	VTX00199	99.615	VTX00199	1	VTX00199	VTX00199:99.61,VTX00200:98.43,VTX00234:98.27,VTX00194:98.27,VTX00197:98.08
PX214676.1	Glomus rugosae | 2101_IVT46	Glomus rugosae	main		assigned	VTX00199	99.615	VTX00199	1	VTX00199	VTX00199:99.61,VTX00200:98.43,VTX00234:98.27,VTX00194:98.27,VTX00197:98.08
PX214677.1	Glomus rugosae | 2101_IVT46	Glomus rugosae	main		assigned	VTX00199	99.423	VTX00199	1	VTX00199	VTX00199:99.42,VTX00234:98.46,VTX00191:98.46,VTX00197:98.27,VTX00194:98.08
PX214678.1	Glomus rugosae | 4420_683B	Glomus rugosae	main		assigned	VTX00199	99.615	VTX00199	1	VTX00199	VTX00199:99.61,VTX00234:98.65,VTX00197:98.46,VTX00194:98.27,VTX00191:98.27
PX214679.1	Glomus rugosae | 4431_805C	Glomus rugosae	main		assigned	VTX00199	99.615	VTX00199	1	VTX00199	VTX00199:99.61,VTX00234:98.65,VTX00197:98.46,VTX00194:98.27,VTX00191:98.27
PX214680.1	Glomus rugosae | 2101_IVT46	Glomus rugosae	main		assigned	VTX00199	99.808	VTX00199	1	VTX00199	VTX00199:99.81,VTX00234:98.85,VTX00197:98.65,VTX00194:98.46,VTX00200:98.23
PX214681.1	Glomus rugosae | 2101_IVT46	Glomus rugosae	main		assigned	VTX00199	99.808	VTX00199	1	VTX00199	VTX00199:99.81,VTX00234:98.85,VTX00197:98.65,VTX00194:98.46,VTX00200:98.23
PX214682.1	Glomus rugosae | 2101_IVT46	Glomus rugosae	main		assigned	VTX00199	99.808	VTX00199	1	VTX00199	VTX00199:99.81,VTX00234:98.85,VTX00197:98.65,VTX00194:98.46,VTX00200:98.23
PX214683.1	Glomus rugosae | 2101_IVT46	Glomus rugosae	main		assigned	VTX00199	99.808	VTX00199	1	VTX00199	VTX00199:99.81,VTX00234:98.85,VTX00197:98.65,VTX00194:98.46,VTX00200:98.23
PX214684.1	Glomus rugosae | 4417_1160C	Glomus rugosae	main		assigned	VTX00199	99.615	VTX00199	1	VTX00199	VTX00199:99.61,VTX00197:98.65,VTX00234:98.46,VTX00194:98.46,VTX00104:98.07
PX214685.1	Glomus rugosae | 4384_IVT98	Glomus rugosae	main		assigned	VTX00199	99.615	VTX00199	1	VTX00199	VTX00199:99.61,VTX00197:98.65,VTX00234:98.46,VTX00194:98.46,VTX00104:98.07
PX214686.1	Glomus rugosae | 4431_805C	Glomus rugosae	main		assigned	VTX00199	99.615	VTX00199	1	VTX00199	VTX00199:99.61,VTX00197:98.65,VTX00234:98.46,VTX00194:98.46,VTX00104:98.07
PX214687.1	Glomus rugosae | 4415_1174B	Glomus rugosae	main		assigned	VTX00199	99.615	VTX00199	1	VTX00199	VTX00199:99.61,VTX00197:98.65,VTX00234:98.46,VTX00194:98.46,VTX00104:98.07
PX214688.1	Glomus rugosae | 4431_805C	Glomus rugosae	main		assigned	VTX00199	99.615	VTX00199	1	VTX00199	VTX00199:99.61,VTX00197:98.65,VTX00234:98.46,VTX00194:98.46,VTX00104:98.07
PX214689.1	Glomus rugosae | 4431_805C	Glomus rugosae	main		assigned	VTX00199	99.615	VTX00199	1	VTX00199	VTX00199:99.61,VTX00197:98.65,VTX00234:98.46,VTX00194:98.46,VTX00104:98.07
PX214690.1	Glomus rugosae | 4431_805C	Glomus rugosae	main		assigned	VTX00199	99.615	VTX00199	1	VTX00199	VTX00199:99.61,VTX00197:98.65,VTX00234:98.46,VTX00194:98.46,VTX00104:98.07
PX214691.1	Glomus rugosae | 4431_805C	Glomus rugosae	main		assigned	VTX00199	99.615	VTX00199	1	VTX00199	VTX00199:99.61,VTX00197:98.65,VTX00234:98.46,VTX00194:98.46,VTX00104:98.07
PX214692.1	Glomus rugosae | 4417_1160C	Glomus rugosae	main		assigned	VTX00199	99.615	VTX00199	1	VTX00199	VTX00199:99.61,VTX00197:98.65,VTX00234:98.46,VTX00194:98.46,VTX00104:98.07
PX214693.1	Glomus rugosae | 4415_1174B	Glomus rugosae	main		assigned	VTX00199	99.615	VTX00199	1	VTX00199	VTX00199:99.61,VTX00197:98.65,VTX00234:98.46,VTX00194:98.46,VTX00104:98.07
PX214694.1	Glomus rugosae | 4417_1160C	Glomus rugosae	main		assigned	VTX00199	99.808	VTX00199	1	VTX00199	VTX00199:99.81,VTX00197:98.85,VTX00234:98.66,VTX00194:98.65,VTX00104:98.26
PX214695.1	Glomus rugosae | 4384_IVT98	Glomus rugosae	main		assigned	VTX00199	99.808	VTX00199	1	VTX00199	VTX00199:99.81,VTX00197:98.85,VTX00234:98.66,VTX00194:98.65,VTX00104:98.26
PX214696.1	Glomus rugosae | 4431_805C	Glomus rugosae	main		assigned	VTX00199	99.808	VTX00199	1	VTX00199	VTX00199:99.81,VTX00197:98.85,VTX00234:98.66,VTX00194:98.65,VTX00104:98.26
PX214697.1	Glomus rugosae | 4415_1174B	Glomus rugosae	main		assigned	VTX00199	99.808	VTX00199	1	VTX00199	VTX00199:99.81,VTX00197:98.85,VTX00234:98.66,VTX00194:98.65,VTX00104:98.26
PX214698.1	Glomus rugosae | 4417_1160C	Glomus rugosae	main		assigned	VTX00199	99.232	VTX00199	1	VTX00199	VTX00199:99.23,VTX00197:98.27,VTX00234:98.08,VTX00194:98.08,VTX00191:97.89
PX214699.1	Glomus rugosae | 4417_1160C	Glomus rugosae	main		assigned	VTX00199	99.423	VTX00199	1	VTX00199	VTX00199:99.42,VTX00234:98.46,VTX00191:98.46,VTX00197:98.27,VTX00194:98.08
PX214700.1	Glomus rugosae | 4431_805C	Glomus rugosae	main		assigned	VTX00199	99.423	VTX00199	1	VTX00199	VTX00199:99.42,VTX00234:98.46,VTX00191:98.46,VTX00197:98.27,VTX00194:98.08
PX214701.1	Glomus rugosae | 4431_805C	Glomus rugosae	main		assigned	VTX00199	99.808	VTX00199	1	VTX00199	VTX00199:99.81,VTX00197:98.85,VTX00234:98.66,VTX00194:98.65,VTX00104:98.26
PX214702.1	Glomus rugosae | 4384_IVT98	Glomus rugosae	main		assigned	VTX00199	99.615	VTX00199	1	VTX00199	VTX00199:99.61,VTX00197:98.65,VTX00234:98.46,VTX00194:98.46,VTX00104:98.07
PX214703.1	Glomus rugosae | 4417_1160C	Glomus rugosae	main		assigned	VTX00199	99.808	VTX00199	1	VTX00199	VTX00199:99.81,VTX00197:98.85,VTX00234:98.66,VTX00194:98.65,VTX00104:98.26
PX214704.1	Glomus rugosae | 4384_IVT98	Glomus rugosae	main		assigned	VTX00199	99.808	VTX00199	1	VTX00199	VTX00199:99.81,VTX00197:98.85,VTX00234:98.66,VTX00194:98.65,VTX00104:98.26
PX214705.1	Glomus rugosae | 4431_805C	Glomus rugosae	main		assigned	VTX00199	99.808	VTX00199	1	VTX00199	VTX00199:99.81,VTX00197:98.85,VTX00234:98.66,VTX00194:98.65,VTX00104:98.26
PX214706.1	Glomus rugosae | 4415_1174B	Glomus rugosae	main		assigned	VTX00199	99.808	VTX00199	1	VTX00199	VTX00199:99.81,VTX00197:98.85,VTX00234:98.66,VTX00194:98.65,VTX00104:98.26
PX214707.1	Glomus rugosae | 4417_1160C	Glomus rugosae	main		assigned	VTX00199	99.808	VTX00199	1	VTX00199	VTX00199:99.81,VTX00197:98.85,VTX00234:98.66,VTX00194:98.65,VTX00104:98.26
PX214708.1	Glomus rugosae | 4384_IVT98	Glomus rugosae	main		assigned	VTX00199	99.615	VTX00199	1	VTX00199	VTX00199:99.61,VTX00197:98.65,VTX00234:98.46,VTX00194:98.46,VTX00104:98.07
PX214709.1	Glomus rugosae | 4417_1160C	Glomus rugosae	main		assigned	VTX00199	99.615	VTX00199	1	VTX00199	VTX00199:99.61,VTX00197:98.65,VTX00234:98.46,VTX00194:98.46,VTX00104:98.07
PX214710.1	Glomus rugosae | 4417_1160C	Glomus rugosae	main		assigned	VTX00199	99.423	VTX00199	1	VTX00199	VTX00199:99.42,VTX00234:98.46,VTX00191:98.46,VTX00197:98.27,VTX00194:98.08
PX214711.1	Glomus rugosae | 4431_805C	Glomus rugosae	main		assigned	VTX00199	99.423	VTX00199	1	VTX00199	VTX00199:99.42,VTX00234:98.46,VTX00191:98.46,VTX00197:98.27,VTX00194:98.08
PX214712.1	Glomus rugosae | 4384_IVT98	Glomus rugosae	main		assigned	VTX00199	99.423	VTX00199	1	VTX00199	VTX00199:99.42,VTX00234:98.46,VTX00191:98.46,VTX00197:98.27,VTX00194:98.08
PX214713.1	Glomus rugosae | 4384_IVT98	Glomus rugosae	main		assigned	VTX00199	99.808	VTX00199	1	VTX00199	VTX00199:99.81,VTX00234:98.85,VTX00197:98.65,VTX00194:98.46,VTX00200:98.23
PX214714.1	Glomus rugosae | 4431_805C	Glomus rugosae	main		assigned	VTX00199	99.808	VTX00199	1	VTX00199	VTX00199:99.81,VTX00234:98.85,VTX00197:98.65,VTX00194:98.46,VTX00200:98.23
PX214715.1	Glomus rugosae | 4420_683B	Glomus rugosae	main		assigned	VTX00199	99.808	VTX00199	1	VTX00199	VTX00199:99.81,VTX00234:98.85,VTX00197:98.65,VTX00194:98.46,VTX00200:98.23
PX214716.1	Glomus rugosae | 4420_683B	Glomus rugosae	main		assigned	VTX00199	99.808	VTX00199	1	VTX00199	VTX00199:99.81,VTX00234:98.85,VTX00197:98.65,VTX00194:98.46,VTX00200:98.23
PX214717.1	Glomus rugosae | 4431_805C	Glomus rugosae	main		assigned	VTX00199	99.808	VTX00199	1	VTX00199	VTX00199:99.81,VTX00234:98.85,VTX00197:98.65,VTX00194:98.46,VTX00200:98.23
PX214718.1	Glomus rugosae | 4420_683B	Glomus rugosae	main		assigned	VTX00199	99.808	VTX00199	1	VTX00199	VTX00199:99.81,VTX00234:98.85,VTX00197:98.65,VTX00194:98.46,VTX00200:98.23
PX214719.1	Glomus rugosae | 4420_683B	Glomus rugosae	main		assigned	VTX00199	99.808	VTX00199	1	VTX00199	VTX00199:99.81,VTX00234:98.85,VTX00197:98.65,VTX00194:98.46,VTX00200:98.23
PX214720.1	Glomus rugosae | 4431_805C	Glomus rugosae	main		assigned	VTX00199	99.808	VTX00199	1	VTX00199	VTX00199:99.81,VTX00234:98.85,VTX00197:98.65,VTX00194:98.46,VTX00200:98.23
PX214721.1	Glomus rugosae | 4420_683B	Glomus rugosae	main		assigned	VTX00199	99.808	VTX00199	1	VTX00199	VTX00199:99.81,VTX00234:98.85,VTX00197:98.65,VTX00194:98.46,VTX00200:98.23
PX214722.1	Glomus rugosae | 4420_683B	Glomus rugosae	main		assigned	VTX00199	99.808	VTX00199	1	VTX00199	VTX00199:99.81,VTX00234:98.85,VTX00197:98.65,VTX00194:98.46,VTX00200:98.23
PX214723.1	Glomus rugosae | 4420_683B	Glomus rugosae	main		assigned	VTX00199	99.808	VTX00199	1	VTX00199	VTX00199:99.81,VTX00234:98.85,VTX00197:98.65,VTX00194:98.46,VTX00200:98.23
PX214724.1	Glomus rugosae | 4431_805C	Glomus rugosae	main		assigned	VTX00199	99.808	VTX00199	1	VTX00199	VTX00199:99.81,VTX00234:98.85,VTX00197:98.65,VTX00194:98.46,VTX00200:98.23
PX214725.1	Glomus rugosae | 4431_805C	Glomus rugosae	main		assigned	VTX00199	99.808	VTX00199	1	VTX00199	VTX00199:99.81,VTX00234:98.85,VTX00197:98.65,VTX00194:98.46,VTX00200:98.23
PX214726.1	Glomus rugosae | 4420_683B	Glomus rugosae	main		assigned	VTX00199	99.808	VTX00199	1	VTX00199	VTX00199:99.81,VTX00234:98.85,VTX00197:98.65,VTX00194:98.46,VTX00200:98.23
PX214727.1	Glomus rugosae | 2101_IVT46	Glomus rugosae	main		assigned	VTX00199	99.808	VTX00199	1	VTX00199	VTX00199:99.81,VTX00234:98.85,VTX00197:98.65,VTX00194:98.46,VTX00200:98.23
PX214728.1	Glomus rugosae | 2101_IVT46	Glomus rugosae	main		assigned	VTX00199	99.808	VTX00199	1	VTX00199	VTX00199:99.81,VTX00234:98.85,VTX00197:98.65,VTX00194:98.46,VTX00200:98.23
PX214729.1	Glomus rugosae | 4384_IVT98	Glomus rugosae	main		assigned	VTX00199	99.615	VTX00199	1	VTX00199	VTX00199:99.61,VTX00197:98.65,VTX00234:98.46,VTX00194:98.46,VTX00104:98.07
PX214730.1	Glomus rugosae | 4384_IVT98	Glomus rugosae	main		assigned	VTX00199	99.808	VTX00199	1	VTX00199	VTX00199:99.81,VTX00197:98.85,VTX00234:98.66,VTX00194:98.65,VTX00104:98.26
PX214731.1	Glomus rugosae | 2101_IVT46	Glomus rugosae	main		assigned	VTX00199	99.808	VTX00199	1	VTX00199	VTX00199:99.81,VTX00234:98.85,VTX00197:98.65,VTX00194:98.46,VTX00200:98.23
PX214732.1	Glomus rugosae | 2101_IVT46	Glomus rugosae	main		assigned	VTX00199	99.808	VTX00199	1	VTX00199	VTX00199:99.81,VTX00234:98.85,VTX00197:98.65,VTX00194:98.46,VTX00200:98.23
PX214733.1	Glomus rugosae | 2101_IVT46	Glomus rugosae	main		assigned	VTX00199	99.615	VTX00199	1	VTX00199	VTX00199:99.61,VTX00234:98.65,VTX00197:98.46,VTX00194:98.27,VTX00191:98.27
PX214734.1	Glomus rugosae | 4420_683B	Glomus rugosae	main		assigned	VTX00199	99.808	VTX00199	1	VTX00199	VTX00199:99.81,VTX00234:98.85,VTX00197:98.65,VTX00194:98.46,VTX00200:98.23
PX214735.1	Glomus rugosae | 5103_2445A	Glomus rugosae	main		assigned	VTX00199	99.808	VTX00199	1	VTX00199	VTX00199:99.81,VTX00234:98.85,VTX00197:98.65,VTX00194:98.46,VTX00200:98.23
PX214736.1	Glomus rugosae | 5096_2452A	Glomus rugosae	main		assigned	VTX00199	99.808	VTX00199	1	VTX00199	VTX00199:99.81,VTX00234:98.85,VTX00197:98.65,VTX00194:98.46,VTX00200:98.23
PX214737.1	Glomus rugosae | 5103_2445A	Glomus rugosae	main		assigned	VTX00199	99.808	VTX00199	1	VTX00199	VTX00199:99.81,VTX00234:98.85,VTX00197:98.65,VTX00194:98.46,VTX00200:98.23
PX214738.1	Glomus rugosae | 5096_2452A	Glomus rugosae	main		assigned	VTX00199	99.808	VTX00199	1	VTX00199	VTX00199:99.81,VTX00234:98.85,VTX00197:98.65,VTX00194:98.46,VTX00200:98.23
PX214739.1	Glomus rugosae | 5103_2445A	Glomus rugosae	main		assigned	VTX00199	99.808	VTX00199	1	VTX00199	VTX00199:99.81,VTX00234:98.85,VTX00197:98.65,VTX00194:98.46,VTX00200:98.23
PX214740.1	Glomus rugosae | 5096_2452A	Glomus rugosae	main		assigned	VTX00199	99.808	VTX00199	1	VTX00199	VTX00199:99.81,VTX00234:98.85,VTX00197:98.65,VTX00194:98.46,VTX00200:98.23
PX214741.1	Glomus rugosae | 5096_2452A	Glomus rugosae	main		assigned	VTX00199	99.808	VTX00199	1	VTX00199	VTX00199:99.81,VTX00234:98.85,VTX00197:98.65,VTX00194:98.46,VTX00200:98.23
PX214742.1	Glomus rugosae | 5103_2445A	Glomus rugosae	main		assigned	VTX00199	99.808	VTX00199	1	VTX00199	VTX00199:99.81,VTX00234:98.85,VTX00197:98.65,VTX00194:98.46,VTX00200:98.23
PX214743.1	Glomus rugosae | 2101_IVT46	Glomus rugosae	main		assigned	VTX00199	99.423	VTX00199	1	VTX00199	VTX00199:99.61,VTX00234:98.46,VTX00194:98.46,VTX00197:98.27,VTX00200:98.23
PX214744.1	Glomus rugosae | 2101_IVT46	Glomus rugosae	main		assigned	VTX00199	99.423	VTX00199	1	VTX00199	VTX00199:99.61,VTX00234:98.46,VTX00194:98.46,VTX00197:98.27,VTX00200:98.23
PX214745.1	Glomus rugosae | 4487_957C	Glomus rugosae	main		assigned	VTX00199	99.423	VTX00199	1	VTX00199	VTX00199:99.42,VTX00234:98.46,VTX00191:98.46,VTX00197:98.27,VTX00194:98.08
PX214746.1	Dominikia duoreactiva | 4412	Dominikia duoreactiva	main		assigned	VTX00153	99.808	VTX00153	1	VTX00153	VTX00153:99.81,VTX00154:98.85,VTX00156:98.27,VTX00372:98.27,VTX00167:98.08
PX214747.1	Dominikia duoreactiva | 4392_1156C	Dominikia duoreactiva	main		assigned	VTX00153	99.808	VTX00153	1	VTX00153	VTX00153:99.81,VTX00154:98.85,VTX00156:98.27,VTX00372:98.27,VTX00167:98.08
PX214748.1	Dominikia duoreactiva | 4412	Dominikia duoreactiva	main		assigned	VTX00153	99.423	VTX00153	1	VTX00153	VTX00153:99.42,VTX00154:98.46,VTX00156:98.27,VTX00372:97.89,VTX00167:97.69
PX214749.1	Dominikia duoreactiva | 4392_1156C	Dominikia duoreactiva	main		assigned	VTX00153	99.042	VTX00153	1	VTX00153	VTX00153:99.21,VTX00154:98.08,VTX00156:97.70,VTX00143:97.51,VTX00167:97.51
PX214750.1	Dominikia duoreactiva | 4412	Dominikia duoreactiva	main		assigned	VTX00153	99.808	VTX00153	1	VTX00153	VTX00153:99.81,VTX00154:98.85,VTX00156:98.27,VTX00372:98.27,VTX00167:98.08
PX214751.1	Dominikia duoreactiva | 4392_1156C	Dominikia duoreactiva	main		assigned	VTX00153	98.846	VTX00153	1	VTX00153	VTX00153:99.21,VTX00154:97.89,VTX00440:97.83,VTX00156:97.69,VTX00143:97.50
PX214752.1	Dominikia duoreactiva | 4412	Dominikia duoreactiva	main		assigned	VTX00153	99.423	VTX00153	1	VTX00153	VTX00153:99.42,VTX00154:98.46,VTX00156:98.27,VTX00372:97.89,VTX00167:97.69
PX214753.1	Dominikia duoreactiva | 4392_1156C	Dominikia duoreactiva	main		assigned	VTX00153	99.423	VTX00153	1	VTX00153	VTX00153:99.42,VTX00154:98.46,VTX00156:98.27,VTX00372:97.89,VTX00167:97.69
PX214754.1	Dominikia duoreactiva | 4412	Dominikia duoreactiva	main		assigned	VTX00153	99.808	VTX00153	1	VTX00153	VTX00153:99.81,VTX00154:98.85,VTX00156:98.27,VTX00372:98.27,VTX00167:98.08
PX214755.1	Dominikia bonfanteae | 4351_1077A	Dominikia bonfanteae	main		assigned	VTX00143	99.808	VTX00143	1	VTX00143	VTX00143:99.81,VTX00423:98.67,VTX00154:98.27,VTX00142:97.89,VTX00156:97.70
PX214756.1	Dominikia bonfanteae | 4351_1077A	Dominikia bonfanteae	main		assigned	VTX00143	99.808	VTX00143	1	VTX00143	VTX00143:99.81,VTX00423:98.67,VTX00154:98.08,VTX00156:97.70,VTX00142:97.69
PX214757.1	Dominikia bonfanteae | 4351_1077A	Dominikia bonfanteae	main		assigned	VTX00143	99.808	VTX00143	1	VTX00143	VTX00143:99.81,VTX00423:98.67,VTX00154:98.08,VTX00156:97.70,VTX00142:97.69
PX214758.1	Dominikia bonfanteae | C10660_2264B	Dominikia bonfanteae	main		assigned	VTX00143	99.038	VTX00143	1	VTX00143	VTX00143:99.33,VTX00423:98.23,VTX00156:97.89,VTX00153:97.83,VTX00154:97.70
PX214759.1	Dominikia bonfanteae | C10660_2264B	Dominikia bonfanteae	main		assigned	VTX00143	99.038	VTX00143	1	VTX00143	VTX00143:99.56,VTX00423:98.01,VTX00154:97.70,VTX00156:97.50,VTX00153:97.44
PX214760.1	Dominikia bonfanteae | C10660_2264B	Dominikia bonfanteae	main		assigned	VTX00143	99.423	VTX00143	1	VTX00143	VTX00143:99.56,VTX00154:98.08,VTX00423:98.01,VTX00153:97.83,VTX00156:97.70
PX214761.1	Microdominikia litorea | 3647_963E	Microdominikia litorea	main		assigned	VTX00222	99.808	VTX00125+VTX00222	1	VTX00125+VTX00222	VTX00222:99.81,VTX00125:98.46,VTX00420:98.08,VTX00315:96.35,VTX00155:96.15
PX214762.1	Microdominikia litorea | 3647_963E	Microdominikia litorea	main		assigned	VTX00125	99.615	VTX00125+VTX00222	1	VTX00125+VTX00222	VTX00125:99.61,VTX00222:99.04,VTX00420:98.27,VTX00130:97.11,VTX00131:96.84
PX214763.1	Microdominikia litorea | 3647_963E	Microdominikia litorea	main		assigned	VTX00222	99.231	VTX00125+VTX00222	1	VTX00125+VTX00222	VTX00222:99.41,VTX00125:98.65,VTX00420:97.70,VTX00130:96.54,VTX00140:95.96
PX214764.1	Microdominikia litorea | 3647_963E	Microdominikia litorea	main		assigned	VTX00222	99.615	VTX00125+VTX00222	1	VTX00125+VTX00222	VTX00222:99.80,VTX00125:98.46,VTX00420:98.08,VTX00130:96.54,VTX00140:95.96
PX214765.1	Microdominikia litorea | 3647_963E	Microdominikia litorea	main		assigned	VTX00222	99.615	VTX00125+VTX00222	1	VTX00125+VTX00222	VTX00222:99.80,VTX00125:98.46,VTX00420:98.08,VTX00130:96.54,VTX00140:95.96
PX214766.1	Microdominikia litorea | 3647_963E	Microdominikia litorea	main		assigned	VTX00222	99.232	VTX00125+VTX00222	1	VTX00125+VTX00222	VTX00222:99.41,VTX00125:98.27,VTX00420:97.70,VTX00130:96.35,VTX00140:95.78
PX214767.1	Microdominikia litorea | 3647_963E	Microdominikia litorea	main		assigned	VTX00222	99.232	VTX00125+VTX00222	1	VTX00125+VTX00222	VTX00222:99.41,VTX00125:98.27,VTX00420:97.70,VTX00130:96.35,VTX00140:95.78
PX214768.1	Microdominikia litorea | 5274	Microdominikia litorea	main		assigned	VTX00125	99.808	VTX00125+VTX00222	1	VTX00125+VTX00222	VTX00125:99.81,VTX00222:98.85,VTX00420:98.46,VTX00130:97.11,VTX00140:96.73
PX214769.1	Microdominikia litorea | 5274	Microdominikia litorea	main		assigned	VTX00125	100.0	VTX00125+VTX00222	1	VTX00125+VTX00222	VTX00125:100.00,VTX00222:99.04,VTX00420:98.27,VTX00130:97.11,VTX00140:96.73
PX214770.1	Microdominikia litorea | 5274	Microdominikia litorea	main		assigned	VTX00125	100.0	VTX00125+VTX00222	1	VTX00125+VTX00222	VTX00125:100.00,VTX00222:99.04,VTX00420:98.27,VTX00130:97.11,VTX00140:96.73
PX214771.1	Microdominikia litorea | 5274	Microdominikia litorea	main		assigned	VTX00222	99.808	VTX00125+VTX00222	1	VTX00125+VTX00222	VTX00222:99.81,VTX00125:98.65,VTX00420:97.70,VTX00132:96.65,VTX00130:96.54
PX214772.1	Microdominikia litorea | 5274	Microdominikia litorea	main		assigned	VTX00222	99.035	VTX00125+VTX00222	1	VTX00125+VTX00222	VTX00222:99.03,VTX00125:98.15,VTX00420:96.53,VTX00146:95.83,VTX00130:95.68
PX214773.1	Glomus sp. | 4406	Glomus sp.	main		assigned	VTX00219	99.808	VTX00219	1	VTX00219	VTX00219:99.81,VTX00096:98.66,VTX00215:98.28,VTX00093:98.27,VTX00322:98.08
PX214774.1	Glomus sp. | 5089_2351A	Glomus sp.	main		assigned	VTX00219	99.808	VTX00219	1	VTX00219	VTX00219:99.81,VTX00096:98.66,VTX00215:98.28,VTX00093:98.27,VTX00322:98.08
PX214775.1	Glomus sp. | 5089_2351A	Glomus sp.	main		assigned	VTX00219	100.0	VTX00219	1	VTX00219	VTX00219:100.00,VTX00093:98.65,VTX00096:98.42,VTX00215:98.27,VTX00322:98.27
PX214776.1	Rhizophagus irregularis | 4569_1185B	Rhizophagus irregularis	main		assigned	VTX00114	100.0	VTX00113+VTX00115,VTX00114	2	VTX00113+VTX00115,VTX00114	VTX00114:100.00,VTX00113:99.42,VTX00295:99.04,VTX00115:99.04,VTX00387:99.02
PX214777.1	Rhizophagus irregularis | 4375_IVT88A	Rhizophagus irregularis	divergent	short_5.8S	assigned	VTX00114	100.0	VTX00113+VTX00115,VTX00114	2	VTX00113+VTX00115,VTX00114	VTX00114:100.00,VTX00113:99.42,VTX00295:99.04,VTX00115:99.04,VTX00387:99.02
PX214778.1	Rhizophagus irregularis | 4341_IVT72A	Rhizophagus irregularis	divergent	short_5.8S	assigned	VTX00114	100.0	VTX00113+VTX00115,VTX00114	2	VTX00113+VTX00115,VTX00114	VTX00114:100.00,VTX00113:99.42,VTX00295:99.04,VTX00115:99.04,VTX00387:99.02
PX214779.1	Rhizophagus irregularis | 4348_IVT77A	Rhizophagus irregularis	divergent	short_5.8S	assigned	VTX00114	100.0	VTX00113+VTX00115,VTX00114	2	VTX00113+VTX00115,VTX00114	VTX00114:100.00,VTX00113:99.42,VTX00295:99.04,VTX00115:99.04,VTX00387:99.02
PX214780.1	Rhizophagus irregularis | 4674_1184D	Rhizophagus irregularis	divergent	short_5.8S	assigned	VTX00114	100.0	VTX00113+VTX00115,VTX00114	2	VTX00113+VTX00115,VTX00114	VTX00114:100.00,VTX00113:99.42,VTX00295:99.04,VTX00115:99.04,VTX00387:99.02
PX214781.1	Rhizophagus irregularis | 4292_708C	Rhizophagus irregularis	divergent	short_5.8S	assigned	VTX00114	100.0	VTX00113+VTX00115,VTX00114	2	VTX00113+VTX00115,VTX00114	VTX00114:100.00,VTX00113:99.42,VTX00295:99.04,VTX00115:99.04,VTX00387:99.02
PX214782.1	Rhizophagus irregularis | 4375_IVT88A	Rhizophagus irregularis	divergent	short_5.8S	assigned	VTX00114	100.0	VTX00113+VTX00115,VTX00114	2	VTX00113+VTX00115,VTX00114	VTX00114:100.00,VTX00113:99.42,VTX00295:99.04,VTX00115:99.04,VTX00387:99.02
PX214783.1	Rhizophagus irregularis | T3_IVT34A	Rhizophagus irregularis	divergent	short_5.8S	assigned	VTX00113	99.808	VTX00111,VTX00113+VTX00115,VTX00114,VTX00295,VTX00387	5	VTX00111,VTX00113+VTX00115,VTX00114,VTX00295,VTX00387	VTX00113:99.81,VTX00114:99.61,VTX00295:99.42,VTX00115:99.42,VTX00387:99.41
PX214784.1	Rhizophagus irregularis | CC4_4A_IVT7A	Rhizophagus irregularis	divergent	short_5.8S	ambiguous		99.615	VTX00111,VTX00113+VTX00115,VTX00114,VTX00295,VTX00387	5	VTX00111,VTX00113+VTX00115,VTX00114,VTX00295,VTX00387	VTX00113:99.61,VTX00115:99.61,VTX00114:99.42,VTX00295:99.23,VTX00387:99.21
PX214785.1	Rhizophagus irregularis | 4569_1185B	Rhizophagus irregularis	main		assigned	VTX00114	100.0	VTX00113+VTX00115,VTX00114	2	VTX00113+VTX00115,VTX00114	VTX00114:100.00,VTX00113:99.42,VTX00295:99.04,VTX00115:99.04,VTX00387:99.02
PX214786.1	Rhizophagus irregularis | 4375_IVT88A	Rhizophagus irregularis	main		assigned	VTX00114	100.0	VTX00113+VTX00115,VTX00114	2	VTX00113+VTX00115,VTX00114	VTX00114:100.00,VTX00113:99.42,VTX00295:99.04,VTX00115:99.04,VTX00387:99.02
PX214787.1	Rhizophagus irregularis | 4375_IVT88A	Rhizophagus irregularis	main		assigned	VTX00114	100.0	VTX00113+VTX00115,VTX00114	2	VTX00113+VTX00115,VTX00114	VTX00114:100.00,VTX00113:99.42,VTX00295:99.04,VTX00115:99.04,VTX00387:99.02
PX214788.1	Rhizophagus irregularis | 4341_IVT72A	Rhizophagus irregularis	main		assigned	VTX00114	100.0	VTX00113+VTX00115,VTX00114	2	VTX00113+VTX00115,VTX00114	VTX00114:100.00,VTX00113:99.42,VTX00295:99.04,VTX00115:99.04,VTX00387:99.02
PX214789.1	Rhizophagus irregularis | 4348_IVT77A	Rhizophagus irregularis	main		assigned	VTX00114	100.0	VTX00113+VTX00115,VTX00114	2	VTX00113+VTX00115,VTX00114	VTX00114:100.00,VTX00113:99.42,VTX00295:99.04,VTX00115:99.04,VTX00387:99.02
PX214790.1	Rhizophagus irregularis | 4674_1184D	Rhizophagus irregularis	main		assigned	VTX00114	100.0	VTX00113+VTX00115,VTX00114	2	VTX00113+VTX00115,VTX00114	VTX00114:100.00,VTX00113:99.42,VTX00295:99.04,VTX00115:99.04,VTX00387:99.02
PX214791.1	Rhizophagus irregularis | 4292_708C	Rhizophagus irregularis	main		assigned	VTX00114	100.0	VTX00113+VTX00115,VTX00114	2	VTX00113+VTX00115,VTX00114	VTX00114:100.00,VTX00113:99.42,VTX00295:99.04,VTX00115:99.04,VTX00387:99.02
PX214792.1	Rhizophagus irregularis | 4341_IVT72A	Rhizophagus irregularis	main		assigned	VTX00114	100.0	VTX00113+VTX00115,VTX00114	2	VTX00113+VTX00115,VTX00114	VTX00114:100.00,VTX00113:99.42,VTX00295:99.04,VTX00115:99.04,VTX00387:99.02
PX214793.1	Rhizophagus irregularis | 4348_IVT77A	Rhizophagus irregularis	main		assigned	VTX00114	100.0	VTX00113+VTX00115,VTX00114	2	VTX00113+VTX00115,VTX00114	VTX00114:100.00,VTX00113:99.42,VTX00295:99.04,VTX00115:99.04,VTX00387:99.02
PX214794.1	Rhizophagus irregularis | 4674_1184D	Rhizophagus irregularis	main		assigned	VTX00114	100.0	VTX00113+VTX00115,VTX00114	2	VTX00113+VTX00115,VTX00114	VTX00114:100.00,VTX00113:99.42,VTX00295:99.04,VTX00115:99.04,VTX00387:99.02
PX214795.1	Rhizophagus irregularis | 4292_708C	Rhizophagus irregularis	main		assigned	VTX00114	100.0	VTX00113+VTX00115,VTX00114	2	VTX00113+VTX00115,VTX00114	VTX00114:100.00,VTX00113:99.42,VTX00295:99.04,VTX00115:99.04,VTX00387:99.02
PX214796.1	Rhizophagus irregularis | T3_IVT34A	Rhizophagus irregularis	main		assigned	VTX00113	99.808	VTX00111,VTX00113+VTX00115,VTX00114,VTX00295,VTX00387	5	VTX00111,VTX00113+VTX00115,VTX00114,VTX00295,VTX00387	VTX00113:99.81,VTX00114:99.61,VTX00295:99.42,VTX00115:99.42,VTX00387:99.41
PX214797.1	Rhizophagus irregularis | CC4_4A_IVT7A	Rhizophagus irregularis	main		assigned	VTX00113	99.808	VTX00111,VTX00113+VTX00115,VTX00114,VTX00295,VTX00387	5	VTX00111,VTX00113+VTX00115,VTX00114,VTX00295,VTX00387	VTX00113:99.81,VTX00114:99.61,VTX00295:99.42,VTX00115:99.42,VTX00387:99.41
PX214798.1	Rhizophagus irregularis | CC4_4A_IVT7A	Rhizophagus irregularis	main		ambiguous		99.615	VTX00111,VTX00113+VTX00115,VTX00114,VTX00295,VTX00387	5	VTX00111,VTX00113+VTX00115,VTX00114,VTX00295,VTX00387	VTX00113:99.61,VTX00115:99.61,VTX00114:99.42,VTX00295:99.23,VTX00387:99.21
PX214799.1	Rhizophagus irregularis | 4375_IVT88A	Rhizophagus irregularis	main		assigned	VTX00114	100.0	VTX00113+VTX00115,VTX00114	2	VTX00113+VTX00115,VTX00114	VTX00114:100.00,VTX00113:99.42,VTX00295:99.04,VTX00115:99.04,VTX00387:99.02
PX214800.1	Rhizophagus irregularis | 4375_IVT88A	Rhizophagus irregularis	main		assigned	VTX00114	100.0	VTX00113+VTX00115,VTX00114	2	VTX00113+VTX00115,VTX00114	VTX00114:100.00,VTX00113:99.42,VTX00295:99.04,VTX00115:99.04,VTX00387:99.02
PX214801.1	Rhizophagus irregularis | 4375_IVT88A	Rhizophagus irregularis	main		assigned	VTX00114	100.0	VTX00113+VTX00115,VTX00114	2	VTX00113+VTX00115,VTX00114	VTX00114:100.00,VTX00113:99.42,VTX00295:99.04,VTX00115:99.04,VTX00387:99.02
PX214802.1	Rhizophagus irregularis | 4375_IVT88A	Rhizophagus irregularis	main		assigned	VTX00114	100.0	VTX00113+VTX00115,VTX00114	2	VTX00113+VTX00115,VTX00114	VTX00114:100.00,VTX00113:99.42,VTX00295:99.04,VTX00115:99.04,VTX00387:99.02
PX214803.1	Rhizophagus irregularis | 4674_1184D	Rhizophagus irregularis	main		assigned	VTX00114	100.0	VTX00113+VTX00115,VTX00114	2	VTX00113+VTX00115,VTX00114	VTX00114:100.00,VTX00113:99.42,VTX00295:99.04,VTX00115:99.04,VTX00387:99.02
PX214804.1	Rhizophagus irregularis | T3_IVT34A	Rhizophagus irregularis	main		assigned	VTX00113	99.808	VTX00111,VTX00113+VTX00115,VTX00114,VTX00295,VTX00387	5	VTX00111,VTX00113+VTX00115,VTX00114,VTX00295,VTX00387	VTX00113:99.81,VTX00114:99.61,VTX00295:99.42,VTX00115:99.42,VTX00387:99.41
PX214805.1	Rhizophagus irregularis | CC4_4A_IVT7A	Rhizophagus irregularis	main		ambiguous		99.615	VTX00111,VTX00113+VTX00115,VTX00114,VTX00295,VTX00387	5	VTX00111,VTX00113+VTX00115,VTX00114,VTX00295,VTX00387	VTX00113:99.61,VTX00115:99.61,VTX00114:99.42,VTX00295:99.23,VTX00387:99.21
PX214806.1	Rhizophagus irregularis | T3_IVT34A	Rhizophagus irregularis	main		assigned	VTX00113	99.615	VTX00092,VTX00111,VTX00113+VTX00115,VTX00114,VTX00295,VTX00387	6	VTX00111,VTX00113+VTX00115,VTX00114,VTX00295,VTX00387	VTX00113:99.61,VTX00114:99.42,VTX00295:99.23,VTX00115:99.23,VTX00092:99.23
PX214807.1	Rhizophagus irregularis | 4375_IVT88A	Rhizophagus irregularis	main		assigned	VTX00114	100.0	VTX00113+VTX00115,VTX00114	2	VTX00113+VTX00115,VTX00114	VTX00114:100.00,VTX00113:99.42,VTX00295:99.04,VTX00115:99.04,VTX00387:99.02
PX214808.1	Rhizophagus irregularis | 4341_IVT72A	Rhizophagus irregularis	main		assigned	VTX00114	100.0	VTX00113+VTX00115,VTX00114	2	VTX00113+VTX00115,VTX00114	VTX00114:100.00,VTX00113:99.42,VTX00295:99.04,VTX00115:99.04,VTX00387:99.02
PX214809.1	Rhizophagus irregularis | 4348_IVT77A	Rhizophagus irregularis	main		assigned	VTX00114	100.0	VTX00113+VTX00115,VTX00114	2	VTX00113+VTX00115,VTX00114	VTX00114:100.00,VTX00113:99.42,VTX00295:99.04,VTX00115:99.04,VTX00387:99.02
PX214810.1	Rhizophagus irregularis | 4375_IVT88A	Rhizophagus irregularis	main		assigned	VTX00114	100.0	VTX00113+VTX00115,VTX00114	2	VTX00113+VTX00115,VTX00114	VTX00114:100.00,VTX00113:99.42,VTX00295:99.04,VTX00115:99.04,VTX00387:99.02
PX214811.1	Rhizophagus irregularis | 4674_1184D	Rhizophagus irregularis	main		assigned	VTX00114	100.0	VTX00113+VTX00115,VTX00114	2	VTX00113+VTX00115,VTX00114	VTX00114:100.00,VTX00113:99.42,VTX00295:99.04,VTX00115:99.04,VTX00387:99.02
PX214812.1	Rhizophagus irregularis | 4292_708C	Rhizophagus irregularis	main		assigned	VTX00114	100.0	VTX00113+VTX00115,VTX00114	2	VTX00113+VTX00115,VTX00114	VTX00114:100.00,VTX00113:99.42,VTX00295:99.04,VTX00115:99.04,VTX00387:99.02
PX214813.1	Rhizophagus irregularis | SD1_IVT29A	Rhizophagus irregularis	main		assigned	VTX00114	99.808	VTX00113+VTX00115,VTX00114	2	VTX00113+VTX00115,VTX00114	VTX00114:99.81,VTX00113:99.23,VTX00295:99.04,VTX00294:98.93,VTX00115:98.85
PX214814.1	Rhizophagus irregularis | SD1_IVT29A	Rhizophagus irregularis	main		assigned	VTX00114	99.808	VTX00113+VTX00115,VTX00114	2	VTX00113+VTX00115,VTX00114	VTX00114:99.81,VTX00113:99.23,VTX00295:99.04,VTX00294:98.93,VTX00115:98.85
PX214815.1	Rhizophagus irregularis | SD1_IVT29A	Rhizophagus irregularis	main		assigned	VTX00114	99.808	VTX00113+VTX00115,VTX00114	2	VTX00113+VTX00115,VTX00114	VTX00114:99.81,VTX00113:99.23,VTX00295:99.04,VTX00294:98.93,VTX00115:98.85
PX214816.1	Rhizophagus sp. (in: glomeromycetes) | 212607_IVT70A	Rhizophagus sp. (in: glomeromycetes)	divergent	short_5.8S	assigned	VTX00114	99.808	VTX00113+VTX00115,VTX00114	2	VTX00248	VTX00114:99.81,VTX00113:99.23,VTX00295:99.04,VTX00294:98.93,VTX00115:98.85
PX214817.1	Rhizophagus irregularis | SD1_IVT29A	Rhizophagus irregularis	divergent	short_5.8S	assigned	VTX00114	99.808	VTX00113+VTX00115,VTX00114	2	VTX00113+VTX00115,VTX00114	VTX00114:99.81,VTX00113:99.23,VTX00295:99.04,VTX00294:98.93,VTX00115:98.85
PX214818.1	[Rhizoglomus] vesiculiferum | 3029_660C	[Rhizoglomus] vesiculiferum	main		assigned	VTX00113	100.0	VTX00113+VTX00115,VTX00114,VTX00295,VTX00387	4	VTX00113+VTX00115,VTX00114,VTX00295,VTX00387	VTX00113:100.00,VTX00295:99.61,VTX00387:99.61,VTX00114:99.42,VTX00115:99.23
PX214819.1	[Rhizoglomus] vesiculiferum | 4374_IVT87A	[Rhizoglomus] vesiculiferum	main		assigned	VTX00113	100.0	VTX00113+VTX00115,VTX00114,VTX00295,VTX00387	4	VTX00113+VTX00115	VTX00113:100.00,VTX00295:99.61,VTX00387:99.61,VTX00114:99.42,VTX00115:99.23
PX214820.1	[Rhizoglomus] vesiculiferum | 4374_IVT87A	[Rhizoglomus] vesiculiferum	main		assigned	VTX00113	100.0	VTX00113+VTX00115,VTX00114,VTX00295,VTX00387	4	VTX00113+VTX00115	VTX00113:100.00,VTX00295:99.61,VTX00387:99.61,VTX00114:99.42,VTX00115:99.23
PX214821.1	[Rhizoglomus] vesiculiferum | Gwalkeri_IVT132A	[Rhizoglomus] vesiculiferum	main		assigned	VTX00113	99.423	VTX00113+VTX00115,VTX00114,VTX00295,VTX00387	4	VTX00113+VTX00115	VTX00113:99.42,VTX00295:99.04,VTX00387:99.02,VTX00114:98.85,VTX00115:98.65
PX214822.1	[Rhizoglomus] vesiculiferum | Gwalkeri_IVT132A	[Rhizoglomus] vesiculiferum	main		assigned	VTX00113	100.0	VTX00113+VTX00115,VTX00114,VTX00295,VTX00387	4	VTX00113+VTX00115	VTX00113:100.00,VTX00295:99.61,VTX00387:99.61,VTX00114:99.42,VTX00115:99.23
PX214823.1	[Rhizoglomus] vesiculiferum | Gwalkeri_IVT132A	[Rhizoglomus] vesiculiferum	main		assigned	VTX00113	100.0	VTX00113+VTX00115,VTX00114,VTX00295,VTX00387	4	VTX00113+VTX00115	VTX00113:100.00,VTX00295:99.61,VTX00387:99.61,VTX00114:99.42,VTX00115:99.23
PX214824.1	[Rhizoglomus] vesiculiferum | Gwalkeri_IVT132A	[Rhizoglomus] vesiculiferum	main		assigned	VTX00113	100.0	VTX00113+VTX00115,VTX00114,VTX00295,VTX00387	4	VTX00113+VTX00115	VTX00113:100.00,VTX00295:99.61,VTX00387:99.61,VTX00114:99.42,VTX00115:99.23
PX214825.1	[Rhizoglomus] vesiculiferum | 5074_2353A	[Rhizoglomus] vesiculiferum	main		assigned	VTX00115	100.0	VTX00113+VTX00115	1	VTX00113+VTX00115	VTX00115:100.00,VTX00113:99.23,VTX00386:99.21,VTX00114:99.04,VTX00295:98.85
PX214826.1	[Rhizoglomus] vesiculiferum | 5074_2353A	[Rhizoglomus] vesiculiferum	main		assigned	VTX00115	100.0	VTX00113+VTX00115	1	VTX00113+VTX00115	VTX00115:100.00,VTX00113:99.23,VTX00386:99.21,VTX00114:99.04,VTX00295:98.85
PX214827.1	[Rhizoglomus] vesiculiferum | 3628_IVT65A	[Rhizoglomus] vesiculiferum	main		assigned	VTX00113	100.0	VTX00113+VTX00115,VTX00114,VTX00295,VTX00387	4	VTX00113+VTX00115	VTX00113:100.00,VTX00295:99.61,VTX00387:99.61,VTX00114:99.42,VTX00115:99.23
PX214828.1	[Rhizoglomus] vesiculiferum | 3628_IVT65A	[Rhizoglomus] vesiculiferum	main		assigned	VTX00113	100.0	VTX00113+VTX00115,VTX00114,VTX00295,VTX00387	4	VTX00113+VTX00115	VTX00113:100.00,VTX00295:99.61,VTX00387:99.61,VTX00114:99.42,VTX00115:99.23
PX214829.1	[Rhizoglomus] vesiculiferum | 4086_IVT68A	[Rhizoglomus] vesiculiferum	main		assigned	VTX00113	100.0	VTX00113+VTX00115,VTX00114,VTX00295,VTX00387	4	VTX00113+VTX00115,VTX00114,VTX00295,VTX00387	VTX00113:100.00,VTX00295:99.61,VTX00387:99.61,VTX00114:99.42,VTX00115:99.23
PX214830.1	[Rhizoglomus] vesiculiferum | 3628_IVT65A	[Rhizoglomus] vesiculiferum	main		assigned	VTX00113	100.0	VTX00113+VTX00115,VTX00114,VTX00295,VTX00387	4	VTX00113+VTX00115	VTX00113:100.00,VTX00295:99.61,VTX00387:99.61,VTX00114:99.42,VTX00115:99.23
PX214831.1	[Rhizoglomus] vesiculiferum | 3628_IVT65A	[Rhizoglomus] vesiculiferum	main		assigned	VTX00113	100.0	VTX00113+VTX00115,VTX00114,VTX00295,VTX00387	4	VTX00113+VTX00115	VTX00113:100.00,VTX00295:99.61,VTX00387:99.61,VTX00114:99.42,VTX00115:99.23
PX214832.1	[Rhizoglomus] vesiculiferum | 4086_IVT68A	[Rhizoglomus] vesiculiferum	main		assigned	VTX00113	99.615	VTX00112,VTX00113+VTX00115,VTX00114,VTX00295,VTX00387	5	VTX00113+VTX00115,VTX00114,VTX00295,VTX00387	VTX00113:99.61,VTX00295:99.23,VTX00387:99.21,VTX00114:99.04,VTX00112:99.04
PX214833.1	[Rhizoglomus] vesiculiferum | 4369_IVT81A	[Rhizoglomus] vesiculiferum	main		assigned	VTX00113	99.615	VTX00111,VTX00113+VTX00115,VTX00114,VTX00295,VTX00387	5	VTX00111,VTX00113+VTX00115,VTX00114,VTX00295,VTX00387	VTX00113:99.61,VTX00114:99.42,VTX00295:99.23,VTX00115:99.23,VTX00387:99.21
PX214834.1	[Rhizoglomus] vesiculiferum | 4369_IVT81A	[Rhizoglomus] vesiculiferum	main		assigned	VTX00113	99.615	VTX00111,VTX00113+VTX00115,VTX00114,VTX00295,VTX00387	5	VTX00111,VTX00113+VTX00115,VTX00114,VTX00295,VTX00387	VTX00113:99.61,VTX00114:99.42,VTX00295:99.23,VTX00115:99.23,VTX00387:99.21
PX214835.1	[Rhizoglomus] vesiculiferum | 3628_IVT65A	[Rhizoglomus] vesiculiferum	main		assigned	VTX00113	99.615	VTX00112,VTX00113+VTX00115,VTX00114,VTX00295,VTX00387	5	VTX00113+VTX00115	VTX00113:99.61,VTX00295:99.23,VTX00387:99.21,VTX00114:99.04,VTX00112:99.04
PX214836.1	[Rhizoglomus] vesiculiferum | 4374_IVT87A	[Rhizoglomus] vesiculiferum	main		assigned	VTX00115	100.0	VTX00113+VTX00115	1	VTX00113+VTX00115	VTX00115:100.00,VTX00113:99.23,VTX00386:99.21,VTX00114:99.04,VTX00295:98.85
PX214837.1	[Rhizoglomus] vesiculiferum | 5074_2353A	[Rhizoglomus] vesiculiferum	main		assigned	VTX00115	100.0	VTX00113+VTX00115	1	VTX00113+VTX00115	VTX00115:100.00,VTX00113:99.23,VTX00386:99.21,VTX00114:99.04,VTX00295:98.85
PX214838.1	[Rhizoglomus] vesiculiferum | Gwalkeri_IVT132A	[Rhizoglomus] vesiculiferum	main		assigned	VTX00115	99.615	VTX00113+VTX00115	1	VTX00113+VTX00115	VTX00115:99.61,VTX00113:98.85,VTX00386:98.82,VTX00111:98.65,VTX00114:98.65
PX214839.1	[Rhizoglomus] vesiculiferum | 212939_IVT38A	[Rhizoglomus] vesiculiferum	main		assigned	VTX00115	100.0	VTX00113+VTX00115	1	VTX00113+VTX00115	VTX00115:100.00,VTX00113:99.23,VTX00386:99.21,VTX00114:99.04,VTX00295:98.85
PX214840.1	[Rhizoglomus] vesiculiferum | 3628_IVT65A	[Rhizoglomus] vesiculiferum	main		assigned	VTX00115	99.808	VTX00113+VTX00115	1	VTX00113+VTX00115	VTX00115:99.81,VTX00295:99.04,VTX00113:99.04,VTX00386:99.02,VTX00114:98.85
PX214841.1	Rhizophagus irregularis | 4292_708C	Rhizophagus irregularis	divergent	short_5.8S	assigned	VTX00114	100.0	VTX00113+VTX00115,VTX00114	2	VTX00113+VTX00115,VTX00114	VTX00114:100.00,VTX00113:99.42,VTX00295:99.04,VTX00115:99.04,VTX00387:99.02
PX214842.1	[Rhizoglomus] vesiculiferum | 5074_2353A	[Rhizoglomus] vesiculiferum	divergent	short_5.8S	assigned	VTX00113	99.616	VTX00113+VTX00115	1	VTX00113+VTX00115	VTX00113:99.62,VTX00295:98.85,VTX00112:98.85,VTX00387:98.82,VTX00114:98.66
PX214843.1	[Rhizoglomus] vesiculiferum | 212939_IVT38A	[Rhizoglomus] vesiculiferum	divergent	short_5.8S	assigned	VTX00115	100.0	VTX00113+VTX00115	1	VTX00113+VTX00115	VTX00115:100.00,VTX00113:99.23,VTX00386:99.21,VTX00114:99.04,VTX00295:98.85
PX214844.1	[Rhizoglomus] vesiculiferum | 4086_IVT68A	[Rhizoglomus] vesiculiferum	divergent	short_5.8S	assigned	VTX00113	99.615	VTX00112,VTX00113+VTX00115,VTX00114,VTX00295,VTX00387	5	VTX00113+VTX00115,VTX00114,VTX00295,VTX00387	VTX00113:99.61,VTX00295:99.23,VTX00387:99.21,VTX00114:99.04,VTX00112:99.04
PX214845.1	[Rhizoglomus] vesiculiferum | Gwalkeri_IVT132A	[Rhizoglomus] vesiculiferum	divergent	short_5.8S	assigned	VTX00113	100.0	VTX00113+VTX00115,VTX00114,VTX00295,VTX00387	4	VTX00113+VTX00115	VTX00113:100.00,VTX00295:99.61,VTX00387:99.61,VTX00114:99.42,VTX00115:99.23
PX214846.1	[Rhizoglomus] vesiculiferum | Gwalkeri_IVT132A	[Rhizoglomus] vesiculiferum	divergent	short_5.8S	assigned	VTX00113	100.0	VTX00113+VTX00115,VTX00114,VTX00295,VTX00387	4	VTX00113+VTX00115	VTX00113:100.00,VTX00295:99.61,VTX00387:99.61,VTX00114:99.42,VTX00115:99.23
PX214847.1	[Rhizoglomus] vesiculiferum | 5074_2353A	[Rhizoglomus] vesiculiferum	divergent	short_5.8S	assigned	VTX00115	100.0	VTX00113+VTX00115	1	VTX00113+VTX00115	VTX00115:100.00,VTX00113:99.23,VTX00386:99.21,VTX00114:99.04,VTX00295:98.85
PX214848.1	[Rhizoglomus] vesiculiferum | 5074_2353A	[Rhizoglomus] vesiculiferum	divergent	short_5.8S	assigned	VTX00115	100.0	VTX00113+VTX00115	1	VTX00113+VTX00115	VTX00115:100.00,VTX00113:99.23,VTX00386:99.21,VTX00114:99.04,VTX00295:98.85
PX214849.1	[Rhizoglomus] vesiculiferum | 212939_IVT38A	[Rhizoglomus] vesiculiferum	divergent	short_5.8S	assigned	VTX00115	100.0	VTX00113+VTX00115	1	VTX00113+VTX00115	VTX00115:100.00,VTX00113:99.23,VTX00386:99.21,VTX00114:99.04,VTX00295:98.85
PX214850.1	[Rhizoglomus] vesiculiferum | 212939_IVT38A	[Rhizoglomus] vesiculiferum	divergent	short_5.8S	assigned	VTX00115	100.0	VTX00113+VTX00115	1	VTX00113+VTX00115	VTX00115:100.00,VTX00113:99.23,VTX00386:99.21,VTX00114:99.04,VTX00295:98.85
PX214851.1	[Rhizoglomus] vesiculiferum | 212939_IVT38A	[Rhizoglomus] vesiculiferum	divergent	short_5.8S	assigned	VTX00115	100.0	VTX00113+VTX00115	1	VTX00113+VTX00115	VTX00115:100.00,VTX00113:99.23,VTX00386:99.21,VTX00114:99.04,VTX00295:98.85
PX214852.1	[Rhizoglomus] vesiculiferum | 212939_IVT38A	[Rhizoglomus] vesiculiferum	divergent	short_5.8S	assigned	VTX00115	100.0	VTX00113+VTX00115	1	VTX00113+VTX00115	VTX00115:100.00,VTX00113:99.23,VTX00386:99.21,VTX00114:99.04,VTX00295:98.85
PX214853.1	[Rhizoglomus] vesiculiferum | 212939_IVT38A	[Rhizoglomus] vesiculiferum	divergent	short_5.8S	assigned	VTX00115	100.0	VTX00113+VTX00115	1	VTX00113+VTX00115	VTX00115:100.00,VTX00113:99.23,VTX00386:99.21,VTX00114:99.04,VTX00295:98.85
PX214854.1	[Rhizoglomus] vesiculiferum | 3628_IVT65A	[Rhizoglomus] vesiculiferum	divergent	short_5.8S	assigned	VTX00115	99.808	VTX00113+VTX00115	1	VTX00113+VTX00115	VTX00115:99.81,VTX00113:99.04,VTX00386:99.02,VTX00114:98.85,VTX00294:98.72
PX214855.1	[Rhizoglomus] vesiculiferum | Gwalkeri_IVT132A	[Rhizoglomus] vesiculiferum	divergent	short_5.8S	assigned	VTX00115	100.0	VTX00113+VTX00115,VTX00386	2	VTX00113+VTX00115	VTX00115:100.00,VTX00386:99.41,VTX00113:99.04,VTX00114:98.85,VTX00295:98.65
PX214856.1	Rhizophagus silesianus | ECU32_IVT8A	Rhizophagus silesianus	main		assigned	VTX00105	99.616	VTX00105,VTX00295,VTX00388	3	VTX00105,VTX00295,VTX00388	VTX00105:99.62,VTX00388:99.41,VTX00295:99.23,VTX00108:98.62,VTX00312:98.46
PX214857.1	Rhizophagus silesianus | ECU32_IVT8A	Rhizophagus silesianus	main		assigned	VTX00105	99.615	VTX00105,VTX00295,VTX00388	3	VTX00105,VTX00295,VTX00388	VTX00105:99.61,VTX00295:99.23,VTX00388:99.21,VTX00108:98.62,VTX00312:98.46
PX214858.1	Rhizophagus silesianus | 3628_206A	Rhizophagus silesianus	main		assigned	VTX00105	99.424	VTX00105,VTX00295,VTX00388	3	VTX00105,VTX00295,VTX00388	VTX00105:99.80,VTX00295:99.42,VTX00388:99.41,VTX00108:98.82,VTX00312:98.65
PX214859.1	Rhizophagus silesianus | 3628_206A	Rhizophagus silesianus	main		assigned	VTX00105	99.615	VTX00105,VTX00295,VTX00388	3	VTX00105,VTX00295,VTX00388	VTX00105:99.61,VTX00295:99.23,VTX00388:99.21,VTX00108:98.62,VTX00312:98.46
PX214860.1	Rhizophagus silesianus | ECU32_IVT8A	Rhizophagus silesianus	main		assigned	VTX00105	99.616	VTX00105,VTX00295,VTX00388	3	VTX00105,VTX00295,VTX00388	VTX00105:99.62,VTX00388:99.41,VTX00295:99.23,VTX00108:98.62,VTX00312:98.46
PX214861.1	Rhizophagus silesianus | ECU32_IVT8A	Rhizophagus silesianus	main		assigned	VTX00105	99.615	VTX00105,VTX00295,VTX00388	3	VTX00105,VTX00295,VTX00388	VTX00105:99.61,VTX00295:99.23,VTX00388:99.21,VTX00108:98.62,VTX00312:98.46
PX214862.1	Rhizophagus silesianus | ECU32_IVT8A	Rhizophagus silesianus	main		assigned	VTX00105	99.615	VTX00105,VTX00295,VTX00388	3	VTX00105,VTX00295,VTX00388	VTX00105:99.61,VTX00295:99.23,VTX00388:99.21,VTX00108:98.62,VTX00312:98.46
PX214863.1	Rhizophagus silesianus | ECU32_IVT8A	Rhizophagus silesianus	divergent	short_5.8S	assigned	VTX00105	99.423	VTX00105,VTX00295,VTX00388	3	VTX00105,VTX00295,VTX00388	VTX00105:99.42,VTX00295:99.04,VTX00388:99.02,VTX00112:98.46,VTX00092:98.46
PX214864.1	Rhizophagus silesianus | ECU32_IVT8A	Rhizophagus silesianus	divergent	short_5.8S	assigned	VTX00105	99.616	VTX00105,VTX00295,VTX00388	3	VTX00105,VTX00295,VTX00388	VTX00105:99.62,VTX00388:99.41,VTX00295:99.23,VTX00108:98.62,VTX00312:98.46
PX214865.1	Rhizophagus silesianus | 3628_206A	Rhizophagus silesianus	divergent	short_5.8S	assigned	VTX00105	99.424	VTX00105,VTX00295,VTX00388	3	VTX00105,VTX00295,VTX00388	VTX00105:99.80,VTX00295:99.42,VTX00388:99.41,VTX00108:98.82,VTX00312:98.65
PX214866.1	Rhizophagus intraradices | FL208_553A	Rhizophagus intraradices	main		assigned	VTX00100	100.0	VTX00100,VTX00390	2	VTX00100,VTX00390	VTX00100:100.00,VTX00390:99.41,VTX00294:99.15,VTX00403:98.85,VTX00108:98.82
PX214867.1	Rhizophagus intraradices | KS906_IVT22A	Rhizophagus intraradices	main		assigned	VTX00100	100.0	VTX00100,VTX00390	2	VTX00100,VTX00390	VTX00100:100.00,VTX00390:99.41,VTX00294:99.15,VTX00403:98.85,VTX00108:98.82
PX214868.1	Rhizophagus intraradices | FL208_553A	Rhizophagus intraradices	main		assigned	VTX00100	100.0	VTX00100,VTX00390	2	VTX00100,VTX00390	VTX00100:100.00,VTX00390:99.41,VTX00294:99.15,VTX00403:98.85,VTX00108:98.82
PX214869.1	Rhizophagus intraradices | FL208_553A	Rhizophagus intraradices	main		assigned	VTX00100	100.0	VTX00100,VTX00390	2	VTX00100,VTX00390	VTX00100:100.00,VTX00390:99.61,VTX00294:98.93,VTX00403:98.65,VTX00108:98.62
PX214870.1	Rhizophagus intraradices | FL208_553A	Rhizophagus intraradices	divergent	short_5.8S	assigned	VTX00100	100.0	VTX00100	1	VTX00100,VTX00390	VTX00100:100.00,VTX00108:99.21,VTX00390:99.02,VTX00312:98.85,VTX00403:98.85
PX214871.1	Rhizophagus sp. (in: glomeromycetes) | 212607_IVT70A	Rhizophagus sp. (in: glomeromycetes)	main		assigned	VTX00248	100.0	VTX00248	1	VTX00248	VTX00248:100.00,VTX00092:98.85,VTX00312:98.65,VTX00280:98.65,VTX00363:98.46
PX214872.1	Rhizophagus sp. (in: glomeromycetes) | 1399_IVT43A	Rhizophagus sp. (in: glomeromycetes)	main		assigned	VTX00248	100.0	VTX00248	1	VTX00248	VTX00248:100.00,VTX00092:98.85,VTX00312:98.65,VTX00280:98.65,VTX00363:98.46
PX214873.1	Rhizophagus sp. (in: glomeromycetes) | 212607_IVT70A	Rhizophagus sp. (in: glomeromycetes)	main		assigned	VTX00248	100.0	VTX00248	1	VTX00248	VTX00248:100.00,VTX00092:98.85,VTX00312:98.65,VTX00280:98.65,VTX00363:98.46
PX214874.1	Rhizophagus sp. (in: glomeromycetes) | 212607_IVT70A	Rhizophagus sp. (in: glomeromycetes)	main		assigned	VTX00248	100.0	VTX00248	1	VTX00248	VTX00248:100.00,VTX00092:98.85,VTX00312:98.65,VTX00280:98.65,VTX00363:98.46
PX214875.1	Rhizophagus sp. (in: glomeromycetes) | 1399_IVT43A	Rhizophagus sp. (in: glomeromycetes)	main		assigned	VTX00248	100.0	VTX00248	1	VTX00248	VTX00248:100.00,VTX00092:98.85,VTX00312:98.65,VTX00280:98.65,VTX00363:98.46
PX214876.1	Rhizophagus sp. (in: glomeromycetes) | 212607_IVT70A	Rhizophagus sp. (in: glomeromycetes)	main		assigned	VTX00248	100.0	VTX00248	1	VTX00248	VTX00248:100.00,VTX00092:98.85,VTX00312:98.65,VTX00280:98.65,VTX00363:98.46
PX214877.1	Rhizophagus sp. (in: glomeromycetes) | 212607_IVT70A	Rhizophagus sp. (in: glomeromycetes)	main		assigned	VTX00248	100.0	VTX00248	1	VTX00248	VTX00248:100.00,VTX00092:98.85,VTX00312:98.65,VTX00280:98.65,VTX00363:98.46
PX214878.1	Rhizophagus sp. (in: glomeromycetes) | 1399_IVT43A	Rhizophagus sp. (in: glomeromycetes)	main		assigned	VTX00248	100.0	VTX00248	1	VTX00248	VTX00248:100.00,VTX00092:98.85,VTX00312:98.65,VTX00280:98.65,VTX00363:98.46
PX214879.1	Rhizophagus sp. (in: glomeromycetes) | 212607_IVT70A	Rhizophagus sp. (in: glomeromycetes)	main		assigned	VTX00248	100.0	VTX00248	1	VTX00248	VTX00248:100.00,VTX00092:98.85,VTX00312:98.65,VTX00280:98.65,VTX00363:98.46
PX214880.1	Oehlia diaphana | JS1_IVT19A	Oehlia diaphana	main		assigned	VTX00309	100.0	VTX00309	1	VTX00309	VTX00309:100.00,VTX00080:97.44,VTX00397:97.31,VTX00381:97.31,VTX00327:97.11
PX214881.1	Oehlia diaphana | 4835_562B	Oehlia diaphana	main		assigned	VTX00309	99.808	VTX00309	1	VTX00309	VTX00309:100.00,VTX00080:97.64,VTX00397:97.50,VTX00381:97.11,VTX00327:96.92
PX214882.1	Oehlia diaphana | JS1_IVT19A	Oehlia diaphana	main		assigned	VTX00309	99.808	VTX00309	1	VTX00309	VTX00309:100.00,VTX00080:97.64,VTX00397:97.50,VTX00381:97.11,VTX00327:96.92
PX214883.1	Oehlia diaphana | WV579_765A	Oehlia diaphana	main		assigned	VTX00309	99.808	VTX00309	1	VTX00309	VTX00309:100.00,VTX00080:97.64,VTX00397:97.50,VTX00381:97.11,VTX00327:96.92
PX214884.1	Oehlia diaphana | 4835_562B	Oehlia diaphana	main		assigned	VTX00309	99.808	VTX00309	1	VTX00309	VTX00309:100.00,VTX00080:97.64,VTX00397:97.50,VTX00381:97.11,VTX00327:96.92
PX214885.1	Oehlia diaphana | WV579_765A	Oehlia diaphana	main		assigned	VTX00309	99.808	VTX00309	1	VTX00309	VTX00309:100.00,VTX00080:97.64,VTX00397:97.50,VTX00381:97.11,VTX00327:96.92
PX214886.1	Oehlia diaphana | WV579_765A	Oehlia diaphana	main		assigned	VTX00309	99.808	VTX00309	1	VTX00309	VTX00309:100.00,VTX00080:97.64,VTX00397:97.50,VTX00381:97.11,VTX00327:96.92
PX214887.1	Oehlia diaphana | WV579_765A	Oehlia diaphana	main		assigned	VTX00309	99.616	VTX00309	1	VTX00309	VTX00309:99.78,VTX00080:97.44,VTX00397:97.31,VTX00381:96.92,VTX00327:96.73
PX214888.1	Oehlia diaphana | WV579_765B	Oehlia diaphana	main		assigned	VTX00309	99.808	VTX00309	1	VTX00309	VTX00309:100.00,VTX00080:97.64,VTX00397:97.50,VTX00381:97.11,VTX00327:96.92
PX214889.1	Oehlia diaphana | WV579_765B	Oehlia diaphana	main		assigned	VTX00309	99.808	VTX00309	1	VTX00309	VTX00309:100.00,VTX00080:97.64,VTX00397:97.50,VTX00381:97.11,VTX00327:96.92
PX214890.1	Oehlia diaphana | WV579_765B	Oehlia diaphana	main		assigned	VTX00309	99.424	VTX00309	1	VTX00309	VTX00309:99.80,VTX00397:97.50,VTX00080:97.24,VTX00089:96.92,VTX00381:96.73
PX214891.1	Oehlia diaphana | JS1_IVT19A	Oehlia diaphana	main		assigned	VTX00309	99.808	VTX00309	1	VTX00309	VTX00309:100.00,VTX00080:97.64,VTX00397:97.50,VTX00381:97.11,VTX00327:96.92
PX214892.1	Oehlia diaphana | WV579_765A	Oehlia diaphana	main		assigned	VTX00309	99.808	VTX00309	1	VTX00309	VTX00309:100.00,VTX00080:97.64,VTX00397:97.50,VTX00381:97.11,VTX00327:96.92
PX214893.1	Oehlia diaphana | JS1_IVT19A	Oehlia diaphana	main		assigned	VTX00309	99.808	VTX00309	1	VTX00309	VTX00309:100.00,VTX00080:97.64,VTX00397:97.50,VTX00381:97.11,VTX00327:96.92
PX214894.1	Oehlia diaphana | 4835_562B	Oehlia diaphana	main		assigned	VTX00309	99.616	VTX00309	1	VTX00309	VTX00309:99.78,VTX00080:97.44,VTX00397:97.31,VTX00381:96.92,VTX00327:96.73
PX214895.1	Oehlia diaphana | WV579_765B	Oehlia diaphana	main		assigned	VTX00309	99.616	VTX00309	1	VTX00309	VTX00309:99.78,VTX00080:97.44,VTX00397:97.31,VTX00381:96.92,VTX00327:96.73
PX214896.1	Oehlia diaphana | 4835_562B	Oehlia diaphana	main		assigned	VTX00309	100.0	VTX00309	1	VTX00309	VTX00309:100.00,VTX00080:97.44,VTX00397:97.31,VTX00381:97.31,VTX00327:97.11
PX214897.1	Oehlia diaphana | 4835_562B	Oehlia diaphana	main		assigned	VTX00309	99.808	VTX00309	1	VTX00309	VTX00309:100.00,VTX00080:97.64,VTX00397:97.50,VTX00381:97.11,VTX00327:96.92
PX214898.1	Oehlia diaphana | WV579_765B	Oehlia diaphana	main		assigned	VTX00309	100.0	VTX00309	1	VTX00309	VTX00309:100.00,VTX00080:97.44,VTX00397:97.31,VTX00381:97.31,VTX00327:97.11
PX214899.1	Oehlia diaphana | JS1_IVT19A	Oehlia diaphana	main		assigned	VTX00309	99.616	VTX00309	1	VTX00309	VTX00309:99.78,VTX00080:97.44,VTX00397:97.31,VTX00381:96.92,VTX00089:96.73
PX214900.1	Oehlia diaphana | JS1_IVT19A	Oehlia diaphana	main		assigned	VTX00309	99.616	VTX00309	1	VTX00309	VTX00309:99.78,VTX00080:97.44,VTX00397:97.31,VTX00381:96.92,VTX00327:96.73
PX214901.1	Oehlia diaphana | 4835_562B	Oehlia diaphana	main		assigned	VTX00309	99.231	VTX00309	1	VTX00309	VTX00309:100.00,VTX00080:97.83,VTX00397:97.31,VTX00381:97.31,VTX00343:97.11
PX214902.1	Oehlia diaphana | WV579_765A	Oehlia diaphana	main		assigned	VTX00309	99.808	VTX00309	1	VTX00309	VTX00309:100.00,VTX00080:97.64,VTX00397:97.50,VTX00381:97.11,VTX00327:96.92
PX214903.1	Oehlia diaphana | WV579_765B	Oehlia diaphana	main		assigned	VTX00309	99.808	VTX00309	1	VTX00309	VTX00309:100.00,VTX00080:97.64,VTX00397:97.50,VTX00381:97.11,VTX00327:96.92
PX214904.1	Oehlia diaphana | WV579_765B	Oehlia diaphana	main		assigned	VTX00309	99.808	VTX00309	1	VTX00309	VTX00309:100.00,VTX00080:97.64,VTX00397:97.50,VTX00381:97.11,VTX00327:96.92
PX214905.1	Oehlia diaphana | 4835_562B	Oehlia diaphana	main		assigned	VTX00309	100.0	VTX00309	1	VTX00309	VTX00309:100.00,VTX00080:97.44,VTX00397:97.31,VTX00381:97.31,VTX00327:97.11
PX214906.1	Oehlia diaphana | WV579_765A	Oehlia diaphana	main		assigned	VTX00309	99.808	VTX00309	1	VTX00309	VTX00309:100.00,VTX00080:97.64,VTX00397:97.50,VTX00381:97.11,VTX00327:96.92
PX214907.1	Oehlia diaphana | WV579_765B	Oehlia diaphana	main		assigned	VTX00309	99.808	VTX00309	1	VTX00309	VTX00309:100.00,VTX00080:97.64,VTX00397:97.50,VTX00381:97.11,VTX00327:96.92
PX214908.1	Oehlia diaphana | WV579_765B	Oehlia diaphana	main		assigned	VTX00309	99.808	VTX00309	1	VTX00309	VTX00309:99.81,VTX00080:97.44,VTX00397:97.31,VTX00089:97.11,VTX00381:96.92
PX214909.1	Diversispora eburnea | FS_12_2334B	Diversispora eburnea	main		assigned	VTX00060	100.0	VTX00060	1	VTX00060	VTX00060:100.00,VTX00347:99.04,VTX00263:98.85,VTX00054:98.84,VTX00061:98.79
PX214910.1	Diversispora eburnea | FS_12_2334B	Diversispora eburnea	main		assigned	VTX00060	100.0	VTX00060	1	VTX00060	VTX00060:100.00,VTX00347:99.04,VTX00263:98.85,VTX00054:98.84,VTX00061:98.79
PX214911.1	Diversispora eburnea | AZ414A_356A	Diversispora eburnea	main		assigned	VTX00060	100.0	VTX00060	1	VTX00060	VTX00060:100.00,VTX00347:99.04,VTX00263:98.85,VTX00054:98.84,VTX00061:98.79
PX214912.1	Diversispora eburnea | AZ414A_356A	Diversispora eburnea	main		assigned	VTX00060	99.615	VTX00060	1	VTX00060	VTX00060:99.61,VTX00263:98.85,VTX00054:98.84,VTX00061:98.79,VTX00347:98.65
PX214913.1	Diversispora eburnea | FS_12_2334B	Diversispora eburnea	main		assigned	VTX00060	99.808	VTX00060	1	VTX00060	VTX00060:99.81,VTX00347:98.85,VTX00263:98.65,VTX00054:98.64,VTX00061:98.59
PX214914.1	Diversispora eburnea | AZ414A_356A	Diversispora eburnea	main		assigned	VTX00060	99.808	VTX00060	1	VTX00060	VTX00060:99.81,VTX00263:99.04,VTX00054:99.03,VTX00061:98.99,VTX00347:98.85
PX214915.1	Diversispora eburnea | AZ414A_356A	Diversispora eburnea	main		assigned	VTX00060	100.0	VTX00060	1	VTX00060	VTX00060:100.00,VTX00347:99.04,VTX00263:98.85,VTX00054:98.84,VTX00061:98.79
PX214916.1	Diversispora eburnea | AZ414A_356A	Diversispora eburnea	main		assigned	VTX00060	100.0	VTX00060	1	VTX00060	VTX00060:100.00,VTX00347:99.04,VTX00263:98.85,VTX00054:98.84,VTX00061:98.79
PX214917.1	Diversispora eburnea | AZ414A_356A	Diversispora eburnea	main		assigned	VTX00060	99.615	VTX00060	1	VTX00060	VTX00060:99.61,VTX00263:98.85,VTX00054:98.84,VTX00061:98.79,VTX00347:98.65
PX214918.1	Diversispora eburnea | AZ414A_356A	Diversispora eburnea	main		assigned	VTX00060	99.615	VTX00060	1	VTX00060	VTX00060:99.61,VTX00263:98.85,VTX00054:98.84,VTX00061:98.79,VTX00347:98.65
PX214919.1	Diversispora eburnea | AZ414A_356A	Diversispora eburnea	main		assigned	VTX00060	100.0	VTX00060	1	VTX00060	VTX00060:100.00,VTX00347:99.04,VTX00263:98.85,VTX00054:98.84,VTX00061:98.79
PX214920.1	Diversispora eburnea | AZ414A_356A	Diversispora eburnea	main		assigned	VTX00060	99.615	VTX00060	1	VTX00060	VTX00060:99.61,VTX00263:98.85,VTX00054:98.84,VTX00061:98.79,VTX00347:98.65
PX214921.1	Diversispora eburnea | AZ414A_356A	Diversispora eburnea	main		assigned	VTX00060	100.0	VTX00060	1	VTX00060	VTX00060:100.00,VTX00347:99.04,VTX00263:98.85,VTX00054:98.84,VTX00061:98.79
PX214922.1	Diversispora eburnea | FS_12_2334B	Diversispora eburnea	main		assigned	VTX00060	100.0	VTX00060	1	VTX00060	VTX00060:100.00,VTX00347:99.04,VTX00263:98.85,VTX00054:98.84,VTX00061:98.79
PX214923.1	Diversispora eburnea | FS_12_2334B	Diversispora eburnea	main		assigned	VTX00060	100.0	VTX00060	1	VTX00060	VTX00060:100.00,VTX00347:99.04,VTX00263:98.85,VTX00054:98.84,VTX00061:98.79
PX214924.1	Diversispora celata | 4381_68A	Diversispora celata	main		assigned	VTX00060	99.808	VTX00060	1	VTX00060	VTX00060:99.81,VTX00054:98.84,VTX00347:98.65,VTX00263:98.46,VTX00061:98.39
PX214925.1	Diversispora celata | 4381_68A	Diversispora celata	main		assigned	VTX00060	100.0	VTX00060	1	VTX00060	VTX00060:100.00,VTX00054:99.03,VTX00347:98.85,VTX00263:98.65,VTX00061:98.59
PX214926.1	Diversispora celata | 4381_68A	Diversispora celata	main		assigned	VTX00060	100.0	VTX00060	1	VTX00060	VTX00060:100.00,VTX00054:99.03,VTX00347:98.85,VTX00263:98.65,VTX00061:98.59
PX214927.1	Diversispora celata | 4381_68A	Diversispora celata	main		assigned	VTX00060	99.808	VTX00060	1	VTX00060	VTX00060:99.81,VTX00054:98.84,VTX00347:98.66,VTX00263:98.46,VTX00061:98.39
PX214928.1	Diversispora celata | 4381_68A	Diversispora celata	main		assigned	VTX00060	100.0	VTX00060	1	VTX00060	VTX00060:100.00,VTX00054:99.03,VTX00347:98.85,VTX00263:98.65,VTX00061:98.59
PX214929.1	Diversispora celata | SC2	Diversispora celata	main		assigned	VTX00060	99.615	VTX00060	1	VTX00060	VTX00060:99.61,VTX00347:98.65,VTX00054:98.64,VTX00263:98.27,VTX00061:98.19
PX214930.1	Diversispora celata | SC2	Diversispora celata	main		assigned	VTX00060	99.808	VTX00060	1	VTX00060	VTX00060:99.81,VTX00347:98.85,VTX00263:98.65,VTX00054:98.64,VTX00061:98.59
PX214931.1	Diversispora celata | SC2	Diversispora celata	main		assigned	VTX00060	100.0	VTX00060	1	VTX00060	VTX00060:100.00,VTX00347:99.04,VTX00263:98.85,VTX00054:98.84,VTX00061:98.79
PX214932.1	Diversispora celata | SC2	Diversispora celata	main		assigned	VTX00060	100.0	VTX00060	1	VTX00060	VTX00060:100.00,VTX00347:99.04,VTX00263:98.85,VTX00054:98.84,VTX00061:98.79
PX214933.1	Diversispora celata | SC2	Diversispora celata	main		assigned	VTX00060	99.808	VTX00060	1	VTX00060	VTX00060:99.81,VTX00347:98.85,VTX00263:98.65,VTX00054:98.64,VTX00061:98.59
PX214934.1	Diversispora jakucsiae | Blasz_11_2271A	Diversispora jakucsiae	main		assigned	VTX00054	99.806	VTX00054,VTX00263	2	VTX00054,VTX00263	VTX00054:99.81,VTX00263:99.23,VTX00060:99.04,VTX00061:99.04,VTX00380:98.84
PX214935.1	Diversispora jakucsiae | Blasz_11_2271A	Diversispora jakucsiae	main		assigned	VTX00054	99.806	VTX00054,VTX00263	2	VTX00054,VTX00263	VTX00054:99.81,VTX00263:99.23,VTX00060:99.04,VTX00061:99.04,VTX00380:98.84
PX214936.1	Diversispora jakucsiae | Blasz_11_2271A	Diversispora jakucsiae	main		assigned	VTX00054	99.806	VTX00054,VTX00263	2	VTX00054,VTX00263	VTX00054:99.81,VTX00263:99.23,VTX00060:99.04,VTX00061:99.04,VTX00380:98.84
PX214937.1	Diversispora jakucsiae | Blasz_11_2271A	Diversispora jakucsiae	main		assigned	VTX00054	99.806	VTX00054,VTX00263	2	VTX00054,VTX00263	VTX00054:99.81,VTX00263:99.23,VTX00060:99.04,VTX00061:99.04,VTX00380:98.84
PX214938.1	Diversispora arenaria | Blasz_14_2274A	Diversispora arenaria	main		assigned	VTX00054	99.806	VTX00054,VTX00263	2	VTX00054,VTX00263	VTX00054:99.81,VTX00263:99.23,VTX00060:99.04,VTX00061:99.04,VTX00380:98.84
PX214939.1	Diversispora arenaria | Blasz_14_2274A	Diversispora arenaria	main		assigned	VTX00054	99.613	VTX00054,VTX00060,VTX00061,VTX00263	4	VTX00054,VTX00263	VTX00054:99.61,VTX00263:99.23,VTX00060:99.04,VTX00061:99.04,VTX00347:98.66
PX214940.1	Diversispora arenaria | Blasz_14_2274A	Diversispora arenaria	main		assigned	VTX00054	99.806	VTX00054,VTX00060,VTX00061,VTX00263	4	VTX00054,VTX00263	VTX00054:99.81,VTX00263:99.42,VTX00060:99.23,VTX00061:99.23,VTX00347:98.85
PX214941.1	Diversispora arenaria | Blasz_14_2274A	Diversispora arenaria	main		assigned	VTX00054	99.806	VTX00054,VTX00060,VTX00061,VTX00263	4	VTX00054,VTX00263	VTX00054:99.81,VTX00263:99.42,VTX00060:99.23,VTX00061:99.23,VTX00347:98.85
PX214942.1	Diversispora epigaea | BEG47_1140C	Diversispora epigaea	main		assigned	VTX00061	100.0	VTX00061	1	VTX00061	VTX00061:100.00,VTX00263:98.85,VTX00060:98.46,VTX00054:98.45,VTX00347:98.27
PX214943.1	Diversispora epigaea | BEG47_1140C	Diversispora epigaea	main		assigned	VTX00061	99.808	VTX00061	1	VTX00061	VTX00061:99.81,VTX00263:98.65,VTX00060:98.27,VTX00054:98.26,VTX00347:98.08
PX214944.1	Diversispora epigaea | FS16_2427A	Diversispora epigaea	main		assigned	VTX00061	99.808	VTX00061	1	VTX00061	VTX00061:99.81,VTX00263:98.65,VTX00060:98.27,VTX00054:98.26,VTX00347:98.08
PX214945.1	Diversispora epigaea | BEG47_1140C	Diversispora epigaea	main		assigned	VTX00061	99.808	VTX00061	1	VTX00061	VTX00061:99.81,VTX00263:98.65,VTX00060:98.27,VTX00054:98.26,VTX00347:98.08
PX214946.1	Diversispora epigaea | BEG47_1140C	Diversispora epigaea	main		assigned	VTX00061	100.0	VTX00061	1	VTX00061	VTX00061:100.00,VTX00263:98.85,VTX00060:98.46,VTX00054:98.45,VTX00347:98.27
PX214947.1	Diversispora epigaea | FS16_2427A	Diversispora epigaea	main		assigned	VTX00061	100.0	VTX00061	1	VTX00061	VTX00061:100.00,VTX00263:98.65,VTX00060:98.27,VTX00054:98.26,VTX00347:98.08
PX214948.1	Diversispora epigaea | FS16_2427A	Diversispora epigaea	main		assigned	VTX00061	100.0	VTX00061	1	VTX00061	VTX00061:100.00,VTX00263:98.85,VTX00060:98.46,VTX00054:98.45,VTX00347:98.27
PX214949.1	Diversispora epigaea | FS16_2427A	Diversispora epigaea	main		assigned	VTX00061	99.808	VTX00061	1	VTX00061	VTX00061:99.81,VTX00263:98.46,VTX00060:98.08,VTX00054:98.06,VTX00347:97.89
PX214950.1	Diversispora epigaea | FS16_2427A	Diversispora epigaea	main		assigned	VTX00061	99.808	VTX00061	1	VTX00061	VTX00061:99.81,VTX00263:98.46,VTX00060:98.08,VTX00054:98.06,VTX00347:97.89
PX214951.1	Diversispora epigaea | FS16_2427A	Diversispora epigaea	main		assigned	VTX00061	99.808	VTX00061	1	VTX00061	VTX00061:99.81,VTX00263:98.46,VTX00060:98.08,VTX00054:98.06,VTX00347:97.89
PX214952.1	Diversispora epigaea | FS16_2427A	Diversispora epigaea	main		assigned	VTX00061	100.0	VTX00061	1	VTX00061	VTX00061:100.00,VTX00263:98.65,VTX00060:98.27,VTX00054:98.26,VTX00347:98.08
PX214953.1	Diversispora epigaea | BEG47_1140C	Diversispora epigaea	main		assigned	VTX00061	99.423	VTX00061,VTX00263	2	VTX00061	VTX00061:99.42,VTX00263:98.85,VTX00060:98.46,VTX00054:98.45,VTX00347:98.27
PX214954.1	Diversispora epigaea | FS16_2427A	Diversispora epigaea	main		assigned	VTX00061	99.615	VTX00061,VTX00263	2	VTX00061	VTX00061:99.61,VTX00263:99.04,VTX00060:98.65,VTX00054:98.64,VTX00347:98.46
PX214955.1	Diversispora varaderana | 4394_1010A	Diversispora varaderana	main		assigned	VTX00306	99.807	VTX00062,VTX00306	2	VTX00062,VTX00306	VTX00062:100.00,VTX00306:99.81,VTX00054:98.64,VTX00061:98.39,VTX00060:98.27
PX214956.1	Diversispora varaderana | 3086_1170D	Diversispora varaderana	main		assigned	VTX00306	99.807	VTX00062,VTX00306	2	VTX00062,VTX00306	VTX00062:100.00,VTX00306:99.81,VTX00054:98.64,VTX00061:98.39,VTX00060:98.27
PX214957.1	Diversispora varaderana | 4450_536A	Diversispora varaderana	main		assigned	VTX00306	99.807	VTX00062,VTX00306	2	VTX00062,VTX00306	VTX00062:100.00,VTX00306:99.81,VTX00054:98.64,VTX00061:98.39,VTX00060:98.27
PX214958.1	Diversispora varaderana | 4394_1010A	Diversispora varaderana	main		assigned	VTX00306	99.807	VTX00062,VTX00306	2	VTX00062,VTX00306	VTX00062:100.00,VTX00306:99.81,VTX00054:98.64,VTX00061:98.39,VTX00060:98.27
PX214959.1	Diversispora varaderana | CW0016_4015A	Diversispora varaderana	main		assigned	VTX00306	99.807	VTX00062,VTX00306	2	VTX00062,VTX00306	VTX00062:100.00,VTX00306:99.81,VTX00054:98.64,VTX00061:98.39,VTX00060:98.27
PX214960.1	Diversispora varaderana | SASK_50	Diversispora varaderana	main		assigned	VTX00306	99.807	VTX00062,VTX00306	2	VTX00062,VTX00306	VTX00062:100.00,VTX00306:99.81,VTX00054:98.64,VTX00061:98.39,VTX00060:98.27
PX214961.1	Diversispora varaderana | 3086_1170D	Diversispora varaderana	main		assigned	VTX00306	99.807	VTX00062,VTX00306	2	VTX00062,VTX00306	VTX00062:100.00,VTX00306:99.81,VTX00054:98.64,VTX00061:98.39,VTX00060:98.27
PX214962.1	Diversispora varaderana | 3086_1170D	Diversispora varaderana	main		assigned	VTX00306	99.613	VTX00062,VTX00306	2	VTX00062,VTX00306	VTX00062:99.80,VTX00306:99.61,VTX00054:98.64,VTX00061:98.59,VTX00060:98.46
PX214963.1	Diversispora varaderana | 4394_1010A	Diversispora varaderana	main		assigned	VTX00306	99.613	VTX00062,VTX00306	2	VTX00062,VTX00306	VTX00062:99.80,VTX00306:99.61,VTX00054:98.64,VTX00061:98.59,VTX00060:98.46
PX214964.1	Diversispora varaderana | 4510_972A	Diversispora varaderana	main		assigned	VTX00306	99.613	VTX00062,VTX00306	2	VTX00062,VTX00306	VTX00062:99.80,VTX00306:99.61,VTX00054:98.64,VTX00061:98.59,VTX00060:98.46
PX214965.1	Diversispora varaderana | 4450_536A	Diversispora varaderana	main		assigned	VTX00306	99.613	VTX00062,VTX00306	2	VTX00062,VTX00306	VTX00062:99.80,VTX00306:99.61,VTX00054:98.64,VTX00061:98.59,VTX00060:98.46
PX214966.1	Diversispora varaderana | SASK_50	Diversispora varaderana	main		assigned	VTX00306	99.613	VTX00062,VTX00306	2	VTX00062,VTX00306	VTX00062:99.80,VTX00306:99.61,VTX00054:98.64,VTX00061:98.59,VTX00060:98.46
PX214967.1	Diversispora varaderana | 4393_830B	Diversispora varaderana	main		assigned	VTX00306	99.613	VTX00062,VTX00306	2	VTX00062,VTX00306	VTX00062:99.80,VTX00306:99.61,VTX00054:98.64,VTX00061:98.59,VTX00060:98.46
PX214968.1	Diversispora varaderana | 3086_1170D	Diversispora varaderana	main		assigned	VTX00306	99.613	VTX00062,VTX00306	2	VTX00062,VTX00306	VTX00062:99.80,VTX00306:99.61,VTX00054:98.64,VTX00061:98.59,VTX00060:98.46
PX214969.1	Diversispora varaderana | 4450_536A	Diversispora varaderana	main		assigned	VTX00306	99.613	VTX00062,VTX00306	2	VTX00062,VTX00306	VTX00062:99.80,VTX00306:99.61,VTX00054:98.64,VTX00061:98.59,VTX00060:98.46
PX214970.1	Diversispora varaderana | 4393_830B	Diversispora varaderana	main		assigned	VTX00306	99.613	VTX00062,VTX00306	2	VTX00062,VTX00306	VTX00062:99.80,VTX00306:99.61,VTX00054:98.64,VTX00061:98.59,VTX00060:98.46
PX214971.1	Diversispora varaderana | 3086_1170D	Diversispora varaderana	main		assigned	VTX00306	99.613	VTX00062,VTX00306	2	VTX00062,VTX00306	VTX00062:99.80,VTX00306:99.61,VTX00054:98.64,VTX00061:98.59,VTX00060:98.46
PX214972.1	Diversispora varaderana | 4450_536A	Diversispora varaderana	main		assigned	VTX00306	99.613	VTX00062,VTX00306	2	VTX00062,VTX00306	VTX00062:99.80,VTX00306:99.61,VTX00054:98.64,VTX00061:98.59,VTX00060:98.46
PX214973.1	Diversispora varaderana | 4450_536A	Diversispora varaderana	main		assigned	VTX00306	99.807	VTX00062,VTX00306	2	VTX00062,VTX00306	VTX00062:100.00,VTX00306:99.81,VTX00054:98.64,VTX00061:98.39,VTX00060:98.27
PX214974.1	Diversispora varaderana | 4450_536A	Diversispora varaderana	main		assigned	VTX00306	99.613	VTX00062,VTX00306	2	VTX00062,VTX00306	VTX00062:99.80,VTX00306:99.61,VTX00054:98.64,VTX00061:98.59,VTX00060:98.46
PX214975.1	Diversispora varaderana | SASK_50	Diversispora varaderana	main		assigned	VTX00306	99.613	VTX00062,VTX00306	2	VTX00062,VTX00306	VTX00062:99.80,VTX00306:99.61,VTX00054:98.64,VTX00061:98.59,VTX00060:98.46
PX214976.1	Diversispora varaderana | 3086_1170D	Diversispora varaderana	main		assigned	VTX00306	99.807	VTX00062,VTX00306	2	VTX00062,VTX00306	VTX00062:100.00,VTX00306:99.81,VTX00054:98.64,VTX00061:98.39,VTX00060:98.27
PX214977.1	Diversispora varaderana | 4393_830B	Diversispora varaderana	main		assigned	VTX00306	99.807	VTX00062,VTX00306	2	VTX00062,VTX00306	VTX00062:100.00,VTX00306:99.81,VTX00054:98.64,VTX00061:98.39,VTX00060:98.27
PX214978.1	Diversispora varaderana | CW0016_4015A	Diversispora varaderana	main		assigned	VTX00306	99.613	VTX00062,VTX00306	2	VTX00062,VTX00306	VTX00062:99.80,VTX00306:99.61,VTX00054:98.64,VTX00061:98.59,VTX00060:98.46
PX214979.1	Diversispora varaderana | CW0016_4015A	Diversispora varaderana	main		assigned	VTX00306	99.613	VTX00062,VTX00306	2	VTX00062,VTX00306	VTX00062:99.80,VTX00306:99.61,VTX00054:98.64,VTX00061:98.59,VTX00060:98.46
PX214980.1	Diversispora varaderana | CW0016_4015A	Diversispora varaderana	main		assigned	VTX00306	99.613	VTX00062,VTX00306	2	VTX00062,VTX00306	VTX00062:99.80,VTX00306:99.61,VTX00054:98.64,VTX00061:98.59,VTX00060:98.46
PX214981.1	Diversispora varaderana | 3086_1170D	Diversispora varaderana	main		assigned	VTX00306	99.807	VTX00062,VTX00306	2	VTX00062,VTX00306	VTX00062:100.00,VTX00306:99.81,VTX00054:98.64,VTX00061:98.39,VTX00060:98.27
PX214982.1	Diversispora varaderana | 4393_830B	Diversispora varaderana	main		assigned	VTX00306	99.807	VTX00062,VTX00306	2	VTX00062,VTX00306	VTX00062:100.00,VTX00306:99.81,VTX00054:98.64,VTX00061:98.39,VTX00060:98.27
PX214983.1	Diversispora varaderana | 3086_1170D	Diversispora varaderana	main		assigned	VTX00306	99.807	VTX00062,VTX00306	2	VTX00062,VTX00306	VTX00062:100.00,VTX00306:99.81,VTX00054:98.64,VTX00061:98.39,VTX00060:98.27
PX214984.1	Diversispora varaderana | 4394_1010A	Diversispora varaderana	main		assigned	VTX00306	99.807	VTX00062,VTX00306	2	VTX00062,VTX00306	VTX00062:100.00,VTX00306:99.81,VTX00054:98.64,VTX00061:98.39,VTX00060:98.27
PX214985.1	Diversispora varaderana | SASK_50	Diversispora varaderana	main		assigned	VTX00306	99.807	VTX00062,VTX00306	2	VTX00062,VTX00306	VTX00062:100.00,VTX00306:99.81,VTX00054:98.64,VTX00061:98.39,VTX00060:98.27
PX214986.1	Diversispora aestuarii | 4403_745C	Diversispora aestuarii	main		assigned	VTX00306	99.807	VTX00062,VTX00306	2	VTX00062,VTX00306	VTX00062:100.00,VTX00306:99.81,VTX00054:98.64,VTX00061:98.39,VTX00060:98.27
PX214987.1	Diversispora aestuarii | 4403_745C	Diversispora aestuarii	main		assigned	VTX00306	99.807	VTX00062,VTX00306	2	VTX00062,VTX00306	VTX00062:100.00,VTX00306:99.81,VTX00054:98.64,VTX00061:98.39,VTX00060:98.27
PX214988.1	Diversispora aestuarii | 4403_745C	Diversispora aestuarii	main		assigned	VTX00306	99.807	VTX00062,VTX00306	2	VTX00062,VTX00306	VTX00062:100.00,VTX00306:99.81,VTX00054:98.64,VTX00061:98.39,VTX00060:98.27
PX214989.1	Diversispora aestuarii | 4403_745C	Diversispora aestuarii	main		assigned	VTX00306	99.807	VTX00062,VTX00306	2	VTX00062,VTX00306	VTX00062:100.00,VTX00306:99.81,VTX00054:98.64,VTX00061:98.39,VTX00060:98.27
PX214990.1	Diversispora aestuarii | 4485_952D	Diversispora aestuarii	main		assigned	VTX00306	99.807	VTX00062,VTX00306	2	VTX00062,VTX00306	VTX00062:100.00,VTX00306:99.81,VTX00054:98.64,VTX00061:98.39,VTX00060:98.27
PX214991.1	Diversispora aestuarii | 4485_952D	Diversispora aestuarii	main		assigned	VTX00306	99.807	VTX00062,VTX00306	2	VTX00062,VTX00306	VTX00062:100.00,VTX00306:99.81,VTX00054:98.64,VTX00061:98.39,VTX00060:98.27
PX214992.1	Diversispora aestuarii | 4485_952D	Diversispora aestuarii	main		assigned	VTX00306	99.613	VTX00062,VTX00306	2	VTX00062,VTX00306	VTX00062:99.80,VTX00306:99.61,VTX00054:98.64,VTX00061:98.59,VTX00060:98.46
PX214993.1	Diversispora aestuarii | 4403_745C	Diversispora aestuarii	main		assigned	VTX00306	99.807	VTX00062,VTX00306	2	VTX00062,VTX00306	VTX00062:100.00,VTX00306:99.81,VTX00054:98.64,VTX00061:98.39,VTX00060:98.27
PX214994.1	Diversispora aestuarii | 4485_952D	Diversispora aestuarii	main		assigned	VTX00306	99.807	VTX00062,VTX00306	2	VTX00062,VTX00306	VTX00062:100.00,VTX00306:99.81,VTX00054:98.64,VTX00061:98.39,VTX00060:98.27
PX214995.1	Diversispora aestuarii | 4403_745C	Diversispora aestuarii	main		assigned	VTX00306	99.807	VTX00062,VTX00306	2	VTX00062,VTX00306	VTX00062:100.00,VTX00306:99.81,VTX00054:98.64,VTX00061:98.39,VTX00060:98.27
PX214996.1	Diversispora aestuarii | 4403_745C	Diversispora aestuarii	main		assigned	VTX00306	99.807	VTX00062,VTX00306	2	VTX00062,VTX00306	VTX00062:100.00,VTX00306:99.81,VTX00054:98.64,VTX00061:98.39,VTX00060:98.27
PX214997.1	Diversispora aestuarii | 4403_745C	Diversispora aestuarii	main		assigned	VTX00306	99.807	VTX00062,VTX00306	2	VTX00062,VTX00306	VTX00062:100.00,VTX00306:99.81,VTX00054:98.64,VTX00061:98.39,VTX00060:98.27
PX214998.1	Diversispora aestuarii | 4485_952D	Diversispora aestuarii	main		assigned	VTX00306	99.807	VTX00062,VTX00306	2	VTX00062,VTX00306	VTX00062:100.00,VTX00306:99.81,VTX00054:98.64,VTX00061:98.39,VTX00060:98.27
PX214999.1	Diversispora aestuarii | 4485_952D	Diversispora aestuarii	main		assigned	VTX00306	99.807	VTX00062,VTX00306	2	VTX00062,VTX00306	VTX00062:100.00,VTX00306:99.81,VTX00054:98.64,VTX00061:98.39,VTX00060:98.27
PX215000.1	Diversispora aestuarii | 4485_952D	Diversispora aestuarii	main		assigned	VTX00306	99.807	VTX00062,VTX00306	2	VTX00062,VTX00306	VTX00062:100.00,VTX00306:99.81,VTX00054:98.64,VTX00061:98.39,VTX00060:98.27
PX215001.1	Diversispora aestuarii | 4403_745C	Diversispora aestuarii	main		assigned	VTX00306	99.807	VTX00062,VTX00306	2	VTX00062,VTX00306	VTX00062:100.00,VTX00306:99.81,VTX00054:98.64,VTX00061:98.39,VTX00060:98.27
PX215002.1	Diversispora aestuarii | 4403_745C	Diversispora aestuarii	main		assigned	VTX00306	99.807	VTX00062,VTX00306	2	VTX00062,VTX00306	VTX00062:100.00,VTX00306:99.81,VTX00054:98.64,VTX00061:98.39,VTX00060:98.27
PX215003.1	Diversispora aestuarii | 4485_952D	Diversispora aestuarii	main		assigned	VTX00306	99.613	VTX00062,VTX00306	2	VTX00062,VTX00306	VTX00062:99.80,VTX00306:99.61,VTX00054:98.84,VTX00060:98.46,VTX00263:98.27
PX215004.1	Diversispora aestuarii | 4485_952D	Diversispora aestuarii	main		assigned	VTX00306	99.807	VTX00062,VTX00306	2	VTX00062,VTX00306	VTX00062:100.00,VTX00306:99.81,VTX00054:98.64,VTX00061:98.39,VTX00060:98.27
PX215005.1	Diversispora aestuarii | 4485_952D	Diversispora aestuarii	main		assigned	VTX00306	99.226	VTX00054,VTX00062,VTX00306	3	VTX00062,VTX00306	VTX00062:99.41,VTX00306:99.23,VTX00054:98.64,VTX00060:98.46,VTX00263:98.27
PX215006.1	Diversispora spurca | Algerie_2_1072C	Diversispora spurca	main		assigned	VTX00263	99.808	VTX00054,VTX00061,VTX00263	3	VTX00054,VTX00061,VTX00263	VTX00263:99.81,VTX00061:99.61,VTX00054:99.42,VTX00060:99.04,VTX00347:98.85
PX215007.1	Diversispora spurca | Algerie_2_1072C	Diversispora spurca	main		assigned	VTX00263	99.808	VTX00054,VTX00061,VTX00263	3	VTX00054,VTX00061,VTX00263	VTX00263:99.81,VTX00061:99.61,VTX00054:99.42,VTX00060:99.04,VTX00347:98.85
PX215008.1	Diversispora spurca | Algerie_2_1072C	Diversispora spurca	main		assigned	VTX00263	99.616	VTX00054,VTX00061,VTX00263	3	VTX00054,VTX00061,VTX00263	VTX00263:99.62,VTX00061:99.42,VTX00054:99.23,VTX00060:98.85,VTX00347:98.66
PX215009.1	Diversispora spurca | W246_28_9A	Diversispora spurca	main		assigned	VTX00263	99.808	VTX00054,VTX00061,VTX00263	3	VTX00054,VTX00061,VTX00263	VTX00263:99.81,VTX00061:99.61,VTX00054:99.42,VTX00060:99.04,VTX00347:98.85
PX215010.1	Diversispora spurca | W246_28_9A	Diversispora spurca	main		assigned	VTX00263	99.808	VTX00054,VTX00061,VTX00263	3	VTX00054,VTX00061,VTX00263	VTX00263:99.81,VTX00061:99.61,VTX00054:99.42,VTX00060:99.04,VTX00347:98.85
PX215011.1	Diversispora spurca | W246_28_9A	Diversispora spurca	main		assigned	VTX00263	99.808	VTX00054,VTX00061,VTX00263	3	VTX00054,VTX00061,VTX00263	VTX00263:99.81,VTX00061:99.61,VTX00054:99.42,VTX00060:99.04,VTX00347:98.85
PX215012.1	Diversispora spurca | W246_28_9A	Diversispora spurca	main		assigned	VTX00263	99.808	VTX00054,VTX00061,VTX00263	3	VTX00054,VTX00061,VTX00263	VTX00263:99.81,VTX00061:99.61,VTX00054:99.42,VTX00060:99.04,VTX00347:98.85
PX215013.1	Acaulospora morrowiae | CR315B_2019A	Acaulospora morrowiae	main		assigned	VTX00028	99.615	VTX00028	1	VTX00028	VTX00028:99.81,VTX00030:98.04,VTX00027:96.47,VTX00026:96.35,VTX00047:96.06
PX215014.1	Acaulospora morrowiae | CR315B_2019A	Acaulospora morrowiae	main		assigned	VTX00028	99.423	VTX00028	1	VTX00028	VTX00028:99.61,VTX00030:98.23,VTX00027:96.67,VTX00047:96.25,VTX00026:96.15
PX215015.1	Acaulospora morrowiae | CR315B_2019A	Acaulospora morrowiae	main		assigned	VTX00028	99.423	VTX00028	1	VTX00028	VTX00028:99.61,VTX00030:98.23,VTX00027:96.67,VTX00047:96.25,VTX00026:96.15
PX215016.1	Acaulospora morrowiae | BF_TM_1197A	Acaulospora morrowiae	main		assigned	VTX00028	99.808	VTX00028	1	VTX00028	VTX00028:99.81,VTX00030:98.23,VTX00027:96.28,VTX00047:96.25,VTX00026:96.15
PX215017.1	Acaulospora morrowiae | BF_TM_1197A	Acaulospora morrowiae	main		assigned	VTX00028	99.423	VTX00028	1	VTX00028	VTX00028:99.61,VTX00030:97.84,VTX00027:96.28,VTX00026:96.15,VTX00047:95.86
PX215018.1	Acaulospora morrowiae | BF_TM_1197A	Acaulospora morrowiae	main		assigned	VTX00028	99.808	VTX00028	1	VTX00028	VTX00028:99.81,VTX00030:98.23,VTX00027:96.28,VTX00047:96.25,VTX00026:96.15
PX215019.1	Acaulospora morrowiae | BF_TM_1197A	Acaulospora morrowiae	main		assigned	VTX00028	99.423	VTX00028	1	VTX00028	VTX00028:99.61,VTX00030:97.84,VTX00027:96.28,VTX00026:96.15,VTX00047:95.86
PX215020.1	Acaulospora morrowiae | BF_TM_1197A	Acaulospora morrowiae	main		assigned	VTX00028	99.808	VTX00028	1	VTX00028	VTX00028:99.81,VTX00030:97.84,VTX00027:96.28,VTX00026:96.15,VTX00047:95.86
PX215021.1	Acaulospora morrowiae | BF_TM_1197A	Acaulospora morrowiae	main		assigned	VTX00028	99.808	VTX00028	1	VTX00028	VTX00028:99.81,VTX00030:98.23,VTX00027:96.28,VTX00047:96.25,VTX00026:96.15
PX215022.1	Acaulospora morrowiae | BF_TM_1197A	Acaulospora morrowiae	main		assigned	VTX00028	99.808	VTX00028	1	VTX00028	VTX00028:99.81,VTX00030:97.84,VTX00027:96.28,VTX00026:96.15,VTX00047:95.86
PX215023.1	Cetraspora gilmorei | 4430_2047A	Cetraspora gilmorei	main		assigned	VTX00041	99.808	VTX00041	1	VTX00041	VTX00041:99.81,VTX00039:98.85,VTX00254:98.46,VTX00255:98.08,VTX00260:97.89
PX215024.1	Cetraspora gilmorei | 4430_2047A	Cetraspora gilmorei	main		assigned	VTX00041	100.0	VTX00041	1	VTX00041	VTX00041:100.00,VTX00039:98.98,VTX00254:98.85,VTX00255:98.46,VTX00260:98.27
PX215025.1	Cetraspora gilmorei | 4430_2047A	Cetraspora gilmorei	main		assigned	VTX00041	99.808	VTX00041	1	VTX00041	VTX00041:99.81,VTX00039:98.77,VTX00254:98.65,VTX00255:98.27,VTX00260:98.08
PX215026.1	Cetraspora gilmorei | 4397_453A	Cetraspora gilmorei	main		assigned	VTX00041	100.0	VTX00041	1	VTX00041	VTX00041:100.00,VTX00039:98.98,VTX00254:98.85,VTX00255:98.46,VTX00260:98.27
PX215027.1	Cetraspora gilmorei | 4414_1105C	Cetraspora gilmorei	main		assigned	VTX00041	100.0	VTX00041	1	VTX00041	VTX00041:100.00,VTX00039:98.98,VTX00254:98.85,VTX00255:98.46,VTX00260:98.27
PX215028.1	Cetraspora gilmorei | 4385	Cetraspora gilmorei	main		assigned	VTX00041	100.0	VTX00041	1	VTX00041	VTX00041:100.00,VTX00039:98.98,VTX00254:98.85,VTX00255:98.46,VTX00260:98.27
PX215029.1	Cetraspora gilmorei | 4398_831C	Cetraspora gilmorei	main		assigned	VTX00041	100.0	VTX00041	1	VTX00041	VTX00041:100.00,VTX00039:98.98,VTX00254:98.85,VTX00255:98.46,VTX00260:98.27
PX215030.1	Cetraspora gilmorei | 4419_860D	Cetraspora gilmorei	main		assigned	VTX00041	100.0	VTX00041	1	VTX00041	VTX00041:100.00,VTX00039:98.98,VTX00254:98.85,VTX00255:98.46,VTX00260:98.27
PX215031.1	Cetraspora gilmorei | 4414_1105C	Cetraspora gilmorei	main		assigned	VTX00041	100.0	VTX00041	1	VTX00041	VTX00041:100.00,VTX00039:98.98,VTX00254:98.85,VTX00255:98.46,VTX00260:98.27
PX215032.1	Cetraspora gilmorei | 4385	Cetraspora gilmorei	main		assigned	VTX00041	100.0	VTX00041	1	VTX00041	VTX00041:100.00,VTX00039:98.98,VTX00254:98.85,VTX00255:98.46,VTX00260:98.27
PX215033.1	Cetraspora gilmorei | 4419_860D	Cetraspora gilmorei	main		assigned	VTX00041	100.0	VTX00041	1	VTX00041	VTX00041:100.00,VTX00039:98.98,VTX00254:98.85,VTX00255:98.46,VTX00260:98.27
PX215034.1	Cetraspora gilmorei | 4414_1105C	Cetraspora gilmorei	main		assigned	VTX00041	100.0	VTX00041	1	VTX00041	VTX00041:100.00,VTX00039:98.98,VTX00254:98.85,VTX00255:98.46,VTX00260:98.27
PX215035.1	Cetraspora gilmorei | 4398_831C	Cetraspora gilmorei	main		assigned	VTX00041	100.0	VTX00041	1	VTX00041	VTX00041:100.00,VTX00039:98.98,VTX00254:98.85,VTX00255:98.46,VTX00260:98.27
PX215036.1	Cetraspora gilmorei | 4414_1105C	Cetraspora gilmorei	main		assigned	VTX00041	99.808	VTX00041	1	VTX00041	VTX00041:99.81,VTX00039:99.18,VTX00254:99.04,VTX00255:98.65,VTX00260:98.46
PX215037.1	Cetraspora gilmorei | 4385	Cetraspora gilmorei	main		assigned	VTX00041	99.808	VTX00041	1	VTX00041	VTX00041:99.81,VTX00039:99.18,VTX00254:99.04,VTX00255:98.65,VTX00260:98.46
PX215038.1	Cetraspora gilmorei | 4398_831C	Cetraspora gilmorei	main		assigned	VTX00041	99.808	VTX00041	1	VTX00041	VTX00041:99.81,VTX00039:99.18,VTX00254:99.04,VTX00255:98.65,VTX00260:98.46
PX215039.1	Cetraspora gilmorei | 4419_860D	Cetraspora gilmorei	main		assigned	VTX00041	99.808	VTX00041	1	VTX00041	VTX00041:99.81,VTX00039:99.18,VTX00254:99.04,VTX00255:98.65,VTX00260:98.46
PX215040.1	Cetraspora gilmorei | 4414_1105C	Cetraspora gilmorei	main		assigned	VTX00041	100.0	VTX00041	1	VTX00041	VTX00041:100.00,VTX00039:99.04,VTX00254:98.65,VTX00255:98.27,VTX00260:98.08
PX215041.1	Cetraspora gilmorei | 4385	Cetraspora gilmorei	main		assigned	VTX00041	100.0	VTX00041	1	VTX00041	VTX00041:100.00,VTX00039:99.04,VTX00254:98.65,VTX00255:98.27,VTX00260:98.08
PX215042.1	Cetraspora gilmorei | 4398_831C	Cetraspora gilmorei	main		assigned	VTX00041	100.0	VTX00041	1	VTX00041	VTX00041:100.00,VTX00039:99.04,VTX00254:98.65,VTX00255:98.27,VTX00260:98.08
PX215043.1	Cetraspora gilmorei | 4419_860D	Cetraspora gilmorei	main		assigned	VTX00041	100.0	VTX00041	1	VTX00041	VTX00041:100.00,VTX00039:99.04,VTX00254:98.65,VTX00255:98.27,VTX00260:98.08
PX215044.1	Cetraspora gilmorei | 4414_1105C	Cetraspora gilmorei	main		assigned	VTX00041	99.808	VTX00041	1	VTX00041	VTX00041:99.81,VTX00039:99.18,VTX00254:99.04,VTX00255:98.65,VTX00260:98.46
PX215045.1	Cetraspora gilmorei | 4414_1105C	Cetraspora gilmorei	main		assigned	VTX00041	100.0	VTX00041	1	VTX00041	VTX00041:100.00,VTX00039:99.04,VTX00254:98.65,VTX00255:98.27,VTX00260:98.08
PX215046.1	Cetraspora gilmorei | 4385	Cetraspora gilmorei	main		assigned	VTX00041	100.0	VTX00041	1	VTX00041	VTX00041:100.00,VTX00039:99.04,VTX00254:98.65,VTX00255:98.27,VTX00260:98.08
PX215047.1	Cetraspora gilmorei | 4398_831C	Cetraspora gilmorei	main		assigned	VTX00041	100.0	VTX00041	1	VTX00041	VTX00041:100.00,VTX00039:99.04,VTX00254:98.65,VTX00255:98.27,VTX00260:98.08
PX215048.1	Cetraspora gilmorei | 4419_860D	Cetraspora gilmorei	main		assigned	VTX00041	100.0	VTX00041	1	VTX00041	VTX00041:100.00,VTX00039:99.04,VTX00254:98.65,VTX00255:98.27,VTX00260:98.08
PX215049.1	Cetraspora gilmorei | 4430_2047A	Cetraspora gilmorei	main		assigned	VTX00041	99.808	VTX00041	1	VTX00041	VTX00041:99.81,VTX00254:98.85,VTX00039:98.85,VTX00255:98.08,VTX00260:97.89
PX215050.1	Cetraspora gilmorei | 4430_2047A	Cetraspora gilmorei	main		assigned	VTX00041	100.0	VTX00041	1	VTX00041	VTX00041:100.00,VTX00039:99.04,VTX00254:98.65,VTX00255:98.27,VTX00260:98.08
PX215051.1	Cetraspora gilmorei | 4436_787A	Cetraspora gilmorei	main		assigned	VTX00041	100.0	VTX00041	1	VTX00041	VTX00041:100.00,VTX00039:98.98,VTX00254:98.85,VTX00255:98.46,VTX00260:98.27
PX215052.1	Cetraspora gilmorei | 4436_787A	Cetraspora gilmorei	main		assigned	VTX00041	100.0	VTX00041	1	VTX00041	VTX00041:100.00,VTX00039:98.98,VTX00254:98.85,VTX00255:98.46,VTX00260:98.27
PX215053.1	Cetraspora gilmorei | 4436_787A	Cetraspora gilmorei	main		assigned	VTX00041	100.0	VTX00041	1	VTX00041	VTX00041:100.00,VTX00039:99.04,VTX00254:98.65,VTX00255:98.27,VTX00260:98.08
PX215054.1	Cetraspora gilmorei | CW0008_4007A	Cetraspora gilmorei	main		assigned	VTX00041	100.0	VTX00041	1	VTX00041	VTX00041:100.00,VTX00039:98.98,VTX00254:98.85,VTX00255:98.46,VTX00260:98.27
PX215055.1	Cetraspora gilmorei | 4436_787A	Cetraspora gilmorei	main		assigned	VTX00041	100.0	VTX00041	1	VTX00041	VTX00041:100.00,VTX00039:98.98,VTX00254:98.85,VTX00255:98.46,VTX00260:98.27
PX215056.1	Cetraspora gilmorei | CW0008_4007A	Cetraspora gilmorei	main		assigned	VTX00041	100.0	VTX00041	1	VTX00041	VTX00041:100.00,VTX00039:98.98,VTX00254:98.85,VTX00255:98.46,VTX00260:98.27
PX215057.1	Cetraspora gilmorei | CW0008_4007A	Cetraspora gilmorei	main		assigned	VTX00041	100.0	VTX00041	1	VTX00041	VTX00041:100.00,VTX00039:98.98,VTX00254:98.85,VTX00255:98.46,VTX00260:98.27
PX215058.1	Cetraspora gilmorei | CW0008_4007A	Cetraspora gilmorei	main		assigned	VTX00041	99.616	VTX00041	1	VTX00041	VTX00041:99.62,VTX00039:98.98,VTX00254:98.85,VTX00255:98.46,VTX00260:98.27
PX215059.1	Cetraspora gilmorei | 4397_453A	Cetraspora gilmorei	main		assigned	VTX00041	99.808	VTX00041	1	VTX00041	VTX00041:99.81,VTX00039:98.85,VTX00254:98.46,VTX00255:98.08,VTX00260:98.08
PX215060.1	Cetraspora gilmorei | 4414_1105C	Cetraspora gilmorei	main		assigned	VTX00041	99.808	VTX00041	1	VTX00041	VTX00041:99.81,VTX00039:98.85,VTX00254:98.46,VTX00255:98.08,VTX00260:98.08
PX215061.1	Cetraspora gilmorei | 4385	Cetraspora gilmorei	main		assigned	VTX00041	99.808	VTX00041	1	VTX00041	VTX00041:99.81,VTX00039:98.85,VTX00254:98.46,VTX00255:98.08,VTX00260:98.08
PX215062.1	Cetraspora gilmorei | 4398_831C	Cetraspora gilmorei	main		assigned	VTX00041	99.808	VTX00041	1	VTX00041	VTX00041:99.81,VTX00039:98.85,VTX00254:98.46,VTX00255:98.08,VTX00260:98.08
PX215063.1	Cetraspora gilmorei | 4419_860D	Cetraspora gilmorei	main		assigned	VTX00041	99.808	VTX00041	1	VTX00041	VTX00041:99.81,VTX00039:98.85,VTX00254:98.46,VTX00255:98.08,VTX00260:98.08
PX215064.1	Cetraspora gilmorei | 4419_860D	Cetraspora gilmorei	main		assigned	VTX00041	99.808	VTX00041	1	VTX00041	VTX00041:99.81,VTX00039:98.85,VTX00254:98.46,VTX00255:98.08,VTX00260:98.08
PX215065.1	Cetraspora gilmorei | 4414_1105C	Cetraspora gilmorei	main		assigned	VTX00041	100.0	VTX00041	1	VTX00041	VTX00041:100.00,VTX00039:98.98,VTX00254:98.85,VTX00255:98.46,VTX00260:98.27
PX215066.1	Cetraspora gilmorei | 4385	Cetraspora gilmorei	main		assigned	VTX00041	100.0	VTX00041	1	VTX00041	VTX00041:100.00,VTX00039:98.98,VTX00254:98.85,VTX00255:98.46,VTX00260:98.27
PX215067.1	Cetraspora gilmorei | 4419_860D	Cetraspora gilmorei	main		assigned	VTX00041	100.0	VTX00041	1	VTX00041	VTX00041:100.00,VTX00039:98.98,VTX00254:98.85,VTX00255:98.46,VTX00260:98.27
PX215068.1	Cetraspora gilmorei | 4436_787A	Cetraspora gilmorei	main		assigned	VTX00041	99.808	VTX00041	1	VTX00041	VTX00041:99.81,VTX00039:99.18,VTX00254:99.04,VTX00255:98.65,VTX00260:98.46
PX215069.1	Cetraspora gilmorei | 4414_1105C	Cetraspora gilmorei	main		assigned	VTX00041	99.808	VTX00041	1	VTX00041	VTX00041:99.81,VTX00039:99.18,VTX00254:99.04,VTX00255:98.65,VTX00260:98.46
PX215070.1	Cetraspora gilmorei | 4385	Cetraspora gilmorei	main		assigned	VTX00041	99.808	VTX00041	1	VTX00041	VTX00041:99.81,VTX00039:99.18,VTX00254:99.04,VTX00255:98.65,VTX00260:98.46
PX215071.1	Cetraspora gilmorei | 4398_831C	Cetraspora gilmorei	main		assigned	VTX00041	99.808	VTX00041	1	VTX00041	VTX00041:99.81,VTX00039:99.18,VTX00254:99.04,VTX00255:98.65,VTX00260:98.46
PX215072.1	Cetraspora gilmorei | 4419_860D	Cetraspora gilmorei	main		assigned	VTX00041	99.808	VTX00041	1	VTX00041	VTX00041:99.81,VTX00039:99.18,VTX00254:99.04,VTX00255:98.65,VTX00260:98.46
PX215073.1	Dentiscutata heterogama | BEG_35_2003A	Dentiscutata heterogama	main		assigned	VTX00255	99.808	VTX00255	1	VTX00255	VTX00255:99.81,VTX00039:98.46,VTX00041:98.27,VTX00318:98.07,VTX00254:97.50
PX215074.1	Dentiscutata heterogama | BEG_35_2003A	Dentiscutata heterogama	main		assigned	VTX00255	100.0	VTX00255	1	VTX00255	VTX00255:100.00,VTX00039:98.65,VTX00041:98.46,VTX00318:98.26,VTX00254:97.70
PX215075.1	Dentiscutata heterogama | CL157_2013B	Dentiscutata heterogama	main		assigned	VTX00255	99.615	VTX00255	1	VTX00255	VTX00255:99.61,VTX00039:98.27,VTX00041:98.08,VTX00318:97.88,VTX00254:97.31
PX215076.1	Dentiscutata heterogama | CL157_2013B	Dentiscutata heterogama	main		assigned	VTX00255	100.0	VTX00255	1	VTX00255	VTX00255:100.00,VTX00039:98.65,VTX00041:98.46,VTX00318:98.26,VTX00254:97.70
PX215077.1	Dentiscutata heterogama | BEG_35_2003A	Dentiscutata heterogama	main		assigned	VTX00255	99.615	VTX00255	1	VTX00255	VTX00255:99.61,VTX00039:98.46,VTX00041:98.08,VTX00318:97.88,VTX00254:97.31
PX215078.1	Dentiscutata heterogama | CL157_2013B	Dentiscutata heterogama	main		assigned	VTX00255	99.808	VTX00255	1	VTX00255	VTX00255:99.81,VTX00039:98.46,VTX00041:98.27,VTX00318:98.07,VTX00254:97.50
PX215079.1	Gigaspora rosea | BEG9_770A	Gigaspora rosea	main		assigned	VTX00039	99.615	VTX00039	1	VTX00039	VTX00039:99.61,VTX00255:98.65,VTX00041:98.61,VTX00260:98.08,VTX00052:97.89
PX215080.1	Gigaspora rosea | 194757_703A	Gigaspora rosea	main		assigned	VTX00039	99.615	VTX00039	1	VTX00039	VTX00039:99.61,VTX00255:98.65,VTX00041:98.61,VTX00260:98.08,VTX00052:97.89
PX215081.1	Gigaspora rosea | 4511_973A	Gigaspora rosea	main		assigned	VTX00039	99.615	VTX00039	1	VTX00039	VTX00039:99.61,VTX00255:98.65,VTX00041:98.61,VTX00260:98.08,VTX00052:97.89
PX215082.1	Gigaspora rosea | CW0011_4010A	Gigaspora rosea	main		assigned	VTX00039	99.615	VTX00039	1	VTX00039	VTX00039:99.61,VTX00255:98.65,VTX00041:98.61,VTX00052:97.89,VTX00049:97.89
PX215083.1	Gigaspora rosea | 194757_703A	Gigaspora rosea	main		assigned	VTX00039	99.615	VTX00039	1	VTX00039	VTX00039:99.61,VTX00041:98.61,VTX00255:98.46,VTX00052:98.27,VTX00260:97.69
PX215084.1	Gigaspora rosea | BEG9_770A	Gigaspora rosea	main		assigned	VTX00039	99.615	VTX00039	1	VTX00039	VTX00039:99.61,VTX00041:98.61,VTX00255:98.27,VTX00052:98.27,VTX00260:97.69
PX215085.1	Gigaspora rosea | 194757_703A	Gigaspora rosea	main		assigned	VTX00039	99.423	VTX00039	1	VTX00039	VTX00039:99.42,VTX00041:98.41,VTX00255:98.08,VTX00052:98.08,VTX00260:97.50
PX215086.1	Gigaspora rosea | CW0011_4010A	Gigaspora rosea	main		assigned	VTX00039	99.808	VTX00039	1	VTX00039	VTX00039:99.81,VTX00041:98.81,VTX00255:98.46,VTX00052:98.08,VTX00260:97.89
PX215087.1	Gigaspora rosea | 194757_703A	Gigaspora rosea	main		assigned	VTX00039	99.615	VTX00039	1	VTX00039	VTX00039:99.61,VTX00041:98.61,VTX00255:98.27,VTX00052:98.27,VTX00260:97.69
PX215088.1	Gigaspora rosea | 194757_703A	Gigaspora rosea	main		assigned	VTX00039	99.424	VTX00039	1	VTX00039	VTX00039:99.42,VTX00041:98.42,VTX00255:98.27,VTX00052:98.08,VTX00260:97.70
PX215089.1	Gigaspora rosea | CU131_1018C	Gigaspora rosea	main		assigned	VTX00039	99.808	VTX00039	1	VTX00039	VTX00039:99.81,VTX00041:98.81,VTX00255:98.46,VTX00052:98.08,VTX00049:98.02
PX215090.1	Gigaspora rosea | BEG9_770A	Gigaspora rosea	main		assigned	VTX00039	99.808	VTX00039	1	VTX00039	VTX00039:99.81,VTX00041:98.81,VTX00255:98.46,VTX00052:98.34,VTX00254:98.08
PX215091.1	Gigaspora rosea | 194757_703A	Gigaspora rosea	main		assigned	VTX00039	99.808	VTX00039	1	VTX00039	VTX00039:99.81,VTX00041:98.81,VTX00255:98.46,VTX00052:98.34,VTX00254:98.08
PX215092.1	Gigaspora rosea | 4511_973A	Gigaspora rosea	main		assigned	VTX00039	99.808	VTX00039	1	VTX00039	VTX00039:99.81,VTX00041:98.81,VTX00255:98.46,VTX00052:98.34,VTX00254:98.08
PX215093.1	Gigaspora rosea | 194757_703A	Gigaspora rosea	main		assigned	VTX00039	99.808	VTX00039	1	VTX00039	VTX00039:99.81,VTX00041:98.81,VTX00255:98.46,VTX00052:98.34,VTX00254:98.08
PX215094.1	Gigaspora rosea | 4511_973A	Gigaspora rosea	main		assigned	VTX00039	99.808	VTX00039	1	VTX00039	VTX00039:99.81,VTX00041:98.81,VTX00255:98.46,VTX00052:98.34,VTX00254:98.08
PX215095.1	Gigaspora rosea | CW0011_4010A	Gigaspora rosea	main		assigned	VTX00039	99.808	VTX00039	1	VTX00039	VTX00039:99.81,VTX00041:98.81,VTX00255:98.46,VTX00052:98.34,VTX00254:98.08
PX215096.1	Gigaspora rosea | woodslee_203A	Gigaspora rosea	main		assigned	VTX00039	99.615	VTX00039	1	VTX00039	VTX00039:99.61,VTX00041:98.81,VTX00260:98.27,VTX00255:98.08,VTX00052:98.08
PX215097.1	Gigaspora rosea | woodslee_203A	Gigaspora rosea	main		assigned	VTX00039	99.808	VTX00039	1	VTX00039	VTX00039:99.81,VTX00041:99.01,VTX00255:98.27,VTX00052:98.27,VTX00260:98.08
PX215098.1	Gigaspora rosea | woodslee_203A	Gigaspora rosea	main		assigned	VTX00039	99.423	VTX00039	1	VTX00039	VTX00039:99.42,VTX00255:98.65,VTX00041:98.61,VTX00052:98.08,VTX00049:98.08
PX215099.1	Gigaspora rosea | woodslee_203A	Gigaspora rosea	main		assigned	VTX00039	99.808	VTX00039	1	VTX00039	VTX00039:99.81,VTX00041:99.01,VTX00255:98.46,VTX00052:98.27,VTX00260:98.08
PX215100.1	Gigaspora rosea | woodslee_203A	Gigaspora rosea	main		assigned	VTX00039	100.0	VTX00039	1	VTX00039	VTX00039:100.00,VTX00041:99.21,VTX00255:98.46,VTX00052:98.46,VTX00260:98.27
PX215101.1	Gigaspora rosea | 4752_496A	Gigaspora rosea	main		assigned	VTX00039	99.615	VTX00039	1	VTX00039	VTX00039:99.61,VTX00041:98.81,VTX00260:98.27,VTX00255:98.08,VTX00052:98.08
PX215102.1	Gigaspora rosea | 4752_496A	Gigaspora rosea	main		assigned	VTX00039	100.0	VTX00039	1	VTX00039	VTX00039:100.00,VTX00041:99.21,VTX00255:98.46,VTX00052:98.46,VTX00260:98.27
PX215103.1	Gigaspora rosea | CU131_1018C	Gigaspora rosea	main		assigned	VTX00039	100.0	VTX00039	1	VTX00039	VTX00039:100.00,VTX00041:99.01,VTX00255:98.65,VTX00052:98.27,VTX00260:98.08
PX215104.1	Gigaspora rosea | 4752_496A	Gigaspora rosea	main		assigned	VTX00039	99.808	VTX00039	1	VTX00039	VTX00039:99.81,VTX00041:99.01,VTX00255:98.27,VTX00052:98.27,VTX00260:98.08
PX215105.1	Gigaspora rosea | 4752_496A	Gigaspora rosea	main		assigned	VTX00039	99.615	VTX00039	1	VTX00039	VTX00039:99.80,VTX00041:99.01,VTX00052:98.14,VTX00255:98.08,VTX00260:97.89
PX215106.1	Gigaspora rosea | BEG9_770A	Gigaspora rosea	main		assigned	VTX00039	100.0	VTX00039	1	VTX00039	VTX00039:100.00,VTX00041:99.01,VTX00255:98.65,VTX00052:98.27,VTX00260:98.08
PX215107.1	Gigaspora rosea | 4511_973A	Gigaspora rosea	main		assigned	VTX00039	100.0	VTX00039	1	VTX00039	VTX00039:100.00,VTX00041:99.01,VTX00255:98.65,VTX00052:98.27,VTX00260:98.08
PX215108.1	Gigaspora rosea | woodslee_203A	Gigaspora rosea	main		assigned	VTX00039	99.808	VTX00039	1	VTX00039	VTX00039:99.81,VTX00041:99.01,VTX00255:98.65,VTX00052:98.27,VTX00049:98.27
PX215109.1	Gigaspora rosea | BEG9_770A	Gigaspora rosea	main		assigned	VTX00039	99.423	VTX00039	1	VTX00039	VTX00039:99.42,VTX00041:98.41,VTX00255:98.08,VTX00052:97.69,VTX00260:97.50
PX215110.1	Gigaspora rosea | 194757_703A	Gigaspora rosea	main		assigned	VTX00039	99.423	VTX00039	1	VTX00039	VTX00039:99.42,VTX00041:98.41,VTX00255:98.08,VTX00052:97.69,VTX00260:97.50
PX215111.1	Gigaspora rosea | 194757_703A	Gigaspora rosea	main		assigned	VTX00039	99.423	VTX00039	1	VTX00039	VTX00039:99.42,VTX00041:98.41,VTX00255:98.08,VTX00052:97.69,VTX00260:97.50
PX215112.1	Gigaspora rosea | 4511_973A	Gigaspora rosea	main		assigned	VTX00039	99.423	VTX00039	1	VTX00039	VTX00039:99.42,VTX00041:98.41,VTX00255:98.08,VTX00052:97.69,VTX00260:97.50
PX215113.1	Gigaspora rosea | CW0011_4010A	Gigaspora rosea	main		assigned	VTX00039	99.615	VTX00039	1	VTX00039	VTX00039:99.61,VTX00041:98.61,VTX00255:98.27,VTX00052:97.89,VTX00260:97.69
PX215114.1	Gigaspora rosea | CW0011_4010A	Gigaspora rosea	main		assigned	VTX00039	99.808	VTX00039	1	VTX00039	VTX00039:99.81,VTX00041:98.81,VTX00255:98.46,VTX00052:98.34,VTX00254:98.08
PX215115.1	Gigaspora rosea | 4752_496A	Gigaspora rosea	main		assigned	VTX00039	99.615	VTX00039	1	VTX00039	VTX00039:99.61,VTX00255:98.65,VTX00041:98.61,VTX00052:97.89,VTX00049:97.89
PX215116.1	Gigaspora rosea | 4752_496A	Gigaspora rosea	main		assigned	VTX00039	99.615	VTX00039	1	VTX00039	VTX00039:99.61,VTX00255:98.65,VTX00041:98.61,VTX00052:97.89,VTX00049:97.89
PX215118.1	Ambispora callosa | JA116_2012B	Ambispora callosa	main		assigned	VTX00242	100.0	VTX00242	1	VTX00242	VTX00242:100.00,VTX00283:97.50,VTX00241:94.23,VTX00405:93.49,VTX00004:92.92
PX215119.1	Ambispora callosa | MAFF520084_2504A	Ambispora callosa	main		assigned	VTX00242	100.0	VTX00242	1	VTX00242	VTX00242:100.00,VTX00283:97.50,VTX00241:94.23,VTX00405:93.49,VTX00004:92.92
PX215120.1	Ambispora callosa | MAFF520084_2504A	Ambispora callosa	main		assigned	VTX00242	100.0	VTX00242	1	VTX00242	VTX00242:100.00,VTX00283:97.50,VTX00241:94.23,VTX00405:93.49,VTX00004:92.92
PX215121.1	Ambispora callosa | MAFF520084_2504A	Ambispora callosa	main		assigned	VTX00242	100.0	VTX00242	1	VTX00242	VTX00242:100.00,VTX00283:97.50,VTX00241:94.23,VTX00405:93.49,VTX00004:92.92
PX215122.1	Ambispora callosa | JA116_2012B	Ambispora callosa	main		assigned	VTX00242	100.0	VTX00242	1	VTX00242	VTX00242:100.00,VTX00283:97.50,VTX00241:94.23,VTX00405:93.49,VTX00004:92.92
PX215123.1	Ambispora callosa | MAFF520084_2504A	Ambispora callosa	main		assigned	VTX00242	100.0	VTX00242	1	VTX00242	VTX00242:100.00,VTX00283:97.50,VTX00241:94.23,VTX00405:93.49,VTX00004:92.92
PX215124.1	Ambispora callosa | MAFF520057_2499A	Ambispora callosa	main		assigned	VTX00242	100.0	VTX00242	1	VTX00242	VTX00242:100.00,VTX00283:97.50,VTX00241:94.23,VTX00405:93.49,VTX00004:92.92
PX215125.1	Ambispora callosa | MAFF520084_2504A	Ambispora callosa	main		assigned	VTX00242	100.0	VTX00242	1	VTX00242	VTX00242:100.00,VTX00283:97.50,VTX00241:94.23,VTX00405:93.49,VTX00004:92.92
PX215126.1	Ambispora callosa | JA116_2012B	Ambispora callosa	main		assigned	VTX00242	100.0	VTX00242	1	VTX00242	VTX00242:100.00,VTX00283:97.50,VTX00241:94.23,VTX00405:93.49,VTX00004:92.92
PX215127.1	Ambispora callosa | MAFF520084_2504A	Ambispora callosa	main		assigned	VTX00242	99.616	VTX00242	1	VTX00242	VTX00242:99.62,VTX00283:97.12,VTX00241:93.86,VTX00405:93.49,VTX00004:92.92
PX215128.1	Ambispora callosa | MAFF520084_2504A	Ambispora callosa	main		assigned	VTX00242	99.616	VTX00242	1	VTX00242	VTX00242:99.62,VTX00283:97.12,VTX00241:94.05,VTX00405:93.49,VTX00004:93.12
PX215129.1	Ambispora callosa | MAFF520084_2504A	Ambispora callosa	main		assigned	VTX00242	100.0	VTX00242	1	VTX00242	VTX00242:100.00,VTX00283:97.50,VTX00241:94.23,VTX00405:93.49,VTX00004:92.92
PX215130.1	Ambispora callosa | JA116_2012B	Ambispora callosa	main		assigned	VTX00242	100.0	VTX00242	1	VTX00242	VTX00242:100.00,VTX00283:97.50,VTX00241:94.23,VTX00405:93.49,VTX00004:92.92
PX215131.1	Ambispora callosa | MAFF520084_2504A	Ambispora callosa	main		assigned	VTX00242	100.0	VTX00242	1	VTX00242	VTX00242:100.00,VTX00283:97.50,VTX00241:94.23,VTX00405:93.49,VTX00004:92.92
PX215132.1	Ambispora callosa | JA116_2012B	Ambispora callosa	main		assigned	VTX00242	99.615	VTX00242	1	VTX00242	VTX00242:99.61,VTX00283:97.11,VTX00241:93.85,VTX00405:93.67,VTX00004:92.91
PX215133.1	Ambispora callosa | MAFF520057_2499A	Ambispora callosa	main		assigned	VTX00242	99.423	VTX00242	1	VTX00242	VTX00242:99.42,VTX00283:96.92,VTX00241:93.85,VTX00405:93.09,VTX00004:92.72
PX215134.1	Ambispora callosa | MAFF520057_2499A	Ambispora callosa	main		assigned	VTX00242	99.615	VTX00242	1	VTX00242	VTX00242:99.61,VTX00283:97.11,VTX00241:93.85,VTX00405:93.67,VTX00004:92.91
PX215135.1	Ambispora callosa | MAFF520057_2499A	Ambispora callosa	main		assigned	VTX00242	100.0	VTX00242	1	VTX00242	VTX00242:100.00,VTX00283:97.50,VTX00241:94.23,VTX00405:93.49,VTX00004:92.92
PX215136.1	Ambispora callosa | JA116_2012B	Ambispora callosa	main		assigned	VTX00242	99.808	VTX00242	1	VTX00242	VTX00242:99.81,VTX00283:96.92,VTX00241:93.65,VTX00405:93.09,VTX00004:92.72
PX215137.1	Ambispora callosa | JA116_2012B	Ambispora callosa	main		assigned	VTX00242	99.423	VTX00242	1	VTX00242	VTX00242:99.42,VTX00283:96.54,VTX00241:93.27,VTX00405:92.71,VTX00004:92.34
PX215138.1	Ambispora leptoticha | MAFF520090_2501A	Ambispora leptoticha	main		assigned	VTX00242	99.808	VTX00242	1	VTX00242	VTX00242:99.81,VTX00283:97.11,VTX00241:94.23,VTX00405:94.05,VTX00004:93.49
PX215139.1	Ambispora leptoticha | ON205A	Ambispora leptoticha	main		assigned	VTX00242	99.808	VTX00242	1	VTX00242	VTX00242:99.81,VTX00283:97.11,VTX00241:94.23,VTX00405:94.05,VTX00004:93.49
PX215140.1	Ambispora leptoticha | ON205A	Ambispora leptoticha	main		assigned	VTX00242	99.808	VTX00242	1	VTX00242	VTX00242:99.81,VTX00283:97.11,VTX00241:94.23,VTX00405:94.05,VTX00004:93.49
PX215141.1	Ambispora leptoticha | ON205A	Ambispora leptoticha	main		assigned	VTX00242	99.808	VTX00242	1	VTX00242	VTX00242:99.81,VTX00283:97.11,VTX00241:94.23,VTX00405:94.05,VTX00004:93.49
PX215142.1	Paraglomus brasilianum | W960_3_902A	Paraglomus brasilianum	main		assigned	VTX00239	100.0	VTX00239	1	VTX00239	VTX00239:100.00,VTX00281:98.66,VTX00238:98.27,VTX00375:97.69,VTX00350:97.50
PX215143.1	Paraglomus brasilianum | W960_3_902C	Paraglomus brasilianum	main		assigned	VTX00239	100.0	VTX00239	1	VTX00239	VTX00239:100.00,VTX00281:98.66,VTX00238:98.27,VTX00375:97.69,VTX00350:97.50
PX215144.1	Paraglomus brasilianum | W260_5_933C	Paraglomus brasilianum	main		assigned	VTX00239	100.0	VTX00239	1	VTX00239	VTX00239:100.00,VTX00281:98.66,VTX00238:98.27,VTX00375:97.69,VTX00350:97.50
PX215145.1	Paraglomus brasilianum | BR105_2435A	Paraglomus brasilianum	main		assigned	VTX00239	100.0	VTX00239	1	VTX00239	VTX00239:100.00,VTX00281:98.66,VTX00238:98.27,VTX00375:97.69,VTX00350:97.50
PX215146.1	Paraglomus brasilianum | W260_5_933C	Paraglomus brasilianum	main		assigned	VTX00239	100.0	VTX00239	1	VTX00239	VTX00239:100.00,VTX00281:98.66,VTX00238:98.27,VTX00375:97.69,VTX00350:97.50
PX215147.1	Paraglomus brasilianum | BR105_2435A	Paraglomus brasilianum	main		assigned	VTX00239	100.0	VTX00239	1	VTX00239	VTX00239:100.00,VTX00281:98.66,VTX00238:98.27,VTX00375:97.69,VTX00350:97.50
PX215148.1	Paraglomus brasilianum | W260_5_933C	Paraglomus brasilianum	main		assigned	VTX00239	100.0	VTX00239	1	VTX00239	VTX00239:100.00,VTX00281:98.66,VTX00238:98.27,VTX00375:97.69,VTX00350:97.50
PX215149.1	Paraglomus brasilianum | 5274_2288B	Paraglomus brasilianum	main		assigned	VTX00239	100.0	VTX00239	1	VTX00239	VTX00239:100.00,VTX00281:98.66,VTX00238:98.27,VTX00375:97.69,VTX00350:97.50
PX215150.1	Paraglomus sp. | 5088_2360A	Paraglomus sp.	main		assigned	VTX00239	99.231	VTX00239	1	VTX00239	VTX00239:99.23,VTX00281:98.42,VTX00238:97.89,VTX00375:97.50,VTX00350:97.31
PX215151.1	Paraglomus sp. | 4423_1159D	Paraglomus sp.	main		assigned	VTX00239	99.231	VTX00239	1	VTX00239	VTX00239:99.23,VTX00281:98.42,VTX00238:97.89,VTX00375:97.50,VTX00350:97.31
PX215152.1	Paraglomus sp. | 4423_1159D	Paraglomus sp.	main		assigned	VTX00239	99.231	VTX00239	1	VTX00239	VTX00239:99.23,VTX00281:98.42,VTX00238:97.89,VTX00375:97.50,VTX00350:97.31
PX215153.1	Paraglomus sp. | 5088_2360A	Paraglomus sp.	main		assigned	VTX00239	99.423	VTX00239	1	VTX00239	VTX00239:99.42,VTX00281:98.46,VTX00238:98.08,VTX00350:97.50,VTX00375:97.50
PX215154.1	Paraglomus sp. | 4423_1159D	Paraglomus sp.	main		assigned	VTX00239	99.423	VTX00239	1	VTX00239	VTX00239:99.42,VTX00281:98.46,VTX00238:98.08,VTX00350:97.50,VTX00375:97.50
PX215155.1	Paraglomus sp. | 4423_1159D	Paraglomus sp.	main		assigned	VTX00239	99.231	VTX00239	1	VTX00239	VTX00239:99.23,VTX00281:98.42,VTX00238:97.89,VTX00375:97.50,VTX00350:97.31
PX215156.1	Paraglomus sp. | 4423_1159D	Paraglomus sp.	main		assigned	VTX00239	99.231	VTX00239	1	VTX00239	VTX00239:99.23,VTX00281:98.42,VTX00238:97.89,VTX00375:97.50,VTX00350:97.31
PX215157.1	Paraglomus sp. | 5088_2360A	Paraglomus sp.	main		assigned	VTX00239	99.423	VTX00239	1	VTX00239	VTX00239:99.42,VTX00281:98.46,VTX00238:98.08,VTX00350:97.50,VTX00375:97.50
PX215158.1	Paraglomus sp. | 4423_1159D	Paraglomus sp.	main		assigned	VTX00239	99.423	VTX00239	1	VTX00239	VTX00239:99.42,VTX00281:98.46,VTX00238:98.08,VTX00350:97.50,VTX00375:97.50
PX215159.1	Paraglomus sp. | 4423_1159D	Paraglomus sp.	main		assigned	VTX00239	99.423	VTX00239	1	VTX00239	VTX00239:99.42,VTX00281:98.46,VTX00238:98.08,VTX00350:97.50,VTX00375:97.50
PX215160.1	Paraglomus sp. | 4423_1159D	Paraglomus sp.	main		assigned	VTX00239	99.231	VTX00239	1	VTX00239	VTX00239:99.23,VTX00281:98.42,VTX00238:97.89,VTX00375:97.50,VTX00350:97.31
PX215161.1	Paraglomus sp. | 4423_1159D	Paraglomus sp.	main		assigned	VTX00239	99.231	VTX00239	1	VTX00239	VTX00239:99.23,VTX00281:98.42,VTX00238:97.89,VTX00375:97.50,VTX00350:97.31
PX215162.1	Paraglomus sp. | BR105_2435A	Paraglomus sp.	main		assigned	VTX00281	99.808	VTX00281	1	VTX00281	VTX00281:100.00,VTX00239:98.65,VTX00375:98.27,VTX00238:98.08,VTX00435:96.96
PX215163.1	Paraglomus sp. | BR105_2435A	Paraglomus sp.	main		assigned	VTX00281	99.808	VTX00281	1	VTX00281	VTX00281:100.00,VTX00239:98.65,VTX00375:98.27,VTX00238:98.08,VTX00435:96.96
PX215164.1	Paraglomus sp. | BR105_2435A	Paraglomus sp.	main		assigned	VTX00281	99.808	VTX00281	1	VTX00281	VTX00281:100.00,VTX00239:98.65,VTX00375:98.27,VTX00238:98.08,VTX00435:96.96
